ISO-10303-21;
HEADER;
/* Generated by software containing ST-Developer
 * from STEP Tools, Inc. (www.steptools.com) 
 */

FILE_DESCRIPTION(
/* description */ (''),
/* implementation_level */ '2;1');

FILE_NAME(
/* name */ 'IDC-Header_2x03_P1.27mm_Vertical.step',
/* time_stamp */ '2026-09-18T00:58:57+01:00',
/* author */ (''),
/* organization */ (''),
/* preprocessor_version */ 'ST-DEVELOPER v20.2',
/* originating_system */ 'Autodesk Translation Framework v15.15.0.0',
/* authorisation */ '');

FILE_SCHEMA (('AUTOMOTIVE_DESIGN { 1 0 10303 214 3 1 1 }'));
ENDSEC;

DATA;
#10=MECHANICAL_DESIGN_GEOMETRIC_PRESENTATION_REPRESENTATION('',(#1524,#1525,
#1526,#1527,#1528,#1529,#1530,#1531,#1532,#1533,#1534,#1535,#1536,#1537,
#1538,#1539,#1540,#1541,#1542,#1543,#1544,#1545,#1546,#1547,#1548,#1549,
#1550),#2587);
#11=ITEM_DEFINED_TRANSFORMATION($,$,#1651,#1738);
#12=(
REPRESENTATION_RELATIONSHIP($,$,#2598,#2597)
REPRESENTATION_RELATIONSHIP_WITH_TRANSFORMATION(#11)
SHAPE_REPRESENTATION_RELATIONSHIP()
);
#13=CONTEXT_DEPENDENT_SHAPE_REPRESENTATION(#12,#2596);
#14=NEXT_ASSEMBLY_USAGE_OCCURRENCE('IDC-Header_2x03_P1.27mm_Vertical:1',
'IDC-Header_2x03_P1.27mm_Vertical:1',
'IDC-Header_2x03_P1.27mm_Vertical:1',#2600,#2601,
'IDC-Header_2x03_P1.27mm_Vertical:1');
#15=SHAPE_REPRESENTATION_RELATIONSHIP('SRR','None',#2598,#16);
#16=ADVANCED_BREP_SHAPE_REPRESENTATION('',(#17),#2586);
#17=MANIFOLD_SOLID_BREP('Body1',#1637);
#18=FACE_BOUND('',#120,.T.);
#19=FACE_BOUND('',#121,.T.);
#20=FACE_BOUND('',#126,.T.);
#21=FACE_BOUND('',#127,.T.);
#22=FACE_BOUND('',#132,.T.);
#23=FACE_BOUND('',#133,.T.);
#24=FACE_BOUND('',#144,.T.);
#25=FACE_BOUND('',#145,.T.);
#26=FACE_BOUND('',#146,.T.);
#27=FACE_BOUND('',#147,.T.);
#28=FACE_BOUND('',#148,.T.);
#29=FACE_BOUND('',#149,.T.);
#30=FACE_OUTER_BOUND('',#116,.T.);
#31=FACE_OUTER_BOUND('',#117,.T.);
#32=FACE_OUTER_BOUND('',#118,.T.);
#33=FACE_OUTER_BOUND('',#119,.T.);
#34=FACE_OUTER_BOUND('',#122,.T.);
#35=FACE_OUTER_BOUND('',#123,.T.);
#36=FACE_OUTER_BOUND('',#124,.T.);
#37=FACE_OUTER_BOUND('',#125,.T.);
#38=FACE_OUTER_BOUND('',#128,.T.);
#39=FACE_OUTER_BOUND('',#129,.T.);
#40=FACE_OUTER_BOUND('',#130,.T.);
#41=FACE_OUTER_BOUND('',#131,.T.);
#42=FACE_OUTER_BOUND('',#134,.T.);
#43=FACE_OUTER_BOUND('',#135,.T.);
#44=FACE_OUTER_BOUND('',#136,.T.);
#45=FACE_OUTER_BOUND('',#137,.T.);
#46=FACE_OUTER_BOUND('',#138,.T.);
#47=FACE_OUTER_BOUND('',#139,.T.);
#48=FACE_OUTER_BOUND('',#140,.T.);
#49=FACE_OUTER_BOUND('',#141,.T.);
#50=FACE_OUTER_BOUND('',#142,.T.);
#51=FACE_OUTER_BOUND('',#143,.T.);
#52=FACE_OUTER_BOUND('',#150,.T.);
#53=FACE_OUTER_BOUND('',#151,.T.);
#54=FACE_OUTER_BOUND('',#152,.T.);
#55=FACE_OUTER_BOUND('',#153,.T.);
#56=FACE_OUTER_BOUND('',#154,.T.);
#57=FACE_OUTER_BOUND('',#155,.T.);
#58=FACE_OUTER_BOUND('',#156,.T.);
#59=FACE_OUTER_BOUND('',#157,.T.);
#60=FACE_OUTER_BOUND('',#158,.T.);
#61=FACE_OUTER_BOUND('',#159,.T.);
#62=FACE_OUTER_BOUND('',#160,.T.);
#63=FACE_OUTER_BOUND('',#161,.T.);
#64=FACE_OUTER_BOUND('',#162,.T.);
#65=FACE_OUTER_BOUND('',#163,.T.);
#66=FACE_OUTER_BOUND('',#164,.T.);
#67=FACE_OUTER_BOUND('',#165,.T.);
#68=FACE_OUTER_BOUND('',#166,.T.);
#69=FACE_OUTER_BOUND('',#167,.T.);
#70=FACE_OUTER_BOUND('',#168,.T.);
#71=FACE_OUTER_BOUND('',#169,.T.);
#72=FACE_OUTER_BOUND('',#170,.T.);
#73=FACE_OUTER_BOUND('',#171,.T.);
#74=FACE_OUTER_BOUND('',#172,.T.);
#75=FACE_OUTER_BOUND('',#173,.T.);
#76=FACE_OUTER_BOUND('',#174,.T.);
#77=FACE_OUTER_BOUND('',#175,.T.);
#78=FACE_OUTER_BOUND('',#176,.T.);
#79=FACE_OUTER_BOUND('',#177,.T.);
#80=FACE_OUTER_BOUND('',#178,.T.);
#81=FACE_OUTER_BOUND('',#179,.T.);
#82=FACE_OUTER_BOUND('',#180,.T.);
#83=FACE_OUTER_BOUND('',#181,.T.);
#84=FACE_OUTER_BOUND('',#182,.T.);
#85=FACE_OUTER_BOUND('',#183,.T.);
#86=FACE_OUTER_BOUND('',#184,.T.);
#87=FACE_OUTER_BOUND('',#185,.T.);
#88=FACE_OUTER_BOUND('',#186,.T.);
#89=FACE_OUTER_BOUND('',#187,.T.);
#90=FACE_OUTER_BOUND('',#188,.T.);
#91=FACE_OUTER_BOUND('',#189,.T.);
#92=FACE_OUTER_BOUND('',#190,.T.);
#93=FACE_OUTER_BOUND('',#191,.T.);
#94=FACE_OUTER_BOUND('',#192,.T.);
#95=FACE_OUTER_BOUND('',#193,.T.);
#96=FACE_OUTER_BOUND('',#194,.T.);
#97=FACE_OUTER_BOUND('',#195,.T.);
#98=FACE_OUTER_BOUND('',#196,.T.);
#99=FACE_OUTER_BOUND('',#197,.T.);
#100=FACE_OUTER_BOUND('',#198,.T.);
#101=FACE_OUTER_BOUND('',#199,.T.);
#102=FACE_OUTER_BOUND('',#200,.T.);
#103=FACE_OUTER_BOUND('',#201,.T.);
#104=FACE_OUTER_BOUND('',#202,.T.);
#105=FACE_OUTER_BOUND('',#203,.T.);
#106=FACE_OUTER_BOUND('',#204,.T.);
#107=FACE_OUTER_BOUND('',#205,.T.);
#108=FACE_OUTER_BOUND('',#206,.T.);
#109=FACE_OUTER_BOUND('',#207,.T.);
#110=FACE_OUTER_BOUND('',#208,.T.);
#111=FACE_OUTER_BOUND('',#209,.T.);
#112=FACE_OUTER_BOUND('',#210,.T.);
#113=FACE_OUTER_BOUND('',#211,.T.);
#114=FACE_OUTER_BOUND('',#212,.T.);
#115=FACE_OUTER_BOUND('',#213,.T.);
#116=EDGE_LOOP('',(#1006,#1007,#1008,#1009));
#117=EDGE_LOOP('',(#1010,#1011,#1012,#1013,#1014,#1015,#1016,#1017,#1018,
#1019,#1020,#1021,#1022,#1023,#1024,#1025,#1026,#1027,#1028,#1029));
#118=EDGE_LOOP('',(#1030,#1031,#1032,#1033));
#119=EDGE_LOOP('',(#1034,#1035,#1036,#1037));
#120=EDGE_LOOP('',(#1038,#1039,#1040,#1041));
#121=EDGE_LOOP('',(#1042,#1043,#1044,#1045));
#122=EDGE_LOOP('',(#1046,#1047,#1048,#1049));
#123=EDGE_LOOP('',(#1050,#1051,#1052,#1053));
#124=EDGE_LOOP('',(#1054,#1055,#1056,#1057));
#125=EDGE_LOOP('',(#1058,#1059,#1060,#1061));
#126=EDGE_LOOP('',(#1062,#1063,#1064,#1065));
#127=EDGE_LOOP('',(#1066,#1067,#1068,#1069));
#128=EDGE_LOOP('',(#1070,#1071,#1072,#1073));
#129=EDGE_LOOP('',(#1074,#1075,#1076,#1077));
#130=EDGE_LOOP('',(#1078,#1079,#1080,#1081));
#131=EDGE_LOOP('',(#1082,#1083,#1084,#1085));
#132=EDGE_LOOP('',(#1086,#1087,#1088,#1089));
#133=EDGE_LOOP('',(#1090,#1091,#1092,#1093));
#134=EDGE_LOOP('',(#1094,#1095,#1096,#1097));
#135=EDGE_LOOP('',(#1098,#1099,#1100,#1101));
#136=EDGE_LOOP('',(#1102,#1103,#1104,#1105));
#137=EDGE_LOOP('',(#1106,#1107,#1108,#1109,#1110,#1111,#1112,#1113,#1114,
#1115,#1116,#1117));
#138=EDGE_LOOP('',(#1118,#1119,#1120,#1121));
#139=EDGE_LOOP('',(#1122,#1123,#1124,#1125));
#140=EDGE_LOOP('',(#1126,#1127,#1128,#1129));
#141=EDGE_LOOP('',(#1130,#1131,#1132,#1133));
#142=EDGE_LOOP('',(#1134,#1135,#1136,#1137));
#143=EDGE_LOOP('',(#1138,#1139,#1140,#1141,#1142,#1143,#1144,#1145));
#144=EDGE_LOOP('',(#1146,#1147,#1148,#1149));
#145=EDGE_LOOP('',(#1150,#1151,#1152,#1153));
#146=EDGE_LOOP('',(#1154,#1155,#1156,#1157));
#147=EDGE_LOOP('',(#1158,#1159,#1160,#1161));
#148=EDGE_LOOP('',(#1162,#1163,#1164,#1165));
#149=EDGE_LOOP('',(#1166,#1167,#1168,#1169));
#150=EDGE_LOOP('',(#1170,#1171,#1172,#1173));
#151=EDGE_LOOP('',(#1174,#1175,#1176,#1177));
#152=EDGE_LOOP('',(#1178,#1179,#1180,#1181));
#153=EDGE_LOOP('',(#1182,#1183,#1184,#1185));
#154=EDGE_LOOP('',(#1186,#1187,#1188,#1189));
#155=EDGE_LOOP('',(#1190,#1191,#1192,#1193));
#156=EDGE_LOOP('',(#1194,#1195,#1196,#1197));
#157=EDGE_LOOP('',(#1198,#1199,#1200,#1201));
#158=EDGE_LOOP('',(#1202,#1203,#1204,#1205));
#159=EDGE_LOOP('',(#1206,#1207,#1208,#1209));
#160=EDGE_LOOP('',(#1210,#1211,#1212,#1213));
#161=EDGE_LOOP('',(#1214,#1215,#1216,#1217));
#162=EDGE_LOOP('',(#1218,#1219,#1220,#1221));
#163=EDGE_LOOP('',(#1222,#1223,#1224,#1225));
#164=EDGE_LOOP('',(#1226,#1227,#1228,#1229));
#165=EDGE_LOOP('',(#1230,#1231,#1232,#1233));
#166=EDGE_LOOP('',(#1234,#1235,#1236,#1237));
#167=EDGE_LOOP('',(#1238,#1239,#1240,#1241));
#168=EDGE_LOOP('',(#1242,#1243,#1244,#1245));
#169=EDGE_LOOP('',(#1246,#1247,#1248,#1249));
#170=EDGE_LOOP('',(#1250,#1251,#1252,#1253));
#171=EDGE_LOOP('',(#1254,#1255,#1256,#1257));
#172=EDGE_LOOP('',(#1258,#1259,#1260,#1261));
#173=EDGE_LOOP('',(#1262,#1263,#1264,#1265));
#174=EDGE_LOOP('',(#1266,#1267,#1268,#1269));
#175=EDGE_LOOP('',(#1270,#1271,#1272,#1273));
#176=EDGE_LOOP('',(#1274,#1275,#1276,#1277));
#177=EDGE_LOOP('',(#1278,#1279,#1280,#1281));
#178=EDGE_LOOP('',(#1282,#1283,#1284,#1285));
#179=EDGE_LOOP('',(#1286,#1287,#1288,#1289));
#180=EDGE_LOOP('',(#1290,#1291,#1292,#1293));
#181=EDGE_LOOP('',(#1294,#1295,#1296,#1297));
#182=EDGE_LOOP('',(#1298,#1299,#1300,#1301,#1302,#1303,#1304,#1305,#1306,
#1307,#1308,#1309,#1310,#1311,#1312,#1313));
#183=EDGE_LOOP('',(#1314,#1315,#1316,#1317));
#184=EDGE_LOOP('',(#1318,#1319,#1320,#1321));
#185=EDGE_LOOP('',(#1322,#1323,#1324,#1325));
#186=EDGE_LOOP('',(#1326,#1327,#1328,#1329));
#187=EDGE_LOOP('',(#1330,#1331,#1332,#1333));
#188=EDGE_LOOP('',(#1334,#1335,#1336,#1337));
#189=EDGE_LOOP('',(#1338,#1339,#1340,#1341));
#190=EDGE_LOOP('',(#1342,#1343,#1344,#1345));
#191=EDGE_LOOP('',(#1346,#1347,#1348,#1349));
#192=EDGE_LOOP('',(#1350,#1351,#1352,#1353));
#193=EDGE_LOOP('',(#1354,#1355,#1356,#1357));
#194=EDGE_LOOP('',(#1358,#1359,#1360,#1361));
#195=EDGE_LOOP('',(#1362,#1363,#1364,#1365));
#196=EDGE_LOOP('',(#1366,#1367,#1368,#1369));
#197=EDGE_LOOP('',(#1370,#1371,#1372,#1373));
#198=EDGE_LOOP('',(#1374,#1375,#1376,#1377));
#199=EDGE_LOOP('',(#1378,#1379,#1380,#1381));
#200=EDGE_LOOP('',(#1382,#1383,#1384,#1385));
#201=EDGE_LOOP('',(#1386,#1387,#1388,#1389));
#202=EDGE_LOOP('',(#1390,#1391,#1392,#1393));
#203=EDGE_LOOP('',(#1394,#1395,#1396,#1397));
#204=EDGE_LOOP('',(#1398,#1399,#1400,#1401));
#205=EDGE_LOOP('',(#1402,#1403,#1404,#1405));
#206=EDGE_LOOP('',(#1406,#1407,#1408,#1409));
#207=EDGE_LOOP('',(#1410,#1411,#1412,#1413));
#208=EDGE_LOOP('',(#1414,#1415,#1416,#1417));
#209=EDGE_LOOP('',(#1418,#1419,#1420,#1421));
#210=EDGE_LOOP('',(#1422,#1423,#1424,#1425));
#211=EDGE_LOOP('',(#1426,#1427,#1428,#1429));
#212=EDGE_LOOP('',(#1430,#1431,#1432,#1433));
#213=EDGE_LOOP('',(#1434,#1435,#1436,#1437));
#214=LINE('',#2138,#430);
#215=LINE('',#2140,#431);
#216=LINE('',#2142,#432);
#217=LINE('',#2143,#433);
#218=LINE('',#2147,#434);
#219=LINE('',#2149,#435);
#220=LINE('',#2151,#436);
#221=LINE('',#2153,#437);
#222=LINE('',#2155,#438);
#223=LINE('',#2157,#439);
#224=LINE('',#2159,#440);
#225=LINE('',#2161,#441);
#226=LINE('',#2163,#442);
#227=LINE('',#2165,#443);
#228=LINE('',#2167,#444);
#229=LINE('',#2169,#445);
#230=LINE('',#2171,#446);
#231=LINE('',#2173,#447);
#232=LINE('',#2175,#448);
#233=LINE('',#2177,#449);
#234=LINE('',#2179,#450);
#235=LINE('',#2180,#451);
#236=LINE('',#2181,#452);
#237=LINE('',#2184,#453);
#238=LINE('',#2186,#454);
#239=LINE('',#2187,#455);
#240=LINE('',#2190,#456);
#241=LINE('',#2191,#457);
#242=LINE('',#2194,#458);
#243=LINE('',#2196,#459);
#244=LINE('',#2198,#460);
#245=LINE('',#2199,#461);
#246=LINE('',#2202,#462);
#247=LINE('',#2204,#463);
#248=LINE('',#2206,#464);
#249=LINE('',#2207,#465);
#250=LINE('',#2210,#466);
#251=LINE('',#2211,#467);
#252=LINE('',#2214,#468);
#253=LINE('',#2215,#469);
#254=LINE('',#2218,#470);
#255=LINE('',#2219,#471);
#256=LINE('',#2222,#472);
#257=LINE('',#2223,#473);
#258=LINE('',#2226,#474);
#259=LINE('',#2228,#475);
#260=LINE('',#2230,#476);
#261=LINE('',#2231,#477);
#262=LINE('',#2234,#478);
#263=LINE('',#2236,#479);
#264=LINE('',#2238,#480);
#265=LINE('',#2239,#481);
#266=LINE('',#2242,#482);
#267=LINE('',#2243,#483);
#268=LINE('',#2246,#484);
#269=LINE('',#2247,#485);
#270=LINE('',#2250,#486);
#271=LINE('',#2251,#487);
#272=LINE('',#2254,#488);
#273=LINE('',#2255,#489);
#274=LINE('',#2258,#490);
#275=LINE('',#2260,#491);
#276=LINE('',#2262,#492);
#277=LINE('',#2263,#493);
#278=LINE('',#2266,#494);
#279=LINE('',#2268,#495);
#280=LINE('',#2270,#496);
#281=LINE('',#2271,#497);
#282=LINE('',#2274,#498);
#283=LINE('',#2275,#499);
#284=LINE('',#2278,#500);
#285=LINE('',#2279,#501);
#286=LINE('',#2282,#502);
#287=LINE('',#2283,#503);
#288=LINE('',#2287,#504);
#289=LINE('',#2289,#505);
#290=LINE('',#2291,#506);
#291=LINE('',#2293,#507);
#292=LINE('',#2294,#508);
#293=LINE('',#2295,#509);
#294=LINE('',#2297,#510);
#295=LINE('',#2298,#511);
#296=LINE('',#2301,#512);
#297=LINE('',#2303,#513);
#298=LINE('',#2304,#514);
#299=LINE('',#2307,#515);
#300=LINE('',#2308,#516);
#301=LINE('',#2311,#517);
#302=LINE('',#2312,#518);
#303=LINE('',#2315,#519);
#304=LINE('',#2316,#520);
#305=LINE('',#2318,#521);
#306=LINE('',#2321,#522);
#307=LINE('',#2322,#523);
#308=LINE('',#2325,#524);
#309=LINE('',#2327,#525);
#310=LINE('',#2329,#526);
#311=LINE('',#2330,#527);
#312=LINE('',#2333,#528);
#313=LINE('',#2335,#529);
#314=LINE('',#2337,#530);
#315=LINE('',#2338,#531);
#316=LINE('',#2341,#532);
#317=LINE('',#2343,#533);
#318=LINE('',#2345,#534);
#319=LINE('',#2346,#535);
#320=LINE('',#2349,#536);
#321=LINE('',#2351,#537);
#322=LINE('',#2353,#538);
#323=LINE('',#2354,#539);
#324=LINE('',#2357,#540);
#325=LINE('',#2359,#541);
#326=LINE('',#2361,#542);
#327=LINE('',#2362,#543);
#328=LINE('',#2365,#544);
#329=LINE('',#2367,#545);
#330=LINE('',#2369,#546);
#331=LINE('',#2370,#547);
#332=LINE('',#2372,#548);
#333=LINE('',#2376,#549);
#334=LINE('',#2378,#550);
#335=LINE('',#2379,#551);
#336=LINE('',#2382,#552);
#337=LINE('',#2383,#553);
#338=LINE('',#2386,#554);
#339=LINE('',#2387,#555);
#340=LINE('',#2389,#556);
#341=LINE('',#2393,#557);
#342=LINE('',#2395,#558);
#343=LINE('',#2396,#559);
#344=LINE('',#2399,#560);
#345=LINE('',#2400,#561);
#346=LINE('',#2403,#562);
#347=LINE('',#2404,#563);
#348=LINE('',#2406,#564);
#349=LINE('',#2410,#565);
#350=LINE('',#2412,#566);
#351=LINE('',#2413,#567);
#352=LINE('',#2416,#568);
#353=LINE('',#2417,#569);
#354=LINE('',#2420,#570);
#355=LINE('',#2421,#571);
#356=LINE('',#2423,#572);
#357=LINE('',#2427,#573);
#358=LINE('',#2429,#574);
#359=LINE('',#2430,#575);
#360=LINE('',#2433,#576);
#361=LINE('',#2434,#577);
#362=LINE('',#2437,#578);
#363=LINE('',#2438,#579);
#364=LINE('',#2440,#580);
#365=LINE('',#2444,#581);
#366=LINE('',#2446,#582);
#367=LINE('',#2447,#583);
#368=LINE('',#2450,#584);
#369=LINE('',#2451,#585);
#370=LINE('',#2454,#586);
#371=LINE('',#2455,#587);
#372=LINE('',#2457,#588);
#373=LINE('',#2461,#589);
#374=LINE('',#2463,#590);
#375=LINE('',#2464,#591);
#376=LINE('',#2467,#592);
#377=LINE('',#2468,#593);
#378=LINE('',#2471,#594);
#379=LINE('',#2472,#595);
#380=LINE('',#2474,#596);
#381=LINE('',#2477,#597);
#382=LINE('',#2481,#598);
#383=LINE('',#2483,#599);
#384=LINE('',#2484,#600);
#385=LINE('',#2487,#601);
#386=LINE('',#2488,#602);
#387=LINE('',#2491,#603);
#388=LINE('',#2492,#604);
#389=LINE('',#2494,#605);
#390=LINE('',#2498,#606);
#391=LINE('',#2500,#607);
#392=LINE('',#2501,#608);
#393=LINE('',#2504,#609);
#394=LINE('',#2505,#610);
#395=LINE('',#2508,#611);
#396=LINE('',#2509,#612);
#397=LINE('',#2511,#613);
#398=LINE('',#2515,#614);
#399=LINE('',#2517,#615);
#400=LINE('',#2518,#616);
#401=LINE('',#2521,#617);
#402=LINE('',#2522,#618);
#403=LINE('',#2525,#619);
#404=LINE('',#2526,#620);
#405=LINE('',#2528,#621);
#406=LINE('',#2532,#622);
#407=LINE('',#2534,#623);
#408=LINE('',#2535,#624);
#409=LINE('',#2538,#625);
#410=LINE('',#2539,#626);
#411=LINE('',#2542,#627);
#412=LINE('',#2543,#628);
#413=LINE('',#2545,#629);
#414=LINE('',#2549,#630);
#415=LINE('',#2551,#631);
#416=LINE('',#2552,#632);
#417=LINE('',#2555,#633);
#418=LINE('',#2556,#634);
#419=LINE('',#2559,#635);
#420=LINE('',#2560,#636);
#421=LINE('',#2562,#637);
#422=LINE('',#2566,#638);
#423=LINE('',#2568,#639);
#424=LINE('',#2569,#640);
#425=LINE('',#2572,#641);
#426=LINE('',#2573,#642);
#427=LINE('',#2576,#643);
#428=LINE('',#2577,#644);
#429=LINE('',#2579,#645);
#430=VECTOR('',#1745,5.4);
#431=VECTOR('',#1746,5.1);
#432=VECTOR('',#1747,5.4);
#433=VECTOR('',#1748,5.1);
#434=VECTOR('',#1751,0.5);
#435=VECTOR('',#1752,0.9);
#436=VECTOR('',#1753,0.5);
#437=VECTOR('',#1754,0.37);
#438=VECTOR('',#1755,0.5);
#439=VECTOR('',#1756,0.9);
#440=VECTOR('',#1757,0.5);
#441=VECTOR('',#1758,0.37);
#442=VECTOR('',#1759,0.5);
#443=VECTOR('',#1760,0.9);
#444=VECTOR('',#1761,0.5);
#445=VECTOR('',#1762,3.335);
#446=VECTOR('',#1763,5.4);
#447=VECTOR('',#1764,3.855);
#448=VECTOR('',#1765,3.4);
#449=VECTOR('',#1766,2.4);
#450=VECTOR('',#1767,3.4);
#451=VECTOR('',#1768,3.855);
#452=VECTOR('',#1769,3.335);
#453=VECTOR('',#1772,5.1);
#454=VECTOR('',#1773,0.5);
#455=VECTOR('',#1774,5.1);
#456=VECTOR('',#1777,0.9);
#457=VECTOR('',#1778,5.1);
#458=VECTOR('',#1779,0.4);
#459=VECTOR('',#1780,0.4);
#460=VECTOR('',#1781,0.4);
#461=VECTOR('',#1782,0.4);
#462=VECTOR('',#1783,0.4);
#463=VECTOR('',#1784,0.4);
#464=VECTOR('',#1785,0.4);
#465=VECTOR('',#1786,0.4);
#466=VECTOR('',#1789,0.5);
#467=VECTOR('',#1790,5.1);
#468=VECTOR('',#1793,0.37);
#469=VECTOR('',#1794,5.1);
#470=VECTOR('',#1797,0.5);
#471=VECTOR('',#1798,5.1);
#472=VECTOR('',#1801,0.9);
#473=VECTOR('',#1802,5.1);
#474=VECTOR('',#1803,0.4);
#475=VECTOR('',#1804,0.4);
#476=VECTOR('',#1805,0.4);
#477=VECTOR('',#1806,0.4);
#478=VECTOR('',#1807,0.4);
#479=VECTOR('',#1808,0.4);
#480=VECTOR('',#1809,0.4);
#481=VECTOR('',#1810,0.4);
#482=VECTOR('',#1813,0.5);
#483=VECTOR('',#1814,5.1);
#484=VECTOR('',#1817,0.37);
#485=VECTOR('',#1818,5.1);
#486=VECTOR('',#1821,0.5);
#487=VECTOR('',#1822,5.1);
#488=VECTOR('',#1825,0.9);
#489=VECTOR('',#1826,5.1);
#490=VECTOR('',#1827,0.4);
#491=VECTOR('',#1828,0.4);
#492=VECTOR('',#1829,0.4);
#493=VECTOR('',#1830,0.4);
#494=VECTOR('',#1831,0.4);
#495=VECTOR('',#1832,0.4);
#496=VECTOR('',#1833,0.4);
#497=VECTOR('',#1834,0.4);
#498=VECTOR('',#1837,0.5);
#499=VECTOR('',#1838,5.1);
#500=VECTOR('',#1841,3.335);
#501=VECTOR('',#1842,5.1);
#502=VECTOR('',#1845,5.4);
#503=VECTOR('',#1846,5.1);
#504=VECTOR('',#1849,3.6);
#505=VECTOR('',#1850,8.61);
#506=VECTOR('',#1851,3.6);
#507=VECTOR('',#1852,3.105);
#508=VECTOR('',#1853,0.75);
#509=VECTOR('',#1854,10.11);
#510=VECTOR('',#1855,0.75);
#511=VECTOR('',#1856,3.105);
#512=VECTOR('',#1859,3.4);
#513=VECTOR('',#1860,3.6);
#514=VECTOR('',#1861,3.4);
#515=VECTOR('',#1864,8.61);
#516=VECTOR('',#1865,3.4);
#517=VECTOR('',#1868,3.6);
#518=VECTOR('',#1869,3.4);
#519=VECTOR('',#1872,3.105);
#520=VECTOR('',#1873,3.4);
#521=VECTOR('',#1876,0.75);
#522=VECTOR('',#1879,3.105);
#523=VECTOR('',#1880,0.75);
#524=VECTOR('',#1881,0.4);
#525=VECTOR('',#1882,0.4);
#526=VECTOR('',#1883,0.4);
#527=VECTOR('',#1884,0.4);
#528=VECTOR('',#1885,0.4);
#529=VECTOR('',#1886,0.4);
#530=VECTOR('',#1887,0.4);
#531=VECTOR('',#1888,0.4);
#532=VECTOR('',#1889,0.4);
#533=VECTOR('',#1890,0.4);
#534=VECTOR('',#1891,0.4);
#535=VECTOR('',#1892,0.4);
#536=VECTOR('',#1893,0.4);
#537=VECTOR('',#1894,0.4);
#538=VECTOR('',#1895,0.4);
#539=VECTOR('',#1896,0.4);
#540=VECTOR('',#1897,0.4);
#541=VECTOR('',#1898,0.4);
#542=VECTOR('',#1899,0.4);
#543=VECTOR('',#1900,0.4);
#544=VECTOR('',#1901,0.4);
#545=VECTOR('',#1902,0.4);
#546=VECTOR('',#1903,0.4);
#547=VECTOR('',#1904,0.4);
#548=VECTOR('',#1907,3.4);
#549=VECTOR('',#1912,2.4);
#550=VECTOR('',#1913,0.4);
#551=VECTOR('',#1914,2.4);
#552=VECTOR('',#1917,0.4);
#553=VECTOR('',#1918,2.4);
#554=VECTOR('',#1921,0.4);
#555=VECTOR('',#1922,2.4);
#556=VECTOR('',#1925,0.4);
#557=VECTOR('',#1930,2.4);
#558=VECTOR('',#1931,0.4);
#559=VECTOR('',#1932,2.4);
#560=VECTOR('',#1935,2.4);
#561=VECTOR('',#1936,0.4);
#562=VECTOR('',#1939,0.4);
#563=VECTOR('',#1940,2.4);
#564=VECTOR('',#1943,0.4);
#565=VECTOR('',#1948,2.4);
#566=VECTOR('',#1949,0.4);
#567=VECTOR('',#1950,2.4);
#568=VECTOR('',#1953,0.4);
#569=VECTOR('',#1954,2.4);
#570=VECTOR('',#1957,0.4);
#571=VECTOR('',#1958,2.4);
#572=VECTOR('',#1961,0.4);
#573=VECTOR('',#1966,2.4);
#574=VECTOR('',#1967,0.4);
#575=VECTOR('',#1968,2.4);
#576=VECTOR('',#1971,0.4);
#577=VECTOR('',#1972,2.4);
#578=VECTOR('',#1975,0.4);
#579=VECTOR('',#1976,2.4);
#580=VECTOR('',#1979,0.4);
#581=VECTOR('',#1984,2.4);
#582=VECTOR('',#1985,0.4);
#583=VECTOR('',#1986,2.4);
#584=VECTOR('',#1989,0.4);
#585=VECTOR('',#1990,2.4);
#586=VECTOR('',#1993,0.4);
#587=VECTOR('',#1994,2.4);
#588=VECTOR('',#1997,0.4);
#589=VECTOR('',#2002,2.4);
#590=VECTOR('',#2003,0.4);
#591=VECTOR('',#2004,2.4);
#592=VECTOR('',#2007,0.4);
#593=VECTOR('',#2008,2.4);
#594=VECTOR('',#2011,0.4);
#595=VECTOR('',#2012,2.4);
#596=VECTOR('',#2015,0.4);
#597=VECTOR('',#2020,3.335);
#598=VECTOR('',#2025,2.8);
#599=VECTOR('',#2026,0.4);
#600=VECTOR('',#2027,2.8);
#601=VECTOR('',#2030,0.4);
#602=VECTOR('',#2031,2.8);
#603=VECTOR('',#2034,0.4);
#604=VECTOR('',#2035,2.8);
#605=VECTOR('',#2038,0.4);
#606=VECTOR('',#2043,2.8);
#607=VECTOR('',#2044,0.4);
#608=VECTOR('',#2045,2.8);
#609=VECTOR('',#2048,0.4);
#610=VECTOR('',#2049,2.8);
#611=VECTOR('',#2052,0.4);
#612=VECTOR('',#2053,2.8);
#613=VECTOR('',#2056,0.4);
#614=VECTOR('',#2061,2.8);
#615=VECTOR('',#2062,0.4);
#616=VECTOR('',#2063,2.8);
#617=VECTOR('',#2066,0.4);
#618=VECTOR('',#2067,2.8);
#619=VECTOR('',#2070,0.4);
#620=VECTOR('',#2071,2.8);
#621=VECTOR('',#2074,0.4);
#622=VECTOR('',#2079,2.8);
#623=VECTOR('',#2080,0.4);
#624=VECTOR('',#2081,2.8);
#625=VECTOR('',#2084,0.4);
#626=VECTOR('',#2085,2.8);
#627=VECTOR('',#2088,0.4);
#628=VECTOR('',#2089,2.8);
#629=VECTOR('',#2092,0.4);
#630=VECTOR('',#2097,2.8);
#631=VECTOR('',#2098,0.4);
#632=VECTOR('',#2099,2.8);
#633=VECTOR('',#2102,0.4);
#634=VECTOR('',#2103,2.8);
#635=VECTOR('',#2106,0.4);
#636=VECTOR('',#2107,2.8);
#637=VECTOR('',#2110,0.4);
#638=VECTOR('',#2115,2.8);
#639=VECTOR('',#2116,0.4);
#640=VECTOR('',#2117,2.8);
#641=VECTOR('',#2120,0.4);
#642=VECTOR('',#2121,2.8);
#643=VECTOR('',#2124,0.4);
#644=VECTOR('',#2125,2.8);
#645=VECTOR('',#2128,0.4);
#646=VERTEX_POINT('',#2136);
#647=VERTEX_POINT('',#2137);
#648=VERTEX_POINT('',#2139);
#649=VERTEX_POINT('',#2141);
#650=VERTEX_POINT('',#2145);
#651=VERTEX_POINT('',#2146);
#652=VERTEX_POINT('',#2148);
#653=VERTEX_POINT('',#2150);
#654=VERTEX_POINT('',#2152);
#655=VERTEX_POINT('',#2154);
#656=VERTEX_POINT('',#2156);
#657=VERTEX_POINT('',#2158);
#658=VERTEX_POINT('',#2160);
#659=VERTEX_POINT('',#2162);
#660=VERTEX_POINT('',#2164);
#661=VERTEX_POINT('',#2166);
#662=VERTEX_POINT('',#2168);
#663=VERTEX_POINT('',#2170);
#664=VERTEX_POINT('',#2172);
#665=VERTEX_POINT('',#2174);
#666=VERTEX_POINT('',#2176);
#667=VERTEX_POINT('',#2178);
#668=VERTEX_POINT('',#2183);
#669=VERTEX_POINT('',#2185);
#670=VERTEX_POINT('',#2189);
#671=VERTEX_POINT('',#2192);
#672=VERTEX_POINT('',#2193);
#673=VERTEX_POINT('',#2195);
#674=VERTEX_POINT('',#2197);
#675=VERTEX_POINT('',#2200);
#676=VERTEX_POINT('',#2201);
#677=VERTEX_POINT('',#2203);
#678=VERTEX_POINT('',#2205);
#679=VERTEX_POINT('',#2209);
#680=VERTEX_POINT('',#2213);
#681=VERTEX_POINT('',#2217);
#682=VERTEX_POINT('',#2221);
#683=VERTEX_POINT('',#2224);
#684=VERTEX_POINT('',#2225);
#685=VERTEX_POINT('',#2227);
#686=VERTEX_POINT('',#2229);
#687=VERTEX_POINT('',#2232);
#688=VERTEX_POINT('',#2233);
#689=VERTEX_POINT('',#2235);
#690=VERTEX_POINT('',#2237);
#691=VERTEX_POINT('',#2241);
#692=VERTEX_POINT('',#2245);
#693=VERTEX_POINT('',#2249);
#694=VERTEX_POINT('',#2253);
#695=VERTEX_POINT('',#2256);
#696=VERTEX_POINT('',#2257);
#697=VERTEX_POINT('',#2259);
#698=VERTEX_POINT('',#2261);
#699=VERTEX_POINT('',#2264);
#700=VERTEX_POINT('',#2265);
#701=VERTEX_POINT('',#2267);
#702=VERTEX_POINT('',#2269);
#703=VERTEX_POINT('',#2273);
#704=VERTEX_POINT('',#2277);
#705=VERTEX_POINT('',#2281);
#706=VERTEX_POINT('',#2285);
#707=VERTEX_POINT('',#2286);
#708=VERTEX_POINT('',#2288);
#709=VERTEX_POINT('',#2290);
#710=VERTEX_POINT('',#2292);
#711=VERTEX_POINT('',#2296);
#712=VERTEX_POINT('',#2300);
#713=VERTEX_POINT('',#2302);
#714=VERTEX_POINT('',#2306);
#715=VERTEX_POINT('',#2310);
#716=VERTEX_POINT('',#2314);
#717=VERTEX_POINT('',#2320);
#718=VERTEX_POINT('',#2323);
#719=VERTEX_POINT('',#2324);
#720=VERTEX_POINT('',#2326);
#721=VERTEX_POINT('',#2328);
#722=VERTEX_POINT('',#2331);
#723=VERTEX_POINT('',#2332);
#724=VERTEX_POINT('',#2334);
#725=VERTEX_POINT('',#2336);
#726=VERTEX_POINT('',#2339);
#727=VERTEX_POINT('',#2340);
#728=VERTEX_POINT('',#2342);
#729=VERTEX_POINT('',#2344);
#730=VERTEX_POINT('',#2347);
#731=VERTEX_POINT('',#2348);
#732=VERTEX_POINT('',#2350);
#733=VERTEX_POINT('',#2352);
#734=VERTEX_POINT('',#2355);
#735=VERTEX_POINT('',#2356);
#736=VERTEX_POINT('',#2358);
#737=VERTEX_POINT('',#2360);
#738=VERTEX_POINT('',#2363);
#739=VERTEX_POINT('',#2364);
#740=VERTEX_POINT('',#2366);
#741=VERTEX_POINT('',#2368);
#742=VERTEX_POINT('',#2375);
#743=VERTEX_POINT('',#2377);
#744=VERTEX_POINT('',#2381);
#745=VERTEX_POINT('',#2385);
#746=VERTEX_POINT('',#2392);
#747=VERTEX_POINT('',#2394);
#748=VERTEX_POINT('',#2398);
#749=VERTEX_POINT('',#2402);
#750=VERTEX_POINT('',#2409);
#751=VERTEX_POINT('',#2411);
#752=VERTEX_POINT('',#2415);
#753=VERTEX_POINT('',#2419);
#754=VERTEX_POINT('',#2426);
#755=VERTEX_POINT('',#2428);
#756=VERTEX_POINT('',#2432);
#757=VERTEX_POINT('',#2436);
#758=VERTEX_POINT('',#2443);
#759=VERTEX_POINT('',#2445);
#760=VERTEX_POINT('',#2449);
#761=VERTEX_POINT('',#2453);
#762=VERTEX_POINT('',#2460);
#763=VERTEX_POINT('',#2462);
#764=VERTEX_POINT('',#2466);
#765=VERTEX_POINT('',#2470);
#766=VERTEX_POINT('',#2480);
#767=VERTEX_POINT('',#2482);
#768=VERTEX_POINT('',#2486);
#769=VERTEX_POINT('',#2490);
#770=VERTEX_POINT('',#2497);
#771=VERTEX_POINT('',#2499);
#772=VERTEX_POINT('',#2503);
#773=VERTEX_POINT('',#2507);
#774=VERTEX_POINT('',#2514);
#775=VERTEX_POINT('',#2516);
#776=VERTEX_POINT('',#2520);
#777=VERTEX_POINT('',#2524);
#778=VERTEX_POINT('',#2531);
#779=VERTEX_POINT('',#2533);
#780=VERTEX_POINT('',#2537);
#781=VERTEX_POINT('',#2541);
#782=VERTEX_POINT('',#2548);
#783=VERTEX_POINT('',#2550);
#784=VERTEX_POINT('',#2554);
#785=VERTEX_POINT('',#2558);
#786=VERTEX_POINT('',#2565);
#787=VERTEX_POINT('',#2567);
#788=VERTEX_POINT('',#2571);
#789=VERTEX_POINT('',#2575);
#790=EDGE_CURVE('',#646,#647,#214,.T.);
#791=EDGE_CURVE('',#648,#646,#215,.T.);
#792=EDGE_CURVE('',#649,#648,#216,.T.);
#793=EDGE_CURVE('',#647,#649,#217,.T.);
#794=EDGE_CURVE('',#650,#651,#218,.T.);
#795=EDGE_CURVE('',#651,#652,#219,.T.);
#796=EDGE_CURVE('',#653,#652,#220,.T.);
#797=EDGE_CURVE('',#653,#654,#221,.T.);
#798=EDGE_CURVE('',#654,#655,#222,.T.);
#799=EDGE_CURVE('',#655,#656,#223,.T.);
#800=EDGE_CURVE('',#657,#656,#224,.T.);
#801=EDGE_CURVE('',#657,#658,#225,.T.);
#802=EDGE_CURVE('',#658,#659,#226,.T.);
#803=EDGE_CURVE('',#659,#660,#227,.T.);
#804=EDGE_CURVE('',#661,#660,#228,.T.);
#805=EDGE_CURVE('',#661,#662,#229,.T.);
#806=EDGE_CURVE('',#663,#662,#230,.T.);
#807=EDGE_CURVE('',#664,#663,#231,.T.);
#808=EDGE_CURVE('',#664,#665,#232,.T.);
#809=EDGE_CURVE('',#666,#665,#233,.T.);
#810=EDGE_CURVE('',#667,#666,#234,.T.);
#811=EDGE_CURVE('',#646,#667,#235,.T.);
#812=EDGE_CURVE('',#647,#650,#236,.T.);
#813=EDGE_CURVE('',#650,#668,#237,.T.);
#814=EDGE_CURVE('',#668,#669,#238,.T.);
#815=EDGE_CURVE('',#669,#651,#239,.T.);
#816=EDGE_CURVE('',#669,#670,#240,.T.);
#817=EDGE_CURVE('',#670,#652,#241,.T.);
#818=EDGE_CURVE('',#671,#672,#242,.T.);
#819=EDGE_CURVE('',#671,#673,#243,.T.);
#820=EDGE_CURVE('',#673,#674,#244,.T.);
#821=EDGE_CURVE('',#672,#674,#245,.T.);
#822=EDGE_CURVE('',#675,#676,#246,.T.);
#823=EDGE_CURVE('',#675,#677,#247,.T.);
#824=EDGE_CURVE('',#678,#677,#248,.T.);
#825=EDGE_CURVE('',#676,#678,#249,.T.);
#826=EDGE_CURVE('',#679,#670,#250,.T.);
#827=EDGE_CURVE('',#653,#679,#251,.T.);
#828=EDGE_CURVE('',#679,#680,#252,.T.);
#829=EDGE_CURVE('',#654,#680,#253,.T.);
#830=EDGE_CURVE('',#680,#681,#254,.T.);
#831=EDGE_CURVE('',#681,#655,#255,.T.);
#832=EDGE_CURVE('',#681,#682,#256,.T.);
#833=EDGE_CURVE('',#682,#656,#257,.T.);
#834=EDGE_CURVE('',#683,#684,#258,.T.);
#835=EDGE_CURVE('',#683,#685,#259,.T.);
#836=EDGE_CURVE('',#685,#686,#260,.T.);
#837=EDGE_CURVE('',#684,#686,#261,.T.);
#838=EDGE_CURVE('',#687,#688,#262,.T.);
#839=EDGE_CURVE('',#687,#689,#263,.T.);
#840=EDGE_CURVE('',#690,#689,#264,.T.);
#841=EDGE_CURVE('',#688,#690,#265,.T.);
#842=EDGE_CURVE('',#691,#682,#266,.T.);
#843=EDGE_CURVE('',#657,#691,#267,.T.);
#844=EDGE_CURVE('',#691,#692,#268,.T.);
#845=EDGE_CURVE('',#658,#692,#269,.T.);
#846=EDGE_CURVE('',#692,#693,#270,.T.);
#847=EDGE_CURVE('',#693,#659,#271,.T.);
#848=EDGE_CURVE('',#693,#694,#272,.T.);
#849=EDGE_CURVE('',#694,#660,#273,.T.);
#850=EDGE_CURVE('',#695,#696,#274,.T.);
#851=EDGE_CURVE('',#695,#697,#275,.T.);
#852=EDGE_CURVE('',#697,#698,#276,.T.);
#853=EDGE_CURVE('',#696,#698,#277,.T.);
#854=EDGE_CURVE('',#699,#700,#278,.T.);
#855=EDGE_CURVE('',#699,#701,#279,.T.);
#856=EDGE_CURVE('',#702,#701,#280,.T.);
#857=EDGE_CURVE('',#700,#702,#281,.T.);
#858=EDGE_CURVE('',#703,#694,#282,.T.);
#859=EDGE_CURVE('',#661,#703,#283,.T.);
#860=EDGE_CURVE('',#703,#704,#284,.T.);
#861=EDGE_CURVE('',#662,#704,#285,.T.);
#862=EDGE_CURVE('',#704,#705,#286,.T.);
#863=EDGE_CURVE('',#705,#663,#287,.T.);
#864=EDGE_CURVE('',#706,#707,#288,.T.);
#865=EDGE_CURVE('',#708,#706,#289,.T.);
#866=EDGE_CURVE('',#709,#708,#290,.T.);
#867=EDGE_CURVE('',#710,#709,#291,.T.);
#868=EDGE_CURVE('',#664,#710,#292,.T.);
#869=EDGE_CURVE('',#648,#705,#293,.T.);
#870=EDGE_CURVE('',#667,#711,#294,.T.);
#871=EDGE_CURVE('',#707,#711,#295,.T.);
#872=EDGE_CURVE('',#707,#712,#296,.T.);
#873=EDGE_CURVE('',#713,#712,#297,.T.);
#874=EDGE_CURVE('',#706,#713,#298,.T.);
#875=EDGE_CURVE('',#714,#713,#299,.T.);
#876=EDGE_CURVE('',#708,#714,#300,.T.);
#877=EDGE_CURVE('',#715,#714,#301,.T.);
#878=EDGE_CURVE('',#709,#715,#302,.T.);
#879=EDGE_CURVE('',#716,#715,#303,.T.);
#880=EDGE_CURVE('',#710,#716,#304,.T.);
#881=EDGE_CURVE('',#665,#716,#305,.T.);
#882=EDGE_CURVE('',#712,#717,#306,.T.);
#883=EDGE_CURVE('',#717,#666,#307,.T.);
#884=EDGE_CURVE('',#718,#719,#308,.T.);
#885=EDGE_CURVE('',#720,#719,#309,.T.);
#886=EDGE_CURVE('',#721,#720,#310,.T.);
#887=EDGE_CURVE('',#721,#718,#311,.T.);
#888=EDGE_CURVE('',#722,#723,#312,.T.);
#889=EDGE_CURVE('',#722,#724,#313,.T.);
#890=EDGE_CURVE('',#724,#725,#314,.T.);
#891=EDGE_CURVE('',#723,#725,#315,.T.);
#892=EDGE_CURVE('',#726,#727,#316,.T.);
#893=EDGE_CURVE('',#727,#728,#317,.T.);
#894=EDGE_CURVE('',#729,#728,#318,.T.);
#895=EDGE_CURVE('',#726,#729,#319,.T.);
#896=EDGE_CURVE('',#730,#731,#320,.T.);
#897=EDGE_CURVE('',#731,#732,#321,.T.);
#898=EDGE_CURVE('',#733,#732,#322,.T.);
#899=EDGE_CURVE('',#730,#733,#323,.T.);
#900=EDGE_CURVE('',#734,#735,#324,.T.);
#901=EDGE_CURVE('',#735,#736,#325,.T.);
#902=EDGE_CURVE('',#737,#736,#326,.T.);
#903=EDGE_CURVE('',#734,#737,#327,.T.);
#904=EDGE_CURVE('',#738,#739,#328,.T.);
#905=EDGE_CURVE('',#739,#740,#329,.T.);
#906=EDGE_CURVE('',#741,#740,#330,.T.);
#907=EDGE_CURVE('',#738,#741,#331,.T.);
#908=EDGE_CURVE('',#711,#717,#332,.T.);
#909=EDGE_CURVE('',#718,#742,#333,.T.);
#910=EDGE_CURVE('',#742,#743,#334,.T.);
#911=EDGE_CURVE('',#719,#743,#335,.T.);
#912=EDGE_CURVE('',#743,#744,#336,.T.);
#913=EDGE_CURVE('',#744,#720,#337,.T.);
#914=EDGE_CURVE('',#745,#744,#338,.T.);
#915=EDGE_CURVE('',#745,#721,#339,.T.);
#916=EDGE_CURVE('',#742,#745,#340,.T.);
#917=EDGE_CURVE('',#746,#723,#341,.T.);
#918=EDGE_CURVE('',#747,#746,#342,.T.);
#919=EDGE_CURVE('',#747,#722,#343,.T.);
#920=EDGE_CURVE('',#724,#748,#344,.T.);
#921=EDGE_CURVE('',#748,#747,#345,.T.);
#922=EDGE_CURVE('',#748,#749,#346,.T.);
#923=EDGE_CURVE('',#725,#749,#347,.T.);
#924=EDGE_CURVE('',#749,#746,#348,.T.);
#925=EDGE_CURVE('',#750,#726,#349,.T.);
#926=EDGE_CURVE('',#751,#750,#350,.T.);
#927=EDGE_CURVE('',#727,#751,#351,.T.);
#928=EDGE_CURVE('',#751,#752,#352,.T.);
#929=EDGE_CURVE('',#728,#752,#353,.T.);
#930=EDGE_CURVE('',#752,#753,#354,.T.);
#931=EDGE_CURVE('',#753,#729,#355,.T.);
#932=EDGE_CURVE('',#750,#753,#356,.T.);
#933=EDGE_CURVE('',#754,#730,#357,.T.);
#934=EDGE_CURVE('',#755,#754,#358,.T.);
#935=EDGE_CURVE('',#731,#755,#359,.T.);
#936=EDGE_CURVE('',#755,#756,#360,.T.);
#937=EDGE_CURVE('',#732,#756,#361,.T.);
#938=EDGE_CURVE('',#756,#757,#362,.T.);
#939=EDGE_CURVE('',#757,#733,#363,.T.);
#940=EDGE_CURVE('',#754,#757,#364,.T.);
#941=EDGE_CURVE('',#758,#734,#365,.T.);
#942=EDGE_CURVE('',#759,#758,#366,.T.);
#943=EDGE_CURVE('',#735,#759,#367,.T.);
#944=EDGE_CURVE('',#759,#760,#368,.T.);
#945=EDGE_CURVE('',#736,#760,#369,.T.);
#946=EDGE_CURVE('',#760,#761,#370,.T.);
#947=EDGE_CURVE('',#761,#737,#371,.T.);
#948=EDGE_CURVE('',#758,#761,#372,.T.);
#949=EDGE_CURVE('',#762,#738,#373,.T.);
#950=EDGE_CURVE('',#763,#762,#374,.T.);
#951=EDGE_CURVE('',#739,#763,#375,.T.);
#952=EDGE_CURVE('',#763,#764,#376,.T.);
#953=EDGE_CURVE('',#740,#764,#377,.T.);
#954=EDGE_CURVE('',#764,#765,#378,.T.);
#955=EDGE_CURVE('',#765,#741,#379,.T.);
#956=EDGE_CURVE('',#762,#765,#380,.T.);
#957=EDGE_CURVE('',#649,#668,#381,.T.);
#958=EDGE_CURVE('',#766,#696,#382,.T.);
#959=EDGE_CURVE('',#767,#766,#383,.T.);
#960=EDGE_CURVE('',#695,#767,#384,.T.);
#961=EDGE_CURVE('',#767,#768,#385,.T.);
#962=EDGE_CURVE('',#697,#768,#386,.T.);
#963=EDGE_CURVE('',#768,#769,#387,.T.);
#964=EDGE_CURVE('',#769,#698,#388,.T.);
#965=EDGE_CURVE('',#766,#769,#389,.T.);
#966=EDGE_CURVE('',#770,#700,#390,.T.);
#967=EDGE_CURVE('',#771,#770,#391,.T.);
#968=EDGE_CURVE('',#699,#771,#392,.T.);
#969=EDGE_CURVE('',#771,#772,#393,.T.);
#970=EDGE_CURVE('',#701,#772,#394,.T.);
#971=EDGE_CURVE('',#772,#773,#395,.T.);
#972=EDGE_CURVE('',#773,#702,#396,.T.);
#973=EDGE_CURVE('',#770,#773,#397,.T.);
#974=EDGE_CURVE('',#774,#684,#398,.T.);
#975=EDGE_CURVE('',#775,#774,#399,.T.);
#976=EDGE_CURVE('',#683,#775,#400,.T.);
#977=EDGE_CURVE('',#775,#776,#401,.T.);
#978=EDGE_CURVE('',#685,#776,#402,.T.);
#979=EDGE_CURVE('',#776,#777,#403,.T.);
#980=EDGE_CURVE('',#777,#686,#404,.T.);
#981=EDGE_CURVE('',#774,#777,#405,.T.);
#982=EDGE_CURVE('',#778,#688,#406,.T.);
#983=EDGE_CURVE('',#779,#778,#407,.T.);
#984=EDGE_CURVE('',#687,#779,#408,.T.);
#985=EDGE_CURVE('',#779,#780,#409,.T.);
#986=EDGE_CURVE('',#689,#780,#410,.T.);
#987=EDGE_CURVE('',#780,#781,#411,.T.);
#988=EDGE_CURVE('',#781,#690,#412,.T.);
#989=EDGE_CURVE('',#778,#781,#413,.T.);
#990=EDGE_CURVE('',#782,#672,#414,.T.);
#991=EDGE_CURVE('',#783,#782,#415,.T.);
#992=EDGE_CURVE('',#671,#783,#416,.T.);
#993=EDGE_CURVE('',#783,#784,#417,.T.);
#994=EDGE_CURVE('',#673,#784,#418,.T.);
#995=EDGE_CURVE('',#784,#785,#419,.T.);
#996=EDGE_CURVE('',#785,#674,#420,.T.);
#997=EDGE_CURVE('',#782,#785,#421,.T.);
#998=EDGE_CURVE('',#786,#676,#422,.T.);
#999=EDGE_CURVE('',#787,#786,#423,.T.);
#1000=EDGE_CURVE('',#675,#787,#424,.T.);
#1001=EDGE_CURVE('',#787,#788,#425,.T.);
#1002=EDGE_CURVE('',#677,#788,#426,.T.);
#1003=EDGE_CURVE('',#788,#789,#427,.T.);
#1004=EDGE_CURVE('',#789,#678,#428,.T.);
#1005=EDGE_CURVE('',#786,#789,#429,.T.);
#1006=ORIENTED_EDGE('',*,*,#790,.F.);
#1007=ORIENTED_EDGE('',*,*,#791,.F.);
#1008=ORIENTED_EDGE('',*,*,#792,.F.);
#1009=ORIENTED_EDGE('',*,*,#793,.F.);
#1010=ORIENTED_EDGE('',*,*,#794,.T.);
#1011=ORIENTED_EDGE('',*,*,#795,.T.);
#1012=ORIENTED_EDGE('',*,*,#796,.F.);
#1013=ORIENTED_EDGE('',*,*,#797,.T.);
#1014=ORIENTED_EDGE('',*,*,#798,.T.);
#1015=ORIENTED_EDGE('',*,*,#799,.T.);
#1016=ORIENTED_EDGE('',*,*,#800,.F.);
#1017=ORIENTED_EDGE('',*,*,#801,.T.);
#1018=ORIENTED_EDGE('',*,*,#802,.T.);
#1019=ORIENTED_EDGE('',*,*,#803,.T.);
#1020=ORIENTED_EDGE('',*,*,#804,.F.);
#1021=ORIENTED_EDGE('',*,*,#805,.T.);
#1022=ORIENTED_EDGE('',*,*,#806,.F.);
#1023=ORIENTED_EDGE('',*,*,#807,.F.);
#1024=ORIENTED_EDGE('',*,*,#808,.T.);
#1025=ORIENTED_EDGE('',*,*,#809,.F.);
#1026=ORIENTED_EDGE('',*,*,#810,.F.);
#1027=ORIENTED_EDGE('',*,*,#811,.F.);
#1028=ORIENTED_EDGE('',*,*,#790,.T.);
#1029=ORIENTED_EDGE('',*,*,#812,.T.);
#1030=ORIENTED_EDGE('',*,*,#794,.F.);
#1031=ORIENTED_EDGE('',*,*,#813,.T.);
#1032=ORIENTED_EDGE('',*,*,#814,.T.);
#1033=ORIENTED_EDGE('',*,*,#815,.T.);
#1034=ORIENTED_EDGE('',*,*,#795,.F.);
#1035=ORIENTED_EDGE('',*,*,#815,.F.);
#1036=ORIENTED_EDGE('',*,*,#816,.T.);
#1037=ORIENTED_EDGE('',*,*,#817,.T.);
#1038=ORIENTED_EDGE('',*,*,#818,.F.);
#1039=ORIENTED_EDGE('',*,*,#819,.T.);
#1040=ORIENTED_EDGE('',*,*,#820,.T.);
#1041=ORIENTED_EDGE('',*,*,#821,.F.);
#1042=ORIENTED_EDGE('',*,*,#822,.F.);
#1043=ORIENTED_EDGE('',*,*,#823,.T.);
#1044=ORIENTED_EDGE('',*,*,#824,.F.);
#1045=ORIENTED_EDGE('',*,*,#825,.F.);
#1046=ORIENTED_EDGE('',*,*,#796,.T.);
#1047=ORIENTED_EDGE('',*,*,#817,.F.);
#1048=ORIENTED_EDGE('',*,*,#826,.F.);
#1049=ORIENTED_EDGE('',*,*,#827,.F.);
#1050=ORIENTED_EDGE('',*,*,#827,.T.);
#1051=ORIENTED_EDGE('',*,*,#828,.T.);
#1052=ORIENTED_EDGE('',*,*,#829,.F.);
#1053=ORIENTED_EDGE('',*,*,#797,.F.);
#1054=ORIENTED_EDGE('',*,*,#798,.F.);
#1055=ORIENTED_EDGE('',*,*,#829,.T.);
#1056=ORIENTED_EDGE('',*,*,#830,.T.);
#1057=ORIENTED_EDGE('',*,*,#831,.T.);
#1058=ORIENTED_EDGE('',*,*,#799,.F.);
#1059=ORIENTED_EDGE('',*,*,#831,.F.);
#1060=ORIENTED_EDGE('',*,*,#832,.T.);
#1061=ORIENTED_EDGE('',*,*,#833,.T.);
#1062=ORIENTED_EDGE('',*,*,#834,.F.);
#1063=ORIENTED_EDGE('',*,*,#835,.T.);
#1064=ORIENTED_EDGE('',*,*,#836,.T.);
#1065=ORIENTED_EDGE('',*,*,#837,.F.);
#1066=ORIENTED_EDGE('',*,*,#838,.F.);
#1067=ORIENTED_EDGE('',*,*,#839,.T.);
#1068=ORIENTED_EDGE('',*,*,#840,.F.);
#1069=ORIENTED_EDGE('',*,*,#841,.F.);
#1070=ORIENTED_EDGE('',*,*,#800,.T.);
#1071=ORIENTED_EDGE('',*,*,#833,.F.);
#1072=ORIENTED_EDGE('',*,*,#842,.F.);
#1073=ORIENTED_EDGE('',*,*,#843,.F.);
#1074=ORIENTED_EDGE('',*,*,#843,.T.);
#1075=ORIENTED_EDGE('',*,*,#844,.T.);
#1076=ORIENTED_EDGE('',*,*,#845,.F.);
#1077=ORIENTED_EDGE('',*,*,#801,.F.);
#1078=ORIENTED_EDGE('',*,*,#802,.F.);
#1079=ORIENTED_EDGE('',*,*,#845,.T.);
#1080=ORIENTED_EDGE('',*,*,#846,.T.);
#1081=ORIENTED_EDGE('',*,*,#847,.T.);
#1082=ORIENTED_EDGE('',*,*,#803,.F.);
#1083=ORIENTED_EDGE('',*,*,#847,.F.);
#1084=ORIENTED_EDGE('',*,*,#848,.T.);
#1085=ORIENTED_EDGE('',*,*,#849,.T.);
#1086=ORIENTED_EDGE('',*,*,#850,.F.);
#1087=ORIENTED_EDGE('',*,*,#851,.T.);
#1088=ORIENTED_EDGE('',*,*,#852,.T.);
#1089=ORIENTED_EDGE('',*,*,#853,.F.);
#1090=ORIENTED_EDGE('',*,*,#854,.F.);
#1091=ORIENTED_EDGE('',*,*,#855,.T.);
#1092=ORIENTED_EDGE('',*,*,#856,.F.);
#1093=ORIENTED_EDGE('',*,*,#857,.F.);
#1094=ORIENTED_EDGE('',*,*,#804,.T.);
#1095=ORIENTED_EDGE('',*,*,#849,.F.);
#1096=ORIENTED_EDGE('',*,*,#858,.F.);
#1097=ORIENTED_EDGE('',*,*,#859,.F.);
#1098=ORIENTED_EDGE('',*,*,#859,.T.);
#1099=ORIENTED_EDGE('',*,*,#860,.T.);
#1100=ORIENTED_EDGE('',*,*,#861,.F.);
#1101=ORIENTED_EDGE('',*,*,#805,.F.);
#1102=ORIENTED_EDGE('',*,*,#806,.T.);
#1103=ORIENTED_EDGE('',*,*,#861,.T.);
#1104=ORIENTED_EDGE('',*,*,#862,.T.);
#1105=ORIENTED_EDGE('',*,*,#863,.T.);
#1106=ORIENTED_EDGE('',*,*,#864,.F.);
#1107=ORIENTED_EDGE('',*,*,#865,.F.);
#1108=ORIENTED_EDGE('',*,*,#866,.F.);
#1109=ORIENTED_EDGE('',*,*,#867,.F.);
#1110=ORIENTED_EDGE('',*,*,#868,.F.);
#1111=ORIENTED_EDGE('',*,*,#807,.T.);
#1112=ORIENTED_EDGE('',*,*,#863,.F.);
#1113=ORIENTED_EDGE('',*,*,#869,.F.);
#1114=ORIENTED_EDGE('',*,*,#791,.T.);
#1115=ORIENTED_EDGE('',*,*,#811,.T.);
#1116=ORIENTED_EDGE('',*,*,#870,.T.);
#1117=ORIENTED_EDGE('',*,*,#871,.F.);
#1118=ORIENTED_EDGE('',*,*,#864,.T.);
#1119=ORIENTED_EDGE('',*,*,#872,.T.);
#1120=ORIENTED_EDGE('',*,*,#873,.F.);
#1121=ORIENTED_EDGE('',*,*,#874,.F.);
#1122=ORIENTED_EDGE('',*,*,#865,.T.);
#1123=ORIENTED_EDGE('',*,*,#874,.T.);
#1124=ORIENTED_EDGE('',*,*,#875,.F.);
#1125=ORIENTED_EDGE('',*,*,#876,.F.);
#1126=ORIENTED_EDGE('',*,*,#866,.T.);
#1127=ORIENTED_EDGE('',*,*,#876,.T.);
#1128=ORIENTED_EDGE('',*,*,#877,.F.);
#1129=ORIENTED_EDGE('',*,*,#878,.F.);
#1130=ORIENTED_EDGE('',*,*,#867,.T.);
#1131=ORIENTED_EDGE('',*,*,#878,.T.);
#1132=ORIENTED_EDGE('',*,*,#879,.F.);
#1133=ORIENTED_EDGE('',*,*,#880,.F.);
#1134=ORIENTED_EDGE('',*,*,#808,.F.);
#1135=ORIENTED_EDGE('',*,*,#868,.T.);
#1136=ORIENTED_EDGE('',*,*,#880,.T.);
#1137=ORIENTED_EDGE('',*,*,#881,.F.);
#1138=ORIENTED_EDGE('',*,*,#809,.T.);
#1139=ORIENTED_EDGE('',*,*,#881,.T.);
#1140=ORIENTED_EDGE('',*,*,#879,.T.);
#1141=ORIENTED_EDGE('',*,*,#877,.T.);
#1142=ORIENTED_EDGE('',*,*,#875,.T.);
#1143=ORIENTED_EDGE('',*,*,#873,.T.);
#1144=ORIENTED_EDGE('',*,*,#882,.T.);
#1145=ORIENTED_EDGE('',*,*,#883,.T.);
#1146=ORIENTED_EDGE('',*,*,#884,.T.);
#1147=ORIENTED_EDGE('',*,*,#885,.F.);
#1148=ORIENTED_EDGE('',*,*,#886,.F.);
#1149=ORIENTED_EDGE('',*,*,#887,.T.);
#1150=ORIENTED_EDGE('',*,*,#888,.F.);
#1151=ORIENTED_EDGE('',*,*,#889,.T.);
#1152=ORIENTED_EDGE('',*,*,#890,.T.);
#1153=ORIENTED_EDGE('',*,*,#891,.F.);
#1154=ORIENTED_EDGE('',*,*,#892,.T.);
#1155=ORIENTED_EDGE('',*,*,#893,.T.);
#1156=ORIENTED_EDGE('',*,*,#894,.F.);
#1157=ORIENTED_EDGE('',*,*,#895,.F.);
#1158=ORIENTED_EDGE('',*,*,#896,.T.);
#1159=ORIENTED_EDGE('',*,*,#897,.T.);
#1160=ORIENTED_EDGE('',*,*,#898,.F.);
#1161=ORIENTED_EDGE('',*,*,#899,.F.);
#1162=ORIENTED_EDGE('',*,*,#900,.T.);
#1163=ORIENTED_EDGE('',*,*,#901,.T.);
#1164=ORIENTED_EDGE('',*,*,#902,.F.);
#1165=ORIENTED_EDGE('',*,*,#903,.F.);
#1166=ORIENTED_EDGE('',*,*,#904,.T.);
#1167=ORIENTED_EDGE('',*,*,#905,.T.);
#1168=ORIENTED_EDGE('',*,*,#906,.F.);
#1169=ORIENTED_EDGE('',*,*,#907,.F.);
#1170=ORIENTED_EDGE('',*,*,#810,.T.);
#1171=ORIENTED_EDGE('',*,*,#883,.F.);
#1172=ORIENTED_EDGE('',*,*,#908,.F.);
#1173=ORIENTED_EDGE('',*,*,#870,.F.);
#1174=ORIENTED_EDGE('',*,*,#871,.T.);
#1175=ORIENTED_EDGE('',*,*,#908,.T.);
#1176=ORIENTED_EDGE('',*,*,#882,.F.);
#1177=ORIENTED_EDGE('',*,*,#872,.F.);
#1178=ORIENTED_EDGE('',*,*,#884,.F.);
#1179=ORIENTED_EDGE('',*,*,#909,.T.);
#1180=ORIENTED_EDGE('',*,*,#910,.T.);
#1181=ORIENTED_EDGE('',*,*,#911,.F.);
#1182=ORIENTED_EDGE('',*,*,#911,.T.);
#1183=ORIENTED_EDGE('',*,*,#912,.T.);
#1184=ORIENTED_EDGE('',*,*,#913,.T.);
#1185=ORIENTED_EDGE('',*,*,#885,.T.);
#1186=ORIENTED_EDGE('',*,*,#886,.T.);
#1187=ORIENTED_EDGE('',*,*,#913,.F.);
#1188=ORIENTED_EDGE('',*,*,#914,.F.);
#1189=ORIENTED_EDGE('',*,*,#915,.T.);
#1190=ORIENTED_EDGE('',*,*,#909,.F.);
#1191=ORIENTED_EDGE('',*,*,#887,.F.);
#1192=ORIENTED_EDGE('',*,*,#915,.F.);
#1193=ORIENTED_EDGE('',*,*,#916,.F.);
#1194=ORIENTED_EDGE('',*,*,#916,.T.);
#1195=ORIENTED_EDGE('',*,*,#914,.T.);
#1196=ORIENTED_EDGE('',*,*,#912,.F.);
#1197=ORIENTED_EDGE('',*,*,#910,.F.);
#1198=ORIENTED_EDGE('',*,*,#888,.T.);
#1199=ORIENTED_EDGE('',*,*,#917,.F.);
#1200=ORIENTED_EDGE('',*,*,#918,.F.);
#1201=ORIENTED_EDGE('',*,*,#919,.T.);
#1202=ORIENTED_EDGE('',*,*,#920,.F.);
#1203=ORIENTED_EDGE('',*,*,#889,.F.);
#1204=ORIENTED_EDGE('',*,*,#919,.F.);
#1205=ORIENTED_EDGE('',*,*,#921,.F.);
#1206=ORIENTED_EDGE('',*,*,#920,.T.);
#1207=ORIENTED_EDGE('',*,*,#922,.T.);
#1208=ORIENTED_EDGE('',*,*,#923,.F.);
#1209=ORIENTED_EDGE('',*,*,#890,.F.);
#1210=ORIENTED_EDGE('',*,*,#923,.T.);
#1211=ORIENTED_EDGE('',*,*,#924,.T.);
#1212=ORIENTED_EDGE('',*,*,#917,.T.);
#1213=ORIENTED_EDGE('',*,*,#891,.T.);
#1214=ORIENTED_EDGE('',*,*,#921,.T.);
#1215=ORIENTED_EDGE('',*,*,#918,.T.);
#1216=ORIENTED_EDGE('',*,*,#924,.F.);
#1217=ORIENTED_EDGE('',*,*,#922,.F.);
#1218=ORIENTED_EDGE('',*,*,#892,.F.);
#1219=ORIENTED_EDGE('',*,*,#925,.F.);
#1220=ORIENTED_EDGE('',*,*,#926,.F.);
#1221=ORIENTED_EDGE('',*,*,#927,.F.);
#1222=ORIENTED_EDGE('',*,*,#893,.F.);
#1223=ORIENTED_EDGE('',*,*,#927,.T.);
#1224=ORIENTED_EDGE('',*,*,#928,.T.);
#1225=ORIENTED_EDGE('',*,*,#929,.F.);
#1226=ORIENTED_EDGE('',*,*,#894,.T.);
#1227=ORIENTED_EDGE('',*,*,#929,.T.);
#1228=ORIENTED_EDGE('',*,*,#930,.T.);
#1229=ORIENTED_EDGE('',*,*,#931,.T.);
#1230=ORIENTED_EDGE('',*,*,#895,.T.);
#1231=ORIENTED_EDGE('',*,*,#931,.F.);
#1232=ORIENTED_EDGE('',*,*,#932,.F.);
#1233=ORIENTED_EDGE('',*,*,#925,.T.);
#1234=ORIENTED_EDGE('',*,*,#926,.T.);
#1235=ORIENTED_EDGE('',*,*,#932,.T.);
#1236=ORIENTED_EDGE('',*,*,#930,.F.);
#1237=ORIENTED_EDGE('',*,*,#928,.F.);
#1238=ORIENTED_EDGE('',*,*,#896,.F.);
#1239=ORIENTED_EDGE('',*,*,#933,.F.);
#1240=ORIENTED_EDGE('',*,*,#934,.F.);
#1241=ORIENTED_EDGE('',*,*,#935,.F.);
#1242=ORIENTED_EDGE('',*,*,#897,.F.);
#1243=ORIENTED_EDGE('',*,*,#935,.T.);
#1244=ORIENTED_EDGE('',*,*,#936,.T.);
#1245=ORIENTED_EDGE('',*,*,#937,.F.);
#1246=ORIENTED_EDGE('',*,*,#898,.T.);
#1247=ORIENTED_EDGE('',*,*,#937,.T.);
#1248=ORIENTED_EDGE('',*,*,#938,.T.);
#1249=ORIENTED_EDGE('',*,*,#939,.T.);
#1250=ORIENTED_EDGE('',*,*,#899,.T.);
#1251=ORIENTED_EDGE('',*,*,#939,.F.);
#1252=ORIENTED_EDGE('',*,*,#940,.F.);
#1253=ORIENTED_EDGE('',*,*,#933,.T.);
#1254=ORIENTED_EDGE('',*,*,#934,.T.);
#1255=ORIENTED_EDGE('',*,*,#940,.T.);
#1256=ORIENTED_EDGE('',*,*,#938,.F.);
#1257=ORIENTED_EDGE('',*,*,#936,.F.);
#1258=ORIENTED_EDGE('',*,*,#900,.F.);
#1259=ORIENTED_EDGE('',*,*,#941,.F.);
#1260=ORIENTED_EDGE('',*,*,#942,.F.);
#1261=ORIENTED_EDGE('',*,*,#943,.F.);
#1262=ORIENTED_EDGE('',*,*,#901,.F.);
#1263=ORIENTED_EDGE('',*,*,#943,.T.);
#1264=ORIENTED_EDGE('',*,*,#944,.T.);
#1265=ORIENTED_EDGE('',*,*,#945,.F.);
#1266=ORIENTED_EDGE('',*,*,#902,.T.);
#1267=ORIENTED_EDGE('',*,*,#945,.T.);
#1268=ORIENTED_EDGE('',*,*,#946,.T.);
#1269=ORIENTED_EDGE('',*,*,#947,.T.);
#1270=ORIENTED_EDGE('',*,*,#903,.T.);
#1271=ORIENTED_EDGE('',*,*,#947,.F.);
#1272=ORIENTED_EDGE('',*,*,#948,.F.);
#1273=ORIENTED_EDGE('',*,*,#941,.T.);
#1274=ORIENTED_EDGE('',*,*,#942,.T.);
#1275=ORIENTED_EDGE('',*,*,#948,.T.);
#1276=ORIENTED_EDGE('',*,*,#946,.F.);
#1277=ORIENTED_EDGE('',*,*,#944,.F.);
#1278=ORIENTED_EDGE('',*,*,#904,.F.);
#1279=ORIENTED_EDGE('',*,*,#949,.F.);
#1280=ORIENTED_EDGE('',*,*,#950,.F.);
#1281=ORIENTED_EDGE('',*,*,#951,.F.);
#1282=ORIENTED_EDGE('',*,*,#905,.F.);
#1283=ORIENTED_EDGE('',*,*,#951,.T.);
#1284=ORIENTED_EDGE('',*,*,#952,.T.);
#1285=ORIENTED_EDGE('',*,*,#953,.F.);
#1286=ORIENTED_EDGE('',*,*,#906,.T.);
#1287=ORIENTED_EDGE('',*,*,#953,.T.);
#1288=ORIENTED_EDGE('',*,*,#954,.T.);
#1289=ORIENTED_EDGE('',*,*,#955,.T.);
#1290=ORIENTED_EDGE('',*,*,#907,.T.);
#1291=ORIENTED_EDGE('',*,*,#955,.F.);
#1292=ORIENTED_EDGE('',*,*,#956,.F.);
#1293=ORIENTED_EDGE('',*,*,#949,.T.);
#1294=ORIENTED_EDGE('',*,*,#950,.T.);
#1295=ORIENTED_EDGE('',*,*,#956,.T.);
#1296=ORIENTED_EDGE('',*,*,#954,.F.);
#1297=ORIENTED_EDGE('',*,*,#952,.F.);
#1298=ORIENTED_EDGE('',*,*,#814,.F.);
#1299=ORIENTED_EDGE('',*,*,#957,.F.);
#1300=ORIENTED_EDGE('',*,*,#792,.T.);
#1301=ORIENTED_EDGE('',*,*,#869,.T.);
#1302=ORIENTED_EDGE('',*,*,#862,.F.);
#1303=ORIENTED_EDGE('',*,*,#860,.F.);
#1304=ORIENTED_EDGE('',*,*,#858,.T.);
#1305=ORIENTED_EDGE('',*,*,#848,.F.);
#1306=ORIENTED_EDGE('',*,*,#846,.F.);
#1307=ORIENTED_EDGE('',*,*,#844,.F.);
#1308=ORIENTED_EDGE('',*,*,#842,.T.);
#1309=ORIENTED_EDGE('',*,*,#832,.F.);
#1310=ORIENTED_EDGE('',*,*,#830,.F.);
#1311=ORIENTED_EDGE('',*,*,#828,.F.);
#1312=ORIENTED_EDGE('',*,*,#826,.T.);
#1313=ORIENTED_EDGE('',*,*,#816,.F.);
#1314=ORIENTED_EDGE('',*,*,#813,.F.);
#1315=ORIENTED_EDGE('',*,*,#812,.F.);
#1316=ORIENTED_EDGE('',*,*,#793,.T.);
#1317=ORIENTED_EDGE('',*,*,#957,.T.);
#1318=ORIENTED_EDGE('',*,*,#850,.T.);
#1319=ORIENTED_EDGE('',*,*,#958,.F.);
#1320=ORIENTED_EDGE('',*,*,#959,.F.);
#1321=ORIENTED_EDGE('',*,*,#960,.F.);
#1322=ORIENTED_EDGE('',*,*,#851,.F.);
#1323=ORIENTED_EDGE('',*,*,#960,.T.);
#1324=ORIENTED_EDGE('',*,*,#961,.T.);
#1325=ORIENTED_EDGE('',*,*,#962,.F.);
#1326=ORIENTED_EDGE('',*,*,#852,.F.);
#1327=ORIENTED_EDGE('',*,*,#962,.T.);
#1328=ORIENTED_EDGE('',*,*,#963,.T.);
#1329=ORIENTED_EDGE('',*,*,#964,.T.);
#1330=ORIENTED_EDGE('',*,*,#853,.T.);
#1331=ORIENTED_EDGE('',*,*,#964,.F.);
#1332=ORIENTED_EDGE('',*,*,#965,.F.);
#1333=ORIENTED_EDGE('',*,*,#958,.T.);
#1334=ORIENTED_EDGE('',*,*,#959,.T.);
#1335=ORIENTED_EDGE('',*,*,#965,.T.);
#1336=ORIENTED_EDGE('',*,*,#963,.F.);
#1337=ORIENTED_EDGE('',*,*,#961,.F.);
#1338=ORIENTED_EDGE('',*,*,#854,.T.);
#1339=ORIENTED_EDGE('',*,*,#966,.F.);
#1340=ORIENTED_EDGE('',*,*,#967,.F.);
#1341=ORIENTED_EDGE('',*,*,#968,.F.);
#1342=ORIENTED_EDGE('',*,*,#855,.F.);
#1343=ORIENTED_EDGE('',*,*,#968,.T.);
#1344=ORIENTED_EDGE('',*,*,#969,.T.);
#1345=ORIENTED_EDGE('',*,*,#970,.F.);
#1346=ORIENTED_EDGE('',*,*,#856,.T.);
#1347=ORIENTED_EDGE('',*,*,#970,.T.);
#1348=ORIENTED_EDGE('',*,*,#971,.T.);
#1349=ORIENTED_EDGE('',*,*,#972,.T.);
#1350=ORIENTED_EDGE('',*,*,#857,.T.);
#1351=ORIENTED_EDGE('',*,*,#972,.F.);
#1352=ORIENTED_EDGE('',*,*,#973,.F.);
#1353=ORIENTED_EDGE('',*,*,#966,.T.);
#1354=ORIENTED_EDGE('',*,*,#967,.T.);
#1355=ORIENTED_EDGE('',*,*,#973,.T.);
#1356=ORIENTED_EDGE('',*,*,#971,.F.);
#1357=ORIENTED_EDGE('',*,*,#969,.F.);
#1358=ORIENTED_EDGE('',*,*,#834,.T.);
#1359=ORIENTED_EDGE('',*,*,#974,.F.);
#1360=ORIENTED_EDGE('',*,*,#975,.F.);
#1361=ORIENTED_EDGE('',*,*,#976,.F.);
#1362=ORIENTED_EDGE('',*,*,#835,.F.);
#1363=ORIENTED_EDGE('',*,*,#976,.T.);
#1364=ORIENTED_EDGE('',*,*,#977,.T.);
#1365=ORIENTED_EDGE('',*,*,#978,.F.);
#1366=ORIENTED_EDGE('',*,*,#836,.F.);
#1367=ORIENTED_EDGE('',*,*,#978,.T.);
#1368=ORIENTED_EDGE('',*,*,#979,.T.);
#1369=ORIENTED_EDGE('',*,*,#980,.T.);
#1370=ORIENTED_EDGE('',*,*,#837,.T.);
#1371=ORIENTED_EDGE('',*,*,#980,.F.);
#1372=ORIENTED_EDGE('',*,*,#981,.F.);
#1373=ORIENTED_EDGE('',*,*,#974,.T.);
#1374=ORIENTED_EDGE('',*,*,#975,.T.);
#1375=ORIENTED_EDGE('',*,*,#981,.T.);
#1376=ORIENTED_EDGE('',*,*,#979,.F.);
#1377=ORIENTED_EDGE('',*,*,#977,.F.);
#1378=ORIENTED_EDGE('',*,*,#838,.T.);
#1379=ORIENTED_EDGE('',*,*,#982,.F.);
#1380=ORIENTED_EDGE('',*,*,#983,.F.);
#1381=ORIENTED_EDGE('',*,*,#984,.F.);
#1382=ORIENTED_EDGE('',*,*,#839,.F.);
#1383=ORIENTED_EDGE('',*,*,#984,.T.);
#1384=ORIENTED_EDGE('',*,*,#985,.T.);
#1385=ORIENTED_EDGE('',*,*,#986,.F.);
#1386=ORIENTED_EDGE('',*,*,#840,.T.);
#1387=ORIENTED_EDGE('',*,*,#986,.T.);
#1388=ORIENTED_EDGE('',*,*,#987,.T.);
#1389=ORIENTED_EDGE('',*,*,#988,.T.);
#1390=ORIENTED_EDGE('',*,*,#841,.T.);
#1391=ORIENTED_EDGE('',*,*,#988,.F.);
#1392=ORIENTED_EDGE('',*,*,#989,.F.);
#1393=ORIENTED_EDGE('',*,*,#982,.T.);
#1394=ORIENTED_EDGE('',*,*,#983,.T.);
#1395=ORIENTED_EDGE('',*,*,#989,.T.);
#1396=ORIENTED_EDGE('',*,*,#987,.F.);
#1397=ORIENTED_EDGE('',*,*,#985,.F.);
#1398=ORIENTED_EDGE('',*,*,#818,.T.);
#1399=ORIENTED_EDGE('',*,*,#990,.F.);
#1400=ORIENTED_EDGE('',*,*,#991,.F.);
#1401=ORIENTED_EDGE('',*,*,#992,.F.);
#1402=ORIENTED_EDGE('',*,*,#819,.F.);
#1403=ORIENTED_EDGE('',*,*,#992,.T.);
#1404=ORIENTED_EDGE('',*,*,#993,.T.);
#1405=ORIENTED_EDGE('',*,*,#994,.F.);
#1406=ORIENTED_EDGE('',*,*,#820,.F.);
#1407=ORIENTED_EDGE('',*,*,#994,.T.);
#1408=ORIENTED_EDGE('',*,*,#995,.T.);
#1409=ORIENTED_EDGE('',*,*,#996,.T.);
#1410=ORIENTED_EDGE('',*,*,#821,.T.);
#1411=ORIENTED_EDGE('',*,*,#996,.F.);
#1412=ORIENTED_EDGE('',*,*,#997,.F.);
#1413=ORIENTED_EDGE('',*,*,#990,.T.);
#1414=ORIENTED_EDGE('',*,*,#991,.T.);
#1415=ORIENTED_EDGE('',*,*,#997,.T.);
#1416=ORIENTED_EDGE('',*,*,#995,.F.);
#1417=ORIENTED_EDGE('',*,*,#993,.F.);
#1418=ORIENTED_EDGE('',*,*,#822,.T.);
#1419=ORIENTED_EDGE('',*,*,#998,.F.);
#1420=ORIENTED_EDGE('',*,*,#999,.F.);
#1421=ORIENTED_EDGE('',*,*,#1000,.F.);
#1422=ORIENTED_EDGE('',*,*,#823,.F.);
#1423=ORIENTED_EDGE('',*,*,#1000,.T.);
#1424=ORIENTED_EDGE('',*,*,#1001,.T.);
#1425=ORIENTED_EDGE('',*,*,#1002,.F.);
#1426=ORIENTED_EDGE('',*,*,#824,.T.);
#1427=ORIENTED_EDGE('',*,*,#1002,.T.);
#1428=ORIENTED_EDGE('',*,*,#1003,.T.);
#1429=ORIENTED_EDGE('',*,*,#1004,.T.);
#1430=ORIENTED_EDGE('',*,*,#825,.T.);
#1431=ORIENTED_EDGE('',*,*,#1004,.F.);
#1432=ORIENTED_EDGE('',*,*,#1005,.F.);
#1433=ORIENTED_EDGE('',*,*,#998,.T.);
#1434=ORIENTED_EDGE('',*,*,#999,.T.);
#1435=ORIENTED_EDGE('',*,*,#1005,.T.);
#1436=ORIENTED_EDGE('',*,*,#1003,.F.);
#1437=ORIENTED_EDGE('',*,*,#1001,.F.);
#1438=PLANE('',#1652);
#1439=PLANE('',#1653);
#1440=PLANE('',#1654);
#1441=PLANE('',#1655);
#1442=PLANE('',#1656);
#1443=PLANE('',#1657);
#1444=PLANE('',#1658);
#1445=PLANE('',#1659);
#1446=PLANE('',#1660);
#1447=PLANE('',#1661);
#1448=PLANE('',#1662);
#1449=PLANE('',#1663);
#1450=PLANE('',#1664);
#1451=PLANE('',#1665);
#1452=PLANE('',#1666);
#1453=PLANE('',#1667);
#1454=PLANE('',#1668);
#1455=PLANE('',#1669);
#1456=PLANE('',#1670);
#1457=PLANE('',#1671);
#1458=PLANE('',#1672);
#1459=PLANE('',#1673);
#1460=PLANE('',#1674);
#1461=PLANE('',#1675);
#1462=PLANE('',#1676);
#1463=PLANE('',#1677);
#1464=PLANE('',#1678);
#1465=PLANE('',#1679);
#1466=PLANE('',#1680);
#1467=PLANE('',#1681);
#1468=PLANE('',#1682);
#1469=PLANE('',#1683);
#1470=PLANE('',#1684);
#1471=PLANE('',#1685);
#1472=PLANE('',#1686);
#1473=PLANE('',#1687);
#1474=PLANE('',#1688);
#1475=PLANE('',#1689);
#1476=PLANE('',#1690);
#1477=PLANE('',#1691);
#1478=PLANE('',#1692);
#1479=PLANE('',#1693);
#1480=PLANE('',#1694);
#1481=PLANE('',#1695);
#1482=PLANE('',#1696);
#1483=PLANE('',#1697);
#1484=PLANE('',#1698);
#1485=PLANE('',#1699);
#1486=PLANE('',#1700);
#1487=PLANE('',#1701);
#1488=PLANE('',#1702);
#1489=PLANE('',#1703);
#1490=PLANE('',#1704);
#1491=PLANE('',#1705);
#1492=PLANE('',#1706);
#1493=PLANE('',#1707);
#1494=PLANE('',#1708);
#1495=PLANE('',#1709);
#1496=PLANE('',#1710);
#1497=PLANE('',#1711);
#1498=PLANE('',#1712);
#1499=PLANE('',#1713);
#1500=PLANE('',#1714);
#1501=PLANE('',#1715);
#1502=PLANE('',#1716);
#1503=PLANE('',#1717);
#1504=PLANE('',#1718);
#1505=PLANE('',#1719);
#1506=PLANE('',#1720);
#1507=PLANE('',#1721);
#1508=PLANE('',#1722);
#1509=PLANE('',#1723);
#1510=PLANE('',#1724);
#1511=PLANE('',#1725);
#1512=PLANE('',#1726);
#1513=PLANE('',#1727);
#1514=PLANE('',#1728);
#1515=PLANE('',#1729);
#1516=PLANE('',#1730);
#1517=PLANE('',#1731);
#1518=PLANE('',#1732);
#1519=PLANE('',#1733);
#1520=PLANE('',#1734);
#1521=PLANE('',#1735);
#1522=PLANE('',#1736);
#1523=PLANE('',#1737);
#1524=STYLED_ITEM('',(#2613),#1551);
#1525=STYLED_ITEM('',(#2613),#1552);
#1526=STYLED_ITEM('',(#2613),#1553);
#1527=STYLED_ITEM('',(#2613),#1554);
#1528=STYLED_ITEM('',(#2613),#1555);
#1529=STYLED_ITEM('',(#2613),#1556);
#1530=STYLED_ITEM('',(#2613),#1557);
#1531=STYLED_ITEM('',(#2613),#1558);
#1532=STYLED_ITEM('',(#2613),#1559);
#1533=STYLED_ITEM('',(#2613),#1560);
#1534=STYLED_ITEM('',(#2613),#1561);
#1535=STYLED_ITEM('',(#2613),#1562);
#1536=STYLED_ITEM('',(#2613),#1563);
#1537=STYLED_ITEM('',(#2613),#1564);
#1538=STYLED_ITEM('',(#2613),#1565);
#1539=STYLED_ITEM('',(#2613),#1566);
#1540=STYLED_ITEM('',(#2613),#1567);
#1541=STYLED_ITEM('',(#2613),#1568);
#1542=STYLED_ITEM('',(#2613),#1569);
#1543=STYLED_ITEM('',(#2613),#1570);
#1544=STYLED_ITEM('',(#2613),#1571);
#1545=STYLED_ITEM('',(#2613),#1572);
#1546=STYLED_ITEM('',(#2613),#1573);
#1547=STYLED_ITEM('',(#2613),#1574);
#1548=STYLED_ITEM('',(#2613),#1605);
#1549=STYLED_ITEM('',(#2613),#1606);
#1550=STYLED_ITEM('',(#2612),#17);
#1551=ADVANCED_FACE('',(#30),#1438,.F.);
#1552=ADVANCED_FACE('',(#31),#1439,.T.);
#1553=ADVANCED_FACE('',(#32),#1440,.T.);
#1554=ADVANCED_FACE('',(#33,#18,#19),#1441,.F.);
#1555=ADVANCED_FACE('',(#34),#1442,.F.);
#1556=ADVANCED_FACE('',(#35),#1443,.T.);
#1557=ADVANCED_FACE('',(#36),#1444,.T.);
#1558=ADVANCED_FACE('',(#37,#20,#21),#1445,.F.);
#1559=ADVANCED_FACE('',(#38),#1446,.F.);
#1560=ADVANCED_FACE('',(#39),#1447,.T.);
#1561=ADVANCED_FACE('',(#40),#1448,.T.);
#1562=ADVANCED_FACE('',(#41,#22,#23),#1449,.F.);
#1563=ADVANCED_FACE('',(#42),#1450,.F.);
#1564=ADVANCED_FACE('',(#43),#1451,.T.);
#1565=ADVANCED_FACE('',(#44),#1452,.T.);
#1566=ADVANCED_FACE('',(#45),#1453,.T.);
#1567=ADVANCED_FACE('',(#46),#1454,.F.);
#1568=ADVANCED_FACE('',(#47),#1455,.F.);
#1569=ADVANCED_FACE('',(#48),#1456,.F.);
#1570=ADVANCED_FACE('',(#49),#1457,.F.);
#1571=ADVANCED_FACE('',(#50),#1458,.F.);
#1572=ADVANCED_FACE('',(#51,#24,#25,#26,#27,#28,#29),#1459,.T.);
#1573=ADVANCED_FACE('',(#52),#1460,.F.);
#1574=ADVANCED_FACE('',(#53),#1461,.F.);
#1575=ADVANCED_FACE('',(#54),#1462,.T.);
#1576=ADVANCED_FACE('',(#55),#1463,.T.);
#1577=ADVANCED_FACE('',(#56),#1464,.T.);
#1578=ADVANCED_FACE('',(#57),#1465,.F.);
#1579=ADVANCED_FACE('',(#58),#1466,.T.);
#1580=ADVANCED_FACE('',(#59),#1467,.T.);
#1581=ADVANCED_FACE('',(#60),#1468,.F.);
#1582=ADVANCED_FACE('',(#61),#1469,.T.);
#1583=ADVANCED_FACE('',(#62),#1470,.T.);
#1584=ADVANCED_FACE('',(#63),#1471,.T.);
#1585=ADVANCED_FACE('',(#64),#1472,.F.);
#1586=ADVANCED_FACE('',(#65),#1473,.T.);
#1587=ADVANCED_FACE('',(#66),#1474,.T.);
#1588=ADVANCED_FACE('',(#67),#1475,.T.);
#1589=ADVANCED_FACE('',(#68),#1476,.T.);
#1590=ADVANCED_FACE('',(#69),#1477,.F.);
#1591=ADVANCED_FACE('',(#70),#1478,.T.);
#1592=ADVANCED_FACE('',(#71),#1479,.T.);
#1593=ADVANCED_FACE('',(#72),#1480,.T.);
#1594=ADVANCED_FACE('',(#73),#1481,.T.);
#1595=ADVANCED_FACE('',(#74),#1482,.F.);
#1596=ADVANCED_FACE('',(#75),#1483,.T.);
#1597=ADVANCED_FACE('',(#76),#1484,.T.);
#1598=ADVANCED_FACE('',(#77),#1485,.T.);
#1599=ADVANCED_FACE('',(#78),#1486,.T.);
#1600=ADVANCED_FACE('',(#79),#1487,.F.);
#1601=ADVANCED_FACE('',(#80),#1488,.T.);
#1602=ADVANCED_FACE('',(#81),#1489,.T.);
#1603=ADVANCED_FACE('',(#82),#1490,.T.);
#1604=ADVANCED_FACE('',(#83),#1491,.T.);
#1605=ADVANCED_FACE('',(#84),#1492,.T.);
#1606=ADVANCED_FACE('',(#85),#1493,.T.);
#1607=ADVANCED_FACE('',(#86),#1494,.F.);
#1608=ADVANCED_FACE('',(#87),#1495,.T.);
#1609=ADVANCED_FACE('',(#88),#1496,.T.);
#1610=ADVANCED_FACE('',(#89),#1497,.T.);
#1611=ADVANCED_FACE('',(#90),#1498,.T.);
#1612=ADVANCED_FACE('',(#91),#1499,.F.);
#1613=ADVANCED_FACE('',(#92),#1500,.T.);
#1614=ADVANCED_FACE('',(#93),#1501,.T.);
#1615=ADVANCED_FACE('',(#94),#1502,.T.);
#1616=ADVANCED_FACE('',(#95),#1503,.T.);
#1617=ADVANCED_FACE('',(#96),#1504,.F.);
#1618=ADVANCED_FACE('',(#97),#1505,.T.);
#1619=ADVANCED_FACE('',(#98),#1506,.T.);
#1620=ADVANCED_FACE('',(#99),#1507,.T.);
#1621=ADVANCED_FACE('',(#100),#1508,.T.);
#1622=ADVANCED_FACE('',(#101),#1509,.F.);
#1623=ADVANCED_FACE('',(#102),#1510,.T.);
#1624=ADVANCED_FACE('',(#103),#1511,.T.);
#1625=ADVANCED_FACE('',(#104),#1512,.T.);
#1626=ADVANCED_FACE('',(#105),#1513,.T.);
#1627=ADVANCED_FACE('',(#106),#1514,.F.);
#1628=ADVANCED_FACE('',(#107),#1515,.T.);
#1629=ADVANCED_FACE('',(#108),#1516,.T.);
#1630=ADVANCED_FACE('',(#109),#1517,.T.);
#1631=ADVANCED_FACE('',(#110),#1518,.T.);
#1632=ADVANCED_FACE('',(#111),#1519,.F.);
#1633=ADVANCED_FACE('',(#112),#1520,.T.);
#1634=ADVANCED_FACE('',(#113),#1521,.T.);
#1635=ADVANCED_FACE('',(#114),#1522,.T.);
#1636=ADVANCED_FACE('',(#115),#1523,.T.);
#1637=CLOSED_SHELL('',(#1551,#1552,#1553,#1554,#1555,#1556,#1557,#1558,
#1559,#1560,#1561,#1562,#1563,#1564,#1565,#1566,#1567,#1568,#1569,#1570,
#1571,#1572,#1573,#1574,#1575,#1576,#1577,#1578,#1579,#1580,#1581,#1582,
#1583,#1584,#1585,#1586,#1587,#1588,#1589,#1590,#1591,#1592,#1593,#1594,
#1595,#1596,#1597,#1598,#1599,#1600,#1601,#1602,#1603,#1604,#1605,#1606,
#1607,#1608,#1609,#1610,#1611,#1612,#1613,#1614,#1615,#1616,#1617,#1618,
#1619,#1620,#1621,#1622,#1623,#1624,#1625,#1626,#1627,#1628,#1629,#1630,
#1631,#1632,#1633,#1634,#1635,#1636));
#1638=DERIVED_UNIT_ELEMENT(#1640,1.);
#1639=DERIVED_UNIT_ELEMENT(#2589,-3.);
#1640=(
MASS_UNIT()
NAMED_UNIT(*)
SI_UNIT(.KILO.,.GRAM.)
);
#1641=DERIVED_UNIT((#1638,#1639));
#1642=MEASURE_REPRESENTATION_ITEM('density measure',
POSITIVE_RATIO_MEASURE(7850.),#1641);
#1643=PROPERTY_DEFINITION_REPRESENTATION(#1648,#1645);
#1644=PROPERTY_DEFINITION_REPRESENTATION(#1649,#1646);
#1645=REPRESENTATION('material name',(#1647),#2586);
#1646=REPRESENTATION('density',(#1642),#2586);
#1647=DESCRIPTIVE_REPRESENTATION_ITEM('Steel','Steel');
#1648=PROPERTY_DEFINITION('material property','material name',#2601);
#1649=PROPERTY_DEFINITION('material property','density of part',#2601);
#1650=AXIS2_PLACEMENT_3D('',#2133,#1739,#1740);
#1651=AXIS2_PLACEMENT_3D('',#2134,#1741,#1742);
#1652=AXIS2_PLACEMENT_3D('',#2135,#1743,#1744);
#1653=AXIS2_PLACEMENT_3D('',#2144,#1749,#1750);
#1654=AXIS2_PLACEMENT_3D('',#2182,#1770,#1771);
#1655=AXIS2_PLACEMENT_3D('',#2188,#1775,#1776);
#1656=AXIS2_PLACEMENT_3D('',#2208,#1787,#1788);
#1657=AXIS2_PLACEMENT_3D('',#2212,#1791,#1792);
#1658=AXIS2_PLACEMENT_3D('',#2216,#1795,#1796);
#1659=AXIS2_PLACEMENT_3D('',#2220,#1799,#1800);
#1660=AXIS2_PLACEMENT_3D('',#2240,#1811,#1812);
#1661=AXIS2_PLACEMENT_3D('',#2244,#1815,#1816);
#1662=AXIS2_PLACEMENT_3D('',#2248,#1819,#1820);
#1663=AXIS2_PLACEMENT_3D('',#2252,#1823,#1824);
#1664=AXIS2_PLACEMENT_3D('',#2272,#1835,#1836);
#1665=AXIS2_PLACEMENT_3D('',#2276,#1839,#1840);
#1666=AXIS2_PLACEMENT_3D('',#2280,#1843,#1844);
#1667=AXIS2_PLACEMENT_3D('',#2284,#1847,#1848);
#1668=AXIS2_PLACEMENT_3D('',#2299,#1857,#1858);
#1669=AXIS2_PLACEMENT_3D('',#2305,#1862,#1863);
#1670=AXIS2_PLACEMENT_3D('',#2309,#1866,#1867);
#1671=AXIS2_PLACEMENT_3D('',#2313,#1870,#1871);
#1672=AXIS2_PLACEMENT_3D('',#2317,#1874,#1875);
#1673=AXIS2_PLACEMENT_3D('',#2319,#1877,#1878);
#1674=AXIS2_PLACEMENT_3D('',#2371,#1905,#1906);
#1675=AXIS2_PLACEMENT_3D('',#2373,#1908,#1909);
#1676=AXIS2_PLACEMENT_3D('',#2374,#1910,#1911);
#1677=AXIS2_PLACEMENT_3D('',#2380,#1915,#1916);
#1678=AXIS2_PLACEMENT_3D('',#2384,#1919,#1920);
#1679=AXIS2_PLACEMENT_3D('',#2388,#1923,#1924);
#1680=AXIS2_PLACEMENT_3D('',#2390,#1926,#1927);
#1681=AXIS2_PLACEMENT_3D('',#2391,#1928,#1929);
#1682=AXIS2_PLACEMENT_3D('',#2397,#1933,#1934);
#1683=AXIS2_PLACEMENT_3D('',#2401,#1937,#1938);
#1684=AXIS2_PLACEMENT_3D('',#2405,#1941,#1942);
#1685=AXIS2_PLACEMENT_3D('',#2407,#1944,#1945);
#1686=AXIS2_PLACEMENT_3D('',#2408,#1946,#1947);
#1687=AXIS2_PLACEMENT_3D('',#2414,#1951,#1952);
#1688=AXIS2_PLACEMENT_3D('',#2418,#1955,#1956);
#1689=AXIS2_PLACEMENT_3D('',#2422,#1959,#1960);
#1690=AXIS2_PLACEMENT_3D('',#2424,#1962,#1963);
#1691=AXIS2_PLACEMENT_3D('',#2425,#1964,#1965);
#1692=AXIS2_PLACEMENT_3D('',#2431,#1969,#1970);
#1693=AXIS2_PLACEMENT_3D('',#2435,#1973,#1974);
#1694=AXIS2_PLACEMENT_3D('',#2439,#1977,#1978);
#1695=AXIS2_PLACEMENT_3D('',#2441,#1980,#1981);
#1696=AXIS2_PLACEMENT_3D('',#2442,#1982,#1983);
#1697=AXIS2_PLACEMENT_3D('',#2448,#1987,#1988);
#1698=AXIS2_PLACEMENT_3D('',#2452,#1991,#1992);
#1699=AXIS2_PLACEMENT_3D('',#2456,#1995,#1996);
#1700=AXIS2_PLACEMENT_3D('',#2458,#1998,#1999);
#1701=AXIS2_PLACEMENT_3D('',#2459,#2000,#2001);
#1702=AXIS2_PLACEMENT_3D('',#2465,#2005,#2006);
#1703=AXIS2_PLACEMENT_3D('',#2469,#2009,#2010);
#1704=AXIS2_PLACEMENT_3D('',#2473,#2013,#2014);
#1705=AXIS2_PLACEMENT_3D('',#2475,#2016,#2017);
#1706=AXIS2_PLACEMENT_3D('',#2476,#2018,#2019);
#1707=AXIS2_PLACEMENT_3D('',#2478,#2021,#2022);
#1708=AXIS2_PLACEMENT_3D('',#2479,#2023,#2024);
#1709=AXIS2_PLACEMENT_3D('',#2485,#2028,#2029);
#1710=AXIS2_PLACEMENT_3D('',#2489,#2032,#2033);
#1711=AXIS2_PLACEMENT_3D('',#2493,#2036,#2037);
#1712=AXIS2_PLACEMENT_3D('',#2495,#2039,#2040);
#1713=AXIS2_PLACEMENT_3D('',#2496,#2041,#2042);
#1714=AXIS2_PLACEMENT_3D('',#2502,#2046,#2047);
#1715=AXIS2_PLACEMENT_3D('',#2506,#2050,#2051);
#1716=AXIS2_PLACEMENT_3D('',#2510,#2054,#2055);
#1717=AXIS2_PLACEMENT_3D('',#2512,#2057,#2058);
#1718=AXIS2_PLACEMENT_3D('',#2513,#2059,#2060);
#1719=AXIS2_PLACEMENT_3D('',#2519,#2064,#2065);
#1720=AXIS2_PLACEMENT_3D('',#2523,#2068,#2069);
#1721=AXIS2_PLACEMENT_3D('',#2527,#2072,#2073);
#1722=AXIS2_PLACEMENT_3D('',#2529,#2075,#2076);
#1723=AXIS2_PLACEMENT_3D('',#2530,#2077,#2078);
#1724=AXIS2_PLACEMENT_3D('',#2536,#2082,#2083);
#1725=AXIS2_PLACEMENT_3D('',#2540,#2086,#2087);
#1726=AXIS2_PLACEMENT_3D('',#2544,#2090,#2091);
#1727=AXIS2_PLACEMENT_3D('',#2546,#2093,#2094);
#1728=AXIS2_PLACEMENT_3D('',#2547,#2095,#2096);
#1729=AXIS2_PLACEMENT_3D('',#2553,#2100,#2101);
#1730=AXIS2_PLACEMENT_3D('',#2557,#2104,#2105);
#1731=AXIS2_PLACEMENT_3D('',#2561,#2108,#2109);
#1732=AXIS2_PLACEMENT_3D('',#2563,#2111,#2112);
#1733=AXIS2_PLACEMENT_3D('',#2564,#2113,#2114);
#1734=AXIS2_PLACEMENT_3D('',#2570,#2118,#2119);
#1735=AXIS2_PLACEMENT_3D('',#2574,#2122,#2123);
#1736=AXIS2_PLACEMENT_3D('',#2578,#2126,#2127);
#1737=AXIS2_PLACEMENT_3D('',#2580,#2129,#2130);
#1738=AXIS2_PLACEMENT_3D('',#2581,#2131,#2132);
#1739=DIRECTION('axis',(0.,0.,1.));
#1740=DIRECTION('refdir',(1.,0.,0.));
#1741=DIRECTION('axis',(0.,0.,1.));
#1742=DIRECTION('refdir',(1.,0.,0.));
#1743=DIRECTION('center_axis',(1.,0.,0.));
#1744=DIRECTION('ref_axis',(0.,0.,-1.));
#1745=DIRECTION('',(0.,-1.,0.));
#1746=DIRECTION('',(0.,0.,1.));
#1747=DIRECTION('',(0.,1.,0.));
#1748=DIRECTION('',(0.,0.,-1.));
#1749=DIRECTION('center_axis',(0.,0.,1.));
#1750=DIRECTION('ref_axis',(0.,-1.,0.));
#1751=DIRECTION('',(0.,1.,0.));
#1752=DIRECTION('',(1.,0.,0.));
#1753=DIRECTION('',(0.,1.,0.));
#1754=DIRECTION('',(1.,0.,0.));
#1755=DIRECTION('',(0.,1.,0.));
#1756=DIRECTION('',(1.,0.,0.));
#1757=DIRECTION('',(0.,1.,0.));
#1758=DIRECTION('',(1.,0.,0.));
#1759=DIRECTION('',(0.,1.,0.));
#1760=DIRECTION('',(1.,0.,0.));
#1761=DIRECTION('',(0.,1.,0.));
#1762=DIRECTION('',(1.,0.,0.));
#1763=DIRECTION('',(0.,-1.,0.));
#1764=DIRECTION('',(1.,0.,0.));
#1765=DIRECTION('',(0.,-1.,0.));
#1766=DIRECTION('',(1.,0.,0.));
#1767=DIRECTION('',(0.,-1.,0.));
#1768=DIRECTION('',(1.,0.,0.));
#1769=DIRECTION('',(1.,0.,0.));
#1770=DIRECTION('center_axis',(1.,0.,0.));
#1771=DIRECTION('ref_axis',(0.,0.,-1.));
#1772=DIRECTION('',(0.,0.,-1.));
#1773=DIRECTION('',(0.,1.,0.));
#1774=DIRECTION('',(0.,0.,1.));
#1775=DIRECTION('center_axis',(0.,1.,0.));
#1776=DIRECTION('ref_axis',(0.,0.,1.));
#1777=DIRECTION('',(1.,0.,0.));
#1778=DIRECTION('',(0.,0.,1.));
#1779=DIRECTION('',(0.,0.,-1.));
#1780=DIRECTION('',(1.,0.,0.));
#1781=DIRECTION('',(0.,0.,-1.));
#1782=DIRECTION('',(1.,0.,0.));
#1783=DIRECTION('',(0.,0.,-1.));
#1784=DIRECTION('',(1.,0.,0.));
#1785=DIRECTION('',(0.,0.,1.));
#1786=DIRECTION('',(1.,0.,0.));
#1787=DIRECTION('center_axis',(1.,0.,0.));
#1788=DIRECTION('ref_axis',(0.,0.,-1.));
#1789=DIRECTION('',(0.,1.,0.));
#1790=DIRECTION('',(0.,0.,-1.));
#1791=DIRECTION('center_axis',(0.,-1.,0.));
#1792=DIRECTION('ref_axis',(0.,0.,-1.));
#1793=DIRECTION('',(1.,0.,0.));
#1794=DIRECTION('',(0.,0.,-1.));
#1795=DIRECTION('center_axis',(1.,0.,0.));
#1796=DIRECTION('ref_axis',(0.,0.,-1.));
#1797=DIRECTION('',(0.,1.,0.));
#1798=DIRECTION('',(0.,0.,1.));
#1799=DIRECTION('center_axis',(0.,1.,0.));
#1800=DIRECTION('ref_axis',(0.,0.,1.));
#1801=DIRECTION('',(1.,0.,0.));
#1802=DIRECTION('',(0.,0.,1.));
#1803=DIRECTION('',(0.,0.,-1.));
#1804=DIRECTION('',(1.,0.,0.));
#1805=DIRECTION('',(0.,0.,-1.));
#1806=DIRECTION('',(1.,0.,0.));
#1807=DIRECTION('',(0.,0.,-1.));
#1808=DIRECTION('',(1.,0.,0.));
#1809=DIRECTION('',(0.,0.,1.));
#1810=DIRECTION('',(1.,0.,0.));
#1811=DIRECTION('center_axis',(1.,0.,0.));
#1812=DIRECTION('ref_axis',(0.,0.,-1.));
#1813=DIRECTION('',(0.,1.,0.));
#1814=DIRECTION('',(0.,0.,-1.));
#1815=DIRECTION('center_axis',(0.,-1.,0.));
#1816=DIRECTION('ref_axis',(0.,0.,-1.));
#1817=DIRECTION('',(1.,0.,0.));
#1818=DIRECTION('',(0.,0.,-1.));
#1819=DIRECTION('center_axis',(1.,0.,0.));
#1820=DIRECTION('ref_axis',(0.,0.,-1.));
#1821=DIRECTION('',(0.,1.,0.));
#1822=DIRECTION('',(0.,0.,1.));
#1823=DIRECTION('center_axis',(0.,1.,0.));
#1824=DIRECTION('ref_axis',(0.,0.,1.));
#1825=DIRECTION('',(1.,0.,0.));
#1826=DIRECTION('',(0.,0.,1.));
#1827=DIRECTION('',(0.,0.,-1.));
#1828=DIRECTION('',(1.,0.,0.));
#1829=DIRECTION('',(0.,0.,-1.));
#1830=DIRECTION('',(1.,0.,0.));
#1831=DIRECTION('',(0.,0.,-1.));
#1832=DIRECTION('',(1.,0.,0.));
#1833=DIRECTION('',(0.,0.,1.));
#1834=DIRECTION('',(1.,0.,0.));
#1835=DIRECTION('center_axis',(1.,0.,0.));
#1836=DIRECTION('ref_axis',(0.,0.,-1.));
#1837=DIRECTION('',(0.,1.,0.));
#1838=DIRECTION('',(0.,0.,-1.));
#1839=DIRECTION('center_axis',(0.,-1.,0.));
#1840=DIRECTION('ref_axis',(0.,0.,-1.));
#1841=DIRECTION('',(1.,0.,0.));
#1842=DIRECTION('',(0.,0.,-1.));
#1843=DIRECTION('center_axis',(1.,0.,0.));
#1844=DIRECTION('ref_axis',(0.,0.,-1.));
#1845=DIRECTION('',(0.,1.,0.));
#1846=DIRECTION('',(0.,0.,1.));
#1847=DIRECTION('center_axis',(0.,1.,0.));
#1848=DIRECTION('ref_axis',(0.,0.,1.));
#1849=DIRECTION('',(0.,0.,1.));
#1850=DIRECTION('',(-1.,0.,0.));
#1851=DIRECTION('',(0.,0.,-1.));
#1852=DIRECTION('',(1.,0.,0.));
#1853=DIRECTION('',(0.,0.,-1.));
#1854=DIRECTION('',(1.,0.,0.));
#1855=DIRECTION('',(0.,0.,-1.));
#1856=DIRECTION('',(1.,0.,0.));
#1857=DIRECTION('center_axis',(-1.,0.,0.));
#1858=DIRECTION('ref_axis',(0.,0.,1.));
#1859=DIRECTION('',(0.,-1.,0.));
#1860=DIRECTION('',(0.,0.,1.));
#1861=DIRECTION('',(0.,-1.,0.));
#1862=DIRECTION('center_axis',(0.,0.,-1.));
#1863=DIRECTION('ref_axis',(-1.,0.,0.));
#1864=DIRECTION('',(-1.,0.,0.));
#1865=DIRECTION('',(0.,-1.,0.));
#1866=DIRECTION('center_axis',(1.,0.,0.));
#1867=DIRECTION('ref_axis',(0.,0.,-1.));
#1868=DIRECTION('',(0.,0.,-1.));
#1869=DIRECTION('',(0.,-1.,0.));
#1870=DIRECTION('center_axis',(0.,0.,1.));
#1871=DIRECTION('ref_axis',(1.,0.,0.));
#1872=DIRECTION('',(1.,0.,0.));
#1873=DIRECTION('',(0.,-1.,0.));
#1874=DIRECTION('center_axis',(1.,0.,0.));
#1875=DIRECTION('ref_axis',(0.,0.,-1.));
#1876=DIRECTION('',(0.,0.,-1.));
#1877=DIRECTION('center_axis',(0.,1.,0.));
#1878=DIRECTION('ref_axis',(1.,0.,0.));
#1879=DIRECTION('',(1.,0.,0.));
#1880=DIRECTION('',(0.,0.,1.));
#1881=DIRECTION('',(1.,0.,0.));
#1882=DIRECTION('',(0.,0.,-1.));
#1883=DIRECTION('',(1.,0.,0.));
#1884=DIRECTION('',(0.,0.,-1.));
#1885=DIRECTION('',(1.,0.,0.));
#1886=DIRECTION('',(0.,0.,-1.));
#1887=DIRECTION('',(1.,0.,0.));
#1888=DIRECTION('',(0.,0.,-1.));
#1889=DIRECTION('',(0.,0.,-1.));
#1890=DIRECTION('',(1.,0.,0.));
#1891=DIRECTION('',(0.,0.,-1.));
#1892=DIRECTION('',(1.,0.,0.));
#1893=DIRECTION('',(0.,0.,-1.));
#1894=DIRECTION('',(1.,0.,0.));
#1895=DIRECTION('',(0.,0.,-1.));
#1896=DIRECTION('',(1.,0.,0.));
#1897=DIRECTION('',(0.,0.,-1.));
#1898=DIRECTION('',(1.,0.,0.));
#1899=DIRECTION('',(0.,0.,-1.));
#1900=DIRECTION('',(1.,0.,0.));
#1901=DIRECTION('',(0.,0.,-1.));
#1902=DIRECTION('',(1.,0.,0.));
#1903=DIRECTION('',(0.,0.,-1.));
#1904=DIRECTION('',(1.,0.,0.));
#1905=DIRECTION('center_axis',(-1.,0.,0.));
#1906=DIRECTION('ref_axis',(0.,0.,1.));
#1907=DIRECTION('',(0.,-1.,0.));
#1908=DIRECTION('center_axis',(0.,0.,1.));
#1909=DIRECTION('ref_axis',(1.,0.,0.));
#1910=DIRECTION('center_axis',(0.,0.,-1.));
#1911=DIRECTION('ref_axis',(0.,1.,0.));
#1912=DIRECTION('',(0.,1.,0.));
#1913=DIRECTION('',(1.,0.,0.));
#1914=DIRECTION('',(0.,1.,0.));
#1915=DIRECTION('center_axis',(1.,0.,0.));
#1916=DIRECTION('ref_axis',(0.,0.,-1.));
#1917=DIRECTION('',(0.,0.,1.));
#1918=DIRECTION('',(0.,-1.,0.));
#1919=DIRECTION('center_axis',(0.,0.,1.));
#1920=DIRECTION('ref_axis',(0.,-1.,0.));
#1921=DIRECTION('',(1.,0.,0.));
#1922=DIRECTION('',(0.,-1.,0.));
#1923=DIRECTION('center_axis',(1.,0.,0.));
#1924=DIRECTION('ref_axis',(0.,0.,-1.));
#1925=DIRECTION('',(0.,0.,1.));
#1926=DIRECTION('center_axis',(0.,1.,0.));
#1927=DIRECTION('ref_axis',(0.,0.,1.));
#1928=DIRECTION('center_axis',(0.,0.,1.));
#1929=DIRECTION('ref_axis',(0.,-1.,0.));
#1930=DIRECTION('',(0.,-1.,0.));
#1931=DIRECTION('',(1.,0.,0.));
#1932=DIRECTION('',(0.,-1.,0.));
#1933=DIRECTION('center_axis',(1.,0.,0.));
#1934=DIRECTION('ref_axis',(0.,0.,-1.));
#1935=DIRECTION('',(0.,1.,0.));
#1936=DIRECTION('',(0.,0.,1.));
#1937=DIRECTION('center_axis',(0.,0.,-1.));
#1938=DIRECTION('ref_axis',(0.,1.,0.));
#1939=DIRECTION('',(1.,0.,0.));
#1940=DIRECTION('',(0.,1.,0.));
#1941=DIRECTION('center_axis',(1.,0.,0.));
#1942=DIRECTION('ref_axis',(0.,0.,-1.));
#1943=DIRECTION('',(0.,0.,1.));
#1944=DIRECTION('center_axis',(0.,1.,0.));
#1945=DIRECTION('ref_axis',(0.,0.,1.));
#1946=DIRECTION('center_axis',(1.,0.,0.));
#1947=DIRECTION('ref_axis',(0.,0.,-1.));
#1948=DIRECTION('',(0.,-1.,0.));
#1949=DIRECTION('',(0.,0.,1.));
#1950=DIRECTION('',(0.,1.,0.));
#1951=DIRECTION('center_axis',(0.,0.,-1.));
#1952=DIRECTION('ref_axis',(0.,1.,0.));
#1953=DIRECTION('',(1.,0.,0.));
#1954=DIRECTION('',(0.,1.,0.));
#1955=DIRECTION('center_axis',(1.,0.,0.));
#1956=DIRECTION('ref_axis',(0.,0.,-1.));
#1957=DIRECTION('',(0.,0.,1.));
#1958=DIRECTION('',(0.,-1.,0.));
#1959=DIRECTION('center_axis',(0.,0.,1.));
#1960=DIRECTION('ref_axis',(0.,-1.,0.));
#1961=DIRECTION('',(1.,0.,0.));
#1962=DIRECTION('center_axis',(0.,1.,0.));
#1963=DIRECTION('ref_axis',(0.,0.,1.));
#1964=DIRECTION('center_axis',(1.,0.,0.));
#1965=DIRECTION('ref_axis',(0.,0.,-1.));
#1966=DIRECTION('',(0.,-1.,0.));
#1967=DIRECTION('',(0.,0.,1.));
#1968=DIRECTION('',(0.,1.,0.));
#1969=DIRECTION('center_axis',(0.,0.,-1.));
#1970=DIRECTION('ref_axis',(0.,1.,0.));
#1971=DIRECTION('',(1.,0.,0.));
#1972=DIRECTION('',(0.,1.,0.));
#1973=DIRECTION('center_axis',(1.,0.,0.));
#1974=DIRECTION('ref_axis',(0.,0.,-1.));
#1975=DIRECTION('',(0.,0.,1.));
#1976=DIRECTION('',(0.,-1.,0.));
#1977=DIRECTION('center_axis',(0.,0.,1.));
#1978=DIRECTION('ref_axis',(0.,-1.,0.));
#1979=DIRECTION('',(1.,0.,0.));
#1980=DIRECTION('center_axis',(0.,1.,0.));
#1981=DIRECTION('ref_axis',(0.,0.,1.));
#1982=DIRECTION('center_axis',(1.,0.,0.));
#1983=DIRECTION('ref_axis',(0.,0.,-1.));
#1984=DIRECTION('',(0.,-1.,0.));
#1985=DIRECTION('',(0.,0.,1.));
#1986=DIRECTION('',(0.,1.,0.));
#1987=DIRECTION('center_axis',(0.,0.,-1.));
#1988=DIRECTION('ref_axis',(0.,1.,0.));
#1989=DIRECTION('',(1.,0.,0.));
#1990=DIRECTION('',(0.,1.,0.));
#1991=DIRECTION('center_axis',(1.,0.,0.));
#1992=DIRECTION('ref_axis',(0.,0.,-1.));
#1993=DIRECTION('',(0.,0.,1.));
#1994=DIRECTION('',(0.,-1.,0.));
#1995=DIRECTION('center_axis',(0.,0.,1.));
#1996=DIRECTION('ref_axis',(0.,-1.,0.));
#1997=DIRECTION('',(1.,0.,0.));
#1998=DIRECTION('center_axis',(0.,1.,0.));
#1999=DIRECTION('ref_axis',(0.,0.,1.));
#2000=DIRECTION('center_axis',(1.,0.,0.));
#2001=DIRECTION('ref_axis',(0.,0.,-1.));
#2002=DIRECTION('',(0.,-1.,0.));
#2003=DIRECTION('',(0.,0.,1.));
#2004=DIRECTION('',(0.,1.,0.));
#2005=DIRECTION('center_axis',(0.,0.,-1.));
#2006=DIRECTION('ref_axis',(0.,1.,0.));
#2007=DIRECTION('',(1.,0.,0.));
#2008=DIRECTION('',(0.,1.,0.));
#2009=DIRECTION('center_axis',(1.,0.,0.));
#2010=DIRECTION('ref_axis',(0.,0.,-1.));
#2011=DIRECTION('',(0.,0.,1.));
#2012=DIRECTION('',(0.,-1.,0.));
#2013=DIRECTION('center_axis',(0.,0.,1.));
#2014=DIRECTION('ref_axis',(0.,-1.,0.));
#2015=DIRECTION('',(1.,0.,0.));
#2016=DIRECTION('center_axis',(0.,1.,0.));
#2017=DIRECTION('ref_axis',(0.,0.,1.));
#2018=DIRECTION('center_axis',(0.,0.,-1.));
#2019=DIRECTION('ref_axis',(0.,1.,0.));
#2020=DIRECTION('',(1.,0.,0.));
#2021=DIRECTION('center_axis',(0.,-1.,0.));
#2022=DIRECTION('ref_axis',(0.,0.,-1.));
#2023=DIRECTION('center_axis',(1.,0.,0.));
#2024=DIRECTION('ref_axis',(0.,0.,-1.));
#2025=DIRECTION('',(0.,1.,0.));
#2026=DIRECTION('',(0.,0.,-1.));
#2027=DIRECTION('',(0.,-1.,0.));
#2028=DIRECTION('center_axis',(0.,0.,1.));
#2029=DIRECTION('ref_axis',(0.,-1.,0.));
#2030=DIRECTION('',(1.,0.,0.));
#2031=DIRECTION('',(0.,-1.,0.));
#2032=DIRECTION('center_axis',(1.,0.,0.));
#2033=DIRECTION('ref_axis',(0.,0.,-1.));
#2034=DIRECTION('',(0.,0.,-1.));
#2035=DIRECTION('',(0.,1.,0.));
#2036=DIRECTION('center_axis',(0.,0.,-1.));
#2037=DIRECTION('ref_axis',(0.,1.,0.));
#2038=DIRECTION('',(1.,0.,0.));
#2039=DIRECTION('center_axis',(0.,-1.,0.));
#2040=DIRECTION('ref_axis',(0.,0.,-1.));
#2041=DIRECTION('center_axis',(1.,0.,0.));
#2042=DIRECTION('ref_axis',(0.,0.,-1.));
#2043=DIRECTION('',(0.,1.,0.));
#2044=DIRECTION('',(0.,0.,-1.));
#2045=DIRECTION('',(0.,-1.,0.));
#2046=DIRECTION('center_axis',(0.,0.,1.));
#2047=DIRECTION('ref_axis',(0.,-1.,0.));
#2048=DIRECTION('',(1.,0.,0.));
#2049=DIRECTION('',(0.,-1.,0.));
#2050=DIRECTION('center_axis',(1.,0.,0.));
#2051=DIRECTION('ref_axis',(0.,0.,-1.));
#2052=DIRECTION('',(0.,0.,-1.));
#2053=DIRECTION('',(0.,1.,0.));
#2054=DIRECTION('center_axis',(0.,0.,-1.));
#2055=DIRECTION('ref_axis',(0.,1.,0.));
#2056=DIRECTION('',(1.,0.,0.));
#2057=DIRECTION('center_axis',(0.,-1.,0.));
#2058=DIRECTION('ref_axis',(0.,0.,-1.));
#2059=DIRECTION('center_axis',(1.,0.,0.));
#2060=DIRECTION('ref_axis',(0.,0.,-1.));
#2061=DIRECTION('',(0.,1.,0.));
#2062=DIRECTION('',(0.,0.,-1.));
#2063=DIRECTION('',(0.,-1.,0.));
#2064=DIRECTION('center_axis',(0.,0.,1.));
#2065=DIRECTION('ref_axis',(0.,-1.,0.));
#2066=DIRECTION('',(1.,0.,0.));
#2067=DIRECTION('',(0.,-1.,0.));
#2068=DIRECTION('center_axis',(1.,0.,0.));
#2069=DIRECTION('ref_axis',(0.,0.,-1.));
#2070=DIRECTION('',(0.,0.,-1.));
#2071=DIRECTION('',(0.,1.,0.));
#2072=DIRECTION('center_axis',(0.,0.,-1.));
#2073=DIRECTION('ref_axis',(0.,1.,0.));
#2074=DIRECTION('',(1.,0.,0.));
#2075=DIRECTION('center_axis',(0.,-1.,0.));
#2076=DIRECTION('ref_axis',(0.,0.,-1.));
#2077=DIRECTION('center_axis',(1.,0.,0.));
#2078=DIRECTION('ref_axis',(0.,0.,-1.));
#2079=DIRECTION('',(0.,1.,0.));
#2080=DIRECTION('',(0.,0.,-1.));
#2081=DIRECTION('',(0.,-1.,0.));
#2082=DIRECTION('center_axis',(0.,0.,1.));
#2083=DIRECTION('ref_axis',(0.,-1.,0.));
#2084=DIRECTION('',(1.,0.,0.));
#2085=DIRECTION('',(0.,-1.,0.));
#2086=DIRECTION('center_axis',(1.,0.,0.));
#2087=DIRECTION('ref_axis',(0.,0.,-1.));
#2088=DIRECTION('',(0.,0.,-1.));
#2089=DIRECTION('',(0.,1.,0.));
#2090=DIRECTION('center_axis',(0.,0.,-1.));
#2091=DIRECTION('ref_axis',(0.,1.,0.));
#2092=DIRECTION('',(1.,0.,0.));
#2093=DIRECTION('center_axis',(0.,-1.,0.));
#2094=DIRECTION('ref_axis',(0.,0.,-1.));
#2095=DIRECTION('center_axis',(1.,0.,0.));
#2096=DIRECTION('ref_axis',(0.,0.,-1.));
#2097=DIRECTION('',(0.,1.,0.));
#2098=DIRECTION('',(0.,0.,-1.));
#2099=DIRECTION('',(0.,-1.,0.));
#2100=DIRECTION('center_axis',(0.,0.,1.));
#2101=DIRECTION('ref_axis',(0.,-1.,0.));
#2102=DIRECTION('',(1.,0.,0.));
#2103=DIRECTION('',(0.,-1.,0.));
#2104=DIRECTION('center_axis',(1.,0.,0.));
#2105=DIRECTION('ref_axis',(0.,0.,-1.));
#2106=DIRECTION('',(0.,0.,-1.));
#2107=DIRECTION('',(0.,1.,0.));
#2108=DIRECTION('center_axis',(0.,0.,-1.));
#2109=DIRECTION('ref_axis',(0.,1.,0.));
#2110=DIRECTION('',(1.,0.,0.));
#2111=DIRECTION('center_axis',(0.,-1.,0.));
#2112=DIRECTION('ref_axis',(0.,0.,-1.));
#2113=DIRECTION('center_axis',(1.,0.,0.));
#2114=DIRECTION('ref_axis',(0.,0.,-1.));
#2115=DIRECTION('',(0.,1.,0.));
#2116=DIRECTION('',(0.,0.,-1.));
#2117=DIRECTION('',(0.,-1.,0.));
#2118=DIRECTION('center_axis',(0.,0.,1.));
#2119=DIRECTION('ref_axis',(0.,-1.,0.));
#2120=DIRECTION('',(1.,0.,0.));
#2121=DIRECTION('',(0.,-1.,0.));
#2122=DIRECTION('center_axis',(1.,0.,0.));
#2123=DIRECTION('ref_axis',(0.,0.,-1.));
#2124=DIRECTION('',(0.,0.,-1.));
#2125=DIRECTION('',(0.,1.,0.));
#2126=DIRECTION('center_axis',(0.,0.,-1.));
#2127=DIRECTION('ref_axis',(0.,1.,0.));
#2128=DIRECTION('',(1.,0.,0.));
#2129=DIRECTION('center_axis',(0.,-1.,0.));
#2130=DIRECTION('ref_axis',(0.,0.,-1.));
#2131=DIRECTION('',(-1.,-6.93889390390723E-17,-3.74700270810991E-16));
#2132=DIRECTION('',(-8.32667268468868E-17,-1.,1.47546151224869E-31));
#2133=CARTESIAN_POINT('',(0.,0.,0.));
#2134=CARTESIAN_POINT('',(0.,0.,0.));
#2135=CARTESIAN_POINT('Origin',(-5.055,0.,0.));
#2136=CARTESIAN_POINT('',(-5.055,5.4,2.55));
#2137=CARTESIAN_POINT('',(-5.055,0.,2.55));
#2138=CARTESIAN_POINT('',(-5.055,5.4,2.55));
#2139=CARTESIAN_POINT('',(-5.055,5.4,-2.55));
#2140=CARTESIAN_POINT('',(-5.055,5.4,-2.55));
#2141=CARTESIAN_POINT('',(-5.055,0.,-2.55));
#2142=CARTESIAN_POINT('',(-5.055,0.,-2.55));
#2143=CARTESIAN_POINT('',(-5.055,0.,2.55));
#2144=CARTESIAN_POINT('Origin',(-5.055,5.4,2.55));
#2145=CARTESIAN_POINT('',(-1.72,0.,2.55));
#2146=CARTESIAN_POINT('',(-1.72,0.5,2.55));
#2147=CARTESIAN_POINT('',(-1.72,0.,2.55));
#2148=CARTESIAN_POINT('',(-0.82,0.5,2.55));
#2149=CARTESIAN_POINT('',(-1.72,0.5,2.55));
#2150=CARTESIAN_POINT('',(-0.82,0.,2.55));
#2151=CARTESIAN_POINT('',(-0.82,0.,2.55));
#2152=CARTESIAN_POINT('',(-0.45,0.,2.55));
#2153=CARTESIAN_POINT('',(-0.82,0.,2.55));
#2154=CARTESIAN_POINT('',(-0.45,0.5,2.55));
#2155=CARTESIAN_POINT('',(-0.45,0.,2.55));
#2156=CARTESIAN_POINT('',(0.45,0.5,2.55));
#2157=CARTESIAN_POINT('',(-0.45,0.5,2.55));
#2158=CARTESIAN_POINT('',(0.45,0.,2.55));
#2159=CARTESIAN_POINT('',(0.45,0.,2.55));
#2160=CARTESIAN_POINT('',(0.82,0.,2.55));
#2161=CARTESIAN_POINT('',(0.45,0.,2.55));
#2162=CARTESIAN_POINT('',(0.82,0.5,2.55));
#2163=CARTESIAN_POINT('',(0.82,0.,2.55));
#2164=CARTESIAN_POINT('',(1.72,0.5,2.55));
#2165=CARTESIAN_POINT('',(0.82,0.5,2.55));
#2166=CARTESIAN_POINT('',(1.72,0.,2.55));
#2167=CARTESIAN_POINT('',(1.72,0.,2.55));
#2168=CARTESIAN_POINT('',(5.055,0.,2.55));
#2169=CARTESIAN_POINT('',(1.72,0.,2.55));
#2170=CARTESIAN_POINT('',(5.055,5.4,2.55));
#2171=CARTESIAN_POINT('',(5.055,5.4,2.55));
#2172=CARTESIAN_POINT('',(1.2,5.4,2.55));
#2173=CARTESIAN_POINT('',(1.2,5.4,2.55));
#2174=CARTESIAN_POINT('',(1.2,2.,2.55));
#2175=CARTESIAN_POINT('',(1.2,5.4,2.55));
#2176=CARTESIAN_POINT('',(-1.2,2.,2.55));
#2177=CARTESIAN_POINT('',(-1.2,2.,2.55));
#2178=CARTESIAN_POINT('',(-1.2,5.4,2.55));
#2179=CARTESIAN_POINT('',(-1.2,5.4,2.55));
#2180=CARTESIAN_POINT('',(-5.055,5.4,2.55));
#2181=CARTESIAN_POINT('',(-5.055,0.,2.55));
#2182=CARTESIAN_POINT('Origin',(-1.72,0.,0.));
#2183=CARTESIAN_POINT('',(-1.72,0.,-2.55));
#2184=CARTESIAN_POINT('',(-1.72,0.,2.55));
#2185=CARTESIAN_POINT('',(-1.72,0.5,-2.55));
#2186=CARTESIAN_POINT('',(-1.72,0.,-2.55));
#2187=CARTESIAN_POINT('',(-1.72,0.5,-2.55));
#2188=CARTESIAN_POINT('Origin',(-1.72,0.5,-2.55));
#2189=CARTESIAN_POINT('',(-0.82,0.5,-2.55));
#2190=CARTESIAN_POINT('',(-1.72,0.5,-2.55));
#2191=CARTESIAN_POINT('',(-0.82,0.5,-2.55));
#2192=CARTESIAN_POINT('',(-1.47,0.5,0.835));
#2193=CARTESIAN_POINT('',(-1.47,0.5,0.435));
#2194=CARTESIAN_POINT('',(-1.47,0.5,0.835));
#2195=CARTESIAN_POINT('',(-1.07,0.5,0.835));
#2196=CARTESIAN_POINT('',(-1.47,0.5,0.835));
#2197=CARTESIAN_POINT('',(-1.07,0.5,0.435));
#2198=CARTESIAN_POINT('',(-1.07,0.5,0.835));
#2199=CARTESIAN_POINT('',(-1.47,0.5,0.435));
#2200=CARTESIAN_POINT('',(-1.47,0.5,-0.435));
#2201=CARTESIAN_POINT('',(-1.47,0.5,-0.835));
#2202=CARTESIAN_POINT('',(-1.47,0.5,-0.435));
#2203=CARTESIAN_POINT('',(-1.07,0.5,-0.435));
#2204=CARTESIAN_POINT('',(-1.47,0.5,-0.435));
#2205=CARTESIAN_POINT('',(-1.07,0.5,-0.835));
#2206=CARTESIAN_POINT('',(-1.07,0.5,-0.835));
#2207=CARTESIAN_POINT('',(-1.47,0.5,-0.835));
#2208=CARTESIAN_POINT('Origin',(-0.82,0.,0.));
#2209=CARTESIAN_POINT('',(-0.82,0.,-2.55));
#2210=CARTESIAN_POINT('',(-0.82,0.,-2.55));
#2211=CARTESIAN_POINT('',(-0.82,0.,2.55));
#2212=CARTESIAN_POINT('Origin',(-5.055,0.,2.55));
#2213=CARTESIAN_POINT('',(-0.45,0.,-2.55));
#2214=CARTESIAN_POINT('',(-0.82,0.,-2.55));
#2215=CARTESIAN_POINT('',(-0.45,0.,2.55));
#2216=CARTESIAN_POINT('Origin',(-0.45,0.,0.));
#2217=CARTESIAN_POINT('',(-0.45,0.5,-2.55));
#2218=CARTESIAN_POINT('',(-0.45,0.,-2.55));
#2219=CARTESIAN_POINT('',(-0.45,0.5,-2.55));
#2220=CARTESIAN_POINT('Origin',(-0.45,0.5,-2.55));
#2221=CARTESIAN_POINT('',(0.45,0.5,-2.55));
#2222=CARTESIAN_POINT('',(-0.45,0.5,-2.55));
#2223=CARTESIAN_POINT('',(0.45,0.5,-2.55));
#2224=CARTESIAN_POINT('',(-0.2,0.5,0.835));
#2225=CARTESIAN_POINT('',(-0.2,0.5,0.435));
#2226=CARTESIAN_POINT('',(-0.2,0.5,0.835));
#2227=CARTESIAN_POINT('',(0.2,0.5,0.835));
#2228=CARTESIAN_POINT('',(-0.2,0.5,0.835));
#2229=CARTESIAN_POINT('',(0.2,0.5,0.435));
#2230=CARTESIAN_POINT('',(0.2,0.5,0.835));
#2231=CARTESIAN_POINT('',(-0.2,0.5,0.435));
#2232=CARTESIAN_POINT('',(-0.2,0.5,-0.435));
#2233=CARTESIAN_POINT('',(-0.2,0.5,-0.835));
#2234=CARTESIAN_POINT('',(-0.2,0.5,-0.435));
#2235=CARTESIAN_POINT('',(0.2,0.5,-0.435));
#2236=CARTESIAN_POINT('',(-0.2,0.5,-0.435));
#2237=CARTESIAN_POINT('',(0.2,0.5,-0.835));
#2238=CARTESIAN_POINT('',(0.2,0.5,-0.835));
#2239=CARTESIAN_POINT('',(-0.2,0.5,-0.835));
#2240=CARTESIAN_POINT('Origin',(0.45,0.,0.));
#2241=CARTESIAN_POINT('',(0.45,0.,-2.55));
#2242=CARTESIAN_POINT('',(0.45,0.,-2.55));
#2243=CARTESIAN_POINT('',(0.45,0.,2.55));
#2244=CARTESIAN_POINT('Origin',(-5.055,0.,2.55));
#2245=CARTESIAN_POINT('',(0.82,0.,-2.55));
#2246=CARTESIAN_POINT('',(0.45,0.,-2.55));
#2247=CARTESIAN_POINT('',(0.82,0.,2.55));
#2248=CARTESIAN_POINT('Origin',(0.82,0.,0.));
#2249=CARTESIAN_POINT('',(0.82,0.5,-2.55));
#2250=CARTESIAN_POINT('',(0.82,0.,-2.55));
#2251=CARTESIAN_POINT('',(0.82,0.5,-2.55));
#2252=CARTESIAN_POINT('Origin',(0.82,0.5,-2.55));
#2253=CARTESIAN_POINT('',(1.72,0.5,-2.55));
#2254=CARTESIAN_POINT('',(0.82,0.5,-2.55));
#2255=CARTESIAN_POINT('',(1.72,0.5,-2.55));
#2256=CARTESIAN_POINT('',(1.07,0.5,0.835));
#2257=CARTESIAN_POINT('',(1.07,0.5,0.435));
#2258=CARTESIAN_POINT('',(1.07,0.5,0.835));
#2259=CARTESIAN_POINT('',(1.47,0.5,0.835));
#2260=CARTESIAN_POINT('',(1.07,0.5,0.835));
#2261=CARTESIAN_POINT('',(1.47,0.5,0.435));
#2262=CARTESIAN_POINT('',(1.47,0.5,0.835));
#2263=CARTESIAN_POINT('',(1.07,0.5,0.435));
#2264=CARTESIAN_POINT('',(1.07,0.5,-0.435));
#2265=CARTESIAN_POINT('',(1.07,0.5,-0.835));
#2266=CARTESIAN_POINT('',(1.07,0.5,-0.435));
#2267=CARTESIAN_POINT('',(1.47,0.5,-0.435));
#2268=CARTESIAN_POINT('',(1.07,0.5,-0.435));
#2269=CARTESIAN_POINT('',(1.47,0.5,-0.835));
#2270=CARTESIAN_POINT('',(1.47,0.5,-0.835));
#2271=CARTESIAN_POINT('',(1.07,0.5,-0.835));
#2272=CARTESIAN_POINT('Origin',(1.72,0.,0.));
#2273=CARTESIAN_POINT('',(1.72,0.,-2.55));
#2274=CARTESIAN_POINT('',(1.72,0.,-2.55));
#2275=CARTESIAN_POINT('',(1.72,0.,2.55));
#2276=CARTESIAN_POINT('Origin',(-5.055,0.,2.55));
#2277=CARTESIAN_POINT('',(5.055,0.,-2.55));
#2278=CARTESIAN_POINT('',(1.72,0.,-2.55));
#2279=CARTESIAN_POINT('',(5.055,0.,2.55));
#2280=CARTESIAN_POINT('Origin',(5.055,0.,0.));
#2281=CARTESIAN_POINT('',(5.055,5.4,-2.55));
#2282=CARTESIAN_POINT('',(5.055,0.,-2.55));
#2283=CARTESIAN_POINT('',(5.055,5.4,-2.55));
#2284=CARTESIAN_POINT('Origin',(-5.055,5.4,-2.55));
#2285=CARTESIAN_POINT('',(-4.305,5.4,-1.8));
#2286=CARTESIAN_POINT('',(-4.305,5.4,1.8));
#2287=CARTESIAN_POINT('',(-4.305,5.4,-1.8));
#2288=CARTESIAN_POINT('',(4.305,5.4,-1.8));
#2289=CARTESIAN_POINT('',(4.305,5.4,-1.8));
#2290=CARTESIAN_POINT('',(4.305,5.4,1.8));
#2291=CARTESIAN_POINT('',(4.305,5.4,1.8));
#2292=CARTESIAN_POINT('',(1.2,5.4,1.8));
#2293=CARTESIAN_POINT('',(1.2,5.4,1.8));
#2294=CARTESIAN_POINT('',(1.2,5.4,2.55));
#2295=CARTESIAN_POINT('',(-5.055,5.4,-2.55));
#2296=CARTESIAN_POINT('',(-1.2,5.4,1.8));
#2297=CARTESIAN_POINT('',(-1.2,5.4,2.55));
#2298=CARTESIAN_POINT('',(-4.305,5.4,1.8));
#2299=CARTESIAN_POINT('Origin',(-4.305,5.4,-1.8));
#2300=CARTESIAN_POINT('',(-4.305,2.,1.8));
#2301=CARTESIAN_POINT('',(-4.305,5.4,1.8));
#2302=CARTESIAN_POINT('',(-4.305,2.,-1.8));
#2303=CARTESIAN_POINT('',(-4.305,2.,-1.8));
#2304=CARTESIAN_POINT('',(-4.305,5.4,-1.8));
#2305=CARTESIAN_POINT('Origin',(4.305,5.4,-1.8));
#2306=CARTESIAN_POINT('',(4.305,2.,-1.8));
#2307=CARTESIAN_POINT('',(4.305,2.,-1.8));
#2308=CARTESIAN_POINT('',(4.305,5.4,-1.8));
#2309=CARTESIAN_POINT('Origin',(4.305,5.4,1.8));
#2310=CARTESIAN_POINT('',(4.305,2.,1.8));
#2311=CARTESIAN_POINT('',(4.305,2.,1.8));
#2312=CARTESIAN_POINT('',(4.305,5.4,1.8));
#2313=CARTESIAN_POINT('Origin',(1.2,5.4,1.8));
#2314=CARTESIAN_POINT('',(1.2,2.,1.8));
#2315=CARTESIAN_POINT('',(1.2,2.,1.8));
#2316=CARTESIAN_POINT('',(1.2,5.4,1.8));
#2317=CARTESIAN_POINT('Origin',(1.2,5.4,2.55));
#2318=CARTESIAN_POINT('',(1.2,2.,2.55));
#2319=CARTESIAN_POINT('Origin',(-5.055,2.,-2.55));
#2320=CARTESIAN_POINT('',(-1.2,2.,1.8));
#2321=CARTESIAN_POINT('',(-4.305,2.,1.8));
#2322=CARTESIAN_POINT('',(-1.2,2.,1.8));
#2323=CARTESIAN_POINT('',(1.07,2.,-0.835));
#2324=CARTESIAN_POINT('',(1.47,2.,-0.835));
#2325=CARTESIAN_POINT('',(1.07,2.,-0.835));
#2326=CARTESIAN_POINT('',(1.47,2.,-0.435));
#2327=CARTESIAN_POINT('',(1.47,2.,-0.435));
#2328=CARTESIAN_POINT('',(1.07,2.,-0.435));
#2329=CARTESIAN_POINT('',(1.07,2.,-0.435));
#2330=CARTESIAN_POINT('',(1.07,2.,-0.435));
#2331=CARTESIAN_POINT('',(1.07,2.,0.835));
#2332=CARTESIAN_POINT('',(1.47,2.,0.835));
#2333=CARTESIAN_POINT('',(1.07,2.,0.835));
#2334=CARTESIAN_POINT('',(1.07,2.,0.435));
#2335=CARTESIAN_POINT('',(1.07,2.,0.835));
#2336=CARTESIAN_POINT('',(1.47,2.,0.435));
#2337=CARTESIAN_POINT('',(1.07,2.,0.435));
#2338=CARTESIAN_POINT('',(1.47,2.,0.835));
#2339=CARTESIAN_POINT('',(-0.2,2.,0.835));
#2340=CARTESIAN_POINT('',(-0.2,2.,0.435));
#2341=CARTESIAN_POINT('',(-0.2,2.,0.835));
#2342=CARTESIAN_POINT('',(0.2,2.,0.435));
#2343=CARTESIAN_POINT('',(-0.2,2.,0.435));
#2344=CARTESIAN_POINT('',(0.2,2.,0.835));
#2345=CARTESIAN_POINT('',(0.2,2.,0.835));
#2346=CARTESIAN_POINT('',(-0.2,2.,0.835));
#2347=CARTESIAN_POINT('',(-0.2,2.,-0.435));
#2348=CARTESIAN_POINT('',(-0.2,2.,-0.835));
#2349=CARTESIAN_POINT('',(-0.2,2.,-0.435));
#2350=CARTESIAN_POINT('',(0.2,2.,-0.835));
#2351=CARTESIAN_POINT('',(-0.2,2.,-0.835));
#2352=CARTESIAN_POINT('',(0.2,2.,-0.435));
#2353=CARTESIAN_POINT('',(0.2,2.,-0.435));
#2354=CARTESIAN_POINT('',(-0.2,2.,-0.435));
#2355=CARTESIAN_POINT('',(-1.47,2.,0.835));
#2356=CARTESIAN_POINT('',(-1.47,2.,0.435));
#2357=CARTESIAN_POINT('',(-1.47,2.,0.835));
#2358=CARTESIAN_POINT('',(-1.07,2.,0.435));
#2359=CARTESIAN_POINT('',(-1.47,2.,0.435));
#2360=CARTESIAN_POINT('',(-1.07,2.,0.835));
#2361=CARTESIAN_POINT('',(-1.07,2.,0.835));
#2362=CARTESIAN_POINT('',(-1.47,2.,0.835));
#2363=CARTESIAN_POINT('',(-1.47,2.,-0.435));
#2364=CARTESIAN_POINT('',(-1.47,2.,-0.835));
#2365=CARTESIAN_POINT('',(-1.47,2.,-0.435));
#2366=CARTESIAN_POINT('',(-1.07,2.,-0.835));
#2367=CARTESIAN_POINT('',(-1.47,2.,-0.835));
#2368=CARTESIAN_POINT('',(-1.07,2.,-0.435));
#2369=CARTESIAN_POINT('',(-1.07,2.,-0.435));
#2370=CARTESIAN_POINT('',(-1.47,2.,-0.435));
#2371=CARTESIAN_POINT('Origin',(-1.2,5.4,1.8));
#2372=CARTESIAN_POINT('',(-1.2,5.4,1.8));
#2373=CARTESIAN_POINT('Origin',(-4.305,5.4,1.8));
#2374=CARTESIAN_POINT('Origin',(1.07,0.6,-0.835));
#2375=CARTESIAN_POINT('',(1.07,4.4,-0.835));
#2376=CARTESIAN_POINT('',(1.07,2.,-0.835));
#2377=CARTESIAN_POINT('',(1.47,4.4,-0.835));
#2378=CARTESIAN_POINT('',(1.07,4.4,-0.835));
#2379=CARTESIAN_POINT('',(1.47,2.,-0.835));
#2380=CARTESIAN_POINT('Origin',(1.47,0.,0.));
#2381=CARTESIAN_POINT('',(1.47,4.4,-0.435));
#2382=CARTESIAN_POINT('',(1.47,4.4,-0.835));
#2383=CARTESIAN_POINT('',(1.47,4.4,-0.435));
#2384=CARTESIAN_POINT('Origin',(1.07,4.4,-0.435));
#2385=CARTESIAN_POINT('',(1.07,4.4,-0.435));
#2386=CARTESIAN_POINT('',(1.07,4.4,-0.435));
#2387=CARTESIAN_POINT('',(1.07,4.4,-0.435));
#2388=CARTESIAN_POINT('Origin',(1.07,0.,0.));
#2389=CARTESIAN_POINT('',(1.07,4.4,-0.835));
#2390=CARTESIAN_POINT('Origin',(1.07,4.4,-0.835));
#2391=CARTESIAN_POINT('Origin',(1.07,4.4,0.835));
#2392=CARTESIAN_POINT('',(1.47,4.4,0.835));
#2393=CARTESIAN_POINT('',(1.47,4.4,0.835));
#2394=CARTESIAN_POINT('',(1.07,4.4,0.835));
#2395=CARTESIAN_POINT('',(1.07,4.4,0.835));
#2396=CARTESIAN_POINT('',(1.07,4.4,0.835));
#2397=CARTESIAN_POINT('Origin',(1.07,0.,0.));
#2398=CARTESIAN_POINT('',(1.07,4.4,0.435));
#2399=CARTESIAN_POINT('',(1.07,2.,0.435));
#2400=CARTESIAN_POINT('',(1.07,4.4,0.435));
#2401=CARTESIAN_POINT('Origin',(1.07,0.6,0.435));
#2402=CARTESIAN_POINT('',(1.47,4.4,0.435));
#2403=CARTESIAN_POINT('',(1.07,4.4,0.435));
#2404=CARTESIAN_POINT('',(1.47,2.,0.435));
#2405=CARTESIAN_POINT('Origin',(1.47,0.,0.));
#2406=CARTESIAN_POINT('',(1.47,4.4,0.435));
#2407=CARTESIAN_POINT('Origin',(1.07,4.4,0.435));
#2408=CARTESIAN_POINT('Origin',(-0.2,0.,0.));
#2409=CARTESIAN_POINT('',(-0.2,4.4,0.835));
#2410=CARTESIAN_POINT('',(-0.2,4.4,0.835));
#2411=CARTESIAN_POINT('',(-0.2,4.4,0.435));
#2412=CARTESIAN_POINT('',(-0.2,4.4,0.435));
#2413=CARTESIAN_POINT('',(-0.2,2.,0.435));
#2414=CARTESIAN_POINT('Origin',(-0.2,0.6,0.435));
#2415=CARTESIAN_POINT('',(0.2,4.4,0.435));
#2416=CARTESIAN_POINT('',(-0.2,4.4,0.435));
#2417=CARTESIAN_POINT('',(0.2,2.,0.435));
#2418=CARTESIAN_POINT('Origin',(0.2,0.,0.));
#2419=CARTESIAN_POINT('',(0.2,4.4,0.835));
#2420=CARTESIAN_POINT('',(0.2,4.4,0.435));
#2421=CARTESIAN_POINT('',(0.2,4.4,0.835));
#2422=CARTESIAN_POINT('Origin',(-0.2,4.4,0.835));
#2423=CARTESIAN_POINT('',(-0.2,4.4,0.835));
#2424=CARTESIAN_POINT('Origin',(-0.2,4.4,0.435));
#2425=CARTESIAN_POINT('Origin',(-0.2,0.,0.));
#2426=CARTESIAN_POINT('',(-0.2,4.4,-0.435));
#2427=CARTESIAN_POINT('',(-0.2,4.4,-0.435));
#2428=CARTESIAN_POINT('',(-0.2,4.4,-0.835));
#2429=CARTESIAN_POINT('',(-0.2,4.4,-0.835));
#2430=CARTESIAN_POINT('',(-0.2,2.,-0.835));
#2431=CARTESIAN_POINT('Origin',(-0.2,0.6,-0.835));
#2432=CARTESIAN_POINT('',(0.2,4.4,-0.835));
#2433=CARTESIAN_POINT('',(-0.2,4.4,-0.835));
#2434=CARTESIAN_POINT('',(0.2,2.,-0.835));
#2435=CARTESIAN_POINT('Origin',(0.2,0.,0.));
#2436=CARTESIAN_POINT('',(0.2,4.4,-0.435));
#2437=CARTESIAN_POINT('',(0.2,4.4,-0.835));
#2438=CARTESIAN_POINT('',(0.2,4.4,-0.435));
#2439=CARTESIAN_POINT('Origin',(-0.2,4.4,-0.435));
#2440=CARTESIAN_POINT('',(-0.2,4.4,-0.435));
#2441=CARTESIAN_POINT('Origin',(-0.2,4.4,-0.835));
#2442=CARTESIAN_POINT('Origin',(-1.47,0.,0.));
#2443=CARTESIAN_POINT('',(-1.47,4.4,0.835));
#2444=CARTESIAN_POINT('',(-1.47,4.4,0.835));
#2445=CARTESIAN_POINT('',(-1.47,4.4,0.435));
#2446=CARTESIAN_POINT('',(-1.47,4.4,0.435));
#2447=CARTESIAN_POINT('',(-1.47,2.,0.435));
#2448=CARTESIAN_POINT('Origin',(-1.47,0.6,0.435));
#2449=CARTESIAN_POINT('',(-1.07,4.4,0.435));
#2450=CARTESIAN_POINT('',(-1.47,4.4,0.435));
#2451=CARTESIAN_POINT('',(-1.07,2.,0.435));
#2452=CARTESIAN_POINT('Origin',(-1.07,0.,0.));
#2453=CARTESIAN_POINT('',(-1.07,4.4,0.835));
#2454=CARTESIAN_POINT('',(-1.07,4.4,0.435));
#2455=CARTESIAN_POINT('',(-1.07,4.4,0.835));
#2456=CARTESIAN_POINT('Origin',(-1.47,4.4,0.835));
#2457=CARTESIAN_POINT('',(-1.47,4.4,0.835));
#2458=CARTESIAN_POINT('Origin',(-1.47,4.4,0.435));
#2459=CARTESIAN_POINT('Origin',(-1.47,0.,0.));
#2460=CARTESIAN_POINT('',(-1.47,4.4,-0.435));
#2461=CARTESIAN_POINT('',(-1.47,4.4,-0.435));
#2462=CARTESIAN_POINT('',(-1.47,4.4,-0.835));
#2463=CARTESIAN_POINT('',(-1.47,4.4,-0.835));
#2464=CARTESIAN_POINT('',(-1.47,2.,-0.835));
#2465=CARTESIAN_POINT('Origin',(-1.47,0.6,-0.835));
#2466=CARTESIAN_POINT('',(-1.07,4.4,-0.835));
#2467=CARTESIAN_POINT('',(-1.47,4.4,-0.835));
#2468=CARTESIAN_POINT('',(-1.07,2.,-0.835));
#2469=CARTESIAN_POINT('Origin',(-1.07,0.,0.));
#2470=CARTESIAN_POINT('',(-1.07,4.4,-0.435));
#2471=CARTESIAN_POINT('',(-1.07,4.4,-0.835));
#2472=CARTESIAN_POINT('',(-1.07,4.4,-0.435));
#2473=CARTESIAN_POINT('Origin',(-1.47,4.4,-0.435));
#2474=CARTESIAN_POINT('',(-1.47,4.4,-0.435));
#2475=CARTESIAN_POINT('Origin',(-1.47,4.4,-0.835));
#2476=CARTESIAN_POINT('Origin',(-5.055,0.,-2.55));
#2477=CARTESIAN_POINT('',(-5.055,0.,-2.55));
#2478=CARTESIAN_POINT('Origin',(-5.055,0.,2.55));
#2479=CARTESIAN_POINT('Origin',(1.07,0.,0.));
#2480=CARTESIAN_POINT('',(1.07,-2.3,0.435));
#2481=CARTESIAN_POINT('',(1.07,-2.3,0.435));
#2482=CARTESIAN_POINT('',(1.07,-2.3,0.835));
#2483=CARTESIAN_POINT('',(1.07,-2.3,0.835));
#2484=CARTESIAN_POINT('',(1.07,0.5,0.835));
#2485=CARTESIAN_POINT('Origin',(1.07,0.6,0.835));
#2486=CARTESIAN_POINT('',(1.47,-2.3,0.835));
#2487=CARTESIAN_POINT('',(1.07,-2.3,0.835));
#2488=CARTESIAN_POINT('',(1.47,0.5,0.835));
#2489=CARTESIAN_POINT('Origin',(1.47,0.,0.));
#2490=CARTESIAN_POINT('',(1.47,-2.3,0.435));
#2491=CARTESIAN_POINT('',(1.47,-2.3,0.835));
#2492=CARTESIAN_POINT('',(1.47,-2.3,0.435));
#2493=CARTESIAN_POINT('Origin',(1.07,-2.3,0.435));
#2494=CARTESIAN_POINT('',(1.07,-2.3,0.435));
#2495=CARTESIAN_POINT('Origin',(1.07,-2.3,0.835));
#2496=CARTESIAN_POINT('Origin',(1.07,0.,0.));
#2497=CARTESIAN_POINT('',(1.07,-2.3,-0.835));
#2498=CARTESIAN_POINT('',(1.07,-2.3,-0.835));
#2499=CARTESIAN_POINT('',(1.07,-2.3,-0.435));
#2500=CARTESIAN_POINT('',(1.07,-2.3,-0.435));
#2501=CARTESIAN_POINT('',(1.07,0.5,-0.435));
#2502=CARTESIAN_POINT('Origin',(1.07,0.6,-0.435));
#2503=CARTESIAN_POINT('',(1.47,-2.3,-0.435));
#2504=CARTESIAN_POINT('',(1.07,-2.3,-0.435));
#2505=CARTESIAN_POINT('',(1.47,0.5,-0.435));
#2506=CARTESIAN_POINT('Origin',(1.47,0.,0.));
#2507=CARTESIAN_POINT('',(1.47,-2.3,-0.835));
#2508=CARTESIAN_POINT('',(1.47,-2.3,-0.435));
#2509=CARTESIAN_POINT('',(1.47,-2.3,-0.835));
#2510=CARTESIAN_POINT('Origin',(1.07,-2.3,-0.835));
#2511=CARTESIAN_POINT('',(1.07,-2.3,-0.835));
#2512=CARTESIAN_POINT('Origin',(1.07,-2.3,-0.435));
#2513=CARTESIAN_POINT('Origin',(-0.2,0.,0.));
#2514=CARTESIAN_POINT('',(-0.2,-2.3,0.435));
#2515=CARTESIAN_POINT('',(-0.2,-2.3,0.435));
#2516=CARTESIAN_POINT('',(-0.2,-2.3,0.835));
#2517=CARTESIAN_POINT('',(-0.2,-2.3,0.835));
#2518=CARTESIAN_POINT('',(-0.2,0.5,0.835));
#2519=CARTESIAN_POINT('Origin',(-0.2,0.6,0.835));
#2520=CARTESIAN_POINT('',(0.2,-2.3,0.835));
#2521=CARTESIAN_POINT('',(-0.2,-2.3,0.835));
#2522=CARTESIAN_POINT('',(0.2,0.5,0.835));
#2523=CARTESIAN_POINT('Origin',(0.2,0.,0.));
#2524=CARTESIAN_POINT('',(0.2,-2.3,0.435));
#2525=CARTESIAN_POINT('',(0.2,-2.3,0.835));
#2526=CARTESIAN_POINT('',(0.2,-2.3,0.435));
#2527=CARTESIAN_POINT('Origin',(-0.2,-2.3,0.435));
#2528=CARTESIAN_POINT('',(-0.2,-2.3,0.435));
#2529=CARTESIAN_POINT('Origin',(-0.2,-2.3,0.835));
#2530=CARTESIAN_POINT('Origin',(-0.2,0.,0.));
#2531=CARTESIAN_POINT('',(-0.2,-2.3,-0.835));
#2532=CARTESIAN_POINT('',(-0.2,-2.3,-0.835));
#2533=CARTESIAN_POINT('',(-0.2,-2.3,-0.435));
#2534=CARTESIAN_POINT('',(-0.2,-2.3,-0.435));
#2535=CARTESIAN_POINT('',(-0.2,0.5,-0.435));
#2536=CARTESIAN_POINT('Origin',(-0.2,0.6,-0.435));
#2537=CARTESIAN_POINT('',(0.2,-2.3,-0.435));
#2538=CARTESIAN_POINT('',(-0.2,-2.3,-0.435));
#2539=CARTESIAN_POINT('',(0.2,0.5,-0.435));
#2540=CARTESIAN_POINT('Origin',(0.2,0.,0.));
#2541=CARTESIAN_POINT('',(0.2,-2.3,-0.835));
#2542=CARTESIAN_POINT('',(0.2,-2.3,-0.435));
#2543=CARTESIAN_POINT('',(0.2,-2.3,-0.835));
#2544=CARTESIAN_POINT('Origin',(-0.2,-2.3,-0.835));
#2545=CARTESIAN_POINT('',(-0.2,-2.3,-0.835));
#2546=CARTESIAN_POINT('Origin',(-0.2,-2.3,-0.435));
#2547=CARTESIAN_POINT('Origin',(-1.47,0.,0.));
#2548=CARTESIAN_POINT('',(-1.47,-2.3,0.435));
#2549=CARTESIAN_POINT('',(-1.47,-2.3,0.435));
#2550=CARTESIAN_POINT('',(-1.47,-2.3,0.835));
#2551=CARTESIAN_POINT('',(-1.47,-2.3,0.835));
#2552=CARTESIAN_POINT('',(-1.47,0.5,0.835));
#2553=CARTESIAN_POINT('Origin',(-1.47,0.6,0.835));
#2554=CARTESIAN_POINT('',(-1.07,-2.3,0.835));
#2555=CARTESIAN_POINT('',(-1.47,-2.3,0.835));
#2556=CARTESIAN_POINT('',(-1.07,0.5,0.835));
#2557=CARTESIAN_POINT('Origin',(-1.07,0.,0.));
#2558=CARTESIAN_POINT('',(-1.07,-2.3,0.435));
#2559=CARTESIAN_POINT('',(-1.07,-2.3,0.835));
#2560=CARTESIAN_POINT('',(-1.07,-2.3,0.435));
#2561=CARTESIAN_POINT('Origin',(-1.47,-2.3,0.435));
#2562=CARTESIAN_POINT('',(-1.47,-2.3,0.435));
#2563=CARTESIAN_POINT('Origin',(-1.47,-2.3,0.835));
#2564=CARTESIAN_POINT('Origin',(-1.47,0.,0.));
#2565=CARTESIAN_POINT('',(-1.47,-2.3,-0.835));
#2566=CARTESIAN_POINT('',(-1.47,-2.3,-0.835));
#2567=CARTESIAN_POINT('',(-1.47,-2.3,-0.435));
#2568=CARTESIAN_POINT('',(-1.47,-2.3,-0.435));
#2569=CARTESIAN_POINT('',(-1.47,0.5,-0.435));
#2570=CARTESIAN_POINT('Origin',(-1.47,0.6,-0.435));
#2571=CARTESIAN_POINT('',(-1.07,-2.3,-0.435));
#2572=CARTESIAN_POINT('',(-1.47,-2.3,-0.435));
#2573=CARTESIAN_POINT('',(-1.07,0.5,-0.435));
#2574=CARTESIAN_POINT('Origin',(-1.07,0.,0.));
#2575=CARTESIAN_POINT('',(-1.07,-2.3,-0.835));
#2576=CARTESIAN_POINT('',(-1.07,-2.3,-0.435));
#2577=CARTESIAN_POINT('',(-1.07,-2.3,-0.835));
#2578=CARTESIAN_POINT('Origin',(-1.47,-2.3,-0.835));
#2579=CARTESIAN_POINT('',(-1.47,-2.3,-0.835));
#2580=CARTESIAN_POINT('Origin',(-1.47,-2.3,-0.435));
#2581=CARTESIAN_POINT('',(0.635,-1.27,2.7755575615629E-16));
#2582=UNCERTAINTY_MEASURE_WITH_UNIT(LENGTH_MEASURE(0.01),#2588,
'DISTANCE_ACCURACY_VALUE',
'Maximum model space distance between geometric entities at asserted c
onnectivities');
#2583=UNCERTAINTY_MEASURE_WITH_UNIT(LENGTH_MEASURE(0.01),#2588,
'DISTANCE_ACCURACY_VALUE',
'Maximum model space distance between geometric entities at asserted c
onnectivities');
#2584=UNCERTAINTY_MEASURE_WITH_UNIT(LENGTH_MEASURE(0.01),#2588,
'DISTANCE_ACCURACY_VALUE',
'Maximum model space distance between geometric entities at asserted c
onnectivities');
#2585=(
GEOMETRIC_REPRESENTATION_CONTEXT(3)
GLOBAL_UNCERTAINTY_ASSIGNED_CONTEXT((#2582))
GLOBAL_UNIT_ASSIGNED_CONTEXT((#2588,#2590,#2591))
REPRESENTATION_CONTEXT('','3D')
);
#2586=(
GEOMETRIC_REPRESENTATION_CONTEXT(3)
GLOBAL_UNCERTAINTY_ASSIGNED_CONTEXT((#2583))
GLOBAL_UNIT_ASSIGNED_CONTEXT((#2588,#2590,#2591))
REPRESENTATION_CONTEXT('','3D')
);
#2587=(
GEOMETRIC_REPRESENTATION_CONTEXT(3)
GLOBAL_UNCERTAINTY_ASSIGNED_CONTEXT((#2584))
GLOBAL_UNIT_ASSIGNED_CONTEXT((#2588,#2590,#2591))
REPRESENTATION_CONTEXT('','3D')
);
#2588=(
LENGTH_UNIT()
NAMED_UNIT(*)
SI_UNIT(.MILLI.,.METRE.)
);
#2589=(
LENGTH_UNIT()
NAMED_UNIT(*)
SI_UNIT($,.METRE.)
);
#2590=(
NAMED_UNIT(*)
PLANE_ANGLE_UNIT()
SI_UNIT($,.RADIAN.)
);
#2591=(
NAMED_UNIT(*)
SI_UNIT($,.STERADIAN.)
SOLID_ANGLE_UNIT()
);
#2592=SHAPE_DEFINITION_REPRESENTATION(#2594,#2597);
#2593=SHAPE_DEFINITION_REPRESENTATION(#2595,#2598);
#2594=PRODUCT_DEFINITION_SHAPE('',$,#2600);
#2595=PRODUCT_DEFINITION_SHAPE('',$,#2601);
#2596=PRODUCT_DEFINITION_SHAPE($,$,#14);
#2597=SHAPE_REPRESENTATION('',(#1650,#1738),#2585);
#2598=SHAPE_REPRESENTATION('',(#1651),#2586);
#2599=PRODUCT_DEFINITION_CONTEXT('part definition',#2607,'design');
#2600=PRODUCT_DEFINITION('20021511-00006XXLFC','(Unsaved)',#2602,#2599);
#2601=PRODUCT_DEFINITION('2026-09-18-00-50-56-770',
'IDC-Header_2x03_P1.27mm_Vertical',#2603,#2599);
#2602=PRODUCT_DEFINITION_FORMATION('',$,#2609);
#2603=PRODUCT_DEFINITION_FORMATION('',$,#2610);
#2604=PRODUCT_RELATED_PRODUCT_CATEGORY('(Unsaved)','(Unsaved)',(#2609));
#2605=PRODUCT_RELATED_PRODUCT_CATEGORY(
'IDC-Header_2x03_P1.27mm_Vertical','IDC-Header_2x03_P1.27mm_Vertical',(#2610));
#2606=APPLICATION_PROTOCOL_DEFINITION('international standard',
'automotive_design',2009,#2607);
#2607=APPLICATION_CONTEXT(
'Core Data for Automotive Mechanical Design Process');
#2608=PRODUCT_CONTEXT('part definition',#2607,'mechanical');
#2609=PRODUCT('20021511-00006XXLFC','(Unsaved)',$,(#2608));
#2610=PRODUCT('2026-09-18-00-50-56-770',
'IDC-Header_2x03_P1.27mm_Vertical',$,(#2608));
#2611=PRESENTATION_STYLE_ASSIGNMENT((#2614));
#2612=PRESENTATION_STYLE_ASSIGNMENT((#2615));
#2613=PRESENTATION_STYLE_ASSIGNMENT((#2616));
#2614=SURFACE_STYLE_USAGE(.BOTH.,#2617);
#2615=SURFACE_STYLE_USAGE(.BOTH.,#2618);
#2616=SURFACE_STYLE_USAGE(.BOTH.,#2619);
#2617=SURFACE_SIDE_STYLE('',(#2620));
#2618=SURFACE_SIDE_STYLE('',(#2621));
#2619=SURFACE_SIDE_STYLE('',(#2622));
#2620=SURFACE_STYLE_FILL_AREA(#2623);
#2621=SURFACE_STYLE_FILL_AREA(#2624);
#2622=SURFACE_STYLE_FILL_AREA(#2625);
#2623=FILL_AREA_STYLE('Steel - Satin',(#2626));
#2624=FILL_AREA_STYLE('Steel - Satin',(#2627));
#2625=FILL_AREA_STYLE('ABS (White)',(#2628));
#2626=FILL_AREA_STYLE_COLOUR('Steel - Satin',#2629);
#2627=FILL_AREA_STYLE_COLOUR('Steel - Satin',#2630);
#2628=FILL_AREA_STYLE_COLOUR('ABS (White)',#2631);
#2629=COLOUR_RGB('Steel - Satin',0.627450980392157,0.627450980392157,0.627450980392157);
#2630=COLOUR_RGB('Steel - Satin',0.623529411764706,0.623529411764706,0.623529411764706);
#2631=COLOUR_RGB('ABS (White)',0.0705882352941176,0.0705882352941176,0.0705882352941176);
ENDSEC;
END-ISO-10303-21;
