ISO-10303-21;
HEADER;
/* Generated by software containing ST-Developer
 * from STEP Tools, Inc. (www.steptools.com) 
 */

FILE_DESCRIPTION(
/* description */ ('STEP AP214'),
/* implementation_level */ '2;1');

FILE_NAME(
/* name */ 'Mill-Max_823-22-016-10-002101.step',
/* time_stamp */ '2026-09-23T10:12:07+01:00',
/* author */ (''),
/* organization */ (''),
/* preprocessor_version */ 'ST-DEVELOPER v20.2',
/* originating_system */ 'Autodesk Translation Framework v15.15.0.0',
/* authorisation */ '');

FILE_SCHEMA (('AUTOMOTIVE_DESIGN { 1 0 10303 214 3 1 1 }'));
ENDSEC;

DATA;
#10=MECHANICAL_DESIGN_GEOMETRIC_PRESENTATION_REPRESENTATION('',(#92,#93),
#3444);
#11=ITEM_DEFINED_TRANSFORMATION($,$,#2229,#2262);
#12=ITEM_DEFINED_TRANSFORMATION($,$,#2110,#2263);
#13=ITEM_DEFINED_TRANSFORMATION($,$,#2229,#2264);
#14=ITEM_DEFINED_TRANSFORMATION($,$,#2229,#2265);
#15=ITEM_DEFINED_TRANSFORMATION($,$,#2229,#2266);
#16=ITEM_DEFINED_TRANSFORMATION($,$,#2229,#2267);
#17=ITEM_DEFINED_TRANSFORMATION($,$,#2229,#2268);
#18=ITEM_DEFINED_TRANSFORMATION($,$,#2229,#2269);
#19=ITEM_DEFINED_TRANSFORMATION($,$,#2229,#2270);
#20=ITEM_DEFINED_TRANSFORMATION($,$,#2229,#2271);
#21=ITEM_DEFINED_TRANSFORMATION($,$,#2229,#2272);
#22=ITEM_DEFINED_TRANSFORMATION($,$,#2229,#2273);
#23=ITEM_DEFINED_TRANSFORMATION($,$,#2229,#2274);
#24=ITEM_DEFINED_TRANSFORMATION($,$,#2229,#2275);
#25=ITEM_DEFINED_TRANSFORMATION($,$,#2229,#2276);
#26=ITEM_DEFINED_TRANSFORMATION($,$,#2229,#2277);
#27=ITEM_DEFINED_TRANSFORMATION($,$,#2229,#2278);
#28=ITEM_DEFINED_TRANSFORMATION($,$,#2109,#2279);
#29=(
REPRESENTATION_RELATIONSHIP($,$,#3481,#3479)
REPRESENTATION_RELATIONSHIP_WITH_TRANSFORMATION(#11)
SHAPE_REPRESENTATION_RELATIONSHIP()
);
#30=(
REPRESENTATION_RELATIONSHIP($,$,#3480,#3479)
REPRESENTATION_RELATIONSHIP_WITH_TRANSFORMATION(#12)
SHAPE_REPRESENTATION_RELATIONSHIP()
);
#31=(
REPRESENTATION_RELATIONSHIP($,$,#3481,#3479)
REPRESENTATION_RELATIONSHIP_WITH_TRANSFORMATION(#13)
SHAPE_REPRESENTATION_RELATIONSHIP()
);
#32=(
REPRESENTATION_RELATIONSHIP($,$,#3481,#3479)
REPRESENTATION_RELATIONSHIP_WITH_TRANSFORMATION(#14)
SHAPE_REPRESENTATION_RELATIONSHIP()
);
#33=(
REPRESENTATION_RELATIONSHIP($,$,#3481,#3479)
REPRESENTATION_RELATIONSHIP_WITH_TRANSFORMATION(#15)
SHAPE_REPRESENTATION_RELATIONSHIP()
);
#34=(
REPRESENTATION_RELATIONSHIP($,$,#3481,#3479)
REPRESENTATION_RELATIONSHIP_WITH_TRANSFORMATION(#16)
SHAPE_REPRESENTATION_RELATIONSHIP()
);
#35=(
REPRESENTATION_RELATIONSHIP($,$,#3481,#3479)
REPRESENTATION_RELATIONSHIP_WITH_TRANSFORMATION(#17)
SHAPE_REPRESENTATION_RELATIONSHIP()
);
#36=(
REPRESENTATION_RELATIONSHIP($,$,#3481,#3479)
REPRESENTATION_RELATIONSHIP_WITH_TRANSFORMATION(#18)
SHAPE_REPRESENTATION_RELATIONSHIP()
);
#37=(
REPRESENTATION_RELATIONSHIP($,$,#3481,#3479)
REPRESENTATION_RELATIONSHIP_WITH_TRANSFORMATION(#19)
SHAPE_REPRESENTATION_RELATIONSHIP()
);
#38=(
REPRESENTATION_RELATIONSHIP($,$,#3481,#3479)
REPRESENTATION_RELATIONSHIP_WITH_TRANSFORMATION(#20)
SHAPE_REPRESENTATION_RELATIONSHIP()
);
#39=(
REPRESENTATION_RELATIONSHIP($,$,#3481,#3479)
REPRESENTATION_RELATIONSHIP_WITH_TRANSFORMATION(#21)
SHAPE_REPRESENTATION_RELATIONSHIP()
);
#40=(
REPRESENTATION_RELATIONSHIP($,$,#3481,#3479)
REPRESENTATION_RELATIONSHIP_WITH_TRANSFORMATION(#22)
SHAPE_REPRESENTATION_RELATIONSHIP()
);
#41=(
REPRESENTATION_RELATIONSHIP($,$,#3481,#3479)
REPRESENTATION_RELATIONSHIP_WITH_TRANSFORMATION(#23)
SHAPE_REPRESENTATION_RELATIONSHIP()
);
#42=(
REPRESENTATION_RELATIONSHIP($,$,#3481,#3479)
REPRESENTATION_RELATIONSHIP_WITH_TRANSFORMATION(#24)
SHAPE_REPRESENTATION_RELATIONSHIP()
);
#43=(
REPRESENTATION_RELATIONSHIP($,$,#3481,#3479)
REPRESENTATION_RELATIONSHIP_WITH_TRANSFORMATION(#25)
SHAPE_REPRESENTATION_RELATIONSHIP()
);
#44=(
REPRESENTATION_RELATIONSHIP($,$,#3481,#3479)
REPRESENTATION_RELATIONSHIP_WITH_TRANSFORMATION(#26)
SHAPE_REPRESENTATION_RELATIONSHIP()
);
#45=(
REPRESENTATION_RELATIONSHIP($,$,#3481,#3479)
REPRESENTATION_RELATIONSHIP_WITH_TRANSFORMATION(#27)
SHAPE_REPRESENTATION_RELATIONSHIP()
);
#46=(
REPRESENTATION_RELATIONSHIP($,$,#3479,#3478)
REPRESENTATION_RELATIONSHIP_WITH_TRANSFORMATION(#28)
SHAPE_REPRESENTATION_RELATIONSHIP()
);
#47=CONTEXT_DEPENDENT_SHAPE_REPRESENTATION(#29,#3460);
#48=CONTEXT_DEPENDENT_SHAPE_REPRESENTATION(#30,#3461);
#49=CONTEXT_DEPENDENT_SHAPE_REPRESENTATION(#31,#3462);
#50=CONTEXT_DEPENDENT_SHAPE_REPRESENTATION(#32,#3463);
#51=CONTEXT_DEPENDENT_SHAPE_REPRESENTATION(#33,#3464);
#52=CONTEXT_DEPENDENT_SHAPE_REPRESENTATION(#34,#3465);
#53=CONTEXT_DEPENDENT_SHAPE_REPRESENTATION(#35,#3466);
#54=CONTEXT_DEPENDENT_SHAPE_REPRESENTATION(#36,#3467);
#55=CONTEXT_DEPENDENT_SHAPE_REPRESENTATION(#37,#3468);
#56=CONTEXT_DEPENDENT_SHAPE_REPRESENTATION(#38,#3469);
#57=CONTEXT_DEPENDENT_SHAPE_REPRESENTATION(#39,#3470);
#58=CONTEXT_DEPENDENT_SHAPE_REPRESENTATION(#40,#3471);
#59=CONTEXT_DEPENDENT_SHAPE_REPRESENTATION(#41,#3472);
#60=CONTEXT_DEPENDENT_SHAPE_REPRESENTATION(#42,#3473);
#61=CONTEXT_DEPENDENT_SHAPE_REPRESENTATION(#43,#3474);
#62=CONTEXT_DEPENDENT_SHAPE_REPRESENTATION(#44,#3475);
#63=CONTEXT_DEPENDENT_SHAPE_REPRESENTATION(#45,#3476);
#64=CONTEXT_DEPENDENT_SHAPE_REPRESENTATION(#46,#3477);
#65=NEXT_ASSEMBLY_USAGE_OCCURRENCE('0906_default:16','0906_default:16',
'0906_default:16',#3484,#3486,'0906_default:16');
#66=NEXT_ASSEMBLY_USAGE_OCCURRENCE(
'P4XX-28-010-00-090000_P416-28-010-00-090000:1',
'P4XX-28-010-00-090000_P416-28-010-00-090000:1',
'P4XX-28-010-00-090000_P416-28-010-00-090000:1',#3484,#3485,
'P4XX-28-010-00-090000_P416-28-010-00-090000:1');
#67=NEXT_ASSEMBLY_USAGE_OCCURRENCE('0906_default:3','0906_default:3',
'0906_default:3',#3484,#3486,'0906_default:3');
#68=NEXT_ASSEMBLY_USAGE_OCCURRENCE('0906_default:4','0906_default:4',
'0906_default:4',#3484,#3486,'0906_default:4');
#69=NEXT_ASSEMBLY_USAGE_OCCURRENCE('0906_default:6','0906_default:6',
'0906_default:6',#3484,#3486,'0906_default:6');
#70=NEXT_ASSEMBLY_USAGE_OCCURRENCE('0906_default:8','0906_default:8',
'0906_default:8',#3484,#3486,'0906_default:8');
#71=NEXT_ASSEMBLY_USAGE_OCCURRENCE('0906_default:7','0906_default:7',
'0906_default:7',#3484,#3486,'0906_default:7');
#72=NEXT_ASSEMBLY_USAGE_OCCURRENCE('0906_default:1','0906_default:1',
'0906_default:1',#3484,#3486,'0906_default:1');
#73=NEXT_ASSEMBLY_USAGE_OCCURRENCE('0906_default:9','0906_default:9',
'0906_default:9',#3484,#3486,'0906_default:9');
#74=NEXT_ASSEMBLY_USAGE_OCCURRENCE('0906_default:10','0906_default:10',
'0906_default:10',#3484,#3486,'0906_default:10');
#75=NEXT_ASSEMBLY_USAGE_OCCURRENCE('0906_default:5','0906_default:5',
'0906_default:5',#3484,#3486,'0906_default:5');
#76=NEXT_ASSEMBLY_USAGE_OCCURRENCE('0906_default:2','0906_default:2',
'0906_default:2',#3484,#3486,'0906_default:2');
#77=NEXT_ASSEMBLY_USAGE_OCCURRENCE('0906_default:13','0906_default:13',
'0906_default:13',#3484,#3486,'0906_default:13');
#78=NEXT_ASSEMBLY_USAGE_OCCURRENCE('0906_default:14','0906_default:14',
'0906_default:14',#3484,#3486,'0906_default:14');
#79=NEXT_ASSEMBLY_USAGE_OCCURRENCE('0906_default:15','0906_default:15',
'0906_default:15',#3484,#3486,'0906_default:15');
#80=NEXT_ASSEMBLY_USAGE_OCCURRENCE('0906_default:12','0906_default:12',
'0906_default:12',#3484,#3486,'0906_default:12');
#81=NEXT_ASSEMBLY_USAGE_OCCURRENCE('0906_default:11','0906_default:11',
'0906_default:11',#3484,#3486,'0906_default:11');
#82=NEXT_ASSEMBLY_USAGE_OCCURRENCE('823-22-016-10-002101:1',
'823-22-016-10-002101:1','823-22-016-10-002101:1',#3483,#3484,
'823-22-016-10-002101:1');
#83=CONICAL_SURFACE('',#2240,0.028999999997053,0.523598775295641);
#84=CONICAL_SURFACE('',#2245,0.0319999999979829,0.261799387763808);
#85=TOROIDAL_SURFACE('',#2234,0.0115000000000002,0.00300000000000002);
#86=SPHERICAL_SURFACE('',#2230,0.0209);
#87=SPHERICAL_SURFACE('',#2260,0.00850000000000019);
#88=SHAPE_REPRESENTATION_RELATIONSHIP('SRR','None',#3480,#90);
#89=SHAPE_REPRESENTATION_RELATIONSHIP('SRR','None',#3481,#91);
#90=ADVANCED_BREP_SHAPE_REPRESENTATION('',(#94),#3442);
#91=ADVANCED_BREP_SHAPE_REPRESENTATION('',(#95),#3443);
#92=STYLED_ITEM('',(#3503),#94);
#93=STYLED_ITEM('',(#3504),#95);
#94=MANIFOLD_SOLID_BREP('Body1',#2083);
#95=MANIFOLD_SOLID_BREP('Body1',#2084);
#96=FACE_BOUND('',#323,.T.);
#97=FACE_BOUND('',#324,.T.);
#98=FACE_BOUND('',#325,.T.);
#99=FACE_BOUND('',#326,.T.);
#100=FACE_BOUND('',#327,.T.);
#101=FACE_BOUND('',#328,.T.);
#102=FACE_BOUND('',#329,.T.);
#103=FACE_BOUND('',#330,.T.);
#104=FACE_BOUND('',#331,.T.);
#105=FACE_BOUND('',#332,.T.);
#106=FACE_BOUND('',#333,.T.);
#107=FACE_BOUND('',#334,.T.);
#108=FACE_BOUND('',#335,.T.);
#109=FACE_BOUND('',#336,.T.);
#110=FACE_BOUND('',#337,.T.);
#111=FACE_BOUND('',#338,.T.);
#112=FACE_BOUND('',#358,.T.);
#113=FACE_BOUND('',#359,.T.);
#114=FACE_BOUND('',#360,.T.);
#115=FACE_BOUND('',#361,.T.);
#116=FACE_BOUND('',#362,.T.);
#117=FACE_BOUND('',#363,.T.);
#118=FACE_BOUND('',#364,.T.);
#119=FACE_BOUND('',#365,.T.);
#120=FACE_BOUND('',#366,.T.);
#121=FACE_BOUND('',#367,.T.);
#122=FACE_BOUND('',#368,.T.);
#123=FACE_BOUND('',#369,.T.);
#124=FACE_BOUND('',#370,.T.);
#125=FACE_BOUND('',#371,.T.);
#126=FACE_BOUND('',#372,.T.);
#127=FACE_BOUND('',#373,.T.);
#128=FACE_BOUND('',#434,.T.);
#129=FACE_BOUND('',#436,.T.);
#130=FACE_BOUND('',#438,.T.);
#131=FACE_BOUND('',#440,.T.);
#132=PLANE('',#2159);
#133=PLANE('',#2160);
#134=PLANE('',#2161);
#135=PLANE('',#2162);
#136=PLANE('',#2163);
#137=PLANE('',#2164);
#138=PLANE('',#2165);
#139=PLANE('',#2166);
#140=PLANE('',#2167);
#141=PLANE('',#2168);
#142=PLANE('',#2169);
#143=PLANE('',#2170);
#144=PLANE('',#2171);
#145=PLANE('',#2172);
#146=PLANE('',#2173);
#147=PLANE('',#2174);
#148=PLANE('',#2175);
#149=PLANE('',#2176);
#150=PLANE('',#2177);
#151=PLANE('',#2178);
#152=PLANE('',#2179);
#153=PLANE('',#2180);
#154=PLANE('',#2181);
#155=PLANE('',#2182);
#156=PLANE('',#2183);
#157=PLANE('',#2184);
#158=PLANE('',#2185);
#159=PLANE('',#2186);
#160=PLANE('',#2187);
#161=PLANE('',#2188);
#162=PLANE('',#2189);
#163=PLANE('',#2190);
#164=PLANE('',#2191);
#165=PLANE('',#2192);
#166=PLANE('',#2193);
#167=PLANE('',#2194);
#168=PLANE('',#2195);
#169=PLANE('',#2196);
#170=PLANE('',#2197);
#171=PLANE('',#2198);
#172=PLANE('',#2199);
#173=PLANE('',#2200);
#174=PLANE('',#2201);
#175=PLANE('',#2202);
#176=PLANE('',#2203);
#177=PLANE('',#2204);
#178=PLANE('',#2205);
#179=PLANE('',#2206);
#180=PLANE('',#2207);
#181=PLANE('',#2208);
#182=PLANE('',#2209);
#183=PLANE('',#2210);
#184=PLANE('',#2211);
#185=PLANE('',#2212);
#186=PLANE('',#2213);
#187=PLANE('',#2214);
#188=PLANE('',#2215);
#189=PLANE('',#2216);
#190=PLANE('',#2217);
#191=PLANE('',#2218);
#192=PLANE('',#2219);
#193=PLANE('',#2220);
#194=PLANE('',#2221);
#195=PLANE('',#2222);
#196=PLANE('',#2223);
#197=PLANE('',#2224);
#198=PLANE('',#2225);
#199=PLANE('',#2226);
#200=PLANE('',#2227);
#201=PLANE('',#2228);
#202=PLANE('',#2256);
#203=PLANE('',#2257);
#204=PLANE('',#2258);
#205=PLANE('',#2259);
#206=FACE_OUTER_BOUND('',#306,.T.);
#207=FACE_OUTER_BOUND('',#307,.T.);
#208=FACE_OUTER_BOUND('',#308,.T.);
#209=FACE_OUTER_BOUND('',#309,.T.);
#210=FACE_OUTER_BOUND('',#310,.T.);
#211=FACE_OUTER_BOUND('',#311,.T.);
#212=FACE_OUTER_BOUND('',#312,.T.);
#213=FACE_OUTER_BOUND('',#313,.T.);
#214=FACE_OUTER_BOUND('',#314,.T.);
#215=FACE_OUTER_BOUND('',#315,.T.);
#216=FACE_OUTER_BOUND('',#316,.T.);
#217=FACE_OUTER_BOUND('',#317,.T.);
#218=FACE_OUTER_BOUND('',#318,.T.);
#219=FACE_OUTER_BOUND('',#319,.T.);
#220=FACE_OUTER_BOUND('',#320,.T.);
#221=FACE_OUTER_BOUND('',#321,.T.);
#222=FACE_OUTER_BOUND('',#322,.T.);
#223=FACE_OUTER_BOUND('',#339,.T.);
#224=FACE_OUTER_BOUND('',#340,.T.);
#225=FACE_OUTER_BOUND('',#341,.T.);
#226=FACE_OUTER_BOUND('',#342,.T.);
#227=FACE_OUTER_BOUND('',#343,.T.);
#228=FACE_OUTER_BOUND('',#344,.T.);
#229=FACE_OUTER_BOUND('',#345,.T.);
#230=FACE_OUTER_BOUND('',#346,.T.);
#231=FACE_OUTER_BOUND('',#347,.T.);
#232=FACE_OUTER_BOUND('',#348,.T.);
#233=FACE_OUTER_BOUND('',#349,.T.);
#234=FACE_OUTER_BOUND('',#350,.T.);
#235=FACE_OUTER_BOUND('',#351,.T.);
#236=FACE_OUTER_BOUND('',#352,.T.);
#237=FACE_OUTER_BOUND('',#353,.T.);
#238=FACE_OUTER_BOUND('',#354,.T.);
#239=FACE_OUTER_BOUND('',#355,.T.);
#240=FACE_OUTER_BOUND('',#356,.T.);
#241=FACE_OUTER_BOUND('',#357,.T.);
#242=FACE_OUTER_BOUND('',#374,.T.);
#243=FACE_OUTER_BOUND('',#375,.T.);
#244=FACE_OUTER_BOUND('',#376,.T.);
#245=FACE_OUTER_BOUND('',#377,.T.);
#246=FACE_OUTER_BOUND('',#378,.T.);
#247=FACE_OUTER_BOUND('',#379,.T.);
#248=FACE_OUTER_BOUND('',#380,.T.);
#249=FACE_OUTER_BOUND('',#381,.T.);
#250=FACE_OUTER_BOUND('',#382,.T.);
#251=FACE_OUTER_BOUND('',#383,.T.);
#252=FACE_OUTER_BOUND('',#384,.T.);
#253=FACE_OUTER_BOUND('',#385,.T.);
#254=FACE_OUTER_BOUND('',#386,.T.);
#255=FACE_OUTER_BOUND('',#387,.T.);
#256=FACE_OUTER_BOUND('',#388,.T.);
#257=FACE_OUTER_BOUND('',#389,.T.);
#258=FACE_OUTER_BOUND('',#390,.T.);
#259=FACE_OUTER_BOUND('',#391,.T.);
#260=FACE_OUTER_BOUND('',#392,.T.);
#261=FACE_OUTER_BOUND('',#393,.T.);
#262=FACE_OUTER_BOUND('',#394,.T.);
#263=FACE_OUTER_BOUND('',#395,.T.);
#264=FACE_OUTER_BOUND('',#396,.T.);
#265=FACE_OUTER_BOUND('',#397,.T.);
#266=FACE_OUTER_BOUND('',#398,.T.);
#267=FACE_OUTER_BOUND('',#399,.T.);
#268=FACE_OUTER_BOUND('',#400,.T.);
#269=FACE_OUTER_BOUND('',#401,.T.);
#270=FACE_OUTER_BOUND('',#402,.T.);
#271=FACE_OUTER_BOUND('',#403,.T.);
#272=FACE_OUTER_BOUND('',#404,.T.);
#273=FACE_OUTER_BOUND('',#405,.T.);
#274=FACE_OUTER_BOUND('',#406,.T.);
#275=FACE_OUTER_BOUND('',#407,.T.);
#276=FACE_OUTER_BOUND('',#408,.T.);
#277=FACE_OUTER_BOUND('',#409,.T.);
#278=FACE_OUTER_BOUND('',#410,.T.);
#279=FACE_OUTER_BOUND('',#411,.T.);
#280=FACE_OUTER_BOUND('',#412,.T.);
#281=FACE_OUTER_BOUND('',#413,.T.);
#282=FACE_OUTER_BOUND('',#414,.T.);
#283=FACE_OUTER_BOUND('',#415,.T.);
#284=FACE_OUTER_BOUND('',#416,.T.);
#285=FACE_OUTER_BOUND('',#417,.T.);
#286=FACE_OUTER_BOUND('',#418,.T.);
#287=FACE_OUTER_BOUND('',#419,.T.);
#288=FACE_OUTER_BOUND('',#420,.T.);
#289=FACE_OUTER_BOUND('',#421,.T.);
#290=FACE_OUTER_BOUND('',#422,.T.);
#291=FACE_OUTER_BOUND('',#423,.T.);
#292=FACE_OUTER_BOUND('',#424,.T.);
#293=FACE_OUTER_BOUND('',#425,.T.);
#294=FACE_OUTER_BOUND('',#426,.T.);
#295=FACE_OUTER_BOUND('',#427,.T.);
#296=FACE_OUTER_BOUND('',#428,.T.);
#297=FACE_OUTER_BOUND('',#429,.T.);
#298=FACE_OUTER_BOUND('',#430,.T.);
#299=FACE_OUTER_BOUND('',#431,.T.);
#300=FACE_OUTER_BOUND('',#432,.T.);
#301=FACE_OUTER_BOUND('',#433,.T.);
#302=FACE_OUTER_BOUND('',#435,.T.);
#303=FACE_OUTER_BOUND('',#437,.T.);
#304=FACE_OUTER_BOUND('',#439,.T.);
#305=FACE_OUTER_BOUND('',#441,.T.);
#306=EDGE_LOOP('',(#1408,#1409,#1410,#1411));
#307=EDGE_LOOP('',(#1412,#1413,#1414,#1415));
#308=EDGE_LOOP('',(#1416,#1417,#1418,#1419));
#309=EDGE_LOOP('',(#1420,#1421,#1422,#1423));
#310=EDGE_LOOP('',(#1424,#1425,#1426,#1427));
#311=EDGE_LOOP('',(#1428,#1429,#1430,#1431));
#312=EDGE_LOOP('',(#1432,#1433,#1434,#1435));
#313=EDGE_LOOP('',(#1436,#1437,#1438,#1439));
#314=EDGE_LOOP('',(#1440,#1441,#1442,#1443));
#315=EDGE_LOOP('',(#1444,#1445,#1446,#1447));
#316=EDGE_LOOP('',(#1448,#1449,#1450,#1451));
#317=EDGE_LOOP('',(#1452,#1453,#1454,#1455));
#318=EDGE_LOOP('',(#1456,#1457,#1458,#1459));
#319=EDGE_LOOP('',(#1460,#1461,#1462,#1463));
#320=EDGE_LOOP('',(#1464,#1465,#1466,#1467));
#321=EDGE_LOOP('',(#1468,#1469,#1470,#1471));
#322=EDGE_LOOP('',(#1472,#1473,#1474,#1475,#1476,#1477,#1478,#1479,#1480,
#1481,#1482,#1483,#1484,#1485,#1486,#1487,#1488,#1489,#1490,#1491,#1492,
#1493,#1494,#1495,#1496,#1497,#1498,#1499,#1500,#1501,#1502,#1503,#1504,
#1505,#1506,#1507,#1508,#1509,#1510,#1511,#1512,#1513,#1514,#1515,#1516,
#1517,#1518,#1519,#1520,#1521,#1522,#1523,#1524,#1525,#1526,#1527,#1528,
#1529,#1530,#1531,#1532,#1533,#1534,#1535,#1536,#1537,#1538,#1539));
#323=EDGE_LOOP('',(#1540));
#324=EDGE_LOOP('',(#1541));
#325=EDGE_LOOP('',(#1542));
#326=EDGE_LOOP('',(#1543));
#327=EDGE_LOOP('',(#1544));
#328=EDGE_LOOP('',(#1545));
#329=EDGE_LOOP('',(#1546));
#330=EDGE_LOOP('',(#1547));
#331=EDGE_LOOP('',(#1548));
#332=EDGE_LOOP('',(#1549));
#333=EDGE_LOOP('',(#1550));
#334=EDGE_LOOP('',(#1551));
#335=EDGE_LOOP('',(#1552));
#336=EDGE_LOOP('',(#1553));
#337=EDGE_LOOP('',(#1554));
#338=EDGE_LOOP('',(#1555));
#339=EDGE_LOOP('',(#1556,#1557,#1558,#1559));
#340=EDGE_LOOP('',(#1560,#1561,#1562,#1563));
#341=EDGE_LOOP('',(#1564,#1565,#1566,#1567));
#342=EDGE_LOOP('',(#1568,#1569,#1570,#1571));
#343=EDGE_LOOP('',(#1572,#1573,#1574,#1575));
#344=EDGE_LOOP('',(#1576,#1577,#1578,#1579));
#345=EDGE_LOOP('',(#1580,#1581,#1582,#1583));
#346=EDGE_LOOP('',(#1584,#1585,#1586,#1587));
#347=EDGE_LOOP('',(#1588,#1589,#1590,#1591));
#348=EDGE_LOOP('',(#1592,#1593,#1594,#1595));
#349=EDGE_LOOP('',(#1596,#1597,#1598,#1599));
#350=EDGE_LOOP('',(#1600,#1601,#1602,#1603));
#351=EDGE_LOOP('',(#1604,#1605,#1606,#1607));
#352=EDGE_LOOP('',(#1608,#1609,#1610,#1611));
#353=EDGE_LOOP('',(#1612,#1613,#1614,#1615));
#354=EDGE_LOOP('',(#1616,#1617,#1618,#1619));
#355=EDGE_LOOP('',(#1620,#1621,#1622,#1623));
#356=EDGE_LOOP('',(#1624,#1625,#1626,#1627));
#357=EDGE_LOOP('',(#1628,#1629,#1630,#1631,#1632,#1633,#1634,#1635,#1636,
#1637,#1638,#1639,#1640,#1641,#1642,#1643,#1644,#1645,#1646,#1647,#1648,
#1649,#1650,#1651,#1652,#1653,#1654,#1655,#1656,#1657,#1658,#1659,#1660,
#1661,#1662,#1663,#1664,#1665,#1666,#1667,#1668,#1669,#1670,#1671,#1672,
#1673,#1674,#1675,#1676,#1677,#1678,#1679,#1680,#1681,#1682,#1683,#1684,
#1685,#1686,#1687,#1688,#1689,#1690,#1691,#1692,#1693,#1694,#1695));
#358=EDGE_LOOP('',(#1696));
#359=EDGE_LOOP('',(#1697));
#360=EDGE_LOOP('',(#1698));
#361=EDGE_LOOP('',(#1699));
#362=EDGE_LOOP('',(#1700));
#363=EDGE_LOOP('',(#1701));
#364=EDGE_LOOP('',(#1702));
#365=EDGE_LOOP('',(#1703));
#366=EDGE_LOOP('',(#1704));
#367=EDGE_LOOP('',(#1705));
#368=EDGE_LOOP('',(#1706));
#369=EDGE_LOOP('',(#1707));
#370=EDGE_LOOP('',(#1708));
#371=EDGE_LOOP('',(#1709));
#372=EDGE_LOOP('',(#1710));
#373=EDGE_LOOP('',(#1711));
#374=EDGE_LOOP('',(#1712,#1713,#1714,#1715));
#375=EDGE_LOOP('',(#1716,#1717,#1718,#1719));
#376=EDGE_LOOP('',(#1720,#1721,#1722,#1723));
#377=EDGE_LOOP('',(#1724,#1725,#1726,#1727));
#378=EDGE_LOOP('',(#1728,#1729,#1730,#1731));
#379=EDGE_LOOP('',(#1732,#1733,#1734,#1735));
#380=EDGE_LOOP('',(#1736,#1737,#1738,#1739));
#381=EDGE_LOOP('',(#1740,#1741,#1742,#1743));
#382=EDGE_LOOP('',(#1744,#1745,#1746,#1747));
#383=EDGE_LOOP('',(#1748,#1749,#1750,#1751));
#384=EDGE_LOOP('',(#1752,#1753,#1754,#1755));
#385=EDGE_LOOP('',(#1756,#1757,#1758,#1759));
#386=EDGE_LOOP('',(#1760,#1761,#1762,#1763));
#387=EDGE_LOOP('',(#1764,#1765,#1766,#1767));
#388=EDGE_LOOP('',(#1768,#1769,#1770,#1771));
#389=EDGE_LOOP('',(#1772,#1773,#1774,#1775));
#390=EDGE_LOOP('',(#1776,#1777,#1778,#1779));
#391=EDGE_LOOP('',(#1780,#1781,#1782,#1783));
#392=EDGE_LOOP('',(#1784,#1785,#1786,#1787));
#393=EDGE_LOOP('',(#1788,#1789,#1790,#1791));
#394=EDGE_LOOP('',(#1792,#1793,#1794,#1795));
#395=EDGE_LOOP('',(#1796,#1797,#1798,#1799));
#396=EDGE_LOOP('',(#1800,#1801,#1802,#1803));
#397=EDGE_LOOP('',(#1804,#1805,#1806,#1807));
#398=EDGE_LOOP('',(#1808,#1809,#1810,#1811));
#399=EDGE_LOOP('',(#1812,#1813,#1814,#1815));
#400=EDGE_LOOP('',(#1816,#1817,#1818,#1819));
#401=EDGE_LOOP('',(#1820,#1821,#1822,#1823));
#402=EDGE_LOOP('',(#1824,#1825,#1826,#1827));
#403=EDGE_LOOP('',(#1828,#1829,#1830,#1831));
#404=EDGE_LOOP('',(#1832,#1833,#1834,#1835));
#405=EDGE_LOOP('',(#1836,#1837,#1838,#1839));
#406=EDGE_LOOP('',(#1840,#1841,#1842,#1843));
#407=EDGE_LOOP('',(#1844,#1845,#1846,#1847));
#408=EDGE_LOOP('',(#1848,#1849,#1850,#1851));
#409=EDGE_LOOP('',(#1852,#1853,#1854,#1855));
#410=EDGE_LOOP('',(#1856,#1857,#1858,#1859));
#411=EDGE_LOOP('',(#1860,#1861,#1862,#1863));
#412=EDGE_LOOP('',(#1864,#1865,#1866,#1867));
#413=EDGE_LOOP('',(#1868,#1869,#1870,#1871));
#414=EDGE_LOOP('',(#1872,#1873,#1874,#1875));
#415=EDGE_LOOP('',(#1876,#1877,#1878,#1879));
#416=EDGE_LOOP('',(#1880,#1881,#1882,#1883));
#417=EDGE_LOOP('',(#1884,#1885,#1886,#1887));
#418=EDGE_LOOP('',(#1888,#1889,#1890,#1891));
#419=EDGE_LOOP('',(#1892,#1893,#1894,#1895));
#420=EDGE_LOOP('',(#1896,#1897,#1898,#1899));
#421=EDGE_LOOP('',(#1900,#1901,#1902,#1903));
#422=EDGE_LOOP('',(#1904,#1905,#1906,#1907));
#423=EDGE_LOOP('',(#1908,#1909,#1910,#1911));
#424=EDGE_LOOP('',(#1912,#1913,#1914,#1915));
#425=EDGE_LOOP('',(#1916,#1917,#1918,#1919));
#426=EDGE_LOOP('',(#1920,#1921,#1922,#1923,#1924));
#427=EDGE_LOOP('',(#1925,#1926,#1927,#1928));
#428=EDGE_LOOP('',(#1929,#1930,#1931,#1932));
#429=EDGE_LOOP('',(#1933,#1934,#1935,#1936));
#430=EDGE_LOOP('',(#1937,#1938,#1939,#1940));
#431=EDGE_LOOP('',(#1941,#1942,#1943,#1944));
#432=EDGE_LOOP('',(#1945,#1946,#1947,#1948,#1949));
#433=EDGE_LOOP('',(#1950));
#434=EDGE_LOOP('',(#1951));
#435=EDGE_LOOP('',(#1952));
#436=EDGE_LOOP('',(#1953));
#437=EDGE_LOOP('',(#1954));
#438=EDGE_LOOP('',(#1955));
#439=EDGE_LOOP('',(#1956));
#440=EDGE_LOOP('',(#1957));
#441=EDGE_LOOP('',(#1958,#1959,#1960,#1961));
#442=LINE('',#2858,#669);
#443=LINE('',#2864,#670);
#444=LINE('',#2870,#671);
#445=LINE('',#2876,#672);
#446=LINE('',#2882,#673);
#447=LINE('',#2888,#674);
#448=LINE('',#2894,#675);
#449=LINE('',#2900,#676);
#450=LINE('',#2906,#677);
#451=LINE('',#2912,#678);
#452=LINE('',#2918,#679);
#453=LINE('',#2924,#680);
#454=LINE('',#2930,#681);
#455=LINE('',#2936,#682);
#456=LINE('',#2942,#683);
#457=LINE('',#2948,#684);
#458=LINE('',#2953,#685);
#459=LINE('',#2955,#686);
#460=LINE('',#2957,#687);
#461=LINE('',#2959,#688);
#462=LINE('',#2961,#689);
#463=LINE('',#2963,#690);
#464=LINE('',#2965,#691);
#465=LINE('',#2967,#692);
#466=LINE('',#2969,#693);
#467=LINE('',#2971,#694);
#468=LINE('',#2973,#695);
#469=LINE('',#2975,#696);
#470=LINE('',#2977,#697);
#471=LINE('',#2979,#698);
#472=LINE('',#2981,#699);
#473=LINE('',#2983,#700);
#474=LINE('',#2985,#701);
#475=LINE('',#2987,#702);
#476=LINE('',#2989,#703);
#477=LINE('',#2991,#704);
#478=LINE('',#2993,#705);
#479=LINE('',#2995,#706);
#480=LINE('',#2997,#707);
#481=LINE('',#2999,#708);
#482=LINE('',#3001,#709);
#483=LINE('',#3003,#710);
#484=LINE('',#3005,#711);
#485=LINE('',#3007,#712);
#486=LINE('',#3009,#713);
#487=LINE('',#3011,#714);
#488=LINE('',#3013,#715);
#489=LINE('',#3015,#716);
#490=LINE('',#3017,#717);
#491=LINE('',#3019,#718);
#492=LINE('',#3021,#719);
#493=LINE('',#3023,#720);
#494=LINE('',#3025,#721);
#495=LINE('',#3027,#722);
#496=LINE('',#3029,#723);
#497=LINE('',#3031,#724);
#498=LINE('',#3033,#725);
#499=LINE('',#3035,#726);
#500=LINE('',#3037,#727);
#501=LINE('',#3039,#728);
#502=LINE('',#3041,#729);
#503=LINE('',#3043,#730);
#504=LINE('',#3045,#731);
#505=LINE('',#3047,#732);
#506=LINE('',#3049,#733);
#507=LINE('',#3051,#734);
#508=LINE('',#3053,#735);
#509=LINE('',#3055,#736);
#510=LINE('',#3057,#737);
#511=LINE('',#3059,#738);
#512=LINE('',#3061,#739);
#513=LINE('',#3063,#740);
#514=LINE('',#3065,#741);
#515=LINE('',#3067,#742);
#516=LINE('',#3069,#743);
#517=LINE('',#3071,#744);
#518=LINE('',#3073,#745);
#519=LINE('',#3075,#746);
#520=LINE('',#3077,#747);
#521=LINE('',#3079,#748);
#522=LINE('',#3081,#749);
#523=LINE('',#3083,#750);
#524=LINE('',#3085,#751);
#525=LINE('',#3086,#752);
#526=LINE('',#3089,#753);
#527=LINE('',#3091,#754);
#528=LINE('',#3092,#755);
#529=LINE('',#3095,#756);
#530=LINE('',#3097,#757);
#531=LINE('',#3098,#758);
#532=LINE('',#3101,#759);
#533=LINE('',#3103,#760);
#534=LINE('',#3104,#761);
#535=LINE('',#3107,#762);
#536=LINE('',#3109,#763);
#537=LINE('',#3110,#764);
#538=LINE('',#3113,#765);
#539=LINE('',#3115,#766);
#540=LINE('',#3116,#767);
#541=LINE('',#3119,#768);
#542=LINE('',#3121,#769);
#543=LINE('',#3122,#770);
#544=LINE('',#3125,#771);
#545=LINE('',#3127,#772);
#546=LINE('',#3128,#773);
#547=LINE('',#3131,#774);
#548=LINE('',#3133,#775);
#549=LINE('',#3134,#776);
#550=LINE('',#3137,#777);
#551=LINE('',#3139,#778);
#552=LINE('',#3140,#779);
#553=LINE('',#3143,#780);
#554=LINE('',#3145,#781);
#555=LINE('',#3146,#782);
#556=LINE('',#3149,#783);
#557=LINE('',#3151,#784);
#558=LINE('',#3152,#785);
#559=LINE('',#3155,#786);
#560=LINE('',#3157,#787);
#561=LINE('',#3158,#788);
#562=LINE('',#3161,#789);
#563=LINE('',#3163,#790);
#564=LINE('',#3164,#791);
#565=LINE('',#3167,#792);
#566=LINE('',#3169,#793);
#567=LINE('',#3170,#794);
#568=LINE('',#3173,#795);
#569=LINE('',#3175,#796);
#570=LINE('',#3176,#797);
#571=LINE('',#3179,#798);
#572=LINE('',#3181,#799);
#573=LINE('',#3182,#800);
#574=LINE('',#3185,#801);
#575=LINE('',#3187,#802);
#576=LINE('',#3188,#803);
#577=LINE('',#3191,#804);
#578=LINE('',#3193,#805);
#579=LINE('',#3194,#806);
#580=LINE('',#3197,#807);
#581=LINE('',#3199,#808);
#582=LINE('',#3200,#809);
#583=LINE('',#3202,#810);
#584=LINE('',#3204,#811);
#585=LINE('',#3205,#812);
#586=LINE('',#3207,#813);
#587=LINE('',#3209,#814);
#588=LINE('',#3210,#815);
#589=LINE('',#3212,#816);
#590=LINE('',#3214,#817);
#591=LINE('',#3215,#818);
#592=LINE('',#3217,#819);
#593=LINE('',#3219,#820);
#594=LINE('',#3220,#821);
#595=LINE('',#3222,#822);
#596=LINE('',#3224,#823);
#597=LINE('',#3225,#824);
#598=LINE('',#3227,#825);
#599=LINE('',#3229,#826);
#600=LINE('',#3230,#827);
#601=LINE('',#3232,#828);
#602=LINE('',#3233,#829);
#603=LINE('',#3235,#830);
#604=LINE('',#3236,#831);
#605=LINE('',#3238,#832);
#606=LINE('',#3240,#833);
#607=LINE('',#3241,#834);
#608=LINE('',#3243,#835);
#609=LINE('',#3245,#836);
#610=LINE('',#3246,#837);
#611=LINE('',#3248,#838);
#612=LINE('',#3250,#839);
#613=LINE('',#3251,#840);
#614=LINE('',#3253,#841);
#615=LINE('',#3255,#842);
#616=LINE('',#3256,#843);
#617=LINE('',#3258,#844);
#618=LINE('',#3260,#845);
#619=LINE('',#3261,#846);
#620=LINE('',#3263,#847);
#621=LINE('',#3265,#848);
#622=LINE('',#3266,#849);
#623=LINE('',#3268,#850);
#624=LINE('',#3270,#851);
#625=LINE('',#3271,#852);
#626=LINE('',#3273,#853);
#627=LINE('',#3274,#854);
#628=LINE('',#3276,#855);
#629=LINE('',#3277,#856);
#630=LINE('',#3279,#857);
#631=LINE('',#3281,#858);
#632=LINE('',#3283,#859);
#633=LINE('',#3285,#860);
#634=LINE('',#3288,#861);
#635=LINE('',#3291,#862);
#636=LINE('',#3293,#863);
#637=LINE('',#3295,#864);
#638=LINE('',#3297,#865);
#639=LINE('',#3299,#866);
#640=LINE('',#3301,#867);
#641=LINE('',#3303,#868);
#642=LINE('',#3305,#869);
#643=LINE('',#3307,#870);
#644=LINE('',#3309,#871);
#645=LINE('',#3311,#872);
#646=LINE('',#3313,#873);
#647=LINE('',#3315,#874);
#648=LINE('',#3317,#875);
#649=LINE('',#3319,#876);
#650=LINE('',#3322,#877);
#651=LINE('',#3325,#878);
#652=LINE('',#3327,#879);
#653=LINE('',#3329,#880);
#654=LINE('',#3331,#881);
#655=LINE('',#3333,#882);
#656=LINE('',#3335,#883);
#657=LINE('',#3337,#884);
#658=LINE('',#3339,#885);
#659=LINE('',#3341,#886);
#660=LINE('',#3343,#887);
#661=LINE('',#3345,#888);
#662=LINE('',#3377,#889);
#663=LINE('',#3382,#890);
#664=LINE('',#3387,#891);
#665=LINE('',#3391,#892);
#666=LINE('',#3396,#893);
#667=LINE('',#3402,#894);
#668=LINE('',#3408,#895);
#669=VECTOR('',#2290,0.0315500000000006);
#670=VECTOR('',#2297,0.0315500000000006);
#671=VECTOR('',#2304,0.0315500000000006);
#672=VECTOR('',#2311,0.0315500000000006);
#673=VECTOR('',#2318,0.0315500000000006);
#674=VECTOR('',#2325,0.0315500000000006);
#675=VECTOR('',#2332,0.0315500000000006);
#676=VECTOR('',#2339,0.0315500000000006);
#677=VECTOR('',#2346,0.0315500000000006);
#678=VECTOR('',#2353,0.0315500000000006);
#679=VECTOR('',#2360,0.0315500000000006);
#680=VECTOR('',#2367,0.0315500000000006);
#681=VECTOR('',#2374,0.0315500000000006);
#682=VECTOR('',#2381,0.0315500000000006);
#683=VECTOR('',#2388,0.0315500000000006);
#684=VECTOR('',#2395,0.0315500000000006);
#685=VECTOR('',#2400,39.3700787401575);
#686=VECTOR('',#2401,39.3700787401575);
#687=VECTOR('',#2402,39.3700787401575);
#688=VECTOR('',#2403,39.3700787401575);
#689=VECTOR('',#2404,39.3700787401575);
#690=VECTOR('',#2405,39.3700787401575);
#691=VECTOR('',#2406,39.3700787401575);
#692=VECTOR('',#2407,39.3700787401575);
#693=VECTOR('',#2408,39.3700787401575);
#694=VECTOR('',#2409,39.3700787401575);
#695=VECTOR('',#2410,39.3700787401575);
#696=VECTOR('',#2411,39.3700787401575);
#697=VECTOR('',#2412,39.3700787401575);
#698=VECTOR('',#2413,39.3700787401575);
#699=VECTOR('',#2414,39.3700787401575);
#700=VECTOR('',#2415,39.3700787401575);
#701=VECTOR('',#2416,39.3700787401575);
#702=VECTOR('',#2417,39.3700787401575);
#703=VECTOR('',#2418,39.3700787401575);
#704=VECTOR('',#2419,39.3700787401575);
#705=VECTOR('',#2420,39.3700787401575);
#706=VECTOR('',#2421,39.3700787401575);
#707=VECTOR('',#2422,39.3700787401575);
#708=VECTOR('',#2423,39.3700787401575);
#709=VECTOR('',#2424,39.3700787401575);
#710=VECTOR('',#2425,39.3700787401575);
#711=VECTOR('',#2426,39.3700787401575);
#712=VECTOR('',#2427,39.3700787401575);
#713=VECTOR('',#2428,39.3700787401575);
#714=VECTOR('',#2429,39.3700787401575);
#715=VECTOR('',#2430,39.3700787401575);
#716=VECTOR('',#2431,39.3700787401575);
#717=VECTOR('',#2432,39.3700787401575);
#718=VECTOR('',#2433,39.3700787401575);
#719=VECTOR('',#2434,39.3700787401575);
#720=VECTOR('',#2435,39.3700787401575);
#721=VECTOR('',#2436,39.3700787401575);
#722=VECTOR('',#2437,39.3700787401575);
#723=VECTOR('',#2438,39.3700787401575);
#724=VECTOR('',#2439,39.3700787401575);
#725=VECTOR('',#2440,39.3700787401575);
#726=VECTOR('',#2441,39.3700787401575);
#727=VECTOR('',#2442,39.3700787401575);
#728=VECTOR('',#2443,39.3700787401575);
#729=VECTOR('',#2444,39.3700787401575);
#730=VECTOR('',#2445,39.3700787401575);
#731=VECTOR('',#2446,39.3700787401575);
#732=VECTOR('',#2447,39.3700787401575);
#733=VECTOR('',#2448,39.3700787401575);
#734=VECTOR('',#2449,39.3700787401575);
#735=VECTOR('',#2450,39.3700787401575);
#736=VECTOR('',#2451,39.3700787401575);
#737=VECTOR('',#2452,39.3700787401575);
#738=VECTOR('',#2453,39.3700787401575);
#739=VECTOR('',#2454,39.3700787401575);
#740=VECTOR('',#2455,39.3700787401575);
#741=VECTOR('',#2456,39.3700787401575);
#742=VECTOR('',#2457,39.3700787401575);
#743=VECTOR('',#2458,39.3700787401575);
#744=VECTOR('',#2459,39.3700787401575);
#745=VECTOR('',#2460,39.3700787401575);
#746=VECTOR('',#2461,39.3700787401575);
#747=VECTOR('',#2462,39.3700787401575);
#748=VECTOR('',#2463,39.3700787401575);
#749=VECTOR('',#2464,39.3700787401575);
#750=VECTOR('',#2465,39.3700787401575);
#751=VECTOR('',#2466,39.3700787401575);
#752=VECTOR('',#2467,39.3700787401575);
#753=VECTOR('',#2470,39.3700787401575);
#754=VECTOR('',#2471,39.3700787401575);
#755=VECTOR('',#2472,39.3700787401575);
#756=VECTOR('',#2475,39.3700787401575);
#757=VECTOR('',#2476,39.3700787401575);
#758=VECTOR('',#2477,39.3700787401575);
#759=VECTOR('',#2480,39.3700787401575);
#760=VECTOR('',#2481,39.3700787401575);
#761=VECTOR('',#2482,39.3700787401575);
#762=VECTOR('',#2485,39.3700787401575);
#763=VECTOR('',#2486,39.3700787401575);
#764=VECTOR('',#2487,39.3700787401575);
#765=VECTOR('',#2490,39.3700787401575);
#766=VECTOR('',#2491,39.3700787401575);
#767=VECTOR('',#2492,39.3700787401575);
#768=VECTOR('',#2495,39.3700787401575);
#769=VECTOR('',#2496,39.3700787401575);
#770=VECTOR('',#2497,39.3700787401575);
#771=VECTOR('',#2500,39.3700787401575);
#772=VECTOR('',#2501,39.3700787401575);
#773=VECTOR('',#2502,39.3700787401575);
#774=VECTOR('',#2505,39.3700787401575);
#775=VECTOR('',#2506,39.3700787401575);
#776=VECTOR('',#2507,39.3700787401575);
#777=VECTOR('',#2510,39.3700787401575);
#778=VECTOR('',#2511,39.3700787401575);
#779=VECTOR('',#2512,39.3700787401575);
#780=VECTOR('',#2515,39.3700787401575);
#781=VECTOR('',#2516,39.3700787401575);
#782=VECTOR('',#2517,39.3700787401575);
#783=VECTOR('',#2520,39.3700787401575);
#784=VECTOR('',#2521,39.3700787401575);
#785=VECTOR('',#2522,39.3700787401575);
#786=VECTOR('',#2525,39.3700787401575);
#787=VECTOR('',#2526,39.3700787401575);
#788=VECTOR('',#2527,39.3700787401575);
#789=VECTOR('',#2530,39.3700787401575);
#790=VECTOR('',#2531,39.3700787401575);
#791=VECTOR('',#2532,39.3700787401575);
#792=VECTOR('',#2535,39.3700787401575);
#793=VECTOR('',#2536,39.3700787401575);
#794=VECTOR('',#2537,39.3700787401575);
#795=VECTOR('',#2540,39.3700787401575);
#796=VECTOR('',#2541,39.3700787401575);
#797=VECTOR('',#2542,39.3700787401575);
#798=VECTOR('',#2545,39.3700787401575);
#799=VECTOR('',#2546,39.3700787401575);
#800=VECTOR('',#2547,39.3700787401575);
#801=VECTOR('',#2550,39.3700787401575);
#802=VECTOR('',#2551,39.3700787401575);
#803=VECTOR('',#2552,39.3700787401575);
#804=VECTOR('',#2555,39.3700787401575);
#805=VECTOR('',#2556,39.3700787401575);
#806=VECTOR('',#2557,39.3700787401575);
#807=VECTOR('',#2560,39.3700787401575);
#808=VECTOR('',#2561,39.3700787401575);
#809=VECTOR('',#2562,39.3700787401575);
#810=VECTOR('',#2563,39.3700787401575);
#811=VECTOR('',#2564,39.3700787401575);
#812=VECTOR('',#2565,39.3700787401575);
#813=VECTOR('',#2566,39.3700787401575);
#814=VECTOR('',#2567,39.3700787401575);
#815=VECTOR('',#2568,39.3700787401575);
#816=VECTOR('',#2569,39.3700787401575);
#817=VECTOR('',#2570,39.3700787401575);
#818=VECTOR('',#2571,39.3700787401575);
#819=VECTOR('',#2572,39.3700787401575);
#820=VECTOR('',#2573,39.3700787401575);
#821=VECTOR('',#2574,39.3700787401575);
#822=VECTOR('',#2575,39.3700787401575);
#823=VECTOR('',#2576,39.3700787401575);
#824=VECTOR('',#2577,39.3700787401575);
#825=VECTOR('',#2578,39.3700787401575);
#826=VECTOR('',#2579,39.3700787401575);
#827=VECTOR('',#2580,39.3700787401575);
#828=VECTOR('',#2581,39.3700787401575);
#829=VECTOR('',#2582,39.3700787401575);
#830=VECTOR('',#2583,39.3700787401575);
#831=VECTOR('',#2584,39.3700787401575);
#832=VECTOR('',#2585,39.3700787401575);
#833=VECTOR('',#2586,39.3700787401575);
#834=VECTOR('',#2587,39.3700787401575);
#835=VECTOR('',#2588,39.3700787401575);
#836=VECTOR('',#2589,39.3700787401575);
#837=VECTOR('',#2590,39.3700787401575);
#838=VECTOR('',#2591,39.3700787401575);
#839=VECTOR('',#2592,39.3700787401575);
#840=VECTOR('',#2593,39.3700787401575);
#841=VECTOR('',#2594,39.3700787401575);
#842=VECTOR('',#2595,39.3700787401575);
#843=VECTOR('',#2596,39.3700787401575);
#844=VECTOR('',#2597,39.3700787401575);
#845=VECTOR('',#2598,39.3700787401575);
#846=VECTOR('',#2599,39.3700787401575);
#847=VECTOR('',#2600,39.3700787401575);
#848=VECTOR('',#2601,39.3700787401575);
#849=VECTOR('',#2602,39.3700787401575);
#850=VECTOR('',#2603,39.3700787401575);
#851=VECTOR('',#2604,39.3700787401575);
#852=VECTOR('',#2605,39.3700787401575);
#853=VECTOR('',#2606,39.3700787401575);
#854=VECTOR('',#2607,39.3700787401575);
#855=VECTOR('',#2608,39.3700787401575);
#856=VECTOR('',#2609,39.3700787401575);
#857=VECTOR('',#2612,39.3700787401575);
#858=VECTOR('',#2615,39.3700787401575);
#859=VECTOR('',#2618,39.3700787401575);
#860=VECTOR('',#2621,39.3700787401575);
#861=VECTOR('',#2626,39.3700787401575);
#862=VECTOR('',#2631,39.3700787401575);
#863=VECTOR('',#2634,39.3700787401575);
#864=VECTOR('',#2637,39.3700787401575);
#865=VECTOR('',#2640,39.3700787401575);
#866=VECTOR('',#2643,39.3700787401575);
#867=VECTOR('',#2646,39.3700787401575);
#868=VECTOR('',#2649,39.3700787401575);
#869=VECTOR('',#2652,39.3700787401575);
#870=VECTOR('',#2655,39.3700787401575);
#871=VECTOR('',#2658,39.3700787401575);
#872=VECTOR('',#2661,39.3700787401575);
#873=VECTOR('',#2664,39.3700787401575);
#874=VECTOR('',#2667,39.3700787401575);
#875=VECTOR('',#2670,39.3700787401575);
#876=VECTOR('',#2673,39.3700787401575);
#877=VECTOR('',#2678,39.3700787401575);
#878=VECTOR('',#2683,39.3700787401575);
#879=VECTOR('',#2686,39.3700787401575);
#880=VECTOR('',#2689,39.3700787401575);
#881=VECTOR('',#2692,39.3700787401575);
#882=VECTOR('',#2695,39.3700787401575);
#883=VECTOR('',#2698,39.3700787401575);
#884=VECTOR('',#2701,39.3700787401575);
#885=VECTOR('',#2704,39.3700787401575);
#886=VECTOR('',#2707,39.3700787401575);
#887=VECTOR('',#2710,39.3700787401575);
#888=VECTOR('',#2713,39.3700787401575);
#889=VECTOR('',#2764,0.0209);
#890=VECTOR('',#2769,0.028999999997053);
#891=VECTOR('',#2776,0.029);
#892=VECTOR('',#2781,0.0319999999979829);
#893=VECTOR('',#2786,0.0305);
#894=VECTOR('',#2793,0.036);
#895=VECTOR('',#2800,0.0085000000000002);
#896=CIRCLE('',#2112,0.0315500000000006);
#897=CIRCLE('',#2113,0.0315500000000006);
#898=CIRCLE('',#2115,0.0315500000000006);
#899=CIRCLE('',#2116,0.0315500000000006);
#900=CIRCLE('',#2118,0.0315500000000006);
#901=CIRCLE('',#2119,0.0315500000000006);
#902=CIRCLE('',#2121,0.0315500000000006);
#903=CIRCLE('',#2122,0.0315500000000006);
#904=CIRCLE('',#2124,0.0315500000000006);
#905=CIRCLE('',#2125,0.0315500000000006);
#906=CIRCLE('',#2127,0.0315500000000006);
#907=CIRCLE('',#2128,0.0315500000000006);
#908=CIRCLE('',#2130,0.0315500000000006);
#909=CIRCLE('',#2131,0.0315500000000006);
#910=CIRCLE('',#2133,0.0315500000000006);
#911=CIRCLE('',#2134,0.0315500000000006);
#912=CIRCLE('',#2136,0.0315500000000006);
#913=CIRCLE('',#2137,0.0315500000000006);
#914=CIRCLE('',#2139,0.0315500000000006);
#915=CIRCLE('',#2140,0.0315500000000006);
#916=CIRCLE('',#2142,0.0315500000000006);
#917=CIRCLE('',#2143,0.0315500000000006);
#918=CIRCLE('',#2145,0.0315500000000006);
#919=CIRCLE('',#2146,0.0315500000000006);
#920=CIRCLE('',#2148,0.0315500000000006);
#921=CIRCLE('',#2149,0.0315500000000006);
#922=CIRCLE('',#2151,0.0315500000000006);
#923=CIRCLE('',#2152,0.0315500000000006);
#924=CIRCLE('',#2154,0.0315500000000006);
#925=CIRCLE('',#2155,0.0315500000000006);
#926=CIRCLE('',#2157,0.0315500000000006);
#927=CIRCLE('',#2158,0.0315500000000006);
#928=CIRCLE('',#2231,0.0209);
#929=CIRCLE('',#2232,0.0209);
#930=CIRCLE('',#2233,0.0209);
#931=CIRCLE('',#2235,0.0085000000000002);
#932=CIRCLE('',#2236,0.00300000000000002);
#933=CIRCLE('',#2237,0.0115000000000002);
#934=CIRCLE('',#2239,0.0209);
#935=CIRCLE('',#2241,0.0290000000015289);
#936=CIRCLE('',#2242,0.0272679491927421);
#937=CIRCLE('',#2244,0.029);
#938=CIRCLE('',#2246,0.0319999999991822);
#939=CIRCLE('',#2248,0.0305);
#940=CIRCLE('',#2249,0.0305);
#941=CIRCLE('',#2251,0.036);
#942=CIRCLE('',#2252,0.036);
#943=CIRCLE('',#2254,0.0085000000000002);
#944=CIRCLE('',#2255,0.0085000000000002);
#945=CIRCLE('',#2261,0.00850000000000019);
#946=VERTEX_POINT('',#2855);
#947=VERTEX_POINT('',#2857);
#948=VERTEX_POINT('',#2861);
#949=VERTEX_POINT('',#2863);
#950=VERTEX_POINT('',#2867);
#951=VERTEX_POINT('',#2869);
#952=VERTEX_POINT('',#2873);
#953=VERTEX_POINT('',#2875);
#954=VERTEX_POINT('',#2879);
#955=VERTEX_POINT('',#2881);
#956=VERTEX_POINT('',#2885);
#957=VERTEX_POINT('',#2887);
#958=VERTEX_POINT('',#2891);
#959=VERTEX_POINT('',#2893);
#960=VERTEX_POINT('',#2897);
#961=VERTEX_POINT('',#2899);
#962=VERTEX_POINT('',#2903);
#963=VERTEX_POINT('',#2905);
#964=VERTEX_POINT('',#2909);
#965=VERTEX_POINT('',#2911);
#966=VERTEX_POINT('',#2915);
#967=VERTEX_POINT('',#2917);
#968=VERTEX_POINT('',#2921);
#969=VERTEX_POINT('',#2923);
#970=VERTEX_POINT('',#2927);
#971=VERTEX_POINT('',#2929);
#972=VERTEX_POINT('',#2933);
#973=VERTEX_POINT('',#2935);
#974=VERTEX_POINT('',#2939);
#975=VERTEX_POINT('',#2941);
#976=VERTEX_POINT('',#2945);
#977=VERTEX_POINT('',#2947);
#978=VERTEX_POINT('',#2951);
#979=VERTEX_POINT('',#2952);
#980=VERTEX_POINT('',#2954);
#981=VERTEX_POINT('',#2956);
#982=VERTEX_POINT('',#2958);
#983=VERTEX_POINT('',#2960);
#984=VERTEX_POINT('',#2962);
#985=VERTEX_POINT('',#2964);
#986=VERTEX_POINT('',#2966);
#987=VERTEX_POINT('',#2968);
#988=VERTEX_POINT('',#2970);
#989=VERTEX_POINT('',#2972);
#990=VERTEX_POINT('',#2974);
#991=VERTEX_POINT('',#2976);
#992=VERTEX_POINT('',#2978);
#993=VERTEX_POINT('',#2980);
#994=VERTEX_POINT('',#2982);
#995=VERTEX_POINT('',#2984);
#996=VERTEX_POINT('',#2986);
#997=VERTEX_POINT('',#2988);
#998=VERTEX_POINT('',#2990);
#999=VERTEX_POINT('',#2992);
#1000=VERTEX_POINT('',#2994);
#1001=VERTEX_POINT('',#2996);
#1002=VERTEX_POINT('',#2998);
#1003=VERTEX_POINT('',#3000);
#1004=VERTEX_POINT('',#3002);
#1005=VERTEX_POINT('',#3004);
#1006=VERTEX_POINT('',#3006);
#1007=VERTEX_POINT('',#3008);
#1008=VERTEX_POINT('',#3010);
#1009=VERTEX_POINT('',#3012);
#1010=VERTEX_POINT('',#3014);
#1011=VERTEX_POINT('',#3016);
#1012=VERTEX_POINT('',#3018);
#1013=VERTEX_POINT('',#3020);
#1014=VERTEX_POINT('',#3022);
#1015=VERTEX_POINT('',#3024);
#1016=VERTEX_POINT('',#3026);
#1017=VERTEX_POINT('',#3028);
#1018=VERTEX_POINT('',#3030);
#1019=VERTEX_POINT('',#3032);
#1020=VERTEX_POINT('',#3034);
#1021=VERTEX_POINT('',#3036);
#1022=VERTEX_POINT('',#3038);
#1023=VERTEX_POINT('',#3040);
#1024=VERTEX_POINT('',#3042);
#1025=VERTEX_POINT('',#3044);
#1026=VERTEX_POINT('',#3046);
#1027=VERTEX_POINT('',#3048);
#1028=VERTEX_POINT('',#3050);
#1029=VERTEX_POINT('',#3052);
#1030=VERTEX_POINT('',#3054);
#1031=VERTEX_POINT('',#3056);
#1032=VERTEX_POINT('',#3058);
#1033=VERTEX_POINT('',#3060);
#1034=VERTEX_POINT('',#3062);
#1035=VERTEX_POINT('',#3064);
#1036=VERTEX_POINT('',#3066);
#1037=VERTEX_POINT('',#3068);
#1038=VERTEX_POINT('',#3070);
#1039=VERTEX_POINT('',#3072);
#1040=VERTEX_POINT('',#3074);
#1041=VERTEX_POINT('',#3076);
#1042=VERTEX_POINT('',#3078);
#1043=VERTEX_POINT('',#3080);
#1044=VERTEX_POINT('',#3082);
#1045=VERTEX_POINT('',#3084);
#1046=VERTEX_POINT('',#3088);
#1047=VERTEX_POINT('',#3090);
#1048=VERTEX_POINT('',#3094);
#1049=VERTEX_POINT('',#3096);
#1050=VERTEX_POINT('',#3100);
#1051=VERTEX_POINT('',#3102);
#1052=VERTEX_POINT('',#3106);
#1053=VERTEX_POINT('',#3108);
#1054=VERTEX_POINT('',#3112);
#1055=VERTEX_POINT('',#3114);
#1056=VERTEX_POINT('',#3118);
#1057=VERTEX_POINT('',#3120);
#1058=VERTEX_POINT('',#3124);
#1059=VERTEX_POINT('',#3126);
#1060=VERTEX_POINT('',#3130);
#1061=VERTEX_POINT('',#3132);
#1062=VERTEX_POINT('',#3136);
#1063=VERTEX_POINT('',#3138);
#1064=VERTEX_POINT('',#3142);
#1065=VERTEX_POINT('',#3144);
#1066=VERTEX_POINT('',#3148);
#1067=VERTEX_POINT('',#3150);
#1068=VERTEX_POINT('',#3154);
#1069=VERTEX_POINT('',#3156);
#1070=VERTEX_POINT('',#3160);
#1071=VERTEX_POINT('',#3162);
#1072=VERTEX_POINT('',#3166);
#1073=VERTEX_POINT('',#3168);
#1074=VERTEX_POINT('',#3172);
#1075=VERTEX_POINT('',#3174);
#1076=VERTEX_POINT('',#3178);
#1077=VERTEX_POINT('',#3180);
#1078=VERTEX_POINT('',#3184);
#1079=VERTEX_POINT('',#3186);
#1080=VERTEX_POINT('',#3190);
#1081=VERTEX_POINT('',#3192);
#1082=VERTEX_POINT('',#3196);
#1083=VERTEX_POINT('',#3198);
#1084=VERTEX_POINT('',#3201);
#1085=VERTEX_POINT('',#3203);
#1086=VERTEX_POINT('',#3206);
#1087=VERTEX_POINT('',#3208);
#1088=VERTEX_POINT('',#3211);
#1089=VERTEX_POINT('',#3213);
#1090=VERTEX_POINT('',#3216);
#1091=VERTEX_POINT('',#3218);
#1092=VERTEX_POINT('',#3221);
#1093=VERTEX_POINT('',#3223);
#1094=VERTEX_POINT('',#3226);
#1095=VERTEX_POINT('',#3228);
#1096=VERTEX_POINT('',#3231);
#1097=VERTEX_POINT('',#3234);
#1098=VERTEX_POINT('',#3237);
#1099=VERTEX_POINT('',#3239);
#1100=VERTEX_POINT('',#3242);
#1101=VERTEX_POINT('',#3244);
#1102=VERTEX_POINT('',#3247);
#1103=VERTEX_POINT('',#3249);
#1104=VERTEX_POINT('',#3252);
#1105=VERTEX_POINT('',#3254);
#1106=VERTEX_POINT('',#3257);
#1107=VERTEX_POINT('',#3259);
#1108=VERTEX_POINT('',#3262);
#1109=VERTEX_POINT('',#3264);
#1110=VERTEX_POINT('',#3267);
#1111=VERTEX_POINT('',#3269);
#1112=VERTEX_POINT('',#3272);
#1113=VERTEX_POINT('',#3275);
#1114=VERTEX_POINT('',#3362);
#1115=VERTEX_POINT('',#3363);
#1116=VERTEX_POINT('',#3366);
#1117=VERTEX_POINT('',#3369);
#1118=VERTEX_POINT('',#3371);
#1119=VERTEX_POINT('',#3375);
#1120=VERTEX_POINT('',#3379);
#1121=VERTEX_POINT('',#3381);
#1122=VERTEX_POINT('',#3385);
#1123=VERTEX_POINT('',#3389);
#1124=VERTEX_POINT('',#3393);
#1125=VERTEX_POINT('',#3395);
#1126=VERTEX_POINT('',#3399);
#1127=VERTEX_POINT('',#3401);
#1128=VERTEX_POINT('',#3405);
#1129=VERTEX_POINT('',#3406);
#1130=VERTEX_POINT('',#3415);
#1131=EDGE_CURVE('',#946,#946,#896,.T.);
#1132=EDGE_CURVE('',#946,#947,#442,.T.);
#1133=EDGE_CURVE('',#947,#947,#897,.T.);
#1134=EDGE_CURVE('',#948,#948,#898,.T.);
#1135=EDGE_CURVE('',#948,#949,#443,.T.);
#1136=EDGE_CURVE('',#949,#949,#899,.T.);
#1137=EDGE_CURVE('',#950,#950,#900,.T.);
#1138=EDGE_CURVE('',#950,#951,#444,.T.);
#1139=EDGE_CURVE('',#951,#951,#901,.T.);
#1140=EDGE_CURVE('',#952,#952,#902,.T.);
#1141=EDGE_CURVE('',#952,#953,#445,.T.);
#1142=EDGE_CURVE('',#953,#953,#903,.T.);
#1143=EDGE_CURVE('',#954,#954,#904,.T.);
#1144=EDGE_CURVE('',#954,#955,#446,.T.);
#1145=EDGE_CURVE('',#955,#955,#905,.T.);
#1146=EDGE_CURVE('',#956,#956,#906,.T.);
#1147=EDGE_CURVE('',#956,#957,#447,.T.);
#1148=EDGE_CURVE('',#957,#957,#907,.T.);
#1149=EDGE_CURVE('',#958,#958,#908,.T.);
#1150=EDGE_CURVE('',#958,#959,#448,.T.);
#1151=EDGE_CURVE('',#959,#959,#909,.T.);
#1152=EDGE_CURVE('',#960,#960,#910,.T.);
#1153=EDGE_CURVE('',#960,#961,#449,.T.);
#1154=EDGE_CURVE('',#961,#961,#911,.T.);
#1155=EDGE_CURVE('',#962,#962,#912,.T.);
#1156=EDGE_CURVE('',#962,#963,#450,.T.);
#1157=EDGE_CURVE('',#963,#963,#913,.T.);
#1158=EDGE_CURVE('',#964,#964,#914,.T.);
#1159=EDGE_CURVE('',#964,#965,#451,.T.);
#1160=EDGE_CURVE('',#965,#965,#915,.T.);
#1161=EDGE_CURVE('',#966,#966,#916,.T.);
#1162=EDGE_CURVE('',#966,#967,#452,.T.);
#1163=EDGE_CURVE('',#967,#967,#917,.T.);
#1164=EDGE_CURVE('',#968,#968,#918,.T.);
#1165=EDGE_CURVE('',#968,#969,#453,.T.);
#1166=EDGE_CURVE('',#969,#969,#919,.T.);
#1167=EDGE_CURVE('',#970,#970,#920,.T.);
#1168=EDGE_CURVE('',#970,#971,#454,.T.);
#1169=EDGE_CURVE('',#971,#971,#921,.T.);
#1170=EDGE_CURVE('',#972,#972,#922,.T.);
#1171=EDGE_CURVE('',#972,#973,#455,.T.);
#1172=EDGE_CURVE('',#973,#973,#923,.T.);
#1173=EDGE_CURVE('',#974,#974,#924,.T.);
#1174=EDGE_CURVE('',#974,#975,#456,.T.);
#1175=EDGE_CURVE('',#975,#975,#925,.T.);
#1176=EDGE_CURVE('',#976,#976,#926,.T.);
#1177=EDGE_CURVE('',#976,#977,#457,.T.);
#1178=EDGE_CURVE('',#977,#977,#927,.T.);
#1179=EDGE_CURVE('',#978,#979,#458,.T.);
#1180=EDGE_CURVE('',#979,#980,#459,.T.);
#1181=EDGE_CURVE('',#980,#981,#460,.T.);
#1182=EDGE_CURVE('',#982,#981,#461,.T.);
#1183=EDGE_CURVE('',#983,#982,#462,.T.);
#1184=EDGE_CURVE('',#984,#983,#463,.T.);
#1185=EDGE_CURVE('',#985,#984,#464,.T.);
#1186=EDGE_CURVE('',#986,#985,#465,.T.);
#1187=EDGE_CURVE('',#987,#986,#466,.T.);
#1188=EDGE_CURVE('',#988,#987,#467,.T.);
#1189=EDGE_CURVE('',#988,#989,#468,.T.);
#1190=EDGE_CURVE('',#989,#990,#469,.T.);
#1191=EDGE_CURVE('',#990,#991,#470,.T.);
#1192=EDGE_CURVE('',#992,#991,#471,.T.);
#1193=EDGE_CURVE('',#992,#993,#472,.T.);
#1194=EDGE_CURVE('',#993,#994,#473,.T.);
#1195=EDGE_CURVE('',#994,#995,#474,.T.);
#1196=EDGE_CURVE('',#996,#995,#475,.T.);
#1197=EDGE_CURVE('',#996,#997,#476,.T.);
#1198=EDGE_CURVE('',#997,#998,#477,.T.);
#1199=EDGE_CURVE('',#998,#999,#478,.T.);
#1200=EDGE_CURVE('',#1000,#999,#479,.T.);
#1201=EDGE_CURVE('',#1000,#1001,#480,.T.);
#1202=EDGE_CURVE('',#1001,#1002,#481,.T.);
#1203=EDGE_CURVE('',#1002,#1003,#482,.T.);
#1204=EDGE_CURVE('',#1004,#1003,#483,.T.);
#1205=EDGE_CURVE('',#1004,#1005,#484,.T.);
#1206=EDGE_CURVE('',#1005,#1006,#485,.T.);
#1207=EDGE_CURVE('',#1006,#1007,#486,.T.);
#1208=EDGE_CURVE('',#1008,#1007,#487,.T.);
#1209=EDGE_CURVE('',#1008,#1009,#488,.T.);
#1210=EDGE_CURVE('',#1009,#1010,#489,.T.);
#1211=EDGE_CURVE('',#1010,#1011,#490,.T.);
#1212=EDGE_CURVE('',#1012,#1011,#491,.T.);
#1213=EDGE_CURVE('',#1012,#1013,#492,.T.);
#1214=EDGE_CURVE('',#1013,#1014,#493,.T.);
#1215=EDGE_CURVE('',#1014,#1015,#494,.T.);
#1216=EDGE_CURVE('',#1016,#1015,#495,.T.);
#1217=EDGE_CURVE('',#1017,#1016,#496,.T.);
#1218=EDGE_CURVE('',#1018,#1017,#497,.T.);
#1219=EDGE_CURVE('',#1019,#1018,#498,.T.);
#1220=EDGE_CURVE('',#1020,#1019,#499,.T.);
#1221=EDGE_CURVE('',#1021,#1020,#500,.T.);
#1222=EDGE_CURVE('',#1022,#1021,#501,.T.);
#1223=EDGE_CURVE('',#1022,#1023,#502,.T.);
#1224=EDGE_CURVE('',#1023,#1024,#503,.T.);
#1225=EDGE_CURVE('',#1024,#1025,#504,.T.);
#1226=EDGE_CURVE('',#1026,#1025,#505,.T.);
#1227=EDGE_CURVE('',#1026,#1027,#506,.T.);
#1228=EDGE_CURVE('',#1027,#1028,#507,.T.);
#1229=EDGE_CURVE('',#1028,#1029,#508,.T.);
#1230=EDGE_CURVE('',#1030,#1029,#509,.T.);
#1231=EDGE_CURVE('',#1030,#1031,#510,.T.);
#1232=EDGE_CURVE('',#1031,#1032,#511,.T.);
#1233=EDGE_CURVE('',#1032,#1033,#512,.T.);
#1234=EDGE_CURVE('',#1034,#1033,#513,.T.);
#1235=EDGE_CURVE('',#1034,#1035,#514,.T.);
#1236=EDGE_CURVE('',#1035,#1036,#515,.T.);
#1237=EDGE_CURVE('',#1036,#1037,#516,.T.);
#1238=EDGE_CURVE('',#1038,#1037,#517,.T.);
#1239=EDGE_CURVE('',#1038,#1039,#518,.T.);
#1240=EDGE_CURVE('',#1039,#1040,#519,.T.);
#1241=EDGE_CURVE('',#1040,#1041,#520,.T.);
#1242=EDGE_CURVE('',#1042,#1041,#521,.T.);
#1243=EDGE_CURVE('',#1042,#1043,#522,.T.);
#1244=EDGE_CURVE('',#1043,#1044,#523,.T.);
#1245=EDGE_CURVE('',#1044,#1045,#524,.T.);
#1246=EDGE_CURVE('',#978,#1045,#525,.T.);
#1247=EDGE_CURVE('',#1045,#1046,#526,.T.);
#1248=EDGE_CURVE('',#1046,#1047,#527,.T.);
#1249=EDGE_CURVE('',#1047,#978,#528,.T.);
#1250=EDGE_CURVE('',#1048,#982,#529,.T.);
#1251=EDGE_CURVE('',#981,#1049,#530,.T.);
#1252=EDGE_CURVE('',#1049,#1048,#531,.T.);
#1253=EDGE_CURVE('',#984,#1050,#532,.T.);
#1254=EDGE_CURVE('',#1050,#1051,#533,.T.);
#1255=EDGE_CURVE('',#1051,#985,#534,.T.);
#1256=EDGE_CURVE('',#987,#1052,#535,.T.);
#1257=EDGE_CURVE('',#1052,#1053,#536,.T.);
#1258=EDGE_CURVE('',#1053,#988,#537,.T.);
#1259=EDGE_CURVE('',#1054,#992,#538,.T.);
#1260=EDGE_CURVE('',#991,#1055,#539,.T.);
#1261=EDGE_CURVE('',#1055,#1054,#540,.T.);
#1262=EDGE_CURVE('',#1056,#996,#541,.T.);
#1263=EDGE_CURVE('',#995,#1057,#542,.T.);
#1264=EDGE_CURVE('',#1057,#1056,#543,.T.);
#1265=EDGE_CURVE('',#1058,#1000,#544,.T.);
#1266=EDGE_CURVE('',#999,#1059,#545,.T.);
#1267=EDGE_CURVE('',#1059,#1058,#546,.T.);
#1268=EDGE_CURVE('',#1060,#1004,#547,.T.);
#1269=EDGE_CURVE('',#1003,#1061,#548,.T.);
#1270=EDGE_CURVE('',#1061,#1060,#549,.T.);
#1271=EDGE_CURVE('',#1062,#1008,#550,.T.);
#1272=EDGE_CURVE('',#1007,#1063,#551,.T.);
#1273=EDGE_CURVE('',#1063,#1062,#552,.T.);
#1274=EDGE_CURVE('',#1064,#1012,#553,.T.);
#1275=EDGE_CURVE('',#1011,#1065,#554,.T.);
#1276=EDGE_CURVE('',#1065,#1064,#555,.T.);
#1277=EDGE_CURVE('',#1066,#1016,#556,.T.);
#1278=EDGE_CURVE('',#1015,#1067,#557,.T.);
#1279=EDGE_CURVE('',#1067,#1066,#558,.T.);
#1280=EDGE_CURVE('',#1018,#1068,#559,.T.);
#1281=EDGE_CURVE('',#1068,#1069,#560,.T.);
#1282=EDGE_CURVE('',#1069,#1019,#561,.T.);
#1283=EDGE_CURVE('',#1021,#1070,#562,.T.);
#1284=EDGE_CURVE('',#1070,#1071,#563,.T.);
#1285=EDGE_CURVE('',#1071,#1022,#564,.T.);
#1286=EDGE_CURVE('',#1025,#1072,#565,.T.);
#1287=EDGE_CURVE('',#1072,#1073,#566,.T.);
#1288=EDGE_CURVE('',#1073,#1026,#567,.T.);
#1289=EDGE_CURVE('',#1029,#1074,#568,.T.);
#1290=EDGE_CURVE('',#1074,#1075,#569,.T.);
#1291=EDGE_CURVE('',#1075,#1030,#570,.T.);
#1292=EDGE_CURVE('',#1033,#1076,#571,.T.);
#1293=EDGE_CURVE('',#1076,#1077,#572,.T.);
#1294=EDGE_CURVE('',#1077,#1034,#573,.T.);
#1295=EDGE_CURVE('',#1037,#1078,#574,.T.);
#1296=EDGE_CURVE('',#1078,#1079,#575,.T.);
#1297=EDGE_CURVE('',#1079,#1038,#576,.T.);
#1298=EDGE_CURVE('',#1041,#1080,#577,.T.);
#1299=EDGE_CURVE('',#1080,#1081,#578,.T.);
#1300=EDGE_CURVE('',#1081,#1042,#579,.T.);
#1301=EDGE_CURVE('',#1049,#1082,#580,.T.);
#1302=EDGE_CURVE('',#1082,#1083,#581,.T.);
#1303=EDGE_CURVE('',#1083,#1047,#582,.T.);
#1304=EDGE_CURVE('',#1046,#1084,#583,.T.);
#1305=EDGE_CURVE('',#1084,#1085,#584,.T.);
#1306=EDGE_CURVE('',#1085,#1081,#585,.T.);
#1307=EDGE_CURVE('',#1080,#1086,#586,.T.);
#1308=EDGE_CURVE('',#1086,#1087,#587,.T.);
#1309=EDGE_CURVE('',#1087,#1079,#588,.T.);
#1310=EDGE_CURVE('',#1078,#1088,#589,.T.);
#1311=EDGE_CURVE('',#1088,#1089,#590,.T.);
#1312=EDGE_CURVE('',#1089,#1077,#591,.T.);
#1313=EDGE_CURVE('',#1076,#1090,#592,.T.);
#1314=EDGE_CURVE('',#1090,#1091,#593,.T.);
#1315=EDGE_CURVE('',#1091,#1075,#594,.T.);
#1316=EDGE_CURVE('',#1074,#1092,#595,.T.);
#1317=EDGE_CURVE('',#1092,#1093,#596,.T.);
#1318=EDGE_CURVE('',#1093,#1073,#597,.T.);
#1319=EDGE_CURVE('',#1072,#1094,#598,.T.);
#1320=EDGE_CURVE('',#1094,#1095,#599,.T.);
#1321=EDGE_CURVE('',#1095,#1071,#600,.T.);
#1322=EDGE_CURVE('',#1070,#1096,#601,.T.);
#1323=EDGE_CURVE('',#1096,#1069,#602,.T.);
#1324=EDGE_CURVE('',#1068,#1097,#603,.T.);
#1325=EDGE_CURVE('',#1097,#1066,#604,.T.);
#1326=EDGE_CURVE('',#1067,#1098,#605,.T.);
#1327=EDGE_CURVE('',#1098,#1099,#606,.T.);
#1328=EDGE_CURVE('',#1099,#1064,#607,.T.);
#1329=EDGE_CURVE('',#1065,#1100,#608,.T.);
#1330=EDGE_CURVE('',#1100,#1101,#609,.T.);
#1331=EDGE_CURVE('',#1101,#1062,#610,.T.);
#1332=EDGE_CURVE('',#1063,#1102,#611,.T.);
#1333=EDGE_CURVE('',#1102,#1103,#612,.T.);
#1334=EDGE_CURVE('',#1103,#1060,#613,.T.);
#1335=EDGE_CURVE('',#1061,#1104,#614,.T.);
#1336=EDGE_CURVE('',#1104,#1105,#615,.T.);
#1337=EDGE_CURVE('',#1105,#1058,#616,.T.);
#1338=EDGE_CURVE('',#1059,#1106,#617,.T.);
#1339=EDGE_CURVE('',#1106,#1107,#618,.T.);
#1340=EDGE_CURVE('',#1107,#1056,#619,.T.);
#1341=EDGE_CURVE('',#1057,#1108,#620,.T.);
#1342=EDGE_CURVE('',#1108,#1109,#621,.T.);
#1343=EDGE_CURVE('',#1109,#1054,#622,.T.);
#1344=EDGE_CURVE('',#1055,#1110,#623,.T.);
#1345=EDGE_CURVE('',#1110,#1111,#624,.T.);
#1346=EDGE_CURVE('',#1111,#1053,#625,.T.);
#1347=EDGE_CURVE('',#1052,#1112,#626,.T.);
#1348=EDGE_CURVE('',#1112,#1051,#627,.T.);
#1349=EDGE_CURVE('',#1050,#1113,#628,.T.);
#1350=EDGE_CURVE('',#1113,#1048,#629,.T.);
#1351=EDGE_CURVE('',#1084,#1044,#630,.T.);
#1352=EDGE_CURVE('',#979,#1083,#631,.T.);
#1353=EDGE_CURVE('',#1113,#983,#632,.T.);
#1354=EDGE_CURVE('',#1082,#980,#633,.T.);
#1355=EDGE_CURVE('',#1112,#986,#634,.T.);
#1356=EDGE_CURVE('',#989,#1111,#635,.T.);
#1357=EDGE_CURVE('',#993,#1109,#636,.T.);
#1358=EDGE_CURVE('',#1110,#990,#637,.T.);
#1359=EDGE_CURVE('',#997,#1107,#638,.T.);
#1360=EDGE_CURVE('',#1108,#994,#639,.T.);
#1361=EDGE_CURVE('',#1001,#1105,#640,.T.);
#1362=EDGE_CURVE('',#1106,#998,#641,.T.);
#1363=EDGE_CURVE('',#1005,#1103,#642,.T.);
#1364=EDGE_CURVE('',#1104,#1002,#643,.T.);
#1365=EDGE_CURVE('',#1009,#1101,#644,.T.);
#1366=EDGE_CURVE('',#1102,#1006,#645,.T.);
#1367=EDGE_CURVE('',#1013,#1099,#646,.T.);
#1368=EDGE_CURVE('',#1100,#1010,#647,.T.);
#1369=EDGE_CURVE('',#1097,#1017,#648,.T.);
#1370=EDGE_CURVE('',#1098,#1014,#649,.T.);
#1371=EDGE_CURVE('',#1096,#1020,#650,.T.);
#1372=EDGE_CURVE('',#1023,#1095,#651,.T.);
#1373=EDGE_CURVE('',#1094,#1024,#652,.T.);
#1374=EDGE_CURVE('',#1027,#1093,#653,.T.);
#1375=EDGE_CURVE('',#1092,#1028,#654,.T.);
#1376=EDGE_CURVE('',#1031,#1091,#655,.T.);
#1377=EDGE_CURVE('',#1090,#1032,#656,.T.);
#1378=EDGE_CURVE('',#1035,#1089,#657,.T.);
#1379=EDGE_CURVE('',#1088,#1036,#658,.T.);
#1380=EDGE_CURVE('',#1039,#1087,#659,.T.);
#1381=EDGE_CURVE('',#1086,#1040,#660,.T.);
#1382=EDGE_CURVE('',#1043,#1085,#661,.T.);
#1383=EDGE_CURVE('',#1114,#1115,#928,.T.);
#1384=EDGE_CURVE('',#1115,#1114,#929,.T.);
#1385=EDGE_CURVE('',#1116,#1115,#930,.T.);
#1386=EDGE_CURVE('',#1117,#1117,#931,.T.);
#1387=EDGE_CURVE('',#1117,#1118,#932,.T.);
#1388=EDGE_CURVE('',#1118,#1118,#933,.T.);
#1389=EDGE_CURVE('',#1119,#1119,#934,.T.);
#1390=EDGE_CURVE('',#1119,#1114,#662,.T.);
#1391=EDGE_CURVE('',#1120,#1120,#935,.T.);
#1392=EDGE_CURVE('',#1120,#1121,#663,.T.);
#1393=EDGE_CURVE('',#1121,#1121,#936,.T.);
#1394=EDGE_CURVE('',#1122,#1122,#937,.T.);
#1395=EDGE_CURVE('',#1122,#1120,#664,.T.);
#1396=EDGE_CURVE('',#1123,#1123,#938,.T.);
#1397=EDGE_CURVE('',#1123,#1122,#665,.T.);
#1398=EDGE_CURVE('',#1124,#1124,#939,.T.);
#1399=EDGE_CURVE('',#1124,#1125,#666,.T.);
#1400=EDGE_CURVE('',#1125,#1125,#940,.T.);
#1401=EDGE_CURVE('',#1126,#1126,#941,.T.);
#1402=EDGE_CURVE('',#1126,#1127,#667,.T.);
#1403=EDGE_CURVE('',#1127,#1127,#942,.T.);
#1404=EDGE_CURVE('',#1128,#1129,#943,.T.);
#1405=EDGE_CURVE('',#1129,#1117,#668,.T.);
#1406=EDGE_CURVE('',#1129,#1128,#944,.T.);
#1407=EDGE_CURVE('',#1128,#1130,#945,.T.);
#1408=ORIENTED_EDGE('',*,*,#1131,.T.);
#1409=ORIENTED_EDGE('',*,*,#1132,.T.);
#1410=ORIENTED_EDGE('',*,*,#1133,.F.);
#1411=ORIENTED_EDGE('',*,*,#1132,.F.);
#1412=ORIENTED_EDGE('',*,*,#1134,.T.);
#1413=ORIENTED_EDGE('',*,*,#1135,.T.);
#1414=ORIENTED_EDGE('',*,*,#1136,.F.);
#1415=ORIENTED_EDGE('',*,*,#1135,.F.);
#1416=ORIENTED_EDGE('',*,*,#1137,.T.);
#1417=ORIENTED_EDGE('',*,*,#1138,.T.);
#1418=ORIENTED_EDGE('',*,*,#1139,.F.);
#1419=ORIENTED_EDGE('',*,*,#1138,.F.);
#1420=ORIENTED_EDGE('',*,*,#1140,.T.);
#1421=ORIENTED_EDGE('',*,*,#1141,.T.);
#1422=ORIENTED_EDGE('',*,*,#1142,.F.);
#1423=ORIENTED_EDGE('',*,*,#1141,.F.);
#1424=ORIENTED_EDGE('',*,*,#1143,.T.);
#1425=ORIENTED_EDGE('',*,*,#1144,.T.);
#1426=ORIENTED_EDGE('',*,*,#1145,.F.);
#1427=ORIENTED_EDGE('',*,*,#1144,.F.);
#1428=ORIENTED_EDGE('',*,*,#1146,.T.);
#1429=ORIENTED_EDGE('',*,*,#1147,.T.);
#1430=ORIENTED_EDGE('',*,*,#1148,.F.);
#1431=ORIENTED_EDGE('',*,*,#1147,.F.);
#1432=ORIENTED_EDGE('',*,*,#1149,.T.);
#1433=ORIENTED_EDGE('',*,*,#1150,.T.);
#1434=ORIENTED_EDGE('',*,*,#1151,.F.);
#1435=ORIENTED_EDGE('',*,*,#1150,.F.);
#1436=ORIENTED_EDGE('',*,*,#1152,.T.);
#1437=ORIENTED_EDGE('',*,*,#1153,.T.);
#1438=ORIENTED_EDGE('',*,*,#1154,.F.);
#1439=ORIENTED_EDGE('',*,*,#1153,.F.);
#1440=ORIENTED_EDGE('',*,*,#1155,.T.);
#1441=ORIENTED_EDGE('',*,*,#1156,.T.);
#1442=ORIENTED_EDGE('',*,*,#1157,.F.);
#1443=ORIENTED_EDGE('',*,*,#1156,.F.);
#1444=ORIENTED_EDGE('',*,*,#1158,.T.);
#1445=ORIENTED_EDGE('',*,*,#1159,.T.);
#1446=ORIENTED_EDGE('',*,*,#1160,.F.);
#1447=ORIENTED_EDGE('',*,*,#1159,.F.);
#1448=ORIENTED_EDGE('',*,*,#1161,.T.);
#1449=ORIENTED_EDGE('',*,*,#1162,.T.);
#1450=ORIENTED_EDGE('',*,*,#1163,.F.);
#1451=ORIENTED_EDGE('',*,*,#1162,.F.);
#1452=ORIENTED_EDGE('',*,*,#1164,.T.);
#1453=ORIENTED_EDGE('',*,*,#1165,.T.);
#1454=ORIENTED_EDGE('',*,*,#1166,.F.);
#1455=ORIENTED_EDGE('',*,*,#1165,.F.);
#1456=ORIENTED_EDGE('',*,*,#1167,.T.);
#1457=ORIENTED_EDGE('',*,*,#1168,.T.);
#1458=ORIENTED_EDGE('',*,*,#1169,.F.);
#1459=ORIENTED_EDGE('',*,*,#1168,.F.);
#1460=ORIENTED_EDGE('',*,*,#1170,.T.);
#1461=ORIENTED_EDGE('',*,*,#1171,.T.);
#1462=ORIENTED_EDGE('',*,*,#1172,.F.);
#1463=ORIENTED_EDGE('',*,*,#1171,.F.);
#1464=ORIENTED_EDGE('',*,*,#1173,.T.);
#1465=ORIENTED_EDGE('',*,*,#1174,.T.);
#1466=ORIENTED_EDGE('',*,*,#1175,.F.);
#1467=ORIENTED_EDGE('',*,*,#1174,.F.);
#1468=ORIENTED_EDGE('',*,*,#1176,.T.);
#1469=ORIENTED_EDGE('',*,*,#1177,.T.);
#1470=ORIENTED_EDGE('',*,*,#1178,.F.);
#1471=ORIENTED_EDGE('',*,*,#1177,.F.);
#1472=ORIENTED_EDGE('',*,*,#1179,.T.);
#1473=ORIENTED_EDGE('',*,*,#1180,.T.);
#1474=ORIENTED_EDGE('',*,*,#1181,.T.);
#1475=ORIENTED_EDGE('',*,*,#1182,.F.);
#1476=ORIENTED_EDGE('',*,*,#1183,.F.);
#1477=ORIENTED_EDGE('',*,*,#1184,.F.);
#1478=ORIENTED_EDGE('',*,*,#1185,.F.);
#1479=ORIENTED_EDGE('',*,*,#1186,.F.);
#1480=ORIENTED_EDGE('',*,*,#1187,.F.);
#1481=ORIENTED_EDGE('',*,*,#1188,.F.);
#1482=ORIENTED_EDGE('',*,*,#1189,.T.);
#1483=ORIENTED_EDGE('',*,*,#1190,.T.);
#1484=ORIENTED_EDGE('',*,*,#1191,.T.);
#1485=ORIENTED_EDGE('',*,*,#1192,.F.);
#1486=ORIENTED_EDGE('',*,*,#1193,.T.);
#1487=ORIENTED_EDGE('',*,*,#1194,.T.);
#1488=ORIENTED_EDGE('',*,*,#1195,.T.);
#1489=ORIENTED_EDGE('',*,*,#1196,.F.);
#1490=ORIENTED_EDGE('',*,*,#1197,.T.);
#1491=ORIENTED_EDGE('',*,*,#1198,.T.);
#1492=ORIENTED_EDGE('',*,*,#1199,.T.);
#1493=ORIENTED_EDGE('',*,*,#1200,.F.);
#1494=ORIENTED_EDGE('',*,*,#1201,.T.);
#1495=ORIENTED_EDGE('',*,*,#1202,.T.);
#1496=ORIENTED_EDGE('',*,*,#1203,.T.);
#1497=ORIENTED_EDGE('',*,*,#1204,.F.);
#1498=ORIENTED_EDGE('',*,*,#1205,.T.);
#1499=ORIENTED_EDGE('',*,*,#1206,.T.);
#1500=ORIENTED_EDGE('',*,*,#1207,.T.);
#1501=ORIENTED_EDGE('',*,*,#1208,.F.);
#1502=ORIENTED_EDGE('',*,*,#1209,.T.);
#1503=ORIENTED_EDGE('',*,*,#1210,.T.);
#1504=ORIENTED_EDGE('',*,*,#1211,.T.);
#1505=ORIENTED_EDGE('',*,*,#1212,.F.);
#1506=ORIENTED_EDGE('',*,*,#1213,.T.);
#1507=ORIENTED_EDGE('',*,*,#1214,.T.);
#1508=ORIENTED_EDGE('',*,*,#1215,.T.);
#1509=ORIENTED_EDGE('',*,*,#1216,.F.);
#1510=ORIENTED_EDGE('',*,*,#1217,.F.);
#1511=ORIENTED_EDGE('',*,*,#1218,.F.);
#1512=ORIENTED_EDGE('',*,*,#1219,.F.);
#1513=ORIENTED_EDGE('',*,*,#1220,.F.);
#1514=ORIENTED_EDGE('',*,*,#1221,.F.);
#1515=ORIENTED_EDGE('',*,*,#1222,.F.);
#1516=ORIENTED_EDGE('',*,*,#1223,.T.);
#1517=ORIENTED_EDGE('',*,*,#1224,.T.);
#1518=ORIENTED_EDGE('',*,*,#1225,.T.);
#1519=ORIENTED_EDGE('',*,*,#1226,.F.);
#1520=ORIENTED_EDGE('',*,*,#1227,.T.);
#1521=ORIENTED_EDGE('',*,*,#1228,.T.);
#1522=ORIENTED_EDGE('',*,*,#1229,.T.);
#1523=ORIENTED_EDGE('',*,*,#1230,.F.);
#1524=ORIENTED_EDGE('',*,*,#1231,.T.);
#1525=ORIENTED_EDGE('',*,*,#1232,.T.);
#1526=ORIENTED_EDGE('',*,*,#1233,.T.);
#1527=ORIENTED_EDGE('',*,*,#1234,.F.);
#1528=ORIENTED_EDGE('',*,*,#1235,.T.);
#1529=ORIENTED_EDGE('',*,*,#1236,.T.);
#1530=ORIENTED_EDGE('',*,*,#1237,.T.);
#1531=ORIENTED_EDGE('',*,*,#1238,.F.);
#1532=ORIENTED_EDGE('',*,*,#1239,.T.);
#1533=ORIENTED_EDGE('',*,*,#1240,.T.);
#1534=ORIENTED_EDGE('',*,*,#1241,.T.);
#1535=ORIENTED_EDGE('',*,*,#1242,.F.);
#1536=ORIENTED_EDGE('',*,*,#1243,.T.);
#1537=ORIENTED_EDGE('',*,*,#1244,.T.);
#1538=ORIENTED_EDGE('',*,*,#1245,.T.);
#1539=ORIENTED_EDGE('',*,*,#1246,.F.);
#1540=ORIENTED_EDGE('',*,*,#1131,.F.);
#1541=ORIENTED_EDGE('',*,*,#1134,.F.);
#1542=ORIENTED_EDGE('',*,*,#1137,.F.);
#1543=ORIENTED_EDGE('',*,*,#1140,.F.);
#1544=ORIENTED_EDGE('',*,*,#1143,.F.);
#1545=ORIENTED_EDGE('',*,*,#1146,.F.);
#1546=ORIENTED_EDGE('',*,*,#1149,.F.);
#1547=ORIENTED_EDGE('',*,*,#1152,.F.);
#1548=ORIENTED_EDGE('',*,*,#1155,.F.);
#1549=ORIENTED_EDGE('',*,*,#1158,.F.);
#1550=ORIENTED_EDGE('',*,*,#1161,.F.);
#1551=ORIENTED_EDGE('',*,*,#1164,.F.);
#1552=ORIENTED_EDGE('',*,*,#1167,.F.);
#1553=ORIENTED_EDGE('',*,*,#1170,.F.);
#1554=ORIENTED_EDGE('',*,*,#1173,.F.);
#1555=ORIENTED_EDGE('',*,*,#1176,.F.);
#1556=ORIENTED_EDGE('',*,*,#1247,.T.);
#1557=ORIENTED_EDGE('',*,*,#1248,.T.);
#1558=ORIENTED_EDGE('',*,*,#1249,.T.);
#1559=ORIENTED_EDGE('',*,*,#1246,.T.);
#1560=ORIENTED_EDGE('',*,*,#1250,.T.);
#1561=ORIENTED_EDGE('',*,*,#1182,.T.);
#1562=ORIENTED_EDGE('',*,*,#1251,.T.);
#1563=ORIENTED_EDGE('',*,*,#1252,.T.);
#1564=ORIENTED_EDGE('',*,*,#1185,.T.);
#1565=ORIENTED_EDGE('',*,*,#1253,.T.);
#1566=ORIENTED_EDGE('',*,*,#1254,.T.);
#1567=ORIENTED_EDGE('',*,*,#1255,.T.);
#1568=ORIENTED_EDGE('',*,*,#1256,.T.);
#1569=ORIENTED_EDGE('',*,*,#1257,.T.);
#1570=ORIENTED_EDGE('',*,*,#1258,.T.);
#1571=ORIENTED_EDGE('',*,*,#1188,.T.);
#1572=ORIENTED_EDGE('',*,*,#1259,.T.);
#1573=ORIENTED_EDGE('',*,*,#1192,.T.);
#1574=ORIENTED_EDGE('',*,*,#1260,.T.);
#1575=ORIENTED_EDGE('',*,*,#1261,.T.);
#1576=ORIENTED_EDGE('',*,*,#1262,.T.);
#1577=ORIENTED_EDGE('',*,*,#1196,.T.);
#1578=ORIENTED_EDGE('',*,*,#1263,.T.);
#1579=ORIENTED_EDGE('',*,*,#1264,.T.);
#1580=ORIENTED_EDGE('',*,*,#1265,.T.);
#1581=ORIENTED_EDGE('',*,*,#1200,.T.);
#1582=ORIENTED_EDGE('',*,*,#1266,.T.);
#1583=ORIENTED_EDGE('',*,*,#1267,.T.);
#1584=ORIENTED_EDGE('',*,*,#1268,.T.);
#1585=ORIENTED_EDGE('',*,*,#1204,.T.);
#1586=ORIENTED_EDGE('',*,*,#1269,.T.);
#1587=ORIENTED_EDGE('',*,*,#1270,.T.);
#1588=ORIENTED_EDGE('',*,*,#1271,.T.);
#1589=ORIENTED_EDGE('',*,*,#1208,.T.);
#1590=ORIENTED_EDGE('',*,*,#1272,.T.);
#1591=ORIENTED_EDGE('',*,*,#1273,.T.);
#1592=ORIENTED_EDGE('',*,*,#1274,.T.);
#1593=ORIENTED_EDGE('',*,*,#1212,.T.);
#1594=ORIENTED_EDGE('',*,*,#1275,.T.);
#1595=ORIENTED_EDGE('',*,*,#1276,.T.);
#1596=ORIENTED_EDGE('',*,*,#1277,.T.);
#1597=ORIENTED_EDGE('',*,*,#1216,.T.);
#1598=ORIENTED_EDGE('',*,*,#1278,.T.);
#1599=ORIENTED_EDGE('',*,*,#1279,.T.);
#1600=ORIENTED_EDGE('',*,*,#1219,.T.);
#1601=ORIENTED_EDGE('',*,*,#1280,.T.);
#1602=ORIENTED_EDGE('',*,*,#1281,.T.);
#1603=ORIENTED_EDGE('',*,*,#1282,.T.);
#1604=ORIENTED_EDGE('',*,*,#1283,.T.);
#1605=ORIENTED_EDGE('',*,*,#1284,.T.);
#1606=ORIENTED_EDGE('',*,*,#1285,.T.);
#1607=ORIENTED_EDGE('',*,*,#1222,.T.);
#1608=ORIENTED_EDGE('',*,*,#1286,.T.);
#1609=ORIENTED_EDGE('',*,*,#1287,.T.);
#1610=ORIENTED_EDGE('',*,*,#1288,.T.);
#1611=ORIENTED_EDGE('',*,*,#1226,.T.);
#1612=ORIENTED_EDGE('',*,*,#1289,.T.);
#1613=ORIENTED_EDGE('',*,*,#1290,.T.);
#1614=ORIENTED_EDGE('',*,*,#1291,.T.);
#1615=ORIENTED_EDGE('',*,*,#1230,.T.);
#1616=ORIENTED_EDGE('',*,*,#1292,.T.);
#1617=ORIENTED_EDGE('',*,*,#1293,.T.);
#1618=ORIENTED_EDGE('',*,*,#1294,.T.);
#1619=ORIENTED_EDGE('',*,*,#1234,.T.);
#1620=ORIENTED_EDGE('',*,*,#1295,.T.);
#1621=ORIENTED_EDGE('',*,*,#1296,.T.);
#1622=ORIENTED_EDGE('',*,*,#1297,.T.);
#1623=ORIENTED_EDGE('',*,*,#1238,.T.);
#1624=ORIENTED_EDGE('',*,*,#1298,.T.);
#1625=ORIENTED_EDGE('',*,*,#1299,.T.);
#1626=ORIENTED_EDGE('',*,*,#1300,.T.);
#1627=ORIENTED_EDGE('',*,*,#1242,.T.);
#1628=ORIENTED_EDGE('',*,*,#1301,.T.);
#1629=ORIENTED_EDGE('',*,*,#1302,.T.);
#1630=ORIENTED_EDGE('',*,*,#1303,.T.);
#1631=ORIENTED_EDGE('',*,*,#1248,.F.);
#1632=ORIENTED_EDGE('',*,*,#1304,.T.);
#1633=ORIENTED_EDGE('',*,*,#1305,.T.);
#1634=ORIENTED_EDGE('',*,*,#1306,.T.);
#1635=ORIENTED_EDGE('',*,*,#1299,.F.);
#1636=ORIENTED_EDGE('',*,*,#1307,.T.);
#1637=ORIENTED_EDGE('',*,*,#1308,.T.);
#1638=ORIENTED_EDGE('',*,*,#1309,.T.);
#1639=ORIENTED_EDGE('',*,*,#1296,.F.);
#1640=ORIENTED_EDGE('',*,*,#1310,.T.);
#1641=ORIENTED_EDGE('',*,*,#1311,.T.);
#1642=ORIENTED_EDGE('',*,*,#1312,.T.);
#1643=ORIENTED_EDGE('',*,*,#1293,.F.);
#1644=ORIENTED_EDGE('',*,*,#1313,.T.);
#1645=ORIENTED_EDGE('',*,*,#1314,.T.);
#1646=ORIENTED_EDGE('',*,*,#1315,.T.);
#1647=ORIENTED_EDGE('',*,*,#1290,.F.);
#1648=ORIENTED_EDGE('',*,*,#1316,.T.);
#1649=ORIENTED_EDGE('',*,*,#1317,.T.);
#1650=ORIENTED_EDGE('',*,*,#1318,.T.);
#1651=ORIENTED_EDGE('',*,*,#1287,.F.);
#1652=ORIENTED_EDGE('',*,*,#1319,.T.);
#1653=ORIENTED_EDGE('',*,*,#1320,.T.);
#1654=ORIENTED_EDGE('',*,*,#1321,.T.);
#1655=ORIENTED_EDGE('',*,*,#1284,.F.);
#1656=ORIENTED_EDGE('',*,*,#1322,.T.);
#1657=ORIENTED_EDGE('',*,*,#1323,.T.);
#1658=ORIENTED_EDGE('',*,*,#1281,.F.);
#1659=ORIENTED_EDGE('',*,*,#1324,.T.);
#1660=ORIENTED_EDGE('',*,*,#1325,.T.);
#1661=ORIENTED_EDGE('',*,*,#1279,.F.);
#1662=ORIENTED_EDGE('',*,*,#1326,.T.);
#1663=ORIENTED_EDGE('',*,*,#1327,.T.);
#1664=ORIENTED_EDGE('',*,*,#1328,.T.);
#1665=ORIENTED_EDGE('',*,*,#1276,.F.);
#1666=ORIENTED_EDGE('',*,*,#1329,.T.);
#1667=ORIENTED_EDGE('',*,*,#1330,.T.);
#1668=ORIENTED_EDGE('',*,*,#1331,.T.);
#1669=ORIENTED_EDGE('',*,*,#1273,.F.);
#1670=ORIENTED_EDGE('',*,*,#1332,.T.);
#1671=ORIENTED_EDGE('',*,*,#1333,.T.);
#1672=ORIENTED_EDGE('',*,*,#1334,.T.);
#1673=ORIENTED_EDGE('',*,*,#1270,.F.);
#1674=ORIENTED_EDGE('',*,*,#1335,.T.);
#1675=ORIENTED_EDGE('',*,*,#1336,.T.);
#1676=ORIENTED_EDGE('',*,*,#1337,.T.);
#1677=ORIENTED_EDGE('',*,*,#1267,.F.);
#1678=ORIENTED_EDGE('',*,*,#1338,.T.);
#1679=ORIENTED_EDGE('',*,*,#1339,.T.);
#1680=ORIENTED_EDGE('',*,*,#1340,.T.);
#1681=ORIENTED_EDGE('',*,*,#1264,.F.);
#1682=ORIENTED_EDGE('',*,*,#1341,.T.);
#1683=ORIENTED_EDGE('',*,*,#1342,.T.);
#1684=ORIENTED_EDGE('',*,*,#1343,.T.);
#1685=ORIENTED_EDGE('',*,*,#1261,.F.);
#1686=ORIENTED_EDGE('',*,*,#1344,.T.);
#1687=ORIENTED_EDGE('',*,*,#1345,.T.);
#1688=ORIENTED_EDGE('',*,*,#1346,.T.);
#1689=ORIENTED_EDGE('',*,*,#1257,.F.);
#1690=ORIENTED_EDGE('',*,*,#1347,.T.);
#1691=ORIENTED_EDGE('',*,*,#1348,.T.);
#1692=ORIENTED_EDGE('',*,*,#1254,.F.);
#1693=ORIENTED_EDGE('',*,*,#1349,.T.);
#1694=ORIENTED_EDGE('',*,*,#1350,.T.);
#1695=ORIENTED_EDGE('',*,*,#1252,.F.);
#1696=ORIENTED_EDGE('',*,*,#1133,.T.);
#1697=ORIENTED_EDGE('',*,*,#1136,.T.);
#1698=ORIENTED_EDGE('',*,*,#1139,.T.);
#1699=ORIENTED_EDGE('',*,*,#1142,.T.);
#1700=ORIENTED_EDGE('',*,*,#1145,.T.);
#1701=ORIENTED_EDGE('',*,*,#1148,.T.);
#1702=ORIENTED_EDGE('',*,*,#1151,.T.);
#1703=ORIENTED_EDGE('',*,*,#1154,.T.);
#1704=ORIENTED_EDGE('',*,*,#1157,.T.);
#1705=ORIENTED_EDGE('',*,*,#1160,.T.);
#1706=ORIENTED_EDGE('',*,*,#1163,.T.);
#1707=ORIENTED_EDGE('',*,*,#1166,.T.);
#1708=ORIENTED_EDGE('',*,*,#1169,.T.);
#1709=ORIENTED_EDGE('',*,*,#1172,.T.);
#1710=ORIENTED_EDGE('',*,*,#1175,.T.);
#1711=ORIENTED_EDGE('',*,*,#1178,.T.);
#1712=ORIENTED_EDGE('',*,*,#1247,.F.);
#1713=ORIENTED_EDGE('',*,*,#1245,.F.);
#1714=ORIENTED_EDGE('',*,*,#1351,.F.);
#1715=ORIENTED_EDGE('',*,*,#1304,.F.);
#1716=ORIENTED_EDGE('',*,*,#1352,.F.);
#1717=ORIENTED_EDGE('',*,*,#1179,.F.);
#1718=ORIENTED_EDGE('',*,*,#1249,.F.);
#1719=ORIENTED_EDGE('',*,*,#1303,.F.);
#1720=ORIENTED_EDGE('',*,*,#1183,.T.);
#1721=ORIENTED_EDGE('',*,*,#1250,.F.);
#1722=ORIENTED_EDGE('',*,*,#1350,.F.);
#1723=ORIENTED_EDGE('',*,*,#1353,.T.);
#1724=ORIENTED_EDGE('',*,*,#1251,.F.);
#1725=ORIENTED_EDGE('',*,*,#1181,.F.);
#1726=ORIENTED_EDGE('',*,*,#1354,.F.);
#1727=ORIENTED_EDGE('',*,*,#1301,.F.);
#1728=ORIENTED_EDGE('',*,*,#1253,.F.);
#1729=ORIENTED_EDGE('',*,*,#1184,.T.);
#1730=ORIENTED_EDGE('',*,*,#1353,.F.);
#1731=ORIENTED_EDGE('',*,*,#1349,.F.);
#1732=ORIENTED_EDGE('',*,*,#1348,.F.);
#1733=ORIENTED_EDGE('',*,*,#1355,.T.);
#1734=ORIENTED_EDGE('',*,*,#1186,.T.);
#1735=ORIENTED_EDGE('',*,*,#1255,.F.);
#1736=ORIENTED_EDGE('',*,*,#1187,.T.);
#1737=ORIENTED_EDGE('',*,*,#1355,.F.);
#1738=ORIENTED_EDGE('',*,*,#1347,.F.);
#1739=ORIENTED_EDGE('',*,*,#1256,.F.);
#1740=ORIENTED_EDGE('',*,*,#1356,.F.);
#1741=ORIENTED_EDGE('',*,*,#1189,.F.);
#1742=ORIENTED_EDGE('',*,*,#1258,.F.);
#1743=ORIENTED_EDGE('',*,*,#1346,.F.);
#1744=ORIENTED_EDGE('',*,*,#1357,.F.);
#1745=ORIENTED_EDGE('',*,*,#1193,.F.);
#1746=ORIENTED_EDGE('',*,*,#1259,.F.);
#1747=ORIENTED_EDGE('',*,*,#1343,.F.);
#1748=ORIENTED_EDGE('',*,*,#1260,.F.);
#1749=ORIENTED_EDGE('',*,*,#1191,.F.);
#1750=ORIENTED_EDGE('',*,*,#1358,.F.);
#1751=ORIENTED_EDGE('',*,*,#1344,.F.);
#1752=ORIENTED_EDGE('',*,*,#1359,.F.);
#1753=ORIENTED_EDGE('',*,*,#1197,.F.);
#1754=ORIENTED_EDGE('',*,*,#1262,.F.);
#1755=ORIENTED_EDGE('',*,*,#1340,.F.);
#1756=ORIENTED_EDGE('',*,*,#1263,.F.);
#1757=ORIENTED_EDGE('',*,*,#1195,.F.);
#1758=ORIENTED_EDGE('',*,*,#1360,.F.);
#1759=ORIENTED_EDGE('',*,*,#1341,.F.);
#1760=ORIENTED_EDGE('',*,*,#1361,.F.);
#1761=ORIENTED_EDGE('',*,*,#1201,.F.);
#1762=ORIENTED_EDGE('',*,*,#1265,.F.);
#1763=ORIENTED_EDGE('',*,*,#1337,.F.);
#1764=ORIENTED_EDGE('',*,*,#1266,.F.);
#1765=ORIENTED_EDGE('',*,*,#1199,.F.);
#1766=ORIENTED_EDGE('',*,*,#1362,.F.);
#1767=ORIENTED_EDGE('',*,*,#1338,.F.);
#1768=ORIENTED_EDGE('',*,*,#1363,.F.);
#1769=ORIENTED_EDGE('',*,*,#1205,.F.);
#1770=ORIENTED_EDGE('',*,*,#1268,.F.);
#1771=ORIENTED_EDGE('',*,*,#1334,.F.);
#1772=ORIENTED_EDGE('',*,*,#1269,.F.);
#1773=ORIENTED_EDGE('',*,*,#1203,.F.);
#1774=ORIENTED_EDGE('',*,*,#1364,.F.);
#1775=ORIENTED_EDGE('',*,*,#1335,.F.);
#1776=ORIENTED_EDGE('',*,*,#1365,.F.);
#1777=ORIENTED_EDGE('',*,*,#1209,.F.);
#1778=ORIENTED_EDGE('',*,*,#1271,.F.);
#1779=ORIENTED_EDGE('',*,*,#1331,.F.);
#1780=ORIENTED_EDGE('',*,*,#1272,.F.);
#1781=ORIENTED_EDGE('',*,*,#1207,.F.);
#1782=ORIENTED_EDGE('',*,*,#1366,.F.);
#1783=ORIENTED_EDGE('',*,*,#1332,.F.);
#1784=ORIENTED_EDGE('',*,*,#1367,.F.);
#1785=ORIENTED_EDGE('',*,*,#1213,.F.);
#1786=ORIENTED_EDGE('',*,*,#1274,.F.);
#1787=ORIENTED_EDGE('',*,*,#1328,.F.);
#1788=ORIENTED_EDGE('',*,*,#1275,.F.);
#1789=ORIENTED_EDGE('',*,*,#1211,.F.);
#1790=ORIENTED_EDGE('',*,*,#1368,.F.);
#1791=ORIENTED_EDGE('',*,*,#1329,.F.);
#1792=ORIENTED_EDGE('',*,*,#1217,.T.);
#1793=ORIENTED_EDGE('',*,*,#1277,.F.);
#1794=ORIENTED_EDGE('',*,*,#1325,.F.);
#1795=ORIENTED_EDGE('',*,*,#1369,.T.);
#1796=ORIENTED_EDGE('',*,*,#1278,.F.);
#1797=ORIENTED_EDGE('',*,*,#1215,.F.);
#1798=ORIENTED_EDGE('',*,*,#1370,.F.);
#1799=ORIENTED_EDGE('',*,*,#1326,.F.);
#1800=ORIENTED_EDGE('',*,*,#1218,.T.);
#1801=ORIENTED_EDGE('',*,*,#1369,.F.);
#1802=ORIENTED_EDGE('',*,*,#1324,.F.);
#1803=ORIENTED_EDGE('',*,*,#1280,.F.);
#1804=ORIENTED_EDGE('',*,*,#1220,.T.);
#1805=ORIENTED_EDGE('',*,*,#1282,.F.);
#1806=ORIENTED_EDGE('',*,*,#1323,.F.);
#1807=ORIENTED_EDGE('',*,*,#1371,.T.);
#1808=ORIENTED_EDGE('',*,*,#1221,.T.);
#1809=ORIENTED_EDGE('',*,*,#1371,.F.);
#1810=ORIENTED_EDGE('',*,*,#1322,.F.);
#1811=ORIENTED_EDGE('',*,*,#1283,.F.);
#1812=ORIENTED_EDGE('',*,*,#1372,.F.);
#1813=ORIENTED_EDGE('',*,*,#1223,.F.);
#1814=ORIENTED_EDGE('',*,*,#1285,.F.);
#1815=ORIENTED_EDGE('',*,*,#1321,.F.);
#1816=ORIENTED_EDGE('',*,*,#1286,.F.);
#1817=ORIENTED_EDGE('',*,*,#1225,.F.);
#1818=ORIENTED_EDGE('',*,*,#1373,.F.);
#1819=ORIENTED_EDGE('',*,*,#1319,.F.);
#1820=ORIENTED_EDGE('',*,*,#1374,.F.);
#1821=ORIENTED_EDGE('',*,*,#1227,.F.);
#1822=ORIENTED_EDGE('',*,*,#1288,.F.);
#1823=ORIENTED_EDGE('',*,*,#1318,.F.);
#1824=ORIENTED_EDGE('',*,*,#1289,.F.);
#1825=ORIENTED_EDGE('',*,*,#1229,.F.);
#1826=ORIENTED_EDGE('',*,*,#1375,.F.);
#1827=ORIENTED_EDGE('',*,*,#1316,.F.);
#1828=ORIENTED_EDGE('',*,*,#1376,.F.);
#1829=ORIENTED_EDGE('',*,*,#1231,.F.);
#1830=ORIENTED_EDGE('',*,*,#1291,.F.);
#1831=ORIENTED_EDGE('',*,*,#1315,.F.);
#1832=ORIENTED_EDGE('',*,*,#1292,.F.);
#1833=ORIENTED_EDGE('',*,*,#1233,.F.);
#1834=ORIENTED_EDGE('',*,*,#1377,.F.);
#1835=ORIENTED_EDGE('',*,*,#1313,.F.);
#1836=ORIENTED_EDGE('',*,*,#1378,.F.);
#1837=ORIENTED_EDGE('',*,*,#1235,.F.);
#1838=ORIENTED_EDGE('',*,*,#1294,.F.);
#1839=ORIENTED_EDGE('',*,*,#1312,.F.);
#1840=ORIENTED_EDGE('',*,*,#1295,.F.);
#1841=ORIENTED_EDGE('',*,*,#1237,.F.);
#1842=ORIENTED_EDGE('',*,*,#1379,.F.);
#1843=ORIENTED_EDGE('',*,*,#1310,.F.);
#1844=ORIENTED_EDGE('',*,*,#1380,.F.);
#1845=ORIENTED_EDGE('',*,*,#1239,.F.);
#1846=ORIENTED_EDGE('',*,*,#1297,.F.);
#1847=ORIENTED_EDGE('',*,*,#1309,.F.);
#1848=ORIENTED_EDGE('',*,*,#1298,.F.);
#1849=ORIENTED_EDGE('',*,*,#1241,.F.);
#1850=ORIENTED_EDGE('',*,*,#1381,.F.);
#1851=ORIENTED_EDGE('',*,*,#1307,.F.);
#1852=ORIENTED_EDGE('',*,*,#1382,.F.);
#1853=ORIENTED_EDGE('',*,*,#1243,.F.);
#1854=ORIENTED_EDGE('',*,*,#1300,.F.);
#1855=ORIENTED_EDGE('',*,*,#1306,.F.);
#1856=ORIENTED_EDGE('',*,*,#1351,.T.);
#1857=ORIENTED_EDGE('',*,*,#1244,.F.);
#1858=ORIENTED_EDGE('',*,*,#1382,.T.);
#1859=ORIENTED_EDGE('',*,*,#1305,.F.);
#1860=ORIENTED_EDGE('',*,*,#1354,.T.);
#1861=ORIENTED_EDGE('',*,*,#1180,.F.);
#1862=ORIENTED_EDGE('',*,*,#1352,.T.);
#1863=ORIENTED_EDGE('',*,*,#1302,.F.);
#1864=ORIENTED_EDGE('',*,*,#1358,.T.);
#1865=ORIENTED_EDGE('',*,*,#1190,.F.);
#1866=ORIENTED_EDGE('',*,*,#1356,.T.);
#1867=ORIENTED_EDGE('',*,*,#1345,.F.);
#1868=ORIENTED_EDGE('',*,*,#1360,.T.);
#1869=ORIENTED_EDGE('',*,*,#1194,.F.);
#1870=ORIENTED_EDGE('',*,*,#1357,.T.);
#1871=ORIENTED_EDGE('',*,*,#1342,.F.);
#1872=ORIENTED_EDGE('',*,*,#1362,.T.);
#1873=ORIENTED_EDGE('',*,*,#1198,.F.);
#1874=ORIENTED_EDGE('',*,*,#1359,.T.);
#1875=ORIENTED_EDGE('',*,*,#1339,.F.);
#1876=ORIENTED_EDGE('',*,*,#1364,.T.);
#1877=ORIENTED_EDGE('',*,*,#1202,.F.);
#1878=ORIENTED_EDGE('',*,*,#1361,.T.);
#1879=ORIENTED_EDGE('',*,*,#1336,.F.);
#1880=ORIENTED_EDGE('',*,*,#1366,.T.);
#1881=ORIENTED_EDGE('',*,*,#1206,.F.);
#1882=ORIENTED_EDGE('',*,*,#1363,.T.);
#1883=ORIENTED_EDGE('',*,*,#1333,.F.);
#1884=ORIENTED_EDGE('',*,*,#1368,.T.);
#1885=ORIENTED_EDGE('',*,*,#1210,.F.);
#1886=ORIENTED_EDGE('',*,*,#1365,.T.);
#1887=ORIENTED_EDGE('',*,*,#1330,.F.);
#1888=ORIENTED_EDGE('',*,*,#1370,.T.);
#1889=ORIENTED_EDGE('',*,*,#1214,.F.);
#1890=ORIENTED_EDGE('',*,*,#1367,.T.);
#1891=ORIENTED_EDGE('',*,*,#1327,.F.);
#1892=ORIENTED_EDGE('',*,*,#1373,.T.);
#1893=ORIENTED_EDGE('',*,*,#1224,.F.);
#1894=ORIENTED_EDGE('',*,*,#1372,.T.);
#1895=ORIENTED_EDGE('',*,*,#1320,.F.);
#1896=ORIENTED_EDGE('',*,*,#1375,.T.);
#1897=ORIENTED_EDGE('',*,*,#1228,.F.);
#1898=ORIENTED_EDGE('',*,*,#1374,.T.);
#1899=ORIENTED_EDGE('',*,*,#1317,.F.);
#1900=ORIENTED_EDGE('',*,*,#1377,.T.);
#1901=ORIENTED_EDGE('',*,*,#1232,.F.);
#1902=ORIENTED_EDGE('',*,*,#1376,.T.);
#1903=ORIENTED_EDGE('',*,*,#1314,.F.);
#1904=ORIENTED_EDGE('',*,*,#1379,.T.);
#1905=ORIENTED_EDGE('',*,*,#1236,.F.);
#1906=ORIENTED_EDGE('',*,*,#1378,.T.);
#1907=ORIENTED_EDGE('',*,*,#1311,.F.);
#1908=ORIENTED_EDGE('',*,*,#1381,.T.);
#1909=ORIENTED_EDGE('',*,*,#1240,.F.);
#1910=ORIENTED_EDGE('',*,*,#1380,.T.);
#1911=ORIENTED_EDGE('',*,*,#1308,.F.);
#1912=ORIENTED_EDGE('',*,*,#1383,.F.);
#1913=ORIENTED_EDGE('',*,*,#1384,.F.);
#1914=ORIENTED_EDGE('',*,*,#1385,.F.);
#1915=ORIENTED_EDGE('',*,*,#1385,.T.);
#1916=ORIENTED_EDGE('',*,*,#1386,.F.);
#1917=ORIENTED_EDGE('',*,*,#1387,.T.);
#1918=ORIENTED_EDGE('',*,*,#1388,.T.);
#1919=ORIENTED_EDGE('',*,*,#1387,.F.);
#1920=ORIENTED_EDGE('',*,*,#1389,.T.);
#1921=ORIENTED_EDGE('',*,*,#1390,.T.);
#1922=ORIENTED_EDGE('',*,*,#1383,.T.);
#1923=ORIENTED_EDGE('',*,*,#1384,.T.);
#1924=ORIENTED_EDGE('',*,*,#1390,.F.);
#1925=ORIENTED_EDGE('',*,*,#1391,.T.);
#1926=ORIENTED_EDGE('',*,*,#1392,.T.);
#1927=ORIENTED_EDGE('',*,*,#1393,.T.);
#1928=ORIENTED_EDGE('',*,*,#1392,.F.);
#1929=ORIENTED_EDGE('',*,*,#1394,.T.);
#1930=ORIENTED_EDGE('',*,*,#1395,.T.);
#1931=ORIENTED_EDGE('',*,*,#1391,.F.);
#1932=ORIENTED_EDGE('',*,*,#1395,.F.);
#1933=ORIENTED_EDGE('',*,*,#1396,.T.);
#1934=ORIENTED_EDGE('',*,*,#1397,.T.);
#1935=ORIENTED_EDGE('',*,*,#1394,.F.);
#1936=ORIENTED_EDGE('',*,*,#1397,.F.);
#1937=ORIENTED_EDGE('',*,*,#1398,.T.);
#1938=ORIENTED_EDGE('',*,*,#1399,.T.);
#1939=ORIENTED_EDGE('',*,*,#1400,.T.);
#1940=ORIENTED_EDGE('',*,*,#1399,.F.);
#1941=ORIENTED_EDGE('',*,*,#1401,.T.);
#1942=ORIENTED_EDGE('',*,*,#1402,.T.);
#1943=ORIENTED_EDGE('',*,*,#1403,.T.);
#1944=ORIENTED_EDGE('',*,*,#1402,.F.);
#1945=ORIENTED_EDGE('',*,*,#1404,.T.);
#1946=ORIENTED_EDGE('',*,*,#1405,.T.);
#1947=ORIENTED_EDGE('',*,*,#1386,.T.);
#1948=ORIENTED_EDGE('',*,*,#1405,.F.);
#1949=ORIENTED_EDGE('',*,*,#1406,.T.);
#1950=ORIENTED_EDGE('',*,*,#1393,.F.);
#1951=ORIENTED_EDGE('',*,*,#1389,.F.);
#1952=ORIENTED_EDGE('',*,*,#1396,.F.);
#1953=ORIENTED_EDGE('',*,*,#1400,.F.);
#1954=ORIENTED_EDGE('',*,*,#1403,.F.);
#1955=ORIENTED_EDGE('',*,*,#1398,.F.);
#1956=ORIENTED_EDGE('',*,*,#1401,.F.);
#1957=ORIENTED_EDGE('',*,*,#1388,.F.);
#1958=ORIENTED_EDGE('',*,*,#1404,.F.);
#1959=ORIENTED_EDGE('',*,*,#1407,.T.);
#1960=ORIENTED_EDGE('',*,*,#1407,.F.);
#1961=ORIENTED_EDGE('',*,*,#1406,.F.);
#1962=CYLINDRICAL_SURFACE('',#2111,0.0315500000000006);
#1963=CYLINDRICAL_SURFACE('',#2114,0.0315500000000006);
#1964=CYLINDRICAL_SURFACE('',#2117,0.0315500000000006);
#1965=CYLINDRICAL_SURFACE('',#2120,0.0315500000000006);
#1966=CYLINDRICAL_SURFACE('',#2123,0.0315500000000006);
#1967=CYLINDRICAL_SURFACE('',#2126,0.0315500000000006);
#1968=CYLINDRICAL_SURFACE('',#2129,0.0315500000000006);
#1969=CYLINDRICAL_SURFACE('',#2132,0.0315500000000006);
#1970=CYLINDRICAL_SURFACE('',#2135,0.0315500000000006);
#1971=CYLINDRICAL_SURFACE('',#2138,0.0315500000000006);
#1972=CYLINDRICAL_SURFACE('',#2141,0.0315500000000006);
#1973=CYLINDRICAL_SURFACE('',#2144,0.0315500000000006);
#1974=CYLINDRICAL_SURFACE('',#2147,0.0315500000000006);
#1975=CYLINDRICAL_SURFACE('',#2150,0.0315500000000006);
#1976=CYLINDRICAL_SURFACE('',#2153,0.0315500000000006);
#1977=CYLINDRICAL_SURFACE('',#2156,0.0315500000000006);
#1978=CYLINDRICAL_SURFACE('',#2238,0.0209);
#1979=CYLINDRICAL_SURFACE('',#2243,0.029);
#1980=CYLINDRICAL_SURFACE('',#2247,0.0305);
#1981=CYLINDRICAL_SURFACE('',#2250,0.036);
#1982=CYLINDRICAL_SURFACE('',#2253,0.0085000000000002);
#1983=ADVANCED_FACE('',(#206),#1962,.F.);
#1984=ADVANCED_FACE('',(#207),#1963,.F.);
#1985=ADVANCED_FACE('',(#208),#1964,.F.);
#1986=ADVANCED_FACE('',(#209),#1965,.F.);
#1987=ADVANCED_FACE('',(#210),#1966,.F.);
#1988=ADVANCED_FACE('',(#211),#1967,.F.);
#1989=ADVANCED_FACE('',(#212),#1968,.F.);
#1990=ADVANCED_FACE('',(#213),#1969,.F.);
#1991=ADVANCED_FACE('',(#214),#1970,.F.);
#1992=ADVANCED_FACE('',(#215),#1971,.F.);
#1993=ADVANCED_FACE('',(#216),#1972,.F.);
#1994=ADVANCED_FACE('',(#217),#1973,.F.);
#1995=ADVANCED_FACE('',(#218),#1974,.F.);
#1996=ADVANCED_FACE('',(#219),#1975,.F.);
#1997=ADVANCED_FACE('',(#220),#1976,.F.);
#1998=ADVANCED_FACE('',(#221),#1977,.F.);
#1999=ADVANCED_FACE('',(#222,#96,#97,#98,#99,#100,#101,#102,#103,#104,#105,
#106,#107,#108,#109,#110,#111),#132,.F.);
#2000=ADVANCED_FACE('',(#223),#133,.T.);
#2001=ADVANCED_FACE('',(#224),#134,.T.);
#2002=ADVANCED_FACE('',(#225),#135,.T.);
#2003=ADVANCED_FACE('',(#226),#136,.T.);
#2004=ADVANCED_FACE('',(#227),#137,.T.);
#2005=ADVANCED_FACE('',(#228),#138,.T.);
#2006=ADVANCED_FACE('',(#229),#139,.T.);
#2007=ADVANCED_FACE('',(#230),#140,.T.);
#2008=ADVANCED_FACE('',(#231),#141,.T.);
#2009=ADVANCED_FACE('',(#232),#142,.T.);
#2010=ADVANCED_FACE('',(#233),#143,.T.);
#2011=ADVANCED_FACE('',(#234),#144,.T.);
#2012=ADVANCED_FACE('',(#235),#145,.T.);
#2013=ADVANCED_FACE('',(#236),#146,.T.);
#2014=ADVANCED_FACE('',(#237),#147,.T.);
#2015=ADVANCED_FACE('',(#238),#148,.T.);
#2016=ADVANCED_FACE('',(#239),#149,.T.);
#2017=ADVANCED_FACE('',(#240),#150,.T.);
#2018=ADVANCED_FACE('',(#241,#112,#113,#114,#115,#116,#117,#118,#119,#120,
#121,#122,#123,#124,#125,#126,#127),#151,.T.);
#2019=ADVANCED_FACE('',(#242),#152,.F.);
#2020=ADVANCED_FACE('',(#243),#153,.F.);
#2021=ADVANCED_FACE('',(#244),#154,.T.);
#2022=ADVANCED_FACE('',(#245),#155,.F.);
#2023=ADVANCED_FACE('',(#246),#156,.T.);
#2024=ADVANCED_FACE('',(#247),#157,.T.);
#2025=ADVANCED_FACE('',(#248),#158,.T.);
#2026=ADVANCED_FACE('',(#249),#159,.F.);
#2027=ADVANCED_FACE('',(#250),#160,.F.);
#2028=ADVANCED_FACE('',(#251),#161,.F.);
#2029=ADVANCED_FACE('',(#252),#162,.F.);
#2030=ADVANCED_FACE('',(#253),#163,.F.);
#2031=ADVANCED_FACE('',(#254),#164,.F.);
#2032=ADVANCED_FACE('',(#255),#165,.F.);
#2033=ADVANCED_FACE('',(#256),#166,.F.);
#2034=ADVANCED_FACE('',(#257),#167,.F.);
#2035=ADVANCED_FACE('',(#258),#168,.F.);
#2036=ADVANCED_FACE('',(#259),#169,.F.);
#2037=ADVANCED_FACE('',(#260),#170,.F.);
#2038=ADVANCED_FACE('',(#261),#171,.F.);
#2039=ADVANCED_FACE('',(#262),#172,.T.);
#2040=ADVANCED_FACE('',(#263),#173,.F.);
#2041=ADVANCED_FACE('',(#264),#174,.T.);
#2042=ADVANCED_FACE('',(#265),#175,.T.);
#2043=ADVANCED_FACE('',(#266),#176,.T.);
#2044=ADVANCED_FACE('',(#267),#177,.F.);
#2045=ADVANCED_FACE('',(#268),#178,.F.);
#2046=ADVANCED_FACE('',(#269),#179,.F.);
#2047=ADVANCED_FACE('',(#270),#180,.F.);
#2048=ADVANCED_FACE('',(#271),#181,.F.);
#2049=ADVANCED_FACE('',(#272),#182,.F.);
#2050=ADVANCED_FACE('',(#273),#183,.F.);
#2051=ADVANCED_FACE('',(#274),#184,.F.);
#2052=ADVANCED_FACE('',(#275),#185,.F.);
#2053=ADVANCED_FACE('',(#276),#186,.F.);
#2054=ADVANCED_FACE('',(#277),#187,.F.);
#2055=ADVANCED_FACE('',(#278),#188,.F.);
#2056=ADVANCED_FACE('',(#279),#189,.F.);
#2057=ADVANCED_FACE('',(#280),#190,.F.);
#2058=ADVANCED_FACE('',(#281),#191,.F.);
#2059=ADVANCED_FACE('',(#282),#192,.F.);
#2060=ADVANCED_FACE('',(#283),#193,.F.);
#2061=ADVANCED_FACE('',(#284),#194,.F.);
#2062=ADVANCED_FACE('',(#285),#195,.F.);
#2063=ADVANCED_FACE('',(#286),#196,.F.);
#2064=ADVANCED_FACE('',(#287),#197,.F.);
#2065=ADVANCED_FACE('',(#288),#198,.F.);
#2066=ADVANCED_FACE('',(#289),#199,.F.);
#2067=ADVANCED_FACE('',(#290),#200,.F.);
#2068=ADVANCED_FACE('',(#291),#201,.F.);
#2069=ADVANCED_FACE('',(#292),#86,.T.);
#2070=ADVANCED_FACE('',(#293),#85,.F.);
#2071=ADVANCED_FACE('',(#294),#1978,.T.);
#2072=ADVANCED_FACE('',(#295),#83,.T.);
#2073=ADVANCED_FACE('',(#296),#1979,.T.);
#2074=ADVANCED_FACE('',(#297),#84,.T.);
#2075=ADVANCED_FACE('',(#298),#1980,.T.);
#2076=ADVANCED_FACE('',(#299),#1981,.T.);
#2077=ADVANCED_FACE('',(#300),#1982,.T.);
#2078=ADVANCED_FACE('',(#301,#128),#202,.F.);
#2079=ADVANCED_FACE('',(#302,#129),#203,.F.);
#2080=ADVANCED_FACE('',(#303,#130),#204,.F.);
#2081=ADVANCED_FACE('',(#304,#131),#205,.F.);
#2082=ADVANCED_FACE('',(#305),#87,.T.);
#2083=CLOSED_SHELL('',(#1983,#1984,#1985,#1986,#1987,#1988,#1989,#1990,
#1991,#1992,#1993,#1994,#1995,#1996,#1997,#1998,#1999,#2000,#2001,#2002,
#2003,#2004,#2005,#2006,#2007,#2008,#2009,#2010,#2011,#2012,#2013,#2014,
#2015,#2016,#2017,#2018,#2019,#2020,#2021,#2022,#2023,#2024,#2025,#2026,
#2027,#2028,#2029,#2030,#2031,#2032,#2033,#2034,#2035,#2036,#2037,#2038,
#2039,#2040,#2041,#2042,#2043,#2044,#2045,#2046,#2047,#2048,#2049,#2050,
#2051,#2052,#2053,#2054,#2055,#2056,#2057,#2058,#2059,#2060,#2061,#2062,
#2063,#2064,#2065,#2066,#2067,#2068));
#2084=CLOSED_SHELL('',(#2069,#2070,#2071,#2072,#2073,#2074,#2075,#2076,
#2077,#2078,#2079,#2080,#2081,#2082));
#2085=DERIVED_UNIT_ELEMENT(#2089,1.);
#2086=DERIVED_UNIT_ELEMENT(#3448,-3.);
#2087=DERIVED_UNIT_ELEMENT(#2089,1.);
#2088=DERIVED_UNIT_ELEMENT(#3448,-3.);
#2089=(
MASS_UNIT()
NAMED_UNIT(*)
SI_UNIT(.KILO.,.GRAM.)
);
#2090=DERIVED_UNIT((#2085,#2086));
#2091=DERIVED_UNIT((#2087,#2088));
#2092=MEASURE_REPRESENTATION_ITEM('density measure',
POSITIVE_RATIO_MEASURE(7850.),#2090);
#2093=MEASURE_REPRESENTATION_ITEM('density measure',
POSITIVE_RATIO_MEASURE(7850.),#2091);
#2094=PROPERTY_DEFINITION_REPRESENTATION(#2104,#2098);
#2095=PROPERTY_DEFINITION_REPRESENTATION(#2105,#2099);
#2096=PROPERTY_DEFINITION_REPRESENTATION(#2106,#2100);
#2097=PROPERTY_DEFINITION_REPRESENTATION(#2107,#2101);
#2098=REPRESENTATION('material name',(#2102),#3442);
#2099=REPRESENTATION('density',(#2092),#3442);
#2100=REPRESENTATION('material name',(#2103),#3443);
#2101=REPRESENTATION('density',(#2093),#3443);
#2102=DESCRIPTIVE_REPRESENTATION_ITEM('Steel','Steel');
#2103=DESCRIPTIVE_REPRESENTATION_ITEM('Steel','Steel');
#2104=PROPERTY_DEFINITION('material property','material name',#3485);
#2105=PROPERTY_DEFINITION('material property','density of part',#3485);
#2106=PROPERTY_DEFINITION('material property','material name',#3486);
#2107=PROPERTY_DEFINITION('material property','density of part',#3486);
#2108=AXIS2_PLACEMENT_3D('',#2851,#2280,#2281);
#2109=AXIS2_PLACEMENT_3D('',#2852,#2282,#2283);
#2110=AXIS2_PLACEMENT_3D('',#2853,#2284,#2285);
#2111=AXIS2_PLACEMENT_3D('',#2854,#2286,#2287);
#2112=AXIS2_PLACEMENT_3D('',#2856,#2288,#2289);
#2113=AXIS2_PLACEMENT_3D('',#2859,#2291,#2292);
#2114=AXIS2_PLACEMENT_3D('',#2860,#2293,#2294);
#2115=AXIS2_PLACEMENT_3D('',#2862,#2295,#2296);
#2116=AXIS2_PLACEMENT_3D('',#2865,#2298,#2299);
#2117=AXIS2_PLACEMENT_3D('',#2866,#2300,#2301);
#2118=AXIS2_PLACEMENT_3D('',#2868,#2302,#2303);
#2119=AXIS2_PLACEMENT_3D('',#2871,#2305,#2306);
#2120=AXIS2_PLACEMENT_3D('',#2872,#2307,#2308);
#2121=AXIS2_PLACEMENT_3D('',#2874,#2309,#2310);
#2122=AXIS2_PLACEMENT_3D('',#2877,#2312,#2313);
#2123=AXIS2_PLACEMENT_3D('',#2878,#2314,#2315);
#2124=AXIS2_PLACEMENT_3D('',#2880,#2316,#2317);
#2125=AXIS2_PLACEMENT_3D('',#2883,#2319,#2320);
#2126=AXIS2_PLACEMENT_3D('',#2884,#2321,#2322);
#2127=AXIS2_PLACEMENT_3D('',#2886,#2323,#2324);
#2128=AXIS2_PLACEMENT_3D('',#2889,#2326,#2327);
#2129=AXIS2_PLACEMENT_3D('',#2890,#2328,#2329);
#2130=AXIS2_PLACEMENT_3D('',#2892,#2330,#2331);
#2131=AXIS2_PLACEMENT_3D('',#2895,#2333,#2334);
#2132=AXIS2_PLACEMENT_3D('',#2896,#2335,#2336);
#2133=AXIS2_PLACEMENT_3D('',#2898,#2337,#2338);
#2134=AXIS2_PLACEMENT_3D('',#2901,#2340,#2341);
#2135=AXIS2_PLACEMENT_3D('',#2902,#2342,#2343);
#2136=AXIS2_PLACEMENT_3D('',#2904,#2344,#2345);
#2137=AXIS2_PLACEMENT_3D('',#2907,#2347,#2348);
#2138=AXIS2_PLACEMENT_3D('',#2908,#2349,#2350);
#2139=AXIS2_PLACEMENT_3D('',#2910,#2351,#2352);
#2140=AXIS2_PLACEMENT_3D('',#2913,#2354,#2355);
#2141=AXIS2_PLACEMENT_3D('',#2914,#2356,#2357);
#2142=AXIS2_PLACEMENT_3D('',#2916,#2358,#2359);
#2143=AXIS2_PLACEMENT_3D('',#2919,#2361,#2362);
#2144=AXIS2_PLACEMENT_3D('',#2920,#2363,#2364);
#2145=AXIS2_PLACEMENT_3D('',#2922,#2365,#2366);
#2146=AXIS2_PLACEMENT_3D('',#2925,#2368,#2369);
#2147=AXIS2_PLACEMENT_3D('',#2926,#2370,#2371);
#2148=AXIS2_PLACEMENT_3D('',#2928,#2372,#2373);
#2149=AXIS2_PLACEMENT_3D('',#2931,#2375,#2376);
#2150=AXIS2_PLACEMENT_3D('',#2932,#2377,#2378);
#2151=AXIS2_PLACEMENT_3D('',#2934,#2379,#2380);
#2152=AXIS2_PLACEMENT_3D('',#2937,#2382,#2383);
#2153=AXIS2_PLACEMENT_3D('',#2938,#2384,#2385);
#2154=AXIS2_PLACEMENT_3D('',#2940,#2386,#2387);
#2155=AXIS2_PLACEMENT_3D('',#2943,#2389,#2390);
#2156=AXIS2_PLACEMENT_3D('',#2944,#2391,#2392);
#2157=AXIS2_PLACEMENT_3D('',#2946,#2393,#2394);
#2158=AXIS2_PLACEMENT_3D('',#2949,#2396,#2397);
#2159=AXIS2_PLACEMENT_3D('',#2950,#2398,#2399);
#2160=AXIS2_PLACEMENT_3D('',#3087,#2468,#2469);
#2161=AXIS2_PLACEMENT_3D('',#3093,#2473,#2474);
#2162=AXIS2_PLACEMENT_3D('',#3099,#2478,#2479);
#2163=AXIS2_PLACEMENT_3D('',#3105,#2483,#2484);
#2164=AXIS2_PLACEMENT_3D('',#3111,#2488,#2489);
#2165=AXIS2_PLACEMENT_3D('',#3117,#2493,#2494);
#2166=AXIS2_PLACEMENT_3D('',#3123,#2498,#2499);
#2167=AXIS2_PLACEMENT_3D('',#3129,#2503,#2504);
#2168=AXIS2_PLACEMENT_3D('',#3135,#2508,#2509);
#2169=AXIS2_PLACEMENT_3D('',#3141,#2513,#2514);
#2170=AXIS2_PLACEMENT_3D('',#3147,#2518,#2519);
#2171=AXIS2_PLACEMENT_3D('',#3153,#2523,#2524);
#2172=AXIS2_PLACEMENT_3D('',#3159,#2528,#2529);
#2173=AXIS2_PLACEMENT_3D('',#3165,#2533,#2534);
#2174=AXIS2_PLACEMENT_3D('',#3171,#2538,#2539);
#2175=AXIS2_PLACEMENT_3D('',#3177,#2543,#2544);
#2176=AXIS2_PLACEMENT_3D('',#3183,#2548,#2549);
#2177=AXIS2_PLACEMENT_3D('',#3189,#2553,#2554);
#2178=AXIS2_PLACEMENT_3D('',#3195,#2558,#2559);
#2179=AXIS2_PLACEMENT_3D('',#3278,#2610,#2611);
#2180=AXIS2_PLACEMENT_3D('',#3280,#2613,#2614);
#2181=AXIS2_PLACEMENT_3D('',#3282,#2616,#2617);
#2182=AXIS2_PLACEMENT_3D('',#3284,#2619,#2620);
#2183=AXIS2_PLACEMENT_3D('',#3286,#2622,#2623);
#2184=AXIS2_PLACEMENT_3D('',#3287,#2624,#2625);
#2185=AXIS2_PLACEMENT_3D('',#3289,#2627,#2628);
#2186=AXIS2_PLACEMENT_3D('',#3290,#2629,#2630);
#2187=AXIS2_PLACEMENT_3D('',#3292,#2632,#2633);
#2188=AXIS2_PLACEMENT_3D('',#3294,#2635,#2636);
#2189=AXIS2_PLACEMENT_3D('',#3296,#2638,#2639);
#2190=AXIS2_PLACEMENT_3D('',#3298,#2641,#2642);
#2191=AXIS2_PLACEMENT_3D('',#3300,#2644,#2645);
#2192=AXIS2_PLACEMENT_3D('',#3302,#2647,#2648);
#2193=AXIS2_PLACEMENT_3D('',#3304,#2650,#2651);
#2194=AXIS2_PLACEMENT_3D('',#3306,#2653,#2654);
#2195=AXIS2_PLACEMENT_3D('',#3308,#2656,#2657);
#2196=AXIS2_PLACEMENT_3D('',#3310,#2659,#2660);
#2197=AXIS2_PLACEMENT_3D('',#3312,#2662,#2663);
#2198=AXIS2_PLACEMENT_3D('',#3314,#2665,#2666);
#2199=AXIS2_PLACEMENT_3D('',#3316,#2668,#2669);
#2200=AXIS2_PLACEMENT_3D('',#3318,#2671,#2672);
#2201=AXIS2_PLACEMENT_3D('',#3320,#2674,#2675);
#2202=AXIS2_PLACEMENT_3D('',#3321,#2676,#2677);
#2203=AXIS2_PLACEMENT_3D('',#3323,#2679,#2680);
#2204=AXIS2_PLACEMENT_3D('',#3324,#2681,#2682);
#2205=AXIS2_PLACEMENT_3D('',#3326,#2684,#2685);
#2206=AXIS2_PLACEMENT_3D('',#3328,#2687,#2688);
#2207=AXIS2_PLACEMENT_3D('',#3330,#2690,#2691);
#2208=AXIS2_PLACEMENT_3D('',#3332,#2693,#2694);
#2209=AXIS2_PLACEMENT_3D('',#3334,#2696,#2697);
#2210=AXIS2_PLACEMENT_3D('',#3336,#2699,#2700);
#2211=AXIS2_PLACEMENT_3D('',#3338,#2702,#2703);
#2212=AXIS2_PLACEMENT_3D('',#3340,#2705,#2706);
#2213=AXIS2_PLACEMENT_3D('',#3342,#2708,#2709);
#2214=AXIS2_PLACEMENT_3D('',#3344,#2711,#2712);
#2215=AXIS2_PLACEMENT_3D('',#3346,#2714,#2715);
#2216=AXIS2_PLACEMENT_3D('',#3347,#2716,#2717);
#2217=AXIS2_PLACEMENT_3D('',#3348,#2718,#2719);
#2218=AXIS2_PLACEMENT_3D('',#3349,#2720,#2721);
#2219=AXIS2_PLACEMENT_3D('',#3350,#2722,#2723);
#2220=AXIS2_PLACEMENT_3D('',#3351,#2724,#2725);
#2221=AXIS2_PLACEMENT_3D('',#3352,#2726,#2727);
#2222=AXIS2_PLACEMENT_3D('',#3353,#2728,#2729);
#2223=AXIS2_PLACEMENT_3D('',#3354,#2730,#2731);
#2224=AXIS2_PLACEMENT_3D('',#3355,#2732,#2733);
#2225=AXIS2_PLACEMENT_3D('',#3356,#2734,#2735);
#2226=AXIS2_PLACEMENT_3D('',#3357,#2736,#2737);
#2227=AXIS2_PLACEMENT_3D('',#3358,#2738,#2739);
#2228=AXIS2_PLACEMENT_3D('',#3359,#2740,#2741);
#2229=AXIS2_PLACEMENT_3D('',#3360,#2742,#2743);
#2230=AXIS2_PLACEMENT_3D('',#3361,#2744,#2745);
#2231=AXIS2_PLACEMENT_3D('',#3364,#2746,#2747);
#2232=AXIS2_PLACEMENT_3D('',#3365,#2748,#2749);
#2233=AXIS2_PLACEMENT_3D('',#3367,#2750,#2751);
#2234=AXIS2_PLACEMENT_3D('',#3368,#2752,#2753);
#2235=AXIS2_PLACEMENT_3D('',#3370,#2754,#2755);
#2236=AXIS2_PLACEMENT_3D('',#3372,#2756,#2757);
#2237=AXIS2_PLACEMENT_3D('',#3373,#2758,#2759);
#2238=AXIS2_PLACEMENT_3D('',#3374,#2760,#2761);
#2239=AXIS2_PLACEMENT_3D('',#3376,#2762,#2763);
#2240=AXIS2_PLACEMENT_3D('',#3378,#2765,#2766);
#2241=AXIS2_PLACEMENT_3D('',#3380,#2767,#2768);
#2242=AXIS2_PLACEMENT_3D('',#3383,#2770,#2771);
#2243=AXIS2_PLACEMENT_3D('',#3384,#2772,#2773);
#2244=AXIS2_PLACEMENT_3D('',#3386,#2774,#2775);
#2245=AXIS2_PLACEMENT_3D('',#3388,#2777,#2778);
#2246=AXIS2_PLACEMENT_3D('',#3390,#2779,#2780);
#2247=AXIS2_PLACEMENT_3D('',#3392,#2782,#2783);
#2248=AXIS2_PLACEMENT_3D('',#3394,#2784,#2785);
#2249=AXIS2_PLACEMENT_3D('',#3397,#2787,#2788);
#2250=AXIS2_PLACEMENT_3D('',#3398,#2789,#2790);
#2251=AXIS2_PLACEMENT_3D('',#3400,#2791,#2792);
#2252=AXIS2_PLACEMENT_3D('',#3403,#2794,#2795);
#2253=AXIS2_PLACEMENT_3D('',#3404,#2796,#2797);
#2254=AXIS2_PLACEMENT_3D('',#3407,#2798,#2799);
#2255=AXIS2_PLACEMENT_3D('',#3409,#2801,#2802);
#2256=AXIS2_PLACEMENT_3D('',#3410,#2803,#2804);
#2257=AXIS2_PLACEMENT_3D('',#3411,#2805,#2806);
#2258=AXIS2_PLACEMENT_3D('',#3412,#2807,#2808);
#2259=AXIS2_PLACEMENT_3D('',#3413,#2809,#2810);
#2260=AXIS2_PLACEMENT_3D('',#3414,#2811,#2812);
#2261=AXIS2_PLACEMENT_3D('',#3416,#2813,#2814);
#2262=AXIS2_PLACEMENT_3D('',#3417,#2815,#2816);
#2263=AXIS2_PLACEMENT_3D('',#3418,#2817,#2818);
#2264=AXIS2_PLACEMENT_3D('',#3419,#2819,#2820);
#2265=AXIS2_PLACEMENT_3D('',#3420,#2821,#2822);
#2266=AXIS2_PLACEMENT_3D('',#3421,#2823,#2824);
#2267=AXIS2_PLACEMENT_3D('',#3422,#2825,#2826);
#2268=AXIS2_PLACEMENT_3D('',#3423,#2827,#2828);
#2269=AXIS2_PLACEMENT_3D('',#3424,#2829,#2830);
#2270=AXIS2_PLACEMENT_3D('',#3425,#2831,#2832);
#2271=AXIS2_PLACEMENT_3D('',#3426,#2833,#2834);
#2272=AXIS2_PLACEMENT_3D('',#3427,#2835,#2836);
#2273=AXIS2_PLACEMENT_3D('',#3428,#2837,#2838);
#2274=AXIS2_PLACEMENT_3D('',#3429,#2839,#2840);
#2275=AXIS2_PLACEMENT_3D('',#3430,#2841,#2842);
#2276=AXIS2_PLACEMENT_3D('',#3431,#2843,#2844);
#2277=AXIS2_PLACEMENT_3D('',#3432,#2845,#2846);
#2278=AXIS2_PLACEMENT_3D('',#3433,#2847,#2848);
#2279=AXIS2_PLACEMENT_3D('',#3434,#2849,#2850);
#2280=DIRECTION('axis',(0.,0.,1.));
#2281=DIRECTION('refdir',(1.,0.,0.));
#2282=DIRECTION('axis',(0.,0.,1.));
#2283=DIRECTION('refdir',(1.,0.,0.));
#2284=DIRECTION('axis',(0.,0.,1.));
#2285=DIRECTION('refdir',(1.,0.,0.));
#2286=DIRECTION('center_axis',(0.,1.,0.));
#2287=DIRECTION('ref_axis',(0.,0.,1.));
#2288=DIRECTION('center_axis',(0.,-1.,0.));
#2289=DIRECTION('ref_axis',(0.,0.,1.));
#2290=DIRECTION('',(0.,1.,0.));
#2291=DIRECTION('center_axis',(0.,-1.,0.));
#2292=DIRECTION('ref_axis',(0.,0.,1.));
#2293=DIRECTION('center_axis',(0.,1.,0.));
#2294=DIRECTION('ref_axis',(0.,0.,1.));
#2295=DIRECTION('center_axis',(0.,-1.,0.));
#2296=DIRECTION('ref_axis',(0.,0.,1.));
#2297=DIRECTION('',(0.,1.,0.));
#2298=DIRECTION('center_axis',(0.,-1.,0.));
#2299=DIRECTION('ref_axis',(0.,0.,1.));
#2300=DIRECTION('center_axis',(0.,1.,0.));
#2301=DIRECTION('ref_axis',(0.,0.,1.));
#2302=DIRECTION('center_axis',(0.,-1.,0.));
#2303=DIRECTION('ref_axis',(0.,0.,1.));
#2304=DIRECTION('',(0.,1.,0.));
#2305=DIRECTION('center_axis',(0.,-1.,0.));
#2306=DIRECTION('ref_axis',(0.,0.,1.));
#2307=DIRECTION('center_axis',(0.,1.,0.));
#2308=DIRECTION('ref_axis',(0.,0.,1.));
#2309=DIRECTION('center_axis',(0.,-1.,0.));
#2310=DIRECTION('ref_axis',(0.,0.,1.));
#2311=DIRECTION('',(0.,1.,0.));
#2312=DIRECTION('center_axis',(0.,-1.,0.));
#2313=DIRECTION('ref_axis',(0.,0.,1.));
#2314=DIRECTION('center_axis',(0.,1.,0.));
#2315=DIRECTION('ref_axis',(0.,0.,1.));
#2316=DIRECTION('center_axis',(0.,-1.,0.));
#2317=DIRECTION('ref_axis',(0.,0.,1.));
#2318=DIRECTION('',(0.,1.,0.));
#2319=DIRECTION('center_axis',(0.,-1.,0.));
#2320=DIRECTION('ref_axis',(0.,0.,1.));
#2321=DIRECTION('center_axis',(0.,1.,0.));
#2322=DIRECTION('ref_axis',(0.,0.,1.));
#2323=DIRECTION('center_axis',(0.,-1.,0.));
#2324=DIRECTION('ref_axis',(0.,0.,1.));
#2325=DIRECTION('',(0.,1.,0.));
#2326=DIRECTION('center_axis',(0.,-1.,0.));
#2327=DIRECTION('ref_axis',(0.,0.,1.));
#2328=DIRECTION('center_axis',(0.,1.,0.));
#2329=DIRECTION('ref_axis',(0.,0.,1.));
#2330=DIRECTION('center_axis',(0.,-1.,0.));
#2331=DIRECTION('ref_axis',(0.,0.,1.));
#2332=DIRECTION('',(0.,1.,0.));
#2333=DIRECTION('center_axis',(0.,-1.,0.));
#2334=DIRECTION('ref_axis',(0.,0.,1.));
#2335=DIRECTION('center_axis',(0.,1.,0.));
#2336=DIRECTION('ref_axis',(0.,0.,1.));
#2337=DIRECTION('center_axis',(0.,-1.,0.));
#2338=DIRECTION('ref_axis',(0.,0.,1.));
#2339=DIRECTION('',(0.,1.,0.));
#2340=DIRECTION('center_axis',(0.,-1.,0.));
#2341=DIRECTION('ref_axis',(0.,0.,1.));
#2342=DIRECTION('center_axis',(0.,1.,0.));
#2343=DIRECTION('ref_axis',(0.,0.,1.));
#2344=DIRECTION('center_axis',(0.,-1.,0.));
#2345=DIRECTION('ref_axis',(0.,0.,1.));
#2346=DIRECTION('',(0.,1.,0.));
#2347=DIRECTION('center_axis',(0.,-1.,0.));
#2348=DIRECTION('ref_axis',(0.,0.,1.));
#2349=DIRECTION('center_axis',(0.,1.,0.));
#2350=DIRECTION('ref_axis',(0.,0.,1.));
#2351=DIRECTION('center_axis',(0.,-1.,0.));
#2352=DIRECTION('ref_axis',(0.,0.,1.));
#2353=DIRECTION('',(0.,1.,0.));
#2354=DIRECTION('center_axis',(0.,-1.,0.));
#2355=DIRECTION('ref_axis',(0.,0.,1.));
#2356=DIRECTION('center_axis',(0.,1.,0.));
#2357=DIRECTION('ref_axis',(0.,0.,1.));
#2358=DIRECTION('center_axis',(0.,-1.,0.));
#2359=DIRECTION('ref_axis',(0.,0.,1.));
#2360=DIRECTION('',(0.,1.,0.));
#2361=DIRECTION('center_axis',(0.,-1.,0.));
#2362=DIRECTION('ref_axis',(0.,0.,1.));
#2363=DIRECTION('center_axis',(0.,1.,0.));
#2364=DIRECTION('ref_axis',(0.,0.,1.));
#2365=DIRECTION('center_axis',(0.,-1.,0.));
#2366=DIRECTION('ref_axis',(0.,0.,1.));
#2367=DIRECTION('',(0.,1.,0.));
#2368=DIRECTION('center_axis',(0.,-1.,0.));
#2369=DIRECTION('ref_axis',(0.,0.,1.));
#2370=DIRECTION('center_axis',(0.,1.,0.));
#2371=DIRECTION('ref_axis',(0.,0.,1.));
#2372=DIRECTION('center_axis',(0.,-1.,0.));
#2373=DIRECTION('ref_axis',(0.,0.,1.));
#2374=DIRECTION('',(0.,1.,0.));
#2375=DIRECTION('center_axis',(0.,-1.,0.));
#2376=DIRECTION('ref_axis',(0.,0.,1.));
#2377=DIRECTION('center_axis',(0.,1.,0.));
#2378=DIRECTION('ref_axis',(0.,0.,1.));
#2379=DIRECTION('center_axis',(0.,-1.,0.));
#2380=DIRECTION('ref_axis',(0.,0.,1.));
#2381=DIRECTION('',(0.,1.,0.));
#2382=DIRECTION('center_axis',(0.,-1.,0.));
#2383=DIRECTION('ref_axis',(0.,0.,1.));
#2384=DIRECTION('center_axis',(0.,1.,0.));
#2385=DIRECTION('ref_axis',(0.,0.,1.));
#2386=DIRECTION('center_axis',(0.,-1.,0.));
#2387=DIRECTION('ref_axis',(0.,0.,1.));
#2388=DIRECTION('',(0.,1.,0.));
#2389=DIRECTION('center_axis',(0.,-1.,0.));
#2390=DIRECTION('ref_axis',(0.,0.,1.));
#2391=DIRECTION('center_axis',(0.,1.,0.));
#2392=DIRECTION('ref_axis',(0.,0.,1.));
#2393=DIRECTION('center_axis',(0.,-1.,0.));
#2394=DIRECTION('ref_axis',(0.,0.,1.));
#2395=DIRECTION('',(0.,1.,0.));
#2396=DIRECTION('center_axis',(0.,-1.,0.));
#2397=DIRECTION('ref_axis',(0.,0.,1.));
#2398=DIRECTION('center_axis',(0.,1.,0.));
#2399=DIRECTION('ref_axis',(0.,0.,1.));
#2400=DIRECTION('',(0.342020143325666,0.,0.939692620785909));
#2401=DIRECTION('',(1.,0.,-5.42119382771921E-15));
#2402=DIRECTION('',(0.342020143325663,0.,-0.93969262078591));
#2403=DIRECTION('',(-1.,0.,0.));
#2404=DIRECTION('',(-0.342020143325587,0.,-0.939692620785938));
#2405=DIRECTION('',(-1.,0.,0.));
#2406=DIRECTION('',(0.,0.,-1.));
#2407=DIRECTION('',(1.,0.,0.));
#2408=DIRECTION('',(0.342020143325717,0.,-0.939692620785891));
#2409=DIRECTION('',(1.,0.,0.));
#2410=DIRECTION('',(-0.342020143325669,0.,-0.939692620785908));
#2411=DIRECTION('',(-1.,0.,0.));
#2412=DIRECTION('',(-0.342020143325672,0.,0.939692620785907));
#2413=DIRECTION('',(1.,0.,0.));
#2414=DIRECTION('',(-0.342020143325669,0.,-0.939692620785908));
#2415=DIRECTION('',(-1.,0.,0.));
#2416=DIRECTION('',(-0.342020143325672,0.,0.939692620785907));
#2417=DIRECTION('',(1.,0.,0.));
#2418=DIRECTION('',(-0.342020143325669,0.,-0.939692620785908));
#2419=DIRECTION('',(-1.,0.,0.));
#2420=DIRECTION('',(-0.342020143325672,0.,0.939692620785907));
#2421=DIRECTION('',(1.,0.,0.));
#2422=DIRECTION('',(-0.342020143325669,0.,-0.939692620785908));
#2423=DIRECTION('',(-1.,0.,0.));
#2424=DIRECTION('',(-0.342020143325672,0.,0.939692620785907));
#2425=DIRECTION('',(1.,0.,0.));
#2426=DIRECTION('',(-0.342020143325669,0.,-0.939692620785908));
#2427=DIRECTION('',(-1.,0.,0.));
#2428=DIRECTION('',(-0.342020143325672,0.,0.939692620785907));
#2429=DIRECTION('',(1.,0.,0.));
#2430=DIRECTION('',(-0.342020143325669,0.,-0.939692620785908));
#2431=DIRECTION('',(-1.,0.,0.));
#2432=DIRECTION('',(-0.342020143325672,0.,0.939692620785907));
#2433=DIRECTION('',(1.,0.,0.));
#2434=DIRECTION('',(-0.342020143325669,0.,-0.939692620785908));
#2435=DIRECTION('',(-1.,0.,0.));
#2436=DIRECTION('',(-0.342020143325672,0.,0.939692620785907));
#2437=DIRECTION('',(1.,0.,0.));
#2438=DIRECTION('',(0.342020143325666,0.,0.939692620785909));
#2439=DIRECTION('',(1.,0.,0.));
#2440=DIRECTION('',(0.,0.,1.));
#2441=DIRECTION('',(-1.,0.,0.));
#2442=DIRECTION('',(-0.342020143325665,0.,0.93969262078591));
#2443=DIRECTION('',(-1.,0.,0.));
#2444=DIRECTION('',(0.342020143325666,0.,0.939692620785909));
#2445=DIRECTION('',(1.,0.,-5.42119382771921E-15));
#2446=DIRECTION('',(0.342020143325663,0.,-0.93969262078591));
#2447=DIRECTION('',(-1.,0.,0.));
#2448=DIRECTION('',(0.342020143325666,0.,0.939692620785909));
#2449=DIRECTION('',(1.,0.,-5.42119382771921E-15));
#2450=DIRECTION('',(0.342020143325663,0.,-0.93969262078591));
#2451=DIRECTION('',(-1.,0.,0.));
#2452=DIRECTION('',(0.342020143325666,0.,0.939692620785909));
#2453=DIRECTION('',(1.,0.,-5.42119382771921E-15));
#2454=DIRECTION('',(0.342020143325663,0.,-0.93969262078591));
#2455=DIRECTION('',(-1.,0.,0.));
#2456=DIRECTION('',(0.342020143325666,0.,0.939692620785909));
#2457=DIRECTION('',(1.,0.,-5.42119382771921E-15));
#2458=DIRECTION('',(0.342020143325663,0.,-0.93969262078591));
#2459=DIRECTION('',(-1.,0.,0.));
#2460=DIRECTION('',(0.342020143325666,0.,0.939692620785909));
#2461=DIRECTION('',(1.,0.,-5.42119382771921E-15));
#2462=DIRECTION('',(0.342020143325663,0.,-0.93969262078591));
#2463=DIRECTION('',(-1.,0.,0.));
#2464=DIRECTION('',(0.342020143325666,0.,0.939692620785909));
#2465=DIRECTION('',(1.,0.,-5.42119382771921E-15));
#2466=DIRECTION('',(0.342020143325663,0.,-0.93969262078591));
#2467=DIRECTION('',(-1.,0.,0.));
#2468=DIRECTION('center_axis',(-4.40089732594301E-17,0.,-1.));
#2469=DIRECTION('ref_axis',(-1.,0.,4.40089732594301E-17));
#2470=DIRECTION('',(0.,1.,0.));
#2471=DIRECTION('',(1.,0.,-4.40089732594302E-17));
#2472=DIRECTION('',(0.,-1.,0.));
#2473=DIRECTION('center_axis',(-4.40089732594301E-17,0.,-1.));
#2474=DIRECTION('ref_axis',(-1.,0.,4.40089732594301E-17));
#2475=DIRECTION('',(0.,-1.,0.));
#2476=DIRECTION('',(0.,1.,0.));
#2477=DIRECTION('',(1.,0.,-4.40089732594302E-17));
#2478=DIRECTION('center_axis',(1.,0.,0.));
#2479=DIRECTION('ref_axis',(0.,0.,-1.));
#2480=DIRECTION('',(0.,1.,0.));
#2481=DIRECTION('',(0.,0.,1.));
#2482=DIRECTION('',(0.,-1.,0.));
#2483=DIRECTION('center_axis',(0.,0.,1.));
#2484=DIRECTION('ref_axis',(1.,0.,0.));
#2485=DIRECTION('',(0.,1.,0.));
#2486=DIRECTION('',(-1.,0.,0.));
#2487=DIRECTION('',(0.,-1.,0.));
#2488=DIRECTION('center_axis',(0.,0.,1.));
#2489=DIRECTION('ref_axis',(1.,0.,0.));
#2490=DIRECTION('',(0.,-1.,0.));
#2491=DIRECTION('',(0.,1.,0.));
#2492=DIRECTION('',(-1.,0.,0.));
#2493=DIRECTION('center_axis',(0.,0.,1.));
#2494=DIRECTION('ref_axis',(1.,0.,0.));
#2495=DIRECTION('',(0.,-1.,0.));
#2496=DIRECTION('',(0.,1.,0.));
#2497=DIRECTION('',(-1.,0.,0.));
#2498=DIRECTION('center_axis',(0.,0.,1.));
#2499=DIRECTION('ref_axis',(1.,0.,0.));
#2500=DIRECTION('',(0.,-1.,0.));
#2501=DIRECTION('',(0.,1.,0.));
#2502=DIRECTION('',(-1.,0.,0.));
#2503=DIRECTION('center_axis',(0.,0.,1.));
#2504=DIRECTION('ref_axis',(1.,0.,0.));
#2505=DIRECTION('',(0.,-1.,0.));
#2506=DIRECTION('',(0.,1.,0.));
#2507=DIRECTION('',(-1.,0.,0.));
#2508=DIRECTION('center_axis',(0.,0.,1.));
#2509=DIRECTION('ref_axis',(1.,0.,0.));
#2510=DIRECTION('',(0.,-1.,0.));
#2511=DIRECTION('',(0.,1.,0.));
#2512=DIRECTION('',(-1.,0.,0.));
#2513=DIRECTION('center_axis',(0.,0.,1.));
#2514=DIRECTION('ref_axis',(1.,0.,0.));
#2515=DIRECTION('',(0.,-1.,0.));
#2516=DIRECTION('',(0.,1.,0.));
#2517=DIRECTION('',(-1.,0.,0.));
#2518=DIRECTION('center_axis',(0.,0.,1.));
#2519=DIRECTION('ref_axis',(1.,0.,0.));
#2520=DIRECTION('',(0.,-1.,0.));
#2521=DIRECTION('',(0.,1.,0.));
#2522=DIRECTION('',(-1.,0.,0.));
#2523=DIRECTION('center_axis',(-1.,0.,-1.26662091694374E-17));
#2524=DIRECTION('ref_axis',(-1.26662091694374E-17,0.,1.));
#2525=DIRECTION('',(0.,1.,0.));
#2526=DIRECTION('',(1.26662091694374E-17,0.,-1.));
#2527=DIRECTION('',(0.,-1.,0.));
#2528=DIRECTION('center_axis',(-4.40089732594301E-17,0.,-1.));
#2529=DIRECTION('ref_axis',(-1.,0.,4.40089732594301E-17));
#2530=DIRECTION('',(0.,1.,0.));
#2531=DIRECTION('',(1.,0.,-4.40089732594302E-17));
#2532=DIRECTION('',(0.,-1.,0.));
#2533=DIRECTION('center_axis',(-4.40089732594301E-17,0.,-1.));
#2534=DIRECTION('ref_axis',(-1.,0.,4.40089732594301E-17));
#2535=DIRECTION('',(0.,1.,0.));
#2536=DIRECTION('',(1.,0.,-4.40089732594302E-17));
#2537=DIRECTION('',(0.,-1.,0.));
#2538=DIRECTION('center_axis',(-4.40089732594301E-17,0.,-1.));
#2539=DIRECTION('ref_axis',(-1.,0.,4.40089732594301E-17));
#2540=DIRECTION('',(0.,1.,0.));
#2541=DIRECTION('',(1.,0.,-4.40089732594302E-17));
#2542=DIRECTION('',(0.,-1.,0.));
#2543=DIRECTION('center_axis',(-4.40089732594301E-17,0.,-1.));
#2544=DIRECTION('ref_axis',(-1.,0.,4.40089732594301E-17));
#2545=DIRECTION('',(0.,1.,0.));
#2546=DIRECTION('',(1.,0.,-4.40089732594302E-17));
#2547=DIRECTION('',(0.,-1.,0.));
#2548=DIRECTION('center_axis',(-4.40089732594301E-17,0.,-1.));
#2549=DIRECTION('ref_axis',(-1.,0.,4.40089732594301E-17));
#2550=DIRECTION('',(0.,1.,0.));
#2551=DIRECTION('',(1.,0.,-4.40089732594302E-17));
#2552=DIRECTION('',(0.,-1.,0.));
#2553=DIRECTION('center_axis',(-4.40089732594301E-17,0.,-1.));
#2554=DIRECTION('ref_axis',(-1.,0.,4.40089732594301E-17));
#2555=DIRECTION('',(0.,1.,0.));
#2556=DIRECTION('',(1.,0.,-4.40089732594302E-17));
#2557=DIRECTION('',(0.,-1.,0.));
#2558=DIRECTION('center_axis',(0.,1.,0.));
#2559=DIRECTION('ref_axis',(0.,0.,1.));
#2560=DIRECTION('',(-0.342020143325662,0.,0.939692620785911));
#2561=DIRECTION('',(-1.,0.,5.42119382771921E-15));
#2562=DIRECTION('',(-0.342020143325667,0.,-0.939692620785909));
#2563=DIRECTION('',(-0.342020143325669,0.,0.939692620785908));
#2564=DIRECTION('',(-1.,0.,5.42119382771921E-15));
#2565=DIRECTION('',(-0.342020143325667,0.,-0.939692620785909));
#2566=DIRECTION('',(-0.342020143325665,0.,0.93969262078591));
#2567=DIRECTION('',(-1.,0.,5.42119382771921E-15));
#2568=DIRECTION('',(-0.342020143325667,0.,-0.939692620785909));
#2569=DIRECTION('',(-0.342020143325665,0.,0.93969262078591));
#2570=DIRECTION('',(-1.,0.,5.42119382771921E-15));
#2571=DIRECTION('',(-0.342020143325667,0.,-0.939692620785909));
#2572=DIRECTION('',(-0.342020143325663,0.,0.93969262078591));
#2573=DIRECTION('',(-1.,0.,5.42119382771921E-15));
#2574=DIRECTION('',(-0.342020143325667,0.,-0.939692620785909));
#2575=DIRECTION('',(-0.342020143325663,0.,0.93969262078591));
#2576=DIRECTION('',(-1.,0.,5.42119382771921E-15));
#2577=DIRECTION('',(-0.342020143325666,0.,-0.939692620785909));
#2578=DIRECTION('',(-0.342020143325663,0.,0.93969262078591));
#2579=DIRECTION('',(-1.,0.,5.42119382771921E-15));
#2580=DIRECTION('',(-0.342020143325667,0.,-0.939692620785909));
#2581=DIRECTION('',(-0.342020143325665,0.,0.93969262078591));
#2582=DIRECTION('',(-1.,0.,0.));
#2583=DIRECTION('',(1.,0.,0.));
#2584=DIRECTION('',(0.342020143325666,0.,0.939692620785909));
#2585=DIRECTION('',(0.342020143325673,0.,-0.939692620785907));
#2586=DIRECTION('',(1.,0.,0.));
#2587=DIRECTION('',(0.342020143325669,0.,0.939692620785908));
#2588=DIRECTION('',(0.342020143325671,0.,-0.939692620785908));
#2589=DIRECTION('',(1.,0.,0.));
#2590=DIRECTION('',(0.342020143325669,0.,0.939692620785908));
#2591=DIRECTION('',(0.342020143325675,0.,-0.939692620785906));
#2592=DIRECTION('',(1.,0.,0.));
#2593=DIRECTION('',(0.342020143325669,0.,0.939692620785908));
#2594=DIRECTION('',(0.342020143325671,0.,-0.939692620785908));
#2595=DIRECTION('',(1.,0.,0.));
#2596=DIRECTION('',(0.342020143325671,0.,0.939692620785908));
#2597=DIRECTION('',(0.342020143325671,0.,-0.939692620785908));
#2598=DIRECTION('',(1.,0.,0.));
#2599=DIRECTION('',(0.342020143325671,0.,0.939692620785908));
#2600=DIRECTION('',(0.342020143325671,0.,-0.939692620785908));
#2601=DIRECTION('',(1.,0.,0.));
#2602=DIRECTION('',(0.342020143325675,0.,0.939692620785906));
#2603=DIRECTION('',(0.342020143325675,0.,-0.939692620785906));
#2604=DIRECTION('',(1.,0.,0.));
#2605=DIRECTION('',(0.342020143325667,0.,0.939692620785909));
#2606=DIRECTION('',(0.342020143325717,0.,-0.939692620785891));
#2607=DIRECTION('',(1.,0.,0.));
#2608=DIRECTION('',(-1.,0.,0.));
#2609=DIRECTION('',(-0.342020143325587,0.,-0.939692620785938));
#2610=DIRECTION('center_axis',(0.93969262078591,0.,0.342020143325663));
#2611=DIRECTION('ref_axis',(0.342020143325663,0.,-0.93969262078591));
#2612=DIRECTION('',(0.,-1.,0.));
#2613=DIRECTION('center_axis',(-0.939692620785909,0.,0.342020143325667));
#2614=DIRECTION('ref_axis',(0.342020143325667,0.,0.939692620785909));
#2615=DIRECTION('',(0.,1.,0.));
#2616=DIRECTION('center_axis',(0.939692620785938,0.,-0.342020143325587));
#2617=DIRECTION('ref_axis',(-0.342020143325587,0.,-0.939692620785938));
#2618=DIRECTION('',(0.,-1.,0.));
#2619=DIRECTION('center_axis',(0.93969262078591,0.,0.342020143325663));
#2620=DIRECTION('ref_axis',(0.342020143325663,0.,-0.93969262078591));
#2621=DIRECTION('',(0.,-1.,0.));
#2622=DIRECTION('center_axis',(0.,0.,-1.));
#2623=DIRECTION('ref_axis',(-1.,0.,0.));
#2624=DIRECTION('center_axis',(0.,0.,1.));
#2625=DIRECTION('ref_axis',(1.,0.,0.));
#2626=DIRECTION('',(0.,-1.,0.));
#2627=DIRECTION('center_axis',(0.939692620785891,0.,0.342020143325717));
#2628=DIRECTION('ref_axis',(0.342020143325717,0.,-0.939692620785891));
#2629=DIRECTION('center_axis',(0.939692620785908,0.,-0.34202014332567));
#2630=DIRECTION('ref_axis',(-0.34202014332567,0.,-0.939692620785908));
#2631=DIRECTION('',(0.,1.,0.));
#2632=DIRECTION('center_axis',(0.939692620785908,0.,-0.34202014332567));
#2633=DIRECTION('ref_axis',(-0.34202014332567,0.,-0.939692620785908));
#2634=DIRECTION('',(0.,1.,0.));
#2635=DIRECTION('center_axis',(-0.939692620785907,0.,-0.342020143325672));
#2636=DIRECTION('ref_axis',(-0.342020143325672,0.,0.939692620785907));
#2637=DIRECTION('',(0.,-1.,0.));
#2638=DIRECTION('center_axis',(0.939692620785908,0.,-0.34202014332567));
#2639=DIRECTION('ref_axis',(-0.34202014332567,0.,-0.939692620785908));
#2640=DIRECTION('',(0.,1.,0.));
#2641=DIRECTION('center_axis',(-0.939692620785907,0.,-0.342020143325672));
#2642=DIRECTION('ref_axis',(-0.342020143325672,0.,0.939692620785907));
#2643=DIRECTION('',(0.,-1.,0.));
#2644=DIRECTION('center_axis',(0.939692620785908,0.,-0.34202014332567));
#2645=DIRECTION('ref_axis',(-0.34202014332567,0.,-0.939692620785908));
#2646=DIRECTION('',(0.,1.,0.));
#2647=DIRECTION('center_axis',(-0.939692620785907,0.,-0.342020143325672));
#2648=DIRECTION('ref_axis',(-0.342020143325672,0.,0.939692620785907));
#2649=DIRECTION('',(0.,-1.,0.));
#2650=DIRECTION('center_axis',(0.939692620785908,0.,-0.34202014332567));
#2651=DIRECTION('ref_axis',(-0.34202014332567,0.,-0.939692620785908));
#2652=DIRECTION('',(0.,1.,0.));
#2653=DIRECTION('center_axis',(-0.939692620785907,0.,-0.342020143325672));
#2654=DIRECTION('ref_axis',(-0.342020143325672,0.,0.939692620785907));
#2655=DIRECTION('',(0.,-1.,0.));
#2656=DIRECTION('center_axis',(0.939692620785908,0.,-0.34202014332567));
#2657=DIRECTION('ref_axis',(-0.34202014332567,0.,-0.939692620785908));
#2658=DIRECTION('',(0.,1.,0.));
#2659=DIRECTION('center_axis',(-0.939692620785907,0.,-0.342020143325672));
#2660=DIRECTION('ref_axis',(-0.342020143325672,0.,0.939692620785907));
#2661=DIRECTION('',(0.,-1.,0.));
#2662=DIRECTION('center_axis',(0.939692620785908,0.,-0.34202014332567));
#2663=DIRECTION('ref_axis',(-0.34202014332567,0.,-0.939692620785908));
#2664=DIRECTION('',(0.,1.,0.));
#2665=DIRECTION('center_axis',(-0.939692620785907,0.,-0.342020143325672));
#2666=DIRECTION('ref_axis',(-0.342020143325672,0.,0.939692620785907));
#2667=DIRECTION('',(0.,-1.,0.));
#2668=DIRECTION('center_axis',(-0.939692620785909,0.,0.342020143325666));
#2669=DIRECTION('ref_axis',(0.342020143325666,0.,0.939692620785909));
#2670=DIRECTION('',(0.,-1.,0.));
#2671=DIRECTION('center_axis',(-0.939692620785907,0.,-0.342020143325672));
#2672=DIRECTION('ref_axis',(-0.342020143325672,0.,0.939692620785907));
#2673=DIRECTION('',(0.,-1.,0.));
#2674=DIRECTION('center_axis',(0.,0.,1.));
#2675=DIRECTION('ref_axis',(1.,0.,0.));
#2676=DIRECTION('center_axis',(0.,0.,-1.));
#2677=DIRECTION('ref_axis',(-1.,0.,0.));
#2678=DIRECTION('',(0.,-1.,0.));
#2679=DIRECTION('center_axis',(-0.93969262078591,0.,-0.342020143325665));
#2680=DIRECTION('ref_axis',(-0.342020143325666,0.,0.93969262078591));
#2681=DIRECTION('center_axis',(-0.939692620785909,0.,0.342020143325667));
#2682=DIRECTION('ref_axis',(0.342020143325667,0.,0.939692620785909));
#2683=DIRECTION('',(0.,1.,0.));
#2684=DIRECTION('center_axis',(0.93969262078591,0.,0.342020143325663));
#2685=DIRECTION('ref_axis',(0.342020143325663,0.,-0.93969262078591));
#2686=DIRECTION('',(0.,-1.,0.));
#2687=DIRECTION('center_axis',(-0.939692620785909,0.,0.342020143325667));
#2688=DIRECTION('ref_axis',(0.342020143325667,0.,0.939692620785909));
#2689=DIRECTION('',(0.,1.,0.));
#2690=DIRECTION('center_axis',(0.93969262078591,0.,0.342020143325663));
#2691=DIRECTION('ref_axis',(0.342020143325663,0.,-0.93969262078591));
#2692=DIRECTION('',(0.,-1.,0.));
#2693=DIRECTION('center_axis',(-0.939692620785909,0.,0.342020143325667));
#2694=DIRECTION('ref_axis',(0.342020143325667,0.,0.939692620785909));
#2695=DIRECTION('',(0.,1.,0.));
#2696=DIRECTION('center_axis',(0.93969262078591,0.,0.342020143325663));
#2697=DIRECTION('ref_axis',(0.342020143325663,0.,-0.93969262078591));
#2698=DIRECTION('',(0.,-1.,0.));
#2699=DIRECTION('center_axis',(-0.939692620785909,0.,0.342020143325667));
#2700=DIRECTION('ref_axis',(0.342020143325667,0.,0.939692620785909));
#2701=DIRECTION('',(0.,1.,0.));
#2702=DIRECTION('center_axis',(0.93969262078591,0.,0.342020143325663));
#2703=DIRECTION('ref_axis',(0.342020143325663,0.,-0.93969262078591));
#2704=DIRECTION('',(0.,-1.,0.));
#2705=DIRECTION('center_axis',(-0.939692620785909,0.,0.342020143325667));
#2706=DIRECTION('ref_axis',(0.342020143325667,0.,0.939692620785909));
#2707=DIRECTION('',(0.,1.,0.));
#2708=DIRECTION('center_axis',(0.93969262078591,0.,0.342020143325663));
#2709=DIRECTION('ref_axis',(0.342020143325663,0.,-0.93969262078591));
#2710=DIRECTION('',(0.,-1.,0.));
#2711=DIRECTION('center_axis',(-0.939692620785909,0.,0.342020143325667));
#2712=DIRECTION('ref_axis',(0.342020143325667,0.,0.939692620785909));
#2713=DIRECTION('',(0.,1.,0.));
#2714=DIRECTION('center_axis',(5.42119382771921E-15,0.,1.));
#2715=DIRECTION('ref_axis',(1.,0.,-5.42119382771921E-15));
#2716=DIRECTION('center_axis',(5.42119382771921E-15,0.,1.));
#2717=DIRECTION('ref_axis',(1.,0.,-5.42119382771921E-15));
#2718=DIRECTION('center_axis',(0.,0.,-1.));
#2719=DIRECTION('ref_axis',(-1.,0.,0.));
#2720=DIRECTION('center_axis',(0.,0.,-1.));
#2721=DIRECTION('ref_axis',(-1.,0.,0.));
#2722=DIRECTION('center_axis',(0.,0.,-1.));
#2723=DIRECTION('ref_axis',(-1.,0.,0.));
#2724=DIRECTION('center_axis',(0.,0.,-1.));
#2725=DIRECTION('ref_axis',(-1.,0.,0.));
#2726=DIRECTION('center_axis',(0.,0.,-1.));
#2727=DIRECTION('ref_axis',(-1.,0.,0.));
#2728=DIRECTION('center_axis',(0.,0.,-1.));
#2729=DIRECTION('ref_axis',(-1.,0.,0.));
#2730=DIRECTION('center_axis',(0.,0.,-1.));
#2731=DIRECTION('ref_axis',(-1.,0.,0.));
#2732=DIRECTION('center_axis',(5.42119382771921E-15,0.,1.));
#2733=DIRECTION('ref_axis',(1.,0.,-5.42119382771921E-15));
#2734=DIRECTION('center_axis',(5.42119382771921E-15,0.,1.));
#2735=DIRECTION('ref_axis',(1.,0.,-5.42119382771921E-15));
#2736=DIRECTION('center_axis',(5.42119382771921E-15,0.,1.));
#2737=DIRECTION('ref_axis',(1.,0.,-5.42119382771921E-15));
#2738=DIRECTION('center_axis',(5.42119382771921E-15,0.,1.));
#2739=DIRECTION('ref_axis',(1.,0.,-5.42119382771921E-15));
#2740=DIRECTION('center_axis',(5.42119382771921E-15,0.,1.));
#2741=DIRECTION('ref_axis',(1.,0.,-5.42119382771921E-15));
#2742=DIRECTION('axis',(0.,0.,1.));
#2743=DIRECTION('refdir',(1.,0.,0.));
#2744=DIRECTION('center_axis',(1.,-6.12323399573677E-17,0.));
#2745=DIRECTION('ref_axis',(0.,-1.,0.));
#2746=DIRECTION('center_axis',(-1.,0.,0.));
#2747=DIRECTION('ref_axis',(0.,0.,1.));
#2748=DIRECTION('center_axis',(-1.,0.,0.));
#2749=DIRECTION('ref_axis',(0.,0.,1.));
#2750=DIRECTION('center_axis',(0.,-1.22464679914735E-16,1.));
#2751=DIRECTION('ref_axis',(0.,1.,1.22464679914735E-16));
#2752=DIRECTION('center_axis',(-1.,-4.08288060445422E-16,-1.0992370858146E-15));
#2753=DIRECTION('ref_axis',(-9.57088814332016E-16,0.,1.));
#2754=DIRECTION('center_axis',(-1.,0.,0.));
#2755=DIRECTION('ref_axis',(0.,0.,1.));
#2756=DIRECTION('center_axis',(-4.08288060445422E-16,1.,-1.22464679914736E-16));
#2757=DIRECTION('ref_axis',(7.53613239631509E-16,-1.22464679914735E-16,
-1.));
#2758=DIRECTION('center_axis',(-1.,9.50207997796249E-16,3.49100754907617E-32));
#2759=DIRECTION('ref_axis',(0.,-9.03318042211128E-17,-1.));
#2760=DIRECTION('center_axis',(-1.,0.,0.));
#2761=DIRECTION('ref_axis',(0.,0.,1.));
#2762=DIRECTION('center_axis',(1.,0.,0.));
#2763=DIRECTION('ref_axis',(0.,0.,1.));
#2764=DIRECTION('',(1.,0.,0.));
#2765=DIRECTION('center_axis',(-1.,0.,0.));
#2766=DIRECTION('ref_axis',(0.,0.,1.));
#2767=DIRECTION('center_axis',(1.,0.,0.));
#2768=DIRECTION('ref_axis',(0.,0.,1.));
#2769=DIRECTION('',(0.866025403935767,6.12323399252686E-17,0.499999999737891));
#2770=DIRECTION('center_axis',(-1.,0.,0.));
#2771=DIRECTION('ref_axis',(0.,0.,1.));
#2772=DIRECTION('center_axis',(-1.,0.,0.));
#2773=DIRECTION('ref_axis',(0.,0.,1.));
#2774=DIRECTION('center_axis',(1.,0.,0.));
#2775=DIRECTION('ref_axis',(0.,0.,1.));
#2776=DIRECTION('',(1.,0.,0.));
#2777=DIRECTION('center_axis',(-1.,0.,0.));
#2778=DIRECTION('ref_axis',(0.,0.,1.));
#2779=DIRECTION('center_axis',(1.,0.,0.));
#2780=DIRECTION('ref_axis',(0.,0.,1.));
#2781=DIRECTION('',(0.965925826298216,3.1696191510137E-17,0.258819045068383));
#2782=DIRECTION('center_axis',(-1.,0.,0.));
#2783=DIRECTION('ref_axis',(0.,0.,1.));
#2784=DIRECTION('center_axis',(1.,0.,0.));
#2785=DIRECTION('ref_axis',(0.,0.,1.));
#2786=DIRECTION('',(1.,0.,0.));
#2787=DIRECTION('center_axis',(-1.,0.,0.));
#2788=DIRECTION('ref_axis',(0.,0.,1.));
#2789=DIRECTION('center_axis',(-1.,0.,0.));
#2790=DIRECTION('ref_axis',(0.,0.,1.));
#2791=DIRECTION('center_axis',(1.,0.,0.));
#2792=DIRECTION('ref_axis',(0.,0.,1.));
#2793=DIRECTION('',(1.,0.,0.));
#2794=DIRECTION('center_axis',(-1.,0.,0.));
#2795=DIRECTION('ref_axis',(0.,0.,1.));
#2796=DIRECTION('center_axis',(-1.,0.,0.));
#2797=DIRECTION('ref_axis',(0.,0.,1.));
#2798=DIRECTION('center_axis',(1.,0.,0.));
#2799=DIRECTION('ref_axis',(0.,0.,1.));
#2800=DIRECTION('',(1.,0.,0.));
#2801=DIRECTION('center_axis',(1.,0.,0.));
#2802=DIRECTION('ref_axis',(0.,0.,1.));
#2803=DIRECTION('center_axis',(-1.,0.,0.));
#2804=DIRECTION('ref_axis',(0.,0.,1.));
#2805=DIRECTION('center_axis',(1.,0.,0.));
#2806=DIRECTION('ref_axis',(0.,0.,-1.));
#2807=DIRECTION('center_axis',(-1.,0.,0.));
#2808=DIRECTION('ref_axis',(0.,0.,1.));
#2809=DIRECTION('center_axis',(1.,0.,0.));
#2810=DIRECTION('ref_axis',(0.,0.,-1.));
#2811=DIRECTION('center_axis',(1.,-6.12323399573676E-17,0.));
#2812=DIRECTION('ref_axis',(0.,-1.,0.));
#2813=DIRECTION('center_axis',(0.,-1.22464679914735E-16,1.));
#2814=DIRECTION('ref_axis',(0.,1.,1.22464679914735E-16));
#2815=DIRECTION('',(-3.34740601847715E-34,0.,1.));
#2816=DIRECTION('',(1.22464679914735E-16,1.,0.));
#2817=DIRECTION('',(-3.34740601847715E-34,0.,1.));
#2818=DIRECTION('',(1.,-4.93038065763132E-32,4.08442132513416E-33));
#2819=DIRECTION('',(-3.34740601847715E-34,0.,1.));
#2820=DIRECTION('',(1.22464679914735E-16,1.,0.));
#2821=DIRECTION('',(-3.34740601847715E-34,0.,1.));
#2822=DIRECTION('',(1.22464679914735E-16,1.,0.));
#2823=DIRECTION('',(-3.34740601847715E-34,0.,1.));
#2824=DIRECTION('',(1.22464679914735E-16,1.,0.));
#2825=DIRECTION('',(-3.34740601847715E-34,0.,1.));
#2826=DIRECTION('',(1.22464679914735E-16,1.,0.));
#2827=DIRECTION('',(-3.34740601847715E-34,0.,1.));
#2828=DIRECTION('',(1.22464679914735E-16,1.,0.));
#2829=DIRECTION('',(-3.34740601847715E-34,0.,1.));
#2830=DIRECTION('',(1.22464679914735E-16,1.,0.));
#2831=DIRECTION('',(-3.34740601847715E-34,0.,1.));
#2832=DIRECTION('',(1.22464679914735E-16,1.,0.));
#2833=DIRECTION('',(-3.34740601847715E-34,0.,1.));
#2834=DIRECTION('',(1.22464679914735E-16,1.,0.));
#2835=DIRECTION('',(-3.34740601847715E-34,0.,1.));
#2836=DIRECTION('',(1.22464679914735E-16,1.,0.));
#2837=DIRECTION('',(-3.34740601847715E-34,0.,1.));
#2838=DIRECTION('',(1.22464679914735E-16,1.,0.));
#2839=DIRECTION('',(-3.34740601847715E-34,0.,1.));
#2840=DIRECTION('',(1.22464679914735E-16,1.,0.));
#2841=DIRECTION('',(-3.34740601847715E-34,0.,1.));
#2842=DIRECTION('',(1.22464679914735E-16,1.,0.));
#2843=DIRECTION('',(-3.34740601847715E-34,0.,1.));
#2844=DIRECTION('',(1.22464679914735E-16,1.,0.));
#2845=DIRECTION('',(-3.34740601847715E-34,0.,1.));
#2846=DIRECTION('',(1.22464679914735E-16,1.,0.));
#2847=DIRECTION('',(-3.34740601847715E-34,0.,1.));
#2848=DIRECTION('',(1.22464679914735E-16,1.,0.));
#2849=DIRECTION('',(-1.,1.64717206734076E-17,6.80011602582908E-16));
#2850=DIRECTION('',(-1.00558413358219E-16,-1.,-2.28567767048694E-16));
#2851=CARTESIAN_POINT('',(0.,0.,0.));
#2852=CARTESIAN_POINT('',(0.,0.,0.));
#2853=CARTESIAN_POINT('',(0.,0.,0.));
#2854=CARTESIAN_POINT('Origin',(0.0379674688103072,0.,-0.05));
#2855=CARTESIAN_POINT('',(0.0379674688103072,-0.11,-0.0815500000000006));
#2856=CARTESIAN_POINT('Origin',(0.0379674688103072,-0.11,-0.05));
#2857=CARTESIAN_POINT('',(0.0379674688103072,4.43506802600032E-17,-0.0815500000000006));
#2858=CARTESIAN_POINT('',(0.0379674688103072,0.,-0.0815500000000006));
#2859=CARTESIAN_POINT('Origin',(0.0379674688103072,4.43506802600032E-17,
-0.05));
#2860=CARTESIAN_POINT('Origin',(0.137967468810307,0.,-0.05));
#2861=CARTESIAN_POINT('',(0.137967468810307,-0.11,-0.0815500000000006));
#2862=CARTESIAN_POINT('Origin',(0.137967468810307,-0.11,-0.05));
#2863=CARTESIAN_POINT('',(0.137967468810307,4.43506802600032E-17,-0.0815500000000006));
#2864=CARTESIAN_POINT('',(0.137967468810307,0.,-0.0815500000000006));
#2865=CARTESIAN_POINT('Origin',(0.137967468810307,4.43506802600032E-17,
-0.05));
#2866=CARTESIAN_POINT('Origin',(0.237967468810307,0.,-0.05));
#2867=CARTESIAN_POINT('',(0.237967468810307,-0.11,-0.0815500000000006));
#2868=CARTESIAN_POINT('Origin',(0.237967468810307,-0.11,-0.05));
#2869=CARTESIAN_POINT('',(0.237967468810307,4.43506802600032E-17,-0.0815500000000006));
#2870=CARTESIAN_POINT('',(0.237967468810307,0.,-0.0815500000000006));
#2871=CARTESIAN_POINT('Origin',(0.237967468810307,4.43506802600032E-17,
-0.05));
#2872=CARTESIAN_POINT('Origin',(0.337967468810307,0.,-0.05));
#2873=CARTESIAN_POINT('',(0.337967468810307,-0.11,-0.0815500000000006));
#2874=CARTESIAN_POINT('Origin',(0.337967468810307,-0.11,-0.05));
#2875=CARTESIAN_POINT('',(0.337967468810307,4.43506802600032E-17,-0.0815500000000006));
#2876=CARTESIAN_POINT('',(0.337967468810307,0.,-0.0815500000000006));
#2877=CARTESIAN_POINT('Origin',(0.337967468810307,4.43506802600032E-17,
-0.05));
#2878=CARTESIAN_POINT('Origin',(0.437967468810307,0.,-0.05));
#2879=CARTESIAN_POINT('',(0.437967468810307,-0.11,-0.0815500000000006));
#2880=CARTESIAN_POINT('Origin',(0.437967468810307,-0.11,-0.05));
#2881=CARTESIAN_POINT('',(0.437967468810307,4.43506802600032E-17,-0.0815500000000006));
#2882=CARTESIAN_POINT('',(0.437967468810307,0.,-0.0815500000000006));
#2883=CARTESIAN_POINT('Origin',(0.437967468810307,4.43506802600032E-17,
-0.05));
#2884=CARTESIAN_POINT('Origin',(0.537967468810307,0.,-0.05));
#2885=CARTESIAN_POINT('',(0.537967468810307,-0.11,-0.0815500000000006));
#2886=CARTESIAN_POINT('Origin',(0.537967468810307,-0.11,-0.05));
#2887=CARTESIAN_POINT('',(0.537967468810307,4.43506802600032E-17,-0.0815500000000006));
#2888=CARTESIAN_POINT('',(0.537967468810307,0.,-0.0815500000000006));
#2889=CARTESIAN_POINT('Origin',(0.537967468810307,4.43506802600032E-17,
-0.05));
#2890=CARTESIAN_POINT('Origin',(0.637967468810307,0.,-0.05));
#2891=CARTESIAN_POINT('',(0.637967468810307,-0.11,-0.0815500000000006));
#2892=CARTESIAN_POINT('Origin',(0.637967468810307,-0.11,-0.05));
#2893=CARTESIAN_POINT('',(0.637967468810307,4.43506802600032E-17,-0.0815500000000006));
#2894=CARTESIAN_POINT('',(0.637967468810307,0.,-0.0815500000000006));
#2895=CARTESIAN_POINT('Origin',(0.637967468810307,4.43506802600032E-17,
-0.05));
#2896=CARTESIAN_POINT('Origin',(0.737967468810307,0.,-0.05));
#2897=CARTESIAN_POINT('',(0.737967468810307,-0.11,-0.0815500000000006));
#2898=CARTESIAN_POINT('Origin',(0.737967468810307,-0.11,-0.05));
#2899=CARTESIAN_POINT('',(0.737967468810307,4.43506802600032E-17,-0.0815500000000006));
#2900=CARTESIAN_POINT('',(0.737967468810307,0.,-0.0815500000000006));
#2901=CARTESIAN_POINT('Origin',(0.737967468810307,4.43506802600032E-17,
-0.05));
#2902=CARTESIAN_POINT('Origin',(0.0379674688103072,0.,-0.15));
#2903=CARTESIAN_POINT('',(0.0379674688103072,-0.11,-0.181550000000001));
#2904=CARTESIAN_POINT('Origin',(0.0379674688103072,-0.11,-0.15));
#2905=CARTESIAN_POINT('',(0.0379674688103072,4.43506802600032E-17,-0.181550000000001));
#2906=CARTESIAN_POINT('',(0.0379674688103072,0.,-0.181550000000001));
#2907=CARTESIAN_POINT('Origin',(0.0379674688103072,4.43506802600032E-17,
-0.15));
#2908=CARTESIAN_POINT('Origin',(0.137967468810307,0.,-0.15));
#2909=CARTESIAN_POINT('',(0.137967468810307,-0.11,-0.181550000000001));
#2910=CARTESIAN_POINT('Origin',(0.137967468810307,-0.11,-0.15));
#2911=CARTESIAN_POINT('',(0.137967468810307,4.43506802600032E-17,-0.181550000000001));
#2912=CARTESIAN_POINT('',(0.137967468810307,0.,-0.181550000000001));
#2913=CARTESIAN_POINT('Origin',(0.137967468810307,4.43506802600032E-17,
-0.15));
#2914=CARTESIAN_POINT('Origin',(0.237967468810307,0.,-0.15));
#2915=CARTESIAN_POINT('',(0.237967468810307,-0.11,-0.181550000000001));
#2916=CARTESIAN_POINT('Origin',(0.237967468810307,-0.11,-0.15));
#2917=CARTESIAN_POINT('',(0.237967468810307,4.43506802600032E-17,-0.181550000000001));
#2918=CARTESIAN_POINT('',(0.237967468810307,0.,-0.181550000000001));
#2919=CARTESIAN_POINT('Origin',(0.237967468810307,4.43506802600032E-17,
-0.15));
#2920=CARTESIAN_POINT('Origin',(0.337967468810307,0.,-0.15));
#2921=CARTESIAN_POINT('',(0.337967468810307,-0.11,-0.181550000000001));
#2922=CARTESIAN_POINT('Origin',(0.337967468810307,-0.11,-0.15));
#2923=CARTESIAN_POINT('',(0.337967468810307,4.43506802600032E-17,-0.181550000000001));
#2924=CARTESIAN_POINT('',(0.337967468810307,0.,-0.181550000000001));
#2925=CARTESIAN_POINT('Origin',(0.337967468810307,4.43506802600032E-17,
-0.15));
#2926=CARTESIAN_POINT('Origin',(0.437967468810307,0.,-0.15));
#2927=CARTESIAN_POINT('',(0.437967468810307,-0.11,-0.181550000000001));
#2928=CARTESIAN_POINT('Origin',(0.437967468810307,-0.11,-0.15));
#2929=CARTESIAN_POINT('',(0.437967468810307,4.43506802600032E-17,-0.181550000000001));
#2930=CARTESIAN_POINT('',(0.437967468810307,0.,-0.181550000000001));
#2931=CARTESIAN_POINT('Origin',(0.437967468810307,4.43506802600032E-17,
-0.15));
#2932=CARTESIAN_POINT('Origin',(0.537967468810307,0.,-0.15));
#2933=CARTESIAN_POINT('',(0.537967468810307,-0.11,-0.181550000000001));
#2934=CARTESIAN_POINT('Origin',(0.537967468810307,-0.11,-0.15));
#2935=CARTESIAN_POINT('',(0.537967468810307,4.43506802600032E-17,-0.181550000000001));
#2936=CARTESIAN_POINT('',(0.537967468810307,0.,-0.181550000000001));
#2937=CARTESIAN_POINT('Origin',(0.537967468810307,4.43506802600032E-17,
-0.15));
#2938=CARTESIAN_POINT('Origin',(0.637967468810307,0.,-0.15));
#2939=CARTESIAN_POINT('',(0.637967468810307,-0.11,-0.181550000000001));
#2940=CARTESIAN_POINT('Origin',(0.637967468810307,-0.11,-0.15));
#2941=CARTESIAN_POINT('',(0.637967468810307,4.43506802600032E-17,-0.181550000000001));
#2942=CARTESIAN_POINT('',(0.637967468810307,0.,-0.181550000000001));
#2943=CARTESIAN_POINT('Origin',(0.637967468810307,4.43506802600032E-17,
-0.15));
#2944=CARTESIAN_POINT('Origin',(0.737967468810307,0.,-0.15));
#2945=CARTESIAN_POINT('',(0.737967468810307,-0.11,-0.181550000000001));
#2946=CARTESIAN_POINT('Origin',(0.737967468810307,-0.11,-0.15));
#2947=CARTESIAN_POINT('',(0.737967468810307,4.43506802600032E-17,-0.181550000000001));
#2948=CARTESIAN_POINT('',(0.737967468810307,0.,-0.181550000000001));
#2949=CARTESIAN_POINT('Origin',(0.737967468810307,4.43506802600032E-17,
-0.15));
#2950=CARTESIAN_POINT('Origin',(-0.00573253118969239,-0.11,-0.18425));
#2951=CARTESIAN_POINT('',(0.675935937620615,-0.11,-0.2));
#2952=CARTESIAN_POINT('',(0.681668468810308,-0.11,-0.18425));
#2953=CARTESIAN_POINT('',(0.681668468810308,-0.11,-0.18425));
#2954=CARTESIAN_POINT('',(0.694266468810307,-0.11,-0.18425));
#2955=CARTESIAN_POINT('',(0.681668468810308,-0.11,-0.18425));
#2956=CARTESIAN_POINT('',(0.699999,-0.11,-0.2));
#2957=CARTESIAN_POINT('',(0.694266468810307,-0.11,-0.18425));
#2958=CARTESIAN_POINT('',(0.775934937620616,-0.11,-0.2));
#2959=CARTESIAN_POINT('',(-0.00573253118969239,-0.11,-0.2));
#2960=CARTESIAN_POINT('',(0.781667468810308,-0.11,-0.184249999999999));
#2961=CARTESIAN_POINT('',(0.775934937620616,-0.11,-0.2));
#2962=CARTESIAN_POINT('',(0.787967468810307,-0.11,-0.184249999999999));
#2963=CARTESIAN_POINT('',(0.787967468810307,-0.11,-0.184249999999999));
#2964=CARTESIAN_POINT('',(0.787967468810307,-0.11,-0.0157499999999996));
#2965=CARTESIAN_POINT('',(0.787967468810307,-0.11,-0.18425));
#2966=CARTESIAN_POINT('',(0.781667468810308,-0.11,-0.0157499999999996));
#2967=CARTESIAN_POINT('',(0.787967468810307,-0.11,-0.0157499999999996));
#2968=CARTESIAN_POINT('',(0.775934937620614,-0.11,0.));
#2969=CARTESIAN_POINT('',(0.775934937620614,-0.11,0.));
#2970=CARTESIAN_POINT('',(0.699999,-0.11,-8.00346091893827E-18));
#2971=CARTESIAN_POINT('',(-0.00573253118969239,-0.11,0.));
#2972=CARTESIAN_POINT('',(0.694266468810307,-0.11,-0.01575));
#2973=CARTESIAN_POINT('',(0.694266468810307,-0.11,-0.01575));
#2974=CARTESIAN_POINT('',(0.681668468810308,-0.11,-0.01575));
#2975=CARTESIAN_POINT('',(0.681668468810308,-0.11,-0.01575));
#2976=CARTESIAN_POINT('',(0.675935937620614,-0.11,2.46958000863095E-17));
#2977=CARTESIAN_POINT('',(0.681668468810308,-0.11,-0.01575));
#2978=CARTESIAN_POINT('',(0.599999,-0.11,2.24096905730272E-17));
#2979=CARTESIAN_POINT('',(-0.00573253118969239,-0.11,0.));
#2980=CARTESIAN_POINT('',(0.594266468810307,-0.11,-0.01575));
#2981=CARTESIAN_POINT('',(0.594266468810307,-0.11,-0.01575));
#2982=CARTESIAN_POINT('',(0.581668468810307,-0.11,-0.01575));
#2983=CARTESIAN_POINT('',(0.581668468810307,-0.11,-0.01575));
#2984=CARTESIAN_POINT('',(0.575935937620615,-0.11,-9.14651567557941E-18));
#2985=CARTESIAN_POINT('',(0.581668468810307,-0.11,-0.01575));
#2986=CARTESIAN_POINT('',(0.499999,-0.11,1.49397937153514E-17));
#2987=CARTESIAN_POINT('',(-0.00573253118969239,-0.11,0.));
#2988=CARTESIAN_POINT('',(0.494266468810307,-0.11,-0.01575));
#2989=CARTESIAN_POINT('',(0.494266468810307,-0.11,-0.01575));
#2990=CARTESIAN_POINT('',(0.481668468810307,-0.11,-0.01575));
#2991=CARTESIAN_POINT('',(0.481668468810307,-0.11,-0.01575));
#2992=CARTESIAN_POINT('',(0.475935937620615,-0.11,-6.40276873515062E-18));
#2993=CARTESIAN_POINT('',(0.481668468810307,-0.11,-0.01575));
#2994=CARTESIAN_POINT('',(0.399999,-0.11,1.49397937153514E-17));
#2995=CARTESIAN_POINT('',(-0.00573253118969239,-0.11,0.));
#2996=CARTESIAN_POINT('',(0.394266468810307,-0.11,-0.01575));
#2997=CARTESIAN_POINT('',(0.394266468810307,-0.11,-0.01575));
#2998=CARTESIAN_POINT('',(0.381668468810307,-0.11,-0.01575));
#2999=CARTESIAN_POINT('',(0.381668468810307,-0.11,-0.01575));
#3000=CARTESIAN_POINT('',(0.375935937620615,-0.11,-6.40276873515062E-18));
#3001=CARTESIAN_POINT('',(0.381668468810307,-0.11,-0.01575));
#3002=CARTESIAN_POINT('',(0.299999,-0.11,1.33391015315638E-18));
#3003=CARTESIAN_POINT('',(-0.00573253118969239,-0.11,0.));
#3004=CARTESIAN_POINT('',(0.294266468810307,-0.11,-0.01575));
#3005=CARTESIAN_POINT('',(0.294266468810307,-0.11,-0.01575));
#3006=CARTESIAN_POINT('',(0.281668468810307,-0.11,-0.01575));
#3007=CARTESIAN_POINT('',(0.281668468810307,-0.11,-0.01575));
#3008=CARTESIAN_POINT('',(0.275935937620615,-0.11,1.4482156288205E-17));
#3009=CARTESIAN_POINT('',(0.281668468810307,-0.11,-0.01575));
#3010=CARTESIAN_POINT('',(0.199999,-0.11,2.66782030631276E-18));
#3011=CARTESIAN_POINT('',(-0.00573253118969239,-0.11,0.));
#3012=CARTESIAN_POINT('',(0.194266468810307,-0.11,-0.01575));
#3013=CARTESIAN_POINT('',(0.194266468810307,-0.11,-0.01575));
#3014=CARTESIAN_POINT('',(0.181668468810307,-0.11,-0.01575));
#3015=CARTESIAN_POINT('',(0.181668468810307,-0.11,-0.01575));
#3016=CARTESIAN_POINT('',(0.175935937620615,-0.11,-6.40276873515062E-18));
#3017=CARTESIAN_POINT('',(0.181668468810307,-0.11,-0.01575));
#3018=CARTESIAN_POINT('',(0.0999990000000001,-0.11,2.66782030631276E-18));
#3019=CARTESIAN_POINT('',(-0.00573253118969239,-0.11,0.));
#3020=CARTESIAN_POINT('',(0.0942664688103074,-0.11,-0.01575));
#3021=CARTESIAN_POINT('',(0.0942664688103074,-0.11,-0.01575));
#3022=CARTESIAN_POINT('',(0.0816684688103074,-0.11,-0.01575));
#3023=CARTESIAN_POINT('',(0.0816684688103074,-0.11,-0.01575));
#3024=CARTESIAN_POINT('',(0.0759359376206146,-0.11,6.85936735107203E-19));
#3025=CARTESIAN_POINT('',(0.0816684688103074,-0.11,-0.01575));
#3026=CARTESIAN_POINT('',(0.,-0.11,2.66782030631276E-19));
#3027=CARTESIAN_POINT('',(-0.00573253118969239,-0.11,0.));
#3028=CARTESIAN_POINT('',(-0.00573253118969264,-0.11,-0.01575));
#3029=CARTESIAN_POINT('',(0.,-0.11,0.));
#3030=CARTESIAN_POINT('',(-0.0120325311896926,-0.11,-0.01575));
#3031=CARTESIAN_POINT('',(-0.0120325311896926,-0.11,-0.01575));
#3032=CARTESIAN_POINT('',(-0.0120325311896926,-0.11,-0.18425));
#3033=CARTESIAN_POINT('',(-0.0120325311896926,-0.11,-0.18425));
#3034=CARTESIAN_POINT('',(-0.00573253118969239,-0.11,-0.18425));
#3035=CARTESIAN_POINT('',(-0.0120325311896926,-0.11,-0.18425));
#3036=CARTESIAN_POINT('',(2.67449212658863E-16,-0.11,-0.2));
#3037=CARTESIAN_POINT('',(2.23955320176512E-16,-0.11,-0.2));
#3038=CARTESIAN_POINT('',(0.0759359376206146,-0.11,-0.2));
#3039=CARTESIAN_POINT('',(-0.00573253118969239,-0.11,-0.2));
#3040=CARTESIAN_POINT('',(0.0816684688103074,-0.11,-0.18425));
#3041=CARTESIAN_POINT('',(0.0816684688103074,-0.11,-0.18425));
#3042=CARTESIAN_POINT('',(0.0942664688103074,-0.11,-0.18425));
#3043=CARTESIAN_POINT('',(0.0816684688103074,-0.11,-0.18425));
#3044=CARTESIAN_POINT('',(0.0999990000000001,-0.11,-0.2));
#3045=CARTESIAN_POINT('',(0.0942664688103074,-0.11,-0.18425));
#3046=CARTESIAN_POINT('',(0.175935937620615,-0.11,-0.2));
#3047=CARTESIAN_POINT('',(-0.00573253118969239,-0.11,-0.2));
#3048=CARTESIAN_POINT('',(0.181668468810307,-0.11,-0.18425));
#3049=CARTESIAN_POINT('',(0.181668468810307,-0.11,-0.18425));
#3050=CARTESIAN_POINT('',(0.194266468810307,-0.11,-0.18425));
#3051=CARTESIAN_POINT('',(0.181668468810307,-0.11,-0.18425));
#3052=CARTESIAN_POINT('',(0.199999,-0.11,-0.2));
#3053=CARTESIAN_POINT('',(0.194266468810307,-0.11,-0.18425));
#3054=CARTESIAN_POINT('',(0.275935937620615,-0.11,-0.2));
#3055=CARTESIAN_POINT('',(-0.00573253118969239,-0.11,-0.2));
#3056=CARTESIAN_POINT('',(0.281668468810307,-0.11,-0.18425));
#3057=CARTESIAN_POINT('',(0.281668468810307,-0.11,-0.18425));
#3058=CARTESIAN_POINT('',(0.294266468810307,-0.11,-0.18425));
#3059=CARTESIAN_POINT('',(0.281668468810307,-0.11,-0.18425));
#3060=CARTESIAN_POINT('',(0.299999,-0.11,-0.2));
#3061=CARTESIAN_POINT('',(0.294266468810307,-0.11,-0.18425));
#3062=CARTESIAN_POINT('',(0.375935937620615,-0.11,-0.2));
#3063=CARTESIAN_POINT('',(-0.00573253118969239,-0.11,-0.2));
#3064=CARTESIAN_POINT('',(0.381668468810307,-0.11,-0.18425));
#3065=CARTESIAN_POINT('',(0.381668468810307,-0.11,-0.18425));
#3066=CARTESIAN_POINT('',(0.394266468810307,-0.11,-0.18425));
#3067=CARTESIAN_POINT('',(0.381668468810307,-0.11,-0.18425));
#3068=CARTESIAN_POINT('',(0.399999,-0.11,-0.2));
#3069=CARTESIAN_POINT('',(0.394266468810307,-0.11,-0.18425));
#3070=CARTESIAN_POINT('',(0.475935937620615,-0.11,-0.2));
#3071=CARTESIAN_POINT('',(-0.00573253118969239,-0.11,-0.2));
#3072=CARTESIAN_POINT('',(0.481668468810307,-0.11,-0.18425));
#3073=CARTESIAN_POINT('',(0.481668468810307,-0.11,-0.18425));
#3074=CARTESIAN_POINT('',(0.494266468810307,-0.11,-0.18425));
#3075=CARTESIAN_POINT('',(0.481668468810307,-0.11,-0.18425));
#3076=CARTESIAN_POINT('',(0.499999,-0.11,-0.2));
#3077=CARTESIAN_POINT('',(0.494266468810307,-0.11,-0.18425));
#3078=CARTESIAN_POINT('',(0.575935937620615,-0.11,-0.2));
#3079=CARTESIAN_POINT('',(-0.00573253118969239,-0.11,-0.2));
#3080=CARTESIAN_POINT('',(0.581668468810308,-0.11,-0.18425));
#3081=CARTESIAN_POINT('',(0.581668468810308,-0.11,-0.18425));
#3082=CARTESIAN_POINT('',(0.594266468810307,-0.11,-0.18425));
#3083=CARTESIAN_POINT('',(0.581668468810308,-0.11,-0.18425));
#3084=CARTESIAN_POINT('',(0.599999,-0.11,-0.2));
#3085=CARTESIAN_POINT('',(0.594266468810307,-0.11,-0.18425));
#3086=CARTESIAN_POINT('',(-0.00573253118969239,-0.11,-0.2));
#3087=CARTESIAN_POINT('Origin',(0.775934937620616,-0.11,-0.2));
#3088=CARTESIAN_POINT('',(0.599999,8.53702498020082E-18,-0.2));
#3089=CARTESIAN_POINT('',(0.599999,-0.11,-0.2));
#3090=CARTESIAN_POINT('',(0.675935937620615,0.,-0.2));
#3091=CARTESIAN_POINT('',(0.775934937620616,0.,-0.2));
#3092=CARTESIAN_POINT('',(0.675935937620615,-0.11,-0.2));
#3093=CARTESIAN_POINT('Origin',(0.775934937620616,-0.11,-0.2));
#3094=CARTESIAN_POINT('',(0.775934937620616,1.28055374703012E-17,-0.2));
#3095=CARTESIAN_POINT('',(0.775934937620616,-0.11,-0.2));
#3096=CARTESIAN_POINT('',(0.699999,8.53702498020082E-18,-0.2));
#3097=CARTESIAN_POINT('',(0.699999,-0.11,-0.2));
#3098=CARTESIAN_POINT('',(0.775934937620616,0.,-0.2));
#3099=CARTESIAN_POINT('Origin',(0.787967468810307,-0.11,-0.184249999999999));
#3100=CARTESIAN_POINT('',(0.787967468810307,0.,-0.184249999999999));
#3101=CARTESIAN_POINT('',(0.787967468810307,-0.11,-0.184249999999999));
#3102=CARTESIAN_POINT('',(0.787967468810307,0.,-0.0157499999999996));
#3103=CARTESIAN_POINT('',(0.787967468810307,0.,-0.184249999999999));
#3104=CARTESIAN_POINT('',(0.787967468810307,-0.11,-0.0157499999999996));
#3105=CARTESIAN_POINT('Origin',(0.,-0.11,0.));
#3106=CARTESIAN_POINT('',(0.775934937620614,0.,0.));
#3107=CARTESIAN_POINT('',(0.775934937620614,-0.11,0.));
#3108=CARTESIAN_POINT('',(0.699999,8.53702498020082E-18,-8.00346091893827E-18));
#3109=CARTESIAN_POINT('',(0.,0.,0.));
#3110=CARTESIAN_POINT('',(0.699999,-0.11,0.));
#3111=CARTESIAN_POINT('Origin',(0.,-0.11,0.));
#3112=CARTESIAN_POINT('',(0.599999,4.26851249010041E-18,8.00346091893827E-18));
#3113=CARTESIAN_POINT('',(0.599999,-0.11,0.));
#3114=CARTESIAN_POINT('',(0.675935937620614,1.28055374703012E-17,2.62964922700971E-17));
#3115=CARTESIAN_POINT('',(0.675935937620615,-0.11,0.));
#3116=CARTESIAN_POINT('',(0.,0.,0.));
#3117=CARTESIAN_POINT('Origin',(0.,-0.11,0.));
#3118=CARTESIAN_POINT('',(0.499999,4.26851249010041E-18,7.46989685767572E-18));
#3119=CARTESIAN_POINT('',(0.499999,-0.11,0.));
#3120=CARTESIAN_POINT('',(0.575935937620615,1.28055374703012E-17,-7.54582349179176E-18));
#3121=CARTESIAN_POINT('',(0.575935937620615,-0.11,0.));
#3122=CARTESIAN_POINT('',(0.,0.,0.));
#3123=CARTESIAN_POINT('Origin',(0.,-0.11,0.));
#3124=CARTESIAN_POINT('',(0.399999,4.26851249010041E-18,7.46989685767572E-18));
#3125=CARTESIAN_POINT('',(0.399999,-0.11,0.));
#3126=CARTESIAN_POINT('',(0.475935937620615,1.28055374703012E-17,-4.80207655136296E-18));
#3127=CARTESIAN_POINT('',(0.475935937620615,-0.11,0.));
#3128=CARTESIAN_POINT('',(0.,0.,0.));
#3129=CARTESIAN_POINT('Origin',(0.,-0.11,0.));
#3130=CARTESIAN_POINT('',(0.299999,4.26851249010041E-18,-1.33391015315638E-18));
#3131=CARTESIAN_POINT('',(0.299999,-0.11,0.));
#3132=CARTESIAN_POINT('',(0.375935937620615,1.28055374703012E-17,-4.80207655136296E-18));
#3133=CARTESIAN_POINT('',(0.375935937620615,-0.11,0.));
#3134=CARTESIAN_POINT('',(0.,0.,0.));
#3135=CARTESIAN_POINT('Origin',(0.,-0.11,0.));
#3136=CARTESIAN_POINT('',(0.199999,4.26851249010041E-18,1.33391015315638E-18));
#3137=CARTESIAN_POINT('',(0.199999,-0.11,0.));
#3138=CARTESIAN_POINT('',(0.275935937620615,1.28055374703012E-17,1.60828484719926E-17));
#3139=CARTESIAN_POINT('',(0.275935937620615,-0.11,0.));
#3140=CARTESIAN_POINT('',(0.,0.,0.));
#3141=CARTESIAN_POINT('Origin',(0.,-0.11,0.));
#3142=CARTESIAN_POINT('',(0.0999990000000001,4.26851249010041E-18,1.33391015315638E-18));
#3143=CARTESIAN_POINT('',(0.0999990000000001,-0.11,0.));
#3144=CARTESIAN_POINT('',(0.175935937620615,1.28055374703012E-17,-4.80207655136296E-18));
#3145=CARTESIAN_POINT('',(0.175935937620615,-0.11,0.));
#3146=CARTESIAN_POINT('',(0.,0.,0.));
#3147=CARTESIAN_POINT('Origin',(0.,-0.11,0.));
#3148=CARTESIAN_POINT('',(0.,0.,5.33564061262551E-19));
#3149=CARTESIAN_POINT('',(0.,-0.11,0.));
#3150=CARTESIAN_POINT('',(0.0759359376206146,1.28055374703012E-17,1.75306485763231E-18));
#3151=CARTESIAN_POINT('',(0.0759359376206146,-0.11,0.));
#3152=CARTESIAN_POINT('',(0.,0.,0.));
#3153=CARTESIAN_POINT('Origin',(-0.0120325311896926,-0.11,-0.18425));
#3154=CARTESIAN_POINT('',(-0.0120325311896926,0.,-0.01575));
#3155=CARTESIAN_POINT('',(-0.0120325311896926,-0.11,-0.01575));
#3156=CARTESIAN_POINT('',(-0.0120325311896926,0.,-0.18425));
#3157=CARTESIAN_POINT('',(-0.0120325311896926,0.,-0.18425));
#3158=CARTESIAN_POINT('',(-0.0120325311896926,-0.11,-0.18425));
#3159=CARTESIAN_POINT('Origin',(0.775934937620616,-0.11,-0.2));
#3160=CARTESIAN_POINT('',(2.67449212658863E-16,0.,-0.2));
#3161=CARTESIAN_POINT('',(2.73184799366426E-16,-0.11,-0.2));
#3162=CARTESIAN_POINT('',(0.0759359376206146,0.,-0.2));
#3163=CARTESIAN_POINT('',(0.775934937620616,0.,-0.2));
#3164=CARTESIAN_POINT('',(0.0759359376206146,-0.11,-0.2));
#3165=CARTESIAN_POINT('Origin',(0.775934937620616,-0.11,-0.2));
#3166=CARTESIAN_POINT('',(0.0999990000000001,8.53702498020082E-18,-0.2));
#3167=CARTESIAN_POINT('',(0.0999990000000001,-0.11,-0.2));
#3168=CARTESIAN_POINT('',(0.175935937620615,0.,-0.2));
#3169=CARTESIAN_POINT('',(0.775934937620616,0.,-0.2));
#3170=CARTESIAN_POINT('',(0.175935937620615,-0.11,-0.2));
#3171=CARTESIAN_POINT('Origin',(0.775934937620616,-0.11,-0.2));
#3172=CARTESIAN_POINT('',(0.199999,8.53702498020082E-18,-0.2));
#3173=CARTESIAN_POINT('',(0.199999,-0.11,-0.2));
#3174=CARTESIAN_POINT('',(0.275935937620615,0.,-0.2));
#3175=CARTESIAN_POINT('',(0.775934937620616,0.,-0.2));
#3176=CARTESIAN_POINT('',(0.275935937620615,-0.11,-0.2));
#3177=CARTESIAN_POINT('Origin',(0.775934937620616,-0.11,-0.2));
#3178=CARTESIAN_POINT('',(0.299999,8.53702498020082E-18,-0.2));
#3179=CARTESIAN_POINT('',(0.299999,-0.11,-0.2));
#3180=CARTESIAN_POINT('',(0.375935937620615,0.,-0.2));
#3181=CARTESIAN_POINT('',(0.775934937620616,0.,-0.2));
#3182=CARTESIAN_POINT('',(0.375935937620615,-0.11,-0.2));
#3183=CARTESIAN_POINT('Origin',(0.775934937620616,-0.11,-0.2));
#3184=CARTESIAN_POINT('',(0.399999,8.53702498020082E-18,-0.2));
#3185=CARTESIAN_POINT('',(0.399999,-0.11,-0.2));
#3186=CARTESIAN_POINT('',(0.475935937620615,0.,-0.2));
#3187=CARTESIAN_POINT('',(0.775934937620616,0.,-0.2));
#3188=CARTESIAN_POINT('',(0.475935937620615,-0.11,-0.2));
#3189=CARTESIAN_POINT('Origin',(0.775934937620616,-0.11,-0.2));
#3190=CARTESIAN_POINT('',(0.499999,8.53702498020082E-18,-0.2));
#3191=CARTESIAN_POINT('',(0.499999,-0.11,-0.2));
#3192=CARTESIAN_POINT('',(0.575935937620615,0.,-0.2));
#3193=CARTESIAN_POINT('',(0.775934937620616,0.,-0.2));
#3194=CARTESIAN_POINT('',(0.575935937620615,-0.11,-0.2));
#3195=CARTESIAN_POINT('Origin',(-0.00573253118969239,0.,-0.18425));
#3196=CARTESIAN_POINT('',(0.694266468810307,4.26851249010041E-18,-0.18425));
#3197=CARTESIAN_POINT('',(0.699999,0.,-0.2));
#3198=CARTESIAN_POINT('',(0.681668468810308,0.,-0.18425));
#3199=CARTESIAN_POINT('',(0.681668468810308,0.,-0.18425));
#3200=CARTESIAN_POINT('',(0.681668468810308,0.,-0.18425));
#3201=CARTESIAN_POINT('',(0.594266468810307,4.26851249010041E-18,-0.18425));
#3202=CARTESIAN_POINT('',(0.599999,0.,-0.2));
#3203=CARTESIAN_POINT('',(0.581668468810308,0.,-0.18425));
#3204=CARTESIAN_POINT('',(0.581668468810308,0.,-0.18425));
#3205=CARTESIAN_POINT('',(0.581668468810308,0.,-0.18425));
#3206=CARTESIAN_POINT('',(0.494266468810307,4.26851249010041E-18,-0.18425));
#3207=CARTESIAN_POINT('',(0.499999,0.,-0.2));
#3208=CARTESIAN_POINT('',(0.481668468810307,0.,-0.18425));
#3209=CARTESIAN_POINT('',(0.481668468810307,0.,-0.18425));
#3210=CARTESIAN_POINT('',(0.481668468810307,0.,-0.18425));
#3211=CARTESIAN_POINT('',(0.394266468810307,4.26851249010041E-18,-0.18425));
#3212=CARTESIAN_POINT('',(0.399999,0.,-0.2));
#3213=CARTESIAN_POINT('',(0.381668468810307,0.,-0.18425));
#3214=CARTESIAN_POINT('',(0.381668468810307,0.,-0.18425));
#3215=CARTESIAN_POINT('',(0.381668468810307,0.,-0.18425));
#3216=CARTESIAN_POINT('',(0.294266468810307,4.26851249010041E-18,-0.18425));
#3217=CARTESIAN_POINT('',(0.299999,0.,-0.2));
#3218=CARTESIAN_POINT('',(0.281668468810307,0.,-0.18425));
#3219=CARTESIAN_POINT('',(0.281668468810307,0.,-0.18425));
#3220=CARTESIAN_POINT('',(0.281668468810307,0.,-0.18425));
#3221=CARTESIAN_POINT('',(0.194266468810307,4.26851249010041E-18,-0.18425));
#3222=CARTESIAN_POINT('',(0.199999,0.,-0.2));
#3223=CARTESIAN_POINT('',(0.181668468810307,0.,-0.18425));
#3224=CARTESIAN_POINT('',(0.181668468810307,0.,-0.18425));
#3225=CARTESIAN_POINT('',(0.181668468810307,0.,-0.18425));
#3226=CARTESIAN_POINT('',(0.0942664688103074,4.26851249010041E-18,-0.18425));
#3227=CARTESIAN_POINT('',(0.0999990000000001,0.,-0.2));
#3228=CARTESIAN_POINT('',(0.0816684688103074,0.,-0.18425));
#3229=CARTESIAN_POINT('',(0.0816684688103074,0.,-0.18425));
#3230=CARTESIAN_POINT('',(0.0816684688103074,0.,-0.18425));
#3231=CARTESIAN_POINT('',(-0.00573253118969239,0.,-0.18425));
#3232=CARTESIAN_POINT('',(2.24096905730272E-16,0.,-0.2));
#3233=CARTESIAN_POINT('',(-0.00573253118969239,0.,-0.18425));
#3234=CARTESIAN_POINT('',(-0.00573253118969264,0.,-0.01575));
#3235=CARTESIAN_POINT('',(-0.00573253118969239,0.,-0.01575));
#3236=CARTESIAN_POINT('',(-0.00573253118969264,0.,-0.01575));
#3237=CARTESIAN_POINT('',(0.0816684688103074,6.40276873515062E-18,-0.01575));
#3238=CARTESIAN_POINT('',(0.0759359376206146,0.,0.));
#3239=CARTESIAN_POINT('',(0.0942664688103074,4.26851249010041E-18,-0.01575));
#3240=CARTESIAN_POINT('',(0.0816684688103074,0.,-0.01575));
#3241=CARTESIAN_POINT('',(0.0942664688103074,0.,-0.01575));
#3242=CARTESIAN_POINT('',(0.181668468810307,6.40276873515062E-18,-0.01575));
#3243=CARTESIAN_POINT('',(0.175935937620615,0.,0.));
#3244=CARTESIAN_POINT('',(0.194266468810307,4.26851249010041E-18,-0.01575));
#3245=CARTESIAN_POINT('',(0.181668468810307,0.,-0.01575));
#3246=CARTESIAN_POINT('',(0.194266468810307,0.,-0.01575));
#3247=CARTESIAN_POINT('',(0.281668468810307,6.40276873515062E-18,-0.01575));
#3248=CARTESIAN_POINT('',(0.275935937620615,0.,0.));
#3249=CARTESIAN_POINT('',(0.294266468810307,4.26851249010041E-18,-0.01575));
#3250=CARTESIAN_POINT('',(0.281668468810307,0.,-0.01575));
#3251=CARTESIAN_POINT('',(0.294266468810307,0.,-0.01575));
#3252=CARTESIAN_POINT('',(0.381668468810307,6.40276873515062E-18,-0.01575));
#3253=CARTESIAN_POINT('',(0.375935937620615,0.,0.));
#3254=CARTESIAN_POINT('',(0.394266468810307,4.26851249010041E-18,-0.01575));
#3255=CARTESIAN_POINT('',(0.381668468810307,0.,-0.01575));
#3256=CARTESIAN_POINT('',(0.394266468810307,0.,-0.01575));
#3257=CARTESIAN_POINT('',(0.481668468810307,6.40276873515062E-18,-0.01575));
#3258=CARTESIAN_POINT('',(0.475935937620615,0.,0.));
#3259=CARTESIAN_POINT('',(0.494266468810307,4.26851249010041E-18,-0.01575));
#3260=CARTESIAN_POINT('',(0.481668468810307,0.,-0.01575));
#3261=CARTESIAN_POINT('',(0.494266468810307,0.,-0.01575));
#3262=CARTESIAN_POINT('',(0.581668468810307,6.40276873515062E-18,-0.01575));
#3263=CARTESIAN_POINT('',(0.575935937620615,0.,0.));
#3264=CARTESIAN_POINT('',(0.594266468810307,4.26851249010041E-18,-0.01575));
#3265=CARTESIAN_POINT('',(0.581668468810307,0.,-0.01575));
#3266=CARTESIAN_POINT('',(0.594266468810307,0.,-0.01575));
#3267=CARTESIAN_POINT('',(0.681668468810308,6.40276873515062E-18,-0.01575));
#3268=CARTESIAN_POINT('',(0.675935937620615,0.,0.));
#3269=CARTESIAN_POINT('',(0.694266468810307,4.26851249010041E-18,-0.01575));
#3270=CARTESIAN_POINT('',(0.681668468810308,0.,-0.01575));
#3271=CARTESIAN_POINT('',(0.694266468810307,0.,-0.01575));
#3272=CARTESIAN_POINT('',(0.781667468810308,0.,-0.0157499999999996));
#3273=CARTESIAN_POINT('',(0.775934937620614,0.,0.));
#3274=CARTESIAN_POINT('',(-0.00573253118969239,0.,-0.0157499999999996));
#3275=CARTESIAN_POINT('',(0.781667468810308,1.28055374703012E-17,-0.184249999999999));
#3276=CARTESIAN_POINT('',(-0.00573253118969239,0.,-0.184249999999999));
#3277=CARTESIAN_POINT('',(0.781667468810308,0.,-0.184249999999999));
#3278=CARTESIAN_POINT('Origin',(0.594266468810307,-0.11,-0.18425));
#3279=CARTESIAN_POINT('',(0.594266468810307,-0.11,-0.18425));
#3280=CARTESIAN_POINT('Origin',(0.681668468810308,-0.11,-0.18425));
#3281=CARTESIAN_POINT('',(0.681668468810308,-0.11,-0.18425));
#3282=CARTESIAN_POINT('Origin',(0.775934937620616,-0.11,-0.2));
#3283=CARTESIAN_POINT('',(0.781667468810308,-0.11,-0.184249999999999));
#3284=CARTESIAN_POINT('Origin',(0.694266468810307,-0.11,-0.18425));
#3285=CARTESIAN_POINT('',(0.694266468810307,-0.11,-0.18425));
#3286=CARTESIAN_POINT('Origin',(0.787967468810307,-0.11,-0.184249999999999));
#3287=CARTESIAN_POINT('Origin',(0.787967468810307,-0.11,-0.0157499999999996));
#3288=CARTESIAN_POINT('',(0.781667468810308,-0.11,-0.0157499999999996));
#3289=CARTESIAN_POINT('Origin',(0.775934937620614,-0.11,0.));
#3290=CARTESIAN_POINT('Origin',(0.694266468810307,-0.11,-0.01575));
#3291=CARTESIAN_POINT('',(0.694266468810307,-0.11,-0.01575));
#3292=CARTESIAN_POINT('Origin',(0.594266468810307,-0.11,-0.01575));
#3293=CARTESIAN_POINT('',(0.594266468810307,-0.11,-0.01575));
#3294=CARTESIAN_POINT('Origin',(0.681668468810308,-0.11,-0.01575));
#3295=CARTESIAN_POINT('',(0.681668468810308,-0.11,-0.01575));
#3296=CARTESIAN_POINT('Origin',(0.494266468810307,-0.11,-0.01575));
#3297=CARTESIAN_POINT('',(0.494266468810307,-0.11,-0.01575));
#3298=CARTESIAN_POINT('Origin',(0.581668468810307,-0.11,-0.01575));
#3299=CARTESIAN_POINT('',(0.581668468810307,-0.11,-0.01575));
#3300=CARTESIAN_POINT('Origin',(0.394266468810307,-0.11,-0.01575));
#3301=CARTESIAN_POINT('',(0.394266468810307,-0.11,-0.01575));
#3302=CARTESIAN_POINT('Origin',(0.481668468810307,-0.11,-0.01575));
#3303=CARTESIAN_POINT('',(0.481668468810307,-0.11,-0.01575));
#3304=CARTESIAN_POINT('Origin',(0.294266468810307,-0.11,-0.01575));
#3305=CARTESIAN_POINT('',(0.294266468810307,-0.11,-0.01575));
#3306=CARTESIAN_POINT('Origin',(0.381668468810307,-0.11,-0.01575));
#3307=CARTESIAN_POINT('',(0.381668468810307,-0.11,-0.01575));
#3308=CARTESIAN_POINT('Origin',(0.194266468810307,-0.11,-0.01575));
#3309=CARTESIAN_POINT('',(0.194266468810307,-0.11,-0.01575));
#3310=CARTESIAN_POINT('Origin',(0.281668468810307,-0.11,-0.01575));
#3311=CARTESIAN_POINT('',(0.281668468810307,-0.11,-0.01575));
#3312=CARTESIAN_POINT('Origin',(0.0942664688103074,-0.11,-0.01575));
#3313=CARTESIAN_POINT('',(0.0942664688103074,-0.11,-0.01575));
#3314=CARTESIAN_POINT('Origin',(0.181668468810307,-0.11,-0.01575));
#3315=CARTESIAN_POINT('',(0.181668468810307,-0.11,-0.01575));
#3316=CARTESIAN_POINT('Origin',(0.,-0.11,0.));
#3317=CARTESIAN_POINT('',(-0.00573253118969264,-0.11,-0.01575));
#3318=CARTESIAN_POINT('Origin',(0.0816684688103074,-0.11,-0.01575));
#3319=CARTESIAN_POINT('',(0.0816684688103074,-0.11,-0.01575));
#3320=CARTESIAN_POINT('Origin',(-0.0120325311896926,-0.11,-0.01575));
#3321=CARTESIAN_POINT('Origin',(-0.0120325311896926,-0.11,-0.18425));
#3322=CARTESIAN_POINT('',(-0.00573253118969239,-0.11,-0.18425));
#3323=CARTESIAN_POINT('Origin',(2.23955320176512E-16,-0.11,-0.2));
#3324=CARTESIAN_POINT('Origin',(0.0816684688103074,-0.11,-0.18425));
#3325=CARTESIAN_POINT('',(0.0816684688103074,-0.11,-0.18425));
#3326=CARTESIAN_POINT('Origin',(0.0942664688103074,-0.11,-0.18425));
#3327=CARTESIAN_POINT('',(0.0942664688103074,-0.11,-0.18425));
#3328=CARTESIAN_POINT('Origin',(0.181668468810307,-0.11,-0.18425));
#3329=CARTESIAN_POINT('',(0.181668468810307,-0.11,-0.18425));
#3330=CARTESIAN_POINT('Origin',(0.194266468810307,-0.11,-0.18425));
#3331=CARTESIAN_POINT('',(0.194266468810307,-0.11,-0.18425));
#3332=CARTESIAN_POINT('Origin',(0.281668468810307,-0.11,-0.18425));
#3333=CARTESIAN_POINT('',(0.281668468810307,-0.11,-0.18425));
#3334=CARTESIAN_POINT('Origin',(0.294266468810307,-0.11,-0.18425));
#3335=CARTESIAN_POINT('',(0.294266468810307,-0.11,-0.18425));
#3336=CARTESIAN_POINT('Origin',(0.381668468810307,-0.11,-0.18425));
#3337=CARTESIAN_POINT('',(0.381668468810307,-0.11,-0.18425));
#3338=CARTESIAN_POINT('Origin',(0.394266468810307,-0.11,-0.18425));
#3339=CARTESIAN_POINT('',(0.394266468810307,-0.11,-0.18425));
#3340=CARTESIAN_POINT('Origin',(0.481668468810307,-0.11,-0.18425));
#3341=CARTESIAN_POINT('',(0.481668468810307,-0.11,-0.18425));
#3342=CARTESIAN_POINT('Origin',(0.494266468810307,-0.11,-0.18425));
#3343=CARTESIAN_POINT('',(0.494266468810307,-0.11,-0.18425));
#3344=CARTESIAN_POINT('Origin',(0.581668468810308,-0.11,-0.18425));
#3345=CARTESIAN_POINT('',(0.581668468810308,-0.11,-0.18425));
#3346=CARTESIAN_POINT('Origin',(0.581668468810308,-0.11,-0.18425));
#3347=CARTESIAN_POINT('Origin',(0.681668468810308,-0.11,-0.18425));
#3348=CARTESIAN_POINT('Origin',(0.681668468810308,-0.11,-0.01575));
#3349=CARTESIAN_POINT('Origin',(0.581668468810307,-0.11,-0.01575));
#3350=CARTESIAN_POINT('Origin',(0.481668468810307,-0.11,-0.01575));
#3351=CARTESIAN_POINT('Origin',(0.381668468810307,-0.11,-0.01575));
#3352=CARTESIAN_POINT('Origin',(0.281668468810307,-0.11,-0.01575));
#3353=CARTESIAN_POINT('Origin',(0.181668468810307,-0.11,-0.01575));
#3354=CARTESIAN_POINT('Origin',(0.0816684688103074,-0.11,-0.01575));
#3355=CARTESIAN_POINT('Origin',(0.0816684688103074,-0.11,-0.18425));
#3356=CARTESIAN_POINT('Origin',(0.181668468810307,-0.11,-0.18425));
#3357=CARTESIAN_POINT('Origin',(0.281668468810307,-0.11,-0.18425));
#3358=CARTESIAN_POINT('Origin',(0.381668468810307,-0.11,-0.18425));
#3359=CARTESIAN_POINT('Origin',(0.481668468810307,-0.11,-0.18425));
#3360=CARTESIAN_POINT('',(0.,0.,0.));
#3361=CARTESIAN_POINT('Origin',(0.245100000000001,-1.36592399683213E-18,
-5.46369598732853E-18));
#3362=CARTESIAN_POINT('',(0.245100000000001,-2.55951181021797E-18,-0.0209));
#3363=CARTESIAN_POINT('',(0.245100000000001,0.0209,-2.90418417711056E-18));
#3364=CARTESIAN_POINT('Origin',(0.245100000000001,0.,0.));
#3365=CARTESIAN_POINT('Origin',(0.245100000000001,0.,0.));
#3366=CARTESIAN_POINT('',(0.266000000000001,-8.61680917231482E-20,-5.46369598732853E-18));
#3367=CARTESIAN_POINT('Origin',(0.245100000000001,-1.36592399683213E-18,
-5.46369598732853E-18));
#3368=CARTESIAN_POINT('Origin',(0.0660000000000011,1.70740499604016E-17,
-4.56730836440744E-18));
#3369=CARTESIAN_POINT('',(0.0660000000000011,1.60331001811264E-17,-0.0085000000000002));
#3370=CARTESIAN_POINT('Origin',(0.0660000000000011,0.,0.));
#3371=CARTESIAN_POINT('',(0.0690000000000011,1.68905703227184E-17,-0.0115000000000002));
#3372=CARTESIAN_POINT('Origin',(0.0660000000000011,1.56657061413822E-17,
-0.0115000000000002));
#3373=CARTESIAN_POINT('Origin',(0.0690000000000011,1.8838220399545E-18,
0.));
#3374=CARTESIAN_POINT('Origin',(0.,0.,0.));
#3375=CARTESIAN_POINT('',(0.175000000000001,-2.55951181021797E-18,-0.0209));
#3376=CARTESIAN_POINT('Origin',(0.175000000000001,0.,0.));
#3377=CARTESIAN_POINT('',(0.,-2.55951181021797E-18,-0.0209));
#3378=CARTESIAN_POINT('Origin',(0.172000000004824,0.,0.));
#3379=CARTESIAN_POINT('',(0.17199999999785,-3.55147571765948E-18,-0.0290000000010792));
#3380=CARTESIAN_POINT('Origin',(0.17199999999811,0.,0.));
#3381=CARTESIAN_POINT('',(0.175000000001278,-3.33936066982042E-18,-0.0272679491927421));
#3382=CARTESIAN_POINT('',(0.172000000004824,-3.55147571716643E-18,-0.028999999997053));
#3383=CARTESIAN_POINT('Origin',(0.175000000001278,0.,0.));
#3384=CARTESIAN_POINT('Origin',(0.,0.,0.));
#3385=CARTESIAN_POINT('',(0.124196152422697,-3.55147571752732E-18,-0.029));
#3386=CARTESIAN_POINT('Origin',(0.124196152422697,0.,0.));
#3387=CARTESIAN_POINT('',(0.,-3.55147571752732E-18,-0.029));
#3388=CARTESIAN_POINT('Origin',(0.113000000005186,0.,0.));
#3389=CARTESIAN_POINT('',(0.11300000000071,-3.91886975717138E-18,-0.0319999999991822));
#3390=CARTESIAN_POINT('Origin',(0.11300000000071,0.,0.));
#3391=CARTESIAN_POINT('',(0.113000000005186,-3.91886975702451E-18,-0.0319999999979829));
#3392=CARTESIAN_POINT('Origin',(0.,0.,0.));
#3393=CARTESIAN_POINT('',(0.0850000000000011,-3.73517273739943E-18,-0.0305));
#3394=CARTESIAN_POINT('Origin',(0.0850000000000011,0.,0.));
#3395=CARTESIAN_POINT('',(0.113000000000001,-3.73517273739943E-18,-0.0305));
#3396=CARTESIAN_POINT('',(0.,-3.73517273739943E-18,-0.0305));
#3397=CARTESIAN_POINT('Origin',(0.113000000000001,0.,0.));
#3398=CARTESIAN_POINT('Origin',(0.,0.,0.));
#3399=CARTESIAN_POINT('',(0.0690000000000011,-4.40872847693047E-18,-0.036));
#3400=CARTESIAN_POINT('Origin',(0.0690000000000011,0.,0.));
#3401=CARTESIAN_POINT('',(0.0850000000000011,-4.40872847693047E-18,-0.036));
#3402=CARTESIAN_POINT('',(0.,-4.40872847693047E-18,-0.036));
#3403=CARTESIAN_POINT('Origin',(0.0850000000000011,0.,0.));
#3404=CARTESIAN_POINT('Origin',(0.,0.,0.));
#3405=CARTESIAN_POINT('',(0.00850000000000019,0.0085000000000002,-1.00793621597292E-18));
#3406=CARTESIAN_POINT('',(0.00850000000000019,-1.04094977927527E-18,-0.0085000000000002));
#3407=CARTESIAN_POINT('Origin',(0.00850000000000019,0.,0.));
#3408=CARTESIAN_POINT('',(0.,-1.04094977927527E-18,-0.0085000000000002));
#3409=CARTESIAN_POINT('Origin',(0.00850000000000019,0.,0.));
#3410=CARTESIAN_POINT('Origin',(0.175000000000001,0.0272679491924311,0.));
#3411=CARTESIAN_POINT('Origin',(0.113000000000001,0.0305,0.));
#3412=CARTESIAN_POINT('Origin',(0.0850000000000011,0.036,0.));
#3413=CARTESIAN_POINT('Origin',(0.0690000000000011,0.036,0.));
#3414=CARTESIAN_POINT('Origin',(0.00850000000000019,-3.41480999208033E-18,
-2.0488859952482E-18));
#3415=CARTESIAN_POINT('',(1.36592399683213E-18,-2.89433510244269E-18,-2.0488859952482E-18));
#3416=CARTESIAN_POINT('Origin',(0.00850000000000019,-3.41480999208033E-18,
-2.0488859952482E-18));
#3417=CARTESIAN_POINT('',(0.737967468810307,-0.195000000000001,-0.0500000000000003));
#3418=CARTESIAN_POINT('',(0.,0.,0.));
#3419=CARTESIAN_POINT('',(0.137967468810307,-0.195000000000001,-0.15));
#3420=CARTESIAN_POINT('',(0.137967468810307,-0.195000000000001,-0.0500000000000001));
#3421=CARTESIAN_POINT('',(0.337967468810307,-0.195000000000001,-0.15));
#3422=CARTESIAN_POINT('',(0.537967468810307,-0.195000000000001,-0.15));
#3423=CARTESIAN_POINT('',(0.437967468810307,-0.195000000000001,-0.15));
#3424=CARTESIAN_POINT('',(0.0379674688103068,-0.195000000000001,-0.05));
#3425=CARTESIAN_POINT('',(0.637967468810307,-0.195000000000001,-0.15));
#3426=CARTESIAN_POINT('',(0.737967468810307,-0.195000000000001,-0.15));
#3427=CARTESIAN_POINT('',(0.237967468810307,-0.195000000000001,-0.15));
#3428=CARTESIAN_POINT('',(0.0379674688103069,-0.195000000000001,-0.15));
#3429=CARTESIAN_POINT('',(0.437967468810307,-0.195000000000001,-0.0499999999999999));
#3430=CARTESIAN_POINT('',(0.537967468810307,-0.195000000000001,-0.05));
#3431=CARTESIAN_POINT('',(0.637967468810307,-0.195000000000001,-0.0499999999999999));
#3432=CARTESIAN_POINT('',(0.337967468810307,-0.195000000000001,-0.0500000000000001));
#3433=CARTESIAN_POINT('',(0.237967468810307,-0.195000000000001,-0.05));
#3434=CARTESIAN_POINT('',(-0.0500000000000001,0.0379674688103069,0.126));
#3435=UNCERTAINTY_MEASURE_WITH_UNIT(LENGTH_MEASURE(0.000393700787401575),
#3446,'DISTANCE_ACCURACY_VALUE',
'Maximum model space distance between geometric entities at asserted c
onnectivities');
#3436=UNCERTAINTY_MEASURE_WITH_UNIT(LENGTH_MEASURE(0.000393700787401575),
#3446,'DISTANCE_ACCURACY_VALUE',
'Maximum model space distance between geometric entities at asserted c
onnectivities');
#3437=UNCERTAINTY_MEASURE_WITH_UNIT(LENGTH_MEASURE(0.000393700787401575),
#3446,'DISTANCE_ACCURACY_VALUE',
'Maximum model space distance between geometric entities at asserted c
onnectivities');
#3438=UNCERTAINTY_MEASURE_WITH_UNIT(LENGTH_MEASURE(0.000393700787401575),
#3446,'DISTANCE_ACCURACY_VALUE',
'Maximum model space distance between geometric entities at asserted c
onnectivities');
#3439=UNCERTAINTY_MEASURE_WITH_UNIT(LENGTH_MEASURE(0.000393700787401575),
#3446,'DISTANCE_ACCURACY_VALUE',
'Maximum model space distance between geometric entities at asserted c
onnectivities');
#3440=(
GEOMETRIC_REPRESENTATION_CONTEXT(3)
GLOBAL_UNCERTAINTY_ASSIGNED_CONTEXT((#3435))
GLOBAL_UNIT_ASSIGNED_CONTEXT((#3446,#3450,#3451))
REPRESENTATION_CONTEXT('','3D')
);
#3441=(
GEOMETRIC_REPRESENTATION_CONTEXT(3)
GLOBAL_UNCERTAINTY_ASSIGNED_CONTEXT((#3436))
GLOBAL_UNIT_ASSIGNED_CONTEXT((#3446,#3450,#3451))
REPRESENTATION_CONTEXT('','3D')
);
#3442=(
GEOMETRIC_REPRESENTATION_CONTEXT(3)
GLOBAL_UNCERTAINTY_ASSIGNED_CONTEXT((#3437))
GLOBAL_UNIT_ASSIGNED_CONTEXT((#3446,#3450,#3451))
REPRESENTATION_CONTEXT('','3D')
);
#3443=(
GEOMETRIC_REPRESENTATION_CONTEXT(3)
GLOBAL_UNCERTAINTY_ASSIGNED_CONTEXT((#3438))
GLOBAL_UNIT_ASSIGNED_CONTEXT((#3446,#3450,#3451))
REPRESENTATION_CONTEXT('','3D')
);
#3444=(
GEOMETRIC_REPRESENTATION_CONTEXT(3)
GLOBAL_UNCERTAINTY_ASSIGNED_CONTEXT((#3439))
GLOBAL_UNIT_ASSIGNED_CONTEXT((#3446,#3450,#3451))
REPRESENTATION_CONTEXT('','3D')
);
#3445=DIMENSIONAL_EXPONENTS(1.,0.,0.,0.,0.,0.,0.);
#3446=(
CONVERSION_BASED_UNIT('inch',#3449)
LENGTH_UNIT()
NAMED_UNIT(#3445)
);
#3447=(
LENGTH_UNIT()
NAMED_UNIT(*)
SI_UNIT(.MILLI.,.METRE.)
);
#3448=(
LENGTH_UNIT()
NAMED_UNIT(*)
SI_UNIT($,.METRE.)
);
#3449=LENGTH_MEASURE_WITH_UNIT(LENGTH_MEASURE(25.4),#3447);
#3450=(
NAMED_UNIT(*)
PLANE_ANGLE_UNIT()
SI_UNIT($,.RADIAN.)
);
#3451=(
NAMED_UNIT(*)
SI_UNIT($,.STERADIAN.)
SOLID_ANGLE_UNIT()
);
#3452=SHAPE_DEFINITION_REPRESENTATION(#3456,#3478);
#3453=SHAPE_DEFINITION_REPRESENTATION(#3457,#3479);
#3454=SHAPE_DEFINITION_REPRESENTATION(#3458,#3480);
#3455=SHAPE_DEFINITION_REPRESENTATION(#3459,#3481);
#3456=PRODUCT_DEFINITION_SHAPE('',$,#3483);
#3457=PRODUCT_DEFINITION_SHAPE('',$,#3484);
#3458=PRODUCT_DEFINITION_SHAPE('',$,#3485);
#3459=PRODUCT_DEFINITION_SHAPE('',$,#3486);
#3460=PRODUCT_DEFINITION_SHAPE($,$,#65);
#3461=PRODUCT_DEFINITION_SHAPE($,$,#66);
#3462=PRODUCT_DEFINITION_SHAPE($,$,#67);
#3463=PRODUCT_DEFINITION_SHAPE($,$,#68);
#3464=PRODUCT_DEFINITION_SHAPE($,$,#69);
#3465=PRODUCT_DEFINITION_SHAPE($,$,#70);
#3466=PRODUCT_DEFINITION_SHAPE($,$,#71);
#3467=PRODUCT_DEFINITION_SHAPE($,$,#72);
#3468=PRODUCT_DEFINITION_SHAPE($,$,#73);
#3469=PRODUCT_DEFINITION_SHAPE($,$,#74);
#3470=PRODUCT_DEFINITION_SHAPE($,$,#75);
#3471=PRODUCT_DEFINITION_SHAPE($,$,#76);
#3472=PRODUCT_DEFINITION_SHAPE($,$,#77);
#3473=PRODUCT_DEFINITION_SHAPE($,$,#78);
#3474=PRODUCT_DEFINITION_SHAPE($,$,#79);
#3475=PRODUCT_DEFINITION_SHAPE($,$,#80);
#3476=PRODUCT_DEFINITION_SHAPE($,$,#81);
#3477=PRODUCT_DEFINITION_SHAPE($,$,#82);
#3478=SHAPE_REPRESENTATION('',(#2108,#2279),#3440);
#3479=SHAPE_REPRESENTATION('',(#2109,#2262,#2263,#2264,#2265,#2266,#2267,
#2268,#2269,#2270,#2271,#2272,#2273,#2274,#2275,#2276,#2277,#2278),#3441);
#3480=SHAPE_REPRESENTATION('',(#2110),#3442);
#3481=SHAPE_REPRESENTATION('',(#2229),#3443);
#3482=PRODUCT_DEFINITION_CONTEXT('part definition',#3496,'design');
#3483=PRODUCT_DEFINITION('823-22-016-10-002101','(Unsaved)',#3487,#3482);
#3484=PRODUCT_DEFINITION('2026-09-23-09-54-27-505',
'823-22-016-10-002101',#3488,#3482);
#3485=PRODUCT_DEFINITION('P4XX-28-010-00-090000_P416-28-010-00-090000',
'P4XX-28-010-00-090000_P416-28-010-00-090000',#3489,#3482);
#3486=PRODUCT_DEFINITION('0906_default','0906_default',#3490,#3482);
#3487=PRODUCT_DEFINITION_FORMATION('',$,#3498);
#3488=PRODUCT_DEFINITION_FORMATION('',$,#3499);
#3489=PRODUCT_DEFINITION_FORMATION('',$,#3500);
#3490=PRODUCT_DEFINITION_FORMATION('',$,#3501);
#3491=PRODUCT_RELATED_PRODUCT_CATEGORY('(Unsaved)','(Unsaved)',(#3498));
#3492=PRODUCT_RELATED_PRODUCT_CATEGORY('823-22-016-10-002101',
'823-22-016-10-002101',(#3499));
#3493=PRODUCT_RELATED_PRODUCT_CATEGORY(
'P4XX-28-010-00-090000_P416-28-010-00-090000',
'P4XX-28-010-00-090000_P416-28-010-00-090000',(#3500));
#3494=PRODUCT_RELATED_PRODUCT_CATEGORY('0906_default','0906_default',(#3501));
#3495=APPLICATION_PROTOCOL_DEFINITION('international standard',
'automotive_design',2009,#3496);
#3496=APPLICATION_CONTEXT(
'Core Data for Automotive Mechanical Design Process');
#3497=PRODUCT_CONTEXT('part definition',#3496,'mechanical');
#3498=PRODUCT('823-22-016-10-002101','(Unsaved)','STEP AP214',(#3497));
#3499=PRODUCT('2026-09-23-09-54-27-505','823-22-016-10-002101',$,(#3497));
#3500=PRODUCT('P4XX-28-010-00-090000_P416-28-010-00-090000',
'P4XX-28-010-00-090000_P416-28-010-00-090000',$,(#3497));
#3501=PRODUCT('0906_default','0906_default',$,(#3497));
#3502=PRESENTATION_STYLE_ASSIGNMENT((#3505));
#3503=PRESENTATION_STYLE_ASSIGNMENT((#3506));
#3504=PRESENTATION_STYLE_ASSIGNMENT((#3507));
#3505=SURFACE_STYLE_USAGE(.BOTH.,#3508);
#3506=SURFACE_STYLE_USAGE(.BOTH.,#3509);
#3507=SURFACE_STYLE_USAGE(.BOTH.,#3510);
#3508=SURFACE_SIDE_STYLE('',(#3511));
#3509=SURFACE_SIDE_STYLE('',(#3512));
#3510=SURFACE_SIDE_STYLE('',(#3513));
#3511=SURFACE_STYLE_FILL_AREA(#3514);
#3512=SURFACE_STYLE_FILL_AREA(#3515);
#3513=SURFACE_STYLE_FILL_AREA(#3516);
#3514=FILL_AREA_STYLE('Steel - Satin',(#3517));
#3515=FILL_AREA_STYLE('Opaque(126,126,126)',(#3518));
#3516=FILL_AREA_STYLE('Opaque(255,206,127)',(#3519));
#3517=FILL_AREA_STYLE_COLOUR('Steel - Satin',#3520);
#3518=FILL_AREA_STYLE_COLOUR('Opaque(126,126,126)',#3521);
#3519=FILL_AREA_STYLE_COLOUR('Opaque(255,206,127)',#3522);
#3520=COLOUR_RGB('Steel - Satin',0.627450980392157,0.627450980392157,0.627450980392157);
#3521=COLOUR_RGB('Opaque(126,126,126)',0.494117647058824,0.494117647058824,
0.494117647058824);
#3522=COLOUR_RGB('Opaque(255,206,127)',1.,0.807843137254902,0.498039215686275);
ENDSEC;
END-ISO-10303-21;
