ISO-10303-21;
HEADER;
/* Generated by software containing ST-Developer
 * from STEP Tools, Inc. (www.steptools.com) 
 */

FILE_DESCRIPTION(
/* description */ (''),
/* implementation_level */ '2;1');

FILE_NAME(
/* name */ 'mill-max-419-10-214-00-001000.step',
/* time_stamp */ '2026-09-13T02:53:38+01:00',
/* author */ (''),
/* organization */ (''),
/* preprocessor_version */ 'ST-DEVELOPER v20.1',
/* originating_system */ 'Autodesk Translation Framework v15.8.0.0',
/* authorisation */ '');

FILE_SCHEMA (('AUTOMOTIVE_DESIGN { 1 0 10303 214 3 1 1 }'));
ENDSEC;

DATA;
#10=MECHANICAL_DESIGN_GEOMETRIC_PRESENTATION_REPRESENTATION('',(#83,#84),
#3651);
#11=ITEM_DEFINED_TRANSFORMATION($,$,#2364,#2391);
#12=ITEM_DEFINED_TRANSFORMATION($,$,#2364,#2392);
#13=ITEM_DEFINED_TRANSFORMATION($,$,#2203,#2393);
#14=ITEM_DEFINED_TRANSFORMATION($,$,#2364,#2394);
#15=ITEM_DEFINED_TRANSFORMATION($,$,#2364,#2395);
#16=ITEM_DEFINED_TRANSFORMATION($,$,#2364,#2396);
#17=ITEM_DEFINED_TRANSFORMATION($,$,#2364,#2397);
#18=ITEM_DEFINED_TRANSFORMATION($,$,#2364,#2398);
#19=ITEM_DEFINED_TRANSFORMATION($,$,#2364,#2399);
#20=ITEM_DEFINED_TRANSFORMATION($,$,#2364,#2400);
#21=ITEM_DEFINED_TRANSFORMATION($,$,#2364,#2401);
#22=ITEM_DEFINED_TRANSFORMATION($,$,#2364,#2402);
#23=ITEM_DEFINED_TRANSFORMATION($,$,#2364,#2403);
#24=ITEM_DEFINED_TRANSFORMATION($,$,#2364,#2404);
#25=ITEM_DEFINED_TRANSFORMATION($,$,#2364,#2405);
#26=ITEM_DEFINED_TRANSFORMATION($,$,#2202,#2406);
#27=(
REPRESENTATION_RELATIONSHIP($,$,#3686,#3684)
REPRESENTATION_RELATIONSHIP_WITH_TRANSFORMATION(#11)
SHAPE_REPRESENTATION_RELATIONSHIP()
);
#28=(
REPRESENTATION_RELATIONSHIP($,$,#3686,#3684)
REPRESENTATION_RELATIONSHIP_WITH_TRANSFORMATION(#12)
SHAPE_REPRESENTATION_RELATIONSHIP()
);
#29=(
REPRESENTATION_RELATIONSHIP($,$,#3685,#3684)
REPRESENTATION_RELATIONSHIP_WITH_TRANSFORMATION(#13)
SHAPE_REPRESENTATION_RELATIONSHIP()
);
#30=(
REPRESENTATION_RELATIONSHIP($,$,#3686,#3684)
REPRESENTATION_RELATIONSHIP_WITH_TRANSFORMATION(#14)
SHAPE_REPRESENTATION_RELATIONSHIP()
);
#31=(
REPRESENTATION_RELATIONSHIP($,$,#3686,#3684)
REPRESENTATION_RELATIONSHIP_WITH_TRANSFORMATION(#15)
SHAPE_REPRESENTATION_RELATIONSHIP()
);
#32=(
REPRESENTATION_RELATIONSHIP($,$,#3686,#3684)
REPRESENTATION_RELATIONSHIP_WITH_TRANSFORMATION(#16)
SHAPE_REPRESENTATION_RELATIONSHIP()
);
#33=(
REPRESENTATION_RELATIONSHIP($,$,#3686,#3684)
REPRESENTATION_RELATIONSHIP_WITH_TRANSFORMATION(#17)
SHAPE_REPRESENTATION_RELATIONSHIP()
);
#34=(
REPRESENTATION_RELATIONSHIP($,$,#3686,#3684)
REPRESENTATION_RELATIONSHIP_WITH_TRANSFORMATION(#18)
SHAPE_REPRESENTATION_RELATIONSHIP()
);
#35=(
REPRESENTATION_RELATIONSHIP($,$,#3686,#3684)
REPRESENTATION_RELATIONSHIP_WITH_TRANSFORMATION(#19)
SHAPE_REPRESENTATION_RELATIONSHIP()
);
#36=(
REPRESENTATION_RELATIONSHIP($,$,#3686,#3684)
REPRESENTATION_RELATIONSHIP_WITH_TRANSFORMATION(#20)
SHAPE_REPRESENTATION_RELATIONSHIP()
);
#37=(
REPRESENTATION_RELATIONSHIP($,$,#3686,#3684)
REPRESENTATION_RELATIONSHIP_WITH_TRANSFORMATION(#21)
SHAPE_REPRESENTATION_RELATIONSHIP()
);
#38=(
REPRESENTATION_RELATIONSHIP($,$,#3686,#3684)
REPRESENTATION_RELATIONSHIP_WITH_TRANSFORMATION(#22)
SHAPE_REPRESENTATION_RELATIONSHIP()
);
#39=(
REPRESENTATION_RELATIONSHIP($,$,#3686,#3684)
REPRESENTATION_RELATIONSHIP_WITH_TRANSFORMATION(#23)
SHAPE_REPRESENTATION_RELATIONSHIP()
);
#40=(
REPRESENTATION_RELATIONSHIP($,$,#3686,#3684)
REPRESENTATION_RELATIONSHIP_WITH_TRANSFORMATION(#24)
SHAPE_REPRESENTATION_RELATIONSHIP()
);
#41=(
REPRESENTATION_RELATIONSHIP($,$,#3686,#3684)
REPRESENTATION_RELATIONSHIP_WITH_TRANSFORMATION(#25)
SHAPE_REPRESENTATION_RELATIONSHIP()
);
#42=(
REPRESENTATION_RELATIONSHIP($,$,#3684,#3683)
REPRESENTATION_RELATIONSHIP_WITH_TRANSFORMATION(#26)
SHAPE_REPRESENTATION_RELATIONSHIP()
);
#43=CONTEXT_DEPENDENT_SHAPE_REPRESENTATION(#27,#3667);
#44=CONTEXT_DEPENDENT_SHAPE_REPRESENTATION(#28,#3668);
#45=CONTEXT_DEPENDENT_SHAPE_REPRESENTATION(#29,#3669);
#46=CONTEXT_DEPENDENT_SHAPE_REPRESENTATION(#30,#3670);
#47=CONTEXT_DEPENDENT_SHAPE_REPRESENTATION(#31,#3671);
#48=CONTEXT_DEPENDENT_SHAPE_REPRESENTATION(#32,#3672);
#49=CONTEXT_DEPENDENT_SHAPE_REPRESENTATION(#33,#3673);
#50=CONTEXT_DEPENDENT_SHAPE_REPRESENTATION(#34,#3674);
#51=CONTEXT_DEPENDENT_SHAPE_REPRESENTATION(#35,#3675);
#52=CONTEXT_DEPENDENT_SHAPE_REPRESENTATION(#36,#3676);
#53=CONTEXT_DEPENDENT_SHAPE_REPRESENTATION(#37,#3677);
#54=CONTEXT_DEPENDENT_SHAPE_REPRESENTATION(#38,#3678);
#55=CONTEXT_DEPENDENT_SHAPE_REPRESENTATION(#39,#3679);
#56=CONTEXT_DEPENDENT_SHAPE_REPRESENTATION(#40,#3680);
#57=CONTEXT_DEPENDENT_SHAPE_REPRESENTATION(#41,#3681);
#58=CONTEXT_DEPENDENT_SHAPE_REPRESENTATION(#42,#3682);
#59=NEXT_ASSEMBLY_USAGE_OCCURRENCE('1942:14','1942:14','1942:14',#3689,
#3691,'1942:14');
#60=NEXT_ASSEMBLY_USAGE_OCCURRENCE('1942:13','1942:13','1942:13',#3689,
#3691,'1942:13');
#61=NEXT_ASSEMBLY_USAGE_OCCURRENCE(
'P4XX-21-010-00-000000_P414-21-010-00-000000:1',
'P4XX-21-010-00-000000_P414-21-010-00-000000:1',
'P4XX-21-010-00-000000_P414-21-010-00-000000:1',#3689,#3690,
'P4XX-21-010-00-000000_P414-21-010-00-000000:1');
#62=NEXT_ASSEMBLY_USAGE_OCCURRENCE('1942:2','1942:2','1942:2',#3689,#3691,
'1942:2');
#63=NEXT_ASSEMBLY_USAGE_OCCURRENCE('1942:4','1942:4','1942:4',#3689,#3691,
'1942:4');
#64=NEXT_ASSEMBLY_USAGE_OCCURRENCE('1942:1','1942:1','1942:1',#3689,#3691,
'1942:1');
#65=NEXT_ASSEMBLY_USAGE_OCCURRENCE('1942:3','1942:3','1942:3',#3689,#3691,
'1942:3');
#66=NEXT_ASSEMBLY_USAGE_OCCURRENCE('1942:9','1942:9','1942:9',#3689,#3691,
'1942:9');
#67=NEXT_ASSEMBLY_USAGE_OCCURRENCE('1942:12','1942:12','1942:12',#3689,
#3691,'1942:12');
#68=NEXT_ASSEMBLY_USAGE_OCCURRENCE('1942:10','1942:10','1942:10',#3689,
#3691,'1942:10');
#69=NEXT_ASSEMBLY_USAGE_OCCURRENCE('1942:11','1942:11','1942:11',#3689,
#3691,'1942:11');
#70=NEXT_ASSEMBLY_USAGE_OCCURRENCE('1942:6','1942:6','1942:6',#3689,#3691,
'1942:6');
#71=NEXT_ASSEMBLY_USAGE_OCCURRENCE('1942:7','1942:7','1942:7',#3689,#3691,
'1942:7');
#72=NEXT_ASSEMBLY_USAGE_OCCURRENCE('1942:8','1942:8','1942:8',#3689,#3691,
'1942:8');
#73=NEXT_ASSEMBLY_USAGE_OCCURRENCE('1942:5','1942:5','1942:5',#3689,#3691,
'1942:5');
#74=NEXT_ASSEMBLY_USAGE_OCCURRENCE('419-10-214-00-001000:1',
'419-10-214-00-001000:1','419-10-214-00-001000:1',#3688,#3689,
'419-10-214-00-001000:1');
#75=CONICAL_SURFACE('',#2380,0.0264999999999993,0.261799387799026);
#76=CONICAL_SURFACE('',#2385,0.0184999999999998,0.785398163397517);
#77=SPHERICAL_SURFACE('',#2372,0.0100000000000002);
#78=TOROIDAL_SURFACE('',#2365,0.0169999999999982,0.00699999999999886);
#79=SHAPE_REPRESENTATION_RELATIONSHIP('SRR','None',#3685,#81);
#80=SHAPE_REPRESENTATION_RELATIONSHIP('SRR','None',#3686,#82);
#81=ADVANCED_BREP_SHAPE_REPRESENTATION('',(#85),#3649);
#82=ADVANCED_BREP_SHAPE_REPRESENTATION('',(#86),#3650);
#83=STYLED_ITEM('',(#3708),#85);
#84=STYLED_ITEM('',(#3709),#86);
#85=MANIFOLD_SOLID_BREP('Body1',#2176);
#86=MANIFOLD_SOLID_BREP('Body1',#2177);
#87=FACE_BOUND('',#381,.T.);
#88=FACE_BOUND('',#382,.T.);
#89=FACE_BOUND('',#383,.T.);
#90=FACE_BOUND('',#384,.T.);
#91=FACE_BOUND('',#385,.T.);
#92=FACE_BOUND('',#386,.T.);
#93=FACE_BOUND('',#387,.T.);
#94=FACE_BOUND('',#388,.T.);
#95=FACE_BOUND('',#389,.T.);
#96=FACE_BOUND('',#390,.T.);
#97=FACE_BOUND('',#391,.T.);
#98=FACE_BOUND('',#392,.T.);
#99=FACE_BOUND('',#393,.T.);
#100=FACE_BOUND('',#394,.T.);
#101=FACE_BOUND('',#396,.T.);
#102=FACE_BOUND('',#397,.T.);
#103=FACE_BOUND('',#398,.T.);
#104=FACE_BOUND('',#399,.T.);
#105=FACE_BOUND('',#400,.T.);
#106=FACE_BOUND('',#401,.T.);
#107=FACE_BOUND('',#402,.T.);
#108=FACE_BOUND('',#403,.T.);
#109=FACE_BOUND('',#404,.T.);
#110=FACE_BOUND('',#405,.T.);
#111=FACE_BOUND('',#406,.T.);
#112=FACE_BOUND('',#407,.T.);
#113=FACE_BOUND('',#408,.T.);
#114=FACE_BOUND('',#409,.T.);
#115=FACE_BOUND('',#411,.T.);
#116=FACE_BOUND('',#419,.T.);
#117=FACE_BOUND('',#421,.T.);
#118=FACE_BOUND('',#423,.T.);
#119=FACE_BOUND('',#425,.T.);
#120=FACE_BOUND('',#427,.T.);
#121=FACE_BOUND('',#429,.T.);
#122=FACE_BOUND('',#431,.T.);
#123=FACE_BOUND('',#433,.T.);
#124=FACE_BOUND('',#435,.T.);
#125=FACE_BOUND('',#437,.T.);
#126=FACE_BOUND('',#439,.T.);
#127=FACE_BOUND('',#441,.T.);
#128=FACE_BOUND('',#443,.T.);
#129=FACE_BOUND('',#483,.T.);
#130=FACE_BOUND('',#485,.T.);
#131=FACE_BOUND('',#488,.T.);
#132=PLANE('',#2288);
#133=PLANE('',#2289);
#134=PLANE('',#2290);
#135=PLANE('',#2291);
#136=PLANE('',#2292);
#137=PLANE('',#2293);
#138=PLANE('',#2294);
#139=PLANE('',#2295);
#140=PLANE('',#2296);
#141=PLANE('',#2297);
#142=PLANE('',#2298);
#143=PLANE('',#2299);
#144=PLANE('',#2300);
#145=PLANE('',#2301);
#146=PLANE('',#2302);
#147=PLANE('',#2303);
#148=PLANE('',#2304);
#149=PLANE('',#2305);
#150=PLANE('',#2306);
#151=PLANE('',#2307);
#152=PLANE('',#2308);
#153=PLANE('',#2309);
#154=PLANE('',#2310);
#155=PLANE('',#2311);
#156=PLANE('',#2312);
#157=PLANE('',#2313);
#158=PLANE('',#2314);
#159=PLANE('',#2315);
#160=PLANE('',#2316);
#161=PLANE('',#2317);
#162=PLANE('',#2318);
#163=PLANE('',#2319);
#164=PLANE('',#2320);
#165=PLANE('',#2321);
#166=PLANE('',#2322);
#167=PLANE('',#2323);
#168=PLANE('',#2324);
#169=PLANE('',#2325);
#170=PLANE('',#2326);
#171=PLANE('',#2327);
#172=PLANE('',#2328);
#173=PLANE('',#2329);
#174=PLANE('',#2330);
#175=PLANE('',#2331);
#176=PLANE('',#2332);
#177=PLANE('',#2333);
#178=PLANE('',#2334);
#179=PLANE('',#2335);
#180=PLANE('',#2336);
#181=PLANE('',#2337);
#182=PLANE('',#2338);
#183=PLANE('',#2339);
#184=PLANE('',#2340);
#185=PLANE('',#2341);
#186=PLANE('',#2342);
#187=PLANE('',#2343);
#188=PLANE('',#2344);
#189=PLANE('',#2345);
#190=PLANE('',#2346);
#191=PLANE('',#2347);
#192=PLANE('',#2348);
#193=PLANE('',#2349);
#194=PLANE('',#2350);
#195=PLANE('',#2351);
#196=PLANE('',#2352);
#197=PLANE('',#2353);
#198=PLANE('',#2354);
#199=PLANE('',#2355);
#200=PLANE('',#2356);
#201=PLANE('',#2357);
#202=PLANE('',#2358);
#203=PLANE('',#2359);
#204=PLANE('',#2360);
#205=PLANE('',#2361);
#206=PLANE('',#2362);
#207=PLANE('',#2363);
#208=PLANE('',#2387);
#209=PLANE('',#2388);
#210=PLANE('',#2389);
#211=PLANE('',#2390);
#212=FACE_OUTER_BOUND('',#328,.T.);
#213=FACE_OUTER_BOUND('',#329,.T.);
#214=FACE_OUTER_BOUND('',#330,.T.);
#215=FACE_OUTER_BOUND('',#331,.T.);
#216=FACE_OUTER_BOUND('',#332,.T.);
#217=FACE_OUTER_BOUND('',#333,.T.);
#218=FACE_OUTER_BOUND('',#334,.T.);
#219=FACE_OUTER_BOUND('',#335,.T.);
#220=FACE_OUTER_BOUND('',#336,.T.);
#221=FACE_OUTER_BOUND('',#337,.T.);
#222=FACE_OUTER_BOUND('',#338,.T.);
#223=FACE_OUTER_BOUND('',#339,.T.);
#224=FACE_OUTER_BOUND('',#340,.T.);
#225=FACE_OUTER_BOUND('',#341,.T.);
#226=FACE_OUTER_BOUND('',#342,.T.);
#227=FACE_OUTER_BOUND('',#343,.T.);
#228=FACE_OUTER_BOUND('',#344,.T.);
#229=FACE_OUTER_BOUND('',#345,.T.);
#230=FACE_OUTER_BOUND('',#346,.T.);
#231=FACE_OUTER_BOUND('',#347,.T.);
#232=FACE_OUTER_BOUND('',#348,.T.);
#233=FACE_OUTER_BOUND('',#349,.T.);
#234=FACE_OUTER_BOUND('',#350,.T.);
#235=FACE_OUTER_BOUND('',#351,.T.);
#236=FACE_OUTER_BOUND('',#352,.T.);
#237=FACE_OUTER_BOUND('',#353,.T.);
#238=FACE_OUTER_BOUND('',#354,.T.);
#239=FACE_OUTER_BOUND('',#355,.T.);
#240=FACE_OUTER_BOUND('',#356,.T.);
#241=FACE_OUTER_BOUND('',#357,.T.);
#242=FACE_OUTER_BOUND('',#358,.T.);
#243=FACE_OUTER_BOUND('',#359,.T.);
#244=FACE_OUTER_BOUND('',#360,.T.);
#245=FACE_OUTER_BOUND('',#361,.T.);
#246=FACE_OUTER_BOUND('',#362,.T.);
#247=FACE_OUTER_BOUND('',#363,.T.);
#248=FACE_OUTER_BOUND('',#364,.T.);
#249=FACE_OUTER_BOUND('',#365,.T.);
#250=FACE_OUTER_BOUND('',#366,.T.);
#251=FACE_OUTER_BOUND('',#367,.T.);
#252=FACE_OUTER_BOUND('',#368,.T.);
#253=FACE_OUTER_BOUND('',#369,.T.);
#254=FACE_OUTER_BOUND('',#370,.T.);
#255=FACE_OUTER_BOUND('',#371,.T.);
#256=FACE_OUTER_BOUND('',#372,.T.);
#257=FACE_OUTER_BOUND('',#373,.T.);
#258=FACE_OUTER_BOUND('',#374,.T.);
#259=FACE_OUTER_BOUND('',#375,.T.);
#260=FACE_OUTER_BOUND('',#376,.T.);
#261=FACE_OUTER_BOUND('',#377,.T.);
#262=FACE_OUTER_BOUND('',#378,.T.);
#263=FACE_OUTER_BOUND('',#379,.T.);
#264=FACE_OUTER_BOUND('',#380,.T.);
#265=FACE_OUTER_BOUND('',#395,.T.);
#266=FACE_OUTER_BOUND('',#410,.T.);
#267=FACE_OUTER_BOUND('',#412,.T.);
#268=FACE_OUTER_BOUND('',#413,.T.);
#269=FACE_OUTER_BOUND('',#414,.T.);
#270=FACE_OUTER_BOUND('',#415,.T.);
#271=FACE_OUTER_BOUND('',#416,.T.);
#272=FACE_OUTER_BOUND('',#417,.T.);
#273=FACE_OUTER_BOUND('',#418,.T.);
#274=FACE_OUTER_BOUND('',#420,.T.);
#275=FACE_OUTER_BOUND('',#422,.T.);
#276=FACE_OUTER_BOUND('',#424,.T.);
#277=FACE_OUTER_BOUND('',#426,.T.);
#278=FACE_OUTER_BOUND('',#428,.T.);
#279=FACE_OUTER_BOUND('',#430,.T.);
#280=FACE_OUTER_BOUND('',#432,.T.);
#281=FACE_OUTER_BOUND('',#434,.T.);
#282=FACE_OUTER_BOUND('',#436,.T.);
#283=FACE_OUTER_BOUND('',#438,.T.);
#284=FACE_OUTER_BOUND('',#440,.T.);
#285=FACE_OUTER_BOUND('',#442,.T.);
#286=FACE_OUTER_BOUND('',#444,.T.);
#287=FACE_OUTER_BOUND('',#445,.T.);
#288=FACE_OUTER_BOUND('',#446,.T.);
#289=FACE_OUTER_BOUND('',#447,.T.);
#290=FACE_OUTER_BOUND('',#448,.T.);
#291=FACE_OUTER_BOUND('',#449,.T.);
#292=FACE_OUTER_BOUND('',#450,.T.);
#293=FACE_OUTER_BOUND('',#451,.T.);
#294=FACE_OUTER_BOUND('',#452,.T.);
#295=FACE_OUTER_BOUND('',#453,.T.);
#296=FACE_OUTER_BOUND('',#454,.T.);
#297=FACE_OUTER_BOUND('',#455,.T.);
#298=FACE_OUTER_BOUND('',#456,.T.);
#299=FACE_OUTER_BOUND('',#457,.T.);
#300=FACE_OUTER_BOUND('',#458,.T.);
#301=FACE_OUTER_BOUND('',#459,.T.);
#302=FACE_OUTER_BOUND('',#460,.T.);
#303=FACE_OUTER_BOUND('',#461,.T.);
#304=FACE_OUTER_BOUND('',#462,.T.);
#305=FACE_OUTER_BOUND('',#463,.T.);
#306=FACE_OUTER_BOUND('',#464,.T.);
#307=FACE_OUTER_BOUND('',#465,.T.);
#308=FACE_OUTER_BOUND('',#466,.T.);
#309=FACE_OUTER_BOUND('',#467,.T.);
#310=FACE_OUTER_BOUND('',#468,.T.);
#311=FACE_OUTER_BOUND('',#469,.T.);
#312=FACE_OUTER_BOUND('',#470,.T.);
#313=FACE_OUTER_BOUND('',#471,.T.);
#314=FACE_OUTER_BOUND('',#472,.T.);
#315=FACE_OUTER_BOUND('',#473,.T.);
#316=FACE_OUTER_BOUND('',#474,.T.);
#317=FACE_OUTER_BOUND('',#475,.T.);
#318=FACE_OUTER_BOUND('',#476,.T.);
#319=FACE_OUTER_BOUND('',#477,.T.);
#320=FACE_OUTER_BOUND('',#478,.T.);
#321=FACE_OUTER_BOUND('',#479,.T.);
#322=FACE_OUTER_BOUND('',#480,.T.);
#323=FACE_OUTER_BOUND('',#481,.T.);
#324=FACE_OUTER_BOUND('',#482,.T.);
#325=FACE_OUTER_BOUND('',#484,.T.);
#326=FACE_OUTER_BOUND('',#486,.T.);
#327=FACE_OUTER_BOUND('',#487,.T.);
#328=EDGE_LOOP('',(#1460,#1461,#1462,#1463));
#329=EDGE_LOOP('',(#1464,#1465,#1466,#1467));
#330=EDGE_LOOP('',(#1468,#1469,#1470,#1471));
#331=EDGE_LOOP('',(#1472,#1473,#1474,#1475));
#332=EDGE_LOOP('',(#1476,#1477,#1478,#1479));
#333=EDGE_LOOP('',(#1480,#1481,#1482,#1483));
#334=EDGE_LOOP('',(#1484,#1485,#1486,#1487));
#335=EDGE_LOOP('',(#1488,#1489,#1490,#1491));
#336=EDGE_LOOP('',(#1492,#1493,#1494,#1495));
#337=EDGE_LOOP('',(#1496,#1497,#1498,#1499));
#338=EDGE_LOOP('',(#1500,#1501,#1502,#1503));
#339=EDGE_LOOP('',(#1504,#1505,#1506,#1507));
#340=EDGE_LOOP('',(#1508,#1509,#1510,#1511));
#341=EDGE_LOOP('',(#1512,#1513,#1514,#1515));
#342=EDGE_LOOP('',(#1516,#1517,#1518,#1519));
#343=EDGE_LOOP('',(#1520,#1521,#1522,#1523));
#344=EDGE_LOOP('',(#1524,#1525,#1526,#1527));
#345=EDGE_LOOP('',(#1528,#1529,#1530,#1531));
#346=EDGE_LOOP('',(#1532,#1533,#1534,#1535));
#347=EDGE_LOOP('',(#1536,#1537,#1538,#1539));
#348=EDGE_LOOP('',(#1540,#1541,#1542,#1543));
#349=EDGE_LOOP('',(#1544,#1545,#1546,#1547));
#350=EDGE_LOOP('',(#1548,#1549,#1550,#1551));
#351=EDGE_LOOP('',(#1552,#1553,#1554,#1555));
#352=EDGE_LOOP('',(#1556,#1557,#1558,#1559));
#353=EDGE_LOOP('',(#1560,#1561,#1562,#1563));
#354=EDGE_LOOP('',(#1564,#1565,#1566,#1567));
#355=EDGE_LOOP('',(#1568,#1569,#1570,#1571));
#356=EDGE_LOOP('',(#1572,#1573,#1574,#1575));
#357=EDGE_LOOP('',(#1576,#1577,#1578,#1579));
#358=EDGE_LOOP('',(#1580,#1581,#1582,#1583));
#359=EDGE_LOOP('',(#1584,#1585,#1586,#1587));
#360=EDGE_LOOP('',(#1588,#1589,#1590,#1591));
#361=EDGE_LOOP('',(#1592,#1593,#1594,#1595));
#362=EDGE_LOOP('',(#1596,#1597,#1598,#1599));
#363=EDGE_LOOP('',(#1600,#1601,#1602,#1603));
#364=EDGE_LOOP('',(#1604,#1605,#1606,#1607));
#365=EDGE_LOOP('',(#1608,#1609,#1610,#1611));
#366=EDGE_LOOP('',(#1612,#1613,#1614,#1615));
#367=EDGE_LOOP('',(#1616,#1617,#1618,#1619));
#368=EDGE_LOOP('',(#1620,#1621,#1622,#1623));
#369=EDGE_LOOP('',(#1624,#1625,#1626,#1627));
#370=EDGE_LOOP('',(#1628,#1629,#1630,#1631));
#371=EDGE_LOOP('',(#1632,#1633,#1634,#1635));
#372=EDGE_LOOP('',(#1636,#1637,#1638,#1639));
#373=EDGE_LOOP('',(#1640,#1641,#1642,#1643));
#374=EDGE_LOOP('',(#1644,#1645,#1646,#1647));
#375=EDGE_LOOP('',(#1648,#1649,#1650,#1651));
#376=EDGE_LOOP('',(#1652,#1653,#1654,#1655));
#377=EDGE_LOOP('',(#1656,#1657,#1658,#1659));
#378=EDGE_LOOP('',(#1660,#1661,#1662,#1663));
#379=EDGE_LOOP('',(#1664,#1665,#1666,#1667));
#380=EDGE_LOOP('',(#1668,#1669,#1670,#1671,#1672,#1673,#1674,#1675,#1676,
#1677,#1678,#1679,#1680,#1681,#1682,#1683,#1684,#1685,#1686,#1687,#1688,
#1689,#1690,#1691,#1692,#1693,#1694,#1695,#1696,#1697,#1698,#1699,#1700,
#1701,#1702,#1703,#1704,#1705,#1706,#1707,#1708,#1709,#1710,#1711,#1712,
#1713,#1714,#1715,#1716,#1717,#1718,#1719,#1720,#1721,#1722,#1723,#1724,
#1725,#1726,#1727));
#381=EDGE_LOOP('',(#1728));
#382=EDGE_LOOP('',(#1729));
#383=EDGE_LOOP('',(#1730));
#384=EDGE_LOOP('',(#1731));
#385=EDGE_LOOP('',(#1732));
#386=EDGE_LOOP('',(#1733));
#387=EDGE_LOOP('',(#1734));
#388=EDGE_LOOP('',(#1735));
#389=EDGE_LOOP('',(#1736));
#390=EDGE_LOOP('',(#1737));
#391=EDGE_LOOP('',(#1738));
#392=EDGE_LOOP('',(#1739));
#393=EDGE_LOOP('',(#1740));
#394=EDGE_LOOP('',(#1741));
#395=EDGE_LOOP('',(#1742,#1743,#1744,#1745,#1746,#1747,#1748,#1749,#1750,
#1751,#1752,#1753,#1754,#1755,#1756,#1757,#1758,#1759,#1760,#1761,#1762,
#1763,#1764,#1765,#1766,#1767,#1768,#1769,#1770,#1771,#1772,#1773,#1774,
#1775,#1776,#1777,#1778,#1779,#1780,#1781,#1782,#1783,#1784,#1785,#1786,
#1787,#1788,#1789,#1790,#1791,#1792,#1793,#1794,#1795,#1796,#1797,#1798,
#1799,#1800,#1801));
#396=EDGE_LOOP('',(#1802));
#397=EDGE_LOOP('',(#1803));
#398=EDGE_LOOP('',(#1804));
#399=EDGE_LOOP('',(#1805));
#400=EDGE_LOOP('',(#1806));
#401=EDGE_LOOP('',(#1807));
#402=EDGE_LOOP('',(#1808));
#403=EDGE_LOOP('',(#1809));
#404=EDGE_LOOP('',(#1810));
#405=EDGE_LOOP('',(#1811));
#406=EDGE_LOOP('',(#1812));
#407=EDGE_LOOP('',(#1813));
#408=EDGE_LOOP('',(#1814));
#409=EDGE_LOOP('',(#1815));
#410=EDGE_LOOP('',(#1816));
#411=EDGE_LOOP('',(#1817));
#412=EDGE_LOOP('',(#1818,#1819,#1820,#1821));
#413=EDGE_LOOP('',(#1822,#1823,#1824,#1825));
#414=EDGE_LOOP('',(#1826,#1827,#1828,#1829));
#415=EDGE_LOOP('',(#1830,#1831,#1832,#1833));
#416=EDGE_LOOP('',(#1834,#1835,#1836,#1837));
#417=EDGE_LOOP('',(#1838,#1839,#1840,#1841));
#418=EDGE_LOOP('',(#1842));
#419=EDGE_LOOP('',(#1843));
#420=EDGE_LOOP('',(#1844));
#421=EDGE_LOOP('',(#1845));
#422=EDGE_LOOP('',(#1846));
#423=EDGE_LOOP('',(#1847));
#424=EDGE_LOOP('',(#1848));
#425=EDGE_LOOP('',(#1849));
#426=EDGE_LOOP('',(#1850));
#427=EDGE_LOOP('',(#1851));
#428=EDGE_LOOP('',(#1852));
#429=EDGE_LOOP('',(#1853));
#430=EDGE_LOOP('',(#1854));
#431=EDGE_LOOP('',(#1855));
#432=EDGE_LOOP('',(#1856));
#433=EDGE_LOOP('',(#1857));
#434=EDGE_LOOP('',(#1858));
#435=EDGE_LOOP('',(#1859));
#436=EDGE_LOOP('',(#1860));
#437=EDGE_LOOP('',(#1861));
#438=EDGE_LOOP('',(#1862));
#439=EDGE_LOOP('',(#1863));
#440=EDGE_LOOP('',(#1864));
#441=EDGE_LOOP('',(#1865));
#442=EDGE_LOOP('',(#1866));
#443=EDGE_LOOP('',(#1867));
#444=EDGE_LOOP('',(#1868,#1869,#1870,#1871));
#445=EDGE_LOOP('',(#1872,#1873,#1874,#1875));
#446=EDGE_LOOP('',(#1876,#1877,#1878,#1879));
#447=EDGE_LOOP('',(#1880,#1881,#1882,#1883));
#448=EDGE_LOOP('',(#1884,#1885,#1886,#1887));
#449=EDGE_LOOP('',(#1888,#1889,#1890,#1891));
#450=EDGE_LOOP('',(#1892,#1893,#1894,#1895));
#451=EDGE_LOOP('',(#1896,#1897,#1898,#1899));
#452=EDGE_LOOP('',(#1900,#1901,#1902,#1903));
#453=EDGE_LOOP('',(#1904,#1905,#1906,#1907));
#454=EDGE_LOOP('',(#1908,#1909,#1910,#1911));
#455=EDGE_LOOP('',(#1912,#1913,#1914,#1915));
#456=EDGE_LOOP('',(#1916,#1917,#1918,#1919));
#457=EDGE_LOOP('',(#1920,#1921,#1922,#1923));
#458=EDGE_LOOP('',(#1924,#1925,#1926,#1927));
#459=EDGE_LOOP('',(#1928,#1929,#1930,#1931));
#460=EDGE_LOOP('',(#1932,#1933,#1934,#1935));
#461=EDGE_LOOP('',(#1936,#1937,#1938,#1939));
#462=EDGE_LOOP('',(#1940,#1941,#1942,#1943));
#463=EDGE_LOOP('',(#1944,#1945,#1946,#1947));
#464=EDGE_LOOP('',(#1948,#1949,#1950,#1951));
#465=EDGE_LOOP('',(#1952,#1953,#1954,#1955));
#466=EDGE_LOOP('',(#1956,#1957,#1958,#1959));
#467=EDGE_LOOP('',(#1960,#1961,#1962,#1963));
#468=EDGE_LOOP('',(#1964,#1965,#1966,#1967));
#469=EDGE_LOOP('',(#1968,#1969,#1970,#1971));
#470=EDGE_LOOP('',(#1972,#1973,#1974,#1975));
#471=EDGE_LOOP('',(#1976,#1977,#1978,#1979));
#472=EDGE_LOOP('',(#1980,#1981,#1982,#1983));
#473=EDGE_LOOP('',(#1984,#1985,#1986,#1987));
#474=EDGE_LOOP('',(#1988,#1989,#1990,#1991));
#475=EDGE_LOOP('',(#1992,#1993,#1994,#1995,#1996));
#476=EDGE_LOOP('',(#1997,#1998,#1999,#2000));
#477=EDGE_LOOP('',(#2001,#2002,#2003,#2004));
#478=EDGE_LOOP('',(#2005,#2006,#2007,#2008));
#479=EDGE_LOOP('',(#2009,#2010,#2011,#2012));
#480=EDGE_LOOP('',(#2013,#2014,#2015,#2016));
#481=EDGE_LOOP('',(#2017,#2018,#2019,#2020));
#482=EDGE_LOOP('',(#2021));
#483=EDGE_LOOP('',(#2022));
#484=EDGE_LOOP('',(#2023));
#485=EDGE_LOOP('',(#2024));
#486=EDGE_LOOP('',(#2025));
#487=EDGE_LOOP('',(#2026));
#488=EDGE_LOOP('',(#2027));
#489=LINE('',#3040,#703);
#490=LINE('',#3046,#704);
#491=LINE('',#3052,#705);
#492=LINE('',#3058,#706);
#493=LINE('',#3064,#707);
#494=LINE('',#3070,#708);
#495=LINE('',#3076,#709);
#496=LINE('',#3082,#710);
#497=LINE('',#3088,#711);
#498=LINE('',#3094,#712);
#499=LINE('',#3100,#713);
#500=LINE('',#3106,#714);
#501=LINE('',#3112,#715);
#502=LINE('',#3118,#716);
#503=LINE('',#3124,#717);
#504=LINE('',#3130,#718);
#505=LINE('',#3136,#719);
#506=LINE('',#3142,#720);
#507=LINE('',#3148,#721);
#508=LINE('',#3154,#722);
#509=LINE('',#3160,#723);
#510=LINE('',#3166,#724);
#511=LINE('',#3172,#725);
#512=LINE('',#3178,#726);
#513=LINE('',#3184,#727);
#514=LINE('',#3190,#728);
#515=LINE('',#3196,#729);
#516=LINE('',#3202,#730);
#517=LINE('',#3207,#731);
#518=LINE('',#3209,#732);
#519=LINE('',#3211,#733);
#520=LINE('',#3212,#734);
#521=LINE('',#3216,#735);
#522=LINE('',#3218,#736);
#523=LINE('',#3220,#737);
#524=LINE('',#3221,#738);
#525=LINE('',#3225,#739);
#526=LINE('',#3227,#740);
#527=LINE('',#3229,#741);
#528=LINE('',#3230,#742);
#529=LINE('',#3234,#743);
#530=LINE('',#3236,#744);
#531=LINE('',#3238,#745);
#532=LINE('',#3239,#746);
#533=LINE('',#3243,#747);
#534=LINE('',#3245,#748);
#535=LINE('',#3247,#749);
#536=LINE('',#3248,#750);
#537=LINE('',#3252,#751);
#538=LINE('',#3254,#752);
#539=LINE('',#3256,#753);
#540=LINE('',#3257,#754);
#541=LINE('',#3261,#755);
#542=LINE('',#3263,#756);
#543=LINE('',#3265,#757);
#544=LINE('',#3266,#758);
#545=LINE('',#3270,#759);
#546=LINE('',#3272,#760);
#547=LINE('',#3274,#761);
#548=LINE('',#3275,#762);
#549=LINE('',#3279,#763);
#550=LINE('',#3281,#764);
#551=LINE('',#3283,#765);
#552=LINE('',#3284,#766);
#553=LINE('',#3288,#767);
#554=LINE('',#3290,#768);
#555=LINE('',#3292,#769);
#556=LINE('',#3293,#770);
#557=LINE('',#3297,#771);
#558=LINE('',#3299,#772);
#559=LINE('',#3301,#773);
#560=LINE('',#3302,#774);
#561=LINE('',#3306,#775);
#562=LINE('',#3308,#776);
#563=LINE('',#3310,#777);
#564=LINE('',#3311,#778);
#565=LINE('',#3314,#779);
#566=LINE('',#3316,#780);
#567=LINE('',#3317,#781);
#568=LINE('',#3321,#782);
#569=LINE('',#3323,#783);
#570=LINE('',#3325,#784);
#571=LINE('',#3326,#785);
#572=LINE('',#3329,#786);
#573=LINE('',#3331,#787);
#574=LINE('',#3332,#788);
#575=LINE('',#3335,#789);
#576=LINE('',#3337,#790);
#577=LINE('',#3338,#791);
#578=LINE('',#3341,#792);
#579=LINE('',#3343,#793);
#580=LINE('',#3344,#794);
#581=LINE('',#3347,#795);
#582=LINE('',#3349,#796);
#583=LINE('',#3350,#797);
#584=LINE('',#3352,#798);
#585=LINE('',#3353,#799);
#586=LINE('',#3357,#800);
#587=LINE('',#3359,#801);
#588=LINE('',#3361,#802);
#589=LINE('',#3362,#803);
#590=LINE('',#3365,#804);
#591=LINE('',#3367,#805);
#592=LINE('',#3368,#806);
#593=LINE('',#3371,#807);
#594=LINE('',#3373,#808);
#595=LINE('',#3374,#809);
#596=LINE('',#3377,#810);
#597=LINE('',#3379,#811);
#598=LINE('',#3380,#812);
#599=LINE('',#3382,#813);
#600=LINE('',#3383,#814);
#601=LINE('',#3386,#815);
#602=LINE('',#3388,#816);
#603=LINE('',#3389,#817);
#604=LINE('',#3391,#818);
#605=LINE('',#3393,#819);
#606=LINE('',#3394,#820);
#607=LINE('',#3396,#821);
#608=LINE('',#3398,#822);
#609=LINE('',#3399,#823);
#610=LINE('',#3401,#824);
#611=LINE('',#3403,#825);
#612=LINE('',#3404,#826);
#613=LINE('',#3406,#827);
#614=LINE('',#3408,#828);
#615=LINE('',#3409,#829);
#616=LINE('',#3411,#830);
#617=LINE('',#3413,#831);
#618=LINE('',#3414,#832);
#619=LINE('',#3416,#833);
#620=LINE('',#3418,#834);
#621=LINE('',#3419,#835);
#622=LINE('',#3421,#836);
#623=LINE('',#3423,#837);
#624=LINE('',#3424,#838);
#625=LINE('',#3426,#839);
#626=LINE('',#3428,#840);
#627=LINE('',#3429,#841);
#628=LINE('',#3431,#842);
#629=LINE('',#3433,#843);
#630=LINE('',#3434,#844);
#631=LINE('',#3436,#845);
#632=LINE('',#3438,#846);
#633=LINE('',#3439,#847);
#634=LINE('',#3441,#848);
#635=LINE('',#3443,#849);
#636=LINE('',#3444,#850);
#637=LINE('',#3447,#851);
#638=LINE('',#3449,#852);
#639=LINE('',#3451,#853);
#640=LINE('',#3452,#854);
#641=LINE('',#3454,#855);
#642=LINE('',#3456,#856);
#643=LINE('',#3457,#857);
#644=LINE('',#3459,#858);
#645=LINE('',#3461,#859);
#646=LINE('',#3462,#860);
#647=LINE('',#3464,#861);
#648=LINE('',#3466,#862);
#649=LINE('',#3467,#863);
#650=LINE('',#3469,#864);
#651=LINE('',#3471,#865);
#652=LINE('',#3472,#866);
#653=LINE('',#3474,#867);
#654=LINE('',#3476,#868);
#655=LINE('',#3477,#869);
#656=LINE('',#3479,#870);
#657=LINE('',#3481,#871);
#658=LINE('',#3482,#872);
#659=LINE('',#3484,#873);
#660=LINE('',#3486,#874);
#661=LINE('',#3487,#875);
#662=LINE('',#3489,#876);
#663=LINE('',#3491,#877);
#664=LINE('',#3492,#878);
#665=LINE('',#3494,#879);
#666=LINE('',#3496,#880);
#667=LINE('',#3497,#881);
#668=LINE('',#3499,#882);
#669=LINE('',#3501,#883);
#670=LINE('',#3502,#884);
#671=LINE('',#3504,#885);
#672=LINE('',#3505,#886);
#673=LINE('',#3508,#887);
#674=LINE('',#3510,#888);
#675=LINE('',#3513,#889);
#676=LINE('',#3515,#890);
#677=LINE('',#3531,#891);
#678=LINE('',#3533,#892);
#679=LINE('',#3536,#893);
#680=LINE('',#3538,#894);
#681=LINE('',#3541,#895);
#682=LINE('',#3543,#896);
#683=LINE('',#3546,#897);
#684=LINE('',#3548,#898);
#685=LINE('',#3551,#899);
#686=LINE('',#3553,#900);
#687=LINE('',#3556,#901);
#688=LINE('',#3558,#902);
#689=LINE('',#3561,#903);
#690=LINE('',#3563,#904);
#691=LINE('',#3566,#905);
#692=LINE('',#3568,#906);
#693=LINE('',#3571,#907);
#694=LINE('',#3573,#908);
#695=LINE('',#3576,#909);
#696=LINE('',#3578,#910);
#697=LINE('',#3589,#911);
#698=LINE('',#3600,#912);
#699=LINE('',#3606,#913);
#700=LINE('',#3612,#914);
#701=LINE('',#3616,#915);
#702=LINE('',#3620,#916);
#703=VECTOR('',#2417,0.0374000000000005);
#704=VECTOR('',#2424,0.0287400000000005);
#705=VECTOR('',#2431,0.0374000000000005);
#706=VECTOR('',#2438,0.0287400000000005);
#707=VECTOR('',#2445,0.0374000000000005);
#708=VECTOR('',#2452,0.0287400000000005);
#709=VECTOR('',#2459,0.0374000000000005);
#710=VECTOR('',#2466,0.0287400000000005);
#711=VECTOR('',#2473,0.0374000000000005);
#712=VECTOR('',#2480,0.0287400000000005);
#713=VECTOR('',#2487,0.0374000000000005);
#714=VECTOR('',#2494,0.0287400000000005);
#715=VECTOR('',#2501,0.0374000000000005);
#716=VECTOR('',#2508,0.0287400000000005);
#717=VECTOR('',#2515,0.0374000000000005);
#718=VECTOR('',#2522,0.0287400000000005);
#719=VECTOR('',#2529,0.0374000000000005);
#720=VECTOR('',#2536,0.0287400000000005);
#721=VECTOR('',#2543,0.0374000000000005);
#722=VECTOR('',#2550,0.0287400000000005);
#723=VECTOR('',#2557,0.0374000000000005);
#724=VECTOR('',#2564,0.0287400000000005);
#725=VECTOR('',#2571,0.0374000000000005);
#726=VECTOR('',#2578,0.0287400000000005);
#727=VECTOR('',#2585,0.0374000000000005);
#728=VECTOR('',#2592,0.0287400000000005);
#729=VECTOR('',#2599,0.0374000000000005);
#730=VECTOR('',#2606,0.0287400000000005);
#731=VECTOR('',#2611,39.3700787401575);
#732=VECTOR('',#2612,39.3700787401575);
#733=VECTOR('',#2613,39.3700787401575);
#734=VECTOR('',#2614,39.3700787401575);
#735=VECTOR('',#2617,39.3700787401575);
#736=VECTOR('',#2618,39.3700787401575);
#737=VECTOR('',#2619,39.3700787401575);
#738=VECTOR('',#2620,39.3700787401575);
#739=VECTOR('',#2623,39.3700787401575);
#740=VECTOR('',#2624,39.3700787401575);
#741=VECTOR('',#2625,39.3700787401575);
#742=VECTOR('',#2626,39.3700787401575);
#743=VECTOR('',#2629,39.3700787401575);
#744=VECTOR('',#2630,39.3700787401575);
#745=VECTOR('',#2631,39.3700787401575);
#746=VECTOR('',#2632,39.3700787401575);
#747=VECTOR('',#2635,39.3700787401575);
#748=VECTOR('',#2636,39.3700787401575);
#749=VECTOR('',#2637,39.3700787401575);
#750=VECTOR('',#2638,39.3700787401575);
#751=VECTOR('',#2641,39.3700787401575);
#752=VECTOR('',#2642,39.3700787401575);
#753=VECTOR('',#2643,39.3700787401575);
#754=VECTOR('',#2644,39.3700787401575);
#755=VECTOR('',#2647,39.3700787401575);
#756=VECTOR('',#2648,39.3700787401575);
#757=VECTOR('',#2649,39.3700787401575);
#758=VECTOR('',#2650,39.3700787401575);
#759=VECTOR('',#2653,39.3700787401575);
#760=VECTOR('',#2654,39.3700787401575);
#761=VECTOR('',#2655,39.3700787401575);
#762=VECTOR('',#2656,39.3700787401575);
#763=VECTOR('',#2659,39.3700787401575);
#764=VECTOR('',#2660,39.3700787401575);
#765=VECTOR('',#2661,39.3700787401575);
#766=VECTOR('',#2662,39.3700787401575);
#767=VECTOR('',#2665,39.3700787401575);
#768=VECTOR('',#2666,39.3700787401575);
#769=VECTOR('',#2667,39.3700787401575);
#770=VECTOR('',#2668,39.3700787401575);
#771=VECTOR('',#2671,39.3700787401575);
#772=VECTOR('',#2672,39.3700787401575);
#773=VECTOR('',#2673,39.3700787401575);
#774=VECTOR('',#2674,39.3700787401575);
#775=VECTOR('',#2677,39.3700787401575);
#776=VECTOR('',#2678,39.3700787401575);
#777=VECTOR('',#2679,39.3700787401575);
#778=VECTOR('',#2680,39.3700787401575);
#779=VECTOR('',#2683,39.3700787401575);
#780=VECTOR('',#2684,39.3700787401575);
#781=VECTOR('',#2685,39.3700787401575);
#782=VECTOR('',#2688,39.3700787401575);
#783=VECTOR('',#2689,39.3700787401575);
#784=VECTOR('',#2690,39.3700787401575);
#785=VECTOR('',#2691,39.3700787401575);
#786=VECTOR('',#2694,39.3700787401575);
#787=VECTOR('',#2695,39.3700787401575);
#788=VECTOR('',#2696,39.3700787401575);
#789=VECTOR('',#2699,39.3700787401575);
#790=VECTOR('',#2700,39.3700787401575);
#791=VECTOR('',#2701,39.3700787401575);
#792=VECTOR('',#2704,39.3700787401575);
#793=VECTOR('',#2705,39.3700787401575);
#794=VECTOR('',#2706,39.3700787401575);
#795=VECTOR('',#2709,39.3700787401575);
#796=VECTOR('',#2710,39.3700787401575);
#797=VECTOR('',#2711,39.3700787401575);
#798=VECTOR('',#2714,39.3700787401575);
#799=VECTOR('',#2715,39.3700787401575);
#800=VECTOR('',#2718,39.3700787401575);
#801=VECTOR('',#2719,39.3700787401575);
#802=VECTOR('',#2720,39.3700787401575);
#803=VECTOR('',#2721,39.3700787401575);
#804=VECTOR('',#2724,39.3700787401575);
#805=VECTOR('',#2725,39.3700787401575);
#806=VECTOR('',#2726,39.3700787401575);
#807=VECTOR('',#2729,39.3700787401575);
#808=VECTOR('',#2730,39.3700787401575);
#809=VECTOR('',#2731,39.3700787401575);
#810=VECTOR('',#2734,39.3700787401575);
#811=VECTOR('',#2735,39.3700787401575);
#812=VECTOR('',#2736,39.3700787401575);
#813=VECTOR('',#2739,39.3700787401575);
#814=VECTOR('',#2740,39.3700787401575);
#815=VECTOR('',#2743,39.3700787401575);
#816=VECTOR('',#2744,39.3700787401575);
#817=VECTOR('',#2745,39.3700787401575);
#818=VECTOR('',#2746,39.3700787401575);
#819=VECTOR('',#2747,39.3700787401575);
#820=VECTOR('',#2748,39.3700787401575);
#821=VECTOR('',#2749,39.3700787401575);
#822=VECTOR('',#2750,39.3700787401575);
#823=VECTOR('',#2751,39.3700787401575);
#824=VECTOR('',#2752,39.3700787401575);
#825=VECTOR('',#2753,39.3700787401575);
#826=VECTOR('',#2754,39.3700787401575);
#827=VECTOR('',#2755,39.3700787401575);
#828=VECTOR('',#2756,39.3700787401575);
#829=VECTOR('',#2757,39.3700787401575);
#830=VECTOR('',#2758,39.3700787401575);
#831=VECTOR('',#2759,39.3700787401575);
#832=VECTOR('',#2760,39.3700787401575);
#833=VECTOR('',#2761,39.3700787401575);
#834=VECTOR('',#2762,39.3700787401575);
#835=VECTOR('',#2763,39.3700787401575);
#836=VECTOR('',#2764,39.3700787401575);
#837=VECTOR('',#2765,39.3700787401575);
#838=VECTOR('',#2766,39.3700787401575);
#839=VECTOR('',#2767,39.3700787401575);
#840=VECTOR('',#2768,39.3700787401575);
#841=VECTOR('',#2769,39.3700787401575);
#842=VECTOR('',#2770,39.3700787401575);
#843=VECTOR('',#2771,39.3700787401575);
#844=VECTOR('',#2772,39.3700787401575);
#845=VECTOR('',#2773,39.3700787401575);
#846=VECTOR('',#2774,39.3700787401575);
#847=VECTOR('',#2775,39.3700787401575);
#848=VECTOR('',#2776,39.3700787401575);
#849=VECTOR('',#2777,39.3700787401575);
#850=VECTOR('',#2778,39.3700787401575);
#851=VECTOR('',#2781,39.3700787401575);
#852=VECTOR('',#2782,39.3700787401575);
#853=VECTOR('',#2783,39.3700787401575);
#854=VECTOR('',#2784,39.3700787401575);
#855=VECTOR('',#2785,39.3700787401575);
#856=VECTOR('',#2786,39.3700787401575);
#857=VECTOR('',#2787,39.3700787401575);
#858=VECTOR('',#2788,39.3700787401575);
#859=VECTOR('',#2789,39.3700787401575);
#860=VECTOR('',#2790,39.3700787401575);
#861=VECTOR('',#2791,39.3700787401575);
#862=VECTOR('',#2792,39.3700787401575);
#863=VECTOR('',#2793,39.3700787401575);
#864=VECTOR('',#2794,39.3700787401575);
#865=VECTOR('',#2795,39.3700787401575);
#866=VECTOR('',#2796,39.3700787401575);
#867=VECTOR('',#2797,39.3700787401575);
#868=VECTOR('',#2798,39.3700787401575);
#869=VECTOR('',#2799,39.3700787401575);
#870=VECTOR('',#2800,39.3700787401575);
#871=VECTOR('',#2801,39.3700787401575);
#872=VECTOR('',#2802,39.3700787401575);
#873=VECTOR('',#2803,39.3700787401575);
#874=VECTOR('',#2804,39.3700787401575);
#875=VECTOR('',#2805,39.3700787401575);
#876=VECTOR('',#2806,39.3700787401575);
#877=VECTOR('',#2807,39.3700787401575);
#878=VECTOR('',#2808,39.3700787401575);
#879=VECTOR('',#2809,39.3700787401575);
#880=VECTOR('',#2810,39.3700787401575);
#881=VECTOR('',#2811,39.3700787401575);
#882=VECTOR('',#2812,39.3700787401575);
#883=VECTOR('',#2813,39.3700787401575);
#884=VECTOR('',#2814,39.3700787401575);
#885=VECTOR('',#2815,39.3700787401575);
#886=VECTOR('',#2816,39.3700787401575);
#887=VECTOR('',#2821,39.3700787401575);
#888=VECTOR('',#2824,39.3700787401575);
#889=VECTOR('',#2829,39.3700787401575);
#890=VECTOR('',#2832,39.3700787401575);
#891=VECTOR('',#2863,39.3700787401575);
#892=VECTOR('',#2866,39.3700787401575);
#893=VECTOR('',#2871,39.3700787401575);
#894=VECTOR('',#2874,39.3700787401575);
#895=VECTOR('',#2879,39.3700787401575);
#896=VECTOR('',#2882,39.3700787401575);
#897=VECTOR('',#2887,39.3700787401575);
#898=VECTOR('',#2890,39.3700787401575);
#899=VECTOR('',#2895,39.3700787401575);
#900=VECTOR('',#2898,39.3700787401575);
#901=VECTOR('',#2903,39.3700787401575);
#902=VECTOR('',#2906,39.3700787401575);
#903=VECTOR('',#2911,39.3700787401575);
#904=VECTOR('',#2914,39.3700787401575);
#905=VECTOR('',#2919,39.3700787401575);
#906=VECTOR('',#2922,39.3700787401575);
#907=VECTOR('',#2927,39.3700787401575);
#908=VECTOR('',#2930,39.3700787401575);
#909=VECTOR('',#2935,39.3700787401575);
#910=VECTOR('',#2938,39.3700787401575);
#911=VECTOR('',#2953,0.00999999999999921);
#912=VECTOR('',#2966,0.0349999999999979);
#913=VECTOR('',#2973,0.028);
#914=VECTOR('',#2980,0.0264999999999993);
#915=VECTOR('',#2985,0.0264999999999993);
#916=VECTOR('',#2990,0.0184999999999998);
#917=CIRCLE('',#2205,0.0374000000000005);
#918=CIRCLE('',#2206,0.0374000000000005);
#919=CIRCLE('',#2208,0.0287400000000005);
#920=CIRCLE('',#2209,0.0287400000000005);
#921=CIRCLE('',#2211,0.0374000000000005);
#922=CIRCLE('',#2212,0.0374000000000005);
#923=CIRCLE('',#2214,0.0287400000000005);
#924=CIRCLE('',#2215,0.0287400000000005);
#925=CIRCLE('',#2217,0.0374000000000005);
#926=CIRCLE('',#2218,0.0374000000000005);
#927=CIRCLE('',#2220,0.0287400000000005);
#928=CIRCLE('',#2221,0.0287400000000005);
#929=CIRCLE('',#2223,0.0374000000000005);
#930=CIRCLE('',#2224,0.0374000000000005);
#931=CIRCLE('',#2226,0.0287400000000005);
#932=CIRCLE('',#2227,0.0287400000000005);
#933=CIRCLE('',#2229,0.0374000000000005);
#934=CIRCLE('',#2230,0.0374000000000005);
#935=CIRCLE('',#2232,0.0287400000000005);
#936=CIRCLE('',#2233,0.0287400000000005);
#937=CIRCLE('',#2235,0.0374000000000005);
#938=CIRCLE('',#2236,0.0374000000000005);
#939=CIRCLE('',#2238,0.0287400000000005);
#940=CIRCLE('',#2239,0.0287400000000005);
#941=CIRCLE('',#2241,0.0374000000000005);
#942=CIRCLE('',#2242,0.0374000000000005);
#943=CIRCLE('',#2244,0.0287400000000005);
#944=CIRCLE('',#2245,0.0287400000000005);
#945=CIRCLE('',#2247,0.0374000000000005);
#946=CIRCLE('',#2248,0.0374000000000005);
#947=CIRCLE('',#2250,0.0287400000000005);
#948=CIRCLE('',#2251,0.0287400000000005);
#949=CIRCLE('',#2253,0.0374000000000005);
#950=CIRCLE('',#2254,0.0374000000000005);
#951=CIRCLE('',#2256,0.0287400000000005);
#952=CIRCLE('',#2257,0.0287400000000005);
#953=CIRCLE('',#2259,0.0374000000000005);
#954=CIRCLE('',#2260,0.0374000000000005);
#955=CIRCLE('',#2262,0.0287400000000005);
#956=CIRCLE('',#2263,0.0287400000000005);
#957=CIRCLE('',#2265,0.0374000000000005);
#958=CIRCLE('',#2266,0.0374000000000005);
#959=CIRCLE('',#2268,0.0287400000000005);
#960=CIRCLE('',#2269,0.0287400000000005);
#961=CIRCLE('',#2271,0.0374000000000005);
#962=CIRCLE('',#2272,0.0374000000000005);
#963=CIRCLE('',#2274,0.0287400000000005);
#964=CIRCLE('',#2275,0.0287400000000005);
#965=CIRCLE('',#2277,0.0374000000000005);
#966=CIRCLE('',#2278,0.0374000000000005);
#967=CIRCLE('',#2280,0.0287400000000005);
#968=CIRCLE('',#2281,0.0287400000000005);
#969=CIRCLE('',#2283,0.0374000000000005);
#970=CIRCLE('',#2284,0.0374000000000005);
#971=CIRCLE('',#2286,0.0287400000000005);
#972=CIRCLE('',#2287,0.0287400000000005);
#973=CIRCLE('',#2366,0.0169999999999982);
#974=CIRCLE('',#2367,0.00699999999999886);
#975=CIRCLE('',#2368,0.00999999999999935);
#976=CIRCLE('',#2370,0.00999999999999907);
#977=CIRCLE('',#2371,0.00999999999999907);
#978=CIRCLE('',#2373,0.0100000000000002);
#979=CIRCLE('',#2375,0.0349999999999979);
#980=CIRCLE('',#2376,0.0349999999999979);
#981=CIRCLE('',#2378,0.028);
#982=CIRCLE('',#2379,0.028);
#983=CIRCLE('',#2381,0.0290000000000002);
#984=CIRCLE('',#2382,0.0264999999999993);
#985=CIRCLE('',#2384,0.0264999999999993);
#986=CIRCLE('',#2386,0.0184999999999998);
#987=VERTEX_POINT('',#3037);
#988=VERTEX_POINT('',#3039);
#989=VERTEX_POINT('',#3043);
#990=VERTEX_POINT('',#3045);
#991=VERTEX_POINT('',#3049);
#992=VERTEX_POINT('',#3051);
#993=VERTEX_POINT('',#3055);
#994=VERTEX_POINT('',#3057);
#995=VERTEX_POINT('',#3061);
#996=VERTEX_POINT('',#3063);
#997=VERTEX_POINT('',#3067);
#998=VERTEX_POINT('',#3069);
#999=VERTEX_POINT('',#3073);
#1000=VERTEX_POINT('',#3075);
#1001=VERTEX_POINT('',#3079);
#1002=VERTEX_POINT('',#3081);
#1003=VERTEX_POINT('',#3085);
#1004=VERTEX_POINT('',#3087);
#1005=VERTEX_POINT('',#3091);
#1006=VERTEX_POINT('',#3093);
#1007=VERTEX_POINT('',#3097);
#1008=VERTEX_POINT('',#3099);
#1009=VERTEX_POINT('',#3103);
#1010=VERTEX_POINT('',#3105);
#1011=VERTEX_POINT('',#3109);
#1012=VERTEX_POINT('',#3111);
#1013=VERTEX_POINT('',#3115);
#1014=VERTEX_POINT('',#3117);
#1015=VERTEX_POINT('',#3121);
#1016=VERTEX_POINT('',#3123);
#1017=VERTEX_POINT('',#3127);
#1018=VERTEX_POINT('',#3129);
#1019=VERTEX_POINT('',#3133);
#1020=VERTEX_POINT('',#3135);
#1021=VERTEX_POINT('',#3139);
#1022=VERTEX_POINT('',#3141);
#1023=VERTEX_POINT('',#3145);
#1024=VERTEX_POINT('',#3147);
#1025=VERTEX_POINT('',#3151);
#1026=VERTEX_POINT('',#3153);
#1027=VERTEX_POINT('',#3157);
#1028=VERTEX_POINT('',#3159);
#1029=VERTEX_POINT('',#3163);
#1030=VERTEX_POINT('',#3165);
#1031=VERTEX_POINT('',#3169);
#1032=VERTEX_POINT('',#3171);
#1033=VERTEX_POINT('',#3175);
#1034=VERTEX_POINT('',#3177);
#1035=VERTEX_POINT('',#3181);
#1036=VERTEX_POINT('',#3183);
#1037=VERTEX_POINT('',#3187);
#1038=VERTEX_POINT('',#3189);
#1039=VERTEX_POINT('',#3193);
#1040=VERTEX_POINT('',#3195);
#1041=VERTEX_POINT('',#3199);
#1042=VERTEX_POINT('',#3201);
#1043=VERTEX_POINT('',#3205);
#1044=VERTEX_POINT('',#3206);
#1045=VERTEX_POINT('',#3208);
#1046=VERTEX_POINT('',#3210);
#1047=VERTEX_POINT('',#3214);
#1048=VERTEX_POINT('',#3215);
#1049=VERTEX_POINT('',#3217);
#1050=VERTEX_POINT('',#3219);
#1051=VERTEX_POINT('',#3223);
#1052=VERTEX_POINT('',#3224);
#1053=VERTEX_POINT('',#3226);
#1054=VERTEX_POINT('',#3228);
#1055=VERTEX_POINT('',#3232);
#1056=VERTEX_POINT('',#3233);
#1057=VERTEX_POINT('',#3235);
#1058=VERTEX_POINT('',#3237);
#1059=VERTEX_POINT('',#3241);
#1060=VERTEX_POINT('',#3242);
#1061=VERTEX_POINT('',#3244);
#1062=VERTEX_POINT('',#3246);
#1063=VERTEX_POINT('',#3250);
#1064=VERTEX_POINT('',#3251);
#1065=VERTEX_POINT('',#3253);
#1066=VERTEX_POINT('',#3255);
#1067=VERTEX_POINT('',#3259);
#1068=VERTEX_POINT('',#3260);
#1069=VERTEX_POINT('',#3262);
#1070=VERTEX_POINT('',#3264);
#1071=VERTEX_POINT('',#3268);
#1072=VERTEX_POINT('',#3269);
#1073=VERTEX_POINT('',#3271);
#1074=VERTEX_POINT('',#3273);
#1075=VERTEX_POINT('',#3277);
#1076=VERTEX_POINT('',#3278);
#1077=VERTEX_POINT('',#3280);
#1078=VERTEX_POINT('',#3282);
#1079=VERTEX_POINT('',#3286);
#1080=VERTEX_POINT('',#3287);
#1081=VERTEX_POINT('',#3289);
#1082=VERTEX_POINT('',#3291);
#1083=VERTEX_POINT('',#3295);
#1084=VERTEX_POINT('',#3296);
#1085=VERTEX_POINT('',#3298);
#1086=VERTEX_POINT('',#3300);
#1087=VERTEX_POINT('',#3304);
#1088=VERTEX_POINT('',#3305);
#1089=VERTEX_POINT('',#3307);
#1090=VERTEX_POINT('',#3309);
#1091=VERTEX_POINT('',#3313);
#1092=VERTEX_POINT('',#3315);
#1093=VERTEX_POINT('',#3319);
#1094=VERTEX_POINT('',#3320);
#1095=VERTEX_POINT('',#3322);
#1096=VERTEX_POINT('',#3324);
#1097=VERTEX_POINT('',#3328);
#1098=VERTEX_POINT('',#3330);
#1099=VERTEX_POINT('',#3334);
#1100=VERTEX_POINT('',#3336);
#1101=VERTEX_POINT('',#3340);
#1102=VERTEX_POINT('',#3342);
#1103=VERTEX_POINT('',#3346);
#1104=VERTEX_POINT('',#3348);
#1105=VERTEX_POINT('',#3355);
#1106=VERTEX_POINT('',#3356);
#1107=VERTEX_POINT('',#3358);
#1108=VERTEX_POINT('',#3360);
#1109=VERTEX_POINT('',#3364);
#1110=VERTEX_POINT('',#3366);
#1111=VERTEX_POINT('',#3370);
#1112=VERTEX_POINT('',#3372);
#1113=VERTEX_POINT('',#3376);
#1114=VERTEX_POINT('',#3378);
#1115=VERTEX_POINT('',#3385);
#1116=VERTEX_POINT('',#3387);
#1117=VERTEX_POINT('',#3390);
#1118=VERTEX_POINT('',#3392);
#1119=VERTEX_POINT('',#3395);
#1120=VERTEX_POINT('',#3397);
#1121=VERTEX_POINT('',#3400);
#1122=VERTEX_POINT('',#3402);
#1123=VERTEX_POINT('',#3405);
#1124=VERTEX_POINT('',#3407);
#1125=VERTEX_POINT('',#3410);
#1126=VERTEX_POINT('',#3412);
#1127=VERTEX_POINT('',#3415);
#1128=VERTEX_POINT('',#3417);
#1129=VERTEX_POINT('',#3420);
#1130=VERTEX_POINT('',#3422);
#1131=VERTEX_POINT('',#3425);
#1132=VERTEX_POINT('',#3427);
#1133=VERTEX_POINT('',#3430);
#1134=VERTEX_POINT('',#3432);
#1135=VERTEX_POINT('',#3435);
#1136=VERTEX_POINT('',#3437);
#1137=VERTEX_POINT('',#3440);
#1138=VERTEX_POINT('',#3442);
#1139=VERTEX_POINT('',#3446);
#1140=VERTEX_POINT('',#3448);
#1141=VERTEX_POINT('',#3450);
#1142=VERTEX_POINT('',#3453);
#1143=VERTEX_POINT('',#3455);
#1144=VERTEX_POINT('',#3458);
#1145=VERTEX_POINT('',#3460);
#1146=VERTEX_POINT('',#3463);
#1147=VERTEX_POINT('',#3465);
#1148=VERTEX_POINT('',#3468);
#1149=VERTEX_POINT('',#3470);
#1150=VERTEX_POINT('',#3473);
#1151=VERTEX_POINT('',#3475);
#1152=VERTEX_POINT('',#3478);
#1153=VERTEX_POINT('',#3480);
#1154=VERTEX_POINT('',#3483);
#1155=VERTEX_POINT('',#3485);
#1156=VERTEX_POINT('',#3488);
#1157=VERTEX_POINT('',#3490);
#1158=VERTEX_POINT('',#3493);
#1159=VERTEX_POINT('',#3495);
#1160=VERTEX_POINT('',#3498);
#1161=VERTEX_POINT('',#3500);
#1162=VERTEX_POINT('',#3503);
#1163=VERTEX_POINT('',#3582);
#1164=VERTEX_POINT('',#3584);
#1165=VERTEX_POINT('',#3588);
#1166=VERTEX_POINT('',#3590);
#1167=VERTEX_POINT('',#3594);
#1168=VERTEX_POINT('',#3597);
#1169=VERTEX_POINT('',#3599);
#1170=VERTEX_POINT('',#3603);
#1171=VERTEX_POINT('',#3605);
#1172=VERTEX_POINT('',#3609);
#1173=VERTEX_POINT('',#3611);
#1174=VERTEX_POINT('',#3615);
#1175=VERTEX_POINT('',#3619);
#1176=EDGE_CURVE('',#987,#987,#917,.T.);
#1177=EDGE_CURVE('',#987,#988,#489,.T.);
#1178=EDGE_CURVE('',#988,#988,#918,.T.);
#1179=EDGE_CURVE('',#989,#989,#919,.T.);
#1180=EDGE_CURVE('',#989,#990,#490,.T.);
#1181=EDGE_CURVE('',#990,#990,#920,.T.);
#1182=EDGE_CURVE('',#991,#991,#921,.T.);
#1183=EDGE_CURVE('',#991,#992,#491,.T.);
#1184=EDGE_CURVE('',#992,#992,#922,.T.);
#1185=EDGE_CURVE('',#993,#993,#923,.T.);
#1186=EDGE_CURVE('',#993,#994,#492,.T.);
#1187=EDGE_CURVE('',#994,#994,#924,.T.);
#1188=EDGE_CURVE('',#995,#995,#925,.T.);
#1189=EDGE_CURVE('',#995,#996,#493,.T.);
#1190=EDGE_CURVE('',#996,#996,#926,.T.);
#1191=EDGE_CURVE('',#997,#997,#927,.T.);
#1192=EDGE_CURVE('',#997,#998,#494,.T.);
#1193=EDGE_CURVE('',#998,#998,#928,.T.);
#1194=EDGE_CURVE('',#999,#999,#929,.T.);
#1195=EDGE_CURVE('',#999,#1000,#495,.T.);
#1196=EDGE_CURVE('',#1000,#1000,#930,.T.);
#1197=EDGE_CURVE('',#1001,#1001,#931,.T.);
#1198=EDGE_CURVE('',#1001,#1002,#496,.T.);
#1199=EDGE_CURVE('',#1002,#1002,#932,.T.);
#1200=EDGE_CURVE('',#1003,#1003,#933,.T.);
#1201=EDGE_CURVE('',#1003,#1004,#497,.T.);
#1202=EDGE_CURVE('',#1004,#1004,#934,.T.);
#1203=EDGE_CURVE('',#1005,#1005,#935,.T.);
#1204=EDGE_CURVE('',#1005,#1006,#498,.T.);
#1205=EDGE_CURVE('',#1006,#1006,#936,.T.);
#1206=EDGE_CURVE('',#1007,#1007,#937,.T.);
#1207=EDGE_CURVE('',#1007,#1008,#499,.T.);
#1208=EDGE_CURVE('',#1008,#1008,#938,.T.);
#1209=EDGE_CURVE('',#1009,#1009,#939,.T.);
#1210=EDGE_CURVE('',#1009,#1010,#500,.T.);
#1211=EDGE_CURVE('',#1010,#1010,#940,.T.);
#1212=EDGE_CURVE('',#1011,#1011,#941,.T.);
#1213=EDGE_CURVE('',#1011,#1012,#501,.T.);
#1214=EDGE_CURVE('',#1012,#1012,#942,.T.);
#1215=EDGE_CURVE('',#1013,#1013,#943,.T.);
#1216=EDGE_CURVE('',#1013,#1014,#502,.T.);
#1217=EDGE_CURVE('',#1014,#1014,#944,.T.);
#1218=EDGE_CURVE('',#1015,#1015,#945,.T.);
#1219=EDGE_CURVE('',#1015,#1016,#503,.T.);
#1220=EDGE_CURVE('',#1016,#1016,#946,.T.);
#1221=EDGE_CURVE('',#1017,#1017,#947,.T.);
#1222=EDGE_CURVE('',#1017,#1018,#504,.T.);
#1223=EDGE_CURVE('',#1018,#1018,#948,.T.);
#1224=EDGE_CURVE('',#1019,#1019,#949,.T.);
#1225=EDGE_CURVE('',#1019,#1020,#505,.T.);
#1226=EDGE_CURVE('',#1020,#1020,#950,.T.);
#1227=EDGE_CURVE('',#1021,#1021,#951,.T.);
#1228=EDGE_CURVE('',#1021,#1022,#506,.T.);
#1229=EDGE_CURVE('',#1022,#1022,#952,.T.);
#1230=EDGE_CURVE('',#1023,#1023,#953,.T.);
#1231=EDGE_CURVE('',#1023,#1024,#507,.T.);
#1232=EDGE_CURVE('',#1024,#1024,#954,.T.);
#1233=EDGE_CURVE('',#1025,#1025,#955,.T.);
#1234=EDGE_CURVE('',#1025,#1026,#508,.T.);
#1235=EDGE_CURVE('',#1026,#1026,#956,.T.);
#1236=EDGE_CURVE('',#1027,#1027,#957,.T.);
#1237=EDGE_CURVE('',#1027,#1028,#509,.T.);
#1238=EDGE_CURVE('',#1028,#1028,#958,.T.);
#1239=EDGE_CURVE('',#1029,#1029,#959,.T.);
#1240=EDGE_CURVE('',#1029,#1030,#510,.T.);
#1241=EDGE_CURVE('',#1030,#1030,#960,.T.);
#1242=EDGE_CURVE('',#1031,#1031,#961,.T.);
#1243=EDGE_CURVE('',#1031,#1032,#511,.T.);
#1244=EDGE_CURVE('',#1032,#1032,#962,.T.);
#1245=EDGE_CURVE('',#1033,#1033,#963,.T.);
#1246=EDGE_CURVE('',#1033,#1034,#512,.T.);
#1247=EDGE_CURVE('',#1034,#1034,#964,.T.);
#1248=EDGE_CURVE('',#1035,#1035,#965,.T.);
#1249=EDGE_CURVE('',#1035,#1036,#513,.T.);
#1250=EDGE_CURVE('',#1036,#1036,#966,.T.);
#1251=EDGE_CURVE('',#1037,#1037,#967,.T.);
#1252=EDGE_CURVE('',#1037,#1038,#514,.T.);
#1253=EDGE_CURVE('',#1038,#1038,#968,.T.);
#1254=EDGE_CURVE('',#1039,#1039,#969,.T.);
#1255=EDGE_CURVE('',#1039,#1040,#515,.T.);
#1256=EDGE_CURVE('',#1040,#1040,#970,.T.);
#1257=EDGE_CURVE('',#1041,#1041,#971,.T.);
#1258=EDGE_CURVE('',#1041,#1042,#516,.T.);
#1259=EDGE_CURVE('',#1042,#1042,#972,.T.);
#1260=EDGE_CURVE('',#1043,#1044,#517,.T.);
#1261=EDGE_CURVE('',#1043,#1045,#518,.T.);
#1262=EDGE_CURVE('',#1045,#1046,#519,.T.);
#1263=EDGE_CURVE('',#1044,#1046,#520,.T.);
#1264=EDGE_CURVE('',#1047,#1048,#521,.T.);
#1265=EDGE_CURVE('',#1047,#1049,#522,.T.);
#1266=EDGE_CURVE('',#1049,#1050,#523,.T.);
#1267=EDGE_CURVE('',#1048,#1050,#524,.T.);
#1268=EDGE_CURVE('',#1051,#1052,#525,.T.);
#1269=EDGE_CURVE('',#1051,#1053,#526,.T.);
#1270=EDGE_CURVE('',#1053,#1054,#527,.T.);
#1271=EDGE_CURVE('',#1052,#1054,#528,.T.);
#1272=EDGE_CURVE('',#1055,#1056,#529,.T.);
#1273=EDGE_CURVE('',#1057,#1056,#530,.T.);
#1274=EDGE_CURVE('',#1058,#1057,#531,.T.);
#1275=EDGE_CURVE('',#1058,#1055,#532,.T.);
#1276=EDGE_CURVE('',#1059,#1060,#533,.T.);
#1277=EDGE_CURVE('',#1059,#1061,#534,.T.);
#1278=EDGE_CURVE('',#1061,#1062,#535,.T.);
#1279=EDGE_CURVE('',#1060,#1062,#536,.T.);
#1280=EDGE_CURVE('',#1063,#1064,#537,.T.);
#1281=EDGE_CURVE('',#1065,#1064,#538,.T.);
#1282=EDGE_CURVE('',#1066,#1065,#539,.T.);
#1283=EDGE_CURVE('',#1066,#1063,#540,.T.);
#1284=EDGE_CURVE('',#1067,#1068,#541,.T.);
#1285=EDGE_CURVE('',#1067,#1069,#542,.T.);
#1286=EDGE_CURVE('',#1069,#1070,#543,.T.);
#1287=EDGE_CURVE('',#1068,#1070,#544,.T.);
#1288=EDGE_CURVE('',#1071,#1072,#545,.T.);
#1289=EDGE_CURVE('',#1073,#1072,#546,.T.);
#1290=EDGE_CURVE('',#1074,#1073,#547,.T.);
#1291=EDGE_CURVE('',#1074,#1071,#548,.T.);
#1292=EDGE_CURVE('',#1075,#1076,#549,.T.);
#1293=EDGE_CURVE('',#1075,#1077,#550,.T.);
#1294=EDGE_CURVE('',#1077,#1078,#551,.T.);
#1295=EDGE_CURVE('',#1076,#1078,#552,.T.);
#1296=EDGE_CURVE('',#1079,#1080,#553,.T.);
#1297=EDGE_CURVE('',#1081,#1080,#554,.T.);
#1298=EDGE_CURVE('',#1082,#1081,#555,.T.);
#1299=EDGE_CURVE('',#1082,#1079,#556,.T.);
#1300=EDGE_CURVE('',#1083,#1084,#557,.T.);
#1301=EDGE_CURVE('',#1083,#1085,#558,.T.);
#1302=EDGE_CURVE('',#1085,#1086,#559,.T.);
#1303=EDGE_CURVE('',#1084,#1086,#560,.T.);
#1304=EDGE_CURVE('',#1087,#1088,#561,.T.);
#1305=EDGE_CURVE('',#1089,#1088,#562,.T.);
#1306=EDGE_CURVE('',#1090,#1089,#563,.T.);
#1307=EDGE_CURVE('',#1090,#1087,#564,.T.);
#1308=EDGE_CURVE('',#1086,#1091,#565,.T.);
#1309=EDGE_CURVE('',#1085,#1092,#566,.T.);
#1310=EDGE_CURVE('',#1092,#1091,#567,.T.);
#1311=EDGE_CURVE('',#1093,#1094,#568,.T.);
#1312=EDGE_CURVE('',#1095,#1094,#569,.T.);
#1313=EDGE_CURVE('',#1096,#1095,#570,.T.);
#1314=EDGE_CURVE('',#1096,#1093,#571,.T.);
#1315=EDGE_CURVE('',#1097,#1095,#572,.T.);
#1316=EDGE_CURVE('',#1098,#1097,#573,.T.);
#1317=EDGE_CURVE('',#1098,#1096,#574,.T.);
#1318=EDGE_CURVE('',#1099,#1097,#575,.T.);
#1319=EDGE_CURVE('',#1100,#1099,#576,.T.);
#1320=EDGE_CURVE('',#1100,#1098,#577,.T.);
#1321=EDGE_CURVE('',#1101,#1099,#578,.T.);
#1322=EDGE_CURVE('',#1102,#1101,#579,.T.);
#1323=EDGE_CURVE('',#1102,#1100,#580,.T.);
#1324=EDGE_CURVE('',#1103,#1102,#581,.T.);
#1325=EDGE_CURVE('',#1104,#1101,#582,.T.);
#1326=EDGE_CURVE('',#1103,#1104,#583,.T.);
#1327=EDGE_CURVE('',#1050,#1104,#584,.T.);
#1328=EDGE_CURVE('',#1049,#1103,#585,.T.);
#1329=EDGE_CURVE('',#1105,#1106,#586,.T.);
#1330=EDGE_CURVE('',#1107,#1106,#587,.T.);
#1331=EDGE_CURVE('',#1108,#1107,#588,.T.);
#1332=EDGE_CURVE('',#1108,#1105,#589,.T.);
#1333=EDGE_CURVE('',#1109,#1107,#590,.T.);
#1334=EDGE_CURVE('',#1110,#1109,#591,.T.);
#1335=EDGE_CURVE('',#1110,#1108,#592,.T.);
#1336=EDGE_CURVE('',#1111,#1109,#593,.T.);
#1337=EDGE_CURVE('',#1112,#1111,#594,.T.);
#1338=EDGE_CURVE('',#1112,#1110,#595,.T.);
#1339=EDGE_CURVE('',#1113,#1111,#596,.T.);
#1340=EDGE_CURVE('',#1114,#1113,#597,.T.);
#1341=EDGE_CURVE('',#1114,#1112,#598,.T.);
#1342=EDGE_CURVE('',#1091,#1113,#599,.T.);
#1343=EDGE_CURVE('',#1092,#1114,#600,.T.);
#1344=EDGE_CURVE('',#1043,#1115,#601,.T.);
#1345=EDGE_CURVE('',#1115,#1116,#602,.T.);
#1346=EDGE_CURVE('',#1116,#1093,#603,.T.);
#1347=EDGE_CURVE('',#1047,#1117,#604,.T.);
#1348=EDGE_CURVE('',#1117,#1118,#605,.T.);
#1349=EDGE_CURVE('',#1118,#1055,#606,.T.);
#1350=EDGE_CURVE('',#1058,#1119,#607,.T.);
#1351=EDGE_CURVE('',#1119,#1120,#608,.T.);
#1352=EDGE_CURVE('',#1120,#1063,#609,.T.);
#1353=EDGE_CURVE('',#1066,#1121,#610,.T.);
#1354=EDGE_CURVE('',#1121,#1122,#611,.T.);
#1355=EDGE_CURVE('',#1122,#1071,#612,.T.);
#1356=EDGE_CURVE('',#1074,#1123,#613,.T.);
#1357=EDGE_CURVE('',#1123,#1124,#614,.T.);
#1358=EDGE_CURVE('',#1124,#1079,#615,.T.);
#1359=EDGE_CURVE('',#1082,#1125,#616,.T.);
#1360=EDGE_CURVE('',#1125,#1126,#617,.T.);
#1361=EDGE_CURVE('',#1126,#1087,#618,.T.);
#1362=EDGE_CURVE('',#1090,#1127,#619,.T.);
#1363=EDGE_CURVE('',#1127,#1128,#620,.T.);
#1364=EDGE_CURVE('',#1128,#1105,#621,.T.);
#1365=EDGE_CURVE('',#1083,#1129,#622,.T.);
#1366=EDGE_CURVE('',#1129,#1130,#623,.T.);
#1367=EDGE_CURVE('',#1130,#1077,#624,.T.);
#1368=EDGE_CURVE('',#1075,#1131,#625,.T.);
#1369=EDGE_CURVE('',#1131,#1132,#626,.T.);
#1370=EDGE_CURVE('',#1132,#1069,#627,.T.);
#1371=EDGE_CURVE('',#1067,#1133,#628,.T.);
#1372=EDGE_CURVE('',#1133,#1134,#629,.T.);
#1373=EDGE_CURVE('',#1134,#1061,#630,.T.);
#1374=EDGE_CURVE('',#1059,#1135,#631,.T.);
#1375=EDGE_CURVE('',#1135,#1136,#632,.T.);
#1376=EDGE_CURVE('',#1136,#1053,#633,.T.);
#1377=EDGE_CURVE('',#1051,#1137,#634,.T.);
#1378=EDGE_CURVE('',#1137,#1138,#635,.T.);
#1379=EDGE_CURVE('',#1138,#1045,#636,.T.);
#1380=EDGE_CURVE('',#1044,#1139,#637,.T.);
#1381=EDGE_CURVE('',#1140,#1046,#638,.T.);
#1382=EDGE_CURVE('',#1141,#1140,#639,.T.);
#1383=EDGE_CURVE('',#1052,#1141,#640,.T.);
#1384=EDGE_CURVE('',#1142,#1054,#641,.T.);
#1385=EDGE_CURVE('',#1143,#1142,#642,.T.);
#1386=EDGE_CURVE('',#1060,#1143,#643,.T.);
#1387=EDGE_CURVE('',#1144,#1062,#644,.T.);
#1388=EDGE_CURVE('',#1145,#1144,#645,.T.);
#1389=EDGE_CURVE('',#1068,#1145,#646,.T.);
#1390=EDGE_CURVE('',#1146,#1070,#647,.T.);
#1391=EDGE_CURVE('',#1147,#1146,#648,.T.);
#1392=EDGE_CURVE('',#1076,#1147,#649,.T.);
#1393=EDGE_CURVE('',#1148,#1078,#650,.T.);
#1394=EDGE_CURVE('',#1149,#1148,#651,.T.);
#1395=EDGE_CURVE('',#1084,#1149,#652,.T.);
#1396=EDGE_CURVE('',#1150,#1106,#653,.T.);
#1397=EDGE_CURVE('',#1151,#1150,#654,.T.);
#1398=EDGE_CURVE('',#1089,#1151,#655,.T.);
#1399=EDGE_CURVE('',#1152,#1088,#656,.T.);
#1400=EDGE_CURVE('',#1153,#1152,#657,.T.);
#1401=EDGE_CURVE('',#1081,#1153,#658,.T.);
#1402=EDGE_CURVE('',#1154,#1080,#659,.T.);
#1403=EDGE_CURVE('',#1155,#1154,#660,.T.);
#1404=EDGE_CURVE('',#1073,#1155,#661,.T.);
#1405=EDGE_CURVE('',#1156,#1072,#662,.T.);
#1406=EDGE_CURVE('',#1157,#1156,#663,.T.);
#1407=EDGE_CURVE('',#1065,#1157,#664,.T.);
#1408=EDGE_CURVE('',#1158,#1064,#665,.T.);
#1409=EDGE_CURVE('',#1159,#1158,#666,.T.);
#1410=EDGE_CURVE('',#1057,#1159,#667,.T.);
#1411=EDGE_CURVE('',#1160,#1056,#668,.T.);
#1412=EDGE_CURVE('',#1161,#1160,#669,.T.);
#1413=EDGE_CURVE('',#1048,#1161,#670,.T.);
#1414=EDGE_CURVE('',#1162,#1094,#671,.T.);
#1415=EDGE_CURVE('',#1139,#1162,#672,.T.);
#1416=EDGE_CURVE('',#1127,#1151,#673,.T.);
#1417=EDGE_CURVE('',#1128,#1150,#674,.T.);
#1418=EDGE_CURVE('',#1129,#1149,#675,.T.);
#1419=EDGE_CURVE('',#1130,#1148,#676,.T.);
#1420=EDGE_CURVE('',#1125,#1153,#677,.T.);
#1421=EDGE_CURVE('',#1126,#1152,#678,.T.);
#1422=EDGE_CURVE('',#1131,#1147,#679,.T.);
#1423=EDGE_CURVE('',#1132,#1146,#680,.T.);
#1424=EDGE_CURVE('',#1123,#1155,#681,.T.);
#1425=EDGE_CURVE('',#1124,#1154,#682,.T.);
#1426=EDGE_CURVE('',#1133,#1145,#683,.T.);
#1427=EDGE_CURVE('',#1134,#1144,#684,.T.);
#1428=EDGE_CURVE('',#1121,#1157,#685,.T.);
#1429=EDGE_CURVE('',#1122,#1156,#686,.T.);
#1430=EDGE_CURVE('',#1135,#1143,#687,.T.);
#1431=EDGE_CURVE('',#1136,#1142,#688,.T.);
#1432=EDGE_CURVE('',#1119,#1159,#689,.T.);
#1433=EDGE_CURVE('',#1120,#1158,#690,.T.);
#1434=EDGE_CURVE('',#1137,#1141,#691,.T.);
#1435=EDGE_CURVE('',#1138,#1140,#692,.T.);
#1436=EDGE_CURVE('',#1117,#1161,#693,.T.);
#1437=EDGE_CURVE('',#1118,#1160,#694,.T.);
#1438=EDGE_CURVE('',#1115,#1139,#695,.T.);
#1439=EDGE_CURVE('',#1116,#1162,#696,.T.);
#1440=EDGE_CURVE('',#1163,#1163,#973,.T.);
#1441=EDGE_CURVE('',#1163,#1164,#974,.T.);
#1442=EDGE_CURVE('',#1164,#1164,#975,.T.);
#1443=EDGE_CURVE('',#1164,#1165,#697,.T.);
#1444=EDGE_CURVE('',#1165,#1166,#976,.T.);
#1445=EDGE_CURVE('',#1166,#1165,#977,.T.);
#1446=EDGE_CURVE('',#1167,#1166,#978,.T.);
#1447=EDGE_CURVE('',#1168,#1168,#979,.T.);
#1448=EDGE_CURVE('',#1168,#1169,#698,.T.);
#1449=EDGE_CURVE('',#1169,#1169,#980,.T.);
#1450=EDGE_CURVE('',#1170,#1170,#981,.T.);
#1451=EDGE_CURVE('',#1170,#1171,#699,.T.);
#1452=EDGE_CURVE('',#1171,#1171,#982,.T.);
#1453=EDGE_CURVE('',#1172,#1172,#983,.T.);
#1454=EDGE_CURVE('',#1172,#1173,#700,.T.);
#1455=EDGE_CURVE('',#1173,#1173,#984,.T.);
#1456=EDGE_CURVE('',#1173,#1174,#701,.T.);
#1457=EDGE_CURVE('',#1174,#1174,#985,.T.);
#1458=EDGE_CURVE('',#1174,#1175,#702,.T.);
#1459=EDGE_CURVE('',#1175,#1175,#986,.T.);
#1460=ORIENTED_EDGE('',*,*,#1176,.F.);
#1461=ORIENTED_EDGE('',*,*,#1177,.T.);
#1462=ORIENTED_EDGE('',*,*,#1178,.T.);
#1463=ORIENTED_EDGE('',*,*,#1177,.F.);
#1464=ORIENTED_EDGE('',*,*,#1179,.F.);
#1465=ORIENTED_EDGE('',*,*,#1180,.T.);
#1466=ORIENTED_EDGE('',*,*,#1181,.T.);
#1467=ORIENTED_EDGE('',*,*,#1180,.F.);
#1468=ORIENTED_EDGE('',*,*,#1182,.F.);
#1469=ORIENTED_EDGE('',*,*,#1183,.T.);
#1470=ORIENTED_EDGE('',*,*,#1184,.T.);
#1471=ORIENTED_EDGE('',*,*,#1183,.F.);
#1472=ORIENTED_EDGE('',*,*,#1185,.F.);
#1473=ORIENTED_EDGE('',*,*,#1186,.T.);
#1474=ORIENTED_EDGE('',*,*,#1187,.T.);
#1475=ORIENTED_EDGE('',*,*,#1186,.F.);
#1476=ORIENTED_EDGE('',*,*,#1188,.F.);
#1477=ORIENTED_EDGE('',*,*,#1189,.T.);
#1478=ORIENTED_EDGE('',*,*,#1190,.T.);
#1479=ORIENTED_EDGE('',*,*,#1189,.F.);
#1480=ORIENTED_EDGE('',*,*,#1191,.F.);
#1481=ORIENTED_EDGE('',*,*,#1192,.T.);
#1482=ORIENTED_EDGE('',*,*,#1193,.T.);
#1483=ORIENTED_EDGE('',*,*,#1192,.F.);
#1484=ORIENTED_EDGE('',*,*,#1194,.F.);
#1485=ORIENTED_EDGE('',*,*,#1195,.T.);
#1486=ORIENTED_EDGE('',*,*,#1196,.T.);
#1487=ORIENTED_EDGE('',*,*,#1195,.F.);
#1488=ORIENTED_EDGE('',*,*,#1197,.F.);
#1489=ORIENTED_EDGE('',*,*,#1198,.T.);
#1490=ORIENTED_EDGE('',*,*,#1199,.T.);
#1491=ORIENTED_EDGE('',*,*,#1198,.F.);
#1492=ORIENTED_EDGE('',*,*,#1200,.F.);
#1493=ORIENTED_EDGE('',*,*,#1201,.T.);
#1494=ORIENTED_EDGE('',*,*,#1202,.T.);
#1495=ORIENTED_EDGE('',*,*,#1201,.F.);
#1496=ORIENTED_EDGE('',*,*,#1203,.F.);
#1497=ORIENTED_EDGE('',*,*,#1204,.T.);
#1498=ORIENTED_EDGE('',*,*,#1205,.T.);
#1499=ORIENTED_EDGE('',*,*,#1204,.F.);
#1500=ORIENTED_EDGE('',*,*,#1206,.F.);
#1501=ORIENTED_EDGE('',*,*,#1207,.T.);
#1502=ORIENTED_EDGE('',*,*,#1208,.T.);
#1503=ORIENTED_EDGE('',*,*,#1207,.F.);
#1504=ORIENTED_EDGE('',*,*,#1209,.F.);
#1505=ORIENTED_EDGE('',*,*,#1210,.T.);
#1506=ORIENTED_EDGE('',*,*,#1211,.T.);
#1507=ORIENTED_EDGE('',*,*,#1210,.F.);
#1508=ORIENTED_EDGE('',*,*,#1212,.F.);
#1509=ORIENTED_EDGE('',*,*,#1213,.T.);
#1510=ORIENTED_EDGE('',*,*,#1214,.T.);
#1511=ORIENTED_EDGE('',*,*,#1213,.F.);
#1512=ORIENTED_EDGE('',*,*,#1215,.F.);
#1513=ORIENTED_EDGE('',*,*,#1216,.T.);
#1514=ORIENTED_EDGE('',*,*,#1217,.T.);
#1515=ORIENTED_EDGE('',*,*,#1216,.F.);
#1516=ORIENTED_EDGE('',*,*,#1218,.F.);
#1517=ORIENTED_EDGE('',*,*,#1219,.T.);
#1518=ORIENTED_EDGE('',*,*,#1220,.T.);
#1519=ORIENTED_EDGE('',*,*,#1219,.F.);
#1520=ORIENTED_EDGE('',*,*,#1221,.F.);
#1521=ORIENTED_EDGE('',*,*,#1222,.T.);
#1522=ORIENTED_EDGE('',*,*,#1223,.T.);
#1523=ORIENTED_EDGE('',*,*,#1222,.F.);
#1524=ORIENTED_EDGE('',*,*,#1224,.F.);
#1525=ORIENTED_EDGE('',*,*,#1225,.T.);
#1526=ORIENTED_EDGE('',*,*,#1226,.T.);
#1527=ORIENTED_EDGE('',*,*,#1225,.F.);
#1528=ORIENTED_EDGE('',*,*,#1227,.F.);
#1529=ORIENTED_EDGE('',*,*,#1228,.T.);
#1530=ORIENTED_EDGE('',*,*,#1229,.T.);
#1531=ORIENTED_EDGE('',*,*,#1228,.F.);
#1532=ORIENTED_EDGE('',*,*,#1230,.F.);
#1533=ORIENTED_EDGE('',*,*,#1231,.T.);
#1534=ORIENTED_EDGE('',*,*,#1232,.T.);
#1535=ORIENTED_EDGE('',*,*,#1231,.F.);
#1536=ORIENTED_EDGE('',*,*,#1233,.F.);
#1537=ORIENTED_EDGE('',*,*,#1234,.T.);
#1538=ORIENTED_EDGE('',*,*,#1235,.T.);
#1539=ORIENTED_EDGE('',*,*,#1234,.F.);
#1540=ORIENTED_EDGE('',*,*,#1236,.F.);
#1541=ORIENTED_EDGE('',*,*,#1237,.T.);
#1542=ORIENTED_EDGE('',*,*,#1238,.T.);
#1543=ORIENTED_EDGE('',*,*,#1237,.F.);
#1544=ORIENTED_EDGE('',*,*,#1239,.F.);
#1545=ORIENTED_EDGE('',*,*,#1240,.T.);
#1546=ORIENTED_EDGE('',*,*,#1241,.T.);
#1547=ORIENTED_EDGE('',*,*,#1240,.F.);
#1548=ORIENTED_EDGE('',*,*,#1242,.F.);
#1549=ORIENTED_EDGE('',*,*,#1243,.T.);
#1550=ORIENTED_EDGE('',*,*,#1244,.T.);
#1551=ORIENTED_EDGE('',*,*,#1243,.F.);
#1552=ORIENTED_EDGE('',*,*,#1245,.F.);
#1553=ORIENTED_EDGE('',*,*,#1246,.T.);
#1554=ORIENTED_EDGE('',*,*,#1247,.T.);
#1555=ORIENTED_EDGE('',*,*,#1246,.F.);
#1556=ORIENTED_EDGE('',*,*,#1248,.F.);
#1557=ORIENTED_EDGE('',*,*,#1249,.T.);
#1558=ORIENTED_EDGE('',*,*,#1250,.T.);
#1559=ORIENTED_EDGE('',*,*,#1249,.F.);
#1560=ORIENTED_EDGE('',*,*,#1251,.F.);
#1561=ORIENTED_EDGE('',*,*,#1252,.T.);
#1562=ORIENTED_EDGE('',*,*,#1253,.T.);
#1563=ORIENTED_EDGE('',*,*,#1252,.F.);
#1564=ORIENTED_EDGE('',*,*,#1254,.F.);
#1565=ORIENTED_EDGE('',*,*,#1255,.T.);
#1566=ORIENTED_EDGE('',*,*,#1256,.T.);
#1567=ORIENTED_EDGE('',*,*,#1255,.F.);
#1568=ORIENTED_EDGE('',*,*,#1257,.F.);
#1569=ORIENTED_EDGE('',*,*,#1258,.T.);
#1570=ORIENTED_EDGE('',*,*,#1259,.T.);
#1571=ORIENTED_EDGE('',*,*,#1258,.F.);
#1572=ORIENTED_EDGE('',*,*,#1260,.F.);
#1573=ORIENTED_EDGE('',*,*,#1261,.T.);
#1574=ORIENTED_EDGE('',*,*,#1262,.T.);
#1575=ORIENTED_EDGE('',*,*,#1263,.F.);
#1576=ORIENTED_EDGE('',*,*,#1264,.F.);
#1577=ORIENTED_EDGE('',*,*,#1265,.T.);
#1578=ORIENTED_EDGE('',*,*,#1266,.T.);
#1579=ORIENTED_EDGE('',*,*,#1267,.F.);
#1580=ORIENTED_EDGE('',*,*,#1268,.F.);
#1581=ORIENTED_EDGE('',*,*,#1269,.T.);
#1582=ORIENTED_EDGE('',*,*,#1270,.T.);
#1583=ORIENTED_EDGE('',*,*,#1271,.F.);
#1584=ORIENTED_EDGE('',*,*,#1272,.T.);
#1585=ORIENTED_EDGE('',*,*,#1273,.F.);
#1586=ORIENTED_EDGE('',*,*,#1274,.F.);
#1587=ORIENTED_EDGE('',*,*,#1275,.T.);
#1588=ORIENTED_EDGE('',*,*,#1276,.F.);
#1589=ORIENTED_EDGE('',*,*,#1277,.T.);
#1590=ORIENTED_EDGE('',*,*,#1278,.T.);
#1591=ORIENTED_EDGE('',*,*,#1279,.F.);
#1592=ORIENTED_EDGE('',*,*,#1280,.T.);
#1593=ORIENTED_EDGE('',*,*,#1281,.F.);
#1594=ORIENTED_EDGE('',*,*,#1282,.F.);
#1595=ORIENTED_EDGE('',*,*,#1283,.T.);
#1596=ORIENTED_EDGE('',*,*,#1284,.F.);
#1597=ORIENTED_EDGE('',*,*,#1285,.T.);
#1598=ORIENTED_EDGE('',*,*,#1286,.T.);
#1599=ORIENTED_EDGE('',*,*,#1287,.F.);
#1600=ORIENTED_EDGE('',*,*,#1288,.T.);
#1601=ORIENTED_EDGE('',*,*,#1289,.F.);
#1602=ORIENTED_EDGE('',*,*,#1290,.F.);
#1603=ORIENTED_EDGE('',*,*,#1291,.T.);
#1604=ORIENTED_EDGE('',*,*,#1292,.F.);
#1605=ORIENTED_EDGE('',*,*,#1293,.T.);
#1606=ORIENTED_EDGE('',*,*,#1294,.T.);
#1607=ORIENTED_EDGE('',*,*,#1295,.F.);
#1608=ORIENTED_EDGE('',*,*,#1296,.T.);
#1609=ORIENTED_EDGE('',*,*,#1297,.F.);
#1610=ORIENTED_EDGE('',*,*,#1298,.F.);
#1611=ORIENTED_EDGE('',*,*,#1299,.T.);
#1612=ORIENTED_EDGE('',*,*,#1300,.F.);
#1613=ORIENTED_EDGE('',*,*,#1301,.T.);
#1614=ORIENTED_EDGE('',*,*,#1302,.T.);
#1615=ORIENTED_EDGE('',*,*,#1303,.F.);
#1616=ORIENTED_EDGE('',*,*,#1304,.T.);
#1617=ORIENTED_EDGE('',*,*,#1305,.F.);
#1618=ORIENTED_EDGE('',*,*,#1306,.F.);
#1619=ORIENTED_EDGE('',*,*,#1307,.T.);
#1620=ORIENTED_EDGE('',*,*,#1308,.F.);
#1621=ORIENTED_EDGE('',*,*,#1302,.F.);
#1622=ORIENTED_EDGE('',*,*,#1309,.T.);
#1623=ORIENTED_EDGE('',*,*,#1310,.T.);
#1624=ORIENTED_EDGE('',*,*,#1311,.T.);
#1625=ORIENTED_EDGE('',*,*,#1312,.F.);
#1626=ORIENTED_EDGE('',*,*,#1313,.F.);
#1627=ORIENTED_EDGE('',*,*,#1314,.T.);
#1628=ORIENTED_EDGE('',*,*,#1315,.F.);
#1629=ORIENTED_EDGE('',*,*,#1316,.F.);
#1630=ORIENTED_EDGE('',*,*,#1317,.T.);
#1631=ORIENTED_EDGE('',*,*,#1313,.T.);
#1632=ORIENTED_EDGE('',*,*,#1316,.T.);
#1633=ORIENTED_EDGE('',*,*,#1318,.F.);
#1634=ORIENTED_EDGE('',*,*,#1319,.F.);
#1635=ORIENTED_EDGE('',*,*,#1320,.T.);
#1636=ORIENTED_EDGE('',*,*,#1321,.F.);
#1637=ORIENTED_EDGE('',*,*,#1322,.F.);
#1638=ORIENTED_EDGE('',*,*,#1323,.T.);
#1639=ORIENTED_EDGE('',*,*,#1319,.T.);
#1640=ORIENTED_EDGE('',*,*,#1324,.T.);
#1641=ORIENTED_EDGE('',*,*,#1322,.T.);
#1642=ORIENTED_EDGE('',*,*,#1325,.F.);
#1643=ORIENTED_EDGE('',*,*,#1326,.F.);
#1644=ORIENTED_EDGE('',*,*,#1327,.F.);
#1645=ORIENTED_EDGE('',*,*,#1266,.F.);
#1646=ORIENTED_EDGE('',*,*,#1328,.T.);
#1647=ORIENTED_EDGE('',*,*,#1326,.T.);
#1648=ORIENTED_EDGE('',*,*,#1329,.T.);
#1649=ORIENTED_EDGE('',*,*,#1330,.F.);
#1650=ORIENTED_EDGE('',*,*,#1331,.F.);
#1651=ORIENTED_EDGE('',*,*,#1332,.T.);
#1652=ORIENTED_EDGE('',*,*,#1333,.F.);
#1653=ORIENTED_EDGE('',*,*,#1334,.F.);
#1654=ORIENTED_EDGE('',*,*,#1335,.T.);
#1655=ORIENTED_EDGE('',*,*,#1331,.T.);
#1656=ORIENTED_EDGE('',*,*,#1336,.F.);
#1657=ORIENTED_EDGE('',*,*,#1337,.F.);
#1658=ORIENTED_EDGE('',*,*,#1338,.T.);
#1659=ORIENTED_EDGE('',*,*,#1334,.T.);
#1660=ORIENTED_EDGE('',*,*,#1339,.F.);
#1661=ORIENTED_EDGE('',*,*,#1340,.F.);
#1662=ORIENTED_EDGE('',*,*,#1341,.T.);
#1663=ORIENTED_EDGE('',*,*,#1337,.T.);
#1664=ORIENTED_EDGE('',*,*,#1342,.F.);
#1665=ORIENTED_EDGE('',*,*,#1310,.F.);
#1666=ORIENTED_EDGE('',*,*,#1343,.T.);
#1667=ORIENTED_EDGE('',*,*,#1340,.T.);
#1668=ORIENTED_EDGE('',*,*,#1261,.F.);
#1669=ORIENTED_EDGE('',*,*,#1344,.T.);
#1670=ORIENTED_EDGE('',*,*,#1345,.T.);
#1671=ORIENTED_EDGE('',*,*,#1346,.T.);
#1672=ORIENTED_EDGE('',*,*,#1314,.F.);
#1673=ORIENTED_EDGE('',*,*,#1317,.F.);
#1674=ORIENTED_EDGE('',*,*,#1320,.F.);
#1675=ORIENTED_EDGE('',*,*,#1323,.F.);
#1676=ORIENTED_EDGE('',*,*,#1324,.F.);
#1677=ORIENTED_EDGE('',*,*,#1328,.F.);
#1678=ORIENTED_EDGE('',*,*,#1265,.F.);
#1679=ORIENTED_EDGE('',*,*,#1347,.T.);
#1680=ORIENTED_EDGE('',*,*,#1348,.T.);
#1681=ORIENTED_EDGE('',*,*,#1349,.T.);
#1682=ORIENTED_EDGE('',*,*,#1275,.F.);
#1683=ORIENTED_EDGE('',*,*,#1350,.T.);
#1684=ORIENTED_EDGE('',*,*,#1351,.T.);
#1685=ORIENTED_EDGE('',*,*,#1352,.T.);
#1686=ORIENTED_EDGE('',*,*,#1283,.F.);
#1687=ORIENTED_EDGE('',*,*,#1353,.T.);
#1688=ORIENTED_EDGE('',*,*,#1354,.T.);
#1689=ORIENTED_EDGE('',*,*,#1355,.T.);
#1690=ORIENTED_EDGE('',*,*,#1291,.F.);
#1691=ORIENTED_EDGE('',*,*,#1356,.T.);
#1692=ORIENTED_EDGE('',*,*,#1357,.T.);
#1693=ORIENTED_EDGE('',*,*,#1358,.T.);
#1694=ORIENTED_EDGE('',*,*,#1299,.F.);
#1695=ORIENTED_EDGE('',*,*,#1359,.T.);
#1696=ORIENTED_EDGE('',*,*,#1360,.T.);
#1697=ORIENTED_EDGE('',*,*,#1361,.T.);
#1698=ORIENTED_EDGE('',*,*,#1307,.F.);
#1699=ORIENTED_EDGE('',*,*,#1362,.T.);
#1700=ORIENTED_EDGE('',*,*,#1363,.T.);
#1701=ORIENTED_EDGE('',*,*,#1364,.T.);
#1702=ORIENTED_EDGE('',*,*,#1332,.F.);
#1703=ORIENTED_EDGE('',*,*,#1335,.F.);
#1704=ORIENTED_EDGE('',*,*,#1338,.F.);
#1705=ORIENTED_EDGE('',*,*,#1341,.F.);
#1706=ORIENTED_EDGE('',*,*,#1343,.F.);
#1707=ORIENTED_EDGE('',*,*,#1309,.F.);
#1708=ORIENTED_EDGE('',*,*,#1301,.F.);
#1709=ORIENTED_EDGE('',*,*,#1365,.T.);
#1710=ORIENTED_EDGE('',*,*,#1366,.T.);
#1711=ORIENTED_EDGE('',*,*,#1367,.T.);
#1712=ORIENTED_EDGE('',*,*,#1293,.F.);
#1713=ORIENTED_EDGE('',*,*,#1368,.T.);
#1714=ORIENTED_EDGE('',*,*,#1369,.T.);
#1715=ORIENTED_EDGE('',*,*,#1370,.T.);
#1716=ORIENTED_EDGE('',*,*,#1285,.F.);
#1717=ORIENTED_EDGE('',*,*,#1371,.T.);
#1718=ORIENTED_EDGE('',*,*,#1372,.T.);
#1719=ORIENTED_EDGE('',*,*,#1373,.T.);
#1720=ORIENTED_EDGE('',*,*,#1277,.F.);
#1721=ORIENTED_EDGE('',*,*,#1374,.T.);
#1722=ORIENTED_EDGE('',*,*,#1375,.T.);
#1723=ORIENTED_EDGE('',*,*,#1376,.T.);
#1724=ORIENTED_EDGE('',*,*,#1269,.F.);
#1725=ORIENTED_EDGE('',*,*,#1377,.T.);
#1726=ORIENTED_EDGE('',*,*,#1378,.T.);
#1727=ORIENTED_EDGE('',*,*,#1379,.T.);
#1728=ORIENTED_EDGE('',*,*,#1179,.T.);
#1729=ORIENTED_EDGE('',*,*,#1185,.T.);
#1730=ORIENTED_EDGE('',*,*,#1191,.T.);
#1731=ORIENTED_EDGE('',*,*,#1197,.T.);
#1732=ORIENTED_EDGE('',*,*,#1203,.T.);
#1733=ORIENTED_EDGE('',*,*,#1209,.T.);
#1734=ORIENTED_EDGE('',*,*,#1215,.T.);
#1735=ORIENTED_EDGE('',*,*,#1221,.T.);
#1736=ORIENTED_EDGE('',*,*,#1227,.T.);
#1737=ORIENTED_EDGE('',*,*,#1233,.T.);
#1738=ORIENTED_EDGE('',*,*,#1239,.T.);
#1739=ORIENTED_EDGE('',*,*,#1245,.T.);
#1740=ORIENTED_EDGE('',*,*,#1251,.T.);
#1741=ORIENTED_EDGE('',*,*,#1257,.T.);
#1742=ORIENTED_EDGE('',*,*,#1380,.F.);
#1743=ORIENTED_EDGE('',*,*,#1263,.T.);
#1744=ORIENTED_EDGE('',*,*,#1381,.F.);
#1745=ORIENTED_EDGE('',*,*,#1382,.F.);
#1746=ORIENTED_EDGE('',*,*,#1383,.F.);
#1747=ORIENTED_EDGE('',*,*,#1271,.T.);
#1748=ORIENTED_EDGE('',*,*,#1384,.F.);
#1749=ORIENTED_EDGE('',*,*,#1385,.F.);
#1750=ORIENTED_EDGE('',*,*,#1386,.F.);
#1751=ORIENTED_EDGE('',*,*,#1279,.T.);
#1752=ORIENTED_EDGE('',*,*,#1387,.F.);
#1753=ORIENTED_EDGE('',*,*,#1388,.F.);
#1754=ORIENTED_EDGE('',*,*,#1389,.F.);
#1755=ORIENTED_EDGE('',*,*,#1287,.T.);
#1756=ORIENTED_EDGE('',*,*,#1390,.F.);
#1757=ORIENTED_EDGE('',*,*,#1391,.F.);
#1758=ORIENTED_EDGE('',*,*,#1392,.F.);
#1759=ORIENTED_EDGE('',*,*,#1295,.T.);
#1760=ORIENTED_EDGE('',*,*,#1393,.F.);
#1761=ORIENTED_EDGE('',*,*,#1394,.F.);
#1762=ORIENTED_EDGE('',*,*,#1395,.F.);
#1763=ORIENTED_EDGE('',*,*,#1303,.T.);
#1764=ORIENTED_EDGE('',*,*,#1308,.T.);
#1765=ORIENTED_EDGE('',*,*,#1342,.T.);
#1766=ORIENTED_EDGE('',*,*,#1339,.T.);
#1767=ORIENTED_EDGE('',*,*,#1336,.T.);
#1768=ORIENTED_EDGE('',*,*,#1333,.T.);
#1769=ORIENTED_EDGE('',*,*,#1330,.T.);
#1770=ORIENTED_EDGE('',*,*,#1396,.F.);
#1771=ORIENTED_EDGE('',*,*,#1397,.F.);
#1772=ORIENTED_EDGE('',*,*,#1398,.F.);
#1773=ORIENTED_EDGE('',*,*,#1305,.T.);
#1774=ORIENTED_EDGE('',*,*,#1399,.F.);
#1775=ORIENTED_EDGE('',*,*,#1400,.F.);
#1776=ORIENTED_EDGE('',*,*,#1401,.F.);
#1777=ORIENTED_EDGE('',*,*,#1297,.T.);
#1778=ORIENTED_EDGE('',*,*,#1402,.F.);
#1779=ORIENTED_EDGE('',*,*,#1403,.F.);
#1780=ORIENTED_EDGE('',*,*,#1404,.F.);
#1781=ORIENTED_EDGE('',*,*,#1289,.T.);
#1782=ORIENTED_EDGE('',*,*,#1405,.F.);
#1783=ORIENTED_EDGE('',*,*,#1406,.F.);
#1784=ORIENTED_EDGE('',*,*,#1407,.F.);
#1785=ORIENTED_EDGE('',*,*,#1281,.T.);
#1786=ORIENTED_EDGE('',*,*,#1408,.F.);
#1787=ORIENTED_EDGE('',*,*,#1409,.F.);
#1788=ORIENTED_EDGE('',*,*,#1410,.F.);
#1789=ORIENTED_EDGE('',*,*,#1273,.T.);
#1790=ORIENTED_EDGE('',*,*,#1411,.F.);
#1791=ORIENTED_EDGE('',*,*,#1412,.F.);
#1792=ORIENTED_EDGE('',*,*,#1413,.F.);
#1793=ORIENTED_EDGE('',*,*,#1267,.T.);
#1794=ORIENTED_EDGE('',*,*,#1327,.T.);
#1795=ORIENTED_EDGE('',*,*,#1325,.T.);
#1796=ORIENTED_EDGE('',*,*,#1321,.T.);
#1797=ORIENTED_EDGE('',*,*,#1318,.T.);
#1798=ORIENTED_EDGE('',*,*,#1315,.T.);
#1799=ORIENTED_EDGE('',*,*,#1312,.T.);
#1800=ORIENTED_EDGE('',*,*,#1414,.F.);
#1801=ORIENTED_EDGE('',*,*,#1415,.F.);
#1802=ORIENTED_EDGE('',*,*,#1178,.F.);
#1803=ORIENTED_EDGE('',*,*,#1184,.F.);
#1804=ORIENTED_EDGE('',*,*,#1190,.F.);
#1805=ORIENTED_EDGE('',*,*,#1196,.F.);
#1806=ORIENTED_EDGE('',*,*,#1202,.F.);
#1807=ORIENTED_EDGE('',*,*,#1208,.F.);
#1808=ORIENTED_EDGE('',*,*,#1214,.F.);
#1809=ORIENTED_EDGE('',*,*,#1220,.F.);
#1810=ORIENTED_EDGE('',*,*,#1226,.F.);
#1811=ORIENTED_EDGE('',*,*,#1232,.F.);
#1812=ORIENTED_EDGE('',*,*,#1238,.F.);
#1813=ORIENTED_EDGE('',*,*,#1244,.F.);
#1814=ORIENTED_EDGE('',*,*,#1250,.F.);
#1815=ORIENTED_EDGE('',*,*,#1256,.F.);
#1816=ORIENTED_EDGE('',*,*,#1254,.T.);
#1817=ORIENTED_EDGE('',*,*,#1259,.F.);
#1818=ORIENTED_EDGE('',*,*,#1398,.T.);
#1819=ORIENTED_EDGE('',*,*,#1416,.F.);
#1820=ORIENTED_EDGE('',*,*,#1362,.F.);
#1821=ORIENTED_EDGE('',*,*,#1306,.T.);
#1822=ORIENTED_EDGE('',*,*,#1396,.T.);
#1823=ORIENTED_EDGE('',*,*,#1329,.F.);
#1824=ORIENTED_EDGE('',*,*,#1364,.F.);
#1825=ORIENTED_EDGE('',*,*,#1417,.T.);
#1826=ORIENTED_EDGE('',*,*,#1397,.T.);
#1827=ORIENTED_EDGE('',*,*,#1417,.F.);
#1828=ORIENTED_EDGE('',*,*,#1363,.F.);
#1829=ORIENTED_EDGE('',*,*,#1416,.T.);
#1830=ORIENTED_EDGE('',*,*,#1395,.T.);
#1831=ORIENTED_EDGE('',*,*,#1418,.F.);
#1832=ORIENTED_EDGE('',*,*,#1365,.F.);
#1833=ORIENTED_EDGE('',*,*,#1300,.T.);
#1834=ORIENTED_EDGE('',*,*,#1393,.T.);
#1835=ORIENTED_EDGE('',*,*,#1294,.F.);
#1836=ORIENTED_EDGE('',*,*,#1367,.F.);
#1837=ORIENTED_EDGE('',*,*,#1419,.T.);
#1838=ORIENTED_EDGE('',*,*,#1394,.T.);
#1839=ORIENTED_EDGE('',*,*,#1419,.F.);
#1840=ORIENTED_EDGE('',*,*,#1366,.F.);
#1841=ORIENTED_EDGE('',*,*,#1418,.T.);
#1842=ORIENTED_EDGE('',*,*,#1248,.T.);
#1843=ORIENTED_EDGE('',*,*,#1253,.F.);
#1844=ORIENTED_EDGE('',*,*,#1242,.T.);
#1845=ORIENTED_EDGE('',*,*,#1247,.F.);
#1846=ORIENTED_EDGE('',*,*,#1236,.T.);
#1847=ORIENTED_EDGE('',*,*,#1241,.F.);
#1848=ORIENTED_EDGE('',*,*,#1230,.T.);
#1849=ORIENTED_EDGE('',*,*,#1235,.F.);
#1850=ORIENTED_EDGE('',*,*,#1224,.T.);
#1851=ORIENTED_EDGE('',*,*,#1229,.F.);
#1852=ORIENTED_EDGE('',*,*,#1218,.T.);
#1853=ORIENTED_EDGE('',*,*,#1223,.F.);
#1854=ORIENTED_EDGE('',*,*,#1212,.T.);
#1855=ORIENTED_EDGE('',*,*,#1217,.F.);
#1856=ORIENTED_EDGE('',*,*,#1206,.T.);
#1857=ORIENTED_EDGE('',*,*,#1211,.F.);
#1858=ORIENTED_EDGE('',*,*,#1200,.T.);
#1859=ORIENTED_EDGE('',*,*,#1205,.F.);
#1860=ORIENTED_EDGE('',*,*,#1194,.T.);
#1861=ORIENTED_EDGE('',*,*,#1199,.F.);
#1862=ORIENTED_EDGE('',*,*,#1188,.T.);
#1863=ORIENTED_EDGE('',*,*,#1193,.F.);
#1864=ORIENTED_EDGE('',*,*,#1182,.T.);
#1865=ORIENTED_EDGE('',*,*,#1187,.F.);
#1866=ORIENTED_EDGE('',*,*,#1176,.T.);
#1867=ORIENTED_EDGE('',*,*,#1181,.F.);
#1868=ORIENTED_EDGE('',*,*,#1401,.T.);
#1869=ORIENTED_EDGE('',*,*,#1420,.F.);
#1870=ORIENTED_EDGE('',*,*,#1359,.F.);
#1871=ORIENTED_EDGE('',*,*,#1298,.T.);
#1872=ORIENTED_EDGE('',*,*,#1399,.T.);
#1873=ORIENTED_EDGE('',*,*,#1304,.F.);
#1874=ORIENTED_EDGE('',*,*,#1361,.F.);
#1875=ORIENTED_EDGE('',*,*,#1421,.T.);
#1876=ORIENTED_EDGE('',*,*,#1400,.T.);
#1877=ORIENTED_EDGE('',*,*,#1421,.F.);
#1878=ORIENTED_EDGE('',*,*,#1360,.F.);
#1879=ORIENTED_EDGE('',*,*,#1420,.T.);
#1880=ORIENTED_EDGE('',*,*,#1392,.T.);
#1881=ORIENTED_EDGE('',*,*,#1422,.F.);
#1882=ORIENTED_EDGE('',*,*,#1368,.F.);
#1883=ORIENTED_EDGE('',*,*,#1292,.T.);
#1884=ORIENTED_EDGE('',*,*,#1390,.T.);
#1885=ORIENTED_EDGE('',*,*,#1286,.F.);
#1886=ORIENTED_EDGE('',*,*,#1370,.F.);
#1887=ORIENTED_EDGE('',*,*,#1423,.T.);
#1888=ORIENTED_EDGE('',*,*,#1391,.T.);
#1889=ORIENTED_EDGE('',*,*,#1423,.F.);
#1890=ORIENTED_EDGE('',*,*,#1369,.F.);
#1891=ORIENTED_EDGE('',*,*,#1422,.T.);
#1892=ORIENTED_EDGE('',*,*,#1404,.T.);
#1893=ORIENTED_EDGE('',*,*,#1424,.F.);
#1894=ORIENTED_EDGE('',*,*,#1356,.F.);
#1895=ORIENTED_EDGE('',*,*,#1290,.T.);
#1896=ORIENTED_EDGE('',*,*,#1402,.T.);
#1897=ORIENTED_EDGE('',*,*,#1296,.F.);
#1898=ORIENTED_EDGE('',*,*,#1358,.F.);
#1899=ORIENTED_EDGE('',*,*,#1425,.T.);
#1900=ORIENTED_EDGE('',*,*,#1403,.T.);
#1901=ORIENTED_EDGE('',*,*,#1425,.F.);
#1902=ORIENTED_EDGE('',*,*,#1357,.F.);
#1903=ORIENTED_EDGE('',*,*,#1424,.T.);
#1904=ORIENTED_EDGE('',*,*,#1389,.T.);
#1905=ORIENTED_EDGE('',*,*,#1426,.F.);
#1906=ORIENTED_EDGE('',*,*,#1371,.F.);
#1907=ORIENTED_EDGE('',*,*,#1284,.T.);
#1908=ORIENTED_EDGE('',*,*,#1387,.T.);
#1909=ORIENTED_EDGE('',*,*,#1278,.F.);
#1910=ORIENTED_EDGE('',*,*,#1373,.F.);
#1911=ORIENTED_EDGE('',*,*,#1427,.T.);
#1912=ORIENTED_EDGE('',*,*,#1388,.T.);
#1913=ORIENTED_EDGE('',*,*,#1427,.F.);
#1914=ORIENTED_EDGE('',*,*,#1372,.F.);
#1915=ORIENTED_EDGE('',*,*,#1426,.T.);
#1916=ORIENTED_EDGE('',*,*,#1407,.T.);
#1917=ORIENTED_EDGE('',*,*,#1428,.F.);
#1918=ORIENTED_EDGE('',*,*,#1353,.F.);
#1919=ORIENTED_EDGE('',*,*,#1282,.T.);
#1920=ORIENTED_EDGE('',*,*,#1405,.T.);
#1921=ORIENTED_EDGE('',*,*,#1288,.F.);
#1922=ORIENTED_EDGE('',*,*,#1355,.F.);
#1923=ORIENTED_EDGE('',*,*,#1429,.T.);
#1924=ORIENTED_EDGE('',*,*,#1406,.T.);
#1925=ORIENTED_EDGE('',*,*,#1429,.F.);
#1926=ORIENTED_EDGE('',*,*,#1354,.F.);
#1927=ORIENTED_EDGE('',*,*,#1428,.T.);
#1928=ORIENTED_EDGE('',*,*,#1386,.T.);
#1929=ORIENTED_EDGE('',*,*,#1430,.F.);
#1930=ORIENTED_EDGE('',*,*,#1374,.F.);
#1931=ORIENTED_EDGE('',*,*,#1276,.T.);
#1932=ORIENTED_EDGE('',*,*,#1384,.T.);
#1933=ORIENTED_EDGE('',*,*,#1270,.F.);
#1934=ORIENTED_EDGE('',*,*,#1376,.F.);
#1935=ORIENTED_EDGE('',*,*,#1431,.T.);
#1936=ORIENTED_EDGE('',*,*,#1385,.T.);
#1937=ORIENTED_EDGE('',*,*,#1431,.F.);
#1938=ORIENTED_EDGE('',*,*,#1375,.F.);
#1939=ORIENTED_EDGE('',*,*,#1430,.T.);
#1940=ORIENTED_EDGE('',*,*,#1410,.T.);
#1941=ORIENTED_EDGE('',*,*,#1432,.F.);
#1942=ORIENTED_EDGE('',*,*,#1350,.F.);
#1943=ORIENTED_EDGE('',*,*,#1274,.T.);
#1944=ORIENTED_EDGE('',*,*,#1408,.T.);
#1945=ORIENTED_EDGE('',*,*,#1280,.F.);
#1946=ORIENTED_EDGE('',*,*,#1352,.F.);
#1947=ORIENTED_EDGE('',*,*,#1433,.T.);
#1948=ORIENTED_EDGE('',*,*,#1409,.T.);
#1949=ORIENTED_EDGE('',*,*,#1433,.F.);
#1950=ORIENTED_EDGE('',*,*,#1351,.F.);
#1951=ORIENTED_EDGE('',*,*,#1432,.T.);
#1952=ORIENTED_EDGE('',*,*,#1383,.T.);
#1953=ORIENTED_EDGE('',*,*,#1434,.F.);
#1954=ORIENTED_EDGE('',*,*,#1377,.F.);
#1955=ORIENTED_EDGE('',*,*,#1268,.T.);
#1956=ORIENTED_EDGE('',*,*,#1381,.T.);
#1957=ORIENTED_EDGE('',*,*,#1262,.F.);
#1958=ORIENTED_EDGE('',*,*,#1379,.F.);
#1959=ORIENTED_EDGE('',*,*,#1435,.T.);
#1960=ORIENTED_EDGE('',*,*,#1382,.T.);
#1961=ORIENTED_EDGE('',*,*,#1435,.F.);
#1962=ORIENTED_EDGE('',*,*,#1378,.F.);
#1963=ORIENTED_EDGE('',*,*,#1434,.T.);
#1964=ORIENTED_EDGE('',*,*,#1413,.T.);
#1965=ORIENTED_EDGE('',*,*,#1436,.F.);
#1966=ORIENTED_EDGE('',*,*,#1347,.F.);
#1967=ORIENTED_EDGE('',*,*,#1264,.T.);
#1968=ORIENTED_EDGE('',*,*,#1411,.T.);
#1969=ORIENTED_EDGE('',*,*,#1272,.F.);
#1970=ORIENTED_EDGE('',*,*,#1349,.F.);
#1971=ORIENTED_EDGE('',*,*,#1437,.T.);
#1972=ORIENTED_EDGE('',*,*,#1412,.T.);
#1973=ORIENTED_EDGE('',*,*,#1437,.F.);
#1974=ORIENTED_EDGE('',*,*,#1348,.F.);
#1975=ORIENTED_EDGE('',*,*,#1436,.T.);
#1976=ORIENTED_EDGE('',*,*,#1380,.T.);
#1977=ORIENTED_EDGE('',*,*,#1438,.F.);
#1978=ORIENTED_EDGE('',*,*,#1344,.F.);
#1979=ORIENTED_EDGE('',*,*,#1260,.T.);
#1980=ORIENTED_EDGE('',*,*,#1414,.T.);
#1981=ORIENTED_EDGE('',*,*,#1311,.F.);
#1982=ORIENTED_EDGE('',*,*,#1346,.F.);
#1983=ORIENTED_EDGE('',*,*,#1439,.T.);
#1984=ORIENTED_EDGE('',*,*,#1415,.T.);
#1985=ORIENTED_EDGE('',*,*,#1439,.F.);
#1986=ORIENTED_EDGE('',*,*,#1345,.F.);
#1987=ORIENTED_EDGE('',*,*,#1438,.T.);
#1988=ORIENTED_EDGE('',*,*,#1440,.F.);
#1989=ORIENTED_EDGE('',*,*,#1441,.T.);
#1990=ORIENTED_EDGE('',*,*,#1442,.T.);
#1991=ORIENTED_EDGE('',*,*,#1441,.F.);
#1992=ORIENTED_EDGE('',*,*,#1442,.F.);
#1993=ORIENTED_EDGE('',*,*,#1443,.T.);
#1994=ORIENTED_EDGE('',*,*,#1444,.T.);
#1995=ORIENTED_EDGE('',*,*,#1445,.T.);
#1996=ORIENTED_EDGE('',*,*,#1443,.F.);
#1997=ORIENTED_EDGE('',*,*,#1444,.F.);
#1998=ORIENTED_EDGE('',*,*,#1445,.F.);
#1999=ORIENTED_EDGE('',*,*,#1446,.F.);
#2000=ORIENTED_EDGE('',*,*,#1446,.T.);
#2001=ORIENTED_EDGE('',*,*,#1447,.F.);
#2002=ORIENTED_EDGE('',*,*,#1448,.T.);
#2003=ORIENTED_EDGE('',*,*,#1449,.T.);
#2004=ORIENTED_EDGE('',*,*,#1448,.F.);
#2005=ORIENTED_EDGE('',*,*,#1450,.F.);
#2006=ORIENTED_EDGE('',*,*,#1451,.T.);
#2007=ORIENTED_EDGE('',*,*,#1452,.T.);
#2008=ORIENTED_EDGE('',*,*,#1451,.F.);
#2009=ORIENTED_EDGE('',*,*,#1453,.F.);
#2010=ORIENTED_EDGE('',*,*,#1454,.T.);
#2011=ORIENTED_EDGE('',*,*,#1455,.T.);
#2012=ORIENTED_EDGE('',*,*,#1454,.F.);
#2013=ORIENTED_EDGE('',*,*,#1455,.F.);
#2014=ORIENTED_EDGE('',*,*,#1456,.T.);
#2015=ORIENTED_EDGE('',*,*,#1457,.T.);
#2016=ORIENTED_EDGE('',*,*,#1456,.F.);
#2017=ORIENTED_EDGE('',*,*,#1457,.F.);
#2018=ORIENTED_EDGE('',*,*,#1458,.T.);
#2019=ORIENTED_EDGE('',*,*,#1459,.T.);
#2020=ORIENTED_EDGE('',*,*,#1458,.F.);
#2021=ORIENTED_EDGE('',*,*,#1453,.T.);
#2022=ORIENTED_EDGE('',*,*,#1452,.F.);
#2023=ORIENTED_EDGE('',*,*,#1449,.F.);
#2024=ORIENTED_EDGE('',*,*,#1450,.T.);
#2025=ORIENTED_EDGE('',*,*,#1447,.T.);
#2026=ORIENTED_EDGE('',*,*,#1459,.F.);
#2027=ORIENTED_EDGE('',*,*,#1440,.T.);
#2028=CYLINDRICAL_SURFACE('',#2204,0.0374000000000005);
#2029=CYLINDRICAL_SURFACE('',#2207,0.0287400000000005);
#2030=CYLINDRICAL_SURFACE('',#2210,0.0374000000000005);
#2031=CYLINDRICAL_SURFACE('',#2213,0.0287400000000005);
#2032=CYLINDRICAL_SURFACE('',#2216,0.0374000000000005);
#2033=CYLINDRICAL_SURFACE('',#2219,0.0287400000000005);
#2034=CYLINDRICAL_SURFACE('',#2222,0.0374000000000005);
#2035=CYLINDRICAL_SURFACE('',#2225,0.0287400000000005);
#2036=CYLINDRICAL_SURFACE('',#2228,0.0374000000000005);
#2037=CYLINDRICAL_SURFACE('',#2231,0.0287400000000005);
#2038=CYLINDRICAL_SURFACE('',#2234,0.0374000000000005);
#2039=CYLINDRICAL_SURFACE('',#2237,0.0287400000000005);
#2040=CYLINDRICAL_SURFACE('',#2240,0.0374000000000005);
#2041=CYLINDRICAL_SURFACE('',#2243,0.0287400000000005);
#2042=CYLINDRICAL_SURFACE('',#2246,0.0374000000000005);
#2043=CYLINDRICAL_SURFACE('',#2249,0.0287400000000005);
#2044=CYLINDRICAL_SURFACE('',#2252,0.0374000000000005);
#2045=CYLINDRICAL_SURFACE('',#2255,0.0287400000000005);
#2046=CYLINDRICAL_SURFACE('',#2258,0.0374000000000005);
#2047=CYLINDRICAL_SURFACE('',#2261,0.0287400000000005);
#2048=CYLINDRICAL_SURFACE('',#2264,0.0374000000000005);
#2049=CYLINDRICAL_SURFACE('',#2267,0.0287400000000005);
#2050=CYLINDRICAL_SURFACE('',#2270,0.0374000000000005);
#2051=CYLINDRICAL_SURFACE('',#2273,0.0287400000000005);
#2052=CYLINDRICAL_SURFACE('',#2276,0.0374000000000005);
#2053=CYLINDRICAL_SURFACE('',#2279,0.0287400000000005);
#2054=CYLINDRICAL_SURFACE('',#2282,0.0374000000000005);
#2055=CYLINDRICAL_SURFACE('',#2285,0.0287400000000005);
#2056=CYLINDRICAL_SURFACE('',#2369,0.00999999999999921);
#2057=CYLINDRICAL_SURFACE('',#2374,0.0349999999999979);
#2058=CYLINDRICAL_SURFACE('',#2377,0.028);
#2059=CYLINDRICAL_SURFACE('',#2383,0.0264999999999993);
#2060=ADVANCED_FACE('',(#212),#2028,.F.);
#2061=ADVANCED_FACE('',(#213),#2029,.F.);
#2062=ADVANCED_FACE('',(#214),#2030,.F.);
#2063=ADVANCED_FACE('',(#215),#2031,.F.);
#2064=ADVANCED_FACE('',(#216),#2032,.F.);
#2065=ADVANCED_FACE('',(#217),#2033,.F.);
#2066=ADVANCED_FACE('',(#218),#2034,.F.);
#2067=ADVANCED_FACE('',(#219),#2035,.F.);
#2068=ADVANCED_FACE('',(#220),#2036,.F.);
#2069=ADVANCED_FACE('',(#221),#2037,.F.);
#2070=ADVANCED_FACE('',(#222),#2038,.F.);
#2071=ADVANCED_FACE('',(#223),#2039,.F.);
#2072=ADVANCED_FACE('',(#224),#2040,.F.);
#2073=ADVANCED_FACE('',(#225),#2041,.F.);
#2074=ADVANCED_FACE('',(#226),#2042,.F.);
#2075=ADVANCED_FACE('',(#227),#2043,.F.);
#2076=ADVANCED_FACE('',(#228),#2044,.F.);
#2077=ADVANCED_FACE('',(#229),#2045,.F.);
#2078=ADVANCED_FACE('',(#230),#2046,.F.);
#2079=ADVANCED_FACE('',(#231),#2047,.F.);
#2080=ADVANCED_FACE('',(#232),#2048,.F.);
#2081=ADVANCED_FACE('',(#233),#2049,.F.);
#2082=ADVANCED_FACE('',(#234),#2050,.F.);
#2083=ADVANCED_FACE('',(#235),#2051,.F.);
#2084=ADVANCED_FACE('',(#236),#2052,.F.);
#2085=ADVANCED_FACE('',(#237),#2053,.F.);
#2086=ADVANCED_FACE('',(#238),#2054,.F.);
#2087=ADVANCED_FACE('',(#239),#2055,.F.);
#2088=ADVANCED_FACE('',(#240),#132,.T.);
#2089=ADVANCED_FACE('',(#241),#133,.T.);
#2090=ADVANCED_FACE('',(#242),#134,.T.);
#2091=ADVANCED_FACE('',(#243),#135,.T.);
#2092=ADVANCED_FACE('',(#244),#136,.T.);
#2093=ADVANCED_FACE('',(#245),#137,.T.);
#2094=ADVANCED_FACE('',(#246),#138,.T.);
#2095=ADVANCED_FACE('',(#247),#139,.T.);
#2096=ADVANCED_FACE('',(#248),#140,.T.);
#2097=ADVANCED_FACE('',(#249),#141,.T.);
#2098=ADVANCED_FACE('',(#250),#142,.T.);
#2099=ADVANCED_FACE('',(#251),#143,.T.);
#2100=ADVANCED_FACE('',(#252),#144,.T.);
#2101=ADVANCED_FACE('',(#253),#145,.T.);
#2102=ADVANCED_FACE('',(#254),#146,.T.);
#2103=ADVANCED_FACE('',(#255),#147,.T.);
#2104=ADVANCED_FACE('',(#256),#148,.T.);
#2105=ADVANCED_FACE('',(#257),#149,.T.);
#2106=ADVANCED_FACE('',(#258),#150,.T.);
#2107=ADVANCED_FACE('',(#259),#151,.T.);
#2108=ADVANCED_FACE('',(#260),#152,.T.);
#2109=ADVANCED_FACE('',(#261),#153,.T.);
#2110=ADVANCED_FACE('',(#262),#154,.T.);
#2111=ADVANCED_FACE('',(#263),#155,.T.);
#2112=ADVANCED_FACE('',(#264,#87,#88,#89,#90,#91,#92,#93,#94,#95,#96,#97,
#98,#99,#100),#156,.F.);
#2113=ADVANCED_FACE('',(#265,#101,#102,#103,#104,#105,#106,#107,#108,#109,
#110,#111,#112,#113,#114),#157,.T.);
#2114=ADVANCED_FACE('',(#266,#115),#158,.F.);
#2115=ADVANCED_FACE('',(#267),#159,.F.);
#2116=ADVANCED_FACE('',(#268),#160,.F.);
#2117=ADVANCED_FACE('',(#269),#161,.F.);
#2118=ADVANCED_FACE('',(#270),#162,.F.);
#2119=ADVANCED_FACE('',(#271),#163,.F.);
#2120=ADVANCED_FACE('',(#272),#164,.F.);
#2121=ADVANCED_FACE('',(#273,#116),#165,.F.);
#2122=ADVANCED_FACE('',(#274,#117),#166,.F.);
#2123=ADVANCED_FACE('',(#275,#118),#167,.F.);
#2124=ADVANCED_FACE('',(#276,#119),#168,.F.);
#2125=ADVANCED_FACE('',(#277,#120),#169,.F.);
#2126=ADVANCED_FACE('',(#278,#121),#170,.F.);
#2127=ADVANCED_FACE('',(#279,#122),#171,.F.);
#2128=ADVANCED_FACE('',(#280,#123),#172,.F.);
#2129=ADVANCED_FACE('',(#281,#124),#173,.F.);
#2130=ADVANCED_FACE('',(#282,#125),#174,.F.);
#2131=ADVANCED_FACE('',(#283,#126),#175,.F.);
#2132=ADVANCED_FACE('',(#284,#127),#176,.F.);
#2133=ADVANCED_FACE('',(#285,#128),#177,.F.);
#2134=ADVANCED_FACE('',(#286),#178,.F.);
#2135=ADVANCED_FACE('',(#287),#179,.F.);
#2136=ADVANCED_FACE('',(#288),#180,.F.);
#2137=ADVANCED_FACE('',(#289),#181,.F.);
#2138=ADVANCED_FACE('',(#290),#182,.F.);
#2139=ADVANCED_FACE('',(#291),#183,.F.);
#2140=ADVANCED_FACE('',(#292),#184,.F.);
#2141=ADVANCED_FACE('',(#293),#185,.F.);
#2142=ADVANCED_FACE('',(#294),#186,.F.);
#2143=ADVANCED_FACE('',(#295),#187,.F.);
#2144=ADVANCED_FACE('',(#296),#188,.F.);
#2145=ADVANCED_FACE('',(#297),#189,.F.);
#2146=ADVANCED_FACE('',(#298),#190,.F.);
#2147=ADVANCED_FACE('',(#299),#191,.F.);
#2148=ADVANCED_FACE('',(#300),#192,.F.);
#2149=ADVANCED_FACE('',(#301),#193,.F.);
#2150=ADVANCED_FACE('',(#302),#194,.F.);
#2151=ADVANCED_FACE('',(#303),#195,.F.);
#2152=ADVANCED_FACE('',(#304),#196,.F.);
#2153=ADVANCED_FACE('',(#305),#197,.F.);
#2154=ADVANCED_FACE('',(#306),#198,.F.);
#2155=ADVANCED_FACE('',(#307),#199,.F.);
#2156=ADVANCED_FACE('',(#308),#200,.F.);
#2157=ADVANCED_FACE('',(#309),#201,.F.);
#2158=ADVANCED_FACE('',(#310),#202,.F.);
#2159=ADVANCED_FACE('',(#311),#203,.F.);
#2160=ADVANCED_FACE('',(#312),#204,.F.);
#2161=ADVANCED_FACE('',(#313),#205,.F.);
#2162=ADVANCED_FACE('',(#314),#206,.F.);
#2163=ADVANCED_FACE('',(#315),#207,.F.);
#2164=ADVANCED_FACE('',(#316),#78,.F.);
#2165=ADVANCED_FACE('',(#317),#2056,.T.);
#2166=ADVANCED_FACE('',(#318),#77,.T.);
#2167=ADVANCED_FACE('',(#319),#2057,.T.);
#2168=ADVANCED_FACE('',(#320),#2058,.T.);
#2169=ADVANCED_FACE('',(#321),#75,.T.);
#2170=ADVANCED_FACE('',(#322),#2059,.T.);
#2171=ADVANCED_FACE('',(#323),#76,.T.);
#2172=ADVANCED_FACE('',(#324,#129),#208,.F.);
#2173=ADVANCED_FACE('',(#325,#130),#209,.F.);
#2174=ADVANCED_FACE('',(#326),#210,.F.);
#2175=ADVANCED_FACE('',(#327,#131),#211,.F.);
#2176=CLOSED_SHELL('',(#2060,#2061,#2062,#2063,#2064,#2065,#2066,#2067,
#2068,#2069,#2070,#2071,#2072,#2073,#2074,#2075,#2076,#2077,#2078,#2079,
#2080,#2081,#2082,#2083,#2084,#2085,#2086,#2087,#2088,#2089,#2090,#2091,
#2092,#2093,#2094,#2095,#2096,#2097,#2098,#2099,#2100,#2101,#2102,#2103,
#2104,#2105,#2106,#2107,#2108,#2109,#2110,#2111,#2112,#2113,#2114,#2115,
#2116,#2117,#2118,#2119,#2120,#2121,#2122,#2123,#2124,#2125,#2126,#2127,
#2128,#2129,#2130,#2131,#2132,#2133,#2134,#2135,#2136,#2137,#2138,#2139,
#2140,#2141,#2142,#2143,#2144,#2145,#2146,#2147,#2148,#2149,#2150,#2151,
#2152,#2153,#2154,#2155,#2156,#2157,#2158,#2159,#2160,#2161,#2162,#2163));
#2177=CLOSED_SHELL('',(#2164,#2165,#2166,#2167,#2168,#2169,#2170,#2171,
#2172,#2173,#2174,#2175));
#2178=DERIVED_UNIT_ELEMENT(#2182,1.);
#2179=DERIVED_UNIT_ELEMENT(#3655,-3.);
#2180=DERIVED_UNIT_ELEMENT(#2182,1.);
#2181=DERIVED_UNIT_ELEMENT(#3655,-3.);
#2182=(
MASS_UNIT()
NAMED_UNIT(*)
SI_UNIT(.KILO.,.GRAM.)
);
#2183=DERIVED_UNIT((#2178,#2179));
#2184=DERIVED_UNIT((#2180,#2181));
#2185=MEASURE_REPRESENTATION_ITEM('density measure',
POSITIVE_RATIO_MEASURE(7850.),#2183);
#2186=MEASURE_REPRESENTATION_ITEM('density measure',
POSITIVE_RATIO_MEASURE(7850.),#2184);
#2187=PROPERTY_DEFINITION_REPRESENTATION(#2197,#2191);
#2188=PROPERTY_DEFINITION_REPRESENTATION(#2198,#2192);
#2189=PROPERTY_DEFINITION_REPRESENTATION(#2199,#2193);
#2190=PROPERTY_DEFINITION_REPRESENTATION(#2200,#2194);
#2191=REPRESENTATION('material name',(#2195),#3649);
#2192=REPRESENTATION('density',(#2185),#3649);
#2193=REPRESENTATION('material name',(#2196),#3650);
#2194=REPRESENTATION('density',(#2186),#3650);
#2195=DESCRIPTIVE_REPRESENTATION_ITEM('Steel','Steel');
#2196=DESCRIPTIVE_REPRESENTATION_ITEM('Steel','Steel');
#2197=PROPERTY_DEFINITION('material property','material name',#3690);
#2198=PROPERTY_DEFINITION('material property','density of part',#3690);
#2199=PROPERTY_DEFINITION('material property','material name',#3691);
#2200=PROPERTY_DEFINITION('material property','density of part',#3691);
#2201=AXIS2_PLACEMENT_3D('',#3033,#2407,#2408);
#2202=AXIS2_PLACEMENT_3D('',#3034,#2409,#2410);
#2203=AXIS2_PLACEMENT_3D('',#3035,#2411,#2412);
#2204=AXIS2_PLACEMENT_3D('',#3036,#2413,#2414);
#2205=AXIS2_PLACEMENT_3D('',#3038,#2415,#2416);
#2206=AXIS2_PLACEMENT_3D('',#3041,#2418,#2419);
#2207=AXIS2_PLACEMENT_3D('',#3042,#2420,#2421);
#2208=AXIS2_PLACEMENT_3D('',#3044,#2422,#2423);
#2209=AXIS2_PLACEMENT_3D('',#3047,#2425,#2426);
#2210=AXIS2_PLACEMENT_3D('',#3048,#2427,#2428);
#2211=AXIS2_PLACEMENT_3D('',#3050,#2429,#2430);
#2212=AXIS2_PLACEMENT_3D('',#3053,#2432,#2433);
#2213=AXIS2_PLACEMENT_3D('',#3054,#2434,#2435);
#2214=AXIS2_PLACEMENT_3D('',#3056,#2436,#2437);
#2215=AXIS2_PLACEMENT_3D('',#3059,#2439,#2440);
#2216=AXIS2_PLACEMENT_3D('',#3060,#2441,#2442);
#2217=AXIS2_PLACEMENT_3D('',#3062,#2443,#2444);
#2218=AXIS2_PLACEMENT_3D('',#3065,#2446,#2447);
#2219=AXIS2_PLACEMENT_3D('',#3066,#2448,#2449);
#2220=AXIS2_PLACEMENT_3D('',#3068,#2450,#2451);
#2221=AXIS2_PLACEMENT_3D('',#3071,#2453,#2454);
#2222=AXIS2_PLACEMENT_3D('',#3072,#2455,#2456);
#2223=AXIS2_PLACEMENT_3D('',#3074,#2457,#2458);
#2224=AXIS2_PLACEMENT_3D('',#3077,#2460,#2461);
#2225=AXIS2_PLACEMENT_3D('',#3078,#2462,#2463);
#2226=AXIS2_PLACEMENT_3D('',#3080,#2464,#2465);
#2227=AXIS2_PLACEMENT_3D('',#3083,#2467,#2468);
#2228=AXIS2_PLACEMENT_3D('',#3084,#2469,#2470);
#2229=AXIS2_PLACEMENT_3D('',#3086,#2471,#2472);
#2230=AXIS2_PLACEMENT_3D('',#3089,#2474,#2475);
#2231=AXIS2_PLACEMENT_3D('',#3090,#2476,#2477);
#2232=AXIS2_PLACEMENT_3D('',#3092,#2478,#2479);
#2233=AXIS2_PLACEMENT_3D('',#3095,#2481,#2482);
#2234=AXIS2_PLACEMENT_3D('',#3096,#2483,#2484);
#2235=AXIS2_PLACEMENT_3D('',#3098,#2485,#2486);
#2236=AXIS2_PLACEMENT_3D('',#3101,#2488,#2489);
#2237=AXIS2_PLACEMENT_3D('',#3102,#2490,#2491);
#2238=AXIS2_PLACEMENT_3D('',#3104,#2492,#2493);
#2239=AXIS2_PLACEMENT_3D('',#3107,#2495,#2496);
#2240=AXIS2_PLACEMENT_3D('',#3108,#2497,#2498);
#2241=AXIS2_PLACEMENT_3D('',#3110,#2499,#2500);
#2242=AXIS2_PLACEMENT_3D('',#3113,#2502,#2503);
#2243=AXIS2_PLACEMENT_3D('',#3114,#2504,#2505);
#2244=AXIS2_PLACEMENT_3D('',#3116,#2506,#2507);
#2245=AXIS2_PLACEMENT_3D('',#3119,#2509,#2510);
#2246=AXIS2_PLACEMENT_3D('',#3120,#2511,#2512);
#2247=AXIS2_PLACEMENT_3D('',#3122,#2513,#2514);
#2248=AXIS2_PLACEMENT_3D('',#3125,#2516,#2517);
#2249=AXIS2_PLACEMENT_3D('',#3126,#2518,#2519);
#2250=AXIS2_PLACEMENT_3D('',#3128,#2520,#2521);
#2251=AXIS2_PLACEMENT_3D('',#3131,#2523,#2524);
#2252=AXIS2_PLACEMENT_3D('',#3132,#2525,#2526);
#2253=AXIS2_PLACEMENT_3D('',#3134,#2527,#2528);
#2254=AXIS2_PLACEMENT_3D('',#3137,#2530,#2531);
#2255=AXIS2_PLACEMENT_3D('',#3138,#2532,#2533);
#2256=AXIS2_PLACEMENT_3D('',#3140,#2534,#2535);
#2257=AXIS2_PLACEMENT_3D('',#3143,#2537,#2538);
#2258=AXIS2_PLACEMENT_3D('',#3144,#2539,#2540);
#2259=AXIS2_PLACEMENT_3D('',#3146,#2541,#2542);
#2260=AXIS2_PLACEMENT_3D('',#3149,#2544,#2545);
#2261=AXIS2_PLACEMENT_3D('',#3150,#2546,#2547);
#2262=AXIS2_PLACEMENT_3D('',#3152,#2548,#2549);
#2263=AXIS2_PLACEMENT_3D('',#3155,#2551,#2552);
#2264=AXIS2_PLACEMENT_3D('',#3156,#2553,#2554);
#2265=AXIS2_PLACEMENT_3D('',#3158,#2555,#2556);
#2266=AXIS2_PLACEMENT_3D('',#3161,#2558,#2559);
#2267=AXIS2_PLACEMENT_3D('',#3162,#2560,#2561);
#2268=AXIS2_PLACEMENT_3D('',#3164,#2562,#2563);
#2269=AXIS2_PLACEMENT_3D('',#3167,#2565,#2566);
#2270=AXIS2_PLACEMENT_3D('',#3168,#2567,#2568);
#2271=AXIS2_PLACEMENT_3D('',#3170,#2569,#2570);
#2272=AXIS2_PLACEMENT_3D('',#3173,#2572,#2573);
#2273=AXIS2_PLACEMENT_3D('',#3174,#2574,#2575);
#2274=AXIS2_PLACEMENT_3D('',#3176,#2576,#2577);
#2275=AXIS2_PLACEMENT_3D('',#3179,#2579,#2580);
#2276=AXIS2_PLACEMENT_3D('',#3180,#2581,#2582);
#2277=AXIS2_PLACEMENT_3D('',#3182,#2583,#2584);
#2278=AXIS2_PLACEMENT_3D('',#3185,#2586,#2587);
#2279=AXIS2_PLACEMENT_3D('',#3186,#2588,#2589);
#2280=AXIS2_PLACEMENT_3D('',#3188,#2590,#2591);
#2281=AXIS2_PLACEMENT_3D('',#3191,#2593,#2594);
#2282=AXIS2_PLACEMENT_3D('',#3192,#2595,#2596);
#2283=AXIS2_PLACEMENT_3D('',#3194,#2597,#2598);
#2284=AXIS2_PLACEMENT_3D('',#3197,#2600,#2601);
#2285=AXIS2_PLACEMENT_3D('',#3198,#2602,#2603);
#2286=AXIS2_PLACEMENT_3D('',#3200,#2604,#2605);
#2287=AXIS2_PLACEMENT_3D('',#3203,#2607,#2608);
#2288=AXIS2_PLACEMENT_3D('',#3204,#2609,#2610);
#2289=AXIS2_PLACEMENT_3D('',#3213,#2615,#2616);
#2290=AXIS2_PLACEMENT_3D('',#3222,#2621,#2622);
#2291=AXIS2_PLACEMENT_3D('',#3231,#2627,#2628);
#2292=AXIS2_PLACEMENT_3D('',#3240,#2633,#2634);
#2293=AXIS2_PLACEMENT_3D('',#3249,#2639,#2640);
#2294=AXIS2_PLACEMENT_3D('',#3258,#2645,#2646);
#2295=AXIS2_PLACEMENT_3D('',#3267,#2651,#2652);
#2296=AXIS2_PLACEMENT_3D('',#3276,#2657,#2658);
#2297=AXIS2_PLACEMENT_3D('',#3285,#2663,#2664);
#2298=AXIS2_PLACEMENT_3D('',#3294,#2669,#2670);
#2299=AXIS2_PLACEMENT_3D('',#3303,#2675,#2676);
#2300=AXIS2_PLACEMENT_3D('',#3312,#2681,#2682);
#2301=AXIS2_PLACEMENT_3D('',#3318,#2686,#2687);
#2302=AXIS2_PLACEMENT_3D('',#3327,#2692,#2693);
#2303=AXIS2_PLACEMENT_3D('',#3333,#2697,#2698);
#2304=AXIS2_PLACEMENT_3D('',#3339,#2702,#2703);
#2305=AXIS2_PLACEMENT_3D('',#3345,#2707,#2708);
#2306=AXIS2_PLACEMENT_3D('',#3351,#2712,#2713);
#2307=AXIS2_PLACEMENT_3D('',#3354,#2716,#2717);
#2308=AXIS2_PLACEMENT_3D('',#3363,#2722,#2723);
#2309=AXIS2_PLACEMENT_3D('',#3369,#2727,#2728);
#2310=AXIS2_PLACEMENT_3D('',#3375,#2732,#2733);
#2311=AXIS2_PLACEMENT_3D('',#3381,#2737,#2738);
#2312=AXIS2_PLACEMENT_3D('',#3384,#2741,#2742);
#2313=AXIS2_PLACEMENT_3D('',#3445,#2779,#2780);
#2314=AXIS2_PLACEMENT_3D('',#3506,#2817,#2818);
#2315=AXIS2_PLACEMENT_3D('',#3507,#2819,#2820);
#2316=AXIS2_PLACEMENT_3D('',#3509,#2822,#2823);
#2317=AXIS2_PLACEMENT_3D('',#3511,#2825,#2826);
#2318=AXIS2_PLACEMENT_3D('',#3512,#2827,#2828);
#2319=AXIS2_PLACEMENT_3D('',#3514,#2830,#2831);
#2320=AXIS2_PLACEMENT_3D('',#3516,#2833,#2834);
#2321=AXIS2_PLACEMENT_3D('',#3517,#2835,#2836);
#2322=AXIS2_PLACEMENT_3D('',#3518,#2837,#2838);
#2323=AXIS2_PLACEMENT_3D('',#3519,#2839,#2840);
#2324=AXIS2_PLACEMENT_3D('',#3520,#2841,#2842);
#2325=AXIS2_PLACEMENT_3D('',#3521,#2843,#2844);
#2326=AXIS2_PLACEMENT_3D('',#3522,#2845,#2846);
#2327=AXIS2_PLACEMENT_3D('',#3523,#2847,#2848);
#2328=AXIS2_PLACEMENT_3D('',#3524,#2849,#2850);
#2329=AXIS2_PLACEMENT_3D('',#3525,#2851,#2852);
#2330=AXIS2_PLACEMENT_3D('',#3526,#2853,#2854);
#2331=AXIS2_PLACEMENT_3D('',#3527,#2855,#2856);
#2332=AXIS2_PLACEMENT_3D('',#3528,#2857,#2858);
#2333=AXIS2_PLACEMENT_3D('',#3529,#2859,#2860);
#2334=AXIS2_PLACEMENT_3D('',#3530,#2861,#2862);
#2335=AXIS2_PLACEMENT_3D('',#3532,#2864,#2865);
#2336=AXIS2_PLACEMENT_3D('',#3534,#2867,#2868);
#2337=AXIS2_PLACEMENT_3D('',#3535,#2869,#2870);
#2338=AXIS2_PLACEMENT_3D('',#3537,#2872,#2873);
#2339=AXIS2_PLACEMENT_3D('',#3539,#2875,#2876);
#2340=AXIS2_PLACEMENT_3D('',#3540,#2877,#2878);
#2341=AXIS2_PLACEMENT_3D('',#3542,#2880,#2881);
#2342=AXIS2_PLACEMENT_3D('',#3544,#2883,#2884);
#2343=AXIS2_PLACEMENT_3D('',#3545,#2885,#2886);
#2344=AXIS2_PLACEMENT_3D('',#3547,#2888,#2889);
#2345=AXIS2_PLACEMENT_3D('',#3549,#2891,#2892);
#2346=AXIS2_PLACEMENT_3D('',#3550,#2893,#2894);
#2347=AXIS2_PLACEMENT_3D('',#3552,#2896,#2897);
#2348=AXIS2_PLACEMENT_3D('',#3554,#2899,#2900);
#2349=AXIS2_PLACEMENT_3D('',#3555,#2901,#2902);
#2350=AXIS2_PLACEMENT_3D('',#3557,#2904,#2905);
#2351=AXIS2_PLACEMENT_3D('',#3559,#2907,#2908);
#2352=AXIS2_PLACEMENT_3D('',#3560,#2909,#2910);
#2353=AXIS2_PLACEMENT_3D('',#3562,#2912,#2913);
#2354=AXIS2_PLACEMENT_3D('',#3564,#2915,#2916);
#2355=AXIS2_PLACEMENT_3D('',#3565,#2917,#2918);
#2356=AXIS2_PLACEMENT_3D('',#3567,#2920,#2921);
#2357=AXIS2_PLACEMENT_3D('',#3569,#2923,#2924);
#2358=AXIS2_PLACEMENT_3D('',#3570,#2925,#2926);
#2359=AXIS2_PLACEMENT_3D('',#3572,#2928,#2929);
#2360=AXIS2_PLACEMENT_3D('',#3574,#2931,#2932);
#2361=AXIS2_PLACEMENT_3D('',#3575,#2933,#2934);
#2362=AXIS2_PLACEMENT_3D('',#3577,#2936,#2937);
#2363=AXIS2_PLACEMENT_3D('',#3579,#2939,#2940);
#2364=AXIS2_PLACEMENT_3D('',#3580,#2941,#2942);
#2365=AXIS2_PLACEMENT_3D('',#3581,#2943,#2944);
#2366=AXIS2_PLACEMENT_3D('',#3583,#2945,#2946);
#2367=AXIS2_PLACEMENT_3D('',#3585,#2947,#2948);
#2368=AXIS2_PLACEMENT_3D('',#3586,#2949,#2950);
#2369=AXIS2_PLACEMENT_3D('',#3587,#2951,#2952);
#2370=AXIS2_PLACEMENT_3D('',#3591,#2954,#2955);
#2371=AXIS2_PLACEMENT_3D('',#3592,#2956,#2957);
#2372=AXIS2_PLACEMENT_3D('',#3593,#2958,#2959);
#2373=AXIS2_PLACEMENT_3D('',#3595,#2960,#2961);
#2374=AXIS2_PLACEMENT_3D('',#3596,#2962,#2963);
#2375=AXIS2_PLACEMENT_3D('',#3598,#2964,#2965);
#2376=AXIS2_PLACEMENT_3D('',#3601,#2967,#2968);
#2377=AXIS2_PLACEMENT_3D('',#3602,#2969,#2970);
#2378=AXIS2_PLACEMENT_3D('',#3604,#2971,#2972);
#2379=AXIS2_PLACEMENT_3D('',#3607,#2974,#2975);
#2380=AXIS2_PLACEMENT_3D('',#3608,#2976,#2977);
#2381=AXIS2_PLACEMENT_3D('',#3610,#2978,#2979);
#2382=AXIS2_PLACEMENT_3D('',#3613,#2981,#2982);
#2383=AXIS2_PLACEMENT_3D('',#3614,#2983,#2984);
#2384=AXIS2_PLACEMENT_3D('',#3617,#2986,#2987);
#2385=AXIS2_PLACEMENT_3D('',#3618,#2988,#2989);
#2386=AXIS2_PLACEMENT_3D('',#3621,#2991,#2992);
#2387=AXIS2_PLACEMENT_3D('',#3622,#2993,#2994);
#2388=AXIS2_PLACEMENT_3D('',#3623,#2995,#2996);
#2389=AXIS2_PLACEMENT_3D('',#3624,#2997,#2998);
#2390=AXIS2_PLACEMENT_3D('',#3625,#2999,#3000);
#2391=AXIS2_PLACEMENT_3D('',#3626,#3001,#3002);
#2392=AXIS2_PLACEMENT_3D('',#3627,#3003,#3004);
#2393=AXIS2_PLACEMENT_3D('',#3628,#3005,#3006);
#2394=AXIS2_PLACEMENT_3D('',#3629,#3007,#3008);
#2395=AXIS2_PLACEMENT_3D('',#3630,#3009,#3010);
#2396=AXIS2_PLACEMENT_3D('',#3631,#3011,#3012);
#2397=AXIS2_PLACEMENT_3D('',#3632,#3013,#3014);
#2398=AXIS2_PLACEMENT_3D('',#3633,#3015,#3016);
#2399=AXIS2_PLACEMENT_3D('',#3634,#3017,#3018);
#2400=AXIS2_PLACEMENT_3D('',#3635,#3019,#3020);
#2401=AXIS2_PLACEMENT_3D('',#3636,#3021,#3022);
#2402=AXIS2_PLACEMENT_3D('',#3637,#3023,#3024);
#2403=AXIS2_PLACEMENT_3D('',#3638,#3025,#3026);
#2404=AXIS2_PLACEMENT_3D('',#3639,#3027,#3028);
#2405=AXIS2_PLACEMENT_3D('',#3640,#3029,#3030);
#2406=AXIS2_PLACEMENT_3D('',#3641,#3031,#3032);
#2407=DIRECTION('axis',(0.,0.,1.));
#2408=DIRECTION('refdir',(1.,0.,0.));
#2409=DIRECTION('axis',(0.,0.,1.));
#2410=DIRECTION('refdir',(1.,0.,0.));
#2411=DIRECTION('axis',(0.,0.,1.));
#2412=DIRECTION('refdir',(1.,0.,0.));
#2413=DIRECTION('center_axis',(0.,1.,0.));
#2414=DIRECTION('ref_axis',(0.,0.,1.));
#2415=DIRECTION('center_axis',(0.,1.,0.));
#2416=DIRECTION('ref_axis',(0.,0.,1.));
#2417=DIRECTION('',(0.,1.,0.));
#2418=DIRECTION('center_axis',(0.,1.,0.));
#2419=DIRECTION('ref_axis',(0.,0.,1.));
#2420=DIRECTION('center_axis',(0.,1.,0.));
#2421=DIRECTION('ref_axis',(0.,0.,1.));
#2422=DIRECTION('center_axis',(0.,1.,0.));
#2423=DIRECTION('ref_axis',(0.,0.,1.));
#2424=DIRECTION('',(0.,1.,0.));
#2425=DIRECTION('center_axis',(0.,1.,0.));
#2426=DIRECTION('ref_axis',(0.,0.,1.));
#2427=DIRECTION('center_axis',(0.,1.,0.));
#2428=DIRECTION('ref_axis',(0.,0.,1.));
#2429=DIRECTION('center_axis',(0.,1.,0.));
#2430=DIRECTION('ref_axis',(0.,0.,1.));
#2431=DIRECTION('',(0.,1.,0.));
#2432=DIRECTION('center_axis',(0.,1.,0.));
#2433=DIRECTION('ref_axis',(0.,0.,1.));
#2434=DIRECTION('center_axis',(0.,1.,0.));
#2435=DIRECTION('ref_axis',(0.,0.,1.));
#2436=DIRECTION('center_axis',(0.,1.,0.));
#2437=DIRECTION('ref_axis',(0.,0.,1.));
#2438=DIRECTION('',(0.,1.,0.));
#2439=DIRECTION('center_axis',(0.,1.,0.));
#2440=DIRECTION('ref_axis',(0.,0.,1.));
#2441=DIRECTION('center_axis',(0.,1.,0.));
#2442=DIRECTION('ref_axis',(0.,0.,1.));
#2443=DIRECTION('center_axis',(0.,1.,0.));
#2444=DIRECTION('ref_axis',(0.,0.,1.));
#2445=DIRECTION('',(0.,1.,0.));
#2446=DIRECTION('center_axis',(0.,1.,0.));
#2447=DIRECTION('ref_axis',(0.,0.,1.));
#2448=DIRECTION('center_axis',(0.,1.,0.));
#2449=DIRECTION('ref_axis',(0.,0.,1.));
#2450=DIRECTION('center_axis',(0.,1.,0.));
#2451=DIRECTION('ref_axis',(0.,0.,1.));
#2452=DIRECTION('',(0.,1.,0.));
#2453=DIRECTION('center_axis',(0.,1.,0.));
#2454=DIRECTION('ref_axis',(0.,0.,1.));
#2455=DIRECTION('center_axis',(0.,1.,0.));
#2456=DIRECTION('ref_axis',(0.,0.,1.));
#2457=DIRECTION('center_axis',(0.,1.,0.));
#2458=DIRECTION('ref_axis',(0.,0.,1.));
#2459=DIRECTION('',(0.,1.,0.));
#2460=DIRECTION('center_axis',(0.,1.,0.));
#2461=DIRECTION('ref_axis',(0.,0.,1.));
#2462=DIRECTION('center_axis',(0.,1.,0.));
#2463=DIRECTION('ref_axis',(0.,0.,1.));
#2464=DIRECTION('center_axis',(0.,1.,0.));
#2465=DIRECTION('ref_axis',(0.,0.,1.));
#2466=DIRECTION('',(0.,1.,0.));
#2467=DIRECTION('center_axis',(0.,1.,0.));
#2468=DIRECTION('ref_axis',(0.,0.,1.));
#2469=DIRECTION('center_axis',(0.,1.,0.));
#2470=DIRECTION('ref_axis',(0.,0.,1.));
#2471=DIRECTION('center_axis',(0.,1.,0.));
#2472=DIRECTION('ref_axis',(0.,0.,1.));
#2473=DIRECTION('',(0.,1.,0.));
#2474=DIRECTION('center_axis',(0.,1.,0.));
#2475=DIRECTION('ref_axis',(0.,0.,1.));
#2476=DIRECTION('center_axis',(0.,1.,0.));
#2477=DIRECTION('ref_axis',(0.,0.,1.));
#2478=DIRECTION('center_axis',(0.,1.,0.));
#2479=DIRECTION('ref_axis',(0.,0.,1.));
#2480=DIRECTION('',(0.,1.,0.));
#2481=DIRECTION('center_axis',(0.,1.,0.));
#2482=DIRECTION('ref_axis',(0.,0.,1.));
#2483=DIRECTION('center_axis',(0.,1.,0.));
#2484=DIRECTION('ref_axis',(0.,0.,1.));
#2485=DIRECTION('center_axis',(0.,1.,0.));
#2486=DIRECTION('ref_axis',(0.,0.,1.));
#2487=DIRECTION('',(0.,1.,0.));
#2488=DIRECTION('center_axis',(0.,1.,0.));
#2489=DIRECTION('ref_axis',(0.,0.,1.));
#2490=DIRECTION('center_axis',(0.,1.,0.));
#2491=DIRECTION('ref_axis',(0.,0.,1.));
#2492=DIRECTION('center_axis',(0.,1.,0.));
#2493=DIRECTION('ref_axis',(0.,0.,1.));
#2494=DIRECTION('',(0.,1.,0.));
#2495=DIRECTION('center_axis',(0.,1.,0.));
#2496=DIRECTION('ref_axis',(0.,0.,1.));
#2497=DIRECTION('center_axis',(0.,1.,0.));
#2498=DIRECTION('ref_axis',(0.,0.,1.));
#2499=DIRECTION('center_axis',(0.,1.,0.));
#2500=DIRECTION('ref_axis',(0.,0.,1.));
#2501=DIRECTION('',(0.,1.,0.));
#2502=DIRECTION('center_axis',(0.,1.,0.));
#2503=DIRECTION('ref_axis',(0.,0.,1.));
#2504=DIRECTION('center_axis',(0.,1.,0.));
#2505=DIRECTION('ref_axis',(0.,0.,1.));
#2506=DIRECTION('center_axis',(0.,1.,0.));
#2507=DIRECTION('ref_axis',(0.,0.,1.));
#2508=DIRECTION('',(0.,1.,0.));
#2509=DIRECTION('center_axis',(0.,1.,0.));
#2510=DIRECTION('ref_axis',(0.,0.,1.));
#2511=DIRECTION('center_axis',(0.,1.,0.));
#2512=DIRECTION('ref_axis',(0.,0.,1.));
#2513=DIRECTION('center_axis',(0.,1.,0.));
#2514=DIRECTION('ref_axis',(0.,0.,1.));
#2515=DIRECTION('',(0.,1.,0.));
#2516=DIRECTION('center_axis',(0.,1.,0.));
#2517=DIRECTION('ref_axis',(0.,0.,1.));
#2518=DIRECTION('center_axis',(0.,1.,0.));
#2519=DIRECTION('ref_axis',(0.,0.,1.));
#2520=DIRECTION('center_axis',(0.,1.,0.));
#2521=DIRECTION('ref_axis',(0.,0.,1.));
#2522=DIRECTION('',(0.,1.,0.));
#2523=DIRECTION('center_axis',(0.,1.,0.));
#2524=DIRECTION('ref_axis',(0.,0.,1.));
#2525=DIRECTION('center_axis',(0.,1.,0.));
#2526=DIRECTION('ref_axis',(0.,0.,1.));
#2527=DIRECTION('center_axis',(0.,1.,0.));
#2528=DIRECTION('ref_axis',(0.,0.,1.));
#2529=DIRECTION('',(0.,1.,0.));
#2530=DIRECTION('center_axis',(0.,1.,0.));
#2531=DIRECTION('ref_axis',(0.,0.,1.));
#2532=DIRECTION('center_axis',(0.,1.,0.));
#2533=DIRECTION('ref_axis',(0.,0.,1.));
#2534=DIRECTION('center_axis',(0.,1.,0.));
#2535=DIRECTION('ref_axis',(0.,0.,1.));
#2536=DIRECTION('',(0.,1.,0.));
#2537=DIRECTION('center_axis',(0.,1.,0.));
#2538=DIRECTION('ref_axis',(0.,0.,1.));
#2539=DIRECTION('center_axis',(0.,1.,0.));
#2540=DIRECTION('ref_axis',(0.,0.,1.));
#2541=DIRECTION('center_axis',(0.,1.,0.));
#2542=DIRECTION('ref_axis',(0.,0.,1.));
#2543=DIRECTION('',(0.,1.,0.));
#2544=DIRECTION('center_axis',(0.,1.,0.));
#2545=DIRECTION('ref_axis',(0.,0.,1.));
#2546=DIRECTION('center_axis',(0.,1.,0.));
#2547=DIRECTION('ref_axis',(0.,0.,1.));
#2548=DIRECTION('center_axis',(0.,1.,0.));
#2549=DIRECTION('ref_axis',(0.,0.,1.));
#2550=DIRECTION('',(0.,1.,0.));
#2551=DIRECTION('center_axis',(0.,1.,0.));
#2552=DIRECTION('ref_axis',(0.,0.,1.));
#2553=DIRECTION('center_axis',(0.,1.,0.));
#2554=DIRECTION('ref_axis',(0.,0.,1.));
#2555=DIRECTION('center_axis',(0.,1.,0.));
#2556=DIRECTION('ref_axis',(0.,0.,1.));
#2557=DIRECTION('',(0.,1.,0.));
#2558=DIRECTION('center_axis',(0.,1.,0.));
#2559=DIRECTION('ref_axis',(0.,0.,1.));
#2560=DIRECTION('center_axis',(0.,1.,0.));
#2561=DIRECTION('ref_axis',(0.,0.,1.));
#2562=DIRECTION('center_axis',(0.,1.,0.));
#2563=DIRECTION('ref_axis',(0.,0.,1.));
#2564=DIRECTION('',(0.,1.,0.));
#2565=DIRECTION('center_axis',(0.,1.,0.));
#2566=DIRECTION('ref_axis',(0.,0.,1.));
#2567=DIRECTION('center_axis',(0.,1.,0.));
#2568=DIRECTION('ref_axis',(0.,0.,1.));
#2569=DIRECTION('center_axis',(0.,1.,0.));
#2570=DIRECTION('ref_axis',(0.,0.,1.));
#2571=DIRECTION('',(0.,1.,0.));
#2572=DIRECTION('center_axis',(0.,1.,0.));
#2573=DIRECTION('ref_axis',(0.,0.,1.));
#2574=DIRECTION('center_axis',(0.,1.,0.));
#2575=DIRECTION('ref_axis',(0.,0.,1.));
#2576=DIRECTION('center_axis',(0.,1.,0.));
#2577=DIRECTION('ref_axis',(0.,0.,1.));
#2578=DIRECTION('',(0.,1.,0.));
#2579=DIRECTION('center_axis',(0.,1.,0.));
#2580=DIRECTION('ref_axis',(0.,0.,1.));
#2581=DIRECTION('center_axis',(0.,1.,0.));
#2582=DIRECTION('ref_axis',(0.,0.,1.));
#2583=DIRECTION('center_axis',(0.,1.,0.));
#2584=DIRECTION('ref_axis',(0.,0.,1.));
#2585=DIRECTION('',(0.,1.,0.));
#2586=DIRECTION('center_axis',(0.,1.,0.));
#2587=DIRECTION('ref_axis',(0.,0.,1.));
#2588=DIRECTION('center_axis',(0.,1.,0.));
#2589=DIRECTION('ref_axis',(0.,0.,1.));
#2590=DIRECTION('center_axis',(0.,1.,0.));
#2591=DIRECTION('ref_axis',(0.,0.,1.));
#2592=DIRECTION('',(0.,1.,0.));
#2593=DIRECTION('center_axis',(0.,1.,0.));
#2594=DIRECTION('ref_axis',(0.,0.,1.));
#2595=DIRECTION('center_axis',(0.,1.,0.));
#2596=DIRECTION('ref_axis',(0.,0.,1.));
#2597=DIRECTION('center_axis',(0.,1.,0.));
#2598=DIRECTION('ref_axis',(0.,0.,1.));
#2599=DIRECTION('',(0.,1.,0.));
#2600=DIRECTION('center_axis',(0.,1.,0.));
#2601=DIRECTION('ref_axis',(0.,0.,1.));
#2602=DIRECTION('center_axis',(0.,1.,0.));
#2603=DIRECTION('ref_axis',(0.,0.,1.));
#2604=DIRECTION('center_axis',(0.,1.,0.));
#2605=DIRECTION('ref_axis',(0.,0.,1.));
#2606=DIRECTION('',(0.,1.,0.));
#2607=DIRECTION('center_axis',(0.,1.,0.));
#2608=DIRECTION('ref_axis',(0.,0.,1.));
#2609=DIRECTION('center_axis',(-5.55717833510875E-16,0.,-1.));
#2610=DIRECTION('ref_axis',(-1.,0.,5.55717833510875E-16));
#2611=DIRECTION('',(0.,1.,0.));
#2612=DIRECTION('',(-1.,0.,5.55717833510875E-16));
#2613=DIRECTION('',(0.,1.,0.));
#2614=DIRECTION('',(-1.,0.,5.55717833510875E-16));
#2615=DIRECTION('center_axis',(0.,0.,1.));
#2616=DIRECTION('ref_axis',(1.,0.,0.));
#2617=DIRECTION('',(0.,1.,0.));
#2618=DIRECTION('',(1.,0.,0.));
#2619=DIRECTION('',(0.,1.,0.));
#2620=DIRECTION('',(1.,0.,0.));
#2621=DIRECTION('center_axis',(-5.55717833510875E-16,0.,-1.));
#2622=DIRECTION('ref_axis',(-1.,0.,5.55717833510875E-16));
#2623=DIRECTION('',(0.,1.,0.));
#2624=DIRECTION('',(-1.,0.,5.55717833510875E-16));
#2625=DIRECTION('',(0.,1.,0.));
#2626=DIRECTION('',(-1.,0.,5.55717833510875E-16));
#2627=DIRECTION('center_axis',(0.,0.,1.));
#2628=DIRECTION('ref_axis',(1.,0.,0.));
#2629=DIRECTION('',(0.,1.,0.));
#2630=DIRECTION('',(1.,0.,0.));
#2631=DIRECTION('',(0.,1.,0.));
#2632=DIRECTION('',(1.,0.,0.));
#2633=DIRECTION('center_axis',(-5.55717833510875E-16,0.,-1.));
#2634=DIRECTION('ref_axis',(-1.,0.,5.55717833510875E-16));
#2635=DIRECTION('',(0.,1.,0.));
#2636=DIRECTION('',(-1.,0.,5.55717833510875E-16));
#2637=DIRECTION('',(0.,1.,0.));
#2638=DIRECTION('',(-1.,0.,5.55717833510875E-16));
#2639=DIRECTION('center_axis',(0.,0.,1.));
#2640=DIRECTION('ref_axis',(1.,0.,0.));
#2641=DIRECTION('',(0.,1.,0.));
#2642=DIRECTION('',(1.,0.,0.));
#2643=DIRECTION('',(0.,1.,0.));
#2644=DIRECTION('',(1.,0.,0.));
#2645=DIRECTION('center_axis',(-5.55717833510875E-16,0.,-1.));
#2646=DIRECTION('ref_axis',(-1.,0.,5.55717833510875E-16));
#2647=DIRECTION('',(0.,1.,0.));
#2648=DIRECTION('',(-1.,0.,5.55717833510875E-16));
#2649=DIRECTION('',(0.,1.,0.));
#2650=DIRECTION('',(-1.,0.,5.55717833510875E-16));
#2651=DIRECTION('center_axis',(0.,0.,1.));
#2652=DIRECTION('ref_axis',(1.,0.,0.));
#2653=DIRECTION('',(0.,1.,0.));
#2654=DIRECTION('',(1.,0.,0.));
#2655=DIRECTION('',(0.,1.,0.));
#2656=DIRECTION('',(1.,0.,0.));
#2657=DIRECTION('center_axis',(-5.55717833510875E-16,0.,-1.));
#2658=DIRECTION('ref_axis',(-1.,0.,5.55717833510875E-16));
#2659=DIRECTION('',(0.,1.,0.));
#2660=DIRECTION('',(-1.,0.,5.55717833510875E-16));
#2661=DIRECTION('',(0.,1.,0.));
#2662=DIRECTION('',(-1.,0.,5.55717833510875E-16));
#2663=DIRECTION('center_axis',(0.,0.,1.));
#2664=DIRECTION('ref_axis',(1.,0.,0.));
#2665=DIRECTION('',(0.,1.,0.));
#2666=DIRECTION('',(1.,0.,0.));
#2667=DIRECTION('',(0.,1.,0.));
#2668=DIRECTION('',(1.,0.,0.));
#2669=DIRECTION('center_axis',(-5.55717833510875E-16,0.,-1.));
#2670=DIRECTION('ref_axis',(-1.,0.,5.55717833510875E-16));
#2671=DIRECTION('',(0.,1.,0.));
#2672=DIRECTION('',(-1.,0.,5.55717833510875E-16));
#2673=DIRECTION('',(0.,1.,0.));
#2674=DIRECTION('',(-1.,0.,5.55717833510875E-16));
#2675=DIRECTION('center_axis',(0.,0.,1.));
#2676=DIRECTION('ref_axis',(1.,0.,0.));
#2677=DIRECTION('',(0.,1.,0.));
#2678=DIRECTION('',(1.,0.,0.));
#2679=DIRECTION('',(0.,1.,0.));
#2680=DIRECTION('',(1.,0.,0.));
#2681=DIRECTION('center_axis',(-0.93969262078591,0.,-0.342020143325665));
#2682=DIRECTION('ref_axis',(-0.342020143325666,0.,0.93969262078591));
#2683=DIRECTION('',(-0.342020143325665,0.,0.93969262078591));
#2684=DIRECTION('',(-0.342020143325665,0.,0.93969262078591));
#2685=DIRECTION('',(0.,1.,0.));
#2686=DIRECTION('center_axis',(-5.55717833510875E-16,0.,-1.));
#2687=DIRECTION('ref_axis',(-1.,0.,5.55717833510875E-16));
#2688=DIRECTION('',(0.,1.,0.));
#2689=DIRECTION('',(-1.,0.,5.55717833510875E-16));
#2690=DIRECTION('',(0.,1.,0.));
#2691=DIRECTION('',(-1.,0.,5.55717833510875E-16));
#2692=DIRECTION('center_axis',(0.939692620785915,0.,-0.342020143325652));
#2693=DIRECTION('ref_axis',(-0.342020143325652,0.,-0.939692620785915));
#2694=DIRECTION('',(-0.342020143325652,0.,-0.939692620785915));
#2695=DIRECTION('',(0.,1.,0.));
#2696=DIRECTION('',(-0.342020143325652,0.,-0.939692620785915));
#2697=DIRECTION('center_axis',(0.,0.,-1.));
#2698=DIRECTION('ref_axis',(-1.,0.,0.));
#2699=DIRECTION('',(-1.,0.,0.));
#2700=DIRECTION('',(0.,1.,0.));
#2701=DIRECTION('',(-1.,0.,0.));
#2702=DIRECTION('center_axis',(1.,0.,0.));
#2703=DIRECTION('ref_axis',(0.,0.,-1.));
#2704=DIRECTION('',(0.,0.,-1.));
#2705=DIRECTION('',(0.,1.,0.));
#2706=DIRECTION('',(0.,0.,-1.));
#2707=DIRECTION('center_axis',(3.38770832547651E-16,0.,1.));
#2708=DIRECTION('ref_axis',(1.,0.,-3.38770832547651E-16));
#2709=DIRECTION('',(1.,0.,-3.38770832547651E-16));
#2710=DIRECTION('',(1.,0.,-3.38770832547651E-16));
#2711=DIRECTION('',(0.,1.,0.));
#2712=DIRECTION('center_axis',(0.939692620785909,0.,0.342020143325667));
#2713=DIRECTION('ref_axis',(0.342020143325667,0.,-0.939692620785909));
#2714=DIRECTION('',(0.342020143325667,0.,-0.939692620785909));
#2715=DIRECTION('',(0.342020143325667,0.,-0.939692620785909));
#2716=DIRECTION('center_axis',(0.,0.,1.));
#2717=DIRECTION('ref_axis',(1.,0.,0.));
#2718=DIRECTION('',(0.,1.,0.));
#2719=DIRECTION('',(1.,0.,0.));
#2720=DIRECTION('',(0.,1.,0.));
#2721=DIRECTION('',(1.,0.,0.));
#2722=DIRECTION('center_axis',(-0.939692620785909,0.,0.342020143325666));
#2723=DIRECTION('ref_axis',(0.342020143325666,0.,0.939692620785909));
#2724=DIRECTION('',(0.342020143325666,0.,0.939692620785909));
#2725=DIRECTION('',(0.,1.,0.));
#2726=DIRECTION('',(0.342020143325666,0.,0.939692620785909));
#2727=DIRECTION('center_axis',(0.,0.,1.));
#2728=DIRECTION('ref_axis',(1.,0.,0.));
#2729=DIRECTION('',(1.,0.,0.));
#2730=DIRECTION('',(0.,1.,0.));
#2731=DIRECTION('',(1.,0.,0.));
#2732=DIRECTION('center_axis',(-1.,0.,-1.26662091694374E-17));
#2733=DIRECTION('ref_axis',(-1.26662091694374E-17,0.,1.));
#2734=DIRECTION('',(-1.26662091694374E-17,0.,1.));
#2735=DIRECTION('',(0.,1.,0.));
#2736=DIRECTION('',(-1.26662091694374E-17,0.,1.));
#2737=DIRECTION('center_axis',(0.,0.,-1.));
#2738=DIRECTION('ref_axis',(-1.,0.,0.));
#2739=DIRECTION('',(-1.,0.,0.));
#2740=DIRECTION('',(-1.,0.,0.));
#2741=DIRECTION('center_axis',(0.,1.,0.));
#2742=DIRECTION('ref_axis',(0.,0.,1.));
#2743=DIRECTION('',(0.342020143325666,0.,0.939692620785909));
#2744=DIRECTION('',(1.,0.,-5.42119382771921E-15));
#2745=DIRECTION('',(0.342020143325663,0.,-0.93969262078591));
#2746=DIRECTION('',(-0.342020143325669,0.,-0.939692620785908));
#2747=DIRECTION('',(-1.,0.,0.));
#2748=DIRECTION('',(-0.342020143325672,0.,0.939692620785907));
#2749=DIRECTION('',(-0.342020143325669,0.,-0.939692620785908));
#2750=DIRECTION('',(-1.,0.,0.));
#2751=DIRECTION('',(-0.342020143325672,0.,0.939692620785907));
#2752=DIRECTION('',(-0.342020143325669,0.,-0.939692620785908));
#2753=DIRECTION('',(-1.,0.,0.));
#2754=DIRECTION('',(-0.342020143325672,0.,0.939692620785907));
#2755=DIRECTION('',(-0.342020143325669,0.,-0.939692620785908));
#2756=DIRECTION('',(-1.,0.,0.));
#2757=DIRECTION('',(-0.342020143325672,0.,0.939692620785907));
#2758=DIRECTION('',(-0.342020143325669,0.,-0.939692620785908));
#2759=DIRECTION('',(-1.,0.,0.));
#2760=DIRECTION('',(-0.342020143325672,0.,0.939692620785907));
#2761=DIRECTION('',(-0.342020143325669,0.,-0.939692620785908));
#2762=DIRECTION('',(-1.,0.,0.));
#2763=DIRECTION('',(-0.342020143325672,0.,0.939692620785907));
#2764=DIRECTION('',(0.342020143325666,0.,0.939692620785909));
#2765=DIRECTION('',(1.,0.,-5.42119382771921E-15));
#2766=DIRECTION('',(0.342020143325663,0.,-0.93969262078591));
#2767=DIRECTION('',(0.342020143325666,0.,0.939692620785909));
#2768=DIRECTION('',(1.,0.,-5.42119382771921E-15));
#2769=DIRECTION('',(0.342020143325663,0.,-0.93969262078591));
#2770=DIRECTION('',(0.342020143325666,0.,0.939692620785909));
#2771=DIRECTION('',(1.,0.,-5.42119382771921E-15));
#2772=DIRECTION('',(0.342020143325663,0.,-0.93969262078591));
#2773=DIRECTION('',(0.342020143325666,0.,0.939692620785909));
#2774=DIRECTION('',(1.,0.,-5.42119382771921E-15));
#2775=DIRECTION('',(0.342020143325663,0.,-0.93969262078591));
#2776=DIRECTION('',(0.342020143325666,0.,0.939692620785909));
#2777=DIRECTION('',(1.,0.,-5.42119382771921E-15));
#2778=DIRECTION('',(0.342020143325663,0.,-0.93969262078591));
#2779=DIRECTION('center_axis',(0.,1.,0.));
#2780=DIRECTION('ref_axis',(0.,0.,1.));
#2781=DIRECTION('',(0.342020143325666,0.,0.939692620785909));
#2782=DIRECTION('',(0.342020143325663,0.,-0.93969262078591));
#2783=DIRECTION('',(1.,0.,-5.42119382771921E-15));
#2784=DIRECTION('',(0.342020143325666,0.,0.939692620785909));
#2785=DIRECTION('',(0.342020143325663,0.,-0.93969262078591));
#2786=DIRECTION('',(1.,0.,-5.42119382771921E-15));
#2787=DIRECTION('',(0.342020143325666,0.,0.939692620785909));
#2788=DIRECTION('',(0.342020143325663,0.,-0.93969262078591));
#2789=DIRECTION('',(1.,0.,-5.42119382771921E-15));
#2790=DIRECTION('',(0.342020143325666,0.,0.939692620785909));
#2791=DIRECTION('',(0.342020143325663,0.,-0.93969262078591));
#2792=DIRECTION('',(1.,0.,-5.42119382771921E-15));
#2793=DIRECTION('',(0.342020143325666,0.,0.939692620785909));
#2794=DIRECTION('',(0.342020143325663,0.,-0.93969262078591));
#2795=DIRECTION('',(1.,0.,-5.42119382771921E-15));
#2796=DIRECTION('',(0.342020143325666,0.,0.939692620785909));
#2797=DIRECTION('',(-0.342020143325672,0.,0.939692620785907));
#2798=DIRECTION('',(-1.,0.,0.));
#2799=DIRECTION('',(-0.342020143325669,0.,-0.939692620785908));
#2800=DIRECTION('',(-0.342020143325672,0.,0.939692620785907));
#2801=DIRECTION('',(-1.,0.,0.));
#2802=DIRECTION('',(-0.342020143325669,0.,-0.939692620785908));
#2803=DIRECTION('',(-0.342020143325672,0.,0.939692620785907));
#2804=DIRECTION('',(-1.,0.,0.));
#2805=DIRECTION('',(-0.342020143325669,0.,-0.939692620785908));
#2806=DIRECTION('',(-0.342020143325672,0.,0.939692620785907));
#2807=DIRECTION('',(-1.,0.,0.));
#2808=DIRECTION('',(-0.342020143325669,0.,-0.939692620785908));
#2809=DIRECTION('',(-0.342020143325672,0.,0.939692620785907));
#2810=DIRECTION('',(-1.,0.,0.));
#2811=DIRECTION('',(-0.342020143325669,0.,-0.939692620785908));
#2812=DIRECTION('',(-0.342020143325672,0.,0.939692620785907));
#2813=DIRECTION('',(-1.,0.,0.));
#2814=DIRECTION('',(-0.342020143325669,0.,-0.939692620785908));
#2815=DIRECTION('',(0.342020143325663,0.,-0.93969262078591));
#2816=DIRECTION('',(1.,0.,-5.42119382771921E-15));
#2817=DIRECTION('center_axis',(0.,-1.,0.));
#2818=DIRECTION('ref_axis',(0.,0.,-1.));
#2819=DIRECTION('center_axis',(0.939692620785908,0.,-0.34202014332567));
#2820=DIRECTION('ref_axis',(-0.34202014332567,0.,-0.939692620785908));
#2821=DIRECTION('',(0.,1.,0.));
#2822=DIRECTION('center_axis',(-0.939692620785907,0.,-0.342020143325672));
#2823=DIRECTION('ref_axis',(-0.342020143325672,0.,0.939692620785907));
#2824=DIRECTION('',(0.,1.,0.));
#2825=DIRECTION('center_axis',(0.,0.,-1.));
#2826=DIRECTION('ref_axis',(-1.,0.,0.));
#2827=DIRECTION('center_axis',(-0.939692620785909,0.,0.342020143325667));
#2828=DIRECTION('ref_axis',(0.342020143325667,0.,0.939692620785909));
#2829=DIRECTION('',(0.,1.,0.));
#2830=DIRECTION('center_axis',(0.93969262078591,0.,0.342020143325663));
#2831=DIRECTION('ref_axis',(0.342020143325663,0.,-0.93969262078591));
#2832=DIRECTION('',(0.,1.,0.));
#2833=DIRECTION('center_axis',(5.42119382771921E-15,0.,1.));
#2834=DIRECTION('ref_axis',(1.,0.,-5.42119382771921E-15));
#2835=DIRECTION('center_axis',(0.,-1.,0.));
#2836=DIRECTION('ref_axis',(0.,0.,-1.));
#2837=DIRECTION('center_axis',(0.,-1.,0.));
#2838=DIRECTION('ref_axis',(0.,0.,-1.));
#2839=DIRECTION('center_axis',(0.,-1.,0.));
#2840=DIRECTION('ref_axis',(0.,0.,-1.));
#2841=DIRECTION('center_axis',(0.,-1.,0.));
#2842=DIRECTION('ref_axis',(0.,0.,-1.));
#2843=DIRECTION('center_axis',(0.,-1.,0.));
#2844=DIRECTION('ref_axis',(0.,0.,-1.));
#2845=DIRECTION('center_axis',(0.,-1.,0.));
#2846=DIRECTION('ref_axis',(0.,0.,-1.));
#2847=DIRECTION('center_axis',(0.,-1.,0.));
#2848=DIRECTION('ref_axis',(0.,0.,-1.));
#2849=DIRECTION('center_axis',(0.,-1.,0.));
#2850=DIRECTION('ref_axis',(0.,0.,-1.));
#2851=DIRECTION('center_axis',(0.,-1.,0.));
#2852=DIRECTION('ref_axis',(0.,0.,-1.));
#2853=DIRECTION('center_axis',(0.,-1.,0.));
#2854=DIRECTION('ref_axis',(0.,0.,-1.));
#2855=DIRECTION('center_axis',(0.,-1.,0.));
#2856=DIRECTION('ref_axis',(0.,0.,-1.));
#2857=DIRECTION('center_axis',(0.,-1.,0.));
#2858=DIRECTION('ref_axis',(0.,0.,-1.));
#2859=DIRECTION('center_axis',(0.,-1.,0.));
#2860=DIRECTION('ref_axis',(0.,0.,-1.));
#2861=DIRECTION('center_axis',(0.939692620785908,0.,-0.34202014332567));
#2862=DIRECTION('ref_axis',(-0.34202014332567,0.,-0.939692620785908));
#2863=DIRECTION('',(0.,1.,0.));
#2864=DIRECTION('center_axis',(-0.939692620785907,0.,-0.342020143325672));
#2865=DIRECTION('ref_axis',(-0.342020143325672,0.,0.939692620785907));
#2866=DIRECTION('',(0.,1.,0.));
#2867=DIRECTION('center_axis',(0.,0.,-1.));
#2868=DIRECTION('ref_axis',(-1.,0.,0.));
#2869=DIRECTION('center_axis',(-0.939692620785909,0.,0.342020143325667));
#2870=DIRECTION('ref_axis',(0.342020143325667,0.,0.939692620785909));
#2871=DIRECTION('',(0.,1.,0.));
#2872=DIRECTION('center_axis',(0.93969262078591,0.,0.342020143325663));
#2873=DIRECTION('ref_axis',(0.342020143325663,0.,-0.93969262078591));
#2874=DIRECTION('',(0.,1.,0.));
#2875=DIRECTION('center_axis',(5.42119382771921E-15,0.,1.));
#2876=DIRECTION('ref_axis',(1.,0.,-5.42119382771921E-15));
#2877=DIRECTION('center_axis',(0.939692620785908,0.,-0.34202014332567));
#2878=DIRECTION('ref_axis',(-0.34202014332567,0.,-0.939692620785908));
#2879=DIRECTION('',(0.,1.,0.));
#2880=DIRECTION('center_axis',(-0.939692620785907,0.,-0.342020143325672));
#2881=DIRECTION('ref_axis',(-0.342020143325672,0.,0.939692620785907));
#2882=DIRECTION('',(0.,1.,0.));
#2883=DIRECTION('center_axis',(0.,0.,-1.));
#2884=DIRECTION('ref_axis',(-1.,0.,0.));
#2885=DIRECTION('center_axis',(-0.939692620785909,0.,0.342020143325667));
#2886=DIRECTION('ref_axis',(0.342020143325667,0.,0.939692620785909));
#2887=DIRECTION('',(0.,1.,0.));
#2888=DIRECTION('center_axis',(0.93969262078591,0.,0.342020143325663));
#2889=DIRECTION('ref_axis',(0.342020143325663,0.,-0.93969262078591));
#2890=DIRECTION('',(0.,1.,0.));
#2891=DIRECTION('center_axis',(5.42119382771921E-15,0.,1.));
#2892=DIRECTION('ref_axis',(1.,0.,-5.42119382771921E-15));
#2893=DIRECTION('center_axis',(0.939692620785908,0.,-0.34202014332567));
#2894=DIRECTION('ref_axis',(-0.34202014332567,0.,-0.939692620785908));
#2895=DIRECTION('',(0.,1.,0.));
#2896=DIRECTION('center_axis',(-0.939692620785907,0.,-0.342020143325672));
#2897=DIRECTION('ref_axis',(-0.342020143325672,0.,0.939692620785907));
#2898=DIRECTION('',(0.,1.,0.));
#2899=DIRECTION('center_axis',(0.,0.,-1.));
#2900=DIRECTION('ref_axis',(-1.,0.,0.));
#2901=DIRECTION('center_axis',(-0.939692620785909,0.,0.342020143325667));
#2902=DIRECTION('ref_axis',(0.342020143325667,0.,0.939692620785909));
#2903=DIRECTION('',(0.,1.,0.));
#2904=DIRECTION('center_axis',(0.93969262078591,0.,0.342020143325663));
#2905=DIRECTION('ref_axis',(0.342020143325663,0.,-0.93969262078591));
#2906=DIRECTION('',(0.,1.,0.));
#2907=DIRECTION('center_axis',(5.42119382771921E-15,0.,1.));
#2908=DIRECTION('ref_axis',(1.,0.,-5.42119382771921E-15));
#2909=DIRECTION('center_axis',(0.939692620785908,0.,-0.34202014332567));
#2910=DIRECTION('ref_axis',(-0.34202014332567,0.,-0.939692620785908));
#2911=DIRECTION('',(0.,1.,0.));
#2912=DIRECTION('center_axis',(-0.939692620785907,0.,-0.342020143325672));
#2913=DIRECTION('ref_axis',(-0.342020143325672,0.,0.939692620785907));
#2914=DIRECTION('',(0.,1.,0.));
#2915=DIRECTION('center_axis',(0.,0.,-1.));
#2916=DIRECTION('ref_axis',(-1.,0.,0.));
#2917=DIRECTION('center_axis',(-0.939692620785909,0.,0.342020143325667));
#2918=DIRECTION('ref_axis',(0.342020143325667,0.,0.939692620785909));
#2919=DIRECTION('',(0.,1.,0.));
#2920=DIRECTION('center_axis',(0.93969262078591,0.,0.342020143325663));
#2921=DIRECTION('ref_axis',(0.342020143325663,0.,-0.93969262078591));
#2922=DIRECTION('',(0.,1.,0.));
#2923=DIRECTION('center_axis',(5.42119382771921E-15,0.,1.));
#2924=DIRECTION('ref_axis',(1.,0.,-5.42119382771921E-15));
#2925=DIRECTION('center_axis',(0.939692620785908,0.,-0.34202014332567));
#2926=DIRECTION('ref_axis',(-0.34202014332567,0.,-0.939692620785908));
#2927=DIRECTION('',(0.,1.,0.));
#2928=DIRECTION('center_axis',(-0.939692620785907,0.,-0.342020143325672));
#2929=DIRECTION('ref_axis',(-0.342020143325672,0.,0.939692620785907));
#2930=DIRECTION('',(0.,1.,0.));
#2931=DIRECTION('center_axis',(0.,0.,-1.));
#2932=DIRECTION('ref_axis',(-1.,0.,0.));
#2933=DIRECTION('center_axis',(-0.939692620785909,0.,0.342020143325667));
#2934=DIRECTION('ref_axis',(0.342020143325667,0.,0.939692620785909));
#2935=DIRECTION('',(0.,1.,0.));
#2936=DIRECTION('center_axis',(0.93969262078591,0.,0.342020143325663));
#2937=DIRECTION('ref_axis',(0.342020143325663,0.,-0.93969262078591));
#2938=DIRECTION('',(0.,1.,0.));
#2939=DIRECTION('center_axis',(5.42119382771921E-15,0.,1.));
#2940=DIRECTION('ref_axis',(1.,0.,-5.42119382771921E-15));
#2941=DIRECTION('axis',(0.,0.,1.));
#2942=DIRECTION('refdir',(1.,0.,0.));
#2943=DIRECTION('center_axis',(-1.,0.,0.));
#2944=DIRECTION('ref_axis',(0.,0.,1.));
#2945=DIRECTION('center_axis',(-1.,0.,0.));
#2946=DIRECTION('ref_axis',(0.,0.,1.));
#2947=DIRECTION('center_axis',(0.,1.,-1.22464679914735E-16));
#2948=DIRECTION('ref_axis',(0.,-1.22464679914735E-16,-1.));
#2949=DIRECTION('center_axis',(-1.,0.,0.));
#2950=DIRECTION('ref_axis',(0.,0.,1.));
#2951=DIRECTION('center_axis',(-1.,0.,0.));
#2952=DIRECTION('ref_axis',(0.,0.,1.));
#2953=DIRECTION('',(1.,0.,0.));
#2954=DIRECTION('center_axis',(-1.,0.,0.));
#2955=DIRECTION('ref_axis',(0.,0.,1.));
#2956=DIRECTION('center_axis',(-1.,0.,0.));
#2957=DIRECTION('ref_axis',(0.,0.,1.));
#2958=DIRECTION('center_axis',(1.,-6.12323399573578E-17,0.));
#2959=DIRECTION('ref_axis',(0.,-1.,0.));
#2960=DIRECTION('center_axis',(0.,-1.22464679914735E-16,1.));
#2961=DIRECTION('ref_axis',(0.,1.,1.22464679914735E-16));
#2962=DIRECTION('center_axis',(-1.,0.,0.));
#2963=DIRECTION('ref_axis',(0.,0.,1.));
#2964=DIRECTION('center_axis',(-1.,0.,0.));
#2965=DIRECTION('ref_axis',(0.,0.,1.));
#2966=DIRECTION('',(1.,0.,0.));
#2967=DIRECTION('center_axis',(-1.,0.,0.));
#2968=DIRECTION('ref_axis',(0.,0.,1.));
#2969=DIRECTION('center_axis',(-1.,0.,0.));
#2970=DIRECTION('ref_axis',(0.,0.,1.));
#2971=DIRECTION('center_axis',(-1.,0.,0.));
#2972=DIRECTION('ref_axis',(0.,0.,1.));
#2973=DIRECTION('',(1.,0.,0.));
#2974=DIRECTION('center_axis',(-1.,0.,0.));
#2975=DIRECTION('ref_axis',(0.,0.,1.));
#2976=DIRECTION('center_axis',(-1.,0.,0.));
#2977=DIRECTION('ref_axis',(0.,0.,1.));
#2978=DIRECTION('center_axis',(-1.,0.,0.));
#2979=DIRECTION('ref_axis',(0.,0.,1.));
#2980=DIRECTION('',(0.9659258262891,3.1696191514303E-17,0.258819045102401));
#2981=DIRECTION('center_axis',(-1.,0.,0.));
#2982=DIRECTION('ref_axis',(0.,0.,1.));
#2983=DIRECTION('center_axis',(-1.,0.,0.));
#2984=DIRECTION('ref_axis',(0.,0.,1.));
#2985=DIRECTION('',(1.,0.,0.));
#2986=DIRECTION('center_axis',(-1.,0.,0.));
#2987=DIRECTION('ref_axis',(0.,0.,1.));
#2988=DIRECTION('center_axis',(-1.,0.,0.));
#2989=DIRECTION('ref_axis',(0.,0.,1.));
#2990=DIRECTION('',(0.707106781186499,8.65956056235552E-17,0.707106781186596));
#2991=DIRECTION('center_axis',(-1.,0.,0.));
#2992=DIRECTION('ref_axis',(0.,0.,1.));
#2993=DIRECTION('center_axis',(1.,0.,0.));
#2994=DIRECTION('ref_axis',(0.,0.,-1.));
#2995=DIRECTION('center_axis',(-1.,0.,0.));
#2996=DIRECTION('ref_axis',(0.,0.,1.));
#2997=DIRECTION('center_axis',(1.,0.,0.));
#2998=DIRECTION('ref_axis',(0.,0.,-1.));
#2999=DIRECTION('center_axis',(-1.,0.,0.));
#3000=DIRECTION('ref_axis',(0.,0.,1.));
#3001=DIRECTION('',(-2.16911771422137E-32,6.16297582203915E-33,1.));
#3002=DIRECTION('',(0.,-1.,0.));
#3003=DIRECTION('',(-2.16911771422137E-32,6.16297582203915E-33,1.));
#3004=DIRECTION('',(0.,-1.,0.));
#3005=DIRECTION('',(-2.16911771422137E-32,6.16297582203915E-33,1.));
#3006=DIRECTION('',(1.,9.86076131526265E-32,-2.19933451633824E-32));
#3007=DIRECTION('',(-2.16911771422137E-32,6.16297582203915E-33,1.));
#3008=DIRECTION('',(0.,-1.,0.));
#3009=DIRECTION('',(-2.16911771422137E-32,6.16297582203915E-33,1.));
#3010=DIRECTION('',(0.,-1.,0.));
#3011=DIRECTION('',(-2.16911771422137E-32,6.16297582203915E-33,1.));
#3012=DIRECTION('',(0.,-1.,0.));
#3013=DIRECTION('',(-2.16911771422137E-32,6.16297582203915E-33,1.));
#3014=DIRECTION('',(0.,-1.,0.));
#3015=DIRECTION('',(-2.16911771422137E-32,6.16297582203915E-33,1.));
#3016=DIRECTION('',(0.,-1.,0.));
#3017=DIRECTION('',(-2.16911771422137E-32,6.16297582203915E-33,1.));
#3018=DIRECTION('',(0.,-1.,0.));
#3019=DIRECTION('',(-2.16911771422137E-32,6.16297582203915E-33,1.));
#3020=DIRECTION('',(0.,-1.,0.));
#3021=DIRECTION('',(-2.16911771422137E-32,6.16297582203915E-33,1.));
#3022=DIRECTION('',(0.,-1.,0.));
#3023=DIRECTION('',(-2.16911771422137E-32,6.16297582203915E-33,1.));
#3024=DIRECTION('',(0.,-1.,0.));
#3025=DIRECTION('',(-2.16911771422137E-32,6.16297582203915E-33,1.));
#3026=DIRECTION('',(0.,-1.,0.));
#3027=DIRECTION('',(-2.16911771422137E-32,6.16297582203915E-33,1.));
#3028=DIRECTION('',(0.,-1.,0.));
#3029=DIRECTION('',(-2.16911771422137E-32,6.16297582203915E-33,1.));
#3030=DIRECTION('',(0.,-1.,0.));
#3031=DIRECTION('',(-1.,4.44089209850063E-16,5.25301258813245E-17));
#3032=DIRECTION('',(-2.4980018054066E-16,-0.999999999999999,-4.95770777480706E-16));
#3033=CARTESIAN_POINT('',(0.,0.,0.));
#3034=CARTESIAN_POINT('',(0.,0.,0.));
#3035=CARTESIAN_POINT('',(0.,0.,0.));
#3036=CARTESIAN_POINT('Origin',(0.637967468810307,0.,-0.15));
#3037=CARTESIAN_POINT('',(0.637967468810307,-0.0352,-0.187400000000001));
#3038=CARTESIAN_POINT('Origin',(0.637967468810307,-0.0352,-0.15));
#3039=CARTESIAN_POINT('',(0.637967468810307,1.22464679914726E-20,-0.187400000000001));
#3040=CARTESIAN_POINT('',(0.637967468810307,0.,-0.187400000000001));
#3041=CARTESIAN_POINT('Origin',(0.637967468810307,1.22464679914726E-20,
-0.15));
#3042=CARTESIAN_POINT('Origin',(0.637967468810307,0.,-0.15));
#3043=CARTESIAN_POINT('',(0.637967468810307,-0.11,-0.178740000000001));
#3044=CARTESIAN_POINT('Origin',(0.637967468810307,-0.11,-0.15));
#3045=CARTESIAN_POINT('',(0.637967468810307,-0.0352,-0.178740000000001));
#3046=CARTESIAN_POINT('',(0.637967468810307,0.,-0.178740000000001));
#3047=CARTESIAN_POINT('Origin',(0.637967468810307,-0.0352,-0.15));
#3048=CARTESIAN_POINT('Origin',(0.537967468810307,0.,-0.15));
#3049=CARTESIAN_POINT('',(0.537967468810307,-0.0352,-0.187400000000001));
#3050=CARTESIAN_POINT('Origin',(0.537967468810307,-0.0352,-0.15));
#3051=CARTESIAN_POINT('',(0.537967468810307,1.22464679914726E-20,-0.187400000000001));
#3052=CARTESIAN_POINT('',(0.537967468810307,0.,-0.187400000000001));
#3053=CARTESIAN_POINT('Origin',(0.537967468810307,1.22464679914726E-20,
-0.15));
#3054=CARTESIAN_POINT('Origin',(0.537967468810307,0.,-0.15));
#3055=CARTESIAN_POINT('',(0.537967468810307,-0.11,-0.178740000000001));
#3056=CARTESIAN_POINT('Origin',(0.537967468810307,-0.11,-0.15));
#3057=CARTESIAN_POINT('',(0.537967468810307,-0.0352,-0.178740000000001));
#3058=CARTESIAN_POINT('',(0.537967468810307,0.,-0.178740000000001));
#3059=CARTESIAN_POINT('Origin',(0.537967468810307,-0.0352,-0.15));
#3060=CARTESIAN_POINT('Origin',(0.437967468810307,0.,-0.15));
#3061=CARTESIAN_POINT('',(0.437967468810307,-0.0352,-0.187400000000001));
#3062=CARTESIAN_POINT('Origin',(0.437967468810307,-0.0352,-0.15));
#3063=CARTESIAN_POINT('',(0.437967468810307,1.22464679914726E-20,-0.187400000000001));
#3064=CARTESIAN_POINT('',(0.437967468810307,0.,-0.187400000000001));
#3065=CARTESIAN_POINT('Origin',(0.437967468810307,1.22464679914726E-20,
-0.15));
#3066=CARTESIAN_POINT('Origin',(0.437967468810307,0.,-0.15));
#3067=CARTESIAN_POINT('',(0.437967468810307,-0.11,-0.178740000000001));
#3068=CARTESIAN_POINT('Origin',(0.437967468810307,-0.11,-0.15));
#3069=CARTESIAN_POINT('',(0.437967468810307,-0.0352,-0.178740000000001));
#3070=CARTESIAN_POINT('',(0.437967468810307,0.,-0.178740000000001));
#3071=CARTESIAN_POINT('Origin',(0.437967468810307,-0.0352,-0.15));
#3072=CARTESIAN_POINT('Origin',(0.337967468810307,0.,-0.15));
#3073=CARTESIAN_POINT('',(0.337967468810307,-0.0352,-0.187400000000001));
#3074=CARTESIAN_POINT('Origin',(0.337967468810307,-0.0352,-0.15));
#3075=CARTESIAN_POINT('',(0.337967468810307,1.22464679914726E-20,-0.187400000000001));
#3076=CARTESIAN_POINT('',(0.337967468810307,0.,-0.187400000000001));
#3077=CARTESIAN_POINT('Origin',(0.337967468810307,1.22464679914726E-20,
-0.15));
#3078=CARTESIAN_POINT('Origin',(0.337967468810307,0.,-0.15));
#3079=CARTESIAN_POINT('',(0.337967468810307,-0.11,-0.178740000000001));
#3080=CARTESIAN_POINT('Origin',(0.337967468810307,-0.11,-0.15));
#3081=CARTESIAN_POINT('',(0.337967468810307,-0.0352,-0.178740000000001));
#3082=CARTESIAN_POINT('',(0.337967468810307,0.,-0.178740000000001));
#3083=CARTESIAN_POINT('Origin',(0.337967468810307,-0.0352,-0.15));
#3084=CARTESIAN_POINT('Origin',(0.237967468810307,0.,-0.15));
#3085=CARTESIAN_POINT('',(0.237967468810307,-0.0352,-0.187400000000001));
#3086=CARTESIAN_POINT('Origin',(0.237967468810307,-0.0352,-0.15));
#3087=CARTESIAN_POINT('',(0.237967468810307,1.22464679914726E-20,-0.187400000000001));
#3088=CARTESIAN_POINT('',(0.237967468810307,0.,-0.187400000000001));
#3089=CARTESIAN_POINT('Origin',(0.237967468810307,1.22464679914726E-20,
-0.15));
#3090=CARTESIAN_POINT('Origin',(0.237967468810307,0.,-0.15));
#3091=CARTESIAN_POINT('',(0.237967468810307,-0.11,-0.178740000000001));
#3092=CARTESIAN_POINT('Origin',(0.237967468810307,-0.11,-0.15));
#3093=CARTESIAN_POINT('',(0.237967468810307,-0.0352,-0.178740000000001));
#3094=CARTESIAN_POINT('',(0.237967468810307,0.,-0.178740000000001));
#3095=CARTESIAN_POINT('Origin',(0.237967468810307,-0.0352,-0.15));
#3096=CARTESIAN_POINT('Origin',(0.137967468810307,0.,-0.15));
#3097=CARTESIAN_POINT('',(0.137967468810307,-0.0352,-0.187400000000001));
#3098=CARTESIAN_POINT('Origin',(0.137967468810307,-0.0352,-0.15));
#3099=CARTESIAN_POINT('',(0.137967468810307,1.22464679914726E-20,-0.187400000000001));
#3100=CARTESIAN_POINT('',(0.137967468810307,0.,-0.187400000000001));
#3101=CARTESIAN_POINT('Origin',(0.137967468810307,1.22464679914726E-20,
-0.15));
#3102=CARTESIAN_POINT('Origin',(0.137967468810307,0.,-0.15));
#3103=CARTESIAN_POINT('',(0.137967468810307,-0.11,-0.178740000000001));
#3104=CARTESIAN_POINT('Origin',(0.137967468810307,-0.11,-0.15));
#3105=CARTESIAN_POINT('',(0.137967468810307,-0.0352,-0.178740000000001));
#3106=CARTESIAN_POINT('',(0.137967468810307,0.,-0.178740000000001));
#3107=CARTESIAN_POINT('Origin',(0.137967468810307,-0.0352,-0.15));
#3108=CARTESIAN_POINT('Origin',(0.0379674688103072,0.,-0.15));
#3109=CARTESIAN_POINT('',(0.0379674688103072,-0.0352,-0.187400000000001));
#3110=CARTESIAN_POINT('Origin',(0.0379674688103072,-0.0352,-0.15));
#3111=CARTESIAN_POINT('',(0.0379674688103072,1.22464679914726E-20,-0.187400000000001));
#3112=CARTESIAN_POINT('',(0.0379674688103072,0.,-0.187400000000001));
#3113=CARTESIAN_POINT('Origin',(0.0379674688103072,1.22464679914726E-20,
-0.15));
#3114=CARTESIAN_POINT('Origin',(0.0379674688103072,0.,-0.15));
#3115=CARTESIAN_POINT('',(0.0379674688103072,-0.11,-0.178740000000001));
#3116=CARTESIAN_POINT('Origin',(0.0379674688103072,-0.11,-0.15));
#3117=CARTESIAN_POINT('',(0.0379674688103072,-0.0352,-0.178740000000001));
#3118=CARTESIAN_POINT('',(0.0379674688103072,0.,-0.178740000000001));
#3119=CARTESIAN_POINT('Origin',(0.0379674688103072,-0.0352,-0.15));
#3120=CARTESIAN_POINT('Origin',(0.637967468810307,0.,-0.05));
#3121=CARTESIAN_POINT('',(0.637967468810307,-0.0352,-0.0874000000000005));
#3122=CARTESIAN_POINT('Origin',(0.637967468810307,-0.0352,-0.05));
#3123=CARTESIAN_POINT('',(0.637967468810307,1.22464679914726E-20,-0.0874000000000005));
#3124=CARTESIAN_POINT('',(0.637967468810307,0.,-0.0874000000000005));
#3125=CARTESIAN_POINT('Origin',(0.637967468810307,1.22464679914726E-20,
-0.05));
#3126=CARTESIAN_POINT('Origin',(0.637967468810307,0.,-0.05));
#3127=CARTESIAN_POINT('',(0.637967468810307,-0.11,-0.0787400000000005));
#3128=CARTESIAN_POINT('Origin',(0.637967468810307,-0.11,-0.05));
#3129=CARTESIAN_POINT('',(0.637967468810307,-0.0352,-0.0787400000000005));
#3130=CARTESIAN_POINT('',(0.637967468810307,0.,-0.0787400000000005));
#3131=CARTESIAN_POINT('Origin',(0.637967468810307,-0.0352,-0.05));
#3132=CARTESIAN_POINT('Origin',(0.537967468810307,0.,-0.05));
#3133=CARTESIAN_POINT('',(0.537967468810307,-0.0352,-0.0874000000000005));
#3134=CARTESIAN_POINT('Origin',(0.537967468810307,-0.0352,-0.05));
#3135=CARTESIAN_POINT('',(0.537967468810307,1.22464679914726E-20,-0.0874000000000005));
#3136=CARTESIAN_POINT('',(0.537967468810307,0.,-0.0874000000000005));
#3137=CARTESIAN_POINT('Origin',(0.537967468810307,1.22464679914726E-20,
-0.05));
#3138=CARTESIAN_POINT('Origin',(0.537967468810307,0.,-0.05));
#3139=CARTESIAN_POINT('',(0.537967468810307,-0.11,-0.0787400000000005));
#3140=CARTESIAN_POINT('Origin',(0.537967468810307,-0.11,-0.05));
#3141=CARTESIAN_POINT('',(0.537967468810307,-0.0352,-0.0787400000000005));
#3142=CARTESIAN_POINT('',(0.537967468810307,0.,-0.0787400000000005));
#3143=CARTESIAN_POINT('Origin',(0.537967468810307,-0.0352,-0.05));
#3144=CARTESIAN_POINT('Origin',(0.437967468810307,0.,-0.05));
#3145=CARTESIAN_POINT('',(0.437967468810307,-0.0352,-0.0874000000000005));
#3146=CARTESIAN_POINT('Origin',(0.437967468810307,-0.0352,-0.05));
#3147=CARTESIAN_POINT('',(0.437967468810307,1.22464679914726E-20,-0.0874000000000005));
#3148=CARTESIAN_POINT('',(0.437967468810307,0.,-0.0874000000000005));
#3149=CARTESIAN_POINT('Origin',(0.437967468810307,1.22464679914726E-20,
-0.05));
#3150=CARTESIAN_POINT('Origin',(0.437967468810307,0.,-0.05));
#3151=CARTESIAN_POINT('',(0.437967468810307,-0.11,-0.0787400000000005));
#3152=CARTESIAN_POINT('Origin',(0.437967468810307,-0.11,-0.05));
#3153=CARTESIAN_POINT('',(0.437967468810307,-0.0352,-0.0787400000000005));
#3154=CARTESIAN_POINT('',(0.437967468810307,0.,-0.0787400000000005));
#3155=CARTESIAN_POINT('Origin',(0.437967468810307,-0.0352,-0.05));
#3156=CARTESIAN_POINT('Origin',(0.337967468810307,0.,-0.05));
#3157=CARTESIAN_POINT('',(0.337967468810307,-0.0352,-0.0874000000000005));
#3158=CARTESIAN_POINT('Origin',(0.337967468810307,-0.0352,-0.05));
#3159=CARTESIAN_POINT('',(0.337967468810307,1.22464679914726E-20,-0.0874000000000005));
#3160=CARTESIAN_POINT('',(0.337967468810307,0.,-0.0874000000000005));
#3161=CARTESIAN_POINT('Origin',(0.337967468810307,1.22464679914726E-20,
-0.05));
#3162=CARTESIAN_POINT('Origin',(0.337967468810307,0.,-0.05));
#3163=CARTESIAN_POINT('',(0.337967468810307,-0.11,-0.0787400000000005));
#3164=CARTESIAN_POINT('Origin',(0.337967468810307,-0.11,-0.05));
#3165=CARTESIAN_POINT('',(0.337967468810307,-0.0352,-0.0787400000000005));
#3166=CARTESIAN_POINT('',(0.337967468810307,0.,-0.0787400000000005));
#3167=CARTESIAN_POINT('Origin',(0.337967468810307,-0.0352,-0.05));
#3168=CARTESIAN_POINT('Origin',(0.237967468810307,0.,-0.05));
#3169=CARTESIAN_POINT('',(0.237967468810307,-0.0352,-0.0874000000000005));
#3170=CARTESIAN_POINT('Origin',(0.237967468810307,-0.0352,-0.05));
#3171=CARTESIAN_POINT('',(0.237967468810307,1.22464679914726E-20,-0.0874000000000005));
#3172=CARTESIAN_POINT('',(0.237967468810307,0.,-0.0874000000000005));
#3173=CARTESIAN_POINT('Origin',(0.237967468810307,1.22464679914726E-20,
-0.05));
#3174=CARTESIAN_POINT('Origin',(0.237967468810307,0.,-0.05));
#3175=CARTESIAN_POINT('',(0.237967468810307,-0.11,-0.0787400000000005));
#3176=CARTESIAN_POINT('Origin',(0.237967468810307,-0.11,-0.05));
#3177=CARTESIAN_POINT('',(0.237967468810307,-0.0352,-0.0787400000000005));
#3178=CARTESIAN_POINT('',(0.237967468810307,0.,-0.0787400000000005));
#3179=CARTESIAN_POINT('Origin',(0.237967468810307,-0.0352,-0.05));
#3180=CARTESIAN_POINT('Origin',(0.137967468810307,0.,-0.05));
#3181=CARTESIAN_POINT('',(0.137967468810307,-0.0352,-0.0874000000000005));
#3182=CARTESIAN_POINT('Origin',(0.137967468810307,-0.0352,-0.05));
#3183=CARTESIAN_POINT('',(0.137967468810307,1.22464679914726E-20,-0.0874000000000005));
#3184=CARTESIAN_POINT('',(0.137967468810307,0.,-0.0874000000000005));
#3185=CARTESIAN_POINT('Origin',(0.137967468810307,1.22464679914726E-20,
-0.05));
#3186=CARTESIAN_POINT('Origin',(0.137967468810307,0.,-0.05));
#3187=CARTESIAN_POINT('',(0.137967468810307,-0.11,-0.0787400000000005));
#3188=CARTESIAN_POINT('Origin',(0.137967468810307,-0.11,-0.05));
#3189=CARTESIAN_POINT('',(0.137967468810307,-0.0352,-0.0787400000000005));
#3190=CARTESIAN_POINT('',(0.137967468810307,0.,-0.0787400000000005));
#3191=CARTESIAN_POINT('Origin',(0.137967468810307,-0.0352,-0.05));
#3192=CARTESIAN_POINT('Origin',(0.0379674688103072,0.,-0.05));
#3193=CARTESIAN_POINT('',(0.0379674688103072,-0.0352,-0.0874000000000005));
#3194=CARTESIAN_POINT('Origin',(0.0379674688103072,-0.0352,-0.05));
#3195=CARTESIAN_POINT('',(0.0379674688103072,1.22464679914726E-20,-0.0874000000000005));
#3196=CARTESIAN_POINT('',(0.0379674688103072,0.,-0.0874000000000005));
#3197=CARTESIAN_POINT('Origin',(0.0379674688103072,1.22464679914726E-20,
-0.05));
#3198=CARTESIAN_POINT('Origin',(0.0379674688103072,0.,-0.05));
#3199=CARTESIAN_POINT('',(0.0379674688103072,-0.11,-0.0787400000000005));
#3200=CARTESIAN_POINT('Origin',(0.0379674688103072,-0.11,-0.05));
#3201=CARTESIAN_POINT('',(0.0379674688103072,-0.0352,-0.0787400000000005));
#3202=CARTESIAN_POINT('',(0.0379674688103072,0.,-0.0787400000000005));
#3203=CARTESIAN_POINT('Origin',(0.0379674688103072,-0.0352,-0.05));
#3204=CARTESIAN_POINT('Origin',(0.675934937620615,-0.11,-0.2));
#3205=CARTESIAN_POINT('',(0.575935937620615,-0.11,-0.2));
#3206=CARTESIAN_POINT('',(0.575935937620615,0.,-0.2));
#3207=CARTESIAN_POINT('',(0.575935937620615,-0.11,-0.2));
#3208=CARTESIAN_POINT('',(0.499999,-0.11,-0.2));
#3209=CARTESIAN_POINT('',(0.675934937620615,-0.11,-0.2));
#3210=CARTESIAN_POINT('',(0.499999,0.,-0.2));
#3211=CARTESIAN_POINT('',(0.499999,-0.11,-0.2));
#3212=CARTESIAN_POINT('',(0.675934937620615,0.,-0.2));
#3213=CARTESIAN_POINT('Origin',(0.,-0.11,0.));
#3214=CARTESIAN_POINT('',(0.599999,-0.11,0.));
#3215=CARTESIAN_POINT('',(0.599999,0.,0.));
#3216=CARTESIAN_POINT('',(0.599999,-0.11,0.));
#3217=CARTESIAN_POINT('',(0.675934937620615,-0.11,0.));
#3218=CARTESIAN_POINT('',(0.,-0.11,0.));
#3219=CARTESIAN_POINT('',(0.675934937620615,0.,0.));
#3220=CARTESIAN_POINT('',(0.675934937620615,-0.11,0.));
#3221=CARTESIAN_POINT('',(0.,0.,0.));
#3222=CARTESIAN_POINT('Origin',(0.675934937620615,-0.11,-0.2));
#3223=CARTESIAN_POINT('',(0.475935937620615,-0.11,-0.2));
#3224=CARTESIAN_POINT('',(0.475935937620615,0.,-0.2));
#3225=CARTESIAN_POINT('',(0.475935937620615,-0.11,-0.2));
#3226=CARTESIAN_POINT('',(0.399999,-0.11,-0.2));
#3227=CARTESIAN_POINT('',(0.675934937620615,-0.11,-0.2));
#3228=CARTESIAN_POINT('',(0.399999,0.,-0.2));
#3229=CARTESIAN_POINT('',(0.399999,-0.11,-0.2));
#3230=CARTESIAN_POINT('',(0.675934937620615,0.,-0.2));
#3231=CARTESIAN_POINT('Origin',(0.,-0.11,0.));
#3232=CARTESIAN_POINT('',(0.575935937620615,-0.11,-9.47800169481907E-34));
#3233=CARTESIAN_POINT('',(0.575935937620615,0.,-9.47800169481907E-34));
#3234=CARTESIAN_POINT('',(0.575935937620615,-0.11,-9.47800169481907E-34));
#3235=CARTESIAN_POINT('',(0.499999,0.,0.));
#3236=CARTESIAN_POINT('',(0.,0.,0.));
#3237=CARTESIAN_POINT('',(0.499999,-0.11,0.));
#3238=CARTESIAN_POINT('',(0.499999,-0.11,0.));
#3239=CARTESIAN_POINT('',(0.,-0.11,0.));
#3240=CARTESIAN_POINT('Origin',(0.675934937620615,-0.11,-0.2));
#3241=CARTESIAN_POINT('',(0.375935937620615,-0.11,-0.2));
#3242=CARTESIAN_POINT('',(0.375935937620615,0.,-0.2));
#3243=CARTESIAN_POINT('',(0.375935937620615,-0.11,-0.2));
#3244=CARTESIAN_POINT('',(0.299999,-0.11,-0.2));
#3245=CARTESIAN_POINT('',(0.675934937620615,-0.11,-0.2));
#3246=CARTESIAN_POINT('',(0.299999,0.,-0.2));
#3247=CARTESIAN_POINT('',(0.299999,-0.11,-0.2));
#3248=CARTESIAN_POINT('',(0.675934937620615,0.,-0.2));
#3249=CARTESIAN_POINT('Origin',(0.,-0.11,0.));
#3250=CARTESIAN_POINT('',(0.475935937620615,-0.11,-9.47800169481907E-34));
#3251=CARTESIAN_POINT('',(0.475935937620615,0.,-9.47800169481907E-34));
#3252=CARTESIAN_POINT('',(0.475935937620615,-0.11,-9.47800169481907E-34));
#3253=CARTESIAN_POINT('',(0.399999,0.,0.));
#3254=CARTESIAN_POINT('',(0.,0.,0.));
#3255=CARTESIAN_POINT('',(0.399999,-0.11,0.));
#3256=CARTESIAN_POINT('',(0.399999,-0.11,0.));
#3257=CARTESIAN_POINT('',(0.,-0.11,0.));
#3258=CARTESIAN_POINT('Origin',(0.675934937620615,-0.11,-0.2));
#3259=CARTESIAN_POINT('',(0.275935937620615,-0.11,-0.2));
#3260=CARTESIAN_POINT('',(0.275935937620615,0.,-0.2));
#3261=CARTESIAN_POINT('',(0.275935937620615,-0.11,-0.2));
#3262=CARTESIAN_POINT('',(0.199999,-0.11,-0.2));
#3263=CARTESIAN_POINT('',(0.675934937620615,-0.11,-0.2));
#3264=CARTESIAN_POINT('',(0.199999,0.,-0.2));
#3265=CARTESIAN_POINT('',(0.199999,-0.11,-0.2));
#3266=CARTESIAN_POINT('',(0.675934937620615,0.,-0.2));
#3267=CARTESIAN_POINT('Origin',(0.,-0.11,0.));
#3268=CARTESIAN_POINT('',(0.375935937620615,-0.11,-9.47800169481907E-34));
#3269=CARTESIAN_POINT('',(0.375935937620615,0.,-9.47800169481907E-34));
#3270=CARTESIAN_POINT('',(0.375935937620615,-0.11,-9.47800169481907E-34));
#3271=CARTESIAN_POINT('',(0.299999,0.,0.));
#3272=CARTESIAN_POINT('',(0.,0.,0.));
#3273=CARTESIAN_POINT('',(0.299999,-0.11,0.));
#3274=CARTESIAN_POINT('',(0.299999,-0.11,0.));
#3275=CARTESIAN_POINT('',(0.,-0.11,0.));
#3276=CARTESIAN_POINT('Origin',(0.675934937620615,-0.11,-0.2));
#3277=CARTESIAN_POINT('',(0.175935937620615,-0.11,-0.2));
#3278=CARTESIAN_POINT('',(0.175935937620615,0.,-0.2));
#3279=CARTESIAN_POINT('',(0.175935937620615,-0.11,-0.2));
#3280=CARTESIAN_POINT('',(0.0999990000000001,-0.11,-0.2));
#3281=CARTESIAN_POINT('',(0.675934937620615,-0.11,-0.2));
#3282=CARTESIAN_POINT('',(0.0999990000000001,0.,-0.2));
#3283=CARTESIAN_POINT('',(0.0999990000000001,-0.11,-0.2));
#3284=CARTESIAN_POINT('',(0.675934937620615,0.,-0.2));
#3285=CARTESIAN_POINT('Origin',(0.,-0.11,0.));
#3286=CARTESIAN_POINT('',(0.275935937620615,-0.11,-9.47800169481907E-34));
#3287=CARTESIAN_POINT('',(0.275935937620615,0.,-9.47800169481907E-34));
#3288=CARTESIAN_POINT('',(0.275935937620615,-0.11,-9.47800169481907E-34));
#3289=CARTESIAN_POINT('',(0.199999,0.,0.));
#3290=CARTESIAN_POINT('',(0.,0.,0.));
#3291=CARTESIAN_POINT('',(0.199999,-0.11,0.));
#3292=CARTESIAN_POINT('',(0.199999,-0.11,0.));
#3293=CARTESIAN_POINT('',(0.,-0.11,0.));
#3294=CARTESIAN_POINT('Origin',(0.675934937620615,-0.11,-0.2));
#3295=CARTESIAN_POINT('',(0.0759359376206146,-0.11,-0.2));
#3296=CARTESIAN_POINT('',(0.0759359376206146,0.,-0.2));
#3297=CARTESIAN_POINT('',(0.0759359376206146,-0.11,-0.2));
#3298=CARTESIAN_POINT('',(2.23955320176512E-16,-0.11,-0.2));
#3299=CARTESIAN_POINT('',(0.675934937620615,-0.11,-0.2));
#3300=CARTESIAN_POINT('',(2.23955320176512E-16,0.,-0.2));
#3301=CARTESIAN_POINT('',(2.23955320176512E-16,-0.11,-0.2));
#3302=CARTESIAN_POINT('',(0.675934937620615,0.,-0.2));
#3303=CARTESIAN_POINT('Origin',(0.,-0.11,0.));
#3304=CARTESIAN_POINT('',(0.175935937620615,-0.11,-9.47800169481907E-34));
#3305=CARTESIAN_POINT('',(0.175935937620615,0.,-9.47800169481907E-34));
#3306=CARTESIAN_POINT('',(0.175935937620615,-0.11,-9.47800169481907E-34));
#3307=CARTESIAN_POINT('',(0.0999990000000001,0.,0.));
#3308=CARTESIAN_POINT('',(0.,0.,0.));
#3309=CARTESIAN_POINT('',(0.0999990000000001,-0.11,0.));
#3310=CARTESIAN_POINT('',(0.0999990000000001,-0.11,0.));
#3311=CARTESIAN_POINT('',(0.,-0.11,0.));
#3312=CARTESIAN_POINT('Origin',(2.23955320176512E-16,-0.11,-0.2));
#3313=CARTESIAN_POINT('',(-0.00573253118969239,0.,-0.18425));
#3314=CARTESIAN_POINT('',(2.23955320176512E-16,0.,-0.2));
#3315=CARTESIAN_POINT('',(-0.00573253118969239,-0.11,-0.18425));
#3316=CARTESIAN_POINT('',(2.23955320176512E-16,-0.11,-0.2));
#3317=CARTESIAN_POINT('',(-0.00573253118969239,-0.11,-0.18425));
#3318=CARTESIAN_POINT('Origin',(0.675934937620615,-0.11,-0.2));
#3319=CARTESIAN_POINT('',(0.599999,-0.11,-0.2));
#3320=CARTESIAN_POINT('',(0.599999,0.,-0.2));
#3321=CARTESIAN_POINT('',(0.599999,-0.11,-0.2));
#3322=CARTESIAN_POINT('',(0.675934937620615,0.,-0.2));
#3323=CARTESIAN_POINT('',(0.675934937620615,0.,-0.2));
#3324=CARTESIAN_POINT('',(0.675934937620615,-0.11,-0.2));
#3325=CARTESIAN_POINT('',(0.675934937620615,-0.11,-0.2));
#3326=CARTESIAN_POINT('',(0.675934937620615,-0.11,-0.2));
#3327=CARTESIAN_POINT('Origin',(0.675934937620615,-0.11,-0.2));
#3328=CARTESIAN_POINT('',(0.681667468810307,0.,-0.18425));
#3329=CARTESIAN_POINT('',(0.675934937620615,0.,-0.2));
#3330=CARTESIAN_POINT('',(0.681667468810307,-0.11,-0.18425));
#3331=CARTESIAN_POINT('',(0.681667468810307,-0.11,-0.18425));
#3332=CARTESIAN_POINT('',(0.675934937620615,-0.11,-0.2));
#3333=CARTESIAN_POINT('Origin',(0.687967468810307,-0.11,-0.18425));
#3334=CARTESIAN_POINT('',(0.687967468810307,0.,-0.18425));
#3335=CARTESIAN_POINT('',(0.687967468810307,0.,-0.18425));
#3336=CARTESIAN_POINT('',(0.687967468810307,-0.11,-0.18425));
#3337=CARTESIAN_POINT('',(0.687967468810307,-0.11,-0.18425));
#3338=CARTESIAN_POINT('',(0.687967468810307,-0.11,-0.18425));
#3339=CARTESIAN_POINT('Origin',(0.687967468810307,-0.11,-0.18425));
#3340=CARTESIAN_POINT('',(0.687967468810307,0.,-0.01575));
#3341=CARTESIAN_POINT('',(0.687967468810307,0.,-0.18425));
#3342=CARTESIAN_POINT('',(0.687967468810307,-0.11,-0.01575));
#3343=CARTESIAN_POINT('',(0.687967468810307,-0.11,-0.01575));
#3344=CARTESIAN_POINT('',(0.687967468810307,-0.11,-0.18425));
#3345=CARTESIAN_POINT('Origin',(0.687967468810307,-0.11,-0.01575));
#3346=CARTESIAN_POINT('',(0.681667468810307,-0.11,-0.01575));
#3347=CARTESIAN_POINT('',(0.687967468810307,-0.11,-0.01575));
#3348=CARTESIAN_POINT('',(0.681667468810307,0.,-0.01575));
#3349=CARTESIAN_POINT('',(0.687967468810307,0.,-0.01575));
#3350=CARTESIAN_POINT('',(0.681667468810307,-0.11,-0.01575));
#3351=CARTESIAN_POINT('Origin',(0.675934937620615,-0.11,0.));
#3352=CARTESIAN_POINT('',(0.675934937620615,0.,0.));
#3353=CARTESIAN_POINT('',(0.675934937620615,-0.11,0.));
#3354=CARTESIAN_POINT('Origin',(0.,-0.11,0.));
#3355=CARTESIAN_POINT('',(0.0759359376206146,-0.11,-9.47800169481907E-34));
#3356=CARTESIAN_POINT('',(0.0759359376206146,0.,-9.47800169481907E-34));
#3357=CARTESIAN_POINT('',(0.0759359376206146,-0.11,-9.47800169481907E-34));
#3358=CARTESIAN_POINT('',(0.,0.,0.));
#3359=CARTESIAN_POINT('',(0.,0.,0.));
#3360=CARTESIAN_POINT('',(0.,-0.11,0.));
#3361=CARTESIAN_POINT('',(0.,-0.11,0.));
#3362=CARTESIAN_POINT('',(0.,-0.11,0.));
#3363=CARTESIAN_POINT('Origin',(0.,-0.11,0.));
#3364=CARTESIAN_POINT('',(-0.00573253118969264,0.,-0.01575));
#3365=CARTESIAN_POINT('',(0.,0.,0.));
#3366=CARTESIAN_POINT('',(-0.00573253118969264,-0.11,-0.01575));
#3367=CARTESIAN_POINT('',(-0.00573253118969264,-0.11,-0.01575));
#3368=CARTESIAN_POINT('',(0.,-0.11,0.));
#3369=CARTESIAN_POINT('Origin',(-0.0120325311896926,-0.11,-0.01575));
#3370=CARTESIAN_POINT('',(-0.0120325311896926,0.,-0.01575));
#3371=CARTESIAN_POINT('',(-0.0120325311896926,0.,-0.01575));
#3372=CARTESIAN_POINT('',(-0.0120325311896926,-0.11,-0.01575));
#3373=CARTESIAN_POINT('',(-0.0120325311896926,-0.11,-0.01575));
#3374=CARTESIAN_POINT('',(-0.0120325311896926,-0.11,-0.01575));
#3375=CARTESIAN_POINT('Origin',(-0.0120325311896926,-0.11,-0.18425));
#3376=CARTESIAN_POINT('',(-0.0120325311896926,0.,-0.18425));
#3377=CARTESIAN_POINT('',(-0.0120325311896926,0.,-0.18425));
#3378=CARTESIAN_POINT('',(-0.0120325311896926,-0.11,-0.18425));
#3379=CARTESIAN_POINT('',(-0.0120325311896926,-0.11,-0.18425));
#3380=CARTESIAN_POINT('',(-0.0120325311896926,-0.11,-0.18425));
#3381=CARTESIAN_POINT('Origin',(-0.0120325311896926,-0.11,-0.18425));
#3382=CARTESIAN_POINT('',(-0.0120325311896926,0.,-0.18425));
#3383=CARTESIAN_POINT('',(-0.0120325311896926,-0.11,-0.18425));
#3384=CARTESIAN_POINT('Origin',(-0.00573253118969239,-0.11,-0.18425));
#3385=CARTESIAN_POINT('',(0.581668468810308,-0.11,-0.18425));
#3386=CARTESIAN_POINT('',(0.581668468810308,-0.11,-0.18425));
#3387=CARTESIAN_POINT('',(0.594266468810307,-0.11,-0.18425));
#3388=CARTESIAN_POINT('',(0.581668468810308,-0.11,-0.18425));
#3389=CARTESIAN_POINT('',(0.594266468810307,-0.11,-0.18425));
#3390=CARTESIAN_POINT('',(0.594266468810307,-0.11,-0.01575));
#3391=CARTESIAN_POINT('',(0.594266468810307,-0.11,-0.01575));
#3392=CARTESIAN_POINT('',(0.581668468810307,-0.11,-0.01575));
#3393=CARTESIAN_POINT('',(0.581668468810307,-0.11,-0.01575));
#3394=CARTESIAN_POINT('',(0.581668468810307,-0.11,-0.01575));
#3395=CARTESIAN_POINT('',(0.494266468810307,-0.11,-0.01575));
#3396=CARTESIAN_POINT('',(0.494266468810307,-0.11,-0.01575));
#3397=CARTESIAN_POINT('',(0.481668468810307,-0.11,-0.01575));
#3398=CARTESIAN_POINT('',(0.481668468810307,-0.11,-0.01575));
#3399=CARTESIAN_POINT('',(0.481668468810307,-0.11,-0.01575));
#3400=CARTESIAN_POINT('',(0.394266468810307,-0.11,-0.01575));
#3401=CARTESIAN_POINT('',(0.394266468810307,-0.11,-0.01575));
#3402=CARTESIAN_POINT('',(0.381668468810307,-0.11,-0.01575));
#3403=CARTESIAN_POINT('',(0.381668468810307,-0.11,-0.01575));
#3404=CARTESIAN_POINT('',(0.381668468810307,-0.11,-0.01575));
#3405=CARTESIAN_POINT('',(0.294266468810307,-0.11,-0.01575));
#3406=CARTESIAN_POINT('',(0.294266468810307,-0.11,-0.01575));
#3407=CARTESIAN_POINT('',(0.281668468810307,-0.11,-0.01575));
#3408=CARTESIAN_POINT('',(0.281668468810307,-0.11,-0.01575));
#3409=CARTESIAN_POINT('',(0.281668468810307,-0.11,-0.01575));
#3410=CARTESIAN_POINT('',(0.194266468810307,-0.11,-0.01575));
#3411=CARTESIAN_POINT('',(0.194266468810307,-0.11,-0.01575));
#3412=CARTESIAN_POINT('',(0.181668468810307,-0.11,-0.01575));
#3413=CARTESIAN_POINT('',(0.181668468810307,-0.11,-0.01575));
#3414=CARTESIAN_POINT('',(0.181668468810307,-0.11,-0.01575));
#3415=CARTESIAN_POINT('',(0.0942664688103074,-0.11,-0.01575));
#3416=CARTESIAN_POINT('',(0.0942664688103074,-0.11,-0.01575));
#3417=CARTESIAN_POINT('',(0.0816684688103074,-0.11,-0.01575));
#3418=CARTESIAN_POINT('',(0.0816684688103074,-0.11,-0.01575));
#3419=CARTESIAN_POINT('',(0.0816684688103074,-0.11,-0.01575));
#3420=CARTESIAN_POINT('',(0.0816684688103074,-0.11,-0.18425));
#3421=CARTESIAN_POINT('',(0.0816684688103074,-0.11,-0.18425));
#3422=CARTESIAN_POINT('',(0.0942664688103074,-0.11,-0.18425));
#3423=CARTESIAN_POINT('',(0.0816684688103074,-0.11,-0.18425));
#3424=CARTESIAN_POINT('',(0.0942664688103074,-0.11,-0.18425));
#3425=CARTESIAN_POINT('',(0.181668468810307,-0.11,-0.18425));
#3426=CARTESIAN_POINT('',(0.181668468810307,-0.11,-0.18425));
#3427=CARTESIAN_POINT('',(0.194266468810307,-0.11,-0.18425));
#3428=CARTESIAN_POINT('',(0.181668468810307,-0.11,-0.18425));
#3429=CARTESIAN_POINT('',(0.194266468810307,-0.11,-0.18425));
#3430=CARTESIAN_POINT('',(0.281668468810307,-0.11,-0.18425));
#3431=CARTESIAN_POINT('',(0.281668468810307,-0.11,-0.18425));
#3432=CARTESIAN_POINT('',(0.294266468810307,-0.11,-0.18425));
#3433=CARTESIAN_POINT('',(0.281668468810307,-0.11,-0.18425));
#3434=CARTESIAN_POINT('',(0.294266468810307,-0.11,-0.18425));
#3435=CARTESIAN_POINT('',(0.381668468810307,-0.11,-0.18425));
#3436=CARTESIAN_POINT('',(0.381668468810307,-0.11,-0.18425));
#3437=CARTESIAN_POINT('',(0.394266468810307,-0.11,-0.18425));
#3438=CARTESIAN_POINT('',(0.381668468810307,-0.11,-0.18425));
#3439=CARTESIAN_POINT('',(0.394266468810307,-0.11,-0.18425));
#3440=CARTESIAN_POINT('',(0.481668468810307,-0.11,-0.18425));
#3441=CARTESIAN_POINT('',(0.481668468810307,-0.11,-0.18425));
#3442=CARTESIAN_POINT('',(0.494266468810307,-0.11,-0.18425));
#3443=CARTESIAN_POINT('',(0.481668468810307,-0.11,-0.18425));
#3444=CARTESIAN_POINT('',(0.494266468810307,-0.11,-0.18425));
#3445=CARTESIAN_POINT('Origin',(-0.00573253118969239,0.,-0.18425));
#3446=CARTESIAN_POINT('',(0.581668468810308,0.,-0.18425));
#3447=CARTESIAN_POINT('',(0.581668468810308,0.,-0.18425));
#3448=CARTESIAN_POINT('',(0.494266468810307,0.,-0.18425));
#3449=CARTESIAN_POINT('',(0.494266468810307,0.,-0.18425));
#3450=CARTESIAN_POINT('',(0.481668468810307,0.,-0.18425));
#3451=CARTESIAN_POINT('',(0.481668468810307,0.,-0.18425));
#3452=CARTESIAN_POINT('',(0.481668468810307,0.,-0.18425));
#3453=CARTESIAN_POINT('',(0.394266468810307,0.,-0.18425));
#3454=CARTESIAN_POINT('',(0.394266468810307,0.,-0.18425));
#3455=CARTESIAN_POINT('',(0.381668468810307,0.,-0.18425));
#3456=CARTESIAN_POINT('',(0.381668468810307,0.,-0.18425));
#3457=CARTESIAN_POINT('',(0.381668468810307,0.,-0.18425));
#3458=CARTESIAN_POINT('',(0.294266468810307,0.,-0.18425));
#3459=CARTESIAN_POINT('',(0.294266468810307,0.,-0.18425));
#3460=CARTESIAN_POINT('',(0.281668468810307,0.,-0.18425));
#3461=CARTESIAN_POINT('',(0.281668468810307,0.,-0.18425));
#3462=CARTESIAN_POINT('',(0.281668468810307,0.,-0.18425));
#3463=CARTESIAN_POINT('',(0.194266468810307,0.,-0.18425));
#3464=CARTESIAN_POINT('',(0.194266468810307,0.,-0.18425));
#3465=CARTESIAN_POINT('',(0.181668468810307,0.,-0.18425));
#3466=CARTESIAN_POINT('',(0.181668468810307,0.,-0.18425));
#3467=CARTESIAN_POINT('',(0.181668468810307,0.,-0.18425));
#3468=CARTESIAN_POINT('',(0.0942664688103074,0.,-0.18425));
#3469=CARTESIAN_POINT('',(0.0942664688103074,0.,-0.18425));
#3470=CARTESIAN_POINT('',(0.0816684688103074,0.,-0.18425));
#3471=CARTESIAN_POINT('',(0.0816684688103074,0.,-0.18425));
#3472=CARTESIAN_POINT('',(0.0816684688103074,0.,-0.18425));
#3473=CARTESIAN_POINT('',(0.0816684688103074,0.,-0.01575));
#3474=CARTESIAN_POINT('',(0.0816684688103074,0.,-0.01575));
#3475=CARTESIAN_POINT('',(0.0942664688103074,0.,-0.01575));
#3476=CARTESIAN_POINT('',(0.0816684688103074,0.,-0.01575));
#3477=CARTESIAN_POINT('',(0.0942664688103074,0.,-0.01575));
#3478=CARTESIAN_POINT('',(0.181668468810307,0.,-0.01575));
#3479=CARTESIAN_POINT('',(0.181668468810307,0.,-0.01575));
#3480=CARTESIAN_POINT('',(0.194266468810307,0.,-0.01575));
#3481=CARTESIAN_POINT('',(0.181668468810307,0.,-0.01575));
#3482=CARTESIAN_POINT('',(0.194266468810307,0.,-0.01575));
#3483=CARTESIAN_POINT('',(0.281668468810307,0.,-0.01575));
#3484=CARTESIAN_POINT('',(0.281668468810307,0.,-0.01575));
#3485=CARTESIAN_POINT('',(0.294266468810307,0.,-0.01575));
#3486=CARTESIAN_POINT('',(0.281668468810307,0.,-0.01575));
#3487=CARTESIAN_POINT('',(0.294266468810307,0.,-0.01575));
#3488=CARTESIAN_POINT('',(0.381668468810307,0.,-0.01575));
#3489=CARTESIAN_POINT('',(0.381668468810307,0.,-0.01575));
#3490=CARTESIAN_POINT('',(0.394266468810307,0.,-0.01575));
#3491=CARTESIAN_POINT('',(0.381668468810307,0.,-0.01575));
#3492=CARTESIAN_POINT('',(0.394266468810307,0.,-0.01575));
#3493=CARTESIAN_POINT('',(0.481668468810307,0.,-0.01575));
#3494=CARTESIAN_POINT('',(0.481668468810307,0.,-0.01575));
#3495=CARTESIAN_POINT('',(0.494266468810307,0.,-0.01575));
#3496=CARTESIAN_POINT('',(0.481668468810307,0.,-0.01575));
#3497=CARTESIAN_POINT('',(0.494266468810307,0.,-0.01575));
#3498=CARTESIAN_POINT('',(0.581668468810307,0.,-0.01575));
#3499=CARTESIAN_POINT('',(0.581668468810307,0.,-0.01575));
#3500=CARTESIAN_POINT('',(0.594266468810307,0.,-0.01575));
#3501=CARTESIAN_POINT('',(0.581668468810307,0.,-0.01575));
#3502=CARTESIAN_POINT('',(0.594266468810307,0.,-0.01575));
#3503=CARTESIAN_POINT('',(0.594266468810307,0.,-0.18425));
#3504=CARTESIAN_POINT('',(0.594266468810307,0.,-0.18425));
#3505=CARTESIAN_POINT('',(0.581668468810308,0.,-0.18425));
#3506=CARTESIAN_POINT('Origin',(0.0667074688103077,-0.0352,-0.05));
#3507=CARTESIAN_POINT('Origin',(0.0942664688103074,-0.11,-0.01575));
#3508=CARTESIAN_POINT('',(0.0942664688103074,-0.11,-0.01575));
#3509=CARTESIAN_POINT('Origin',(0.0816684688103074,-0.11,-0.01575));
#3510=CARTESIAN_POINT('',(0.0816684688103074,-0.11,-0.01575));
#3511=CARTESIAN_POINT('Origin',(0.0816684688103074,-0.11,-0.01575));
#3512=CARTESIAN_POINT('Origin',(0.0816684688103074,-0.11,-0.18425));
#3513=CARTESIAN_POINT('',(0.0816684688103074,-0.11,-0.18425));
#3514=CARTESIAN_POINT('Origin',(0.0942664688103074,-0.11,-0.18425));
#3515=CARTESIAN_POINT('',(0.0942664688103074,-0.11,-0.18425));
#3516=CARTESIAN_POINT('Origin',(0.0816684688103074,-0.11,-0.18425));
#3517=CARTESIAN_POINT('Origin',(0.166707468810308,-0.0352,-0.05));
#3518=CARTESIAN_POINT('Origin',(0.266707468810308,-0.0352,-0.05));
#3519=CARTESIAN_POINT('Origin',(0.366707468810308,-0.0352,-0.05));
#3520=CARTESIAN_POINT('Origin',(0.466707468810308,-0.0352,-0.05));
#3521=CARTESIAN_POINT('Origin',(0.566707468810308,-0.0352,-0.05));
#3522=CARTESIAN_POINT('Origin',(0.666707468810308,-0.0352,-0.05));
#3523=CARTESIAN_POINT('Origin',(0.0667074688103077,-0.0352,-0.15));
#3524=CARTESIAN_POINT('Origin',(0.166707468810308,-0.0352,-0.15));
#3525=CARTESIAN_POINT('Origin',(0.266707468810308,-0.0352,-0.15));
#3526=CARTESIAN_POINT('Origin',(0.366707468810308,-0.0352,-0.15));
#3527=CARTESIAN_POINT('Origin',(0.466707468810308,-0.0352,-0.15));
#3528=CARTESIAN_POINT('Origin',(0.566707468810308,-0.0352,-0.15));
#3529=CARTESIAN_POINT('Origin',(0.666707468810308,-0.0352,-0.15));
#3530=CARTESIAN_POINT('Origin',(0.194266468810307,-0.11,-0.01575));
#3531=CARTESIAN_POINT('',(0.194266468810307,-0.11,-0.01575));
#3532=CARTESIAN_POINT('Origin',(0.181668468810307,-0.11,-0.01575));
#3533=CARTESIAN_POINT('',(0.181668468810307,-0.11,-0.01575));
#3534=CARTESIAN_POINT('Origin',(0.181668468810307,-0.11,-0.01575));
#3535=CARTESIAN_POINT('Origin',(0.181668468810307,-0.11,-0.18425));
#3536=CARTESIAN_POINT('',(0.181668468810307,-0.11,-0.18425));
#3537=CARTESIAN_POINT('Origin',(0.194266468810307,-0.11,-0.18425));
#3538=CARTESIAN_POINT('',(0.194266468810307,-0.11,-0.18425));
#3539=CARTESIAN_POINT('Origin',(0.181668468810307,-0.11,-0.18425));
#3540=CARTESIAN_POINT('Origin',(0.294266468810307,-0.11,-0.01575));
#3541=CARTESIAN_POINT('',(0.294266468810307,-0.11,-0.01575));
#3542=CARTESIAN_POINT('Origin',(0.281668468810307,-0.11,-0.01575));
#3543=CARTESIAN_POINT('',(0.281668468810307,-0.11,-0.01575));
#3544=CARTESIAN_POINT('Origin',(0.281668468810307,-0.11,-0.01575));
#3545=CARTESIAN_POINT('Origin',(0.281668468810307,-0.11,-0.18425));
#3546=CARTESIAN_POINT('',(0.281668468810307,-0.11,-0.18425));
#3547=CARTESIAN_POINT('Origin',(0.294266468810307,-0.11,-0.18425));
#3548=CARTESIAN_POINT('',(0.294266468810307,-0.11,-0.18425));
#3549=CARTESIAN_POINT('Origin',(0.281668468810307,-0.11,-0.18425));
#3550=CARTESIAN_POINT('Origin',(0.394266468810307,-0.11,-0.01575));
#3551=CARTESIAN_POINT('',(0.394266468810307,-0.11,-0.01575));
#3552=CARTESIAN_POINT('Origin',(0.381668468810307,-0.11,-0.01575));
#3553=CARTESIAN_POINT('',(0.381668468810307,-0.11,-0.01575));
#3554=CARTESIAN_POINT('Origin',(0.381668468810307,-0.11,-0.01575));
#3555=CARTESIAN_POINT('Origin',(0.381668468810307,-0.11,-0.18425));
#3556=CARTESIAN_POINT('',(0.381668468810307,-0.11,-0.18425));
#3557=CARTESIAN_POINT('Origin',(0.394266468810307,-0.11,-0.18425));
#3558=CARTESIAN_POINT('',(0.394266468810307,-0.11,-0.18425));
#3559=CARTESIAN_POINT('Origin',(0.381668468810307,-0.11,-0.18425));
#3560=CARTESIAN_POINT('Origin',(0.494266468810307,-0.11,-0.01575));
#3561=CARTESIAN_POINT('',(0.494266468810307,-0.11,-0.01575));
#3562=CARTESIAN_POINT('Origin',(0.481668468810307,-0.11,-0.01575));
#3563=CARTESIAN_POINT('',(0.481668468810307,-0.11,-0.01575));
#3564=CARTESIAN_POINT('Origin',(0.481668468810307,-0.11,-0.01575));
#3565=CARTESIAN_POINT('Origin',(0.481668468810307,-0.11,-0.18425));
#3566=CARTESIAN_POINT('',(0.481668468810307,-0.11,-0.18425));
#3567=CARTESIAN_POINT('Origin',(0.494266468810307,-0.11,-0.18425));
#3568=CARTESIAN_POINT('',(0.494266468810307,-0.11,-0.18425));
#3569=CARTESIAN_POINT('Origin',(0.481668468810307,-0.11,-0.18425));
#3570=CARTESIAN_POINT('Origin',(0.594266468810307,-0.11,-0.01575));
#3571=CARTESIAN_POINT('',(0.594266468810307,-0.11,-0.01575));
#3572=CARTESIAN_POINT('Origin',(0.581668468810307,-0.11,-0.01575));
#3573=CARTESIAN_POINT('',(0.581668468810307,-0.11,-0.01575));
#3574=CARTESIAN_POINT('Origin',(0.581668468810307,-0.11,-0.01575));
#3575=CARTESIAN_POINT('Origin',(0.581668468810308,-0.11,-0.18425));
#3576=CARTESIAN_POINT('',(0.581668468810308,-0.11,-0.18425));
#3577=CARTESIAN_POINT('Origin',(0.594266468810307,-0.11,-0.18425));
#3578=CARTESIAN_POINT('',(0.594266468810307,-0.11,-0.18425));
#3579=CARTESIAN_POINT('Origin',(0.581668468810308,-0.11,-0.18425));
#3580=CARTESIAN_POINT('',(0.,0.,0.));
#3581=CARTESIAN_POINT('Origin',(0.171999999999999,0.,0.));
#3582=CARTESIAN_POINT('',(0.165,-2.08189955855028E-18,-0.0169999999999982));
#3583=CARTESIAN_POINT('Origin',(0.165,0.,0.));
#3584=CARTESIAN_POINT('',(0.171999999999999,-1.22464679914727E-18,-0.00999999999999935));
#3585=CARTESIAN_POINT('Origin',(0.171999999999999,-2.08189955855028E-18,
-0.0169999999999982));
#3586=CARTESIAN_POINT('Origin',(0.171999999999999,0.,0.));
#3587=CARTESIAN_POINT('Origin',(0.,0.,0.));
#3588=CARTESIAN_POINT('',(0.28,-1.22464679914726E-18,-0.00999999999999921));
#3589=CARTESIAN_POINT('',(0.,-1.22464679914726E-18,-0.00999999999999921));
#3590=CARTESIAN_POINT('',(0.28,0.00999999999999907,1.22464679914737E-18));
#3591=CARTESIAN_POINT('Origin',(0.28,0.,0.));
#3592=CARTESIAN_POINT('Origin',(0.28,0.,0.));
#3593=CARTESIAN_POINT('Origin',(0.28,-1.09273919746571E-15,0.));
#3594=CARTESIAN_POINT('',(0.29,-1.09212687406613E-15,7.49879891330941E-35));
#3595=CARTESIAN_POINT('Origin',(0.28,-1.09273919746571E-15,0.));
#3596=CARTESIAN_POINT('Origin',(0.,0.,0.));
#3597=CARTESIAN_POINT('',(0.,-4.28626379701547E-18,-0.0349999999999979));
#3598=CARTESIAN_POINT('Origin',(0.,0.,0.));
#3599=CARTESIAN_POINT('',(0.03,-4.28626379701547E-18,-0.0349999999999979));
#3600=CARTESIAN_POINT('',(0.,-4.28626379701547E-18,-0.0349999999999979));
#3601=CARTESIAN_POINT('Origin',(0.03,0.,0.));
#3602=CARTESIAN_POINT('Origin',(0.,0.,0.));
#3603=CARTESIAN_POINT('',(0.0299999999999989,-3.42901103761259E-18,-0.028));
#3604=CARTESIAN_POINT('Origin',(0.0299999999999989,0.,0.));
#3605=CARTESIAN_POINT('',(0.0609999999999997,-3.42901103761259E-18,-0.028));
#3606=CARTESIAN_POINT('',(0.,-3.42901103761259E-18,-0.028));
#3607=CARTESIAN_POINT('Origin',(0.0609999999999997,0.,0.));
#3608=CARTESIAN_POINT('Origin',(0.0703301270189297,0.,0.));
#3609=CARTESIAN_POINT('',(0.0609999999999997,-3.55147571752734E-18,-0.0290000000000002));
#3610=CARTESIAN_POINT('Origin',(0.0609999999999997,0.,0.));
#3611=CARTESIAN_POINT('',(0.0703301270189297,-3.2453140177404E-18,-0.0264999999999993));
#3612=CARTESIAN_POINT('',(0.0703301270189297,-3.2453140177404E-18,-0.0264999999999993));
#3613=CARTESIAN_POINT('Origin',(0.0703301270189297,0.,0.));
#3614=CARTESIAN_POINT('Origin',(0.,0.,0.));
#3615=CARTESIAN_POINT('',(0.157000000000001,-3.2453140177404E-18,-0.0264999999999993));
#3616=CARTESIAN_POINT('',(0.,-3.2453140177404E-18,-0.0264999999999993));
#3617=CARTESIAN_POINT('Origin',(0.157000000000001,0.,0.));
#3618=CARTESIAN_POINT('Origin',(0.164999999999999,0.,0.));
#3619=CARTESIAN_POINT('',(0.164999999999999,-2.26559657842258E-18,-0.0184999999999998));
#3620=CARTESIAN_POINT('',(0.164999999999999,-2.26559657842258E-18,-0.0184999999999998));
#3621=CARTESIAN_POINT('Origin',(0.164999999999999,0.,0.));
#3622=CARTESIAN_POINT('Origin',(0.0609999999999997,0.028,0.));
#3623=CARTESIAN_POINT('Origin',(0.0299999999999994,0.0349999999999979,0.));
#3624=CARTESIAN_POINT('Origin',(0.,0.,0.));
#3625=CARTESIAN_POINT('Origin',(0.164999999999999,0.0184999999999998,0.));
#3626=CARTESIAN_POINT('',(0.637967468810307,6.55643518479423E-17,-0.0500000000000002));
#3627=CARTESIAN_POINT('',(0.537967468810307,8.74191357972564E-17,-0.0500000000000001));
#3628=CARTESIAN_POINT('',(0.,5.55111512312578E-17,0.));
#3629=CARTESIAN_POINT('',(0.0379674688103072,8.74191357972564E-17,-0.15));
#3630=CARTESIAN_POINT('',(0.137967468810307,1.31128703695885E-16,-0.0500000000000001));
#3631=CARTESIAN_POINT('',(0.0379674688103072,6.55643518479423E-17,-0.0500000000000001));
#3632=CARTESIAN_POINT('',(0.137967468810307,1.09273919746571E-16,-0.15));
#3633=CARTESIAN_POINT('',(0.637967468810307,6.55643518479423E-17,-0.15));
#3634=CARTESIAN_POINT('',(0.437967468810307,1.31128703695885E-16,-0.0500000000000001));
#3635=CARTESIAN_POINT('',(0.237967468810307,1.31128703695885E-16,-0.0500000000000001));
#3636=CARTESIAN_POINT('',(0.337967468810307,1.31128703695885E-16,-0.05));
#3637=CARTESIAN_POINT('',(0.337967468810307,1.74838271594513E-16,-0.15));
#3638=CARTESIAN_POINT('',(0.437967468810307,1.09273919746571E-16,-0.15));
#3639=CARTESIAN_POINT('',(0.537967468810307,6.55643518479423E-17,-0.15));
#3640=CARTESIAN_POINT('',(0.237967468810307,1.31128703695885E-16,-0.15));
#3641=CARTESIAN_POINT('',(-0.15,0.0379674688103069,0.165));
#3642=UNCERTAINTY_MEASURE_WITH_UNIT(LENGTH_MEASURE(0.000393700787401575),
#3653,'DISTANCE_ACCURACY_VALUE',
'Maximum model space distance between geometric entities at asserted c
onnectivities');
#3643=UNCERTAINTY_MEASURE_WITH_UNIT(LENGTH_MEASURE(0.000393700787401575),
#3653,'DISTANCE_ACCURACY_VALUE',
'Maximum model space distance between geometric entities at asserted c
onnectivities');
#3644=UNCERTAINTY_MEASURE_WITH_UNIT(LENGTH_MEASURE(0.000393700787401575),
#3653,'DISTANCE_ACCURACY_VALUE',
'Maximum model space distance between geometric entities at asserted c
onnectivities');
#3645=UNCERTAINTY_MEASURE_WITH_UNIT(LENGTH_MEASURE(0.000393700787401575),
#3653,'DISTANCE_ACCURACY_VALUE',
'Maximum model space distance between geometric entities at asserted c
onnectivities');
#3646=UNCERTAINTY_MEASURE_WITH_UNIT(LENGTH_MEASURE(0.000393700787401575),
#3653,'DISTANCE_ACCURACY_VALUE',
'Maximum model space distance between geometric entities at asserted c
onnectivities');
#3647=(
GEOMETRIC_REPRESENTATION_CONTEXT(3)
GLOBAL_UNCERTAINTY_ASSIGNED_CONTEXT((#3642))
GLOBAL_UNIT_ASSIGNED_CONTEXT((#3653,#3657,#3658))
REPRESENTATION_CONTEXT('','3D')
);
#3648=(
GEOMETRIC_REPRESENTATION_CONTEXT(3)
GLOBAL_UNCERTAINTY_ASSIGNED_CONTEXT((#3643))
GLOBAL_UNIT_ASSIGNED_CONTEXT((#3653,#3657,#3658))
REPRESENTATION_CONTEXT('','3D')
);
#3649=(
GEOMETRIC_REPRESENTATION_CONTEXT(3)
GLOBAL_UNCERTAINTY_ASSIGNED_CONTEXT((#3644))
GLOBAL_UNIT_ASSIGNED_CONTEXT((#3653,#3657,#3658))
REPRESENTATION_CONTEXT('','3D')
);
#3650=(
GEOMETRIC_REPRESENTATION_CONTEXT(3)
GLOBAL_UNCERTAINTY_ASSIGNED_CONTEXT((#3645))
GLOBAL_UNIT_ASSIGNED_CONTEXT((#3653,#3657,#3658))
REPRESENTATION_CONTEXT('','3D')
);
#3651=(
GEOMETRIC_REPRESENTATION_CONTEXT(3)
GLOBAL_UNCERTAINTY_ASSIGNED_CONTEXT((#3646))
GLOBAL_UNIT_ASSIGNED_CONTEXT((#3653,#3657,#3658))
REPRESENTATION_CONTEXT('','3D')
);
#3652=DIMENSIONAL_EXPONENTS(1.,0.,0.,0.,0.,0.,0.);
#3653=(
CONVERSION_BASED_UNIT('inch',#3656)
LENGTH_UNIT()
NAMED_UNIT(#3652)
);
#3654=(
LENGTH_UNIT()
NAMED_UNIT(*)
SI_UNIT(.MILLI.,.METRE.)
);
#3655=(
LENGTH_UNIT()
NAMED_UNIT(*)
SI_UNIT($,.METRE.)
);
#3656=LENGTH_MEASURE_WITH_UNIT(LENGTH_MEASURE(25.4),#3654);
#3657=(
NAMED_UNIT(*)
PLANE_ANGLE_UNIT()
SI_UNIT($,.RADIAN.)
);
#3658=(
NAMED_UNIT(*)
SI_UNIT($,.STERADIAN.)
SOLID_ANGLE_UNIT()
);
#3659=SHAPE_DEFINITION_REPRESENTATION(#3663,#3683);
#3660=SHAPE_DEFINITION_REPRESENTATION(#3664,#3684);
#3661=SHAPE_DEFINITION_REPRESENTATION(#3665,#3685);
#3662=SHAPE_DEFINITION_REPRESENTATION(#3666,#3686);
#3663=PRODUCT_DEFINITION_SHAPE('',$,#3688);
#3664=PRODUCT_DEFINITION_SHAPE('',$,#3689);
#3665=PRODUCT_DEFINITION_SHAPE('',$,#3690);
#3666=PRODUCT_DEFINITION_SHAPE('',$,#3691);
#3667=PRODUCT_DEFINITION_SHAPE($,$,#59);
#3668=PRODUCT_DEFINITION_SHAPE($,$,#60);
#3669=PRODUCT_DEFINITION_SHAPE($,$,#61);
#3670=PRODUCT_DEFINITION_SHAPE($,$,#62);
#3671=PRODUCT_DEFINITION_SHAPE($,$,#63);
#3672=PRODUCT_DEFINITION_SHAPE($,$,#64);
#3673=PRODUCT_DEFINITION_SHAPE($,$,#65);
#3674=PRODUCT_DEFINITION_SHAPE($,$,#66);
#3675=PRODUCT_DEFINITION_SHAPE($,$,#67);
#3676=PRODUCT_DEFINITION_SHAPE($,$,#68);
#3677=PRODUCT_DEFINITION_SHAPE($,$,#69);
#3678=PRODUCT_DEFINITION_SHAPE($,$,#70);
#3679=PRODUCT_DEFINITION_SHAPE($,$,#71);
#3680=PRODUCT_DEFINITION_SHAPE($,$,#72);
#3681=PRODUCT_DEFINITION_SHAPE($,$,#73);
#3682=PRODUCT_DEFINITION_SHAPE($,$,#74);
#3683=SHAPE_REPRESENTATION('',(#2201,#2406),#3647);
#3684=SHAPE_REPRESENTATION('',(#2202,#2391,#2392,#2393,#2394,#2395,#2396,
#2397,#2398,#2399,#2400,#2401,#2402,#2403,#2404,#2405),#3648);
#3685=SHAPE_REPRESENTATION('',(#2203),#3649);
#3686=SHAPE_REPRESENTATION('',(#2364),#3650);
#3687=PRODUCT_DEFINITION_CONTEXT('part definition',#3701,'design');
#3688=PRODUCT_DEFINITION('mill-max-419-10-214-00-001000',
'mill-max-419-10-214-00-001000',#3692,#3687);
#3689=PRODUCT_DEFINITION('2026-09-13-02-52-49-639',
'419-10-214-00-001000',#3693,#3687);
#3690=PRODUCT_DEFINITION('P4XX-21-010-00-000000_P414-21-010-00-000000',
'P4XX-21-010-00-000000_P414-21-010-00-000000',#3694,#3687);
#3691=PRODUCT_DEFINITION('1942','1942',#3695,#3687);
#3692=PRODUCT_DEFINITION_FORMATION('',$,#3703);
#3693=PRODUCT_DEFINITION_FORMATION('',$,#3704);
#3694=PRODUCT_DEFINITION_FORMATION('',$,#3705);
#3695=PRODUCT_DEFINITION_FORMATION('',$,#3706);
#3696=PRODUCT_RELATED_PRODUCT_CATEGORY('mill-max-419-10-214-00-001000',
'mill-max-419-10-214-00-001000',(#3703));
#3697=PRODUCT_RELATED_PRODUCT_CATEGORY('419-10-214-00-001000',
'419-10-214-00-001000',(#3704));
#3698=PRODUCT_RELATED_PRODUCT_CATEGORY(
'P4XX-21-010-00-000000_P414-21-010-00-000000',
'P4XX-21-010-00-000000_P414-21-010-00-000000',(#3705));
#3699=PRODUCT_RELATED_PRODUCT_CATEGORY('1942','1942',(#3706));
#3700=APPLICATION_PROTOCOL_DEFINITION('international standard',
'automotive_design',2009,#3701);
#3701=APPLICATION_CONTEXT(
'Core Data for Automotive Mechanical Design Process');
#3702=PRODUCT_CONTEXT('part definition',#3701,'mechanical');
#3703=PRODUCT('mill-max-419-10-214-00-001000',
'mill-max-419-10-214-00-001000',$,(#3702));
#3704=PRODUCT('2026-09-13-02-52-49-639','419-10-214-00-001000',$,(#3702));
#3705=PRODUCT('P4XX-21-010-00-000000_P414-21-010-00-000000',
'P4XX-21-010-00-000000_P414-21-010-00-000000',$,(#3702));
#3706=PRODUCT('1942','1942',$,(#3702));
#3707=PRESENTATION_STYLE_ASSIGNMENT((#3710));
#3708=PRESENTATION_STYLE_ASSIGNMENT((#3711));
#3709=PRESENTATION_STYLE_ASSIGNMENT((#3712));
#3710=SURFACE_STYLE_USAGE(.BOTH.,#3713);
#3711=SURFACE_STYLE_USAGE(.BOTH.,#3714);
#3712=SURFACE_STYLE_USAGE(.BOTH.,#3715);
#3713=SURFACE_SIDE_STYLE('',(#3716));
#3714=SURFACE_SIDE_STYLE('',(#3717));
#3715=SURFACE_SIDE_STYLE('',(#3718));
#3716=SURFACE_STYLE_FILL_AREA(#3719);
#3717=SURFACE_STYLE_FILL_AREA(#3720);
#3718=SURFACE_STYLE_FILL_AREA(#3721);
#3719=FILL_AREA_STYLE('Steel - Satin',(#3722));
#3720=FILL_AREA_STYLE('Opaque(75,75,75)',(#3723));
#3721=FILL_AREA_STYLE('Opaque(255,205,126)',(#3724));
#3722=FILL_AREA_STYLE_COLOUR('Steel - Satin',#3725);
#3723=FILL_AREA_STYLE_COLOUR('Opaque(75,75,75)',#3726);
#3724=FILL_AREA_STYLE_COLOUR('Opaque(255,205,126)',#3727);
#3725=COLOUR_RGB('Steel - Satin',0.627450980392157,0.627450980392157,0.627450980392157);
#3726=COLOUR_RGB('Opaque(75,75,75)',0.294117647058824,0.294117647058824,
0.294117647058824);
#3727=COLOUR_RGB('Opaque(255,205,126)',1.,0.803921568627451,0.494117647058824);
ENDSEC;
END-ISO-10303-21;
