ISO-10303-21;
HEADER;
FILE_DESCRIPTION (( 'STEP AP214' ),
    '1' );
FILE_NAME ('mill-max-419-10-212-00-001000.STEP',
    '2022-07-14T15:02:55',
    ( '' ),
    ( '' ),
    'SwSTEP 2.0',
    'SolidWorks 2022',
    '' );
FILE_SCHEMA (( 'AUTOMOTIVE_DESIGN' ));
ENDSEC;

DATA;
#1 = DIRECTION ( 'NONE',  ( 0.0000000000000000000, 0.0000000000000000000, 1.000000000000000000 ) ) ;
#2 = ORIENTED_EDGE ( 'NONE', *, *, #1642, .F. ) ;
#3 = VERTEX_POINT ( 'NONE', #3289 ) ;
#4 = CARTESIAN_POINT ( 'NONE',  ( 0.3942664688103074133, -0.1100000000000000006, -0.01574999999999998623 ) ) ;
#5 = ORIENTED_EDGE ( 'NONE', *, *, #905, .T. ) ;
#6 = EDGE_CURVE ( 'NONE', #3044, #924, #944, .T. ) ;
#7 = ADVANCED_FACE ( 'NONE', ( #2909, #1288 ), #652, .F. ) ;
#8 = CONTEXT_DEPENDENT_SHAPE_REPRESENTATION ( #4183, #2230 ) ;
#9 = DIRECTION ( 'NONE',  ( 1.000000000000000000, 0.0000000000000000000, -5.421193827719211569E-15 ) ) ;
#10 = PLANE ( 'NONE',  #2855 ) ;
#11 = ORIENTED_EDGE ( 'NONE', *, *, #198, .T. ) ;
#12 = PLANE ( 'NONE',  #1432 ) ;
#13 = EDGE_CURVE ( 'NONE', #3735, #287, #2635, .T. ) ;
#14 = VECTOR ( 'NONE', #626, 39.37007874015748854 ) ;
#15 = CARTESIAN_POINT ( 'NONE',  ( 0.0000000000000000000, 0.0000000000000000000, 0.0000000000000000000 ) ) ;
#16 = ORIENTED_EDGE ( 'NONE', *, *, #2351, .F. ) ;
#17 = CARTESIAN_POINT ( 'NONE',  ( 0.03796746881030719362, -0.1100000000000000006, -0.02125999999999947723 ) ) ;
#18 = LINE ( 'NONE', #3913, #1270 ) ;
#19 = ORIENTED_EDGE ( 'NONE', *, *, #3542, .F. ) ;
#20 = ORIENTED_EDGE ( 'NONE', *, *, #3545, .F. ) ;
#21 = DIRECTION ( 'NONE',  ( 0.0000000000000000000, 0.0000000000000000000, 1.000000000000000000 ) ) ;
#22 = EDGE_LOOP ( 'NONE', ( #514, #1569, #1754, #3023 ) ) ;
#23 = ITEM_DEFINED_TRANSFORMATION ( 'NONE', 'NONE', #2396,  #1331 ) ;
#24 = CARTESIAN_POINT ( 'NONE',  ( 0.2816684688103074374, -0.1100000000000000006, -0.1842499999999996085 ) ) ;
#25 = CARTESIAN_POINT ( 'NONE',  ( 0.03796746881030719362, 1.224646799147263287E-20, -0.1499999999999999944 ) ) ;
#26 = EDGE_LOOP ( 'NONE', ( #68, #2194, #414, #2245 ) ) ;
#27 = DIRECTION ( 'NONE',  ( 0.0000000000000000000, 0.0000000000000000000, 1.000000000000000000 ) ) ;
#28 = EDGE_CURVE ( 'NONE', #2073, #3984, #584, .T. ) ;
#29 = AXIS2_PLACEMENT_3D ( 'NONE', #3414, #2757, #2048 ) ;
#30 = EDGE_CURVE ( 'NONE', #109, #1448, #3256, .T. ) ;
#31 = CARTESIAN_POINT ( 'NONE',  ( 0.1379674688103071922, -0.03520000000000000212, -0.1125999999999994644 ) ) ;
#32 = VECTOR ( 'NONE', #110, 39.37007874015748143 ) ;
#33 = VERTEX_POINT ( 'NONE', #3576 ) ;
#34 = DIRECTION ( 'NONE',  ( -0.0000000000000000000, 1.000000000000000000, 1.224646799147353207E-16 ) ) ;
#35 = FACE_OUTER_BOUND ( 'NONE', #1180, .T. ) ;
#36 = CIRCLE ( 'NONE', #1966, 0.01849999999999981520 ) ;
#37 = DIRECTION ( 'NONE',  ( 0.0000000000000000000, 0.0000000000000000000, 1.000000000000000000 ) ) ;
#38 =( REPRESENTATION_RELATIONSHIP ('NONE','NONE', #1388, #951 ) REPRESENTATION_RELATIONSHIP_WITH_TRANSFORMATION ( #3033 )SHAPE_REPRESENTATION_RELATIONSHIP( ) );
#39 = ORIENTED_EDGE ( 'NONE', *, *, #3919, .T. ) ;
#40 = VERTEX_POINT ( 'NONE', #2594 ) ;
#41 = CARTESIAN_POINT ( 'NONE',  ( 0.3379674688103072033, 0.0000000000000000000, -0.04999999999999999584 ) ) ;
#42 = PRESENTATION_LAYER_ASSIGNMENT (  '', '', ( #1535 ) ) ;
#43 = ORIENTED_EDGE ( 'NONE', *, *, #222, .T. ) ;
#44 = ORIENTED_EDGE ( 'NONE', *, *, #1443, .F. ) ;
#45 = CARTESIAN_POINT ( 'NONE',  ( 0.1379674688103071922, -0.1100000000000000006, -0.07874000000000051791 ) ) ;
#46 = LINE ( 'NONE', #3698, #1646 ) ;
#47 = CARTESIAN_POINT ( 'NONE',  ( 0.03796746881030719362, 1.224646799147263287E-20, -0.04999999999999999584 ) ) ;
#48 = VERTEX_POINT ( 'NONE', #1263 ) ;
#49 = FACE_OUTER_BOUND ( 'NONE', #1514, .T. ) ;
#50 = CIRCLE ( 'NONE', #2258, 0.02874000000000051860 ) ;
#51 = VECTOR ( 'NONE', #2584, 39.37007874015748143 ) ;
#52 = DIRECTION ( 'NONE',  ( 0.0000000000000000000, 0.0000000000000000000, 1.000000000000000000 ) ) ;
#53 = EDGE_CURVE ( 'NONE', #1931, #1558, #2975, .T. ) ;
#54 = AXIS2_PLACEMENT_3D ( 'NONE', #3239, #1524, #4208 ) ;
#55 = LINE ( 'NONE', #3727, #2661 ) ;
#56 = EDGE_CURVE ( 'NONE', #920, #970, #3686, .T. ) ;
#57 = ORIENTED_EDGE ( 'NONE', *, *, #4310, .T. ) ;
#58 = CIRCLE ( 'NONE', #1056, 0.02874000000000052554 ) ;
#59 = CARTESIAN_POINT ( 'NONE',  ( 0.3942664688103074133, 0.0000000000000000000, -0.01574999999999998623 ) ) ;
#60 = ORIENTED_EDGE ( 'NONE', *, *, #3685, .T. ) ;
#61 = ORIENTED_EDGE ( 'NONE', *, *, #916, .F. ) ;
#62 = LINE ( 'NONE', #1419, #1348 ) ;
#63 = EDGE_CURVE ( 'NONE', #4178, #1083, #3351, .T. ) ;
#64 = ORIENTED_EDGE ( 'NONE', *, *, #718, .F. ) ;
#65 = DIRECTION ( 'NONE',  ( -1.000000000000000000, -0.0000000000000000000, -0.0000000000000000000 ) ) ;
#66 = ORIENTED_EDGE ( 'NONE', *, *, #852, .T. ) ;
#67 = DIRECTION ( 'NONE',  ( -1.000000000000000000, -0.0000000000000000000, -0.0000000000000000000 ) ) ;
#68 = ORIENTED_EDGE ( 'NONE', *, *, #2078, .F. ) ;
#69 = PLANE ( 'NONE',  #793 ) ;
#70 = CARTESIAN_POINT ( 'NONE',  ( 0.06670746881030771569, -0.03520000000000000212, -0.04999999999999999584 ) ) ;
#71 = CARTESIAN_POINT ( 'NONE',  ( 0.4759359376206147019, 0.0000000000000000000, -9.478001694819074349E-34 ) ) ;
#72 = VERTEX_POINT ( 'NONE', #3745 ) ;
#73 = AXIS2_PLACEMENT_3D ( 'NONE', #15, #1039, #2716 ) ;
#74 = DIRECTION ( 'NONE',  ( -0.9396926207859092051, 0.0000000000000000000, 0.3420201433256665480 ) ) ;
#75 = EDGE_CURVE ( 'NONE', #3026, #2721, #3463, .T. ) ;
#76 = ORIENTED_EDGE ( 'NONE', *, *, #3382, .T. ) ;
#77 = ORIENTED_EDGE ( 'NONE', *, *, #1554, .F. ) ;
#78 = CARTESIAN_POINT ( 'NONE',  ( 0.2759359376206146353, -0.1100000000000000006, -9.478001694819074349E-34 ) ) ;
#79 = CIRCLE ( 'NONE', #3338, 0.03740000000000053004 ) ;
#80 = EDGE_CURVE ( 'NONE', #3090, #3655, #2681, .T. ) ;
#81 = FACE_OUTER_BOUND ( 'NONE', #4144, .T. ) ;
#82 = ADVANCED_FACE ( 'NONE', ( #1000 ), #3725, .F. ) ;
#83 = VERTEX_POINT ( 'NONE', #688 ) ;
#84 = VECTOR ( 'NONE', #565, 39.37007874015748143 ) ;
#85 = DIRECTION ( 'NONE',  ( 5.421193827719211569E-15, 0.0000000000000000000, 1.000000000000000000 ) ) ;
#86 = ORIENTED_EDGE ( 'NONE', *, *, #879, .F. ) ;
#87 = LINE ( 'NONE', #2138, #3009 ) ;
#88 = ORIENTED_EDGE ( 'NONE', *, *, #1421, .F. ) ;
#89 = CARTESIAN_POINT ( 'NONE',  ( 0.02999999999999940561, 0.03499999999999785227, 0.0000000000000000000 ) ) ;
#90 =( CONVERSION_BASED_UNIT ( 'INCH', #1038 ) LENGTH_UNIT ( ) NAMED_UNIT ( #1099 ) );
#91 = DIRECTION ( 'NONE',  ( 0.0000000000000000000, 0.0000000000000000000, -1.000000000000000000 ) ) ;
#92 = CARTESIAN_POINT ( 'NONE',  ( 0.1379674688103071922, -0.1100000000000000006, -0.1787400000000005096 ) ) ;
#93 = ORIENTED_EDGE ( 'NONE', *, *, #617, .F. ) ;
#94 = CARTESIAN_POINT ( 'NONE',  ( 0.1816684688103074319, -0.1100000000000000006, -0.1842499999999996085 ) ) ;
#95 = ORIENTED_EDGE ( 'NONE', *, *, #2147, .T. ) ;
#96 = CIRCLE ( 'NONE', #4055, 0.03740000000000053004 ) ;
#97 = DIRECTION ( 'NONE',  ( -1.000000000000000000, 0.0000000000000000000, 6.522075230939960446E-16 ) ) ;
#98 = FACE_OUTER_BOUND ( 'NONE', #3345, .T. ) ;
#99 = CIRCLE ( 'NONE', #751, 0.02874000000000051860 ) ;
#100 = ORIENTED_EDGE ( 'NONE', *, *, #1704, .F. ) ;
#101 = FACE_BOUND ( 'NONE', #2327, .T. ) ;
#102 = ADVANCED_FACE ( 'NONE', ( #3413 ), #728, .F. ) ;
#103 = AXIS2_PLACEMENT_3D ( 'NONE', #1160, #2519, #2189 ) ;
#104 = EDGE_CURVE ( 'NONE', #2850, #1806, #3540, .T. ) ;
#105 = CARTESIAN_POINT ( 'NONE',  ( 0.2379674688103072255, -0.1100000000000000006, -0.02125999999999947723 ) ) ;
#106 = DIRECTION ( 'NONE',  ( 1.000000000000000000, 0.0000000000000000000, 0.0000000000000000000 ) ) ;
#107 = CIRCLE ( 'NONE', #3778, 0.03740000000000053698 ) ;
#108 = PLANE ( 'NONE',  #2729 ) ;
#109 = VERTEX_POINT ( 'NONE', #1370 ) ;
#110 = DIRECTION ( 'NONE',  ( 1.000000000000000000, 0.0000000000000000000, -5.421193827719211569E-15 ) ) ;
#111 = ORIENTED_EDGE ( 'NONE', *, *, #2868, .F. ) ;
#112 = FACE_OUTER_BOUND ( 'NONE', #2644, .T. ) ;
#113 = ADVANCED_FACE ( 'NONE', ( #3372 ), #2437, .T. ) ;
#114 = AXIS2_PLACEMENT_3D ( 'NONE', #2000, #2651, #3326 ) ;
#115 = EDGE_CURVE ( 'NONE', #921, #2158, #1352, .T. ) ;
#116 = DIRECTION ( 'NONE',  ( 0.0000000000000000000, 0.0000000000000000000, 1.000000000000000000 ) ) ;
#117 = PRESENTATION_LAYER_ASSIGNMENT (  '', '', ( #4362 ) ) ;
#118 = DIRECTION ( 'NONE',  ( 1.000000000000000000, 0.0000000000000000000, -0.0000000000000000000 ) ) ;
#119 = DIRECTION ( 'NONE',  ( 0.0000000000000000000, 0.0000000000000000000, 1.000000000000000000 ) ) ;
#120 = AXIS2_PLACEMENT_3D ( 'NONE', #138, #3187, #1413 ) ;
#121 = EDGE_LOOP ( 'NONE', ( #633, #273, #3586, #1322 ) ) ;
#122 = PLANE ( 'NONE',  #1482 ) ;
#123 = ORIENTED_EDGE ( 'NONE', *, *, #1138, .F. ) ;
#124 = CIRCLE ( 'NONE', #4221, 0.03740000000000053004 ) ;
#125 = CARTESIAN_POINT ( 'NONE',  ( 0.0000000000000000000, 0.0000000000000000000, 0.0000000000000000000 ) ) ;
#126 = DIRECTION ( 'NONE',  ( 0.0000000000000000000, 0.0000000000000000000, 1.000000000000000000 ) ) ;
#127 = CIRCLE ( 'NONE', #1193, 0.03740000000000053004 ) ;
#128 = DIRECTION ( 'NONE',  ( -1.000000000000000000, 0.0000000000000000000, -0.0000000000000000000 ) ) ;
#129 = VERTEX_POINT ( 'NONE', #1685 ) ;
#130 = DIRECTION ( 'NONE',  ( -0.0000000000000000000, 1.000000000000000000, -0.0000000000000000000 ) ) ;
#131 = SURFACE_SIDE_STYLE ('',( #1404 ) ) ;
#132 = VERTEX_POINT ( 'NONE', #1732 ) ;
#133 = CARTESIAN_POINT ( 'NONE',  ( 0.2942664688103074355, -0.1100000000000000006, -0.1842499999999996918 ) ) ;
#134 = ORIENTED_EDGE ( 'NONE', *, *, #1838, .T. ) ;
#135 = EDGE_CURVE ( 'NONE', #2964, #4239, #3020, .T. ) ;
#136 = CARTESIAN_POINT ( 'NONE',  ( 0.1942664688103074300, -0.1100000000000000006, -0.1842499999999996918 ) ) ;
#137 = EDGE_CURVE ( 'NONE', #72, #889, #2734, .T. ) ;
#138 = CARTESIAN_POINT ( 'NONE',  ( 0.1816684688103074041, -0.1100000000000000006, -0.01574999999999998623 ) ) ;
#139 = DIRECTION ( 'NONE',  ( -0.3420201433256694346, -0.0000000000000000000, -0.9396926207859080948 ) ) ;
#140 = EDGE_CURVE ( 'NONE', #2994, #234, #1057, .T. ) ;
#141 = DIRECTION ( 'NONE',  ( 0.0000000000000000000, 0.0000000000000000000, 1.000000000000000000 ) ) ;
#142 = DIRECTION ( 'NONE',  ( -1.000000000000000000, -0.0000000000000000000, -0.0000000000000000000 ) ) ;
#143 = VECTOR ( 'NONE', #1364, 39.37007874015748143 ) ;
#144 = DIRECTION ( 'NONE',  ( -0.0000000000000000000, 1.000000000000000000, -0.0000000000000000000 ) ) ;
#145 = ORIENTED_EDGE ( 'NONE', *, *, #1366, .F. ) ;
#146 = CYLINDRICAL_SURFACE ( 'NONE', #1745, 0.03740000000000053698 ) ;
#147 = DIRECTION ( 'NONE',  ( -0.3420201433256720991, 0.0000000000000000000, 0.9396926207859070956 ) ) ;
#148 = VECTOR ( 'NONE', #2085, 39.37007874015748143 ) ;
#149 = SURFACE_STYLE_USAGE ( .BOTH. , #4149 ) ;
#150 = EDGE_LOOP ( 'NONE', ( #2973, #2251, #1578, #4132 ) ) ;
#151 = VECTOR ( 'NONE', #3640, 39.37007874015748143 ) ;
#152 = AXIS2_PLACEMENT_3D ( 'NONE', #89, #2775, #1475 ) ;
#153 = CARTESIAN_POINT ( 'NONE',  ( 0.3379674688103072033, -0.1100000000000000006, -0.1212599999999994932 ) ) ;
#154 = DIRECTION ( 'NONE',  ( 0.0000000000000000000, 0.0000000000000000000, 1.000000000000000000 ) ) ;
#155 = DIRECTION ( 'NONE',  ( -0.0000000000000000000, 1.000000000000000000, -0.0000000000000000000 ) ) ;
#156 = ORIENTED_EDGE ( 'NONE', *, *, #1981, .F. ) ;
#157 = ORIENTED_EDGE ( 'NONE', *, *, #668, .F. ) ;
#158 = CARTESIAN_POINT ( 'NONE',  ( 0.5879674688103072588, 0.0000000000000000000, -0.1842499999999999416 ) ) ;
#159 = CARTESIAN_POINT ( 'NONE',  ( 0.09426646881030741054, -0.1100000000000000006, -0.1842499999999996918 ) ) ;
#160 = CARTESIAN_POINT ( 'NONE',  ( 0.1719999999999985985, 0.0000000000000000000, 0.0000000000000000000 ) ) ;
#161 = VERTEX_POINT ( 'NONE', #3081 ) ;
#162 = CARTESIAN_POINT ( 'NONE',  ( 0.5379674688103072144, -0.03520000000000000212, -0.1499999999999999944 ) ) ;
#163 = EDGE_CURVE ( 'NONE', #3505, #1733, #4098, .T. ) ;
#164 = EDGE_CURVE ( 'NONE', #1733, #3044, #2756, .T. ) ;
#165 = DIRECTION ( 'NONE',  ( -0.0000000000000000000, 1.000000000000000000, -0.0000000000000000000 ) ) ;
#166 = DIRECTION ( 'NONE',  ( 0.0000000000000000000, 0.0000000000000000000, 1.000000000000000000 ) ) ;
#167 = VERTEX_POINT ( 'NONE', #750 ) ;
#168 = CARTESIAN_POINT ( 'NONE',  ( 0.5759349376206148730, -0.1100000000000000006, -0.2000000000000000111 ) ) ;
#169 = DIRECTION ( 'NONE',  ( 1.000000000000000000, 0.0000000000000000000, -5.421193827719211569E-15 ) ) ;
#170 = CARTESIAN_POINT ( 'NONE',  ( 0.1942664688103074300, -0.1100000000000000006, -0.1842499999999996918 ) ) ;
#171 = CIRCLE ( 'NONE', #3908, 0.02874000000000052554 ) ;
#172 = EDGE_LOOP ( 'NONE', ( #2139, #1918, #1846, #1376 ) ) ;
#173 = ORIENTED_EDGE ( 'NONE', *, *, #4159, .F. ) ;
#174 = VECTOR ( 'NONE', #1647, 39.37007874015748143 ) ;
#175 = FACE_BOUND ( 'NONE', #1273, .T. ) ;
#176 = FACE_OUTER_BOUND ( 'NONE', #3317, .T. ) ;
#177 = ORIENTED_EDGE ( 'NONE', *, *, #3983, .T. ) ;
#178 = AXIS2_PLACEMENT_3D ( 'NONE', #2514, #3495, #2159 ) ;
#179 = DIRECTION ( 'NONE',  ( 0.3420201433256665480, -0.0000000000000000000, 0.9396926207859092051 ) ) ;
#180 = CARTESIAN_POINT ( 'NONE',  ( 0.5379674688103072144, -0.1100000000000000006, -0.1787400000000005096 ) ) ;
#181 = PRODUCT_DEFINITION_CONTEXT ( 'detailed design', #3940, 'design' ) ;
#182 = DIRECTION ( 'NONE',  ( 0.0000000000000000000, 0.0000000000000000000, 1.000000000000000000 ) ) ;
#183 = ORIENTED_EDGE ( 'NONE', *, *, #3218, .F. ) ;
#184 = CARTESIAN_POINT ( 'NONE',  ( 0.5759349376206148730, 0.0000000000000000000, -0.2000000000000000111 ) ) ;
#185 = ADVANCED_FACE ( 'NONE', ( #2107, #302, #1666, #2997, #4348, #3526, #3503, #1817, #2191, #1098, #2545, #406, #498 ), #2817, .F. ) ;
#186 = CARTESIAN_POINT ( 'NONE',  ( 0.5379674688103072144, -0.1100000000000000006, -0.1499999999999999944 ) ) ;
#187 = ORIENTED_EDGE ( 'NONE', *, *, #3776, .T. ) ;
#188 = LENGTH_MEASURE_WITH_UNIT ( LENGTH_MEASURE( 0.02539999999999999897 ), #3902 );
#189 = EDGE_CURVE ( 'NONE', #3963, #3048, #1011, .T. ) ;
#190 = AXIS2_PLACEMENT_3D ( 'NONE', #803, #2155, #2575 ) ;
#191 = CARTESIAN_POINT ( 'NONE',  ( 0.3816684688103073597, 0.0000000000000000000, -0.01574999999999998623 ) ) ;
#192 = LINE ( 'NONE', #2619, #3837 ) ;
#193 = DIRECTION ( 'NONE',  ( -1.000000000000000000, -0.0000000000000000000, -0.0000000000000000000 ) ) ;
#194 = EDGE_CURVE ( 'NONE', #3766, #3761, #1985, .T. ) ;
#195 = CIRCLE ( 'NONE', #2682, 0.03740000000000053004 ) ;
#196 = ORIENTED_EDGE ( 'NONE', *, *, #1226, .F. ) ;
#197 = EDGE_LOOP ( 'NONE', ( #2928, #2222, #4261, #1785 ) ) ;
#198 = EDGE_CURVE ( 'NONE', #2964, #4020, #1120, .T. ) ;
#199 = AXIS2_PLACEMENT_3D ( 'NONE', #3126, #776, #1143 ) ;
#200 = DIRECTION ( 'NONE',  ( -0.9396926207859092051, 0.0000000000000000000, 0.3420201433256665480 ) ) ;
#201 = CARTESIAN_POINT ( 'NONE',  ( 0.2379674688103072255, -0.03520000000000000212, -0.04999999999999999584 ) ) ;
#202 = ORIENTED_EDGE ( 'NONE', *, *, #2694, .F. ) ;
#203 = CIRCLE ( 'NONE', #3237, 0.03740000000000053004 ) ;
#204 = ORIENTED_EDGE ( 'NONE', *, *, #2501, .T. ) ;
#205 = CARTESIAN_POINT ( 'NONE',  ( 0.1816684688103074041, 0.0000000000000000000, -0.01574999999999998623 ) ) ;
#206 = DIRECTION ( 'NONE',  ( -0.0000000000000000000, 1.000000000000000000, -0.0000000000000000000 ) ) ;
#207 = CARTESIAN_POINT ( 'NONE',  ( 0.3379674688103072033, -0.03520000000000000212, -0.1499999999999999944 ) ) ;
#208 = FACE_OUTER_BOUND ( 'NONE', #2347, .T. ) ;
#209 = DIRECTION ( 'NONE',  ( 0.0000000000000000000, 0.0000000000000000000, 1.000000000000000000 ) ) ;
#210 = CARTESIAN_POINT ( 'NONE',  ( 0.5759349376206148730, -0.1100000000000000006, -0.2000000000000000111 ) ) ;
#211 = ORIENTED_EDGE ( 'NONE', *, *, #819, .F. ) ;
#212 =( CONVERSION_BASED_UNIT ( 'INCH', #188 ) LENGTH_UNIT ( ) NAMED_UNIT ( #4198 ) );
#213 = LINE ( 'NONE', #2339, #3210 ) ;
#214 = CARTESIAN_POINT ( 'NONE',  ( 0.4816684688103073930, -0.1100000000000000006, -0.01574999999999998623 ) ) ;
#215 = VERTEX_POINT ( 'NONE', #2796 ) ;
#216 = CARTESIAN_POINT ( 'NONE',  ( 0.4379674688103072366, -0.1100000000000000006, -0.04999999999999999584 ) ) ;
#217 = ADVANCED_FACE ( 'NONE', ( #2777 ), #3785, .T. ) ;
#218 = EDGE_LOOP ( 'NONE', ( #2461, #1284, #3666, #2210 ) ) ;
#219 = DIRECTION ( 'NONE',  ( 0.0000000000000000000, 0.0000000000000000000, -1.000000000000000000 ) ) ;
#220 = VERTEX_POINT ( 'NONE', #834 ) ;
#221 = EDGE_CURVE ( 'NONE', #1054, #1390, #4161, .T. ) ;
#222 = EDGE_CURVE ( 'NONE', #1123, #234, #2126, .T. ) ;
#223 = DIRECTION ( 'NONE',  ( -1.000000000000000000, 0.0000000000000000000, -0.0000000000000000000 ) ) ;
#224 = VERTEX_POINT ( 'NONE', #3477 ) ;
#225 = CYLINDRICAL_SURFACE ( 'NONE', #3664, 0.02874000000000052207 ) ;
#226 = VECTOR ( 'NONE', #622, 39.37007874015748854 ) ;
#227 = CARTESIAN_POINT ( 'NONE',  ( 0.5379674688103072144, 0.0000000000000000000, -0.1499999999999999944 ) ) ;
#228 = CONICAL_SURFACE ( 'NONE', #1368, 0.01849999999999981520, 0.7853981633975165577 ) ;
#229 = APPLICATION_PROTOCOL_DEFINITION ( 'draft international standard', 'automotive_design', 1998, #3262 ) ;
#230 = DIRECTION ( 'NONE',  ( 0.0000000000000000000, 0.0000000000000000000, 1.000000000000000000 ) ) ;
#231 = DIRECTION ( 'NONE',  ( 0.0000000000000000000, 0.0000000000000000000, 1.000000000000000000 ) ) ;
#232 = DIRECTION ( 'NONE',  ( 0.0000000000000000000, 0.0000000000000000000, 1.000000000000000000 ) ) ;
#233 = DIRECTION ( 'NONE',  ( 0.0000000000000000000, 0.0000000000000000000, 1.000000000000000000 ) ) ;
#234 = VERTEX_POINT ( 'NONE', #1501 ) ;
#235 = CARTESIAN_POINT ( 'NONE',  ( 0.0000000000000000000, -0.1100000000000000006, 0.0000000000000000000 ) ) ;
#236 = CARTESIAN_POINT ( 'NONE',  ( 0.3999990000000001600, -0.1100000000000000006, 0.0000000000000000000 ) ) ;
#237 = DIRECTION ( 'NONE',  ( -0.3420201433256654933, 0.0000000000000000000, 0.9396926207859095381 ) ) ;
#238 = APPLICATION_CONTEXT ( 'automotive_design' ) ;
#239 = CIRCLE ( 'NONE', #3634, 0.03740000000000053004 ) ;
#240 = EDGE_LOOP ( 'NONE', ( #3265, #891 ) ) ;
#241 = CARTESIAN_POINT ( 'NONE',  ( 0.3379674688103072033, -0.03520000000000000212, -0.1499999999999999944 ) ) ;
#242 = ORIENTED_EDGE ( 'NONE', *, *, #164, .F. ) ;
#243 = VECTOR ( 'NONE', #169, 39.37007874015748143 ) ;
#244 = CARTESIAN_POINT ( 'NONE',  ( 0.03796746881030719362, 0.0000000000000000000, -0.1212599999999994932 ) ) ;
#245 = ORIENTED_EDGE ( 'NONE', *, *, #1674, .T. ) ;
#246 = CARTESIAN_POINT ( 'NONE',  ( 0.2816684688103074374, -0.1100000000000000006, -0.1842499999999996085 ) ) ;
#247 = EDGE_CURVE ( 'NONE', #2421, #2768, #3817, .T. ) ;
#248 = CARTESIAN_POINT ( 'NONE',  ( 0.4816684688103075040, -0.1100000000000000006, -0.1842499999999996085 ) ) ;
#249 = VECTOR ( 'NONE', #3431, 39.37007874015748143 ) ;
#250 = EDGE_CURVE ( 'NONE', #970, #3077, #1016, .T. ) ;
#251 = DIRECTION ( 'NONE',  ( 0.9396926207859080948, 0.0000000000000000000, -0.3420201433256695456 ) ) ;
#252 = VECTOR ( 'NONE', #2648, 39.37007874015748143 ) ;
#253 = CARTESIAN_POINT ( 'NONE',  ( 0.5379674688103072144, -0.03520000000000000212, -0.1787400000000005096 ) ) ;
#254 = ORIENTED_EDGE ( 'NONE', *, *, #2325, .T. ) ;
#255 = CARTESIAN_POINT ( 'NONE',  ( 0.2379674688103072255, 0.0000000000000000000, -0.1499999999999999944 ) ) ;
#256 = ADVANCED_FACE ( 'NONE', ( #1772, #1794 ), #3851, .F. ) ;
#257 = AXIS2_PLACEMENT_3D ( 'NONE', #522, #546, #1883 ) ;
#258 = PLANE ( 'NONE',  #4064 ) ;
#259 = DIRECTION ( 'NONE',  ( 0.0000000000000000000, 0.0000000000000000000, 1.000000000000000000 ) ) ;
#260 = CARTESIAN_POINT ( 'NONE',  ( 0.0000000000000000000, 0.0000000000000000000, 0.0000000000000000000 ) ) ;
#261 = EDGE_LOOP ( 'NONE', ( #1484, #3696 ) ) ;
#262 = DIRECTION ( 'NONE',  ( -0.3420201433256720991, 0.0000000000000000000, 0.9396926207859070956 ) ) ;
#263 = DIRECTION ( 'NONE',  ( 0.0000000000000000000, 0.0000000000000000000, 1.000000000000000000 ) ) ;
#264 = ORIENTED_EDGE ( 'NONE', *, *, #13, .T. ) ;
#265 = DIRECTION ( 'NONE',  ( 0.0000000000000000000, 0.0000000000000000000, 1.000000000000000000 ) ) ;
#266 = VERTEX_POINT ( 'NONE', #3874 ) ;
#267 = FACE_OUTER_BOUND ( 'NONE', #3458, .T. ) ;
#268 = VECTOR ( 'NONE', #630, 39.37007874015748143 ) ;
#269 = ORIENTED_EDGE ( 'NONE', *, *, #2988, .F. ) ;
#270 =( REPRESENTATION_RELATIONSHIP ('NONE','NONE', #1388, #951 ) REPRESENTATION_RELATIONSHIP_WITH_TRANSFORMATION ( #23 )SHAPE_REPRESENTATION_RELATIONSHIP( ) );
#271 = AXIS2_PLACEMENT_3D ( 'NONE', #2362, #1355, #2702 ) ;
#272 = LINE ( 'NONE', #4005, #4278 ) ;
#273 = ORIENTED_EDGE ( 'NONE', *, *, #1800, .T. ) ;
#274 = DIRECTION ( 'NONE',  ( 0.3420201433256636059, 0.0000000000000000000, -0.9396926207859100932 ) ) ;
#275 = AXIS2_PLACEMENT_3D ( 'NONE', #2522, #500, #166 ) ;
#276 = SHAPE_DEFINITION_REPRESENTATION ( #3241, #3500 ) ;
#277 = VECTOR ( 'NONE', #654, 39.37007874015748143 ) ;
#278 = DIRECTION ( 'NONE',  ( 0.0000000000000000000, 0.0000000000000000000, 1.000000000000000000 ) ) ;
#279 = CARTESIAN_POINT ( 'NONE',  ( 0.1942664688103074300, -0.1100000000000000006, -0.01574999999999998623 ) ) ;
#280 = EDGE_CURVE ( 'NONE', #2388, #2905, #2496, .T. ) ;
#281 = ADVANCED_FACE ( 'NONE', ( #3454, #426 ), #1521, .F. ) ;
#282 = CARTESIAN_POINT ( 'NONE',  ( 0.4379674688103072366, 0.0000000000000000000, -0.04999999999999999584 ) ) ;
#283 = DIRECTION ( 'NONE',  ( 0.0000000000000000000, 0.0000000000000000000, 1.000000000000000000 ) ) ;
#284 = PRODUCT_DEFINITION_SHAPE ( 'NONE', 'NONE',  #4364 ) ;
#285 = DIRECTION ( 'NONE',  ( -0.0000000000000000000, 1.000000000000000000, -0.0000000000000000000 ) ) ;
#286 = CARTESIAN_POINT ( 'NONE',  ( -0.01203253118969264089, -0.1100000000000000006, -0.1842499999999996918 ) ) ;
#287 = VERTEX_POINT ( 'NONE', #1137 ) ;
#288 = CARTESIAN_POINT ( 'NONE',  ( 0.07033012701892972507, 0.0000000000000000000, 0.0000000000000000000 ) ) ;
#289 = VERTEX_POINT ( 'NONE', #1481 ) ;
#290 = PLANE ( 'NONE',  #440 ) ;
#291 = VERTEX_POINT ( 'NONE', #1187 ) ;
#292 = DIRECTION ( 'NONE',  ( 0.9396926207859104263, 0.0000000000000000000, 0.3420201433256633838 ) ) ;
#293 = CIRCLE ( 'NONE', #4314, 0.03740000000000053698 ) ;
#294 = CARTESIAN_POINT ( 'NONE',  ( 0.0000000000000000000, -0.1100000000000000006, 0.0000000000000000000 ) ) ;
#295 = ORIENTED_EDGE ( 'NONE', *, *, #2737, .F. ) ;
#296 = PRODUCT_CONTEXT ( 'NONE', #1089, 'mechanical' ) ;
#297 = AXIS2_PLACEMENT_3D ( 'NONE', #2699, #1410, #4015 ) ;
#298 = DIRECTION ( 'NONE',  ( -0.0000000000000000000, 1.000000000000000000, -0.0000000000000000000 ) ) ;
#299 = ORIENTED_EDGE ( 'NONE', *, *, #2297, .T. ) ;
#300 = CARTESIAN_POINT ( 'NONE',  ( 0.3816684688103073597, -0.1100000000000000006, -0.01574999999999998623 ) ) ;
#301 = CARTESIAN_POINT ( 'NONE',  ( 0.4379674688103072366, 0.0000000000000000000, -0.04999999999999999584 ) ) ;
#302 = FACE_BOUND ( 'NONE', #677, .T. ) ;
#303 = ADVANCED_FACE ( 'NONE', ( #2498 ), #3436, .T. ) ;
#304 = LINE ( 'NONE', #1668, #684 ) ;
#305 = CARTESIAN_POINT ( 'NONE',  ( 0.5879674688103072588, 0.0000000000000000000, -0.1842499999999999416 ) ) ;
#306 = EDGE_CURVE ( 'NONE', #1608, #2025, #3827, .T. ) ;
#307 = ORIENTED_EDGE ( 'NONE', *, *, #1618, .T. ) ;
#308 = DIRECTION ( 'NONE',  ( -0.0000000000000000000, 1.000000000000000000, -0.0000000000000000000 ) ) ;
#309 = ORIENTED_EDGE ( 'NONE', *, *, #135, .F. ) ;
#310 = CARTESIAN_POINT ( 'NONE',  ( 0.4942664688103074466, 0.0000000000000000000, -0.1842499999999996918 ) ) ;
#311 = EDGE_CURVE ( 'NONE', #4344, #2851, #1285, .T. ) ;
#312 = CARTESIAN_POINT ( 'NONE',  ( 0.3379674688103072033, 0.0000000000000000000, -0.04999999999999999584 ) ) ;
#313 = ORIENTED_EDGE ( 'NONE', *, *, #3218, .T. ) ;
#314 = ORIENTED_EDGE ( 'NONE', *, *, #3899, .T. ) ;
#315 =( CONVERSION_BASED_UNIT ( 'INCH', #1611 ) LENGTH_UNIT ( ) NAMED_UNIT ( #1441 ) );
#316 = DIRECTION ( 'NONE',  ( -0.0000000000000000000, 1.000000000000000000, -0.0000000000000000000 ) ) ;
#317 = AXIS2_PLACEMENT_3D ( 'NONE', #3578, #2935, #1625 ) ;
#318 = ORIENTED_EDGE ( 'NONE', *, *, #2645, .T. ) ;
#319 = CARTESIAN_POINT ( 'NONE',  ( 0.2379674688103072255, 0.0000000000000000000, -0.1874000000000005384 ) ) ;
#320 = VECTOR ( 'NONE', #3367, 39.37007874015748143 ) ;
#321 = CARTESIAN_POINT ( 'NONE',  ( 0.4379674688103072366, -0.03520000000000000212, -0.04999999999999999584 ) ) ;
#322 =( REPRESENTATION_RELATIONSHIP ('NONE','NONE', #1388, #3500 ) REPRESENTATION_RELATIONSHIP_WITH_TRANSFORMATION ( #1635 )SHAPE_REPRESENTATION_RELATIONSHIP( ) );
#323 = DIRECTION ( 'NONE',  ( -0.0000000000000000000, 1.000000000000000000, -0.0000000000000000000 ) ) ;
#324 = EDGE_LOOP ( 'NONE', ( #2226, #3901, #2082, #4135 ) ) ;
#325 = ADVANCED_FACE ( 'NONE', ( #1641 ), #1952, .F. ) ;
#326 = DIRECTION ( 'NONE',  ( 0.0000000000000000000, -0.0000000000000000000, -1.000000000000000000 ) ) ;
#327 = CARTESIAN_POINT ( 'NONE',  ( 0.4999990000000001378, -0.1100000000000000006, -0.1999999999999999833 ) ) ;
#328 = EDGE_CURVE ( 'NONE', #4193, #4040, #570, .T. ) ;
#329 = VERTEX_POINT ( 'NONE', #3260 ) ;
#330 = ORIENTED_EDGE ( 'NONE', *, *, #3916, .T. ) ;
#331 = LINE ( 'NONE', #2344, #3868 ) ;
#332 = CIRCLE ( 'NONE', #767, 0.03740000000000053004 ) ;
#333 = ADVANCED_FACE ( 'NONE', ( #2590 ), #4321, .F. ) ;
#334 = ORIENTED_EDGE ( 'NONE', *, *, #4225, .T. ) ;
#335 = ORIENTED_EDGE ( 'NONE', *, *, #2890, .T. ) ;
#336 = DIRECTION ( 'NONE',  ( 0.0000000000000000000, 0.0000000000000000000, 1.000000000000000000 ) ) ;
#337 = VECTOR ( 'NONE', #1783, 39.37007874015748143 ) ;
#338 = CONTEXT_DEPENDENT_SHAPE_REPRESENTATION ( #555, #4340 ) ;
#339 = LINE ( 'NONE', #3388, #3198 ) ;
#340 = FACE_OUTER_BOUND ( 'NONE', #1881, .T. ) ;
#341 = CIRCLE ( 'NONE', #3371, 0.02874000000000051860 ) ;
#342 = ORIENTED_EDGE ( 'NONE', *, *, #1912, .T. ) ;
#343 = DIRECTION ( 'NONE',  ( 1.000000000000000000, 0.0000000000000000000, 0.0000000000000000000 ) ) ;
#344 = AXIS2_PLACEMENT_3D ( 'NONE', #1866, #2266, #3216 ) ;
#345 = DIRECTION ( 'NONE',  ( 0.0000000000000000000, 0.0000000000000000000, 1.000000000000000000 ) ) ;
#346 = DIRECTION ( 'NONE',  ( -0.0000000000000000000, 1.000000000000000000, -0.0000000000000000000 ) ) ;
#347 = EDGE_LOOP ( 'NONE', ( #77, #2799, #1276, #123 ) ) ;
#348 = CARTESIAN_POINT ( 'NONE',  ( 0.1942664688103074300, -0.1100000000000000006, -0.1842499999999996918 ) ) ;
#349 = LINE ( 'NONE', #2627, #408 ) ;
#350 = ORIENTED_EDGE ( 'NONE', *, *, #3513, .T. ) ;
#351 = ORIENTED_EDGE ( 'NONE', *, *, #2641, .F. ) ;
#352 = FACE_OUTER_BOUND ( 'NONE', #2801, .T. ) ;
#353 = ORIENTED_EDGE ( 'NONE', *, *, #1289, .F. ) ;
#354 = ORIENTED_EDGE ( 'NONE', *, *, #1119, .F. ) ;
#355 = EDGE_CURVE ( 'NONE', #1083, #453, #79, .T. ) ;
#356 = EDGE_CURVE ( 'NONE', #3832, #557, #1980, .T. ) ;
#357 = DIRECTION ( 'NONE',  ( -0.0000000000000000000, 1.000000000000000000, -0.0000000000000000000 ) ) ;
#358 = LINE ( 'NONE', #1073, #1034 ) ;
#359 = ORIENTED_EDGE ( 'NONE', *, *, #1554, .T. ) ;
#360 = FACE_OUTER_BOUND ( 'NONE', #806, .T. ) ;
#361 = CARTESIAN_POINT ( 'NONE',  ( 0.1379674688103071922, 0.0000000000000000000, -0.1125999999999994644 ) ) ;
#362 = AXIS2_PLACEMENT_3D ( 'NONE', #1454, #1842, #118 ) ;
#363 = DIRECTION ( 'NONE',  ( 0.0000000000000000000, 0.0000000000000000000, 1.000000000000000000 ) ) ;
#364 = ORIENTED_EDGE ( 'NONE', *, *, #2178, .F. ) ;
#365 = FACE_OUTER_BOUND ( 'NONE', #3054, .T. ) ;
#366 = VECTOR ( 'NONE', #926, 39.37007874015748143 ) ;
#367 = DIRECTION ( 'NONE',  ( 0.3420201433256665480, -0.0000000000000000000, 0.9396926207859092051 ) ) ;
#368 = DIRECTION ( 'NONE',  ( 0.0000000000000000000, 0.0000000000000000000, 1.000000000000000000 ) ) ;
#369 = ORIENTED_EDGE ( 'NONE', *, *, #4007, .F. ) ;
#370 = VERTEX_POINT ( 'NONE', #2563 ) ;
#371 = CARTESIAN_POINT ( 'NONE',  ( 0.03796746881030719362, 1.224646799147263287E-20, -0.04999999999999999584 ) ) ;
#372 = VERTEX_POINT ( 'NONE', #1257 ) ;
#373 = ORIENTED_EDGE ( 'NONE', *, *, #137, .F. ) ;
#374 = ITEM_DEFINED_TRANSFORMATION ( 'NONE', 'NONE', #1825,  #1331 ) ;
#375 = EDGE_CURVE ( 'NONE', #3301, #2705, #2311, .T. ) ;
#376 = LINE ( 'NONE', #4089, #3125 ) ;
#377 = DIRECTION ( 'NONE',  ( -1.000000000000000000, 0.0000000000000000000, 6.522075230939960446E-16 ) ) ;
#378 = ORIENTED_EDGE ( 'NONE', *, *, #1172, .T. ) ;
#379 = ADVANCED_FACE ( 'NONE', ( #596 ), #3285, .F. ) ;
#380 = FACE_OUTER_BOUND ( 'NONE', #3581, .T. ) ;
#381 = VECTOR ( 'NONE', #2482, 39.37007874015748143 ) ;
#382 = LINE ( 'NONE', #3720, #2369 ) ;
#383 = EDGE_CURVE ( 'NONE', #3552, #2942, #543, .T. ) ;
#384 = CARTESIAN_POINT ( 'NONE',  ( 0.3379674688103072033, 0.0000000000000000000, -0.04999999999999999584 ) ) ;
#385 = LINE ( 'NONE', #3353, #1598 ) ;
#386 = VECTOR ( 'NONE', #2099, 39.37007874015748854 ) ;
#387 = ORIENTED_EDGE ( 'NONE', *, *, #1258, .F. ) ;
#388 = DIRECTION ( 'NONE',  ( 0.0000000000000000000, 0.0000000000000000000, 1.000000000000000000 ) ) ;
#389 = DIRECTION ( 'NONE',  ( -1.000000000000000000, -0.0000000000000000000, -0.0000000000000000000 ) ) ;
#390 = VECTOR ( 'NONE', #784, 39.37007874015748143 ) ;
#391 = CARTESIAN_POINT ( 'NONE',  ( 0.4816684688103073930, -0.1100000000000000006, -0.01574999999999998623 ) ) ;
#392 = ORIENTED_EDGE ( 'NONE', *, *, #747, .T. ) ;
#393 = EDGE_LOOP ( 'NONE', ( #2116, #1951, #351, #4235 ) ) ;
#394 = DIRECTION ( 'NONE',  ( -0.9396926207859072067, 0.0000000000000000000, -0.3420201433256721546 ) ) ;
#395 = AXIS2_PLACEMENT_3D ( 'NONE', #1325, #1705, #2349 ) ;
#396 = EDGE_LOOP ( 'NONE', ( #467, #2932 ) ) ;
#397 = CONTEXT_DEPENDENT_SHAPE_REPRESENTATION ( #781, #2278 ) ;
#398 = FACE_BOUND ( 'NONE', #3050, .T. ) ;
#399 = DIRECTION ( 'NONE',  ( 0.0000000000000000000, 0.0000000000000000000, 1.000000000000000000 ) ) ;
#400 = ORIENTED_EDGE ( 'NONE', *, *, #464, .T. ) ;
#401 = VERTEX_POINT ( 'NONE', #3212 ) ;
#402 = DIRECTION ( 'NONE',  ( -0.0000000000000000000, 1.000000000000000000, -0.0000000000000000000 ) ) ;
#403 = VECTOR ( 'NONE', #732, 39.37007874015748143 ) ;
#404 = APPLICATION_CONTEXT ( 'automotive_design' ) ;
#405 = VECTOR ( 'NONE', #712, 39.37007874015748143 ) ;
#406 = FACE_BOUND ( 'NONE', #942, .T. ) ;
#407 = EDGE_CURVE ( 'NONE', #3595, #981, #957, .T. ) ;
#408 = VECTOR ( 'NONE', #2943, 39.37007874015748143 ) ;
#409 = CARTESIAN_POINT ( 'NONE',  ( -0.01203253118969264089, -0.1100000000000000006, -0.1842499999999996918 ) ) ;
#410 = ORIENTED_EDGE ( 'NONE', *, *, #642, .T. ) ;
#411 = ADVANCED_FACE ( 'NONE', ( #1305 ), #2883, .F. ) ;
#412 = AXIS2_PLACEMENT_3D ( 'NONE', #4086, #1377, #3322 ) ;
#413 = CARTESIAN_POINT ( 'NONE',  ( 0.3379674688103072033, 1.224646799147263287E-20, -0.01259999999999946926 ) ) ;
#414 = ORIENTED_EDGE ( 'NONE', *, *, #2671, .T. ) ;
#415 = ORIENTED_EDGE ( 'NONE', *, *, #2868, .T. ) ;
#416 = CARTESIAN_POINT ( 'NONE',  ( 0.3379674688103072033, -0.1100000000000000006, -0.04999999999999999584 ) ) ;
#417 = DIRECTION ( 'NONE',  ( 0.0000000000000000000, 0.0000000000000000000, 1.000000000000000000 ) ) ;
#418 = ORIENTED_EDGE ( 'NONE', *, *, #3337, .T. ) ;
#419 = CARTESIAN_POINT ( 'NONE',  ( 0.3816684688103074707, -0.1100000000000000006, -0.1842499999999996085 ) ) ;
#420 = PRESENTATION_STYLE_ASSIGNMENT (( #3117 ) ) ;
#421 = ORIENTED_EDGE ( 'NONE', *, *, #3628, .T. ) ;
#422 = DIRECTION ( 'NONE',  ( -0.0000000000000000000, 1.000000000000000000, -0.0000000000000000000 ) ) ;
#423 = ORIENTED_EDGE ( 'NONE', *, *, #494, .F. ) ;
#424 = CARTESIAN_POINT ( 'NONE',  ( 0.0000000000000000000, 0.0000000000000000000, 0.02800000000000000405 ) ) ;
#425 = CIRCLE ( 'NONE', #4008, 0.02649999999999929495 ) ;
#426 = FACE_OUTER_BOUND ( 'NONE', #2012, .T. ) ;
#427 = DIRECTION ( 'NONE',  ( -0.0000000000000000000, 1.000000000000000000, -0.0000000000000000000 ) ) ;
#428 = ORIENTED_EDGE ( 'NONE', *, *, #1446, .T. ) ;
#429 = ADVANCED_FACE ( 'NONE', ( #3236 ), #1570, .T. ) ;
#430 = AXIS2_PLACEMENT_3D ( 'NONE', #3240, #910, #4257 ) ;
#431 = CARTESIAN_POINT ( 'NONE',  ( 0.2816684688103074374, -0.1100000000000000006, -0.01574999999999998623 ) ) ;
#432 = ORIENTED_EDGE ( 'NONE', *, *, #3005, .T. ) ;
#433 = EDGE_CURVE ( 'NONE', #2917, #167, #3078, .T. ) ;
#434 = DIRECTION ( 'NONE',  ( -0.0000000000000000000, 1.000000000000000000, -0.0000000000000000000 ) ) ;
#435 = VECTOR ( 'NONE', #3948, 39.37007874015748143 ) ;
#436 = CARTESIAN_POINT ( 'NONE',  ( 0.08166846881030744021, 0.0000000000000000000, -0.1842499999999996085 ) ) ;
#437 = VERTEX_POINT ( 'NONE', #1684 ) ;
#438 = AXIS2_PLACEMENT_3D ( 'NONE', #3506, #165, #958 ) ;
#439 = ADVANCED_FACE ( 'NONE', ( #1351 ), #4345, .T. ) ;
#440 = AXIS2_PLACEMENT_3D ( 'NONE', #1964, #219, #1579 ) ;
#441 = DIRECTION ( 'NONE',  ( -0.0000000000000000000, 1.000000000000000000, -0.0000000000000000000 ) ) ;
#442 = VERTEX_POINT ( 'NONE', #1330 ) ;
#443 = PLANE ( 'NONE',  #537 ) ;
#444 = ORIENTED_EDGE ( 'NONE', *, *, #3978, .F. ) ;
#445 = CARTESIAN_POINT ( 'NONE',  ( 0.2379674688103072255, 0.0000000000000000000, -0.1499999999999999944 ) ) ;
#446 = VECTOR ( 'NONE', #3719, 39.37007874015748143 ) ;
#447 = DIRECTION ( 'NONE',  ( -0.0000000000000000000, 1.000000000000000000, -0.0000000000000000000 ) ) ;
#448 = CARTESIAN_POINT ( 'NONE',  ( 0.4379674688103072366, 1.224646799147263287E-20, -0.04999999999999999584 ) ) ;
#449 = DIRECTION ( 'NONE',  ( 0.0000000000000000000, 0.0000000000000000000, 1.000000000000000000 ) ) ;
#450 = ORIENTED_EDGE ( 'NONE', *, *, #2455, .F. ) ;
#451 = AXIS2_PLACEMENT_3D ( 'NONE', #3828, #1844, #449 ) ;
#452 = DIRECTION ( 'NONE',  ( -0.3420201433256695456, 0.0000000000000000000, -0.9396926207859080948 ) ) ;
#453 = VERTEX_POINT ( 'NONE', #2527 ) ;
#454 = TOROIDAL_SURFACE ( 'NONE', #1601, 0.01699999999999820752, 0.006999999999998859565 ) ;
#455 = CARTESIAN_POINT ( 'NONE',  ( 0.03796746881030719362, 0.0000000000000000000, -0.1499999999999999944 ) ) ;
#456 = CARTESIAN_POINT ( 'NONE',  ( 0.1942664688103074300, 0.0000000000000000000, -0.01574999999999998623 ) ) ;
#457 = EDGE_CURVE ( 'NONE', #1759, #2056, #976, .T. ) ;
#458 = AXIS2_PLACEMENT_3D ( 'NONE', #1283, #2286, #3282 ) ;
#459 = DIRECTION ( 'NONE',  ( -0.3420201433256517820, -0.0000000000000000000, -0.9396926207859146452 ) ) ;
#460 = ADVANCED_FACE ( 'NONE', ( #686 ), #1709, .F. ) ;
#461 = EDGE_LOOP ( 'NONE', ( #3670, #1493, #975, #2601 ) ) ;
#462 = VECTOR ( 'NONE', #2212, 39.37007874015748143 ) ;
#463 = ADVANCED_FACE ( 'NONE', ( #49 ), #12, .F. ) ;
#464 = EDGE_CURVE ( 'NONE', #2041, #1087, #3544, .T. ) ;
#465 = CARTESIAN_POINT ( 'NONE',  ( 0.1719999999999985985, 0.0000000000000000000, 0.0000000000000000000 ) ) ;
#466 = VERTEX_POINT ( 'NONE', #45 ) ;
#467 = ORIENTED_EDGE ( 'NONE', *, *, #6, .F. ) ;
#468 = FACE_OUTER_BOUND ( 'NONE', #1812, .T. ) ;
#469 = VERTEX_POINT ( 'NONE', #2414 ) ;
#470 = FACE_OUTER_BOUND ( 'NONE', #3876, .T. ) ;
#471 = CARTESIAN_POINT ( 'NONE',  ( 0.03796746881030719362, -0.03520000000000000212, -0.1212599999999994932 ) ) ;
#472 = DIRECTION ( 'NONE',  ( 1.000000000000000000, 0.0000000000000000000, 0.0000000000000000000 ) ) ;
#473 = AXIS2_PLACEMENT_3D ( 'NONE', #3648, #2914, #917 ) ;
#474 = CARTESIAN_POINT ( 'NONE',  ( 0.4379674688103072366, 0.0000000000000000000, -0.1125999999999994644 ) ) ;
#475 = DIRECTION ( 'NONE',  ( 0.0000000000000000000, 0.0000000000000000000, 1.000000000000000000 ) ) ;
#476 = AXIS2_PLACEMENT_3D ( 'NONE', #1313, #2664, #259 ) ;
#477 = LINE ( 'NONE', #3852, #4295 ) ;
#478 = ORIENTED_EDGE ( 'NONE', *, *, #3916, .F. ) ;
#479 = AXIS2_PLACEMENT_3D ( 'NONE', #3527, #933, #882 ) ;
#480 = PLANE ( 'NONE',  #1030 ) ;
#481 = LINE ( 'NONE', #1146, #775 ) ;
#482 = AXIS2_PLACEMENT_3D ( 'NONE', #2745, #4003, #1675 ) ;
#483 = FACE_OUTER_BOUND ( 'NONE', #4291, .T. ) ;
#484 = ORIENTED_EDGE ( 'NONE', *, *, #189, .F. ) ;
#485 = EDGE_CURVE ( 'NONE', #3, #3017, #1015, .T. ) ;
#486 = DIRECTION ( 'NONE',  ( 0.0000000000000000000, 0.0000000000000000000, 1.000000000000000000 ) ) ;
#487 = DIRECTION ( 'NONE',  ( 0.0000000000000000000, 0.0000000000000000000, 1.000000000000000000 ) ) ;
#488 = DIRECTION ( 'NONE',  ( -6.522075230939960446E-16, 0.0000000000000000000, -1.000000000000000000 ) ) ;
#489 = ORIENTED_EDGE ( 'NONE', *, *, #3106, .T. ) ;
#490 = EDGE_CURVE ( 'NONE', #442, #132, #1664, .T. ) ;
#491 = EDGE_LOOP ( 'NONE', ( #3173, #1412, #3132, #2434 ) ) ;
#492 =( REPRESENTATION_RELATIONSHIP ('NONE','NONE', #1388, #951 ) REPRESENTATION_RELATIONSHIP_WITH_TRANSFORMATION ( #3427 )SHAPE_REPRESENTATION_RELATIONSHIP( ) );
#493 = CYLINDRICAL_SURFACE ( 'NONE', #2219, 0.03740000000000053004 ) ;
#494 = EDGE_CURVE ( 'NONE', #4312, #3140, #3683, .T. ) ;
#495 = FACE_OUTER_BOUND ( 'NONE', #1894, .T. ) ;
#496 = PLANE ( 'NONE',  #1037 ) ;
#497 = ORIENTED_EDGE ( 'NONE', *, *, #1863, .F. ) ;
#498 = FACE_OUTER_BOUND ( 'NONE', #1027, .T. ) ;
#499 = AXIS2_PLACEMENT_3D ( 'NONE', #3536, #130, #2181 ) ;
#500 = DIRECTION ( 'NONE',  ( -0.0000000000000000000, 1.000000000000000000, -0.0000000000000000000 ) ) ;
#501 = ORIENTED_EDGE ( 'NONE', *, *, #2808, .T. ) ;
#502 = DIRECTION ( 'NONE',  ( 0.0000000000000000000, -1.000000000000000000, 0.0000000000000000000 ) ) ;
#503 = LINE ( 'NONE', #2549, #2518 ) ;
#504 = DIRECTION ( 'NONE',  ( -1.000000000000000000, 0.0000000000000000000, -0.0000000000000000000 ) ) ;
#505 = ORIENTED_EDGE ( 'NONE', *, *, #1885, .F. ) ;
#506 = ORIENTED_EDGE ( 'NONE', *, *, #717, .T. ) ;
#507 = ORIENTED_EDGE ( 'NONE', *, *, #2178, .T. ) ;
#508 = AXIS2_PLACEMENT_3D ( 'NONE', #2123, #1516, #3141 ) ;
#509 = DIRECTION ( 'NONE',  ( -1.000000000000000000, 0.0000000000000000000, 6.522075230939960446E-16 ) ) ;
#510 = CIRCLE ( 'NONE', #2986, 0.02874000000000051860 ) ;
#511 = CARTESIAN_POINT ( 'NONE',  ( 0.03796746881030719362, -0.1100000000000000006, -0.1212599999999994932 ) ) ;
#512 = CARTESIAN_POINT ( 'NONE',  ( 0.03796746881030720056, -0.03520000000000000212, -0.07874000000000051791 ) ) ;
#513 = CARTESIAN_POINT ( 'NONE',  ( 0.4759359376206147019, -0.1100000000000000006, -9.478001694819074349E-34 ) ) ;
#514 = ORIENTED_EDGE ( 'NONE', *, *, #642, .F. ) ;
#515 = ORIENTED_EDGE ( 'NONE', *, *, #4106, .F. ) ;
#516 = DIRECTION ( 'NONE',  ( 0.0000000000000000000, 0.0000000000000000000, 1.000000000000000000 ) ) ;
#517 = ADVANCED_FACE ( 'NONE', ( #2732 ), #3744, .F. ) ;
#518 = DIRECTION ( 'NONE',  ( 0.0000000000000000000, 0.0000000000000000000, 1.000000000000000000 ) ) ;
#519 = EDGE_CURVE ( 'NONE', #3244, #3907, #707, .T. ) ;
#520 = DIRECTION ( 'NONE',  ( 0.0000000000000000000, -1.000000000000000000, 0.0000000000000000000 ) ) ;
#521 = ORIENTED_EDGE ( 'NONE', *, *, #433, .F. ) ;
#522 = CARTESIAN_POINT ( 'NONE',  ( 0.03796746881030719362, -0.03520000000000000212, -0.1499999999999999944 ) ) ;
#523 = EDGE_CURVE ( 'NONE', #2649, #4043, #3369, .T. ) ;
#524 = ORIENTED_EDGE ( 'NONE', *, *, #135, .T. ) ;
#525 = DIRECTION ( 'NONE',  ( -0.3420201433256516710, 0.0000000000000000000, -0.9396926207859144231 ) ) ;
#526 = DIRECTION ( 'NONE',  ( -0.3420201433256720991, 0.0000000000000000000, 0.9396926207859070956 ) ) ;
#527 = ORIENTED_EDGE ( 'NONE', *, *, #3919, .F. ) ;
#528 = AXIS2_PLACEMENT_3D ( 'NONE', #2370, #1071, #2064 ) ;
#529 = DIRECTION ( 'NONE',  ( -0.0000000000000000000, 1.000000000000000000, -0.0000000000000000000 ) ) ;
#530 = AXIS2_PLACEMENT_3D ( 'NONE', #1796, #142, #3123 ) ;
#531 = ORIENTED_EDGE ( 'NONE', *, *, #3382, .F. ) ;
#532 = VERTEX_POINT ( 'NONE', #1367 ) ;
#533 = FACE_OUTER_BOUND ( 'NONE', #631, .T. ) ;
#534 = DIRECTION ( 'NONE',  ( 0.0000000000000000000, 1.224646799147353207E-16, -1.000000000000000000 ) ) ;
#535 = CARTESIAN_POINT ( 'NONE',  ( 0.0000000000000000000, 0.0000000000000000000, 0.0000000000000000000 ) ) ;
#536 = ORIENTED_EDGE ( 'NONE', *, *, #2297, .F. ) ;
#537 = AXIS2_PLACEMENT_3D ( 'NONE', #877, #472, #856 ) ;
#538 = CARTESIAN_POINT ( 'NONE',  ( 0.5759349376206146509, 0.0000000000000000000, 0.0000000000000000000 ) ) ;
#539 = STYLED_ITEM ( 'NONE', ( #4172 ), #1491 ) ;
#540 = CARTESIAN_POINT ( 'NONE',  ( 0.2759359376206146353, -0.1100000000000000006, -0.1999999999999999833 ) ) ;
#541 = DIRECTION ( 'NONE',  ( 1.000000000000000000, 0.0000000000000000000, 0.0000000000000000000 ) ) ;
#542 = ORIENTED_EDGE ( 'NONE', *, *, #3953, .T. ) ;
#543 = LINE ( 'NONE', #279, #2981 ) ;
#544 = DIRECTION ( 'NONE',  ( 0.0000000000000000000, 0.0000000000000000000, 1.000000000000000000 ) ) ;
#545 = EDGE_CURVE ( 'NONE', #3994, #1165, #2079, .T. ) ;
#546 = DIRECTION ( 'NONE',  ( -0.0000000000000000000, 1.000000000000000000, -0.0000000000000000000 ) ) ;
#547 = DIRECTION ( 'NONE',  ( -1.000000000000000000, -0.0000000000000000000, -0.0000000000000000000 ) ) ;
#548 = ORIENTED_EDGE ( 'NONE', *, *, #3484, .F. ) ;
#549 = ADVANCED_FACE ( 'NONE', ( #360 ), #2083, .F. ) ;
#550 = AXIS2_PLACEMENT_3D ( 'NONE', #2320, #4215, #1194 ) ;
#551 = DIRECTION ( 'NONE',  ( -6.522075230939960446E-16, 0.0000000000000000000, -1.000000000000000000 ) ) ;
#552 = DIRECTION ( 'NONE',  ( -0.3420201433256694346, -0.0000000000000000000, -0.9396926207859080948 ) ) ;
#553 = ADVANCED_FACE ( 'NONE', ( #380 ), #1747, .F. ) ;
#554 = LINE ( 'NONE', #2248, #3304 ) ;
#555 =( REPRESENTATION_RELATIONSHIP ('NONE','NONE', #1388, #951 ) REPRESENTATION_RELATIONSHIP_WITH_TRANSFORMATION ( #4088 )SHAPE_REPRESENTATION_RELATIONSHIP( ) );
#556 = AXIS2_PLACEMENT_3D ( 'NONE', #2926, #3307, #278 ) ;
#557 = VERTEX_POINT ( 'NONE', #158 ) ;
#558 = DIRECTION ( 'NONE',  ( 0.0000000000000000000, 0.0000000000000000000, 1.000000000000000000 ) ) ;
#559 = ORIENTED_EDGE ( 'NONE', *, *, #2690, .T. ) ;
#560 = AXIS2_PLACEMENT_3D ( 'NONE', #1356, #896, #2704 ) ;
#561 = DIRECTION ( 'NONE',  ( -0.0000000000000000000, 1.000000000000000000, -0.0000000000000000000 ) ) ;
#562 = EDGE_LOOP ( 'NONE', ( #19, #3695 ) ) ;
#563 = LINE ( 'NONE', #590, #2265 ) ;
#564 = ORIENTED_EDGE ( 'NONE', *, *, #221, .F. ) ;
#565 = DIRECTION ( 'NONE',  ( 1.000000000000000000, 0.0000000000000000000, -5.421193827719211569E-15 ) ) ;
#566 = CARTESIAN_POINT ( 'NONE',  ( 0.3379674688103072033, 0.0000000000000000000, -0.04999999999999999584 ) ) ;
#567 = DIRECTION ( 'NONE',  ( -0.0000000000000000000, 1.000000000000000000, -0.0000000000000000000 ) ) ;
#568 = FACE_BOUND ( 'NONE', #989, .T. ) ;
#569 = ORIENTED_EDGE ( 'NONE', *, *, #115, .T. ) ;
#570 = LINE ( 'NONE', #2655, #435 ) ;
#571 = CYLINDRICAL_SURFACE ( 'NONE', #4353, 0.02649999999999929495 ) ;
#572 = FACE_OUTER_BOUND ( 'NONE', #1297, .T. ) ;
#573 = ORIENTED_EDGE ( 'NONE', *, *, #2450, .T. ) ;
#574 = CARTESIAN_POINT ( 'NONE',  ( 0.03796746881030719362, 0.0000000000000000000, -0.04999999999999999584 ) ) ;
#575 = DIRECTION ( 'NONE',  ( -1.000000000000000000, -0.0000000000000000000, -0.0000000000000000000 ) ) ;
#576 = FACE_BOUND ( 'NONE', #3013, .T. ) ;
#577 = VERTEX_POINT ( 'NONE', #2833 ) ;
#578 = EDGE_CURVE ( 'NONE', #3952, #870, #3474, .T. ) ;
#579 = DIRECTION ( 'NONE',  ( 0.0000000000000000000, 0.0000000000000000000, 1.000000000000000000 ) ) ;
#580 = ADVANCED_FACE ( 'NONE', ( #766 ), #69, .T. ) ;
#581 = VERTEX_POINT ( 'NONE', #1427 ) ;
#582 = CARTESIAN_POINT ( 'NONE',  ( 0.2379674688103072255, 0.0000000000000000000, -0.04999999999999999584 ) ) ;
#583 = ORIENTED_EDGE ( 'NONE', *, *, #2096, .T. ) ;
#584 = CIRCLE ( 'NONE', #2831, 0.03740000000000053004 ) ;
#585 = EDGE_CURVE ( 'NONE', #1935, #1608, #3261, .T. ) ;
#586 = FACE_OUTER_BOUND ( 'NONE', #347, .T. ) ;
#587 = DIRECTION ( 'NONE',  ( 0.0000000000000000000, 0.0000000000000000000, 1.000000000000000000 ) ) ;
#588 = EDGE_CURVE ( 'NONE', #1065, #3552, #2185, .T. ) ;
#589 = ORIENTED_EDGE ( 'NONE', *, *, #1943, .T. ) ;
#590 = CARTESIAN_POINT ( 'NONE',  ( 0.3816684688103074707, 0.0000000000000000000, -0.1842499999999996085 ) ) ;
#591 = DIRECTION ( 'NONE',  ( -1.000000000000000000, -0.0000000000000000000, -0.0000000000000000000 ) ) ;
#592 = AXIS2_PLACEMENT_3D ( 'NONE', #4116, #1095, #2454 ) ;
#593 =( LENGTH_UNIT ( ) NAMED_UNIT ( * ) SI_UNIT ( $, .METRE. ) );
#594 = CARTESIAN_POINT ( 'NONE',  ( 0.0000000000000000000, -0.1100000000000000006, 0.0000000000000000000 ) ) ;
#595 = CARTESIAN_POINT ( 'NONE',  ( 0.03796746881030719362, 0.0000000000000000000, -0.1499999999999999944 ) ) ;
#596 = FACE_OUTER_BOUND ( 'NONE', #1895, .T. ) ;
#597 = CARTESIAN_POINT ( 'NONE',  ( 0.4816684688103073930, -0.1100000000000000006, -0.01574999999999998623 ) ) ;
#598 = FACE_OUTER_BOUND ( 'NONE', #3752, .T. ) ;
#599 = VERTEX_POINT ( 'NONE', #1116 ) ;
#600 = DIRECTION ( 'NONE',  ( 0.0000000000000000000, 0.0000000000000000000, 1.000000000000000000 ) ) ;
#601 = DIRECTION ( 'NONE',  ( -0.0000000000000000000, 1.000000000000000000, -0.0000000000000000000 ) ) ;
#602 = PLANE ( 'NONE',  #2447 ) ;
#603 = EDGE_LOOP ( 'NONE', ( #2112, #335 ) ) ;
#604 = PLANE ( 'NONE',  #2802 ) ;
#605 = ORIENTED_EDGE ( 'NONE', *, *, #3185, .T. ) ;
#606 = DIRECTION ( 'NONE',  ( -0.0000000000000000000, 1.000000000000000000, -0.0000000000000000000 ) ) ;
#607 = EDGE_LOOP ( 'NONE', ( #1021, #3755, #564, #1125 ) ) ;
#608 = VECTOR ( 'NONE', #4283, 39.37007874015748143 ) ;
#609 = CARTESIAN_POINT ( 'NONE',  ( 0.0000000000000000000, 0.0000000000000000000, 0.0000000000000000000 ) ) ;
#610 = DIRECTION ( 'NONE',  ( 0.0000000000000000000, -1.000000000000000000, 0.0000000000000000000 ) ) ;
#611 = ORIENTED_EDGE ( 'NONE', *, *, #2484, .T. ) ;
#612 = DIRECTION ( 'NONE',  ( -0.7071067811864992780, 8.659560562355523271E-17, -0.7071067811865957564 ) ) ;
#613 =( CONVERSION_BASED_UNIT ( 'INCH', #4338 ) LENGTH_UNIT ( ) NAMED_UNIT ( #1849 ) );
#614 = DIRECTION ( 'NONE',  ( -1.000000000000000000, -0.0000000000000000000, -0.0000000000000000000 ) ) ;
#615 = ADVANCED_FACE ( 'NONE', ( #3120 ), #2793, .F. ) ;
#616 = AXIS2_PLACEMENT_3D ( 'NONE', #4307, #2998, #3315 ) ;
#617 = EDGE_CURVE ( 'NONE', #3607, #871, #1723, .T. ) ;
#618 = PRODUCT_CONTEXT ( 'NONE', #3426, 'mechanical' ) ;
#619 = DIRECTION ( 'NONE',  ( -0.0000000000000000000, 1.000000000000000000, -0.0000000000000000000 ) ) ;
#620 = AXIS2_PLACEMENT_3D ( 'NONE', #1136, #2497, #1841 ) ;
#621 = ORIENTED_EDGE ( 'NONE', *, *, #2150, .F. ) ;
#622 = DIRECTION ( 'NONE',  ( 0.3420201433256633283, 0.0000000000000000000, -0.9396926207859103153 ) ) ;
#623 = AXIS2_PLACEMENT_3D ( 'NONE', #1657, #2989, #4336 ) ;
#624 = AXIS2_PLACEMENT_3D ( 'NONE', #1324, #973, #4271 ) ;
#625 = CARTESIAN_POINT ( 'NONE',  ( 0.3667074688103076907, -0.03520000000000000212, -0.1499999999999999944 ) ) ;
#626 = DIRECTION ( 'NONE',  ( 0.3420201433256633283, 0.0000000000000000000, -0.9396926207859103153 ) ) ;
#627 = CYLINDRICAL_SURFACE ( 'NONE', #1456, 0.02874000000000051860 ) ;
#628 = DIRECTION ( 'NONE',  ( -1.000000000000000000, 0.0000000000000000000, 6.522075230939960446E-16 ) ) ;
#629 = VERTEX_POINT ( 'NONE', #3184 ) ;
#630 = DIRECTION ( 'NONE',  ( -0.0000000000000000000, 1.000000000000000000, -0.0000000000000000000 ) ) ;
#631 = EDGE_LOOP ( 'NONE', ( #2789, #2346, #111, #946 ) ) ;
#632 = VECTOR ( 'NONE', #2175, 39.37007874015748854 ) ;
#633 = ORIENTED_EDGE ( 'NONE', *, *, #3002, .F. ) ;
#634 = FACE_OUTER_BOUND ( 'NONE', #1963, .T. ) ;
#635 = CIRCLE ( 'NONE', #1188, 0.03740000000000053698 ) ;
#636 = DIRECTION ( 'NONE',  ( 1.000000000000000000, 0.0000000000000000000, 0.0000000000000000000 ) ) ;
#637 = VERTEX_POINT ( 'NONE', #1813 ) ;
#638 = ORIENTED_EDGE ( 'NONE', *, *, #2446, .T. ) ;
#639 = CARTESIAN_POINT ( 'NONE',  ( 0.3379674688103072033, -0.1100000000000000006, -0.04999999999999999584 ) ) ;
#640 = VECTOR ( 'NONE', #814, 39.37007874015748143 ) ;
#641 = DIRECTION ( 'NONE',  ( 1.000000000000000000, 0.0000000000000000000, 0.0000000000000000000 ) ) ;
#642 = EDGE_CURVE ( 'NONE', #1043, #224, #2516, .T. ) ;
#643 = AXIS2_PLACEMENT_3D ( 'NONE', #1995, #3736, #1655 ) ;
#644 = DIRECTION ( 'NONE',  ( -0.3420201433256695456, 0.0000000000000000000, -0.9396926207859080948 ) ) ;
#645 = UNCERTAINTY_MEASURE_WITH_UNIT (LENGTH_MEASURE( 1.000000000000000082E-05 ), #90, 'distance_accuracy_value', 'NONE');
#646 = CARTESIAN_POINT ( 'NONE',  ( 0.5667074688103077573, -0.03520000000000000212, -0.1499999999999999944 ) ) ;
#647 = VERTEX_POINT ( 'NONE', #3521 ) ;
#648 = ADVANCED_FACE ( 'NONE', ( #112 ), #493, .F. ) ;
#649 = DIRECTION ( 'NONE',  ( -0.0000000000000000000, 1.000000000000000000, -0.0000000000000000000 ) ) ;
#650 = DIRECTION ( 'NONE',  ( 0.0000000000000000000, 1.000000000000000000, 0.0000000000000000000 ) ) ;
#651 = ADVANCED_FACE ( 'NONE', ( #4092 ), #1075, .T. ) ;
#652 = PLANE ( 'NONE',  #430 ) ;
#653 = DIRECTION ( 'NONE',  ( -0.0000000000000000000, 1.000000000000000000, -0.0000000000000000000 ) ) ;
#654 = DIRECTION ( 'NONE',  ( -0.0000000000000000000, -0.0000000000000000000, -1.000000000000000000 ) ) ;
#655 = EDGE_LOOP ( 'NONE', ( #4220, #883 ) ) ;
#656 = DIRECTION ( 'NONE',  ( 0.9396926207859104263, 0.0000000000000000000, 0.3420201433256633838 ) ) ;
#657 = VERTEX_POINT ( 'NONE', #3166 ) ;
#658 = DIRECTION ( 'NONE',  ( -0.0000000000000000000, 1.000000000000000000, -0.0000000000000000000 ) ) ;
#659 = CARTESIAN_POINT ( 'NONE',  ( 0.4379674688103072366, -0.03520000000000000212, -0.1212599999999994932 ) ) ;
#660 = DIRECTION ( 'NONE',  ( 0.0000000000000000000, 0.0000000000000000000, 1.000000000000000000 ) ) ;
#661 = ORIENTED_EDGE ( 'NONE', *, *, #2127, .F. ) ;
#662 = LINE ( 'NONE', #2947, #3021 ) ;
#663 = DIRECTION ( 'NONE',  ( -0.0000000000000000000, 1.000000000000000000, -0.0000000000000000000 ) ) ;
#664 = ORIENTED_EDGE ( 'NONE', *, *, #3953, .F. ) ;
#665 = CARTESIAN_POINT ( 'NONE',  ( 0.2816684688103074374, 0.0000000000000000000, -0.1842499999999996085 ) ) ;
#666 = ADVANCED_FACE ( 'NONE', ( #746, #2814 ), #1770, .F. ) ;
#667 = AXIS2_PLACEMENT_3D ( 'NONE', #255, #3311, #209 ) ;
#668 = EDGE_CURVE ( 'NONE', #3952, #1400, #3898, .T. ) ;
#669 = AXIS2_PLACEMENT_3D ( 'NONE', #1131, #534, #3820 ) ;
#670 = CARTESIAN_POINT ( 'NONE',  ( 0.2379674688103072255, 0.0000000000000000000, -0.08740000000000051894 ) ) ;
#671 = DIRECTION ( 'NONE',  ( -0.0000000000000000000, 1.000000000000000000, -0.0000000000000000000 ) ) ;
#672 = CARTESIAN_POINT ( 'NONE',  ( 0.3816684688103073597, 0.0000000000000000000, -0.01574999999999998623 ) ) ;
#673 = ORIENTED_EDGE ( 'NONE', *, *, #356, .T. ) ;
#674 = ADVANCED_FACE ( 'NONE', ( #470 ), #3802, .T. ) ;
#675 = CARTESIAN_POINT ( 'NONE',  ( 0.1719999999999985985, 2.081899558550280909E-18, -0.01699999999999820752 ) ) ;
#676 = ORIENTED_EDGE ( 'NONE', *, *, #1138, .T. ) ;
#677 = EDGE_LOOP ( 'NONE', ( #1678, #353 ) ) ;
#678 = VECTOR ( 'NONE', #1724, 39.37007874015748143 ) ;
#679 = DIRECTION ( 'NONE',  ( 0.0000000000000000000, 1.000000000000000000, 0.0000000000000000000 ) ) ;
#680 = ORIENTED_EDGE ( 'NONE', *, *, #2530, .F. ) ;
#681 = ORIENTED_EDGE ( 'NONE', *, *, #163, .T. ) ;
#682 = PLANE ( 'NONE',  #1568 ) ;
#683 = DIRECTION ( 'NONE',  ( 0.0000000000000000000, 0.0000000000000000000, 1.000000000000000000 ) ) ;
#684 = VECTOR ( 'NONE', #67, 39.37007874015748143 ) ;
#685 = ORIENTED_EDGE ( 'NONE', *, *, #2554, .F. ) ;
#686 = FACE_OUTER_BOUND ( 'NONE', #828, .T. ) ;
#687 = VECTOR ( 'NONE', #894, 39.37007874015748143 ) ;
#688 = CARTESIAN_POINT ( 'NONE',  ( 0.07593593762061463803, -0.1100000000000000006, -9.478001694819074349E-34 ) ) ;
#689 = VECTOR ( 'NONE', #929, 39.37007874015748143 ) ;
#690 = EDGE_CURVE ( 'NONE', #2300, #161, #786, .T. ) ;
#691 = DIRECTION ( 'NONE',  ( -0.0000000000000000000, 0.0000000000000000000, 1.000000000000000000 ) ) ;
#692 = VERTEX_POINT ( 'NONE', #136 ) ;
#693 = PRESENTATION_LAYER_ASSIGNMENT (  '', '', ( #3926 ) ) ;
#694 = DIRECTION ( 'NONE',  ( -1.000000000000000000, 0.0000000000000000000, 6.522075230939960446E-16 ) ) ;
#695 = EDGE_CURVE ( 'NONE', #577, #1437, #3847, .T. ) ;
#696 = ORIENTED_EDGE ( 'NONE', *, *, #3114, .F. ) ;
#697 = EDGE_LOOP ( 'NONE', ( #2322, #2558, #1109, #2413 ) ) ;
#698 = EDGE_CURVE ( 'NONE', #1855, #2146, #2538, .T. ) ;
#699 = LINE ( 'NONE', #2365, #1771 ) ;
#700 = CIRCLE ( 'NONE', #2680, 0.02874000000000051860 ) ;
#701 = ORIENTED_EDGE ( 'NONE', *, *, #3608, .T. ) ;
#702 = ORIENTED_EDGE ( 'NONE', *, *, #2268, .T. ) ;
#703 = VECTOR ( 'NONE', #854, 39.37007874015748143 ) ;
#704 = LINE ( 'NONE', #1012, #1318 ) ;
#705 = VECTOR ( 'NONE', #144, 39.37007874015748143 ) ;
#706 = EDGE_LOOP ( 'NONE', ( #701, #3253, #4122, #542 ) ) ;
#707 = LINE ( 'NONE', #3662, #3617 ) ;
#708 = VECTOR ( 'NONE', #3316, 39.37007874015748143 ) ;
#709 = CARTESIAN_POINT ( 'NONE',  ( 0.1379674688103071922, 0.0000000000000000000, -0.08740000000000051894 ) ) ;
#710 = DIRECTION ( 'NONE',  ( 0.0000000000000000000, 0.0000000000000000000, 1.000000000000000000 ) ) ;
#711 = VERTEX_POINT ( 'NONE', #248 ) ;
#712 = DIRECTION ( 'NONE',  ( -0.0000000000000000000, 1.000000000000000000, -0.0000000000000000000 ) ) ;
#713 = LINE ( 'NONE', #3025, #1121 ) ;
#714 = ORIENTED_EDGE ( 'NONE', *, *, #2890, .F. ) ;
#715 = VERTEX_POINT ( 'NONE', #3207 ) ;
#716 = DIRECTION ( 'NONE',  ( -0.0000000000000000000, 1.000000000000000000, -0.0000000000000000000 ) ) ;
#717 = EDGE_CURVE ( 'NONE', #629, #167, #2628, .T. ) ;
#718 = EDGE_CURVE ( 'NONE', #2891, #1629, #2944, .T. ) ;
#719 = EDGE_LOOP ( 'NONE', ( #187, #4044, #2040, #57 ) ) ;
#720 = AXIS2_PLACEMENT_3D ( 'NONE', #465, #4196, #3178 ) ;
#721 = EDGE_CURVE ( 'NONE', #2942, #442, #2257, .T. ) ;
#722 =( LENGTH_UNIT ( ) NAMED_UNIT ( * ) SI_UNIT ( $, .METRE. ) );
#723 = CARTESIAN_POINT ( 'NONE',  ( 0.1379674688103071922, -0.03520000000000000212, -0.04999999999999999584 ) ) ;
#724 = DIRECTION ( 'NONE',  ( -0.0000000000000000000, 1.000000000000000000, -0.0000000000000000000 ) ) ;
#725 = ORIENTED_EDGE ( 'NONE', *, *, #744, .F. ) ;
#726 = DIRECTION ( 'NONE',  ( -1.000000000000000000, -0.0000000000000000000, -0.0000000000000000000 ) ) ;
#727 =( REPRESENTATION_RELATIONSHIP ('NONE','NONE', #1388, #951 ) REPRESENTATION_RELATIONSHIP_WITH_TRANSFORMATION ( #2022 )SHAPE_REPRESENTATION_RELATIONSHIP( ) );
#728 = CYLINDRICAL_SURFACE ( 'NONE', #2427, 0.02874000000000052207 ) ;
#729 = VECTOR ( 'NONE', #4233, 39.37007874015748143 ) ;
#730 = CARTESIAN_POINT ( 'NONE',  ( 0.4379674688103072366, 1.224646799147263287E-20, -0.04999999999999999584 ) ) ;
#731 = ORIENTED_EDGE ( 'NONE', *, *, #3331, .F. ) ;
#732 = DIRECTION ( 'NONE',  ( 0.0000000000000000000, 1.000000000000000000, 0.0000000000000000000 ) ) ;
#733 = DIRECTION ( 'NONE',  ( 0.0000000000000000000, 0.0000000000000000000, 1.000000000000000000 ) ) ;
#734 = DIRECTION ( 'NONE',  ( 0.3420201433256633283, 0.0000000000000000000, -0.9396926207859103153 ) ) ;
#735 = ORIENTED_EDGE ( 'NONE', *, *, #617, .T. ) ;
#736 = ORIENTED_EDGE ( 'NONE', *, *, #3782, .F. ) ;
#737 = SPHERICAL_SURFACE ( 'NONE', #1555, 0.01000000000000016674 ) ;
#738 = ORIENTED_EDGE ( 'NONE', *, *, #1974, .T. ) ;
#739 = PRODUCT_RELATED_PRODUCT_CATEGORY ( 'part', '', ( #2315 ) ) ;
#740 = ITEM_DEFINED_TRANSFORMATION ( 'NONE', 'NONE', #114,  #1331 ) ;
#741 = DIRECTION ( 'NONE',  ( -0.0000000000000000000, 1.000000000000000000, -0.0000000000000000000 ) ) ;
#742 = CARTESIAN_POINT ( 'NONE',  ( 0.1379674688103071922, -0.03520000000000000212, -0.1499999999999999944 ) ) ;
#743 = ORIENTED_EDGE ( 'NONE', *, *, #1110, .T. ) ;
#744 = EDGE_CURVE ( 'NONE', #1629, #2821, #2307, .T. ) ;
#745 = ORIENTED_EDGE ( 'NONE', *, *, #3245, .F. ) ;
#746 = FACE_OUTER_BOUND ( 'NONE', #2343, .T. ) ;
#747 = EDGE_CURVE ( 'NONE', #2738, #1629, #2923, .T. ) ;
#748 = CIRCLE ( 'NONE', #1740, 0.02874000000000052554 ) ;
#749 = AXIS2_PLACEMENT_3D ( 'NONE', #1686, #691, #4054 ) ;
#750 = CARTESIAN_POINT ( 'NONE',  ( 0.2759359376206146353, 0.0000000000000000000, -9.478001694819074349E-34 ) ) ;
#751 = AXIS2_PLACEMENT_3D ( 'NONE', #839, #1552, #4167 ) ;
#752 = ORIENTED_EDGE ( 'NONE', *, *, #1321, .T. ) ;
#753 = VECTOR ( 'NONE', #1256, 39.37007874015748143 ) ;
#754 = PLANE ( 'NONE',  #4014 ) ;
#755 = VERTEX_POINT ( 'NONE', #3941 ) ;
#756 = ORIENTED_EDGE ( 'NONE', *, *, #3135, .T. ) ;
#757 = DIRECTION ( 'NONE',  ( -0.0000000000000000000, 1.000000000000000000, -0.0000000000000000000 ) ) ;
#758 =( GEOMETRIC_REPRESENTATION_CONTEXT ( 3 ) GLOBAL_UNCERTAINTY_ASSIGNED_CONTEXT ( ( #2542 ) ) GLOBAL_UNIT_ASSIGNED_CONTEXT ( ( #3347, #3759, #1742 ) ) REPRESENTATION_CONTEXT ( 'NONE', 'WORKASPACE' ) );
#759 = PRESENTATION_STYLE_ASSIGNMENT (( #149 ) ) ;
#760 = ORIENTED_EDGE ( 'NONE', *, *, #3663, .F. ) ;
#761 = FACE_OUTER_BOUND ( 'NONE', #2778, .T. ) ;
#762 = FILL_AREA_STYLE ('',( #1788 ) ) ;
#763 = ORIENTED_EDGE ( 'NONE', *, *, #1362, .T. ) ;
#764 = CARTESIAN_POINT ( 'NONE',  ( 0.3379674688103072033, 0.0000000000000000000, -0.1125999999999994644 ) ) ;
#765 = EDGE_LOOP ( 'NONE', ( #3734, #88, #1737, #3790 ) ) ;
#766 = FACE_OUTER_BOUND ( 'NONE', #1474, .T. ) ;
#767 = AXIS2_PLACEMENT_3D ( 'NONE', #1215, #2936, #579 ) ;
#768 = EDGE_CURVE ( 'NONE', #3766, #1043, #3693, .T. ) ;
#769 = CIRCLE ( 'NONE', #3937, 0.03740000000000053698 ) ;
#770 = EDGE_CURVE ( 'NONE', #1640, #2091, #1877, .T. ) ;
#771 = DIRECTION ( 'NONE',  ( -0.3420201433256694346, -0.0000000000000000000, -0.9396926207859080948 ) ) ;
#772 = VECTOR ( 'NONE', #3598, 39.37007874015748143 ) ;
#773 = ORIENTED_EDGE ( 'NONE', *, *, #2268, .F. ) ;
#774 = EDGE_CURVE ( 'NONE', #370, #2891, #851, .T. ) ;
#775 = VECTOR ( 'NONE', #2132, 39.37007874015748143 ) ;
#776 = DIRECTION ( 'NONE',  ( -0.0000000000000000000, 1.000000000000000000, -0.0000000000000000000 ) ) ;
#777 = ORIENTED_EDGE ( 'NONE', *, *, #28, .T. ) ;
#778 = LINE ( 'NONE', #78, #3096 ) ;
#779 = CARTESIAN_POINT ( 'NONE',  ( 0.3816684688103074707, -0.1100000000000000006, -0.1842499999999996085 ) ) ;
#780 = ORIENTED_EDGE ( 'NONE', *, *, #545, .T. ) ;
#781 =( REPRESENTATION_RELATIONSHIP ('NONE','NONE', #1388, #951 ) REPRESENTATION_RELATIONSHIP_WITH_TRANSFORMATION ( #2348 )SHAPE_REPRESENTATION_RELATIONSHIP( ) );
#782 = FACE_BOUND ( 'NONE', #3535, .T. ) ;
#783 = VERTEX_POINT ( 'NONE', #1923 ) ;
#784 = DIRECTION ( 'NONE',  ( -1.000000000000000000, 0.0000000000000000000, 6.522075230939960446E-16 ) ) ;
#785 = ORIENTED_EDGE ( 'NONE', *, *, #163, .F. ) ;
#786 = LINE ( 'NONE', #2140, #2021 ) ;
#787 = DIRECTION ( 'NONE',  ( 0.0000000000000000000, 0.0000000000000000000, 1.000000000000000000 ) ) ;
#788 = CARTESIAN_POINT ( 'NONE',  ( 0.4379674688103072366, -0.03520000000000000212, -0.1499999999999999944 ) ) ;
#789 = EDGE_CURVE ( 'NONE', #711, #4018, #950, .T. ) ;
#790 = DIRECTION ( 'NONE',  ( 0.0000000000000000000, 0.0000000000000000000, 1.000000000000000000 ) ) ;
#791 = EDGE_CURVE ( 'NONE', #3399, #2388, #2283, .T. ) ;
#792 = ORIENTED_EDGE ( 'NONE', *, *, #907, .T. ) ;
#793 = AXIS2_PLACEMENT_3D ( 'NONE', #1135, #1496, #1451 ) ;
#794 = FACE_OUTER_BOUND ( 'NONE', #121, .T. ) ;
#795 = ORIENTED_EDGE ( 'NONE', *, *, #3051, .F. ) ;
#796 = DIRECTION ( 'NONE',  ( 0.0000000000000000000, 0.0000000000000000000, 1.000000000000000000 ) ) ;
#797 = LINE ( 'NONE', #2152, #2723 ) ;
#798 = EDGE_CURVE ( 'NONE', #215, #783, #3588, .T. ) ;
#799 = VECTOR ( 'NONE', #179, 39.37007874015748143 ) ;
#800 = CARTESIAN_POINT ( 'NONE',  ( 0.1379674688103071922, 0.0000000000000000000, -0.1499999999999999944 ) ) ;
#801 = ORIENTED_EDGE ( 'NONE', *, *, #30, .T. ) ;
#802 = FACE_OUTER_BOUND ( 'NONE', #2094, .T. ) ;
#803 = CARTESIAN_POINT ( 'NONE',  ( -0.06706151566354642823, -0.1100000000000000006, -0.01575000000000000705 ) ) ;
#804 = ORIENTED_EDGE ( 'NONE', *, *, #2233, .T. ) ;
#805 = CARTESIAN_POINT ( 'NONE',  ( 0.3379674688103072033, -0.03520000000000000212, -0.07874000000000051791 ) ) ;
#806 = EDGE_LOOP ( 'NONE', ( #3030, #2319, #2137, #4213 ) ) ;
#807 = DIRECTION ( 'NONE',  ( -0.0000000000000000000, 1.000000000000000000, -0.0000000000000000000 ) ) ;
#808 = CARTESIAN_POINT ( 'NONE',  ( 0.2379674688103072255, -0.1100000000000000006, -0.04999999999999999584 ) ) ;
#809 = CARTESIAN_POINT ( 'NONE',  ( 0.4816684688103075040, 0.0000000000000000000, -0.1842499999999996085 ) ) ;
#810 = DIRECTION ( 'NONE',  ( 0.0000000000000000000, 0.0000000000000000000, 1.000000000000000000 ) ) ;
#811 = CARTESIAN_POINT ( 'NONE',  ( 0.4379674688103072366, 0.0000000000000000000, -0.1499999999999999944 ) ) ;
#812 = ORIENTED_EDGE ( 'NONE', *, *, #943, .F. ) ;
#813 = AXIS2_PLACEMENT_3D ( 'NONE', #4259, #1192, #2570 ) ;
#814 = DIRECTION ( 'NONE',  ( -0.0000000000000000000, 1.000000000000000000, -0.0000000000000000000 ) ) ;
#815 = ORIENTED_EDGE ( 'NONE', *, *, #3830, .T. ) ;
#816 = AXIS2_PLACEMENT_3D ( 'NONE', #1013, #2371, #683 ) ;
#817 = DIRECTION ( 'NONE',  ( -0.0000000000000000000, 1.000000000000000000, -0.0000000000000000000 ) ) ;
#818 = CARTESIAN_POINT ( 'NONE',  ( 0.0000000000000000000, -0.1100000000000000006, 0.0000000000000000000 ) ) ;
#819 = EDGE_CURVE ( 'NONE', #3140, #2548, #1973, .T. ) ;
#820 = AXIS2_PLACEMENT_3D ( 'NONE', #294, #660, #3749 ) ;
#821 = LINE ( 'NONE', #1442, #2399 ) ;
#822 = ADVANCED_FACE ( 'NONE', ( #4247 ), #228, .T. ) ;
#823 = EDGE_LOOP ( 'NONE', ( #3177, #1876 ) ) ;
#824 = AXIS2_PLACEMENT_3D ( 'NONE', #932, #1259, #2237 ) ;
#825 = CARTESIAN_POINT ( 'NONE',  ( 0.3816684688103074707, -0.1100000000000000006, -0.1842499999999996085 ) ) ;
#826 = CYLINDRICAL_SURFACE ( 'NONE', #3263, 0.03740000000000053004 ) ;
#827 = VERTEX_POINT ( 'NONE', #2206 ) ;
#828 = EDGE_LOOP ( 'NONE', ( #2504, #773, #2673, #1151 ) ) ;
#829 = CARTESIAN_POINT ( 'NONE',  ( 0.3816684688103074707, -0.1100000000000000006, -0.1842499999999996085 ) ) ;
#830 = LINE ( 'NONE', #4230, #3660 ) ;
#831 = DIRECTION ( 'NONE',  ( -0.0000000000000000000, 1.000000000000000000, -0.0000000000000000000 ) ) ;
#832 = AXIS2_PLACEMENT_3D ( 'NONE', #4238, #1627, #237 ) ;
#833 = ORIENTED_EDGE ( 'NONE', *, *, #1421, .T. ) ;
#834 = CARTESIAN_POINT ( 'NONE',  ( -0.005732531189692642581, -0.1100000000000000006, -0.01574999999999999664 ) ) ;
#835 = CIRCLE ( 'NONE', #3308, 0.02874000000000051860 ) ;
#836 = DIRECTION ( 'NONE',  ( 1.000000000000000000, 0.0000000000000000000, -5.421193827719211569E-15 ) ) ;
#837 = EDGE_LOOP ( 'NONE', ( #1294, #1792 ) ) ;
#838 = AXIS2_PLACEMENT_3D ( 'NONE', #431, #2779, #1758 ) ;
#839 = CARTESIAN_POINT ( 'NONE',  ( 0.1379674688103071922, -0.1100000000000000006, -0.1499999999999999944 ) ) ;
#840 = CARTESIAN_POINT ( 'NONE',  ( 0.02999999999999995379, 0.0000000000000000000, 0.0000000000000000000 ) ) ;
#841 = ORIENTED_EDGE ( 'NONE', *, *, #1175, .T. ) ;
#842 = ORIENTED_EDGE ( 'NONE', *, *, #328, .F. ) ;
#843 = ORIENTED_EDGE ( 'NONE', *, *, #4276, .F. ) ;
#844 = ADVANCED_FACE ( 'NONE', ( #3633 ), #1508, .T. ) ;
#845 = EDGE_CURVE ( 'NONE', #2990, #3799, #3870, .T. ) ;
#846 = CARTESIAN_POINT ( 'NONE',  ( 0.3379674688103072033, 0.0000000000000000000, -0.1874000000000005384 ) ) ;
#847 = CARTESIAN_POINT ( 'NONE',  ( 0.0000000000000000000, -0.1100000000000000006, 0.0000000000000000000 ) ) ;
#848 = CARTESIAN_POINT ( 'NONE',  ( 0.5379674688103072144, -0.03520000000000000212, -0.01259999999999946926 ) ) ;
#849 = ORIENTED_EDGE ( 'NONE', *, *, #3010, .T. ) ;
#850 = ORIENTED_EDGE ( 'NONE', *, *, #1068, .T. ) ;
#851 = LINE ( 'NONE', #3255, #3970 ) ;
#852 = EDGE_CURVE ( 'NONE', #3795, #2851, #1225, .T. ) ;
#853 = ADVANCED_FACE ( 'NONE', ( #1205 ), #2227, .F. ) ;
#854 = DIRECTION ( 'NONE',  ( 0.0000000000000000000, 1.000000000000000000, 0.0000000000000000000 ) ) ;
#855 = UNCERTAINTY_MEASURE_WITH_UNIT (LENGTH_MEASURE( 1.000000000000000082E-05 ), #613, 'distance_accuracy_value', 'NONE');
#856 = DIRECTION ( 'NONE',  ( 0.0000000000000000000, 0.0000000000000000000, -1.000000000000000000 ) ) ;
#857 = ORIENTED_EDGE ( 'NONE', *, *, #2379, .T. ) ;
#858 = CARTESIAN_POINT ( 'NONE',  ( 0.2379674688103072255, -0.1100000000000000006, -0.07874000000000051791 ) ) ;
#859 = ORIENTED_EDGE ( 'NONE', *, *, #3408, .T. ) ;
#860 = DIRECTION ( 'NONE',  ( 0.0000000000000000000, 0.0000000000000000000, 1.000000000000000000 ) ) ;
#861 = DIRECTION ( 'NONE',  ( -0.9396926207859072067, 0.0000000000000000000, -0.3420201433256721546 ) ) ;
#862 = EDGE_LOOP ( 'NONE', ( #3438, #745 ) ) ;
#863 = CARTESIAN_POINT ( 'NONE',  ( 0.3379674688103072033, 0.0000000000000000000, -0.1499999999999999944 ) ) ;
#864 = ORIENTED_EDGE ( 'NONE', *, *, #3362, .T. ) ;
#865 = ORIENTED_EDGE ( 'NONE', *, *, #2499, .F. ) ;
#866 = VECTOR ( 'NONE', #726, 39.37007874015748143 ) ;
#867 = AXIS2_PLACEMENT_3D ( 'NONE', #1470, #4153, #1537 ) ;
#868 = LINE ( 'NONE', #825, #2894 ) ;
#869 = FACE_OUTER_BOUND ( 'NONE', #1708, .T. ) ;
#870 = VERTEX_POINT ( 'NONE', #1719 ) ;
#871 = VERTEX_POINT ( 'NONE', #4025 ) ;
#872 = EDGE_CURVE ( 'NONE', #2624, #4288, #510, .T. ) ;
#873 = CARTESIAN_POINT ( 'NONE',  ( 0.4379674688103072366, -0.03520000000000000212, -0.1499999999999999944 ) ) ;
#874 = ADVANCED_FACE ( 'NONE', ( #1662 ), #1744, .F. ) ;
#875 = DIRECTION ( 'NONE',  ( -0.0000000000000000000, 1.000000000000000000, -0.0000000000000000000 ) ) ;
#876 = DIRECTION ( 'NONE',  ( -0.0000000000000000000, 1.000000000000000000, -0.0000000000000000000 ) ) ;
#877 = CARTESIAN_POINT ( 'NONE',  ( 0.5879674688103072588, -0.1100000000000000006, -0.1842499999999999416 ) ) ;
#878 = ORIENTED_EDGE ( 'NONE', *, *, #2555, .T. ) ;
#879 = EDGE_CURVE ( 'NONE', #3035, #2483, #2839, .T. ) ;
#880 = CARTESIAN_POINT ( 'NONE',  ( 0.2379674688103072255, 1.224646799147263287E-20, -0.04999999999999999584 ) ) ;
#881 = DIMENSIONAL_EXPONENTS ( 1.000000000000000000, 0.0000000000000000000, 0.0000000000000000000, 0.0000000000000000000, 0.0000000000000000000, 0.0000000000000000000, 0.0000000000000000000 ) ;
#882 = DIRECTION ( 'NONE',  ( -1.000000000000000000, 0.0000000000000000000, -0.0000000000000000000 ) ) ;
#883 = ORIENTED_EDGE ( 'NONE', *, *, #1503, .T. ) ;
#884 = PRODUCT_DEFINITION_SHAPE ( 'NONE', 'NONE',  #2125 ) ;
#885 = DIRECTION ( 'NONE',  ( 0.0000000000000000000, 0.0000000000000000000, 1.000000000000000000 ) ) ;
#886 = LINE ( 'NONE', #1823, #4195 ) ;
#887 = CARTESIAN_POINT ( 'NONE',  ( 0.03796746881030719362, 0.0000000000000000000, -0.01259999999999946926 ) ) ;
#888 = DIRECTION ( 'NONE',  ( 0.0000000000000000000, 0.0000000000000000000, 1.000000000000000000 ) ) ;
#889 = VERTEX_POINT ( 'NONE', #4175 ) ;
#890 = DIRECTION ( 'NONE',  ( -0.0000000000000000000, 1.000000000000000000, -0.0000000000000000000 ) ) ;
#891 = ORIENTED_EDGE ( 'NONE', *, *, #1863, .T. ) ;
#892 = AXIS2_PLACEMENT_3D ( 'NONE', #2010, #2293, #1334 ) ;
#893 = CARTESIAN_POINT ( 'NONE',  ( 0.2942664688103074355, -0.1100000000000000006, -0.01574999999999998623 ) ) ;
#894 = DIRECTION ( 'NONE',  ( -0.0000000000000000000, 1.000000000000000000, -0.0000000000000000000 ) ) ;
#895 = ORIENTED_EDGE ( 'NONE', *, *, #1366, .T. ) ;
#896 = DIRECTION ( 'NONE',  ( -0.0000000000000000000, 1.000000000000000000, -0.0000000000000000000 ) ) ;
#897 = AXIS2_PLACEMENT_3D ( 'NONE', #201, #3609, #3204 ) ;
#898 = CARTESIAN_POINT ( 'NONE',  ( 0.5879674688103072588, 0.0000000000000000000, -0.01575000000000000705 ) ) ;
#899 = AXIS2_PLACEMENT_3D ( 'NONE', #4315, #2521, #2591 ) ;
#900 = CONTEXT_DEPENDENT_SHAPE_REPRESENTATION ( #322, #284 ) ;
#901 = CYLINDRICAL_SURFACE ( 'NONE', #1546, 0.02874000000000051860 ) ;
#902 = FACE_OUTER_BOUND ( 'NONE', #3091, .T. ) ;
#903 = EDGE_LOOP ( 'NONE', ( #3568, #3488 ) ) ;
#904 = CARTESIAN_POINT ( 'NONE',  ( 0.4379674688103072366, 0.0000000000000000000, -0.04999999999999999584 ) ) ;
#905 = EDGE_CURVE ( 'NONE', #1054, #1123, #2156, .T. ) ;
#906 = FACE_OUTER_BOUND ( 'NONE', #1965, .T. ) ;
#907 = EDGE_CURVE ( 'NONE', #1916, #469, #2776, .T. ) ;
#908 = CIRCLE ( 'NONE', #2049, 0.02874000000000051860 ) ;
#909 = DIRECTION ( 'NONE',  ( -0.0000000000000000000, 1.000000000000000000, -0.0000000000000000000 ) ) ;
#910 = DIRECTION ( 'NONE',  ( 0.0000000000000000000, -1.000000000000000000, 0.0000000000000000000 ) ) ;
#911 =( NAMED_UNIT ( * ) SI_UNIT ( $, .STERADIAN. ) SOLID_ANGLE_UNIT ( ) );
#912 = EDGE_CURVE ( 'NONE', #3095, #4024, #2224, .T. ) ;
#913 = AXIS2_PLACEMENT_3D ( 'NONE', #4354, #2052, #2759 ) ;
#914 = DIRECTION ( 'NONE',  ( -1.000000000000000000, -0.0000000000000000000, -0.0000000000000000000 ) ) ;
#915 = FACE_OUTER_BOUND ( 'NONE', #2726, .T. ) ;
#916 = EDGE_CURVE ( 'NONE', #827, #3127, #3342, .T. ) ;
#917 = DIRECTION ( 'NONE',  ( 0.0000000000000000000, 0.0000000000000000000, 1.000000000000000000 ) ) ;
#918 = DIRECTION ( 'NONE',  ( -0.0000000000000000000, 1.000000000000000000, -0.0000000000000000000 ) ) ;
#919 = CIRCLE ( 'NONE', #1476, 0.03740000000000053698 ) ;
#920 = VERTEX_POINT ( 'NONE', #3493 ) ;
#921 = VERTEX_POINT ( 'NONE', #3159 ) ;
#922 = VECTOR ( 'NONE', #1799, 39.37007874015748143 ) ;
#923 = LINE ( 'NONE', #2918, #2389 ) ;
#924 = VERTEX_POINT ( 'NONE', #512 ) ;
#925 = CARTESIAN_POINT ( 'NONE',  ( 0.03796746881030719362, 0.0000000000000000000, -0.04999999999999999584 ) ) ;
#926 = DIRECTION ( 'NONE',  ( 1.000000000000000000, 0.0000000000000000000, -5.421193827719211569E-15 ) ) ;
#927 = DIRECTION ( 'NONE',  ( 0.0000000000000000000, -1.000000000000000000, 0.0000000000000000000 ) ) ;
#928 = CARTESIAN_POINT ( 'NONE',  ( 0.2379674688103072255, 1.224646799147263287E-20, -0.1125999999999994644 ) ) ;
#929 = DIRECTION ( 'NONE',  ( -1.000000000000000000, -0.0000000000000000000, -0.0000000000000000000 ) ) ;
#930 = EDGE_LOOP ( 'NONE', ( #3060, #359 ) ) ;
#931 = CARTESIAN_POINT ( 'NONE',  ( -0.01203253118969264089, 0.0000000000000000000, -0.1842499999999996918 ) ) ;
#932 = CARTESIAN_POINT ( 'NONE',  ( 0.1379674688103071922, -0.1100000000000000006, -0.1499999999999999944 ) ) ;
#933 = DIRECTION ( 'NONE',  ( 0.0000000000000000000, 0.0000000000000000000, -1.000000000000000000 ) ) ;
#934 = ORIENTED_EDGE ( 'NONE', *, *, #1477, .T. ) ;
#935 = EDGE_CURVE ( 'NONE', #466, #3077, #4223, .T. ) ;
#936 = DIRECTION ( 'NONE',  ( 0.0000000000000000000, -0.0000000000000000000, 1.000000000000000000 ) ) ;
#937 = PLANE ( 'NONE',  #813 ) ;
#938 = CARTESIAN_POINT ( 'NONE',  ( 0.1650000000000000078, 0.0000000000000000000, 0.0000000000000000000 ) ) ;
#939 = ADVANCED_FACE ( 'NONE', ( #3842 ), #826, .F. ) ;
#940 = ORIENTED_EDGE ( 'NONE', *, *, #1258, .T. ) ;
#941 = LINE ( 'NONE', #3297, #2647 ) ;
#942 = EDGE_LOOP ( 'NONE', ( #3419, #2171 ) ) ;
#943 = EDGE_CURVE ( 'NONE', #2146, #132, #987, .T. ) ;
#944 = CIRCLE ( 'NONE', #1428, 0.02874000000000052554 ) ;
#945 = LINE ( 'NONE', #3630, #3499 ) ;
#946 = ORIENTED_EDGE ( 'NONE', *, *, #3002, .T. ) ;
#947 = DIRECTION ( 'NONE',  ( -0.0000000000000000000, 1.000000000000000000, -0.0000000000000000000 ) ) ;
#948 = VECTOR ( 'NONE', #771, 39.37007874015748143 ) ;
#949 = VERTEX_POINT ( 'NONE', #3910 ) ;
#950 = LINE ( 'NONE', #2900, #84 ) ;
#951 = SHAPE_REPRESENTATION ( '1942', ( #1331 ), #2797 ) ;
#952 = VECTOR ( 'NONE', #2512, 39.37007874015748143 ) ;
#953 = DIRECTION ( 'NONE',  ( 0.0000000000000000000, 0.0000000000000000000, 1.000000000000000000 ) ) ;
#954 = CARTESIAN_POINT ( 'NONE',  ( 0.3379674688103072033, 1.224646799147263287E-20, -0.1874000000000005384 ) ) ;
#955 = DIRECTION ( 'NONE',  ( -0.0000000000000000000, 1.000000000000000000, -0.0000000000000000000 ) ) ;
#956 = ORIENTED_EDGE ( 'NONE', *, *, #2929, .F. ) ;
#957 = LINE ( 'NONE', #1905, #151 ) ;
#958 = DIRECTION ( 'NONE',  ( 0.0000000000000000000, 0.0000000000000000000, 1.000000000000000000 ) ) ;
#959 = CYLINDRICAL_SURFACE ( 'NONE', #3862, 0.03740000000000053004 ) ;
#960 = DIRECTION ( 'NONE',  ( -0.0000000000000000000, 1.000000000000000000, -0.0000000000000000000 ) ) ;
#961 = DIRECTION ( 'NONE',  ( 1.000000000000000000, 0.0000000000000000000, -0.0000000000000000000 ) ) ;
#962 = ORIENTED_EDGE ( 'NONE', *, *, #3570, .T. ) ;
#963 = DIRECTION ( 'NONE',  ( -0.0000000000000000000, 1.000000000000000000, -0.0000000000000000000 ) ) ;
#964 = ORIENTED_EDGE ( 'NONE', *, *, #383, .T. ) ;
#965 = ORIENTED_EDGE ( 'NONE', *, *, #2735, .T. ) ;
#966 = ADVANCED_FACE ( 'NONE', ( #586 ), #3731, .F. ) ;
#967 = CIRCLE ( 'NONE', #3771, 0.02874000000000051860 ) ;
#968 = EDGE_CURVE ( 'NONE', #949, #2200, #382, .T. ) ;
#969 = CARTESIAN_POINT ( 'NONE',  ( 0.1816684688103074319, -0.1100000000000000006, -0.1842499999999996085 ) ) ;
#970 = VERTEX_POINT ( 'NONE', #3466 ) ;
#971 = SHAPE_REPRESENTATION_RELATIONSHIP ( 'NONE' , 'NONE' ,  #3500, #1491 ) ;
#972 = VECTOR ( 'NONE', #575, 39.37007874015748143 ) ;
#973 = DIRECTION ( 'NONE',  ( 0.0000000000000000000, 0.0000000000000000000, 1.000000000000000000 ) ) ;
#974 = DIRECTION ( 'NONE',  ( 0.0000000000000000000, 0.0000000000000000000, 1.000000000000000000 ) ) ;
#975 = ORIENTED_EDGE ( 'NONE', *, *, #2737, .T. ) ;
#976 = LINE ( 'NONE', #300, #866 ) ;
#977 = AXIS2_PLACEMENT_3D ( 'NONE', #2058, #1317, #1738 ) ;
#978 = DIRECTION ( 'NONE',  ( 0.0000000000000000000, -1.000000000000000000, 0.0000000000000000000 ) ) ;
#979 = ORIENTED_EDGE ( 'NONE', *, *, #1040, .F. ) ;
#980 = DIRECTION ( 'NONE',  ( 1.000000000000000000, 0.0000000000000000000, 0.0000000000000000000 ) ) ;
#981 = VERTEX_POINT ( 'NONE', #1511 ) ;
#982 = CARTESIAN_POINT ( 'NONE',  ( 0.2816684688103074374, -0.1100000000000000006, -0.01574999999999998623 ) ) ;
#983 = ORIENTED_EDGE ( 'NONE', *, *, #2794, .F. ) ;
#984 = AXIS2_PLACEMENT_3D ( 'NONE', #3376, #2342, #2686 ) ;
#985 = DIRECTION ( 'NONE',  ( 0.0000000000000000000, 0.0000000000000000000, 1.000000000000000000 ) ) ;
#986 = VECTOR ( 'NONE', #694, 39.37007874015748143 ) ;
#987 = LINE ( 'NONE', #3674, #4255 ) ;
#988 = LINE ( 'NONE', #2345, #1252 ) ;
#989 = EDGE_LOOP ( 'NONE', ( #3859, #3040 ) ) ;
#990 = ADVANCED_FACE ( 'NONE', ( #2826 ), #2870, .F. ) ;
#991 = ORIENTED_EDGE ( 'NONE', *, *, #3757, .T. ) ;
#992 = CIRCLE ( 'NONE', #560, 0.02874000000000051860 ) ;
#993 = ADVANCED_FACE ( 'NONE', ( #101, #802 ), #3489, .F. ) ;
#994 = VECTOR ( 'NONE', #3835, 39.37007874015748143 ) ;
#995 = LINE ( 'NONE', #2023, #2117 ) ;
#996 = EDGE_CURVE ( 'NONE', #1617, #2905, #1196, .T. ) ;
#997 = ORIENTED_EDGE ( 'NONE', *, *, #2407, .T. ) ;
#998 = DIRECTION ( 'NONE',  ( 5.421193827719211569E-15, 0.0000000000000000000, 1.000000000000000000 ) ) ;
#999 = EDGE_CURVE ( 'NONE', #3853, #4096, #3818, .T. ) ;
#1000 = FACE_OUTER_BOUND ( 'NONE', #26, .T. ) ;
#1001 = LINE ( 'NONE', #3242, #972 ) ;
#1002 = LINE ( 'NONE', #672, #3164 ) ;
#1003 = EDGE_LOOP ( 'NONE', ( #680, #2333, #501, #1673 ) ) ;
#1004 = DIRECTION ( 'NONE',  ( 0.3420201433256633283, 0.0000000000000000000, -0.9396926207859103153 ) ) ;
#1005 = ORIENTED_EDGE ( 'NONE', *, *, #407, .T. ) ;
#1006 = ORIENTED_EDGE ( 'NONE', *, *, #4049, .F. ) ;
#1007 = CARTESIAN_POINT ( 'NONE',  ( 0.1649999999999998690, 2.081899558550280909E-18, -0.01699999999999820752 ) ) ;
#1008 = ORIENTED_EDGE ( 'NONE', *, *, #1314, .T. ) ;
#1009 = ORIENTED_EDGE ( 'NONE', *, *, #3129, .F. ) ;
#1010 = AXIS2_PLACEMENT_3D ( 'NONE', #2047, #3703, #3038 ) ;
#1011 = CIRCLE ( 'NONE', #1795, 0.02874000000000051860 ) ;
#1012 = CARTESIAN_POINT ( 'NONE',  ( 0.4816684688103075040, 0.0000000000000000000, -0.1842499999999996085 ) ) ;
#1013 = CARTESIAN_POINT ( 'NONE',  ( 0.4379674688103072366, -0.1100000000000000006, -0.1499999999999999944 ) ) ;
#1014 = EDGE_LOOP ( 'NONE', ( #39, #2718 ) ) ;
#1015 = LINE ( 'NONE', #1036, #2367 ) ;
#1016 = CIRCLE ( 'NONE', #2430, 0.02874000000000052554 ) ;
#1017 = EDGE_CURVE ( 'NONE', #3309, #1114, #2984, .T. ) ;
#1018 = ADVANCED_FACE ( 'NONE', ( #1940 ), #3270, .F. ) ;
#1019 = AXIS2_PLACEMENT_3D ( 'NONE', #4219, #1150, #4194 ) ;
#1020 = DIRECTION ( 'NONE',  ( 0.0000000000000000000, 0.0000000000000000000, 1.000000000000000000 ) ) ;
#1021 = ORIENTED_EDGE ( 'NONE', *, *, #1725, .T. ) ;
#1022 = LINE ( 'NONE', #2070, #1402 ) ;
#1023 = LINE ( 'NONE', #4246, #1345 ) ;
#1024 = ORIENTED_EDGE ( 'NONE', *, *, #3684, .T. ) ;
#1025 = ORIENTED_EDGE ( 'NONE', *, *, #2102, .T. ) ;
#1026 = DIRECTION ( 'NONE',  ( -0.0000000000000000000, 1.000000000000000000, -0.0000000000000000000 ) ) ;
#1027 = EDGE_LOOP ( 'NONE', ( #4325, #3360, #1072, #1623, #3296, #661, #3721, #211, #423, #3471, #66, #4263, #3997, #2050, #2502, #16, #3379, #4071, #1691, #3627, #2956, #804, #2298, #3936, #2847, #2832, #478, #1417, #4240, #1457, #1939, #2762, #2134, #1195, #3781, #3631, #3085, #4029, #202, #3001, #1797, #2588, #3100, #1064, #1134, #4170, #4245, #3196, #1867, #4328, #1204, #369 ) ) ;
#1028 = ORIENTED_EDGE ( 'NONE', *, *, #1588, .T. ) ;
#1029 = CIRCLE ( 'NONE', #3206, 0.02874000000000051860 ) ;
#1030 = AXIS2_PLACEMENT_3D ( 'NONE', #168, #4236, #525 ) ;
#1031 = CARTESIAN_POINT ( 'NONE',  ( 0.0000000000000000000, 0.0000000000000000000, 0.0000000000000000000 ) ) ;
#1032 = DIRECTION ( 'NONE',  ( -0.0000000000000000000, 1.000000000000000000, -0.0000000000000000000 ) ) ;
#1033 = LINE ( 'NONE', #3451, #320 ) ;
#1034 = VECTOR ( 'NONE', #1791, 39.37007874015748854 ) ;
#1035 = ORIENTED_EDGE ( 'NONE', *, *, #222, .F. ) ;
#1036 = CARTESIAN_POINT ( 'NONE',  ( -0.01203253118969264089, -0.1100000000000000006, -0.1842499999999996918 ) ) ;
#1037 = AXIS2_PLACEMENT_3D ( 'NONE', #1567, #541, #4181 ) ;
#1038 = LENGTH_MEASURE_WITH_UNIT ( LENGTH_MEASURE( 0.02539999999999999897 ), #1697 );
#1039 = DIRECTION ( 'NONE',  ( -1.000000000000000000, -0.0000000000000000000, -0.0000000000000000000 ) ) ;
#1040 = EDGE_CURVE ( 'NONE', #4239, #1489, #2250, .T. ) ;
#1041 = FACE_OUTER_BOUND ( 'NONE', #22, .T. ) ;
#1042 = EDGE_CURVE ( 'NONE', #2721, #3026, #1730, .T. ) ;
#1043 = VERTEX_POINT ( 'NONE', #3582 ) ;
#1044 = LINE ( 'NONE', #982, #405 ) ;
#1045 = CARTESIAN_POINT ( 'NONE',  ( 0.1379674688103071922, 1.224646799147263287E-20, -0.08740000000000051894 ) ) ;
#1046 = ORIENTED_EDGE ( 'NONE', *, *, #407, .F. ) ;
#1047 = ORIENTED_EDGE ( 'NONE', *, *, #774, .F. ) ;
#1048 = ADVANCED_FACE ( 'NONE', ( #3934 ), #3320, .F. ) ;
#1049 = AXIS2_PLACEMENT_3D ( 'NONE', #938, #1556, #3580 ) ;
#1050 = ORIENTED_EDGE ( 'NONE', *, *, #2180, .F. ) ;
#1051 = CIRCLE ( 'NONE', #1118, 0.02874000000000051860 ) ;
#1052 = CARTESIAN_POINT ( 'NONE',  ( 0.3816684688103073597, -0.1100000000000000006, -0.01574999999999998623 ) ) ;
#1053 = VECTOR ( 'NONE', #4082, 39.37007874015748854 ) ;
#1054 = VERTEX_POINT ( 'NONE', #4333 ) ;
#1055 = CARTESIAN_POINT ( 'NONE',  ( 0.0000000000000000000, 0.0000000000000000000, 0.0000000000000000000 ) ) ;
#1056 = AXIS2_PLACEMENT_3D ( 'NONE', #1648, #2011, #3669 ) ;
#1057 = LINE ( 'NONE', #2253, #2564 ) ;
#1058 = LINE ( 'NONE', #409, #1884 ) ;
#1059 = ORIENTED_EDGE ( 'NONE', *, *, #189, .T. ) ;
#1060 = DIRECTION ( 'NONE',  ( 0.0000000000000000000, 0.0000000000000000000, 1.000000000000000000 ) ) ;
#1061 = CARTESIAN_POINT ( 'NONE',  ( 0.3379674688103072033, 1.224646799147263287E-20, -0.08740000000000051894 ) ) ;
#1062 = PLANE ( 'NONE',  #3094 ) ;
#1063 = ADVANCED_FACE ( 'NONE', ( #267 ), #290, .F. ) ;
#1064 = ORIENTED_EDGE ( 'NONE', *, *, #3776, .F. ) ;
#1065 = VERTEX_POINT ( 'NONE', #1603 ) ;
#1066 = DIRECTION ( 'NONE',  ( 0.0000000000000000000, 0.0000000000000000000, 1.000000000000000000 ) ) ;
#1067 = EDGE_CURVE ( 'NONE', #3928, #4065, #1316, .T. ) ;
#1068 = EDGE_CURVE ( 'NONE', #2004, #40, #941, .T. ) ;
#1069 = ORIENTED_EDGE ( 'NONE', *, *, #4026, .T. ) ;
#1070 = VERTEX_POINT ( 'NONE', #1653 ) ;
#1071 = DIRECTION ( 'NONE',  ( -0.0000000000000000000, 1.000000000000000000, -0.0000000000000000000 ) ) ;
#1072 = ORIENTED_EDGE ( 'NONE', *, *, #3738, .T. ) ;
#1073 = CARTESIAN_POINT ( 'NONE',  ( 0.3942664688103074133, -0.1100000000000000006, -0.1842499999999996918 ) ) ;
#1074 = EDGE_LOOP ( 'NONE', ( #497, #410, #3430, #3124 ) ) ;
#1075 = PLANE ( 'NONE',  #1660 ) ;
#1076 = DIRECTION ( 'NONE',  ( -0.0000000000000000000, 1.000000000000000000, -0.0000000000000000000 ) ) ;
#1077 = VECTOR ( 'NONE', #343, 39.37007874015748143 ) ;
#1078 = DIRECTION ( 'NONE',  ( -0.0000000000000000000, 1.000000000000000000, -0.0000000000000000000 ) ) ;
#1079 = VERTEX_POINT ( 'NONE', #2963 ) ;
#1080 = VECTOR ( 'NONE', #106, 39.37007874015748143 ) ;
#1081 = LINE ( 'NONE', #2163, #2807 ) ;
#1082 = CARTESIAN_POINT ( 'NONE',  ( 0.03796746881030720056, -0.03520000000000000212, -0.1874000000000005384 ) ) ;
#1083 = VERTEX_POINT ( 'NONE', #2938 ) ;
#1084 = EDGE_LOOP ( 'NONE', ( #878, #792 ) ) ;
#1085 = CARTESIAN_POINT ( 'NONE',  ( 0.1379674688103071922, 0.0000000000000000000, -0.04999999999999999584 ) ) ;
#1086 = CARTESIAN_POINT ( 'NONE',  ( -0.01203253118969264089, -0.1100000000000000006, -0.1842499999999996918 ) ) ;
#1087 = VERTEX_POINT ( 'NONE', #2667 ) ;
#1088 = EDGE_CURVE ( 'NONE', #1921, #401, #1630, .T. ) ;
#1089 = APPLICATION_CONTEXT ( 'automotive_design' ) ;
#1090 = EDGE_CURVE ( 'NONE', #4275, #372, #4069, .T. ) ;
#1091 = DIRECTION ( 'NONE',  ( -1.000000000000000000, 0.0000000000000000000, 6.522075230939960446E-16 ) ) ;
#1092 = ORIENTED_EDGE ( 'NONE', *, *, #485, .T. ) ;
#1093 = DIRECTION ( 'NONE',  ( 0.0000000000000000000, -0.0000000000000000000, -1.000000000000000000 ) ) ;
#1094 = ORIENTED_EDGE ( 'NONE', *, *, #2355, .T. ) ;
#1095 = DIRECTION ( 'NONE',  ( -1.000000000000000000, -0.0000000000000000000, -0.0000000000000000000 ) ) ;
#1096 = EDGE_CURVE ( 'NONE', #1065, #2917, #339, .T. ) ;
#1097 = CIRCLE ( 'NONE', #3702, 0.02649999999999929495 ) ;
#1098 = FACE_BOUND ( 'NONE', #1778, .T. ) ;
#1099 = DIMENSIONAL_EXPONENTS ( 1.000000000000000000, 0.0000000000000000000, 0.0000000000000000000, 0.0000000000000000000, 0.0000000000000000000, 0.0000000000000000000, 0.0000000000000000000 ) ;
#1100 = DIRECTION ( 'NONE',  ( 0.3420201433256665480, 0.0000000000000000000, 0.9396926207859092051 ) ) ;
#1101 = VECTOR ( 'NONE', #980, 39.37007874015748143 ) ;
#1102 = ORIENTED_EDGE ( 'NONE', *, *, #3782, .T. ) ;
#1103 = AXIS2_PLACEMENT_3D ( 'NONE', #646, #2003, #2310 ) ;
#1104 = DIRECTION ( 'NONE',  ( -0.0000000000000000000, 1.000000000000000000, -0.0000000000000000000 ) ) ;
#1105 = ORIENTED_EDGE ( 'NONE', *, *, #3861, .T. ) ;
#1106 = EDGE_LOOP ( 'NONE', ( #2061, #2722, #3968, #2492 ) ) ;
#1107 = FACE_OUTER_BOUND ( 'NONE', #2382, .T. ) ;
#1108 = MECHANICAL_DESIGN_GEOMETRIC_PRESENTATION_REPRESENTATION (  '', ( #539 ), #3714 ) ;
#1109 = ORIENTED_EDGE ( 'NONE', *, *, #1199, .T. ) ;
#1110 = EDGE_CURVE ( 'NONE', #2056, #2394, #2448, .T. ) ;
#1111 = DIRECTION ( 'NONE',  ( -1.000000000000000000, -0.0000000000000000000, -0.0000000000000000000 ) ) ;
#1112 = ORIENTED_EDGE ( 'NONE', *, *, #1477, .F. ) ;
#1113 = CARTESIAN_POINT ( 'NONE',  ( 0.3816684688103074707, 0.0000000000000000000, -0.1842499999999996085 ) ) ;
#1114 = VERTEX_POINT ( 'NONE', #3034 ) ;
#1115 = EDGE_CURVE ( 'NONE', #1365, #2426, #1512, .T. ) ;
#1116 = CARTESIAN_POINT ( 'NONE',  ( 0.4379674688103072366, -0.1100000000000000006, -0.07874000000000051791 ) ) ;
#1117 = AXIS2_PLACEMENT_3D ( 'NONE', #348, #656, #1004 ) ;
#1118 = AXIS2_PLACEMENT_3D ( 'NONE', #1976, #2993, #4341 ) ;
#1119 = EDGE_CURVE ( 'NONE', #711, #3799, #376, .T. ) ;
#1120 = LINE ( 'NONE', #2520, #3468 ) ;
#1121 = VECTOR ( 'NONE', #2071, 39.37007874015748143 ) ;
#1122 = CARTESIAN_POINT ( 'NONE',  ( 0.5379674688103072144, 0.0000000000000000000, -0.04999999999999999584 ) ) ;
#1123 = VERTEX_POINT ( 'NONE', #4112 ) ;
#1124 = DIRECTION ( 'NONE',  ( 0.9396926207859080948, 0.0000000000000000000, -0.3420201433256695456 ) ) ;
#1125 = ORIENTED_EDGE ( 'NONE', *, *, #4049, .T. ) ;
#1126 = DIRECTION ( 'NONE',  ( -0.3420201433256720991, 0.0000000000000000000, 0.9396926207859070956 ) ) ;
#1127 = DIRECTION ( 'NONE',  ( 0.0000000000000000000, 0.0000000000000000000, 1.000000000000000000 ) ) ;
#1128 = CARTESIAN_POINT ( 'NONE',  ( 0.2379674688103072255, -0.1100000000000000006, -0.1499999999999999944 ) ) ;
#1129 = ORIENTED_EDGE ( 'NONE', *, *, #328, .T. ) ;
#1130 = FACE_BOUND ( 'NONE', #1736, .T. ) ;
#1131 = CARTESIAN_POINT ( 'NONE',  ( 0.2800000000000003042, -1.092739197465705287E-15, 0.0000000000000000000 ) ) ;
#1132 = EDGE_LOOP ( 'NONE', ( #714, #1979, #2537, #795 ) ) ;
#1133 = DIRECTION ( 'NONE',  ( -0.0000000000000000000, 1.000000000000000000, -0.0000000000000000000 ) ) ;
#1134 = ORIENTED_EDGE ( 'NONE', *, *, #774, .T. ) ;
#1135 = CARTESIAN_POINT ( 'NONE',  ( -0.01203253118969264436, -0.1100000000000000006, -0.01574999999999999664 ) ) ;
#1136 = CARTESIAN_POINT ( 'NONE',  ( 0.02999999999999886091, 0.0000000000000000000, 0.0000000000000000000 ) ) ;
#1137 = CARTESIAN_POINT ( 'NONE',  ( 0.2999990000000001267, -0.1100000000000000006, -0.1999999999999999833 ) ) ;
#1138 = EDGE_CURVE ( 'NONE', #3838, #2850, #2118, .T. ) ;
#1139 = LINE ( 'NONE', #2798, #381 ) ;
#1140 = ORIENTED_EDGE ( 'NONE', *, *, #4080, .T. ) ;
#1141 = ADVANCED_FACE ( 'NONE', ( #761 ), #3449, .F. ) ;
#1142 = AXIS2_PLACEMENT_3D ( 'NONE', #2697, #2005, #4031 ) ;
#1143 = DIRECTION ( 'NONE',  ( 0.0000000000000000000, 0.0000000000000000000, 1.000000000000000000 ) ) ;
#1144 = VERTEX_POINT ( 'NONE', #1787 ) ;
#1145 = DIRECTION ( 'NONE',  ( 0.3420201433256665480, 0.0000000000000000000, 0.9396926207859092051 ) ) ;
#1146 = CARTESIAN_POINT ( 'NONE',  ( 0.1816684688103074319, -0.1100000000000000006, -0.1842499999999996085 ) ) ;
#1147 = AXIS2_PLACEMENT_3D ( 'NONE', #1243, #2299, #1917 ) ;
#1148 = LINE ( 'NONE', #779, #337 ) ;
#1149 = ORIENTED_EDGE ( 'NONE', *, *, #56, .T. ) ;
#1150 = DIRECTION ( 'NONE',  ( 0.0000000000000000000, -1.000000000000000000, 0.0000000000000000000 ) ) ;
#1151 = ORIENTED_EDGE ( 'NONE', *, *, #3542, .T. ) ;
#1152 = CARTESIAN_POINT ( 'NONE',  ( 0.07033012701892972507, 0.0000000000000000000, 0.02649999999999929495 ) ) ;
#1153 = CARTESIAN_POINT ( 'NONE',  ( 0.1379674688103071922, 0.0000000000000000000, -0.07874000000000051791 ) ) ;
#1154 = ORIENTED_EDGE ( 'NONE', *, *, #1199, .F. ) ;
#1155 = CARTESIAN_POINT ( 'NONE',  ( 0.0000000000000000000, 3.429011037612589091E-18, -0.02800000000000000405 ) ) ;
#1156 = ORIENTED_EDGE ( 'NONE', *, *, #2508, .T. ) ;
#1157 = DIRECTION ( 'NONE',  ( -0.0000000000000000000, 1.000000000000000000, -0.0000000000000000000 ) ) ;
#1158 = LINE ( 'NONE', #540, #51 ) ;
#1159 =( NAMED_UNIT ( * ) SI_UNIT ( $, .STERADIAN. ) SOLID_ANGLE_UNIT ( ) );
#1160 = CARTESIAN_POINT ( 'NONE',  ( 0.1379674688103071922, -0.03520000000000000212, -0.1499999999999999944 ) ) ;
#1161 = DIRECTION ( 'NONE',  ( 0.0000000000000000000, -1.000000000000000000, 0.0000000000000000000 ) ) ;
#1162 = CIRCLE ( 'NONE', #3638, 0.01849999999999981520 ) ;
#1163 = EDGE_CURVE ( 'NONE', #3539, #921, #239, .T. ) ;
#1164 = PLANE ( 'NONE',  #479 ) ;
#1165 = VERTEX_POINT ( 'NONE', #2043 ) ;
#1166 = AXIS2_PLACEMENT_3D ( 'NONE', #4090, #4028, #1093 ) ;
#1167 = EDGE_CURVE ( 'NONE', #924, #3044, #748, .T. ) ;
#1168 = DIRECTION ( 'NONE',  ( -1.000000000000000000, -0.0000000000000000000, -0.0000000000000000000 ) ) ;
#1169 = CARTESIAN_POINT ( 'NONE',  ( 0.5379674688103072144, 1.224646799147263287E-20, -0.1874000000000005384 ) ) ;
#1170 = ORIENTED_EDGE ( 'NONE', *, *, #3704, .F. ) ;
#1171 = VECTOR ( 'NONE', #2332, 39.37007874015748143 ) ;
#1172 = EDGE_CURVE ( 'NONE', #1087, #2041, #1029, .T. ) ;
#1173 = VERTEX_POINT ( 'NONE', #3406 ) ;
#1174 = CARTESIAN_POINT ( 'NONE',  ( 0.09426646881030741054, -0.1100000000000000006, -0.01574999999999998623 ) ) ;
#1175 = EDGE_CURVE ( 'NONE', #3799, #2810, #704, .T. ) ;
#1176 = CARTESIAN_POINT ( 'NONE',  ( 0.03796746881030719362, -0.03520000000000000212, -0.04999999999999999584 ) ) ;
#1177 = DIRECTION ( 'NONE',  ( -0.0000000000000000000, 1.000000000000000000, -0.0000000000000000000 ) ) ;
#1178 =( GEOMETRIC_REPRESENTATION_CONTEXT ( 3 ) GLOBAL_UNCERTAINTY_ASSIGNED_CONTEXT ( ( #1429 ) ) GLOBAL_UNIT_ASSIGNED_CONTEXT ( ( #212, #1551, #911 ) ) REPRESENTATION_CONTEXT ( 'NONE', 'WORKASPACE' ) );
#1179 = CARTESIAN_POINT ( 'NONE',  ( 0.1379674688103071922, -0.03520000000000000212, -0.1874000000000005384 ) ) ;
#1180 = EDGE_LOOP ( 'NONE', ( #4266, #983, #1715, #2323 ) ) ;
#1181 = ORIENTED_EDGE ( 'NONE', *, *, #3188, .F. ) ;
#1182 = DIRECTION ( 'NONE',  ( 0.0000000000000000000, 0.0000000000000000000, 1.000000000000000000 ) ) ;
#1183 = CARTESIAN_POINT ( 'NONE',  ( 0.1379674688103071922, 1.224646799147263287E-20, -0.04999999999999999584 ) ) ;
#1184 = PLANE ( 'NONE',  #2104 ) ;
#1185 = VECTOR ( 'NONE', #3909, 39.37007874015748143 ) ;
#1186 = VERTEX_POINT ( 'NONE', #1380 ) ;
#1187 = CARTESIAN_POINT ( 'NONE',  ( 0.1816684688103074319, 0.0000000000000000000, -0.1842499999999996085 ) ) ;
#1188 = AXIS2_PLACEMENT_3D ( 'NONE', #3523, #206, #3087 ) ;
#1189 = FACE_OUTER_BOUND ( 'NONE', #3045, .T. ) ;
#1190 = EDGE_LOOP ( 'NONE', ( #44, #2273, #432, #965 ) ) ;
#1191 = FACE_OUTER_BOUND ( 'NONE', #1222, .T. ) ;
#1192 = DIRECTION ( 'NONE',  ( -0.9396926207859092051, 0.0000000000000000000, 0.3420201433256665480 ) ) ;
#1193 = AXIS2_PLACEMENT_3D ( 'NONE', #371, #3363, #985 ) ;
#1194 = DIRECTION ( 'NONE',  ( 0.0000000000000000000, 0.0000000000000000000, 1.000000000000000000 ) ) ;
#1195 = ORIENTED_EDGE ( 'NONE', *, *, #717, .F. ) ;
#1196 = LINE ( 'NONE', #3884, #2144 ) ;
#1197 = EDGE_LOOP ( 'NONE', ( #3385, #2819, #3364, #3789 ) ) ;
#1198 = EDGE_CURVE ( 'NONE', #2031, #2158, #3767, .T. ) ;
#1199 = EDGE_CURVE ( 'NONE', #3606, #3, #46, .T. ) ;
#1200 = FACE_BOUND ( 'NONE', #930, .T. ) ;
#1201 = CARTESIAN_POINT ( 'NONE',  ( 0.03796746881030720056, 0.0000000000000000000, -0.08740000000000051894 ) ) ;
#1202 = CARTESIAN_POINT ( 'NONE',  ( 0.4942664688103074466, 0.0000000000000000000, -0.1842499999999996918 ) ) ;
#1203 = ORIENTED_EDGE ( 'NONE', *, *, #2974, .T. ) ;
#1204 = ORIENTED_EDGE ( 'NONE', *, *, #1090, .T. ) ;
#1205 = FACE_OUTER_BOUND ( 'NONE', #2678, .T. ) ;
#1206 = DIRECTION ( 'NONE',  ( -0.0000000000000000000, 1.000000000000000000, -0.0000000000000000000 ) ) ;
#1207 = DIRECTION ( 'NONE',  ( -0.0000000000000000000, 1.000000000000000000, -0.0000000000000000000 ) ) ;
#1208 = ORIENTED_EDGE ( 'NONE', *, *, #1704, .T. ) ;
#1209 = DIRECTION ( 'NONE',  ( -0.0000000000000000000, 1.000000000000000000, -0.0000000000000000000 ) ) ;
#1210 = CIRCLE ( 'NONE', #2763, 0.009999999999999073866 ) ;
#1211 = DIRECTION ( 'NONE',  ( -0.0000000000000000000, 1.000000000000000000, -0.0000000000000000000 ) ) ;
#1212 = DIRECTION ( 'NONE',  ( 0.0000000000000000000, 0.0000000000000000000, 1.000000000000000000 ) ) ;
#1213 = DIRECTION ( 'NONE',  ( -0.7071067811864992780, 0.0000000000000000000, 0.7071067811865957564 ) ) ;
#1214 = CARTESIAN_POINT ( 'NONE',  ( 0.3379674688103072033, -0.03520000000000000212, -0.1125999999999994644 ) ) ;
#1215 = CARTESIAN_POINT ( 'NONE',  ( 0.5379674688103072144, -0.03520000000000000212, -0.04999999999999999584 ) ) ;
#1216 = EDGE_LOOP ( 'NONE', ( #3230, #313, #3064, #2710 ) ) ;
#1217 = ORIENTED_EDGE ( 'NONE', *, *, #3457, .F. ) ;
#1218 = VECTOR ( 'NONE', #2166, 39.37007874015748143 ) ;
#1219 = AXIS2_PLACEMENT_3D ( 'NONE', #873, #1250, #516 ) ;
#1220 = CARTESIAN_POINT ( 'NONE',  ( 0.06099999999999970723, 3.429011037612589091E-18, -0.02800000000000000405 ) ) ;
#1221 = CARTESIAN_POINT ( 'NONE',  ( 0.2379674688103072255, 1.224646799147263287E-20, -0.1874000000000005384 ) ) ;
#1222 = EDGE_LOOP ( 'NONE', ( #1631, #3616, #2983, #3481 ) ) ;
#1223 = DIRECTION ( 'NONE',  ( -1.000000000000000000, -0.0000000000000000000, -0.0000000000000000000 ) ) ;
#1224 = ADVANCED_FACE ( 'NONE', ( #2097 ), #682, .F. ) ;
#1225 = LINE ( 'NONE', #3914, #1798 ) ;
#1226 = EDGE_CURVE ( 'NONE', #129, #2843, #1403, .T. ) ;
#1227 = DIRECTION ( 'NONE',  ( 0.0000000000000000000, -1.000000000000000000, 0.0000000000000000000 ) ) ;
#1228 = DIRECTION ( 'NONE',  ( -0.3420201433256720991, 0.0000000000000000000, 0.9396926207859070956 ) ) ;
#1229 = LINE ( 'NONE', #2585, #3215 ) ;
#1230 = DIRECTION ( 'NONE',  ( -6.522075230939960446E-16, 0.0000000000000000000, -1.000000000000000000 ) ) ;
#1231 = EDGE_CURVE ( 'NONE', #4288, #3728, #1706, .T. ) ;
#1232 = CARTESIAN_POINT ( 'NONE',  ( 0.02999999999999995379, 4.286263797015472511E-18, -0.03499999999999785227 ) ) ;
#1233 = CARTESIAN_POINT ( 'NONE',  ( 0.3379674688103072033, 0.0000000000000000000, -0.1212599999999994932 ) ) ;
#1234 = CARTESIAN_POINT ( 'NONE',  ( 0.5379674688103072144, -0.03520000000000000212, -0.04999999999999999584 ) ) ;
#1235 = PRODUCT_DEFINITION_SHAPE ( 'NONE', 'NONE',  #2264 ) ;
#1236 = CARTESIAN_POINT ( 'NONE',  ( 0.2379674688103072255, 1.224646799147263287E-20, -0.04999999999999999584 ) ) ;
#1237 = CIRCLE ( 'NONE', #29, 0.03740000000000053698 ) ;
#1238 = CARTESIAN_POINT ( 'NONE',  ( 0.5379674688103072144, 0.0000000000000000000, -0.1499999999999999944 ) ) ;
#1239 = EDGE_LOOP ( 'NONE', ( #1009, #2405, #4154, #2378 ) ) ;
#1240 = FACE_OUTER_BOUND ( 'NONE', #1197, .T. ) ;
#1241 = AXIS2_PLACEMENT_3D ( 'NONE', #2359, #671, #3973 ) ;
#1242 = EDGE_LOOP ( 'NONE', ( #2863, #3249, #1149, #3975 ) ) ;
#1243 = CARTESIAN_POINT ( 'NONE',  ( 0.1379674688103071922, 0.0000000000000000000, -0.04999999999999999584 ) ) ;
#1244 = ORIENTED_EDGE ( 'NONE', *, *, #2060, .T. ) ;
#1245 = AXIS2_PLACEMENT_3D ( 'NONE', #160, #2815, #787 ) ;
#1246 = DIRECTION ( 'NONE',  ( -0.0000000000000000000, 1.000000000000000000, -0.0000000000000000000 ) ) ;
#1247 = ORIENTED_EDGE ( 'NONE', *, *, #1780, .F. ) ;
#1248 = CARTESIAN_POINT ( 'NONE',  ( 0.4816684688103073930, -0.1100000000000000006, -0.01574999999999998623 ) ) ;
#1249 = AXIS2_PLACEMENT_3D ( 'NONE', #4323, #1306, #2565 ) ;
#1250 = DIRECTION ( 'NONE',  ( -0.0000000000000000000, 1.000000000000000000, -0.0000000000000000000 ) ) ;
#1251 = ADVANCED_FACE ( 'NONE', ( #1422 ), #2711, .F. ) ;
#1252 = VECTOR ( 'NONE', #2303, 39.37007874015748143 ) ;
#1253 = ITEM_DEFINED_TRANSFORMATION ( 'NONE', 'NONE', #3651,  #1331 ) ;
#1254 = CARTESIAN_POINT ( 'NONE',  ( 0.4942664688103074466, -0.1100000000000000006, -0.1842499999999996918 ) ) ;
#1255 = EDGE_CURVE ( 'NONE', #2483, #2018, #1852, .T. ) ;
#1256 = DIRECTION ( 'NONE',  ( -1.000000000000000000, 0.0000000000000000000, 6.522075230939960446E-16 ) ) ;
#1257 = CARTESIAN_POINT ( 'NONE',  ( 0.4999990000000001378, 0.0000000000000000000, -0.1999999999999999833 ) ) ;
#1258 = EDGE_CURVE ( 'NONE', #2843, #2366, #1858, .T. ) ;
#1259 = DIRECTION ( 'NONE',  ( -0.0000000000000000000, 1.000000000000000000, -0.0000000000000000000 ) ) ;
#1260 = CIRCLE ( 'NONE', #1831, 0.02649999999999929495 ) ;
#1261 = EDGE_CURVE ( 'NONE', #2035, #4043, #293, .T. ) ;
#1262 = DIRECTION ( 'NONE',  ( 0.0000000000000000000, 0.0000000000000000000, 1.000000000000000000 ) ) ;
#1263 = CARTESIAN_POINT ( 'NONE',  ( 0.1379674688103071922, 1.224646799147263287E-20, -0.1874000000000005384 ) ) ;
#1264 = SURFACE_SIDE_STYLE ('',( #1279 ) ) ;
#1265 = AXIS2_PLACEMENT_3D ( 'NONE', #3565, #1206, #1902 ) ;
#1266 = LINE ( 'NONE', #4258, #2452 ) ;
#1267 = LINE ( 'NONE', #2244, #2587 ) ;
#1268 = ORIENTED_EDGE ( 'NONE', *, *, #2671, .F. ) ;
#1269 = DIRECTION ( 'NONE',  ( -0.0000000000000000000, 1.000000000000000000, -0.0000000000000000000 ) ) ;
#1270 = VECTOR ( 'NONE', #3732, 39.37007874015748143 ) ;
#1271 = ORIENTED_EDGE ( 'NONE', *, *, #2030, .T. ) ;
#1272 = DIRECTION ( 'NONE',  ( -0.0000000000000000000, 1.000000000000000000, -0.0000000000000000000 ) ) ;
#1273 = EDGE_LOOP ( 'NONE', ( #4156, #1025 ) ) ;
#1274 = VECTOR ( 'NONE', #679, 39.37007874015748143 ) ;
#1275 = DIRECTION ( 'NONE',  ( 0.0000000000000000000, 0.0000000000000000000, -1.000000000000000000 ) ) ;
#1276 = ORIENTED_EDGE ( 'NONE', *, *, #2105, .T. ) ;
#1277 = CARTESIAN_POINT ( 'NONE',  ( 0.0000000000000000000, -0.1100000000000000006, 0.0000000000000000000 ) ) ;
#1278 = VERTEX_POINT ( 'NONE', #511 ) ;
#1279 = SURFACE_STYLE_FILL_AREA ( #1700 ) ;
#1280 = CARTESIAN_POINT ( 'NONE',  ( 0.07033012701892972507, 0.0000000000000000000, 0.0000000000000000000 ) ) ;
#1281 = DIRECTION ( 'NONE',  ( 0.0000000000000000000, 0.0000000000000000000, 1.000000000000000000 ) ) ;
#1282 = DIRECTION ( 'NONE',  ( 1.000000000000000000, -0.0000000000000000000, -0.0000000000000000000 ) ) ;
#1283 = CARTESIAN_POINT ( 'NONE',  ( 0.2379674688103072255, 0.0000000000000000000, -0.1499999999999999944 ) ) ;
#1284 = ORIENTED_EDGE ( 'NONE', *, *, #523, .T. ) ;
#1285 = LINE ( 'NONE', #3596, #226 ) ;
#1286 = CYLINDRICAL_SURFACE ( 'NONE', #1249, 0.02800000000000000405 ) ;
#1287 = CYLINDRICAL_SURFACE ( 'NONE', #3797, 0.02874000000000052207 ) ;
#1288 = FACE_OUTER_BOUND ( 'NONE', #240, .T. ) ;
#1289 = EDGE_CURVE ( 'NONE', #224, #3761, #3037, .T. ) ;
#1290 = FACE_OUTER_BOUND ( 'NONE', #1801, .T. ) ;
#1291 = EDGE_CURVE ( 'NONE', #2366, #2843, #2287, .T. ) ;
#1292 = ORIENTED_EDGE ( 'NONE', *, *, #1882, .F. ) ;
#1293 = LINE ( 'NONE', #3268, #1983 ) ;
#1294 = ORIENTED_EDGE ( 'NONE', *, *, #3462, .T. ) ;
#1295 = VERTEX_POINT ( 'NONE', #2491 ) ;
#1296 = LINE ( 'NONE', #1967, #4059 ) ;
#1297 = EDGE_LOOP ( 'NONE', ( #3384, #2098, #2282, #2937 ) ) ;
#1298 = VECTOR ( 'NONE', #2906, 39.37007874015748143 ) ;
#1299 = VECTOR ( 'NONE', #1541, 39.37007874015748143 ) ;
#1300 = SHAPE_DEFINITION_REPRESENTATION ( #1235, #1388 ) ;
#1301 = CARTESIAN_POINT ( 'NONE',  ( 0.1379674688103071922, 0.0000000000000000000, -0.1874000000000005384 ) ) ;
#1302 = UNCERTAINTY_MEASURE_WITH_UNIT (LENGTH_MEASURE( 1.000000000000000082E-05 ), #2114, 'distance_accuracy_value', 'NONE');
#1303 = CARTESIAN_POINT ( 'NONE',  ( 0.4667074688103077240, -0.03520000000000000212, -0.04999999999999999584 ) ) ;
#1304 = LINE ( 'NONE', #2653, #1171 ) ;
#1305 = FACE_OUTER_BOUND ( 'NONE', #1790, .T. ) ;
#1306 = DIRECTION ( 'NONE',  ( -1.000000000000000000, -0.0000000000000000000, -0.0000000000000000000 ) ) ;
#1307 = CARTESIAN_POINT ( 'NONE',  ( 0.2816684688103074374, -0.1100000000000000006, -0.1842499999999996085 ) ) ;
#1308 = ORIENTED_EDGE ( 'NONE', *, *, #1642, .T. ) ;
#1309 = CARTESIAN_POINT ( 'NONE',  ( 0.1379674688103071922, -0.03520000000000000212, -0.01259999999999946926 ) ) ;
#1310 = DIRECTION ( 'NONE',  ( -1.000000000000000000, -0.0000000000000000000, -0.0000000000000000000 ) ) ;
#1311 = ORIENTED_EDGE ( 'NONE', *, *, #3222, .T. ) ;
#1312 = ADVANCED_FACE ( 'NONE', ( #1469 ), #1513, .F. ) ;
#1313 = CARTESIAN_POINT ( 'NONE',  ( 0.1570000000000005280, 0.0000000000000000000, 0.0000000000000000000 ) ) ;
#1314 = EDGE_CURVE ( 'NONE', #3127, #129, #1210, .T. ) ;
#1315 = EDGE_LOOP ( 'NONE', ( #3779, #3006, #676, #3361 ) ) ;
#1316 = LINE ( 'NONE', #4262, #2302 ) ;
#1317 = DIRECTION ( 'NONE',  ( -0.0000000000000000000, 1.000000000000000000, -0.0000000000000000000 ) ) ;
#1318 = VECTOR ( 'NONE', #1743, 39.37007874015748143 ) ;
#1319 = VECTOR ( 'NONE', #2818, 39.37007874015748854 ) ;
#1320 = CARTESIAN_POINT ( 'NONE',  ( 0.06099999999999970723, 0.0000000000000000000, 0.0000000000000000000 ) ) ;
#1321 = EDGE_CURVE ( 'NONE', #1114, #3994, #4174, .T. ) ;
#1322 = ORIENTED_EDGE ( 'NONE', *, *, #1067, .F. ) ;
#1323 = VECTOR ( 'NONE', #601, 39.37007874015748143 ) ;
#1324 = CARTESIAN_POINT ( 'NONE',  ( 0.5379674688103072144, 0.0000000000000000000, -0.1499999999999999944 ) ) ;
#1325 = CARTESIAN_POINT ( 'NONE',  ( 0.1667074688103077074, -0.03520000000000000212, -0.04999999999999999584 ) ) ;
#1326 = DIRECTION ( 'NONE',  ( 0.0000000000000000000, 0.0000000000000000000, 1.000000000000000000 ) ) ;
#1327 = AXIS2_PLACEMENT_3D ( 'NONE', #2261, #1926, #2631 ) ;
#1328 =( REPRESENTATION_RELATIONSHIP ('NONE','NONE', #1388, #951 ) REPRESENTATION_RELATIONSHIP_WITH_TRANSFORMATION ( #2259 )SHAPE_REPRESENTATION_RELATIONSHIP( ) );
#1329 = EDGE_LOOP ( 'NONE', ( #2632, #865, #3692, #3787 ) ) ;
#1330 = CARTESIAN_POINT ( 'NONE',  ( 0.1816684688103074041, 0.0000000000000000000, -0.01574999999999998623 ) ) ;
#1331 = AXIS2_PLACEMENT_3D ( 'NONE', #1031, #2390, #3718 ) ;
#1332 = PRODUCT_DEFINITION_FORMATION_WITH_SPECIFIED_SOURCE ( 'ANY', '', #2315, .NOT_KNOWN. ) ;
#1333 = CARTESIAN_POINT ( 'NONE',  ( 0.1379674688103071922, 0.0000000000000000000, -0.02125999999999947376 ) ) ;
#1334 = DIRECTION ( 'NONE',  ( 0.0000000000000000000, 0.0000000000000000000, 1.000000000000000000 ) ) ;
#1335 = PLANE ( 'NONE',  #1996 ) ;
#1336 = VERTEX_POINT ( 'NONE', #153 ) ;
#1337 = DIRECTION ( 'NONE',  ( -0.0000000000000000000, 1.000000000000000000, -0.0000000000000000000 ) ) ;
#1338 = ORIENTED_EDGE ( 'NONE', *, *, #1167, .T. ) ;
#1339 = DIRECTION ( 'NONE',  ( -1.000000000000000000, -0.0000000000000000000, -0.0000000000000000000 ) ) ;
#1340 = VECTOR ( 'NONE', #1651, 39.37007874015748143 ) ;
#1341 = CYLINDRICAL_SURFACE ( 'NONE', #4227, 0.02874000000000052207 ) ;
#1342 = CIRCLE ( 'NONE', #3791, 0.03740000000000053004 ) ;
#1343 = ORIENTED_EDGE ( 'NONE', *, *, #1667, .T. ) ;
#1344 = EDGE_CURVE ( 'NONE', #3244, #577, #868, .T. ) ;
#1345 = VECTOR ( 'NONE', #1223, 39.37007874015748143 ) ;
#1346 = ADVANCED_FACE ( 'NONE', ( #533 ), #1832, .F. ) ;
#1347 = CONTEXT_DEPENDENT_SHAPE_REPRESENTATION ( #38, #2925 ) ;
#1348 = VECTOR ( 'NONE', #757, 39.37007874015748143 ) ;
#1349 = CARTESIAN_POINT ( 'NONE',  ( 0.2379674688103072255, -0.03520000000000000212, -0.04999999999999999584 ) ) ;
#1350 = DIRECTION ( 'NONE',  ( 0.0000000000000000000, 0.0000000000000000000, 1.000000000000000000 ) ) ;
#1351 = FACE_OUTER_BOUND ( 'NONE', #3259, .T. ) ;
#1352 = LINE ( 'NONE', #709, #1932 ) ;
#1353 = FACE_OUTER_BOUND ( 'NONE', #765, .T. ) ;
#1354 = ORIENTED_EDGE ( 'NONE', *, *, #2211, .F. ) ;
#1355 = DIRECTION ( 'NONE',  ( -0.0000000000000000000, 1.000000000000000000, -0.0000000000000000000 ) ) ;
#1356 = CARTESIAN_POINT ( 'NONE',  ( 0.03796746881030719362, -0.1100000000000000006, -0.1499999999999999944 ) ) ;
#1357 = ORIENTED_EDGE ( 'NONE', *, *, #1800, .F. ) ;
#1358 = ORIENTED_EDGE ( 'NONE', *, *, #1391, .T. ) ;
#1359 = CARTESIAN_POINT ( 'NONE',  ( 0.2942664688103074355, -0.1100000000000000006, -0.1842499999999996918 ) ) ;
#1360 = ORIENTED_EDGE ( 'NONE', *, *, #3306, .F. ) ;
#1361 = VECTOR ( 'NONE', #2397, 39.37007874015748143 ) ;
#1362 = EDGE_CURVE ( 'NONE', #329, #2774, #3882, .T. ) ;
#1363 = AXIS2_PLACEMENT_3D ( 'NONE', #1408, #649, #3102 ) ;
#1364 = DIRECTION ( 'NONE',  ( -0.0000000000000000000, 1.000000000000000000, -0.0000000000000000000 ) ) ;
#1365 = VERTEX_POINT ( 'NONE', #105 ) ;
#1366 = EDGE_CURVE ( 'NONE', #3309, #72, #425, .T. ) ;
#1367 = CARTESIAN_POINT ( 'NONE',  ( 0.2942664688103074355, 0.0000000000000000000, -0.01574999999999998623 ) ) ;
#1368 = AXIS2_PLACEMENT_3D ( 'NONE', #1901, #3277, #1612 ) ;
#1369 = EDGE_CURVE ( 'NONE', #2532, #3095, #3437, .T. ) ;
#1370 = CARTESIAN_POINT ( 'NONE',  ( 0.1379674688103071922, -0.03520000000000000212, -0.1787400000000005096 ) ) ;
#1371 = DIRECTION ( 'NONE',  ( 0.0000000000000000000, 0.0000000000000000000, 1.000000000000000000 ) ) ;
#1372 = ORIENTED_EDGE ( 'NONE', *, *, #2645, .F. ) ;
#1373 = FACE_BOUND ( 'NONE', #562, .T. ) ;
#1374 = LINE ( 'NONE', #2604, #4148 ) ;
#1375 = ORIENTED_EDGE ( 'NONE', *, *, #1943, .F. ) ;
#1376 = ORIENTED_EDGE ( 'NONE', *, *, #698, .T. ) ;
#1377 = DIRECTION ( 'NONE',  ( -1.000000000000000000, -0.0000000000000000000, -0.0000000000000000000 ) ) ;
#1378 = ORIENTED_EDGE ( 'NONE', *, *, #1970, .T. ) ;
#1379 = CIRCLE ( 'NONE', #317, 0.03740000000000053698 ) ;
#1380 = CARTESIAN_POINT ( 'NONE',  ( 0.03796746881030719362, 1.224646799147263287E-20, -0.1125999999999994644 ) ) ;
#1381 = DIRECTION ( 'NONE',  ( 0.0000000000000000000, 0.0000000000000000000, 1.000000000000000000 ) ) ;
#1382 = VECTOR ( 'NONE', #1487, 39.37007874015748854 ) ;
#1383 = VERTEX_POINT ( 'NONE', #1875 ) ;
#1384 = DIRECTION ( 'NONE',  ( -0.3420201433256695456, 0.0000000000000000000, -0.9396926207859080948 ) ) ;
#1385 = CARTESIAN_POINT ( 'NONE',  ( 0.08166846881030742633, -0.1100000000000000006, -0.1842499999999996085 ) ) ;
#1386 = CIRCLE ( 'NONE', #1971, 0.03740000000000053698 ) ;
#1387 = ADVANCED_FACE ( 'NONE', ( #2556, #3798, #3864, #3841, #175, #1536, #1130, #2874, #1200, #782, #2136, #3469, #1808 ), #4152, .T. ) ;
#1388 = SHAPE_REPRESENTATION ( 'mill-max-419-10-212-00-001000', ( #1898, #3716, #3079, #3651, #4066, #1538, #2396, #2174, #1613, #624, #114, #1825, #1392, #1755 ), #2675 ) ;
#1389 = DIRECTION ( 'NONE',  ( -0.0000000000000000000, 0.0000000000000000000, 1.000000000000000000 ) ) ;
#1390 = VERTEX_POINT ( 'NONE', #893 ) ;
#1391 = EDGE_CURVE ( 'NONE', #1935, #2825, #2896, .T. ) ;
#1392 = AXIS2_PLACEMENT_3D ( 'NONE', #4339, #2284, #1614 ) ;
#1393 = PLANE ( 'NONE',  #1117 ) ;
#1394 = LINE ( 'NONE', #2017, #252 ) ;
#1395 = DIRECTION ( 'NONE',  ( 0.0000000000000000000, 0.0000000000000000000, 1.000000000000000000 ) ) ;
#1396 = ORIENTED_EDGE ( 'NONE', *, *, #3352, .T. ) ;
#1397 = ORIENTED_EDGE ( 'NONE', *, *, #2974, .F. ) ;
#1398 = LINE ( 'NONE', #4, #4297 ) ;
#1399 = ORIENTED_EDGE ( 'NONE', *, *, #3386, .T. ) ;
#1400 = VERTEX_POINT ( 'NONE', #1220 ) ;
#1401 =( REPRESENTATION_RELATIONSHIP ('NONE','NONE', #1388, #951 ) REPRESENTATION_RELATIONSHIP_WITH_TRANSFORMATION ( #740 )SHAPE_REPRESENTATION_RELATIONSHIP( ) );
#1402 = VECTOR ( 'NONE', #367, 39.37007874015748143 ) ;
#1403 = LINE ( 'NONE', #2752, #3250 ) ;
#1404 = SURFACE_STYLE_FILL_AREA ( #762 ) ;
#1405 = FACE_BOUND ( 'NONE', #261, .T. ) ;
#1406 = AXIS2_PLACEMENT_3D ( 'NONE', #625, #978, #4305 ) ;
#1407 = ORIENTED_EDGE ( 'NONE', *, *, #770, .T. ) ;
#1408 = CARTESIAN_POINT ( 'NONE',  ( 0.5379674688103072144, 0.0000000000000000000, -0.1499999999999999944 ) ) ;
#1409 = CIRCLE ( 'NONE', #2063, 0.03740000000000053698 ) ;
#1410 = DIRECTION ( 'NONE',  ( -0.0000000000000000000, 1.000000000000000000, -0.0000000000000000000 ) ) ;
#1411 = DIRECTION ( 'NONE',  ( -0.0000000000000000000, 1.000000000000000000, -0.0000000000000000000 ) ) ;
#1412 = ORIENTED_EDGE ( 'NONE', *, *, #3162, .T. ) ;
#1413 = DIRECTION ( 'NONE',  ( -1.000000000000000000, 0.0000000000000000000, -0.0000000000000000000 ) ) ;
#1414 = EDGE_CURVE ( 'NONE', #2183, #4275, #3464, .T. ) ;
#1415 = CARTESIAN_POINT ( 'NONE',  ( 0.1379674688103071922, -0.03520000000000000212, -0.04999999999999999584 ) ) ;
#1416 = ORIENTED_EDGE ( 'NONE', *, *, #4050, .F. ) ;
#1417 = ORIENTED_EDGE ( 'NONE', *, *, #4358, .F. ) ;
#1418 = ADVANCED_FACE ( 'NONE', ( #483 ), #2846, .F. ) ;
#1419 = CARTESIAN_POINT ( 'NONE',  ( 0.4379674688103072366, 0.0000000000000000000, -0.07874000000000051791 ) ) ;
#1420 = ORIENTED_EDGE ( 'NONE', *, *, #1830, .F. ) ;
#1421 = EDGE_CURVE ( 'NONE', #577, #3676, #1148, .T. ) ;
#1422 = FACE_OUTER_BOUND ( 'NONE', #2190, .T. ) ;
#1423 = DIRECTION ( 'NONE',  ( -0.0000000000000000000, 1.000000000000000000, -0.0000000000000000000 ) ) ;
#1424 = ORIENTED_EDGE ( 'NONE', *, *, #3194, .T. ) ;
#1425 = DIRECTION ( 'NONE',  ( -0.0000000000000000000, 1.000000000000000000, -0.0000000000000000000 ) ) ;
#1426 = ORIENTED_EDGE ( 'NONE', *, *, #668, .T. ) ;
#1427 = CARTESIAN_POINT ( 'NONE',  ( 0.1999990000000001211, -0.1100000000000000006, -0.1999999999999999833 ) ) ;
#1428 = AXIS2_PLACEMENT_3D ( 'NONE', #4306, #2658, #3643 ) ;
#1429 = UNCERTAINTY_MEASURE_WITH_UNIT (LENGTH_MEASURE( 1.000000000000000082E-05 ), #212, 'distance_accuracy_value', 'NONE');
#1430 = MANIFOLD_SOLID_BREP ( 'Slot Pattern', #3814 ) ;
#1431 = DIRECTION ( 'NONE',  ( -0.0000000000000000000, 1.000000000000000000, -0.0000000000000000000 ) ) ;
#1432 = AXIS2_PLACEMENT_3D ( 'NONE', #4072, #998, #2679 ) ;
#1433 = CARTESIAN_POINT ( 'NONE',  ( 0.5879674688103072588, -0.1100000000000000006, -0.1842499999999999416 ) ) ;
#1434 = ORIENTED_EDGE ( 'NONE', *, *, #2051, .F. ) ;
#1435 = DIRECTION ( 'NONE',  ( 0.0000000000000000000, 0.0000000000000000000, 1.000000000000000000 ) ) ;
#1436 = LINE ( 'NONE', #3480, #1053 ) ;
#1437 = VERTEX_POINT ( 'NONE', #2467 ) ;
#1438 = ORIENTED_EDGE ( 'NONE', *, *, #2424, .T. ) ;
#1439 = CARTESIAN_POINT ( 'NONE',  ( 0.5379674688103072144, 0.0000000000000000000, -0.04999999999999999584 ) ) ;
#1440 = EDGE_CURVE ( 'NONE', #692, #581, #2198, .T. ) ;
#1441 = DIMENSIONAL_EXPONENTS ( 1.000000000000000000, 0.0000000000000000000, 0.0000000000000000000, 0.0000000000000000000, 0.0000000000000000000, 0.0000000000000000000, 0.0000000000000000000 ) ;
#1442 = CARTESIAN_POINT ( 'NONE',  ( 0.5879674688103072588, -0.1100000000000000006, -0.01575000000000000705 ) ) ;
#1443 = EDGE_CURVE ( 'NONE', #40, #3301, #3815, .T. ) ;
#1444 = ORIENTED_EDGE ( 'NONE', *, *, #3247, .F. ) ;
#1445 = EDGE_CURVE ( 'NONE', #3275, #1506, #700, .T. ) ;
#1446 = EDGE_CURVE ( 'NONE', #469, #3048, #3200, .T. ) ;
#1447 = DIRECTION ( 'NONE',  ( -0.0000000000000000000, 1.000000000000000000, -0.0000000000000000000 ) ) ;
#1448 = VERTEX_POINT ( 'NONE', #2489 ) ;
#1449 = DIRECTION ( 'NONE',  ( -0.0000000000000000000, 1.000000000000000000, -0.0000000000000000000 ) ) ;
#1450 = ORIENTED_EDGE ( 'NONE', *, *, #1581, .T. ) ;
#1451 = DIRECTION ( 'NONE',  ( 1.000000000000000000, 0.0000000000000000000, -0.0000000000000000000 ) ) ;
#1452 = VECTOR ( 'NONE', #3705, 39.37007874015748143 ) ;
#1453 = AXIS2_PLACEMENT_3D ( 'NONE', #730, #346, #363 ) ;
#1454 = CARTESIAN_POINT ( 'NONE',  ( 0.0000000000000000000, -0.1100000000000000006, 0.0000000000000000000 ) ) ;
#1455 = DIRECTION ( 'NONE',  ( -0.0000000000000000000, 1.000000000000000000, -0.0000000000000000000 ) ) ;
#1456 = AXIS2_PLACEMENT_3D ( 'NONE', #4326, #653, #3929 ) ;
#1457 = ORIENTED_EDGE ( 'NONE', *, *, #490, .F. ) ;
#1458 = AXIS2_PLACEMENT_3D ( 'NONE', #2897, #155, #587 ) ;
#1459 = LINE ( 'NONE', #2463, #2474 ) ;
#1460 = ORIENTED_EDGE ( 'NONE', *, *, #879, .T. ) ;
#1461 = DIRECTION ( 'NONE',  ( -0.9396926207859092051, 0.0000000000000000000, 0.3420201433256665480 ) ) ;
#1462 = CYLINDRICAL_SURFACE ( 'NONE', #3486, 0.02874000000000051860 ) ;
#1463 = COLOUR_RGB ( '',1.000000000000000000, 0.8039215686274510109, 0.4941176470588235503 ) ;
#1464 = FACE_OUTER_BOUND ( 'NONE', #697, .T. ) ;
#1465 = ORIENTED_EDGE ( 'NONE', *, *, #2028, .T. ) ;
#1466 = ADVANCED_FACE ( 'NONE', ( #81 ), #2766, .F. ) ;
#1467 = AXIS2_PLACEMENT_3D ( 'NONE', #800, #4105, #2133 ) ;
#1468 = FILL_AREA_STYLE_COLOUR ( '', #1896 ) ;
#1469 = FACE_OUTER_BOUND ( 'NONE', #3769, .T. ) ;
#1470 = CARTESIAN_POINT ( 'NONE',  ( 0.5379674688103072144, -0.1100000000000000006, -0.1499999999999999944 ) ) ;
#1471 = ORIENTED_EDGE ( 'NONE', *, *, #4009, .F. ) ;
#1472 = ADVANCED_FACE ( 'NONE', ( #1464 ), #3485, .T. ) ;
#1473 = LINE ( 'NONE', #2811, #390 ) ;
#1474 = EDGE_LOOP ( 'NONE', ( #3959, #1989, #1968, #1992 ) ) ;
#1475 = DIRECTION ( 'NONE',  ( -0.0000000000000000000, 0.0000000000000000000, 1.000000000000000000 ) ) ;
#1476 = AXIS2_PLACEMENT_3D ( 'NONE', #3395, #2982, #1060 ) ;
#1477 = EDGE_CURVE ( 'NONE', #755, #2821, #821, .T. ) ;
#1478 = AXIS2_PLACEMENT_3D ( 'NONE', #3875, #547, #233 ) ;
#1479 =( NAMED_UNIT ( * ) PLANE_ANGLE_UNIT ( ) SI_UNIT ( $, .RADIAN. ) );
#1480 = DIRECTION ( 'NONE',  ( -0.0000000000000000000, 1.000000000000000000, -0.0000000000000000000 ) ) ;
#1481 = CARTESIAN_POINT ( 'NONE',  ( 0.3942664688103074133, 0.0000000000000000000, -0.1842499999999996918 ) ) ;
#1482 = AXIS2_PLACEMENT_3D ( 'NONE', #2800, #1124, #452 ) ;
#1483 = LINE ( 'NONE', #2145, #1319 ) ;
#1484 = ORIENTED_EDGE ( 'NONE', *, *, #2715, .F. ) ;
#1485 = CARTESIAN_POINT ( 'NONE',  ( 0.0000000000000000000, 0.0000000000000000000, 0.0000000000000000000 ) ) ;
#1486 = ORIENTED_EDGE ( 'NONE', *, *, #2929, .T. ) ;
#1487 = DIRECTION ( 'NONE',  ( 0.3420201433256664370, -0.0000000000000000000, 0.9396926207859092051 ) ) ;
#1488 = DIRECTION ( 'NONE',  ( -0.0000000000000000000, 1.000000000000000000, -0.0000000000000000000 ) ) ;
#1489 = VERTEX_POINT ( 'NONE', #436 ) ;
#1490 = CARTESIAN_POINT ( 'NONE',  ( 0.5759349376206148730, -0.1100000000000000006, -0.2000000000000000111 ) ) ;
#1491 = ADVANCED_BREP_SHAPE_REPRESENTATION ( '', ( #1430, #1331 ), #758 ) ;
#1492 = DIRECTION ( 'NONE',  ( -1.000000000000000000, -0.0000000000000000000, -0.0000000000000000000 ) ) ;
#1493 = ORIENTED_EDGE ( 'NONE', *, *, #3129, .T. ) ;
#1494 = DIRECTION ( 'NONE',  ( -1.000000000000000000, -0.0000000000000000000, -0.0000000000000000000 ) ) ;
#1495 = ORIENTED_EDGE ( 'NONE', *, *, #1882, .T. ) ;
#1496 = DIRECTION ( 'NONE',  ( 0.0000000000000000000, 0.0000000000000000000, 1.000000000000000000 ) ) ;
#1497 = EDGE_CURVE ( 'NONE', #2536, #1856, #1804, .T. ) ;
#1498 = DIRECTION ( 'NONE',  ( -0.0000000000000000000, 1.000000000000000000, -0.0000000000000000000 ) ) ;
#1499 = ADVANCED_FACE ( 'NONE', ( #3977 ), #3246, .T. ) ;
#1500 = CARTESIAN_POINT ( 'NONE',  ( 0.2759359376206146353, 0.0000000000000000000, -0.1999999999999999833 ) ) ;
#1501 = CARTESIAN_POINT ( 'NONE',  ( 0.3759359376206146686, 0.0000000000000000000, -9.478001694819074349E-34 ) ) ;
#1502 = CYLINDRICAL_SURFACE ( 'NONE', #3989, 0.03740000000000053698 ) ;
#1503 = EDGE_CURVE ( 'NONE', #1173, #3027, #3786, .T. ) ;
#1504 = AXIS2_PLACEMENT_3D ( 'NONE', #4254, #1230, #2995 ) ;
#1505 = CARTESIAN_POINT ( 'NONE',  ( 0.4379674688103072366, 0.0000000000000000000, -0.1787400000000005096 ) ) ;
#1506 = VERTEX_POINT ( 'NONE', #2889 ) ;
#1507 = LINE ( 'NONE', #3903, #1679 ) ;
#1508 = CONICAL_SURFACE ( 'NONE', #4108, 0.02649999999999929495, 0.2617993877990257845 ) ;
#1509 =( LENGTH_UNIT ( ) NAMED_UNIT ( * ) SI_UNIT ( $, .METRE. ) );
#1510 = EDGE_LOOP ( 'NONE', ( #269, #4218 ) ) ;
#1511 = CARTESIAN_POINT ( 'NONE',  ( 0.0000000000000000000, 0.0000000000000000000, 0.03499999999999785227 ) ) ;
#1512 = CIRCLE ( 'NONE', #3980, 0.02874000000000051860 ) ;
#1513 = CYLINDRICAL_SURFACE ( 'NONE', #4093, 0.03740000000000053698 ) ;
#1514 = EDGE_LOOP ( 'NONE', ( #841, #4176, #3518, #2305 ) ) ;
#1515 = ORIENTED_EDGE ( 'NONE', *, *, #2676, .F. ) ;
#1516 = DIRECTION ( 'NONE',  ( -0.0000000000000000000, 1.000000000000000000, -0.0000000000000000000 ) ) ;
#1517 = PRODUCT_DEFINITION_SHAPE ( 'NONE', 'NONE',  #4369 ) ;
#1518 = DIRECTION ( 'NONE',  ( 0.3420201433256633283, 0.0000000000000000000, -0.9396926207859103153 ) ) ;
#1519 = CYLINDRICAL_SURFACE ( 'NONE', #3290, 0.02874000000000051860 ) ;
#1520 = ORIENTED_EDGE ( 'NONE', *, *, #1291, .T. ) ;
#1521 = PLANE ( 'NONE',  #3047 ) ;
#1522 = ADVANCED_FACE ( 'NONE', ( #3905 ), #4284, .F. ) ;
#1523 = CIRCLE ( 'NONE', #1741, 0.02800000000000000405 ) ;
#1524 = DIRECTION ( 'NONE',  ( -1.000000000000000000, -0.0000000000000000000, -0.0000000000000000000 ) ) ;
#1525 = ORIENTED_EDGE ( 'NONE', *, *, #3051, .T. ) ;
#1526 = EDGE_CURVE ( 'NONE', #1390, #532, #1915, .T. ) ;
#1527 = CIRCLE ( 'NONE', #816, 0.02874000000000051860 ) ;
#1528 = DIRECTION ( 'NONE',  ( 0.0000000000000000000, 0.0000000000000000000, 1.000000000000000000 ) ) ;
#1529 = CARTESIAN_POINT ( 'NONE',  ( 0.08166846881030742633, -0.1100000000000000006, -0.1842499999999996085 ) ) ;
#1530 = EDGE_CURVE ( 'NONE', #3928, #291, #554, .T. ) ;
#1531 = AXIS2_PLACEMENT_3D ( 'NONE', #2225, #2254, #1561 ) ;
#1532 = DIRECTION ( 'NONE',  ( -0.0000000000000000000, 1.000000000000000000, -0.0000000000000000000 ) ) ;
#1533 = ORIENTED_EDGE ( 'NONE', *, *, #2375, .T. ) ;
#1534 = ORIENTED_EDGE ( 'NONE', *, *, #75, .F. ) ;
#1535 = STYLED_ITEM ( 'NONE', ( #420 ), #4329 ) ;
#1536 = FACE_BOUND ( 'NONE', #4101, .T. ) ;
#1537 = DIRECTION ( 'NONE',  ( 0.0000000000000000000, 0.0000000000000000000, 1.000000000000000000 ) ) ;
#1538 = AXIS2_PLACEMENT_3D ( 'NONE', #3697, #336, #1786 ) ;
#1539 = DIRECTION ( 'NONE',  ( -0.0000000000000000000, 1.000000000000000000, -0.0000000000000000000 ) ) ;
#1540 = ORIENTED_EDGE ( 'NONE', *, *, #306, .F. ) ;
#1541 = DIRECTION ( 'NONE',  ( -0.0000000000000000000, 1.000000000000000000, -0.0000000000000000000 ) ) ;
#1542 = CARTESIAN_POINT ( 'NONE',  ( -0.01203253118969264436, 0.0000000000000000000, -0.01574999999999999664 ) ) ;
#1543 = LINE ( 'NONE', #4231, #1749 ) ;
#1544 = ORIENTED_EDGE ( 'NONE', *, *, #75, .T. ) ;
#1545 = DIRECTION ( 'NONE',  ( 0.0000000000000000000, 0.0000000000000000000, 1.000000000000000000 ) ) ;
#1546 = AXIS2_PLACEMENT_3D ( 'NONE', #4204, #2231, #3501 ) ;
#1547 = LINE ( 'NONE', #1907, #3848 ) ;
#1548 = CARTESIAN_POINT ( 'NONE',  ( 0.1999990000000001211, -0.1100000000000000006, -0.1999999999999999833 ) ) ;
#1549 = ORIENTED_EDGE ( 'NONE', *, *, #3055, .T. ) ;
#1550 = CIRCLE ( 'NONE', #2462, 0.03740000000000053004 ) ;
#1551 =( NAMED_UNIT ( * ) PLANE_ANGLE_UNIT ( ) SI_UNIT ( $, .RADIAN. ) );
#1552 = DIRECTION ( 'NONE',  ( -0.0000000000000000000, 1.000000000000000000, -0.0000000000000000000 ) ) ;
#1553 = CARTESIAN_POINT ( 'NONE',  ( -0.01203253118969264436, -0.1100000000000000006, -0.01574999999999999664 ) ) ;
#1554 = EDGE_CURVE ( 'NONE', #599, #3838, #908, .T. ) ;
#1555 = AXIS2_PLACEMENT_3D ( 'NONE', #3510, #2466, #2764 ) ;
#1556 = DIRECTION ( 'NONE',  ( -1.000000000000000000, -0.0000000000000000000, -0.0000000000000000000 ) ) ;
#1557 = ADVANCED_FACE ( 'NONE', ( #3958 ), #1577, .F. ) ;
#1558 = VERTEX_POINT ( 'NONE', #4260 ) ;
#1559 = EDGE_LOOP ( 'NONE', ( #3525, #4360, #400, #2432 ) ) ;
#1560 = CARTESIAN_POINT ( 'NONE',  ( 0.3379674688103072033, 0.0000000000000000000, -0.1499999999999999944 ) ) ;
#1561 = DIRECTION ( 'NONE',  ( -1.000000000000000000, 0.0000000000000000000, 6.522075230939960446E-16 ) ) ;
#1562 = EDGE_CURVE ( 'NONE', #3984, #2073, #332, .T. ) ;
#1563 = ORIENTED_EDGE ( 'NONE', *, *, #2272, .T. ) ;
#1564 = DIRECTION ( 'NONE',  ( 1.000000000000000000, 0.0000000000000000000, 0.0000000000000000000 ) ) ;
#1565 = APPLICATION_PROTOCOL_DEFINITION ( 'draft international standard', 'automotive_design', 1998, #3426 ) ;
#1566 = DIRECTION ( 'NONE',  ( 0.0000000000000000000, 0.0000000000000000000, 1.000000000000000000 ) ) ;
#1567 = CARTESIAN_POINT ( 'NONE',  ( 0.0000000000000000000, 0.0000000000000000000, 0.0000000000000000000 ) ) ;
#1568 = AXIS2_PLACEMENT_3D ( 'NONE', #24, #2728, #9 ) ;
#1569 = ORIENTED_EDGE ( 'NONE', *, *, #768, .F. ) ;
#1570 = PLANE ( 'NONE',  #1504 ) ;
#1571 = DIRECTION ( 'NONE',  ( -0.0000000000000000000, 1.000000000000000000, -0.0000000000000000000 ) ) ;
#1572 = ORIENTED_EDGE ( 'NONE', *, *, #578, .T. ) ;
#1573 = DIRECTION ( 'NONE',  ( -0.0000000000000000000, 1.000000000000000000, -0.0000000000000000000 ) ) ;
#1574 = LINE ( 'NONE', #236, #1958 ) ;
#1575 = VERTEX_POINT ( 'NONE', #3556 ) ;
#1576 = AXIS2_PLACEMENT_3D ( 'NONE', #1728, #3056, #1384 ) ;
#1577 = CYLINDRICAL_SURFACE ( 'NONE', #473, 0.03740000000000053698 ) ;
#1578 = ORIENTED_EDGE ( 'NONE', *, *, #2054, .T. ) ;
#1579 = DIRECTION ( 'NONE',  ( -1.000000000000000000, 0.0000000000000000000, -0.0000000000000000000 ) ) ;
#1580 = ORIENTED_EDGE ( 'NONE', *, *, #3114, .T. ) ;
#1581 = EDGE_CURVE ( 'NONE', #692, #4344, #2274, .T. ) ;
#1582 = ADVANCED_FACE ( 'NONE', ( #1240 ), #604, .T. ) ;
#1583 = AXIS2_PLACEMENT_3D ( 'NONE', #3824, #2161, #3498 ) ;
#1584 = LINE ( 'NONE', #244, #2324 ) ;
#1585 = ORIENTED_EDGE ( 'NONE', *, *, #2951, .T. ) ;
#1586 = DIRECTION ( 'NONE',  ( -0.0000000000000000000, 1.000000000000000000, -0.0000000000000000000 ) ) ;
#1587 = CARTESIAN_POINT ( 'NONE',  ( 0.2816684688103074374, 0.0000000000000000000, -0.01574999999999998623 ) ) ;
#1588 = EDGE_CURVE ( 'NONE', #1295, #3728, #2468, .T. ) ;
#1589 = CONTEXT_DEPENDENT_SHAPE_REPRESENTATION ( #1328, #3986 ) ;
#1590 = PLANE ( 'NONE',  #4073 ) ;
#1591 = AXIS2_PLACEMENT_3D ( 'NONE', #419, #85, #2788 ) ;
#1592 = ORIENTED_EDGE ( 'NONE', *, *, #280, .F. ) ;
#1593 = DIRECTION ( 'NONE',  ( -0.0000000000000000000, 1.000000000000000000, -0.0000000000000000000 ) ) ;
#1594 = CARTESIAN_POINT ( 'NONE',  ( 0.0000000000000000000, 0.0000000000000000000, 0.0000000000000000000 ) ) ;
#1595 = FACE_OUTER_BOUND ( 'NONE', #4113, .T. ) ;
#1596 = ORIENTED_EDGE ( 'NONE', *, *, #2988, .T. ) ;
#1597 = CARTESIAN_POINT ( 'NONE',  ( 0.3379674688103072033, 1.224646799147263287E-20, -0.1125999999999994644 ) ) ;
#1598 = VECTOR ( 'NONE', #3083, 39.37007874015748143 ) ;
#1599 = LINE ( 'NONE', #887, #608 ) ;
#1600 = CARTESIAN_POINT ( 'NONE',  ( 0.1942664688103074300, -0.1100000000000000006, -0.1842499999999996918 ) ) ;
#1601 = AXIS2_PLACEMENT_3D ( 'NONE', #2316, #914, #3645 ) ;
#1602 = ORIENTED_EDGE ( 'NONE', *, *, #789, .T. ) ;
#1603 = CARTESIAN_POINT ( 'NONE',  ( 0.1999990000000001211, -0.1100000000000000006, 0.0000000000000000000 ) ) ;
#1604 = ORIENTED_EDGE ( 'NONE', *, *, #2560, .F. ) ;
#1605 = AXIS2_PLACEMENT_3D ( 'NONE', #1320, #389, #733 ) ;
#1606 = DIRECTION ( 'NONE',  ( 1.000000000000000000, 0.0000000000000000000, 0.0000000000000000000 ) ) ;
#1607 = LINE ( 'NONE', #2576, #3496 ) ;
#1608 = VERTEX_POINT ( 'NONE', #3605 ) ;
#1609 = DIRECTION ( 'NONE',  ( 0.3420201433256665480, -0.0000000000000000000, 0.9396926207859092051 ) ) ;
#1610 = ORIENTED_EDGE ( 'NONE', *, *, #1369, .F. ) ;
#1611 = LENGTH_MEASURE_WITH_UNIT ( LENGTH_MEASURE( 0.02539999999999999897 ), #3677 );
#1612 = DIRECTION ( 'NONE',  ( 0.0000000000000000000, 0.0000000000000000000, 1.000000000000000000 ) ) ;
#1613 = AXIS2_PLACEMENT_3D ( 'NONE', #2946, #2607, #1227 ) ;
#1614 = DIRECTION ( 'NONE',  ( 0.0000000000000000000, -1.000000000000000000, 0.0000000000000000000 ) ) ;
#1615 = EDGE_CURVE ( 'NONE', #1856, #1070, #1293, .T. ) ;
#1616 = FACE_OUTER_BOUND ( 'NONE', #3700, .T. ) ;
#1617 = VERTEX_POINT ( 'NONE', #1990 ) ;
#1618 = EDGE_CURVE ( 'NONE', #2774, #329, #3657, .T. ) ;
#1619 = CARTESIAN_POINT ( 'NONE',  ( 0.5379674688103072144, 0.0000000000000000000, -0.04999999999999999584 ) ) ;
#1620 = CARTESIAN_POINT ( 'NONE',  ( 0.4942664688103074466, -0.1100000000000000006, -0.01574999999999998623 ) ) ;
#1621 = AXIS2_PLACEMENT_3D ( 'NONE', #3625, #3318, #1961 ) ;
#1622 = CARTESIAN_POINT ( 'NONE',  ( 0.1816684688103074319, -0.1100000000000000006, -0.1842499999999996085 ) ) ;
#1623 = ORIENTED_EDGE ( 'NONE', *, *, #3608, .F. ) ;
#1624 = FACE_OUTER_BOUND ( 'NONE', #3494, .T. ) ;
#1625 = DIRECTION ( 'NONE',  ( 0.0000000000000000000, 0.0000000000000000000, 1.000000000000000000 ) ) ;
#1626 = ORIENTED_EDGE ( 'NONE', *, *, #1040, .T. ) ;
#1627 = DIRECTION ( 'NONE',  ( -0.9396926207859095381, 0.0000000000000000000, -0.3420201433256654933 ) ) ;
#1628 = VECTOR ( 'NONE', #650, 39.37007874015748143 ) ;
#1629 = VERTEX_POINT ( 'NONE', #2961 ) ;
#1630 = LINE ( 'NONE', #2643, #3193 ) ;
#1631 = ORIENTED_EDGE ( 'NONE', *, *, #1729, .F. ) ;
#1632 = AXIS2_PLACEMENT_3D ( 'NONE', #3343, #716, #21 ) ;
#1633 = DIRECTION ( 'NONE',  ( 0.0000000000000000000, 1.000000000000000000, 0.0000000000000000000 ) ) ;
#1634 = ORIENTED_EDGE ( 'NONE', *, *, #2698, .F. ) ;
#1635 = ITEM_DEFINED_TRANSFORMATION ( 'NONE', 'NONE', #3716,  #1331 ) ;
#1636 = PRODUCT ( 'P4XX-21-010-00-000000_P412-21-010-00-000000', 'P4XX-21-010-00-000000_P412-21-010-00-000000', '', ( #296 ) ) ;
#1637 = DIRECTION ( 'NONE',  ( 0.0000000000000000000, 0.0000000000000000000, 1.000000000000000000 ) ) ;
#1638 =( REPRESENTATION_RELATIONSHIP ('NONE','NONE', #1388, #951 ) REPRESENTATION_RELATIONSHIP_WITH_TRANSFORMATION ( #3097 )SHAPE_REPRESENTATION_RELATIONSHIP( ) );
#1639 = PLANE ( 'NONE',  #1103 ) ;
#1640 = VERTEX_POINT ( 'NONE', #4311 ) ;
#1641 = FACE_OUTER_BOUND ( 'NONE', #3181, .T. ) ;
#1642 = EDGE_CURVE ( 'NONE', #33, #1278, #50, .T. ) ;
#1643 = EDGE_CURVE ( 'NONE', #3761, #224, #2945, .T. ) ;
#1644 = CARTESIAN_POINT ( 'NONE',  ( 0.1649999999999989253, 0.0000000000000000000, 0.01849999999999981520 ) ) ;
#1645 = EDGE_LOOP ( 'NONE', ( #785, #991, #1338, #242 ) ) ;
#1646 = VECTOR ( 'NONE', #3366, 39.37007874015748143 ) ;
#1647 = DIRECTION ( 'NONE',  ( -0.3420201433256694346, -0.0000000000000000000, -0.9396926207859080948 ) ) ;
#1648 = CARTESIAN_POINT ( 'NONE',  ( 0.1379674688103071922, -0.03520000000000000212, -0.04999999999999999584 ) ) ;
#1649 = ORIENTED_EDGE ( 'NONE', *, *, #1110, .F. ) ;
#1650 = ADVANCED_FACE ( 'NONE', ( #2551 ), #3881, .F. ) ;
#1651 = DIRECTION ( 'NONE',  ( -0.3420201433256694346, -0.0000000000000000000, -0.9396926207859080948 ) ) ;
#1652 = ORIENTED_EDGE ( 'NONE', *, *, #4103, .F. ) ;
#1653 = CARTESIAN_POINT ( 'NONE',  ( 0.4816684688103073930, 0.0000000000000000000, -0.01574999999999998623 ) ) ;
#1654 = ORIENTED_EDGE ( 'NONE', *, *, #3135, .F. ) ;
#1655 = DIRECTION ( 'NONE',  ( 0.0000000000000000000, 0.0000000000000000000, 1.000000000000000000 ) ) ;
#1656 = AXIS2_PLACEMENT_3D ( 'NONE', #321, #1710, #345 ) ;
#1657 = CARTESIAN_POINT ( 'NONE',  ( 0.3379674688103072033, 1.224646799147263287E-20, -0.04999999999999999584 ) ) ;
#1658 = ORIENTED_EDGE ( 'NONE', *, *, #3247, .T. ) ;
#1659 = AXIS2_PLACEMENT_3D ( 'NONE', #70, #3122, #4182 ) ;
#1660 = AXIS2_PLACEMENT_3D ( 'NONE', #2435, #2476, #3763 ) ;
#1661 = DIRECTION ( 'NONE',  ( -0.0000000000000000000, 1.000000000000000000, -0.0000000000000000000 ) ) ;
#1662 = FACE_OUTER_BOUND ( 'NONE', #2871, .T. ) ;
#1663 = ORIENTED_EDGE ( 'NONE', *, *, #1672, .T. ) ;
#1664 = LINE ( 'NONE', #2334, #2019 ) ;
#1665 = DIRECTION ( 'NONE',  ( -0.0000000000000000000, 1.000000000000000000, -0.0000000000000000000 ) ) ;
#1666 = FACE_BOUND ( 'NONE', #4316, .T. ) ;
#1667 = EDGE_CURVE ( 'NONE', #3528, #2300, #2013, .T. ) ;
#1668 = CARTESIAN_POINT ( 'NONE',  ( 0.1816684688103074041, -0.1100000000000000006, -0.01574999999999998623 ) ) ;
#1669 = LINE ( 'NONE', #3974, #3944 ) ;
#1670 = ORIENTED_EDGE ( 'NONE', *, *, #1672, .F. ) ;
#1671 = FACE_OUTER_BOUND ( 'NONE', #4253, .T. ) ;
#1672 = EDGE_CURVE ( 'NONE', #3595, #4193, #3019, .T. ) ;
#1673 = ORIENTED_EDGE ( 'NONE', *, *, #1391, .F. ) ;
#1674 = EDGE_CURVE ( 'NONE', #2774, #2366, #2115, .T. ) ;
#1675 = DIRECTION ( 'NONE',  ( 0.0000000000000000000, 0.0000000000000000000, 1.000000000000000000 ) ) ;
#1676 = AXIS2_PLACEMENT_3D ( 'NONE', #214, #2197, #504 ) ;
#1677 = CARTESIAN_POINT ( 'NONE',  ( 0.1816684688103074041, -0.1100000000000000006, -0.01574999999999998623 ) ) ;
#1678 = ORIENTED_EDGE ( 'NONE', *, *, #1643, .F. ) ;
#1679 = VECTOR ( 'NONE', #2151, 39.37007874015748143 ) ;
#1680 = FACE_OUTER_BOUND ( 'NONE', #3816, .T. ) ;
#1681 = VECTOR ( 'NONE', #1207, 39.37007874015748143 ) ;
#1682 = LINE ( 'NONE', #4319, #2247 ) ;
#1683 = VERTEX_POINT ( 'NONE', #4037 ) ;
#1684 = CARTESIAN_POINT ( 'NONE',  ( 0.1379674688103071922, -0.1100000000000000006, -0.1212599999999994932 ) ) ;
#1685 = CARTESIAN_POINT ( 'NONE',  ( 0.2800000000000003042, 0.0000000000000000000, 0.009999999999999073866 ) ) ;
#1686 = CARTESIAN_POINT ( 'NONE',  ( 0.2800000000000003042, -1.092739197465705287E-15, 0.0000000000000000000 ) ) ;
#1687 = EDGE_LOOP ( 'NONE', ( #506, #3450, #1217, #2886 ) ) ;
#1688 = CARTESIAN_POINT ( 'NONE',  ( 0.2942664688103074355, 0.0000000000000000000, -0.01574999999999998623 ) ) ;
#1689 = DIRECTION ( 'NONE',  ( 0.0000000000000000000, 0.0000000000000000000, 1.000000000000000000 ) ) ;
#1690 = DIRECTION ( 'NONE',  ( 0.9396926207859104263, 0.0000000000000000000, 0.3420201433256633838 ) ) ;
#1691 = ORIENTED_EDGE ( 'NONE', *, *, #2698, .T. ) ;
#1692 = ORIENTED_EDGE ( 'NONE', *, *, #916, .T. ) ;
#1693 = CARTESIAN_POINT ( 'NONE',  ( 0.2816684688103074374, -0.1100000000000000006, -0.01574999999999998623 ) ) ;
#1694 = EDGE_CURVE ( 'NONE', #4100, #2372, #2088, .T. ) ;
#1695 = VECTOR ( 'NONE', #947, 39.37007874015748143 ) ;
#1696 = ADVANCED_FACE ( 'NONE', ( #3339 ), #1393, .F. ) ;
#1697 =( LENGTH_UNIT ( ) NAMED_UNIT ( * ) SI_UNIT ( $, .METRE. ) );
#1698 = ORIENTED_EDGE ( 'NONE', *, *, #912, .F. ) ;
#1699 = ORIENTED_EDGE ( 'NONE', *, *, #3332, .F. ) ;
#1700 = FILL_AREA_STYLE ('',( #2691 ) ) ;
#1701 = VECTOR ( 'NONE', #1948, 39.37007874015748854 ) ;
#1702 = ADVANCED_FACE ( 'NONE', ( #1373, #1712 ), #3041, .F. ) ;
#1703 = CONTEXT_DEPENDENT_SHAPE_REPRESENTATION ( #2016, #3323 ) ;
#1704 = EDGE_CURVE ( 'NONE', #437, #1448, #3024, .T. ) ;
#1705 = DIRECTION ( 'NONE',  ( 0.0000000000000000000, -1.000000000000000000, 0.0000000000000000000 ) ) ;
#1706 = LINE ( 'NONE', #2431, #143 ) ;
#1707 = FACE_OUTER_BOUND ( 'NONE', #3226, .T. ) ;
#1708 = EDGE_LOOP ( 'NONE', ( #2087, #1833, #95, #2526 ) ) ;
#1709 = CYLINDRICAL_SURFACE ( 'NONE', #2639, 0.02874000000000051860 ) ;
#1710 = DIRECTION ( 'NONE',  ( -0.0000000000000000000, 1.000000000000000000, -0.0000000000000000000 ) ) ;
#1711 = ORIENTED_EDGE ( 'NONE', *, *, #1503, .F. ) ;
#1712 = FACE_OUTER_BOUND ( 'NONE', #4078, .T. ) ;
#1713 = DIRECTION ( 'NONE',  ( 0.3420201433256636059, 0.0000000000000000000, -0.9396926207859100932 ) ) ;
#1714 = ORIENTED_EDGE ( 'NONE', *, *, #4032, .F. ) ;
#1715 = ORIENTED_EDGE ( 'NONE', *, *, #3733, .T. ) ;
#1716 = VECTOR ( 'NONE', #2201, 39.37007874015748143 ) ;
#1717 = CARTESIAN_POINT ( 'NONE',  ( 0.3999990000000001600, 0.0000000000000000000, -0.1999999999999999833 ) ) ;
#1718 = ORIENTED_EDGE ( 'NONE', *, *, #2204, .T. ) ;
#1719 = CARTESIAN_POINT ( 'NONE',  ( 0.02999999999999886091, 0.0000000000000000000, 0.02800000000000000405 ) ) ;
#1720 = EDGE_CURVE ( 'NONE', #889, #1114, #1260, .T. ) ;
#1721 = CONTEXT_DEPENDENT_SHAPE_REPRESENTATION ( #1401, #2350 ) ;
#1722 = DIRECTION ( 'NONE',  ( 0.0000000000000000000, -0.0000000000000000000, -1.000000000000000000 ) ) ;
#1723 = CIRCLE ( 'NONE', #508, 0.02874000000000051860 ) ;
#1724 = DIRECTION ( 'NONE',  ( -0.0000000000000000000, 1.000000000000000000, -0.0000000000000000000 ) ) ;
#1725 = EDGE_CURVE ( 'NONE', #2994, #532, #2739, .T. ) ;
#1726 = CARTESIAN_POINT ( 'NONE',  ( 0.3942664688103074133, 0.0000000000000000000, -0.1842499999999996918 ) ) ;
#1727 = ORIENTED_EDGE ( 'NONE', *, *, #2450, .F. ) ;
#1728 = CARTESIAN_POINT ( 'NONE',  ( 0.3942664688103074133, -0.1100000000000000006, -0.01574999999999998623 ) ) ;
#1729 = EDGE_CURVE ( 'NONE', #2363, #715, #919, .T. ) ;
#1730 = CIRCLE ( 'NONE', #4173, 0.02874000000000051860 ) ;
#1731 = LINE ( 'NONE', #1490, #1752 ) ;
#1732 = CARTESIAN_POINT ( 'NONE',  ( 0.1759359376206146575, 0.0000000000000000000, -9.478001694819074349E-34 ) ) ;
#1733 = VERTEX_POINT ( 'NONE', #17 ) ;
#1734 = LINE ( 'NONE', #3003, #986 ) ;
#1735 = CARTESIAN_POINT ( 'NONE',  ( 0.5759349376206148730, -0.1100000000000000006, -0.2000000000000000111 ) ) ;
#1736 = EDGE_LOOP ( 'NONE', ( #702, #1308 ) ) ;
#1737 = ORIENTED_EDGE ( 'NONE', *, *, #1344, .F. ) ;
#1738 = DIRECTION ( 'NONE',  ( 0.0000000000000000000, 0.0000000000000000000, 1.000000000000000000 ) ) ;
#1739 = ORIENTED_EDGE ( 'NONE', *, *, #4109, .T. ) ;
#1740 = AXIS2_PLACEMENT_3D ( 'NONE', #2412, #1447, #2080 ) ;
#1741 = AXIS2_PLACEMENT_3D ( 'NONE', #2717, #4095, #544 ) ;
#1742 =( NAMED_UNIT ( * ) SI_UNIT ( $, .STERADIAN. ) SOLID_ANGLE_UNIT ( ) );
#1743 = DIRECTION ( 'NONE',  ( 1.000000000000000000, 0.0000000000000000000, -5.421193827719211569E-15 ) ) ;
#1744 = CYLINDRICAL_SURFACE ( 'NONE', #2301, 0.02874000000000052207 ) ;
#1745 = AXIS2_PLACEMENT_3D ( 'NONE', #455, #817, #1528 ) ;
#1746 = ORIENTED_EDGE ( 'NONE', *, *, #2746, .T. ) ;
#1747 = CYLINDRICAL_SURFACE ( 'NONE', #1363, 0.03740000000000053698 ) ;
#1748 = EDGE_CURVE ( 'NONE', #72, #3309, #4145, .T. ) ;
#1749 = VECTOR ( 'NONE', #139, 39.37007874015748143 ) ;
#1750 = EDGE_CURVE ( 'NONE', #1448, #109, #835, .T. ) ;
#1751 = DIRECTION ( 'NONE',  ( -0.0000000000000000000, 1.000000000000000000, -0.0000000000000000000 ) ) ;
#1752 = VECTOR ( 'NONE', #509, 39.37007874015748143 ) ;
#1753 = DIRECTION ( 'NONE',  ( -0.9396926207859092051, 0.0000000000000000000, 0.3420201433256665480 ) ) ;
#1754 = ORIENTED_EDGE ( 'NONE', *, *, #194, .T. ) ;
#1755 = AXIS2_PLACEMENT_3D ( 'NONE', #2308, #1281, #3590 ) ;
#1756 = CARTESIAN_POINT ( 'NONE',  ( 0.3379674688103072033, -0.03520000000000000212, -0.08740000000000051894 ) ) ;
#1757 = LINE ( 'NONE', #3417, #3574 ) ;
#1758 = DIRECTION ( 'NONE',  ( -0.3420201433256720991, 0.0000000000000000000, 0.9396926207859070956 ) ) ;
#1759 = VERTEX_POINT ( 'NONE', #3690 ) ;
#1760 = ORIENTED_EDGE ( 'NONE', *, *, #3629, .F. ) ;
#1761 = CARTESIAN_POINT ( 'NONE',  ( 0.1999990000000001211, 0.0000000000000000000, -0.1999999999999999833 ) ) ;
#1762 = ORIENTED_EDGE ( 'NONE', *, *, #3005, .F. ) ;
#1763 = CIRCLE ( 'NONE', #4216, 0.03740000000000053004 ) ;
#1764 = CARTESIAN_POINT ( 'NONE',  ( 0.09426646881030741054, 0.0000000000000000000, -0.1842499999999996918 ) ) ;
#1765 = DIRECTION ( 'NONE',  ( -0.0000000000000000000, 1.000000000000000000, -0.0000000000000000000 ) ) ;
#1766 = LINE ( 'NONE', #3099, #2169 ) ;
#1767 = ORIENTED_EDGE ( 'NONE', *, *, #3310, .T. ) ;
#1768 = VECTOR ( 'NONE', #3927, 39.37007874015748143 ) ;
#1769 = ORIENTED_EDGE ( 'NONE', *, *, #2835, .T. ) ;
#1770 = PLANE ( 'NONE',  #152 ) ;
#1771 = VECTOR ( 'NONE', #3067, 39.37007874015748143 ) ;
#1772 = FACE_BOUND ( 'NONE', #396, .T. ) ;
#1773 = EDGE_CURVE ( 'NONE', #2364, #1144, #2805, .T. ) ;
#1774 = LINE ( 'NONE', #4077, #2999 ) ;
#1775 = EDGE_CURVE ( 'NONE', #4020, #1489, #1022, .T. ) ;
#1776 = ORIENTED_EDGE ( 'NONE', *, *, #907, .F. ) ;
#1777 = CARTESIAN_POINT ( 'NONE',  ( 0.2379674688103072255, 0.0000000000000000000, -0.1125999999999994644 ) ) ;
#1778 = EDGE_LOOP ( 'NONE', ( #4047, #3217 ) ) ;
#1779 = ORIENTED_EDGE ( 'NONE', *, *, #464, .F. ) ;
#1780 = EDGE_CURVE ( 'NONE', #4226, #2183, #3999, .T. ) ;
#1781 = CARTESIAN_POINT ( 'NONE',  ( 0.3816684688103073597, -0.1100000000000000006, -0.01574999999999998623 ) ) ;
#1782 = EDGE_CURVE ( 'NONE', #2784, #629, #1044, .T. ) ;
#1783 = DIRECTION ( 'NONE',  ( -0.0000000000000000000, 1.000000000000000000, -0.0000000000000000000 ) ) ;
#1784 = AXIS2_PLACEMENT_3D ( 'NONE', #4131, #2511, #486 ) ;
#1785 = ORIENTED_EDGE ( 'NONE', *, *, #2030, .F. ) ;
#1786 = DIRECTION ( 'NONE',  ( 0.0000000000000000000, -1.000000000000000000, 0.0000000000000000000 ) ) ;
#1787 = CARTESIAN_POINT ( 'NONE',  ( 0.2379674688103072255, -0.03520000000000000212, -0.07874000000000051791 ) ) ;
#1788 = FILL_AREA_STYLE_COLOUR ( '', #3294 ) ;
#1789 = DIMENSIONAL_EXPONENTS ( 1.000000000000000000, 0.0000000000000000000, 0.0000000000000000000, 0.0000000000000000000, 0.0000000000000000000, 0.0000000000000000000, 0.0000000000000000000 ) ;
#1790 = EDGE_LOOP ( 'NONE', ( #3380, #1416, #956, #1378 ) ) ;
#1791 = DIRECTION ( 'NONE',  ( 0.3420201433256633283, 0.0000000000000000000, -0.9396926207859103153 ) ) ;
#1792 = ORIENTED_EDGE ( 'NONE', *, *, #1891, .T. ) ;
#1793 = DIRECTION ( 'NONE',  ( -0.0000000000000000000, 1.000000000000000000, -0.0000000000000000000 ) ) ;
#1794 = FACE_OUTER_BOUND ( 'NONE', #603, .T. ) ;
#1795 = AXIS2_PLACEMENT_3D ( 'NONE', #162, #1431, #141 ) ;
#1796 = CARTESIAN_POINT ( 'NONE',  ( 0.0000000000000000000, 0.0000000000000000000, 0.0000000000000000000 ) ) ;
#1797 = ORIENTED_EDGE ( 'NONE', *, *, #4085, .T. ) ;
#1798 = VECTOR ( 'NONE', #3562, 39.37007874015748143 ) ;
#1799 = DIRECTION ( 'NONE',  ( 1.000000000000000000, 0.0000000000000000000, 0.0000000000000000000 ) ) ;
#1800 = EDGE_CURVE ( 'NONE', #3183, #2200, #1734, .T. ) ;
#1801 = EDGE_LOOP ( 'NONE', ( #3715, #245, #1520, #444 ) ) ;
#1802 = FACE_OUTER_BOUND ( 'NONE', #1242, .T. ) ;
#1803 = ADVANCED_FACE ( 'NONE', ( #1671 ), #3061, .F. ) ;
#1804 = LINE ( 'NONE', #2783, #4210 ) ;
#1805 = EDGE_CURVE ( 'NONE', #3017, #220, #1081, .T. ) ;
#1806 = VERTEX_POINT ( 'NONE', #2854 ) ;
#1807 = DIRECTION ( 'NONE',  ( 0.9396926207859080948, 0.0000000000000000000, -0.3420201433256695456 ) ) ;
#1808 = FACE_BOUND ( 'NONE', #3707, .T. ) ;
#1809 = DIRECTION ( 'NONE',  ( -0.0000000000000000000, 1.000000000000000000, -0.0000000000000000000 ) ) ;
#1810 = EDGE_LOOP ( 'NONE', ( #373, #3321, #2642, #1994 ) ) ;
#1811 = PLANE ( 'NONE',  #178 ) ;
#1812 = EDGE_LOOP ( 'NONE', ( #1515, #1112, #318, #673 ) ) ;
#1813 = CARTESIAN_POINT ( 'NONE',  ( 0.2800000000000003042, 1.224646799147247843E-18, -0.009999999999999073866 ) ) ;
#1814 = CIRCLE ( 'NONE', #749, 0.01000000000000016674 ) ;
#1815 = AXIS2_PLACEMENT_3D ( 'NONE', #2393, #2730, #1350 ) ;
#1816 = CARTESIAN_POINT ( 'NONE',  ( 0.5379674688103072144, 1.224646799147263287E-20, -0.01259999999999946926 ) ) ;
#1817 = FACE_BOUND ( 'NONE', #2781, .T. ) ;
#1818 = FACE_OUTER_BOUND ( 'NONE', #2603, .T. ) ;
#1819 = AXIS2_PLACEMENT_3D ( 'NONE', #2625, #488, #1854 ) ;
#1820 = VERTEX_POINT ( 'NONE', #471 ) ;
#1821 = CARTESIAN_POINT ( 'NONE',  ( 0.5759349376206148730, -0.1100000000000000006, -0.2000000000000000111 ) ) ;
#1822 = ORIENTED_EDGE ( 'NONE', *, *, #2154, .T. ) ;
#1823 = CARTESIAN_POINT ( 'NONE',  ( 0.08166846881030742633, 0.0000000000000000000, -0.1842499999999996085 ) ) ;
#1824 = LINE ( 'NONE', #3152, #3354 ) ;
#1825 = AXIS2_PLACEMENT_3D ( 'NONE', #566, #2629, #927 ) ;
#1826 = CARTESIAN_POINT ( 'NONE',  ( 0.5379674688103072144, 0.0000000000000000000, -0.1212599999999994932 ) ) ;
#1827 = ORIENTED_EDGE ( 'NONE', *, *, #2060, .F. ) ;
#1828 = AXIS2_PLACEMENT_3D ( 'NONE', #3877, #885, #2292 ) ;
#1829 = ADVANCED_FACE ( 'NONE', ( #495 ), #901, .F. ) ;
#1830 = EDGE_CURVE ( 'NONE', #3205, #83, #3209, .T. ) ;
#1831 = AXIS2_PLACEMENT_3D ( 'NONE', #288, #2401, #4330 ) ;
#1832 = PLANE ( 'NONE',  #3329 ) ;
#1833 = ORIENTED_EDGE ( 'NONE', *, *, #4164, .T. ) ;
#1834 = LINE ( 'NONE', #2790, #3840 ) ;
#1835 = VERTEX_POINT ( 'NONE', #4251 ) ;
#1836 = DIRECTION ( 'NONE',  ( 0.0000000000000000000, 0.0000000000000000000, 1.000000000000000000 ) ) ;
#1837 = VECTOR ( 'NONE', #2652, 39.37007874015748143 ) ;
#1838 = EDGE_CURVE ( 'NONE', #2426, #1365, #341, .T. ) ;
#1839 = AXIS2_PLACEMENT_3D ( 'NONE', #4060, #1690, #2920 ) ;
#1840 = DIRECTION ( 'NONE',  ( 0.0000000000000000000, 0.0000000000000000000, 1.000000000000000000 ) ) ;
#1841 = DIRECTION ( 'NONE',  ( 0.0000000000000000000, 0.0000000000000000000, 1.000000000000000000 ) ) ;
#1842 = DIRECTION ( 'NONE',  ( 0.0000000000000000000, 0.0000000000000000000, 1.000000000000000000 ) ) ;
#1843 = CIRCLE ( 'NONE', #482, 0.02874000000000052554 ) ;
#1844 = DIRECTION ( 'NONE',  ( -0.0000000000000000000, 1.000000000000000000, -0.0000000000000000000 ) ) ;
#1845 = DIRECTION ( 'NONE',  ( -0.0000000000000000000, 1.000000000000000000, -0.0000000000000000000 ) ) ;
#1846 = ORIENTED_EDGE ( 'NONE', *, *, #3513, .F. ) ;
#1847 = LINE ( 'NONE', #4187, #2791 ) ;
#1848 = DIRECTION ( 'NONE',  ( 0.0000000000000000000, 0.0000000000000000000, 1.000000000000000000 ) ) ;
#1849 = DIMENSIONAL_EXPONENTS ( 1.000000000000000000, 0.0000000000000000000, 0.0000000000000000000, 0.0000000000000000000, 0.0000000000000000000, 0.0000000000000000000, 0.0000000000000000000 ) ;
#1850 = CARTESIAN_POINT ( 'NONE',  ( 0.08166846881030742633, -0.1100000000000000006, -0.1842499999999996085 ) ) ;
#1851 = ORIENTED_EDGE ( 'NONE', *, *, #2076, .F. ) ;
#1852 = LINE ( 'NONE', #846, #1716 ) ;
#1853 = CARTESIAN_POINT ( 'NONE',  ( 0.03796746881030719362, 0.0000000000000000000, -0.04999999999999999584 ) ) ;
#1854 = DIRECTION ( 'NONE',  ( -1.000000000000000000, 0.0000000000000000000, 6.522075230939960446E-16 ) ) ;
#1855 = VERTEX_POINT ( 'NONE', #2561 ) ;
#1856 = VERTEX_POINT ( 'NONE', #3894 ) ;
#1857 = DIRECTION ( 'NONE',  ( 0.0000000000000000000, 0.0000000000000000000, 1.000000000000000000 ) ) ;
#1858 = CIRCLE ( 'NONE', #720, 0.009999999999999346217 ) ;
#1859 = EDGE_CURVE ( 'NONE', #3027, #1173, #769, .T. ) ;
#1860 = CARTESIAN_POINT ( 'NONE',  ( 0.08166846881030738470, -0.1100000000000000006, -0.01574999999999998623 ) ) ;
#1861 = CARTESIAN_POINT ( 'NONE',  ( 0.07593593762061463803, -0.1100000000000000006, -9.478001694819074349E-34 ) ) ;
#1862 = VERTEX_POINT ( 'NONE', #2880 ) ;
#1863 = EDGE_CURVE ( 'NONE', #1043, #3766, #1986, .T. ) ;
#1864 = CARTESIAN_POINT ( 'NONE',  ( -0.06706151566354642823, 0.0000000000000000000, -0.01575000000000000705 ) ) ;
#1865 = VECTOR ( 'NONE', #3805, 39.37007874015748143 ) ;
#1866 = CARTESIAN_POINT ( 'NONE',  ( 0.0000000000000000000, 0.0000000000000000000, 0.0000000000000000000 ) ) ;
#1867 = ORIENTED_EDGE ( 'NONE', *, *, #2207, .T. ) ;
#1868 = SHAPE_REPRESENTATION_RELATIONSHIP ( 'NONE' , 'NONE' ,  #951, #3796 ) ;
#1869 = CARTESIAN_POINT ( 'NONE',  ( 0.1649999999999989253, 0.0000000000000000000, 0.0000000000000000000 ) ) ;
#1870 = CARTESIAN_POINT ( 'NONE',  ( 0.1816684688103074041, -0.1100000000000000006, -0.01574999999999998623 ) ) ;
#1871 = VECTOR ( 'NONE', #1793, 39.37007874015748143 ) ;
#1872 = ORIENTED_EDGE ( 'NONE', *, *, #1773, .F. ) ;
#1873 = VECTOR ( 'NONE', #1091, 39.37007874015748143 ) ;
#1874 = ORIENTED_EDGE ( 'NONE', *, *, #2150, .T. ) ;
#1875 = CARTESIAN_POINT ( 'NONE',  ( 0.03796746881030719362, 1.224646799147263287E-20, -0.01259999999999946926 ) ) ;
#1876 = ORIENTED_EDGE ( 'NONE', *, *, #2054, .F. ) ;
#1877 = LINE ( 'NONE', #2605, #1299 ) ;
#1878 = DIRECTION ( 'NONE',  ( 0.0000000000000000000, 0.0000000000000000000, 1.000000000000000000 ) ) ;
#1879 = UNCERTAINTY_MEASURE_WITH_UNIT (LENGTH_MEASURE( 1.000000000000000082E-05 ), #315, 'distance_accuracy_value', 'NONE');
#1880 = DIRECTION ( 'NONE',  ( 0.0000000000000000000, -0.0000000000000000000, -1.000000000000000000 ) ) ;
#1881 = EDGE_LOOP ( 'NONE', ( #2149, #2275, #387, #196, #3961 ) ) ;
#1882 = EDGE_CURVE ( 'NONE', #1336, #2009, #2057, .T. ) ;
#1883 = DIRECTION ( 'NONE',  ( 0.0000000000000000000, 0.0000000000000000000, 1.000000000000000000 ) ) ;
#1884 = VECTOR ( 'NONE', #3022, 39.37007874015748143 ) ;
#1885 = EDGE_CURVE ( 'NONE', #1862, #3795, #1158, .T. ) ;
#1886 = CARTESIAN_POINT ( 'NONE',  ( 0.2816684688103074374, 0.0000000000000000000, -0.1842499999999996085 ) ) ;
#1887 = ORIENTED_EDGE ( 'NONE', *, *, #1981, .T. ) ;
#1888 = AXIS2_PLACEMENT_3D ( 'NONE', #2270, #3266, #2660 ) ;
#1889 = DIRECTION ( 'NONE',  ( 1.000000000000000000, 0.0000000000000000000, 0.0000000000000000000 ) ) ;
#1890 = CARTESIAN_POINT ( 'NONE',  ( 0.07593593762061463803, -0.1100000000000000006, -0.1999999999999999833 ) ) ;
#1891 = EDGE_CURVE ( 'NONE', #2649, #1683, #3092, .T. ) ;
#1892 = CIRCLE ( 'NONE', #1458, 0.02874000000000051860 ) ;
#1893 = DIRECTION ( 'NONE',  ( 0.0000000000000000000, 0.0000000000000000000, 1.000000000000000000 ) ) ;
#1894 = EDGE_LOOP ( 'NONE', ( #450, #93, #4309, #3688 ) ) ;
#1895 = EDGE_LOOP ( 'NONE', ( #2626, #3460, #997, #2876 ) ) ;
#1896 = COLOUR_RGB ( '',0.2941176470588235392, 0.2941176470588235392, 0.2941176470588235392 ) ;
#1897 = CARTESIAN_POINT ( 'NONE',  ( 0.1719999999999985985, 0.0000000000000000000, 0.0000000000000000000 ) ) ;
#1898 = AXIS2_PLACEMENT_3D ( 'NONE', #3280, #953, #641 ) ;
#1899 = CARTESIAN_POINT ( 'NONE',  ( 0.07593593762061463803, 0.0000000000000000000, -0.1999999999999999833 ) ) ;
#1900 = EDGE_LOOP ( 'NONE', ( #1851, #2898 ) ) ;
#1901 = CARTESIAN_POINT ( 'NONE',  ( 0.1649999999999989253, 0.0000000000000000000, 0.0000000000000000000 ) ) ;
#1902 = DIRECTION ( 'NONE',  ( 0.0000000000000000000, 0.0000000000000000000, 1.000000000000000000 ) ) ;
#1903 = CYLINDRICAL_SURFACE ( 'NONE', #3923, 0.03740000000000053004 ) ;
#1904 = ORIENTED_EDGE ( 'NONE', *, *, #2583, .T. ) ;
#1905 = CARTESIAN_POINT ( 'NONE',  ( 0.0000000000000000000, 0.0000000000000000000, 0.03499999999999785227 ) ) ;
#1906 = CIRCLE ( 'NONE', #2338, 0.02874000000000051860 ) ;
#1907 = CARTESIAN_POINT ( 'NONE',  ( 0.09426646881030741054, -0.1100000000000000006, -0.1842499999999996918 ) ) ;
#1908 = ADVANCED_FACE ( 'NONE', ( #3918 ), #2517, .F. ) ;
#1909 = CARTESIAN_POINT ( 'NONE',  ( 0.2999990000000001267, 0.0000000000000000000, -0.1999999999999999833 ) ) ;
#1910 = EDGE_LOOP ( 'NONE', ( #1203, #1658, #3465, #3740 ) ) ;
#1911 = AXIS2_PLACEMENT_3D ( 'NONE', #2256, #74, #3063 ) ;
#1912 = EDGE_CURVE ( 'NONE', #715, #2363, #635, .T. ) ;
#1913 = DIRECTION ( 'NONE',  ( -0.3420201433256720991, 0.0000000000000000000, 0.9396926207859070956 ) ) ;
#1914 = CARTESIAN_POINT ( 'NONE',  ( 0.5379674688103072144, -0.03520000000000000212, -0.1125999999999994644 ) ) ;
#1915 = LINE ( 'NONE', #3224, #268 ) ;
#1916 = VERTEX_POINT ( 'NONE', #180 ) ;
#1917 = DIRECTION ( 'NONE',  ( 0.0000000000000000000, 0.0000000000000000000, 1.000000000000000000 ) ) ;
#1918 = ORIENTED_EDGE ( 'NONE', *, *, #770, .F. ) ;
#1919 = ADVANCED_FACE ( 'NONE', ( #3546 ), #3849, .F. ) ;
#1920 = LINE ( 'NONE', #3229, #687 ) ;
#1921 = VERTEX_POINT ( 'NONE', #1542 ) ;
#1922 = CARTESIAN_POINT ( 'NONE',  ( 0.09999900000000011557, 0.0000000000000000000, 0.0000000000000000000 ) ) ;
#1923 = CARTESIAN_POINT ( 'NONE',  ( 0.5759349376206146509, -0.1100000000000000006, 0.0000000000000000000 ) ) ;
#1924 = DIRECTION ( 'NONE',  ( 0.0000000000000000000, 0.0000000000000000000, 1.000000000000000000 ) ) ;
#1925 = DIRECTION ( 'NONE',  ( -0.3420201433256694346, -0.0000000000000000000, -0.9396926207859080948 ) ) ;
#1926 = DIRECTION ( 'NONE',  ( 0.0000000000000000000, -1.000000000000000000, 0.0000000000000000000 ) ) ;
#1927 = AXIS2_PLACEMENT_3D ( 'NONE', #4045, #1032, #2391 ) ;
#1928 = ORIENTED_EDGE ( 'NONE', *, *, #3833, .F. ) ;
#1929 = DIRECTION ( 'NONE',  ( 0.0000000000000000000, 0.0000000000000000000, 1.000000000000000000 ) ) ;
#1930 = CARTESIAN_POINT ( 'NONE',  ( 0.3379674688103072033, -0.03520000000000000212, -0.1874000000000005384 ) ) ;
#1931 = VERTEX_POINT ( 'NONE', #1756 ) ;
#1932 = VECTOR ( 'NONE', #2067, 39.37007874015748143 ) ;
#1933 = CARTESIAN_POINT ( 'NONE',  ( 0.5879674688103072588, -0.1100000000000000006, -0.01575000000000000705 ) ) ;
#1934 = CARTESIAN_POINT ( 'NONE',  ( 0.1649999999999994804, 0.01849999999999981520, 0.0000000000000000000 ) ) ;
#1935 = VERTEX_POINT ( 'NONE', #4097 ) ;
#1936 = AXIS2_PLACEMENT_3D ( 'NONE', #2103, #807, #3433 ) ;
#1937 = DIRECTION ( 'NONE',  ( 0.0000000000000000000, 0.0000000000000000000, -1.000000000000000000 ) ) ;
#1938 = EDGE_CURVE ( 'NONE', #2917, #2942, #830, .T. ) ;
#1939 = ORIENTED_EDGE ( 'NONE', *, *, #721, .F. ) ;
#1940 = FACE_OUTER_BOUND ( 'NONE', #1106, .T. ) ;
#1941 = ORIENTED_EDGE ( 'NONE', *, *, #3106, .F. ) ;
#1942 = AXIS2_PLACEMENT_3D ( 'NONE', #4001, #890, #3007 ) ;
#1943 = EDGE_CURVE ( 'NONE', #2158, #2031, #1763, .T. ) ;
#1944 = EDGE_CURVE ( 'NONE', #783, #2891, #3871, .T. ) ;
#1945 = AXIS2_PLACEMENT_3D ( 'NONE', #582, #606, #558 ) ;
#1946 = CARTESIAN_POINT ( 'NONE',  ( 0.03796746881030720056, 1.224646799147263287E-20, -0.08740000000000051894 ) ) ;
#1947 = ORIENTED_EDGE ( 'NONE', *, *, #585, .F. ) ;
#1948 = DIRECTION ( 'NONE',  ( 0.3420201433256664370, -0.0000000000000000000, 0.9396926207859092051 ) ) ;
#1949 = CARTESIAN_POINT ( 'NONE',  ( 0.2942664688103074355, 0.0000000000000000000, -0.1842499999999996918 ) ) ;
#1950 = CARTESIAN_POINT ( 'NONE',  ( 0.5759349376206148730, -0.1100000000000000006, -0.2000000000000000111 ) ) ;
#1951 = ORIENTED_EDGE ( 'NONE', *, *, #3803, .F. ) ;
#1952 = CYLINDRICAL_SURFACE ( 'NONE', #3754, 0.03740000000000053004 ) ;
#1953 = DIRECTION ( 'NONE',  ( -0.9396926207859072067, 0.0000000000000000000, -0.3420201433256721546 ) ) ;
#1954 = DIRECTION ( 'NONE',  ( -1.000000000000000000, -0.0000000000000000000, -0.0000000000000000000 ) ) ;
#1955 = ORIENTED_EDGE ( 'NONE', *, *, #798, .F. ) ;
#1956 = DIRECTION ( 'NONE',  ( 0.0000000000000000000, -1.000000000000000000, 0.0000000000000000000 ) ) ;
#1957 = DIRECTION ( 'NONE',  ( 0.0000000000000000000, 0.0000000000000000000, 1.000000000000000000 ) ) ;
#1958 = VECTOR ( 'NONE', #3603, 39.37007874015748143 ) ;
#1959 = FACE_OUTER_BOUND ( 'NONE', #2531, .T. ) ;
#1960 = ORIENTED_EDGE ( 'NONE', *, *, #578, .F. ) ;
#1961 = DIRECTION ( 'NONE',  ( 0.0000000000000000000, 0.0000000000000000000, 1.000000000000000000 ) ) ;
#1962 = VECTOR ( 'NONE', #422, 39.37007874015748143 ) ;
#1963 = EDGE_LOOP ( 'NONE', ( #2263, #3957, #3349, #2638 ) ) ;
#1964 = CARTESIAN_POINT ( 'NONE',  ( 0.3816684688103073597, -0.1100000000000000006, -0.01574999999999998623 ) ) ;
#1965 = EDGE_LOOP ( 'NONE', ( #895, #4013, #1397, #2131 ) ) ;
#1966 = AXIS2_PLACEMENT_3D ( 'NONE', #4205, #4160, #3502 ) ;
#1967 = CARTESIAN_POINT ( 'NONE',  ( 0.5759349376206148730, -0.1100000000000000006, -0.2000000000000000111 ) ) ;
#1968 = ORIENTED_EDGE ( 'NONE', *, *, #1805, .T. ) ;
#1969 = CARTESIAN_POINT ( 'NONE',  ( 0.5879674688103072588, 0.0000000000000000000, -0.1842499999999999416 ) ) ;
#1970 = EDGE_CURVE ( 'NONE', #4018, #2810, #2208, .T. ) ;
#1971 = AXIS2_PLACEMENT_3D ( 'NONE', #207, #3637, #2903 ) ;
#1972 =( NAMED_UNIT ( * ) PLANE_ANGLE_UNIT ( ) SI_UNIT ( $, .RADIAN. ) );
#1973 = LINE ( 'NONE', #1949, #2084 ) ;
#1974 = EDGE_CURVE ( 'NONE', #2009, #1336, #1906, .T. ) ;
#1975 = APPLICATION_PROTOCOL_DEFINITION ( 'draft international standard', 'automotive_design', 1998, #404 ) ;
#1976 = CARTESIAN_POINT ( 'NONE',  ( 0.1379674688103071922, -0.1100000000000000006, -0.04999999999999999584 ) ) ;
#1977 = DIRECTION ( 'NONE',  ( 0.0000000000000000000, 0.0000000000000000000, 1.000000000000000000 ) ) ;
#1978 = CARTESIAN_POINT ( 'NONE',  ( 0.3759359376206146686, 0.0000000000000000000, -0.1999999999999999833 ) ) ;
#1979 = ORIENTED_EDGE ( 'NONE', *, *, #912, .T. ) ;
#1980 = LINE ( 'NONE', #4277, #729 ) ;
#1981 = EDGE_CURVE ( 'NONE', #4000, #48, #3281, .T. ) ;
#1982 = CARTESIAN_POINT ( 'NONE',  ( 0.0000000000000000000, 0.0000000000000000000, 0.0000000000000000000 ) ) ;
#1983 = VECTOR ( 'NONE', #193, 39.37007874015748143 ) ;
#1984 = DIRECTION ( 'NONE',  ( 0.0000000000000000000, 0.0000000000000000000, 1.000000000000000000 ) ) ;
#1985 = LINE ( 'NONE', #474, #1218 ) ;
#1986 = CIRCLE ( 'NONE', #2539, 0.03740000000000053698 ) ;
#1987 = DIRECTION ( 'NONE',  ( -0.0000000000000000000, 1.000000000000000000, -0.0000000000000000000 ) ) ;
#1988 = LINE ( 'NONE', #305, #708 ) ;
#1989 = ORIENTED_EDGE ( 'NONE', *, *, #2583, .F. ) ;
#1990 = CARTESIAN_POINT ( 'NONE',  ( 0.4379674688103072366, -0.03520000000000000212, -0.08740000000000051894 ) ) ;
#1991 = AXIS2_PLACEMENT_3D ( 'NONE', #2170, #3459, #1395 ) ;
#1992 = ORIENTED_EDGE ( 'NONE', *, *, #4158, .T. ) ;
#1993 = DIRECTION ( 'NONE',  ( -0.0000000000000000000, 1.000000000000000000, -0.0000000000000000000 ) ) ;
#1994 = ORIENTED_EDGE ( 'NONE', *, *, #1720, .F. ) ;
#1995 = CARTESIAN_POINT ( 'NONE',  ( 0.1379674688103071922, 0.0000000000000000000, -0.1499999999999999944 ) ) ;
#1996 = AXIS2_PLACEMENT_3D ( 'NONE', #286, #2662, #2684 ) ;
#1997 = DIRECTION ( 'NONE',  ( -1.000000000000000000, 0.0000000000000000000, 6.522075230939960446E-16 ) ) ;
#1998 = ORIENTED_EDGE ( 'NONE', *, *, #2233, .F. ) ;
#1999 = EDGE_LOOP ( 'NONE', ( #4119, #2203, #3108, #1028 ) ) ;
#2000 = CARTESIAN_POINT ( 'NONE',  ( 0.2379674688103072255, 0.0000000000000000000, -0.04999999999999999584 ) ) ;
#2001 = PRODUCT_DEFINITION_SHAPE ( 'NONE', 'NONE',  #4375 ) ;
#2002 = CARTESIAN_POINT ( 'NONE',  ( 0.5379674688103072144, 1.224646799147263287E-20, -0.04999999999999999584 ) ) ;
#2003 = DIRECTION ( 'NONE',  ( 0.0000000000000000000, -1.000000000000000000, 0.0000000000000000000 ) ) ;
#2004 = VERTEX_POINT ( 'NONE', #3015 ) ;
#2005 = DIRECTION ( 'NONE',  ( 0.0000000000000000000, 0.0000000000000000000, 1.000000000000000000 ) ) ;
#2006 = ADVANCED_FACE ( 'NONE', ( #1616 ), #1590, .F. ) ;
#2007 = ADVANCED_FACE ( 'NONE', ( #1680 ), #3966, .T. ) ;
#2008 = CYLINDRICAL_SURFACE ( 'NONE', #2478, 0.02649999999999929495 ) ;
#2009 = VERTEX_POINT ( 'NONE', #3592 ) ;
#2010 = CARTESIAN_POINT ( 'NONE',  ( 0.4379674688103072366, -0.1100000000000000006, -0.04999999999999999584 ) ) ;
#2011 = DIRECTION ( 'NONE',  ( -0.0000000000000000000, 1.000000000000000000, -0.0000000000000000000 ) ) ;
#2012 = EDGE_LOOP ( 'NONE', ( #780, #3330 ) ) ;
#2013 = LINE ( 'NONE', #4019, #403 ) ;
#2014 = ORIENTED_EDGE ( 'NONE', *, *, #3545, .T. ) ;
#2015 = DIRECTION ( 'NONE',  ( 0.0000000000000000000, 0.0000000000000000000, 1.000000000000000000 ) ) ;
#2016 =( REPRESENTATION_RELATIONSHIP ('NONE','NONE', #1388, #951 ) REPRESENTATION_RELATIONSHIP_WITH_TRANSFORMATION ( #1253 )SHAPE_REPRESENTATION_RELATIONSHIP( ) );
#2017 = CARTESIAN_POINT ( 'NONE',  ( 0.08166846881030738470, -0.1100000000000000006, -0.01574999999999998623 ) ) ;
#2018 = VERTEX_POINT ( 'NONE', #954 ) ;
#2019 = VECTOR ( 'NONE', #3722, 39.37007874015748854 ) ;
#2020 = EDGE_LOOP ( 'NONE', ( #1094, #1928, #1420, #1739 ) ) ;
#2021 = VECTOR ( 'NONE', #3783, 39.37007874015748143 ) ;
#2022 = ITEM_DEFINED_TRANSFORMATION ( 'NONE', 'NONE', #1392,  #1331 ) ;
#2023 = CARTESIAN_POINT ( 'NONE',  ( 0.2379674688103072255, 0.0000000000000000000, -0.1787400000000005096 ) ) ;
#2024 = CYLINDRICAL_SURFACE ( 'NONE', #458, 0.02874000000000051860 ) ;
#2025 = VERTEX_POINT ( 'NONE', #2309 ) ;
#2026 = DIRECTION ( 'NONE',  ( 0.0000000000000000000, 0.0000000000000000000, 1.000000000000000000 ) ) ;
#2027 = DIRECTION ( 'NONE',  ( 0.0000000000000000000, 0.0000000000000000000, 1.000000000000000000 ) ) ;
#2028 = EDGE_CURVE ( 'NONE', #1759, #2372, #662, .T. ) ;
#2029 = CARTESIAN_POINT ( 'NONE',  ( 0.3379674688103072033, 1.224646799147263287E-20, -0.1499999999999999944 ) ) ;
#2030 = EDGE_CURVE ( 'NONE', #2623, #453, #3658, .T. ) ;
#2031 = VERTEX_POINT ( 'NONE', #3945 ) ;
#2032 = CARTESIAN_POINT ( 'NONE',  ( 0.1379674688103071922, 0.0000000000000000000, -0.1212599999999994932 ) ) ;
#2033 = CARTESIAN_POINT ( 'NONE',  ( 0.1379674688103071922, 0.0000000000000000000, -0.1499999999999999944 ) ) ;
#2034 = EDGE_LOOP ( 'NONE', ( #1426, #4163, #3811, #1960 ) ) ;
#2035 = VERTEX_POINT ( 'NONE', #928 ) ;
#2036 = AXIS2_PLACEMENT_3D ( 'NONE', #2029, #323, #1371 ) ;
#2037 = CARTESIAN_POINT ( 'NONE',  ( -0.005732531189692388444, -0.1100000000000000006, -0.1842499999999996918 ) ) ;
#2038 = ADVANCED_FACE ( 'NONE', ( #3327 ), #3636, .F. ) ;
#2039 = CIRCLE ( 'NONE', #2100, 0.03740000000000053698 ) ;
#2040 = ORIENTED_EDGE ( 'NONE', *, *, #3055, .F. ) ;
#2041 = VERTEX_POINT ( 'NONE', #3679 ) ;
#2042 = CIRCLE ( 'NONE', #892, 0.02874000000000051860 ) ;
#2043 = CARTESIAN_POINT ( 'NONE',  ( 0.06099999999999970723, 3.551475717527343400E-18, -0.02900000000000015413 ) ) ;
#2044 = AXIS2_PLACEMENT_3D ( 'NONE', #535, #2182, #3180 ) ;
#2045 = ORIENTED_EDGE ( 'NONE', *, *, #3188, .T. ) ;
#2046 = CARTESIAN_POINT ( 'NONE',  ( 0.2379674688103072255, -0.03520000000000000212, -0.1499999999999999944 ) ) ;
#2047 = CARTESIAN_POINT ( 'NONE',  ( 0.3379674688103072033, -0.03520000000000000212, -0.04999999999999999584 ) ) ;
#2048 = DIRECTION ( 'NONE',  ( 0.0000000000000000000, 0.0000000000000000000, 1.000000000000000000 ) ) ;
#2049 = AXIS2_PLACEMENT_3D ( 'NONE', #216, #2296, #2622 ) ;
#2050 = ORIENTED_EDGE ( 'NONE', *, *, #1530, .F. ) ;
#2051 = EDGE_CURVE ( 'NONE', #1506, #2041, #995, .T. ) ;
#2052 = DIRECTION ( 'NONE',  ( -0.0000000000000000000, 1.000000000000000000, -0.0000000000000000000 ) ) ;
#2053 = CARTESIAN_POINT ( 'NONE',  ( 0.5759349376206146509, -0.1100000000000000006, 0.0000000000000000000 ) ) ;
#2054 = EDGE_CURVE ( 'NONE', #4096, #3853, #195, .T. ) ;
#2055 = ORIENTED_EDGE ( 'NONE', *, *, #1414, .F. ) ;
#2056 = VERTEX_POINT ( 'NONE', #3987 ) ;
#2057 = CIRCLE ( 'NONE', #1265, 0.02874000000000051860 ) ;
#2058 = CARTESIAN_POINT ( 'NONE',  ( 0.2379674688103072255, -0.03520000000000000212, -0.04999999999999999584 ) ) ;
#2059 = VECTOR ( 'NONE', #1713, 39.37007874015748854 ) ;
#2060 = EDGE_CURVE ( 'NONE', #2738, #755, #4273, .T. ) ;
#2061 = ORIENTED_EDGE ( 'NONE', *, *, #115, .F. ) ;
#2062 = EDGE_LOOP ( 'NONE', ( #1822, #4206, #364, #3888 ) ) ;
#2063 = AXIS2_PLACEMENT_3D ( 'NONE', #3694, #1026, #1066 ) ;
#2064 = DIRECTION ( 'NONE',  ( 0.0000000000000000000, 0.0000000000000000000, 1.000000000000000000 ) ) ;
#2065 = LINE ( 'NONE', #2773, #1962 ) ;
#2066 = DIRECTION ( 'NONE',  ( -0.0000000000000000000, 1.000000000000000000, -0.0000000000000000000 ) ) ;
#2067 = DIRECTION ( 'NONE',  ( -0.0000000000000000000, 1.000000000000000000, -0.0000000000000000000 ) ) ;
#2068 = CARTESIAN_POINT ( 'NONE',  ( 0.1759359376206146575, -0.1100000000000000006, -0.1999999999999999833 ) ) ;
#2069 = ORIENTED_EDGE ( 'NONE', *, *, #1255, .T. ) ;
#2070 = CARTESIAN_POINT ( 'NONE',  ( 0.08166846881030742633, 0.0000000000000000000, -0.1842499999999996085 ) ) ;
#2071 = DIRECTION ( 'NONE',  ( -1.266620916943744463E-17, 0.0000000000000000000, 1.000000000000000000 ) ) ;
#2072 = ORIENTED_EDGE ( 'NONE', *, *, #3983, .F. ) ;
#2073 = VERTEX_POINT ( 'NONE', #2968 ) ;
#2074 = CARTESIAN_POINT ( 'NONE',  ( 0.5879674688103072588, 0.0000000000000000000, -0.01575000000000000705 ) ) ;
#2075 = ORIENTED_EDGE ( 'NONE', *, *, #3863, .T. ) ;
#2076 = EDGE_CURVE ( 'NONE', #2768, #2421, #4289, .T. ) ;
#2077 = CLOSED_SHELL ( 'NONE', ( #3515, #3597, #2864, #2429, #113, #844, #4217, #822, #3383, #2614, #2787, #281, #4248, #666, #4004, #3784, #303, #3764, #3809, #3080 ) ) ;
#2078 = EDGE_CURVE ( 'NONE', #466, #920, #1051, .T. ) ;
#2079 = CIRCLE ( 'NONE', #3115, 0.02900000000000015413 ) ;
#2080 = DIRECTION ( 'NONE',  ( 0.0000000000000000000, 0.0000000000000000000, 1.000000000000000000 ) ) ;
#2081 = DIRECTION ( 'NONE',  ( -0.0000000000000000000, 1.000000000000000000, -0.0000000000000000000 ) ) ;
#2082 = ORIENTED_EDGE ( 'NONE', *, *, #247, .T. ) ;
#2083 = PLANE ( 'NONE',  #1576 ) ;
#2084 = VECTOR ( 'NONE', #4202, 39.37007874015748854 ) ;
#2085 = DIRECTION ( 'NONE',  ( -0.0000000000000000000, 1.000000000000000000, -0.0000000000000000000 ) ) ;
#2086 = DIRECTION ( 'NONE',  ( -0.0000000000000000000, 1.000000000000000000, -0.0000000000000000000 ) ) ;
#2087 = ORIENTED_EDGE ( 'NONE', *, *, #2228, .F. ) ;
#2088 = LINE ( 'NONE', #3671, #1340 ) ;
#2089 = PLANE ( 'NONE',  #820 ) ;
#2090 = DIRECTION ( 'NONE',  ( -1.000000000000000000, -0.0000000000000000000, -0.0000000000000000000 ) ) ;
#2091 = VERTEX_POINT ( 'NONE', #2677 ) ;
#2092 = ORIENTED_EDGE ( 'NONE', *, *, #1042, .T. ) ;
#2093 = DIRECTION ( 'NONE',  ( 0.0000000000000000000, 0.0000000000000000000, 1.000000000000000000 ) ) ;
#2094 = EDGE_LOOP ( 'NONE', ( #177, #583 ) ) ;
#2095 = CIRCLE ( 'NONE', #3283, 0.03499999999999785227 ) ;
#2096 = EDGE_CURVE ( 'NONE', #4178, #2623, #1342, .T. ) ;
#2097 = FACE_OUTER_BOUND ( 'NONE', #393, .T. ) ;
#2098 = ORIENTED_EDGE ( 'NONE', *, *, #2424, .F. ) ;
#2099 = DIRECTION ( 'NONE',  ( 0.3420201433256633283, 0.0000000000000000000, -0.9396926207859103153 ) ) ;
#2100 = AXIS2_PLACEMENT_3D ( 'NONE', #3687, #1573, #3954 ) ;
#2101 = ORIENTED_EDGE ( 'NONE', *, *, #3978, .T. ) ;
#2102 = EDGE_CURVE ( 'NONE', #1506, #3275, #2733, .T. ) ;
#2103 = CARTESIAN_POINT ( 'NONE',  ( 0.5379674688103072144, -0.1100000000000000006, -0.04999999999999999584 ) ) ;
#2104 = AXIS2_PLACEMENT_3D ( 'NONE', #3872, #520, #1880 ) ;
#2105 = EDGE_CURVE ( 'NONE', #1806, #2850, #3589, .T. ) ;
#2106 = EDGE_CURVE ( 'NONE', #1079, #4312, #3276, .T. ) ;
#2107 = FACE_BOUND ( 'NONE', #1510, .T. ) ;
#2108 =( GEOMETRIC_REPRESENTATION_CONTEXT ( 3 ) GLOBAL_UNCERTAINTY_ASSIGNED_CONTEXT ( ( #645 ) ) GLOBAL_UNIT_ASSIGNED_CONTEXT ( ( #90, #1479, #1159 ) ) REPRESENTATION_CONTEXT ( 'NONE', 'WORKASPACE' ) );
#2109 = ORIENTED_EDGE ( 'NONE', *, *, #2872, .F. ) ;
#2110 = FACE_OUTER_BOUND ( 'NONE', #607, .T. ) ;
#2111 = ORIENTED_EDGE ( 'NONE', *, *, #2714, .T. ) ;
#2112 = ORIENTED_EDGE ( 'NONE', *, *, #1369, .T. ) ;
#2113 = DIRECTION ( 'NONE',  ( -0.0000000000000000000, 1.000000000000000000, -0.0000000000000000000 ) ) ;
#2114 =( CONVERSION_BASED_UNIT ( 'INCH', #3857 ) LENGTH_UNIT ( ) NAMED_UNIT ( #2246 ) );
#2115 = CIRCLE ( 'NONE', #3227, 0.006999999999998859565 ) ;
#2116 = ORIENTED_EDGE ( 'NONE', *, *, #494, .T. ) ;
#2117 = VECTOR ( 'NONE', #3348, 39.37007874015748143 ) ;
#2118 = LINE ( 'NONE', #3742, #446 ) ;
#2119 = EDGE_LOOP ( 'NONE', ( #3534, #3711, #4061, #638 ) ) ;
#2120 = CARTESIAN_POINT ( 'NONE',  ( 0.3816684688103074707, 0.0000000000000000000, -0.1842499999999996085 ) ) ;
#2121 = CIRCLE ( 'NONE', #2687, 0.03740000000000053698 ) ;
#2122 = VERTEX_POINT ( 'NONE', #3611 ) ;
#2123 = CARTESIAN_POINT ( 'NONE',  ( 0.4379674688103072366, -0.1100000000000000006, -0.1499999999999999944 ) ) ;
#2124 = CIRCLE ( 'NONE', #1632, 0.02874000000000052554 ) ;
#2125 = PRODUCT_DEFINITION ( 'UNKNOWN', '', #1332, #181 ) ;
#2126 = LINE ( 'NONE', #2481, #1865 ) ;
#2127 = EDGE_CURVE ( 'NONE', #3907, #3676, #563, .T. ) ;
#2128 = VERTEX_POINT ( 'NONE', #1248 ) ;
#2129 = ADVANCED_FACE ( 'NONE', ( #2720 ), #3964, .F. ) ;
#2130 = DIRECTION ( 'NONE',  ( -0.3420201433256720991, 0.0000000000000000000, 0.9396926207859070956 ) ) ;
#2131 = ORIENTED_EDGE ( 'NONE', *, *, #1017, .F. ) ;
#2132 = DIRECTION ( 'NONE',  ( 0.3420201433256665480, -0.0000000000000000000, 0.9396926207859092051 ) ) ;
#2133 = DIRECTION ( 'NONE',  ( 0.0000000000000000000, 0.0000000000000000000, 1.000000000000000000 ) ) ;
#2134 = ORIENTED_EDGE ( 'NONE', *, *, #433, .T. ) ;
#2135 = FILL_AREA_STYLE ('',( #1468 ) ) ;
#2136 = FACE_BOUND ( 'NONE', #2701, .T. ) ;
#2137 = ORIENTED_EDGE ( 'NONE', *, *, #2746, .F. ) ;
#2138 = CARTESIAN_POINT ( 'NONE',  ( 0.03796746881030720056, 0.0000000000000000000, -0.07874000000000051791 ) ) ;
#2139 = ORIENTED_EDGE ( 'NONE', *, *, #4358, .T. ) ;
#2140 = CARTESIAN_POINT ( 'NONE',  ( 0.0000000000000000000, 0.0000000000000000000, 0.0000000000000000000 ) ) ;
#2141 = AXIS2_PLACEMENT_3D ( 'NONE', #2289, #3969, #3922 ) ;
#2142 = DIRECTION ( 'NONE',  ( -1.000000000000000000, -0.0000000000000000000, -0.0000000000000000000 ) ) ;
#2143 = CARTESIAN_POINT ( 'NONE',  ( 0.1379674688103071922, -0.03520000000000000212, -0.04999999999999999584 ) ) ;
#2144 = VECTOR ( 'NONE', #658, 39.37007874015748143 ) ;
#2145 = CARTESIAN_POINT ( 'NONE',  ( 0.07033012701892972507, 3.245314017740399465E-18, -0.02649999999999929495 ) ) ;
#2146 = VERTEX_POINT ( 'NONE', #1922 ) ;
#2147 = EDGE_CURVE ( 'NONE', #2829, #2761, #349, .T. ) ;
#2148 = DIRECTION ( 'NONE',  ( 1.000000000000000000, 0.0000000000000000000, -5.421193827719211569E-15 ) ) ;
#2149 = ORIENTED_EDGE ( 'NONE', *, *, #2554, .T. ) ;
#2150 = EDGE_CURVE ( 'NONE', #783, #2738, #2306, .T. ) ;
#2151 = DIRECTION ( 'NONE',  ( -0.0000000000000000000, 1.000000000000000000, -0.0000000000000000000 ) ) ;
#2152 = CARTESIAN_POINT ( 'NONE',  ( 0.4942664688103074466, -0.1100000000000000006, -0.1842499999999996918 ) ) ;
#2153 = ORIENTED_EDGE ( 'NONE', *, *, #3082, .T. ) ;
#2154 = EDGE_CURVE ( 'NONE', #1070, #3165, #2381, .T. ) ;
#2155 = DIRECTION ( 'NONE',  ( 0.0000000000000000000, -1.000000000000000000, 0.0000000000000000000 ) ) ;
#2156 = LINE ( 'NONE', #847, #1080 ) ;
#2157 = CARTESIAN_POINT ( 'NONE',  ( 0.0000000000000000000, -0.1100000000000000006, 0.0000000000000000000 ) ) ;
#2158 = VERTEX_POINT ( 'NONE', #1045 ) ;
#2159 = DIRECTION ( 'NONE',  ( 0.0000000000000000000, -0.0000000000000000000, -1.000000000000000000 ) ) ;
#2160 = ORIENTED_EDGE ( 'NONE', *, *, #4214, .F. ) ;
#2161 = DIRECTION ( 'NONE',  ( 0.0000000000000000000, 0.0000000000000000000, 1.000000000000000000 ) ) ;
#2162 = AXIS2_PLACEMENT_3D ( 'NONE', #1085, #2173, #1848 ) ;
#2163 = CARTESIAN_POINT ( 'NONE',  ( -0.01203253118969264436, -0.1100000000000000006, -0.01574999999999999664 ) ) ;
#2164 = VECTOR ( 'NONE', #2081, 39.37007874015748143 ) ;
#2165 = CARTESIAN_POINT ( 'NONE',  ( 0.1379674688103071922, 0.0000000000000000000, -0.04999999999999999584 ) ) ;
#2166 = DIRECTION ( 'NONE',  ( -0.0000000000000000000, 1.000000000000000000, -0.0000000000000000000 ) ) ;
#2167 = VECTOR ( 'NONE', #636, 39.37007874015748143 ) ;
#2168 = EDGE_LOOP ( 'NONE', ( #1424, #2075 ) ) ;
#2169 = VECTOR ( 'NONE', #1809, 39.37007874015748143 ) ;
#2170 = CARTESIAN_POINT ( 'NONE',  ( 0.03796746881030719362, -0.1100000000000000006, -0.04999999999999999584 ) ) ;
#2171 = ORIENTED_EDGE ( 'NONE', *, *, #2765, .F. ) ;
#2172 = FACE_OUTER_BOUND ( 'NONE', #3599, .T. ) ;
#2173 = DIRECTION ( 'NONE',  ( -0.0000000000000000000, 1.000000000000000000, -0.0000000000000000000 ) ) ;
#2174 = AXIS2_PLACEMENT_3D ( 'NONE', #3943, #4296, #2967 ) ;
#2175 = DIRECTION ( 'NONE',  ( 0.3420201433256633283, 0.0000000000000000000, -0.9396926207859103153 ) ) ;
#2176 = ORIENTED_EDGE ( 'NONE', *, *, #2528, .T. ) ;
#2177 = DIRECTION ( 'NONE',  ( 0.3420201433256633283, 0.0000000000000000000, -0.9396926207859103153 ) ) ;
#2178 = EDGE_CURVE ( 'NONE', #2128, #266, #4038, .T. ) ;
#2179 = MECHANICAL_DESIGN_GEOMETRIC_PRESENTATION_REPRESENTATION (  '', ( #4362 ), #2606 ) ;
#2180 = EDGE_CURVE ( 'NONE', #220, #3528, #4292, .T. ) ;
#2181 = DIRECTION ( 'NONE',  ( 0.0000000000000000000, 0.0000000000000000000, 1.000000000000000000 ) ) ;
#2182 = DIRECTION ( 'NONE',  ( -1.000000000000000000, -0.0000000000000000000, -0.0000000000000000000 ) ) ;
#2183 = VERTEX_POINT ( 'NONE', #3043 ) ;
#2184 = ORIENTED_EDGE ( 'NONE', *, *, #4057, .F. ) ;
#2185 = LINE ( 'NONE', #4179, #3186 ) ;
#2186 = VECTOR ( 'NONE', #3708, 39.37007874015748143 ) ;
#2187 = VECTOR ( 'NONE', #734, 39.37007874015748854 ) ;
#2188 = DIRECTION ( 'NONE',  ( -0.3420201433256694346, -0.0000000000000000000, -0.9396926207859080948 ) ) ;
#2189 = DIRECTION ( 'NONE',  ( 0.0000000000000000000, 0.0000000000000000000, 1.000000000000000000 ) ) ;
#2190 = EDGE_LOOP ( 'NONE', ( #2464, #3293, #1069, #2616 ) ) ;
#2191 = FACE_BOUND ( 'NONE', #4209, .T. ) ;
#2192 = VECTOR ( 'NONE', #2657, 39.37007874015748143 ) ;
#2193 = DIRECTION ( 'NONE',  ( -0.0000000000000000000, 1.000000000000000000, -0.0000000000000000000 ) ) ;
#2194 = ORIENTED_EDGE ( 'NONE', *, *, #935, .T. ) ;
#2195 = CARTESIAN_POINT ( 'NONE',  ( 0.03796746881030719362, 0.0000000000000000000, -0.1499999999999999944 ) ) ;
#2196 = FACE_OUTER_BOUND ( 'NONE', #1216, .T. ) ;
#2197 = DIRECTION ( 'NONE',  ( 0.0000000000000000000, 0.0000000000000000000, -1.000000000000000000 ) ) ;
#2198 = LINE ( 'NONE', #170, #632 ) ;
#2199 = ORIENTED_EDGE ( 'NONE', *, *, #1782, .F. ) ;
#2200 = VERTEX_POINT ( 'NONE', #2899 ) ;
#2201 = DIRECTION ( 'NONE',  ( -0.0000000000000000000, 1.000000000000000000, -0.0000000000000000000 ) ) ;
#2202 = LINE ( 'NONE', #513, #4349 ) ;
#2203 = ORIENTED_EDGE ( 'NONE', *, *, #872, .F. ) ;
#2204 = EDGE_CURVE ( 'NONE', #3512, #72, #1374, .T. ) ;
#2205 = ORIENTED_EDGE ( 'NONE', *, *, #791, .T. ) ;
#2206 = CARTESIAN_POINT ( 'NONE',  ( 0.2900000000000004796, -1.092126874066131501E-15, 0.0000000000000000000 ) ) ;
#2207 = EDGE_CURVE ( 'NONE', #557, #2183, #3397, .T. ) ;
#2208 = LINE ( 'NONE', #1254, #3724 ) ;
#2209 = FACE_OUTER_BOUND ( 'NONE', #3508, .T. ) ;
#2210 = ORIENTED_EDGE ( 'NONE', *, *, #2407, .F. ) ;
#2211 = EDGE_CURVE ( 'NONE', #1617, #3399, #124, .T. ) ;
#2212 = DIRECTION ( 'NONE',  ( -0.0000000000000000000, 1.000000000000000000, -0.0000000000000000000 ) ) ;
#2213 = VECTOR ( 'NONE', #2236, 39.37007874015748143 ) ;
#2214 = FACE_OUTER_BOUND ( 'NONE', #3497, .T. ) ;
#2215 = ORIENTED_EDGE ( 'NONE', *, *, #3579, .T. ) ;
#2216 = LINE ( 'NONE', #3553, #3287 ) ;
#2217 = CARTESIAN_POINT ( 'NONE',  ( 0.5379674688103072144, -0.03520000000000000212, -0.1212599999999994932 ) ) ;
#2218 = VERTEX_POINT ( 'NONE', #3359 ) ;
#2219 = AXIS2_PLACEMENT_3D ( 'NONE', #3453, #402, #1857 ) ;
#2220 = DIRECTION ( 'NONE',  ( -0.0000000000000000000, 1.000000000000000000, -0.0000000000000000000 ) ) ;
#2221 = VERTEX_POINT ( 'NONE', #327 ) ;
#2222 = ORIENTED_EDGE ( 'NONE', *, *, #63, .T. ) ;
#2223 = CARTESIAN_POINT ( 'NONE',  ( 0.2800000000000003042, 0.0000000000000000000, 0.0000000000000000000 ) ) ;
#2224 = LINE ( 'NONE', #1201, #4041 ) ;
#2225 = CARTESIAN_POINT ( 'NONE',  ( 0.5759349376206148730, -0.1100000000000000006, -0.2000000000000000111 ) ) ;
#2226 = ORIENTED_EDGE ( 'NONE', *, *, #3684, .F. ) ;
#2227 = CYLINDRICAL_SURFACE ( 'NONE', #3756, 0.02874000000000051860 ) ;
#2228 = EDGE_CURVE ( 'NONE', #2122, #2990, #18, .T. ) ;
#2229 = LENGTH_MEASURE_WITH_UNIT ( LENGTH_MEASURE( 0.02539999999999999897 ), #593 );
#2230 = PRODUCT_DEFINITION_SHAPE ( 'NONE', 'NONE',  #4367 ) ;
#2231 = DIRECTION ( 'NONE',  ( -0.0000000000000000000, 1.000000000000000000, -0.0000000000000000000 ) ) ;
#2232 = CARTESIAN_POINT ( 'NONE',  ( 0.1942664688103074300, 0.0000000000000000000, -0.1842499999999996918 ) ) ;
#2233 = EDGE_CURVE ( 'NONE', #2705, #1921, #713, .T. ) ;
#2234 = CARTESIAN_POINT ( 'NONE',  ( 0.4379674688103072366, -0.03520000000000000212, -0.1125999999999994644 ) ) ;
#2235 = ORIENTED_EDGE ( 'NONE', *, *, #1314, .F. ) ;
#2236 = DIRECTION ( 'NONE',  ( -0.0000000000000000000, 1.000000000000000000, -0.0000000000000000000 ) ) ;
#2237 = DIRECTION ( 'NONE',  ( 0.0000000000000000000, 0.0000000000000000000, 1.000000000000000000 ) ) ;
#2238 = ADVANCED_FACE ( 'NONE', ( #4267 ), #225, .F. ) ;
#2239 = DIRECTION ( 'NONE',  ( 0.0000000000000000000, 0.0000000000000000000, 1.000000000000000000 ) ) ;
#2240 = EDGE_LOOP ( 'NONE', ( #2277, #3298, #3821, #964 ) ) ;
#2241 = DIRECTION ( 'NONE',  ( 1.000000000000000000, 0.0000000000000000000, 0.0000000000000000000 ) ) ;
#2242 = AXIS2_PLACEMENT_3D ( 'NONE', #25, #724, #1381 ) ;
#2243 = CARTESIAN_POINT ( 'NONE',  ( 0.5759349376206148730, -0.1100000000000000006, -0.2000000000000000111 ) ) ;
#2244 = CARTESIAN_POINT ( 'NONE',  ( 0.4942664688103074466, -0.1100000000000000006, -0.01574999999999998623 ) ) ;
#2245 = ORIENTED_EDGE ( 'NONE', *, *, #56, .F. ) ;
#2246 = DIMENSIONAL_EXPONENTS ( 1.000000000000000000, 0.0000000000000000000, 0.0000000000000000000, 0.0000000000000000000, 0.0000000000000000000, 0.0000000000000000000, 0.0000000000000000000 ) ;
#2247 = VECTOR ( 'NONE', #955, 39.37007874015748143 ) ;
#2248 = CARTESIAN_POINT ( 'NONE',  ( 0.1816684688103074319, 0.0000000000000000000, -0.1842499999999996085 ) ) ;
#2249 = ORIENTED_EDGE ( 'NONE', *, *, #1938, .T. ) ;
#2250 = LINE ( 'NONE', #4286, #3049 ) ;
#2251 = ORIENTED_EDGE ( 'NONE', *, *, #2767, .T. ) ;
#2252 = CIRCLE ( 'NONE', #3074, 0.03499999999999785227 ) ;
#2253 = CARTESIAN_POINT ( 'NONE',  ( 0.0000000000000000000, 0.0000000000000000000, 0.0000000000000000000 ) ) ;
#2254 = DIRECTION ( 'NONE',  ( -6.522075230939960446E-16, 0.0000000000000000000, -1.000000000000000000 ) ) ;
#2255 = ORIENTED_EDGE ( 'NONE', *, *, #1674, .F. ) ;
#2256 = CARTESIAN_POINT ( 'NONE',  ( 0.08166846881030742633, -0.1100000000000000006, -0.1842499999999996085 ) ) ;
#2257 = LINE ( 'NONE', #205, #2436 ) ;
#2258 = AXIS2_PLACEMENT_3D ( 'NONE', #2640, #963, #888 ) ;
#2259 = ITEM_DEFINED_TRANSFORMATION ( 'NONE', 'NONE', #3079,  #1331 ) ;
#2260 = DIRECTION ( 'NONE',  ( -0.0000000000000000000, 1.000000000000000000, -0.0000000000000000000 ) ) ;
#2261 = CARTESIAN_POINT ( 'NONE',  ( 0.1667074688103077074, -0.03520000000000000212, -0.1499999999999999944 ) ) ;
#2262 = VECTOR ( 'NONE', #2509, 39.37007874015748143 ) ;
#2263 = ORIENTED_EDGE ( 'NONE', *, *, #819, .T. ) ;
#2264 = PRODUCT_DEFINITION ( 'UNKNOWN', '', #4138, #3593 ) ;
#2265 = VECTOR ( 'NONE', #1609, 39.37007874015748143 ) ;
#2266 = DIRECTION ( 'NONE',  ( -1.000000000000000000, -0.0000000000000000000, -0.0000000000000000000 ) ) ;
#2267 = ORIENTED_EDGE ( 'NONE', *, *, #221, .T. ) ;
#2268 = EDGE_CURVE ( 'NONE', #1278, #33, #992, .T. ) ;
#2269 = CIRCLE ( 'NONE', #1991, 0.02874000000000051860 ) ;
#2270 = CARTESIAN_POINT ( 'NONE',  ( 0.03796746881030719362, -0.03520000000000000212, -0.1499999999999999944 ) ) ;
#2271 = PLANE ( 'NONE',  #4123 ) ;
#2272 = EDGE_CURVE ( 'NONE', #1390, #2784, #1023, .T. ) ;
#2273 = ORIENTED_EDGE ( 'NONE', *, *, #1068, .F. ) ;
#2274 = LINE ( 'NONE', #1600, #3150 ) ;
#2275 = ORIENTED_EDGE ( 'NONE', *, *, #4159, .T. ) ;
#2276 = DIRECTION ( 'NONE',  ( 0.0000000000000000000, 1.000000000000000000, 0.0000000000000000000 ) ) ;
#2277 = ORIENTED_EDGE ( 'NONE', *, *, #721, .T. ) ;
#2278 = PRODUCT_DEFINITION_SHAPE ( 'NONE', 'NONE',  #4370 ) ;
#2279 = PLANE ( 'NONE',  #1531 ) ;
#2280 = ORIENTED_EDGE ( 'NONE', *, *, #1115, .T. ) ;
#2281 = CARTESIAN_POINT ( 'NONE',  ( 0.4816684688103073930, 0.0000000000000000000, -0.01574999999999998623 ) ) ;
#2282 = ORIENTED_EDGE ( 'NONE', *, *, #164, .T. ) ;
#2283 = LINE ( 'NONE', #2877, #2646 ) ;
#2284 = DIRECTION ( 'NONE',  ( 0.0000000000000000000, 0.0000000000000000000, 1.000000000000000000 ) ) ;
#2285 = CARTESIAN_POINT ( 'NONE',  ( 0.2379674688103072255, 0.0000000000000000000, -0.01259999999999946926 ) ) ;
#2286 = DIRECTION ( 'NONE',  ( -0.0000000000000000000, 1.000000000000000000, -0.0000000000000000000 ) ) ;
#2287 = CIRCLE ( 'NONE', #2824, 0.009999999999999346217 ) ;
#2288 = ORIENTED_EDGE ( 'NONE', *, *, #4109, .F. ) ;
#2289 = CARTESIAN_POINT ( 'NONE',  ( 0.2800000000000003042, -1.092739197465705287E-15, 0.0000000000000000000 ) ) ;
#2290 = LINE ( 'NONE', #210, #772 ) ;
#2291 = ORIENTED_EDGE ( 'NONE', *, *, #4272, .T. ) ;
#2292 = DIRECTION ( 'NONE',  ( 1.000000000000000000, 0.0000000000000000000, 0.0000000000000000000 ) ) ;
#2293 = DIRECTION ( 'NONE',  ( -0.0000000000000000000, 1.000000000000000000, -0.0000000000000000000 ) ) ;
#2294 = FACE_OUTER_BOUND ( 'NONE', #3137, .T. ) ;
#2295 = ADVANCED_FACE ( 'NONE', ( #3709 ), #2578, .F. ) ;
#2296 = DIRECTION ( 'NONE',  ( -0.0000000000000000000, 1.000000000000000000, -0.0000000000000000000 ) ) ;
#2297 = EDGE_CURVE ( 'NONE', #1855, #647, #3148, .T. ) ;
#2298 = ORIENTED_EDGE ( 'NONE', *, *, #1088, .T. ) ;
#2299 = DIRECTION ( 'NONE',  ( -0.0000000000000000000, 1.000000000000000000, -0.0000000000000000000 ) ) ;
#2300 = VERTEX_POINT ( 'NONE', #1485 ) ;
#2301 = AXIS2_PLACEMENT_3D ( 'NONE', #3073, #1423, #3537 ) ;
#2302 = VECTOR ( 'NONE', #3960, 39.37007874015748143 ) ;
#2303 = DIRECTION ( 'NONE',  ( -1.000000000000000000, -0.0000000000000000000, -0.0000000000000000000 ) ) ;
#2304 = ADVANCED_FACE ( 'NONE', ( #4165 ), #2420, .F. ) ;
#2305 = ORIENTED_EDGE ( 'NONE', *, *, #1119, .T. ) ;
#2306 = LINE ( 'NONE', #2053, #2059 ) ;
#2307 = LINE ( 'NONE', #898, #2571 ) ;
#2308 = CARTESIAN_POINT ( 'NONE',  ( 0.5379674688103072144, 0.0000000000000000000, -0.04999999999999999584 ) ) ;
#2309 = CARTESIAN_POINT ( 'NONE',  ( 0.5379674688103072144, -0.03520000000000000212, -0.07874000000000051791 ) ) ;
#2310 = DIRECTION ( 'NONE',  ( 0.0000000000000000000, -0.0000000000000000000, -1.000000000000000000 ) ) ;
#2311 = LINE ( 'NONE', #931, #1298 ) ;
#2312 = CARTESIAN_POINT ( 'NONE',  ( 0.5816674688103072866, -0.1100000000000000006, -0.1842499999999999416 ) ) ;
#2313 = CARTESIAN_POINT ( 'NONE',  ( 0.3379674688103072033, -0.1100000000000000006, -0.02125999999999947723 ) ) ;
#2314 = DIRECTION ( 'NONE',  ( -0.0000000000000000000, 1.000000000000000000, -0.0000000000000000000 ) ) ;
#2315 = PRODUCT ( '1942', '1942', '', ( #2992 ) ) ;
#2316 = CARTESIAN_POINT ( 'NONE',  ( 0.1719999999999985985, 0.0000000000000000000, 0.0000000000000000000 ) ) ;
#2317 = AXIS2_PLACEMENT_3D ( 'NONE', #4162, #1455, #3504 ) ;
#2318 = LINE ( 'NONE', #3646, #2749 ) ;
#2319 = ORIENTED_EDGE ( 'NONE', *, *, #2028, .F. ) ;
#2320 = CARTESIAN_POINT ( 'NONE',  ( 0.4379674688103072366, 1.224646799147263287E-20, -0.1499999999999999944 ) ) ;
#2321 = AXIS2_PLACEMENT_3D ( 'NONE', #1933, #936, #961 ) ;
#2322 = ORIENTED_EDGE ( 'NONE', *, *, #375, .F. ) ;
#2323 = ORIENTED_EDGE ( 'NONE', *, *, #4133, .T. ) ;
#2324 = VECTOR ( 'NONE', #1246, 39.37007874015748143 ) ;
#2325 = EDGE_CURVE ( 'NONE', #2536, #2128, #3750, .T. ) ;
#2326 = DIRECTION ( 'NONE',  ( 1.000000000000000000, 0.0000000000000000000, -5.421193827719211569E-15 ) ) ;
#2327 = EDGE_LOOP ( 'NONE', ( #1872, #295 ) ) ;
#2328 = ADVANCED_FACE ( 'NONE', ( #794 ), #3418, .T. ) ;
#2329 = EDGE_CURVE ( 'NONE', #291, #4344, #1459, .T. ) ;
#2330 = DIRECTION ( 'NONE',  ( 0.3420201433256664925, 0.0000000000000000000, 0.9396926207859092051 ) ) ;
#2331 = DIRECTION ( 'NONE',  ( 0.0000000000000000000, 0.0000000000000000000, 1.000000000000000000 ) ) ;
#2332 = DIRECTION ( 'NONE',  ( -0.0000000000000000000, 1.000000000000000000, -0.0000000000000000000 ) ) ;
#2333 = ORIENTED_EDGE ( 'NONE', *, *, #306, .T. ) ;
#2334 = CARTESIAN_POINT ( 'NONE',  ( 0.1816684688103074041, 0.0000000000000000000, -0.01574999999999998623 ) ) ;
#2335 = VECTOR ( 'NONE', #459, 39.37007874015747433 ) ;
#2336 = DIRECTION ( 'NONE',  ( -0.0000000000000000000, 1.000000000000000000, -0.0000000000000000000 ) ) ;
#2337 = ORIENTED_EDGE ( 'NONE', *, *, #2528, .F. ) ;
#2338 = AXIS2_PLACEMENT_3D ( 'NONE', #4298, #316, #974 ) ;
#2339 = CARTESIAN_POINT ( 'NONE',  ( 0.1816684688103074319, -0.1100000000000000006, -0.1842499999999996085 ) ) ;
#2340 = CARTESIAN_POINT ( 'NONE',  ( 0.5759349376206148730, 0.0000000000000000000, -0.2000000000000000111 ) ) ;
#2341 = EDGE_LOOP ( 'NONE', ( #1534, #3149 ) ) ;
#2342 = DIRECTION ( 'NONE',  ( -1.000000000000000000, -0.0000000000000000000, -0.0000000000000000000 ) ) ;
#2343 = EDGE_LOOP ( 'NONE', ( #1670, #4115 ) ) ;
#2344 = CARTESIAN_POINT ( 'NONE',  ( 0.5379674688103072144, 0.0000000000000000000, -0.08740000000000051894 ) ) ;
#2345 = CARTESIAN_POINT ( 'NONE',  ( 0.0000000000000000000, 1.224646799147256317E-18, -0.009999999999999210909 ) ) ;
#2346 = ORIENTED_EDGE ( 'NONE', *, *, #3412, .F. ) ;
#2347 = EDGE_LOOP ( 'NONE', ( #173, #611, #1008, #2439, #2553 ) ) ;
#2348 = ITEM_DEFINED_TRANSFORMATION ( 'NONE', 'NONE', #2174,  #1331 ) ;
#2349 = DIRECTION ( 'NONE',  ( 0.0000000000000000000, -0.0000000000000000000, -1.000000000000000000 ) ) ;
#2350 = PRODUCT_DEFINITION_SHAPE ( 'NONE', 'NONE',  #4373 ) ;
#2351 = EDGE_CURVE ( 'NONE', #4361, #4065, #4099, .T. ) ;
#2352 = DIRECTION ( 'NONE',  ( -0.9396926207859092051, 0.0000000000000000000, 0.3420201433256664925 ) ) ;
#2353 = LINE ( 'NONE', #1950, #753 ) ;
#2354 = ORIENTED_EDGE ( 'NONE', *, *, #4334, .F. ) ;
#2355 = EDGE_CURVE ( 'NONE', #1575, #161, #1436, .T. ) ;
#2356 = DIRECTION ( 'NONE',  ( -0.0000000000000000000, 1.000000000000000000, -0.0000000000000000000 ) ) ;
#2357 = ADVANCED_FACE ( 'NONE', ( #2110 ), #122, .F. ) ;
#2358 = CARTESIAN_POINT ( 'NONE',  ( 0.1379674688103071922, 0.0000000000000000000, -0.04999999999999999584 ) ) ;
#2359 = CARTESIAN_POINT ( 'NONE',  ( 0.3379674688103072033, 0.0000000000000000000, -0.1499999999999999944 ) ) ;
#2360 = LINE ( 'NONE', #2340, #2617 ) ;
#2361 = EDGE_LOOP ( 'NONE', ( #2758, #4232, #3269, #2449 ) ) ;
#2362 = CARTESIAN_POINT ( 'NONE',  ( 0.2379674688103072255, -0.03520000000000000212, -0.04999999999999999584 ) ) ;
#2363 = VERTEX_POINT ( 'NONE', #1082 ) ;
#2364 = VERTEX_POINT ( 'NONE', #4120 ) ;
#2365 = CARTESIAN_POINT ( 'NONE',  ( 0.2999990000000001267, -0.1100000000000000006, -0.1999999999999999833 ) ) ;
#2366 = VERTEX_POINT ( 'NONE', #2441 ) ;
#2367 = VECTOR ( 'NONE', #4048, 39.37007874015748143 ) ;
#2368 = ORIENTED_EDGE ( 'NONE', *, *, #4009, .T. ) ;
#2369 = VECTOR ( 'NONE', #2177, 39.37007874015748854 ) ;
#2370 = CARTESIAN_POINT ( 'NONE',  ( 0.1379674688103071922, 1.224646799147263287E-20, -0.04999999999999999584 ) ) ;
#2371 = DIRECTION ( 'NONE',  ( -0.0000000000000000000, 1.000000000000000000, -0.0000000000000000000 ) ) ;
#2372 = VERTEX_POINT ( 'NONE', #59 ) ;
#2373 = DIRECTION ( 'NONE',  ( -0.0000000000000000000, 1.000000000000000000, -0.0000000000000000000 ) ) ;
#2374 = EDGE_CURVE ( 'NONE', #3336, #4275, #2820, .T. ) ;
#2375 = EDGE_CURVE ( 'NONE', #921, #3539, #1550, .T. ) ;
#2376 = CARTESIAN_POINT ( 'NONE',  ( 0.03796746881030719362, 0.0000000000000000000, -0.02125999999999947376 ) ) ;
#2377 = CARTESIAN_POINT ( 'NONE',  ( 0.2942664688103074355, 0.0000000000000000000, -0.1842499999999996918 ) ) ;
#2378 = ORIENTED_EDGE ( 'NONE', *, *, #1773, .T. ) ;
#2379 = EDGE_CURVE ( 'NONE', #920, #466, #3514, .T. ) ;
#2380 = CARTESIAN_POINT ( 'NONE',  ( 0.5816674688103072866, -0.1100000000000000006, -0.1842499999999999416 ) ) ;
#2381 = LINE ( 'NONE', #2281, #3591 ) ;
#2382 = EDGE_LOOP ( 'NONE', ( #1181, #1692, #3065, #685 ) ) ;
#2383 = ORIENTED_EDGE ( 'NONE', *, *, #1885, .T. ) ;
#2384 = AXIS2_PLACEMENT_3D ( 'NONE', #2844, #1461, #1145 ) ;
#2385 = DIRECTION ( 'NONE',  ( -0.0000000000000000000, 1.000000000000000000, -0.0000000000000000000 ) ) ;
#2386 = AXIS2_PLACEMENT_3D ( 'NONE', #4211, #1168, #3482 ) ;
#2387 = ORIENTED_EDGE ( 'NONE', *, *, #2767, .F. ) ;
#2388 = VERTEX_POINT ( 'NONE', #3768 ) ;
#2389 = VECTOR ( 'NONE', #2535, 39.37007874015748143 ) ;
#2390 = DIRECTION ( 'NONE',  ( 0.0000000000000000000, 0.0000000000000000000, 1.000000000000000000 ) ) ;
#2391 = DIRECTION ( 'NONE',  ( 0.0000000000000000000, 0.0000000000000000000, 1.000000000000000000 ) ) ;
#2392 = CIRCLE ( 'NONE', #899, 0.03740000000000053004 ) ;
#2393 = CARTESIAN_POINT ( 'NONE',  ( 0.0000000000000000000, 0.0000000000000000000, 0.0000000000000000000 ) ) ;
#2394 = VERTEX_POINT ( 'NONE', #2503 ) ;
#2395 = DIRECTION ( 'NONE',  ( -0.0000000000000000000, 1.000000000000000000, -0.0000000000000000000 ) ) ;
#2396 = AXIS2_PLACEMENT_3D ( 'NONE', #4130, #2331, #610 ) ;
#2397 = DIRECTION ( 'NONE',  ( -0.0000000000000000000, 1.000000000000000000, -0.0000000000000000000 ) ) ;
#2398 = CARTESIAN_POINT ( 'NONE',  ( 0.03796746881030720056, -0.03520000000000000212, -0.08740000000000051894 ) ) ;
#2399 = VECTOR ( 'NONE', #3511, 39.37007874015748143 ) ;
#2400 = ORIENTED_EDGE ( 'NONE', *, *, #3549, .T. ) ;
#2401 = DIRECTION ( 'NONE',  ( -1.000000000000000000, -0.0000000000000000000, -0.0000000000000000000 ) ) ;
#2402 = ADVANCED_FACE ( 'NONE', ( #2760 ), #754, .F. ) ;
#2403 = CARTESIAN_POINT ( 'NONE',  ( 0.4816684688103073930, -0.1100000000000000006, -0.01574999999999998623 ) ) ;
#2404 = VERTEX_POINT ( 'NONE', #413 ) ;
#2405 = ORIENTED_EDGE ( 'NONE', *, *, #1115, .F. ) ;
#2406 = AXIS2_PLACEMENT_3D ( 'NONE', #2630, #1661, #1326 ) ;
#2407 = EDGE_CURVE ( 'NONE', #1683, #2035, #3831, .T. ) ;
#2408 = FACE_OUTER_BOUND ( 'NONE', #3561, .T. ) ;
#2409 = AXIS2_PLACEMENT_3D ( 'NONE', #2547, #2193, #1262 ) ;
#2410 = EDGE_LOOP ( 'NONE', ( #3314, #1760 ) ) ;
#2411 = CONICAL_SURFACE ( 'NONE', #412, 0.02649999999999929495, 0.2617993877990257845 ) ;
#2412 = CARTESIAN_POINT ( 'NONE',  ( 0.03796746881030719362, -0.03520000000000000212, -0.04999999999999999584 ) ) ;
#2413 = ORIENTED_EDGE ( 'NONE', *, *, #3110, .T. ) ;
#2414 = CARTESIAN_POINT ( 'NONE',  ( 0.5379674688103072144, -0.1100000000000000006, -0.1212599999999994932 ) ) ;
#2415 = DIRECTION ( 'NONE',  ( 1.000000000000000000, 0.0000000000000000000, 0.0000000000000000000 ) ) ;
#2416 = DIRECTION ( 'NONE',  ( -0.3420201433256720991, 0.0000000000000000000, 0.9396926207859070956 ) ) ;
#2417 = ORIENTED_EDGE ( 'NONE', *, *, #791, .F. ) ;
#2418 = DIRECTION ( 'NONE',  ( 0.0000000000000000000, -1.000000000000000000, 0.0000000000000000000 ) ) ;
#2419 = LINE ( 'NONE', #969, #2727 ) ;
#2420 = PLANE ( 'NONE',  #838 ) ;
#2421 = VERTEX_POINT ( 'NONE', #3107 ) ;
#2422 = ORIENTED_EDGE ( 'NONE', *, *, #4225, .F. ) ;
#2423 = LINE ( 'NONE', #3792, #994 ) ;
#2424 = EDGE_CURVE ( 'NONE', #1733, #3505, #2269, .T. ) ;
#2425 = ADVANCED_FACE ( 'NONE', ( #2740 ), #1062, .F. ) ;
#2426 = VERTEX_POINT ( 'NONE', #858 ) ;
#2427 = AXIS2_PLACEMENT_3D ( 'NONE', #384, #4033, #52 ) ;
#2428 = ITEM_DEFINED_TRANSFORMATION ( 'NONE', 'NONE', #4066,  #1331 ) ;
#2429 = ADVANCED_FACE ( 'NONE', ( #2214 ), #2567, .T. ) ;
#2430 = AXIS2_PLACEMENT_3D ( 'NONE', #2143, #3103, #4118 ) ;
#2431 = CARTESIAN_POINT ( 'NONE',  ( 0.3379674688103072033, 0.0000000000000000000, -0.07874000000000051791 ) ) ;
#2432 = ORIENTED_EDGE ( 'NONE', *, *, #4268, .F. ) ;
#2433 = CARTESIAN_POINT ( 'NONE',  ( 0.5759349376206148730, -0.1100000000000000006, -0.2000000000000000111 ) ) ;
#2434 = ORIENTED_EDGE ( 'NONE', *, *, #3733, .F. ) ;
#2435 = CARTESIAN_POINT ( 'NONE',  ( 0.5759349376206146509, -0.1100000000000000006, 0.0000000000000000000 ) ) ;
#2436 = VECTOR ( 'NONE', #591, 39.37007874015748143 ) ;
#2437 = CYLINDRICAL_SURFACE ( 'NONE', #73, 0.02800000000000000405 ) ;
#2438 = LINE ( 'NONE', #3039, #3066 ) ;
#2439 = ORIENTED_EDGE ( 'NONE', *, *, #1226, .T. ) ;
#2440 = DIRECTION ( 'NONE',  ( 0.9396926207859104263, 0.0000000000000000000, 0.3420201433256633838 ) ) ;
#2441 = CARTESIAN_POINT ( 'NONE',  ( 0.1719999999999985985, 1.224646799147273266E-18, -0.009999999999999349687 ) ) ;
#2442 = ORIENTED_EDGE ( 'NONE', *, *, #485, .F. ) ;
#2443 = VERTEX_POINT ( 'NONE', #3195 ) ;
#2444 = CARTESIAN_POINT ( 'NONE',  ( 0.4379674688103072366, 1.224646799147263287E-20, -0.08740000000000051894 ) ) ;
#2445 = ORIENTED_EDGE ( 'NONE', *, *, #1172, .F. ) ;
#2446 = EDGE_CURVE ( 'NONE', #3336, #2221, #2290, .T. ) ;
#2447 = AXIS2_PLACEMENT_3D ( 'NONE', #1934, #3267, #1389 ) ;
#2448 = LINE ( 'NONE', #1052, #678 ) ;
#2449 = ORIENTED_EDGE ( 'NONE', *, *, #3412, .T. ) ;
#2450 = EDGE_CURVE ( 'NONE', #2009, #2721, #477, .T. ) ;
#2451 = CARTESIAN_POINT ( 'NONE',  ( -0.005732531189692388444, -0.1100000000000000006, -0.1842499999999996918 ) ) ;
#2452 = VECTOR ( 'NONE', #262, 39.37007874015748854 ) ;
#2453 = ORIENTED_EDGE ( 'NONE', *, *, #1096, .T. ) ;
#2454 = DIRECTION ( 'NONE',  ( 0.0000000000000000000, 0.0000000000000000000, 1.000000000000000000 ) ) ;
#2455 = EDGE_CURVE ( 'NONE', #871, #2421, #2593, .T. ) ;
#2456 = CIRCLE ( 'NONE', #1605, 0.02800000000000000405 ) ;
#2457 = PRODUCT_DEFINITION_CONTEXT ( 'detailed design', #238, 'design' ) ;
#2458 = DIRECTION ( 'NONE',  ( -0.0000000000000000000, 1.000000000000000000, -0.0000000000000000000 ) ) ;
#2459 = CIRCLE ( 'NONE', #257, 0.02874000000000051860 ) ;
#2460 = DIRECTION ( 'NONE',  ( -0.0000000000000000000, 1.000000000000000000, -0.0000000000000000000 ) ) ;
#2461 = ORIENTED_EDGE ( 'NONE', *, *, #1891, .F. ) ;
#2462 = AXIS2_PLACEMENT_3D ( 'NONE', #1415, #1104, #37 ) ;
#2463 = CARTESIAN_POINT ( 'NONE',  ( 0.1816684688103074319, 0.0000000000000000000, -0.1842499999999996085 ) ) ;
#2464 = ORIENTED_EDGE ( 'NONE', *, *, #3252, .F. ) ;
#2465 = ORIENTED_EDGE ( 'NONE', *, *, #3362, .F. ) ;
#2466 = DIRECTION ( 'NONE',  ( -0.0000000000000000000, 0.0000000000000000000, -1.000000000000000000 ) ) ;
#2467 = CARTESIAN_POINT ( 'NONE',  ( 0.3942664688103074133, -0.1100000000000000006, -0.1842499999999996918 ) ) ;
#2468 = CIRCLE ( 'NONE', #3854, 0.02874000000000052554 ) ;
#2469 = ORIENTED_EDGE ( 'NONE', *, *, #1163, .T. ) ;
#2470 = AXIS2_PLACEMENT_3D ( 'NONE', #4011, #3257, #230 ) ;
#2471 = DIRECTION ( 'NONE',  ( 0.0000000000000000000, 0.0000000000000000000, 1.000000000000000000 ) ) ;
#2472 = EDGE_LOOP ( 'NONE', ( #2055, #1247, #864, #3770 ) ) ;
#2473 = CARTESIAN_POINT ( 'NONE',  ( 0.3379674688103072033, 0.0000000000000000000, -0.1499999999999999944 ) ) ;
#2474 = VECTOR ( 'NONE', #2148, 39.37007874015748143 ) ;
#2475 = ORIENTED_EDGE ( 'NONE', *, *, #4276, .T. ) ;
#2476 = DIRECTION ( 'NONE',  ( 0.9396926207859103153, -0.0000000000000000000, 0.3420201433256637169 ) ) ;
#2477 = ADVANCED_FACE ( 'NONE', ( #1189 ), #2931, .T. ) ;
#2478 = AXIS2_PLACEMENT_3D ( 'NONE', #260, #1954, #2972 ) ;
#2479 = ADVANCED_FACE ( 'NONE', ( #572 ), #2862, .F. ) ;
#2480 = CARTESIAN_POINT ( 'NONE',  ( 0.2942664688103074355, -0.1100000000000000006, -0.1842499999999996918 ) ) ;
#2481 = CARTESIAN_POINT ( 'NONE',  ( 0.3759359376206146686, -0.1100000000000000006, -9.478001694819074349E-34 ) ) ;
#2482 = DIRECTION ( 'NONE',  ( -0.0000000000000000000, 1.000000000000000000, -0.0000000000000000000 ) ) ;
#2483 = VERTEX_POINT ( 'NONE', #1930 ) ;
#2484 = EDGE_CURVE ( 'NONE', #637, #3127, #3373, .T. ) ;
#2485 = CARTESIAN_POINT ( 'NONE',  ( 0.08166846881030738470, -0.1100000000000000006, -0.01574999999999998623 ) ) ;
#2486 = EDGE_LOOP ( 'NONE', ( #2706, #1654 ) ) ;
#2487 = CARTESIAN_POINT ( 'NONE',  ( 0.3816684688103073597, -0.1100000000000000006, -0.01574999999999998623 ) ) ;
#2488 = CARTESIAN_POINT ( 'NONE',  ( 0.1999990000000001211, 0.0000000000000000000, 0.0000000000000000000 ) ) ;
#2489 = CARTESIAN_POINT ( 'NONE',  ( 0.1379674688103071922, -0.03520000000000000212, -0.1212599999999994932 ) ) ;
#2490 = ORIENTED_EDGE ( 'NONE', *, *, #1562, .F. ) ;
#2491 = CARTESIAN_POINT ( 'NONE',  ( 0.3379674688103072033, -0.03520000000000000212, -0.02125999999999947029 ) ) ;
#2492 = ORIENTED_EDGE ( 'NONE', *, *, #1198, .T. ) ;
#2493 = LINE ( 'NONE', #1155, #3992 ) ;
#2494 = EDGE_LOOP ( 'NONE', ( #2857, #3843 ) ) ;
#2495 = DIRECTION ( 'NONE',  ( -0.3420201433256694346, -0.0000000000000000000, -0.9396926207859080948 ) ) ;
#2496 = CIRCLE ( 'NONE', #4104, 0.03740000000000053004 ) ;
#2497 = DIRECTION ( 'NONE',  ( -1.000000000000000000, -0.0000000000000000000, -0.0000000000000000000 ) ) ;
#2498 = FACE_OUTER_BOUND ( 'NONE', #3398, .T. ) ;
#2499 = EDGE_CURVE ( 'NONE', #2128, #1070, #3264, .T. ) ;
#2500 = CARTESIAN_POINT ( 'NONE',  ( 0.3759359376206146686, -0.1100000000000000006, -0.1999999999999999833 ) ) ;
#2501 = EDGE_CURVE ( 'NONE', #3795, #4312, #4234, .T. ) ;
#2502 = ORIENTED_EDGE ( 'NONE', *, *, #1067, .T. ) ;
#2503 = CARTESIAN_POINT ( 'NONE',  ( 0.3816684688103073597, 0.0000000000000000000, -0.01574999999999998623 ) ) ;
#2504 = ORIENTED_EDGE ( 'NONE', *, *, #3949, .F. ) ;
#2505 = ADVANCED_FACE ( 'NONE', ( #1595 ), #1164, .F. ) ;
#2506 = CARTESIAN_POINT ( 'NONE',  ( -0.005732531189692388444, 0.0000000000000000000, -0.1842499999999996918 ) ) ;
#2507 = DIRECTION ( 'NONE',  ( -0.0000000000000000000, 1.000000000000000000, -0.0000000000000000000 ) ) ;
#2508 = EDGE_CURVE ( 'NONE', #3655, #48, #2121, .T. ) ;
#2509 = DIRECTION ( 'NONE',  ( -0.0000000000000000000, 1.000000000000000000, -0.0000000000000000000 ) ) ;
#2510 = EDGE_LOOP ( 'NONE', ( #1354, #4313, #489, #2417 ) ) ;
#2511 = DIRECTION ( 'NONE',  ( -1.000000000000000000, -0.0000000000000000000, -0.0000000000000000000 ) ) ;
#2512 = DIRECTION ( 'NONE',  ( -0.0000000000000000000, 1.000000000000000000, -0.0000000000000000000 ) ) ;
#2513 = EDGE_LOOP ( 'NONE', ( #3105, #527, #2205, #3653 ) ) ;
#2514 = CARTESIAN_POINT ( 'NONE',  ( 0.3667074688103076907, -0.03520000000000000212, -0.04999999999999999584 ) ) ;
#2515 = ORIENTED_EDGE ( 'NONE', *, *, #3685, .F. ) ;
#2516 = LINE ( 'NONE', #4136, #1871 ) ;
#2517 = PLANE ( 'NONE',  #120 ) ;
#2518 = VECTOR ( 'NONE', #2822, 39.37007874015747433 ) ;
#2519 = DIRECTION ( 'NONE',  ( -0.0000000000000000000, 1.000000000000000000, -0.0000000000000000000 ) ) ;
#2520 = CARTESIAN_POINT ( 'NONE',  ( 0.07593593762061463803, -0.1100000000000000006, -0.1999999999999999833 ) ) ;
#2521 = DIRECTION ( 'NONE',  ( -0.0000000000000000000, 1.000000000000000000, -0.0000000000000000000 ) ) ;
#2522 = CARTESIAN_POINT ( 'NONE',  ( 0.5379674688103072144, -0.1100000000000000006, -0.04999999999999999584 ) ) ;
#2523 = ORIENTED_EDGE ( 'NONE', *, *, #4214, .T. ) ;
#2524 = CARTESIAN_POINT ( 'NONE',  ( 0.5759349376206148730, -0.1100000000000000006, -0.2000000000000000111 ) ) ;
#2525 = DIRECTION ( 'NONE',  ( -0.0000000000000000000, 1.000000000000000000, -0.0000000000000000000 ) ) ;
#2526 = ORIENTED_EDGE ( 'NONE', *, *, #3738, .F. ) ;
#2527 = CARTESIAN_POINT ( 'NONE',  ( 0.2379674688103072255, 1.224646799147263287E-20, -0.01259999999999946926 ) ) ;
#2528 = EDGE_CURVE ( 'NONE', #581, #2851, #2615, .T. ) ;
#2529 =( NAMED_UNIT ( * ) PLANE_ANGLE_UNIT ( ) SI_UNIT ( $, .RADIAN. ) );
#2530 = EDGE_CURVE ( 'NONE', #1608, #1935, #3233, .T. ) ;
#2531 = EDGE_LOOP ( 'NONE', ( #3739, #1471, #696, #2153 ) ) ;
#2532 = VERTEX_POINT ( 'NONE', #2885 ) ;
#2533 = AXIS2_PLACEMENT_3D ( 'NONE', #1850, #4191, #3533 ) ;
#2534 = DIRECTION ( 'NONE',  ( 0.0000000000000000000, 0.0000000000000000000, 1.000000000000000000 ) ) ;
#2535 = DIRECTION ( 'NONE',  ( -0.0000000000000000000, 1.000000000000000000, -0.0000000000000000000 ) ) ;
#2536 = VERTEX_POINT ( 'NONE', #3575 ) ;
#2537 = ORIENTED_EDGE ( 'NONE', *, *, #2765, .T. ) ;
#2538 = LINE ( 'NONE', #3543, #3550 ) ;
#2539 = AXIS2_PLACEMENT_3D ( 'NONE', #3168, #4180, #518 ) ;
#2540 = VECTOR ( 'NONE', #4143, 39.37007874015748143 ) ;
#2541 = DIRECTION ( 'NONE',  ( -0.0000000000000000000, 1.000000000000000000, -0.0000000000000000000 ) ) ;
#2542 = UNCERTAINTY_MEASURE_WITH_UNIT (LENGTH_MEASURE( 1.000000000000000082E-05 ), #3347, 'distance_accuracy_value', 'NONE');
#2543 = DIRECTION ( 'NONE',  ( 0.0000000000000000000, 0.0000000000000000000, 1.000000000000000000 ) ) ;
#2544 = ORIENTED_EDGE ( 'NONE', *, *, #2813, .F. ) ;
#2545 = FACE_BOUND ( 'NONE', #3473, .T. ) ;
#2546 = VECTOR ( 'NONE', #3008, 39.37007874015748143 ) ;
#2547 = CARTESIAN_POINT ( 'NONE',  ( 0.03796746881030719362, 0.0000000000000000000, -0.04999999999999999584 ) ) ;
#2548 = VERTEX_POINT ( 'NONE', #1909 ) ;
#2549 = CARTESIAN_POINT ( 'NONE',  ( 0.5759349376206148730, -0.1100000000000000006, -0.2000000000000000111 ) ) ;
#2550 = CARTESIAN_POINT ( 'NONE',  ( 0.3379674688103072033, -0.03520000000000000212, -0.1212599999999994932 ) ) ;
#2551 = FACE_OUTER_BOUND ( 'NONE', #3921, .T. ) ;
#2552 = ORIENTED_EDGE ( 'NONE', *, *, #3601, .F. ) ;
#2553 = ORIENTED_EDGE ( 'NONE', *, *, #1291, .F. ) ;
#2554 = EDGE_CURVE ( 'NONE', #2443, #637, #2747, .T. ) ;
#2555 = EDGE_CURVE ( 'NONE', #469, #1916, #3793, .T. ) ;
#2556 = FACE_OUTER_BOUND ( 'NONE', #2980, .T. ) ;
#2557 = CARTESIAN_POINT ( 'NONE',  ( 0.1719999999999985985, 0.0000000000000000000, 0.01699999999999820752 ) ) ;
#2558 = ORIENTED_EDGE ( 'NONE', *, *, #2735, .F. ) ;
#2559 = DIRECTION ( 'NONE',  ( -0.0000000000000000000, 1.000000000000000000, -0.0000000000000000000 ) ) ;
#2560 = EDGE_CURVE ( 'NONE', #1336, #3026, #4256, .T. ) ;
#2561 = CARTESIAN_POINT ( 'NONE',  ( 0.09999900000000011557, -0.1100000000000000006, 0.0000000000000000000 ) ) ;
#2562 = LINE ( 'NONE', #1861, #2795 ) ;
#2563 = CARTESIAN_POINT ( 'NONE',  ( 0.4999990000000001378, 0.0000000000000000000, 0.0000000000000000000 ) ) ;
#2564 = VECTOR ( 'NONE', #2415, 39.37007874015748143 ) ;
#2565 = DIRECTION ( 'NONE',  ( 0.0000000000000000000, 0.0000000000000000000, 1.000000000000000000 ) ) ;
#2566 = AXIS2_PLACEMENT_3D ( 'NONE', #904, #1593, #1929 ) ;
#2567 = CYLINDRICAL_SURFACE ( 'NONE', #344, 0.03499999999999785227 ) ;
#2568 = ORIENTED_EDGE ( 'NONE', *, *, #588, .F. ) ;
#2569 = LINE ( 'NONE', #2487, #4125 ) ;
#2570 = DIRECTION ( 'NONE',  ( 0.3420201433256665480, 0.0000000000000000000, 0.9396926207859092051 ) ) ;
#2571 = VECTOR ( 'NONE', #2580, 39.37007874015748143 ) ;
#2572 = CARTESIAN_POINT ( 'NONE',  ( 0.5879674688103072588, -0.1100000000000000006, -0.1842499999999999416 ) ) ;
#2573 = ORIENTED_EDGE ( 'NONE', *, *, #2715, .T. ) ;
#2574 = VERTEX_POINT ( 'NONE', #1644 ) ;
#2575 = DIRECTION ( 'NONE',  ( 0.0000000000000000000, -0.0000000000000000000, -1.000000000000000000 ) ) ;
#2576 = CARTESIAN_POINT ( 'NONE',  ( 0.2999990000000001267, -0.1100000000000000006, 0.0000000000000000000 ) ) ;
#2577 = EDGE_LOOP ( 'NONE', ( #1105, #1718, #145, #1699 ) ) ;
#2578 = PLANE ( 'NONE',  #1911 ) ;
#2579 = PRODUCT_RELATED_PRODUCT_CATEGORY ( 'part', '', ( #3635 ) ) ;
#2580 = DIRECTION ( 'NONE',  ( 1.000000000000000000, -0.0000000000000000000, -0.0000000000000000000 ) ) ;
#2581 = APPLICATION_PROTOCOL_DEFINITION ( 'draft international standard', 'automotive_design', 1998, #3940 ) ;
#2582 = PRODUCT_DEFINITION_SHAPE ( 'NONE', 'NONE',  #4376 ) ;
#2583 = EDGE_CURVE ( 'NONE', #3017, #1921, #3333, .T. ) ;
#2584 = DIRECTION ( 'NONE',  ( -0.0000000000000000000, 1.000000000000000000, -0.0000000000000000000 ) ) ;
#2585 = CARTESIAN_POINT ( 'NONE',  ( 0.09426646881030741054, 0.0000000000000000000, -0.01574999999999998623 ) ) ;
#2586 = CARTESIAN_POINT ( 'NONE',  ( 0.4379674688103072366, -0.03520000000000000212, -0.04999999999999999584 ) ) ;
#2587 = VECTOR ( 'NONE', #552, 39.37007874015748143 ) ;
#2588 = ORIENTED_EDGE ( 'NONE', *, *, #2154, .F. ) ;
#2589 = ADVANCED_FACE ( 'NONE', ( #3642 ), #959, .F. ) ;
#2590 = FACE_OUTER_BOUND ( 'NONE', #2513, .T. ) ;
#2591 = DIRECTION ( 'NONE',  ( 0.0000000000000000000, 0.0000000000000000000, 1.000000000000000000 ) ) ;
#2592 = CIRCLE ( 'NONE', #1888, 0.02874000000000051860 ) ;
#2593 = LINE ( 'NONE', #1505, #3726 ) ;
#2594 = CARTESIAN_POINT ( 'NONE',  ( 2.239553201765118668E-16, 0.0000000000000000000, -0.1999999999999996503 ) ) ;
#2595 = AXIS2_PLACEMENT_3D ( 'NONE', #2557, #4224, #3560 ) ;
#2596 = DIRECTION ( 'NONE',  ( -0.0000000000000000000, 1.000000000000000000, -0.0000000000000000000 ) ) ;
#2597 = ORIENTED_EDGE ( 'NONE', *, *, #695, .F. ) ;
#2598 = AXIS2_PLACEMENT_3D ( 'NONE', #2473, #3472, #3800 ) ;
#2599 = CARTESIAN_POINT ( 'NONE',  ( 0.2379674688103072255, 0.0000000000000000000, -0.04999999999999999584 ) ) ;
#2600 = EDGE_LOOP ( 'NONE', ( #43, #4023, #1006, #5 ) ) ;
#2601 = ORIENTED_EDGE ( 'NONE', *, *, #3654, .F. ) ;
#2602 = ORIENTED_EDGE ( 'NONE', *, *, #3310, .F. ) ;
#2603 = EDGE_LOOP ( 'NONE', ( #156, #3896, #4039, #1156 ) ) ;
#2604 = CARTESIAN_POINT ( 'NONE',  ( 0.1649999999999989253, 2.265596578422581083E-18, -0.01849999999999981520 ) ) ;
#2605 = CARTESIAN_POINT ( 'NONE',  ( 0.09426646881030741054, -0.1100000000000000006, -0.01574999999999998623 ) ) ;
#2606 =( GEOMETRIC_REPRESENTATION_CONTEXT ( 3 ) GLOBAL_UNCERTAINTY_ASSIGNED_CONTEXT ( ( #1302 ) ) GLOBAL_UNIT_ASSIGNED_CONTEXT ( ( #2114, #2529, #4169 ) ) REPRESENTATION_CONTEXT ( 'NONE', 'WORKASPACE' ) );
#2607 = DIRECTION ( 'NONE',  ( 0.0000000000000000000, 0.0000000000000000000, 1.000000000000000000 ) ) ;
#2608 = CARTESIAN_POINT ( 'NONE',  ( 0.1942664688103074300, -0.1100000000000000006, -0.01574999999999998623 ) ) ;
#2609 = AXIS2_PLACEMENT_3D ( 'NONE', #159, #2440, #1518 ) ;
#2610 = ORIENTED_EDGE ( 'NONE', *, *, #4085, .F. ) ;
#2611 = ADVANCED_FACE ( 'NONE', ( #3620, #598 ), #4324, .F. ) ;
#2612 = AXIS2_PLACEMENT_3D ( 'NONE', #3951, #3172, #3900 ) ;
#2613 = CARTESIAN_POINT ( 'NONE',  ( 0.08166846881030742633, -0.1100000000000000006, -0.1842499999999996085 ) ) ;
#2614 = ADVANCED_FACE ( 'NONE', ( #3288 ), #2008, .T. ) ;
#2615 = LINE ( 'NONE', #1548, #3157 ) ;
#2616 = ORIENTED_EDGE ( 'NONE', *, *, #3156, .T. ) ;
#2617 = VECTOR ( 'NONE', #2637, 39.37007874015748143 ) ;
#2618 = CARTESIAN_POINT ( 'NONE',  ( 0.1942664688103074300, -0.1100000000000000006, -0.01574999999999998623 ) ) ;
#2619 = CARTESIAN_POINT ( 'NONE',  ( 0.1759359376206146575, -0.1100000000000000006, -0.1999999999999999833 ) ) ;
#2620 = VERTEX_POINT ( 'NONE', #1622 ) ;
#2621 = ADVANCED_FACE ( 'NONE', ( #2955 ), #1287, .F. ) ;
#2622 = DIRECTION ( 'NONE',  ( 0.0000000000000000000, 0.0000000000000000000, 1.000000000000000000 ) ) ;
#2623 = VERTEX_POINT ( 'NONE', #2634 ) ;
#2624 = VERTEX_POINT ( 'NONE', #2313 ) ;
#2625 = CARTESIAN_POINT ( 'NONE',  ( 0.5759349376206148730, -0.1100000000000000006, -0.2000000000000000111 ) ) ;
#2626 = ORIENTED_EDGE ( 'NONE', *, *, #523, .F. ) ;
#2627 = CARTESIAN_POINT ( 'NONE',  ( 0.3999990000000001600, -0.1100000000000000006, -0.1999999999999999833 ) ) ;
#2628 = LINE ( 'NONE', #1587, #3619 ) ;
#2629 = DIRECTION ( 'NONE',  ( 0.0000000000000000000, 0.0000000000000000000, 1.000000000000000000 ) ) ;
#2630 = CARTESIAN_POINT ( 'NONE',  ( 0.4379674688103072366, -0.03520000000000000212, -0.1499999999999999944 ) ) ;
#2631 = DIRECTION ( 'NONE',  ( 0.0000000000000000000, -0.0000000000000000000, -1.000000000000000000 ) ) ;
#2632 = ORIENTED_EDGE ( 'NONE', *, *, #1615, .T. ) ;
#2633 = DIRECTION ( 'NONE',  ( -0.0000000000000000000, 1.000000000000000000, -0.0000000000000000000 ) ) ;
#2634 = CARTESIAN_POINT ( 'NONE',  ( 0.2379674688103072255, -0.03520000000000000212, -0.01259999999999946926 ) ) ;
#2635 = LINE ( 'NONE', #3972, #14 ) ;
#2636 = LINE ( 'NONE', #2958, #174 ) ;
#2637 = DIRECTION ( 'NONE',  ( -1.000000000000000000, 0.0000000000000000000, 6.522075230939960446E-16 ) ) ;
#2638 = ORIENTED_EDGE ( 'NONE', *, *, #3803, .T. ) ;
#2639 = AXIS2_PLACEMENT_3D ( 'NONE', #3018, #3036, #2755 ) ;
#2640 = CARTESIAN_POINT ( 'NONE',  ( 0.03796746881030719362, -0.1100000000000000006, -0.1499999999999999944 ) ) ;
#2641 = EDGE_CURVE ( 'NONE', #1079, #3735, #3313, .T. ) ;
#2642 = ORIENTED_EDGE ( 'NONE', *, *, #1017, .T. ) ;
#2643 = CARTESIAN_POINT ( 'NONE',  ( -0.01203253118969264436, 0.0000000000000000000, -0.01574999999999999664 ) ) ;
#2644 = EDGE_LOOP ( 'NONE', ( #3441, #2072, #1271, #859 ) ) ;
#2645 = EDGE_CURVE ( 'NONE', #755, #3832, #3993, .T. ) ;
#2646 = VECTOR ( 'NONE', #3303, 39.37007874015748143 ) ;
#2647 = VECTOR ( 'NONE', #2276, 39.37007874015748143 ) ;
#2648 = DIRECTION ( 'NONE',  ( -0.0000000000000000000, 1.000000000000000000, -0.0000000000000000000 ) ) ;
#2649 = VERTEX_POINT ( 'NONE', #4308 ) ;
#2650 =( NAMED_UNIT ( * ) PLANE_ANGLE_UNIT ( ) SI_UNIT ( $, .RADIAN. ) );
#2651 = DIRECTION ( 'NONE',  ( 0.0000000000000000000, 0.0000000000000000000, 1.000000000000000000 ) ) ;
#2652 = DIRECTION ( 'NONE',  ( -0.0000000000000000000, 1.000000000000000000, -0.0000000000000000000 ) ) ;
#2653 = CARTESIAN_POINT ( 'NONE',  ( 0.3942664688103074133, -0.1100000000000000006, -0.1842499999999996918 ) ) ;
#2654 = ORIENTED_EDGE ( 'NONE', *, *, #383, .F. ) ;
#2655 = CARTESIAN_POINT ( 'NONE',  ( 0.0000000000000000000, 4.286263797015472511E-18, -0.03499999999999785227 ) ) ;
#2656 = LINE ( 'NONE', #3991, #462 ) ;
#2657 = DIRECTION ( 'NONE',  ( 1.000000000000000000, 0.0000000000000000000, -5.421193827719211569E-15 ) ) ;
#2658 = DIRECTION ( 'NONE',  ( -0.0000000000000000000, 1.000000000000000000, -0.0000000000000000000 ) ) ;
#2659 = PRODUCT_DEFINITION_SHAPE ( 'NONE', 'NONE',  #4372 ) ;
#2660 = DIRECTION ( 'NONE',  ( 0.0000000000000000000, 0.0000000000000000000, 1.000000000000000000 ) ) ;
#2661 = VECTOR ( 'NONE', #2086, 39.37007874015748143 ) ;
#2662 = DIRECTION ( 'NONE',  ( -1.000000000000000000, 0.0000000000000000000, -1.266620916943744463E-17 ) ) ;
#2663 = ORIENTED_EDGE ( 'NONE', *, *, #198, .F. ) ;
#2664 = DIRECTION ( 'NONE',  ( -1.000000000000000000, -0.0000000000000000000, -0.0000000000000000000 ) ) ;
#2665 = CIRCLE ( 'NONE', #3358, 0.03740000000000053698 ) ;
#2666 = ORIENTED_EDGE ( 'NONE', *, *, #2924, .T. ) ;
#2667 = CARTESIAN_POINT ( 'NONE',  ( 0.2379674688103072255, -0.03520000000000000212, -0.1212599999999994932 ) ) ;
#2668 = DIRECTION ( 'NONE',  ( 0.3420201433256633283, 0.0000000000000000000, -0.9396926207859103153 ) ) ;
#2669 = EDGE_CURVE ( 'NONE', #3907, #2548, #2360, .T. ) ;
#2670 = CIRCLE ( 'NONE', #103, 0.03740000000000053698 ) ;
#2671 = EDGE_CURVE ( 'NONE', #3077, #970, #58, .T. ) ;
#2672 = DIRECTION ( 'NONE',  ( -0.0000000000000000000, 1.000000000000000000, -0.0000000000000000000 ) ) ;
#2673 = ORIENTED_EDGE ( 'NONE', *, *, #4057, .T. ) ;
#2674 = EDGE_LOOP ( 'NONE', ( #64, #2960, #1874, #392 ) ) ;
#2675 =( GEOMETRIC_REPRESENTATION_CONTEXT ( 3 ) GLOBAL_UNCERTAINTY_ASSIGNED_CONTEXT ( ( #4117 ) ) GLOBAL_UNIT_ASSIGNED_CONTEXT ( ( #4250, #4010, #3564 ) ) REPRESENTATION_CONTEXT ( 'NONE', 'WORKASPACE' ) );
#2676 = EDGE_CURVE ( 'NONE', #2821, #557, #1988, .T. ) ;
#2677 = CARTESIAN_POINT ( 'NONE',  ( 0.09426646881030743830, 0.0000000000000000000, -0.01574999999999998623 ) ) ;
#2678 = EDGE_LOOP ( 'NONE', ( #3420, #3410, #428, #4300 ) ) ;
#2679 = DIRECTION ( 'NONE',  ( 1.000000000000000000, 0.0000000000000000000, -5.421193827719211569E-15 ) ) ;
#2680 = AXIS2_PLACEMENT_3D ( 'NONE', #1128, #3446, #417 ) ;
#2681 = LINE ( 'NONE', #361, #3890 ) ;
#2682 = AXIS2_PLACEMENT_3D ( 'NONE', #2002, #298, #4027 ) ;
#2683 = CYLINDRICAL_SURFACE ( 'NONE', #1241, 0.03740000000000053698 ) ;
#2684 = DIRECTION ( 'NONE',  ( -1.266620916943744463E-17, 0.0000000000000000000, 1.000000000000000000 ) ) ;
#2685 = ORIENTED_EDGE ( 'NONE', *, *, #1805, .F. ) ;
#2686 = DIRECTION ( 'NONE',  ( 0.0000000000000000000, 0.0000000000000000000, 1.000000000000000000 ) ) ;
#2687 = AXIS2_PLACEMENT_3D ( 'NONE', #4280, #909, #2239 ) ;
#2688 = ORIENTED_EDGE ( 'NONE', *, *, #2078, .T. ) ;
#2689 = ORIENTED_EDGE ( 'NONE', *, *, #2954, .F. ) ;
#2690 = EDGE_CURVE ( 'NONE', #532, #629, #1669, .T. ) ;
#2691 = FILL_AREA_STYLE_COLOUR ( '', #1463 ) ;
#2692 = ADVANCED_FACE ( 'NONE', ( #4351 ), #1335, .T. ) ;
#2693 = DIRECTION ( 'NONE',  ( -0.0000000000000000000, 1.000000000000000000, -0.0000000000000000000 ) ) ;
#2694 = EDGE_CURVE ( 'NONE', #2372, #2394, #1002, .T. ) ;
#2695 = FACE_OUTER_BOUND ( 'NONE', #2812, .T. ) ;
#2696 = ORIENTED_EDGE ( 'NONE', *, *, #1445, .F. ) ;
#2697 = CARTESIAN_POINT ( 'NONE',  ( 0.0000000000000000000, -0.1100000000000000006, 0.0000000000000000000 ) ) ;
#2698 = EDGE_CURVE ( 'NONE', #4020, #40, #2318, .T. ) ;
#2699 = CARTESIAN_POINT ( 'NONE',  ( 0.03796746881030719362, -0.1100000000000000006, -0.04999999999999999584 ) ) ;
#2700 = LINE ( 'NONE', #4035, #3915 ) ;
#2701 = EDGE_LOOP ( 'NONE', ( #2280, #134 ) ) ;
#2702 = DIRECTION ( 'NONE',  ( 0.0000000000000000000, 0.0000000000000000000, 1.000000000000000000 ) ) ;
#2703 = AXIS2_PLACEMENT_3D ( 'NONE', #2358, #3765, #2027 ) ;
#2704 = DIRECTION ( 'NONE',  ( 0.0000000000000000000, 0.0000000000000000000, 1.000000000000000000 ) ) ;
#2705 = VERTEX_POINT ( 'NONE', #2978 ) ;
#2706 = ORIENTED_EDGE ( 'NONE', *, *, #1588, .F. ) ;
#2707 = CARTESIAN_POINT ( 'NONE',  ( 0.5816674688103072866, -0.1100000000000000006, -0.01575000000000000705 ) ) ;
#2708 = VERTEX_POINT ( 'NONE', #4327 ) ;
#2709 = VECTOR ( 'NONE', #274, 39.37007874015748854 ) ;
#2710 = ORIENTED_EDGE ( 'NONE', *, *, #1748, .F. ) ;
#2711 = CYLINDRICAL_SURFACE ( 'NONE', #1927, 0.03740000000000053698 ) ;
#2712 = EDGE_CURVE ( 'NONE', #287, #2548, #699, .T. ) ;
#2713 = DIRECTION ( 'NONE',  ( 0.0000000000000000000, 0.0000000000000000000, 1.000000000000000000 ) ) ;
#2714 = EDGE_CURVE ( 'NONE', #2985, #2708, #1409, .T. ) ;
#2715 = EDGE_CURVE ( 'NONE', #2825, #2025, #1843, .T. ) ;
#2716 = DIRECTION ( 'NONE',  ( 0.0000000000000000000, 0.0000000000000000000, 1.000000000000000000 ) ) ;
#2717 = CARTESIAN_POINT ( 'NONE',  ( 0.02999999999999886091, 0.0000000000000000000, 0.0000000000000000000 ) ) ;
#2718 = ORIENTED_EDGE ( 'NONE', *, *, #2211, .T. ) ;
#2719 = CARTESIAN_POINT ( 'NONE',  ( 0.1379674688103071922, -0.03520000000000000212, -0.1499999999999999944 ) ) ;
#2720 = FACE_OUTER_BOUND ( 'NONE', #706, .T. ) ;
#2721 = VERTEX_POINT ( 'NONE', #3028 ) ;
#2722 = ORIENTED_EDGE ( 'NONE', *, *, #1163, .F. ) ;
#2723 = VECTOR ( 'NONE', #3483, 39.37007874015748854 ) ;
#2724 = LINE ( 'NONE', #4063, #2546 ) ;
#2725 = CIRCLE ( 'NONE', #2386, 0.02900000000000015413 ) ;
#2726 = EDGE_LOOP ( 'NONE', ( #3190, #183 ) ) ;
#2727 = VECTOR ( 'NONE', #2326, 39.37007874015748143 ) ;
#2728 = DIRECTION ( 'NONE',  ( 5.421193827719211569E-15, 0.0000000000000000000, 1.000000000000000000 ) ) ;
#2729 = AXIS2_PLACEMENT_3D ( 'NONE', #2157, #487, #3075 ) ;
#2730 = DIRECTION ( 'NONE',  ( -1.000000000000000000, -0.0000000000000000000, -0.0000000000000000000 ) ) ;
#2731 = ORIENTED_EDGE ( 'NONE', *, *, #4334, .T. ) ;
#2732 = FACE_OUTER_BOUND ( 'NONE', #491, .T. ) ;
#2733 = CIRCLE ( 'NONE', #2470, 0.02874000000000051860 ) ;
#2734 = LINE ( 'NONE', #3058, #3613 ) ;
#2735 = EDGE_CURVE ( 'NONE', #3606, #3301, #4357, .T. ) ;
#2736 = PLANE ( 'NONE',  #3421 ) ;
#2737 = EDGE_CURVE ( 'NONE', #1144, #2364, #4081, .T. ) ;
#2738 = VERTEX_POINT ( 'NONE', #2707 ) ;
#2739 = LINE ( 'NONE', #1688, #2744 ) ;
#2740 = FACE_OUTER_BOUND ( 'NONE', #2361, .T. ) ;
#2741 = EDGE_LOOP ( 'NONE', ( #857, #2688 ) ) ;
#2742 = ORIENTED_EDGE ( 'NONE', *, *, #4302, .T. ) ;
#2743 = ADVANCED_FACE ( 'NONE', ( #352 ), #1341, .F. ) ;
#2744 = VECTOR ( 'NONE', #4079, 39.37007874015748143 ) ;
#2745 = CARTESIAN_POINT ( 'NONE',  ( 0.5379674688103072144, -0.03520000000000000212, -0.04999999999999999584 ) ) ;
#2746 = EDGE_CURVE ( 'NONE', #3340, #1759, #1398, .T. ) ;
#2747 = CIRCLE ( 'NONE', #54, 0.009999999999999073866 ) ;
#2748 = ORIENTED_EDGE ( 'NONE', *, *, #2669, .F. ) ;
#2749 = VECTOR ( 'NONE', #628, 39.37007874015748143 ) ;
#2750 = CONTEXT_DEPENDENT_SHAPE_REPRESENTATION ( #727, #2001 ) ;
#2751 = LENGTH_MEASURE_WITH_UNIT ( LENGTH_MEASURE( 0.02539999999999999897 ), #722 );
#2752 = CARTESIAN_POINT ( 'NONE',  ( 0.0000000000000000000, 0.0000000000000000000, 0.009999999999999210909 ) ) ;
#2753 = PLANE ( 'NONE',  #1166 ) ;
#2754 = ORIENTED_EDGE ( 'NONE', *, *, #2924, .F. ) ;
#2755 = DIRECTION ( 'NONE',  ( 0.0000000000000000000, 0.0000000000000000000, 1.000000000000000000 ) ) ;
#2756 = LINE ( 'NONE', #2376, #3689 ) ;
#2757 = DIRECTION ( 'NONE',  ( -0.0000000000000000000, 1.000000000000000000, -0.0000000000000000000 ) ) ;
#2758 = ORIENTED_EDGE ( 'NONE', *, *, #2329, .T. ) ;
#2759 = DIRECTION ( 'NONE',  ( 0.0000000000000000000, 0.0000000000000000000, 1.000000000000000000 ) ) ;
#2760 = FACE_OUTER_BOUND ( 'NONE', #2020, .T. ) ;
#2761 = VERTEX_POINT ( 'NONE', #1717 ) ;
#2762 = ORIENTED_EDGE ( 'NONE', *, *, #1938, .F. ) ;
#2763 = AXIS2_PLACEMENT_3D ( 'NONE', #2223, #1492, #3559 ) ;
#2764 = DIRECTION ( 'NONE',  ( 0.0000000000000000000, 1.000000000000000000, 0.0000000000000000000 ) ) ;
#2765 = EDGE_CURVE ( 'NONE', #4024, #1383, #127, .T. ) ;
#2766 = CYLINDRICAL_SURFACE ( 'NONE', #1467, 0.02874000000000051860 ) ;
#2767 = EDGE_CURVE ( 'NONE', #2073, #4096, #331, .T. ) ;
#2768 = VERTEX_POINT ( 'NONE', #659 ) ;
#2769 = CONTEXT_DEPENDENT_SHAPE_REPRESENTATION ( #1638, #2582 ) ;
#2770 = AXIS2_PLACEMENT_3D ( 'NONE', #2970, #3897, #3569 ) ;
#2771 = CARTESIAN_POINT ( 'NONE',  ( 0.5759349376206148730, 0.0000000000000000000, -0.2000000000000000111 ) ) ;
#2772 = ORIENTED_EDGE ( 'NONE', *, *, #2560, .T. ) ;
#2773 = CARTESIAN_POINT ( 'NONE',  ( 0.09999900000000011557, -0.1100000000000000006, -0.1999999999999999833 ) ) ;
#2774 = VERTEX_POINT ( 'NONE', #1007 ) ;
#2775 = DIRECTION ( 'NONE',  ( -1.000000000000000000, 0.0000000000000000000, -0.0000000000000000000 ) ) ;
#2776 = CIRCLE ( 'NONE', #867, 0.02874000000000051860 ) ;
#2777 = FACE_OUTER_BOUND ( 'NONE', #3319, .T. ) ;
#2778 = EDGE_LOOP ( 'NONE', ( #3990, #664, #2597, #833 ) ) ;
#2779 = DIRECTION ( 'NONE',  ( -0.9396926207859072067, 0.0000000000000000000, -0.3420201433256721546 ) ) ;
#2780 = ORIENTED_EDGE ( 'NONE', *, *, #2712, .T. ) ;
#2781 = EDGE_LOOP ( 'NONE', ( #1592, #1941 ) ) ;
#2782 = DIRECTION ( 'NONE',  ( -0.0000000000000000000, 1.000000000000000000, -0.0000000000000000000 ) ) ;
#2783 = CARTESIAN_POINT ( 'NONE',  ( 0.4942664688103074466, -0.1100000000000000006, -0.01574999999999998623 ) ) ;
#2784 = VERTEX_POINT ( 'NONE', #1693 ) ;
#2785 = ADVANCED_FACE ( 'NONE', ( #634 ), #4042, .F. ) ;
#2786 = CIRCLE ( 'NONE', #1453, 0.03740000000000053004 ) ;
#2787 = ADVANCED_FACE ( 'NONE', ( #3400 ), #2411, .T. ) ;
#2788 = DIRECTION ( 'NONE',  ( 1.000000000000000000, 0.0000000000000000000, -5.421193827719211569E-15 ) ) ;
#2789 = ORIENTED_EDGE ( 'NONE', *, *, #1530, .T. ) ;
#2790 = CARTESIAN_POINT ( 'NONE',  ( 0.5379674688103072144, 0.0000000000000000000, -0.1874000000000005384 ) ) ;
#2791 = VECTOR ( 'NONE', #1213, 39.37007874015748143 ) ;
#2792 = ORIENTED_EDGE ( 'NONE', *, *, #104, .F. ) ;
#2793 = CYLINDRICAL_SURFACE ( 'NONE', #4171, 0.03740000000000053698 ) ;
#2794 = EDGE_CURVE ( 'NONE', #1558, #1931, #2957, .T. ) ;
#2795 = VECTOR ( 'NONE', #3895, 39.37007874015748143 ) ;
#2796 = CARTESIAN_POINT ( 'NONE',  ( 0.4999990000000001378, -0.1100000000000000006, 0.0000000000000000000 ) ) ;
#2797 =( GEOMETRIC_REPRESENTATION_CONTEXT ( 3 ) GLOBAL_UNCERTAINTY_ASSIGNED_CONTEXT ( ( #1879 ) ) GLOBAL_UNIT_ASSIGNED_CONTEXT ( ( #315, #2650, #3014 ) ) REPRESENTATION_CONTEXT ( 'NONE', 'WORKASPACE' ) );
#2798 = CARTESIAN_POINT ( 'NONE',  ( 0.03796746881030720056, 0.0000000000000000000, -0.1874000000000005384 ) ) ;
#2799 = ORIENTED_EDGE ( 'NONE', *, *, #2893, .T. ) ;
#2800 = CARTESIAN_POINT ( 'NONE',  ( 0.2942664688103074355, -0.1100000000000000006, -0.01574999999999998623 ) ) ;
#2801 = EDGE_LOOP ( 'NONE', ( #2754, #3368, #756, #4293 ) ) ;
#2802 = AXIS2_PLACEMENT_3D ( 'NONE', #2572, #1937, #3932 ) ;
#2803 = CARTESIAN_POINT ( 'NONE',  ( 0.4379674688103072366, -0.03520000000000000212, -0.01259999999999946926 ) ) ;
#2804 = CARTESIAN_POINT ( 'NONE',  ( 0.1379674688103071922, 0.0000000000000000000, -0.1499999999999999944 ) ) ;
#2805 = CIRCLE ( 'NONE', #271, 0.02874000000000052554 ) ;
#2806 = ORIENTED_EDGE ( 'NONE', *, *, #3573, .T. ) ;
#2807 = VECTOR ( 'NONE', #3825, 39.37007874015748143 ) ;
#2808 = EDGE_CURVE ( 'NONE', #2025, #2825, #2124, .T. ) ;
#2809 = DIRECTION ( 'NONE',  ( 0.3420201433256665480, 0.0000000000000000000, 0.9396926207859092051 ) ) ;
#2810 = VERTEX_POINT ( 'NONE', #310 ) ;
#2811 = CARTESIAN_POINT ( 'NONE',  ( 0.5759349376206148730, 0.0000000000000000000, -0.2000000000000000111 ) ) ;
#2812 = EDGE_LOOP ( 'NONE', ( #4107, #777 ) ) ;
#2813 = EDGE_CURVE ( 'NONE', #2122, #711, #2724, .T. ) ;
#2814 = FACE_BOUND ( 'NONE', #2168, .T. ) ;
#2815 = DIRECTION ( 'NONE',  ( -1.000000000000000000, -0.0000000000000000000, -0.0000000000000000000 ) ) ;
#2816 = ADVANCED_FACE ( 'NONE', ( #2408 ), #3652, .F. ) ;
#2817 = PLANE ( 'NONE',  #3401 ) ;
#2818 = DIRECTION ( 'NONE',  ( -0.9659258262891001756, 3.169619151430301851E-17, -0.2588190451024012795 ) ) ;
#2819 = ORIENTED_EDGE ( 'NONE', *, *, #2207, .F. ) ;
#2820 = LINE ( 'NONE', #1735, #2540 ) ;
#2821 = VERTEX_POINT ( 'NONE', #2074 ) ;
#2822 = DIRECTION ( 'NONE',  ( -0.3420201433256517820, -0.0000000000000000000, -0.9396926207859146452 ) ) ;
#2823 = CARTESIAN_POINT ( 'NONE',  ( 0.4379674688103072366, -0.03520000000000000212, -0.02125999999999947029 ) ) ;
#2824 = AXIS2_PLACEMENT_3D ( 'NONE', #1897, #2827, #3516 ) ;
#2825 = VERTEX_POINT ( 'NONE', #2987 ) ;
#2826 = FACE_OUTER_BOUND ( 'NONE', #172, .T. ) ;
#2827 = DIRECTION ( 'NONE',  ( -1.000000000000000000, -0.0000000000000000000, -0.0000000000000000000 ) ) ;
#2828 = DIRECTION ( 'NONE',  ( -0.0000000000000000000, 1.000000000000000000, -0.0000000000000000000 ) ) ;
#2829 = VERTEX_POINT ( 'NONE', #4335 ) ;
#2830 = CARTESIAN_POINT ( 'NONE',  ( 0.3379674688103072033, 0.0000000000000000000, -0.01259999999999946926 ) ) ;
#2831 = AXIS2_PLACEMENT_3D ( 'NONE', #1234, #960, #283 ) ;
#2832 = ORIENTED_EDGE ( 'NONE', *, *, #2355, .F. ) ;
#2833 = CARTESIAN_POINT ( 'NONE',  ( 0.3816684688103074707, -0.1100000000000000006, -0.1842499999999996085 ) ) ;
#2834 = VECTOR ( 'NONE', #2395, 39.37007874015748143 ) ;
#2835 = EDGE_CURVE ( 'NONE', #1835, #167, #778, .T. ) ;
#2836 = DIRECTION ( 'NONE',  ( -0.0000000000000000000, 1.000000000000000000, -0.0000000000000000000 ) ) ;
#2837 = CARTESIAN_POINT ( 'NONE',  ( 0.0000000000000000000, 0.0000000000000000000, 0.0000000000000000000 ) ) ;
#2838 = DIRECTION ( 'NONE',  ( 0.0000000000000000000, 0.0000000000000000000, 1.000000000000000000 ) ) ;
#2839 = CIRCLE ( 'NONE', #3475, 0.03740000000000053698 ) ;
#2840 = ADVANCED_FACE ( 'NONE', ( #3753 ), #3175, .F. ) ;
#2841 = ADVANCED_FACE ( 'NONE', ( #2845 ), #4168, .F. ) ;
#2842 = DIRECTION ( 'NONE',  ( -0.0000000000000000000, 1.000000000000000000, -0.0000000000000000000 ) ) ;
#2843 = VERTEX_POINT ( 'NONE', #4124 ) ;
#2844 = CARTESIAN_POINT ( 'NONE',  ( 0.4816684688103075040, -0.1100000000000000006, -0.1842499999999996085 ) ) ;
#2845 = FACE_OUTER_BOUND ( 'NONE', #1239, .T. ) ;
#2846 = PLANE ( 'NONE',  #2533 ) ;
#2847 = ORIENTED_EDGE ( 'NONE', *, *, #690, .T. ) ;
#2848 = DIRECTION ( 'NONE',  ( 0.0000000000000000000, 0.0000000000000000000, 1.000000000000000000 ) ) ;
#2849 = CARTESIAN_POINT ( 'NONE',  ( 0.09999900000000011557, 0.0000000000000000000, -0.1999999999999999833 ) ) ;
#2850 = VERTEX_POINT ( 'NONE', #2823 ) ;
#2851 = VERTEX_POINT ( 'NONE', #1761 ) ;
#2852 = DIRECTION ( 'NONE',  ( 1.000000000000000000, 0.0000000000000000000, 0.0000000000000000000 ) ) ;
#2853 = AXIS2_PLACEMENT_3D ( 'NONE', #1122, #3807, #475 ) ;
#2854 = CARTESIAN_POINT ( 'NONE',  ( 0.4379674688103072366, -0.03520000000000000212, -0.07874000000000051791 ) ) ;
#2855 = AXIS2_PLACEMENT_3D ( 'NONE', #2433, #3409, #377 ) ;
#2856 = CARTESIAN_POINT ( 'NONE',  ( 0.03796746881030720056, -0.03520000000000000212, -0.1787400000000005096 ) ) ;
#2857 = ORIENTED_EDGE ( 'NONE', *, *, #2794, .T. ) ;
#2858 = CARTESIAN_POINT ( 'NONE',  ( 0.06099999999999970723, 0.02800000000000000405, 0.0000000000000000000 ) ) ;
#2859 = CIRCLE ( 'NONE', #620, 0.02800000000000000405 ) ;
#2860 = EDGE_CURVE ( 'NONE', #3984, #3853, #2423, .T. ) ;
#2861 = AXIS2_PLACEMENT_3D ( 'NONE', #312, #2672, #3982 ) ;
#2862 = CYLINDRICAL_SURFACE ( 'NONE', #2409, 0.02874000000000052207 ) ;
#2863 = ORIENTED_EDGE ( 'NONE', *, *, #935, .F. ) ;
#2864 = ADVANCED_FACE ( 'NONE', ( #1107 ), #737, .T. ) ;
#2865 = FACE_OUTER_BOUND ( 'NONE', #2472, .T. ) ;
#2866 = DIRECTION ( 'NONE',  ( -1.000000000000000000, -0.0000000000000000000, -0.0000000000000000000 ) ) ;
#2867 = DIRECTION ( 'NONE',  ( 0.3420201433256665480, -0.0000000000000000000, 0.9396926207859092051 ) ) ;
#2868 = EDGE_CURVE ( 'NONE', #3183, #2620, #481, .T. ) ;
#2869 = EDGE_LOOP ( 'NONE', ( #3647, #979, #309, #11 ) ) ;
#2870 = PLANE ( 'NONE',  #2913 ) ;
#2871 = EDGE_LOOP ( 'NONE', ( #1540, #1947, #1358, #2573 ) ) ;
#2872 = EDGE_CURVE ( 'NONE', #1065, #1835, #3422, .T. ) ;
#2873 = AXIS2_PLACEMENT_3D ( 'NONE', #863, #2220, #3729 ) ;
#2874 = FACE_BOUND ( 'NONE', #3113, .T. ) ;
#2875 = DIRECTION ( 'NONE',  ( -0.0000000000000000000, 1.000000000000000000, -0.0000000000000000000 ) ) ;
#2876 = ORIENTED_EDGE ( 'NONE', *, *, #1261, .T. ) ;
#2877 = CARTESIAN_POINT ( 'NONE',  ( 0.4379674688103072366, 0.0000000000000000000, -0.01259999999999946926 ) ) ;
#2878 = AXIS2_PLACEMENT_3D ( 'NONE', #594, #2352, #2330 ) ;
#2879 = VECTOR ( 'NONE', #3378, 39.37007874015748143 ) ;
#2880 = CARTESIAN_POINT ( 'NONE',  ( 0.2759359376206146353, -0.1100000000000000006, -0.1999999999999999833 ) ) ;
#2881 = LINE ( 'NONE', #2480, #1681 ) ;
#2882 = EDGE_LOOP ( 'NONE', ( #330, #2288, #3880, #1407 ) ) ;
#2883 = PLANE ( 'NONE',  #2770 ) ;
#2884 = DIRECTION ( 'NONE',  ( -0.0000000000000000000, 1.000000000000000000, -0.0000000000000000000 ) ) ;
#2885 = CARTESIAN_POINT ( 'NONE',  ( 0.03796746881030719362, -0.03520000000000000212, -0.01259999999999946926 ) ) ;
#2886 = ORIENTED_EDGE ( 'NONE', *, *, #1782, .T. ) ;
#2887 = PLANE ( 'NONE',  #3134 ) ;
#2888 = FACE_OUTER_BOUND ( 'NONE', #1329, .T. ) ;
#2889 = CARTESIAN_POINT ( 'NONE',  ( 0.2379674688103072255, -0.1100000000000000006, -0.1787400000000005096 ) ) ;
#2890 = EDGE_CURVE ( 'NONE', #3095, #2532, #203, .T. ) ;
#2891 = VERTEX_POINT ( 'NONE', #3093 ) ;
#2892 = ORIENTED_EDGE ( 'NONE', *, *, #747, .F. ) ;
#2893 = EDGE_CURVE ( 'NONE', #599, #1806, #62, .T. ) ;
#2894 = VECTOR ( 'NONE', #3228, 39.37007874015748143 ) ;
#2895 = ADVANCED_FACE ( 'NONE', ( #1802 ), #3128, .F. ) ;
#2896 = LINE ( 'NONE', #4243, #1185 ) ;
#2897 = CARTESIAN_POINT ( 'NONE',  ( 0.5379674688103072144, -0.03520000000000000212, -0.1499999999999999944 ) ) ;
#2898 = ORIENTED_EDGE ( 'NONE', *, *, #247, .F. ) ;
#2899 = CARTESIAN_POINT ( 'NONE',  ( 0.09999900000000011557, -0.1100000000000000006, -0.1999999999999999833 ) ) ;
#2900 = CARTESIAN_POINT ( 'NONE',  ( 0.4816684688103075040, -0.1100000000000000006, -0.1842499999999996085 ) ) ;
#2901 = SHAPE_DEFINITION_REPRESENTATION ( #884, #951 ) ;
#2902 = CARTESIAN_POINT ( 'NONE',  ( 0.5759349376206146509, -0.1100000000000000006, 0.0000000000000000000 ) ) ;
#2903 = DIRECTION ( 'NONE',  ( 0.0000000000000000000, 0.0000000000000000000, 1.000000000000000000 ) ) ;
#2904 = CARTESIAN_POINT ( 'NONE',  ( 0.4379674688103072366, 1.224646799147263287E-20, -0.1125999999999994644 ) ) ;
#2905 = VERTEX_POINT ( 'NONE', #2444 ) ;
#2906 = DIRECTION ( 'NONE',  ( -1.000000000000000000, -0.0000000000000000000, -0.0000000000000000000 ) ) ;
#2907 = VECTOR ( 'NONE', #3350, 39.37007874015748143 ) ;
#2908 = DIRECTION ( 'NONE',  ( 0.0000000000000000000, 0.0000000000000000000, 1.000000000000000000 ) ) ;
#2909 = FACE_BOUND ( 'NONE', #1900, .T. ) ;
#2910 = FACE_OUTER_BOUND ( 'NONE', #4067, .T. ) ;
#2911 = CYLINDRICAL_SURFACE ( 'NONE', #4051, 0.03740000000000053698 ) ;
#2912 = EDGE_LOOP ( 'NONE', ( #1698, #1610, #1525, #2806 ) ) ;
#2913 = AXIS2_PLACEMENT_3D ( 'NONE', #1174, #1807, #3133 ) ;
#2914 = DIRECTION ( 'NONE',  ( -0.0000000000000000000, 1.000000000000000000, -0.0000000000000000000 ) ) ;
#2915 = ORIENTED_EDGE ( 'NONE', *, *, #4158, .F. ) ;
#2916 = DIRECTION ( 'NONE',  ( 0.0000000000000000000, 0.0000000000000000000, 1.000000000000000000 ) ) ;
#2917 = VERTEX_POINT ( 'NONE', #2488 ) ;
#2918 = CARTESIAN_POINT ( 'NONE',  ( 0.1759359376206146575, -0.1100000000000000006, -9.478001694819074349E-34 ) ) ;
#2919 = ORIENTED_EDGE ( 'NONE', *, *, #999, .T. ) ;
#2920 = DIRECTION ( 'NONE',  ( 0.3420201433256633283, 0.0000000000000000000, -0.9396926207859103153 ) ) ;
#2921 = ADVANCED_FACE ( 'NONE', ( #3461 ), #3772, .F. ) ;
#2922 = ORIENTED_EDGE ( 'NONE', *, *, #3404, .T. ) ;
#2923 = LINE ( 'NONE', #4269, #3121 ) ;
#2924 = EDGE_CURVE ( 'NONE', #4288, #2624, #967, .T. ) ;
#2925 = PRODUCT_DEFINITION_SHAPE ( 'NONE', 'NONE',  #4368 ) ;
#2926 = CARTESIAN_POINT ( 'NONE',  ( 0.4379674688103072366, -0.03520000000000000212, -0.04999999999999999584 ) ) ;
#2927 = ADVANCED_FACE ( 'NONE', ( #98 ), #1462, .F. ) ;
#2928 = ORIENTED_EDGE ( 'NONE', *, *, #2096, .F. ) ;
#2929 = EDGE_CURVE ( 'NONE', #4018, #2221, #797, .T. ) ;
#2930 = VECTOR ( 'NONE', #3668, 39.37007874015748143 ) ;
#2931 = PLANE ( 'NONE',  #2612 ) ;
#2932 = ORIENTED_EDGE ( 'NONE', *, *, #1167, .F. ) ;
#2933 = AXIS2_PLACEMENT_3D ( 'NONE', #3826, #1480, #2543 ) ;
#2934 = LINE ( 'NONE', #4282, #2930 ) ;
#2935 = DIRECTION ( 'NONE',  ( -0.0000000000000000000, 1.000000000000000000, -0.0000000000000000000 ) ) ;
#2936 = DIRECTION ( 'NONE',  ( -0.0000000000000000000, 1.000000000000000000, -0.0000000000000000000 ) ) ;
#2937 = ORIENTED_EDGE ( 'NONE', *, *, #6, .T. ) ;
#2938 = CARTESIAN_POINT ( 'NONE',  ( 0.2379674688103072255, 1.224646799147263287E-20, -0.08740000000000051894 ) ) ;
#2939 = ORIENTED_EDGE ( 'NONE', *, *, #1750, .T. ) ;
#2940 = LINE ( 'NONE', #4114, #2164 ) ;
#2941 = FACE_OUTER_BOUND ( 'NONE', #3248, .T. ) ;
#2942 = VERTEX_POINT ( 'NONE', #456 ) ;
#2943 = DIRECTION ( 'NONE',  ( -0.0000000000000000000, 1.000000000000000000, -0.0000000000000000000 ) ) ;
#2944 = LINE ( 'NONE', #538, #2709 ) ;
#2945 = CIRCLE ( 'NONE', #550, 0.03740000000000053698 ) ;
#2946 = CARTESIAN_POINT ( 'NONE',  ( 0.4379674688103072366, 0.0000000000000000000, -0.1499999999999999944 ) ) ;
#2947 = CARTESIAN_POINT ( 'NONE',  ( 0.3942664688103074133, -0.1100000000000000006, -0.01574999999999998623 ) ) ;
#2948 = PRODUCT_DEFINITION ( 'UNKNOWN', '', #4356, #2457 ) ;
#2949 = AXIS2_PLACEMENT_3D ( 'NONE', #3299, #619, #1637 ) ;
#2950 = CARTESIAN_POINT ( 'NONE',  ( 0.5379674688103072144, 0.0000000000000000000, -0.07874000000000051791 ) ) ;
#2951 = EDGE_CURVE ( 'NONE', #1916, #3963, #1824, .T. ) ;
#2952 = VECTOR ( 'NONE', #4347, 39.37007874015748143 ) ;
#2953 = DIRECTION ( 'NONE',  ( 0.9396926207859080948, 0.0000000000000000000, -0.3420201433256695456 ) ) ;
#2954 = EDGE_CURVE ( 'NONE', #4239, #949, #3554, .T. ) ;
#2955 = FACE_OUTER_BOUND ( 'NONE', #1315, .T. ) ;
#2956 = ORIENTED_EDGE ( 'NONE', *, *, #375, .T. ) ;
#2957 = CIRCLE ( 'NONE', #3519, 0.03740000000000053004 ) ;
#2958 = CARTESIAN_POINT ( 'NONE',  ( 0.09426646881030741054, -0.1100000000000000006, -0.01574999999999998623 ) ) ;
#2959 = CARTESIAN_POINT ( 'NONE',  ( 0.2999990000000001267, 0.0000000000000000000, 0.0000000000000000000 ) ) ;
#2960 = ORIENTED_EDGE ( 'NONE', *, *, #1944, .F. ) ;
#2961 = CARTESIAN_POINT ( 'NONE',  ( 0.5816674688103072866, 0.0000000000000000000, -0.01575000000000000705 ) ) ;
#2962 = ORIENTED_EDGE ( 'NONE', *, *, #1446, .F. ) ;
#2963 = CARTESIAN_POINT ( 'NONE',  ( 0.2816684688103074374, -0.1100000000000000006, -0.1842499999999996085 ) ) ;
#2964 = VERTEX_POINT ( 'NONE', #1890 ) ;
#2965 = LINE ( 'NONE', #609, #2167 ) ;
#2966 = ORIENTED_EDGE ( 'NONE', *, *, #588, .T. ) ;
#2967 = DIRECTION ( 'NONE',  ( 0.0000000000000000000, -1.000000000000000000, 0.0000000000000000000 ) ) ;
#2968 = CARTESIAN_POINT ( 'NONE',  ( 0.5379674688103072144, -0.03520000000000000212, -0.08740000000000051894 ) ) ;
#2969 = ORIENTED_EDGE ( 'NONE', *, *, #1729, .T. ) ;
#2970 = CARTESIAN_POINT ( 'NONE',  ( 0.4942664688103074466, -0.1100000000000000006, -0.1842499999999996918 ) ) ;
#2971 = DIRECTION ( 'NONE',  ( -1.000000000000000000, -0.0000000000000000000, -0.0000000000000000000 ) ) ;
#2972 = DIRECTION ( 'NONE',  ( 0.0000000000000000000, 0.0000000000000000000, 1.000000000000000000 ) ) ;
#2973 = ORIENTED_EDGE ( 'NONE', *, *, #28, .F. ) ;
#2974 = EDGE_CURVE ( 'NONE', #1114, #889, #1097, .T. ) ;
#2975 = CIRCLE ( 'NONE', #1010, 0.03740000000000053004 ) ;
#2976 =( REPRESENTATION_RELATIONSHIP ('NONE','NONE', #1388, #951 ) REPRESENTATION_RELATIONSHIP_WITH_TRANSFORMATION ( #374 )SHAPE_REPRESENTATION_RELATIONSHIP( ) );
#2977 = FACE_OUTER_BOUND ( 'NONE', #1559, .T. ) ;
#2978 = CARTESIAN_POINT ( 'NONE',  ( -0.01203253118969264089, 0.0000000000000000000, -0.1842499999999996918 ) ) ;
#2979 = ADVANCED_FACE ( 'NONE', ( #3292 ), #937, .F. ) ;
#2980 = EDGE_LOOP ( 'NONE', ( #3225, #1602, #1486, #3869, #2465, #3558, #1372, #1827, #621, #1955, #1549, #254, #507, #20, #1746, #3479, #1767, #3447, #2267, #1563, #4091, #2109, #2966, #962, #1580, #536, #350, #3334, #4320, #3981, #1050, #2685, #2442, #1154, #1762, #3118, #524, #3541, #3390, #1357, #415, #4006, #3906, #515, #2215, #4127, #264, #3394, #3747, #4084, #421, #3912 ) ) ;
#2981 = VECTOR ( 'NONE', #2633, 39.37007874015748143 ) ;
#2982 = DIRECTION ( 'NONE',  ( -0.0000000000000000000, 1.000000000000000000, -0.0000000000000000000 ) ) ;
#2983 = ORIENTED_EDGE ( 'NONE', *, *, #3629, .T. ) ;
#2984 = LINE ( 'NONE', #3341, #3403 ) ;
#2985 = VERTEX_POINT ( 'NONE', #1169 ) ;
#2986 = AXIS2_PLACEMENT_3D ( 'NONE', #639, #918, #1435 ) ;
#2987 = CARTESIAN_POINT ( 'NONE',  ( 0.5379674688103072144, -0.03520000000000000212, -0.02125999999999947029 ) ) ;
#2988 = EDGE_CURVE ( 'NONE', #2708, #2985, #1379, .T. ) ;
#2989 = DIRECTION ( 'NONE',  ( -0.0000000000000000000, 1.000000000000000000, -0.0000000000000000000 ) ) ;
#2990 = VERTEX_POINT ( 'NONE', #3879 ) ;
#2991 =( NAMED_UNIT ( * ) SI_UNIT ( $, .STERADIAN. ) SOLID_ANGLE_UNIT ( ) );
#2992 = PRODUCT_CONTEXT ( 'NONE', #3262, 'mechanical' ) ;
#2993 = DIRECTION ( 'NONE',  ( -0.0000000000000000000, 1.000000000000000000, -0.0000000000000000000 ) ) ;
#2994 = VERTEX_POINT ( 'NONE', #2959 ) ;
#2995 = DIRECTION ( 'NONE',  ( -1.000000000000000000, 0.0000000000000000000, 6.522075230939960446E-16 ) ) ;
#2996 = DIRECTION ( 'NONE',  ( 0.0000000000000000000, 0.0000000000000000000, 1.000000000000000000 ) ) ;
#2997 = FACE_BOUND ( 'NONE', #862, .T. ) ;
#2998 = DIRECTION ( 'NONE',  ( -1.000000000000000000, -0.0000000000000000000, -0.0000000000000000000 ) ) ;
#2999 = VECTOR ( 'NONE', #2416, 39.37007874015748854 ) ;
#3000 = DIRECTION ( 'NONE',  ( -1.000000000000000000, -0.0000000000000000000, -0.0000000000000000000 ) ) ;
#3001 = ORIENTED_EDGE ( 'NONE', *, *, #1694, .F. ) ;
#3002 = EDGE_CURVE ( 'NONE', #3183, #3928, #192, .T. ) ;
#3003 = CARTESIAN_POINT ( 'NONE',  ( 0.5759349376206148730, -0.1100000000000000006, -0.2000000000000000111 ) ) ;
#3004 = AXIS2_PLACEMENT_3D ( 'NONE', #1869, #3878, #860 ) ;
#3005 = EDGE_CURVE ( 'NONE', #2004, #3606, #3624, .T. ) ;
#3006 = ORIENTED_EDGE ( 'NONE', *, *, #3435, .F. ) ;
#3007 = DIRECTION ( 'NONE',  ( 0.0000000000000000000, 0.0000000000000000000, 1.000000000000000000 ) ) ;
#3008 = DIRECTION ( 'NONE',  ( 0.3420201433256665480, -0.0000000000000000000, 0.9396926207859092051 ) ) ;
#3009 = VECTOR ( 'NONE', #1449, 39.37007874015748143 ) ;
#3010 = EDGE_CURVE ( 'NONE', #4193, #3595, #2095, .T. ) ;
#3011 = ORIENTED_EDGE ( 'NONE', *, *, #2694, .T. ) ;
#3012 = PRESENTATION_LAYER_ASSIGNMENT (  '', '', ( #539 ) ) ;
#3013 = EDGE_LOOP ( 'NONE', ( #763, #307 ) ) ;
#3014 =( NAMED_UNIT ( * ) SI_UNIT ( $, .STERADIAN. ) SOLID_ANGLE_UNIT ( ) );
#3015 = CARTESIAN_POINT ( 'NONE',  ( 2.239553201765118668E-16, -0.1100000000000000006, -0.1999999999999996503 ) ) ;
#3016 = CYLINDRICAL_SURFACE ( 'NONE', #3213, 0.02874000000000051860 ) ;
#3017 = VERTEX_POINT ( 'NONE', #1553 ) ;
#3018 = CARTESIAN_POINT ( 'NONE',  ( 0.03796746881030719362, 0.0000000000000000000, -0.1499999999999999944 ) ) ;
#3019 = CIRCLE ( 'NONE', #984, 0.03499999999999785227 ) ;
#3020 = LINE ( 'NONE', #1385, #3042 ) ;
#3021 = VECTOR ( 'NONE', #4317, 39.37007874015748143 ) ;
#3022 = DIRECTION ( 'NONE',  ( 0.0000000000000000000, 1.000000000000000000, 0.0000000000000000000 ) ) ;
#3023 = ORIENTED_EDGE ( 'NONE', *, *, #1643, .T. ) ;
#3024 = LINE ( 'NONE', #2032, #3935 ) ;
#3025 = CARTESIAN_POINT ( 'NONE',  ( -0.01203253118969264089, 0.0000000000000000000, -0.1842499999999996918 ) ) ;
#3026 = VERTEX_POINT ( 'NONE', #2550 ) ;
#3027 = VERTEX_POINT ( 'NONE', #1914 ) ;
#3028 = CARTESIAN_POINT ( 'NONE',  ( 0.3379674688103072033, -0.03520000000000000212, -0.1787400000000005096 ) ) ;
#3029 = ADVANCED_FACE ( 'NONE', ( #2888 ), #4237, .F. ) ;
#3030 = ORIENTED_EDGE ( 'NONE', *, *, #1694, .T. ) ;
#3031 = EDGE_CURVE ( 'NONE', #3340, #4100, #1574, .T. ) ;
#3032 = ADVANCED_FACE ( 'NONE', ( #1959 ), #2271, .F. ) ;
#3033 = ITEM_DEFINED_TRANSFORMATION ( 'NONE', 'NONE', #1538,  #1331 ) ;
#3034 = CARTESIAN_POINT ( 'NONE',  ( 0.07033012701892972507, 0.0000000000000000000, 0.02649999999999929495 ) ) ;
#3035 = VERTEX_POINT ( 'NONE', #1214 ) ;
#3036 = DIRECTION ( 'NONE',  ( -0.0000000000000000000, 1.000000000000000000, -0.0000000000000000000 ) ) ;
#3037 = CIRCLE ( 'NONE', #499, 0.03740000000000053698 ) ;
#3038 = DIRECTION ( 'NONE',  ( 0.0000000000000000000, 0.0000000000000000000, 1.000000000000000000 ) ) ;
#3039 = CARTESIAN_POINT ( 'NONE',  ( 0.4379674688103072366, 0.0000000000000000000, -0.1212599999999994932 ) ) ;
#3040 = ORIENTED_EDGE ( 'NONE', *, *, #30, .F. ) ;
#3041 = PLANE ( 'NONE',  #3370 ) ;
#3042 = VECTOR ( 'NONE', #3392, 39.37007874015748143 ) ;
#3043 = CARTESIAN_POINT ( 'NONE',  ( 0.5816674688103072866, 0.0000000000000000000, -0.1842499999999999416 ) ) ;
#3044 = VERTEX_POINT ( 'NONE', #3199 ) ;
#3045 = EDGE_LOOP ( 'NONE', ( #3751, #3402, #3883, #1047 ) ) ;
#3046 = DIRECTION ( 'NONE',  ( 0.0000000000000000000, 0.0000000000000000000, 1.000000000000000000 ) ) ;
#3047 = AXIS2_PLACEMENT_3D ( 'NONE', #2858, #4207, #91 ) ;
#3048 = VERTEX_POINT ( 'NONE', #2217 ) ;
#3049 = VECTOR ( 'NONE', #1272, 39.37007874015748143 ) ;
#3050 = EDGE_LOOP ( 'NONE', ( #3661, #1268 ) ) ;
#3051 = EDGE_CURVE ( 'NONE', #2532, #1383, #1599, .T. ) ;
#3052 = DIRECTION ( 'NONE',  ( 0.0000000000000000000, 0.0000000000000000000, 1.000000000000000000 ) ) ;
#3053 = FACE_BOUND ( 'NONE', #3762, .T. ) ;
#3054 = EDGE_LOOP ( 'NONE', ( #1140, #2610, #4190, #2014 ) ) ;
#3055 = EDGE_CURVE ( 'NONE', #215, #2536, #1267, .T. ) ;
#3056 = DIRECTION ( 'NONE',  ( 0.9396926207859080948, 0.0000000000000000000, -0.3420201433256695456 ) ) ;
#3057 = ADVANCED_FACE ( 'NONE', ( #2294 ), #2911, .F. ) ;
#3058 = CARTESIAN_POINT ( 'NONE',  ( 0.0000000000000000000, 3.245314017740399465E-18, -0.02649999999999929495 ) ) ;
#3059 = CARTESIAN_POINT ( 'NONE',  ( 0.3816684688103074707, -0.1100000000000000006, -0.1842499999999996085 ) ) ;
#3060 = ORIENTED_EDGE ( 'NONE', *, *, #3435, .T. ) ;
#3061 = CYLINDRICAL_SURFACE ( 'NONE', #913, 0.02874000000000051860 ) ;
#3062 = CYLINDRICAL_SURFACE ( 'NONE', #2861, 0.03740000000000053004 ) ;
#3063 = DIRECTION ( 'NONE',  ( 0.3420201433256665480, 0.0000000000000000000, 0.9396926207859092051 ) ) ;
#3064 = ORIENTED_EDGE ( 'NONE', *, *, #3332, .T. ) ;
#3065 = ORIENTED_EDGE ( 'NONE', *, *, #2484, .F. ) ;
#3066 = VECTOR ( 'NONE', #1078, 39.37007874015748143 ) ;
#3067 = DIRECTION ( 'NONE',  ( -0.0000000000000000000, 1.000000000000000000, -0.0000000000000000000 ) ) ;
#3068 = CIRCLE ( 'NONE', #3423, 0.03740000000000053004 ) ;
#3069 = ORIENTED_EDGE ( 'NONE', *, *, #457, .F. ) ;
#3070 = CIRCLE ( 'NONE', #897, 0.03740000000000053004 ) ;
#3071 = PLANE ( 'NONE',  #395 ) ;
#3072 = CARTESIAN_POINT ( 'NONE',  ( 0.2379674688103072255, -0.03520000000000000212, -0.1499999999999999944 ) ) ;
#3073 = CARTESIAN_POINT ( 'NONE',  ( 0.5379674688103072144, 0.0000000000000000000, -0.04999999999999999584 ) ) ;
#3074 = AXIS2_PLACEMENT_3D ( 'NONE', #1594, #2971, #3618 ) ;
#3075 = DIRECTION ( 'NONE',  ( 1.000000000000000000, 0.0000000000000000000, -0.0000000000000000000 ) ) ;
#3076 = CYLINDRICAL_SURFACE ( 'NONE', #1815, 0.009999999999999210909 ) ;
#3077 = VERTEX_POINT ( 'NONE', #3955 ) ;
#3078 = LINE ( 'NONE', #1055, #1077 ) ;
#3079 = AXIS2_PLACEMENT_3D ( 'NONE', #574, #600, #1956 ) ;
#3080 = ADVANCED_FACE ( 'NONE', ( #915, #576 ), #602, .F. ) ;
#3081 = CARTESIAN_POINT ( 'NONE',  ( 0.07593593762061463803, 0.0000000000000000000, -9.478001694819074349E-34 ) ) ;
#3082 = EDGE_CURVE ( 'NONE', #4150, #442, #385, .T. ) ;
#3083 = DIRECTION ( 'NONE',  ( -0.0000000000000000000, 1.000000000000000000, -0.0000000000000000000 ) ) ;
#3084 = VECTOR ( 'NONE', #3794, 39.37007874015748143 ) ;
#3085 = ORIENTED_EDGE ( 'NONE', *, *, #140, .T. ) ;
#3086 = ADVANCED_FACE ( 'NONE', ( #1353 ), #2736, .F. ) ;
#3087 = DIRECTION ( 'NONE',  ( 0.0000000000000000000, 0.0000000000000000000, 1.000000000000000000 ) ) ;
#3088 = DIRECTION ( 'NONE',  ( -1.000000000000000000, 0.0000000000000000000, 6.522075230939960446E-16 ) ) ;
#3089 = CARTESIAN_POINT ( 'NONE',  ( 0.09426646881030741054, 0.0000000000000000000, -0.1842499999999996918 ) ) ;
#3090 = VERTEX_POINT ( 'NONE', #31 ) ;
#3091 = EDGE_LOOP ( 'NONE', ( #815, #3873 ) ) ;
#3092 = CIRCLE ( 'NONE', #3232, 0.03740000000000053698 ) ;
#3093 = CARTESIAN_POINT ( 'NONE',  ( 0.5759349376206146509, 0.0000000000000000000, 0.0000000000000000000 ) ) ;
#3094 = AXIS2_PLACEMENT_3D ( 'NONE', #94, #4184, #836 ) ;
#3095 = VERTEX_POINT ( 'NONE', #2398 ) ;
#3096 = VECTOR ( 'NONE', #1488, 39.37007874015748143 ) ;
#3097 = ITEM_DEFINED_TRANSFORMATION ( 'NONE', 'NONE', #1755,  #1331 ) ;
#3098 = DIRECTION ( 'NONE',  ( 1.000000000000000000, 0.0000000000000000000, 0.0000000000000000000 ) ) ;
#3099 = CARTESIAN_POINT ( 'NONE',  ( 0.4999990000000001378, -0.1100000000000000006, 0.0000000000000000000 ) ) ;
#3100 = ORIENTED_EDGE ( 'NONE', *, *, #1615, .F. ) ;
#3101 = ORIENTED_EDGE ( 'NONE', *, *, #1667, .F. ) ;
#3102 = DIRECTION ( 'NONE',  ( 0.0000000000000000000, 0.0000000000000000000, 1.000000000000000000 ) ) ;
#3103 = DIRECTION ( 'NONE',  ( -0.0000000000000000000, 1.000000000000000000, -0.0000000000000000000 ) ) ;
#3104 = CARTESIAN_POINT ( 'NONE',  ( 0.3379674688103072033, -0.03520000000000000212, -0.04999999999999999584 ) ) ;
#3105 = ORIENTED_EDGE ( 'NONE', *, *, #996, .F. ) ;
#3106 = EDGE_CURVE ( 'NONE', #2905, #2388, #2786, .T. ) ;
#3107 = CARTESIAN_POINT ( 'NONE',  ( 0.4379674688103072366, -0.03520000000000000212, -0.1787400000000005096 ) ) ;
#3108 = ORIENTED_EDGE ( 'NONE', *, *, #3487, .T. ) ;
#3109 = EDGE_LOOP ( 'NONE', ( #2445, #1779 ) ) ;
#3110 = EDGE_CURVE ( 'NONE', #3, #2705, #1058, .T. ) ;
#3111 = DIRECTION ( 'NONE',  ( 1.000000000000000000, 0.0000000000000000000, 0.0000000000000000000 ) ) ;
#3112 = FILL_AREA_STYLE ('',( #3773 ) ) ;
#3113 = EDGE_LOOP ( 'NONE', ( #3532, #3650 ) ) ;
#3114 = EDGE_CURVE ( 'NONE', #4150, #647, #1774, .T. ) ;
#3115 = AXIS2_PLACEMENT_3D ( 'NONE', #3411, #3391, #2713 ) ;
#3116 = DIRECTION ( 'NONE',  ( -0.0000000000000000000, 1.000000000000000000, -0.0000000000000000000 ) ) ;
#3117 = SURFACE_STYLE_USAGE ( .BOTH. , #131 ) ;
#3118 = ORIENTED_EDGE ( 'NONE', *, *, #3899, .F. ) ;
#3119 = ORIENTED_EDGE ( 'NONE', *, *, #690, .F. ) ;
#3120 = FACE_OUTER_BOUND ( 'NONE', #218, .T. ) ;
#3121 = VECTOR ( 'NONE', #4228, 39.37007874015748143 ) ;
#3122 = DIRECTION ( 'NONE',  ( 0.0000000000000000000, -1.000000000000000000, 0.0000000000000000000 ) ) ;
#3123 = DIRECTION ( 'NONE',  ( 0.0000000000000000000, 0.0000000000000000000, 1.000000000000000000 ) ) ;
#3124 = ORIENTED_EDGE ( 'NONE', *, *, #194, .F. ) ;
#3125 = VECTOR ( 'NONE', #3760, 39.37007874015748143 ) ;
#3126 = CARTESIAN_POINT ( 'NONE',  ( 0.1379674688103071922, -0.1100000000000000006, -0.04999999999999999584 ) ) ;
#3127 = VERTEX_POINT ( 'NONE', #3746 ) ;
#3128 = CYLINDRICAL_SURFACE ( 'NONE', #2162, 0.02874000000000052207 ) ;
#3129 = EDGE_CURVE ( 'NONE', #2426, #1144, #55, .T. ) ;
#3130 = CARTESIAN_POINT ( 'NONE',  ( 0.5759349376206148730, 0.0000000000000000000, -0.2000000000000000111 ) ) ;
#3131 = EDGE_CURVE ( 'NONE', #3607, #2768, #2438, .T. ) ;
#3132 = ORIENTED_EDGE ( 'NONE', *, *, #4189, .T. ) ;
#3133 = DIRECTION ( 'NONE',  ( -0.3420201433256695456, 0.0000000000000000000, -0.9396926207859080948 ) ) ;
#3134 = AXIS2_PLACEMENT_3D ( 'NONE', #2243, #551, #97 ) ;
#3135 = EDGE_CURVE ( 'NONE', #3728, #1295, #171, .T. ) ;
#3136 = CARTESIAN_POINT ( 'NONE',  ( 0.1816684688103074319, -0.1100000000000000006, -0.1842499999999996085 ) ) ;
#3137 = EDGE_LOOP ( 'NONE', ( #1711, #60, #2111, #3867 ) ) ;
#3138 = LINE ( 'NONE', #1113, #32 ) ;
#3139 = VECTOR ( 'NONE', #561, 39.37007874015748143 ) ;
#3140 = VERTEX_POINT ( 'NONE', #2377 ) ;
#3141 = DIRECTION ( 'NONE',  ( 0.0000000000000000000, 0.0000000000000000000, 1.000000000000000000 ) ) ;
#3142 = CIRCLE ( 'NONE', #623, 0.03740000000000053004 ) ;
#3143 = DIRECTION ( 'NONE',  ( 0.0000000000000000000, 0.0000000000000000000, 1.000000000000000000 ) ) ;
#3144 = DIRECTION ( 'NONE',  ( -0.0000000000000000000, 1.000000000000000000, -0.0000000000000000000 ) ) ;
#3145 = MECHANICAL_DESIGN_GEOMETRIC_PRESENTATION_REPRESENTATION (  '', ( #3926 ), #1178 ) ;
#3146 = CYLINDRICAL_SURFACE ( 'NONE', #451, 0.03740000000000053698 ) ;
#3147 = EDGE_LOOP ( 'NONE', ( #204, #3933, #4285, #2383 ) ) ;
#3148 = LINE ( 'NONE', #3788, #922 ) ;
#3149 = ORIENTED_EDGE ( 'NONE', *, *, #1042, .F. ) ;
#3150 = VECTOR ( 'NONE', #1269, 39.37007874015748143 ) ;
#3151 = DIRECTION ( 'NONE',  ( 1.000000000000000000, 0.0000000000000000000, -5.421193827719211569E-15 ) ) ;
#3152 = CARTESIAN_POINT ( 'NONE',  ( 0.5379674688103072144, 0.0000000000000000000, -0.1787400000000005096 ) ) ;
#3153 = DIRECTION ( 'NONE',  ( 0.0000000000000000000, 0.0000000000000000000, -1.000000000000000000 ) ) ;
#3154 = VECTOR ( 'NONE', #1282, 39.37007874015748143 ) ;
#3155 = ORIENTED_EDGE ( 'NONE', *, *, #4189, .F. ) ;
#3156 = EDGE_CURVE ( 'NONE', #1186, #2218, #1237, .T. ) ;
#3157 = VECTOR ( 'NONE', #2842, 39.37007874015748143 ) ;
#3158 = CARTESIAN_POINT ( 'NONE',  ( 0.1570000000000005280, 0.0000000000000000000, 0.0000000000000000000 ) ) ;
#3159 = CARTESIAN_POINT ( 'NONE',  ( 0.1379674688103071922, -0.03520000000000000212, -0.08740000000000051894 ) ) ;
#3160 = CARTESIAN_POINT ( 'NONE',  ( 0.2816684688103073819, 0.0000000000000000000, -0.1842499999999996085 ) ) ;
#3161 = EDGE_LOOP ( 'NONE', ( #1998, #3284, #1092, #1904 ) ) ;
#3162 = EDGE_CURVE ( 'NONE', #1931, #4083, #2700, .T. ) ;
#3163 = FACE_BOUND ( 'NONE', #2486, .T. ) ;
#3164 = VECTOR ( 'NONE', #1310, 39.37007874015748143 ) ;
#3165 = VERTEX_POINT ( 'NONE', #71 ) ;
#3166 = CARTESIAN_POINT ( 'NONE',  ( 0.02999999999999886091, 3.429011037612589091E-18, -0.02800000000000000405 ) ) ;
#3167 = EDGE_CURVE ( 'NONE', #3832, #4226, #3393, .T. ) ;
#3168 = CARTESIAN_POINT ( 'NONE',  ( 0.4379674688103072366, -0.03520000000000000212, -0.1499999999999999944 ) ) ;
#3169 = FACE_BOUND ( 'NONE', #3109, .T. ) ;
#3170 = DIRECTION ( 'NONE',  ( -0.0000000000000000000, 1.000000000000000000, -0.0000000000000000000 ) ) ;
#3171 = DIRECTION ( 'NONE',  ( -1.000000000000000000, -0.0000000000000000000, -0.0000000000000000000 ) ) ;
#3172 = DIRECTION ( 'NONE',  ( 0.0000000000000000000, 0.0000000000000000000, 1.000000000000000000 ) ) ;
#3173 = ORIENTED_EDGE ( 'NONE', *, *, #53, .F. ) ;
#3174 = CARTESIAN_POINT ( 'NONE',  ( 0.1570000000000005280, 0.0000000000000000000, 0.02649999999999929495 ) ) ;
#3175 = PLANE ( 'NONE',  #3667 ) ;
#3176 = SURFACE_STYLE_FILL_AREA ( #3112 ) ;
#3177 = ORIENTED_EDGE ( 'NONE', *, *, #999, .F. ) ;
#3178 = DIRECTION ( 'NONE',  ( 0.0000000000000000000, 0.0000000000000000000, 1.000000000000000000 ) ) ;
#3179 = DIRECTION ( 'NONE',  ( -0.0000000000000000000, 1.000000000000000000, -0.0000000000000000000 ) ) ;
#3180 = DIRECTION ( 'NONE',  ( 0.0000000000000000000, 0.0000000000000000000, 1.000000000000000000 ) ) ;
#3181 = EDGE_LOOP ( 'NONE', ( #2387, #2490, #3325, #2919 ) ) ;
#3182 = AXIS2_PLACEMENT_3D ( 'NONE', #4094, #1751, #1020 ) ;
#3183 = VERTEX_POINT ( 'NONE', #2068 ) ;
#3184 = CARTESIAN_POINT ( 'NONE',  ( 0.2816684688103074374, 0.0000000000000000000, -0.01574999999999998623 ) ) ;
#3185 = EDGE_CURVE ( 'NONE', #2018, #3432, #4343, .T. ) ;
#3186 = VECTOR ( 'NONE', #2495, 39.37007874015748143 ) ;
#3187 = DIRECTION ( 'NONE',  ( 0.0000000000000000000, 0.0000000000000000000, -1.000000000000000000 ) ) ;
#3188 = EDGE_CURVE ( 'NONE', #827, #2443, #1814, .T. ) ;
#3189 = FACE_OUTER_BOUND ( 'NONE', #324, .T. ) ;
#3190 = ORIENTED_EDGE ( 'NONE', *, *, #3861, .F. ) ;
#3191 = DIRECTION ( 'NONE',  ( 0.0000000000000000000, -0.0000000000000000000, -1.000000000000000000 ) ) ;
#3192 = VECTOR ( 'NONE', #2852, 39.37007874015748143 ) ;
#3193 = VECTOR ( 'NONE', #3098, 39.37007874015748143 ) ;
#3194 = EDGE_CURVE ( 'NONE', #870, #657, #1523, .T. ) ;
#3195 = CARTESIAN_POINT ( 'NONE',  ( 0.2800000000000003042, 0.009999999999999073866, 0.0000000000000000000 ) ) ;
#3196 = ORIENTED_EDGE ( 'NONE', *, *, #2676, .T. ) ;
#3197 = CARTESIAN_POINT ( 'NONE',  ( 0.0000000000000000000, 0.0000000000000000000, 0.0000000000000000000 ) ) ;
#3198 = VECTOR ( 'NONE', #357, 39.37007874015748143 ) ;
#3199 = CARTESIAN_POINT ( 'NONE',  ( 0.03796746881030719362, -0.03520000000000000212, -0.02125999999999947029 ) ) ;
#3200 = LINE ( 'NONE', #1826, #2262 ) ;
#3201 = ORIENTED_EDGE ( 'NONE', *, *, #4331, .F. ) ;
#3202 = ORIENTED_EDGE ( 'NONE', *, *, #2872, .T. ) ;
#3203 = CARTESIAN_POINT ( 'NONE',  ( 0.2379674688103072255, 1.224646799147263287E-20, -0.1499999999999999944 ) ) ;
#3204 = DIRECTION ( 'NONE',  ( 0.0000000000000000000, 0.0000000000000000000, 1.000000000000000000 ) ) ;
#3205 = VERTEX_POINT ( 'NONE', #3374 ) ;
#3206 = AXIS2_PLACEMENT_3D ( 'NONE', #3072, #1765, #3428 ) ;
#3207 = CARTESIAN_POINT ( 'NONE',  ( 0.03796746881030719362, -0.03520000000000000212, -0.1125999999999994644 ) ) ;
#3208 = AXIS2_PLACEMENT_3D ( 'NONE', #1439, #2113, #3444 ) ;
#3209 = LINE ( 'NONE', #1860, #3858 ) ;
#3210 = VECTOR ( 'NONE', #285, 39.37007874015748143 ) ;
#3211 = FACE_BOUND ( 'NONE', #3621, .T. ) ;
#3212 = CARTESIAN_POINT ( 'NONE',  ( -0.005732531189692642581, 0.0000000000000000000, -0.01574999999999999664 ) ) ;
#3213 = AXIS2_PLACEMENT_3D ( 'NONE', #595, #3594, #3920 ) ;
#3214 = ADVANCED_FACE ( 'NONE', ( #1041 ), #1502, .F. ) ;
#3215 = VECTOR ( 'NONE', #1925, 39.37007874015748143 ) ;
#3216 = DIRECTION ( 'NONE',  ( 0.0000000000000000000, 0.0000000000000000000, 1.000000000000000000 ) ) ;
#3217 = ORIENTED_EDGE ( 'NONE', *, *, #355, .F. ) ;
#3218 = EDGE_CURVE ( 'NONE', #3512, #2574, #1162, .T. ) ;
#3219 = SURFACE_STYLE_USAGE ( .BOTH. , #1264 ) ;
#3220 = CARTESIAN_POINT ( 'NONE',  ( 0.2379674688103072255, -0.1100000000000000006, -0.1212599999999994932 ) ) ;
#3221 = CARTESIAN_POINT ( 'NONE',  ( 0.07033012701892972507, 0.0000000000000000000, 0.0000000000000000000 ) ) ;
#3222 = EDGE_CURVE ( 'NONE', #981, #4040, #4192, .T. ) ;
#3223 = VERTEX_POINT ( 'NONE', #92 ) ;
#3224 = CARTESIAN_POINT ( 'NONE',  ( 0.2942664688103074355, -0.1100000000000000006, -0.01574999999999998623 ) ) ;
#3225 = ORIENTED_EDGE ( 'NONE', *, *, #2813, .T. ) ;
#3226 = EDGE_LOOP ( 'NONE', ( #4062, #2742, #2780, #2748 ) ) ;
#3227 = AXIS2_PLACEMENT_3D ( 'NONE', #675, #34, #3748 ) ;
#3228 = DIRECTION ( 'NONE',  ( 0.3420201433256665480, -0.0000000000000000000, 0.9396926207859092051 ) ) ;
#3229 = CARTESIAN_POINT ( 'NONE',  ( 0.03796746881030719362, 0.0000000000000000000, -0.1125999999999994644 ) ) ;
#3230 = ORIENTED_EDGE ( 'NONE', *, *, #2204, .F. ) ;
#3231 = CARTESIAN_POINT ( 'NONE',  ( 0.4816684688103075040, 0.0000000000000000000, -0.1842499999999996085 ) ) ;
#3232 = AXIS2_PLACEMENT_3D ( 'NONE', #3234, #2836, #1878 ) ;
#3233 = CIRCLE ( 'NONE', #275, 0.02874000000000051860 ) ;
#3234 = CARTESIAN_POINT ( 'NONE',  ( 0.2379674688103072255, -0.03520000000000000212, -0.1499999999999999944 ) ) ;
#3235 = ORIENTED_EDGE ( 'NONE', *, *, #2351, .T. ) ;
#3236 = FACE_OUTER_BOUND ( 'NONE', #2119, .T. ) ;
#3237 = AXIS2_PLACEMENT_3D ( 'NONE', #4102, #2507, #126 ) ;
#3238 = CARTESIAN_POINT ( 'NONE',  ( 0.3379674688103072033, -0.1100000000000000006, -0.07874000000000051791 ) ) ;
#3239 = CARTESIAN_POINT ( 'NONE',  ( 0.2800000000000003042, 0.0000000000000000000, 0.0000000000000000000 ) ) ;
#3240 = CARTESIAN_POINT ( 'NONE',  ( 0.4667074688103077240, -0.03520000000000000212, -0.1499999999999999944 ) ) ;
#3241 = PRODUCT_DEFINITION_SHAPE ( 'NONE', 'NONE',  #2948 ) ;
#3242 = CARTESIAN_POINT ( 'NONE',  ( 0.08166846881030738470, -0.1100000000000000006, -0.01574999999999998623 ) ) ;
#3243 = DIRECTION ( 'NONE',  ( -1.000000000000000000, -0.0000000000000000000, -0.0000000000000000000 ) ) ;
#3244 = VERTEX_POINT ( 'NONE', #2500 ) ;
#3245 = EDGE_CURVE ( 'NONE', #4043, #2035, #4264, .T. ) ;
#3246 = PLANE ( 'NONE',  #832 ) ;
#3247 = EDGE_CURVE ( 'NONE', #889, #1165, #1483, .T. ) ;
#3248 = EDGE_LOOP ( 'NONE', ( #2663, #314, #850, #1634 ) ) ;
#3249 = ORIENTED_EDGE ( 'NONE', *, *, #2379, .F. ) ;
#3250 = VECTOR ( 'NONE', #65, 39.37007874015748143 ) ;
#3251 = FACE_OUTER_BOUND ( 'NONE', #2882, .T. ) ;
#3252 = EDGE_CURVE ( 'NONE', #2363, #2218, #1139, .T. ) ;
#3253 = ORIENTED_EDGE ( 'NONE', *, *, #2147, .F. ) ;
#3254 = DIRECTION ( 'NONE',  ( -0.3420201433256720991, 0.0000000000000000000, 0.9396926207859070956 ) ) ;
#3255 = CARTESIAN_POINT ( 'NONE',  ( 0.0000000000000000000, 0.0000000000000000000, 0.0000000000000000000 ) ) ;
#3256 = CIRCLE ( 'NONE', #3396, 0.02874000000000051860 ) ;
#3257 = DIRECTION ( 'NONE',  ( -0.0000000000000000000, 1.000000000000000000, -0.0000000000000000000 ) ) ;
#3258 = LINE ( 'NONE', #3946, #689 ) ;
#3259 = EDGE_LOOP ( 'NONE', ( #4121, #3119, #3101, #1399 ) ) ;
#3260 = CARTESIAN_POINT ( 'NONE',  ( 0.1649999999999998690, 0.0000000000000000000, 0.01699999999999820752 ) ) ;
#3261 = CIRCLE ( 'NONE', #1936, 0.02874000000000051860 ) ;
#3262 = APPLICATION_CONTEXT ( 'automotive_design' ) ;
#3263 = AXIS2_PLACEMENT_3D ( 'NONE', #1853, #3179, #154 ) ;
#3264 = LINE ( 'NONE', #3551, #705 ) ;
#3265 = ORIENTED_EDGE ( 'NONE', *, *, #768, .T. ) ;
#3266 = DIRECTION ( 'NONE',  ( -0.0000000000000000000, 1.000000000000000000, -0.0000000000000000000 ) ) ;
#3267 = DIRECTION ( 'NONE',  ( -1.000000000000000000, 0.0000000000000000000, -0.0000000000000000000 ) ) ;
#3268 = CARTESIAN_POINT ( 'NONE',  ( 0.4816684688103073930, 0.0000000000000000000, -0.01574999999999998623 ) ) ;
#3269 = ORIENTED_EDGE ( 'NONE', *, *, #4110, .F. ) ;
#3270 = CYLINDRICAL_SURFACE ( 'NONE', #1147, 0.03740000000000053004 ) ;
#3271 = ORIENTED_EDGE ( 'NONE', *, *, #2272, .F. ) ;
#3272 = ADVANCED_FACE ( 'NONE', ( #3478 ), #4140, .F. ) ;
#3273 = ADVANCED_FACE ( 'NONE', ( #1818 ), #3146, .F. ) ;
#3274 = CARTESIAN_POINT ( 'NONE',  ( 0.08166846881030738470, -0.1100000000000000006, -0.01574999999999998623 ) ) ;
#3275 = VERTEX_POINT ( 'NONE', #3220 ) ;
#3276 = LINE ( 'NONE', #246, #1695 ) ;
#3277 = DIRECTION ( 'NONE',  ( -1.000000000000000000, -0.0000000000000000000, -0.0000000000000000000 ) ) ;
#3278 = ADVANCED_FACE ( 'NONE', ( #2172 ), #3509, .F. ) ;
#3279 = ADVANCED_FACE ( 'NONE', ( #1191 ), #146, .F. ) ;
#3280 = CARTESIAN_POINT ( 'NONE',  ( 0.0000000000000000000, 0.0000000000000000000, 0.0000000000000000000 ) ) ;
#3281 = LINE ( 'NONE', #1301, #1837 ) ;
#3282 = DIRECTION ( 'NONE',  ( 0.0000000000000000000, 0.0000000000000000000, 1.000000000000000000 ) ) ;
#3283 = AXIS2_PLACEMENT_3D ( 'NONE', #840, #2866, #4212 ) ;
#3284 = ORIENTED_EDGE ( 'NONE', *, *, #3110, .F. ) ;
#3285 = CYLINDRICAL_SURFACE ( 'NONE', #667, 0.03740000000000053698 ) ;
#3286 = FACE_OUTER_BOUND ( 'NONE', #719, .T. ) ;
#3287 = VECTOR ( 'NONE', #1889, 39.37007874015748143 ) ;
#3288 = FACE_OUTER_BOUND ( 'NONE', #1810, .T. ) ;
#3289 = CARTESIAN_POINT ( 'NONE',  ( -0.01203253118969264089, -0.1100000000000000006, -0.1842499999999996918 ) ) ;
#3290 = AXIS2_PLACEMENT_3D ( 'NONE', #3476, #447, #182 ) ;
#3291 = CARTESIAN_POINT ( 'NONE',  ( 0.03796746881030720056, -0.1100000000000000006, -0.07874000000000051791 ) ) ;
#3292 = FACE_OUTER_BOUND ( 'NONE', #3147, .T. ) ;
#3293 = ORIENTED_EDGE ( 'NONE', *, *, #1912, .F. ) ;
#3294 = COLOUR_RGB ( '',1.000000000000000000, 0.8039215686274510109, 0.4941176470588235503 ) ;
#3295 = CARTESIAN_POINT ( 'NONE',  ( 0.3379674688103072033, -0.03520000000000000212, -0.04999999999999999584 ) ) ;
#3296 = ORIENTED_EDGE ( 'NONE', *, *, #3706, .F. ) ;
#3297 = CARTESIAN_POINT ( 'NONE',  ( 2.239553201765118668E-16, -0.1100000000000000006, -0.1999999999999996503 ) ) ;
#3298 = ORIENTED_EDGE ( 'NONE', *, *, #3082, .F. ) ;
#3299 = CARTESIAN_POINT ( 'NONE',  ( 0.03796746881030719362, 0.0000000000000000000, -0.04999999999999999584 ) ) ;
#3300 = DIRECTION ( 'NONE',  ( -0.0000000000000000000, 1.000000000000000000, -0.0000000000000000000 ) ) ;
#3301 = VERTEX_POINT ( 'NONE', #2506 ) ;
#3302 = ADVANCED_FACE ( 'NONE', ( #2865 ), #480, .T. ) ;
#3303 = DIRECTION ( 'NONE',  ( -0.0000000000000000000, 1.000000000000000000, -0.0000000000000000000 ) ) ;
#3304 = VECTOR ( 'NONE', #2867, 39.37007874015748143 ) ;
#3305 = APPLICATION_PROTOCOL_DEFINITION ( 'draft international standard', 'automotive_design', 1998, #238 ) ;
#3306 = EDGE_CURVE ( 'NONE', #3539, #2031, #1507, .T. ) ;
#3307 = DIRECTION ( 'NONE',  ( -0.0000000000000000000, 1.000000000000000000, -0.0000000000000000000 ) ) ;
#3308 = AXIS2_PLACEMENT_3D ( 'NONE', #2719, #308, #4058 ) ;
#3309 = VERTEX_POINT ( 'NONE', #3174 ) ;
#3310 = EDGE_CURVE ( 'NONE', #2056, #1123, #2569, .T. ) ;
#3311 = DIRECTION ( 'NONE',  ( -0.0000000000000000000, 1.000000000000000000, -0.0000000000000000000 ) ) ;
#3312 = DIRECTION ( 'NONE',  ( -0.3420201433256720991, 0.0000000000000000000, 0.9396926207859070956 ) ) ;
#3313 = LINE ( 'NONE', #1307, #2192 ) ;
#3314 = ORIENTED_EDGE ( 'NONE', *, *, #3156, .F. ) ;
#3315 = DIRECTION ( 'NONE',  ( 0.0000000000000000000, 0.0000000000000000000, 1.000000000000000000 ) ) ;
#3316 = DIRECTION ( 'NONE',  ( -0.0000000000000000000, -0.0000000000000000000, -1.000000000000000000 ) ) ;
#3317 = EDGE_LOOP ( 'NONE', ( #842, #849, #1005, #2422 ) ) ;
#3318 = DIRECTION ( 'NONE',  ( -0.0000000000000000000, 1.000000000000000000, -0.0000000000000000000 ) ) ;
#3319 = EDGE_LOOP ( 'NONE', ( #2368, #812, #4087, #299 ) ) ;
#3320 = CYLINDRICAL_SURFACE ( 'NONE', #1945, 0.03740000000000053004 ) ;
#3321 = ORIENTED_EDGE ( 'NONE', *, *, #1748, .T. ) ;
#3322 = DIRECTION ( 'NONE',  ( 0.0000000000000000000, 0.0000000000000000000, 1.000000000000000000 ) ) ;
#3323 = PRODUCT_DEFINITION_SHAPE ( 'NONE', 'NONE',  #4366 ) ;
#3324 = FACE_OUTER_BOUND ( 'NONE', #2600, .T. ) ;
#3325 = ORIENTED_EDGE ( 'NONE', *, *, #2860, .T. ) ;
#3326 = DIRECTION ( 'NONE',  ( 0.0000000000000000000, -1.000000000000000000, 0.0000000000000000000 ) ) ;
#3327 = FACE_OUTER_BOUND ( 'NONE', #2912, .T. ) ;
#3328 = FACE_OUTER_BOUND ( 'NONE', #3985, .T. ) ;
#3329 = AXIS2_PLACEMENT_3D ( 'NONE', #3136, #200, #2809 ) ;
#3330 = ORIENTED_EDGE ( 'NONE', *, *, #3331, .T. ) ;
#3331 = EDGE_CURVE ( 'NONE', #1165, #3994, #2725, .T. ) ;
#3332 = EDGE_CURVE ( 'NONE', #2574, #3309, #1847, .T. ) ;
#3333 = LINE ( 'NONE', #3971, #1628 ) ;
#3334 = ORIENTED_EDGE ( 'NONE', *, *, #3455, .T. ) ;
#3335 = CARTESIAN_POINT ( 'NONE',  ( 0.1649999999999989253, 2.755455298081490081E-18, -0.01849999999999981520 ) ) ;
#3336 = VERTEX_POINT ( 'NONE', #2524 ) ;
#3337 = EDGE_CURVE ( 'NONE', #2394, #234, #3530, .T. ) ;
#3338 = AXIS2_PLACEMENT_3D ( 'NONE', #880, #1209, #231 ) ;
#3339 = FACE_OUTER_BOUND ( 'NONE', #4332, .T. ) ;
#3340 = VERTEX_POINT ( 'NONE', #3577 ) ;
#3341 = CARTESIAN_POINT ( 'NONE',  ( 0.0000000000000000000, 0.0000000000000000000, 0.02649999999999929495 ) ) ;
#3342 = CIRCLE ( 'NONE', #669, 0.01000000000000016674 ) ;
#3343 = CARTESIAN_POINT ( 'NONE',  ( 0.5379674688103072144, -0.03520000000000000212, -0.04999999999999999584 ) ) ;
#3344 = CARTESIAN_POINT ( 'NONE',  ( 0.5379674688103072144, 1.224646799147263287E-20, -0.08740000000000051894 ) ) ;
#3345 = EDGE_LOOP ( 'NONE', ( #4021, #2160, #1208, #2939 ) ) ;
#3346 = ORIENTED_EDGE ( 'NONE', *, *, #3185, .F. ) ;
#3347 =( CONVERSION_BASED_UNIT ( 'INCH', #2751 ) LENGTH_UNIT ( ) NAMED_UNIT ( #881 ) );
#3348 = DIRECTION ( 'NONE',  ( -0.0000000000000000000, 1.000000000000000000, -0.0000000000000000000 ) ) ;
#3349 = ORIENTED_EDGE ( 'NONE', *, *, #13, .F. ) ;
#3350 = DIRECTION ( 'NONE',  ( 1.000000000000000000, 0.0000000000000000000, -5.421193827719211569E-15 ) ) ;
#3351 = LINE ( 'NONE', #670, #1361 ) ;
#3352 = EDGE_CURVE ( 'NONE', #1489, #4361, #886, .T. ) ;
#3353 = CARTESIAN_POINT ( 'NONE',  ( 0.1816684688103074041, -0.1100000000000000006, -0.01574999999999998623 ) ) ;
#3354 = VECTOR ( 'NONE', #3904, 39.37007874015748143 ) ;
#3355 = EDGE_LOOP ( 'NONE', ( #1434, #2696, #3931, #378 ) ) ;
#3356 = CARTESIAN_POINT ( 'NONE',  ( 0.06670746881030771569, -0.03520000000000000212, -0.1499999999999999944 ) ) ;
#3357 = EDGE_CURVE ( 'NONE', #401, #2300, #3855, .T. ) ;
#3358 = AXIS2_PLACEMENT_3D ( 'NONE', #4146, #3812, #796 ) ;
#3359 = CARTESIAN_POINT ( 'NONE',  ( 0.03796746881030720056, 1.224646799147263287E-20, -0.1874000000000005384 ) ) ;
#3360 = ORIENTED_EDGE ( 'NONE', *, *, #845, .F. ) ;
#3361 = ORIENTED_EDGE ( 'NONE', *, *, #104, .T. ) ;
#3362 = EDGE_CURVE ( 'NONE', #4226, #3336, #503, .T. ) ;
#3363 = DIRECTION ( 'NONE',  ( -0.0000000000000000000, 1.000000000000000000, -0.0000000000000000000 ) ) ;
#3364 = ORIENTED_EDGE ( 'NONE', *, *, #356, .F. ) ;
#3365 = CIRCLE ( 'NONE', #824, 0.02874000000000051860 ) ;
#3366 = DIRECTION ( 'NONE',  ( -1.000000000000000000, -0.0000000000000000000, -0.0000000000000000000 ) ) ;
#3367 = DIRECTION ( 'NONE',  ( 0.3420201433256665480, -0.0000000000000000000, 0.9396926207859092051 ) ) ;
#3368 = ORIENTED_EDGE ( 'NONE', *, *, #1231, .T. ) ;
#3369 = LINE ( 'NONE', #319, #2834 ) ;
#3370 = AXIS2_PLACEMENT_3D ( 'NONE', #3356, #2418, #326 ) ;
#3371 = AXIS2_PLACEMENT_3D ( 'NONE', #808, #1498, #1840 ) ;
#3372 = FACE_OUTER_BOUND ( 'NONE', #2034, .T. ) ;
#3373 = CIRCLE ( 'NONE', #1478, 0.009999999999999073866 ) ;
#3374 = CARTESIAN_POINT ( 'NONE',  ( 0.08166846881030738470, -0.1100000000000000006, -0.01574999999999998623 ) ) ;
#3375 = ORIENTED_EDGE ( 'NONE', *, *, #1198, .F. ) ;
#3376 = CARTESIAN_POINT ( 'NONE',  ( 0.02999999999999995379, 0.0000000000000000000, 0.0000000000000000000 ) ) ;
#3377 = VECTOR ( 'NONE', #2090, 39.37007874015748143 ) ;
#3378 = DIRECTION ( 'NONE',  ( -1.000000000000000000, 0.0000000000000000000, 0.0000000000000000000 ) ) ;
#3379 = ORIENTED_EDGE ( 'NONE', *, *, #3352, .F. ) ;
#3380 = ORIENTED_EDGE ( 'NONE', *, *, #4007, .T. ) ;
#3381 = DIRECTION ( 'NONE',  ( -0.0000000000000000000, 1.000000000000000000, -0.0000000000000000000 ) ) ;
#3382 = EDGE_CURVE ( 'NONE', #3223, #437, #99, .T. ) ;
#3383 = ADVANCED_FACE ( 'NONE', ( #2196 ), #3566, .T. ) ;
#3384 = ORIENTED_EDGE ( 'NONE', *, *, #3757, .F. ) ;
#3385 = ORIENTED_EDGE ( 'NONE', *, *, #1780, .T. ) ;
#3386 = EDGE_CURVE ( 'NONE', #3528, #83, #2216, .T. ) ;
#3387 = ADVANCED_FACE ( 'NONE', ( #3834 ), #2887, .T. ) ;
#3388 = CARTESIAN_POINT ( 'NONE',  ( 0.1999990000000001211, -0.1100000000000000006, 0.0000000000000000000 ) ) ;
#3389 = CARTESIAN_POINT ( 'NONE',  ( 0.4379674688103072366, -0.1100000000000000006, -0.1212599999999994932 ) ) ;
#3390 = ORIENTED_EDGE ( 'NONE', *, *, #968, .T. ) ;
#3391 = DIRECTION ( 'NONE',  ( -1.000000000000000000, -0.0000000000000000000, -0.0000000000000000000 ) ) ;
#3392 = DIRECTION ( 'NONE',  ( 0.3420201433256665480, -0.0000000000000000000, 0.9396926207859092051 ) ) ;
#3393 = LINE ( 'NONE', #1433, #1452 ) ;
#3394 = ORIENTED_EDGE ( 'NONE', *, *, #4302, .F. ) ;
#3395 = CARTESIAN_POINT ( 'NONE',  ( 0.03796746881030719362, -0.03520000000000000212, -0.1499999999999999944 ) ) ;
#3396 = AXIS2_PLACEMENT_3D ( 'NONE', #4281, #2314, #1212 ) ;
#3397 = LINE ( 'NONE', #1969, #2879 ) ;
#3398 = EDGE_LOOP ( 'NONE', ( #61, #2045, #548, #2235 ) ) ;
#3399 = VERTEX_POINT ( 'NONE', #2803 ) ;
#3400 = FACE_OUTER_BOUND ( 'NONE', #3555, .T. ) ;
#3401 = AXIS2_PLACEMENT_3D ( 'NONE', #1864, #1161, #3191 ) ;
#3402 = ORIENTED_EDGE ( 'NONE', *, *, #798, .T. ) ;
#3403 = VECTOR ( 'NONE', #1339, 39.37007874015748143 ) ;
#3404 = EDGE_CURVE ( 'NONE', #48, #3655, #2665, .T. ) ;
#3405 = CONTEXT_DEPENDENT_SHAPE_REPRESENTATION ( #492, #2659 ) ;
#3406 = CARTESIAN_POINT ( 'NONE',  ( 0.5379674688103072144, -0.03520000000000000212, -0.1874000000000005384 ) ) ;
#3407 = FACE_OUTER_BOUND ( 'NONE', #1014, .T. ) ;
#3408 = EDGE_CURVE ( 'NONE', #453, #1083, #96, .T. ) ;
#3409 = DIRECTION ( 'NONE',  ( -6.522075230939960446E-16, 0.0000000000000000000, -1.000000000000000000 ) ) ;
#3410 = ORIENTED_EDGE ( 'NONE', *, *, #2555, .F. ) ;
#3411 = CARTESIAN_POINT ( 'NONE',  ( 0.06099999999999970723, 0.0000000000000000000, 0.0000000000000000000 ) ) ;
#3412 = EDGE_CURVE ( 'NONE', #2620, #291, #213, .T. ) ;
#3413 = FACE_OUTER_BOUND ( 'NONE', #1999, .T. ) ;
#3414 = CARTESIAN_POINT ( 'NONE',  ( 0.03796746881030719362, 1.224646799147263287E-20, -0.1499999999999999944 ) ) ;
#3415 = EDGE_LOOP ( 'NONE', ( #735, #1024 ) ) ;
#3416 = CARTESIAN_POINT ( 'NONE',  ( 0.5379674688103072144, -0.03520000000000000212, -0.1499999999999999944 ) ) ;
#3417 = CARTESIAN_POINT ( 'NONE',  ( 0.5759349376206148730, -0.1100000000000000006, -0.2000000000000000111 ) ) ;
#3418 = PLANE ( 'NONE',  #3445 ) ;
#3419 = ORIENTED_EDGE ( 'NONE', *, *, #3573, .F. ) ;
#3420 = ORIENTED_EDGE ( 'NONE', *, *, #2951, .F. ) ;
#3421 = AXIS2_PLACEMENT_3D ( 'NONE', #3059, #1753, #1100 ) ;
#3422 = LINE ( 'NONE', #818, #4016 ) ;
#3423 = AXIS2_PLACEMENT_3D ( 'NONE', #47, #1425, #4046 ) ;
#3424 = ORIENTED_EDGE ( 'NONE', *, *, #4106, .T. ) ;
#3425 = TOROIDAL_SURFACE ( 'NONE', #1245, 0.01699999999999820752, 0.006999999999998859565 ) ;
#3426 = APPLICATION_CONTEXT ( 'automotive_design' ) ;
#3427 = ITEM_DEFINED_TRANSFORMATION ( 'NONE', 'NONE', #624,  #1331 ) ;
#3428 = DIRECTION ( 'NONE',  ( 0.0000000000000000000, 0.0000000000000000000, 1.000000000000000000 ) ) ;
#3429 = AXIS2_PLACEMENT_3D ( 'NONE', #597, #1953, #3312 ) ;
#3430 = ORIENTED_EDGE ( 'NONE', *, *, #1289, .T. ) ;
#3431 = DIRECTION ( 'NONE',  ( -0.0000000000000000000, 1.000000000000000000, -0.0000000000000000000 ) ) ;
#3432 = VERTEX_POINT ( 'NONE', #1597 ) ;
#3433 = DIRECTION ( 'NONE',  ( 0.0000000000000000000, 0.0000000000000000000, 1.000000000000000000 ) ) ;
#3434 = ADVANCED_FACE ( 'NONE', ( #1624 ), #4017, .T. ) ;
#3435 = EDGE_CURVE ( 'NONE', #3838, #599, #2042, .T. ) ;
#3436 = SPHERICAL_SURFACE ( 'NONE', #2141, 0.01000000000000016674 ) ;
#3437 = CIRCLE ( 'NONE', #3723, 0.03740000000000053004 ) ;
#3438 = ORIENTED_EDGE ( 'NONE', *, *, #1261, .F. ) ;
#3439 = ADVANCED_FACE ( 'NONE', ( #2910 ), #2683, .F. ) ;
#3440 = DIRECTION ( 'NONE',  ( -0.9396926207859072067, 0.0000000000000000000, -0.3420201433256721546 ) ) ;
#3441 = ORIENTED_EDGE ( 'NONE', *, *, #63, .F. ) ;
#3442 = ORIENTED_EDGE ( 'NONE', *, *, #1974, .F. ) ;
#3443 = VECTOR ( 'NONE', #2693, 39.37007874015748143 ) ;
#3444 = DIRECTION ( 'NONE',  ( 0.0000000000000000000, 0.0000000000000000000, 1.000000000000000000 ) ) ;
#3445 = AXIS2_PLACEMENT_3D ( 'NONE', #1821, #3810, #3507 ) ;
#3446 = DIRECTION ( 'NONE',  ( -0.0000000000000000000, 1.000000000000000000, -0.0000000000000000000 ) ) ;
#3447 = ORIENTED_EDGE ( 'NONE', *, *, #905, .F. ) ;
#3448 = AXIS2_PLACEMENT_3D ( 'NONE', #4188, #2782, #2093 ) ;
#3449 = PLANE ( 'NONE',  #1591 ) ;
#3450 = ORIENTED_EDGE ( 'NONE', *, *, #2835, .F. ) ;
#3451 = CARTESIAN_POINT ( 'NONE',  ( 0.2816684688103074374, -0.1100000000000000006, -0.1842499999999996085 ) ) ;
#3452 = ORIENTED_EDGE ( 'NONE', *, *, #1440, .F. ) ;
#3453 = CARTESIAN_POINT ( 'NONE',  ( 0.2379674688103072255, 0.0000000000000000000, -0.04999999999999999584 ) ) ;
#3454 = FACE_BOUND ( 'NONE', #3979, .T. ) ;
#3455 = EDGE_CURVE ( 'NONE', #1640, #3205, #1001, .T. ) ;
#3456 = CARTESIAN_POINT ( 'NONE',  ( 0.1649999999999989253, 0.0000000000000000000, 0.0000000000000000000 ) ) ;
#3457 = EDGE_CURVE ( 'NONE', #2784, #1835, #1266, .T. ) ;
#3458 = EDGE_LOOP ( 'NONE', ( #3011, #1649, #3069, #1465 ) ) ;
#3459 = DIRECTION ( 'NONE',  ( -0.0000000000000000000, 1.000000000000000000, -0.0000000000000000000 ) ) ;
#3460 = ORIENTED_EDGE ( 'NONE', *, *, #3462, .F. ) ;
#3461 = FACE_OUTER_BOUND ( 'NONE', #150, .T. ) ;
#3462 = EDGE_CURVE ( 'NONE', #1683, #2649, #2039, .T. ) ;
#3463 = CIRCLE ( 'NONE', #3182, 0.02874000000000051860 ) ;
#3464 = LINE ( 'NONE', #3130, #2335 ) ;
#3465 = ORIENTED_EDGE ( 'NONE', *, *, #545, .F. ) ;
#3466 = CARTESIAN_POINT ( 'NONE',  ( 0.1379674688103071922, -0.03520000000000000212, -0.02125999999999947029 ) ) ;
#3467 = SURFACE_STYLE_FILL_AREA ( #2135 ) ;
#3468 = VECTOR ( 'NONE', #2458, 39.37007874015748143 ) ;
#3469 = FACE_BOUND ( 'NONE', #2741, .T. ) ;
#3470 = CARTESIAN_POINT ( 'NONE',  ( 0.3379674688103072033, -0.03520000000000000212, -0.1499999999999999944 ) ) ;
#3471 = ORIENTED_EDGE ( 'NONE', *, *, #2501, .F. ) ;
#3472 = DIRECTION ( 'NONE',  ( -0.0000000000000000000, 1.000000000000000000, -0.0000000000000000000 ) ) ;
#3473 = EDGE_LOOP ( 'NONE', ( #3375, #1375 ) ) ;
#3474 = LINE ( 'NONE', #424, #4034 ) ;
#3475 = AXIS2_PLACEMENT_3D ( 'NONE', #3470, #2828, #3865 ) ;
#3476 = CARTESIAN_POINT ( 'NONE',  ( 0.4379674688103072366, 0.0000000000000000000, -0.1499999999999999944 ) ) ;
#3477 = CARTESIAN_POINT ( 'NONE',  ( 0.4379674688103072366, 1.224646799147263287E-20, -0.1874000000000005384 ) ) ;
#3478 = FACE_OUTER_BOUND ( 'NONE', #1003, .T. ) ;
#3479 = ORIENTED_EDGE ( 'NONE', *, *, #457, .T. ) ;
#3480 = CARTESIAN_POINT ( 'NONE',  ( 0.08166846881030738470, 0.0000000000000000000, -0.01574999999999998623 ) ) ;
#3481 = ORIENTED_EDGE ( 'NONE', *, *, #4026, .F. ) ;
#3482 = DIRECTION ( 'NONE',  ( 0.0000000000000000000, 0.0000000000000000000, 1.000000000000000000 ) ) ;
#3483 = DIRECTION ( 'NONE',  ( 0.3420201433256633283, 0.0000000000000000000, -0.9396926207859103153 ) ) ;
#3484 = EDGE_CURVE ( 'NONE', #129, #2443, #4270, .T. ) ;
#3485 = PLANE ( 'NONE',  #4287 ) ;
#3486 = AXIS2_PLACEMENT_3D ( 'NONE', #2804, #4147, #3813 ) ;
#3487 = EDGE_CURVE ( 'NONE', #2624, #1295, #3623, .T. ) ;
#3488 = ORIENTED_EDGE ( 'NONE', *, *, #3404, .F. ) ;
#3489 = PLANE ( 'NONE',  #1019 ) ;
#3490 = CIRCLE ( 'NONE', #2242, 0.03740000000000053698 ) ;
#3491 = SURFACE_STYLE_USAGE ( .BOTH. , #4151 ) ;
#3492 = DIRECTION ( 'NONE',  ( -0.0000000000000000000, 1.000000000000000000, -0.0000000000000000000 ) ) ;
#3493 = CARTESIAN_POINT ( 'NONE',  ( 0.1379674688103071922, -0.1100000000000000006, -0.02125999999999947723 ) ) ;
#3494 = EDGE_LOOP ( 'NONE', ( #1244, #934, #725, #2892 ) ) ;
#3495 = DIRECTION ( 'NONE',  ( 0.0000000000000000000, -1.000000000000000000, 0.0000000000000000000 ) ) ;
#3496 = VECTOR ( 'NONE', #2875, 39.37007874015748143 ) ;
#3497 = EDGE_LOOP ( 'NONE', ( #1663, #1129, #3604, #1046 ) ) ;
#3498 = DIRECTION ( 'NONE',  ( 1.000000000000000000, 0.0000000000000000000, -0.0000000000000000000 ) ) ;
#3499 = VECTOR ( 'NONE', #3300, 39.37007874015748143 ) ;
#3500 = SHAPE_REPRESENTATION ( 'P4XX-21-010-00-000000_P412-21-010-00-000000', ( #1331 ), #758 ) ;
#3501 = DIRECTION ( 'NONE',  ( 0.0000000000000000000, 0.0000000000000000000, 1.000000000000000000 ) ) ;
#3502 = DIRECTION ( 'NONE',  ( 0.0000000000000000000, 0.0000000000000000000, 1.000000000000000000 ) ) ;
#3503 = FACE_BOUND ( 'NONE', #823, .T. ) ;
#3504 = DIRECTION ( 'NONE',  ( 0.0000000000000000000, 0.0000000000000000000, 1.000000000000000000 ) ) ;
#3505 = VERTEX_POINT ( 'NONE', #3291 ) ;
#3506 = CARTESIAN_POINT ( 'NONE',  ( 0.4379674688103072366, 0.0000000000000000000, -0.04999999999999999584 ) ) ;
#3507 = DIRECTION ( 'NONE',  ( -1.000000000000000000, 0.0000000000000000000, 6.522075230939960446E-16 ) ) ;
#3508 = EDGE_LOOP ( 'NONE', ( #1311, #334 ) ) ;
#3509 = PLANE ( 'NONE',  #2384 ) ;
#3510 = CARTESIAN_POINT ( 'NONE',  ( 0.2800000000000003042, -1.092739197465705287E-15, 0.0000000000000000000 ) ) ;
#3511 = DIRECTION ( 'NONE',  ( 0.0000000000000000000, 1.000000000000000000, 0.0000000000000000000 ) ) ;
#3512 = VERTEX_POINT ( 'NONE', #3335 ) ;
#3513 = EDGE_CURVE ( 'NONE', #1855, #1640, #2636, .T. ) ;
#3514 = CIRCLE ( 'NONE', #199, 0.02874000000000051860 ) ;
#3515 = ADVANCED_FACE ( 'NONE', ( #1290 ), #454, .F. ) ;
#3516 = DIRECTION ( 'NONE',  ( 0.0000000000000000000, 0.0000000000000000000, 1.000000000000000000 ) ) ;
#3517 = LINE ( 'NONE', #1202, #4200 ) ;
#3518 = ORIENTED_EDGE ( 'NONE', *, *, #789, .F. ) ;
#3519 = AXIS2_PLACEMENT_3D ( 'NONE', #3712, #3381, #3046 ) ;
#3520 = ORIENTED_EDGE ( 'NONE', *, *, #852, .F. ) ;
#3521 = CARTESIAN_POINT ( 'NONE',  ( 0.1759359376206146575, -0.1100000000000000006, -9.478001694819074349E-34 ) ) ;
#3522 = ADVANCED_FACE ( 'NONE', ( #2977 ), #627, .F. ) ;
#3523 = CARTESIAN_POINT ( 'NONE',  ( 0.03796746881030719362, -0.03520000000000000212, -0.1499999999999999944 ) ) ;
#3524 = FACE_OUTER_BOUND ( 'NONE', #3610, .T. ) ;
#3525 = ORIENTED_EDGE ( 'NONE', *, *, #2102, .F. ) ;
#3526 = FACE_BOUND ( 'NONE', #2410, .T. ) ;
#3527 = CARTESIAN_POINT ( 'NONE',  ( 0.2816684688103074374, -0.1100000000000000006, -0.01574999999999998623 ) ) ;
#3528 = VERTEX_POINT ( 'NONE', #4350 ) ;
#3529 = DIRECTION ( 'NONE',  ( 0.0000000000000000000, 0.0000000000000000000, 1.000000000000000000 ) ) ;
#3530 = LINE ( 'NONE', #191, #4346 ) ;
#3531 = CARTESIAN_POINT ( 'NONE',  ( 2.239553201765118668E-16, -0.1100000000000000006, -0.1999999999999996503 ) ) ;
#3532 = ORIENTED_EDGE ( 'NONE', *, *, #585, .T. ) ;
#3533 = DIRECTION ( 'NONE',  ( 1.000000000000000000, 0.0000000000000000000, -5.421193827719211569E-15 ) ) ;
#3534 = ORIENTED_EDGE ( 'NONE', *, *, #4050, .T. ) ;
#3535 = EDGE_LOOP ( 'NONE', ( #3938, #2666 ) ) ;
#3536 = CARTESIAN_POINT ( 'NONE',  ( 0.4379674688103072366, 1.224646799147263287E-20, -0.1499999999999999944 ) ) ;
#3537 = DIRECTION ( 'NONE',  ( 0.0000000000000000000, 0.0000000000000000000, 1.000000000000000000 ) ) ;
#3538 = CYLINDRICAL_SURFACE ( 'NONE', #2044, 0.03499999999999785227 ) ;
#3539 = VERTEX_POINT ( 'NONE', #1309 ) ;
#3540 = CIRCLE ( 'NONE', #1656, 0.02874000000000052554 ) ;
#3541 = ORIENTED_EDGE ( 'NONE', *, *, #2954, .T. ) ;
#3542 = EDGE_CURVE ( 'NONE', #1820, #3801, #2592, .T. ) ;
#3543 = CARTESIAN_POINT ( 'NONE',  ( 0.09999900000000011557, -0.1100000000000000006, 0.0000000000000000000 ) ) ;
#3544 = CIRCLE ( 'NONE', #3893, 0.02874000000000051860 ) ;
#3545 = EDGE_CURVE ( 'NONE', #3340, #266, #3996, .T. ) ;
#3546 = FACE_OUTER_BOUND ( 'NONE', #4166, .T. ) ;
#3547 = CARTESIAN_POINT ( 'NONE',  ( 0.4379674688103072366, -0.1100000000000000006, -0.02125999999999947723 ) ) ;
#3548 = ORIENTED_EDGE ( 'NONE', *, *, #311, .T. ) ;
#3549 = EDGE_CURVE ( 'NONE', #3223, #109, #2934, .T. ) ;
#3550 = VECTOR ( 'NONE', #3612, 39.37007874015748143 ) ;
#3551 = CARTESIAN_POINT ( 'NONE',  ( 0.4816684688103073930, -0.1100000000000000006, -0.01574999999999998623 ) ) ;
#3552 = VERTEX_POINT ( 'NONE', #2618 ) ;
#3553 = CARTESIAN_POINT ( 'NONE',  ( 0.0000000000000000000, -0.1100000000000000006, 0.0000000000000000000 ) ) ;
#3554 = LINE ( 'NONE', #1529, #243 ) ;
#3555 = EDGE_LOOP ( 'NONE', ( #1444, #3823, #752, #731 ) ) ;
#3556 = CARTESIAN_POINT ( 'NONE',  ( 0.08166846881030738470, 0.0000000000000000000, -0.01574999999999998623 ) ) ;
#3557 = ORIENTED_EDGE ( 'NONE', *, *, #3663, .T. ) ;
#3558 = ORIENTED_EDGE ( 'NONE', *, *, #3167, .F. ) ;
#3559 = DIRECTION ( 'NONE',  ( 0.0000000000000000000, 0.0000000000000000000, 1.000000000000000000 ) ) ;
#3560 = DIRECTION ( 'NONE',  ( 0.0000000000000000000, 0.0000000000000000000, -1.000000000000000000 ) ) ;
#3561 = EDGE_LOOP ( 'NONE', ( #3201, #1887, #2922, #4056 ) ) ;
#3562 = DIRECTION ( 'NONE',  ( -1.000000000000000000, 0.0000000000000000000, 6.522075230939960446E-16 ) ) ;
#3563 = VECTOR ( 'NONE', #3856, 39.37007874015748143 ) ;
#3564 =( NAMED_UNIT ( * ) SI_UNIT ( $, .STERADIAN. ) SOLID_ANGLE_UNIT ( ) );
#3565 = CARTESIAN_POINT ( 'NONE',  ( 0.3379674688103072033, -0.1100000000000000006, -0.1499999999999999944 ) ) ;
#3566 = CONICAL_SURFACE ( 'NONE', #3004, 0.01849999999999981520, 0.7853981633975165577 ) ;
#3567 = CARTESIAN_POINT ( 'NONE',  ( 0.5879674688103072588, -0.1100000000000000006, -0.1842499999999999416 ) ) ;
#3568 = ORIENTED_EDGE ( 'NONE', *, *, #2508, .F. ) ;
#3569 = DIRECTION ( 'NONE',  ( 0.3420201433256633283, 0.0000000000000000000, -0.9396926207859103153 ) ) ;
#3570 = EDGE_CURVE ( 'NONE', #3552, #4150, #304, .T. ) ;
#3571 = AXIS2_PLACEMENT_3D ( 'NONE', #2586, #663, #4012 ) ;
#3572 = FACE_OUTER_BOUND ( 'NONE', #3682, .T. ) ;
#3573 = EDGE_CURVE ( 'NONE', #1383, #4024, #3068, .T. ) ;
#3574 = VECTOR ( 'NONE', #3088, 39.37007874015748143 ) ;
#3575 = CARTESIAN_POINT ( 'NONE',  ( 0.4942664688103074466, -0.1100000000000000006, -0.01574999999999998623 ) ) ;
#3576 = CARTESIAN_POINT ( 'NONE',  ( 0.03796746881030720056, -0.1100000000000000006, -0.1787400000000005096 ) ) ;
#3577 = CARTESIAN_POINT ( 'NONE',  ( 0.3999990000000001600, -0.1100000000000000006, 0.0000000000000000000 ) ) ;
#3578 = CARTESIAN_POINT ( 'NONE',  ( 0.5379674688103072144, 1.224646799147263287E-20, -0.1499999999999999944 ) ) ;
#3579 = EDGE_CURVE ( 'NONE', #1862, #1079, #1033, .T. ) ;
#3580 = DIRECTION ( 'NONE',  ( 0.0000000000000000000, 0.0000000000000000000, 1.000000000000000000 ) ) ;
#3581 = EDGE_LOOP ( 'NONE', ( #2515, #3774, #4036, #1596 ) ) ;
#3582 = CARTESIAN_POINT ( 'NONE',  ( 0.4379674688103072366, -0.03520000000000000212, -0.1874000000000005384 ) ) ;
#3583 = ORIENTED_EDGE ( 'NONE', *, *, #968, .F. ) ;
#3584 = AXIS2_PLACEMENT_3D ( 'NONE', #2599, #529, #1893 ) ;
#3585 = CARTESIAN_POINT ( 'NONE',  ( 0.4999990000000001378, -0.1100000000000000006, -0.1999999999999999833 ) ) ;
#3586 = ORIENTED_EDGE ( 'NONE', *, *, #3601, .T. ) ;
#3587 = CARTESIAN_POINT ( 'NONE',  ( 0.4379674688103072366, -0.03520000000000000212, -0.04999999999999999584 ) ) ;
#3588 = LINE ( 'NONE', #4294, #3192 ) ;
#3589 = CIRCLE ( 'NONE', #556, 0.02874000000000052554 ) ;
#3590 = DIRECTION ( 'NONE',  ( 0.0000000000000000000, -1.000000000000000000, 0.0000000000000000000 ) ) ;
#3591 = VECTOR ( 'NONE', #3632, 39.37007874015748854 ) ;
#3592 = CARTESIAN_POINT ( 'NONE',  ( 0.3379674688103072033, -0.1100000000000000006, -0.1787400000000005096 ) ) ;
#3593 = PRODUCT_DEFINITION_CONTEXT ( 'detailed design', #404, 'design' ) ;
#3594 = DIRECTION ( 'NONE',  ( -0.0000000000000000000, 1.000000000000000000, -0.0000000000000000000 ) ) ;
#3595 = VERTEX_POINT ( 'NONE', #3699 ) ;
#3596 = CARTESIAN_POINT ( 'NONE',  ( 0.1942664688103074300, 0.0000000000000000000, -0.1842499999999996918 ) ) ;
#3597 = ADVANCED_FACE ( 'NONE', ( #340 ), #3076, .T. ) ;
#3598 = DIRECTION ( 'NONE',  ( -1.000000000000000000, 0.0000000000000000000, 6.522075230939960446E-16 ) ) ;
#3599 = EDGE_LOOP ( 'NONE', ( #4352, #354, #2544, #3672 ) ) ;
#3600 = DIRECTION ( 'NONE',  ( 0.0000000000000000000, 0.0000000000000000000, 1.000000000000000000 ) ) ;
#3601 = EDGE_CURVE ( 'NONE', #2200, #4065, #2065, .T. ) ;
#3602 = CARTESIAN_POINT ( 'NONE',  ( 0.3379674688103072033, 0.0000000000000000000, -0.02125999999999947376 ) ) ;
#3603 = DIRECTION ( 'NONE',  ( -0.0000000000000000000, 1.000000000000000000, -0.0000000000000000000 ) ) ;
#3604 = ORIENTED_EDGE ( 'NONE', *, *, #3222, .F. ) ;
#3605 = CARTESIAN_POINT ( 'NONE',  ( 0.5379674688103072144, -0.1100000000000000006, -0.07874000000000051791 ) ) ;
#3606 = VERTEX_POINT ( 'NONE', #2451 ) ;
#3607 = VERTEX_POINT ( 'NONE', #3389 ) ;
#3608 = EDGE_CURVE ( 'NONE', #289, #2761, #3743, .T. ) ;
#3609 = DIRECTION ( 'NONE',  ( -0.0000000000000000000, 1.000000000000000000, -0.0000000000000000000 ) ) ;
#3610 = EDGE_LOOP ( 'NONE', ( #2255, #3846, #2101, #940 ) ) ;
#3611 = CARTESIAN_POINT ( 'NONE',  ( 0.4759359376206147019, -0.1100000000000000006, -0.1999999999999999833 ) ) ;
#3612 = DIRECTION ( 'NONE',  ( -0.0000000000000000000, 1.000000000000000000, -0.0000000000000000000 ) ) ;
#3613 = VECTOR ( 'NONE', #4074, 39.37007874015748143 ) ;
#3614 = CARTESIAN_POINT ( 'NONE',  ( 0.5879674688103072588, -0.1100000000000000006, -0.01575000000000000705 ) ) ;
#3615 = CARTESIAN_POINT ( 'NONE',  ( 0.1759359376206146575, 0.0000000000000000000, -0.1999999999999999833 ) ) ;
#3616 = ORIENTED_EDGE ( 'NONE', *, *, #3252, .T. ) ;
#3617 = VECTOR ( 'NONE', #2066, 39.37007874015748143 ) ;
#3618 = DIRECTION ( 'NONE',  ( 0.0000000000000000000, 0.0000000000000000000, 1.000000000000000000 ) ) ;
#3619 = VECTOR ( 'NONE', #3965, 39.37007874015748854 ) ;
#3620 = FACE_BOUND ( 'NONE', #2341, .T. ) ;
#3621 = EDGE_LOOP ( 'NONE', ( #1714, #484 ) ) ;
#3622 = PRESENTATION_STYLE_ASSIGNMENT (( #3219 ) ) ;
#3623 = LINE ( 'NONE', #3602, #1323 ) ;
#3624 = LINE ( 'NONE', #3531, #3563 ) ;
#3625 = CARTESIAN_POINT ( 'NONE',  ( 0.5379674688103072144, -0.03520000000000000212, -0.1499999999999999944 ) ) ;
#3626 = ORIENTED_EDGE ( 'NONE', *, *, #2180, .T. ) ;
#3627 = ORIENTED_EDGE ( 'NONE', *, *, #1443, .T. ) ;
#3628 = EDGE_CURVE ( 'NONE', #1437, #2829, #358, .T. ) ;
#3629 = EDGE_CURVE ( 'NONE', #2218, #1186, #3490, .T. ) ;
#3630 = CARTESIAN_POINT ( 'NONE',  ( 0.5379674688103072144, 0.0000000000000000000, -0.1125999999999994644 ) ) ;
#3631 = ORIENTED_EDGE ( 'NONE', *, *, #1725, .F. ) ;
#3632 = DIRECTION ( 'NONE',  ( -0.3420201433256720991, 0.0000000000000000000, 0.9396926207859070956 ) ) ;
#3633 = FACE_OUTER_BOUND ( 'NONE', #1910, .T. ) ;
#3634 = AXIS2_PLACEMENT_3D ( 'NONE', #723, #3116, #3052 ) ;
#3635 = PRODUCT ( 'mill-max-419-10-212-00-001000', 'mill-max-419-10-212-00-001000', '', ( #618 ) ) ;
#3636 = CYLINDRICAL_SURFACE ( 'NONE', #2949, 0.03740000000000053004 ) ;
#3637 = DIRECTION ( 'NONE',  ( -0.0000000000000000000, 1.000000000000000000, -0.0000000000000000000 ) ) ;
#3638 = AXIS2_PLACEMENT_3D ( 'NONE', #3456, #3171, #119 ) ;
#3639 = EDGE_LOOP ( 'NONE', ( #3829, #569, #589, #1360 ) ) ;
#3640 = DIRECTION ( 'NONE',  ( -1.000000000000000000, -0.0000000000000000000, -0.0000000000000000000 ) ) ;
#3641 = PLANE ( 'NONE',  #3429 ) ;
#3642 = FACE_OUTER_BOUND ( 'NONE', #2510, .T. ) ;
#3643 = DIRECTION ( 'NONE',  ( 0.0000000000000000000, 0.0000000000000000000, 1.000000000000000000 ) ) ;
#3644 = AXIS2_PLACEMENT_3D ( 'NONE', #3274, #1275, #223 ) ;
#3645 = DIRECTION ( 'NONE',  ( 0.0000000000000000000, 0.0000000000000000000, 1.000000000000000000 ) ) ;
#3646 = CARTESIAN_POINT ( 'NONE',  ( 0.5759349376206148730, 0.0000000000000000000, -0.2000000000000000111 ) ) ;
#3647 = ORIENTED_EDGE ( 'NONE', *, *, #1775, .T. ) ;
#3648 = CARTESIAN_POINT ( 'NONE',  ( 0.4379674688103072366, 0.0000000000000000000, -0.1499999999999999944 ) ) ;
#3649 = ORIENTED_EDGE ( 'NONE', *, *, #1526, .T. ) ;
#3650 = ORIENTED_EDGE ( 'NONE', *, *, #2530, .T. ) ;
#3651 = AXIS2_PLACEMENT_3D ( 'NONE', #2195, #3529, #502 ) ;
#3652 = CYLINDRICAL_SURFACE ( 'NONE', #643, 0.03740000000000053698 ) ;
#3653 = ORIENTED_EDGE ( 'NONE', *, *, #280, .T. ) ;
#3654 = EDGE_CURVE ( 'NONE', #1365, #2364, #2940, .T. ) ;
#3655 = VERTEX_POINT ( 'NONE', #4070 ) ;
#3656 = ADVANCED_FACE ( 'NONE', ( #1707 ), #10, .T. ) ;
#3657 = CIRCLE ( 'NONE', #1049, 0.01699999999999820752 ) ;
#3658 = LINE ( 'NONE', #2285, #3443 ) ;
#3659 = ADVANCED_FACE ( 'NONE', ( #1405, #2695 ), #2753, .F. ) ;
#3660 = VECTOR ( 'NONE', #2188, 39.37007874015748143 ) ;
#3661 = ORIENTED_EDGE ( 'NONE', *, *, #250, .F. ) ;
#3662 = CARTESIAN_POINT ( 'NONE',  ( 0.3759359376206146686, -0.1100000000000000006, -0.1999999999999999833 ) ) ;
#3663 = EDGE_CURVE ( 'NONE', #3035, #3432, #3780, .T. ) ;
#3664 = AXIS2_PLACEMENT_3D ( 'NONE', #925, #3939, #1 ) ;
#3665 = CARTESIAN_POINT ( 'NONE',  ( 0.5879674688103072588, -0.1100000000000000006, -0.1842499999999999416 ) ) ;
#3666 = ORIENTED_EDGE ( 'NONE', *, *, #3245, .T. ) ;
#3667 = AXIS2_PLACEMENT_3D ( 'NONE', #1781, #394, #147 ) ;
#3668 = DIRECTION ( 'NONE',  ( -0.0000000000000000000, 1.000000000000000000, -0.0000000000000000000 ) ) ;
#3669 = DIRECTION ( 'NONE',  ( 0.0000000000000000000, 0.0000000000000000000, 1.000000000000000000 ) ) ;
#3670 = ORIENTED_EDGE ( 'NONE', *, *, #1838, .F. ) ;
#3671 = CARTESIAN_POINT ( 'NONE',  ( 0.3942664688103074133, 0.0000000000000000000, -0.01574999999999998623 ) ) ;
#3672 = ORIENTED_EDGE ( 'NONE', *, *, #2228, .T. ) ;
#3673 = DIRECTION ( 'NONE',  ( -0.0000000000000000000, 1.000000000000000000, -0.0000000000000000000 ) ) ;
#3674 = CARTESIAN_POINT ( 'NONE',  ( 0.0000000000000000000, 0.0000000000000000000, 0.0000000000000000000 ) ) ;
#3675 = CARTESIAN_POINT ( 'NONE',  ( 0.3999990000000001600, 0.0000000000000000000, 0.0000000000000000000 ) ) ;
#3676 = VERTEX_POINT ( 'NONE', #2120 ) ;
#3677 =( LENGTH_UNIT ( ) NAMED_UNIT ( * ) SI_UNIT ( $, .METRE. ) );
#3678 = VECTOR ( 'NONE', #4222, 39.37007874015748854 ) ;
#3679 = CARTESIAN_POINT ( 'NONE',  ( 0.2379674688103072255, -0.03520000000000000212, -0.1787400000000005096 ) ) ;
#3680 = PRODUCT_RELATED_PRODUCT_CATEGORY ( 'part', '', ( #1636 ) ) ;
#3681 = FACE_OUTER_BOUND ( 'NONE', #3355, .T. ) ;
#3682 = EDGE_LOOP ( 'NONE', ( #1170, #3885, #1572, #3710 ) ) ;
#3683 = LINE ( 'NONE', #665, #2907 ) ;
#3684 = EDGE_CURVE ( 'NONE', #871, #3607, #1527, .T. ) ;
#3685 = EDGE_CURVE ( 'NONE', #1173, #2985, #1834, .T. ) ;
#3686 = LINE ( 'NONE', #1333, #148 ) ;
#3687 = CARTESIAN_POINT ( 'NONE',  ( 0.2379674688103072255, -0.03520000000000000212, -0.1499999999999999944 ) ) ;
#3688 = ORIENTED_EDGE ( 'NONE', *, *, #2076, .T. ) ;
#3689 = VECTOR ( 'NONE', #1076, 39.37007874015748143 ) ;
#3690 = CARTESIAN_POINT ( 'NONE',  ( 0.3942664688103074133, -0.1100000000000000006, -0.01574999999999998623 ) ) ;
#3691 = EDGE_LOOP ( 'NONE', ( #1727, #1292, #2772, #1544 ) ) ;
#3692 = ORIENTED_EDGE ( 'NONE', *, *, #2325, .F. ) ;
#3693 = CIRCLE ( 'NONE', #1219, 0.03740000000000053698 ) ;
#3694 = CARTESIAN_POINT ( 'NONE',  ( 0.5379674688103072144, 1.224646799147263287E-20, -0.1499999999999999944 ) ) ;
#3695 = ORIENTED_EDGE ( 'NONE', *, *, #4272, .F. ) ;
#3696 = ORIENTED_EDGE ( 'NONE', *, *, #2808, .F. ) ;
#3697 = CARTESIAN_POINT ( 'NONE',  ( 0.1379674688103071922, 0.0000000000000000000, -0.04999999999999999584 ) ) ;
#3698 = CARTESIAN_POINT ( 'NONE',  ( -0.01203253118969264089, -0.1100000000000000006, -0.1842499999999996918 ) ) ;
#3699 = CARTESIAN_POINT ( 'NONE',  ( 0.02999999999999995379, 0.0000000000000000000, 0.03499999999999785227 ) ) ;
#3700 = EDGE_LOOP ( 'NONE', ( #2249, #2654, #2568, #2453 ) ) ;
#3701 = CARTESIAN_POINT ( 'NONE',  ( 0.3379674688103072033, 0.0000000000000000000, -0.04999999999999999584 ) ) ;
#3702 = AXIS2_PLACEMENT_3D ( 'NONE', #3221, #3243, #263 ) ;
#3703 = DIRECTION ( 'NONE',  ( -0.0000000000000000000, 1.000000000000000000, -0.0000000000000000000 ) ) ;
#3704 = EDGE_CURVE ( 'NONE', #1400, #657, #2493, .T. ) ;
#3705 = DIRECTION ( 'NONE',  ( -1.000000000000000000, 0.0000000000000000000, 0.0000000000000000000 ) ) ;
#3706 = EDGE_CURVE ( 'NONE', #3676, #289, #3138, .T. ) ;
#3707 = EDGE_LOOP ( 'NONE', ( #1438, #681 ) ) ;
#3708 = DIRECTION ( 'NONE',  ( 0.0000000000000000000, 1.000000000000000000, 0.0000000000000000000 ) ) ;
#3709 = FACE_OUTER_BOUND ( 'NONE', #2869, .T. ) ;
#3710 = ORIENTED_EDGE ( 'NONE', *, *, #3863, .F. ) ;
#3711 = ORIENTED_EDGE ( 'NONE', *, *, #1090, .F. ) ;
#3712 = CARTESIAN_POINT ( 'NONE',  ( 0.3379674688103072033, -0.03520000000000000212, -0.04999999999999999584 ) ) ;
#3713 = ADVANCED_FACE ( 'NONE', ( #4155 ), #3844, .F. ) ;
#3714 =( GEOMETRIC_REPRESENTATION_CONTEXT ( 3 ) GLOBAL_UNCERTAINTY_ASSIGNED_CONTEXT ( ( #855 ) ) GLOBAL_UNIT_ASSIGNED_CONTEXT ( ( #613, #1972, #2991 ) ) REPRESENTATION_CONTEXT ( 'NONE', 'WORKASPACE' ) );
#3715 = ORIENTED_EDGE ( 'NONE', *, *, #1618, .F. ) ;
#3716 = AXIS2_PLACEMENT_3D ( 'NONE', #3197, #3600, #2241 ) ;
#3717 = ORIENTED_EDGE ( 'NONE', *, *, #2105, .F. ) ;
#3718 = DIRECTION ( 'NONE',  ( 1.000000000000000000, 0.0000000000000000000, 0.0000000000000000000 ) ) ;
#3719 = DIRECTION ( 'NONE',  ( -0.0000000000000000000, 1.000000000000000000, -0.0000000000000000000 ) ) ;
#3720 = CARTESIAN_POINT ( 'NONE',  ( 0.09426646881030741054, -0.1100000000000000006, -0.1842499999999996918 ) ) ;
#3721 = ORIENTED_EDGE ( 'NONE', *, *, #2669, .T. ) ;
#3722 = DIRECTION ( 'NONE',  ( -0.3420201433256720991, 0.0000000000000000000, 0.9396926207859070956 ) ) ;
#3723 = AXIS2_PLACEMENT_3D ( 'NONE', #1176, #3819, #2534 ) ;
#3724 = VECTOR ( 'NONE', #2260, 39.37007874015748143 ) ;
#3725 = CYLINDRICAL_SURFACE ( 'NONE', #2703, 0.02874000000000052207 ) ;
#3726 = VECTOR ( 'NONE', #1211, 39.37007874015748143 ) ;
#3727 = CARTESIAN_POINT ( 'NONE',  ( 0.2379674688103072255, 0.0000000000000000000, -0.07874000000000051791 ) ) ;
#3728 = VERTEX_POINT ( 'NONE', #805 ) ;
#3729 = DIRECTION ( 'NONE',  ( 0.0000000000000000000, 0.0000000000000000000, 1.000000000000000000 ) ) ;
#3730 = AXIS2_PLACEMENT_3D ( 'NONE', #1359, #292, #2668 ) ;
#3731 = CYLINDRICAL_SURFACE ( 'NONE', #438, 0.02874000000000052207 ) ;
#3732 = DIRECTION ( 'NONE',  ( -0.0000000000000000000, 1.000000000000000000, -0.0000000000000000000 ) ) ;
#3733 = EDGE_CURVE ( 'NONE', #1558, #2404, #3822, .T. ) ;
#3734 = ORIENTED_EDGE ( 'NONE', *, *, #2127, .T. ) ;
#3735 = VERTEX_POINT ( 'NONE', #133 ) ;
#3736 = DIRECTION ( 'NONE',  ( -0.0000000000000000000, 1.000000000000000000, -0.0000000000000000000 ) ) ;
#3737 = ADVANCED_FACE ( 'NONE', ( #3163, #4134 ), #1811, .F. ) ;
#3738 = EDGE_CURVE ( 'NONE', #2990, #2761, #1473, .T. ) ;
#3739 = ORIENTED_EDGE ( 'NONE', *, *, #490, .T. ) ;
#3740 = ORIENTED_EDGE ( 'NONE', *, *, #1321, .F. ) ;
#3741 = CONTEXT_DEPENDENT_SHAPE_REPRESENTATION ( #270, #1517 ) ;
#3742 = CARTESIAN_POINT ( 'NONE',  ( 0.4379674688103072366, 0.0000000000000000000, -0.02125999999999947376 ) ) ;
#3743 = LINE ( 'NONE', #1726, #386 ) ;
#3744 = CYLINDRICAL_SURFACE ( 'NONE', #4322, 0.03740000000000053004 ) ;
#3745 = CARTESIAN_POINT ( 'NONE',  ( 0.1570000000000005280, 3.245314017740399465E-18, -0.02649999999999929495 ) ) ;
#3746 = CARTESIAN_POINT ( 'NONE',  ( 0.2800000000000003042, -0.01000000000000016674, -1.224646799147239754E-18 ) ) ;
#3747 = ORIENTED_EDGE ( 'NONE', *, *, #1344, .T. ) ;
#3748 = DIRECTION ( 'NONE',  ( 0.0000000000000000000, -1.224646799147353207E-16, 1.000000000000000000 ) ) ;
#3749 = DIRECTION ( 'NONE',  ( 1.000000000000000000, 0.0000000000000000000, -0.0000000000000000000 ) ) ;
#3750 = LINE ( 'NONE', #391, #3377 ) ;
#3751 = ORIENTED_EDGE ( 'NONE', *, *, #4310, .F. ) ;
#3752 = EDGE_LOOP ( 'NONE', ( #1460, #2731 ) ) ;
#3753 = FACE_OUTER_BOUND ( 'NONE', #4199, .T. ) ;
#3754 = AXIS2_PLACEMENT_3D ( 'NONE', #1619, #4301, #1545 ) ;
#3755 = ORIENTED_EDGE ( 'NONE', *, *, #1526, .F. ) ;
#3756 = AXIS2_PLACEMENT_3D ( 'NONE', #227, #2559, #3891 ) ;
#3757 = EDGE_CURVE ( 'NONE', #3505, #924, #87, .T. ) ;
#3758 = ADVANCED_FACE ( 'NONE', ( #468 ), #443, .T. ) ;
#3759 =( NAMED_UNIT ( * ) PLANE_ANGLE_UNIT ( ) SI_UNIT ( $, .RADIAN. ) );
#3760 = DIRECTION ( 'NONE',  ( -0.0000000000000000000, 1.000000000000000000, -0.0000000000000000000 ) ) ;
#3761 = VERTEX_POINT ( 'NONE', #2904 ) ;
#3762 = EDGE_LOOP ( 'NONE', ( #2792, #3717 ) ) ;
#3763 = DIRECTION ( 'NONE',  ( 0.3420201433256636059, 0.0000000000000000000, -0.9396926207859100932 ) ) ;
#3764 = ADVANCED_FACE ( 'NONE', ( #208 ), #4252, .T. ) ;
#3765 = DIRECTION ( 'NONE',  ( -0.0000000000000000000, 1.000000000000000000, -0.0000000000000000000 ) ) ;
#3766 = VERTEX_POINT ( 'NONE', #2234 ) ;
#3767 = CIRCLE ( 'NONE', #528, 0.03740000000000053004 ) ;
#3768 = CARTESIAN_POINT ( 'NONE',  ( 0.4379674688103072366, 1.224646799147263287E-20, -0.01259999999999946926 ) ) ;
#3769 = EDGE_LOOP ( 'NONE', ( #2354, #2069, #605, #760 ) ) ;
#3770 = ORIENTED_EDGE ( 'NONE', *, *, #2374, .T. ) ;
#3771 = AXIS2_PLACEMENT_3D ( 'NONE', #416, #434, #1127 ) ;
#3772 = CYLINDRICAL_SURFACE ( 'NONE', #3208, 0.03740000000000053004 ) ;
#3773 = FILL_AREA_STYLE_COLOUR ( '', #4141 ) ;
#3774 = ORIENTED_EDGE ( 'NONE', *, *, #1859, .F. ) ;
#3775 = CIRCLE ( 'NONE', #2595, 0.006999999999998859565 ) ;
#3776 = EDGE_CURVE ( 'NONE', #370, #1856, #1543, .T. ) ;
#3777 = CARTESIAN_POINT ( 'NONE',  ( 0.2379674688103072255, -0.1100000000000000006, -0.04999999999999999584 ) ) ;
#3778 = AXIS2_PLACEMENT_3D ( 'NONE', #742, #876, #1977 ) ;
#3779 = ORIENTED_EDGE ( 'NONE', *, *, #2893, .F. ) ;
#3780 = LINE ( 'NONE', #764, #249 ) ;
#3781 = ORIENTED_EDGE ( 'NONE', *, *, #2690, .F. ) ;
#3782 = EDGE_CURVE ( 'NONE', #3432, #2018, #4274, .T. ) ;
#3783 = DIRECTION ( 'NONE',  ( 1.000000000000000000, 0.0000000000000000000, 0.0000000000000000000 ) ) ;
#3784 = ADVANCED_FACE ( 'NONE', ( #2209 ), #496, .F. ) ;
#3785 = PLANE ( 'NONE',  #362 ) ;
#3786 = CIRCLE ( 'NONE', #1621, 0.03740000000000053698 ) ;
#3787 = ORIENTED_EDGE ( 'NONE', *, *, #1497, .T. ) ;
#3788 = CARTESIAN_POINT ( 'NONE',  ( 0.0000000000000000000, -0.1100000000000000006, 0.0000000000000000000 ) ) ;
#3789 = ORIENTED_EDGE ( 'NONE', *, *, #3167, .T. ) ;
#3790 = ORIENTED_EDGE ( 'NONE', *, *, #519, .T. ) ;
#3791 = AXIS2_PLACEMENT_3D ( 'NONE', #1349, #567, #1924 ) ;
#3792 = CARTESIAN_POINT ( 'NONE',  ( 0.5379674688103072144, 0.0000000000000000000, -0.01259999999999946926 ) ) ;
#3793 = CIRCLE ( 'NONE', #3942, 0.02874000000000051860 ) ;
#3794 = DIRECTION ( 'NONE',  ( -0.3420201433256654933, 0.0000000000000000000, 0.9396926207859095381 ) ) ;
#3795 = VERTEX_POINT ( 'NONE', #1500 ) ;
#3796 = ADVANCED_BREP_SHAPE_REPRESENTATION ( '', ( #4329, #1331 ), #2797 ) ;
#3797 = AXIS2_PLACEMENT_3D ( 'NONE', #282, #2336, #1984 ) ;
#3798 = FACE_BOUND ( 'NONE', #1084, .T. ) ;
#3799 = VERTEX_POINT ( 'NONE', #809 ) ;
#3800 = DIRECTION ( 'NONE',  ( 0.0000000000000000000, 0.0000000000000000000, 1.000000000000000000 ) ) ;
#3801 = VERTEX_POINT ( 'NONE', #2856 ) ;
#3802 = PLANE ( 'NONE',  #1583 ) ;
#3803 = EDGE_CURVE ( 'NONE', #3735, #3140, #2881, .T. ) ;
#3804 = FACE_OUTER_BOUND ( 'NONE', #3639, .T. ) ;
#3805 = DIRECTION ( 'NONE',  ( -0.0000000000000000000, 1.000000000000000000, -0.0000000000000000000 ) ) ;
#3806 = ADVANCED_FACE ( 'NONE', ( #3804 ), #1903, .F. ) ;
#3807 = DIRECTION ( 'NONE',  ( -0.0000000000000000000, 1.000000000000000000, -0.0000000000000000000 ) ) ;
#3808 = ORIENTED_EDGE ( 'NONE', *, *, #4133, .F. ) ;
#3809 = ADVANCED_FACE ( 'NONE', ( #3524 ), #3425, .F. ) ;
#3810 = DIRECTION ( 'NONE',  ( -6.522075230939960446E-16, 0.0000000000000000000, -1.000000000000000000 ) ) ;
#3811 = ORIENTED_EDGE ( 'NONE', *, *, #3194, .F. ) ;
#3812 = DIRECTION ( 'NONE',  ( -0.0000000000000000000, 1.000000000000000000, -0.0000000000000000000 ) ) ;
#3813 = DIRECTION ( 'NONE',  ( 0.0000000000000000000, 0.0000000000000000000, 1.000000000000000000 ) ) ;
#3814 = CLOSED_SHELL ( 'NONE', ( #3057, #1803, #1557, #3839, #1312, #1650, #615, #3522, #2816, #1466, #3279, #3956, #2921, #3272, #2589, #966, #517, #2743, #1048, #1522, #3806, #82, #939, #2238, #4030, #2477, #3656, #4304, #3387, #4129, #2328, #674, #4075, #217, #1499, #429, #3302, #1582, #3758, #3434, #651, #439, #2007, #580, #2692, #1472, #1387, #185, #2479, #256, #2038, #990, #2402, #4053, #2295, #1919, #1418, #2895, #4002, #1018, #2841, #993, #648, #102, #3737, #4137, #2621, #4359, #333, #874, #3659, #325, #460, #1702, #1251, #2927, #3976, #3273, #3925, #3889, #379, #3713, #2611, #3439, #1829, #7, #3214, #853, #3892, #553, #2006, #3032, #1908, #1346, #1696, #2425, #2357, #2304, #2505, #2979, #2785, #1224, #549, #2840, #1063, #3086, #2129, #1141, #4242, #4241, #3029, #3278, #411, #463 ) ) ;
#3815 = LINE ( 'NONE', #3836, #3084 ) ;
#3816 = EDGE_LOOP ( 'NONE', ( #4142, #2915, #3626, #1343 ) ) ;
#3817 = CIRCLE ( 'NONE', #4249, 0.02874000000000051860 ) ;
#3818 = CIRCLE ( 'NONE', #1942, 0.03740000000000053004 ) ;
#3819 = DIRECTION ( 'NONE',  ( -0.0000000000000000000, 1.000000000000000000, -0.0000000000000000000 ) ) ;
#3820 = DIRECTION ( 'NONE',  ( 0.0000000000000000000, 1.000000000000000000, 1.224646799147353207E-16 ) ) ;
#3821 = ORIENTED_EDGE ( 'NONE', *, *, #3570, .F. ) ;
#3822 = LINE ( 'NONE', #2830, #3845 ) ;
#3823 = ORIENTED_EDGE ( 'NONE', *, *, #1720, .T. ) ;
#3824 = CARTESIAN_POINT ( 'NONE',  ( 0.0000000000000000000, -0.1100000000000000006, 0.0000000000000000000 ) ) ;
#3825 = DIRECTION ( 'NONE',  ( 1.000000000000000000, 0.0000000000000000000, 0.0000000000000000000 ) ) ;
#3826 = CARTESIAN_POINT ( 'NONE',  ( 0.3379674688103072033, 1.224646799147263287E-20, -0.1499999999999999944 ) ) ;
#3827 = LINE ( 'NONE', #2950, #2213 ) ;
#3828 = CARTESIAN_POINT ( 'NONE',  ( 0.1379674688103071922, 0.0000000000000000000, -0.1499999999999999944 ) ) ;
#3829 = ORIENTED_EDGE ( 'NONE', *, *, #2375, .F. ) ;
#3830 = EDGE_CURVE ( 'NONE', #3090, #4000, #2670, .T. ) ;
#3831 = LINE ( 'NONE', #1777, #640 ) ;
#3832 = VERTEX_POINT ( 'NONE', #3567 ) ;
#3833 = EDGE_CURVE ( 'NONE', #83, #161, #2562, .T. ) ;
#3834 = FACE_OUTER_BOUND ( 'NONE', #4337, .T. ) ;
#3835 = DIRECTION ( 'NONE',  ( -0.0000000000000000000, 1.000000000000000000, -0.0000000000000000000 ) ) ;
#3836 = CARTESIAN_POINT ( 'NONE',  ( 2.239553201765118668E-16, 0.0000000000000000000, -0.1999999999999996503 ) ) ;
#3837 = VECTOR ( 'NONE', #2525, 39.37007874015748143 ) ;
#3838 = VERTEX_POINT ( 'NONE', #3547 ) ;
#3839 = ADVANCED_FACE ( 'NONE', ( #3189 ), #1519, .F. ) ;
#3840 = VECTOR ( 'NONE', #1133, 39.37007874015748143 ) ;
#3841 = FACE_BOUND ( 'NONE', #3860, .T. ) ;
#3842 = FACE_OUTER_BOUND ( 'NONE', #1132, .T. ) ;
#3843 = ORIENTED_EDGE ( 'NONE', *, *, #53, .T. ) ;
#3844 = CYLINDRICAL_SURFACE ( 'NONE', #2598, 0.02874000000000051860 ) ;
#3845 = VECTOR ( 'NONE', #4177, 39.37007874015748143 ) ;
#3846 = ORIENTED_EDGE ( 'NONE', *, *, #1362, .F. ) ;
#3847 = LINE ( 'NONE', #829, #366 ) ;
#3848 = VECTOR ( 'NONE', #2884, 39.37007874015748143 ) ;
#3849 = PLANE ( 'NONE',  #2609 ) ;
#3850 = FACE_OUTER_BOUND ( 'NONE', #837, .T. ) ;
#3851 = PLANE ( 'NONE',  #1659 ) ;
#3852 = CARTESIAN_POINT ( 'NONE',  ( 0.3379674688103072033, 0.0000000000000000000, -0.1787400000000005096 ) ) ;
#3853 = VERTEX_POINT ( 'NONE', #1816 ) ;
#3854 = AXIS2_PLACEMENT_3D ( 'NONE', #3295, #1532, #265 ) ;
#3855 = LINE ( 'NONE', #125, #1382 ) ;
#3856 = DIRECTION ( 'NONE',  ( -0.3420201433256654933, 0.0000000000000000000, 0.9396926207859095381 ) ) ;
#3857 = LENGTH_MEASURE_WITH_UNIT ( LENGTH_MEASURE( 0.02539999999999999897 ), #1509 );
#3858 = VECTOR ( 'NONE', #1228, 39.37007874015748854 ) ;
#3859 = ORIENTED_EDGE ( 'NONE', *, *, #1750, .F. ) ;
#3860 = EDGE_LOOP ( 'NONE', ( #1495, #738 ) ) ;
#3861 = EDGE_CURVE ( 'NONE', #2574, #3512, #36, .T. ) ;
#3862 = AXIS2_PLACEMENT_3D ( 'NONE', #301, #1665, #2996 ) ;
#3863 = EDGE_CURVE ( 'NONE', #657, #870, #2859, .T. ) ;
#3864 = FACE_BOUND ( 'NONE', #3415, .T. ) ;
#3865 = DIRECTION ( 'NONE',  ( 0.0000000000000000000, 0.0000000000000000000, 1.000000000000000000 ) ) ;
#3866 = PLANE ( 'NONE',  #3644 ) ;
#3867 = ORIENTED_EDGE ( 'NONE', *, *, #4186, .F. ) ;
#3868 = VECTOR ( 'NONE', #3673, 39.37007874015748143 ) ;
#3869 = ORIENTED_EDGE ( 'NONE', *, *, #2446, .F. ) ;
#3870 = LINE ( 'NONE', #3231, #799 ) ;
#3871 = LINE ( 'NONE', #2902, #703 ) ;
#3872 = CARTESIAN_POINT ( 'NONE',  ( 0.2667074688103077129, -0.03520000000000000212, -0.1499999999999999944 ) ) ;
#3873 = ORIENTED_EDGE ( 'NONE', *, *, #4331, .T. ) ;
#3874 = CARTESIAN_POINT ( 'NONE',  ( 0.4759359376206147019, -0.1100000000000000006, -9.478001694819074349E-34 ) ) ;
#3875 = CARTESIAN_POINT ( 'NONE',  ( 0.2800000000000003042, 0.0000000000000000000, 0.0000000000000000000 ) ) ;
#3876 = EDGE_LOOP ( 'NONE', ( #1769, #521, #4185, #3202 ) ) ;
#3877 = CARTESIAN_POINT ( 'NONE',  ( 0.0000000000000000000, 0.0000000000000000000, 0.0000000000000000000 ) ) ;
#3878 = DIRECTION ( 'NONE',  ( -1.000000000000000000, -0.0000000000000000000, -0.0000000000000000000 ) ) ;
#3879 = CARTESIAN_POINT ( 'NONE',  ( 0.4759359376206147019, 0.0000000000000000000, -0.1999999999999999833 ) ) ;
#3880 = ORIENTED_EDGE ( 'NONE', *, *, #3455, .F. ) ;
#3881 = CYLINDRICAL_SURFACE ( 'NONE', #2873, 0.02874000000000051860 ) ;
#3882 = CIRCLE ( 'NONE', #1784, 0.01699999999999820752 ) ;
#3883 = ORIENTED_EDGE ( 'NONE', *, *, #1944, .T. ) ;
#3884 = CARTESIAN_POINT ( 'NONE',  ( 0.4379674688103072366, 0.0000000000000000000, -0.08740000000000051894 ) ) ;
#3885 = ORIENTED_EDGE ( 'NONE', *, *, #4103, .T. ) ;
#3886 = DIRECTION ( 'NONE',  ( 0.0000000000000000000, 0.0000000000000000000, 1.000000000000000000 ) ) ;
#3887 = DIRECTION ( 'NONE',  ( 0.3420201433256633283, 0.0000000000000000000, -0.9396926207859103153 ) ) ;
#3888 = ORIENTED_EDGE ( 'NONE', *, *, #2499, .T. ) ;
#3889 = ADVANCED_FACE ( 'NONE', ( #3169, #3850 ), #1184, .F. ) ;
#3890 = VECTOR ( 'NONE', #4052, 39.37007874015748143 ) ;
#3891 = DIRECTION ( 'NONE',  ( 0.0000000000000000000, 0.0000000000000000000, 1.000000000000000000 ) ) ;
#3892 = ADVANCED_FACE ( 'NONE', ( #3211, #4342 ), #1639, .F. ) ;
#3893 = AXIS2_PLACEMENT_3D ( 'NONE', #2046, #2356, #2026 ) ;
#3894 = CARTESIAN_POINT ( 'NONE',  ( 0.4942664688103074466, 0.0000000000000000000, -0.01574999999999998623 ) ) ;
#3895 = DIRECTION ( 'NONE',  ( -0.0000000000000000000, 1.000000000000000000, -0.0000000000000000000 ) ) ;
#3896 = ORIENTED_EDGE ( 'NONE', *, *, #3830, .F. ) ;
#3897 = DIRECTION ( 'NONE',  ( 0.9396926207859104263, 0.0000000000000000000, 0.3420201433256633838 ) ) ;
#3898 = CIRCLE ( 'NONE', #592, 0.02800000000000000405 ) ;
#3899 = EDGE_CURVE ( 'NONE', #2964, #2004, #2353, .T. ) ;
#3900 = DIRECTION ( 'NONE',  ( 1.000000000000000000, 0.0000000000000000000, -0.0000000000000000000 ) ) ;
#3901 = ORIENTED_EDGE ( 'NONE', *, *, #2455, .T. ) ;
#3902 =( LENGTH_UNIT ( ) NAMED_UNIT ( * ) SI_UNIT ( $, .METRE. ) );
#3903 = CARTESIAN_POINT ( 'NONE',  ( 0.1379674688103071922, 0.0000000000000000000, -0.01259999999999946926 ) ) ;
#3904 = DIRECTION ( 'NONE',  ( -0.0000000000000000000, 1.000000000000000000, -0.0000000000000000000 ) ) ;
#3905 = FACE_OUTER_BOUND ( 'NONE', #461, .T. ) ;
#3906 = ORIENTED_EDGE ( 'NONE', *, *, #1440, .T. ) ;
#3907 = VERTEX_POINT ( 'NONE', #1978 ) ;
#3908 = AXIS2_PLACEMENT_3D ( 'NONE', #3104, #1411, #710 ) ;
#3909 = DIRECTION ( 'NONE',  ( -0.0000000000000000000, 1.000000000000000000, -0.0000000000000000000 ) ) ;
#3910 = CARTESIAN_POINT ( 'NONE',  ( 0.09426646881030741054, -0.1100000000000000006, -0.1842499999999996918 ) ) ;
#3911 = LINE ( 'NONE', #3585, #3139 ) ;
#3912 = ORIENTED_EDGE ( 'NONE', *, *, #4164, .F. ) ;
#3913 = CARTESIAN_POINT ( 'NONE',  ( 0.4759359376206147019, -0.1100000000000000006, -0.1999999999999999833 ) ) ;
#3914 = CARTESIAN_POINT ( 'NONE',  ( 0.5759349376206148730, 0.0000000000000000000, -0.2000000000000000111 ) ) ;
#3915 = VECTOR ( 'NONE', #2460, 39.37007874015748143 ) ;
#3916 = EDGE_CURVE ( 'NONE', #2091, #1575, #3258, .T. ) ;
#3917 = APPLICATION_PROTOCOL_DEFINITION ( 'draft international standard', 'automotive_design', 1998, #1089 ) ;
#3918 = FACE_OUTER_BOUND ( 'NONE', #2240, .T. ) ;
#3919 = EDGE_CURVE ( 'NONE', #3399, #1617, #4128, .T. ) ;
#3920 = DIRECTION ( 'NONE',  ( 0.0000000000000000000, 0.0000000000000000000, 1.000000000000000000 ) ) ;
#3921 = EDGE_LOOP ( 'NONE', ( #3442, #573, #2092, #1604 ) ) ;
#3922 = DIRECTION ( 'NONE',  ( 0.0000000000000000000, 1.000000000000000000, 0.0000000000000000000 ) ) ;
#3923 = AXIS2_PLACEMENT_3D ( 'NONE', #2165, #831, #116 ) ;
#3924 = DIRECTION ( 'NONE',  ( -1.000000000000000000, -0.0000000000000000000, -0.0000000000000000000 ) ) ;
#3925 = ADVANCED_FACE ( 'NONE', ( #3681 ), #2024, .F. ) ;
#3926 = STYLED_ITEM ( 'NONE', ( #3622 ), #3796 ) ;
#3927 = DIRECTION ( 'NONE',  ( 0.3420201433256665480, -0.0000000000000000000, 0.9396926207859092051 ) ) ;
#3928 = VERTEX_POINT ( 'NONE', #3615 ) ;
#3929 = DIRECTION ( 'NONE',  ( 0.0000000000000000000, 0.0000000000000000000, 1.000000000000000000 ) ) ;
#3930 = DIRECTION ( 'NONE',  ( 0.0000000000000000000, 0.0000000000000000000, 1.000000000000000000 ) ) ;
#3931 = ORIENTED_EDGE ( 'NONE', *, *, #4268, .T. ) ;
#3932 = DIRECTION ( 'NONE',  ( -1.000000000000000000, 0.0000000000000000000, -0.0000000000000000000 ) ) ;
#3933 = ORIENTED_EDGE ( 'NONE', *, *, #2106, .F. ) ;
#3934 = FACE_OUTER_BOUND ( 'NONE', #197, .T. ) ;
#3935 = VECTOR ( 'NONE', #1337, 39.37007874015748143 ) ;
#3936 = ORIENTED_EDGE ( 'NONE', *, *, #3357, .T. ) ;
#3937 = AXIS2_PLACEMENT_3D ( 'NONE', #3416, #875, #388 ) ;
#3938 = ORIENTED_EDGE ( 'NONE', *, *, #872, .T. ) ;
#3939 = DIRECTION ( 'NONE',  ( -0.0000000000000000000, 1.000000000000000000, -0.0000000000000000000 ) ) ;
#3940 = APPLICATION_CONTEXT ( 'automotive_design' ) ;
#3941 = CARTESIAN_POINT ( 'NONE',  ( 0.5879674688103072588, -0.1100000000000000006, -0.01575000000000000705 ) ) ;
#3942 = AXIS2_PLACEMENT_3D ( 'NONE', #186, #1571, #2908 ) ;
#3943 = CARTESIAN_POINT ( 'NONE',  ( 0.3379674688103072033, 0.0000000000000000000, -0.1499999999999999944 ) ) ;
#3944 = VECTOR ( 'NONE', #3000, 39.37007874015748143 ) ;
#3945 = CARTESIAN_POINT ( 'NONE',  ( 0.1379674688103071922, 1.224646799147263287E-20, -0.01259999999999946926 ) ) ;
#3946 = CARTESIAN_POINT ( 'NONE',  ( 0.08166846881030738470, 0.0000000000000000000, -0.01574999999999998623 ) ) ;
#3947 = EDGE_LOOP ( 'NONE', ( #2469, #1533 ) ) ;
#3948 = DIRECTION ( 'NONE',  ( -1.000000000000000000, -0.0000000000000000000, -0.0000000000000000000 ) ) ;
#3949 = EDGE_CURVE ( 'NONE', #33, #3801, #1682, .T. ) ;
#3950 = FACE_OUTER_BOUND ( 'NONE', #2062, .T. ) ;
#3951 = CARTESIAN_POINT ( 'NONE',  ( 0.0000000000000000000, -0.1100000000000000006, 0.0000000000000000000 ) ) ;
#3952 = VERTEX_POINT ( 'NONE', #3967 ) ;
#3953 = EDGE_CURVE ( 'NONE', #1437, #289, #1304, .T. ) ;
#3954 = DIRECTION ( 'NONE',  ( 0.0000000000000000000, 0.0000000000000000000, 1.000000000000000000 ) ) ;
#3955 = CARTESIAN_POINT ( 'NONE',  ( 0.1379674688103071922, -0.03520000000000000212, -0.07874000000000051791 ) ) ;
#3956 = ADVANCED_FACE ( 'NONE', ( #3328 ), #3016, .F. ) ;
#3957 = ORIENTED_EDGE ( 'NONE', *, *, #2712, .F. ) ;
#3958 = FACE_OUTER_BOUND ( 'NONE', #1074, .T. ) ;
#3959 = ORIENTED_EDGE ( 'NONE', *, *, #1088, .F. ) ;
#3960 = DIRECTION ( 'NONE',  ( -1.000000000000000000, 0.0000000000000000000, 6.522075230939960446E-16 ) ) ;
#3961 = ORIENTED_EDGE ( 'NONE', *, *, #3484, .T. ) ;
#3962 = CARTESIAN_POINT ( 'NONE',  ( 0.2379674688103072255, -0.03520000000000000212, -0.08740000000000051894 ) ) ;
#3963 = VERTEX_POINT ( 'NONE', #253 ) ;
#3964 = PLANE ( 'NONE',  #1839 ) ;
#3965 = DIRECTION ( 'NONE',  ( -0.3420201433256720991, 0.0000000000000000000, 0.9396926207859070956 ) ) ;
#3966 = PLANE ( 'NONE',  #2878 ) ;
#3967 = CARTESIAN_POINT ( 'NONE',  ( 0.06099999999999970723, 0.0000000000000000000, 0.02800000000000000405 ) ) ;
#3968 = ORIENTED_EDGE ( 'NONE', *, *, #3306, .T. ) ;
#3969 = DIRECTION ( 'NONE',  ( -0.0000000000000000000, 0.0000000000000000000, -1.000000000000000000 ) ) ;
#3970 = VECTOR ( 'NONE', #1564, 39.37007874015748143 ) ;
#3971 = CARTESIAN_POINT ( 'NONE',  ( -0.01203253118969264436, -0.1100000000000000006, -0.01574999999999999664 ) ) ;
#3972 = CARTESIAN_POINT ( 'NONE',  ( 0.2942664688103074355, -0.1100000000000000006, -0.1842499999999996918 ) ) ;
#3973 = DIRECTION ( 'NONE',  ( 0.0000000000000000000, 0.0000000000000000000, 1.000000000000000000 ) ) ;
#3974 = CARTESIAN_POINT ( 'NONE',  ( 0.2816684688103074374, 0.0000000000000000000, -0.01574999999999998623 ) ) ;
#3975 = ORIENTED_EDGE ( 'NONE', *, *, #250, .T. ) ;
#3976 = ADVANCED_FACE ( 'NONE', ( #568, #902 ), #4299, .F. ) ;
#3977 = FACE_OUTER_BOUND ( 'NONE', #1190, .T. ) ;
#3978 = EDGE_CURVE ( 'NONE', #329, #2843, #3775, .T. ) ;
#3979 = EDGE_LOOP ( 'NONE', ( #157, #1652 ) ) ;
#3980 = AXIS2_PLACEMENT_3D ( 'NONE', #3777, #741, #399 ) ;
#3981 = ORIENTED_EDGE ( 'NONE', *, *, #3386, .F. ) ;
#3982 = DIRECTION ( 'NONE',  ( 0.0000000000000000000, 0.0000000000000000000, 1.000000000000000000 ) ) ;
#3983 = EDGE_CURVE ( 'NONE', #2623, #4178, #3070, .T. ) ;
#3984 = VERTEX_POINT ( 'NONE', #848 ) ;
#3985 = EDGE_LOOP ( 'NONE', ( #2, #4201, #2291, #2184 ) ) ;
#3986 = PRODUCT_DEFINITION_SHAPE ( 'NONE', 'NONE',  #4365 ) ;
#3987 = CARTESIAN_POINT ( 'NONE',  ( 0.3816684688103073597, -0.1100000000000000006, -0.01574999999999998623 ) ) ;
#3988 = DIRECTION ( 'NONE',  ( 0.0000000000000000000, -1.000000000000000000, 0.0000000000000000000 ) ) ;
#3989 = AXIS2_PLACEMENT_3D ( 'NONE', #811, #427, #790 ) ;
#3990 = ORIENTED_EDGE ( 'NONE', *, *, #3706, .T. ) ;
#3991 = CARTESIAN_POINT ( 'NONE',  ( 0.2379674688103072255, 0.0000000000000000000, -0.1212599999999994932 ) ) ;
#3992 = VECTOR ( 'NONE', #1494, 39.37007874015748143 ) ;
#3993 = LINE ( 'NONE', #3665, #277 ) ;
#3994 = VERTEX_POINT ( 'NONE', #4197 ) ;
#3995 = AXIS2_PLACEMENT_3D ( 'NONE', #2837, #2142, #3143 ) ;
#3996 = LINE ( 'NONE', #235, #1101 ) ;
#3997 = ORIENTED_EDGE ( 'NONE', *, *, #2329, .F. ) ;
#3998 = MECHANICAL_DESIGN_GEOMETRIC_PRESENTATION_REPRESENTATION (  '', ( #1535 ), #2108 ) ;
#3999 = LINE ( 'NONE', #2380, #2186 ) ;
#4000 = VERTEX_POINT ( 'NONE', #1179 ) ;
#4001 = CARTESIAN_POINT ( 'NONE',  ( 0.5379674688103072144, 1.224646799147263287E-20, -0.04999999999999999584 ) ) ;
#4002 = ADVANCED_FACE ( 'NONE', ( #398, #4068 ), #3071, .F. ) ;
#4003 = DIRECTION ( 'NONE',  ( -0.0000000000000000000, 1.000000000000000000, -0.0000000000000000000 ) ) ;
#4004 = ADVANCED_FACE ( 'NONE', ( #176 ), #3538, .T. ) ;
#4005 = CARTESIAN_POINT ( 'NONE',  ( -0.005732531189692642581, -0.1100000000000000006, -0.01574999999999999664 ) ) ;
#4006 = ORIENTED_EDGE ( 'NONE', *, *, #4110, .T. ) ;
#4007 = EDGE_CURVE ( 'NONE', #2810, #372, #3517, .T. ) ;
#4008 = AXIS2_PLACEMENT_3D ( 'NONE', #3158, #1111, #2471 ) ;
#4009 = EDGE_CURVE ( 'NONE', #647, #132, #923, .T. ) ;
#4010 =( NAMED_UNIT ( * ) PLANE_ANGLE_UNIT ( ) SI_UNIT ( $, .RADIAN. ) );
#4011 = CARTESIAN_POINT ( 'NONE',  ( 0.2379674688103072255, -0.1100000000000000006, -0.1499999999999999944 ) ) ;
#4012 = DIRECTION ( 'NONE',  ( 0.0000000000000000000, 0.0000000000000000000, 1.000000000000000000 ) ) ;
#4013 = ORIENTED_EDGE ( 'NONE', *, *, #137, .T. ) ;
#4014 = AXIS2_PLACEMENT_3D ( 'NONE', #2485, #3440, #2130 ) ;
#4015 = DIRECTION ( 'NONE',  ( 0.0000000000000000000, 0.0000000000000000000, 1.000000000000000000 ) ) ;
#4016 = VECTOR ( 'NONE', #3111, 39.37007874015748143 ) ;
#4017 = PLANE ( 'NONE',  #2321 ) ;
#4018 = VERTEX_POINT ( 'NONE', #4265 ) ;
#4019 = CARTESIAN_POINT ( 'NONE',  ( 0.0000000000000000000, -0.1100000000000000006, 0.0000000000000000000 ) ) ;
#4020 = VERTEX_POINT ( 'NONE', #1899 ) ;
#4021 = ORIENTED_EDGE ( 'NONE', *, *, #3549, .F. ) ;
#4022 = DIRECTION ( 'NONE',  ( -0.3420201433256694346, -0.0000000000000000000, -0.9396926207859080948 ) ) ;
#4023 = ORIENTED_EDGE ( 'NONE', *, *, #140, .F. ) ;
#4024 = VERTEX_POINT ( 'NONE', #1946 ) ;
#4025 = CARTESIAN_POINT ( 'NONE',  ( 0.4379674688103072366, -0.1100000000000000006, -0.1787400000000005096 ) ) ;
#4026 = EDGE_CURVE ( 'NONE', #715, #1186, #1920, .T. ) ;
#4027 = DIRECTION ( 'NONE',  ( 0.0000000000000000000, 0.0000000000000000000, 1.000000000000000000 ) ) ;
#4028 = DIRECTION ( 'NONE',  ( 0.0000000000000000000, -1.000000000000000000, 0.0000000000000000000 ) ) ;
#4029 = ORIENTED_EDGE ( 'NONE', *, *, #3337, .F. ) ;
#4030 = ADVANCED_FACE ( 'NONE', ( #869 ), #2279, .T. ) ;
#4031 = DIRECTION ( 'NONE',  ( 1.000000000000000000, 0.0000000000000000000, -0.0000000000000000000 ) ) ;
#4032 = EDGE_CURVE ( 'NONE', #3048, #3963, #1892, .T. ) ;
#4033 = DIRECTION ( 'NONE',  ( -0.0000000000000000000, 1.000000000000000000, -0.0000000000000000000 ) ) ;
#4034 = VECTOR ( 'NONE', #4157, 39.37007874015748143 ) ;
#4035 = CARTESIAN_POINT ( 'NONE',  ( 0.3379674688103072033, 0.0000000000000000000, -0.08740000000000051894 ) ) ;
#4036 = ORIENTED_EDGE ( 'NONE', *, *, #4186, .T. ) ;
#4037 = CARTESIAN_POINT ( 'NONE',  ( 0.2379674688103072255, -0.03520000000000000212, -0.1125999999999994644 ) ) ;
#4038 = LINE ( 'NONE', #2403, #4076 ) ;
#4039 = ORIENTED_EDGE ( 'NONE', *, *, #80, .T. ) ;
#4040 = VERTEX_POINT ( 'NONE', #4244 ) ;
#4041 = VECTOR ( 'NONE', #1177, 39.37007874015748143 ) ;
#4042 = PLANE ( 'NONE',  #3730 ) ;
#4043 = VERTEX_POINT ( 'NONE', #1221 ) ;
#4044 = ORIENTED_EDGE ( 'NONE', *, *, #1497, .F. ) ;
#4045 = CARTESIAN_POINT ( 'NONE',  ( 0.03796746881030719362, 0.0000000000000000000, -0.1499999999999999944 ) ) ;
#4046 = DIRECTION ( 'NONE',  ( 0.0000000000000000000, 0.0000000000000000000, 1.000000000000000000 ) ) ;
#4047 = ORIENTED_EDGE ( 'NONE', *, *, #3408, .F. ) ;
#4048 = DIRECTION ( 'NONE',  ( -1.266620916943744463E-17, 0.0000000000000000000, 1.000000000000000000 ) ) ;
#4049 = EDGE_CURVE ( 'NONE', #1054, #2994, #1607, .T. ) ;
#4050 = EDGE_CURVE ( 'NONE', #2221, #372, #3911, .T. ) ;
#4051 = AXIS2_PLACEMENT_3D ( 'NONE', #1238, #2596, #3930 ) ;
#4052 = DIRECTION ( 'NONE',  ( -0.0000000000000000000, 1.000000000000000000, -0.0000000000000000000 ) ) ;
#4053 = ADVANCED_FACE ( 'NONE', ( #3251 ), #3866, .F. ) ;
#4054 = DIRECTION ( 'NONE',  ( 1.000000000000000000, 0.0000000000000000000, 0.0000000000000000000 ) ) ;
#4055 = AXIS2_PLACEMENT_3D ( 'NONE', #1236, #1987, #1957 ) ;
#4056 = ORIENTED_EDGE ( 'NONE', *, *, #80, .F. ) ;
#4057 = EDGE_CURVE ( 'NONE', #1278, #1820, #1584, .T. ) ;
#4058 = DIRECTION ( 'NONE',  ( 0.0000000000000000000, 0.0000000000000000000, 1.000000000000000000 ) ) ;
#4059 = VECTOR ( 'NONE', #1997, 39.37007874015748143 ) ;
#4060 = CARTESIAN_POINT ( 'NONE',  ( 0.3942664688103074133, -0.1100000000000000006, -0.1842499999999996918 ) ) ;
#4061 = ORIENTED_EDGE ( 'NONE', *, *, #2374, .F. ) ;
#4062 = ORIENTED_EDGE ( 'NONE', *, *, #519, .F. ) ;
#4063 = CARTESIAN_POINT ( 'NONE',  ( 0.4816684688103075040, -0.1100000000000000006, -0.1842499999999996085 ) ) ;
#4064 = AXIS2_PLACEMENT_3D ( 'NONE', #1620, #2953, #4303 ) ;
#4065 = VERTEX_POINT ( 'NONE', #2849 ) ;
#4066 = AXIS2_PLACEMENT_3D ( 'NONE', #2033, #1689, #4363 ) ;
#4067 = EDGE_LOOP ( 'NONE', ( #4355, #86, #3557, #1102 ) ) ;
#4068 = FACE_OUTER_BOUND ( 'NONE', #3947, .T. ) ;
#4069 = LINE ( 'NONE', #2771, #1873 ) ;
#4070 = CARTESIAN_POINT ( 'NONE',  ( 0.1379674688103071922, 1.224646799147263287E-20, -0.1125999999999994644 ) ) ;
#4071 = ORIENTED_EDGE ( 'NONE', *, *, #1775, .F. ) ;
#4072 = CARTESIAN_POINT ( 'NONE',  ( 0.4816684688103075040, -0.1100000000000000006, -0.1842499999999996085 ) ) ;
#4073 = AXIS2_PLACEMENT_3D ( 'NONE', #2608, #251, #644 ) ;
#4074 = DIRECTION ( 'NONE',  ( -1.000000000000000000, -0.0000000000000000000, -0.0000000000000000000 ) ) ;
#4075 = ADVANCED_FACE ( 'NONE', ( #2941 ), #4290, .T. ) ;
#4076 = VECTOR ( 'NONE', #3254, 39.37007874015748854 ) ;
#4077 = CARTESIAN_POINT ( 'NONE',  ( 0.1816684688103074041, -0.1100000000000000006, -0.01574999999999998623 ) ) ;
#4078 = EDGE_LOOP ( 'NONE', ( #342, #2969 ) ) ;
#4079 = DIRECTION ( 'NONE',  ( -0.3420201433256694346, -0.0000000000000000000, -0.9396926207859080948 ) ) ;
#4080 = EDGE_CURVE ( 'NONE', #266, #3165, #2202, .T. ) ;
#4081 = CIRCLE ( 'NONE', #977, 0.02874000000000052554 ) ;
#4082 = DIRECTION ( 'NONE',  ( -0.3420201433256720991, 0.0000000000000000000, 0.9396926207859070956 ) ) ;
#4083 = VERTEX_POINT ( 'NONE', #1061 ) ;
#4084 = ORIENTED_EDGE ( 'NONE', *, *, #695, .T. ) ;
#4085 = EDGE_CURVE ( 'NONE', #4100, #3165, #2965, .T. ) ;
#4086 = CARTESIAN_POINT ( 'NONE',  ( 0.07033012701892972507, 0.0000000000000000000, 0.0000000000000000000 ) ) ;
#4087 = ORIENTED_EDGE ( 'NONE', *, *, #698, .F. ) ;
#4088 = ITEM_DEFINED_TRANSFORMATION ( 'NONE', 'NONE', #1613,  #1331 ) ;
#4089 = CARTESIAN_POINT ( 'NONE',  ( 0.4816684688103075040, -0.1100000000000000006, -0.1842499999999996085 ) ) ;
#4090 = CARTESIAN_POINT ( 'NONE',  ( 0.5667074688103077573, -0.03520000000000000212, -0.04999999999999999584 ) ) ;
#4091 = ORIENTED_EDGE ( 'NONE', *, *, #3457, .T. ) ;
#4092 = FACE_OUTER_BOUND ( 'NONE', #2674, .T. ) ;
#4093 = AXIS2_PLACEMENT_3D ( 'NONE', #1560, #441, #2848 ) ;
#4094 = CARTESIAN_POINT ( 'NONE',  ( 0.3379674688103072033, -0.03520000000000000212, -0.1499999999999999944 ) ) ;
#4095 = DIRECTION ( 'NONE',  ( -1.000000000000000000, -0.0000000000000000000, -0.0000000000000000000 ) ) ;
#4096 = VERTEX_POINT ( 'NONE', #3344 ) ;
#4097 = CARTESIAN_POINT ( 'NONE',  ( 0.5379674688103072144, -0.1100000000000000006, -0.02125999999999947723 ) ) ;
#4098 = CIRCLE ( 'NONE', #297, 0.02874000000000051860 ) ;
#4099 = LINE ( 'NONE', #3089, #2187 ) ;
#4100 = VERTEX_POINT ( 'NONE', #3675 ) ;
#4101 = EDGE_LOOP ( 'NONE', ( #2523, #76 ) ) ;
#4102 = CARTESIAN_POINT ( 'NONE',  ( 0.03796746881030719362, -0.03520000000000000212, -0.04999999999999999584 ) ) ;
#4103 = EDGE_CURVE ( 'NONE', #1400, #3952, #2456, .T. ) ;
#4104 = AXIS2_PLACEMENT_3D ( 'NONE', #448, #3144, #810 ) ;
#4105 = DIRECTION ( 'NONE',  ( -0.0000000000000000000, 1.000000000000000000, -0.0000000000000000000 ) ) ;
#4106 = EDGE_CURVE ( 'NONE', #1862, #581, #1296, .T. ) ;
#4107 = ORIENTED_EDGE ( 'NONE', *, *, #1562, .T. ) ;
#4108 = AXIS2_PLACEMENT_3D ( 'NONE', #1280, #614, #1182 ) ;
#4109 = EDGE_CURVE ( 'NONE', #3205, #1575, #1394, .T. ) ;
#4110 = EDGE_CURVE ( 'NONE', #2620, #692, #2419, .T. ) ;
#4111 =( LENGTH_UNIT ( ) NAMED_UNIT ( * ) SI_UNIT ( $, .METRE. ) );
#4112 = CARTESIAN_POINT ( 'NONE',  ( 0.3759359376206146686, -0.1100000000000000006, -9.478001694819074349E-34 ) ) ;
#4113 = EDGE_LOOP ( 'NONE', ( #559, #2199, #3271, #3649 ) ) ;
#4114 = CARTESIAN_POINT ( 'NONE',  ( 0.2379674688103072255, 0.0000000000000000000, -0.02125999999999947376 ) ) ;
#4115 = ORIENTED_EDGE ( 'NONE', *, *, #3010, .F. ) ;
#4116 = CARTESIAN_POINT ( 'NONE',  ( 0.06099999999999970723, 0.0000000000000000000, 0.0000000000000000000 ) ) ;
#4117 = UNCERTAINTY_MEASURE_WITH_UNIT (LENGTH_MEASURE( 1.000000000000000082E-05 ), #4250, 'distance_accuracy_value', 'NONE');
#4118 = DIRECTION ( 'NONE',  ( 0.0000000000000000000, 0.0000000000000000000, 1.000000000000000000 ) ) ;
#4119 = ORIENTED_EDGE ( 'NONE', *, *, #1231, .F. ) ;
#4120 = CARTESIAN_POINT ( 'NONE',  ( 0.2379674688103072255, -0.03520000000000000212, -0.02125999999999947029 ) ) ;
#4121 = ORIENTED_EDGE ( 'NONE', *, *, #3833, .T. ) ;
#4122 = ORIENTED_EDGE ( 'NONE', *, *, #3628, .F. ) ;
#4123 = AXIS2_PLACEMENT_3D ( 'NONE', #1870, #861, #526 ) ;
#4124 = CARTESIAN_POINT ( 'NONE',  ( 0.1719999999999985985, 0.0000000000000000000, 0.009999999999999346217 ) ) ;
#4125 = VECTOR ( 'NONE', #1913, 39.37007874015748854 ) ;
#4126 = DIRECTION ( 'NONE',  ( -0.0000000000000000000, 1.000000000000000000, -0.0000000000000000000 ) ) ;
#4127 = ORIENTED_EDGE ( 'NONE', *, *, #2641, .T. ) ;
#4128 = CIRCLE ( 'NONE', #3571, 0.03740000000000053004 ) ;
#4129 = ADVANCED_FACE ( 'NONE', ( #3324 ), #2089, .T. ) ;
#4130 = CARTESIAN_POINT ( 'NONE',  ( 0.2379674688103072255, 0.0000000000000000000, -0.1499999999999999944 ) ) ;
#4131 = CARTESIAN_POINT ( 'NONE',  ( 0.1650000000000000078, 0.0000000000000000000, 0.0000000000000000000 ) ) ;
#4132 = ORIENTED_EDGE ( 'NONE', *, *, #2860, .F. ) ;
#4133 = EDGE_CURVE ( 'NONE', #2404, #4083, #3142, .T. ) ;
#4134 = FACE_OUTER_BOUND ( 'NONE', #2494, .T. ) ;
#4135 = ORIENTED_EDGE ( 'NONE', *, *, #3131, .F. ) ;
#4136 = CARTESIAN_POINT ( 'NONE',  ( 0.4379674688103072366, 0.0000000000000000000, -0.1874000000000005384 ) ) ;
#4137 = ADVANCED_FACE ( 'NONE', ( #35 ), #3062, .F. ) ;
#4138 = PRODUCT_DEFINITION_FORMATION_WITH_SPECIFIED_SOURCE ( 'ANY', '', #3635, .NOT_KNOWN. ) ;
#4139 = CARTESIAN_POINT ( 'NONE',  ( 0.2942664688103074355, -0.1100000000000000006, -0.01574999999999998623 ) ) ;
#4140 = CYLINDRICAL_SURFACE ( 'NONE', #2853, 0.02874000000000052207 ) ;
#4141 = COLOUR_RGB ( '',0.2941176470588235392, 0.2941176470588235392, 0.2941176470588235392 ) ;
#4142 = ORIENTED_EDGE ( 'NONE', *, *, #3357, .F. ) ;
#4143 = DIRECTION ( 'NONE',  ( 0.0000000000000000000, 1.000000000000000000, 0.0000000000000000000 ) ) ;
#4144 = EDGE_LOOP ( 'NONE', ( #531, #2400, #801, #100 ) ) ;
#4145 = CIRCLE ( 'NONE', #476, 0.02649999999999929495 ) ;
#4146 = CARTESIAN_POINT ( 'NONE',  ( 0.1379674688103071922, 1.224646799147263287E-20, -0.1499999999999999944 ) ) ;
#4147 = DIRECTION ( 'NONE',  ( -0.0000000000000000000, 1.000000000000000000, -0.0000000000000000000 ) ) ;
#4148 = VECTOR ( 'NONE', #612, 39.37007874015748143 ) ;
#4149 = SURFACE_SIDE_STYLE ('',( #3176 ) ) ;
#4150 = VERTEX_POINT ( 'NONE', #1677 ) ;
#4151 = SURFACE_SIDE_STYLE ('',( #3467 ) ) ;
#4152 = PLANE ( 'NONE',  #190 ) ;
#4153 = DIRECTION ( 'NONE',  ( -0.0000000000000000000, 1.000000000000000000, -0.0000000000000000000 ) ) ;
#4154 = ORIENTED_EDGE ( 'NONE', *, *, #3654, .T. ) ;
#4155 = FACE_OUTER_BOUND ( 'NONE', #3691, .T. ) ;
#4156 = ORIENTED_EDGE ( 'NONE', *, *, #1445, .T. ) ;
#4157 = DIRECTION ( 'NONE',  ( -1.000000000000000000, -0.0000000000000000000, -0.0000000000000000000 ) ) ;
#4158 = EDGE_CURVE ( 'NONE', #220, #401, #272, .T. ) ;
#4159 = EDGE_CURVE ( 'NONE', #637, #2366, #988, .T. ) ;
#4160 = DIRECTION ( 'NONE',  ( -1.000000000000000000, -0.0000000000000000000, -0.0000000000000000000 ) ) ;
#4161 = LINE ( 'NONE', #4139, #948 ) ;
#4162 = CARTESIAN_POINT ( 'NONE',  ( 0.2379674688103072255, 1.224646799147263287E-20, -0.1499999999999999944 ) ) ;
#4163 = ORIENTED_EDGE ( 'NONE', *, *, #3704, .T. ) ;
#4164 = EDGE_CURVE ( 'NONE', #2122, #2829, #1757, .T. ) ;
#4165 = FACE_OUTER_BOUND ( 'NONE', #1687, .T. ) ;
#4166 = EDGE_LOOP ( 'NONE', ( #3235, #2552, #3583, #2475 ) ) ;
#4167 = DIRECTION ( 'NONE',  ( 0.0000000000000000000, 0.0000000000000000000, 1.000000000000000000 ) ) ;
#4168 = CYLINDRICAL_SURFACE ( 'NONE', #3448, 0.02874000000000052207 ) ;
#4169 =( NAMED_UNIT ( * ) SI_UNIT ( $, .STERADIAN. ) SOLID_ANGLE_UNIT ( ) );
#4170 = ORIENTED_EDGE ( 'NONE', *, *, #718, .T. ) ;
#4171 = AXIS2_PLACEMENT_3D ( 'NONE', #445, #1157, #1836 ) ;
#4172 = PRESENTATION_STYLE_ASSIGNMENT (( #3491 ) ) ;
#4173 = AXIS2_PLACEMENT_3D ( 'NONE', #241, #1993, #2916 ) ;
#4174 = LINE ( 'NONE', #1152, #3678 ) ;
#4175 = CARTESIAN_POINT ( 'NONE',  ( 0.07033012701892972507, 3.245314017740399465E-18, -0.02649999999999929495 ) ) ;
#4176 = ORIENTED_EDGE ( 'NONE', *, *, #1970, .F. ) ;
#4177 = DIRECTION ( 'NONE',  ( -0.0000000000000000000, 1.000000000000000000, -0.0000000000000000000 ) ) ;
#4178 = VERTEX_POINT ( 'NONE', #3962 ) ;
#4179 = CARTESIAN_POINT ( 'NONE',  ( 0.1942664688103074300, -0.1100000000000000006, -0.01574999999999998623 ) ) ;
#4180 = DIRECTION ( 'NONE',  ( -0.0000000000000000000, 1.000000000000000000, -0.0000000000000000000 ) ) ;
#4181 = DIRECTION ( 'NONE',  ( 0.0000000000000000000, 0.0000000000000000000, -1.000000000000000000 ) ) ;
#4182 = DIRECTION ( 'NONE',  ( 0.0000000000000000000, -0.0000000000000000000, -1.000000000000000000 ) ) ;
#4183 =( REPRESENTATION_RELATIONSHIP ('NONE','NONE', #1388, #951 ) REPRESENTATION_RELATIONSHIP_WITH_TRANSFORMATION ( #2428 )SHAPE_REPRESENTATION_RELATIONSHIP( ) );
#4184 = DIRECTION ( 'NONE',  ( 5.421193827719211569E-15, 0.0000000000000000000, 1.000000000000000000 ) ) ;
#4185 = ORIENTED_EDGE ( 'NONE', *, *, #1096, .F. ) ;
#4186 = EDGE_CURVE ( 'NONE', #3027, #2708, #945, .T. ) ;
#4187 = CARTESIAN_POINT ( 'NONE',  ( 0.1649999999999989253, 0.0000000000000000000, 0.01849999999999981520 ) ) ;
#4188 = CARTESIAN_POINT ( 'NONE',  ( 0.2379674688103072255, 0.0000000000000000000, -0.04999999999999999584 ) ) ;
#4189 = EDGE_CURVE ( 'NONE', #4083, #2404, #2392, .T. ) ;
#4190 = ORIENTED_EDGE ( 'NONE', *, *, #3031, .F. ) ;
#4191 = DIRECTION ( 'NONE',  ( 5.421193827719211569E-15, 0.0000000000000000000, 1.000000000000000000 ) ) ;
#4192 = CIRCLE ( 'NONE', #530, 0.03499999999999785227 ) ;
#4193 = VERTEX_POINT ( 'NONE', #1232 ) ;
#4194 = DIRECTION ( 'NONE',  ( 0.0000000000000000000, -0.0000000000000000000, -1.000000000000000000 ) ) ;
#4195 = VECTOR ( 'NONE', #3151, 39.37007874015748143 ) ;
#4196 = DIRECTION ( 'NONE',  ( -1.000000000000000000, -0.0000000000000000000, -0.0000000000000000000 ) ) ;
#4197 = CARTESIAN_POINT ( 'NONE',  ( 0.06099999999999970723, 0.0000000000000000000, 0.02900000000000015413 ) ) ;
#4198 = DIMENSIONAL_EXPONENTS ( 1.000000000000000000, 0.0000000000000000000, 0.0000000000000000000, 0.0000000000000000000, 0.0000000000000000000, 0.0000000000000000000, 0.0000000000000000000 ) ;
#4199 = EDGE_LOOP ( 'NONE', ( #418, #1035, #2602, #743 ) ) ;
#4200 = VECTOR ( 'NONE', #3887, 39.37007874015748854 ) ;
#4201 = ORIENTED_EDGE ( 'NONE', *, *, #3949, .T. ) ;
#4202 = DIRECTION ( 'NONE',  ( 0.3420201433256633283, 0.0000000000000000000, -0.9396926207859103153 ) ) ;
#4203 = AXIS2_PLACEMENT_3D ( 'NONE', #1303, #3988, #1722 ) ;
#4204 = CARTESIAN_POINT ( 'NONE',  ( 0.4379674688103072366, 0.0000000000000000000, -0.1499999999999999944 ) ) ;
#4205 = CARTESIAN_POINT ( 'NONE',  ( 0.1649999999999989253, 0.0000000000000000000, 0.0000000000000000000 ) ) ;
#4206 = ORIENTED_EDGE ( 'NONE', *, *, #4080, .F. ) ;
#4207 = DIRECTION ( 'NONE',  ( 1.000000000000000000, 0.0000000000000000000, 0.0000000000000000000 ) ) ;
#4208 = DIRECTION ( 'NONE',  ( 0.0000000000000000000, 0.0000000000000000000, 1.000000000000000000 ) ) ;
#4209 = EDGE_LOOP ( 'NONE', ( #3808, #3155 ) ) ;
#4210 = VECTOR ( 'NONE', #4126, 39.37007874015748143 ) ;
#4211 = CARTESIAN_POINT ( 'NONE',  ( 0.06099999999999970723, 0.0000000000000000000, 0.0000000000000000000 ) ) ;
#4212 = DIRECTION ( 'NONE',  ( 0.0000000000000000000, 0.0000000000000000000, 1.000000000000000000 ) ) ;
#4213 = ORIENTED_EDGE ( 'NONE', *, *, #3031, .T. ) ;
#4214 = EDGE_CURVE ( 'NONE', #437, #3223, #3365, .T. ) ;
#4215 = DIRECTION ( 'NONE',  ( -0.0000000000000000000, 1.000000000000000000, -0.0000000000000000000 ) ) ;
#4216 = AXIS2_PLACEMENT_3D ( 'NONE', #1183, #2541, #1566 ) ;
#4217 = ADVANCED_FACE ( 'NONE', ( #906 ), #571, .T. ) ;
#4218 = ORIENTED_EDGE ( 'NONE', *, *, #2714, .F. ) ;
#4219 = CARTESIAN_POINT ( 'NONE',  ( 0.2667074688103077129, -0.03520000000000000212, -0.04999999999999999584 ) ) ;
#4220 = ORIENTED_EDGE ( 'NONE', *, *, #1859, .T. ) ;
#4221 = AXIS2_PLACEMENT_3D ( 'NONE', #3587, #1586, #368 ) ;
#4222 = DIRECTION ( 'NONE',  ( -0.9659258262891001756, 0.0000000000000000000, 0.2588190451024012795 ) ) ;
#4223 = LINE ( 'NONE', #1153, #952 ) ;
#4224 = DIRECTION ( 'NONE',  ( 0.0000000000000000000, -1.000000000000000000, 0.0000000000000000000 ) ) ;
#4225 = EDGE_CURVE ( 'NONE', #4040, #981, #2252, .T. ) ;
#4226 = VERTEX_POINT ( 'NONE', #2312 ) ;
#4227 = AXIS2_PLACEMENT_3D ( 'NONE', #41, #2385, #2015 ) ;
#4228 = DIRECTION ( 'NONE',  ( 0.0000000000000000000, 1.000000000000000000, 0.0000000000000000000 ) ) ;
#4229 = PRODUCT_DEFINITION_SHAPE ( 'NONE', 'NONE',  #4374 ) ;
#4230 = CARTESIAN_POINT ( 'NONE',  ( 0.1942664688103074300, 0.0000000000000000000, -0.01574999999999998623 ) ) ;
#4231 = CARTESIAN_POINT ( 'NONE',  ( 0.4942664688103074466, 0.0000000000000000000, -0.01574999999999998623 ) ) ;
#4232 = ORIENTED_EDGE ( 'NONE', *, *, #1581, .F. ) ;
#4233 = DIRECTION ( 'NONE',  ( 0.0000000000000000000, 1.000000000000000000, 0.0000000000000000000 ) ) ;
#4234 = LINE ( 'NONE', #1886, #1768 ) ;
#4235 = ORIENTED_EDGE ( 'NONE', *, *, #2106, .T. ) ;
#4236 = DIRECTION ( 'NONE',  ( 0.9396926207859146452, 0.0000000000000000000, -0.3420201433256517265 ) ) ;
#4237 = PLANE ( 'NONE',  #1676 ) ;
#4238 = CARTESIAN_POINT ( 'NONE',  ( 2.239553201765118668E-16, -0.1100000000000000006, -0.1999999999999996503 ) ) ;
#4239 = VERTEX_POINT ( 'NONE', #2613 ) ;
#4240 = ORIENTED_EDGE ( 'NONE', *, *, #943, .T. ) ;
#4241 = ADVANCED_FACE ( 'NONE', ( #3950 ), #3641, .F. ) ;
#4242 = ADVANCED_FACE ( 'NONE', ( #3286 ), #258, .F. ) ;
#4243 = CARTESIAN_POINT ( 'NONE',  ( 0.5379674688103072144, 0.0000000000000000000, -0.02125999999999947376 ) ) ;
#4244 = CARTESIAN_POINT ( 'NONE',  ( 0.0000000000000000000, 4.286263797015472511E-18, -0.03499999999999785227 ) ) ;
#4245 = ORIENTED_EDGE ( 'NONE', *, *, #744, .T. ) ;
#4246 = CARTESIAN_POINT ( 'NONE',  ( 0.2816684688103074374, -0.1100000000000000006, -0.01574999999999998623 ) ) ;
#4247 = FACE_OUTER_BOUND ( 'NONE', #2577, .T. ) ;
#4248 = ADVANCED_FACE ( 'NONE', ( #3572 ), #1286, .T. ) ;
#4249 = AXIS2_PLACEMENT_3D ( 'NONE', #788, #3170, #2838 ) ;
#4250 =( CONVERSION_BASED_UNIT ( 'INCH', #2229 ) LENGTH_UNIT ( ) NAMED_UNIT ( #1789 ) );
#4251 = CARTESIAN_POINT ( 'NONE',  ( 0.2759359376206146353, -0.1100000000000000006, -9.478001694819074349E-34 ) ) ;
#4252 = CYLINDRICAL_SURFACE ( 'NONE', #3995, 0.009999999999999210909 ) ;
#4253 = EDGE_LOOP ( 'NONE', ( #1776, #1585, #1059, #2962 ) ) ;
#4254 = CARTESIAN_POINT ( 'NONE',  ( 0.5759349376206148730, -0.1100000000000000006, -0.2000000000000000111 ) ) ;
#4255 = VECTOR ( 'NONE', #1606, 39.37007874015748143 ) ;
#4256 = LINE ( 'NONE', #1233, #2952 ) ;
#4257 = DIRECTION ( 'NONE',  ( 0.0000000000000000000, -0.0000000000000000000, -1.000000000000000000 ) ) ;
#4258 = CARTESIAN_POINT ( 'NONE',  ( 0.2816684688103074374, -0.1100000000000000006, -0.01574999999999998623 ) ) ;
#4259 = CARTESIAN_POINT ( 'NONE',  ( 0.2816684688103074374, -0.1100000000000000006, -0.1842499999999996085 ) ) ;
#4260 = CARTESIAN_POINT ( 'NONE',  ( 0.3379674688103072033, -0.03520000000000000212, -0.01259999999999946926 ) ) ;
#4261 = ORIENTED_EDGE ( 'NONE', *, *, #355, .T. ) ;
#4262 = CARTESIAN_POINT ( 'NONE',  ( 0.5759349376206148730, 0.0000000000000000000, -0.2000000000000000111 ) ) ;
#4263 = ORIENTED_EDGE ( 'NONE', *, *, #311, .F. ) ;
#4264 = CIRCLE ( 'NONE', #2317, 0.03740000000000053698 ) ;
#4265 = CARTESIAN_POINT ( 'NONE',  ( 0.4942664688103074466, -0.1100000000000000006, -0.1842499999999996918 ) ) ;
#4266 = ORIENTED_EDGE ( 'NONE', *, *, #3162, .F. ) ;
#4267 = FACE_OUTER_BOUND ( 'NONE', #1645, .T. ) ;
#4268 = EDGE_CURVE ( 'NONE', #3275, #1087, #2656, .T. ) ;
#4269 = CARTESIAN_POINT ( 'NONE',  ( 0.5816674688103072866, -0.1100000000000000006, -0.01575000000000000705 ) ) ;
#4270 = CIRCLE ( 'NONE', #616, 0.009999999999999073866 ) ;
#4271 = DIRECTION ( 'NONE',  ( 0.0000000000000000000, -1.000000000000000000, 0.0000000000000000000 ) ) ;
#4272 = EDGE_CURVE ( 'NONE', #3801, #1820, #2459, .T. ) ;
#4273 = LINE ( 'NONE', #3614, #3154 ) ;
#4274 = CIRCLE ( 'NONE', #2933, 0.03740000000000053698 ) ;
#4275 = VERTEX_POINT ( 'NONE', #184 ) ;
#4276 = EDGE_CURVE ( 'NONE', #949, #4361, #1547, .T. ) ;
#4277 = CARTESIAN_POINT ( 'NONE',  ( 0.5879674688103072588, -0.1100000000000000006, -0.1842499999999999416 ) ) ;
#4278 = VECTOR ( 'NONE', #1633, 39.37007874015748143 ) ;
#4279 = CONTEXT_DEPENDENT_SHAPE_REPRESENTATION ( #2976, #4229 ) ;
#4280 = CARTESIAN_POINT ( 'NONE',  ( 0.1379674688103071922, 1.224646799147263287E-20, -0.1499999999999999944 ) ) ;
#4281 = CARTESIAN_POINT ( 'NONE',  ( 0.1379674688103071922, -0.03520000000000000212, -0.1499999999999999944 ) ) ;
#4282 = CARTESIAN_POINT ( 'NONE',  ( 0.1379674688103071922, 0.0000000000000000000, -0.1787400000000005096 ) ) ;
#4283 = DIRECTION ( 'NONE',  ( -0.0000000000000000000, 1.000000000000000000, -0.0000000000000000000 ) ) ;
#4284 = CYLINDRICAL_SURFACE ( 'NONE', #3584, 0.02874000000000052207 ) ;
#4285 = ORIENTED_EDGE ( 'NONE', *, *, #3579, .F. ) ;
#4286 = CARTESIAN_POINT ( 'NONE',  ( 0.08166846881030742633, -0.1100000000000000006, -0.1842499999999996085 ) ) ;
#4287 = AXIS2_PLACEMENT_3D ( 'NONE', #1086, #3153, #128 ) ;
#4288 = VERTEX_POINT ( 'NONE', #3238 ) ;
#4289 = CIRCLE ( 'NONE', #2406, 0.02874000000000051860 ) ;
#4290 = PLANE ( 'NONE',  #1819 ) ;
#4291 = EDGE_LOOP ( 'NONE', ( #1396, #843, #2689, #1626 ) ) ;
#4292 = LINE ( 'NONE', #1277, #1701 ) ;
#4293 = ORIENTED_EDGE ( 'NONE', *, *, #3487, .F. ) ;
#4294 = CARTESIAN_POINT ( 'NONE',  ( 0.0000000000000000000, -0.1100000000000000006, 0.0000000000000000000 ) ) ;
#4295 = VECTOR ( 'NONE', #1845, 39.37007874015748143 ) ;
#4296 = DIRECTION ( 'NONE',  ( 0.0000000000000000000, 0.0000000000000000000, 1.000000000000000000 ) ) ;
#4297 = VECTOR ( 'NONE', #4022, 39.37007874015748143 ) ;
#4298 = CARTESIAN_POINT ( 'NONE',  ( 0.3379674688103072033, -0.1100000000000000006, -0.1499999999999999944 ) ) ;
#4299 = PLANE ( 'NONE',  #1327 ) ;
#4300 = ORIENTED_EDGE ( 'NONE', *, *, #4032, .T. ) ;
#4301 = DIRECTION ( 'NONE',  ( -0.0000000000000000000, 1.000000000000000000, -0.0000000000000000000 ) ) ;
#4302 = EDGE_CURVE ( 'NONE', #3244, #287, #1731, .T. ) ;
#4303 = DIRECTION ( 'NONE',  ( -0.3420201433256695456, 0.0000000000000000000, -0.9396926207859080948 ) ) ;
#4304 = ADVANCED_FACE ( 'NONE', ( #365 ), #108, .T. ) ;
#4305 = DIRECTION ( 'NONE',  ( 0.0000000000000000000, -0.0000000000000000000, -1.000000000000000000 ) ) ;
#4306 = CARTESIAN_POINT ( 'NONE',  ( 0.03796746881030719362, -0.03520000000000000212, -0.04999999999999999584 ) ) ;
#4307 = CARTESIAN_POINT ( 'NONE',  ( 0.2800000000000003042, 0.0000000000000000000, 0.0000000000000000000 ) ) ;
#4308 = CARTESIAN_POINT ( 'NONE',  ( 0.2379674688103072255, -0.03520000000000000212, -0.1874000000000005384 ) ) ;
#4309 = ORIENTED_EDGE ( 'NONE', *, *, #3131, .T. ) ;
#4310 = EDGE_CURVE ( 'NONE', #215, #370, #1766, .T. ) ;
#4311 = CARTESIAN_POINT ( 'NONE',  ( 0.09426646881030741054, -0.1100000000000000006, -0.01574999999999998623 ) ) ;
#4312 = VERTEX_POINT ( 'NONE', #3160 ) ;
#4313 = ORIENTED_EDGE ( 'NONE', *, *, #996, .T. ) ;
#4314 = AXIS2_PLACEMENT_3D ( 'NONE', #3203, #3492, #3886 ) ;
#4315 = CARTESIAN_POINT ( 'NONE',  ( 0.3379674688103072033, 1.224646799147263287E-20, -0.04999999999999999584 ) ) ;
#4316 = EDGE_LOOP ( 'NONE', ( #736, #3346 ) ) ;
#4317 = DIRECTION ( 'NONE',  ( -0.0000000000000000000, 1.000000000000000000, -0.0000000000000000000 ) ) ;
#4318 = PLANE ( 'NONE',  #4203 ) ;
#4319 = CARTESIAN_POINT ( 'NONE',  ( 0.03796746881030720056, 0.0000000000000000000, -0.1787400000000005096 ) ) ;
#4320 = ORIENTED_EDGE ( 'NONE', *, *, #1830, .T. ) ;
#4321 = CYLINDRICAL_SURFACE ( 'NONE', #2566, 0.03740000000000053004 ) ;
#4322 = AXIS2_PLACEMENT_3D ( 'NONE', #3701, #2373, #27 ) ;
#4323 = CARTESIAN_POINT ( 'NONE',  ( 0.0000000000000000000, 0.0000000000000000000, 0.0000000000000000000 ) ) ;
#4324 = PLANE ( 'NONE',  #1406 ) ;
#4325 = ORIENTED_EDGE ( 'NONE', *, *, #1175, .F. ) ;
#4326 = CARTESIAN_POINT ( 'NONE',  ( 0.2379674688103072255, 0.0000000000000000000, -0.1499999999999999944 ) ) ;
#4327 = CARTESIAN_POINT ( 'NONE',  ( 0.5379674688103072144, 1.224646799147263287E-20, -0.1125999999999994644 ) ) ;
#4328 = ORIENTED_EDGE ( 'NONE', *, *, #1414, .T. ) ;
#4329 = MANIFOLD_SOLID_BREP ( 'RevolutionAngle1', #2077 ) ;
#4330 = DIRECTION ( 'NONE',  ( 0.0000000000000000000, 0.0000000000000000000, 1.000000000000000000 ) ) ;
#4331 = EDGE_CURVE ( 'NONE', #4000, #3090, #107, .T. ) ;
#4332 = EDGE_LOOP ( 'NONE', ( #3548, #2337, #3452, #1450 ) ) ;
#4333 = CARTESIAN_POINT ( 'NONE',  ( 0.2999990000000001267, -0.1100000000000000006, 0.0000000000000000000 ) ) ;
#4334 = EDGE_CURVE ( 'NONE', #2483, #3035, #1386, .T. ) ;
#4335 = CARTESIAN_POINT ( 'NONE',  ( 0.3999990000000001600, -0.1100000000000000006, -0.1999999999999999833 ) ) ;
#4336 = DIRECTION ( 'NONE',  ( 0.0000000000000000000, 0.0000000000000000000, 1.000000000000000000 ) ) ;
#4337 = EDGE_LOOP ( 'NONE', ( #505, #3424, #2176, #3520 ) ) ;
#4338 = LENGTH_MEASURE_WITH_UNIT ( LENGTH_MEASURE( 0.02539999999999999897 ), #4111 );
#4339 = CARTESIAN_POINT ( 'NONE',  ( 0.4379674688103072366, 0.0000000000000000000, -0.04999999999999999584 ) ) ;
#4340 = PRODUCT_DEFINITION_SHAPE ( 'NONE', 'NONE',  #4371 ) ;
#4341 = DIRECTION ( 'NONE',  ( 0.0000000000000000000, 0.0000000000000000000, 1.000000000000000000 ) ) ;
#4342 = FACE_OUTER_BOUND ( 'NONE', #655, .T. ) ;
#4343 = CIRCLE ( 'NONE', #2036, 0.03740000000000053698 ) ;
#4344 = VERTEX_POINT ( 'NONE', #2232 ) ;
#4345 = PLANE ( 'NONE',  #1142 ) ;
#4346 = VECTOR ( 'NONE', #1126, 39.37007874015748854 ) ;
#4347 = DIRECTION ( 'NONE',  ( -0.0000000000000000000, 1.000000000000000000, -0.0000000000000000000 ) ) ;
#4348 = FACE_BOUND ( 'NONE', #903, .T. ) ;
#4349 = VECTOR ( 'NONE', #1539, 39.37007874015748143 ) ;
#4350 = CARTESIAN_POINT ( 'NONE',  ( 0.0000000000000000000, -0.1100000000000000006, 0.0000000000000000000 ) ) ;
#4351 = FACE_OUTER_BOUND ( 'NONE', #3161, .T. ) ;
#4352 = ORIENTED_EDGE ( 'NONE', *, *, #845, .T. ) ;
#4353 = AXIS2_PLACEMENT_3D ( 'NONE', #1982, #3924, #232 ) ;
#4354 = CARTESIAN_POINT ( 'NONE',  ( 0.5379674688103072144, 0.0000000000000000000, -0.1499999999999999944 ) ) ;
#4355 = ORIENTED_EDGE ( 'NONE', *, *, #1255, .F. ) ;
#4356 = PRODUCT_DEFINITION_FORMATION_WITH_SPECIFIED_SOURCE ( 'ANY', '', #1636, .NOT_KNOWN. ) ;
#4357 = LINE ( 'NONE', #2037, #1274 ) ;
#4358 = EDGE_CURVE ( 'NONE', #2146, #2091, #1229, .T. ) ;
#4359 = ADVANCED_FACE ( 'NONE', ( #3053, #3407 ), #4318, .F. ) ;
#4360 = ORIENTED_EDGE ( 'NONE', *, *, #2051, .T. ) ;
#4361 = VERTEX_POINT ( 'NONE', #1764 ) ;
#4362 = STYLED_ITEM ( 'NONE', ( #759 ), #1430 ) ;
#4363 = DIRECTION ( 'NONE',  ( 0.0000000000000000000, -1.000000000000000000, 0.0000000000000000000 ) ) ;
#4364 = NEXT_ASSEMBLY_USAGE_OCCURRENCE ( 'NAUO1', ' ', ' ', #2264, #2948, $ ) ;
#4365 = NEXT_ASSEMBLY_USAGE_OCCURRENCE ( 'NAUO2', ' ', ' ', #2264, #2125, $ ) ;
#4366 = NEXT_ASSEMBLY_USAGE_OCCURRENCE ( 'NAUO3', ' ', ' ', #2264, #2125, $ ) ;
#4367 = NEXT_ASSEMBLY_USAGE_OCCURRENCE ( 'NAUO4', ' ', ' ', #2264, #2125, $ ) ;
#4368 = NEXT_ASSEMBLY_USAGE_OCCURRENCE ( 'NAUO5', ' ', ' ', #2264, #2125, $ ) ;
#4369 = NEXT_ASSEMBLY_USAGE_OCCURRENCE ( 'NAUO6', ' ', ' ', #2264, #2125, $ ) ;
#4370 = NEXT_ASSEMBLY_USAGE_OCCURRENCE ( 'NAUO7', ' ', ' ', #2264, #2125, $ ) ;
#4371 = NEXT_ASSEMBLY_USAGE_OCCURRENCE ( 'NAUO8', ' ', ' ', #2264, #2125, $ ) ;
#4372 = NEXT_ASSEMBLY_USAGE_OCCURRENCE ( 'NAUO9', ' ', ' ', #2264, #2125, $ ) ;
#4373 = NEXT_ASSEMBLY_USAGE_OCCURRENCE ( 'NAUO10', ' ', ' ', #2264, #2125, $ ) ;
#4374 = NEXT_ASSEMBLY_USAGE_OCCURRENCE ( 'NAUO11', ' ', ' ', #2264, #2125, $ ) ;
#4375 = NEXT_ASSEMBLY_USAGE_OCCURRENCE ( 'NAUO12', ' ', ' ', #2264, #2125, $ ) ;
#4376 = NEXT_ASSEMBLY_USAGE_OCCURRENCE ( 'NAUO13', ' ', ' ', #2264, #2125, $ ) ;
ENDSEC;
END-ISO-10303-21;
