ISO-10303-21;
HEADER;
FILE_DESCRIPTION (( 'STEP AP214' ),
    '1' );
FILE_NAME ('mill-max-419-10-216-00-001000.STEP',
    '2022-11-30T16:33:14',
    ( '' ),
    ( '' ),
    'SwSTEP 2.0',
    'SolidWorks 2022',
    '' );
FILE_SCHEMA (( 'AUTOMOTIVE_DESIGN' ));
ENDSEC;

DATA;
#1 = ADVANCED_FACE ( 'NONE', ( #2357 ), #749, .F. ) ;
#2 = LINE ( 'NONE', #3061, #607 ) ;
#3 = EDGE_LOOP ( 'NONE', ( #1615, #4552, #1426, #2781 ) ) ;
#4 = FACE_OUTER_BOUND ( 'NONE', #1049, .T. ) ;
#5 = ORIENTED_EDGE ( 'NONE', *, *, #2380, .F. ) ;
#6 = CARTESIAN_POINT ( 'NONE',  ( 0.7379674688103072810, 1.224646799147263287E-20, -0.08740000000000051894 ) ) ;
#7 = ORIENTED_EDGE ( 'NONE', *, *, #5436, .F. ) ;
#8 = CARTESIAN_POINT ( 'NONE',  ( 0.4816684688103073930, 0.0000000000000000000, -0.01574999999999998623 ) ) ;
#9 = CARTESIAN_POINT ( 'NONE',  ( 0.3942664688103074133, 0.0000000000000000000, -0.01574999999999999664 ) ) ;
#10 = FILL_AREA_STYLE ('',( #2158 ) ) ;
#11 = CARTESIAN_POINT ( 'NONE',  ( 0.7379674688103072810, 1.224646799147263287E-20, -0.1499999999999999944 ) ) ;
#12 = ORIENTED_EDGE ( 'NONE', *, *, #2843, .F. ) ;
#13 = ORIENTED_EDGE ( 'NONE', *, *, #5101, .F. ) ;
#14 = VERTEX_POINT ( 'NONE', #1076 ) ;
#15 = FACE_BOUND ( 'NONE', #3582, .T. ) ;
#16 = FACE_BOUND ( 'NONE', #2100, .T. ) ;
#17 = CARTESIAN_POINT ( 'NONE',  ( 0.7379674688103072810, 0.0000000000000000000, -0.01259999999999946926 ) ) ;
#18 = FACE_OUTER_BOUND ( 'NONE', #1012, .T. ) ;
#19 = VERTEX_POINT ( 'NONE', #2772 ) ;
#20 = ORIENTED_EDGE ( 'NONE', *, *, #4853, .F. ) ;
#21 = ORIENTED_EDGE ( 'NONE', *, *, #1614, .F. ) ;
#22 = EDGE_CURVE ( 'NONE', #2936, #1155, #3455, .T. ) ;
#23 = CARTESIAN_POINT ( 'NONE',  ( 0.7759349376206150506, -0.1100000000000000006, -0.2000000000000000111 ) ) ;
#24 = DIRECTION ( 'NONE',  ( -1.000000000000000000, -0.0000000000000000000, -0.0000000000000000000 ) ) ;
#25 = DIRECTION ( 'NONE',  ( -0.3420201433256720991, 0.0000000000000000000, 0.9396926207859070956 ) ) ;
#26 = EDGE_LOOP ( 'NONE', ( #3641, #1912 ) ) ;
#27 = EDGE_CURVE ( 'NONE', #4665, #4131, #437, .T. ) ;
#28 = VECTOR ( 'NONE', #3595, 39.37007874015748854 ) ;
#29 = AXIS2_PLACEMENT_3D ( 'NONE', #4788, #4157, #1806 ) ;
#30 = CARTESIAN_POINT ( 'NONE',  ( 0.2942664688103074355, 0.0000000000000000000, -0.1842499999999996918 ) ) ;
#31 = ORIENTED_EDGE ( 'NONE', *, *, #1957, .F. ) ;
#32 = FACE_OUTER_BOUND ( 'NONE', #2845, .T. ) ;
#33 =( REPRESENTATION_RELATIONSHIP ('NONE','NONE', #4944, #1631 ) REPRESENTATION_RELATIONSHIP_WITH_TRANSFORMATION ( #5454 )SHAPE_REPRESENTATION_RELATIONSHIP( ) );
#34 = ORIENTED_EDGE ( 'NONE', *, *, #2531, .T. ) ;
#35 = VECTOR ( 'NONE', #3454, 39.37007874015748143 ) ;
#36 = CIRCLE ( 'NONE', #126, 0.03740000000000053698 ) ;
#37 = CARTESIAN_POINT ( 'NONE',  ( 0.1379674688103071922, 0.0000000000000000000, -0.1499999999999999944 ) ) ;
#38 = EDGE_CURVE ( 'NONE', #740, #1684, #2490, .T. ) ;
#39 = DIRECTION ( 'NONE',  ( -1.000000000000000000, 0.0000000000000000000, 4.840987058537324418E-16 ) ) ;
#40 = AXIS2_PLACEMENT_3D ( 'NONE', #5370, #991, #3081 ) ;
#41 = DIRECTION ( 'NONE',  ( -1.000000000000000000, 0.0000000000000000000, 0.0000000000000000000 ) ) ;
#42 = CARTESIAN_POINT ( 'NONE',  ( 0.03796746881030719362, 0.0000000000000000000, -0.1499999999999999944 ) ) ;
#43 = VECTOR ( 'NONE', #1958, 39.37007874015748143 ) ;
#44 = CARTESIAN_POINT ( 'NONE',  ( 0.2379674688103072255, 0.0000000000000000000, -0.1499999999999999944 ) ) ;
#45 = ORIENTED_EDGE ( 'NONE', *, *, #2597, .T. ) ;
#46 = ORIENTED_EDGE ( 'NONE', *, *, #2510, .F. ) ;
#47 = DIRECTION ( 'NONE',  ( 0.3420201433256665480, 0.0000000000000000000, 0.9396926207859092051 ) ) ;
#48 = CIRCLE ( 'NONE', #141, 0.01699999999999820752 ) ;
#49 = AXIS2_PLACEMENT_3D ( 'NONE', #5525, #4139, #1600 ) ;
#50 = DIRECTION ( 'NONE',  ( -0.0000000000000000000, 0.0000000000000000000, 1.000000000000000000 ) ) ;
#51 = DIRECTION ( 'NONE',  ( 0.0000000000000000000, 1.000000000000000000, -0.0000000000000000000 ) ) ;
#52 = DIRECTION ( 'NONE',  ( 0.0000000000000000000, 0.0000000000000000000, 1.000000000000000000 ) ) ;
#53 = CIRCLE ( 'NONE', #1947, 0.03740000000000053004 ) ;
#54 = CARTESIAN_POINT ( 'NONE',  ( -0.01203253118969264089, -0.1100000000000000006, -0.1842499999999996918 ) ) ;
#55 = VERTEX_POINT ( 'NONE', #3376 ) ;
#56 = ORIENTED_EDGE ( 'NONE', *, *, #5463, .F. ) ;
#57 = VECTOR ( 'NONE', #128, 39.37007874015748143 ) ;
#58 = ORIENTED_EDGE ( 'NONE', *, *, #5419, .F. ) ;
#59 = VECTOR ( 'NONE', #1375, 39.37007874015748143 ) ;
#60 = VECTOR ( 'NONE', #1862, 39.37007874015748143 ) ;
#61 =( CONVERSION_BASED_UNIT ( 'INCH', #518 ) LENGTH_UNIT ( ) NAMED_UNIT ( #3308 ) );
#62 = PLANE ( 'NONE',  #2031 ) ;
#63 = DIRECTION ( 'NONE',  ( -0.0000000000000000000, 1.000000000000000000, -0.0000000000000000000 ) ) ;
#64 = ORIENTED_EDGE ( 'NONE', *, *, #38, .F. ) ;
#65 = CARTESIAN_POINT ( 'NONE',  ( 0.4379674688103072366, -0.1100000000000000006, -0.02125999999999947723 ) ) ;
#66 = DIRECTION ( 'NONE',  ( -1.000000000000000000, 0.0000000000000000000, 4.840987058537324418E-16 ) ) ;
#67 = ORIENTED_EDGE ( 'NONE', *, *, #5123, .T. ) ;
#68 = LINE ( 'NONE', #3869, #3788 ) ;
#69 = EDGE_CURVE ( 'NONE', #4553, #3408, #5521, .T. ) ;
#70 = CARTESIAN_POINT ( 'NONE',  ( -0.01203253118969264436, 0.0000000000000000000, -0.01574999999999999664 ) ) ;
#71 = CARTESIAN_POINT ( 'NONE',  ( 0.7759349376206150506, -0.1100000000000000006, -0.2000000000000000111 ) ) ;
#72 = ORIENTED_EDGE ( 'NONE', *, *, #3397, .T. ) ;
#73 = CARTESIAN_POINT ( 'NONE',  ( 0.09426646881030741054, -0.1100000000000000006, -0.01574999999999998623 ) ) ;
#74 = EDGE_CURVE ( 'NONE', #4181, #292, #2399, .T. ) ;
#75 = CARTESIAN_POINT ( 'NONE',  ( 0.1999990000000001211, -0.1100000000000000006, -0.1999999999999999833 ) ) ;
#76 = ORIENTED_EDGE ( 'NONE', *, *, #2392, .F. ) ;
#77 = ORIENTED_EDGE ( 'NONE', *, *, #453, .T. ) ;
#78 = CARTESIAN_POINT ( 'NONE',  ( 0.0000000000000000000, 3.245314017740399465E-18, -0.02649999999999929495 ) ) ;
#79 = DIRECTION ( 'NONE',  ( -1.000000000000000000, -0.0000000000000000000, -0.0000000000000000000 ) ) ;
#80 = CARTESIAN_POINT ( 'NONE',  ( 0.5379674688103072144, 0.0000000000000000000, -0.04999999999999999584 ) ) ;
#81 = CARTESIAN_POINT ( 'NONE',  ( 0.6816684688103075151, -0.1100000000000000006, -0.1842499999999996085 ) ) ;
#82 = ORIENTED_EDGE ( 'NONE', *, *, #1042, .T. ) ;
#83 = ORIENTED_EDGE ( 'NONE', *, *, #27, .T. ) ;
#84 = VERTEX_POINT ( 'NONE', #3322 ) ;
#85 = FACE_OUTER_BOUND ( 'NONE', #3159, .T. ) ;
#86 = DIRECTION ( 'NONE',  ( -0.0000000000000000000, 1.000000000000000000, -0.0000000000000000000 ) ) ;
#87 = DIRECTION ( 'NONE',  ( 0.0000000000000000000, 0.0000000000000000000, 1.000000000000000000 ) ) ;
#88 = ORIENTED_EDGE ( 'NONE', *, *, #4464, .F. ) ;
#89 = FACE_OUTER_BOUND ( 'NONE', #3069, .T. ) ;
#90 = DIRECTION ( 'NONE',  ( -0.3420201433256694346, -0.0000000000000000000, -0.9396926207859080948 ) ) ;
#91 = EDGE_LOOP ( 'NONE', ( #2721, #5087, #4205, #5243 ) ) ;
#92 = DIRECTION ( 'NONE',  ( 0.0000000000000000000, 0.0000000000000000000, 1.000000000000000000 ) ) ;
#93 = DIRECTION ( 'NONE',  ( 0.0000000000000000000, 0.0000000000000000000, 1.000000000000000000 ) ) ;
#94 = EDGE_CURVE ( 'NONE', #1790, #3515, #5474, .T. ) ;
#95 = EDGE_CURVE ( 'NONE', #2195, #808, #697, .T. ) ;
#96 = FACE_OUTER_BOUND ( 'NONE', #109, .T. ) ;
#97 = VERTEX_POINT ( 'NONE', #3824 ) ;
#98 = CYLINDRICAL_SURFACE ( 'NONE', #2372, 0.03740000000000053698 ) ;
#99 = CARTESIAN_POINT ( 'NONE',  ( 0.6379674688103071922, 0.0000000000000000000, -0.1499999999999999944 ) ) ;
#100 = ORIENTED_EDGE ( 'NONE', *, *, #4786, .T. ) ;
#101 = EDGE_LOOP ( 'NONE', ( #1809, #4102, #742, #20 ) ) ;
#102 = CARTESIAN_POINT ( 'NONE',  ( 0.2379674688103072255, 0.0000000000000000000, -0.1499999999999999944 ) ) ;
#103 = EDGE_CURVE ( 'NONE', #2162, #429, #3425, .T. ) ;
#104 = CARTESIAN_POINT ( 'NONE',  ( 0.7759349376206150506, -0.1100000000000000006, -0.2000000000000000111 ) ) ;
#105 = FACE_OUTER_BOUND ( 'NONE', #5159, .T. ) ;
#106 = FACE_OUTER_BOUND ( 'NONE', #4374, .T. ) ;
#107 = ORIENTED_EDGE ( 'NONE', *, *, #1002, .T. ) ;
#108 = ORIENTED_EDGE ( 'NONE', *, *, #2430, .F. ) ;
#109 = EDGE_LOOP ( 'NONE', ( #2053, #4973, #1227, #45 ) ) ;
#110 = EDGE_CURVE ( 'NONE', #619, #4677, #3899, .T. ) ;
#111 = FACE_BOUND ( 'NONE', #189, .T. ) ;
#112 = LINE ( 'NONE', #2719, #613 ) ;
#113 = CARTESIAN_POINT ( 'NONE',  ( 0.7379674688103072810, 0.0000000000000000000, -0.04999999999999999584 ) ) ;
#114 = ORIENTED_EDGE ( 'NONE', *, *, #4696, .F. ) ;
#115 = LINE ( 'NONE', #3505, #220 ) ;
#116 = CIRCLE ( 'NONE', #835, 0.009999999999999346217 ) ;
#117 = DIRECTION ( 'NONE',  ( 0.3420201433256633283, 0.0000000000000000000, -0.9396926207859103153 ) ) ;
#118 = LINE ( 'NONE', #2346, #3813 ) ;
#119 = AXIS2_PLACEMENT_3D ( 'NONE', #4188, #2236, #2532 ) ;
#120 = CARTESIAN_POINT ( 'NONE',  ( 0.2759359376206146353, 0.0000000000000000000, -9.478001694819074349E-34 ) ) ;
#121 = ORIENTED_EDGE ( 'NONE', *, *, #694, .T. ) ;
#122 = FACE_BOUND ( 'NONE', #2113, .T. ) ;
#123 = ADVANCED_FACE ( 'NONE', ( #3346 ), #2574, .F. ) ;
#124 = LINE ( 'NONE', #5304, #4893 ) ;
#125 = ORIENTED_EDGE ( 'NONE', *, *, #1902, .T. ) ;
#126 = AXIS2_PLACEMENT_3D ( 'NONE', #4364, #5468, #3316 ) ;
#127 = VERTEX_POINT ( 'NONE', #1704 ) ;
#128 = DIRECTION ( 'NONE',  ( -0.0000000000000000000, 1.000000000000000000, -0.0000000000000000000 ) ) ;
#129 = VECTOR ( 'NONE', #2837, 39.37007874015748143 ) ;
#130 = LINE ( 'NONE', #104, #2807 ) ;
#131 = AXIS2_PLACEMENT_3D ( 'NONE', #3946, #838, #961 ) ;
#132 = FACE_OUTER_BOUND ( 'NONE', #4409, .T. ) ;
#133 = EDGE_LOOP ( 'NONE', ( #2102, #3974 ) ) ;
#134 = VERTEX_POINT ( 'NONE', #5112 ) ;
#135 = EDGE_CURVE ( 'NONE', #3401, #4630, #4830, .T. ) ;
#136 = ORIENTED_EDGE ( 'NONE', *, *, #1373, .T. ) ;
#137 = VECTOR ( 'NONE', #3004, 39.37007874015748143 ) ;
#138 = AXIS2_PLACEMENT_3D ( 'NONE', #1625, #4171, #2964 ) ;
#139 = CARTESIAN_POINT ( 'NONE',  ( 0.03796746881030719362, 0.0000000000000000000, -0.02125999999999947376 ) ) ;
#140 = AXIS2_PLACEMENT_3D ( 'NONE', #5495, #1643, #1229 ) ;
#141 = AXIS2_PLACEMENT_3D ( 'NONE', #2095, #916, #3373 ) ;
#142 = CARTESIAN_POINT ( 'NONE',  ( 0.2759359376206146353, 0.0000000000000000000, -0.1999999999999999833 ) ) ;
#143 = LINE ( 'NONE', #3563, #516 ) ;
#144 = VECTOR ( 'NONE', #4191, 39.37007874015748143 ) ;
#145 = CARTESIAN_POINT ( 'NONE',  ( 0.03796746881030719362, -0.1100000000000000006, -0.04999999999999999584 ) ) ;
#146 = EDGE_CURVE ( 'NONE', #574, #1335, #5136, .T. ) ;
#147 = ORIENTED_EDGE ( 'NONE', *, *, #272, .F. ) ;
#148 = AXIS2_PLACEMENT_3D ( 'NONE', #4362, #1413, #87 ) ;
#149 = DIRECTION ( 'NONE',  ( -0.0000000000000000000, 1.000000000000000000, -0.0000000000000000000 ) ) ;
#150 = CARTESIAN_POINT ( 'NONE',  ( 0.3999990000000001600, 0.0000000000000000000, -0.1999999999999999833 ) ) ;
#151 = DIRECTION ( 'NONE',  ( -0.0000000000000000000, 1.000000000000000000, -0.0000000000000000000 ) ) ;
#152 = AXIS2_PLACEMENT_3D ( 'NONE', #5239, #638, #5299 ) ;
#153 = CARTESIAN_POINT ( 'NONE',  ( 0.6379674688103071922, 1.224646799147263287E-20, -0.01259999999999946926 ) ) ;
#154 = EDGE_CURVE ( 'NONE', #801, #2747, #1408, .T. ) ;
#155 = DIRECTION ( 'NONE',  ( -0.0000000000000000000, 1.000000000000000000, -0.0000000000000000000 ) ) ;
#156 = ORIENTED_EDGE ( 'NONE', *, *, #1620, .T. ) ;
#157 = CARTESIAN_POINT ( 'NONE',  ( 0.7379674688103072810, 1.224646799147263287E-20, -0.1125999999999994644 ) ) ;
#158 = DIRECTION ( 'NONE',  ( -0.0000000000000000000, 1.000000000000000000, -0.0000000000000000000 ) ) ;
#159 = ORIENTED_EDGE ( 'NONE', *, *, #3410, .F. ) ;
#160 = VERTEX_POINT ( 'NONE', #4312 ) ;
#161 = CARTESIAN_POINT ( 'NONE',  ( 0.0000000000000000000, -0.1100000000000000006, 0.0000000000000000000 ) ) ;
#162 = DIRECTION ( 'NONE',  ( -0.3420201433256517820, -0.0000000000000000000, -0.9396926207859146452 ) ) ;
#163 =( LENGTH_UNIT ( ) NAMED_UNIT ( * ) SI_UNIT ( $, .METRE. ) );
#164 = CARTESIAN_POINT ( 'NONE',  ( 0.2379674688103072255, 0.0000000000000000000, -0.1125999999999994644 ) ) ;
#165 = EDGE_LOOP ( 'NONE', ( #1011, #147 ) ) ;
#166 = EDGE_LOOP ( 'NONE', ( #3400, #2872, #2979, #1415 ) ) ;
#167 = EDGE_LOOP ( 'NONE', ( #984, #4898, #3213, #283 ) ) ;
#168 = DIRECTION ( 'NONE',  ( -0.0000000000000000000, 1.000000000000000000, -0.0000000000000000000 ) ) ;
#169 = PRODUCT ( 'mill-max-419-10-216-00-001000', 'mill-max-419-10-216-00-001000', '', ( #4527 ) ) ;
#170 = EDGE_CURVE ( 'NONE', #4189, #4715, #2131, .T. ) ;
#171 = ADVANCED_FACE ( 'NONE', ( #4748 ), #806, .F. ) ;
#172 = CARTESIAN_POINT ( 'NONE',  ( 0.0000000000000000000, 0.0000000000000000000, 0.0000000000000000000 ) ) ;
#173 = FACE_BOUND ( 'NONE', #825, .T. ) ;
#174 = CARTESIAN_POINT ( 'NONE',  ( 0.2759359376206146353, -0.1100000000000000006, -0.1999999999999999833 ) ) ;
#175 = VERTEX_POINT ( 'NONE', #866 ) ;
#176 = EDGE_CURVE ( 'NONE', #2143, #2162, #1145, .T. ) ;
#177 = DIRECTION ( 'NONE',  ( -1.000000000000000000, -0.0000000000000000000, -0.0000000000000000000 ) ) ;
#178 = CARTESIAN_POINT ( 'NONE',  ( 0.4379674688103072366, -0.03520000000000000212, -0.04999999999999999584 ) ) ;
#179 = DIRECTION ( 'NONE',  ( 0.0000000000000000000, 0.0000000000000000000, -1.000000000000000000 ) ) ;
#180 = CARTESIAN_POINT ( 'NONE',  ( 0.03796746881030719362, 1.224646799147263287E-20, -0.04999999999999999584 ) ) ;
#181 = ORIENTED_EDGE ( 'NONE', *, *, #2409, .T. ) ;
#182 = DIRECTION ( 'NONE',  ( -0.0000000000000000000, 1.000000000000000000, -0.0000000000000000000 ) ) ;
#183 = CARTESIAN_POINT ( 'NONE',  ( 0.09999900000000011557, -0.1100000000000000006, -0.1999999999999999833 ) ) ;
#184 = ORIENTED_EDGE ( 'NONE', *, *, #5273, .F. ) ;
#185 = DIRECTION ( 'NONE',  ( 1.000000000000000000, 0.0000000000000000000, -0.0000000000000000000 ) ) ;
#186 = DIRECTION ( 'NONE',  ( 0.0000000000000000000, 0.0000000000000000000, 1.000000000000000000 ) ) ;
#187 = DIRECTION ( 'NONE',  ( -4.840987058537324418E-16, 0.0000000000000000000, -1.000000000000000000 ) ) ;
#188 = CARTESIAN_POINT ( 'NONE',  ( 0.2800000000000003042, 0.0000000000000000000, 0.009999999999999073866 ) ) ;
#189 = EDGE_LOOP ( 'NONE', ( #4897, #526 ) ) ;
#190 = ORIENTED_EDGE ( 'NONE', *, *, #550, .F. ) ;
#191 = ORIENTED_EDGE ( 'NONE', *, *, #550, .T. ) ;
#192 = CARTESIAN_POINT ( 'NONE',  ( 0.3379674688103072033, -0.1100000000000000006, -0.1212599999999994932 ) ) ;
#193 = DIRECTION ( 'NONE',  ( -0.0000000000000000000, 1.000000000000000000, -0.0000000000000000000 ) ) ;
#194 = CARTESIAN_POINT ( 'NONE',  ( 0.6379674688103071922, 0.0000000000000000000, -0.1212599999999994932 ) ) ;
#195 = LINE ( 'NONE', #5293, #2212 ) ;
#196 = VERTEX_POINT ( 'NONE', #2099 ) ;
#197 = ADVANCED_FACE ( 'NONE', ( #3022 ), #4714, .F. ) ;
#198 = CARTESIAN_POINT ( 'NONE',  ( 0.1649999999999989253, 0.0000000000000000000, 0.01849999999999981520 ) ) ;
#199 = EDGE_CURVE ( 'NONE', #1214, #4787, #1622, .T. ) ;
#200 = CARTESIAN_POINT ( 'NONE',  ( 0.2379674688103072255, 0.0000000000000000000, -0.07874000000000051791 ) ) ;
#201 = DIRECTION ( 'NONE',  ( 0.0000000000000000000, 0.0000000000000000000, 1.000000000000000000 ) ) ;
#202 = ORIENTED_EDGE ( 'NONE', *, *, #1078, .T. ) ;
#203 = FACE_OUTER_BOUND ( 'NONE', #1714, .T. ) ;
#204 = DIRECTION ( 'NONE',  ( -0.0000000000000000000, 1.000000000000000000, -0.0000000000000000000 ) ) ;
#205 = VERTEX_POINT ( 'NONE', #3513 ) ;
#206 = ADVANCED_FACE ( 'NONE', ( #5197 ), #2625, .F. ) ;
#207 = AXIS2_PLACEMENT_3D ( 'NONE', #3771, #416, #1320 ) ;
#208 = VECTOR ( 'NONE', #4084, 39.37007874015748143 ) ;
#209 = CARTESIAN_POINT ( 'NONE',  ( 0.3942664688103074133, 0.0000000000000000000, -0.01574999999999998623 ) ) ;
#210 = MECHANICAL_DESIGN_GEOMETRIC_PRESENTATION_REPRESENTATION (  '', ( #1651 ), #5154 ) ;
#211 = CARTESIAN_POINT ( 'NONE',  ( -0.01203253118969264436, -0.1100000000000000006, -0.01574999999999999664 ) ) ;
#212 = VECTOR ( 'NONE', #713, 39.37007874015748854 ) ;
#213 = LINE ( 'NONE', #4895, #2730 ) ;
#214 = ORIENTED_EDGE ( 'NONE', *, *, #1390, .T. ) ;
#215 = ORIENTED_EDGE ( 'NONE', *, *, #4209, .T. ) ;
#216 = ORIENTED_EDGE ( 'NONE', *, *, #2337, .T. ) ;
#217 = CARTESIAN_POINT ( 'NONE',  ( 0.6942664688103074022, -0.1100000000000000006, -0.1842499999999996918 ) ) ;
#218 = VECTOR ( 'NONE', #2068, 39.37007874015748143 ) ;
#219 = ADVANCED_FACE ( 'NONE', ( #5246 ), #1879, .T. ) ;
#220 = VECTOR ( 'NONE', #66, 39.37007874015748143 ) ;
#221 = PRESENTATION_LAYER_ASSIGNMENT (  '', '', ( #4908 ) ) ;
#222 = EDGE_CURVE ( 'NONE', #4496, #1699, #2659, .T. ) ;
#223 = DIRECTION ( 'NONE',  ( 0.3420201433256633283, 0.0000000000000000000, -0.9396926207859103153 ) ) ;
#224 = DIRECTION ( 'NONE',  ( 0.0000000000000000000, 0.0000000000000000000, 1.000000000000000000 ) ) ;
#225 = CARTESIAN_POINT ( 'NONE',  ( 0.3816684688103074707, 0.0000000000000000000, -0.1842499999999996085 ) ) ;
#226 = AXIS2_PLACEMENT_3D ( 'NONE', #4518, #1516, #879 ) ;
#227 = ADVANCED_FACE ( 'NONE', ( #3106 ), #919, .F. ) ;
#228 = AXIS2_PLACEMENT_3D ( 'NONE', #2056, #5477, #1570 ) ;
#229 = EDGE_LOOP ( 'NONE', ( #1366, #3485 ) ) ;
#230 = AXIS2_PLACEMENT_3D ( 'NONE', #3228, #4960, #3178 ) ;
#231 = CIRCLE ( 'NONE', #1401, 0.03740000000000053004 ) ;
#232 = FACE_BOUND ( 'NONE', #4223, .T. ) ;
#233 = AXIS2_PLACEMENT_3D ( 'NONE', #790, #2060, #4142 ) ;
#234 = LINE ( 'NONE', #3649, #2655 ) ;
#235 = VECTOR ( 'NONE', #3157, 39.37007874015748143 ) ;
#237 = EDGE_CURVE ( 'NONE', #1728, #4930, #500, .T. ) ;
#236 = CARTESIAN_POINT ( 'NONE',  ( -0.005732531189692388444, 0.0000000000000000000, -0.1842499999999996918 ) ) ;
#238 = ORIENTED_EDGE ( 'NONE', *, *, #2124, .F. ) ;
#239 = CARTESIAN_POINT ( 'NONE',  ( 0.2942664688103074355, -0.1100000000000000006, -0.1842499999999996918 ) ) ;
#240 = ADVANCED_FACE ( 'NONE', ( #4774 ), #983, .F. ) ;
#241 = CARTESIAN_POINT ( 'NONE',  ( 0.3379674688103072033, 1.224646799147263287E-20, -0.1125999999999994644 ) ) ;
#242 = ORIENTED_EDGE ( 'NONE', *, *, #1964, .T. ) ;
#243 = LINE ( 'NONE', #1963, #57 ) ;
#244 = EDGE_CURVE ( 'NONE', #5140, #1684, #1517, .T. ) ;
#245 = CARTESIAN_POINT ( 'NONE',  ( 0.4379674688103072366, 0.0000000000000000000, -0.1874000000000005384 ) ) ;
#246 =( CONVERSION_BASED_UNIT ( 'INCH', #3137 ) LENGTH_UNIT ( ) NAMED_UNIT ( #4579 ) );
#247 = CARTESIAN_POINT ( 'NONE',  ( 0.03796746881030719362, 0.0000000000000000000, -0.1125999999999994644 ) ) ;
#248 = VERTEX_POINT ( 'NONE', #75 ) ;
#249 = VERTEX_POINT ( 'NONE', #3574 ) ;
#250 = ORIENTED_EDGE ( 'NONE', *, *, #2203, .F. ) ;
#251 = DIRECTION ( 'NONE',  ( 0.0000000000000000000, 0.0000000000000000000, 1.000000000000000000 ) ) ;
#252 = CARTESIAN_POINT ( 'NONE',  ( 0.5379674688103072144, -0.03520000000000000212, -0.04999999999999999584 ) ) ;
#253 = CARTESIAN_POINT ( 'NONE',  ( 0.03796746881030719362, -0.03520000000000000212, -0.1212599999999994932 ) ) ;
#254 = DIRECTION ( 'NONE',  ( -0.0000000000000000000, 1.000000000000000000, -0.0000000000000000000 ) ) ;
#255 = DIRECTION ( 'NONE',  ( -1.000000000000000000, -0.0000000000000000000, -0.0000000000000000000 ) ) ;
#256 = VERTEX_POINT ( 'NONE', #2268 ) ;
#257 = PRODUCT_DEFINITION_SHAPE ( 'NONE', 'NONE',  #5540 ) ;
#258 = DIRECTION ( 'NONE',  ( -0.0000000000000000000, 1.000000000000000000, -0.0000000000000000000 ) ) ;
#259 = LINE ( 'NONE', #5437, #5430 ) ;
#260 = ORIENTED_EDGE ( 'NONE', *, *, #2701, .T. ) ;
#261 = LINE ( 'NONE', #239, #3252 ) ;
#262 = CARTESIAN_POINT ( 'NONE',  ( 0.6379674688103071922, -0.03520000000000000212, -0.04999999999999999584 ) ) ;
#263 = ORIENTED_EDGE ( 'NONE', *, *, #3544, .F. ) ;
#264 = DIRECTION ( 'NONE',  ( -0.3420201433256720991, 0.0000000000000000000, 0.9396926207859070956 ) ) ;
#265 = EDGE_CURVE ( 'NONE', #5217, #5036, #124, .T. ) ;
#266 = DIRECTION ( 'NONE',  ( 0.0000000000000000000, 0.0000000000000000000, 1.000000000000000000 ) ) ;
#267 = CARTESIAN_POINT ( 'NONE',  ( 0.5379674688103072144, 0.0000000000000000000, -0.1499999999999999944 ) ) ;
#268 = ORIENTED_EDGE ( 'NONE', *, *, #2319, .F. ) ;
#269 = ORIENTED_EDGE ( 'NONE', *, *, #3058, .T. ) ;
#270 = ORIENTED_EDGE ( 'NONE', *, *, #2759, .T. ) ;
#271 = CYLINDRICAL_SURFACE ( 'NONE', #1754, 0.02874000000000051860 ) ;
#272 = EDGE_CURVE ( 'NONE', #4630, #3401, #3078, .T. ) ;
#273 = CARTESIAN_POINT ( 'NONE',  ( 0.1759359376206146575, -0.1100000000000000006, -0.1999999999999999833 ) ) ;
#274 = LINE ( 'NONE', #2441, #2005 ) ;
#275 = PLANE ( 'NONE',  #4087 ) ;
#276 = DIRECTION ( 'NONE',  ( -0.3420201433256720991, 0.0000000000000000000, 0.9396926207859070956 ) ) ;
#277 = VERTEX_POINT ( 'NONE', #2247 ) ;
#278 = EDGE_CURVE ( 'NONE', #560, #3324, #1848, .T. ) ;
#279 = DIRECTION ( 'NONE',  ( 0.0000000000000000000, 0.0000000000000000000, 1.000000000000000000 ) ) ;
#280 = CARTESIAN_POINT ( 'NONE',  ( 0.4379674688103072366, 0.0000000000000000000, -0.04999999999999999584 ) ) ;
#281 = EDGE_LOOP ( 'NONE', ( #4269, #5079, #458, #3348 ) ) ;
#282 = LINE ( 'NONE', #4081, #294 ) ;
#283 = ORIENTED_EDGE ( 'NONE', *, *, #5046, .T. ) ;
#284 = PLANE ( 'NONE',  #582 ) ;
#285 = ORIENTED_EDGE ( 'NONE', *, *, #2676, .F. ) ;
#286 = CARTESIAN_POINT ( 'NONE',  ( 0.2816684688103074374, -0.1100000000000000006, -0.1842499999999996085 ) ) ;
#287 = ADVANCED_FACE ( 'NONE', ( #1447 ), #1789, .F. ) ;
#288 = CARTESIAN_POINT ( 'NONE',  ( 0.7379674688103072810, -0.1100000000000000006, -0.1212599999999994932 ) ) ;
#289 = VECTOR ( 'NONE', #4348, 39.37007874015748854 ) ;
#290 = VERTEX_POINT ( 'NONE', #1423 ) ;
#291 = VERTEX_POINT ( 'NONE', #4376 ) ;
#292 = VERTEX_POINT ( 'NONE', #3132 ) ;
#293 = DIRECTION ( 'NONE',  ( 0.0000000000000000000, 0.0000000000000000000, 1.000000000000000000 ) ) ;
#294 = VECTOR ( 'NONE', #2787, 39.37007874015748143 ) ;
#295 = VECTOR ( 'NONE', #3289, 39.37007874015748143 ) ;
#296 = DIRECTION ( 'NONE',  ( -0.0000000000000000000, 1.000000000000000000, -0.0000000000000000000 ) ) ;
#297 = DIRECTION ( 'NONE',  ( -1.000000000000000000, -0.0000000000000000000, -0.0000000000000000000 ) ) ;
#298 = ADVANCED_FACE ( 'NONE', ( #4858 ), #3465, .F. ) ;
#299 = PLANE ( 'NONE',  #3102 ) ;
#300 = CARTESIAN_POINT ( 'NONE',  ( 0.1999990000000001211, -0.1100000000000000006, -0.1999999999999999833 ) ) ;
#301 = VERTEX_POINT ( 'NONE', #1010 ) ;
#302 = VECTOR ( 'NONE', #2208, 39.37007874015748143 ) ;
#303 = VECTOR ( 'NONE', #4744, 39.37007874015748143 ) ;
#304 = CIRCLE ( 'NONE', #1747, 0.03740000000000053004 ) ;
#305 = AXIS2_PLACEMENT_3D ( 'NONE', #494, #1812, #4336 ) ;
#306 = EDGE_CURVE ( 'NONE', #4930, #4888, #385, .T. ) ;
#307 = DIRECTION ( 'NONE',  ( 0.0000000000000000000, 0.0000000000000000000, -1.000000000000000000 ) ) ;
#308 = VECTOR ( 'NONE', #4229, 39.37007874015748143 ) ;
#309 = AXIS2_PLACEMENT_3D ( 'NONE', #1979, #1065, #3149 ) ;
#310 = VECTOR ( 'NONE', #4687, 39.37007874015748143 ) ;
#311 = AXIS2_PLACEMENT_3D ( 'NONE', #2825, #5033, #2878 ) ;
#312 = DIRECTION ( 'NONE',  ( -0.0000000000000000000, 1.000000000000000000, -0.0000000000000000000 ) ) ;
#313 = VECTOR ( 'NONE', #3332, 39.37007874015748143 ) ;
#314 = ORIENTED_EDGE ( 'NONE', *, *, #1890, .T. ) ;
#315 = CARTESIAN_POINT ( 'NONE',  ( 0.4379674688103072366, -0.03520000000000000212, -0.1499999999999999944 ) ) ;
#316 = AXIS2_PLACEMENT_3D ( 'NONE', #161, #1936, #185 ) ;
#317 = ORIENTED_EDGE ( 'NONE', *, *, #3291, .T. ) ;
#318 = DIRECTION ( 'NONE',  ( 0.0000000000000000000, 1.000000000000000000, 0.0000000000000000000 ) ) ;
#319 = ORIENTED_EDGE ( 'NONE', *, *, #2741, .F. ) ;
#320 = PLANE ( 'NONE',  #5518 ) ;
#321 = AXIS2_PLACEMENT_3D ( 'NONE', #2395, #5063, #4637 ) ;
#322 = AXIS2_PLACEMENT_3D ( 'NONE', #2462, #4166, #4928 ) ;
#323 = CARTESIAN_POINT ( 'NONE',  ( 0.06099999999999970723, 0.0000000000000000000, 0.02800000000000000405 ) ) ;
#324 = EDGE_CURVE ( 'NONE', #3379, #2248, #954, .T. ) ;
#325 = ORIENTED_EDGE ( 'NONE', *, *, #4853, .T. ) ;
#326 = ORIENTED_EDGE ( 'NONE', *, *, #4024, .T. ) ;
#327 = VECTOR ( 'NONE', #4678, 39.37007874015748143 ) ;
#328 = ORIENTED_EDGE ( 'NONE', *, *, #154, .T. ) ;
#329 = DIRECTION ( 'NONE',  ( -0.0000000000000000000, 1.000000000000000000, -0.0000000000000000000 ) ) ;
#330 = DIRECTION ( 'NONE',  ( 0.0000000000000000000, 0.0000000000000000000, 1.000000000000000000 ) ) ;
#331 = CONTEXT_DEPENDENT_SHAPE_REPRESENTATION ( #3124, #1522 ) ;
#332 = DIRECTION ( 'NONE',  ( -0.3420201433256694346, -0.0000000000000000000, -0.9396926207859080948 ) ) ;
#333 = LINE ( 'NONE', #2419, #2941 ) ;
#334 = LINE ( 'NONE', #2916, #129 ) ;
#335 = VERTEX_POINT ( 'NONE', #2300 ) ;
#336 = EDGE_CURVE ( 'NONE', #5035, #3900, #2630, .T. ) ;
#337 = EDGE_CURVE ( 'NONE', #4942, #5048, #4796, .T. ) ;
#338 = DIRECTION ( 'NONE',  ( -0.3420201433256720991, 0.0000000000000000000, 0.9396926207859070956 ) ) ;
#339 = EDGE_CURVE ( 'NONE', #3480, #1231, #4609, .T. ) ;
#340 = DIRECTION ( 'NONE',  ( 0.0000000000000000000, -1.000000000000000000, 0.0000000000000000000 ) ) ;
#341 = EDGE_LOOP ( 'NONE', ( #5003, #4410, #3409, #4153 ) ) ;
#342 = DIRECTION ( 'NONE',  ( 0.0000000000000000000, 0.0000000000000000000, -1.000000000000000000 ) ) ;
#343 = PRODUCT_DEFINITION_SHAPE ( 'NONE', 'NONE',  #5548 ) ;
#344 = DIRECTION ( 'NONE',  ( 0.0000000000000000000, 0.0000000000000000000, 1.000000000000000000 ) ) ;
#345 = EDGE_LOOP ( 'NONE', ( #4377, #2034 ) ) ;
#346 = DIRECTION ( 'NONE',  ( 0.9396926207859104263, 0.0000000000000000000, 0.3420201433256633838 ) ) ;
#347 = ADVANCED_FACE ( 'NONE', ( #3596 ), #5329, .F. ) ;
#348 = CARTESIAN_POINT ( 'NONE',  ( -0.01203253118969264089, 0.0000000000000000000, -0.1842499999999996918 ) ) ;
#349 = FILL_AREA_STYLE ('',( #4970 ) ) ;
#350 = DIRECTION ( 'NONE',  ( -1.000000000000000000, -0.0000000000000000000, -0.0000000000000000000 ) ) ;
#351 = ORIENTED_EDGE ( 'NONE', *, *, #2050, .F. ) ;
#352 = ORIENTED_EDGE ( 'NONE', *, *, #2919, .T. ) ;
#353 = DIRECTION ( 'NONE',  ( 0.0000000000000000000, 0.0000000000000000000, 1.000000000000000000 ) ) ;
#354 =( REPRESENTATION_RELATIONSHIP ('NONE','NONE', #4944, #1631 ) REPRESENTATION_RELATIONSHIP_WITH_TRANSFORMATION ( #683 )SHAPE_REPRESENTATION_RELATIONSHIP( ) );
#355 = CARTESIAN_POINT ( 'NONE',  ( 0.4816684688103073930, -0.1100000000000000006, -0.01574999999999998623 ) ) ;
#356 = DIRECTION ( 'NONE',  ( -0.0000000000000000000, 1.000000000000000000, -0.0000000000000000000 ) ) ;
#357 = DIRECTION ( 'NONE',  ( -1.000000000000000000, 0.0000000000000000000, 4.840987058537324418E-16 ) ) ;
#358 = LINE ( 'NONE', #300, #5509 ) ;
#359 = ORIENTED_EDGE ( 'NONE', *, *, #1103, .T. ) ;
#360 = ORIENTED_EDGE ( 'NONE', *, *, #4372, .F. ) ;
#361 = FACE_OUTER_BOUND ( 'NONE', #2202, .T. ) ;
#362 = CARTESIAN_POINT ( 'NONE',  ( 0.0000000000000000000, -0.1100000000000000006, 0.0000000000000000000 ) ) ;
#363 = ORIENTED_EDGE ( 'NONE', *, *, #2615, .T. ) ;
#364 = CARTESIAN_POINT ( 'NONE',  ( 0.03796746881030720056, 1.224646799147263287E-20, -0.1874000000000005384 ) ) ;
#365 = EDGE_CURVE ( 'NONE', #3489, #1831, #4025, .T. ) ;
#366 = FACE_OUTER_BOUND ( 'NONE', #341, .T. ) ;
#367 = VERTEX_POINT ( 'NONE', #4490 ) ;
#368 = DIRECTION ( 'NONE',  ( -0.0000000000000000000, 1.000000000000000000, -0.0000000000000000000 ) ) ;
#369 = DIMENSIONAL_EXPONENTS ( 1.000000000000000000, 0.0000000000000000000, 0.0000000000000000000, 0.0000000000000000000, 0.0000000000000000000, 0.0000000000000000000, 0.0000000000000000000 ) ;
#370 = DIRECTION ( 'NONE',  ( -0.0000000000000000000, 1.000000000000000000, -0.0000000000000000000 ) ) ;
#371 = DIRECTION ( 'NONE',  ( -0.0000000000000000000, 1.000000000000000000, -0.0000000000000000000 ) ) ;
#372 = EDGE_CURVE ( 'NONE', #3515, #1431, #2788, .T. ) ;
#373 = CARTESIAN_POINT ( 'NONE',  ( 0.0000000000000000000, 0.0000000000000000000, 0.0000000000000000000 ) ) ;
#374 = DIRECTION ( 'NONE',  ( 0.0000000000000000000, 0.0000000000000000000, 1.000000000000000000 ) ) ;
#375 = ORIENTED_EDGE ( 'NONE', *, *, #5061, .F. ) ;
#376 = ORIENTED_EDGE ( 'NONE', *, *, #4125, .F. ) ;
#377 = CARTESIAN_POINT ( 'NONE',  ( 0.2379674688103072255, 0.0000000000000000000, -0.1499999999999999944 ) ) ;
#378 = PLANE ( 'NONE',  #5331 ) ;
#379 = FACE_OUTER_BOUND ( 'NONE', #626, .T. ) ;
#380 = CARTESIAN_POINT ( 'NONE',  ( 0.1649999999999989253, 2.755455298081490081E-18, -0.01849999999999981520 ) ) ;
#381 = ORIENTED_EDGE ( 'NONE', *, *, #4989, .F. ) ;
#382 = ORIENTED_EDGE ( 'NONE', *, *, #2288, .F. ) ;
#383 = VERTEX_POINT ( 'NONE', #3706 ) ;
#384 = AXIS2_PLACEMENT_3D ( 'NONE', #2273, #5308, #3077 ) ;
#385 = CIRCLE ( 'NONE', #3873, 0.02874000000000052554 ) ;
#386 = EDGE_CURVE ( 'NONE', #881, #4314, #1116, .T. ) ;
#387 = DIRECTION ( 'NONE',  ( 0.0000000000000000000, 0.0000000000000000000, 1.000000000000000000 ) ) ;
#388 = CARTESIAN_POINT ( 'NONE',  ( 0.5816684688103074263, -0.1100000000000000006, -0.01574999999999998623 ) ) ;
#389 = VECTOR ( 'NONE', #1642, 39.37007874015748143 ) ;
#390 = VECTOR ( 'NONE', #4933, 39.37007874015748143 ) ;
#391 = VECTOR ( 'NONE', #2397, 39.37007874015748143 ) ;
#392 = CIRCLE ( 'NONE', #4447, 0.03740000000000053698 ) ;
#393 = VECTOR ( 'NONE', #2663, 39.37007874015748143 ) ;
#394 = CARTESIAN_POINT ( 'NONE',  ( 0.1379674688103071922, -0.03520000000000000212, -0.1499999999999999944 ) ) ;
#395 = ORIENTED_EDGE ( 'NONE', *, *, #237, .F. ) ;
#396 = DIRECTION ( 'NONE',  ( 0.0000000000000000000, 0.0000000000000000000, 1.000000000000000000 ) ) ;
#397 = CIRCLE ( 'NONE', #4075, 0.01699999999999820752 ) ;
#398 = CARTESIAN_POINT ( 'NONE',  ( 0.6379674688103071922, -0.03520000000000000212, -0.04999999999999999584 ) ) ;
#399 = ORIENTED_EDGE ( 'NONE', *, *, #1697, .T. ) ;
#400 = AXIS2_PLACEMENT_3D ( 'NONE', #424, #4388, #2257 ) ;
#401 = ORIENTED_EDGE ( 'NONE', *, *, #4089, .T. ) ;
#402 = FACE_OUTER_BOUND ( 'NONE', #2735, .T. ) ;
#403 = EDGE_CURVE ( 'NONE', #1421, #4677, #621, .T. ) ;
#404 = EDGE_CURVE ( 'NONE', #5302, #449, #4921, .T. ) ;
#405 = AXIS2_PLACEMENT_3D ( 'NONE', #2408, #4571, #1593 ) ;
#406 = CARTESIAN_POINT ( 'NONE',  ( 0.7879674688103074365, -0.1100000000000000006, -0.01575000000000000705 ) ) ;
#407 = ADVANCED_FACE ( 'NONE', ( #1070 ), #5387, .F. ) ;
#408 = PLANE ( 'NONE',  #1120 ) ;
#409 = DIRECTION ( 'NONE',  ( 0.0000000000000000000, -1.000000000000000000, 0.0000000000000000000 ) ) ;
#410 = DIRECTION ( 'NONE',  ( 0.3420201433256665480, -0.0000000000000000000, 0.9396926207859092051 ) ) ;
#411 = ORIENTED_EDGE ( 'NONE', *, *, #897, .F. ) ;
#412 = ORIENTED_EDGE ( 'NONE', *, *, #2063, .T. ) ;
#413 = AXIS2_PLACEMENT_3D ( 'NONE', #5041, #1604, #4663 ) ;
#414 = DIRECTION ( 'NONE',  ( -0.0000000000000000000, 1.000000000000000000, -0.0000000000000000000 ) ) ;
#415 = ADVANCED_FACE ( 'NONE', ( #3261, #4945 ), #5364, .F. ) ;
#416 = DIRECTION ( 'NONE',  ( 0.0000000000000000000, -1.000000000000000000, 0.0000000000000000000 ) ) ;
#417 = VECTOR ( 'NONE', #4658, 39.37007874015748143 ) ;
#418 = CIRCLE ( 'NONE', #4370, 0.02800000000000000405 ) ;
#419 = DIRECTION ( 'NONE',  ( 0.0000000000000000000, 0.0000000000000000000, 1.000000000000000000 ) ) ;
#420 = CARTESIAN_POINT ( 'NONE',  ( 0.4942664688103074466, 0.0000000000000000000, -0.1842499999999996918 ) ) ;
#421 = VERTEX_POINT ( 'NONE', #2011 ) ;
#422 = EDGE_LOOP ( 'NONE', ( #4135, #2297 ) ) ;
#423 = ORIENTED_EDGE ( 'NONE', *, *, #5237, .F. ) ;
#424 = CARTESIAN_POINT ( 'NONE',  ( 0.2379674688103072255, -0.03520000000000000212, -0.1499999999999999944 ) ) ;
#425 = CARTESIAN_POINT ( 'NONE',  ( 0.7379674688103072810, -0.03520000000000000212, -0.1499999999999999944 ) ) ;
#426 = DIRECTION ( 'NONE',  ( -0.0000000000000000000, 1.000000000000000000, -0.0000000000000000000 ) ) ;
#427 = EDGE_LOOP ( 'NONE', ( #877, #2584 ) ) ;
#428 = CARTESIAN_POINT ( 'NONE',  ( 0.1379674688103071922, 1.224646799147263287E-20, -0.1499999999999999944 ) ) ;
#429 = VERTEX_POINT ( 'NONE', #1933 ) ;
#430 = DIRECTION ( 'NONE',  ( -0.0000000000000000000, 1.000000000000000000, -0.0000000000000000000 ) ) ;
#431 = APPLICATION_CONTEXT ( 'automotive_design' ) ;
#432 = ORIENTED_EDGE ( 'NONE', *, *, #4197, .T. ) ;
#433 = CARTESIAN_POINT ( 'NONE',  ( 0.07033012701892972507, 0.0000000000000000000, 0.0000000000000000000 ) ) ;
#434 = AXIS2_PLACEMENT_3D ( 'NONE', #2336, #3560, #3200 ) ;
#435 = DIRECTION ( 'NONE',  ( 0.0000000000000000000, 0.0000000000000000000, 1.000000000000000000 ) ) ;
#436 = FACE_BOUND ( 'NONE', #3575, .T. ) ;
#437 = LINE ( 'NONE', #1645, #4177 ) ;
#438 = ORIENTED_EDGE ( 'NONE', *, *, #4600, .F. ) ;
#439 = EDGE_CURVE ( 'NONE', #3324, #3006, #2765, .T. ) ;
#440 = EDGE_LOOP ( 'NONE', ( #1779, #903, #2690, #649 ) ) ;
#441 = ORIENTED_EDGE ( 'NONE', *, *, #4818, .T. ) ;
#442 = LINE ( 'NONE', #78, #2910 ) ;
#443 = FACE_BOUND ( 'NONE', #1363, .T. ) ;
#444 = LINE ( 'NONE', #2604, #3441 ) ;
#445 = DIRECTION ( 'NONE',  ( -0.0000000000000000000, 1.000000000000000000, -0.0000000000000000000 ) ) ;
#446 = VERTEX_POINT ( 'NONE', #2351 ) ;
#447 = VERTEX_POINT ( 'NONE', #241 ) ;
#448 = EDGE_CURVE ( 'NONE', #3948, #3808, #1961, .T. ) ;
#449 = VERTEX_POINT ( 'NONE', #5002 ) ;
#450 =( NAMED_UNIT ( * ) PLANE_ANGLE_UNIT ( ) SI_UNIT ( $, .RADIAN. ) );
#451 = LINE ( 'NONE', #1777, #137 ) ;
#452 = CARTESIAN_POINT ( 'NONE',  ( 0.7759349376206150506, 0.0000000000000000000, -0.2000000000000000111 ) ) ;
#453 = EDGE_CURVE ( 'NONE', #4866, #4496, #703, .T. ) ;
#454 = ORIENTED_EDGE ( 'NONE', *, *, #3397, .F. ) ;
#455 = DIRECTION ( 'NONE',  ( -0.9396926207859092051, 0.0000000000000000000, 0.3420201433256665480 ) ) ;
#456 = VERTEX_POINT ( 'NONE', #1985 ) ;
#457 = DIRECTION ( 'NONE',  ( 0.0000000000000000000, 0.0000000000000000000, 1.000000000000000000 ) ) ;
#458 = ORIENTED_EDGE ( 'NONE', *, *, #1640, .F. ) ;
#459 = ADVANCED_FACE ( 'NONE', ( #5408 ), #1150, .T. ) ;
#460 = CARTESIAN_POINT ( 'NONE',  ( 0.09999900000000011557, -0.1100000000000000006, 0.0000000000000000000 ) ) ;
#461 = CARTESIAN_POINT ( 'NONE',  ( 0.3379674688103072033, 0.0000000000000000000, -0.1212599999999994932 ) ) ;
#462 = LINE ( 'NONE', #2511, #506 ) ;
#463 = DIRECTION ( 'NONE',  ( -1.000000000000000000, 0.0000000000000000000, 4.840987058537324418E-16 ) ) ;
#464 = CARTESIAN_POINT ( 'NONE',  ( 0.5379674688103072144, -0.1100000000000000006, -0.1499999999999999944 ) ) ;
#465 = EDGE_LOOP ( 'NONE', ( #319, #893 ) ) ;
#466 = ORIENTED_EDGE ( 'NONE', *, *, #4959, .T. ) ;
#467 = EDGE_LOOP ( 'NONE', ( #1203, #2010, #3651, #1646 ) ) ;
#468 = CARTESIAN_POINT ( 'NONE',  ( 0.2800000000000003042, -1.092739197465705287E-15, 0.0000000000000000000 ) ) ;
#469 = FACE_BOUND ( 'NONE', #753, .T. ) ;
#470 = LINE ( 'NONE', #2225, #4621 ) ;
#471 = LINE ( 'NONE', #4230, #2024 ) ;
#472 = ORIENTED_EDGE ( 'NONE', *, *, #4325, .F. ) ;
#473 = ORIENTED_EDGE ( 'NONE', *, *, #1898, .T. ) ;
#474 = ORIENTED_EDGE ( 'NONE', *, *, #2401, .F. ) ;
#475 = ADVANCED_FACE ( 'NONE', ( #4130 ), #284, .T. ) ;
#476 = ADVANCED_FACE ( 'NONE', ( #366 ), #2454, .F. ) ;
#477 = DIRECTION ( 'NONE',  ( 5.421193827719211569E-15, 0.0000000000000000000, 1.000000000000000000 ) ) ;
#478 = CARTESIAN_POINT ( 'NONE',  ( 0.1379674688103071922, -0.03520000000000000212, -0.04999999999999999584 ) ) ;
#479 = CARTESIAN_POINT ( 'NONE',  ( 0.2942664688103074355, -0.1100000000000000006, -0.01574999999999998623 ) ) ;
#480 = UNCERTAINTY_MEASURE_WITH_UNIT (LENGTH_MEASURE( 1.000000000000000082E-05 ), #61, 'distance_accuracy_value', 'NONE');
#481 = ORIENTED_EDGE ( 'NONE', *, *, #3242, .T. ) ;
#482 = VECTOR ( 'NONE', #79, 39.37007874015748143 ) ;
#483 = AXIS2_PLACEMENT_3D ( 'NONE', #5211, #3063, #2644 ) ;
#484 = EDGE_CURVE ( 'NONE', #4760, #367, #1833, .T. ) ;
#485 = AXIS2_PLACEMENT_3D ( 'NONE', #5166, #1313, #3876 ) ;
#486 = CIRCLE ( 'NONE', #1122, 0.02900000000000015413 ) ;
#487 = CARTESIAN_POINT ( 'NONE',  ( 0.5942664688103074244, -0.1100000000000000006, -0.01574999999999998623 ) ) ;
#488 = ORIENTED_EDGE ( 'NONE', *, *, #922, .F. ) ;
#489 = DIRECTION ( 'NONE',  ( 0.0000000000000000000, 0.0000000000000000000, 1.000000000000000000 ) ) ;
#490 = VERTEX_POINT ( 'NONE', #800 ) ;
#491 = AXIS2_PLACEMENT_3D ( 'NONE', #1783, #1752, #117 ) ;
#492 = VECTOR ( 'NONE', #4328, 39.37007874015748854 ) ;
#493 = CARTESIAN_POINT ( 'NONE',  ( 0.5379674688103072144, -0.03520000000000000212, -0.08740000000000051894 ) ) ;
#494 = CARTESIAN_POINT ( 'NONE',  ( 0.5379674688103072144, -0.03520000000000000212, -0.1499999999999999944 ) ) ;
#495 = VECTOR ( 'NONE', #1075, 39.37007874015748143 ) ;
#496 = CARTESIAN_POINT ( 'NONE',  ( 0.6379674688103071922, -0.1100000000000000006, -0.1499999999999999944 ) ) ;
#497 = ORIENTED_EDGE ( 'NONE', *, *, #4827, .T. ) ;
#498 = CYLINDRICAL_SURFACE ( 'NONE', #4431, 0.03740000000000053698 ) ;
#499 = VECTOR ( 'NONE', #2668, 39.37007874015748143 ) ;
#500 = LINE ( 'NONE', #2681, #4433 ) ;
#501 = ORIENTED_EDGE ( 'NONE', *, *, #2246, .F. ) ;
#502 =( GEOMETRIC_REPRESENTATION_CONTEXT ( 3 ) GLOBAL_UNCERTAINTY_ASSIGNED_CONTEXT ( ( #2234 ) ) GLOBAL_UNIT_ASSIGNED_CONTEXT ( ( #4864, #4055, #3578 ) ) REPRESENTATION_CONTEXT ( 'NONE', 'WORKASPACE' ) );
#503 = EDGE_CURVE ( 'NONE', #5380, #2229, #3698, .T. ) ;
#504 = EDGE_LOOP ( 'NONE', ( #710, #4232 ) ) ;
#505 = DIRECTION ( 'NONE',  ( -0.9396926207859072067, 0.0000000000000000000, -0.3420201433256721546 ) ) ;
#506 = VECTOR ( 'NONE', #41, 39.37007874015748143 ) ;
#507 = VECTOR ( 'NONE', #4405, 39.37007874015748854 ) ;
#508 = LINE ( 'NONE', #5224, #4524 ) ;
#509 = DIRECTION ( 'NONE',  ( 0.0000000000000000000, 1.224646799147353207E-16, -1.000000000000000000 ) ) ;
#510 = AXIS2_PLACEMENT_3D ( 'NONE', #113, #971, #2639 ) ;
#511 = CARTESIAN_POINT ( 'NONE',  ( 0.2379674688103072255, -0.1100000000000000006, -0.04999999999999999584 ) ) ;
#512 = ORIENTED_EDGE ( 'NONE', *, *, #4356, .T. ) ;
#513 = ORIENTED_EDGE ( 'NONE', *, *, #3256, .T. ) ;
#514 = CIRCLE ( 'NONE', #1945, 0.03740000000000053004 ) ;
#515 = ORIENTED_EDGE ( 'NONE', *, *, #2430, .T. ) ;
#516 = VECTOR ( 'NONE', #1058, 39.37007874015748143 ) ;
#517 = VECTOR ( 'NONE', #662, 39.37007874015747433 ) ;
#518 = LENGTH_MEASURE_WITH_UNIT ( LENGTH_MEASURE( 0.02539999999999999897 ), #3895 );
#519 = DIRECTION ( 'NONE',  ( -1.000000000000000000, -0.0000000000000000000, -0.0000000000000000000 ) ) ;
#520 = LINE ( 'NONE', #3863, #3008 ) ;
#521 = ORIENTED_EDGE ( 'NONE', *, *, #4240, .F. ) ;
#522 = LINE ( 'NONE', #1637, #1292 ) ;
#523 = AXIS2_PLACEMENT_3D ( 'NONE', #2699, #1841, #1926 ) ;
#524 = ADVANCED_FACE ( 'NONE', ( #1226 ), #2892, .T. ) ;
#525 = DIRECTION ( 'NONE',  ( -0.3420201433256694346, -0.0000000000000000000, -0.9396926207859080948 ) ) ;
#526 = ORIENTED_EDGE ( 'NONE', *, *, #3350, .T. ) ;
#527 = FACE_OUTER_BOUND ( 'NONE', #26, .T. ) ;
#528 = ADVANCED_FACE ( 'NONE', ( #89 ), #5050, .F. ) ;
#529 = DIRECTION ( 'NONE',  ( 0.0000000000000000000, 0.0000000000000000000, 1.000000000000000000 ) ) ;
#530 = LINE ( 'NONE', #4832, #940 ) ;
#531 = EDGE_LOOP ( 'NONE', ( #4008, #1791 ) ) ;
#532 = DIRECTION ( 'NONE',  ( 0.0000000000000000000, 0.0000000000000000000, 1.000000000000000000 ) ) ;
#533 = CARTESIAN_POINT ( 'NONE',  ( 0.4942664688103074466, -0.1100000000000000006, -0.01574999999999998623 ) ) ;
#534 = ORIENTED_EDGE ( 'NONE', *, *, #1769, .F. ) ;
#535 = EDGE_CURVE ( 'NONE', #4866, #4842, #2484, .T. ) ;
#536 = ORIENTED_EDGE ( 'NONE', *, *, #894, .T. ) ;
#537 = CARTESIAN_POINT ( 'NONE',  ( 0.4379674688103072366, 0.0000000000000000000, -0.04999999999999999584 ) ) ;
#538 = EDGE_CURVE ( 'NONE', #3900, #5035, #1560, .T. ) ;
#539 = DIRECTION ( 'NONE',  ( -0.0000000000000000000, 1.000000000000000000, -0.0000000000000000000 ) ) ;
#540 = DIRECTION ( 'NONE',  ( 0.0000000000000000000, 0.0000000000000000000, 1.000000000000000000 ) ) ;
#541 = DIRECTION ( 'NONE',  ( 0.0000000000000000000, 0.0000000000000000000, 1.000000000000000000 ) ) ;
#542 = ORIENTED_EDGE ( 'NONE', *, *, #2578, .T. ) ;
#543 = ORIENTED_EDGE ( 'NONE', *, *, #2791, .F. ) ;
#544 = ORIENTED_EDGE ( 'NONE', *, *, #4089, .F. ) ;
#545 = LINE ( 'NONE', #4761, #1847 ) ;
#546 = CARTESIAN_POINT ( 'NONE',  ( 0.0000000000000000000, 0.0000000000000000000, 0.0000000000000000000 ) ) ;
#547 = CARTESIAN_POINT ( 'NONE',  ( 0.5942664688103074244, 0.0000000000000000000, -0.1842499999999996918 ) ) ;
#548 = ORIENTED_EDGE ( 'NONE', *, *, #556, .T. ) ;
#549 = LINE ( 'NONE', #4393, #2197 ) ;
#550 = EDGE_CURVE ( 'NONE', #4882, #4352, #1380, .T. ) ;
#551 = ADVANCED_FACE ( 'NONE', ( #1194 ), #3370, .T. ) ;
#552 = CARTESIAN_POINT ( 'NONE',  ( 0.1649999999999989253, 0.0000000000000000000, 0.0000000000000000000 ) ) ;
#553 = DIRECTION ( 'NONE',  ( -0.0000000000000000000, 1.000000000000000000, -0.0000000000000000000 ) ) ;
#554 = DIRECTION ( 'NONE',  ( 1.000000000000000000, 0.0000000000000000000, -5.421193827719211569E-15 ) ) ;
#556 = EDGE_CURVE ( 'NONE', #2044, #335, #522, .T. ) ;
#555 = DIRECTION ( 'NONE',  ( 1.000000000000000000, 0.0000000000000000000, -0.0000000000000000000 ) ) ;
#557 = ORIENTED_EDGE ( 'NONE', *, *, #5345, .F. ) ;
#558 = CARTESIAN_POINT ( 'NONE',  ( 0.6379674688103071922, 0.0000000000000000000, -0.1499999999999999944 ) ) ;
#559 = DIRECTION ( 'NONE',  ( 0.0000000000000000000, 0.0000000000000000000, 1.000000000000000000 ) ) ;
#560 = VERTEX_POINT ( 'NONE', #3503 ) ;
#561 = ORIENTED_EDGE ( 'NONE', *, *, #4746, .T. ) ;
#562 = CARTESIAN_POINT ( 'NONE',  ( 0.7379674688103072810, -0.03520000000000000212, -0.1499999999999999944 ) ) ;
#563 = EDGE_CURVE ( 'NONE', #2437, #1592, #3169, .T. ) ;
#564 = DIRECTION ( 'NONE',  ( 0.0000000000000000000, 0.0000000000000000000, 1.000000000000000000 ) ) ;
#565 = DIRECTION ( 'NONE',  ( 5.421193827719211569E-15, 0.0000000000000000000, 1.000000000000000000 ) ) ;
#566 = EDGE_LOOP ( 'NONE', ( #4919, #2508 ) ) ;
#567 = EDGE_LOOP ( 'NONE', ( #1886, #4974, #2773, #920 ) ) ;
#568 = ORIENTED_EDGE ( 'NONE', *, *, #2852, .F. ) ;
#569 = FACE_OUTER_BOUND ( 'NONE', #1181, .T. ) ;
#570 = APPLICATION_PROTOCOL_DEFINITION ( 'draft international standard', 'automotive_design', 1998, #431 ) ;
#571 = CYLINDRICAL_SURFACE ( 'NONE', #3906, 0.02800000000000000405 ) ;
#572 = DIRECTION ( 'NONE',  ( -1.000000000000000000, -0.0000000000000000000, -0.0000000000000000000 ) ) ;
#573 = EDGE_CURVE ( 'NONE', #290, #2455, #2069, .T. ) ;
#574 = VERTEX_POINT ( 'NONE', #65 ) ;
#575 = ADVANCED_FACE ( 'NONE', ( #4590 ), #1616, .T. ) ;
#576 = PRODUCT ( '1942', '1942', '', ( #1892 ) ) ;
#577 = PLANE ( 'NONE',  #1136 ) ;
#578 = VECTOR ( 'NONE', #2686, 39.37007874015748854 ) ;
#579 = CARTESIAN_POINT ( 'NONE',  ( 0.09426646881030741054, 0.0000000000000000000, -0.1842499999999996918 ) ) ;
#580 = CARTESIAN_POINT ( 'NONE',  ( 0.1816684688103074319, -0.1100000000000000006, -0.1842499999999996085 ) ) ;
#581 = VECTOR ( 'NONE', #371, 39.37007874015748143 ) ;
#582 = AXIS2_PLACEMENT_3D ( 'NONE', #936, #2507, #777 ) ;
#583 = LINE ( 'NONE', #4855, #3341 ) ;
#584 = ORIENTED_EDGE ( 'NONE', *, *, #592, .F. ) ;
#585 = FACE_BOUND ( 'NONE', #422, .T. ) ;
#586 = CIRCLE ( 'NONE', #2815, 0.009999999999999073866 ) ;
#587 = DIRECTION ( 'NONE',  ( -1.000000000000000000, -0.0000000000000000000, -0.0000000000000000000 ) ) ;
#588 = ORIENTED_EDGE ( 'NONE', *, *, #1512, .T. ) ;
#589 = AXIS2_PLACEMENT_3D ( 'NONE', #5277, #979, #5242 ) ;
#590 = ORIENTED_EDGE ( 'NONE', *, *, #3058, .F. ) ;
#591 = LINE ( 'NONE', #4862, #507 ) ;
#592 = EDGE_CURVE ( 'NONE', #1170, #447, #2722, .T. ) ;
#593 = VECTOR ( 'NONE', #674, 39.37007874015748143 ) ;
#594 = EDGE_CURVE ( 'NONE', #2349, #5131, #751, .T. ) ;
#595 = VECTOR ( 'NONE', #3096, 39.37007874015748143 ) ;
#596 = CARTESIAN_POINT ( 'NONE',  ( 0.1719999999999985985, 2.081899558550280909E-18, -0.01699999999999820752 ) ) ;
#597 = VECTOR ( 'NONE', #357, 39.37007874015748143 ) ;
#598 = CARTESIAN_POINT ( 'NONE',  ( 0.07593593762061463803, 0.0000000000000000000, -0.1999999999999999833 ) ) ;
#599 = ORIENTED_EDGE ( 'NONE', *, *, #752, .F. ) ;
#600 = ORIENTED_EDGE ( 'NONE', *, *, #2226, .T. ) ;
#601 = ORIENTED_EDGE ( 'NONE', *, *, #1223, .F. ) ;
#602 = CIRCLE ( 'NONE', #691, 0.03740000000000053004 ) ;
#603 = AXIS2_PLACEMENT_3D ( 'NONE', #3933, #4828, #4394 ) ;
#604 = PLANE ( 'NONE',  #434 ) ;
#605 = EDGE_CURVE ( 'NONE', #1091, #643, #36, .T. ) ;
#606 = AXIS2_PLACEMENT_3D ( 'NONE', #5520, #5473, #1595 ) ;
#607 = VECTOR ( 'NONE', #4848, 39.37007874015748143 ) ;
#608 = DIRECTION ( 'NONE',  ( -0.0000000000000000000, 1.000000000000000000, -0.0000000000000000000 ) ) ;
#609 = FACE_OUTER_BOUND ( 'NONE', #3572, .T. ) ;
#610 = VECTOR ( 'NONE', #5215, 39.37007874015748143 ) ;
#611 = CARTESIAN_POINT ( 'NONE',  ( 0.2816684688103074374, -0.1100000000000000006, -0.1842499999999996085 ) ) ;
#612 = EDGE_LOOP ( 'NONE', ( #2796, #2517, #2766, #720 ) ) ;
#613 = VECTOR ( 'NONE', #2778, 39.37007874015748143 ) ;
#614 = CARTESIAN_POINT ( 'NONE',  ( 0.0000000000000000000, 0.0000000000000000000, 0.0000000000000000000 ) ) ;
#615 = CARTESIAN_POINT ( 'NONE',  ( 0.3379674688103072033, -0.03520000000000000212, -0.1212599999999994932 ) ) ;
#616 = EDGE_CURVE ( 'NONE', #1992, #816, #549, .T. ) ;
#617 = DIRECTION ( 'NONE',  ( 0.0000000000000000000, 0.0000000000000000000, 1.000000000000000000 ) ) ;
#618 = PLANE ( 'NONE',  #1480 ) ;
#619 = VERTEX_POINT ( 'NONE', #2672 ) ;
#620 = CARTESIAN_POINT ( 'NONE',  ( 0.5999990000000001711, -0.1100000000000000006, -0.1999999999999999833 ) ) ;
#621 = LINE ( 'NONE', #3187, #295 ) ;
#622 = ORIENTED_EDGE ( 'NONE', *, *, #3695, .F. ) ;
#623 = LINE ( 'NONE', #4003, #3629 ) ;
#624 = DIRECTION ( 'NONE',  ( -0.0000000000000000000, 1.000000000000000000, -0.0000000000000000000 ) ) ;
#625 = DIRECTION ( 'NONE',  ( 1.000000000000000000, 0.0000000000000000000, -5.421193827719211569E-15 ) ) ;
#626 = EDGE_LOOP ( 'NONE', ( #4472, #1500, #1851, #4728 ) ) ;
#627 = EDGE_LOOP ( 'NONE', ( #2988, #2216 ) ) ;
#628 = ORIENTED_EDGE ( 'NONE', *, *, #1746, .F. ) ;
#629 = FACE_BOUND ( 'NONE', #3825, .T. ) ;
#630 = DIRECTION ( 'NONE',  ( -0.0000000000000000000, 1.000000000000000000, -0.0000000000000000000 ) ) ;
#631 = APPLICATION_PROTOCOL_DEFINITION ( 'draft international standard', 'automotive_design', 1998, #4387 ) ;
#632 = CYLINDRICAL_SURFACE ( 'NONE', #2925, 0.009999999999999210909 ) ;
#633 = EDGE_CURVE ( 'NONE', #2667, #3298, #973, .T. ) ;
#634 = DIRECTION ( 'NONE',  ( -0.3420201433256720991, 0.0000000000000000000, 0.9396926207859070956 ) ) ;
#635 = VERTEX_POINT ( 'NONE', #3610 ) ;
#636 = ADVANCED_FACE ( 'NONE', ( #4478 ), #2394, .F. ) ;
#637 = FACE_OUTER_BOUND ( 'NONE', #4791, .T. ) ;
#638 = DIRECTION ( 'NONE',  ( -0.0000000000000000000, 1.000000000000000000, -0.0000000000000000000 ) ) ;
#639 = FACE_OUTER_BOUND ( 'NONE', #3975, .T. ) ;
#640 = ORIENTED_EDGE ( 'NONE', *, *, #4477, .F. ) ;
#641 = CARTESIAN_POINT ( 'NONE',  ( 0.7759349376206150506, -0.1100000000000000006, -0.2000000000000000111 ) ) ;
#642 = DIRECTION ( 'NONE',  ( 0.3420201433256633283, 0.0000000000000000000, -0.9396926207859103153 ) ) ;
#643 = VERTEX_POINT ( 'NONE', #5290 ) ;
#644 = LINE ( 'NONE', #2354, #5441 ) ;
#645 = EDGE_CURVE ( 'NONE', #2522, #1488, #4069, .T. ) ;
#646 = DIRECTION ( 'NONE',  ( -0.0000000000000000000, 1.000000000000000000, -0.0000000000000000000 ) ) ;
#647 = LINE ( 'NONE', #164, #1844 ) ;
#648 = VERTEX_POINT ( 'NONE', #1021 ) ;
#649 = ORIENTED_EDGE ( 'NONE', *, *, #199, .T. ) ;
#650 = VERTEX_POINT ( 'NONE', #1434 ) ;
#651 = DIRECTION ( 'NONE',  ( -0.0000000000000000000, 1.000000000000000000, -0.0000000000000000000 ) ) ;
#652 = EDGE_CURVE ( 'NONE', #367, #4760, #486, .T. ) ;
#653 = CARTESIAN_POINT ( 'NONE',  ( 0.0000000000000000000, -0.1100000000000000006, 0.0000000000000000000 ) ) ;
#654 = DIRECTION ( 'NONE',  ( 0.0000000000000000000, 1.000000000000000000, 0.0000000000000000000 ) ) ;
#655 =( REPRESENTATION_RELATIONSHIP ('NONE','NONE', #4944, #1631 ) REPRESENTATION_RELATIONSHIP_WITH_TRANSFORMATION ( #4846 )SHAPE_REPRESENTATION_RELATIONSHIP( ) );
#656 = PLANE ( 'NONE',  #5524 ) ;
#657 = ORIENTED_EDGE ( 'NONE', *, *, #5088, .T. ) ;
#658 = EDGE_CURVE ( 'NONE', #2144, #4007, #5397, .T. ) ;
#659 = EDGE_CURVE ( 'NONE', #929, #4196, #1544, .T. ) ;
#660 = ADVANCED_FACE ( 'NONE', ( #2753 ), #1081, .F. ) ;
#661 = DIRECTION ( 'NONE',  ( 0.0000000000000000000, 0.0000000000000000000, 1.000000000000000000 ) ) ;
#662 = DIRECTION ( 'NONE',  ( -0.3420201433256517820, -0.0000000000000000000, -0.9396926207859146452 ) ) ;
#663 = EDGE_CURVE ( 'NONE', #4882, #1751, #5346, .T. ) ;
#664 = DIRECTION ( 'NONE',  ( -0.0000000000000000000, 1.000000000000000000, -0.0000000000000000000 ) ) ;
#665 = EDGE_LOOP ( 'NONE', ( #1445, #2255, #911, #4567 ) ) ;
#666 = DIRECTION ( 'NONE',  ( 0.0000000000000000000, 0.0000000000000000000, 1.000000000000000000 ) ) ;
#667 = CARTESIAN_POINT ( 'NONE',  ( 0.2379674688103072255, 1.224646799147263287E-20, -0.04999999999999999584 ) ) ;
#668 = ORIENTED_EDGE ( 'NONE', *, *, #1993, .T. ) ;
#669 = AXIS2_PLACEMENT_3D ( 'NONE', #5411, #646, #706 ) ;
#670 = VECTOR ( 'NONE', #2127, 39.37007874015748143 ) ;
#671 = DIRECTION ( 'NONE',  ( -0.0000000000000000000, 1.000000000000000000, -0.0000000000000000000 ) ) ;
#672 = AXIS2_PLACEMENT_3D ( 'NONE', #315, #3676, #3233 ) ;
#673 = CARTESIAN_POINT ( 'NONE',  ( 0.1759359376206146575, 0.0000000000000000000, -0.1999999999999999833 ) ) ;
#674 = DIRECTION ( 'NONE',  ( -0.0000000000000000000, 1.000000000000000000, -0.0000000000000000000 ) ) ;
#675 = ORIENTED_EDGE ( 'NONE', *, *, #3753, .F. ) ;
#676 = ORIENTED_EDGE ( 'NONE', *, *, #826, .F. ) ;
#677 = EDGE_LOOP ( 'NONE', ( #4749, #2587, #4127, #709 ) ) ;
#678 = DIRECTION ( 'NONE',  ( 1.000000000000000000, 0.0000000000000000000, -5.421193827719211569E-15 ) ) ;
#679 = AXIS2_PLACEMENT_3D ( 'NONE', #4616, #1225, #1273 ) ;
#680 = VECTOR ( 'NONE', #4614, 39.37007874015748143 ) ;
#681 = AXIS2_PLACEMENT_3D ( 'NONE', #5095, #3329, #5064 ) ;
#682 = DIRECTION ( 'NONE',  ( -0.0000000000000000000, 1.000000000000000000, -0.0000000000000000000 ) ) ;
#683 = ITEM_DEFINED_TRANSFORMATION ( 'NONE', 'NONE', #3095,  #1046 ) ;
#684 = DIRECTION ( 'NONE',  ( -1.000000000000000000, 0.0000000000000000000, 4.840987058537324418E-16 ) ) ;
#685 = CARTESIAN_POINT ( 'NONE',  ( 0.2379674688103072255, 0.0000000000000000000, -0.1499999999999999944 ) ) ;
#686 = AXIS2_PLACEMENT_3D ( 'NONE', #5535, #2638, #2232 ) ;
#687 = CYLINDRICAL_SURFACE ( 'NONE', #4534, 0.03740000000000053698 ) ;
#688 = CIRCLE ( 'NONE', #3897, 0.02874000000000052554 ) ;
#689 = ORIENTED_EDGE ( 'NONE', *, *, #2146, .T. ) ;
#690 = AXIS2_PLACEMENT_3D ( 'NONE', #3764, #5056, #1198 ) ;
#691 = AXIS2_PLACEMENT_3D ( 'NONE', #5355, #4938, #661 ) ;
#692 = CIRCLE ( 'NONE', #4170, 0.02874000000000052554 ) ;
#693 = DIRECTION ( 'NONE',  ( -0.0000000000000000000, 1.000000000000000000, -0.0000000000000000000 ) ) ;
#694 = EDGE_CURVE ( 'NONE', #5048, #4942, #1652, .T. ) ;
#695 = ADVANCED_FACE ( 'NONE', ( #569 ), #2691, .F. ) ;
#696 = AXIS2_PLACEMENT_3D ( 'NONE', #5481, #3772, #2966 ) ;
#697 = CIRCLE ( 'NONE', #1863, 0.03499999999999785227 ) ;
#698 = AXIS2_PLACEMENT_3D ( 'NONE', #861, #2570, #2593 ) ;
#699 = PLANE ( 'NONE',  #3263 ) ;
#700 = ORIENTED_EDGE ( 'NONE', *, *, #3695, .T. ) ;
#701 = LINE ( 'NONE', #741, #3969 ) ;
#702 = EDGE_CURVE ( 'NONE', #1798, #2277, #2799, .T. ) ;
#703 = LINE ( 'NONE', #2406, #4978 ) ;
#704 = EDGE_LOOP ( 'NONE', ( #1398, #2398 ) ) ;
#705 = CARTESIAN_POINT ( 'NONE',  ( 0.7379674688103072810, -0.03520000000000000212, -0.04999999999999999584 ) ) ;
#706 = DIRECTION ( 'NONE',  ( 0.0000000000000000000, 0.0000000000000000000, 1.000000000000000000 ) ) ;
#707 = EDGE_CURVE ( 'NONE', #2277, #2436, #3170, .T. ) ;
#708 = DIRECTION ( 'NONE',  ( 0.0000000000000000000, -1.000000000000000000, 0.0000000000000000000 ) ) ;
#709 = ORIENTED_EDGE ( 'NONE', *, *, #896, .F. ) ;
#710 = ORIENTED_EDGE ( 'NONE', *, *, #725, .T. ) ;
#711 = VERTEX_POINT ( 'NONE', #4902 ) ;
#712 = CARTESIAN_POINT ( 'NONE',  ( 0.03796746881030720056, -0.03520000000000000212, -0.07874000000000051791 ) ) ;
#713 = DIRECTION ( 'NONE',  ( 0.3420201433256633283, 0.0000000000000000000, -0.9396926207859103153 ) ) ;
#714 = LINE ( 'NONE', #1974, #2449 ) ;
#715 = DIRECTION ( 'NONE',  ( -0.9396926207859072067, 0.0000000000000000000, -0.3420201433256721546 ) ) ;
#716 = LINE ( 'NONE', #2420, #945 ) ;
#717 = ORIENTED_EDGE ( 'NONE', *, *, #4743, .T. ) ;
#718 = CARTESIAN_POINT ( 'NONE',  ( 0.0000000000000000000, -0.1100000000000000006, 0.0000000000000000000 ) ) ;
#719 = CARTESIAN_POINT ( 'NONE',  ( 0.6816684688103075151, -0.1100000000000000006, -0.1842499999999996085 ) ) ;
#720 = ORIENTED_EDGE ( 'NONE', *, *, #4317, .F. ) ;
#721 = DIRECTION ( 'NONE',  ( -0.0000000000000000000, 1.000000000000000000, -0.0000000000000000000 ) ) ;
#722 = DIRECTION ( 'NONE',  ( -0.0000000000000000000, 1.000000000000000000, -0.0000000000000000000 ) ) ;
#723 = EDGE_LOOP ( 'NONE', ( #5416, #5113, #4462, #3881 ) ) ;
#724 = FACE_OUTER_BOUND ( 'NONE', #5514, .T. ) ;
#725 = EDGE_CURVE ( 'NONE', #2981, #3024, #5071, .T. ) ;
#726 = CARTESIAN_POINT ( 'NONE',  ( 0.2999990000000001267, -0.1100000000000000006, 0.0000000000000000000 ) ) ;
#727 = ORIENTED_EDGE ( 'NONE', *, *, #3383, .T. ) ;
#728 = ORIENTED_EDGE ( 'NONE', *, *, #4382, .T. ) ;
#729 = EDGE_LOOP ( 'NONE', ( #4783, #3925 ) ) ;
#730 = LINE ( 'NONE', #4634, #3620 ) ;
#731 = EDGE_CURVE ( 'NONE', #4108, #1421, #4526, .T. ) ;
#732 = CARTESIAN_POINT ( 'NONE',  ( 0.3379674688103072033, 1.224646799147263287E-20, -0.1499999999999999944 ) ) ;
#733 = DIRECTION ( 'NONE',  ( -0.0000000000000000000, 1.000000000000000000, -0.0000000000000000000 ) ) ;
#734 = DIRECTION ( 'NONE',  ( -1.000000000000000000, 0.0000000000000000000, 4.840987058537324418E-16 ) ) ;
#735 = CARTESIAN_POINT ( 'NONE',  ( 0.6379674688103071922, 0.0000000000000000000, -0.02125999999999947376 ) ) ;
#736 = ORIENTED_EDGE ( 'NONE', *, *, #27, .F. ) ;
#737 = CARTESIAN_POINT ( 'NONE',  ( 0.5379674688103072144, 1.224646799147263287E-20, -0.04999999999999999584 ) ) ;
#738 = EDGE_CURVE ( 'NONE', #3408, #19, #4413, .T. ) ;
#739 = DIRECTION ( 'NONE',  ( -0.0000000000000000000, 1.000000000000000000, -0.0000000000000000000 ) ) ;
#740 = VERTEX_POINT ( 'NONE', #142 ) ;
#741 = CARTESIAN_POINT ( 'NONE',  ( 0.08166846881030742633, -0.1100000000000000006, -0.1842499999999996085 ) ) ;
#742 = ORIENTED_EDGE ( 'NONE', *, *, #3537, .F. ) ;
#743 = CARTESIAN_POINT ( 'NONE',  ( 0.2800000000000003042, -1.092739197465705287E-15, 0.0000000000000000000 ) ) ;
#744 = ORIENTED_EDGE ( 'NONE', *, *, #4625, .F. ) ;
#745 = LINE ( 'NONE', #3740, #3719 ) ;
#746 = DIRECTION ( 'NONE',  ( -0.0000000000000000000, 1.000000000000000000, -0.0000000000000000000 ) ) ;
#747 = CARTESIAN_POINT ( 'NONE',  ( 0.0000000000000000000, 0.0000000000000000000, 0.0000000000000000000 ) ) ;
#748 = VECTOR ( 'NONE', #3328, 39.37007874015748143 ) ;
#749 = PLANE ( 'NONE',  #322 ) ;
#750 = ORIENTED_EDGE ( 'NONE', *, *, #854, .F. ) ;
#751 = CIRCLE ( 'NONE', #483, 0.03740000000000053004 ) ;
#752 = EDGE_CURVE ( 'NONE', #4866, #4838, #1948, .T. ) ;
#753 = EDGE_LOOP ( 'NONE', ( #689, #2917 ) ) ;
#754 = CARTESIAN_POINT ( 'NONE',  ( 0.7379674688103072810, -0.03520000000000000212, -0.1499999999999999944 ) ) ;
#755 = AXIS2_PLACEMENT_3D ( 'NONE', #1508, #5440, #1534 ) ;
#756 = AXIS2_PLACEMENT_3D ( 'NONE', #2091, #3781, #5490 ) ;
#757 = CARTESIAN_POINT ( 'NONE',  ( 0.5999990000000001711, 0.0000000000000000000, -0.1999999999999999833 ) ) ;
#758 = CARTESIAN_POINT ( 'NONE',  ( 0.7759349376206150506, 0.0000000000000000000, -0.2000000000000000111 ) ) ;
#759 = LINE ( 'NONE', #2471, #2027 ) ;
#760 = LINE ( 'NONE', #2942, #391 ) ;
#761 = EDGE_CURVE ( 'NONE', #3387, #97, #1835, .T. ) ;
#762 = ORIENTED_EDGE ( 'NONE', *, *, #563, .F. ) ;
#763 = VECTOR ( 'NONE', #5065, 39.37007874015748143 ) ;
#764 = CIRCLE ( 'NONE', #5162, 0.03740000000000053698 ) ;
#765 = CIRCLE ( 'NONE', #3351, 0.02874000000000051860 ) ;
#766 = FACE_OUTER_BOUND ( 'NONE', #2388, .T. ) ;
#767 = VECTOR ( 'NONE', #4381, 39.37007874015748854 ) ;
#768 = EDGE_CURVE ( 'NONE', #2657, #2349, #1523, .T. ) ;
#769 = AXIS2_PLACEMENT_3D ( 'NONE', #718, #1088, #3618 ) ;
#770 = AXIS2_PLACEMENT_3D ( 'NONE', #2661, #3467, #47 ) ;
#771 = AXIS2_PLACEMENT_3D ( 'NONE', #2853, #2097, #4628 ) ;
#772 = CARTESIAN_POINT ( 'NONE',  ( 0.3379674688103072033, -0.1100000000000000006, -0.1499999999999999944 ) ) ;
#773 = VECTOR ( 'NONE', #1548, 39.37007874015748143 ) ;
#774 = ORIENTED_EDGE ( 'NONE', *, *, #538, .F. ) ;
#775 = FACE_OUTER_BOUND ( 'NONE', #3198, .T. ) ;
#776 = CIRCLE ( 'NONE', #3904, 0.03740000000000053698 ) ;
#777 = DIRECTION ( 'NONE',  ( -1.000000000000000000, 0.0000000000000000000, -0.0000000000000000000 ) ) ;
#778 = VERTEX_POINT ( 'NONE', #5479 ) ;
#779 = FACE_OUTER_BOUND ( 'NONE', #3806, .T. ) ;
#780 = VECTOR ( 'NONE', #1497, 39.37007874015748854 ) ;
#781 = DIRECTION ( 'NONE',  ( -0.3420201433256720991, 0.0000000000000000000, 0.9396926207859070956 ) ) ;
#782 = DIRECTION ( 'NONE',  ( 1.000000000000000000, 0.0000000000000000000, 0.0000000000000000000 ) ) ;
#783 = CARTESIAN_POINT ( 'NONE',  ( 0.4379674688103072366, 0.0000000000000000000, -0.02125999999999947376 ) ) ;
#784 = EDGE_LOOP ( 'NONE', ( #4204, #4006, #4849, #955 ) ) ;
#785 = ORIENTED_EDGE ( 'NONE', *, *, #2791, .T. ) ;
#786 = DIRECTION ( 'NONE',  ( 0.0000000000000000000, 0.0000000000000000000, 1.000000000000000000 ) ) ;
#787 = ADVANCED_FACE ( 'NONE', ( #3301 ), #4580, .F. ) ;
#788 = DIRECTION ( 'NONE',  ( -0.0000000000000000000, 1.000000000000000000, -0.0000000000000000000 ) ) ;
#789 = DIRECTION ( 'NONE',  ( -1.000000000000000000, -0.0000000000000000000, -0.0000000000000000000 ) ) ;
#790 = CARTESIAN_POINT ( 'NONE',  ( 0.4379674688103072366, -0.1100000000000000006, -0.04999999999999999584 ) ) ;
#791 = DIRECTION ( 'NONE',  ( 1.000000000000000000, 0.0000000000000000000, 0.0000000000000000000 ) ) ;
#792 = EDGE_LOOP ( 'NONE', ( #76, #82, #3140, #917 ) ) ;
#793 = VERTEX_POINT ( 'NONE', #2440 ) ;
#794 = EDGE_CURVE ( 'NONE', #993, #205, #2911, .T. ) ;
#795 = DIRECTION ( 'NONE',  ( -1.000000000000000000, 0.0000000000000000000, -0.0000000000000000000 ) ) ;
#796 = EDGE_CURVE ( 'NONE', #4787, #446, #2079, .T. ) ;
#797 = FACE_OUTER_BOUND ( 'NONE', #2684, .T. ) ;
#798 = VERTEX_POINT ( 'NONE', #273 ) ;
#799 = CARTESIAN_POINT ( 'NONE',  ( 0.5816684688103074263, 0.0000000000000000000, -0.01574999999999998623 ) ) ;
#800 = CARTESIAN_POINT ( 'NONE',  ( 0.7759349376206148285, -0.1100000000000000006, 0.0000000000000000000 ) ) ;
#801 = VERTEX_POINT ( 'NONE', #2858 ) ;
#802 = DIRECTION ( 'NONE',  ( -0.0000000000000000000, 1.000000000000000000, -0.0000000000000000000 ) ) ;
#803 = CARTESIAN_POINT ( 'NONE',  ( 0.3816684688103074707, -0.1100000000000000006, -0.1842499999999996085 ) ) ;
#804 = SURFACE_SIDE_STYLE ('',( #3762 ) ) ;
#805 = CARTESIAN_POINT ( 'NONE',  ( 0.4379674688103072366, 0.0000000000000000000, -0.1499999999999999944 ) ) ;
#806 = CYLINDRICAL_SURFACE ( 'NONE', #3550, 0.02874000000000051860 ) ;
#807 = ORIENTED_EDGE ( 'NONE', *, *, #731, .T. ) ;
#808 = VERTEX_POINT ( 'NONE', #1601 ) ;
#809 = EDGE_CURVE ( 'NONE', #447, #1170, #764, .T. ) ;
#810 = DIRECTION ( 'NONE',  ( -1.000000000000000000, 0.0000000000000000000, 4.840987058537324418E-16 ) ) ;
#811 = FACE_BOUND ( 'NONE', #4403, .T. ) ;
#812 = LINE ( 'NONE', #2520, #308 ) ;
#813 = PLANE ( 'NONE',  #3891 ) ;
#814 = ORIENTED_EDGE ( 'NONE', *, *, #2759, .F. ) ;
#815 = EDGE_LOOP ( 'NONE', ( #2179, #2228 ) ) ;
#816 = VERTEX_POINT ( 'NONE', #4309 ) ;
#817 = CARTESIAN_POINT ( 'NONE',  ( 0.2800000000000003042, 0.0000000000000000000, 0.0000000000000000000 ) ) ;
#818 = DIRECTION ( 'NONE',  ( -0.0000000000000000000, 1.000000000000000000, -0.0000000000000000000 ) ) ;
#819 = EDGE_CURVE ( 'NONE', #290, #4058, #5453, .T. ) ;
#820 = EDGE_CURVE ( 'NONE', #3065, #4416, #2494, .T. ) ;
#821 = CARTESIAN_POINT ( 'NONE',  ( 0.6379674688103071922, -0.03520000000000000212, -0.1787400000000005096 ) ) ;
#822 = EDGE_LOOP ( 'NONE', ( #5066, #4591, #4729, #5249 ) ) ;
#823 = CARTESIAN_POINT ( 'NONE',  ( 0.0000000000000000000, 0.0000000000000000000, 0.0000000000000000000 ) ) ;
#824 = DIRECTION ( 'NONE',  ( -0.3420201433256694346, -0.0000000000000000000, -0.9396926207859080948 ) ) ;
#825 = EDGE_LOOP ( 'NONE', ( #3580, #2168 ) ) ;
#826 = EDGE_CURVE ( 'NONE', #4022, #4764, #4140, .T. ) ;
#827 = CARTESIAN_POINT ( 'NONE',  ( 0.6816684688103075151, 0.0000000000000000000, -0.1842499999999996085 ) ) ;
#828 = LINE ( 'NONE', #2182, #3099 ) ;
#829 = CARTESIAN_POINT ( 'NONE',  ( 0.3379674688103072033, 0.0000000000000000000, -0.04999999999999999584 ) ) ;
#830 = CARTESIAN_POINT ( 'NONE',  ( 0.0000000000000000000, 0.0000000000000000000, 0.0000000000000000000 ) ) ;
#831 = EDGE_LOOP ( 'NONE', ( #927, #908 ) ) ;
#832 = ORIENTED_EDGE ( 'NONE', *, *, #4248, .T. ) ;
#833 = EDGE_LOOP ( 'NONE', ( #5206, #1374 ) ) ;
#834 = LINE ( 'NONE', #5417, #2384 ) ;
#835 = AXIS2_PLACEMENT_3D ( 'NONE', #1546, #789, #2418 ) ;
#836 = EDGE_CURVE ( 'NONE', #3323, #3158, #1209, .T. ) ;
#837 = LINE ( 'NONE', #3052, #289 ) ;
#838 = DIRECTION ( 'NONE',  ( 5.421193827719211569E-15, 0.0000000000000000000, 1.000000000000000000 ) ) ;
#839 = DIRECTION ( 'NONE',  ( -0.9396926207859092051, 0.0000000000000000000, 0.3420201433256664925 ) ) ;
#840 = EDGE_LOOP ( 'NONE', ( #1125, #399, #326, #2665 ) ) ;
#841 = ORIENTED_EDGE ( 'NONE', *, *, #3243, .F. ) ;
#842 = ORIENTED_EDGE ( 'NONE', *, *, #3566, .T. ) ;
#843 = CIRCLE ( 'NONE', #4611, 0.02874000000000051860 ) ;
#844 = DIRECTION ( 'NONE',  ( 0.3420201433256665480, -0.0000000000000000000, 0.9396926207859092051 ) ) ;
#845 = CARTESIAN_POINT ( 'NONE',  ( 0.4759359376206147019, -0.1100000000000000006, -9.478001694819074349E-34 ) ) ;
#846 = AXIS2_PLACEMENT_3D ( 'NONE', #5189, #151, #489 ) ;
#847 = AXIS2_PLACEMENT_3D ( 'NONE', #5192, #5301, #1391 ) ;
#848 = ORIENTED_EDGE ( 'NONE', *, *, #4013, .F. ) ;
#849 = AXIS2_PLACEMENT_3D ( 'NONE', #5130, #4306, #396 ) ;
#850 = AXIS2_PLACEMENT_3D ( 'NONE', #4542, #1506, #5405 ) ;
#851 = EDGE_CURVE ( 'NONE', #429, #4332, #5248, .T. ) ;
#852 = CIRCLE ( 'NONE', #1486, 0.02874000000000052554 ) ;
#854 = EDGE_CURVE ( 'NONE', #14, #2711, #4986, .T. ) ;
#853 = DIRECTION ( 'NONE',  ( 0.0000000000000000000, 0.0000000000000000000, 1.000000000000000000 ) ) ;
#855 = ORIENTED_EDGE ( 'NONE', *, *, #439, .F. ) ;
#856 = CARTESIAN_POINT ( 'NONE',  ( 0.0000000000000000000, -0.1100000000000000006, 0.0000000000000000000 ) ) ;
#857 = CIRCLE ( 'NONE', #1217, 0.02874000000000051860 ) ;
#858 = VERTEX_POINT ( 'NONE', #1653 ) ;
#859 = CIRCLE ( 'NONE', #2299, 0.03740000000000053004 ) ;
#860 =( GEOMETRIC_REPRESENTATION_CONTEXT ( 3 ) GLOBAL_UNCERTAINTY_ASSIGNED_CONTEXT ( ( #1952 ) ) GLOBAL_UNIT_ASSIGNED_CONTEXT ( ( #1460, #2718, #1082 ) ) REPRESENTATION_CONTEXT ( 'NONE', 'WORKASPACE' ) );
#861 = CARTESIAN_POINT ( 'NONE',  ( 0.03796746881030719362, 1.224646799147263287E-20, -0.1499999999999999944 ) ) ;
#862 = AXIS2_PLACEMENT_3D ( 'NONE', #4124, #279, #1268 ) ;
#863 = AXIS2_PLACEMENT_3D ( 'NONE', #1309, #4741, #5107 ) ;
#864 = EDGE_CURVE ( 'NONE', #2870, #2894, #2028, .T. ) ;
#865 = CARTESIAN_POINT ( 'NONE',  ( 0.7379674688103072810, -0.03520000000000000212, -0.1787400000000005096 ) ) ;
#866 = CARTESIAN_POINT ( 'NONE',  ( 0.4999990000000001378, -0.1100000000000000006, -0.1999999999999999833 ) ) ;
#867 = VERTEX_POINT ( 'NONE', #2417 ) ;
#868 = EDGE_LOOP ( 'NONE', ( #2937, #4999, #159, #4705 ) ) ;
#869 = VECTOR ( 'NONE', #634, 39.37007874015748854 ) ;
#870 = CYLINDRICAL_SURFACE ( 'NONE', #5351, 0.02874000000000052207 ) ;
#871 = EDGE_CURVE ( 'NONE', #4838, #1699, #3722, .T. ) ;
#872 = DIRECTION ( 'NONE',  ( 0.0000000000000000000, 0.0000000000000000000, 1.000000000000000000 ) ) ;
#873 = FACE_OUTER_BOUND ( 'NONE', #5313, .T. ) ;
#874 = CARTESIAN_POINT ( 'NONE',  ( 0.7379674688103072810, 0.0000000000000000000, -0.1125999999999994644 ) ) ;
#875 = VERTEX_POINT ( 'NONE', #1131 ) ;
#876 = ORIENTED_EDGE ( 'NONE', *, *, #4317, .T. ) ;
#877 = ORIENTED_EDGE ( 'NONE', *, *, #2510, .T. ) ;
#878 = DIRECTION ( 'NONE',  ( 0.0000000000000000000, -0.0000000000000000000, -1.000000000000000000 ) ) ;
#879 = DIRECTION ( 'NONE',  ( 0.0000000000000000000, 0.0000000000000000000, 1.000000000000000000 ) ) ;
#880 = CARTESIAN_POINT ( 'NONE',  ( 0.4379674688103072366, -0.03520000000000000212, -0.04999999999999999584 ) ) ;
#881 = VERTEX_POINT ( 'NONE', #3327 ) ;
#882 = DIRECTION ( 'NONE',  ( -0.0000000000000000000, 1.000000000000000000, -0.0000000000000000000 ) ) ;
#883 = EDGE_LOOP ( 'NONE', ( #242, #4466, #4378, #842 ) ) ;
#884 = CYLINDRICAL_SURFACE ( 'NONE', #3430, 0.02874000000000051860 ) ;
#885 = ORIENTED_EDGE ( 'NONE', *, *, #2238, .T. ) ;
#886 = EDGE_CURVE ( 'NONE', #2453, #4691, #3352, .T. ) ;
#887 = LINE ( 'NONE', #827, #327 ) ;
#888 = CARTESIAN_POINT ( 'NONE',  ( 0.4942664688103074466, -0.1100000000000000006, -0.01574999999999998623 ) ) ;
#889 = DIRECTION ( 'NONE',  ( 0.0000000000000000000, 0.0000000000000000000, 1.000000000000000000 ) ) ;
#890 = CARTESIAN_POINT ( 'NONE',  ( 0.02999999999999886091, 0.0000000000000000000, 0.0000000000000000000 ) ) ;
#891 = DIRECTION ( 'NONE',  ( 0.0000000000000000000, 0.0000000000000000000, 1.000000000000000000 ) ) ;
#892 = ORIENTED_EDGE ( 'NONE', *, *, #1270, .T. ) ;
#893 = ORIENTED_EDGE ( 'NONE', *, *, #3932, .F. ) ;
#894 = EDGE_CURVE ( 'NONE', #1488, #2522, #3880, .T. ) ;
#895 = FACE_OUTER_BOUND ( 'NONE', #1344, .T. ) ;
#896 = EDGE_CURVE ( 'NONE', #3033, #4677, #5091, .T. ) ;
#897 = EDGE_CURVE ( 'NONE', #3286, #175, #4601, .T. ) ;
#898 = DIRECTION ( 'NONE',  ( 0.9396926207859115365, -0.0000000000000000000, 0.3420201433256601087 ) ) ;
#899 = CARTESIAN_POINT ( 'NONE',  ( 0.5379674688103072144, 0.0000000000000000000, -0.1499999999999999944 ) ) ;
#900 = CARTESIAN_POINT ( 'NONE',  ( 0.0000000000000000000, -0.1100000000000000006, 0.0000000000000000000 ) ) ;
#901 = ORIENTED_EDGE ( 'NONE', *, *, #448, .T. ) ;
#902 = VERTEX_POINT ( 'NONE', #757 ) ;
#903 = ORIENTED_EDGE ( 'NONE', *, *, #4818, .F. ) ;
#904 = EDGE_CURVE ( 'NONE', #1156, #2881, #5014, .T. ) ;
#905 = SURFACE_STYLE_FILL_AREA ( #1828 ) ;
#906 = DIRECTION ( 'NONE',  ( -1.000000000000000000, -0.0000000000000000000, -0.0000000000000000000 ) ) ;
#907 = DIRECTION ( 'NONE',  ( 0.0000000000000000000, 0.0000000000000000000, 1.000000000000000000 ) ) ;
#908 = ORIENTED_EDGE ( 'NONE', *, *, #2768, .F. ) ;
#909 = DIRECTION ( 'NONE',  ( -0.7071067811864992780, 8.659560562355523271E-17, -0.7071067811865957564 ) ) ;
#910 = EDGE_CURVE ( 'NONE', #3173, #2012, #583, .T. ) ;
#911 = ORIENTED_EDGE ( 'NONE', *, *, #592, .T. ) ;
#912 = LINE ( 'NONE', #2262, #35 ) ;
#913 = VERTEX_POINT ( 'NONE', #3129 ) ;
#914 = DIRECTION ( 'NONE',  ( -0.0000000000000000000, 1.000000000000000000, -0.0000000000000000000 ) ) ;
#915 = DIRECTION ( 'NONE',  ( -0.0000000000000000000, 1.000000000000000000, -0.0000000000000000000 ) ) ;
#916 = DIRECTION ( 'NONE',  ( -1.000000000000000000, -0.0000000000000000000, -0.0000000000000000000 ) ) ;
#917 = ORIENTED_EDGE ( 'NONE', *, *, #3087, .F. ) ;
#918 = CARTESIAN_POINT ( 'NONE',  ( 0.6816684688103075151, -0.1100000000000000006, -0.1842499999999996085 ) ) ;
#919 = PLANE ( 'NONE',  #1381 ) ;
#920 = ORIENTED_EDGE ( 'NONE', *, *, #1205, .T. ) ;
#921 = FACE_OUTER_BOUND ( 'NONE', #4067, .T. ) ;
#922 = EDGE_CURVE ( 'NONE', #3395, #4491, #530, .T. ) ;
#923 = FACE_OUTER_BOUND ( 'NONE', #5415, .T. ) ;
#924 = EDGE_CURVE ( 'NONE', #2334, #648, #1383, .T. ) ;
#925 = CYLINDRICAL_SURFACE ( 'NONE', #3795, 0.03740000000000053004 ) ;
#926 = DIRECTION ( 'NONE',  ( -0.0000000000000000000, 1.000000000000000000, -0.0000000000000000000 ) ) ;
#927 = ORIENTED_EDGE ( 'NONE', *, *, #942, .F. ) ;
#928 = ORIENTED_EDGE ( 'NONE', *, *, #222, .F. ) ;
#929 = VERTEX_POINT ( 'NONE', #4461 ) ;
#930 = DIRECTION ( 'NONE',  ( 1.000000000000000000, 0.0000000000000000000, -5.421193827719211569E-15 ) ) ;
#931 = LINE ( 'NONE', #1717, #5429 ) ;
#932 = EDGE_CURVE ( 'NONE', #867, #1474, #3460, .T. ) ;
#933 = LINE ( 'NONE', #4415, #3361 ) ;
#934 = ORIENTED_EDGE ( 'NONE', *, *, #4024, .F. ) ;
#935 = AXIS2_PLACEMENT_3D ( 'NONE', #3303, #4581, #5455 ) ;
#936 = CARTESIAN_POINT ( 'NONE',  ( -0.01203253118969264089, -0.1100000000000000006, -0.1842499999999996918 ) ) ;
#937 = VECTOR ( 'NONE', #3630, 39.37007874015748143 ) ;
#938 =( REPRESENTATION_RELATIONSHIP ('NONE','NONE', #4944, #1631 ) REPRESENTATION_RELATIONSHIP_WITH_TRANSFORMATION ( #1654 )SHAPE_REPRESENTATION_RELATIONSHIP( ) );
#939 = COLOUR_RGB ( '',1.000000000000000000, 0.8039215686274510109, 0.4941176470588235503 ) ;
#940 = VECTOR ( 'NONE', #1420, 39.37007874015748143 ) ;
#941 = DIRECTION ( 'NONE',  ( -0.0000000000000000000, 1.000000000000000000, -0.0000000000000000000 ) ) ;
#942 = EDGE_CURVE ( 'NONE', #1302, #5043, #1565, .T. ) ;
#943 = ORIENTED_EDGE ( 'NONE', *, *, #2479, .T. ) ;
#944 = FACE_OUTER_BOUND ( 'NONE', #1527, .T. ) ;
#945 = VECTOR ( 'NONE', #276, 39.37007874015748854 ) ;
#946 = AXIS2_PLACEMENT_3D ( 'NONE', #3754, #2122, #1721 ) ;
#947 = CARTESIAN_POINT ( 'NONE',  ( 0.5816684688103074263, 0.0000000000000000000, -0.01574999999999998623 ) ) ;
#948 = CIRCLE ( 'NONE', #2647, 0.02874000000000051860 ) ;
#949 = DIRECTION ( 'NONE',  ( 0.9396926207859080948, 0.0000000000000000000, -0.3420201433256695456 ) ) ;
#950 = CIRCLE ( 'NONE', #686, 0.02874000000000051860 ) ;
#951 = ORIENTED_EDGE ( 'NONE', *, *, #1586, .F. ) ;
#952 = LINE ( 'NONE', #1035, #1291 ) ;
#953 = VECTOR ( 'NONE', #5452, 39.37007874015748143 ) ;
#954 = LINE ( 'NONE', #4425, #1467 ) ;
#955 = ORIENTED_EDGE ( 'NONE', *, *, #5209, .F. ) ;
#956 = ORIENTED_EDGE ( 'NONE', *, *, #3367, .F. ) ;
#957 = DIRECTION ( 'NONE',  ( 0.3420201433256633283, 0.0000000000000000000, -0.9396926207859103153 ) ) ;
#958 = AXIS2_PLACEMENT_3D ( 'NONE', #1726, #2956, #889 ) ;
#959 = CIRCLE ( 'NONE', #1059, 0.02874000000000051860 ) ;
#960 = LINE ( 'NONE', #3193, #3517 ) ;
#961 = DIRECTION ( 'NONE',  ( 1.000000000000000000, 0.0000000000000000000, -5.421193827719211569E-15 ) ) ;
#962 = AXIS2_PLACEMENT_3D ( 'NONE', #1695, #426, #2972 ) ;
#963 = PLANE ( 'NONE',  #40 ) ;
#964 = EDGE_LOOP ( 'NONE', ( #2879, #4282, #351, #67 ) ) ;
#965 = ORIENTED_EDGE ( 'NONE', *, *, #4644, .F. ) ;
#966 = VERTEX_POINT ( 'NONE', #3103 ) ;
#967 = AXIS2_PLACEMENT_3D ( 'NONE', #3743, #1200, #891 ) ;
#968 = VECTOR ( 'NONE', #554, 39.37007874015748143 ) ;
#969 = CARTESIAN_POINT ( 'NONE',  ( 0.6379674688103071922, 0.0000000000000000000, -0.08740000000000051894 ) ) ;
#970 = CARTESIAN_POINT ( 'NONE',  ( 0.5667074688103077573, -0.03520000000000000212, -0.04999999999999999584 ) ) ;
#971 = DIRECTION ( 'NONE',  ( -0.0000000000000000000, 1.000000000000000000, -0.0000000000000000000 ) ) ;
#972 = EDGE_LOOP ( 'NONE', ( #1430, #4597, #4907, #1799 ) ) ;
#973 = LINE ( 'NONE', #4825, #390 ) ;
#974 = EDGE_CURVE ( 'NONE', #291, #3248, #2289, .T. ) ;
#975 = CARTESIAN_POINT ( 'NONE',  ( 0.5379674688103072144, -0.1100000000000000006, -0.04999999999999999584 ) ) ;
#976 = CARTESIAN_POINT ( 'NONE',  ( 0.03796746881030719362, -0.03520000000000000212, -0.04999999999999999584 ) ) ;
#977 = DIRECTION ( 'NONE',  ( -0.0000000000000000000, 1.000000000000000000, -0.0000000000000000000 ) ) ;
#978 = ADVANCED_FACE ( 'NONE', ( #1339 ), #618, .T. ) ;
#979 = DIRECTION ( 'NONE',  ( -0.0000000000000000000, 1.000000000000000000, -0.0000000000000000000 ) ) ;
#980 = ORIENTED_EDGE ( 'NONE', *, *, #5470, .F. ) ;
#981 = PLANE ( 'NONE',  #2286 ) ;
#982 = ADVANCED_FACE ( 'NONE', ( #2678 ), #1033, .F. ) ;
#983 = CYLINDRICAL_SURFACE ( 'NONE', #4525, 0.03740000000000053698 ) ;
#984 = ORIENTED_EDGE ( 'NONE', *, *, #5268, .T. ) ;
#985 = VERTEX_POINT ( 'NONE', #5216 ) ;
#986 = LINE ( 'NONE', #3135, #2564 ) ;
#987 = AXIS2_PLACEMENT_3D ( 'NONE', #1443, #4044, #617 ) ;
#988 = FACE_OUTER_BOUND ( 'NONE', #1994, .T. ) ;
#989 = SHAPE_REPRESENTATION_RELATIONSHIP ( 'NONE' , 'NONE' ,  #3761, #4212 ) ;
#990 = ADVANCED_FACE ( 'NONE', ( #2700 ), #2621, .T. ) ;
#991 = DIRECTION ( 'NONE',  ( 0.9396926207859080948, 0.0000000000000000000, -0.3420201433256695456 ) ) ;
#992 = EDGE_LOOP ( 'NONE', ( #1249, #1172 ) ) ;
#993 = VERTEX_POINT ( 'NONE', #3484 ) ;
#994 = VERTEX_POINT ( 'NONE', #3068 ) ;
#995 = CARTESIAN_POINT ( 'NONE',  ( 0.5379674688103072144, 0.0000000000000000000, -0.04999999999999999584 ) ) ;
#996 = CONTEXT_DEPENDENT_SHAPE_REPRESENTATION ( #655, #1206 ) ;
#997 = DIRECTION ( 'NONE',  ( 0.3420201433256633283, 0.0000000000000000000, -0.9396926207859103153 ) ) ;
#998 = DIRECTION ( 'NONE',  ( -0.0000000000000000000, 1.000000000000000000, -0.0000000000000000000 ) ) ;
#999 = ORIENTED_EDGE ( 'NONE', *, *, #573, .T. ) ;
#1000 = DIRECTION ( 'NONE',  ( -0.0000000000000000000, 1.000000000000000000, -0.0000000000000000000 ) ) ;
#1001 = AXIS2_PLACEMENT_3D ( 'NONE', #217, #1946, #2415 ) ;
#1002 = EDGE_CURVE ( 'NONE', #574, #5302, #2726, .T. ) ;
#1003 = PLANE ( 'NONE',  #4070 ) ;
#1004 = ADVANCED_FACE ( 'NONE', ( #96 ), #2265, .F. ) ;
#1005 = LINE ( 'NONE', #3508, #4278 ) ;
#1006 = DIRECTION ( 'NONE',  ( 0.0000000000000000000, 0.0000000000000000000, 1.000000000000000000 ) ) ;
#1007 = EDGE_LOOP ( 'NONE', ( #3240, #5278, #3557, #191 ) ) ;
#1008 = DIRECTION ( 'NONE',  ( -0.0000000000000000000, 1.000000000000000000, -0.0000000000000000000 ) ) ;
#1009 = ADVANCED_FACE ( 'NONE', ( #2656 ), #2243, .F. ) ;
#1010 = CARTESIAN_POINT ( 'NONE',  ( 0.4816684688103075040, -0.1100000000000000006, -0.1842499999999996085 ) ) ;
#1011 = ORIENTED_EDGE ( 'NONE', *, *, #135, .F. ) ;
#1012 = EDGE_LOOP ( 'NONE', ( #2827, #1881, #3368, #4475 ) ) ;
#1013 = CARTESIAN_POINT ( 'NONE',  ( 0.7379674688103072810, -0.03520000000000000212, -0.1125999999999994644 ) ) ;
#1014 = DIRECTION ( 'NONE',  ( 0.0000000000000000000, 0.0000000000000000000, 1.000000000000000000 ) ) ;
#1015 = DIRECTION ( 'NONE',  ( -0.0000000000000000000, 1.000000000000000000, -0.0000000000000000000 ) ) ;
#1016 = ORIENTED_EDGE ( 'NONE', *, *, #337, .T. ) ;
#1017 = ORIENTED_EDGE ( 'NONE', *, *, #4679, .F. ) ;
#1018 = ORIENTED_EDGE ( 'NONE', *, *, #3151, .F. ) ;
#1019 = DIRECTION ( 'NONE',  ( 0.0000000000000000000, 0.0000000000000000000, 1.000000000000000000 ) ) ;
#1020 = EDGE_CURVE ( 'NONE', #1114, #55, #2467, .T. ) ;
#1021 = CARTESIAN_POINT ( 'NONE',  ( 0.1379674688103071922, 1.224646799147263287E-20, -0.1125999999999994644 ) ) ;
#1022 = CARTESIAN_POINT ( 'NONE',  ( 0.3816684688103073597, 0.0000000000000000000, -0.01574999999999998623 ) ) ;
#1023 = DIRECTION ( 'NONE',  ( -0.0000000000000000000, 1.000000000000000000, -0.0000000000000000000 ) ) ;
#1024 = ORIENTED_EDGE ( 'NONE', *, *, #1980, .T. ) ;
#1025 = PRODUCT_DEFINITION_SHAPE ( 'NONE', 'NONE',  #5549 ) ;
#1026 = LINE ( 'NONE', #2206, #2025 ) ;
#1027 = CARTESIAN_POINT ( 'NONE',  ( 0.06099999999999970723, 3.551475717527343400E-18, -0.02900000000000015413 ) ) ;
#1028 = AXIS2_PLACEMENT_3D ( 'NONE', #1073, #4809, #564 ) ;
#1029 = DIRECTION ( 'NONE',  ( 0.0000000000000000000, -0.0000000000000000000, -1.000000000000000000 ) ) ;
#1030 = PLANE ( 'NONE',  #4390 ) ;
#1031 = AXIS2_PLACEMENT_3D ( 'NONE', #4594, #746, #2459 ) ;
#1032 = VECTOR ( 'NONE', #3916, 39.37007874015748143 ) ;
#1033 = PLANE ( 'NONE',  #1296 ) ;
#1034 = VERTEX_POINT ( 'NONE', #120 ) ;
#1035 = CARTESIAN_POINT ( 'NONE',  ( 0.07593593762061463803, -0.1100000000000000006, -9.478001694819074349E-34 ) ) ;
#1036 = VECTOR ( 'NONE', #1303, 39.37007874015748143 ) ;
#1037 = DIRECTION ( 'NONE',  ( 1.000000000000000000, 0.0000000000000000000, 0.0000000000000000000 ) ) ;
#1038 = VERTEX_POINT ( 'NONE', #1843 ) ;
#1039 = AXIS2_PLACEMENT_3D ( 'NONE', #2717, #630, #1104 ) ;
#1040 = VERTEX_POINT ( 'NONE', #4421 ) ;
#1041 = DIRECTION ( 'NONE',  ( -0.3420201433256694346, -0.0000000000000000000, -0.9396926207859080948 ) ) ;
#1042 = EDGE_CURVE ( 'NONE', #2880, #1306, #3545, .T. ) ;
#1043 = AXIS2_PLACEMENT_3D ( 'NONE', #2274, #1429, #2309 ) ;
#1044 = CIRCLE ( 'NONE', #1748, 0.03740000000000053004 ) ;
#1045 = CARTESIAN_POINT ( 'NONE',  ( 0.0000000000000000000, -0.1100000000000000006, 0.0000000000000000000 ) ) ;
#1046 = AXIS2_PLACEMENT_3D ( 'NONE', #4029, #3555, #5369 ) ;
#1047 = LINE ( 'NONE', #2746, #4993 ) ;
#1048 = VERTEX_POINT ( 'NONE', #3571 ) ;
#1049 = EDGE_LOOP ( 'NONE', ( #5352, #3850, #5523, #4289 ) ) ;
#1050 = ORIENTED_EDGE ( 'NONE', *, *, #95, .F. ) ;
#1051 = AXIS2_PLACEMENT_3D ( 'NONE', #1219, #3307, #1244 ) ;
#1052 = CARTESIAN_POINT ( 'NONE',  ( 0.5379674688103072144, -0.03520000000000000212, -0.1499999999999999944 ) ) ;
#1053 = AXIS2_PLACEMENT_3D ( 'NONE', #373, #3321, #782 ) ;
#1054 = EDGE_CURVE ( 'NONE', #4426, #2412, #1444, .T. ) ;
#1055 = VECTOR ( 'NONE', #5318, 39.37007874015748143 ) ;
#1056 = CARTESIAN_POINT ( 'NONE',  ( 0.6999990000000000379, -0.1100000000000000006, 0.0000000000000000000 ) ) ;
#1057 = DIRECTION ( 'NONE',  ( 0.0000000000000000000, -1.000000000000000000, 0.0000000000000000000 ) ) ;
#1058 = DIRECTION ( 'NONE',  ( -0.0000000000000000000, 1.000000000000000000, -0.0000000000000000000 ) ) ;
#1059 = AXIS2_PLACEMENT_3D ( 'NONE', #562, #2707, #1427 ) ;
#1060 = DIRECTION ( 'NONE',  ( -0.0000000000000000000, 1.000000000000000000, -0.0000000000000000000 ) ) ;
#1061 = ORIENTED_EDGE ( 'NONE', *, *, #4506, .T. ) ;
#1062 = CIRCLE ( 'NONE', #4460, 0.03740000000000053698 ) ;
#1063 = AXIS2_PLACEMENT_3D ( 'NONE', #3217, #1098, #4519 ) ;
#1064 = VECTOR ( 'NONE', #1505, 39.37007874015748143 ) ;
#1065 = DIRECTION ( 'NONE',  ( -0.0000000000000000000, 1.000000000000000000, -0.0000000000000000000 ) ) ;
#1066 = CARTESIAN_POINT ( 'NONE',  ( 0.4667074688103077240, -0.03520000000000000212, -0.1499999999999999944 ) ) ;
#1067 = CARTESIAN_POINT ( 'NONE',  ( 0.7759349376206148285, 0.0000000000000000000, 0.0000000000000000000 ) ) ;
#1068 = ORIENTED_EDGE ( 'NONE', *, *, #1236, .F. ) ;
#1069 = DIRECTION ( 'NONE',  ( 0.0000000000000000000, 0.0000000000000000000, 1.000000000000000000 ) ) ;
#1070 = FACE_OUTER_BOUND ( 'NONE', #3453, .T. ) ;
#1071 = ORIENTED_EDGE ( 'NONE', *, *, #5022, .F. ) ;
#1072 = LINE ( 'NONE', #3632, #4082 ) ;
#1073 = CARTESIAN_POINT ( 'NONE',  ( 0.2379674688103072255, -0.03520000000000000212, -0.1499999999999999944 ) ) ;
#1074 = EDGE_CURVE ( 'NONE', #3715, #4026, #4535, .T. ) ;
#1075 = DIRECTION ( 'NONE',  ( 1.000000000000000000, 0.0000000000000000000, -5.421193827719211569E-15 ) ) ;
#1076 = CARTESIAN_POINT ( 'NONE',  ( 0.1379674688103071922, -0.03520000000000000212, -0.1874000000000005384 ) ) ;
#1077 = ORIENTED_EDGE ( 'NONE', *, *, #1152, .T. ) ;
#1078 = EDGE_CURVE ( 'NONE', #4715, #3559, #4104, .T. ) ;
#1079 = ORIENTED_EDGE ( 'NONE', *, *, #5252, .T. ) ;
#1080 = LINE ( 'NONE', #4556, #4208 ) ;
#1081 = CYLINDRICAL_SURFACE ( 'NONE', #1039, 0.02874000000000051860 ) ;
#1082 =( NAMED_UNIT ( * ) SI_UNIT ( $, .STERADIAN. ) SOLID_ANGLE_UNIT ( ) );
#1083 = DIRECTION ( 'NONE',  ( 0.0000000000000000000, 0.0000000000000000000, 1.000000000000000000 ) ) ;
#1084 = AXIS2_PLACEMENT_3D ( 'NONE', #1915, #1889, #3605 ) ;
#1085 = DIRECTION ( 'NONE',  ( -0.0000000000000000000, 1.000000000000000000, -0.0000000000000000000 ) ) ;
#1086 = EDGE_CURVE ( 'NONE', #1214, #867, #1929, .T. ) ;
#1087 = EDGE_LOOP ( 'NONE', ( #2067, #3702, #3041, #2364 ) ) ;
#1088 = DIRECTION ( 'NONE',  ( 0.0000000000000000000, 0.0000000000000000000, 1.000000000000000000 ) ) ;
#1089 = CARTESIAN_POINT ( 'NONE',  ( 0.03796746881030720056, 0.0000000000000000000, -0.1874000000000005384 ) ) ;
#1090 = FACE_OUTER_BOUND ( 'NONE', #166, .T. ) ;
#1091 = VERTEX_POINT ( 'NONE', #3701 ) ;
#1092 = CARTESIAN_POINT ( 'NONE',  ( 0.1379674688103071922, -0.1100000000000000006, -0.02125999999999947723 ) ) ;
#1093 = DIRECTION ( 'NONE',  ( 0.0000000000000000000, 0.0000000000000000000, 1.000000000000000000 ) ) ;
#1094 = ORIENTED_EDGE ( 'NONE', *, *, #5209, .T. ) ;
#1095 = DIRECTION ( 'NONE',  ( 0.3420201433256601087, 0.0000000000000000000, -0.9396926207859115365 ) ) ;
#1096 = CARTESIAN_POINT ( 'NONE',  ( 0.2999990000000001267, 0.0000000000000000000, -0.1999999999999999833 ) ) ;
#1097 = LINE ( 'NONE', #247, #593 ) ;
#1098 = DIRECTION ( 'NONE',  ( -0.0000000000000000000, 0.0000000000000000000, 1.000000000000000000 ) ) ;
#1099 = ORIENTED_EDGE ( 'NONE', *, *, #5252, .F. ) ;
#1100 = ORIENTED_EDGE ( 'NONE', *, *, #4881, .T. ) ;
#1101 = PLANE ( 'NONE',  #5320 ) ;
#1102 = EDGE_CURVE ( 'NONE', #2219, #4952, #1935, .T. ) ;
#1103 = EDGE_CURVE ( 'NONE', #2436, #635, #5384, .T. ) ;
#1104 = DIRECTION ( 'NONE',  ( 0.0000000000000000000, 0.0000000000000000000, 1.000000000000000000 ) ) ;
#1105 = CONTEXT_DEPENDENT_SHAPE_REPRESENTATION ( #354, #4523 ) ;
#1106 = DIRECTION ( 'NONE',  ( 0.0000000000000000000, 0.0000000000000000000, 1.000000000000000000 ) ) ;
#1107 = DIRECTION ( 'NONE',  ( 0.0000000000000000000, 0.0000000000000000000, 1.000000000000000000 ) ) ;
#1108 = EDGE_LOOP ( 'NONE', ( #2077, #1706, #4686, #3154 ) ) ;
#1109 = EDGE_CURVE ( 'NONE', #1977, #2894, #259, .T. ) ;
#1110 = CARTESIAN_POINT ( 'NONE',  ( 0.06670746881030771569, -0.03520000000000000212, -0.04999999999999999584 ) ) ;
#1111 = CIRCLE ( 'NONE', #4053, 0.03740000000000053698 ) ;
#1112 = EDGE_CURVE ( 'NONE', #4942, #994, #2402, .T. ) ;
#1113 = CARTESIAN_POINT ( 'NONE',  ( -0.005732531189692642581, -0.1100000000000000006, -0.01574999999999999664 ) ) ;
#1114 = VERTEX_POINT ( 'NONE', #1982 ) ;
#1115 = CARTESIAN_POINT ( 'NONE',  ( 0.6379674688103071922, -0.1100000000000000006, -0.1499999999999999944 ) ) ;
#1116 = LINE ( 'NONE', #2328, #2808 ) ;
#1117 = ORIENTED_EDGE ( 'NONE', *, *, #3243, .T. ) ;
#1118 = VECTOR ( 'NONE', #2744, 39.37007874015748143 ) ;
#1119 = LINE ( 'NONE', #5445, #1853 ) ;
#1120 = AXIS2_PLACEMENT_3D ( 'NONE', #2957, #2183, #781 ) ;
#1121 = DIRECTION ( 'NONE',  ( -0.0000000000000000000, 1.000000000000000000, -0.0000000000000000000 ) ) ;
#1122 = AXIS2_PLACEMENT_3D ( 'NONE', #4062, #3665, #1459 ) ;
#1123 = CARTESIAN_POINT ( 'NONE',  ( 0.03796746881030719362, 0.0000000000000000000, -0.1499999999999999944 ) ) ;
#1124 = EDGE_LOOP ( 'NONE', ( #454, #3576, #717, #628 ) ) ;
#1125 = ORIENTED_EDGE ( 'NONE', *, *, #5123, .F. ) ;
#1126 = ORIENTED_EDGE ( 'NONE', *, *, #2042, .T. ) ;
#1127 = DIRECTION ( 'NONE',  ( -1.000000000000000000, 0.0000000000000000000, 4.840987058537324418E-16 ) ) ;
#1128 = VECTOR ( 'NONE', #5489, 39.37007874015748143 ) ;
#1129 = AXIS2_PLACEMENT_3D ( 'NONE', #4962, #3674, #4487 ) ;
#1130 = AXIS2_PLACEMENT_3D ( 'NONE', #2580, #509, #1772 ) ;
#1131 = CARTESIAN_POINT ( 'NONE',  ( 0.3379674688103072033, -0.03520000000000000212, -0.1125999999999994644 ) ) ;
#1132 = CARTESIAN_POINT ( 'NONE',  ( 0.7379674688103072810, 0.0000000000000000000, -0.1499999999999999944 ) ) ;
#1133 = CARTESIAN_POINT ( 'NONE',  ( 0.6759359376206146575, -0.1100000000000000006, -9.478001694819074349E-34 ) ) ;
#1134 = CIRCLE ( 'NONE', #4617, 0.02874000000000051860 ) ;
#1135 = CARTESIAN_POINT ( 'NONE',  ( 0.5379674688103072144, 1.224646799147263287E-20, -0.08740000000000051894 ) ) ;
#1136 = AXIS2_PLACEMENT_3D ( 'NONE', #2290, #455, #3989 ) ;
#1137 = ORIENTED_EDGE ( 'NONE', *, *, #1939, .T. ) ;
#1138 = EDGE_CURVE ( 'NONE', #3115, #301, #2348, .T. ) ;
#1139 = AXIS2_PLACEMENT_3D ( 'NONE', #4252, #2134, #2800 ) ;
#1140 = CIRCLE ( 'NONE', #4264, 0.009999999999999073866 ) ;
#1141 = AXIS2_PLACEMENT_3D ( 'NONE', #1275, #3372, #2210 ) ;
#1142 = DIRECTION ( 'NONE',  ( -0.0000000000000000000, 0.0000000000000000000, 1.000000000000000000 ) ) ;
#1143 = CIRCLE ( 'NONE', #1857, 0.02874000000000051860 ) ;
#1144 = ADVANCED_FACE ( 'NONE', ( #639 ), #2761, .F. ) ;
#1145 = CIRCLE ( 'NONE', #5093, 0.02874000000000051860 ) ;
#1146 = AXIS2_PLACEMENT_3D ( 'NONE', #3570, #4854, #4940 ) ;
#1147 = FACE_OUTER_BOUND ( 'NONE', #4115, .T. ) ;
#1148 = EDGE_LOOP ( 'NONE', ( #622, #4736, #4313, #1825 ) ) ;
#1149 = FACE_OUTER_BOUND ( 'NONE', #840, .T. ) ;
#1150 = CYLINDRICAL_SURFACE ( 'NONE', #1647, 0.02649999999999929495 ) ;
#1151 = VERTEX_POINT ( 'NONE', #236 ) ;
#1152 = EDGE_CURVE ( 'NONE', #2682, #4691, #1483, .T. ) ;
#1153 = DIRECTION ( 'NONE',  ( 0.0000000000000000000, -0.0000000000000000000, -1.000000000000000000 ) ) ;
#1154 = CARTESIAN_POINT ( 'NONE',  ( 0.7879674688103074365, -0.1100000000000000006, -0.01575000000000000705 ) ) ;
#1155 = VERTEX_POINT ( 'NONE', #1903 ) ;
#1156 = VERTEX_POINT ( 'NONE', #1113 ) ;
#1157 = EDGE_LOOP ( 'NONE', ( #3782, #5195, #3930, #5339 ) ) ;
#1158 = LINE ( 'NONE', #1995, #1307 ) ;
#1159 = EDGE_CURVE ( 'NONE', #2774, #3395, #4047, .T. ) ;
#1160 = CARTESIAN_POINT ( 'NONE',  ( 0.0000000000000000000, -0.1100000000000000006, 0.0000000000000000000 ) ) ;
#1161 = LINE ( 'NONE', #758, #2188 ) ;
#1162 = CARTESIAN_POINT ( 'NONE',  ( 0.7879674688103074365, -0.1100000000000000006, -0.1842499999999999416 ) ) ;
#1163 = CARTESIAN_POINT ( 'NONE',  ( 0.7379674688103072810, 0.0000000000000000000, -0.1499999999999999944 ) ) ;
#1164 = UNCERTAINTY_MEASURE_WITH_UNIT (LENGTH_MEASURE( 1.000000000000000082E-05 ), #5391, 'distance_accuracy_value', 'NONE');
#1165 = ORIENTED_EDGE ( 'NONE', *, *, #652, .F. ) ;
#1166 = ADVANCED_FACE ( 'NONE', ( #1090 ), #2867, .F. ) ;
#1167 = DIRECTION ( 'NONE',  ( -0.0000000000000000000, 1.000000000000000000, -0.0000000000000000000 ) ) ;
#1169 = ADVANCED_FACE ( 'NONE', ( #4510 ), #699, .F. ) ;
#1168 = CARTESIAN_POINT ( 'NONE',  ( 0.3816684688103073597, 0.0000000000000000000, -0.01574999999999998623 ) ) ;
#1170 = VERTEX_POINT ( 'NONE', #4997 ) ;
#1171 = DIRECTION ( 'NONE',  ( -0.0000000000000000000, 1.000000000000000000, -0.0000000000000000000 ) ) ;
#1172 = ORIENTED_EDGE ( 'NONE', *, *, #1786, .F. ) ;
#1173 = CARTESIAN_POINT ( 'NONE',  ( 0.1379674688103071922, 0.0000000000000000000, -0.02125999999999947376 ) ) ;
#1174 = ORIENTED_EDGE ( 'NONE', *, *, #4291, .T. ) ;
#1175 = CARTESIAN_POINT ( 'NONE',  ( 0.3816684688103074707, -0.1100000000000000006, -0.1842499999999996085 ) ) ;
#1176 = ADVANCED_FACE ( 'NONE', ( #1147 ), #2844, .F. ) ;
#1177 = CARTESIAN_POINT ( 'NONE',  ( 0.7379674688103072810, -0.1100000000000000006, -0.02125999999999947723 ) ) ;
#1178 = SURFACE_STYLE_USAGE ( .BOTH. , #3295 ) ;
#1179 = ORIENTED_EDGE ( 'NONE', *, *, #1895, .T. ) ;
#1180 = ORIENTED_EDGE ( 'NONE', *, *, #2741, .T. ) ;
#1181 = EDGE_LOOP ( 'NONE', ( #4186, #2021, #2550, #2533 ) ) ;
#1182 = CARTESIAN_POINT ( 'NONE',  ( 0.1649999999999989253, 0.0000000000000000000, 0.0000000000000000000 ) ) ;
#1183 = DIRECTION ( 'NONE',  ( 0.0000000000000000000, 0.0000000000000000000, 1.000000000000000000 ) ) ;
#1184 = CONTEXT_DEPENDENT_SHAPE_REPRESENTATION ( #2724, #4016 ) ;
#1185 = DIRECTION ( 'NONE',  ( -0.9396926207859072067, 0.0000000000000000000, -0.3420201433256721546 ) ) ;
#1186 = PLANE ( 'NONE',  #5432 ) ;
#1187 = DIRECTION ( 'NONE',  ( -0.0000000000000000000, 1.000000000000000000, -0.0000000000000000000 ) ) ;
#1188 = ORIENTED_EDGE ( 'NONE', *, *, #3866, .T. ) ;
#1189 = LINE ( 'NONE', #5536, #313 ) ;
#1190 = APPLICATION_CONTEXT ( 'automotive_design' ) ;
#1191 = DIRECTION ( 'NONE',  ( -0.0000000000000000000, 1.000000000000000000, -0.0000000000000000000 ) ) ;
#1192 = ORIENTED_EDGE ( 'NONE', *, *, #336, .F. ) ;
#1193 = DIRECTION ( 'NONE',  ( -0.0000000000000000000, 1.000000000000000000, -0.0000000000000000000 ) ) ;
#1194 = FACE_OUTER_BOUND ( 'NONE', #467, .T. ) ;
#1195 = VERTEX_POINT ( 'NONE', #3285 ) ;
#1196 = DIRECTION ( 'NONE',  ( -4.840987058537324418E-16, 0.0000000000000000000, -1.000000000000000000 ) ) ;
#1197 = CARTESIAN_POINT ( 'NONE',  ( 0.2379674688103072255, -0.03520000000000000212, -0.1499999999999999944 ) ) ;
#1198 = DIRECTION ( 'NONE',  ( 0.0000000000000000000, -1.000000000000000000, 0.0000000000000000000 ) ) ;
#1199 = AXIS2_PLACEMENT_3D ( 'NONE', #5117, #4662, #1347 ) ;
#1200 = DIRECTION ( 'NONE',  ( -0.0000000000000000000, 1.000000000000000000, -0.0000000000000000000 ) ) ;
#1201 = VERTEX_POINT ( 'NONE', #1168 ) ;
#1202 = VECTOR ( 'NONE', #1037, 39.37007874015748143 ) ;
#1203 = ORIENTED_EDGE ( 'NONE', *, *, #4401, .T. ) ;
#1204 = DIRECTION ( 'NONE',  ( -0.0000000000000000000, 1.000000000000000000, -0.0000000000000000000 ) ) ;
#1205 = EDGE_CURVE ( 'NONE', #383, #816, #1044, .T. ) ;
#1206 = PRODUCT_DEFINITION_SHAPE ( 'NONE', 'NONE',  #5546 ) ;
#1207 = CIRCLE ( 'NONE', #3085, 0.02874000000000052554 ) ;
#1208 = DIMENSIONAL_EXPONENTS ( 1.000000000000000000, 0.0000000000000000000, 0.0000000000000000000, 0.0000000000000000000, 0.0000000000000000000, 0.0000000000000000000, 0.0000000000000000000 ) ;
#1209 = LINE ( 'NONE', #4199, #1928 ) ;
#1210 = ITEM_DEFINED_TRANSFORMATION ( 'NONE', 'NONE', #2476,  #1046 ) ;
#1211 = LINE ( 'NONE', #2059, #2891 ) ;
#1212 = DIRECTION ( 'NONE',  ( -0.0000000000000000000, 1.000000000000000000, -0.0000000000000000000 ) ) ;
#1213 = CARTESIAN_POINT ( 'NONE',  ( 0.4999990000000001378, -0.1100000000000000006, 0.0000000000000000000 ) ) ;
#1214 = VERTEX_POINT ( 'NONE', #1472 ) ;
#1215 = VECTOR ( 'NONE', #3314, 39.37007874015748143 ) ;
#1216 = ADVANCED_FACE ( 'NONE', ( #3182 ), #4701, .T. ) ;
#1217 = AXIS2_PLACEMENT_3D ( 'NONE', #511, #5119, #2996 ) ;
#1218 = CIRCLE ( 'NONE', #400, 0.02874000000000051860 ) ;
#1219 = CARTESIAN_POINT ( 'NONE',  ( 0.0000000000000000000, -0.1100000000000000006, 0.0000000000000000000 ) ) ;
#1220 = VECTOR ( 'NONE', #3785, 39.37007874015748143 ) ;
#1221 = DIRECTION ( 'NONE',  ( 0.0000000000000000000, -0.0000000000000000000, -1.000000000000000000 ) ) ;
#1222 = CIRCLE ( 'NONE', #233, 0.02874000000000051860 ) ;
#1223 = EDGE_CURVE ( 'NONE', #3313, #3488, #3842, .T. ) ;
#1224 = EDGE_LOOP ( 'NONE', ( #2950, #2389, #3165, #83 ) ) ;
#1225 = DIRECTION ( 'NONE',  ( 0.0000000000000000000, 0.0000000000000000000, -1.000000000000000000 ) ) ;
#1226 = FACE_OUTER_BOUND ( 'NONE', #3558, .T. ) ;
#1227 = ORIENTED_EDGE ( 'NONE', *, *, #1449, .F. ) ;
#1228 = PLANE ( 'NONE',  #1668 ) ;
#1229 = DIRECTION ( 'NONE',  ( 0.0000000000000000000, -1.000000000000000000, 0.0000000000000000000 ) ) ;
#1230 = DIRECTION ( 'NONE',  ( 0.0000000000000000000, 0.0000000000000000000, 1.000000000000000000 ) ) ;
#1231 = VERTEX_POINT ( 'NONE', #3311 ) ;
#1232 = VERTEX_POINT ( 'NONE', #4213 ) ;
#1233 = DIRECTION ( 'NONE',  ( -1.000000000000000000, -0.0000000000000000000, -0.0000000000000000000 ) ) ;
#1234 = DIRECTION ( 'NONE',  ( -0.0000000000000000000, 1.000000000000000000, -0.0000000000000000000 ) ) ;
#1235 = CARTESIAN_POINT ( 'NONE',  ( -0.005732531189692387577, -0.1100000000000000006, -0.1842499999999996918 ) ) ;
#1236 = EDGE_CURVE ( 'NONE', #648, #2334, #392, .T. ) ;
#1237 = FACE_OUTER_BOUND ( 'NONE', #5467, .T. ) ;
#1238 = CARTESIAN_POINT ( 'NONE',  ( 0.7816674688103073532, -0.1100000000000000006, -0.1842499999999999416 ) ) ;
#1239 = ORIENTED_EDGE ( 'NONE', *, *, #819, .T. ) ;
#1240 = ORIENTED_EDGE ( 'NONE', *, *, #707, .F. ) ;
#1241 = EDGE_CURVE ( 'NONE', #1406, #1761, #4185, .T. ) ;
#1242 = DIRECTION ( 'NONE',  ( 0.0000000000000000000, 0.0000000000000000000, 1.000000000000000000 ) ) ;
#1243 = ADVANCED_FACE ( 'NONE', ( #3734, #1634 ), #3416, .F. ) ;
#1244 = DIRECTION ( 'NONE',  ( 1.000000000000000000, 0.0000000000000000000, -0.0000000000000000000 ) ) ;
#1245 = DIRECTION ( 'NONE',  ( -1.000000000000000000, 0.0000000000000000000, -1.266620916943744463E-17 ) ) ;
#1246 = ORIENTED_EDGE ( 'NONE', *, *, #5470, .T. ) ;
#1247 = CARTESIAN_POINT ( 'NONE',  ( 0.5816684688103074263, -0.1100000000000000006, -0.01574999999999998623 ) ) ;
#1248 = DIRECTION ( 'NONE',  ( -0.0000000000000000000, 1.000000000000000000, -0.0000000000000000000 ) ) ;
#1249 = ORIENTED_EDGE ( 'NONE', *, *, #1562, .F. ) ;
#1250 = CARTESIAN_POINT ( 'NONE',  ( 0.2999990000000001267, -0.1100000000000000006, 0.0000000000000000000 ) ) ;
#1251 = ADVANCED_FACE ( 'NONE', ( #2151 ), #2066, .F. ) ;
#1252 = PLANE ( 'NONE',  #3803 ) ;
#1253 =( LENGTH_UNIT ( ) NAMED_UNIT ( * ) SI_UNIT ( $, .METRE. ) );
#1254 = DIRECTION ( 'NONE',  ( 0.0000000000000000000, 0.0000000000000000000, 1.000000000000000000 ) ) ;
#1255 = DIRECTION ( 'NONE',  ( -0.0000000000000000000, 1.000000000000000000, -0.0000000000000000000 ) ) ;
#1256 = EDGE_LOOP ( 'NONE', ( #2358, #1658, #2333, #2352 ) ) ;
#1257 = VERTEX_POINT ( 'NONE', #3814 ) ;
#1258 = ORIENTED_EDGE ( 'NONE', *, *, #1826, .F. ) ;
#1259 = LINE ( 'NONE', #2023, #953 ) ;
#1260 = FACE_BOUND ( 'NONE', #2516, .T. ) ;
#1261 = DIRECTION ( 'NONE',  ( -0.0000000000000000000, 1.000000000000000000, -0.0000000000000000000 ) ) ;
#1262 = LINE ( 'NONE', #5178, #4709 ) ;
#1263 = ORIENTED_EDGE ( 'NONE', *, *, #3763, .F. ) ;
#1264 = ORIENTED_EDGE ( 'NONE', *, *, #306, .T. ) ;
#1265 = EDGE_LOOP ( 'NONE', ( #2943, #58, #4351, #3859 ) ) ;
#1266 = ADVANCED_FACE ( 'NONE', ( #4 ), #2928, .F. ) ;
#1267 = DIRECTION ( 'NONE',  ( 5.421193827719211569E-15, 0.0000000000000000000, 1.000000000000000000 ) ) ;
#1268 = DIRECTION ( 'NONE',  ( 1.000000000000000000, 0.0000000000000000000, -0.0000000000000000000 ) ) ;
#1269 = ORIENTED_EDGE ( 'NONE', *, *, #1586, .T. ) ;
#1270 = EDGE_CURVE ( 'NONE', #2667, #1474, #2589, .T. ) ;
#1271 = CARTESIAN_POINT ( 'NONE',  ( 0.1379674688103071922, 0.0000000000000000000, -0.1787400000000005096 ) ) ;
#1272 = ORIENTED_EDGE ( 'NONE', *, *, #1449, .T. ) ;
#1273 = DIRECTION ( 'NONE',  ( -1.000000000000000000, 0.0000000000000000000, -0.0000000000000000000 ) ) ;
#1274 = ORIENTED_EDGE ( 'NONE', *, *, #2006, .T. ) ;
#1275 = CARTESIAN_POINT ( 'NONE',  ( 0.3379674688103072033, -0.1100000000000000006, -0.04999999999999999584 ) ) ;
#1276 = ADVANCED_FACE ( 'NONE', ( #5510 ), #2087, .T. ) ;
#1277 = CARTESIAN_POINT ( 'NONE',  ( 0.7379674688103072810, 1.224646799147263287E-20, -0.1874000000000005384 ) ) ;
#1278 = DIRECTION ( 'NONE',  ( -1.000000000000000000, -0.0000000000000000000, -0.0000000000000000000 ) ) ;
#1279 = CARTESIAN_POINT ( 'NONE',  ( 0.1649999999999989253, 0.0000000000000000000, 0.0000000000000000000 ) ) ;
#1280 = ORIENTED_EDGE ( 'NONE', *, *, #1683, .F. ) ;
#1281 = ORIENTED_EDGE ( 'NONE', *, *, #4401, .F. ) ;
#1282 = ORIENTED_EDGE ( 'NONE', *, *, #5046, .F. ) ;
#1283 = DIRECTION ( 'NONE',  ( -0.0000000000000000000, 1.000000000000000000, -0.0000000000000000000 ) ) ;
#1284 = AXIS2_PLACEMENT_3D ( 'NONE', #2823, #2792, #5368 ) ;
#1285 = DIRECTION ( 'NONE',  ( 0.0000000000000000000, 0.0000000000000000000, -1.000000000000000000 ) ) ;
#1286 = PLANE ( 'NONE',  #4449 ) ;
#1287 = DIRECTION ( 'NONE',  ( -0.0000000000000000000, 1.000000000000000000, -0.0000000000000000000 ) ) ;
#1288 = ORIENTED_EDGE ( 'NONE', *, *, #2241, .T. ) ;
#1289 = ORIENTED_EDGE ( 'NONE', *, *, #871, .F. ) ;
#1290 = ORIENTED_EDGE ( 'NONE', *, *, #3757, .T. ) ;
#1291 = VECTOR ( 'NONE', #1008, 39.37007874015748143 ) ;
#1292 = VECTOR ( 'NONE', #3817, 39.37007874015748143 ) ;
#1293 = DIRECTION ( 'NONE',  ( -1.000000000000000000, -0.0000000000000000000, -0.0000000000000000000 ) ) ;
#1294 = CARTESIAN_POINT ( 'NONE',  ( -0.01203253118969264089, -0.1100000000000000006, -0.1842499999999996918 ) ) ;
#1295 = DIRECTION ( 'NONE',  ( 0.0000000000000000000, 0.0000000000000000000, 1.000000000000000000 ) ) ;
#1296 = AXIS2_PLACEMENT_3D ( 'NONE', #3043, #3937, #4398 ) ;
#1297 = ORIENTED_EDGE ( 'NONE', *, *, #4959, .F. ) ;
#1298 = AXIS2_PLACEMENT_3D ( 'NONE', #817, #24, #387 ) ;
#1299 = VECTOR ( 'NONE', #4790, 39.37007874015748143 ) ;
#1300 = DIRECTION ( 'NONE',  ( 0.0000000000000000000, 0.0000000000000000000, 1.000000000000000000 ) ) ;
#1301 = EDGE_CURVE ( 'NONE', #1787, #2453, #3892, .T. ) ;
#1302 = VERTEX_POINT ( 'NONE', #3778 ) ;
#1303 = DIRECTION ( 'NONE',  ( -0.0000000000000000000, 1.000000000000000000, -0.0000000000000000000 ) ) ;
#1304 = EDGE_CURVE ( 'NONE', #4058, #1151, #2893, .T. ) ;
#1305 = VECTOR ( 'NONE', #258, 39.37007874015748143 ) ;
#1306 = VERTEX_POINT ( 'NONE', #2565 ) ;
#1307 = VECTOR ( 'NONE', #1233, 39.37007874015748143 ) ;
#1308 = EDGE_LOOP ( 'NONE', ( #2170, #2856, #3525, #3039 ) ) ;
#1309 = CARTESIAN_POINT ( 'NONE',  ( 0.3667074688103076907, -0.03520000000000000212, -0.1499999999999999944 ) ) ;
#1310 = VECTOR ( 'NONE', #3413, 39.37007874015748143 ) ;
#1311 = AXIS2_PLACEMENT_3D ( 'NONE', #468, #4257, #2187 ) ;
#1312 = DIRECTION ( 'NONE',  ( -0.0000000000000000000, 1.000000000000000000, -0.0000000000000000000 ) ) ;
#1313 = DIRECTION ( 'NONE',  ( 0.0000000000000000000, -1.000000000000000000, 0.0000000000000000000 ) ) ;
#1314 = ADVANCED_FACE ( 'NONE', ( #797 ), #4279, .F. ) ;
#1315 = CARTESIAN_POINT ( 'NONE',  ( 0.3942664688103074133, 0.0000000000000000000, -0.1842499999999996918 ) ) ;
#1316 = EDGE_LOOP ( 'NONE', ( #3745, #1117, #2635, #1598 ) ) ;
#1317 = EDGE_LOOP ( 'NONE', ( #1463, #3934 ) ) ;
#1318 = CIRCLE ( 'NONE', #4916, 0.02874000000000051860 ) ;
#1319 = DIRECTION ( 'NONE',  ( 0.0000000000000000000, -0.0000000000000000000, -1.000000000000000000 ) ) ;
#1320 = DIRECTION ( 'NONE',  ( 0.0000000000000000000, -0.0000000000000000000, -1.000000000000000000 ) ) ;
#1321 = VECTOR ( 'NONE', #2620, 39.37007874015748143 ) ;
#1322 = LINE ( 'NONE', #5176, #767 ) ;
#1323 = DIRECTION ( 'NONE',  ( -0.0000000000000000000, 1.000000000000000000, -0.0000000000000000000 ) ) ;
#1324 = VERTEX_POINT ( 'NONE', #821 ) ;
#1325 = ORIENTED_EDGE ( 'NONE', *, *, #4291, .F. ) ;
#1326 = EDGE_LOOP ( 'NONE', ( #107, #3603 ) ) ;
#1327 = ADVANCED_FACE ( 'NONE', ( #5102 ), #2949, .F. ) ;
#1328 = DIRECTION ( 'NONE',  ( 0.0000000000000000000, 0.0000000000000000000, 1.000000000000000000 ) ) ;
#1329 = CARTESIAN_POINT ( 'NONE',  ( 0.6942664688103074022, 0.0000000000000000000, -0.01574999999999999664 ) ) ;
#1330 = CARTESIAN_POINT ( 'NONE',  ( 0.0000000000000000000, -0.1100000000000000006, 0.0000000000000000000 ) ) ;
#1331 = ORIENTED_EDGE ( 'NONE', *, *, #3128, .F. ) ;
#1332 = CARTESIAN_POINT ( 'NONE',  ( 0.09999900000000011557, 0.0000000000000000000, -0.1999999999999999833 ) ) ;
#1333 = ORIENTED_EDGE ( 'NONE', *, *, #1867, .T. ) ;
#1334 = CARTESIAN_POINT ( 'NONE',  ( 0.7759349376206150506, -0.1100000000000000006, -0.2000000000000000111 ) ) ;
#1335 = VERTEX_POINT ( 'NONE', #4239 ) ;
#1336 = LINE ( 'NONE', #4769, #1321 ) ;
#1337 = EDGE_CURVE ( 'NONE', #2193, #3488, #1387, .T. ) ;
#1338 = EDGE_CURVE ( 'NONE', #2774, #5120, #5047, .T. ) ;
#1339 = FACE_OUTER_BOUND ( 'NONE', #3759, .T. ) ;
#1340 = CYLINDRICAL_SURFACE ( 'NONE', #2390, 0.03740000000000053004 ) ;
#1341 = ORIENTED_EDGE ( 'NONE', *, *, #794, .T. ) ;
#1342 = CARTESIAN_POINT ( 'NONE',  ( 0.0000000000000000000, 0.0000000000000000000, 0.0000000000000000000 ) ) ;
#1343 = DIRECTION ( 'NONE',  ( 1.000000000000000000, 0.0000000000000000000, -0.0000000000000000000 ) ) ;
#1344 = EDGE_LOOP ( 'NONE', ( #3639, #700, #4386, #5491 ) ) ;
#1345 = LINE ( 'NONE', #1818, #4822 ) ;
#1346 = EDGE_CURVE ( 'NONE', #2260, #3323, #115, .T. ) ;
#1347 = DIRECTION ( 'NONE',  ( 0.3420201433256633283, 0.0000000000000000000, -0.9396926207859103153 ) ) ;
#1348 = CYLINDRICAL_SURFACE ( 'NONE', #3264, 0.03740000000000053698 ) ;
#1349 = CARTESIAN_POINT ( 'NONE',  ( 0.5379674688103072144, -0.1100000000000000006, -0.04999999999999999584 ) ) ;
#1350 = EDGE_LOOP ( 'NONE', ( #1281, #4167 ) ) ;
#1351 = ORIENTED_EDGE ( 'NONE', *, *, #2106, .F. ) ;
#1352 = ORIENTED_EDGE ( 'NONE', *, *, #2403, .T. ) ;
#1353 = EDGE_CURVE ( 'NONE', #4530, #1887, #3617, .T. ) ;
#1354 = LINE ( 'NONE', #2971, #3540 ) ;
#1355 = DIRECTION ( 'NONE',  ( 0.0000000000000000000, 0.0000000000000000000, 1.000000000000000000 ) ) ;
#1356 = EDGE_LOOP ( 'NONE', ( #5180, #4950, #2828, #5286 ) ) ;
#1357 = DIRECTION ( 'NONE',  ( -0.0000000000000000000, 0.0000000000000000000, -1.000000000000000000 ) ) ;
#1358 = CARTESIAN_POINT ( 'NONE',  ( 0.3379674688103072033, 0.0000000000000000000, -0.1125999999999994644 ) ) ;
#1359 = ORIENTED_EDGE ( 'NONE', *, *, #864, .T. ) ;
#1360 = CARTESIAN_POINT ( 'NONE',  ( 0.2667074688103077129, -0.03520000000000000212, -0.1499999999999999944 ) ) ;
#1361 = DIRECTION ( 'NONE',  ( 0.0000000000000000000, 0.0000000000000000000, 1.000000000000000000 ) ) ;
#1362 = CARTESIAN_POINT ( 'NONE',  ( 0.0000000000000000000, -0.1100000000000000006, 0.0000000000000000000 ) ) ;
#1363 = EDGE_LOOP ( 'NONE', ( #5099, #3471 ) ) ;
#1364 = DIRECTION ( 'NONE',  ( 0.0000000000000000000, 1.000000000000000000, -0.0000000000000000000 ) ) ;
#1365 = CARTESIAN_POINT ( 'NONE',  ( 0.2379674688103072255, -0.03520000000000000212, -0.04999999999999999584 ) ) ;
#1366 = ORIENTED_EDGE ( 'NONE', *, *, #306, .F. ) ;
#1367 = CARTESIAN_POINT ( 'NONE',  ( 0.09426646881030741054, -0.1100000000000000006, -0.1842499999999996918 ) ) ;
#1368 = CARTESIAN_POINT ( 'NONE',  ( 0.08166846881030742633, -0.1100000000000000006, -0.1842499999999996085 ) ) ;
#1369 = DIRECTION ( 'NONE',  ( -0.0000000000000000000, 1.000000000000000000, -0.0000000000000000000 ) ) ;
#1370 = FACE_OUTER_BOUND ( 'NONE', #2451, .T. ) ;
#1371 = ORIENTED_EDGE ( 'NONE', *, *, #3733, .F. ) ;
#1372 = VERTEX_POINT ( 'NONE', #1836 ) ;
#1373 = EDGE_CURVE ( 'NONE', #875, #447, #1384, .T. ) ;
#1374 = ORIENTED_EDGE ( 'NONE', *, *, #4474, .T. ) ;
#1375 = DIRECTION ( 'NONE',  ( -0.0000000000000000000, 1.000000000000000000, -0.0000000000000000000 ) ) ;
#1376 = LINE ( 'NONE', #2586, #3449 ) ;
#1377 = ADVANCED_FACE ( 'NONE', ( #5296 ), #1439, .T. ) ;
#1378 = ORIENTED_EDGE ( 'NONE', *, *, #1054, .F. ) ;
#1379 = CIRCLE ( 'NONE', #4236, 0.02874000000000051860 ) ;
#1380 = LINE ( 'NONE', #1673, #670 ) ;
#1381 = AXIS2_PLACEMENT_3D ( 'NONE', #3047, #2184, #4341 ) ;
#1382 = AXIS2_PLACEMENT_3D ( 'NONE', #4964, #5386, #4588 ) ;
#1383 = CIRCLE ( 'NONE', #847, 0.03740000000000053698 ) ;
#1384 = LINE ( 'NONE', #1358, #3708 ) ;
#1385 = LINE ( 'NONE', #4829, #302 ) ;
#1386 = VECTOR ( 'NONE', #5400, 39.37007874015748143 ) ;
#1387 = CIRCLE ( 'NONE', #4071, 0.02874000000000051860 ) ;
#1388 = LINE ( 'NONE', #200, #4638 ) ;
#1389 = AXIS2_PLACEMENT_3D ( 'NONE', #747, #2019, #3714 ) ;
#1390 = EDGE_CURVE ( 'NONE', #3851, #3379, #4367, .T. ) ;
#1391 = DIRECTION ( 'NONE',  ( 0.0000000000000000000, 0.0000000000000000000, 1.000000000000000000 ) ) ;
#1392 = VECTOR ( 'NONE', #3385, 39.37007874015748143 ) ;
#1393 = EDGE_LOOP ( 'NONE', ( #1817, #3357, #561, #1454 ) ) ;
#1394 = FACE_BOUND ( 'NONE', #2600, .T. ) ;
#1395 =( GEOMETRIC_REPRESENTATION_CONTEXT ( 3 ) GLOBAL_UNCERTAINTY_ASSIGNED_CONTEXT ( ( #480 ) ) GLOBAL_UNIT_ASSIGNED_CONTEXT ( ( #61, #450, #2231 ) ) REPRESENTATION_CONTEXT ( 'NONE', 'WORKASPACE' ) );
#1396 = CARTESIAN_POINT ( 'NONE',  ( 0.0000000000000000000, -0.1100000000000000006, 0.0000000000000000000 ) ) ;
#1397 = EDGE_LOOP ( 'NONE', ( #3997, #3707 ) ) ;
#1398 = ORIENTED_EDGE ( 'NONE', *, *, #4097, .T. ) ;
#1399 = FACE_OUTER_BOUND ( 'NONE', #5393, .T. ) ;
#1400 = VECTOR ( 'NONE', #5109, 39.37007874015748143 ) ;
#1401 = AXIS2_PLACEMENT_3D ( 'NONE', #5030, #2072, #3760 ) ;
#1402 = CARTESIAN_POINT ( 'NONE',  ( 0.03796746881030720056, -0.03520000000000000212, -0.1874000000000005384 ) ) ;
#1403 = DIRECTION ( 'NONE',  ( 0.0000000000000000000, 0.0000000000000000000, 1.000000000000000000 ) ) ;
#1404 = CARTESIAN_POINT ( 'NONE',  ( 0.4379674688103072366, 0.0000000000000000000, -0.1499999999999999944 ) ) ;
#1405 = ORIENTED_EDGE ( 'NONE', *, *, #2129, .F. ) ;
#1406 = VERTEX_POINT ( 'NONE', #2261 ) ;
#1407 = ORIENTED_EDGE ( 'NONE', *, *, #3483, .F. ) ;
#1408 = CIRCLE ( 'NONE', #4554, 0.03499999999999785227 ) ;
#1409 = EDGE_CURVE ( 'NONE', #1623, #4665, #3451, .T. ) ;
#1410 = CARTESIAN_POINT ( 'NONE',  ( 0.7667074688103078239, -0.03520000000000000212, -0.04999999999999999584 ) ) ;
#1411 = SHAPE_DEFINITION_REPRESENTATION ( #2278, #1631 ) ;
#1412 = LINE ( 'NONE', #1866, #3195 ) ;
#1413 = DIRECTION ( 'NONE',  ( -0.0000000000000000000, 1.000000000000000000, -0.0000000000000000000 ) ) ;
#1414 = EDGE_CURVE ( 'NONE', #778, #3717, #1808, .T. ) ;
#1415 = ORIENTED_EDGE ( 'NONE', *, *, #5022, .T. ) ;
#1416 = EDGE_CURVE ( 'NONE', #335, #3158, #4876, .T. ) ;
#1417 = LINE ( 'NONE', #3125, #5515 ) ;
#1418 = CARTESIAN_POINT ( 'NONE',  ( 0.7379674688103072810, -0.1100000000000000006, -0.07874000000000051791 ) ) ;
#1419 = CARTESIAN_POINT ( 'NONE',  ( 0.1649999999999998690, 0.0000000000000000000, 0.01699999999999820752 ) ) ;
#1420 = DIRECTION ( 'NONE',  ( 1.000000000000000000, 0.0000000000000000000, -5.421193827719211569E-15 ) ) ;
#1421 = VERTEX_POINT ( 'NONE', #5187 ) ;
#1422 = CARTESIAN_POINT ( 'NONE',  ( 0.1379674688103071922, -0.03520000000000000212, -0.04999999999999999584 ) ) ;
#1423 = CARTESIAN_POINT ( 'NONE',  ( 2.239553201765118668E-16, -0.1100000000000000006, -0.1999999999999996503 ) ) ;
#1424 = ORIENTED_EDGE ( 'NONE', *, *, #2782, .F. ) ;
#1425 = EDGE_CURVE ( 'NONE', #635, #2008, #3148, .T. ) ;
#1426 = ORIENTED_EDGE ( 'NONE', *, *, #3010, .T. ) ;
#1427 = DIRECTION ( 'NONE',  ( 0.0000000000000000000, 0.0000000000000000000, 1.000000000000000000 ) ) ;
#1428 = LINE ( 'NONE', #1883, #482 ) ;
#1429 = DIRECTION ( 'NONE',  ( -0.0000000000000000000, 1.000000000000000000, -0.0000000000000000000 ) ) ;
#1430 = ORIENTED_EDGE ( 'NONE', *, *, #4557, .T. ) ;
#1431 = VERTEX_POINT ( 'NONE', #1332 ) ;
#1432 = ORIENTED_EDGE ( 'NONE', *, *, #2782, .T. ) ;
#1433 = CARTESIAN_POINT ( 'NONE',  ( 0.7759349376206150506, -0.1100000000000000006, -0.2000000000000000111 ) ) ;
#1434 = CARTESIAN_POINT ( 'NONE',  ( 0.3379674688103072033, -0.03520000000000000212, -0.1874000000000005384 ) ) ;
#1435 = FACE_OUTER_BOUND ( 'NONE', #2070, .T. ) ;
#1436 = LINE ( 'NONE', #4014, #869 ) ;
#1437 = EDGE_LOOP ( 'NONE', ( #238, #381, #136, #3926 ) ) ;
#1438 = EDGE_CURVE ( 'NONE', #4189, #2695, #1026, .T. ) ;
#1439 = CYLINDRICAL_SURFACE ( 'NONE', #5344, 0.02649999999999929495 ) ;
#1440 = CARTESIAN_POINT ( 'NONE',  ( 0.1816684688103074041, -0.1100000000000000006, -0.01574999999999998623 ) ) ;
#1441 = CARTESIAN_POINT ( 'NONE',  ( 0.3816684688103074707, 0.0000000000000000000, -0.1842499999999996085 ) ) ;
#1442 = EDGE_CURVE ( 'NONE', #301, #3286, #3905, .T. ) ;
#1443 = CARTESIAN_POINT ( 'NONE',  ( 0.6379674688103071922, -0.03520000000000000212, -0.1499999999999999944 ) ) ;
#1444 = LINE ( 'NONE', #3153, #1661 ) ;
#1445 = ORIENTED_EDGE ( 'NONE', *, *, #4939, .F. ) ;
#1446 = DIRECTION ( 'NONE',  ( 0.0000000000000000000, 0.0000000000000000000, 1.000000000000000000 ) ) ;
#1447 = FACE_OUTER_BOUND ( 'NONE', #1148, .T. ) ;
#1448 = ORIENTED_EDGE ( 'NONE', *, *, #1819, .F. ) ;
#1449 = EDGE_CURVE ( 'NONE', #2169, #3457, #3956, .T. ) ;
#1450 = ORIENTED_EDGE ( 'NONE', *, *, #5098, .F. ) ;
#1451 = DIRECTION ( 'NONE',  ( -0.3420201433256654933, 0.0000000000000000000, 0.9396926207859095381 ) ) ;
#1452 = DIRECTION ( 'NONE',  ( 0.0000000000000000000, -1.224646799147353207E-16, 1.000000000000000000 ) ) ;
#1453 = DIRECTION ( 'NONE',  ( 0.0000000000000000000, 0.0000000000000000000, 1.000000000000000000 ) ) ;
#1454 = ORIENTED_EDGE ( 'NONE', *, *, #1236, .T. ) ;
#1455 = ORIENTED_EDGE ( 'NONE', *, *, #761, .T. ) ;
#1456 = EDGE_LOOP ( 'NONE', ( #832, #1913 ) ) ;
#1457 = FACE_OUTER_BOUND ( 'NONE', #3, .T. ) ;
#1458 = ADVANCED_FACE ( 'NONE', ( #3538 ), #2674, .F. ) ;
#1459 = DIRECTION ( 'NONE',  ( 0.0000000000000000000, 0.0000000000000000000, 1.000000000000000000 ) ) ;
#1460 =( CONVERSION_BASED_UNIT ( 'INCH', #1973 ) LENGTH_UNIT ( ) NAMED_UNIT ( #1208 ) );
#1461 = CARTESIAN_POINT ( 'NONE',  ( 0.1379674688103071922, -0.1100000000000000006, -0.07874000000000051791 ) ) ;
#1462 = DIRECTION ( 'NONE',  ( 0.0000000000000000000, 0.0000000000000000000, 1.000000000000000000 ) ) ;
#1463 = ORIENTED_EDGE ( 'NONE', *, *, #4396, .F. ) ;
#1464 = PRODUCT_DEFINITION_SHAPE ( 'NONE', 'NONE',  #5556 ) ;
#1465 = FACE_OUTER_BOUND ( 'NONE', #3565, .T. ) ;
#1466 = CIRCLE ( 'NONE', #3964, 0.02874000000000051860 ) ;
#1467 = VECTOR ( 'NONE', #587, 39.37007874015748143 ) ;
#1468 = LINE ( 'NONE', #5324, #517 ) ;
#1469 = CIRCLE ( 'NONE', #4699, 0.02874000000000052554 ) ;
#1470 = AXIS2_PLACEMENT_3D ( 'NONE', #2214, #2734, #2325 ) ;
#1471 = ADVANCED_FACE ( 'NONE', ( #4302 ), #4259, .T. ) ;
#1473 = EDGE_CURVE ( 'NONE', #4026, #5210, #1417, .T. ) ;
#1472 = CARTESIAN_POINT ( 'NONE',  ( 0.2942664688103074355, -0.1100000000000000006, -0.01574999999999998623 ) ) ;
#1474 = VERTEX_POINT ( 'NONE', #2697 ) ;
#1475 = CARTESIAN_POINT ( 'NONE',  ( 0.2800000000000003042, 0.0000000000000000000, 0.0000000000000000000 ) ) ;
#1476 = VECTOR ( 'NONE', #4675, 39.37007874015748143 ) ;
#1477 = ADVANCED_FACE ( 'NONE', ( #4417 ), #577, .F. ) ;
#1478 = DIRECTION ( 'NONE',  ( -0.0000000000000000000, 1.000000000000000000, -0.0000000000000000000 ) ) ;
#1479 = ORIENTED_EDGE ( 'NONE', *, *, #819, .F. ) ;
#1480 = AXIS2_PLACEMENT_3D ( 'NONE', #71, #4798, #3996 ) ;
#1481 = CARTESIAN_POINT ( 'NONE',  ( 0.6379674688103071922, -0.1100000000000000006, -0.04999999999999999584 ) ) ;
#1482 = CIRCLE ( 'NONE', #1043, 0.03740000000000053004 ) ;
#1483 = CIRCLE ( 'NONE', #850, 0.02874000000000051860 ) ;
#1484 = ADVANCED_FACE ( 'NONE', ( #1870 ), #3567, .T. ) ;
#1485 = LINE ( 'NONE', #4925, #578 ) ;
#1486 = AXIS2_PLACEMENT_3D ( 'NONE', #3384, #1656, #3354 ) ;
#1487 = CARTESIAN_POINT ( 'NONE',  ( 0.2379674688103072255, 1.224646799147263287E-20, -0.04999999999999999584 ) ) ;
#1488 = VERTEX_POINT ( 'NONE', #4454 ) ;
#1489 = ORIENTED_EDGE ( 'NONE', *, *, #4509, .T. ) ;
#1490 = ORIENTED_EDGE ( 'NONE', *, *, #2804, .T. ) ;
#1491 = AXIS2_PLACEMENT_3D ( 'NONE', #4680, #3044, #435 ) ;
#1492 = VECTOR ( 'NONE', #4198, 39.37007874015748143 ) ;
#1493 = FACE_OUTER_BOUND ( 'NONE', #5392, .T. ) ;
#1494 = AXIS2_PLACEMENT_3D ( 'NONE', #2434, #2777, #4502 ) ;
#1495 = AXIS2_PLACEMENT_3D ( 'NONE', #388, #2118, #2447 ) ;
#1496 = CARTESIAN_POINT ( 'NONE',  ( 0.03796746881030719362, 0.0000000000000000000, -0.04999999999999999584 ) ) ;
#1497 = DIRECTION ( 'NONE',  ( -0.3420201433256720991, 0.0000000000000000000, 0.9396926207859070956 ) ) ;
#1498 = CIRCLE ( 'NONE', #1758, 0.03740000000000053698 ) ;
#1499 = CARTESIAN_POINT ( 'NONE',  ( 0.5379674688103072144, 1.224646799147263287E-20, -0.04999999999999999584 ) ) ;
#1500 = ORIENTED_EDGE ( 'NONE', *, *, #2146, .F. ) ;
#1501 = VECTOR ( 'NONE', #654, 39.37007874015748143 ) ;
#1502 = ADVANCED_FACE ( 'NONE', ( #4017 ), #2321, .F. ) ;
#1503 = MANIFOLD_SOLID_BREP ( 'Slot Pattern', #2749 ) ;
#1504 = CARTESIAN_POINT ( 'NONE',  ( 0.5379674688103072144, 0.0000000000000000000, -0.04999999999999999584 ) ) ;
#1505 = DIRECTION ( 'NONE',  ( -0.0000000000000000000, 1.000000000000000000, -0.0000000000000000000 ) ) ;
#1506 = DIRECTION ( 'NONE',  ( -0.0000000000000000000, 1.000000000000000000, -0.0000000000000000000 ) ) ;
#1507 = ORIENTED_EDGE ( 'NONE', *, *, #4506, .F. ) ;
#1508 = CARTESIAN_POINT ( 'NONE',  ( 0.1942664688103074300, -0.1100000000000000006, -0.01574999999999998623 ) ) ;
#1509 = DIRECTION ( 'NONE',  ( 0.9396926207859104263, 0.0000000000000000000, 0.3420201433256633838 ) ) ;
#1510 = ORIENTED_EDGE ( 'NONE', *, *, #1696, .T. ) ;
#1511 = CARTESIAN_POINT ( 'NONE',  ( 2.239553201765118668E-16, 0.0000000000000000000, -0.1999999999999996503 ) ) ;
#1512 = EDGE_CURVE ( 'NONE', #4080, #4882, #2171, .T. ) ;
#1513 =( REPRESENTATION_RELATIONSHIP ('NONE','NONE', #4944, #1631 ) REPRESENTATION_RELATIONSHIP_WITH_TRANSFORMATION ( #2107 )SHAPE_REPRESENTATION_RELATIONSHIP( ) );
#1514 = DIRECTION ( 'NONE',  ( 0.0000000000000000000, 0.0000000000000000000, 1.000000000000000000 ) ) ;
#1515 =( LENGTH_UNIT ( ) NAMED_UNIT ( * ) SI_UNIT ( $, .METRE. ) );
#1516 = DIRECTION ( 'NONE',  ( -1.000000000000000000, -0.0000000000000000000, -0.0000000000000000000 ) ) ;
#1517 = LINE ( 'NONE', #3962, #1032 ) ;
#1518 = ORIENTED_EDGE ( 'NONE', *, *, #4696, .T. ) ;
#1519 = VERTEX_POINT ( 'NONE', #4733 ) ;
#1520 = LINE ( 'NONE', #3241, #60 ) ;
#1521 = EDGE_CURVE ( 'NONE', #5497, #1761, #545, .T. ) ;
#1522 = PRODUCT_DEFINITION_SHAPE ( 'NONE', 'NONE',  #5553 ) ;
#1523 = LINE ( 'NONE', #4954, #3978 ) ;
#1524 = APPLICATION_PROTOCOL_DEFINITION ( 'draft international standard', 'automotive_design', 1998, #3293 ) ;
#1525 = DIRECTION ( 'NONE',  ( -0.0000000000000000000, 1.000000000000000000, -0.0000000000000000000 ) ) ;
#1526 = DIRECTION ( 'NONE',  ( 0.0000000000000000000, 1.000000000000000000, 0.0000000000000000000 ) ) ;
#1527 = EDGE_LOOP ( 'NONE', ( #1682, #4399, #411, #1269 ) ) ;
#1528 = ADVANCED_FACE ( 'NONE', ( #4820, #3475 ), #2610, .F. ) ;
#1529 = DIRECTION ( 'NONE',  ( 0.0000000000000000000, -1.000000000000000000, 0.0000000000000000000 ) ) ;
#1530 = ADVANCED_FACE ( 'NONE', ( #85 ), #3861, .T. ) ;
#1531 = FACE_OUTER_BOUND ( 'NONE', #4587, .T. ) ;
#1532 = DIRECTION ( 'NONE',  ( 1.000000000000000000, 0.0000000000000000000, 0.0000000000000000000 ) ) ;
#1533 = VERTEX_POINT ( 'NONE', #3118 ) ;
#1534 = DIRECTION ( 'NONE',  ( -0.3420201433256695456, 0.0000000000000000000, -0.9396926207859080948 ) ) ;
#1535 = DIRECTION ( 'NONE',  ( 0.0000000000000000000, 0.0000000000000000000, 1.000000000000000000 ) ) ;
#1536 = EDGE_LOOP ( 'NONE', ( #980, #2329 ) ) ;
#1537 = DIRECTION ( 'NONE',  ( -0.0000000000000000000, 1.000000000000000000, -0.0000000000000000000 ) ) ;
#1538 = EDGE_CURVE ( 'NONE', #740, #3262, #4845, .T. ) ;
#1539 = DIRECTION ( 'NONE',  ( 0.0000000000000000000, 0.0000000000000000000, 1.000000000000000000 ) ) ;
#1540 = EDGE_LOOP ( 'NONE', ( #3779, #4385 ) ) ;
#1541 = ORIENTED_EDGE ( 'NONE', *, *, #4412, .F. ) ;
#1542 = ORIENTED_EDGE ( 'NONE', *, *, #4486, .F. ) ;
#1543 = LINE ( 'NONE', #1433, #4303 ) ;
#1544 = LINE ( 'NONE', #3585, #3432 ) ;
#1545 = CONTEXT_DEPENDENT_SHAPE_REPRESENTATION ( #5040, #4884 ) ;
#1546 = CARTESIAN_POINT ( 'NONE',  ( 0.1719999999999985985, 0.0000000000000000000, 0.0000000000000000000 ) ) ;
#1547 = ADVANCED_FACE ( 'NONE', ( #4323 ), #1801, .T. ) ;
#1548 = DIRECTION ( 'NONE',  ( 1.000000000000000000, 0.0000000000000000000, -5.421193827719211569E-15 ) ) ;
#1549 = DIRECTION ( 'NONE',  ( 0.0000000000000000000, 0.0000000000000000000, 1.000000000000000000 ) ) ;
#1550 = PRODUCT_DEFINITION_CONTEXT ( 'detailed design', #3293, 'design' ) ;
#1551 = ORIENTED_EDGE ( 'NONE', *, *, #1990, .T. ) ;
#1552 = EDGE_CURVE ( 'NONE', #277, #5131, #5265, .T. ) ;
#1553 = FACE_OUTER_BOUND ( 'NONE', #3670, .T. ) ;
#1554 = CARTESIAN_POINT ( 'NONE',  ( 0.08166846881030742633, -0.1100000000000000006, -0.1842499999999996085 ) ) ;
#1555 = EDGE_LOOP ( 'NONE', ( #3062, #3685 ) ) ;
#1556 = CARTESIAN_POINT ( 'NONE',  ( 0.6379674688103071922, 0.0000000000000000000, -0.04999999999999999584 ) ) ;
#1557 = DIRECTION ( 'NONE',  ( 0.0000000000000000000, 0.0000000000000000000, 1.000000000000000000 ) ) ;
#1558 = ORIENTED_EDGE ( 'NONE', *, *, #922, .T. ) ;
#1559 = AXIS2_PLACEMENT_3D ( 'NONE', #2017, #1619, #1539 ) ;
#1560 = CIRCLE ( 'NONE', #4700, 0.02874000000000052554 ) ;
#1561 = DIRECTION ( 'NONE',  ( -1.000000000000000000, 0.0000000000000000000, 4.840987058537324418E-16 ) ) ;
#1562 = EDGE_CURVE ( 'NONE', #994, #5451, #1218, .T. ) ;
#1563 = AXIS2_PLACEMENT_3D ( 'NONE', #3668, #4203, #4561 ) ;
#1564 = DIRECTION ( 'NONE',  ( -0.0000000000000000000, 1.000000000000000000, -0.0000000000000000000 ) ) ;
#1565 = CIRCLE ( 'NONE', #5508, 0.03740000000000053004 ) ;
#1566 =( CONVERSION_BASED_UNIT ( 'INCH', #4165 ) LENGTH_UNIT ( ) NAMED_UNIT ( #369 ) );
#1567 = EDGE_LOOP ( 'NONE', ( #5385, #2084, #999, #3841 ) ) ;
#1568 = EDGE_LOOP ( 'NONE', ( #1713, #13, #4856, #4598 ) ) ;
#1569 = ORIENTED_EDGE ( 'NONE', *, *, #1692, .T. ) ;
#1570 = DIRECTION ( 'NONE',  ( 0.0000000000000000000, 0.0000000000000000000, 1.000000000000000000 ) ) ;
#1571 = VECTOR ( 'NONE', #1287, 39.37007874015748143 ) ;
#1572 = VECTOR ( 'NONE', #149, 39.37007874015748143 ) ;
#1573 = DIRECTION ( 'NONE',  ( -0.0000000000000000000, 1.000000000000000000, -0.0000000000000000000 ) ) ;
#1574 = DIRECTION ( 'NONE',  ( 0.0000000000000000000, 0.0000000000000000000, 1.000000000000000000 ) ) ;
#1575 = DIRECTION ( 'NONE',  ( 0.0000000000000000000, 0.0000000000000000000, 1.000000000000000000 ) ) ;
#1576 = VECTOR ( 'NONE', #4494, 39.37007874015748143 ) ;
#1577 = CYLINDRICAL_SURFACE ( 'NONE', #2640, 0.03740000000000053004 ) ;
#1578 = ORIENTED_EDGE ( 'NONE', *, *, #3051, .T. ) ;
#1579 = PRODUCT_DEFINITION_FORMATION_WITH_SPECIFIED_SOURCE ( 'ANY', '', #576, .NOT_KNOWN. ) ;
#1580 = ADVANCED_FACE ( 'NONE', ( #3951, #111 ), #1716, .F. ) ;
#1581 = EDGE_CURVE ( 'NONE', #4352, #4040, #730, .T. ) ;
#1582 = CIRCLE ( 'NONE', #958, 0.03740000000000053698 ) ;
#1583 = VECTOR ( 'NONE', #1451, 39.37007874015748143 ) ;
#1584 = CARTESIAN_POINT ( 'NONE',  ( 0.4379674688103072366, -0.03520000000000000212, -0.08740000000000051894 ) ) ;
#1585 = AXIS2_PLACEMENT_3D ( 'NONE', #3446, #572, #3929 ) ;
#1586 = EDGE_CURVE ( 'NONE', #3286, #4196, #3274, .T. ) ;
#1587 = DIRECTION ( 'NONE',  ( -0.0000000000000000000, 1.000000000000000000, -0.0000000000000000000 ) ) ;
#1588 = ORIENTED_EDGE ( 'NONE', *, *, #5359, .T. ) ;
#1589 = CARTESIAN_POINT ( 'NONE',  ( 0.7759349376206150506, 0.0000000000000000000, -0.2000000000000000111 ) ) ;
#1590 = ORIENTED_EDGE ( 'NONE', *, *, #3050, .T. ) ;
#1591 = CARTESIAN_POINT ( 'NONE',  ( 0.2379674688103072255, -0.1100000000000000006, -0.1499999999999999944 ) ) ;
#1592 = VERTEX_POINT ( 'NONE', #3768 ) ;
#1593 = DIRECTION ( 'NONE',  ( 0.0000000000000000000, 0.0000000000000000000, 1.000000000000000000 ) ) ;
#1594 = LINE ( 'NONE', #2385, #3424 ) ;
#1595 = DIRECTION ( 'NONE',  ( 0.0000000000000000000, -1.000000000000000000, 0.0000000000000000000 ) ) ;
#1596 = EDGE_CURVE ( 'NONE', #4026, #3715, #4994, .T. ) ;
#1597 = ORIENTED_EDGE ( 'NONE', *, *, #337, .F. ) ;
#1598 = ORIENTED_EDGE ( 'NONE', *, *, #4304, .F. ) ;
#1599 = ORIENTED_EDGE ( 'NONE', *, *, #974, .T. ) ;
#1600 = DIRECTION ( 'NONE',  ( 0.0000000000000000000, 0.0000000000000000000, 1.000000000000000000 ) ) ;
#1601 = CARTESIAN_POINT ( 'NONE',  ( 0.02999999999999995379, 4.286263797015472511E-18, -0.03499999999999785227 ) ) ;
#1602 = ITEM_DEFINED_TRANSFORMATION ( 'NONE', 'NONE', #3447,  #1046 ) ;
#1603 = CARTESIAN_POINT ( 'NONE',  ( 0.0000000000000000000, 0.0000000000000000000, 0.03499999999999785227 ) ) ;
#1604 = DIRECTION ( 'NONE',  ( -0.0000000000000000000, 1.000000000000000000, -0.0000000000000000000 ) ) ;
#1605 = CARTESIAN_POINT ( 'NONE',  ( 0.6759359376206146575, 0.0000000000000000000, -9.478001694819074349E-34 ) ) ;
#1606 = ORIENTED_EDGE ( 'NONE', *, *, #3566, .F. ) ;
#1607 = PRODUCT_DEFINITION_SHAPE ( 'NONE', 'NONE',  #4870 ) ;
#1609 = DIRECTION ( 'NONE',  ( -0.0000000000000000000, 1.000000000000000000, -0.0000000000000000000 ) ) ;
#1608 = ADVANCED_BREP_SHAPE_REPRESENTATION ( '', ( #3333, #1046 ), #502 ) ;
#1610 = EDGE_CURVE ( 'NONE', #5131, #2349, #5080, .T. ) ;
#1611 = DIRECTION ( 'NONE',  ( 0.0000000000000000000, 0.0000000000000000000, 1.000000000000000000 ) ) ;
#1612 = ORIENTED_EDGE ( 'NONE', *, *, #2874, .T. ) ;
#1613 = DIRECTION ( 'NONE',  ( -0.3420201433256694346, -0.0000000000000000000, -0.9396926207859080948 ) ) ;
#1614 = EDGE_CURVE ( 'NONE', #1306, #1659, #3445, .T. ) ;
#1615 = ORIENTED_EDGE ( 'NONE', *, *, #2344, .F. ) ;
#1616 = SPHERICAL_SURFACE ( 'NONE', #5332, 0.01000000000000016674 ) ;
#1617 = ORIENTED_EDGE ( 'NONE', *, *, #4325, .T. ) ;
#1618 = CARTESIAN_POINT ( 'NONE',  ( 0.1816684688103074319, -0.1100000000000000006, -0.1842499999999996085 ) ) ;
#1619 = DIRECTION ( 'NONE',  ( -0.0000000000000000000, 1.000000000000000000, -0.0000000000000000000 ) ) ;
#1620 = EDGE_CURVE ( 'NONE', #1040, #1992, #859, .T. ) ;
#1621 = DIRECTION ( 'NONE',  ( 0.0000000000000000000, -1.000000000000000000, 0.0000000000000000000 ) ) ;
#1622 = LINE ( 'NONE', #5057, #235 ) ;
#1623 = VERTEX_POINT ( 'NONE', #3746 ) ;
#1624 = ORIENTED_EDGE ( 'NONE', *, *, #3671, .T. ) ;
#1625 = CARTESIAN_POINT ( 'NONE',  ( 0.6379674688103071922, 1.224646799147263287E-20, -0.04999999999999999584 ) ) ;
#1626 = CARTESIAN_POINT ( 'NONE',  ( 0.1942664688103074300, -0.1100000000000000006, -0.01574999999999998623 ) ) ;
#1627 = LINE ( 'NONE', #5016, #748 ) ;
#1628 = LINE ( 'NONE', #2082, #3622 ) ;
#1629 = CARTESIAN_POINT ( 'NONE',  ( 0.0000000000000000000, 0.0000000000000000000, 0.0000000000000000000 ) ) ;
#1630 = ORIENTED_EDGE ( 'NONE', *, *, #5200, .F. ) ;
#1631 = SHAPE_REPRESENTATION ( '1942', ( #1046 ), #502 ) ;
#1632 = DIRECTION ( 'NONE',  ( 0.0000000000000000000, 0.0000000000000000000, 1.000000000000000000 ) ) ;
#1633 = EDGE_CURVE ( 'NONE', #4715, #4189, #4540, .T. ) ;
#1634 = FACE_OUTER_BOUND ( 'NONE', #2529, .T. ) ;
#1635 = VERTEX_POINT ( 'NONE', #5037 ) ;
#1636 = LINE ( 'NONE', #3337, #5251 ) ;
#1637 = CARTESIAN_POINT ( 'NONE',  ( 0.2942664688103074355, -0.1100000000000000006, -0.1842499999999996918 ) ) ;
#1638 = ORIENTED_EDGE ( 'NONE', *, *, #1923, .F. ) ;
#1639 = PLANE ( 'NONE',  #5001 ) ;
#1640 = EDGE_CURVE ( 'NONE', #3457, #456, #1158, .T. ) ;
#1641 = EDGE_CURVE ( 'NONE', #2219, #3387, #4578, .T. ) ;
#1642 = DIRECTION ( 'NONE',  ( -0.0000000000000000000, 1.000000000000000000, -0.0000000000000000000 ) ) ;
#1643 = DIRECTION ( 'NONE',  ( 0.0000000000000000000, 0.0000000000000000000, 1.000000000000000000 ) ) ;
#1644 = AXIS2_PLACEMENT_3D ( 'NONE', #4468, #624, #186 ) ;
#1645 = CARTESIAN_POINT ( 'NONE',  ( 0.5942664688103074244, -0.1100000000000000006, -0.01574999999999998623 ) ) ;
#1646 = ORIENTED_EDGE ( 'NONE', *, *, #2646, .F. ) ;
#1647 = AXIS2_PLACEMENT_3D ( 'NONE', #2848, #4569, #2428 ) ;
#1648 = VERTEX_POINT ( 'NONE', #2882 ) ;
#1649 = DIRECTION ( 'NONE',  ( 0.0000000000000000000, 0.0000000000000000000, 1.000000000000000000 ) ) ;
#1650 = ADVANCED_FACE ( 'NONE', ( #2908 ), #271, .F. ) ;
#1651 = STYLED_ITEM ( 'NONE', ( #4656 ), #3333 ) ;
#1652 = CIRCLE ( 'NONE', #4151, 0.02874000000000051860 ) ;
#1653 = CARTESIAN_POINT ( 'NONE',  ( 0.02999999999999886091, 3.429011037612589091E-18, -0.02800000000000000405 ) ) ;
#1654 = ITEM_DEFINED_TRANSFORMATION ( 'NONE', 'NONE', #3713,  #1046 ) ;
#1655 = FACE_BOUND ( 'NONE', #2407, .T. ) ;
#1656 = DIRECTION ( 'NONE',  ( -0.0000000000000000000, 1.000000000000000000, -0.0000000000000000000 ) ) ;
#1657 = DIRECTION ( 'NONE',  ( 0.0000000000000000000, 0.0000000000000000000, 1.000000000000000000 ) ) ;
#1658 = ORIENTED_EDGE ( 'NONE', *, *, #3431, .F. ) ;
#1659 = VERTEX_POINT ( 'NONE', #3349 ) ;
#1660 = AXIS2_PLACEMENT_3D ( 'NONE', #4983, #2083, #1657 ) ;
#1661 = VECTOR ( 'NONE', #5361, 39.37007874015748143 ) ;
#1662 = VECTOR ( 'NONE', #2035, 39.37007874015748854 ) ;
#1663 = AXIS2_PLACEMENT_3D ( 'NONE', #1689, #445, #4294 ) ;
#1664 = AXIS2_PLACEMENT_3D ( 'NONE', #2602, #2138, #5171 ) ;
#1665 = CYLINDRICAL_SURFACE ( 'NONE', #5446, 0.03740000000000053698 ) ;
#1666 = AXIS2_PLACEMENT_3D ( 'NONE', #2052, #4193, #1621 ) ;
#1667 = AXIS2_PLACEMENT_3D ( 'NONE', #3875, #5519, #2132 ) ;
#1668 = AXIS2_PLACEMENT_3D ( 'NONE', #1675, #2509, #1153 ) ;
#1669 = DIRECTION ( 'NONE',  ( 0.0000000000000000000, 1.000000000000000000, 0.0000000000000000000 ) ) ;
#1670 = CIRCLE ( 'NONE', #5356, 0.03740000000000053698 ) ;
#1671 = ORIENTED_EDGE ( 'NONE', *, *, #658, .F. ) ;
#1672 = CARTESIAN_POINT ( 'NONE',  ( 0.08166846881030742633, -0.1100000000000000006, -0.1842499999999996085 ) ) ;
#1673 = CARTESIAN_POINT ( 'NONE',  ( 0.6816684688103075151, -0.1100000000000000006, -0.01574999999999998623 ) ) ;
#1674 = ORIENTED_EDGE ( 'NONE', *, *, #2347, .T. ) ;
#1675 = CARTESIAN_POINT ( 'NONE',  ( 0.1667074688103077074, -0.03520000000000000212, -0.1499999999999999944 ) ) ;
#1676 = VECTOR ( 'NONE', #1681, 39.37007874015748854 ) ;
#1677 = VECTOR ( 'NONE', #4508, 39.37007874015748143 ) ;
#1678 = LINE ( 'NONE', #5134, #2296 ) ;
#1679 = DIRECTION ( 'NONE',  ( 0.0000000000000000000, -1.000000000000000000, 0.0000000000000000000 ) ) ;
#1680 = EDGE_CURVE ( 'NONE', #4080, #4448, #4599, .T. ) ;
#1681 = DIRECTION ( 'NONE',  ( 0.3420201433256633283, 0.0000000000000000000, -0.9396926207859103153 ) ) ;
#1682 = ORIENTED_EDGE ( 'NONE', *, *, #3282, .T. ) ;
#1683 = EDGE_CURVE ( 'NONE', #449, #1335, #688, .T. ) ;
#1684 = VERTEX_POINT ( 'NONE', #2438 ) ;
#1685 = EDGE_LOOP ( 'NONE', ( #5145, #4874, #202, #4520 ) ) ;
#1686 = CARTESIAN_POINT ( 'NONE',  ( 0.4379674688103072366, -0.03520000000000000212, -0.04999999999999999584 ) ) ;
#1687 = DIRECTION ( 'NONE',  ( 0.3420201433256601087, 0.0000000000000000000, -0.9396926207859115365 ) ) ;
#1688 = CYLINDRICAL_SURFACE ( 'NONE', #4073, 0.02874000000000052207 ) ;
#1689 = CARTESIAN_POINT ( 'NONE',  ( 0.7379674688103072810, -0.03520000000000000212, -0.1499999999999999944 ) ) ;
#1690 = ORIENTED_EDGE ( 'NONE', *, *, #503, .F. ) ;
#1691 = ORIENTED_EDGE ( 'NONE', *, *, #3300, .T. ) ;
#1692 = EDGE_CURVE ( 'NONE', #5380, #3466, #2938, .T. ) ;
#1693 = ORIENTED_EDGE ( 'NONE', *, *, #738, .T. ) ;
#1694 = FACE_OUTER_BOUND ( 'NONE', #3109, .T. ) ;
#1695 = CARTESIAN_POINT ( 'NONE',  ( 0.3379674688103072033, -0.03520000000000000212, -0.1499999999999999944 ) ) ;
#1696 = EDGE_CURVE ( 'NONE', #3336, #4040, #834, .T. ) ;
#1697 = EDGE_CURVE ( 'NONE', #84, #248, #4661, .T. ) ;
#1698 = DIRECTION ( 'NONE',  ( 1.000000000000000000, 0.0000000000000000000, -0.0000000000000000000 ) ) ;
#1699 = VERTEX_POINT ( 'NONE', #2518 ) ;
#1700 = CARTESIAN_POINT ( 'NONE',  ( 0.4379674688103072366, -0.1100000000000000006, -0.1212599999999994932 ) ) ;
#1701 = ORIENTED_EDGE ( 'NONE', *, *, #4486, .T. ) ;
#1702 = LINE ( 'NONE', #70, #610 ) ;
#1703 = CARTESIAN_POINT ( 'NONE',  ( 0.6379674688103071922, 0.0000000000000000000, -0.04999999999999999584 ) ) ;
#1704 = CARTESIAN_POINT ( 'NONE',  ( 0.02999999999999886091, 0.0000000000000000000, 0.02800000000000000405 ) ) ;
#1705 = ORIENTED_EDGE ( 'NONE', *, *, #932, .T. ) ;
#1706 = ORIENTED_EDGE ( 'NONE', *, *, #4924, .F. ) ;
#1707 = FACE_OUTER_BOUND ( 'NONE', #5029, .T. ) ;
#1708 = ADVANCED_FACE ( 'NONE', ( #3797 ), #4225, .F. ) ;
#1709 = DIRECTION ( 'NONE',  ( 0.0000000000000000000, 0.0000000000000000000, 1.000000000000000000 ) ) ;
#1710 = CYLINDRICAL_SURFACE ( 'NONE', #4255, 0.03740000000000053698 ) ;
#1711 = LINE ( 'NONE', #54, #5077 ) ;
#1712 = VERTEX_POINT ( 'NONE', #3380 ) ;
#1713 = ORIENTED_EDGE ( 'NONE', *, *, #439, .T. ) ;
#1714 = EDGE_LOOP ( 'NONE', ( #5170, #2643, #4330, #2679 ) ) ;
#1715 = EDGE_CURVE ( 'NONE', #4842, #4562, #1259, .T. ) ;
#1716 = PLANE ( 'NONE',  #2559 ) ;
#1717 = CARTESIAN_POINT ( 'NONE',  ( 0.5942664688103074244, -0.1100000000000000006, -0.1842499999999996918 ) ) ;
#1718 = CARTESIAN_POINT ( 'NONE',  ( 0.6379674688103071922, -0.03520000000000000212, -0.07874000000000051791 ) ) ;
#1719 = ORIENTED_EDGE ( 'NONE', *, *, #4548, .T. ) ;
#1720 = EDGE_CURVE ( 'NONE', #1896, #5205, #4817, .T. ) ;
#1721 = DIRECTION ( 'NONE',  ( 0.0000000000000000000, 0.0000000000000000000, 1.000000000000000000 ) ) ;
#1722 = ORIENTED_EDGE ( 'NONE', *, *, #2646, .T. ) ;
#1723 = LINE ( 'NONE', #2126, #3254 ) ;
#1724 = ORIENTED_EDGE ( 'NONE', *, *, #244, .T. ) ;
#1725 = CARTESIAN_POINT ( 'NONE',  ( 0.5379674688103072144, -0.1100000000000000006, -0.1787400000000005096 ) ) ;
#1726 = CARTESIAN_POINT ( 'NONE',  ( 0.5379674688103072144, 1.224646799147263287E-20, -0.1499999999999999944 ) ) ;
#1727 = CARTESIAN_POINT ( 'NONE',  ( 0.03796746881030719362, -0.1100000000000000006, -0.1499999999999999944 ) ) ;
#1728 = VERTEX_POINT ( 'NONE', #3026 ) ;
#1729 = VERTEX_POINT ( 'NONE', #4776 ) ;
#1730 = ADVANCED_FACE ( 'NONE', ( #4752 ), #2222, .F. ) ;
#1731 = ORIENTED_EDGE ( 'NONE', *, *, #2479, .F. ) ;
#1732 = DIRECTION ( 'NONE',  ( -0.0000000000000000000, 1.000000000000000000, -0.0000000000000000000 ) ) ;
#1733 = FACE_BOUND ( 'NONE', #4589, .T. ) ;
#1734 = DIRECTION ( 'NONE',  ( 0.0000000000000000000, 0.0000000000000000000, 1.000000000000000000 ) ) ;
#1735 = CARTESIAN_POINT ( 'NONE',  ( 0.6816684688103075151, -0.1100000000000000006, -0.1842499999999996085 ) ) ;
#1736 = ORIENTED_EDGE ( 'NONE', *, *, #5526, .F. ) ;
#1737 = VERTEX_POINT ( 'NONE', #3882 ) ;
#1738 = ORIENTED_EDGE ( 'NONE', *, *, #4420, .T. ) ;
#1739 = AXIS2_PLACEMENT_3D ( 'NONE', #44, #5280, #1763 ) ;
#1740 = CARTESIAN_POINT ( 'NONE',  ( 0.7759349376206150506, 0.0000000000000000000, -0.2000000000000000111 ) ) ;
#1741 = DIRECTION ( 'NONE',  ( -0.0000000000000000000, 1.000000000000000000, -0.0000000000000000000 ) ) ;
#1742 = CARTESIAN_POINT ( 'NONE',  ( 0.3816684688103074707, 0.0000000000000000000, -0.1842499999999996085 ) ) ;
#1743 = VECTOR ( 'NONE', #2090, 39.37007874015748143 ) ;
#1744 = AXIS2_PLACEMENT_3D ( 'NONE', #2339, #193, #1916 ) ;
#1745 = ORIENTED_EDGE ( 'NONE', *, *, #1301, .T. ) ;
#1746 = EDGE_CURVE ( 'NONE', #4836, #1648, #2992, .T. ) ;
#1747 = AXIS2_PLACEMENT_3D ( 'NONE', #1487, #2710, #541 ) ;
#1748 = AXIS2_PLACEMENT_3D ( 'NONE', #4586, #739, #5325 ) ;
#1749 = VECTOR ( 'NONE', #4811, 39.37007874015748854 ) ;
#1750 = CARTESIAN_POINT ( 'NONE',  ( 0.4942664688103074466, 0.0000000000000000000, -0.01574999999999998623 ) ) ;
#1751 = VERTEX_POINT ( 'NONE', #3852 ) ;
#1752 = DIRECTION ( 'NONE',  ( 0.9396926207859104263, 0.0000000000000000000, 0.3420201433256633838 ) ) ;
#1753 = VERTEX_POINT ( 'NONE', #4290 ) ;
#1754 = AXIS2_PLACEMENT_3D ( 'NONE', #377, #2493, #293 ) ;
#1755 = ADVANCED_FACE ( 'NONE', ( #4719 ), #870, .F. ) ;
#1756 = CARTESIAN_POINT ( 'NONE',  ( 0.3759359376206146686, -0.1100000000000000006, -0.1999999999999999833 ) ) ;
#1757 = VECTOR ( 'NONE', #5349, 39.37007874015748143 ) ;
#1758 = AXIS2_PLACEMENT_3D ( 'NONE', #2486, #368, #2850 ) ;
#1759 = CARTESIAN_POINT ( 'NONE',  ( 0.4759359376206147019, -0.1100000000000000006, -9.478001694819074349E-34 ) ) ;
#1760 = LINE ( 'NONE', #406, #2472 ) ;
#1761 = VERTEX_POINT ( 'NONE', #2544 ) ;
#1762 = DIRECTION ( 'NONE',  ( 0.0000000000000000000, 0.0000000000000000000, 1.000000000000000000 ) ) ;
#1763 = DIRECTION ( 'NONE',  ( 0.0000000000000000000, 0.0000000000000000000, 1.000000000000000000 ) ) ;
#1764 = ORIENTED_EDGE ( 'NONE', *, *, #1414, .F. ) ;
#1765 = VECTOR ( 'NONE', #297, 39.37007874015748143 ) ;
#1766 = VECTOR ( 'NONE', #410, 39.37007874015748143 ) ;
#1767 = AXIS2_PLACEMENT_3D ( 'NONE', #1956, #3143, #4869 ) ;
#1768 = CARTESIAN_POINT ( 'NONE',  ( 0.6999990000000000379, -0.1100000000000000006, 0.0000000000000000000 ) ) ;
#1769 = EDGE_CURVE ( 'NONE', #2695, #4241, #442, .T. ) ;
#1770 = DIRECTION ( 'NONE',  ( 0.0000000000000000000, 0.0000000000000000000, 1.000000000000000000 ) ) ;
#1771 = VECTOR ( 'NONE', #4397, 39.37007874015748143 ) ;
#1772 = DIRECTION ( 'NONE',  ( 0.0000000000000000000, 1.000000000000000000, 1.224646799147353207E-16 ) ) ;
#1773 = CARTESIAN_POINT ( 'NONE',  ( 0.7879674688103074365, -0.1100000000000000006, -0.1842499999999999416 ) ) ;
#1774 = ORIENTED_EDGE ( 'NONE', *, *, #3383, .F. ) ;
#1775 = ORIENTED_EDGE ( 'NONE', *, *, #4110, .F. ) ;
#1776 = ORIENTED_EDGE ( 'NONE', *, *, #3230, .T. ) ;
#1777 = CARTESIAN_POINT ( 'NONE',  ( 0.2759359376206146353, -0.1100000000000000006, -9.478001694819074349E-34 ) ) ;
#1778 = DIRECTION ( 'NONE',  ( 0.0000000000000000000, 0.0000000000000000000, 1.000000000000000000 ) ) ;
#1779 = ORIENTED_EDGE ( 'NONE', *, *, #796, .T. ) ;
#1780 = CARTESIAN_POINT ( 'NONE',  ( 2.239553201765118668E-16, -0.1100000000000000006, -0.1999999999999996503 ) ) ;
#1781 = DIRECTION ( 'NONE',  ( -0.0000000000000000000, 1.000000000000000000, -0.0000000000000000000 ) ) ;
#1782 = ORIENTED_EDGE ( 'NONE', *, *, #1769, .T. ) ;
#1783 = CARTESIAN_POINT ( 'NONE',  ( 0.4942664688103074466, -0.1100000000000000006, -0.1842499999999996918 ) ) ;
#1784 = DIRECTION ( 'NONE',  ( -0.0000000000000000000, 1.000000000000000000, -0.0000000000000000000 ) ) ;
#1786 = EDGE_CURVE ( 'NONE', #5451, #994, #4355, .T. ) ;
#1785 = DIRECTION ( 'NONE',  ( 0.0000000000000000000, 0.0000000000000000000, 1.000000000000000000 ) ) ;
#1787 = VERTEX_POINT ( 'NONE', #3828 ) ;
#1788 = FACE_BOUND ( 'NONE', #2969, .T. ) ;
#1789 = CYLINDRICAL_SURFACE ( 'NONE', #1739, 0.03740000000000053698 ) ;
#1790 = VERTEX_POINT ( 'NONE', #2163 ) ;
#1791 = ORIENTED_EDGE ( 'NONE', *, *, #5223, .F. ) ;
#1792 = FACE_OUTER_BOUND ( 'NONE', #3232, .T. ) ;
#1793 = ADVANCED_FACE ( 'NONE', ( #15, #1399 ), #5250, .F. ) ;
#1794 = CARTESIAN_POINT ( 'NONE',  ( 0.1719999999999985985, 0.0000000000000000000, 0.0000000000000000000 ) ) ;
#1795 = DIRECTION ( 'NONE',  ( -0.0000000000000000000, 1.000000000000000000, -0.0000000000000000000 ) ) ;
#1796 = LINE ( 'NONE', #874, #1571 ) ;
#1797 = ORIENTED_EDGE ( 'NONE', *, *, #1715, .T. ) ;
#1798 = VERTEX_POINT ( 'NONE', #1768 ) ;
#1799 = ORIENTED_EDGE ( 'NONE', *, *, #2071, .T. ) ;
#1800 = CIRCLE ( 'NONE', #3672, 0.03740000000000053698 ) ;
#1801 = PLANE ( 'NONE',  #1937 ) ;
#1802 = LINE ( 'NONE', #5539, #3183 ) ;
#1803 = CARTESIAN_POINT ( 'NONE',  ( 0.7379674688103072810, -0.03520000000000000212, -0.04999999999999999584 ) ) ;
#1804 = ADVANCED_FACE ( 'NONE', ( #895 ), #4839, .F. ) ;
#1805 = ORIENTED_EDGE ( 'NONE', *, *, #4837, .F. ) ;
#1806 = DIRECTION ( 'NONE',  ( 0.0000000000000000000, 0.0000000000000000000, 1.000000000000000000 ) ) ;
#1807 = ADVANCED_FACE ( 'NONE', ( #1707 ), #3920, .T. ) ;
#1808 = LINE ( 'NONE', #2176, #1572 ) ;
#1809 = ORIENTED_EDGE ( 'NONE', *, *, #22, .F. ) ;
#1810 = LINE ( 'NONE', #1441, #5343 ) ;
#1811 = DIRECTION ( 'NONE',  ( -1.000000000000000000, -0.0000000000000000000, -0.0000000000000000000 ) ) ;
#1812 = DIRECTION ( 'NONE',  ( -0.0000000000000000000, 1.000000000000000000, -0.0000000000000000000 ) ) ;
#1813 = ORIENTED_EDGE ( 'NONE', *, *, #5463, .T. ) ;
#1814 = FACE_BOUND ( 'NONE', #2022, .T. ) ;
#1815 = DIRECTION ( 'NONE',  ( -0.3420201433256695456, 0.0000000000000000000, -0.9396926207859080948 ) ) ;
#1816 = ORIENTED_EDGE ( 'NONE', *, *, #1205, .F. ) ;
#1817 = ORIENTED_EDGE ( 'NONE', *, *, #4639, .F. ) ;
#1818 = CARTESIAN_POINT ( 'NONE',  ( -0.01203253118969264436, -0.1100000000000000006, -0.01574999999999999664 ) ) ;
#1819 = EDGE_CURVE ( 'NONE', #808, #2195, #3358, .T. ) ;
#1820 = CARTESIAN_POINT ( 'NONE',  ( 0.03796746881030719362, -0.03520000000000000212, -0.01259999999999946926 ) ) ;
#1821 = CYLINDRICAL_SURFACE ( 'NONE', #3986, 0.02874000000000052207 ) ;
#1822 = LINE ( 'NONE', #4435, #5350 ) ;
#1823 = ORIENTED_EDGE ( 'NONE', *, *, #1640, .T. ) ;
#1824 = EDGE_LOOP ( 'NONE', ( #4643, #4295, #1094, #1617 ) ) ;
#1825 = ORIENTED_EDGE ( 'NONE', *, *, #2203, .T. ) ;
#1826 = EDGE_CURVE ( 'NONE', #3296, #1156, #1345, .T. ) ;
#1827 = VECTOR ( 'NONE', #2433, 39.37007874015748143 ) ;
#1828 = FILL_AREA_STYLE ('',( #5231 ) ) ;
#1829 = LINE ( 'NONE', #4479, #2040 ) ;
#1830 = CARTESIAN_POINT ( 'NONE',  ( 0.3379674688103072033, -0.03520000000000000212, -0.02125999999999947029 ) ) ;
#1831 = VERTEX_POINT ( 'NONE', #5221 ) ;
#1832 = AXIS2_PLACEMENT_3D ( 'NONE', #3353, #5502, #872 ) ;
#1833 = CIRCLE ( 'NONE', #119, 0.02900000000000015413 ) ;
#1834 = AXIS2_PLACEMENT_3D ( 'NONE', #1422, #3486, #1905 ) ;
#1835 = CIRCLE ( 'NONE', #3177, 0.03740000000000053004 ) ;
#1836 = CARTESIAN_POINT ( 'NONE',  ( 0.2800000000000003042, 1.224646799147247843E-18, -0.009999999999999073866 ) ) ;
#1837 = ADVANCED_FACE ( 'NONE', ( #921 ), #2627, .F. ) ;
#1838 = CARTESIAN_POINT ( 'NONE',  ( 0.7816674688103073532, 0.0000000000000000000, -0.1842499999999999416 ) ) ;
#1839 = AXIS2_PLACEMENT_3D ( 'NONE', #3305, #255, #5042 ) ;
#1840 = AXIS2_PLACEMENT_3D ( 'NONE', #2504, #312, #4673 ) ;
#1841 = DIRECTION ( 'NONE',  ( -1.000000000000000000, -0.0000000000000000000, -0.0000000000000000000 ) ) ;
#1842 = CIRCLE ( 'NONE', #4716, 0.03740000000000053004 ) ;
#1843 = CARTESIAN_POINT ( 'NONE',  ( 0.1942664688103074300, -0.1100000000000000006, -0.1842499999999996918 ) ) ;
#1844 = VECTOR ( 'NONE', #2664, 39.37007874015748143 ) ;
#1845 = ORIENTED_EDGE ( 'NONE', *, *, #4538, .F. ) ;
#1846 = LINE ( 'NONE', #1342, #28 ) ;
#1847 = VECTOR ( 'NONE', #3003, 39.37007874015748143 ) ;
#1848 = LINE ( 'NONE', #3548, #1924 ) ;
#1849 = ORIENTED_EDGE ( 'NONE', *, *, #1895, .F. ) ;
#1850 = FACE_OUTER_BOUND ( 'NONE', #4693, .T. ) ;
#1851 = ORIENTED_EDGE ( 'NONE', *, *, #3415, .T. ) ;
#1852 = DIRECTION ( 'NONE',  ( 0.0000000000000000000, 0.0000000000000000000, 1.000000000000000000 ) ) ;
#1853 = VECTOR ( 'NONE', #5410, 39.37007874015748143 ) ;
#1854 = ADVANCED_FACE ( 'NONE', ( #1792 ), #3490, .F. ) ;
#1855 = CARTESIAN_POINT ( 'NONE',  ( 0.4379674688103072366, 0.0000000000000000000, -0.08740000000000051894 ) ) ;
#1856 = EDGE_CURVE ( 'NONE', #3559, #1712, #986, .T. ) ;
#1857 = AXIS2_PLACEMENT_3D ( 'NONE', #3362, #5100, #2947 ) ;
#1858 = DIRECTION ( 'NONE',  ( -0.0000000000000000000, 1.000000000000000000, -0.0000000000000000000 ) ) ;
#1859 = ORIENTED_EDGE ( 'NONE', *, *, #2962, .T. ) ;
#1860 = ORIENTED_EDGE ( 'NONE', *, *, #3421, .T. ) ;
#1861 = ORIENTED_EDGE ( 'NONE', *, *, #4668, .F. ) ;
#1862 = DIRECTION ( 'NONE',  ( -0.0000000000000000000, 1.000000000000000000, -0.0000000000000000000 ) ) ;
#1863 = AXIS2_PLACEMENT_3D ( 'NONE', #2135, #3765, #4286 ) ;
#1864 = DIRECTION ( 'NONE',  ( 1.000000000000000000, 0.0000000000000000000, 0.0000000000000000000 ) ) ;
#1865 = ITEM_DEFINED_TRANSFORMATION ( 'NONE', 'NONE', #1666,  #1046 ) ;
#1866 = CARTESIAN_POINT ( 'NONE',  ( 0.6942664688103074022, 0.0000000000000000000, -0.1842499999999996918 ) ) ;
#1867 = EDGE_CURVE ( 'NONE', #2455, #1151, #2382, .T. ) ;
#1868 = LINE ( 'NONE', #4560, #3995 ) ;
#1869 = ORIENTED_EDGE ( 'NONE', *, *, #176, .F. ) ;
#1870 = FACE_OUTER_BOUND ( 'NONE', #3437, .T. ) ;
#1871 = EDGE_CURVE ( 'NONE', #4702, #175, #3577, .T. ) ;
#1872 = DIRECTION ( 'NONE',  ( -0.0000000000000000000, 1.000000000000000000, -0.0000000000000000000 ) ) ;
#1873 = FACE_OUTER_BOUND ( 'NONE', #1568, .T. ) ;
#1874 = CARTESIAN_POINT ( 'NONE',  ( 0.4816684688103075040, 0.0000000000000000000, -0.1842499999999996085 ) ) ;
#1875 = DIRECTION ( 'NONE',  ( -0.3420201433256695456, 0.0000000000000000000, -0.9396926207859080948 ) ) ;
#1876 = ORIENTED_EDGE ( 'NONE', *, *, #272, .T. ) ;
#1877 = FACE_BOUND ( 'NONE', #1934, .T. ) ;
#1878 = PRODUCT_DEFINITION_SHAPE ( 'NONE', 'NONE',  #5552 ) ;
#1879 = PLANE ( 'NONE',  #4335 ) ;
#1880 = ORIENTED_EDGE ( 'NONE', *, *, #1020, .F. ) ;
#1881 = ORIENTED_EDGE ( 'NONE', *, *, #4548, .F. ) ;
#1882 = DIRECTION ( 'NONE',  ( 0.0000000000000000000, 0.0000000000000000000, 1.000000000000000000 ) ) ;
#1883 = CARTESIAN_POINT ( 'NONE',  ( 0.3816684688103073597, 0.0000000000000000000, -0.01574999999999998623 ) ) ;
#1884 =( NAMED_UNIT ( * ) PLANE_ANGLE_UNIT ( ) SI_UNIT ( $, .RADIAN. ) );
#1885 = DIRECTION ( 'NONE',  ( 0.0000000000000000000, 0.0000000000000000000, 1.000000000000000000 ) ) ;
#1886 = ORIENTED_EDGE ( 'NONE', *, *, #616, .F. ) ;
#1887 = VERTEX_POINT ( 'NONE', #4467 ) ;
#1888 = ORIENTED_EDGE ( 'NONE', *, *, #3123, .T. ) ;
#1889 = DIRECTION ( 'NONE',  ( 0.0000000000000000000, 0.0000000000000000000, 1.000000000000000000 ) ) ;
#1890 = EDGE_CURVE ( 'NONE', #2248, #1699, #591, .T. ) ;
#1891 = DIRECTION ( 'NONE',  ( -0.0000000000000000000, 1.000000000000000000, -0.0000000000000000000 ) ) ;
#1892 = PRODUCT_CONTEXT ( 'NONE', #1190, 'mechanical' ) ;
#1893 = CARTESIAN_POINT ( 'NONE',  ( 0.09999900000000011557, -0.1100000000000000006, 0.0000000000000000000 ) ) ;
#1894 = CARTESIAN_POINT ( 'NONE',  ( 0.6816684688103075151, -0.1100000000000000006, -0.01574999999999998623 ) ) ;
#1895 = EDGE_CURVE ( 'NONE', #1257, #4619, #959, .T. ) ;
#1896 = VERTEX_POINT ( 'NONE', #1013 ) ;
#1897 = CIRCLE ( 'NONE', #3309, 0.03740000000000053004 ) ;
#1898 = EDGE_CURVE ( 'NONE', #1592, #2437, #2652, .T. ) ;
#1899 = ADVANCED_FACE ( 'NONE', ( #2790 ), #2271, .F. ) ;
#1900 = CYLINDRICAL_SURFACE ( 'NONE', #3894, 0.03740000000000053004 ) ;
#1901 = DIRECTION ( 'NONE',  ( 0.0000000000000000000, 0.0000000000000000000, 1.000000000000000000 ) ) ;
#1902 = EDGE_CURVE ( 'NONE', #2175, #2870, #4086, .T. ) ;
#1903 = CARTESIAN_POINT ( 'NONE',  ( 0.2800000000000003042, 0.009999999999999073866, 0.0000000000000000000 ) ) ;
#1904 = EDGE_LOOP ( 'NONE', ( #438, #1352, #2491, #395 ) ) ;
#1905 = DIRECTION ( 'NONE',  ( 0.0000000000000000000, 0.0000000000000000000, 1.000000000000000000 ) ) ;
#1906 = DIRECTION ( 'NONE',  ( 0.0000000000000000000, -1.000000000000000000, 0.0000000000000000000 ) ) ;
#1907 = ORIENTED_EDGE ( 'NONE', *, *, #4042, .T. ) ;
#1908 = DIRECTION ( 'NONE',  ( 0.0000000000000000000, 0.0000000000000000000, 1.000000000000000000 ) ) ;
#1909 = CARTESIAN_POINT ( 'NONE',  ( 0.1379674688103071922, -0.03520000000000000212, -0.08740000000000051894 ) ) ;
#1910 = EDGE_CURVE ( 'NONE', #2266, #4652, #5357, .T. ) ;
#1911 = CARTESIAN_POINT ( 'NONE',  ( 0.1942664688103074300, 0.0000000000000000000, -0.1842499999999996918 ) ) ;
#1912 = ORIENTED_EDGE ( 'NONE', *, *, #1910, .T. ) ;
#1913 = ORIENTED_EDGE ( 'NONE', *, *, #3452, .T. ) ;
#1914 = ORIENTED_EDGE ( 'NONE', *, *, #4837, .T. ) ;
#1915 = CARTESIAN_POINT ( 'NONE',  ( 0.0000000000000000000, -0.1100000000000000006, 0.0000000000000000000 ) ) ;
#1916 = DIRECTION ( 'NONE',  ( 0.0000000000000000000, 0.0000000000000000000, 1.000000000000000000 ) ) ;
#1917 = APPLICATION_PROTOCOL_DEFINITION ( 'draft international standard', 'automotive_design', 1998, #2835 ) ;
#1918 = CARTESIAN_POINT ( 'NONE',  ( 0.1379674688103071922, -0.03520000000000000212, -0.1125999999999994644 ) ) ;
#1919 = CARTESIAN_POINT ( 'NONE',  ( 0.6759359376206146575, 0.0000000000000000000, -0.1999999999999999833 ) ) ;
#1920 = ORIENTED_EDGE ( 'NONE', *, *, #3250, .T. ) ;
#1921 = DIRECTION ( 'NONE',  ( 0.0000000000000000000, -0.0000000000000000000, -1.000000000000000000 ) ) ;
#1922 = AXIS2_PLACEMENT_3D ( 'NONE', #3742, #4133, #1965 ) ;
#1923 = EDGE_CURVE ( 'NONE', #4496, #4562, #4027, .T. ) ;
#1924 = VECTOR ( 'NONE', #2704, 39.37007874015748143 ) ;
#1925 = EDGE_CURVE ( 'NONE', #456, #3408, #623, .T. ) ;
#1926 = DIRECTION ( 'NONE',  ( 0.0000000000000000000, 0.0000000000000000000, 1.000000000000000000 ) ) ;
#1927 = CIRCLE ( 'NONE', #3699, 0.02874000000000051860 ) ;
#1928 = VECTOR ( 'NONE', #788, 39.37007874015748143 ) ;
#1929 = LINE ( 'NONE', #3624, #2293 ) ;
#1930 = EDGE_LOOP ( 'NONE', ( #1274, #3888, #3339, #1776 ) ) ;
#1931 = CARTESIAN_POINT ( 'NONE',  ( 0.1719999999999985985, 1.224646799147273266E-18, -0.009999999999999349687 ) ) ;
#1932 = ADVANCED_FACE ( 'NONE', ( #3189 ), #4516, .T. ) ;
#1933 = CARTESIAN_POINT ( 'NONE',  ( 0.5379674688103072144, -0.03520000000000000212, -0.1212599999999994932 ) ) ;
#1934 = EDGE_LOOP ( 'NONE', ( #5138, #21 ) ) ;
#1935 = CIRCLE ( 'NONE', #2642, 0.03740000000000053004 ) ;
#1936 = DIRECTION ( 'NONE',  ( 0.0000000000000000000, 0.0000000000000000000, 1.000000000000000000 ) ) ;
#1937 = AXIS2_PLACEMENT_3D ( 'NONE', #3443, #1328, #3499 ) ;
#1938 = CARTESIAN_POINT ( 'NONE',  ( 0.1999990000000001211, 0.0000000000000000000, 0.0000000000000000000 ) ) ;
#1939 = EDGE_CURVE ( 'NONE', #292, #4181, #5181, .T. ) ;
#1940 =( NAMED_UNIT ( * ) SI_UNIT ( $, .STERADIAN. ) SOLID_ANGLE_UNIT ( ) );
#1941 = FACE_OUTER_BOUND ( 'NONE', #1316, .T. ) ;
#1942 = ORIENTED_EDGE ( 'NONE', *, *, #4172, .T. ) ;
#1943 = EDGE_LOOP ( 'NONE', ( #1405, #3533 ) ) ;
#1944 = ORIENTED_EDGE ( 'NONE', *, *, #4356, .F. ) ;
#1945 = AXIS2_PLACEMENT_3D ( 'NONE', #5389, #1537, #1852 ) ;
#1946 = DIRECTION ( 'NONE',  ( 0.9396926207859104263, 0.0000000000000000000, 0.3420201433256633838 ) ) ;
#1947 = AXIS2_PLACEMENT_3D ( 'NONE', #1499, #4504, #3564 ) ;
#1948 = LINE ( 'NONE', #653, #3700 ) ;
#1949 = ITEM_DEFINED_TRANSFORMATION ( 'NONE', 'NONE', #606,  #1046 ) ;
#1950 = DIRECTION ( 'NONE',  ( -0.0000000000000000000, 1.000000000000000000, -0.0000000000000000000 ) ) ;
#1951 = CARTESIAN_POINT ( 'NONE',  ( 0.7379674688103072810, -0.03520000000000000212, -0.1874000000000005384 ) ) ;
#1952 = UNCERTAINTY_MEASURE_WITH_UNIT (LENGTH_MEASURE( 1.000000000000000082E-05 ), #1460, 'distance_accuracy_value', 'NONE');
#1953 = ORIENTED_EDGE ( 'NONE', *, *, #1109, .F. ) ;
#1954 = CIRCLE ( 'NONE', #698, 0.03740000000000053698 ) ;
#1955 = FACE_OUTER_BOUND ( 'NONE', #2795, .T. ) ;
#1956 = CARTESIAN_POINT ( 'NONE',  ( 0.3379674688103072033, 0.0000000000000000000, -0.04999999999999999584 ) ) ;
#1957 = EDGE_CURVE ( 'NONE', #3238, #134, #3599, .T. ) ;
#1958 = DIRECTION ( 'NONE',  ( -0.7071067811864992780, 0.0000000000000000000, 0.7071067811865957564 ) ) ;
#1959 = ORIENTED_EDGE ( 'NONE', *, *, #3431, .T. ) ;
#1960 = CARTESIAN_POINT ( 'NONE',  ( 0.3379674688103072033, -0.1100000000000000006, -0.1499999999999999944 ) ) ;
#1961 = LINE ( 'NONE', #2816, #937 ) ;
#1962 = ORIENTED_EDGE ( 'NONE', *, *, #1102, .F. ) ;
#1963 = CARTESIAN_POINT ( 'NONE',  ( 0.5379674688103072144, 0.0000000000000000000, -0.1125999999999994644 ) ) ;
#1964 = EDGE_CURVE ( 'NONE', #2020, #3924, #1072, .T. ) ;
#1965 = DIRECTION ( 'NONE',  ( -1.000000000000000000, 0.0000000000000000000, 4.840987058537324418E-16 ) ) ;
#1966 = DIRECTION ( 'NONE',  ( -0.0000000000000000000, 1.000000000000000000, -0.0000000000000000000 ) ) ;
#1967 = ORIENTED_EDGE ( 'NONE', *, *, #2392, .T. ) ;
#1968 = ORIENTED_EDGE ( 'NONE', *, *, #864, .F. ) ;
#1969 = ORIENTED_EDGE ( 'NONE', *, *, #1054, .T. ) ;
#1970 = FACE_OUTER_BOUND ( 'NONE', #2500, .T. ) ;
#1971 = EDGE_CURVE ( 'NONE', #4314, #2455, #644, .T. ) ;
#1972 = DIRECTION ( 'NONE',  ( 0.0000000000000000000, 0.0000000000000000000, 1.000000000000000000 ) ) ;
#1973 = LENGTH_MEASURE_WITH_UNIT ( LENGTH_MEASURE( 0.02539999999999999897 ), #2754 );
#1974 = CARTESIAN_POINT ( 'NONE',  ( 0.1942664688103074300, 0.0000000000000000000, -0.01574999999999998623 ) ) ;
#1975 = DIRECTION ( 'NONE',  ( -0.0000000000000000000, 1.000000000000000000, -0.0000000000000000000 ) ) ;
#1976 = CARTESIAN_POINT ( 'NONE',  ( -0.005732531189692388444, -0.1100000000000000006, -0.1842499999999996918 ) ) ;
#1977 = VERTEX_POINT ( 'NONE', #3655 ) ;
#1978 = EDGE_CURVE ( 'NONE', #490, #256, #3214, .T. ) ;
#1979 = CARTESIAN_POINT ( 'NONE',  ( 0.7379674688103072810, 1.224646799147263287E-20, -0.04999999999999999584 ) ) ;
#1980 = EDGE_CURVE ( 'NONE', #1114, #1753, #243, .T. ) ;
#1981 =( REPRESENTATION_RELATIONSHIP ('NONE','NONE', #4944, #1631 ) REPRESENTATION_RELATIONSHIP_WITH_TRANSFORMATION ( #4200 )SHAPE_REPRESENTATION_RELATIONSHIP( ) );
#1982 = CARTESIAN_POINT ( 'NONE',  ( 0.5379674688103072144, -0.03520000000000000212, -0.1125999999999994644 ) ) ;
#1983 = ORIENTED_EDGE ( 'NONE', *, *, #4304, .T. ) ;
#1984 = CARTESIAN_POINT ( 'NONE',  ( 0.1570000000000005280, 0.0000000000000000000, 0.02649999999999929495 ) ) ;
#1985 = CARTESIAN_POINT ( 'NONE',  ( 0.08166846881030738470, -0.1100000000000000006, -0.01574999999999998623 ) ) ;
#1986 = ORIENTED_EDGE ( 'NONE', *, *, #4144, .T. ) ;
#1987 = CARTESIAN_POINT ( 'NONE',  ( 0.7879674688103074365, 0.0000000000000000000, -0.01575000000000000705 ) ) ;
#1988 = CARTESIAN_POINT ( 'NONE',  ( 0.4379674688103072366, 1.224646799147263287E-20, -0.1125999999999994644 ) ) ;
#1989 = DIRECTION ( 'NONE',  ( 0.0000000000000000000, 0.0000000000000000000, 1.000000000000000000 ) ) ;
#1990 = EDGE_CURVE ( 'NONE', #816, #383, #514, .T. ) ;
#1991 = VERTEX_POINT ( 'NONE', #2049 ) ;
#1992 = VERTEX_POINT ( 'NONE', #2933 ) ;
#1993 = EDGE_CURVE ( 'NONE', #3393, #3065, #1119, .T. ) ;
#1994 = EDGE_LOOP ( 'NONE', ( #3015, #4297, #352, #1612 ) ) ;
#1995 = CARTESIAN_POINT ( 'NONE',  ( 0.08166846881030738470, -0.1100000000000000006, -0.01574999999999998623 ) ) ;
#1996 = EDGE_CURVE ( 'NONE', #5140, #2044, #3679, .T. ) ;
#1997 = DIRECTION ( 'NONE',  ( 0.0000000000000000000, 0.0000000000000000000, 1.000000000000000000 ) ) ;
#1998 = DIRECTION ( 'NONE',  ( -0.0000000000000000000, 1.000000000000000000, -0.0000000000000000000 ) ) ;
#1999 = DIRECTION ( 'NONE',  ( -1.000000000000000000, 0.0000000000000000000, -0.0000000000000000000 ) ) ;
#2000 = FACE_OUTER_BOUND ( 'NONE', #729, .T. ) ;
#2001 = EDGE_CURVE ( 'NONE', #97, #3387, #3009, .T. ) ;
#2002 = UNCERTAINTY_MEASURE_WITH_UNIT (LENGTH_MEASURE( 1.000000000000000082E-05 ), #1566, 'distance_accuracy_value', 'NONE');
#2003 = ORIENTED_EDGE ( 'NONE', *, *, #2843, .T. ) ;
#2004 = DIRECTION ( 'NONE',  ( -0.0000000000000000000, 1.000000000000000000, -0.0000000000000000000 ) ) ;
#2005 = VECTOR ( 'NONE', #3224, 39.37007874015748143 ) ;
#2006 = EDGE_CURVE ( 'NONE', #1977, #4787, #4622, .T. ) ;
#2007 = CARTESIAN_POINT ( 'NONE',  ( 0.3379674688103072033, 0.0000000000000000000, -0.1499999999999999944 ) ) ;
#2008 = VERTEX_POINT ( 'NONE', #1987 ) ;
#2009 = DIRECTION ( 'NONE',  ( -1.000000000000000000, 0.0000000000000000000, 4.840987058537324418E-16 ) ) ;
#2010 = ORIENTED_EDGE ( 'NONE', *, *, #4477, .T. ) ;
#2011 = CARTESIAN_POINT ( 'NONE',  ( 0.2379674688103072255, -0.1100000000000000006, -0.07874000000000051791 ) ) ;
#2012 = VERTEX_POINT ( 'NONE', #2093 ) ;
#2013 = CIRCLE ( 'NONE', #672, 0.02874000000000051860 ) ;
#2014 = AXIS2_PLACEMENT_3D ( 'NONE', #3931, #2896, #344 ) ;
#2015 = CARTESIAN_POINT ( 'NONE',  ( 0.3379674688103072033, 0.0000000000000000000, -0.1874000000000005384 ) ) ;
#2016 = AXIS2_PLACEMENT_3D ( 'NONE', #1360, #3066, #1029 ) ;
#2017 = CARTESIAN_POINT ( 'NONE',  ( 0.1379674688103071922, -0.1100000000000000006, -0.1499999999999999944 ) ) ;
#2018 = VECTOR ( 'NONE', #2468, 39.37007874015748854 ) ;
#2019 = DIRECTION ( 'NONE',  ( 0.0000000000000000000, 0.0000000000000000000, 1.000000000000000000 ) ) ;
#2020 = VERTEX_POINT ( 'NONE', #5004 ) ;
#2021 = ORIENTED_EDGE ( 'NONE', *, *, #4329, .T. ) ;
#2022 = EDGE_LOOP ( 'NONE', ( #250, #2378 ) ) ;
#2023 = CARTESIAN_POINT ( 'NONE',  ( 0.3942664688103074133, -0.1100000000000000006, -0.01574999999999998623 ) ) ;
#2024 = VECTOR ( 'NONE', #1323, 39.37007874015748143 ) ;
#2025 = VECTOR ( 'NONE', #909, 39.37007874015748143 ) ;
#2026 = ADVANCED_FACE ( 'NONE', ( #779 ), #320, .T. ) ;
#2027 = VECTOR ( 'NONE', #4179, 39.37007874015748143 ) ;
#2028 = LINE ( 'NONE', #5421, #2546 ) ;
#2029 = CARTESIAN_POINT ( 'NONE',  ( 0.7379674688103072810, 0.0000000000000000000, -0.1874000000000005384 ) ) ;
#2030 = CARTESIAN_POINT ( 'NONE',  ( 0.06670746881030771569, -0.03520000000000000212, -0.1499999999999999944 ) ) ;
#2031 = AXIS2_PLACEMENT_3D ( 'NONE', #3476, #1267, #5207 ) ;
#2032 = CARTESIAN_POINT ( 'NONE',  ( 0.4379674688103072366, -0.1100000000000000006, -0.1787400000000005096 ) ) ;
#2033 = VECTOR ( 'NONE', #329, 39.37007874015748143 ) ;
#2034 = ORIENTED_EDGE ( 'NONE', *, *, #2065, .T. ) ;
#2035 = DIRECTION ( 'NONE',  ( 0.3420201433256633283, 0.0000000000000000000, -0.9396926207859103153 ) ) ;
#2036 = CIRCLE ( 'NONE', #3012, 0.02874000000000051860 ) ;
#2037 = AXIS2_PLACEMENT_3D ( 'NONE', #1481, #4052, #1882 ) ;
#2038 = ADVANCED_FACE ( 'NONE', ( #2820, #5516 ), #1228, .F. ) ;
#2039 = CARTESIAN_POINT ( 'NONE',  ( 0.7879674688103074365, -0.1100000000000000006, -0.1842499999999999416 ) ) ;
#2040 = VECTOR ( 'NONE', #2341, 39.37007874015748143 ) ;
#2041 = CLOSED_SHELL ( 'NONE', ( #2608, #2613, #575, #1484, #551, #2906, #1377, #1471, #2165, #459, #524, #3938, #2637, #1580, #2876, #2312, #1807, #2353, #3097, #4742 ) ) ;
#2042 = EDGE_CURVE ( 'NONE', #2260, #5217, #4549, .T. ) ;
#2043 = DIRECTION ( 'NONE',  ( 0.0000000000000000000, 0.0000000000000000000, 1.000000000000000000 ) ) ;
#2044 = VERTEX_POINT ( 'NONE', #4219 ) ;
#2045 = CARTESIAN_POINT ( 'NONE',  ( 0.1379674688103071922, -0.03520000000000000212, -0.1787400000000005096 ) ) ;
#2046 = ORIENTED_EDGE ( 'NONE', *, *, #1610, .T. ) ;
#2047 = CARTESIAN_POINT ( 'NONE',  ( 0.3379674688103072033, 1.224646799147263287E-20, -0.1499999999999999944 ) ) ;
#2048 = ORIENTED_EDGE ( 'NONE', *, *, #5032, .T. ) ;
#2049 = CARTESIAN_POINT ( 'NONE',  ( 0.5759359376206146797, -0.1100000000000000006, -9.478001694819074349E-34 ) ) ;
#2050 = EDGE_CURVE ( 'NONE', #84, #5140, #745, .T. ) ;
#2051 = LINE ( 'NONE', #4551, #3694 ) ;
#2052 = CARTESIAN_POINT ( 'NONE',  ( 0.1379674688103071922, 0.0000000000000000000, -0.04999999999999999584 ) ) ;
#2053 = ORIENTED_EDGE ( 'NONE', *, *, #4412, .T. ) ;
#2054 = ORIENTED_EDGE ( 'NONE', *, *, #4045, .T. ) ;
#2055 = ORIENTED_EDGE ( 'NONE', *, *, #4329, .F. ) ;
#2056 = CARTESIAN_POINT ( 'NONE',  ( 0.4379674688103072366, -0.1100000000000000006, -0.1499999999999999944 ) ) ;
#2057 = CARTESIAN_POINT ( 'NONE',  ( 2.239553201765118668E-16, -0.1100000000000000006, -0.1999999999999996503 ) ) ;
#2058 = CONTEXT_DEPENDENT_SHAPE_REPRESENTATION ( #938, #1464 ) ;
#2059 = CARTESIAN_POINT ( 'NONE',  ( 0.0000000000000000000, 0.0000000000000000000, 0.0000000000000000000 ) ) ;
#2060 = DIRECTION ( 'NONE',  ( -0.0000000000000000000, 1.000000000000000000, -0.0000000000000000000 ) ) ;
#2061 = DIRECTION ( 'NONE',  ( 0.0000000000000000000, 0.0000000000000000000, 1.000000000000000000 ) ) ;
#2062 = ORIENTED_EDGE ( 'NONE', *, *, #5336, .F. ) ;
#2063 = EDGE_CURVE ( 'NONE', #966, #2012, #692, .T. ) ;
#2064 = CARTESIAN_POINT ( 'NONE',  ( 0.1816684688103074041, 0.0000000000000000000, -0.01574999999999998623 ) ) ;
#2065 = EDGE_CURVE ( 'NONE', #160, #5157, #1498, .T. ) ;
#2066 = CYLINDRICAL_SURFACE ( 'NONE', #946, 0.02874000000000051860 ) ;
#2067 = ORIENTED_EDGE ( 'NONE', *, *, #1241, .T. ) ;
#2068 = DIRECTION ( 'NONE',  ( -0.0000000000000000000, 1.000000000000000000, -0.0000000000000000000 ) ) ;
#2069 = LINE ( 'NONE', #1780, #5155 ) ;
#2070 = EDGE_LOOP ( 'NONE', ( #640, #600, #1722, #2671 ) ) ;
#2071 = EDGE_CURVE ( 'NONE', #3073, #134, #5471, .T. ) ;
#2072 = DIRECTION ( 'NONE',  ( -0.0000000000000000000, 1.000000000000000000, -0.0000000000000000000 ) ) ;
#2073 = LINE ( 'NONE', #4221, #581 ) ;
#2074 = DIRECTION ( 'NONE',  ( 0.0000000000000000000, 0.0000000000000000000, 1.000000000000000000 ) ) ;
#2075 = DIRECTION ( 'NONE',  ( 0.0000000000000000000, 0.0000000000000000000, 1.000000000000000000 ) ) ;
#2076 = EDGE_LOOP ( 'NONE', ( #841, #5, #1983, #1180 ) ) ;
#2077 = ORIENTED_EDGE ( 'NONE', *, *, #2439, .F. ) ;
#2078 = DIRECTION ( 'NONE',  ( -1.000000000000000000, -0.0000000000000000000, -0.0000000000000000000 ) ) ;
#2079 = LINE ( 'NONE', #3018, #2811 ) ;
#2080 = CONTEXT_DEPENDENT_SHAPE_REPRESENTATION ( #5423, #1025 ) ;
#2081 = CARTESIAN_POINT ( 'NONE',  ( 0.7759349376206148285, -0.1100000000000000006, 0.0000000000000000000 ) ) ;
#2082 = CARTESIAN_POINT ( 'NONE',  ( 0.7759349376206150506, 0.0000000000000000000, -0.2000000000000000111 ) ) ;
#2083 = DIRECTION ( 'NONE',  ( -0.0000000000000000000, 1.000000000000000000, -0.0000000000000000000 ) ) ;
#2084 = ORIENTED_EDGE ( 'NONE', *, *, #5345, .T. ) ;
#2085 = EDGE_LOOP ( 'NONE', ( #5287, #3845 ) ) ;
#2086 = LINE ( 'NONE', #2064, #3710 ) ;
#2088 = EDGE_CURVE ( 'NONE', #1712, #4241, #3807, .T. ) ;
#2087 = PLANE ( 'NONE',  #2554 ) ;
#2089 = ORIENTED_EDGE ( 'NONE', *, *, #3787, .T. ) ;
#2090 = DIRECTION ( 'NONE',  ( -1.000000000000000000, -0.0000000000000000000, -0.0000000000000000000 ) ) ;
#2091 = CARTESIAN_POINT ( 'NONE',  ( 0.4816684688103075040, -0.1100000000000000006, -0.1842499999999996085 ) ) ;
#2092 = ORIENTED_EDGE ( 'NONE', *, *, #365, .F. ) ;
#2093 = CARTESIAN_POINT ( 'NONE',  ( 0.7379674688103072810, -0.03520000000000000212, -0.02125999999999947029 ) ) ;
#2094 = ADVANCED_FACE ( 'NONE', ( #724 ), #1639, .F. ) ;
#2095 = CARTESIAN_POINT ( 'NONE',  ( 0.1650000000000000078, 0.0000000000000000000, 0.0000000000000000000 ) ) ;
#2096 = SURFACE_STYLE_USAGE ( .BOTH. , #804 ) ;
#2097 = DIRECTION ( 'NONE',  ( 0.0000000000000000000, 0.0000000000000000000, 1.000000000000000000 ) ) ;
#2098 = VECTOR ( 'NONE', #1121, 39.37007874015748143 ) ;
#2099 = CARTESIAN_POINT ( 'NONE',  ( 0.3816684688103073597, -0.1100000000000000006, -0.01574999999999998623 ) ) ;
#2100 = EDGE_LOOP ( 'NONE', ( #513, #2404 ) ) ;
#2101 = AXIS2_PLACEMENT_3D ( 'NONE', #99, #3487, #5219 ) ;
#2102 = ORIENTED_EDGE ( 'NONE', *, *, #4211, .F. ) ;
#2103 = CARTESIAN_POINT ( 'NONE',  ( 0.3379674688103072033, 0.0000000000000000000, -0.07874000000000051791 ) ) ;
#2104 = AXIS2_PLACEMENT_3D ( 'NONE', #2245, #2658, #1446 ) ;
#2105 = VECTOR ( 'NONE', #3222, 39.37007874015748143 ) ;
#2106 = EDGE_CURVE ( 'NONE', #3359, #1761, #3709, .T. ) ;
#2107 = ITEM_DEFINED_TRANSFORMATION ( 'NONE', 'NONE', #4996,  #1046 ) ;
#2108 = CARTESIAN_POINT ( 'NONE',  ( 0.6667074688103077351, -0.03520000000000000212, -0.1499999999999999944 ) ) ;
#2109 = CARTESIAN_POINT ( 'NONE',  ( 0.3379674688103072033, -0.03520000000000000212, -0.04999999999999999584 ) ) ;
#2110 = LINE ( 'NONE', #3804, #1392 ) ;
#2111 = EDGE_LOOP ( 'NONE', ( #2239, #100, #3141, #3775 ) ) ;
#2112 = ORIENTED_EDGE ( 'NONE', *, *, #3635, .T. ) ;
#2113 = EDGE_LOOP ( 'NONE', ( #5259, #584 ) ) ;
#2114 = PRESENTATION_LAYER_ASSIGNMENT (  '', '', ( #5254 ) ) ;
#2115 = AXIS2_PLACEMENT_3D ( 'NONE', #900, #839, #4664 ) ;
#2116 = CARTESIAN_POINT ( 'NONE',  ( 0.3999990000000001600, 0.0000000000000000000, 0.0000000000000000000 ) ) ;
#2117 = PRESENTATION_LAYER_ASSIGNMENT (  '', '', ( #5262 ) ) ;
#2118 = DIRECTION ( 'NONE',  ( -0.9396926207859072067, 0.0000000000000000000, -0.3420201433256721546 ) ) ;
#2119 = ADVANCED_FACE ( 'NONE', ( #3405 ), #1286, .T. ) ;
#2120 = AXIS2_PLACEMENT_3D ( 'NONE', #1504, #2004, #3206 ) ;
#2121 = AXIS2_PLACEMENT_3D ( 'NONE', #3236, #2304, #2685 ) ;
#2122 = DIRECTION ( 'NONE',  ( -0.0000000000000000000, 1.000000000000000000, -0.0000000000000000000 ) ) ;
#2123 = VECTOR ( 'NONE', #1261, 39.37007874015748143 ) ;
#2124 = EDGE_CURVE ( 'NONE', #650, #1170, #4132, .T. ) ;
#2125 = ORIENTED_EDGE ( 'NONE', *, *, #372, .T. ) ;
#2126 = CARTESIAN_POINT ( 'NONE',  ( 0.2942664688103074355, -0.1100000000000000006, -0.01574999999999998623 ) ) ;
#2127 = DIRECTION ( 'NONE',  ( -0.0000000000000000000, 1.000000000000000000, -0.0000000000000000000 ) ) ;
#2128 = ORIENTED_EDGE ( 'NONE', *, *, #4827, .F. ) ;
#2129 = EDGE_CURVE ( 'NONE', #1648, #1635, #231, .T. ) ;
#2130 = FACE_OUTER_BOUND ( 'NONE', #1685, .T. ) ;
#2131 = CIRCLE ( 'NONE', #2839, 0.01849999999999981520 ) ;
#2132 = DIRECTION ( 'NONE',  ( 0.0000000000000000000, 0.0000000000000000000, 1.000000000000000000 ) ) ;
#2133 = LENGTH_MEASURE_WITH_UNIT ( LENGTH_MEASURE( 0.02539999999999999897 ), #1253 );
#2134 = DIRECTION ( 'NONE',  ( 0.0000000000000000000, 0.0000000000000000000, 1.000000000000000000 ) ) ;
#2135 = CARTESIAN_POINT ( 'NONE',  ( 0.02999999999999995379, 0.0000000000000000000, 0.0000000000000000000 ) ) ;
#2136 = ORIENTED_EDGE ( 'NONE', *, *, #573, .F. ) ;
#2137 = ORIENTED_EDGE ( 'NONE', *, *, #2152, .F. ) ;
#2138 = DIRECTION ( 'NONE',  ( -0.0000000000000000000, 1.000000000000000000, -0.0000000000000000000 ) ) ;
#2139 = ADVANCED_FACE ( 'NONE', ( #3342, #5081 ), #4653, .F. ) ;
#2140 = FACE_OUTER_BOUND ( 'NONE', #5450, .T. ) ;
#2141 = LINE ( 'NONE', #3830, #1662 ) ;
#2142 = LINE ( 'NONE', #2227, #4155 ) ;
#2143 = VERTEX_POINT ( 'NONE', #1725 ) ;
#2144 = VERTEX_POINT ( 'NONE', #493 ) ;
#2145 = ORIENTED_EDGE ( 'NONE', *, *, #2241, .F. ) ;
#2146 = EDGE_CURVE ( 'NONE', #2229, #5380, #3541, .T. ) ;
#2147 = DIRECTION ( 'NONE',  ( -1.000000000000000000, 0.0000000000000000000, 4.840987058537324418E-16 ) ) ;
#2148 = DIRECTION ( 'NONE',  ( 0.0000000000000000000, 0.0000000000000000000, 1.000000000000000000 ) ) ;
#2149 = CARTESIAN_POINT ( 'NONE',  ( 0.08166846881030738470, -0.1100000000000000006, -0.01574999999999998623 ) ) ;
#2150 = ORIENTED_EDGE ( 'NONE', *, *, #265, .T. ) ;
#2151 = FACE_OUTER_BOUND ( 'NONE', #4805, .T. ) ;
#2152 = EDGE_CURVE ( 'NONE', #1712, #367, #4708, .T. ) ;
#2153 = VERTEX_POINT ( 'NONE', #947 ) ;
#2154 = LINE ( 'NONE', #3418, #1215 ) ;
#2155 = EDGE_LOOP ( 'NONE', ( #497, #268, #3514, #1341 ) ) ;
#2156 = DIRECTION ( 'NONE',  ( 1.000000000000000000, 0.0000000000000000000, -5.421193827719211569E-15 ) ) ;
#2157 = CARTESIAN_POINT ( 'NONE',  ( 0.03796746881030719362, 1.224646799147263287E-20, -0.1499999999999999944 ) ) ;
#2158 = FILL_AREA_STYLE_COLOUR ( '', #939 ) ;
#2159 = DIRECTION ( 'NONE',  ( 0.0000000000000000000, 0.0000000000000000000, 1.000000000000000000 ) ) ;
#2160 = ORIENTED_EDGE ( 'NONE', *, *, #1826, .T. ) ;
#2161 = ORIENTED_EDGE ( 'NONE', *, *, #2042, .F. ) ;
#2162 = VERTEX_POINT ( 'NONE', #3420 ) ;
#2163 = CARTESIAN_POINT ( 'NONE',  ( 0.09426646881030741054, -0.1100000000000000006, -0.1842499999999996918 ) ) ;
#2164 = DIRECTION ( 'NONE',  ( -1.000000000000000000, -0.0000000000000000000, -0.0000000000000000000 ) ) ;
#2165 = ADVANCED_FACE ( 'NONE', ( #2130 ), #2478, .T. ) ;
#2166 = CARTESIAN_POINT ( 'NONE',  ( 0.6999990000000000379, 0.0000000000000000000, -0.1999999999999999833 ) ) ;
#2167 = LINE ( 'NONE', #3494, #2292 ) ;
#2168 = ORIENTED_EDGE ( 'NONE', *, *, #645, .F. ) ;
#2169 = VERTEX_POINT ( 'NONE', #460 ) ;
#2170 = ORIENTED_EDGE ( 'NONE', *, *, #3312, .F. ) ;
#2171 = LINE ( 'NONE', #4359, #3711 ) ;
#2172 = DIRECTION ( 'NONE',  ( -0.0000000000000000000, 1.000000000000000000, -0.0000000000000000000 ) ) ;
#2173 = EDGE_CURVE ( 'NONE', #3818, #3549, #1702, .T. ) ;
#2174 = CARTESIAN_POINT ( 'NONE',  ( 0.4379674688103072366, -0.03520000000000000212, -0.1499999999999999944 ) ) ;
#2175 = VERTEX_POINT ( 'NONE', #1250 ) ;
#2176 = CARTESIAN_POINT ( 'NONE',  ( 0.7379674688103072810, 0.0000000000000000000, -0.08740000000000051894 ) ) ;
#2177 = ORIENTED_EDGE ( 'NONE', *, *, #796, .F. ) ;
#2178 = LINE ( 'NONE', #2240, #3977 ) ;
#2179 = ORIENTED_EDGE ( 'NONE', *, *, #1633, .F. ) ;
#2180 = CARTESIAN_POINT ( 'NONE',  ( 0.6816684688103075151, 0.0000000000000000000, -0.1842499999999996085 ) ) ;
#2181 = DIRECTION ( 'NONE',  ( -0.0000000000000000000, 1.000000000000000000, -0.0000000000000000000 ) ) ;
#2182 = CARTESIAN_POINT ( 'NONE',  ( 0.6379674688103071922, 0.0000000000000000000, -0.1787400000000005096 ) ) ;
#2183 = DIRECTION ( 'NONE',  ( -0.9396926207859072067, 0.0000000000000000000, -0.3420201433256721546 ) ) ;
#2184 = DIRECTION ( 'NONE',  ( 0.9396926207859104263, 0.0000000000000000000, 0.3420201433256633838 ) ) ;
#2185 = EDGE_LOOP ( 'NONE', ( #3835, #88, #4929, #441 ) ) ;
#2186 = ORIENTED_EDGE ( 'NONE', *, *, #1996, .T. ) ;
#2187 = DIRECTION ( 'NONE',  ( 0.0000000000000000000, 1.000000000000000000, 0.0000000000000000000 ) ) ;
#2188 = VECTOR ( 'NONE', #684, 39.37007874015748143 ) ;
#2189 = FACE_BOUND ( 'NONE', #704, .T. ) ;
#2190 = AXIS2_PLACEMENT_3D ( 'NONE', #4513, #1906, #4965 ) ;
#2191 = DIRECTION ( 'NONE',  ( -0.3420201433256694346, -0.0000000000000000000, -0.9396926207859080948 ) ) ;
#2192 = DIRECTION ( 'NONE',  ( 0.3420201433256633283, 0.0000000000000000000, -0.9396926207859103153 ) ) ;
#2193 = VERTEX_POINT ( 'NONE', #2954 ) ;
#2194 = ORIENTED_EDGE ( 'NONE', *, *, #4515, .F. ) ;
#2195 = VERTEX_POINT ( 'NONE', #3936 ) ;
#2196 = AXIS2_PLACEMENT_3D ( 'NONE', #1556, #1171, #666 ) ;
#2197 = VECTOR ( 'NONE', #3091, 39.37007874015748143 ) ;
#2198 = SURFACE_STYLE_USAGE ( .BOTH. , #3034 ) ;
#2199 = DIRECTION ( 'NONE',  ( -0.0000000000000000000, 1.000000000000000000, -0.0000000000000000000 ) ) ;
#2200 = CARTESIAN_POINT ( 'NONE',  ( 0.4999990000000001378, -0.1100000000000000006, 0.0000000000000000000 ) ) ;
#2201 = AXIS2_PLACEMENT_3D ( 'NONE', #1334, #3539, #5298 ) ;
#2202 = EDGE_LOOP ( 'NONE', ( #5326, #4138, #728, #3889 ) ) ;
#2203 = EDGE_CURVE ( 'NONE', #643, #1091, #776, .T. ) ;
#2204 = VECTOR ( 'NONE', #5285, 39.37007874015748143 ) ;
#2205 = AXIS2_PLACEMENT_3D ( 'NONE', #5156, #882, #1300 ) ;
#2206 = CARTESIAN_POINT ( 'NONE',  ( 0.1649999999999989253, 2.265596578422581083E-18, -0.01849999999999981520 ) ) ;
#2207 = ORIENTED_EDGE ( 'NONE', *, *, #4144, .F. ) ;
#2208 = DIRECTION ( 'NONE',  ( -1.266620916943744463E-17, 0.0000000000000000000, 1.000000000000000000 ) ) ;
#2209 = ORIENTED_EDGE ( 'NONE', *, *, #538, .T. ) ;
#2210 = DIRECTION ( 'NONE',  ( 0.0000000000000000000, 0.0000000000000000000, 1.000000000000000000 ) ) ;
#2211 = EDGE_CURVE ( 'NONE', #798, #3238, #4247, .T. ) ;
#2212 = VECTOR ( 'NONE', #1526, 39.37007874015748143 ) ;
#2213 = AXIS2_PLACEMENT_3D ( 'NONE', #4345, #505, #5141 ) ;
#2214 = CARTESIAN_POINT ( 'NONE',  ( 0.4379674688103072366, -0.1100000000000000006, -0.04999999999999999584 ) ) ;
#2215 = CARTESIAN_POINT ( 'NONE',  ( 0.2379674688103072255, -0.03520000000000000212, -0.01259999999999946926 ) ) ;
#2216 = ORIENTED_EDGE ( 'NONE', *, *, #4572, .F. ) ;
#2217 = CARTESIAN_POINT ( 'NONE',  ( 0.3379674688103072033, 0.0000000000000000000, -0.02125999999999947376 ) ) ;
#2218 = CARTESIAN_POINT ( 'NONE',  ( 0.7379674688103072810, 0.0000000000000000000, -0.1499999999999999944 ) ) ;
#2219 = VERTEX_POINT ( 'NONE', #5163 ) ;
#2220 = AXIS2_PLACEMENT_3D ( 'NONE', #5378, #1998, #2885 ) ;
#2221 = ORIENTED_EDGE ( 'NONE', *, *, #5428, .F. ) ;
#2222 = PLANE ( 'NONE',  #770 ) ;
#2223 = EDGE_CURVE ( 'NONE', #2747, #801, #2927, .T. ) ;
#2224 = CARTESIAN_POINT ( 'NONE',  ( 0.5942664688103074244, -0.1100000000000000006, -0.1842499999999996918 ) ) ;
#2225 = CARTESIAN_POINT ( 'NONE',  ( 0.6942664688103074022, -0.1100000000000000006, -0.01574999999999998623 ) ) ;
#2226 = EDGE_CURVE ( 'NONE', #793, #3239, #418, .T. ) ;
#2227 = CARTESIAN_POINT ( 'NONE',  ( 0.5379674688103072144, 0.0000000000000000000, -0.02125999999999947376 ) ) ;
#2228 = ORIENTED_EDGE ( 'NONE', *, *, #170, .F. ) ;
#2229 = VERTEX_POINT ( 'NONE', #2653 ) ;
#2230 = ORIENTED_EDGE ( 'NONE', *, *, #2842, .F. ) ;
#2231 =( NAMED_UNIT ( * ) SI_UNIT ( $, .STERADIAN. ) SOLID_ANGLE_UNIT ( ) );
#2232 = DIRECTION ( 'NONE',  ( 0.0000000000000000000, 0.0000000000000000000, 1.000000000000000000 ) ) ;
#2233 = DIRECTION ( 'NONE',  ( -0.0000000000000000000, 1.000000000000000000, -0.0000000000000000000 ) ) ;
#2234 = UNCERTAINTY_MEASURE_WITH_UNIT (LENGTH_MEASURE( 1.000000000000000082E-05 ), #4864, 'distance_accuracy_value', 'NONE');
#2235 = ORIENTED_EDGE ( 'NONE', *, *, #2088, .T. ) ;
#2236 = DIRECTION ( 'NONE',  ( -1.000000000000000000, -0.0000000000000000000, -0.0000000000000000000 ) ) ;
#2237 = DIRECTION ( 'NONE',  ( 0.0000000000000000000, 0.0000000000000000000, 1.000000000000000000 ) ) ;
#2238 = EDGE_CURVE ( 'NONE', #5120, #2617, #887, .T. ) ;
#2239 = ORIENTED_EDGE ( 'NONE', *, *, #1898, .F. ) ;
#2240 = CARTESIAN_POINT ( 'NONE',  ( 0.03796746881030720056, 0.0000000000000000000, -0.1787400000000005096 ) ) ;
#2241 = EDGE_CURVE ( 'NONE', #3716, #4718, #1954, .T. ) ;
#2242 = LINE ( 'NONE', #2180, #5275 ) ;
#2243 = CYLINDRICAL_SURFACE ( 'NONE', #4159, 0.03740000000000053698 ) ;
#2244 = EDGE_LOOP ( 'NONE', ( #4824, #328 ) ) ;
#2245 = CARTESIAN_POINT ( 'NONE',  ( 0.6379674688103071922, -0.03520000000000000212, -0.04999999999999999584 ) ) ;
#2246 = EDGE_CURVE ( 'NONE', #4241, #1712, #3017, .T. ) ;
#2247 = CARTESIAN_POINT ( 'NONE',  ( 0.6379674688103071922, -0.03520000000000000212, -0.08740000000000051894 ) ) ;
#2248 = VERTEX_POINT ( 'NONE', #8 ) ;
#2249 = ORIENTED_EDGE ( 'NONE', *, *, #4909, .T. ) ;
#2250 = DIRECTION ( 'NONE',  ( -1.000000000000000000, -0.0000000000000000000, -0.0000000000000000000 ) ) ;
#2251 = DIRECTION ( 'NONE',  ( 0.0000000000000000000, 0.0000000000000000000, 1.000000000000000000 ) ) ;
#2252 = CARTESIAN_POINT ( 'NONE',  ( 0.7379674688103072810, -0.03520000000000000212, -0.01259999999999946926 ) ) ;
#2253 = LINE ( 'NONE', #2356, #1576 ) ;
#2254 = VERTEX_POINT ( 'NONE', #4283 ) ;
#2255 = ORIENTED_EDGE ( 'NONE', *, *, #2124, .T. ) ;
#2256 = ORIENTED_EDGE ( 'NONE', *, *, #1042, .F. ) ;
#2257 = DIRECTION ( 'NONE',  ( 0.0000000000000000000, 0.0000000000000000000, 1.000000000000000000 ) ) ;
#2258 = LINE ( 'NONE', #1022, #780 ) ;
#2259 = DIRECTION ( 'NONE',  ( 0.3420201433256633283, 0.0000000000000000000, -0.9396926207859103153 ) ) ;
#2260 = VERTEX_POINT ( 'NONE', #1756 ) ;
#2261 = CARTESIAN_POINT ( 'NONE',  ( 0.1759359376206146575, -0.1100000000000000006, -9.478001694819074349E-34 ) ) ;
#2262 = CARTESIAN_POINT ( 'NONE',  ( 0.4759359376206147019, -0.1100000000000000006, -0.1999999999999999833 ) ) ;
#2263 = CARTESIAN_POINT ( 'NONE',  ( 0.0000000000000000000, 0.0000000000000000000, 0.0000000000000000000 ) ) ;
#2264 = EDGE_CURVE ( 'NONE', #2617, #2713, #2242, .T. ) ;
#2265 = PLANE ( 'NONE',  #2731 ) ;
#2266 = VERTEX_POINT ( 'NONE', #3846 ) ;
#2267 = DIRECTION ( 'NONE',  ( -0.0000000000000000000, 1.000000000000000000, -0.0000000000000000000 ) ) ;
#2268 = CARTESIAN_POINT ( 'NONE',  ( 0.7816674688103073532, -0.1100000000000000006, -0.01575000000000000705 ) ) ;
#2269 = ORIENTED_EDGE ( 'NONE', *, *, #1086, .T. ) ;
#2270 = ORIENTED_EDGE ( 'NONE', *, *, #4110, .T. ) ;
#2271 = CYLINDRICAL_SURFACE ( 'NONE', #2121, 0.02874000000000051860 ) ;
#2272 = ADVANCED_FACE ( 'NONE', ( #402 ), #3871, .F. ) ;
#2273 = CARTESIAN_POINT ( 'NONE',  ( 0.5379674688103072144, -0.1100000000000000006, -0.1499999999999999944 ) ) ;
#2274 = CARTESIAN_POINT ( 'NONE',  ( 0.6379674688103071922, -0.03520000000000000212, -0.04999999999999999584 ) ) ;
#2275 = ORIENTED_EDGE ( 'NONE', *, *, #4210, .T. ) ;
#2276 = ORIENTED_EDGE ( 'NONE', *, *, #1425, .F. ) ;
#2277 = VERTEX_POINT ( 'NONE', #3482 ) ;
#2278 = PRODUCT_DEFINITION_SHAPE ( 'NONE', 'NONE',  #3606 ) ;
#2279 = EDGE_CURVE ( 'NONE', #3007, #1302, #1336, .T. ) ;
#2280 = CIRCLE ( 'NONE', #3777, 0.006999999999998859565 ) ;
#2281 = DIRECTION ( 'NONE',  ( -0.3420201433256720991, 0.0000000000000000000, 0.9396926207859070956 ) ) ;
#2282 = APPLICATION_PROTOCOL_DEFINITION ( 'draft international standard', 'automotive_design', 1998, #1190 ) ;
#2283 = FACE_OUTER_BOUND ( 'NONE', #427, .T. ) ;
#2284 = CARTESIAN_POINT ( 'NONE',  ( 0.1816684688103074041, -0.1100000000000000006, -0.01574999999999998623 ) ) ;
#2285 = EDGE_LOOP ( 'NONE', ( #4113, #4606 ) ) ;
#2286 = AXIS2_PLACEMENT_3D ( 'NONE', #3070, #1364, #3131 ) ;
#2287 = AXIS2_PLACEMENT_3D ( 'NONE', #262, #722, #1535 ) ;
#2288 = EDGE_CURVE ( 'NONE', #3033, #929, #4333, .T. ) ;
#2289 = CIRCLE ( 'NONE', #589, 0.02874000000000051860 ) ;
#2290 = CARTESIAN_POINT ( 'NONE',  ( 0.3816684688103074707, -0.1100000000000000006, -0.1842499999999996085 ) ) ;
#2291 = CARTESIAN_POINT ( 'NONE',  ( 0.4379674688103072366, 1.224646799147263287E-20, -0.1499999999999999944 ) ) ;
#2292 = VECTOR ( 'NONE', #3887, 39.37007874015748143 ) ;
#2293 = VECTOR ( 'NONE', #4918, 39.37007874015748143 ) ;
#2294 = DIRECTION ( 'NONE',  ( 0.3420201433256665480, -0.0000000000000000000, 0.9396926207859092051 ) ) ;
#2295 = CARTESIAN_POINT ( 'NONE',  ( 0.6379674688103071922, 0.0000000000000000000, -0.1874000000000005384 ) ) ;
#2296 = VECTOR ( 'NONE', #5194, 39.37007874015748143 ) ;
#2297 = ORIENTED_EDGE ( 'NONE', *, *, #1610, .F. ) ;
#2298 = FACE_OUTER_BOUND ( 'NONE', #91, .T. ) ;
#2299 = AXIS2_PLACEMENT_3D ( 'NONE', #3720, #5013, #786 ) ;
#2300 = CARTESIAN_POINT ( 'NONE',  ( 0.2942664688103074355, 0.0000000000000000000, -0.1842499999999996918 ) ) ;
#2301 = EDGE_LOOP ( 'NONE', ( #3371, #762, #3045, #2209 ) ) ;
#2302 = PRODUCT_DEFINITION_FORMATION_WITH_SPECIFIED_SOURCE ( 'ANY', '', #2366, .NOT_KNOWN. ) ;
#2303 = ORIENTED_EDGE ( 'NONE', *, *, #1442, .T. ) ;
#2304 = DIRECTION ( 'NONE',  ( -0.0000000000000000000, 1.000000000000000000, -0.0000000000000000000 ) ) ;
#2305 = CIRCLE ( 'NONE', #4720, 0.02874000000000051860 ) ;
#2306 = AXIS2_PLACEMENT_3D ( 'NONE', #5307, #671, #1908 ) ;
#2307 = DIRECTION ( 'NONE',  ( -0.0000000000000000000, 1.000000000000000000, 1.224646799147353207E-16 ) ) ;
#2308 = CIRCLE ( 'NONE', #1585, 0.02800000000000000405 ) ;
#2309 = DIRECTION ( 'NONE',  ( 0.0000000000000000000, 0.0000000000000000000, 1.000000000000000000 ) ) ;
#2310 = ORIENTED_EDGE ( 'NONE', *, *, #3410, .T. ) ;
#2311 = ORIENTED_EDGE ( 'NONE', *, *, #2696, .F. ) ;
#2312 = ADVANCED_FACE ( 'NONE', ( #4419 ), #2323, .F. ) ;
#2313 = ORIENTED_EDGE ( 'NONE', *, *, #2324, .T. ) ;
#2314 = CARTESIAN_POINT ( 'NONE',  ( 2.239553201765118668E-16, 0.0000000000000000000, -0.1999999999999996503 ) ) ;
#2315 = DIRECTION ( 'NONE',  ( -0.0000000000000000000, 1.000000000000000000, -0.0000000000000000000 ) ) ;
#2316 = APPLICATION_PROTOCOL_DEFINITION ( 'draft international standard', 'automotive_design', 1998, #2545 ) ;
#2317 = LINE ( 'NONE', #1893, #3161 ) ;
#2318 = CARTESIAN_POINT ( 'NONE',  ( 0.1379674688103071922, 0.0000000000000000000, -0.08740000000000051894 ) ) ;
#2319 = EDGE_CURVE ( 'NONE', #4584, #3359, #4076, .T. ) ;
#2320 = ORIENTED_EDGE ( 'NONE', *, *, #1241, .F. ) ;
#2321 = PLANE ( 'NONE',  #4163 ) ;
#2322 = CARTESIAN_POINT ( 'NONE',  ( 0.5759359376206146797, -0.1100000000000000006, -0.1999999999999999833 ) ) ;
#2323 = PLANE ( 'NONE',  #3459 ) ;
#2324 = EDGE_CURVE ( 'NONE', #3478, #5169, #4645, .T. ) ;
#2325 = DIRECTION ( 'NONE',  ( 0.0000000000000000000, 0.0000000000000000000, 1.000000000000000000 ) ) ;
#2326 = EDGE_LOOP ( 'NONE', ( #601, #5129, #876, #4214 ) ) ;
#2327 = DIRECTION ( 'NONE',  ( -0.0000000000000000000, 1.000000000000000000, -0.0000000000000000000 ) ) ;
#2328 = CARTESIAN_POINT ( 'NONE',  ( 0.07593593762061463803, -0.1100000000000000006, -0.1999999999999999833 ) ) ;
#2329 = ORIENTED_EDGE ( 'NONE', *, *, #3381, .F. ) ;
#2330 = CARTESIAN_POINT ( 'NONE',  ( 0.7759349376206150506, -0.1100000000000000006, -0.2000000000000000111 ) ) ;
#2331 = CARTESIAN_POINT ( 'NONE',  ( 0.03796746881030719362, -0.03520000000000000212, -0.1125999999999994644 ) ) ;
#2332 = PLANE ( 'NONE',  #4539 ) ;
#2333 = ORIENTED_EDGE ( 'NONE', *, *, #4470, .F. ) ;
#2334 = VERTEX_POINT ( 'NONE', #4485 ) ;
#2335 = ORIENTED_EDGE ( 'NONE', *, *, #1020, .T. ) ;
#2336 = CARTESIAN_POINT ( 'NONE',  ( 0.5667074688103077573, -0.03520000000000000212, -0.1499999999999999944 ) ) ;
#2337 = EDGE_CURVE ( 'NONE', #4584, #1406, #118, .T. ) ;
#2338 = EDGE_CURVE ( 'NONE', #3073, #1038, #3208, .T. ) ;
#2339 = CARTESIAN_POINT ( 'NONE',  ( 0.03796746881030719362, -0.03520000000000000212, -0.1499999999999999944 ) ) ;
#2340 = CONTEXT_DEPENDENT_SHAPE_REPRESENTATION ( #4564, #4976 ) ;
#2341 = DIRECTION ( 'NONE',  ( -0.0000000000000000000, 1.000000000000000000, -0.0000000000000000000 ) ) ;
#2342 = DIRECTION ( 'NONE',  ( 0.0000000000000000000, 0.0000000000000000000, 1.000000000000000000 ) ) ;
#2343 = ORIENTED_EDGE ( 'NONE', *, *, #2768, .T. ) ;
#2344 = EDGE_CURVE ( 'NONE', #3808, #249, #1468, .T. ) ;
#2345 = FACE_OUTER_BOUND ( 'NONE', #2427, .T. ) ;
#2346 = CARTESIAN_POINT ( 'NONE',  ( 0.1816684688103074041, -0.1100000000000000006, -0.01574999999999998623 ) ) ;
#2347 = EDGE_CURVE ( 'NONE', #2143, #4332, #3994, .T. ) ;
#2348 = LINE ( 'NONE', #4152, #3180 ) ;
#2349 = VERTEX_POINT ( 'NONE', #153 ) ;
#2350 = DIRECTION ( 'NONE',  ( -0.0000000000000000000, 1.000000000000000000, -0.0000000000000000000 ) ) ;
#2351 = CARTESIAN_POINT ( 'NONE',  ( 0.2816684688103074374, 0.0000000000000000000, -0.01574999999999998623 ) ) ;
#2352 = ORIENTED_EDGE ( 'NONE', *, *, #820, .T. ) ;
#2353 = ADVANCED_FACE ( 'NONE', ( #3542 ), #4020, .T. ) ;
#2354 = CARTESIAN_POINT ( 'NONE',  ( 0.7759349376206150506, 0.0000000000000000000, -0.2000000000000000111 ) ) ;
#2355 = DIRECTION ( 'NONE',  ( -0.0000000000000000000, 1.000000000000000000, -0.0000000000000000000 ) ) ;
#2356 = CARTESIAN_POINT ( 'NONE',  ( 0.7816674688103073532, -0.1100000000000000006, -0.01575000000000000705 ) ) ;
#2357 = FACE_OUTER_BOUND ( 'NONE', #2575, .T. ) ;
#2358 = ORIENTED_EDGE ( 'NONE', *, *, #5098, .T. ) ;
#2359 = VERTEX_POINT ( 'NONE', #1419 ) ;
#2360 = PLANE ( 'NONE',  #2955 ) ;
#2361 = CARTESIAN_POINT ( 'NONE',  ( 0.4379674688103072366, 1.224646799147263287E-20, -0.04999999999999999584 ) ) ;
#2362 = CARTESIAN_POINT ( 'NONE',  ( 0.4379674688103072366, 1.224646799147263287E-20, -0.1499999999999999944 ) ) ;
#2363 = DIRECTION ( 'NONE',  ( -0.3420201433256720991, 0.0000000000000000000, 0.9396926207859070956 ) ) ;
#2364 = ORIENTED_EDGE ( 'NONE', *, *, #3733, .T. ) ;
#2365 = EDGE_CURVE ( 'NONE', #2144, #4426, #2840, .T. ) ;
#2366 = PRODUCT ( 'P4XX-21-010-00-000000_P416-21-010-00-000000', 'P4XX-21-010-00-000000_P416-21-010-00-000000', '', ( #3586 ) ) ;
#2367 = FACE_OUTER_BOUND ( 'NONE', #4666, .T. ) ;
#2368 = VECTOR ( 'NONE', #2410, 39.37007874015748143 ) ;
#2369 = VECTOR ( 'NONE', #2871, 39.37007874015748143 ) ;
#2370 = EDGE_CURVE ( 'NONE', #256, #3199, #1005, .T. ) ;
#2371 = DIRECTION ( 'NONE',  ( 1.000000000000000000, 0.0000000000000000000, 0.0000000000000000000 ) ) ;
#2372 = AXIS2_PLACEMENT_3D ( 'NONE', #558, #2267, #3961 ) ;
#2373 = VECTOR ( 'NONE', #4880, 39.37007874015748854 ) ;
#2374 = DIRECTION ( 'NONE',  ( -0.0000000000000000000, 1.000000000000000000, -0.0000000000000000000 ) ) ;
#2375 = ORIENTED_EDGE ( 'NONE', *, *, #2264, .F. ) ;
#2376 = PLANE ( 'NONE',  #755 ) ;
#2377 = CARTESIAN_POINT ( 'NONE',  ( 0.6999990000000000379, -0.1100000000000000006, -0.1999999999999999833 ) ) ;
#2378 = ORIENTED_EDGE ( 'NONE', *, *, #605, .F. ) ;
#2379 = AXIS2_PLACEMENT_3D ( 'NONE', #2481, #340, #1221 ) ;
#2380 = EDGE_CURVE ( 'NONE', #5157, #160, #5011, .T. ) ;
#2381 = MECHANICAL_DESIGN_GEOMETRIC_PRESENTATION_REPRESENTATION (  '', ( #5254 ), #3092 ) ;
#2382 = LINE ( 'NONE', #1511, #1583 ) ;
#2383 = CIRCLE ( 'NONE', #5164, 0.02874000000000051860 ) ;
#2384 = VECTOR ( 'NONE', #4116, 39.37007874015748143 ) ;
#2385 = CARTESIAN_POINT ( 'NONE',  ( 0.0000000000000000000, 1.224646799147256317E-18, -0.009999999999999210909 ) ) ;
#2386 = DIRECTION ( 'NONE',  ( 0.0000000000000000000, 0.0000000000000000000, 1.000000000000000000 ) ) ;
#2387 = ORIENTED_EDGE ( 'NONE', *, *, #95, .T. ) ;
#2388 = EDGE_LOOP ( 'NONE', ( #1693, #5227, #3640, #3919 ) ) ;
#2389 = ORIENTED_EDGE ( 'NONE', *, *, #2683, .F. ) ;
#2390 = AXIS2_PLACEMENT_3D ( 'NONE', #1703, #370, #4771 ) ;
#2391 = CARTESIAN_POINT ( 'NONE',  ( 0.5379674688103072144, -0.03520000000000000212, -0.1499999999999999944 ) ) ;
#2392 = EDGE_CURVE ( 'NONE', #2880, #1729, #2499, .T. ) ;
#2393 = ADVANCED_FACE ( 'NONE', ( #3592, #3152 ), #1030, .F. ) ;
#2394 = CYLINDRICAL_SURFACE ( 'NONE', #4533, 0.02874000000000052207 ) ;
#2395 = CARTESIAN_POINT ( 'NONE',  ( 0.03796746881030719362, 1.224646799147263287E-20, -0.04999999999999999584 ) ) ;
#2396 = FACE_OUTER_BOUND ( 'NONE', #964, .T. ) ;
#2397 = DIRECTION ( 'NONE',  ( 0.0000000000000000000, 1.000000000000000000, 0.0000000000000000000 ) ) ;
#2398 = ORIENTED_EDGE ( 'NONE', *, *, #4600, .T. ) ;
#2399 = CIRCLE ( 'NONE', #5528, 0.02874000000000051860 ) ;
#2400 = PLANE ( 'NONE',  #3442 ) ;
#2401 = EDGE_CURVE ( 'NONE', #3794, #966, #3181, .T. ) ;
#2403 = EDGE_CURVE ( 'NONE', #421, #4888, #1388, .T. ) ;
#2402 = LINE ( 'NONE', #2812, #3345 ) ;
#2404 = ORIENTED_EDGE ( 'NONE', *, *, #3076, .T. ) ;
#2405 = CARTESIAN_POINT ( 'NONE',  ( -0.005732531189692642581, 0.0000000000000000000, -0.01574999999999999664 ) ) ;
#2406 = CARTESIAN_POINT ( 'NONE',  ( 0.3999990000000001600, -0.1100000000000000006, 0.0000000000000000000 ) ) ;
#2407 = EDGE_LOOP ( 'NONE', ( #1738, #1599 ) ) ;
#2408 = CARTESIAN_POINT ( 'NONE',  ( 0.07033012701892972507, 0.0000000000000000000, 0.0000000000000000000 ) ) ;
#2409 = EDGE_CURVE ( 'NONE', #3024, #3716, #5358, .T. ) ;
#2410 = DIRECTION ( 'NONE',  ( 0.0000000000000000000, 1.000000000000000000, 0.0000000000000000000 ) ) ;
#2411 = PRESENTATION_STYLE_ASSIGNMENT (( #1178 ) ) ;
#2412 = VERTEX_POINT ( 'NONE', #2784 ) ;
#2413 = ORIENTED_EDGE ( 'NONE', *, *, #484, .F. ) ;
#2414 = ORIENTED_EDGE ( 'NONE', *, *, #3483, .T. ) ;
#2415 = DIRECTION ( 'NONE',  ( 0.3420201433256633283, 0.0000000000000000000, -0.9396926207859103153 ) ) ;
#2416 = PRODUCT_DEFINITION_SHAPE ( 'NONE', 'NONE',  #5545 ) ;
#2417 = CARTESIAN_POINT ( 'NONE',  ( 0.2816684688103074374, -0.1100000000000000006, -0.01574999999999998623 ) ) ;
#2418 = DIRECTION ( 'NONE',  ( 0.0000000000000000000, 0.0000000000000000000, 1.000000000000000000 ) ) ;
#2419 = CARTESIAN_POINT ( 'NONE',  ( 0.4942664688103074466, -0.1100000000000000006, -0.01574999999999998623 ) ) ;
#2420 = CARTESIAN_POINT ( 'NONE',  ( 0.5816684688103074263, -0.1100000000000000006, -0.01574999999999998623 ) ) ;
#2421 = ORIENTED_EDGE ( 'NONE', *, *, #1112, .T. ) ;
#2422 = EDGE_CURVE ( 'NONE', #2266, #3480, #3101, .T. ) ;
#2423 = PLANE ( 'NONE',  #862 ) ;
#2424 = DIRECTION ( 'NONE',  ( -0.0000000000000000000, 1.000000000000000000, -0.0000000000000000000 ) ) ;
#2425 = ORIENTED_EDGE ( 'NONE', *, *, #2088, .F. ) ;
#2426 = DIRECTION ( 'NONE',  ( 0.3420201433256633283, 0.0000000000000000000, -0.9396926207859103153 ) ) ;
#2427 = EDGE_LOOP ( 'NONE', ( #5114, #2991 ) ) ;
#2428 = DIRECTION ( 'NONE',  ( 0.0000000000000000000, 0.0000000000000000000, 1.000000000000000000 ) ) ;
#2429 = ORIENTED_EDGE ( 'NONE', *, *, #1856, .T. ) ;
#2430 = EDGE_CURVE ( 'NONE', #808, #801, #234, .T. ) ;
#2431 = CARTESIAN_POINT ( 'NONE',  ( 0.1816684688103074041, 0.0000000000000000000, -0.01574999999999998623 ) ) ;
#2432 = ADVANCED_FACE ( 'NONE', ( #1531 ), #3229, .F. ) ;
#2433 = DIRECTION ( 'NONE',  ( -0.0000000000000000000, 1.000000000000000000, -0.0000000000000000000 ) ) ;
#2434 = CARTESIAN_POINT ( 'NONE',  ( 0.0000000000000000000, 0.0000000000000000000, 0.0000000000000000000 ) ) ;
#2435 = ORIENTED_EDGE ( 'NONE', *, *, #1103, .F. ) ;
#2436 = VERTEX_POINT ( 'NONE', #5374 ) ;
#2437 = VERTEX_POINT ( 'NONE', #4439 ) ;
#2438 = CARTESIAN_POINT ( 'NONE',  ( 0.2816684688103074374, 0.0000000000000000000, -0.1842499999999996085 ) ) ;
#2439 = EDGE_CURVE ( 'NONE', #2633, #3084, #1520, .T. ) ;
#2440 = CARTESIAN_POINT ( 'NONE',  ( 0.06099999999999970723, 3.429011037612589091E-18, -0.02800000000000000405 ) ) ;
#2441 = CARTESIAN_POINT ( 'NONE',  ( 0.4999990000000001378, -0.1100000000000000006, -0.1999999999999999833 ) ) ;
#2442 = FACE_BOUND ( 'NONE', #4642, .T. ) ;
#2443 = DIRECTION ( 'NONE',  ( -0.0000000000000000000, 1.000000000000000000, -0.0000000000000000000 ) ) ;
#2444 = PRODUCT_DEFINITION_CONTEXT ( 'detailed design', #2545, 'design' ) ;
#2445 = ORIENTED_EDGE ( 'NONE', *, *, #4117, .F. ) ;
#2446 = ADVANCED_FACE ( 'NONE', ( #629, #1970 ), #604, .F. ) ;
#2447 = DIRECTION ( 'NONE',  ( -0.3420201433256720991, 0.0000000000000000000, 0.9396926207859070956 ) ) ;
#2448 = PRODUCT_RELATED_PRODUCT_CATEGORY ( 'part', '', ( #169 ) ) ;
#2449 = VECTOR ( 'NONE', #332, 39.37007874015748143 ) ;
#2450 = CARTESIAN_POINT ( 'NONE',  ( 0.4379674688103072366, -0.1100000000000000006, -0.1499999999999999944 ) ) ;
#2451 = EDGE_LOOP ( 'NONE', ( #1774, #3755, #5312, #4368 ) ) ;
#2452 = LINE ( 'NONE', #4568, #3614 ) ;
#2453 = VERTEX_POINT ( 'NONE', #192 ) ;
#2454 = CYLINDRICAL_SURFACE ( 'NONE', #29, 0.03740000000000053004 ) ;
#2455 = VERTEX_POINT ( 'NONE', #2314 ) ;
#2456 = AXIS2_PLACEMENT_3D ( 'NONE', #3234, #1509, #642 ) ;
#2457 = DIRECTION ( 'NONE',  ( 0.3420201433256665480, -0.0000000000000000000, 0.9396926207859092051 ) ) ;
#2458 = AXIS2_PLACEMENT_3D ( 'NONE', #3126, #553, #4456 ) ;
#2459 = DIRECTION ( 'NONE',  ( 0.0000000000000000000, 0.0000000000000000000, 1.000000000000000000 ) ) ;
#2460 = AXIS2_PLACEMENT_3D ( 'NONE', #252, #4501, #1972 ) ;
#2461 =( NAMED_UNIT ( * ) PLANE_ANGLE_UNIT ( ) SI_UNIT ( $, .RADIAN. ) );
#2462 = CARTESIAN_POINT ( 'NONE',  ( 0.6816684688103075151, -0.1100000000000000006, -0.01574999999999998623 ) ) ;
#2463 = ORIENTED_EDGE ( 'NONE', *, *, #3731, .T. ) ;
#2464 = ORIENTED_EDGE ( 'NONE', *, *, #94, .F. ) ;
#2465 = CARTESIAN_POINT ( 'NONE',  ( 0.6942664688103074022, -0.1100000000000000006, -0.01574999999999998623 ) ) ;
#2466 = CIRCLE ( 'NONE', #1663, 0.02874000000000051860 ) ;
#2467 = CIRCLE ( 'NONE', #305, 0.03740000000000053698 ) ;
#2468 = DIRECTION ( 'NONE',  ( 0.3420201433256664370, -0.0000000000000000000, 0.9396926207859092051 ) ) ;
#2469 = FACE_OUTER_BOUND ( 'NONE', #4280, .T. ) ;
#2470 = ADVANCED_FACE ( 'NONE', ( #1493 ), #5396, .T. ) ;
#2471 = CARTESIAN_POINT ( 'NONE',  ( 0.5379674688103072144, 0.0000000000000000000, -0.07874000000000051791 ) ) ;
#2472 = VECTOR ( 'NONE', #4284, 39.37007874015748143 ) ;
#2473 = DIRECTION ( 'NONE',  ( 0.0000000000000000000, 0.0000000000000000000, 1.000000000000000000 ) ) ;
#2474 = COLOUR_RGB ( '',0.2941176470588235392, 0.2941176470588235392, 0.2941176470588235392 ) ;
#2475 = EDGE_LOOP ( 'NONE', ( #5362, #1588, #1450, #675, #3037, #785, #3796, #5458, #382, #3306, #3879, #1630, #4321, #269, #3210, #1944, #64, #4951, #1736, #4057, #31, #3107, #3502, #4105, #5330, #3843, #1333, #5126, #3269, #3506, #727, #2463, #3660, #4815, #1541, #5439, #1351, #2128, #2230, #2750, #3288, #2177, #3386, #4392, #3271, #4156, #1638, #3472, #2660, #2523, #2606, #2003, #3870, #2968, #7, #1510, #3147, #4482, #3805, #5247, #359, #4859, #2054, #3495, #4867, #4868, #5294, #2375 ) ) ;
#2476 = AXIS2_PLACEMENT_3D ( 'NONE', #4574, #2513, #5111 ) ;
#2477 = AXIS2_PLACEMENT_3D ( 'NONE', #4957, #1085, #1462 ) ;
#2478 = CONICAL_SURFACE ( 'NONE', #3191, 0.01849999999999981520, 0.7853981633975165577 ) ;
#2479 = EDGE_CURVE ( 'NONE', #2774, #1232, #5342, .T. ) ;
#2480 = PLANE ( 'NONE',  #2563 ) ;
#2481 = CARTESIAN_POINT ( 'NONE',  ( 0.1667074688103077074, -0.03520000000000000212, -0.04999999999999999584 ) ) ;
#2482 = EDGE_LOOP ( 'NONE', ( #4497, #3048 ) ) ;
#2483 = LINE ( 'NONE', #1672, #4706 ) ;
#2484 = LINE ( 'NONE', #4618, #3253 ) ;
#2485 = ORIENTED_EDGE ( 'NONE', *, *, #5223, .T. ) ;
#2486 = CARTESIAN_POINT ( 'NONE',  ( 0.4379674688103072366, -0.03520000000000000212, -0.1499999999999999944 ) ) ;
#2487 = EDGE_CURVE ( 'NONE', #1790, #3924, #1080, .T. ) ;
#2488 = DIRECTION ( 'NONE',  ( 0.0000000000000000000, 0.0000000000000000000, 1.000000000000000000 ) ) ;
#2489 = DIRECTION ( 'NONE',  ( 0.0000000000000000000, 0.0000000000000000000, 1.000000000000000000 ) ) ;
#2490 = LINE ( 'NONE', #3399, #1766 ) ;
#2491 = ORIENTED_EDGE ( 'NONE', *, *, #5394, .T. ) ;
#2492 = VERTEX_POINT ( 'NONE', #712 ) ;
#2493 = DIRECTION ( 'NONE',  ( -0.0000000000000000000, 1.000000000000000000, -0.0000000000000000000 ) ) ;
#2494 = LINE ( 'NONE', #4636, #303 ) ;
#2495 = CYLINDRICAL_SURFACE ( 'NONE', #5413, 0.03499999999999785227 ) ;
#2496 = FACE_OUTER_BOUND ( 'NONE', #5089, .T. ) ;
#2497 = PLANE ( 'NONE',  #1563 ) ;
#2498 = ORIENTED_EDGE ( 'NONE', *, *, #1078, .F. ) ;
#2499 = CIRCLE ( 'NONE', #987, 0.03740000000000053698 ) ;
#2500 = EDGE_LOOP ( 'NONE', ( #2335, #34 ) ) ;
#2501 = ADVANCED_FACE ( 'NONE', ( #5289 ), #4931, .F. ) ;
#2502 = DIRECTION ( 'NONE',  ( 0.0000000000000000000, 0.0000000000000000000, 1.000000000000000000 ) ) ;
#2503 = EDGE_CURVE ( 'NONE', #798, #3515, #1543, .T. ) ;
#2504 = CARTESIAN_POINT ( 'NONE',  ( 0.03796746881030719362, 0.0000000000000000000, -0.04999999999999999584 ) ) ;
#2505 = EDGE_LOOP ( 'NONE', ( #512, #4886, #3258, #1724 ) ) ;
#2506 = DIRECTION ( 'NONE',  ( -0.0000000000000000000, 1.000000000000000000, -0.0000000000000000000 ) ) ;
#2507 = DIRECTION ( 'NONE',  ( 0.0000000000000000000, 0.0000000000000000000, -1.000000000000000000 ) ) ;
#2508 = ORIENTED_EDGE ( 'NONE', *, *, #2001, .F. ) ;
#2509 = DIRECTION ( 'NONE',  ( 0.0000000000000000000, -1.000000000000000000, 0.0000000000000000000 ) ) ;
#2510 = EDGE_CURVE ( 'NONE', #4426, #2144, #1897, .T. ) ;
#2511 = CARTESIAN_POINT ( 'NONE',  ( 0.7879674688103074365, 0.0000000000000000000, -0.1842499999999999416 ) ) ;
#2512 =( CONVERSION_BASED_UNIT ( 'INCH', #2133 ) LENGTH_UNIT ( ) NAMED_UNIT ( #3741 ) );
#2513 = DIRECTION ( 'NONE',  ( 0.0000000000000000000, 0.0000000000000000000, 1.000000000000000000 ) ) ;
#2514 = ADVANCED_FACE ( 'NONE', ( #1457 ), #2360, .T. ) ;
#2515 = DIRECTION ( 'NONE',  ( 0.0000000000000000000, 0.0000000000000000000, 1.000000000000000000 ) ) ;
#2516 = EDGE_LOOP ( 'NONE', ( #1907, #2855 ) ) ;
#2517 = ORIENTED_EDGE ( 'NONE', *, *, #1223, .T. ) ;
#2518 = CARTESIAN_POINT ( 'NONE',  ( 0.4759359376206147019, 0.0000000000000000000, -9.478001694819074349E-34 ) ) ;
#2519 = FACE_OUTER_BOUND ( 'NONE', #4051, .T. ) ;
#2520 = CARTESIAN_POINT ( 'NONE',  ( 0.4816684688103075040, -0.1100000000000000006, -0.1842499999999996085 ) ) ;
#2521 = CARTESIAN_POINT ( 'NONE',  ( 0.5942664688103074244, 0.0000000000000000000, -0.01574999999999999664 ) ) ;
#2522 = VERTEX_POINT ( 'NONE', #4899 ) ;
#2523 = ORIENTED_EDGE ( 'NONE', *, *, #324, .F. ) ;
#2524 = ORIENTED_EDGE ( 'NONE', *, *, #2370, .T. ) ;
#2525 = LINE ( 'NONE', #4694, #3983 ) ;
#2526 = FACE_OUTER_BOUND ( 'NONE', #822, .T. ) ;
#2527 = DIMENSIONAL_EXPONENTS ( 1.000000000000000000, 0.0000000000000000000, 0.0000000000000000000, 0.0000000000000000000, 0.0000000000000000000, 0.0000000000000000000, 0.0000000000000000000 ) ;
#2528 = CARTESIAN_POINT ( 'NONE',  ( 0.4379674688103072366, 0.0000000000000000000, -0.04999999999999999584 ) ) ;
#2529 = EDGE_LOOP ( 'NONE', ( #1489, #72 ) ) ;
#2530 = LINE ( 'NONE', #3014, #218 ) ;
#2531 = EDGE_CURVE ( 'NONE', #55, #1114, #1800, .T. ) ;
#2532 = DIRECTION ( 'NONE',  ( 0.0000000000000000000, 0.0000000000000000000, 1.000000000000000000 ) ) ;
#2533 = ORIENTED_EDGE ( 'NONE', *, *, #2556, .F. ) ;
#2534 = DIRECTION ( 'NONE',  ( -1.000000000000000000, -0.0000000000000000000, -0.0000000000000000000 ) ) ;
#2535 = CIRCLE ( 'NONE', #384, 0.02874000000000051860 ) ;
#2536 = PLANE ( 'NONE',  #4543 ) ;
#2537 = CARTESIAN_POINT ( 'NONE',  ( 0.1379674688103071922, -0.1100000000000000006, -0.1787400000000005096 ) ) ;
#2538 = ADVANCED_FACE ( 'NONE', ( #2751 ), #4476, .F. ) ;
#2539 = DIRECTION ( 'NONE',  ( 0.0000000000000000000, 0.0000000000000000000, 1.000000000000000000 ) ) ;
#2540 = CIRCLE ( 'NONE', #1559, 0.02874000000000051860 ) ;
#2541 = DIRECTION ( 'NONE',  ( -0.0000000000000000000, 1.000000000000000000, -0.0000000000000000000 ) ) ;
#2542 = ORIENTED_EDGE ( 'NONE', *, *, #5053, .F. ) ;
#2543 = ORIENTED_EDGE ( 'NONE', *, *, #974, .F. ) ;
#2544 = CARTESIAN_POINT ( 'NONE',  ( 0.1759359376206146575, 0.0000000000000000000, -9.478001694819074349E-34 ) ) ;
#2545 = APPLICATION_CONTEXT ( 'automotive_design' ) ;
#2546 = VECTOR ( 'NONE', #5501, 39.37007874015748143 ) ;
#2547 = CARTESIAN_POINT ( 'NONE',  ( 0.03796746881030719362, -0.1100000000000000006, -0.02125999999999947723 ) ) ;
#2548 = PLANE ( 'NONE',  #131 ) ;
#2549 = CARTESIAN_POINT ( 'NONE',  ( 0.1942664688103074300, -0.1100000000000000006, -0.1842499999999996918 ) ) ;
#2550 = ORIENTED_EDGE ( 'NONE', *, *, #3381, .T. ) ;
#2551 = ORIENTED_EDGE ( 'NONE', *, *, #2673, .F. ) ;
#2552 = ORIENTED_EDGE ( 'NONE', *, *, #2324, .F. ) ;
#2553 = AXIS2_PLACEMENT_3D ( 'NONE', #4641, #1187, #1549 ) ;
#2554 = AXIS2_PLACEMENT_3D ( 'NONE', #4737, #1245, #5486 ) ;
#2555 = COLOUR_RGB ( '',0.2941176470588235392, 0.2941176470588235392, 0.2941176470588235392 ) ;
#2556 = EDGE_CURVE ( 'NONE', #2970, #4781, #4522, .T. ) ;
#2557 = AXIS2_PLACEMENT_3D ( 'NONE', #1404, #4841, #2386 ) ;
#2558 = FACE_OUTER_BOUND ( 'NONE', #440, .T. ) ;
#2559 = AXIS2_PLACEMENT_3D ( 'NONE', #4272, #3837, #50 ) ;
#2560 = CARTESIAN_POINT ( 'NONE',  ( 0.2379674688103072255, -0.03520000000000000212, -0.07874000000000051791 ) ) ;
#2561 = DIRECTION ( 'NONE',  ( 0.3420201433256665480, -0.0000000000000000000, 0.9396926207859092051 ) ) ;
#2562 = ORIENTED_EDGE ( 'NONE', *, *, #1680, .T. ) ;
#2563 = AXIS2_PLACEMENT_3D ( 'NONE', #2149, #3752, #338 ) ;
#2564 = VECTOR ( 'NONE', #4429, 39.37007874015748143 ) ;
#2565 = CARTESIAN_POINT ( 'NONE',  ( 0.6379674688103071922, 1.224646799147263287E-20, -0.1874000000000005384 ) ) ;
#2566 = CIRCLE ( 'NONE', #2477, 0.03740000000000053004 ) ;
#2567 = ORIENTED_EDGE ( 'NONE', *, *, #4464, .T. ) ;
#2568 = CARTESIAN_POINT ( 'NONE',  ( 0.5816684688103075374, 0.0000000000000000000, -0.1842499999999996085 ) ) ;
#2569 = ORIENTED_EDGE ( 'NONE', *, *, #4197, .F. ) ;
#2570 = DIRECTION ( 'NONE',  ( -0.0000000000000000000, 1.000000000000000000, -0.0000000000000000000 ) ) ;
#2571 = ADVANCED_FACE ( 'NONE', ( #4953 ), #1101, .F. ) ;
#2572 = DIRECTION ( 'NONE',  ( -1.000000000000000000, 0.0000000000000000000, -0.0000000000000000000 ) ) ;
#2573 = FACE_OUTER_BOUND ( 'NONE', #1397, .T. ) ;
#2574 = CYLINDRICAL_SURFACE ( 'NONE', #3812, 0.03740000000000053698 ) ;
#2575 = EDGE_LOOP ( 'NONE', ( #5115, #190, #4844, #2562 ) ) ;
#2576 = ORIENTED_EDGE ( 'NONE', *, *, #4481, .F. ) ;
#2577 = DIRECTION ( 'NONE',  ( 0.0000000000000000000, 0.0000000000000000000, 1.000000000000000000 ) ) ;
#2578 = EDGE_CURVE ( 'NONE', #4332, #429, #4046, .T. ) ;
#2579 = FACE_OUTER_BOUND ( 'NONE', #5372, .T. ) ;
#2580 = CARTESIAN_POINT ( 'NONE',  ( 0.2800000000000003042, -1.092739197465705287E-15, 0.0000000000000000000 ) ) ;
#2581 = CARTESIAN_POINT ( 'NONE',  ( 0.2800000000000003042, -0.01000000000000016674, -1.224646799147239754E-18 ) ) ;
#2582 = EDGE_LOOP ( 'NONE', ( #1174, #4727 ) ) ;
#2583 = ORIENTED_EDGE ( 'NONE', *, *, #2673, .T. ) ;
#2584 = ORIENTED_EDGE ( 'NONE', *, *, #2365, .T. ) ;
#2585 = LINE ( 'NONE', #1294, #3798 ) ;
#2586 = CARTESIAN_POINT ( 'NONE',  ( 0.1942664688103074300, -0.1100000000000000006, -0.1842499999999996918 ) ) ;
#2587 = ORIENTED_EDGE ( 'NONE', *, *, #5061, .T. ) ;
#2588 = EDGE_CURVE ( 'NONE', #2711, #14, #1111, .T. ) ;
#2589 = LINE ( 'NONE', #362, #5073 ) ;
#2590 = VERTEX_POINT ( 'NONE', #4444 ) ;
#2591 = CYLINDRICAL_SURFACE ( 'NONE', #4150, 0.03740000000000053698 ) ;
#2592 = ORIENTED_EDGE ( 'NONE', *, *, #4644, .T. ) ;
#2593 = DIRECTION ( 'NONE',  ( 0.0000000000000000000, 0.0000000000000000000, 1.000000000000000000 ) ) ;
#2594 = CARTESIAN_POINT ( 'NONE',  ( 0.5379674688103072144, -0.03520000000000000212, -0.1499999999999999944 ) ) ;
#2595 = FACE_OUTER_BOUND ( 'NONE', #2155, .T. ) ;
#2596 = FACE_OUTER_BOUND ( 'NONE', #1824, .T. ) ;
#2597 = EDGE_CURVE ( 'NONE', #2169, #5497, #2317, .T. ) ;
#2598 = DIRECTION ( 'NONE',  ( -0.0000000000000000000, 1.000000000000000000, -0.0000000000000000000 ) ) ;
#2599 = ORIENTED_EDGE ( 'NONE', *, *, #1871, .F. ) ;
#2600 = EDGE_LOOP ( 'NONE', ( #744, #2145 ) ) ;
#2601 = ORIENTED_EDGE ( 'NONE', *, *, #1414, .T. ) ;
#2602 = CARTESIAN_POINT ( 'NONE',  ( 0.2379674688103072255, -0.03520000000000000212, -0.1499999999999999944 ) ) ;
#2603 = FACE_BOUND ( 'NONE', #2824, .T. ) ;
#2604 = CARTESIAN_POINT ( 'NONE',  ( 0.09426646881030741054, -0.1100000000000000006, -0.01574999999999998623 ) ) ;
#2605 = PLANE ( 'NONE',  #4354 ) ;
#2606 = ORIENTED_EDGE ( 'NONE', *, *, #1390, .F. ) ;
#2607 = ORIENTED_EDGE ( 'NONE', *, *, #4227, .F. ) ;
#2608 = ADVANCED_FACE ( 'NONE', ( #609 ), #3687, .F. ) ;
#2609 = ORIENTED_EDGE ( 'NONE', *, *, #4097, .F. ) ;
#2610 = PLANE ( 'NONE',  #3267 ) ;
#2611 = CARTESIAN_POINT ( 'NONE',  ( 0.3816684688103073597, -0.1100000000000000006, -0.01574999999999998623 ) ) ;
#2612 = DIRECTION ( 'NONE',  ( -1.000000000000000000, 0.0000000000000000000, 4.840987058537324418E-16 ) ) ;
#2613 = ADVANCED_FACE ( 'NONE', ( #5317 ), #632, .T. ) ;
#2614 = ORIENTED_EDGE ( 'NONE', *, *, #2106, .T. ) ;
#2615 = EDGE_CURVE ( 'NONE', #1201, #2894, #2258, .T. ) ;
#2616 = CARTESIAN_POINT ( 'NONE',  ( 0.6759359376206146575, -0.1100000000000000006, -0.1999999999999999833 ) ) ;
#2617 = VERTEX_POINT ( 'NONE', #4903 ) ;
#2618 = DIRECTION ( 'NONE',  ( -0.0000000000000000000, 1.000000000000000000, -0.0000000000000000000 ) ) ;
#2619 = ORIENTED_EDGE ( 'NONE', *, *, #4430, .F. ) ;
#2620 = DIRECTION ( 'NONE',  ( -0.0000000000000000000, 1.000000000000000000, -0.0000000000000000000 ) ) ;
#2621 = PLANE ( 'NONE',  #4441 ) ;
#2622 = FACE_OUTER_BOUND ( 'NONE', #1904, .T. ) ;
#2623 = ORIENTED_EDGE ( 'NONE', *, *, #897, .T. ) ;
#2624 = CARTESIAN_POINT ( 'NONE',  ( 0.1816684688103074319, -0.1100000000000000006, -0.1842499999999996085 ) ) ;
#2625 = PLANE ( 'NONE',  #4094 ) ;
#2626 = VERTEX_POINT ( 'NONE', #5292 ) ;
#2627 = PLANE ( 'NONE',  #2213 ) ;
#2628 = AXIS2_PLACEMENT_3D ( 'NONE', #3666, #1185, #3724 ) ;
#2629 = PLANE ( 'NONE',  #3334 ) ;
#2630 = CIRCLE ( 'NONE', #2287, 0.02874000000000052554 ) ;
#2631 = CARTESIAN_POINT ( 'NONE',  ( 0.09999900000000011557, 0.0000000000000000000, 0.0000000000000000000 ) ) ;
#2632 = DIRECTION ( 'NONE',  ( 0.0000000000000000000, 0.0000000000000000000, 1.000000000000000000 ) ) ;
#2633 = VERTEX_POINT ( 'NONE', #1461 ) ;
#2634 = ORIENTED_EDGE ( 'NONE', *, *, #563, .T. ) ;
#2635 = ORIENTED_EDGE ( 'NONE', *, *, #3932, .T. ) ;
#2636 = AXIS2_PLACEMENT_3D ( 'NONE', #42, #3463, #1762 ) ;
#2637 = ADVANCED_FACE ( 'NONE', ( #1435 ), #571, .T. ) ;
#2638 = DIRECTION ( 'NONE',  ( -0.0000000000000000000, 1.000000000000000000, -0.0000000000000000000 ) ) ;
#2639 = DIRECTION ( 'NONE',  ( 0.0000000000000000000, 0.0000000000000000000, 1.000000000000000000 ) ) ;
#2640 = AXIS2_PLACEMENT_3D ( 'NONE', #3280, #4180, #2473 ) ;
#2641 = ADVANCED_FACE ( 'NONE', ( #173, #2283 ), #3587, .F. ) ;
#2642 = AXIS2_PLACEMENT_3D ( 'NONE', #3209, #3231, #4565 ) ;
#2643 = ORIENTED_EDGE ( 'NONE', *, *, #794, .F. ) ;
#2644 = DIRECTION ( 'NONE',  ( 0.0000000000000000000, 0.0000000000000000000, 1.000000000000000000 ) ) ;
#2645 = CIRCLE ( 'NONE', #226, 0.02800000000000000405 ) ;
#2646 = EDGE_CURVE ( 'NONE', #3239, #127, #112, .T. ) ;
#2647 = AXIS2_PLACEMENT_3D ( 'NONE', #5202, #3434, #1734 ) ;
#2648 = CARTESIAN_POINT ( 'NONE',  ( 0.09426646881030741054, -0.1100000000000000006, -0.01574999999999998623 ) ) ;
#2649 = ORIENTED_EDGE ( 'NONE', *, *, #3763, .T. ) ;
#2650 = DIRECTION ( 'NONE',  ( -0.0000000000000000000, 1.000000000000000000, -0.0000000000000000000 ) ) ;
#2651 = VECTOR ( 'NONE', #4324, 39.37007874015748143 ) ;
#2652 = CIRCLE ( 'NONE', #2037, 0.02874000000000051860 ) ;
#2653 = CARTESIAN_POINT ( 'NONE',  ( 0.3379674688103072033, -0.1100000000000000006, -0.02125999999999947723 ) ) ;
#2654 = AXIS2_PLACEMENT_3D ( 'NONE', #685, #1975, #5399 ) ;
#2655 = VECTOR ( 'NONE', #5383, 39.37007874015748143 ) ;
#2656 = FACE_OUTER_BOUND ( 'NONE', #1393, .T. ) ;
#2657 = VERTEX_POINT ( 'NONE', #3981 ) ;
#2658 = DIRECTION ( 'NONE',  ( -0.0000000000000000000, 1.000000000000000000, -0.0000000000000000000 ) ) ;
#2659 = LINE ( 'NONE', #4835, #1202 ) ;
#2660 = ORIENTED_EDGE ( 'NONE', *, *, #1890, .F. ) ;
#2661 = CARTESIAN_POINT ( 'NONE',  ( 0.5816684688103075374, -0.1100000000000000006, -0.1842499999999996085 ) ) ;
#2662 = LINE ( 'NONE', #4892, #3422 ) ;
#2663 = DIRECTION ( 'NONE',  ( -0.3420201433256694346, -0.0000000000000000000, -0.9396926207859080948 ) ) ;
#2664 = DIRECTION ( 'NONE',  ( -0.0000000000000000000, 1.000000000000000000, -0.0000000000000000000 ) ) ;
#2665 = ORIENTED_EDGE ( 'NONE', *, *, #1538, .F. ) ;
#2666 = ORIENTED_EDGE ( 'NONE', *, *, #3967, .T. ) ;
#2667 = VERTEX_POINT ( 'NONE', #4414 ) ;
#2668 = DIRECTION ( 'NONE',  ( -0.0000000000000000000, 1.000000000000000000, -0.0000000000000000000 ) ) ;
#2669 = DIRECTION ( 'NONE',  ( -0.0000000000000000000, 1.000000000000000000, -0.0000000000000000000 ) ) ;
#2670 = DIRECTION ( 'NONE',  ( -0.0000000000000000000, 1.000000000000000000, -0.0000000000000000000 ) ) ;
#2671 = ORIENTED_EDGE ( 'NONE', *, *, #3350, .F. ) ;
#2672 = CARTESIAN_POINT ( 'NONE',  ( 0.3942664688103074133, 0.0000000000000000000, -0.1842499999999996918 ) ) ;
#2673 = EDGE_CURVE ( 'NONE', #4702, #4158, #143, .T. ) ;
#2674 = CYLINDRICAL_SURFACE ( 'NONE', #603, 0.03740000000000053004 ) ;
#2675 = FACE_OUTER_BOUND ( 'NONE', #4217, .T. ) ;
#2676 = EDGE_CURVE ( 'NONE', #5476, #778, #3721, .T. ) ;
#2677 = DIRECTION ( 'NONE',  ( 0.0000000000000000000, -1.000000000000000000, 0.0000000000000000000 ) ) ;
#2678 = FACE_OUTER_BOUND ( 'NONE', #1265, .T. ) ;
#2679 = ORIENTED_EDGE ( 'NONE', *, *, #633, .T. ) ;
#2680 = CARTESIAN_POINT ( 'NONE',  ( 0.03796746881030719362, -0.03520000000000000212, -0.04999999999999999584 ) ) ;
#2681 = CARTESIAN_POINT ( 'NONE',  ( 0.2379674688103072255, 0.0000000000000000000, -0.02125999999999947376 ) ) ;
#2682 = VERTEX_POINT ( 'NONE', #5266 ) ;
#2683 = EDGE_CURVE ( 'NONE', #5483, #2153, #1829, .T. ) ;
#2684 = EDGE_LOOP ( 'NONE', ( #2706, #3857, #2343, #4276 ) ) ;
#2685 = DIRECTION ( 'NONE',  ( 0.0000000000000000000, 0.0000000000000000000, 1.000000000000000000 ) ) ;
#2686 = DIRECTION ( 'NONE',  ( -0.3420201433256720991, 0.0000000000000000000, 0.9396926207859070956 ) ) ;
#2687 = DIRECTION ( 'NONE',  ( 0.0000000000000000000, 0.0000000000000000000, 1.000000000000000000 ) ) ;
#2688 = EDGE_LOOP ( 'NONE', ( #4322, #1967 ) ) ;
#2689 = ORIENTED_EDGE ( 'NONE', *, *, #4646, .F. ) ;
#2690 = ORIENTED_EDGE ( 'NONE', *, *, #1086, .F. ) ;
#2691 = CYLINDRICAL_SURFACE ( 'NONE', #3784, 0.02874000000000052207 ) ;
#2692 = SHAPE_DEFINITION_REPRESENTATION ( #4483, #4944 ) ;
#2693 = DIRECTION ( 'NONE',  ( -1.000000000000000000, -0.0000000000000000000, -0.0000000000000000000 ) ) ;
#2694 = LINE ( 'NONE', #2200, #1310 ) ;
#2695 = VERTEX_POINT ( 'NONE', #4064 ) ;
#2696 = EDGE_CURVE ( 'NONE', #3794, #3173, #1318, .T. ) ;
#2697 = CARTESIAN_POINT ( 'NONE',  ( 0.2759359376206146353, -0.1100000000000000006, -9.478001694819074349E-34 ) ) ;
#2698 = CARTESIAN_POINT ( 'NONE',  ( 0.2667074688103077129, -0.03520000000000000212, -0.04999999999999999584 ) ) ;
#2699 = CARTESIAN_POINT ( 'NONE',  ( 0.1719999999999985985, 0.0000000000000000000, 0.0000000000000000000 ) ) ;
#2701 = EDGE_CURVE ( 'NONE', #5220, #5182, #3528, .T. ) ;
#2700 = FACE_OUTER_BOUND ( 'NONE', #3417, .T. ) ;
#2702 = ORIENTED_EDGE ( 'NONE', *, *, #2211, .F. ) ;
#2703 = LINE ( 'NONE', #2624, #3697 ) ;
#2704 = DIRECTION ( 'NONE',  ( -1.000000000000000000, 0.0000000000000000000, 4.840987058537324418E-16 ) ) ;
#2705 = ORIENTED_EDGE ( 'NONE', *, *, #3151, .T. ) ;
#2706 = ORIENTED_EDGE ( 'NONE', *, *, #3902, .F. ) ;
#2707 = DIRECTION ( 'NONE',  ( -0.0000000000000000000, 1.000000000000000000, -0.0000000000000000000 ) ) ;
#2708 = EDGE_CURVE ( 'NONE', #2713, #3006, #1412, .T. ) ;
#2709 = CARTESIAN_POINT ( 'NONE',  ( 0.4759359376206147019, -0.1100000000000000006, -0.1999999999999999833 ) ) ;
#2710 = DIRECTION ( 'NONE',  ( -0.0000000000000000000, 1.000000000000000000, -0.0000000000000000000 ) ) ;
#2711 = VERTEX_POINT ( 'NONE', #1918 ) ;
#2712 = ORIENTED_EDGE ( 'NONE', *, *, #1270, .F. ) ;
#2713 = VERTEX_POINT ( 'NONE', #3611 ) ;
#2714 = DIRECTION ( 'NONE',  ( 0.9396926207859146452, 0.0000000000000000000, -0.3420201433256517265 ) ) ;
#2715 = PRODUCT_DEFINITION_SHAPE ( 'NONE', 'NONE',  #5547 ) ;
#2716 = CONICAL_SURFACE ( 'NONE', #4698, 0.02649999999999929495, 0.2617993877990257845 ) ;
#2717 = CARTESIAN_POINT ( 'NONE',  ( 0.1379674688103071922, 0.0000000000000000000, -0.1499999999999999944 ) ) ;
#2718 =( NAMED_UNIT ( * ) PLANE_ANGLE_UNIT ( ) SI_UNIT ( $, .RADIAN. ) );
#2719 = CARTESIAN_POINT ( 'NONE',  ( 0.0000000000000000000, 0.0000000000000000000, 0.02800000000000000405 ) ) ;
#2720 = CARTESIAN_POINT ( 'NONE',  ( 0.2816684688103074374, -0.1100000000000000006, -0.1842499999999996085 ) ) ;
#2721 = ORIENTED_EDGE ( 'NONE', *, *, #2531, .F. ) ;
#2722 = CIRCLE ( 'NONE', #3427, 0.03740000000000053698 ) ;
#2723 = EDGE_CURVE ( 'NONE', #1737, #711, #4934, .T. ) ;
#2724 =( REPRESENTATION_RELATIONSHIP ('NONE','NONE', #4944, #1631 ) REPRESENTATION_RELATIONSHIP_WITH_TRANSFORMATION ( #3723 )SHAPE_REPRESENTATION_RELATIONSHIP( ) );
#2725 = VECTOR ( 'NONE', #4650, 39.37007874015748143 ) ;
#2726 = CIRCLE ( 'NONE', #1470, 0.02874000000000051860 ) ;
#2727 = DIRECTION ( 'NONE',  ( 0.0000000000000000000, 0.0000000000000000000, 1.000000000000000000 ) ) ;
#2728 = FACE_OUTER_BOUND ( 'NONE', #868, .T. ) ;
#2729 = CYLINDRICAL_SURFACE ( 'NONE', #2458, 0.02874000000000051860 ) ;
#2730 = VECTOR ( 'NONE', #4030, 39.37007874015748143 ) ;
#2731 = AXIS2_PLACEMENT_3D ( 'NONE', #4373, #949, #1875 ) ;
#2732 = DIRECTION ( 'NONE',  ( 0.0000000000000000000, -0.0000000000000000000, -1.000000000000000000 ) ) ;
#2733 = AXIS2_PLACEMENT_3D ( 'NONE', #2886, #3725, #5424 ) ;
#2734 = DIRECTION ( 'NONE',  ( -0.0000000000000000000, 1.000000000000000000, -0.0000000000000000000 ) ) ;
#2735 = EDGE_LOOP ( 'NONE', ( #750, #4224, #4327, #2920 ) ) ;
#2736 = CARTESIAN_POINT ( 'NONE',  ( 0.2379674688103072255, -0.03520000000000000212, -0.1125999999999994644 ) ) ;
#2737 = DIRECTION ( 'NONE',  ( -0.0000000000000000000, 1.000000000000000000, -0.0000000000000000000 ) ) ;
#2738 = ORIENTED_EDGE ( 'NONE', *, *, #5375, .T. ) ;
#2739 = EDGE_CURVE ( 'NONE', #3924, #1431, #2141, .T. ) ;
#2740 = DIRECTION ( 'NONE',  ( 0.0000000000000000000, 0.0000000000000000000, 1.000000000000000000 ) ) ;
#2741 = EDGE_CURVE ( 'NONE', #3205, #5009, #1062, .T. ) ;
#2742 = VECTOR ( 'NONE', #2612, 39.37007874015748143 ) ;
#2743 = VECTOR ( 'NONE', #1095, 39.37007874015748143 ) ;
#2744 = DIRECTION ( 'NONE',  ( 1.000000000000000000, 0.0000000000000000000, 0.0000000000000000000 ) ) ;
#2745 = AXIS2_PLACEMENT_3D ( 'NONE', #970, #3952, #3203 ) ;
#2746 = CARTESIAN_POINT ( 'NONE',  ( 0.03796746881030720056, 0.0000000000000000000, -0.07874000000000051791 ) ) ;
#2747 = VERTEX_POINT ( 'NONE', #4119 ) ;
#2748 = ORIENTED_EDGE ( 'NONE', *, *, #4083, .F. ) ;
#2749 = CLOSED_SHELL ( 'NONE', ( #240, #2875, #3464, #298, #3456, #2926, #4366, #1144, #123, #1176, #1804, #5255, #2272, #1899, #5478, #347, #3226, #4956, #4669, #3474, #5485, #636, #1327, #1755, #2432, #1708, #3790, #4566, #2779, #4754, #1314, #695, #2026, #1216, #978, #219, #3192, #4713, #3326, #1932, #3623, #2470, #1530, #990, #2119, #4850, #2982, #3823, #2514, #5295, #4206, #3219, #2924, #1547, #4184, #4797, #1276, #475, #2945, #3390, #4499, #4730, #3955, #1004, #4860, #4875, #1169, #1854, #5487, #197, #1243, #476, #3504, #3918, #1266, #5420, #2883, #1458, #1166, #3360, #3990, #4704, #2641, #5300, #4218, #415, #5401, #5534, #1528, #4732, #3365, #5323, #4890, #660, #2038, #1009, #1650, #3826, #287, #3786, #2139, #3284, #1251, #2393, #5367, #3729, #2446, #5493, #171, #2974, #3730, #3834, #1793, #4018, #3491, #2866, #4607, #4782, #407, #4532, #5054, #3319, #4442, #5153, #2094, #2571, #5404, #1837, #3664, #1477, #2948, #4237, #206, #2501, #787, #982, #3860, #528, #4275, #4937, #3690, #1730, #227, #1502, #4592, #5230, #1, #4134, #2538, #4182 ) ) ;
#2750 = ORIENTED_EDGE ( 'NONE', *, *, #4074, .T. ) ;
#2751 = FACE_OUTER_BOUND ( 'NONE', #3827, .T. ) ;
#2752 = EDGE_CURVE ( 'NONE', #3024, #2981, #4635, .T. ) ;
#2753 = FACE_OUTER_BOUND ( 'NONE', #2326, .T. ) ;
#2754 =( LENGTH_UNIT ( ) NAMED_UNIT ( * ) SI_UNIT ( $, .METRE. ) );
#2755 = CARTESIAN_POINT ( 'NONE',  ( 0.7379674688103072810, -0.03520000000000000212, -0.04999999999999999584 ) ) ;
#2756 = FACE_OUTER_BOUND ( 'NONE', #1007, .T. ) ;
#2757 = ORIENTED_EDGE ( 'NONE', *, *, #1633, .T. ) ;
#2758 = CYLINDRICAL_SURFACE ( 'NONE', #2120, 0.02874000000000052207 ) ;
#2759 = EDGE_CURVE ( 'NONE', #3395, #2617, #4141, .T. ) ;
#2760 = DIRECTION ( 'NONE',  ( -0.0000000000000000000, 1.000000000000000000, -0.0000000000000000000 ) ) ;
#2761 = CYLINDRICAL_SURFACE ( 'NONE', #1129, 0.02874000000000051860 ) ;
#2762 = ORIENTED_EDGE ( 'NONE', *, *, #2701, .F. ) ;
#2763 = LINE ( 'NONE', #5407, #4340 ) ;
#2764 = PRODUCT_DEFINITION_SHAPE ( 'NONE', 'NONE',  #5543 ) ;
#2765 = LINE ( 'NONE', #2377, #208 ) ;
#2766 = ORIENTED_EDGE ( 'NONE', *, *, #3532, .T. ) ;
#2767 = DIRECTION ( 'NONE',  ( 1.000000000000000000, 0.0000000000000000000, -5.421193827719211569E-15 ) ) ;
#2768 = EDGE_CURVE ( 'NONE', #5043, #1302, #4174, .T. ) ;
#2769 = DIRECTION ( 'NONE',  ( -1.000000000000000000, 0.0000000000000000000, 4.840987058537324418E-16 ) ) ;
#2770 = LENGTH_MEASURE_WITH_UNIT ( LENGTH_MEASURE( 0.02539999999999999897 ), #1515 );
#2771 = DIRECTION ( 'NONE',  ( -0.0000000000000000000, 1.000000000000000000, -0.0000000000000000000 ) ) ;
#2772 = CARTESIAN_POINT ( 'NONE',  ( 0.07593593762061463803, 0.0000000000000000000, -9.478001694819074349E-34 ) ) ;
#2773 = ORIENTED_EDGE ( 'NONE', *, *, #4515, .T. ) ;
#2774 = VERTEX_POINT ( 'NONE', #3689 ) ;
#2775 = CARTESIAN_POINT ( 'NONE',  ( 0.4816684688103073930, -0.1100000000000000006, -0.01574999999999998623 ) ) ;
#2776 = DIRECTION ( 'NONE',  ( 0.0000000000000000000, 0.0000000000000000000, 1.000000000000000000 ) ) ;
#2777 = DIRECTION ( 'NONE',  ( 0.0000000000000000000, 0.0000000000000000000, 1.000000000000000000 ) ) ;
#2778 = DIRECTION ( 'NONE',  ( -1.000000000000000000, -0.0000000000000000000, -0.0000000000000000000 ) ) ;
#2779 = ADVANCED_FACE ( 'NONE', ( #4099 ), #5398, .F. ) ;
#2780 = CARTESIAN_POINT ( 'NONE',  ( 0.3816684688103074707, -0.1100000000000000006, -0.1842499999999996085 ) ) ;
#2781 = ORIENTED_EDGE ( 'NONE', *, *, #5127, .T. ) ;
#2782 = EDGE_CURVE ( 'NONE', #2195, #2747, #4176, .T. ) ;
#2783 = PLANE ( 'NONE',  #769 ) ;
#2784 = CARTESIAN_POINT ( 'NONE',  ( 0.5379674688103072144, 1.224646799147263287E-20, -0.01259999999999946926 ) ) ;
#2785 = DIRECTION ( 'NONE',  ( 0.0000000000000000000, 0.0000000000000000000, 1.000000000000000000 ) ) ;
#2786 = ORIENTED_EDGE ( 'NONE', *, *, #3544, .T. ) ;
#2787 = DIRECTION ( 'NONE',  ( -1.266620916943744463E-17, 0.0000000000000000000, 1.000000000000000000 ) ) ;
#2788 = LINE ( 'NONE', #183, #5241 ) ;
#2789 = ORIENTED_EDGE ( 'NONE', *, *, #4679, .T. ) ;
#2790 = FACE_OUTER_BOUND ( 'NONE', #612, .T. ) ;
#2791 = EDGE_CURVE ( 'NONE', #4158, #3419, #1161, .T. ) ;
#2792 = DIRECTION ( 'NONE',  ( 3.387708325476510725E-16, -0.0000000000000000000, 1.000000000000000000 ) ) ;
#2793 = DIRECTION ( 'NONE',  ( -1.000000000000000000, 0.0000000000000000000, 4.840987058537324418E-16 ) ) ;
#2794 = CARTESIAN_POINT ( 'NONE',  ( 0.3379674688103072033, -0.03520000000000000212, -0.1499999999999999944 ) ) ;
#2795 = EDGE_LOOP ( 'NONE', ( #4750, #12, #2542, #3646 ) ) ;
#2796 = ORIENTED_EDGE ( 'NONE', *, *, #3076, .F. ) ;
#2797 = ORIENTED_EDGE ( 'NONE', *, *, #4654, .T. ) ;
#2798 = DIRECTION ( 'NONE',  ( 5.421193827719211569E-15, 0.0000000000000000000, 1.000000000000000000 ) ) ;
#2799 = LINE ( 'NONE', #1056, #3615 ) ;
#2800 = DIRECTION ( 'NONE',  ( 0.0000000000000000000, -1.000000000000000000, 0.0000000000000000000 ) ) ;
#2801 = CARTESIAN_POINT ( 'NONE',  ( 0.6379674688103071922, -0.03520000000000000212, -0.1874000000000005384 ) ) ;
#2802 = CYLINDRICAL_SURFACE ( 'NONE', #2654, 0.02874000000000051860 ) ;
#2803 = ORIENTED_EDGE ( 'NONE', *, *, #854, .T. ) ;
#2804 = EDGE_CURVE ( 'NONE', #175, #3419, #274, .T. ) ;
#2805 = PRODUCT_DEFINITION_SHAPE ( 'NONE', 'NONE',  #5541 ) ;
#2806 = PLANE ( 'NONE',  #2829 ) ;
#2807 = VECTOR ( 'NONE', #162, 39.37007874015747433 ) ;
#2808 = VECTOR ( 'NONE', #204, 39.37007874015748143 ) ;
#2809 = EDGE_CURVE ( 'NONE', #5205, #4630, #5422, .T. ) ;
#2810 = AXIS2_PLACEMENT_3D ( 'NONE', #1115, #4489, #4943 ) ;
#2811 = VECTOR ( 'NONE', #4118, 39.37007874015748143 ) ;
#2812 = CARTESIAN_POINT ( 'NONE',  ( 0.2379674688103072255, 0.0000000000000000000, -0.1212599999999994932 ) ) ;
#2813 = VERTEX_POINT ( 'NONE', #253 ) ;
#2814 = DIRECTION ( 'NONE',  ( -1.000000000000000000, -0.0000000000000000000, -0.0000000000000000000 ) ) ;
#2815 = AXIS2_PLACEMENT_3D ( 'NONE', #4395, #4852, #92 ) ;
#2816 = CARTESIAN_POINT ( 'NONE',  ( 0.7816674688103073532, -0.1100000000000000006, -0.1842499999999999416 ) ) ;
#2817 = ORIENTED_EDGE ( 'NONE', *, *, #265, .F. ) ;
#2818 = VECTOR ( 'NONE', #90, 39.37007874015748143 ) ;
#2819 = CIRCLE ( 'NONE', #1130, 0.01000000000000016674 ) ;
#2820 = FACE_BOUND ( 'NONE', #2285, .T. ) ;
#2821 = CIRCLE ( 'NONE', #3535, 0.02874000000000051860 ) ;
#2822 = VECTOR ( 'NONE', #3527, 39.37007874015748143 ) ;
#2823 = CARTESIAN_POINT ( 'NONE',  ( 0.7879674688103074365, -0.1100000000000000006, -0.01575000000000000705 ) ) ;
#2824 = EDGE_LOOP ( 'NONE', ( #5027, #1137 ) ) ;
#2825 = CARTESIAN_POINT ( 'NONE',  ( 0.1379674688103071922, 0.0000000000000000000, -0.1499999999999999944 ) ) ;
#2826 = ORIENTED_EDGE ( 'NONE', *, *, #146, .F. ) ;
#2827 = ORIENTED_EDGE ( 'NONE', *, *, #4045, .F. ) ;
#2828 = ORIENTED_EDGE ( 'NONE', *, *, #339, .T. ) ;
#2829 = AXIS2_PLACEMENT_3D ( 'NONE', #4536, #4455, #4103 ) ;
#2830 = VECTOR ( 'NONE', #2873, 39.37007874015748143 ) ;
#2831 = CARTESIAN_POINT ( 'NONE',  ( 0.2816684688103074374, -0.1100000000000000006, -0.1842499999999996085 ) ) ;
#2832 = CIRCLE ( 'NONE', #413, 0.03740000000000053698 ) ;
#2833 = DIRECTION ( 'NONE',  ( -0.0000000000000000000, 1.000000000000000000, -0.0000000000000000000 ) ) ;
#2834 = DIRECTION ( 'NONE',  ( 0.0000000000000000000, 0.0000000000000000000, 1.000000000000000000 ) ) ;
#2835 = APPLICATION_CONTEXT ( 'automotive_design' ) ;
#2836 = DIRECTION ( 'NONE',  ( -0.9396926207859092051, 0.0000000000000000000, 0.3420201433256665480 ) ) ;
#2837 = DIRECTION ( 'NONE',  ( -0.0000000000000000000, -0.0000000000000000000, -1.000000000000000000 ) ) ;
#2838 = ORIENTED_EDGE ( 'NONE', *, *, #3207, .T. ) ;
#2839 = AXIS2_PLACEMENT_3D ( 'NONE', #1279, #350, #2075 ) ;
#2840 = CIRCLE ( 'NONE', #1146, 0.03740000000000053004 ) ;
#2841 = DIRECTION ( 'NONE',  ( -0.0000000000000000000, 1.000000000000000000, -0.0000000000000000000 ) ) ;
#2842 = EDGE_CURVE ( 'NONE', #3298, #205, #714, .T. ) ;
#2843 = EDGE_CURVE ( 'NONE', #3851, #3865, #1211, .T. ) ;
#2844 = CYLINDRICAL_SURFACE ( 'NONE', #4347, 0.02874000000000051860 ) ;
#2845 = EDGE_LOOP ( 'NONE', ( #4266, #4936, #4544, #1179 ) ) ;
#2846 = PLANE ( 'NONE',  #3260 ) ;
#2847 = EDGE_CURVE ( 'NONE', #4448, #4352, #1627, .T. ) ;
#2848 = CARTESIAN_POINT ( 'NONE',  ( 0.0000000000000000000, 0.0000000000000000000, 0.0000000000000000000 ) ) ;
#2849 = VERTEX_POINT ( 'NONE', #3748 ) ;
#2850 = DIRECTION ( 'NONE',  ( 0.0000000000000000000, 0.0000000000000000000, 1.000000000000000000 ) ) ;
#2851 = FACE_OUTER_BOUND ( 'NONE', #4692, .T. ) ;
#2852 = EDGE_CURVE ( 'NONE', #1151, #3331, #4981, .T. ) ;
#2853 = CARTESIAN_POINT ( 'NONE',  ( 0.3379674688103072033, 0.0000000000000000000, -0.1499999999999999944 ) ) ;
#2854 = ORIENTED_EDGE ( 'NONE', *, *, #3051, .F. ) ;
#2855 = ORIENTED_EDGE ( 'NONE', *, *, #5222, .T. ) ;
#2856 = ORIENTED_EDGE ( 'NONE', *, *, #5139, .F. ) ;
#2857 = CARTESIAN_POINT ( 'NONE',  ( 0.4942664688103074466, -0.1100000000000000006, -0.1842499999999996918 ) ) ;
#2858 = CARTESIAN_POINT ( 'NONE',  ( 0.0000000000000000000, 4.286263797015472511E-18, -0.03499999999999785227 ) ) ;
#2859 = CONTEXT_DEPENDENT_SHAPE_REPRESENTATION ( #33, #2715 ) ;
#2860 = DIRECTION ( 'NONE',  ( -1.000000000000000000, -0.0000000000000000000, -0.0000000000000000000 ) ) ;
#2861 = CARTESIAN_POINT ( 'NONE',  ( 0.4379674688103072366, -0.1100000000000000006, -0.07874000000000051791 ) ) ;
#2862 = DIRECTION ( 'NONE',  ( -0.0000000000000000000, 1.000000000000000000, -0.0000000000000000000 ) ) ;
#2863 = ORIENTED_EDGE ( 'NONE', *, *, #3524, .T. ) ;
#2864 = CARTESIAN_POINT ( 'NONE',  ( 0.03796746881030719362, 0.0000000000000000000, -0.1499999999999999944 ) ) ;
#2865 = AXIS2_PLACEMENT_3D ( 'NONE', #2775, #5314, #4975 ) ;
#2866 = ADVANCED_FACE ( 'NONE', ( #5480 ), #4603, .F. ) ;
#2867 = CYLINDRICAL_SURFACE ( 'NONE', #4990, 0.02874000000000052207 ) ;
#2868 = ORIENTED_EDGE ( 'NONE', *, *, #2809, .F. ) ;
#2869 = DIRECTION ( 'NONE',  ( 0.0000000000000000000, 0.0000000000000000000, 1.000000000000000000 ) ) ;
#2870 = VERTEX_POINT ( 'NONE', #4559 ) ;
#2871 = DIRECTION ( 'NONE',  ( -0.0000000000000000000, 1.000000000000000000, -0.0000000000000000000 ) ) ;
#2872 = ORIENTED_EDGE ( 'NONE', *, *, #1002, .F. ) ;
#2873 = DIRECTION ( 'NONE',  ( 1.000000000000000000, 0.0000000000000000000, -5.421193827719211569E-15 ) ) ;
#2874 = EDGE_CURVE ( 'NONE', #5169, #3478, #116, .T. ) ;
#2875 = ADVANCED_FACE ( 'NONE', ( #3245 ), #5039, .F. ) ;
#2876 = ADVANCED_FACE ( 'NONE', ( #2469 ), #2495, .T. ) ;
#2877 = CYLINDRICAL_SURFACE ( 'NONE', #1031, 0.03740000000000053698 ) ;
#2878 = DIRECTION ( 'NONE',  ( 0.0000000000000000000, -1.000000000000000000, 0.0000000000000000000 ) ) ;
#2879 = ORIENTED_EDGE ( 'NONE', *, *, #38, .T. ) ;
#2880 = VERTEX_POINT ( 'NONE', #2801 ) ;
#2881 = VERTEX_POINT ( 'NONE', #3829 ) ;
#2882 = CARTESIAN_POINT ( 'NONE',  ( 0.1379674688103071922, 1.224646799147263287E-20, -0.01259999999999946926 ) ) ;
#2883 = ADVANCED_FACE ( 'NONE', ( #5175, #2140 ), #3404, .F. ) ;
#2884 = CARTESIAN_POINT ( 'NONE',  ( 0.1379674688103071922, -0.03520000000000000212, -0.1499999999999999944 ) ) ;
#2885 = DIRECTION ( 'NONE',  ( 0.0000000000000000000, 0.0000000000000000000, 1.000000000000000000 ) ) ;
#2886 = CARTESIAN_POINT ( 'NONE',  ( 0.4379674688103072366, 0.0000000000000000000, -0.1499999999999999944 ) ) ;
#2887 = DIRECTION ( 'NONE',  ( -0.0000000000000000000, 1.000000000000000000, -0.0000000000000000000 ) ) ;
#2888 = ORIENTED_EDGE ( 'NONE', *, *, #4172, .F. ) ;
#2889 = CARTESIAN_POINT ( 'NONE',  ( 0.2800000000000003042, 0.0000000000000000000, 0.0000000000000000000 ) ) ;
#2890 = EDGE_CURVE ( 'NONE', #881, #3025, #2939, .T. ) ;
#2891 = VECTOR ( 'NONE', #3278, 39.37007874015748143 ) ;
#2892 = CONICAL_SURFACE ( 'NONE', #3971, 0.02649999999999929495, 0.2617993877990257845 ) ;
#2893 = LINE ( 'NONE', #5128, #3791 ) ;
#2894 = VERTEX_POINT ( 'NONE', #4262 ) ;
#2895 = DIRECTION ( 'NONE',  ( 0.0000000000000000000, 0.0000000000000000000, 1.000000000000000000 ) ) ;
#2896 = DIRECTION ( 'NONE',  ( -0.0000000000000000000, 1.000000000000000000, -0.0000000000000000000 ) ) ;
#2897 = ORIENTED_EDGE ( 'NONE', *, *, #3250, .F. ) ;
#2898 = VECTOR ( 'NONE', #4512, 39.37007874015748143 ) ;
#2899 = VECTOR ( 'NONE', #3747, 39.37007874015748143 ) ;
#2900 = CARTESIAN_POINT ( 'NONE',  ( 0.2942664688103074355, 0.0000000000000000000, -0.01574999999999998623 ) ) ;
#2901 = VECTOR ( 'NONE', #430, 39.37007874015748143 ) ;
#2902 = DIRECTION ( 'NONE',  ( -0.0000000000000000000, 1.000000000000000000, -0.0000000000000000000 ) ) ;
#2903 = VECTOR ( 'NONE', #2978, 39.37007874015748143 ) ;
#2904 = DIRECTION ( 'NONE',  ( -0.0000000000000000000, 1.000000000000000000, -0.0000000000000000000 ) ) ;
#2905 = ORIENTED_EDGE ( 'NONE', *, *, #5328, .T. ) ;
#2906 = ADVANCED_FACE ( 'NONE', ( #2519 ), #2716, .T. ) ;
#2907 = EDGE_LOOP ( 'NONE', ( #325, #1920, #3693, #2953, #3627 ) ) ;
#2908 = FACE_OUTER_BOUND ( 'NONE', #5288, .T. ) ;
#2909 = CIRCLE ( 'NONE', #4258, 0.02874000000000051860 ) ;
#2910 = VECTOR ( 'NONE', #4379, 39.37007874015748143 ) ;
#2911 = LINE ( 'NONE', #1626, #2993 ) ;
#2912 = ITEM_DEFINED_TRANSFORMATION ( 'NONE', 'NONE', #4453,  #1046 ) ;
#2913 = CARTESIAN_POINT ( 'NONE',  ( -0.01203253118969264089, 0.0000000000000000000, -0.1842499999999996918 ) ) ;
#2914 = DIRECTION ( 'NONE',  ( -0.3420201433256695456, 0.0000000000000000000, -0.9396926207859080948 ) ) ;
#2915 = CIRCLE ( 'NONE', #1667, 0.02874000000000051860 ) ;
#2916 = CARTESIAN_POINT ( 'NONE',  ( 0.7879674688103074365, 0.0000000000000000000, -0.1842499999999999416 ) ) ;
#2917 = ORIENTED_EDGE ( 'NONE', *, *, #503, .T. ) ;
#2918 = AXIS2_PLACEMENT_3D ( 'NONE', #5499, #3325, #1649 ) ;
#2919 = EDGE_CURVE ( 'NONE', #2359, #5169, #2280, .T. ) ;
#2920 = ORIENTED_EDGE ( 'NONE', *, *, #4746, .F. ) ;
#2921 = CIRCLE ( 'NONE', #3903, 0.02874000000000052554 ) ;
#2922 = AXIS2_PLACEMENT_3D ( 'NONE', #5283, #3160, #2740 ) ;
#2923 = PLANE ( 'NONE',  #3272 ) ;
#2924 = ADVANCED_FACE ( 'NONE', ( #2994 ), #5527, .T. ) ;
#2925 = AXIS2_PLACEMENT_3D ( 'NONE', #5348, #4389, #4872 ) ;
#2926 = ADVANCED_FACE ( 'NONE', ( #923 ), #4723, .F. ) ;
#2927 = CIRCLE ( 'NONE', #4002, 0.03499999999999785227 ) ;
#2928 = CYLINDRICAL_SURFACE ( 'NONE', #2205, 0.03740000000000053004 ) ;
#2929 = ORIENTED_EDGE ( 'NONE', *, *, #2976, .T. ) ;
#2930 = LINE ( 'NONE', #5174, #1036 ) ;
#2931 = CARTESIAN_POINT ( 'NONE',  ( 0.3379674688103072033, -0.1100000000000000006, -0.04999999999999999584 ) ) ;
#2932 = EDGE_LOOP ( 'NONE', ( #2897, #4114, #3523, #3184, #2552 ) ) ;
#2933 = CARTESIAN_POINT ( 'NONE',  ( 0.3379674688103072033, -0.03520000000000000212, -0.08740000000000051894 ) ) ;
#2934 = PLANE ( 'NONE',  #5418 ) ;
#2935 = DIRECTION ( 'NONE',  ( -1.000000000000000000, -0.0000000000000000000, -0.0000000000000000000 ) ) ;
#2936 = VERTEX_POINT ( 'NONE', #3028 ) ;
#2937 = ORIENTED_EDGE ( 'NONE', *, *, #1957, .T. ) ;
#2938 = LINE ( 'NONE', #2103, #2033 ) ;
#2939 = LINE ( 'NONE', #5142, #3168 ) ;
#2940 = CARTESIAN_POINT ( 'NONE',  ( 0.3942664688103074133, -0.1100000000000000006, -0.01574999999999998623 ) ) ;
#2941 = VECTOR ( 'NONE', #3691, 39.37007874015748143 ) ;
#2942 = CARTESIAN_POINT ( 'NONE',  ( 0.0000000000000000000, -0.1100000000000000006, 0.0000000000000000000 ) ) ;
#2943 = ORIENTED_EDGE ( 'NONE', *, *, #2288, .T. ) ;
#2944 = ORIENTED_EDGE ( 'NONE', *, *, #1409, .T. ) ;
#2945 = ADVANCED_FACE ( 'NONE', ( #2579, #1655, #2965, #4755, #443, #4688, #3854, #16, #2603, #3382, #1733, #4316, #5092, #469, #2189, #3885, #1260 ), #2629, .F. ) ;
#2946 = DIRECTION ( 'NONE',  ( 0.0000000000000000000, 0.0000000000000000000, 1.000000000000000000 ) ) ;
#2947 = DIRECTION ( 'NONE',  ( 0.0000000000000000000, 0.0000000000000000000, 1.000000000000000000 ) ) ;
#2948 = ADVANCED_FACE ( 'NONE', ( #3468 ), #5201, .F. ) ;
#2949 = CYLINDRICAL_SURFACE ( 'NONE', #3984, 0.03740000000000053004 ) ;
#2950 = ORIENTED_EDGE ( 'NONE', *, *, #3647, .T. ) ;
#2951 = DIRECTION ( 'NONE',  ( -0.0000000000000000000, 1.000000000000000000, -0.0000000000000000000 ) ) ;
#2952 = DIRECTION ( 'NONE',  ( -1.000000000000000000, -0.0000000000000000000, -0.0000000000000000000 ) ) ;
#2953 = ORIENTED_EDGE ( 'NONE', *, *, #3512, .F. ) ;
#2954 = CARTESIAN_POINT ( 'NONE',  ( 0.1379674688103071922, -0.03520000000000000212, -0.1212599999999994932 ) ) ;
#2955 = AXIS2_PLACEMENT_3D ( 'NONE', #3221, #2714, #3167 ) ;
#2956 = DIRECTION ( 'NONE',  ( -0.0000000000000000000, 1.000000000000000000, -0.0000000000000000000 ) ) ;
#2957 = CARTESIAN_POINT ( 'NONE',  ( 0.2816684688103074374, -0.1100000000000000006, -0.01574999999999998623 ) ) ;
#2958 = CARTESIAN_POINT ( 'NONE',  ( 0.5379674688103072144, 0.0000000000000000000, -0.04999999999999999584 ) ) ;
#2959 = DIRECTION ( 'NONE',  ( 0.0000000000000000000, 0.0000000000000000000, 1.000000000000000000 ) ) ;
#2960 = ORIENTED_EDGE ( 'NONE', *, *, #4538, .T. ) ;
#2961 = ORIENTED_EDGE ( 'NONE', *, *, #2503, .F. ) ;
#2962 = EDGE_CURVE ( 'NONE', #5146, #4838, #837, .T. ) ;
#2963 = ORIENTED_EDGE ( 'NONE', *, *, #768, .T. ) ;
#2964 = DIRECTION ( 'NONE',  ( 0.0000000000000000000, 0.0000000000000000000, 1.000000000000000000 ) ) ;
#2965 = FACE_BOUND ( 'NONE', #4813, .T. ) ;
#2966 = DIRECTION ( 'NONE',  ( 0.0000000000000000000, 0.0000000000000000000, 1.000000000000000000 ) ) ;
#2967 = DIRECTION ( 'NONE',  ( 5.421193827719211569E-15, 0.0000000000000000000, 1.000000000000000000 ) ) ;
#2968 = ORIENTED_EDGE ( 'NONE', *, *, #3647, .F. ) ;
#2969 = EDGE_LOOP ( 'NONE', ( #1068, #5340 ) ) ;
#2970 = VERTEX_POINT ( 'NONE', #2547 ) ;
#2971 = CARTESIAN_POINT ( 'NONE',  ( 0.5816684688103075374, -0.1100000000000000006, -0.1842499999999996085 ) ) ;
#2972 = DIRECTION ( 'NONE',  ( 0.0000000000000000000, 0.0000000000000000000, 1.000000000000000000 ) ) ;
#2973 = ORIENTED_EDGE ( 'NONE', *, *, #1159, .F. ) ;
#2974 = ADVANCED_FACE ( 'NONE', ( #811, #4228 ), #378, .F. ) ;
#2975 = AXIS2_PLACEMENT_3D ( 'NONE', #2391, #4096, #251 ) ;
#2976 = EDGE_CURVE ( 'NONE', #456, #1048, #1485, .T. ) ;
#2977 = EDGE_CURVE ( 'NONE', #2277, #4448, #960, .T. ) ;
#2978 = DIRECTION ( 'NONE',  ( -0.0000000000000000000, 1.000000000000000000, -0.0000000000000000000 ) ) ;
#2979 = ORIENTED_EDGE ( 'NONE', *, *, #146, .T. ) ;
#2980 = PLANE ( 'NONE',  #679 ) ;
#2981 = VERTEX_POINT ( 'NONE', #2331 ) ;
#2982 = ADVANCED_FACE ( 'NONE', ( #3970 ), #4406, .T. ) ;
#2983 = CARTESIAN_POINT ( 'NONE',  ( 0.1759359376206146575, -0.1100000000000000006, -0.1999999999999999833 ) ) ;
#2984 = CARTESIAN_POINT ( 'NONE',  ( 0.6942664688103074022, -0.1100000000000000006, -0.01574999999999998623 ) ) ;
#2985 = CARTESIAN_POINT ( 'NONE',  ( 0.1816684688103074041, 0.0000000000000000000, -0.01574999999999998623 ) ) ;
#2986 = AXIS2_PLACEMENT_3D ( 'NONE', #1197, #2355, #4054 ) ;
#2987 = DIRECTION ( 'NONE',  ( -0.0000000000000000000, 1.000000000000000000, -0.0000000000000000000 ) ) ;
#2988 = ORIENTED_EDGE ( 'NONE', *, *, #5328, .F. ) ;
#2989 = AXIS2_PLACEMENT_3D ( 'NONE', #5105, #2952, #4676 ) ;
#2990 = ORIENTED_EDGE ( 'NONE', *, *, #5461, .T. ) ;
#2991 = ORIENTED_EDGE ( 'NONE', *, *, #3902, .T. ) ;
#2992 = LINE ( 'NONE', #3516, #4624 ) ;
#2993 = VECTOR ( 'NONE', #1234, 39.37007874015748143 ) ;
#2994 = FACE_OUTER_BOUND ( 'NONE', #4296, .T. ) ;
#2995 = LINE ( 'NONE', #5225, #393 ) ;
#2996 = DIRECTION ( 'NONE',  ( 0.0000000000000000000, 0.0000000000000000000, 1.000000000000000000 ) ) ;
#2997 = ORIENTED_EDGE ( 'NONE', *, *, #5026, .F. ) ;
#2998 = ORIENTED_EDGE ( 'NONE', *, *, #2223, .F. ) ;
#2999 = ORIENTED_EDGE ( 'NONE', *, *, #5500, .T. ) ;
#3000 = CIRCLE ( 'NONE', #3619, 0.02649999999999929495 ) ;
#3001 = VECTOR ( 'NONE', #4078, 39.37007874015748143 ) ;
#3002 = AXIS2_PLACEMENT_3D ( 'NONE', #5322, #4507, #1142 ) ;
#3003 = DIRECTION ( 'NONE',  ( 1.000000000000000000, 0.0000000000000000000, 0.0000000000000000000 ) ) ;
#3004 = DIRECTION ( 'NONE',  ( -0.0000000000000000000, 1.000000000000000000, -0.0000000000000000000 ) ) ;
#3005 = DIRECTION ( 'NONE',  ( 0.9396926207859080948, 0.0000000000000000000, -0.3420201433256695456 ) ) ;
#3006 = VERTEX_POINT ( 'NONE', #2166 ) ;
#3007 = VERTEX_POINT ( 'NONE', #1820 ) ;
#3008 = VECTOR ( 'NONE', #2233, 39.37007874015748143 ) ;
#3009 = CIRCLE ( 'NONE', #3634, 0.03740000000000053004 ) ;
#3010 = EDGE_CURVE ( 'NONE', #3948, #560, #130, .T. ) ;
#3011 = DIRECTION ( 'NONE',  ( -0.0000000000000000000, 1.000000000000000000, -0.0000000000000000000 ) ) ;
#3012 = AXIS2_PLACEMENT_3D ( 'NONE', #2174, #63, #1295 ) ;
#3013 = ORIENTED_EDGE ( 'NONE', *, *, #3656, .T. ) ;
#3014 = CARTESIAN_POINT ( 'NONE',  ( 0.2379674688103072255, 0.0000000000000000000, -0.1874000000000005384 ) ) ;
#3015 = ORIENTED_EDGE ( 'NONE', *, *, #3123, .F. ) ;
#3016 = DIRECTION ( 'NONE',  ( 0.0000000000000000000, 0.0000000000000000000, 1.000000000000000000 ) ) ;
#3017 = CIRCLE ( 'NONE', #3911, 0.02649999999999929495 ) ;
#3019 = EDGE_CURVE ( 'NONE', #4952, #97, #3492, .T. ) ;
#3018 = CARTESIAN_POINT ( 'NONE',  ( 0.2816684688103074374, 0.0000000000000000000, -0.01574999999999998623 ) ) ;
#3020 = DIRECTION ( 'NONE',  ( 0.0000000000000000000, 0.0000000000000000000, -1.000000000000000000 ) ) ;
#3021 = CARTESIAN_POINT ( 'NONE',  ( 0.7759349376206150506, -0.1100000000000000006, -0.2000000000000000111 ) ) ;
#3022 = FACE_OUTER_BOUND ( 'NONE', #1108, .T. ) ;
#3023 = ORIENTED_EDGE ( 'NONE', *, *, #1353, .T. ) ;
#3024 = VERTEX_POINT ( 'NONE', #1402 ) ;
#3025 = VERTEX_POINT ( 'NONE', #1368 ) ;
#3026 = CARTESIAN_POINT ( 'NONE',  ( 0.2379674688103072255, -0.1100000000000000006, -0.02125999999999947723 ) ) ;
#3027 = EDGE_CURVE ( 'NONE', #4241, #4760, #2662, .T. ) ;
#3028 = CARTESIAN_POINT ( 'NONE',  ( 0.2900000000000004796, -1.092126874066131501E-15, 0.0000000000000000000 ) ) ;
#3029 = DIRECTION ( 'NONE',  ( 0.0000000000000000000, 0.0000000000000000000, 1.000000000000000000 ) ) ;
#3030 = DIRECTION ( 'NONE',  ( 0.0000000000000000000, 0.0000000000000000000, 1.000000000000000000 ) ) ;
#3031 = VERTEX_POINT ( 'NONE', #1909 ) ;
#3032 = EDGE_LOOP ( 'NONE', ( #1816, #5190 ) ) ;
#3033 = VERTEX_POINT ( 'NONE', #4840 ) ;
#3034 = SURFACE_SIDE_STYLE ('',( #905 ) ) ;
#3035 = LINE ( 'NONE', #4762, #4910 ) ;
#3036 = LINE ( 'NONE', #1330, #4550 ) ;
#3037 = ORIENTED_EDGE ( 'NONE', *, *, #3866, .F. ) ;
#3038 = DIRECTION ( 'NONE',  ( 1.000000000000000000, 0.0000000000000000000, -5.421193827719211569E-15 ) ) ;
#3039 = ORIENTED_EDGE ( 'NONE', *, *, #942, .T. ) ;
#3040 = CARTESIAN_POINT ( 'NONE',  ( 0.5816684688103075374, 0.0000000000000000000, -0.1842499999999996085 ) ) ;
#3041 = ORIENTED_EDGE ( 'NONE', *, *, #2597, .F. ) ;
#3042 = CARTESIAN_POINT ( 'NONE',  ( 0.1649999999999989253, 0.0000000000000000000, 0.0000000000000000000 ) ) ;
#3043 = CARTESIAN_POINT ( 'NONE',  ( 0.4816684688103075040, -0.1100000000000000006, -0.1842499999999996085 ) ) ;
#3044 = DIRECTION ( 'NONE',  ( -0.0000000000000000000, 1.000000000000000000, -0.0000000000000000000 ) ) ;
#3045 = ORIENTED_EDGE ( 'NONE', *, *, #3976, .T. ) ;
#3046 = DIRECTION ( 'NONE',  ( -0.0000000000000000000, 1.000000000000000000, -0.0000000000000000000 ) ) ;
#3047 = CARTESIAN_POINT ( 'NONE',  ( 0.5942664688103074244, -0.1100000000000000006, -0.1842499999999996918 ) ) ;
#3048 = ORIENTED_EDGE ( 'NONE', *, *, #3944, .F. ) ;
#3049 = DIRECTION ( 'NONE',  ( 1.000000000000000000, 0.0000000000000000000, 0.0000000000000000000 ) ) ;
#3050 = EDGE_CURVE ( 'NONE', #2254, #3388, #4061, .T. ) ;
#3051 = EDGE_CURVE ( 'NONE', #2162, #2143, #2535, .T. ) ;
#3052 = CARTESIAN_POINT ( 'NONE',  ( 0.4816684688103073930, -0.1100000000000000006, -0.01574999999999998623 ) ) ;
#3053 = DIRECTION ( 'NONE',  ( -0.0000000000000000000, 1.000000000000000000, -0.0000000000000000000 ) ) ;
#3054 = PLANE ( 'NONE',  #4905 ) ;
#3055 = ORIENTED_EDGE ( 'NONE', *, *, #1596, .F. ) ;
#3056 = ORIENTED_EDGE ( 'NONE', *, *, #3524, .F. ) ;
#3057 = ORIENTED_EDGE ( 'NONE', *, *, #3019, .T. ) ;
#3058 = EDGE_CURVE ( 'NONE', #2626, #3158, #508, .T. ) ;
#3059 = PRESENTATION_STYLE_ASSIGNMENT (( #2198 ) ) ;
#3060 = CARTESIAN_POINT ( 'NONE',  ( 0.2816684688103074374, -0.1100000000000000006, -0.01574999999999998623 ) ) ;
#3061 = CARTESIAN_POINT ( 'NONE',  ( 0.5816684688103075374, -0.1100000000000000006, -0.1842499999999996085 ) ) ;
#3062 = ORIENTED_EDGE ( 'NONE', *, *, #5044, .F. ) ;
#3063 = DIRECTION ( 'NONE',  ( -0.0000000000000000000, 1.000000000000000000, -0.0000000000000000000 ) ) ;
#3064 = DIRECTION ( 'NONE',  ( 1.000000000000000000, -0.0000000000000000000, -3.387708325476511218E-16 ) ) ;
#3065 = VERTEX_POINT ( 'NONE', #2224 ) ;
#3066 = DIRECTION ( 'NONE',  ( 0.0000000000000000000, -1.000000000000000000, 0.0000000000000000000 ) ) ;
#3067 = DIRECTION ( 'NONE',  ( -1.000000000000000000, -0.0000000000000000000, -0.0000000000000000000 ) ) ;
#3068 = CARTESIAN_POINT ( 'NONE',  ( 0.2379674688103072255, -0.03520000000000000212, -0.1212599999999994932 ) ) ;
#3069 = EDGE_LOOP ( 'NONE', ( #3832, #951, #5179, #3739 ) ) ;
#3070 = CARTESIAN_POINT ( 'NONE',  ( -0.005732531189692387577, 0.0000000000000000000, -0.1842499999999996918 ) ) ;
#3071 = DIRECTION ( 'NONE',  ( -0.0000000000000000000, 1.000000000000000000, -0.0000000000000000000 ) ) ;
#3072 = EDGE_LOOP ( 'NONE', ( #1542, #4353, #1876, #4233 ) ) ;
#3073 = VERTEX_POINT ( 'NONE', #4380 ) ;
#3074 = DIRECTION ( 'NONE',  ( 0.0000000000000000000, -1.000000000000000000, 0.0000000000000000000 ) ) ;
#3075 = VECTOR ( 'NONE', #1564, 39.37007874015748143 ) ;
#3076 = EDGE_CURVE ( 'NONE', #3313, #1195, #1466, .T. ) ;
#3077 = DIRECTION ( 'NONE',  ( 0.0000000000000000000, 0.0000000000000000000, 1.000000000000000000 ) ) ;
#3078 = CIRCLE ( 'NONE', #4238, 0.03740000000000053698 ) ;
#3079 = EDGE_CURVE ( 'NONE', #4562, #1201, #1428, .T. ) ;
#3080 = CARTESIAN_POINT ( 'NONE',  ( 0.1942664688103074300, 0.0000000000000000000, -0.1842499999999996918 ) ) ;
#3081 = DIRECTION ( 'NONE',  ( -0.3420201433256695456, 0.0000000000000000000, -0.9396926207859080948 ) ) ;
#3082 = EDGE_LOOP ( 'NONE', ( #4059, #1745 ) ) ;
#3083 = ORIENTED_EDGE ( 'NONE', *, *, #176, .T. ) ;
#3084 = VERTEX_POINT ( 'NONE', #3136 ) ;
#3085 = AXIS2_PLACEMENT_3D ( 'NONE', #5196, #2902, #2488 ) ;
#3086 = AXIS2_PLACEMENT_3D ( 'NONE', #2884, #296, #1997 ) ;
#3087 = EDGE_CURVE ( 'NONE', #1729, #1659, #4863, .T. ) ;
#3088 = DIRECTION ( 'NONE',  ( -0.0000000000000000000, 1.000000000000000000, -0.0000000000000000000 ) ) ;
#3089 = AXIS2_PLACEMENT_3D ( 'NONE', #975, #941, #2237 ) ;
#3090 = EDGE_LOOP ( 'NONE', ( #2868, #4780, #3589, #5475 ) ) ;
#3091 = DIRECTION ( 'NONE',  ( -0.0000000000000000000, 1.000000000000000000, -0.0000000000000000000 ) ) ;
#3092 =( GEOMETRIC_REPRESENTATION_CONTEXT ( 3 ) GLOBAL_UNCERTAINTY_ASSIGNED_CONTEXT ( ( #2002 ) ) GLOBAL_UNIT_ASSIGNED_CONTEXT ( ( #1566, #2461, #5412 ) ) REPRESENTATION_CONTEXT ( 'NONE', 'WORKASPACE' ) );
#3093 = CIRCLE ( 'NONE', #3987, 0.02874000000000051860 ) ;
#3094 = AXIS2_PLACEMENT_3D ( 'NONE', #23, #5148, #2147 ) ;
#3095 = AXIS2_PLACEMENT_3D ( 'NONE', #1123, #5448, #4112 ) ;
#3096 = DIRECTION ( 'NONE',  ( -0.0000000000000000000, 1.000000000000000000, -0.0000000000000000000 ) ) ;
#3097 = ADVANCED_FACE ( 'NONE', ( #988 ), #5240, .F. ) ;
#3098 = CARTESIAN_POINT ( 'NONE',  ( 0.5759359376206146797, 0.0000000000000000000, -9.478001694819074349E-34 ) ) ;
#3099 = VECTOR ( 'NONE', #4745, 39.37007874015748143 ) ;
#3100 = VECTOR ( 'NONE', #5492, 39.37007874015748143 ) ;
#3101 = LINE ( 'NONE', #4831, #4178 ) ;
#3102 = AXIS2_PLACEMENT_3D ( 'NONE', #2030, #4202, #3802 ) ;
#3103 = CARTESIAN_POINT ( 'NONE',  ( 0.7379674688103072810, -0.03520000000000000212, -0.07874000000000051791 ) ) ;
#3104 = ORIENTED_EDGE ( 'NONE', *, *, #1978, .F. ) ;
#3105 = FACE_BOUND ( 'NONE', #531, .T. ) ;
#3106 = FACE_OUTER_BOUND ( 'NONE', #1256, .T. ) ;
#3107 = ORIENTED_EDGE ( 'NONE', *, *, #3625, .T. ) ;
#3108 = VECTOR ( 'NONE', #4194, 39.37007874015748854 ) ;
#3109 = EDGE_LOOP ( 'NONE', ( #2055, #5270, #3218, #1246 ) ) ;
#3110 = VECTOR ( 'NONE', #914, 39.37007874015748143 ) ;
#3111 = CARTESIAN_POINT ( 'NONE',  ( 0.7667074688103078239, -0.03520000000000000212, -0.1499999999999999944 ) ) ;
#3112 = DIRECTION ( 'NONE',  ( -0.3420201433256654933, 0.0000000000000000000, 0.9396926207859095381 ) ) ;
#3113 = FACE_OUTER_BOUND ( 'NONE', #883, .T. ) ;
#3114 = FACE_OUTER_BOUND ( 'NONE', #2301, .T. ) ;
#3115 = VERTEX_POINT ( 'NONE', #2709 ) ;
#3116 = ORIENTED_EDGE ( 'NONE', *, *, #3561, .T. ) ;
#3117 = ORIENTED_EDGE ( 'NONE', *, *, #2401, .T. ) ;
#3118 = CARTESIAN_POINT ( 'NONE',  ( 0.4379674688103072366, -0.03520000000000000212, -0.1212599999999994932 ) ) ;
#3119 = ITEM_DEFINED_TRANSFORMATION ( 'NONE', 'NONE', #311,  #1046 ) ;
#3120 = CARTESIAN_POINT ( 'NONE',  ( 0.1719999999999985985, 0.0000000000000000000, 0.0000000000000000000 ) ) ;
#3121 = DIRECTION ( 'NONE',  ( 0.0000000000000000000, 0.0000000000000000000, 1.000000000000000000 ) ) ;
#3122 = ORIENTED_EDGE ( 'NONE', *, *, #4672, .T. ) ;
#3123 = EDGE_CURVE ( 'NONE', #985, #3478, #3249, .T. ) ;
#3124 =( REPRESENTATION_RELATIONSHIP ('NONE','NONE', #4944, #1631 ) REPRESENTATION_RELATIONSHIP_WITH_TRANSFORMATION ( #1602 )SHAPE_REPRESENTATION_RELATIONSHIP( ) );
#3125 = CARTESIAN_POINT ( 'NONE',  ( 0.4379674688103072366, 0.0000000000000000000, -0.1787400000000005096 ) ) ;
#3126 = CARTESIAN_POINT ( 'NONE',  ( 0.7379674688103072810, 0.0000000000000000000, -0.1499999999999999944 ) ) ;
#3127 = CARTESIAN_POINT ( 'NONE',  ( 0.1816684688103074041, -0.1100000000000000006, -0.01574999999999998623 ) ) ;
#3128 = EDGE_CURVE ( 'NONE', #2881, #1048, #3162, .T. ) ;
#3129 = CARTESIAN_POINT ( 'NONE',  ( 0.5816684688103075374, 0.0000000000000000000, -0.1842499999999996085 ) ) ;
#3130 = EDGE_LOOP ( 'NONE', ( #568, #5365, #3985, #432 ) ) ;
#3131 = DIRECTION ( 'NONE',  ( 0.0000000000000000000, 0.0000000000000000000, 1.000000000000000000 ) ) ;
#3132 = CARTESIAN_POINT ( 'NONE',  ( 0.03796746881030720056, -0.1100000000000000006, -0.1787400000000005096 ) ) ;
#3133 = ORIENTED_EDGE ( 'NONE', *, *, #3242, .F. ) ;
#3134 = ORIENTED_EDGE ( 'NONE', *, *, #3591, .F. ) ;
#3135 = CARTESIAN_POINT ( 'NONE',  ( 0.0000000000000000000, 0.0000000000000000000, 0.02649999999999929495 ) ) ;
#3136 = CARTESIAN_POINT ( 'NONE',  ( 0.1379674688103071922, -0.03520000000000000212, -0.07874000000000051791 ) ) ;
#3137 = LENGTH_MEASURE_WITH_UNIT ( LENGTH_MEASURE( 0.02539999999999999897 ), #3637 );
#3138 = EDGE_CURVE ( 'NONE', #4652, #2266, #4977, .T. ) ;
#3139 = DIRECTION ( 'NONE',  ( -0.0000000000000000000, 1.000000000000000000, -0.0000000000000000000 ) ) ;
#3140 = ORIENTED_EDGE ( 'NONE', *, *, #1614, .T. ) ;
#3141 = ORIENTED_EDGE ( 'NONE', *, *, #336, .T. ) ;
#3142 = ORIENTED_EDGE ( 'NONE', *, *, #658, .T. ) ;
#3143 = DIRECTION ( 'NONE',  ( -0.0000000000000000000, 1.000000000000000000, -0.0000000000000000000 ) ) ;
#3144 = DIRECTION ( 'NONE',  ( 1.000000000000000000, 0.0000000000000000000, -5.421193827719211569E-15 ) ) ;
#3145 = DIRECTION ( 'NONE',  ( -0.0000000000000000000, 1.000000000000000000, -0.0000000000000000000 ) ) ;
#3146 = LINE ( 'NONE', #174, #1757 ) ;
#3147 = ORIENTED_EDGE ( 'NONE', *, *, #1581, .F. ) ;
#3148 = LINE ( 'NONE', #5236, #4712 ) ;
#3149 = DIRECTION ( 'NONE',  ( 0.0000000000000000000, 0.0000000000000000000, 1.000000000000000000 ) ) ;
#3150 = DIRECTION ( 'NONE',  ( 0.3420201433256665480, -0.0000000000000000000, 0.9396926207859092051 ) ) ;
#3151 = EDGE_CURVE ( 'NONE', #2260, #2626, #5334, .T. ) ;
#3152 = FACE_OUTER_BOUND ( 'NONE', #345, .T. ) ;
#3153 = CARTESIAN_POINT ( 'NONE',  ( 0.5379674688103072144, 0.0000000000000000000, -0.01259999999999946926 ) ) ;
#3154 = ORIENTED_EDGE ( 'NONE', *, *, #3156, .T. ) ;
#3155 = FACE_BOUND ( 'NONE', #1943, .T. ) ;
#3156 = EDGE_CURVE ( 'NONE', #1831, #3084, #3608, .T. ) ;
#3157 = DIRECTION ( 'NONE',  ( -0.0000000000000000000, 1.000000000000000000, -0.0000000000000000000 ) ) ;
#3158 = VERTEX_POINT ( 'NONE', #1096 ) ;
#3159 = EDGE_LOOP ( 'NONE', ( #2702, #5204, #2125, #5395 ) ) ;
#3160 = DIRECTION ( 'NONE',  ( -0.0000000000000000000, 1.000000000000000000, -0.0000000000000000000 ) ) ;
#3161 = VECTOR ( 'NONE', #2669, 39.37007874015748143 ) ;
#3162 = LINE ( 'NONE', #1045, #1118 ) ;
#3163 = CARTESIAN_POINT ( 'NONE',  ( 0.7379674688103072810, -0.1100000000000000006, -0.04999999999999999584 ) ) ;
#3164 = VERTEX_POINT ( 'NONE', #3268 ) ;
#3165 = ORIENTED_EDGE ( 'NONE', *, *, #3671, .F. ) ;
#3166 = ORIENTED_EDGE ( 'NONE', *, *, #1304, .T. ) ;
#3167 = DIRECTION ( 'NONE',  ( -0.3420201433256516710, 0.0000000000000000000, -0.9396926207859144231 ) ) ;
#3168 = VECTOR ( 'NONE', #2561, 39.37007874015748143 ) ;
#3169 = CIRCLE ( 'NONE', #2014, 0.02874000000000051860 ) ;
#3170 = LINE ( 'NONE', #172, #2105 ) ;
#3171 = DIRECTION ( 'NONE',  ( -0.0000000000000000000, 1.000000000000000000, -0.0000000000000000000 ) ) ;
#3172 = CARTESIAN_POINT ( 'NONE',  ( 0.7759349376206150506, -0.1100000000000000006, -0.2000000000000000111 ) ) ;
#3173 = VERTEX_POINT ( 'NONE', #1177 ) ;
#3174 = VECTOR ( 'NONE', #4800, 39.37007874015748143 ) ;
#3175 = AXIS2_PLACEMENT_3D ( 'NONE', #2931, #4216, #5078 ) ;
#3176 = CIRCLE ( 'NONE', #1660, 0.02874000000000052554 ) ;
#3177 = AXIS2_PLACEMENT_3D ( 'NONE', #2361, #3643, #5376 ) ;
#3178 = DIRECTION ( 'NONE',  ( 0.0000000000000000000, 0.0000000000000000000, 1.000000000000000000 ) ) ;
#3179 = VECTOR ( 'NONE', #4091, 39.37007874015748143 ) ;
#3180 = VECTOR ( 'NONE', #4126, 39.37007874015748143 ) ;
#3181 = LINE ( 'NONE', #4915, #5108 ) ;
#3182 = FACE_OUTER_BOUND ( 'NONE', #4287, .T. ) ;
#3183 = VECTOR ( 'NONE', #3896, 39.37007874015748143 ) ;
#3184 = ORIENTED_EDGE ( 'NONE', *, *, #3512, .T. ) ;
#3185 = FACE_OUTER_BOUND ( 'NONE', #5371, .T. ) ;
#3186 = AXIS2_PLACEMENT_3D ( 'NONE', #614, #177, #2727 ) ;
#3187 = CARTESIAN_POINT ( 'NONE',  ( 0.3999990000000001600, -0.1100000000000000006, -0.1999999999999999833 ) ) ;
#3188 = ORIENTED_EDGE ( 'NONE', *, *, #826, .T. ) ;
#3189 = FACE_OUTER_BOUND ( 'NONE', #4085, .T. ) ;
#3190 = CIRCLE ( 'NONE', #4270, 0.02874000000000052554 ) ;
#3191 = AXIS2_PLACEMENT_3D ( 'NONE', #3042, #4308, #5191 ) ;
#3192 = ADVANCED_FACE ( 'NONE', ( #4493 ), #4111, .T. ) ;
#3193 = CARTESIAN_POINT ( 'NONE',  ( 0.6942664688103074022, 0.0000000000000000000, -0.01574999999999998623 ) ) ;
#3194 = PRESENTATION_STYLE_ASSIGNMENT (( #4407 ) ) ;
#3195 = VECTOR ( 'NONE', #997, 39.37007874015748854 ) ;
#3196 = CARTESIAN_POINT ( 'NONE',  ( 0.2816684688103074374, 0.0000000000000000000, -0.1842499999999996085 ) ) ;
#3197 = EDGE_LOOP ( 'NONE', ( #423, #956 ) ) ;
#3198 = EDGE_LOOP ( 'NONE', ( #4631, #5409, #1507, #1797 ) ) ;
#3199 = VERTEX_POINT ( 'NONE', #1154 ) ;
#3200 = DIRECTION ( 'NONE',  ( 0.0000000000000000000, -0.0000000000000000000, -1.000000000000000000 ) ) ;
#3201 = EDGE_CURVE ( 'NONE', #5146, #2248, #2051, .T. ) ;
#3202 = CARTESIAN_POINT ( 'NONE',  ( 0.3942664688103074133, -0.1100000000000000006, -0.1842499999999996918 ) ) ;
#3203 = DIRECTION ( 'NONE',  ( 0.0000000000000000000, -0.0000000000000000000, -1.000000000000000000 ) ) ;
#3204 = CARTESIAN_POINT ( 'NONE',  ( 0.6379674688103071922, -0.1100000000000000006, -0.1787400000000005096 ) ) ;
#3205 = VERTEX_POINT ( 'NONE', #1988 ) ;
#3206 = DIRECTION ( 'NONE',  ( 0.0000000000000000000, 0.0000000000000000000, 1.000000000000000000 ) ) ;
#3207 = EDGE_CURVE ( 'NONE', #490, #2436, #4948, .T. ) ;
#3208 = LINE ( 'NONE', #580, #968 ) ;
#3209 = CARTESIAN_POINT ( 'NONE',  ( 0.4379674688103072366, -0.03520000000000000212, -0.04999999999999999584 ) ) ;
#3210 = ORIENTED_EDGE ( 'NONE', *, *, #1416, .F. ) ;
#3211 = CARTESIAN_POINT ( 'NONE',  ( 0.2379674688103072255, 1.224646799147263287E-20, -0.08740000000000051894 ) ) ;
#3212 = DIRECTION ( 'NONE',  ( -0.0000000000000000000, 1.000000000000000000, -0.0000000000000000000 ) ) ;
#3213 = ORIENTED_EDGE ( 'NONE', *, *, #3300, .F. ) ;
#3214 = LINE ( 'NONE', #4947, #2743 ) ;
#3215 = CARTESIAN_POINT ( 'NONE',  ( 0.3759359376206146686, -0.1100000000000000006, -0.1999999999999999833 ) ) ;
#3216 = LINE ( 'NONE', #4949, #3179 ) ;
#3217 = CARTESIAN_POINT ( 'NONE',  ( 0.2800000000000003042, -1.092739197465705287E-15, 0.0000000000000000000 ) ) ;
#3218 = ORIENTED_EDGE ( 'NONE', *, *, #2556, .T. ) ;
#3219 = ADVANCED_FACE ( 'NONE', ( #4573 ), #5055, .T. ) ;
#3220 = ORIENTED_EDGE ( 'NONE', *, *, #645, .T. ) ;
#3221 = CARTESIAN_POINT ( 'NONE',  ( 0.7759349376206150506, -0.1100000000000000006, -0.2000000000000000111 ) ) ;
#3222 = DIRECTION ( 'NONE',  ( 1.000000000000000000, 0.0000000000000000000, 0.0000000000000000000 ) ) ;
#3223 = ITEM_DEFINED_TRANSFORMATION ( 'NONE', 'NONE', #1053,  #1046 ) ;
#3224 = DIRECTION ( 'NONE',  ( -0.0000000000000000000, 1.000000000000000000, -0.0000000000000000000 ) ) ;
#3225 = FACE_OUTER_BOUND ( 'NONE', #1157, .T. ) ;
#3226 = ADVANCED_FACE ( 'NONE', ( #2851 ), #3681, .F. ) ;
#3227 = ORIENTED_EDGE ( 'NONE', *, *, #3635, .F. ) ;
#3228 = CARTESIAN_POINT ( 'NONE',  ( 0.1379674688103071922, 0.0000000000000000000, -0.04999999999999999584 ) ) ;
#3229 = CYLINDRICAL_SURFACE ( 'NONE', #1767, 0.03740000000000053004 ) ;
#3230 = EDGE_CURVE ( 'NONE', #2175, #1977, #3657, .T. ) ;
#3231 = DIRECTION ( 'NONE',  ( -0.0000000000000000000, 1.000000000000000000, -0.0000000000000000000 ) ) ;
#3232 = EDGE_LOOP ( 'NONE', ( #5137, #4896, #2464, #5488 ) ) ;
#3233 = DIRECTION ( 'NONE',  ( 0.0000000000000000000, 0.0000000000000000000, 1.000000000000000000 ) ) ;
#3234 = CARTESIAN_POINT ( 'NONE',  ( 0.1942664688103074300, -0.1100000000000000006, -0.1842499999999996918 ) ) ;
#3235 = EDGE_LOOP ( 'NONE', ( #2997, #1880, #1024, #2905 ) ) ;
#3236 = CARTESIAN_POINT ( 'NONE',  ( 0.1379674688103071922, 0.0000000000000000000, -0.1499999999999999944 ) ) ;
#3237 = LINE ( 'NONE', #5447, #4531 ) ;
#3238 = VERTEX_POINT ( 'NONE', #673 ) ;
#3239 = VERTEX_POINT ( 'NONE', #323 ) ;
#3240 = ORIENTED_EDGE ( 'NONE', *, *, #1581, .T. ) ;
#3241 = CARTESIAN_POINT ( 'NONE',  ( 0.1379674688103071922, 0.0000000000000000000, -0.07874000000000051791 ) ) ;
#3242 = EDGE_CURVE ( 'NONE', #5182, #1324, #1379, .T. ) ;
#3243 = EDGE_CURVE ( 'NONE', #160, #5009, #3320, .T. ) ;
#3244 = CARTESIAN_POINT ( 'NONE',  ( 0.2379674688103072255, -0.1100000000000000006, -0.1499999999999999944 ) ) ;
#3245 = FACE_OUTER_BOUND ( 'NONE', #3858, .T. ) ;
#3246 = LINE ( 'NONE', #1133, #2123 ) ;
#3247 = CARTESIAN_POINT ( 'NONE',  ( 0.6942664688103074022, -0.1100000000000000006, -0.01574999999999998623 ) ) ;
#3248 = VERTEX_POINT ( 'NONE', #288 ) ;
#3249 = CIRCLE ( 'NONE', #4887, 0.006999999999998859565 ) ;
#3250 = EDGE_CURVE ( 'NONE', #1372, #3478, #1594, .T. ) ;
#3251 = CARTESIAN_POINT ( 'NONE',  ( 0.6379674688103071922, 0.0000000000000000000, -0.07874000000000051791 ) ) ;
#3252 = VECTOR ( 'NONE', #2426, 39.37007874015748854 ) ;
#3253 = VECTOR ( 'NONE', #824, 39.37007874015748143 ) ;
#3254 = VECTOR ( 'NONE', #1613, 39.37007874015748143 ) ;
#3255 = AXIS2_PLACEMENT_3D ( 'NONE', #3276, #2181, #330 ) ;
#3256 = EDGE_CURVE ( 'NONE', #1195, #3313, #2540, .T. ) ;
#3257 = DIRECTION ( 'NONE',  ( -0.9396926207859092051, 0.0000000000000000000, 0.3420201433256665480 ) ) ;
#3258 = ORIENTED_EDGE ( 'NONE', *, *, #1996, .F. ) ;
#3259 = DIRECTION ( 'NONE',  ( -0.0000000000000000000, 1.000000000000000000, -0.0000000000000000000 ) ) ;
#3260 = AXIS2_PLACEMENT_3D ( 'NONE', #641, #4128, #2009 ) ;
#3261 = FACE_BOUND ( 'NONE', #5024, .T. ) ;
#3262 = VERTEX_POINT ( 'NONE', #3712 ) ;
#3263 = AXIS2_PLACEMENT_3D ( 'NONE', #1554, #3257, #3593 ) ;
#3264 = AXIS2_PLACEMENT_3D ( 'NONE', #899, #1369, #52 ) ;
#3265 = CARTESIAN_POINT ( 'NONE',  ( 0.7759349376206150506, -0.1100000000000000006, -0.2000000000000000111 ) ) ;
#3266 = VECTOR ( 'NONE', #519, 39.37007874015748143 ) ;
#3267 = AXIS2_PLACEMENT_3D ( 'NONE', #1410, #3927, #878 ) ;
#3268 = CARTESIAN_POINT ( 'NONE',  ( 0.03796746881030720056, -0.1100000000000000006, -0.07874000000000051791 ) ) ;
#3269 = ORIENTED_EDGE ( 'NONE', *, *, #3909, .T. ) ;
#3270 = ORIENTED_EDGE ( 'NONE', *, *, #3310, .T. ) ;
#3271 = ORIENTED_EDGE ( 'NONE', *, *, #2615, .F. ) ;
#3272 = AXIS2_PLACEMENT_3D ( 'NONE', #5460, #307, #795 ) ;
#3273 = AXIS2_PLACEMENT_3D ( 'NONE', #102, #1732, #4315 ) ;
#3274 = LINE ( 'NONE', #2857, #310 ) ;
#3275 = VECTOR ( 'NONE', #2259, 39.37007874015748854 ) ;
#3276 = CARTESIAN_POINT ( 'NONE',  ( 0.5379674688103072144, -0.03520000000000000212, -0.04999999999999999584 ) ) ;
#3277 = ITEM_DEFINED_TRANSFORMATION ( 'NONE', 'NONE', #5435,  #1046 ) ;
#3278 = DIRECTION ( 'NONE',  ( 1.000000000000000000, 0.0000000000000000000, 0.0000000000000000000 ) ) ;
#3279 = CARTESIAN_POINT ( 'NONE',  ( 0.3379674688103072033, -0.1100000000000000006, -0.07874000000000051791 ) ) ;
#3280 = CARTESIAN_POINT ( 'NONE',  ( 0.4379674688103072366, 0.0000000000000000000, -0.04999999999999999584 ) ) ;
#3281 = EDGE_LOOP ( 'NONE', ( #1578, #3083 ) ) ;
#3282 = EDGE_CURVE ( 'NONE', #4196, #3419, #3237, .T. ) ;
#3283 = FACE_OUTER_BOUND ( 'NONE', #5019, .T. ) ;
#3284 = ADVANCED_FACE ( 'NONE', ( #5031 ), #2877, .F. ) ;
#3285 = CARTESIAN_POINT ( 'NONE',  ( 0.1379674688103071922, -0.1100000000000000006, -0.1212599999999994932 ) ) ;
#3286 = VERTEX_POINT ( 'NONE', #4164 ) ;
#3287 = CARTESIAN_POINT ( 'NONE',  ( 0.3816684688103073597, -0.1100000000000000006, -0.01574999999999998623 ) ) ;
#3288 = ORIENTED_EDGE ( 'NONE', *, *, #4968, .F. ) ;
#3289 = DIRECTION ( 'NONE',  ( -0.0000000000000000000, 1.000000000000000000, -0.0000000000000000000 ) ) ;
#3290 = ORIENTED_EDGE ( 'NONE', *, *, #1867, .F. ) ;
#3291 = EDGE_CURVE ( 'NONE', #3388, #2254, #4148, .T. ) ;
#3292 = DIRECTION ( 'NONE',  ( -0.0000000000000000000, 1.000000000000000000, -0.0000000000000000000 ) ) ;
#3293 = APPLICATION_CONTEXT ( 'automotive_design' ) ;
#3294 = DIRECTION ( 'NONE',  ( 0.3420201433256633283, 0.0000000000000000000, -0.9396926207859103153 ) ) ;
#3295 = SURFACE_SIDE_STYLE ('',( #5085 ) ) ;
#3296 = VERTEX_POINT ( 'NONE', #211 ) ;
#3297 = ORIENTED_EDGE ( 'NONE', *, *, #535, .F. ) ;
#3298 = VERTEX_POINT ( 'NONE', #1938 ) ;
#3299 = DIRECTION ( 'NONE',  ( -0.3420201433256720991, 0.0000000000000000000, 0.9396926207859070956 ) ) ;
#3300 = EDGE_CURVE ( 'NONE', #1623, #3336, #2073, .T. ) ;
#3301 = FACE_OUTER_BOUND ( 'NONE', #3662, .T. ) ;
#3302 = CONTEXT_DEPENDENT_SHAPE_REPRESENTATION ( #5321, #4424 ) ;
#3303 = CARTESIAN_POINT ( 'NONE',  ( 0.1379674688103071922, 0.0000000000000000000, -0.04999999999999999584 ) ) ;
#3304 = FACE_OUTER_BOUND ( 'NONE', #2076, .T. ) ;
#3305 = CARTESIAN_POINT ( 'NONE',  ( 0.1570000000000005280, 0.0000000000000000000, 0.0000000000000000000 ) ) ;
#3306 = ORIENTED_EDGE ( 'NONE', *, *, #896, .T. ) ;
#3307 = DIRECTION ( 'NONE',  ( 0.0000000000000000000, 0.0000000000000000000, 1.000000000000000000 ) ) ;
#3308 = DIMENSIONAL_EXPONENTS ( 1.000000000000000000, 0.0000000000000000000, 0.0000000000000000000, 0.0000000000000000000, 0.0000000000000000000, 0.0000000000000000000, 0.0000000000000000000 ) ;
#3309 = AXIS2_PLACEMENT_3D ( 'NONE', #3584, #651, #1019 ) ;
#3310 = EDGE_CURVE ( 'NONE', #1798, #490, #4626, .T. ) ;
#3312 = EDGE_CURVE ( 'NONE', #4093, #5043, #4251, .T. ) ;
#3311 = CARTESIAN_POINT ( 'NONE',  ( 0.2379674688103072255, 1.224646799147263287E-20, -0.01259999999999946926 ) ) ;
#3313 = VERTEX_POINT ( 'NONE', #2537 ) ;
#3314 = DIRECTION ( 'NONE',  ( -0.0000000000000000000, 1.000000000000000000, -0.0000000000000000000 ) ) ;
#3315 = EDGE_LOOP ( 'NONE', ( #2524, #1719, #2276, #2607 ) ) ;
#3316 = DIRECTION ( 'NONE',  ( 0.0000000000000000000, 0.0000000000000000000, 1.000000000000000000 ) ) ;
#3317 = EDGE_LOOP ( 'NONE', ( #1017, #4922, #2999, #2762 ) ) ;
#3318 = DIRECTION ( 'NONE',  ( -0.0000000000000000000, 1.000000000000000000, -0.0000000000000000000 ) ) ;
#3319 = ADVANCED_FACE ( 'NONE', ( #4747 ), #408, .F. ) ;
#3320 = LINE ( 'NONE', #245, #1827 ) ;
#3321 = DIRECTION ( 'NONE',  ( 0.0000000000000000000, 0.0000000000000000000, 1.000000000000000000 ) ) ;
#3322 = CARTESIAN_POINT ( 'NONE',  ( 0.2759359376206146353, -0.1100000000000000006, -0.1999999999999999833 ) ) ;
#3323 = VERTEX_POINT ( 'NONE', #5110 ) ;
#3324 = VERTEX_POINT ( 'NONE', #5084 ) ;
#3325 = DIRECTION ( 'NONE',  ( -0.0000000000000000000, 1.000000000000000000, -0.0000000000000000000 ) ) ;
#3326 = ADVANCED_FACE ( 'NONE', ( #5494 ), #2934, .T. ) ;
#3327 = CARTESIAN_POINT ( 'NONE',  ( 0.07593593762061463803, -0.1100000000000000006, -0.1999999999999999833 ) ) ;
#3328 = DIRECTION ( 'NONE',  ( -1.000000000000000000, -0.0000000000000000000, -0.0000000000000000000 ) ) ;
#3329 = DIRECTION ( 'NONE',  ( -0.0000000000000000000, 1.000000000000000000, -0.0000000000000000000 ) ) ;
#3330 = DIRECTION ( 'NONE',  ( -0.0000000000000000000, 1.000000000000000000, -0.0000000000000000000 ) ) ;
#3331 = VERTEX_POINT ( 'NONE', #348 ) ;
#3332 = DIRECTION ( 'NONE',  ( 0.3420201433256665480, -0.0000000000000000000, 0.9396926207859092051 ) ) ;
#3333 = MANIFOLD_SOLID_BREP ( 'RevolutionAngle1', #2041 ) ;
#3334 = AXIS2_PLACEMENT_3D ( 'NONE', #1235, #51, #1770 ) ;
#3335 = DIRECTION ( 'NONE',  ( 0.0000000000000000000, 0.0000000000000000000, 1.000000000000000000 ) ) ;
#3336 = VERTEX_POINT ( 'NONE', #5135 ) ;
#3337 = CARTESIAN_POINT ( 'NONE',  ( 0.7379674688103072810, 0.0000000000000000000, -0.1787400000000005096 ) ) ;
#3338 = DIRECTION ( 'NONE',  ( 0.0000000000000000000, 0.0000000000000000000, 1.000000000000000000 ) ) ;
#3339 = ORIENTED_EDGE ( 'NONE', *, *, #3757, .F. ) ;
#3340 = AXIS2_PLACEMENT_3D ( 'NONE', #1475, #2814, #1069 ) ;
#3341 = VECTOR ( 'NONE', #3912, 39.37007874015748143 ) ;
#3342 = FACE_BOUND ( 'NONE', #1317, .T. ) ;
#3343 = AXIS2_PLACEMENT_3D ( 'NONE', #5425, #4583, #5457 ) ;
#3344 = DIRECTION ( 'NONE',  ( 1.000000000000000000, 0.0000000000000000000, 0.0000000000000000000 ) ) ;
#3345 = VECTOR ( 'NONE', #2424, 39.37007874015748143 ) ;
#3346 = FACE_OUTER_BOUND ( 'NONE', #665, .T. ) ;
#3347 = ORIENTED_EDGE ( 'NONE', *, *, #154, .F. ) ;
#3348 = ORIENTED_EDGE ( 'NONE', *, *, #5459, .T. ) ;
#3349 = CARTESIAN_POINT ( 'NONE',  ( 0.6379674688103071922, 1.224646799147263287E-20, -0.1125999999999994644 ) ) ;
#3350 = EDGE_CURVE ( 'NONE', #858, #127, #4891, .T. ) ;
#3351 = AXIS2_PLACEMENT_3D ( 'NONE', #2794, #1966, #3659 ) ;
#3352 = LINE ( 'NONE', #461, #3526 ) ;
#3353 = CARTESIAN_POINT ( 'NONE',  ( 0.5379674688103072144, 0.0000000000000000000, -0.1499999999999999944 ) ) ;
#3354 = DIRECTION ( 'NONE',  ( 0.0000000000000000000, 0.0000000000000000000, 1.000000000000000000 ) ) ;
#3355 = AXIS2_PLACEMENT_3D ( 'NONE', #178, #5403, #4912 ) ;
#3356 = DIRECTION ( 'NONE',  ( 0.0000000000000000000, 0.0000000000000000000, 1.000000000000000000 ) ) ;
#3357 = ORIENTED_EDGE ( 'NONE', *, *, #2588, .F. ) ;
#3358 = CIRCLE ( 'NONE', #4458, 0.03499999999999785227 ) ;
#3359 = VERTEX_POINT ( 'NONE', #2985 ) ;
#3360 = ADVANCED_FACE ( 'NONE', ( #436, #2573 ), #3848, .F. ) ;
#3361 = VECTOR ( 'NONE', #25, 39.37007874015748854 ) ;
#3362 = CARTESIAN_POINT ( 'NONE',  ( 0.1379674688103071922, -0.1100000000000000006, -0.04999999999999999584 ) ) ;
#3363 = VECTOR ( 'NONE', #4683, 39.37007874015748143 ) ;
#3364 = VECTOR ( 'NONE', #2294, 39.37007874015748143 ) ;
#3365 = ADVANCED_FACE ( 'NONE', ( #2596 ), #4311, .F. ) ;
#3366 = DIRECTION ( 'NONE',  ( 0.0000000000000000000, 0.0000000000000000000, 1.000000000000000000 ) ) ;
#3367 = EDGE_CURVE ( 'NONE', #3466, #4966, #1207, .T. ) ;
#3368 = ORIENTED_EDGE ( 'NONE', *, *, #4372, .T. ) ;
#3369 = FACE_OUTER_BOUND ( 'NONE', #1224, .T. ) ;
#3370 = CYLINDRICAL_SURFACE ( 'NONE', #2989, 0.02800000000000000405 ) ;
#3371 = ORIENTED_EDGE ( 'NONE', *, *, #4786, .F. ) ;
#3372 = DIRECTION ( 'NONE',  ( -0.0000000000000000000, 1.000000000000000000, -0.0000000000000000000 ) ) ;
#3373 = DIRECTION ( 'NONE',  ( 0.0000000000000000000, 0.0000000000000000000, 1.000000000000000000 ) ) ;
#3374 = CARTESIAN_POINT ( 'NONE',  ( 0.0000000000000000000, -0.1100000000000000006, 0.0000000000000000000 ) ) ;
#3375 = DIRECTION ( 'NONE',  ( 0.0000000000000000000, 0.0000000000000000000, 1.000000000000000000 ) ) ;
#3376 = CARTESIAN_POINT ( 'NONE',  ( 0.5379674688103072144, -0.03520000000000000212, -0.1874000000000005384 ) ) ;
#3377 = ORIENTED_EDGE ( 'NONE', *, *, #2319, .T. ) ;
#3378 = ORIENTED_EDGE ( 'NONE', *, *, #5436, .T. ) ;
#3379 = VERTEX_POINT ( 'NONE', #3915 ) ;
#3380 = CARTESIAN_POINT ( 'NONE',  ( 0.07033012701892972507, 0.0000000000000000000, 0.02649999999999929495 ) ) ;
#3381 = EDGE_CURVE ( 'NONE', #2492, #4781, #1469, .T. ) ;
#3382 = FACE_BOUND ( 'NONE', #2582, .T. ) ;
#3383 = EDGE_CURVE ( 'NONE', #3549, #5234, #1846, .T. ) ;
#3384 = CARTESIAN_POINT ( 'NONE',  ( 0.2379674688103072255, -0.03520000000000000212, -0.04999999999999999584 ) ) ;
#3385 = DIRECTION ( 'NONE',  ( -0.3420201433256694346, -0.0000000000000000000, -0.9396926207859080948 ) ) ;
#3386 = ORIENTED_EDGE ( 'NONE', *, *, #2006, .F. ) ;
#3387 = VERTEX_POINT ( 'NONE', #3547 ) ;
#3388 = VERTEX_POINT ( 'NONE', #2736 ) ;
#3389 = DIRECTION ( 'NONE',  ( -0.3420201433256694346, -0.0000000000000000000, -0.9396926207859080948 ) ) ;
#3390 = ADVANCED_FACE ( 'NONE', ( #3998, #3511, #1877, #4773, #3940, #122, #1814, #1788, #1394, #4023, #585, #3105, #5279, #4883, #4463, #3155, #4834 ), #981, .T. ) ;
#3391 = PLANE ( 'NONE',  #1495 ) ;
#3392 = DIRECTION ( 'NONE',  ( 1.000000000000000000, 0.0000000000000000000, 0.0000000000000000000 ) ) ;
#3393 = VERTEX_POINT ( 'NONE', #5218 ) ;
#3394 = FACE_OUTER_BOUND ( 'NONE', #5147, .T. ) ;
#3395 = VERTEX_POINT ( 'NONE', #918 ) ;
#3396 = CARTESIAN_POINT ( 'NONE',  ( 0.2379674688103072255, 1.224646799147263287E-20, -0.1499999999999999944 ) ) ;
#3397 = EDGE_CURVE ( 'NONE', #3031, #4836, #3783, .T. ) ;
#3398 = DIRECTION ( 'NONE',  ( 0.0000000000000000000, 0.0000000000000000000, 1.000000000000000000 ) ) ;
#3399 = CARTESIAN_POINT ( 'NONE',  ( 0.2816684688103074374, 0.0000000000000000000, -0.1842499999999996085 ) ) ;
#3400 = ORIENTED_EDGE ( 'NONE', *, *, #404, .F. ) ;
#3401 = VERTEX_POINT ( 'NONE', #157 ) ;
#3402 = ORIENTED_EDGE ( 'NONE', *, *, #3800, .T. ) ;
#3403 = DIRECTION ( 'NONE',  ( 0.0000000000000000000, 0.0000000000000000000, 1.000000000000000000 ) ) ;
#3404 = PLANE ( 'NONE',  #207 ) ;
#3405 = FACE_OUTER_BOUND ( 'NONE', #1567, .T. ) ;
#3406 = DIRECTION ( 'NONE',  ( 0.0000000000000000000, 1.000000000000000000, 0.0000000000000000000 ) ) ;
#3407 = ORIENTED_EDGE ( 'NONE', *, *, #1641, .F. ) ;
#3408 = VERTEX_POINT ( 'NONE', #4339 ) ;
#3409 = ORIENTED_EDGE ( 'NONE', *, *, #1746, .T. ) ;
#3410 = EDGE_CURVE ( 'NONE', #798, #3073, #2703, .T. ) ;
#3411 = CARTESIAN_POINT ( 'NONE',  ( 0.5816684688103075374, -0.1100000000000000006, -0.1842499999999996085 ) ) ;
#3412 = DIRECTION ( 'NONE',  ( 0.0000000000000000000, 0.0000000000000000000, 1.000000000000000000 ) ) ;
#3413 = DIRECTION ( 'NONE',  ( -0.0000000000000000000, 1.000000000000000000, -0.0000000000000000000 ) ) ;
#3414 = EDGE_LOOP ( 'NONE', ( #4001, #4122, #4615, #2048 ) ) ;
#3415 = EDGE_CURVE ( 'NONE', #2229, #4966, #3573, .T. ) ;
#3416 = PLANE ( 'NONE',  #2379 ) ;
#3417 = EDGE_LOOP ( 'NONE', ( #2567, #4547, #4984, #892 ) ) ;
#3418 = CARTESIAN_POINT ( 'NONE',  ( 0.2379674688103072255, 0.0000000000000000000, -0.01259999999999946926 ) ) ;
#3419 = VERTEX_POINT ( 'NONE', #4400 ) ;
#3420 = CARTESIAN_POINT ( 'NONE',  ( 0.5379674688103072144, -0.1100000000000000006, -0.1212599999999994932 ) ) ;
#3421 = EDGE_CURVE ( 'NONE', #1048, #19, #952, .T. ) ;
#3422 = VECTOR ( 'NONE', #4028, 39.37007874015748854 ) ;
#3423 = DIRECTION ( 'NONE',  ( 0.3420201433256633283, 0.0000000000000000000, -0.9396926207859103153 ) ) ;
#3424 = VECTOR ( 'NONE', #4088, 39.37007874015748143 ) ;
#3425 = LINE ( 'NONE', #5168, #3363 ) ;
#3426 = ORIENTED_EDGE ( 'NONE', *, *, #2403, .F. ) ;
#3427 = AXIS2_PLACEMENT_3D ( 'NONE', #2047, #3738, #3338 ) ;
#3428 = ORIENTED_EDGE ( 'NONE', *, *, #110, .T. ) ;
#3429 = DIRECTION ( 'NONE',  ( -0.0000000000000000000, 1.000000000000000000, -0.0000000000000000000 ) ) ;
#3430 = AXIS2_PLACEMENT_3D ( 'NONE', #4739, #1193, #2895 ) ;
#3431 = EDGE_CURVE ( 'NONE', #1232, #902, #4423, .T. ) ;
#3432 = VECTOR ( 'NONE', #3144, 39.37007874015748143 ) ;
#3433 = DIRECTION ( 'NONE',  ( 0.0000000000000000000, -1.000000000000000000, 0.0000000000000000000 ) ) ;
#3434 = DIRECTION ( 'NONE',  ( -0.0000000000000000000, 1.000000000000000000, -0.0000000000000000000 ) ) ;
#3435 = CARTESIAN_POINT ( 'NONE',  ( 0.3942664688103074133, -0.1100000000000000006, -0.1842499999999996918 ) ) ;
#3436 = ORIENTED_EDGE ( 'NONE', *, *, #2890, .T. ) ;
#3437 = EDGE_LOOP ( 'NONE', ( #2387, #515, #2998, #1424 ) ) ;
#3438 = EDGE_LOOP ( 'NONE', ( #4514, #114 ) ) ;
#3439 = VECTOR ( 'NONE', #2192, 39.37007874015748854 ) ;
#3440 = VECTOR ( 'NONE', #155, 39.37007874015748143 ) ;
#3441 = VECTOR ( 'NONE', #4318, 39.37007874015748143 ) ;
#3442 = AXIS2_PLACEMENT_3D ( 'NONE', #1110, #1529, #1921 ) ;
#3443 = CARTESIAN_POINT ( 'NONE',  ( 0.0000000000000000000, -0.1100000000000000006, 0.0000000000000000000 ) ) ;
#3444 = CARTESIAN_POINT ( 'NONE',  ( 0.03796746881030719362, 0.0000000000000000000, -0.04999999999999999584 ) ) ;
#3445 = CIRCLE ( 'NONE', #2918, 0.03740000000000053698 ) ;
#3446 = CARTESIAN_POINT ( 'NONE',  ( 0.02999999999999886091, 0.0000000000000000000, 0.0000000000000000000 ) ) ;
#3447 = AXIS2_PLACEMENT_3D ( 'NONE', #3822, #3375, #1679 ) ;
#3448 = ORIENTED_EDGE ( 'NONE', *, *, #4209, .F. ) ;
#3449 = VECTOR ( 'NONE', #3088, 39.37007874015748143 ) ;
#3450 = AXIS2_PLACEMENT_3D ( 'NONE', #1367, #4806, #957 ) ;
#3451 = LINE ( 'NONE', #487, #2818 ) ;
#3452 = EDGE_CURVE ( 'NONE', #277, #2657, #4801, .T. ) ;
#3453 = EDGE_LOOP ( 'NONE', ( #4717, #934, #544, #657 ) ) ;
#3454 = DIRECTION ( 'NONE',  ( -0.0000000000000000000, 1.000000000000000000, -0.0000000000000000000 ) ) ;
#3455 = CIRCLE ( 'NONE', #1063, 0.01000000000000016674 ) ;
#3456 = ADVANCED_FACE ( 'NONE', ( #2298 ), #498, .F. ) ;
#3457 = VERTEX_POINT ( 'NONE', #73 ) ;
#3458 = DIRECTION ( 'NONE',  ( 0.0000000000000000000, 0.0000000000000000000, 1.000000000000000000 ) ) ;
#3459 = AXIS2_PLACEMENT_3D ( 'NONE', #2263, #2371, #179 ) ;
#3460 = LINE ( 'NONE', #3509, #2373 ) ;
#3461 = CARTESIAN_POINT ( 'NONE',  ( 0.1816684688103074041, -0.1100000000000000006, -0.01574999999999998623 ) ) ;
#3462 = ORIENTED_EDGE ( 'NONE', *, *, #4382, .F. ) ;
#3463 = DIRECTION ( 'NONE',  ( -0.0000000000000000000, 1.000000000000000000, -0.0000000000000000000 ) ) ;
#3464 = ADVANCED_FACE ( 'NONE', ( #4375 ), #98, .F. ) ;
#3465 = CYLINDRICAL_SURFACE ( 'NONE', #2101, 0.02874000000000051860 ) ;
#3466 = VERTEX_POINT ( 'NONE', #4920 ) ;
#3467 = DIRECTION ( 'NONE',  ( -0.9396926207859092051, 0.0000000000000000000, 0.3420201433256665480 ) ) ;
#3468 = FACE_OUTER_BOUND ( 'NONE', #5198, .T. ) ;
#3469 = FACE_OUTER_BOUND ( 'NONE', #3235, .T. ) ;
#3470 = DIRECTION ( 'NONE',  ( 1.000000000000000000, 0.0000000000000000000, 0.0000000000000000000 ) ) ;
#3471 = ORIENTED_EDGE ( 'NONE', *, *, #1596, .T. ) ;
#3472 = ORIENTED_EDGE ( 'NONE', *, *, #222, .T. ) ;
#3473 = ORIENTED_EDGE ( 'NONE', *, *, #1552, .T. ) ;
#3474 = ADVANCED_FACE ( 'NONE', ( #3652 ), #5363, .F. ) ;
#3475 = FACE_OUTER_BOUND ( 'NONE', #1540, .T. ) ;
#3476 = CARTESIAN_POINT ( 'NONE',  ( 0.1816684688103074319, -0.1100000000000000006, -0.1842499999999996085 ) ) ;
#3477 = DIRECTION ( 'NONE',  ( -0.0000000000000000000, 1.000000000000000000, -0.0000000000000000000 ) ) ;
#3478 = VERTEX_POINT ( 'NONE', #1931 ) ;
#3479 = DIRECTION ( 'NONE',  ( -1.000000000000000000, -0.0000000000000000000, -0.0000000000000000000 ) ) ;
#3480 = VERTEX_POINT ( 'NONE', #3211 ) ;
#3481 = CARTESIAN_POINT ( 'NONE',  ( -0.01203253118969264436, 0.0000000000000000000, -0.01574999999999999664 ) ) ;
#3482 = CARTESIAN_POINT ( 'NONE',  ( 0.6999990000000000379, 0.0000000000000000000, 0.0000000000000000000 ) ) ;
#3483 = EDGE_CURVE ( 'NONE', #1533, #5210, #2013, .T. ) ;
#3484 = CARTESIAN_POINT ( 'NONE',  ( 0.1942664688103074300, -0.1100000000000000006, -0.01574999999999998623 ) ) ;
#3485 = ORIENTED_EDGE ( 'NONE', *, *, #5394, .F. ) ;
#3486 = DIRECTION ( 'NONE',  ( -0.0000000000000000000, 1.000000000000000000, -0.0000000000000000000 ) ) ;
#3487 = DIRECTION ( 'NONE',  ( -0.0000000000000000000, 1.000000000000000000, -0.0000000000000000000 ) ) ;
#3488 = VERTEX_POINT ( 'NONE', #2045 ) ;
#3489 = VERTEX_POINT ( 'NONE', #1092 ) ;
#3490 = PLANE ( 'NONE',  #3450 ) ;
#3491 = ADVANCED_FACE ( 'NONE', ( #203 ), #2376, .F. ) ;
#3492 = LINE ( 'NONE', #1855, #4971 ) ;
#3493 = FACE_OUTER_BOUND ( 'NONE', #3675, .T. ) ;
#3494 = CARTESIAN_POINT ( 'NONE',  ( 0.4816684688103073930, -0.1100000000000000006, -0.01574999999999998623 ) ) ;
#3495 = ORIENTED_EDGE ( 'NONE', *, *, #4668, .T. ) ;
#3496 = ORIENTED_EDGE ( 'NONE', *, *, #731, .F. ) ;
#3497 = EDGE_LOOP ( 'NONE', ( #2689, #3056, #260, #481 ) ) ;
#3498 = EDGE_CURVE ( 'NONE', #2044, #3323, #261, .T. ) ;
#3499 = DIRECTION ( 'NONE',  ( 1.000000000000000000, 0.0000000000000000000, -0.0000000000000000000 ) ) ;
#3500 = DIRECTION ( 'NONE',  ( 0.3420201433256633283, 0.0000000000000000000, -0.9396926207859103153 ) ) ;
#3501 = CARTESIAN_POINT ( 'NONE',  ( 0.03796746881030720056, 1.224646799147263287E-20, -0.08740000000000051894 ) ) ;
#3502 = ORIENTED_EDGE ( 'NONE', *, *, #2739, .F. ) ;
#3503 = CARTESIAN_POINT ( 'NONE',  ( 0.7759349376206150506, -0.1100000000000000006, -0.2000000000000000111 ) ) ;
#3504 = ADVANCED_FACE ( 'NONE', ( #3185 ), #4545, .F. ) ;
#3505 = CARTESIAN_POINT ( 'NONE',  ( 0.7759349376206150506, -0.1100000000000000006, -0.2000000000000000111 ) ) ;
#3506 = ORIENTED_EDGE ( 'NONE', *, *, #2173, .T. ) ;
#3507 = PLANE ( 'NONE',  #2201 ) ;
#3508 = CARTESIAN_POINT ( 'NONE',  ( 0.7879674688103074365, -0.1100000000000000006, -0.01575000000000000705 ) ) ;
#3509 = CARTESIAN_POINT ( 'NONE',  ( 0.2816684688103074374, -0.1100000000000000006, -0.01574999999999998623 ) ) ;
#3510 = ORIENTED_EDGE ( 'NONE', *, *, #4227, .T. ) ;
#3511 = FACE_BOUND ( 'NONE', #165, .T. ) ;
#3512 = EDGE_CURVE ( 'NONE', #4338, #5169, #2452, .T. ) ;
#3513 = CARTESIAN_POINT ( 'NONE',  ( 0.1942664688103074300, 0.0000000000000000000, -0.01574999999999999664 ) ) ;
#3514 = ORIENTED_EDGE ( 'NONE', *, *, #5021, .F. ) ;
#3515 = VERTEX_POINT ( 'NONE', #3628 ) ;
#3516 = CARTESIAN_POINT ( 'NONE',  ( 0.1379674688103071922, 0.0000000000000000000, -0.01259999999999946926 ) ) ;
#3517 = VECTOR ( 'NONE', #3554, 39.37007874015748143 ) ;
#3518 = CARTESIAN_POINT ( 'NONE',  ( 0.1379674688103071922, -0.1100000000000000006, -0.1499999999999999944 ) ) ;
#3519 = AXIS2_PLACEMENT_3D ( 'NONE', #3677, #5443, #1093 ) ;
#3520 = CARTESIAN_POINT ( 'NONE',  ( 0.7379674688103072810, 0.0000000000000000000, -0.04999999999999999584 ) ) ;
#3521 = CARTESIAN_POINT ( 'NONE',  ( 0.6379674688103071922, 0.0000000000000000000, -0.04999999999999999584 ) ) ;
#3522 = ORIENTED_EDGE ( 'NONE', *, *, #1819, .T. ) ;
#3523 = ORIENTED_EDGE ( 'NONE', *, *, #4481, .T. ) ;
#3524 = EDGE_CURVE ( 'NONE', #5220, #5213, #5245, .T. ) ;
#3525 = ORIENTED_EDGE ( 'NONE', *, *, #2279, .T. ) ;
#3526 = VECTOR ( 'NONE', #1573, 39.37007874015748143 ) ;
#3527 = DIRECTION ( 'NONE',  ( -1.000000000000000000, 0.0000000000000000000, 4.840987058537324418E-16 ) ) ;
#3528 = LINE ( 'NONE', #194, #59 ) ;
#3529 = DIRECTION ( 'NONE',  ( -1.000000000000000000, -0.0000000000000000000, -0.0000000000000000000 ) ) ;
#3530 = CIRCLE ( 'NONE', #4346, 0.03740000000000053004 ) ;
#3531 = AXIS2_PLACEMENT_3D ( 'NONE', #2450, #2374, #201 ) ;
#3532 = EDGE_CURVE ( 'NONE', #3488, #2193, #843, .T. ) ;
#3533 = ORIENTED_EDGE ( 'NONE', *, *, #4743, .F. ) ;
#3534 = CIRCLE ( 'NONE', #4160, 0.02874000000000052554 ) ;
#3535 = AXIS2_PLACEMENT_3D ( 'NONE', #4360, #2172, #3412 ) ;
#3536 = MECHANICAL_DESIGN_GEOMETRIC_PRESENTATION_REPRESENTATION (  '', ( #5262 ), #1395 ) ;
#3537 = EDGE_CURVE ( 'NONE', #1372, #4129, #5070, .T. ) ;
#3538 = FACE_OUTER_BOUND ( 'NONE', #567, .T. ) ;
#3539 = DIRECTION ( 'NONE',  ( -4.840987058537324418E-16, 0.0000000000000000000, -1.000000000000000000 ) ) ;
#3540 = VECTOR ( 'NONE', #844, 39.37007874015748143 ) ;
#3541 = CIRCLE ( 'NONE', #1141, 0.02874000000000051860 ) ;
#3542 = FACE_OUTER_BOUND ( 'NONE', #2932, .T. ) ;
#3543 = CIRCLE ( 'NONE', #5271, 0.03740000000000053004 ) ;
#3544 = EDGE_CURVE ( 'NONE', #1519, #3296, #282, .T. ) ;
#3545 = LINE ( 'NONE', #2295, #3440 ) ;
#3546 = ORIENTED_EDGE ( 'NONE', *, *, #1338, .F. ) ;
#3547 = CARTESIAN_POINT ( 'NONE',  ( 0.4379674688103072366, 1.224646799147263287E-20, -0.01259999999999946926 ) ) ;
#3548 = CARTESIAN_POINT ( 'NONE',  ( 0.7759349376206150506, -0.1100000000000000006, -0.2000000000000000111 ) ) ;
#3549 = VERTEX_POINT ( 'NONE', #2405 ) ;
#3550 = AXIS2_PLACEMENT_3D ( 'NONE', #5496, #2541, #2515 ) ;
#3551 = EDGE_LOOP ( 'NONE', ( #1188, #3735, #1845, #2583 ) ) ;
#3552 = AXIS2_PLACEMENT_3D ( 'NONE', #5276, #1811, #1901 ) ;
#3553 = DIRECTION ( 'NONE',  ( 1.000000000000000000, 0.0000000000000000000, 0.0000000000000000000 ) ) ;
#3554 = DIRECTION ( 'NONE',  ( -0.3420201433256694346, -0.0000000000000000000, -0.9396926207859080948 ) ) ;
#3555 = DIRECTION ( 'NONE',  ( 0.0000000000000000000, 0.0000000000000000000, 1.000000000000000000 ) ) ;
#3556 = CARTESIAN_POINT ( 'NONE',  ( 0.1650000000000000078, 0.0000000000000000000, 0.0000000000000000000 ) ) ;
#3557 = ORIENTED_EDGE ( 'NONE', *, *, #663, .F. ) ;
#3558 = EDGE_LOOP ( 'NONE', ( #3684, #4495, #3917, #2413 ) ) ;
#3559 = VERTEX_POINT ( 'NONE', #1984 ) ;
#3560 = DIRECTION ( 'NONE',  ( 0.0000000000000000000, -1.000000000000000000, 0.0000000000000000000 ) ) ;
#3561 = EDGE_CURVE ( 'NONE', #196, #1201, #4106, .T. ) ;
#3562 = DIRECTION ( 'NONE',  ( -0.0000000000000000000, 1.000000000000000000, -0.0000000000000000000 ) ) ;
#3563 = CARTESIAN_POINT ( 'NONE',  ( 0.5759359376206146797, -0.1100000000000000006, -0.1999999999999999833 ) ) ;
#3564 = DIRECTION ( 'NONE',  ( 0.0000000000000000000, 0.0000000000000000000, 1.000000000000000000 ) ) ;
#3565 = EDGE_LOOP ( 'NONE', ( #1764, #285, #1813, #5498 ) ) ;
#3566 = EDGE_CURVE ( 'NONE', #3025, #2020, #701, .T. ) ;
#3567 = CYLINDRICAL_SURFACE ( 'NONE', #3186, 0.03499999999999785227 ) ;
#3568 = DIRECTION ( 'NONE',  ( 0.9396926207859080948, 0.0000000000000000000, -0.3420201433256695456 ) ) ;
#3569 = DIRECTION ( 'NONE',  ( 0.0000000000000000000, -1.000000000000000000, 0.0000000000000000000 ) ) ;
#3570 = CARTESIAN_POINT ( 'NONE',  ( 0.5379674688103072144, -0.03520000000000000212, -0.04999999999999999584 ) ) ;
#3571 = CARTESIAN_POINT ( 'NONE',  ( 0.07593593762061463803, -0.1100000000000000006, -9.478001694819074349E-34 ) ) ;
#3572 = EDGE_LOOP ( 'NONE', ( #5106, #1888, #2313, #5228 ) ) ;
#3573 = LINE ( 'NONE', #2217, #3174 ) ;
#3574 = CARTESIAN_POINT ( 'NONE',  ( 0.7759349376206150506, 0.0000000000000000000, -0.2000000000000000111 ) ) ;
#3575 = EDGE_LOOP ( 'NONE', ( #1071, #1280 ) ) ;
#3576 = ORIENTED_EDGE ( 'NONE', *, *, #5160, .T. ) ;
#3577 = LINE ( 'NONE', #2330, #5083 ) ;
#3578 =( NAMED_UNIT ( * ) SI_UNIT ( $, .STERADIAN. ) SOLID_ANGLE_UNIT ( ) );
#3579 = DIRECTION ( 'NONE',  ( -1.000000000000000000, -0.0000000000000000000, -0.0000000000000000000 ) ) ;
#3580 = ORIENTED_EDGE ( 'NONE', *, *, #894, .F. ) ;
#3581 = ORIENTED_EDGE ( 'NONE', *, *, #1923, .T. ) ;
#3582 = EDGE_LOOP ( 'NONE', ( #1849, #2207 ) ) ;
#3583 =( REPRESENTATION_RELATIONSHIP ('NONE','NONE', #4944, #1631 ) REPRESENTATION_RELATIONSHIP_WITH_TRANSFORMATION ( #4037 )SHAPE_REPRESENTATION_RELATIONSHIP( ) );
#3584 = CARTESIAN_POINT ( 'NONE',  ( 0.5379674688103072144, -0.03520000000000000212, -0.04999999999999999584 ) ) ;
#3585 = CARTESIAN_POINT ( 'NONE',  ( 0.4816684688103075040, 0.0000000000000000000, -0.1842499999999996085 ) ) ;
#3586 = PRODUCT_CONTEXT ( 'NONE', #2835, 'mechanical' ) ;
#3587 = PLANE ( 'NONE',  #2745 ) ;
#3588 = CARTESIAN_POINT ( 'NONE',  ( 0.3379674688103072033, -0.03520000000000000212, -0.04999999999999999584 ) ) ;
#3589 = ORIENTED_EDGE ( 'NONE', *, *, #4137, .T. ) ;
#3590 = LINE ( 'NONE', #3251, #1305 ) ;
#3591 = EDGE_CURVE ( 'NONE', #4491, #2713, #2763, .T. ) ;
#3592 = FACE_BOUND ( 'NONE', #5469, .T. ) ;
#3593 = DIRECTION ( 'NONE',  ( 0.3420201433256665480, 0.0000000000000000000, 0.9396926207859092051 ) ) ;
#3594 = ORIENTED_EDGE ( 'NONE', *, *, #4035, .F. ) ;
#3595 = DIRECTION ( 'NONE',  ( 0.3420201433256664370, -0.0000000000000000000, 0.9396926207859092051 ) ) ;
#3596 = FACE_OUTER_BOUND ( 'NONE', #784, .T. ) ;
#3597 = ORIENTED_EDGE ( 'NONE', *, *, #324, .T. ) ;
#3598 = EDGE_CURVE ( 'NONE', #2453, #1787, #1927, .T. ) ;
#3599 = LINE ( 'NONE', #5333, #5267 ) ;
#3600 = DIRECTION ( 'NONE',  ( -0.0000000000000000000, 1.000000000000000000, -0.0000000000000000000 ) ) ;
#3601 = CARTESIAN_POINT ( 'NONE',  ( 0.6816684688103075151, 0.0000000000000000000, -0.01574999999999998623 ) ) ;
#3602 = ORIENTED_EDGE ( 'NONE', *, *, #4654, .F. ) ;
#3603 = ORIENTED_EDGE ( 'NONE', *, *, #5273, .T. ) ;
#3604 = ORIENTED_EDGE ( 'NONE', *, *, #1346, .T. ) ;
#3605 = DIRECTION ( 'NONE',  ( 1.000000000000000000, 0.0000000000000000000, -0.0000000000000000000 ) ) ;
#3606 = PRODUCT_DEFINITION ( 'UNKNOWN', '', #1579, #2444 ) ;
#3607 = PRODUCT_DEFINITION_SHAPE ( 'NONE', 'NONE',  #5550 ) ;
#3608 = CIRCLE ( 'NONE', #4334, 0.02874000000000052554 ) ;
#3609 = AXIS2_PLACEMENT_3D ( 'NONE', #1591, #3653, #5028 ) ;
#3610 = CARTESIAN_POINT ( 'NONE',  ( 0.7816674688103073532, 0.0000000000000000000, -0.01575000000000000705 ) ) ;
#3611 = CARTESIAN_POINT ( 'NONE',  ( 0.6942664688103074022, 0.0000000000000000000, -0.1842499999999996918 ) ) ;
#3612 = CARTESIAN_POINT ( 'NONE',  ( 0.6379674688103071922, 1.224646799147263287E-20, -0.08740000000000051894 ) ) ;
#3613 = ORIENTED_EDGE ( 'NONE', *, *, #535, .T. ) ;
#3614 = VECTOR ( 'NONE', #4154, 39.37007874015748143 ) ;
#3615 = VECTOR ( 'NONE', #2315, 39.37007874015748143 ) ;
#3616 = AXIS2_PLACEMENT_3D ( 'NONE', #4605, #3330, #4121 ) ;
#3617 = CIRCLE ( 'NONE', #3089, 0.02874000000000051860 ) ;
#3618 = DIRECTION ( 'NONE',  ( 1.000000000000000000, 0.0000000000000000000, -0.0000000000000000000 ) ) ;
#3619 = AXIS2_PLACEMENT_3D ( 'NONE', #4319, #3923, #3030 ) ;
#3620 = VECTOR ( 'NONE', #3299, 39.37007874015748854 ) ;
#3621 = DIRECTION ( 'NONE',  ( -0.0000000000000000000, 1.000000000000000000, -0.0000000000000000000 ) ) ;
#3622 = VECTOR ( 'NONE', #734, 39.37007874015748143 ) ;
#3623 = ADVANCED_FACE ( 'NONE', ( #1149 ), #2846, .T. ) ;
#3625 = EDGE_CURVE ( 'NONE', #3238, #1431, #3703, .T. ) ;
#3624 = CARTESIAN_POINT ( 'NONE',  ( 0.2816684688103074374, -0.1100000000000000006, -0.01574999999999998623 ) ) ;
#3626 = VECTOR ( 'NONE', #2841, 39.37007874015748143 ) ;
#3627 = ORIENTED_EDGE ( 'NONE', *, *, #3864, .T. ) ;
#3628 = CARTESIAN_POINT ( 'NONE',  ( 0.09999900000000011557, -0.1100000000000000006, -0.1999999999999999833 ) ) ;
#3629 = VECTOR ( 'NONE', #3966, 39.37007874015748143 ) ;
#3630 = DIRECTION ( 'NONE',  ( 0.0000000000000000000, 1.000000000000000000, 0.0000000000000000000 ) ) ;
#3631 = ORIENTED_EDGE ( 'NONE', *, *, #836, .T. ) ;
#3632 = CARTESIAN_POINT ( 'NONE',  ( 0.08166846881030742633, 0.0000000000000000000, -0.1842499999999996085 ) ) ;
#3633 = VECTOR ( 'NONE', #3529, 39.37007874015748143 ) ;
#3634 = AXIS2_PLACEMENT_3D ( 'NONE', #4593, #802, #4967 ) ;
#3635 = EDGE_CURVE ( 'NONE', #3715, #1533, #2930, .T. ) ;
#3636 = CARTESIAN_POINT ( 'NONE',  ( 0.1379674688103071922, -0.03520000000000000212, -0.04999999999999999584 ) ) ;
#3637 =( LENGTH_UNIT ( ) NAMED_UNIT ( * ) SI_UNIT ( $, .METRE. ) );
#3638 = DIRECTION ( 'NONE',  ( -0.0000000000000000000, 1.000000000000000000, -0.0000000000000000000 ) ) ;
#3639 = ORIENTED_EDGE ( 'NONE', *, *, #3050, .F. ) ;
#3640 = ORIENTED_EDGE ( 'NONE', *, *, #2976, .F. ) ;
#3641 = ORIENTED_EDGE ( 'NONE', *, *, #3138, .T. ) ;
#3642 = DIRECTION ( 'NONE',  ( -0.0000000000000000000, 1.000000000000000000, -0.0000000000000000000 ) ) ;
#3643 = DIRECTION ( 'NONE',  ( -0.0000000000000000000, 1.000000000000000000, -0.0000000000000000000 ) ) ;
#3644 = CARTESIAN_POINT ( 'NONE',  ( 0.6816684688103075151, -0.1100000000000000006, -0.1842499999999996085 ) ) ;
#3645 = DIRECTION ( 'NONE',  ( -0.0000000000000000000, 1.000000000000000000, -0.0000000000000000000 ) ) ;
#3646 = ORIENTED_EDGE ( 'NONE', *, *, #4125, .T. ) ;
#3647 = EDGE_CURVE ( 'NONE', #4131, #2153, #5158, .T. ) ;
#3648 = LINE ( 'NONE', #3696, #3626 ) ;
#3649 = CARTESIAN_POINT ( 'NONE',  ( 0.0000000000000000000, 4.286263797015472511E-18, -0.03499999999999785227 ) ) ;
#3650 = CARTESIAN_POINT ( 'NONE',  ( 0.1649999999999989253, 0.0000000000000000000, 0.01849999999999981520 ) ) ;
#3651 = ORIENTED_EDGE ( 'NONE', *, *, #4987, .F. ) ;
#3652 = FACE_OUTER_BOUND ( 'NONE', #2111, .T. ) ;
#3653 = DIRECTION ( 'NONE',  ( -0.0000000000000000000, 1.000000000000000000, -0.0000000000000000000 ) ) ;
#3654 = EDGE_LOOP ( 'NONE', ( #214, #2062, #676, #5522 ) ) ;
#3655 = CARTESIAN_POINT ( 'NONE',  ( 0.2999990000000001267, 0.0000000000000000000, 0.0000000000000000000 ) ) ;
#3656 = EDGE_CURVE ( 'NONE', #3025, #1790, #2483, .T. ) ;
#3657 = LINE ( 'NONE', #726, #3075 ) ;
#3658 = SURFACE_SIDE_STYLE ('',( #4434 ) ) ;
#3659 = DIRECTION ( 'NONE',  ( 0.0000000000000000000, 0.0000000000000000000, 1.000000000000000000 ) ) ;
#3660 = ORIENTED_EDGE ( 'NONE', *, *, #738, .F. ) ;
#3661 = ORIENTED_EDGE ( 'NONE', *, *, #3087, .T. ) ;
#3662 = EDGE_LOOP ( 'NONE', ( #3597, #3965, #2888, #5282 ) ) ;
#3663 = CARTESIAN_POINT ( 'NONE',  ( 0.1379674688103071922, -0.03520000000000000212, -0.1499999999999999944 ) ) ;
#3664 = ADVANCED_FACE ( 'NONE', ( #775 ), #2980, .F. ) ;
#3665 = DIRECTION ( 'NONE',  ( -1.000000000000000000, -0.0000000000000000000, -0.0000000000000000000 ) ) ;
#3666 = CARTESIAN_POINT ( 'NONE',  ( 0.1816684688103074041, -0.1100000000000000006, -0.01574999999999998623 ) ) ;
#3667 = CARTESIAN_POINT ( 'NONE',  ( 0.4379674688103072366, -0.03520000000000000212, -0.1787400000000005096 ) ) ;
#3668 = CARTESIAN_POINT ( 'NONE',  ( 0.06099999999999970723, 0.02800000000000000405, 0.0000000000000000000 ) ) ;
#3669 = UNCERTAINTY_MEASURE_WITH_UNIT (LENGTH_MEASURE( 1.000000000000000082E-05 ), #246, 'distance_accuracy_value', 'NONE');
#3670 = EDGE_LOOP ( 'NONE', ( #4438, #1099, #2160, #4946 ) ) ;
#3671 = EDGE_CURVE ( 'NONE', #4665, #5483, #5104, .T. ) ;
#3672 = AXIS2_PLACEMENT_3D ( 'NONE', #1052, #4060, #4034 ) ;
#3673 = CARTESIAN_POINT ( 'NONE',  ( 0.2942664688103074355, 0.0000000000000000000, -0.01574999999999999664 ) ) ;
#3674 = DIRECTION ( 'NONE',  ( -0.0000000000000000000, 1.000000000000000000, -0.0000000000000000000 ) ) ;
#3675 = EDGE_LOOP ( 'NONE', ( #4256, #181, #1288, #3462 ) ) ;
#3676 = DIRECTION ( 'NONE',  ( -0.0000000000000000000, 1.000000000000000000, -0.0000000000000000000 ) ) ;
#3677 = CARTESIAN_POINT ( 'NONE',  ( 0.03796746881030719362, 0.0000000000000000000, -0.1499999999999999944 ) ) ;
#3678 = ORIENTED_EDGE ( 'NONE', *, *, #1641, .T. ) ;
#3679 = LINE ( 'NONE', #286, #2830 ) ;
#3680 =( REPRESENTATION_RELATIONSHIP ('NONE','NONE', #4944, #1631 ) REPRESENTATION_RELATIONSHIP_WITH_TRANSFORMATION ( #3277 )SHAPE_REPRESENTATION_RELATIONSHIP( ) );
#3681 = CYLINDRICAL_SURFACE ( 'NONE', #669, 0.03740000000000053004 ) ;
#3682 = DIRECTION ( 'NONE',  ( 0.0000000000000000000, -1.000000000000000000, 0.0000000000000000000 ) ) ;
#3683 = ORIENTED_EDGE ( 'NONE', *, *, #2723, .F. ) ;
#3684 = ORIENTED_EDGE ( 'NONE', *, *, #3027, .F. ) ;
#3685 = ORIENTED_EDGE ( 'NONE', *, *, #2063, .F. ) ;
#3686 = CARTESIAN_POINT ( 'NONE',  ( 0.7759349376206150506, -0.1100000000000000006, -0.2000000000000000111 ) ) ;
#3687 = TOROIDAL_SURFACE ( 'NONE', #4789, 0.01699999999999820752, 0.006999999999998859565 ) ;
#3688 = DIRECTION ( 'NONE',  ( -0.0000000000000000000, 1.000000000000000000, -0.0000000000000000000 ) ) ;
#3689 = CARTESIAN_POINT ( 'NONE',  ( 0.6759359376206146575, -0.1100000000000000006, -0.1999999999999999833 ) ) ;
#3690 = ADVANCED_FACE ( 'NONE', ( #3369 ), #5076, .F. ) ;
#3691 = DIRECTION ( 'NONE',  ( -0.0000000000000000000, 1.000000000000000000, -0.0000000000000000000 ) ) ;
#3692 = LINE ( 'NONE', #735, #763 ) ;
#3693 = ORIENTED_EDGE ( 'NONE', *, *, #2874, .F. ) ;
#3694 = VECTOR ( 'NONE', #4969, 39.37007874015748143 ) ;
#3695 = EDGE_CURVE ( 'NONE', #2254, #1091, #2530, .T. ) ;
#3696 = CARTESIAN_POINT ( 'NONE',  ( 0.1379674688103071922, 0.0000000000000000000, -0.1125999999999994644 ) ) ;
#3697 = VECTOR ( 'NONE', #4857, 39.37007874015748143 ) ;
#3698 = CIRCLE ( 'NONE', #3175, 0.02874000000000051860 ) ;
#3699 = AXIS2_PLACEMENT_3D ( 'NONE', #1960, #3259, #5000 ) ;
#3700 = VECTOR ( 'NONE', #1864, 39.37007874015748143 ) ;
#3701 = CARTESIAN_POINT ( 'NONE',  ( 0.2379674688103072255, 1.224646799147263287E-20, -0.1874000000000005384 ) ) ;
#3702 = ORIENTED_EDGE ( 'NONE', *, *, #1521, .F. ) ;
#3703 = LINE ( 'NONE', #1589, #4807 ) ;
#3704 = CIRCLE ( 'NONE', #1298, 0.009999999999999073866 ) ;
#3705 = ORIENTED_EDGE ( 'NONE', *, *, #3207, .F. ) ;
#3706 = CARTESIAN_POINT ( 'NONE',  ( 0.3379674688103072033, 1.224646799147263287E-20, -0.01259999999999946926 ) ) ;
#3707 = ORIENTED_EDGE ( 'NONE', *, *, #4793, .T. ) ;
#3708 = VECTOR ( 'NONE', #1781, 39.37007874015748143 ) ;
#3709 = LINE ( 'NONE', #2431, #4914 ) ;
#3710 = VECTOR ( 'NONE', #4235, 39.37007874015748143 ) ;
#3711 = VECTOR ( 'NONE', #1293, 39.37007874015748143 ) ;
#3712 = CARTESIAN_POINT ( 'NONE',  ( 0.1999990000000001211, 0.0000000000000000000, -0.1999999999999999833 ) ) ;
#3713 = AXIS2_PLACEMENT_3D ( 'NONE', #3980, #5316, #1057 ) ;
#3714 = DIRECTION ( 'NONE',  ( 1.000000000000000000, 0.0000000000000000000, 0.0000000000000000000 ) ) ;
#3715 = VERTEX_POINT ( 'NONE', #1700 ) ;
#3716 = VERTEX_POINT ( 'NONE', #364 ) ;
#3717 = VERTEX_POINT ( 'NONE', #6 ) ;
#3718 = CIRCLE ( 'NONE', #4457, 0.02874000000000052554 ) ;
#3719 = VECTOR ( 'NONE', #2457, 39.37007874015748143 ) ;
#3720 = CARTESIAN_POINT ( 'NONE',  ( 0.3379674688103072033, -0.03520000000000000212, -0.04999999999999999584 ) ) ;
#3721 = CIRCLE ( 'NONE', #5360, 0.03740000000000053004 ) ;
#3722 = LINE ( 'NONE', #1759, #4343 ) ;
#3723 = ITEM_DEFINED_TRANSFORMATION ( 'NONE', 'NONE', #1139,  #1046 ) ;
#3724 = DIRECTION ( 'NONE',  ( -0.3420201433256720991, 0.0000000000000000000, 0.9396926207859070956 ) ) ;
#3725 = DIRECTION ( 'NONE',  ( -0.0000000000000000000, 1.000000000000000000, -0.0000000000000000000 ) ) ;
#3726 = CARTESIAN_POINT ( 'NONE',  ( 0.5379674688103072144, 1.224646799147263287E-20, -0.1874000000000005384 ) ) ;
#3727 = PRODUCT_DEFINITION_CONTEXT ( 'detailed design', #4387, 'design' ) ;
#3728 = ORIENTED_EDGE ( 'NONE', *, *, #3452, .F. ) ;
#3729 = ADVANCED_FACE ( 'NONE', ( #3394 ), #4703, .F. ) ;
#3730 = ADVANCED_FACE ( 'NONE', ( #3780 ), #2591, .F. ) ;
#3731 = EDGE_CURVE ( 'NONE', #5234, #19, #5466, .T. ) ;
#3732 = CARTESIAN_POINT ( 'NONE',  ( 0.3942664688103074133, -0.1100000000000000006, -0.01574999999999998623 ) ) ;
#3733 = EDGE_CURVE ( 'NONE', #2169, #1406, #4242, .T. ) ;
#3734 = FACE_BOUND ( 'NONE', #2482, .T. ) ;
#3735 = ORIENTED_EDGE ( 'NONE', *, *, #5032, .F. ) ;
#3736 = LINE ( 'NONE', #2568, #2725 ) ;
#3737 = ORIENTED_EDGE ( 'NONE', *, *, #3010, .F. ) ;
#3738 = DIRECTION ( 'NONE',  ( -0.0000000000000000000, 1.000000000000000000, -0.0000000000000000000 ) ) ;
#3739 = ORIENTED_EDGE ( 'NONE', *, *, #5419, .T. ) ;
#3740 = CARTESIAN_POINT ( 'NONE',  ( 0.2816684688103074374, -0.1100000000000000006, -0.1842499999999996085 ) ) ;
#3741 = DIMENSIONAL_EXPONENTS ( 1.000000000000000000, 0.0000000000000000000, 0.0000000000000000000, 0.0000000000000000000, 0.0000000000000000000, 0.0000000000000000000, 0.0000000000000000000 ) ;
#3742 = CARTESIAN_POINT ( 'NONE',  ( 0.7759349376206150506, -0.1100000000000000006, -0.2000000000000000111 ) ) ;
#3743 = CARTESIAN_POINT ( 'NONE',  ( 0.1379674688103071922, 0.0000000000000000000, -0.04999999999999999584 ) ) ;
#3744 = EDGE_LOOP ( 'NONE', ( #1263, #4775, #4972, #4505 ) ) ;
#3745 = ORIENTED_EDGE ( 'NONE', *, *, #2065, .F. ) ;
#3746 = CARTESIAN_POINT ( 'NONE',  ( 0.5999990000000001711, -0.1100000000000000006, 0.0000000000000000000 ) ) ;
#3747 = DIRECTION ( 'NONE',  ( -0.3420201433256694346, -0.0000000000000000000, -0.9396926207859080948 ) ) ;
#3748 = CARTESIAN_POINT ( 'NONE',  ( 0.03796746881030720056, -0.03520000000000000212, -0.1787400000000005096 ) ) ;
#3749 = LINE ( 'NONE', #4582, #597 ) ;
#3750 = FACE_OUTER_BOUND ( 'NONE', #4168, .T. ) ;
#3751 = ORIENTED_EDGE ( 'NONE', *, *, #4248, .F. ) ;
#3752 = DIRECTION ( 'NONE',  ( -0.9396926207859072067, 0.0000000000000000000, -0.3420201433256721546 ) ) ;
#3753 = EDGE_CURVE ( 'NONE', #913, #4416, #3736, .T. ) ;
#3754 = CARTESIAN_POINT ( 'NONE',  ( 0.4379674688103072366, 0.0000000000000000000, -0.1499999999999999944 ) ) ;
#3755 = ORIENTED_EDGE ( 'NONE', *, *, #3853, .F. ) ;
#3756 = DIRECTION ( 'NONE',  ( 1.000000000000000000, 0.0000000000000000000, 0.0000000000000000000 ) ) ;
#3757 = EDGE_CURVE ( 'NONE', #2175, #1214, #1723, .T. ) ;
#3758 = DIRECTION ( 'NONE',  ( 0.0000000000000000000, 1.000000000000000000, 0.0000000000000000000 ) ) ;
#3759 = EDGE_LOOP ( 'NONE', ( #2551, #5406, #1490, #543 ) ) ;
#3760 = DIRECTION ( 'NONE',  ( 0.0000000000000000000, 0.0000000000000000000, 1.000000000000000000 ) ) ;
#3761 = SHAPE_REPRESENTATION ( 'P4XX-21-010-00-000000_P416-21-010-00-000000', ( #1046 ), #3893 ) ;
#3762 = SURFACE_STYLE_FILL_AREA ( #10 ) ;
#3763 = EDGE_CURVE ( 'NONE', #1787, #2682, #3816, .T. ) ;
#3764 = CARTESIAN_POINT ( 'NONE',  ( 0.2379674688103072255, 0.0000000000000000000, -0.1499999999999999944 ) ) ;
#3765 = DIRECTION ( 'NONE',  ( -1.000000000000000000, -0.0000000000000000000, -0.0000000000000000000 ) ) ;
#3766 = EDGE_LOOP ( 'NONE', ( #1860, #3833, #3594, #4136 ) ) ;
#3767 = EDGE_LOOP ( 'NONE', ( #4963, #2803 ) ) ;
#3768 = CARTESIAN_POINT ( 'NONE',  ( 0.6379674688103071922, -0.1100000000000000006, -0.07874000000000051791 ) ) ;
#3769 = EDGE_CURVE ( 'NONE', #4652, #1231, #2154, .T. ) ;
#3770 = DIRECTION ( 'NONE',  ( 0.0000000000000000000, 0.0000000000000000000, 1.000000000000000000 ) ) ;
#3771 = CARTESIAN_POINT ( 'NONE',  ( 0.3667074688103076907, -0.03520000000000000212, -0.04999999999999999584 ) ) ;
#3772 = DIRECTION ( 'NONE',  ( -0.0000000000000000000, 1.000000000000000000, -0.0000000000000000000 ) ) ;
#3773 = CYLINDRICAL_SURFACE ( 'NONE', #3616, 0.03740000000000053004 ) ;
#3774 = ORIENTED_EDGE ( 'NONE', *, *, #3944, .T. ) ;
#3775 = ORIENTED_EDGE ( 'NONE', *, *, #3976, .F. ) ;
#3776 = LINE ( 'NONE', #5125, #4079 ) ;
#3777 = AXIS2_PLACEMENT_3D ( 'NONE', #4292, #3433, #1285 ) ;
#3778 = CARTESIAN_POINT ( 'NONE',  ( 0.03796746881030719362, 1.224646799147263287E-20, -0.01259999999999946926 ) ) ;
#3779 = ORIENTED_EDGE ( 'NONE', *, *, #2676, .T. ) ;
#3780 = FACE_OUTER_BOUND ( 'NONE', #3963, .T. ) ;
#3781 = DIRECTION ( 'NONE',  ( 5.421193827719211569E-15, 0.0000000000000000000, 1.000000000000000000 ) ) ;
#3782 = ORIENTED_EDGE ( 'NONE', *, *, #694, .F. ) ;
#3783 = CIRCLE ( 'NONE', #1834, 0.03740000000000053004 ) ;
#3784 = AXIS2_PLACEMENT_3D ( 'NONE', #1496, #608, #4036 ) ;
#3785 = DIRECTION ( 'NONE',  ( -0.3420201433256694346, -0.0000000000000000000, -0.9396926207859080948 ) ) ;
#3786 = ADVANCED_FACE ( 'NONE', ( #5049 ), #884, .F. ) ;
#3787 = EDGE_CURVE ( 'NONE', #291, #4619, #1636, .T. ) ;
#3788 = VECTOR ( 'NONE', #5238, 39.37007874015748143 ) ;
#3789 = CARTESIAN_POINT ( 'NONE',  ( 0.1816684688103074319, 0.0000000000000000000, -0.1842499999999996085 ) ) ;
#3790 = ADVANCED_FACE ( 'NONE', ( #5274 ), #3991, .F. ) ;
#3791 = VECTOR ( 'NONE', #1669, 39.37007874015748143 ) ;
#3792 = SHAPE_REPRESENTATION_RELATIONSHIP ( 'NONE' , 'NONE' ,  #1631, #1608 ) ;
#3793 = CARTESIAN_POINT ( 'NONE',  ( 0.08166846881030738470, 0.0000000000000000000, -0.01574999999999998623 ) ) ;
#3794 = VERTEX_POINT ( 'NONE', #1418 ) ;
#3795 = AXIS2_PLACEMENT_3D ( 'NONE', #80, #1795, #1403 ) ;
#3796 = ORIENTED_EDGE ( 'NONE', *, *, #3282, .F. ) ;
#3797 = FACE_OUTER_BOUND ( 'NONE', #5311, .T. ) ;
#3798 = VECTOR ( 'NONE', #906, 39.37007874015748143 ) ;
#3799 = AXIS2_PLACEMENT_3D ( 'NONE', #3111, #3074, #1319 ) ;
#3800 = EDGE_CURVE ( 'NONE', #2626, #5036, #1810, .T. ) ;
#3801 = DIRECTION ( 'NONE',  ( 0.0000000000000000000, -1.000000000000000000, 0.0000000000000000000 ) ) ;
#3802 = DIRECTION ( 'NONE',  ( 0.0000000000000000000, -0.0000000000000000000, -1.000000000000000000 ) ) ;
#3803 = AXIS2_PLACEMENT_3D ( 'NONE', #1440, #3020, #2572 ) ;
#3804 = CARTESIAN_POINT ( 'NONE',  ( 0.1942664688103074300, -0.1100000000000000006, -0.01574999999999998623 ) ) ;
#3805 = ORIENTED_EDGE ( 'NONE', *, *, #2977, .F. ) ;
#3806 = EDGE_LOOP ( 'NONE', ( #3546, #943, #1959, #5532 ) ) ;
#3807 = CIRCLE ( 'NONE', #405, 0.02649999999999929495 ) ;
#3808 = VERTEX_POINT ( 'NONE', #1838 ) ;
#3809 = AXIS2_PLACEMENT_3D ( 'NONE', #1803, #3477, #3121 ) ;
#3810 = FACE_OUTER_BOUND ( 'NONE', #972, .T. ) ;
#3811 = DIRECTION ( 'NONE',  ( -1.000000000000000000, 0.0000000000000000000, 0.0000000000000000000 ) ) ;
#3812 = AXIS2_PLACEMENT_3D ( 'NONE', #5086, #2598, #2159 ) ;
#3813 = VECTOR ( 'NONE', #3958, 39.37007874015748854 ) ;
#3814 = CARTESIAN_POINT ( 'NONE',  ( 0.7379674688103072810, -0.03520000000000000212, -0.1212599999999994932 ) ) ;
#3815 = ORIENTED_EDGE ( 'NONE', *, *, #3498, .T. ) ;
#3816 = LINE ( 'NONE', #4281, #2901 ) ;
#3817 = DIRECTION ( 'NONE',  ( -0.0000000000000000000, 1.000000000000000000, -0.0000000000000000000 ) ) ;
#3818 = VERTEX_POINT ( 'NONE', #3481 ) ;
#3819 = DIRECTION ( 'NONE',  ( -1.000000000000000000, -0.0000000000000000000, -0.0000000000000000000 ) ) ;
#3820 = CARTESIAN_POINT ( 'NONE',  ( 0.6942664688103074022, -0.1100000000000000006, -0.1842499999999996918 ) ) ;
#3821 =( NAMED_UNIT ( * ) SI_UNIT ( $, .STERADIAN. ) SOLID_ANGLE_UNIT ( ) );
#3822 = CARTESIAN_POINT ( 'NONE',  ( 0.4379674688103072366, 0.0000000000000000000, -0.04999999999999999584 ) ) ;
#3823 = ADVANCED_FACE ( 'NONE', ( #1873 ), #3507, .T. ) ;
#3824 = CARTESIAN_POINT ( 'NONE',  ( 0.4379674688103072366, 1.224646799147263287E-20, -0.08740000000000051894 ) ) ;
#3825 = EDGE_LOOP ( 'NONE', ( #5373, #4660 ) ) ;
#3826 = ADVANCED_FACE ( 'NONE', ( #5214, #2675 ), #4878, .F. ) ;
#3827 = EDGE_LOOP ( 'NONE', ( #5449, #855, #965, #4095 ) ) ;
#3828 = CARTESIAN_POINT ( 'NONE',  ( 0.3379674688103072033, -0.1100000000000000006, -0.1787400000000005096 ) ) ;
#3829 = CARTESIAN_POINT ( 'NONE',  ( 0.0000000000000000000, -0.1100000000000000006, 0.0000000000000000000 ) ) ;
#3830 = CARTESIAN_POINT ( 'NONE',  ( 0.09426646881030741054, 0.0000000000000000000, -0.1842499999999996918 ) ) ;
#3831 = DIRECTION ( 'NONE',  ( 1.000000000000000000, 0.0000000000000000000, 0.0000000000000000000 ) ) ;
#3832 = ORIENTED_EDGE ( 'NONE', *, *, #659, .T. ) ;
#3833 = ORIENTED_EDGE ( 'NONE', *, *, #3731, .F. ) ;
#3834 = ADVANCED_FACE ( 'NONE', ( #32 ), #2729, .F. ) ;
#3835 = ORIENTED_EDGE ( 'NONE', *, *, #4968, .T. ) ;
#3836 = VECTOR ( 'NONE', #1127, 39.37007874015748143 ) ;
#3837 = DIRECTION ( 'NONE',  ( -1.000000000000000000, 0.0000000000000000000, -0.0000000000000000000 ) ) ;
#3838 = LINE ( 'NONE', #2611, #2651 ) ;
#3839 = CARTESIAN_POINT ( 'NONE',  ( 0.2379674688103072255, -0.1100000000000000006, -0.1212599999999994932 ) ) ;
#3840 = EDGE_CURVE ( 'NONE', #292, #2849, #2178, .T. ) ;
#3841 = ORIENTED_EDGE ( 'NONE', *, *, #1971, .F. ) ;
#3842 = LINE ( 'NONE', #1271, #2903 ) ;
#3843 = ORIENTED_EDGE ( 'NONE', *, *, #1971, .T. ) ;
#3844 = DIRECTION ( 'NONE',  ( -1.000000000000000000, 0.0000000000000000000, -0.0000000000000000000 ) ) ;
#3845 = ORIENTED_EDGE ( 'NONE', *, *, #4939, .T. ) ;
#3846 = CARTESIAN_POINT ( 'NONE',  ( 0.2379674688103072255, -0.03520000000000000212, -0.08740000000000051894 ) ) ;
#3847 = DIRECTION ( 'NONE',  ( 0.0000000000000000000, 0.0000000000000000000, 1.000000000000000000 ) ) ;
#3848 = PLANE ( 'NONE',  #485 ) ;
#3849 = DIRECTION ( 'NONE',  ( -0.0000000000000000000, 1.000000000000000000, -0.0000000000000000000 ) ) ;
#3850 = ORIENTED_EDGE ( 'NONE', *, *, #3138, .F. ) ;
#3851 = VERTEX_POINT ( 'NONE', #4792 ) ;
#3852 = CARTESIAN_POINT ( 'NONE',  ( 0.6759359376206146575, -0.1100000000000000006, -9.478001694819074349E-34 ) ) ;
#3853 = EDGE_CURVE ( 'NONE', #1156, #3549, #68, .T. ) ;
#3854 = FACE_BOUND ( 'NONE', #3949, .T. ) ;
#3855 = CARTESIAN_POINT ( 'NONE',  ( 0.03796746881030719362, 0.0000000000000000000, -0.1499999999999999944 ) ) ;
#3856 = DIRECTION ( 'NONE',  ( 1.000000000000000000, 0.0000000000000000000, -5.421193827719211569E-15 ) ) ;
#3857 = ORIENTED_EDGE ( 'NONE', *, *, #3312, .T. ) ;
#3858 = EDGE_LOOP ( 'NONE', ( #2543, #2089, #1986, #4740 ) ) ;
#3859 = ORIENTED_EDGE ( 'NONE', *, *, #3901, .T. ) ;
#3860 = ADVANCED_FACE ( 'NONE', ( #944 ), #3935, .F. ) ;
#3861 = PLANE ( 'NONE',  #3094 ) ;
#3862 = LINE ( 'NONE', #4670, #3266 ) ;
#3863 = CARTESIAN_POINT ( 'NONE',  ( 0.5379674688103072144, 0.0000000000000000000, -0.1874000000000005384 ) ) ;
#3864 = EDGE_CURVE ( 'NONE', #4338, #1155, #586, .T. ) ;
#3865 = VERTEX_POINT ( 'NONE', #3098 ) ;
#3866 = EDGE_CURVE ( 'NONE', #4158, #913, #3957, .T. ) ;
#3867 = DIRECTION ( 'NONE',  ( -1.000000000000000000, -0.0000000000000000000, -0.0000000000000000000 ) ) ;
#3868 = ORIENTED_EDGE ( 'NONE', *, *, #1562, .T. ) ;
#3869 = CARTESIAN_POINT ( 'NONE',  ( -0.005732531189692642581, -0.1100000000000000006, -0.01574999999999999664 ) ) ;
#3870 = ORIENTED_EDGE ( 'NONE', *, *, #5462, .F. ) ;
#3871 = CYLINDRICAL_SURFACE ( 'NONE', #5094, 0.03740000000000053698 ) ;
#3872 = VECTOR ( 'NONE', #2860, 39.37007874015748143 ) ;
#3873 = AXIS2_PLACEMENT_3D ( 'NONE', #1365, #3071, #4802 ) ;
#3874 = CARTESIAN_POINT ( 'NONE',  ( 0.7759349376206150506, 0.0000000000000000000, -0.2000000000000000111 ) ) ;
#3875 = CARTESIAN_POINT ( 'NONE',  ( 0.2379674688103072255, -0.1100000000000000006, -0.04999999999999999584 ) ) ;
#3876 = DIRECTION ( 'NONE',  ( 0.0000000000000000000, -0.0000000000000000000, -1.000000000000000000 ) ) ;
#3877 = VECTOR ( 'NONE', #3344, 39.37007874015748143 ) ;
#3878 = DIRECTION ( 'NONE',  ( 0.0000000000000000000, 0.0000000000000000000, 1.000000000000000000 ) ) ;
#3879 = ORIENTED_EDGE ( 'NONE', *, *, #110, .F. ) ;
#3880 = CIRCLE ( 'NONE', #3255, 0.02874000000000052554 ) ;
#3881 = ORIENTED_EDGE ( 'NONE', *, *, #702, .T. ) ;
#3882 = CARTESIAN_POINT ( 'NONE',  ( 0.7879674688103074365, -0.1100000000000000006, -0.1842499999999999416 ) ) ;
#3883 = CIRCLE ( 'NONE', #5161, 0.03740000000000053698 ) ;
#3884 = VECTOR ( 'NONE', #39, 39.37007874015748143 ) ;
#3885 = FACE_BOUND ( 'NONE', #833, .T. ) ;
#3886 = DIRECTION ( 'NONE',  ( 0.0000000000000000000, 0.0000000000000000000, 1.000000000000000000 ) ) ;
#3887 = DIRECTION ( 'NONE',  ( -1.000000000000000000, -0.0000000000000000000, -0.0000000000000000000 ) ) ;
#3888 = ORIENTED_EDGE ( 'NONE', *, *, #199, .F. ) ;
#3889 = ORIENTED_EDGE ( 'NONE', *, *, #4625, .T. ) ;
#3890 = ORIENTED_EDGE ( 'NONE', *, *, #2337, .F. ) ;
#3891 = AXIS2_PLACEMENT_3D ( 'NONE', #1735, #2967, #3856 ) ;
#3892 = CIRCLE ( 'NONE', #4906, 0.02874000000000051860 ) ;
#3893 =( GEOMETRIC_REPRESENTATION_CONTEXT ( 3 ) GLOBAL_UNCERTAINTY_ASSIGNED_CONTEXT ( ( #3669 ) ) GLOBAL_UNIT_ASSIGNED_CONTEXT ( ( #246, #1884, #4926 ) ) REPRESENTATION_CONTEXT ( 'NONE', 'WORKASPACE' ) );
#3894 = AXIS2_PLACEMENT_3D ( 'NONE', #4484, #693, #5431 ) ;
#3895 =( LENGTH_UNIT ( ) NAMED_UNIT ( * ) SI_UNIT ( $, .METRE. ) );
#3896 = DIRECTION ( 'NONE',  ( -0.0000000000000000000, 1.000000000000000000, -0.0000000000000000000 ) ) ;
#3897 = AXIS2_PLACEMENT_3D ( 'NONE', #1686, #5090, #5116 ) ;
#3898 = DIRECTION ( 'NONE',  ( -0.3420201433256695456, 0.0000000000000000000, -0.9396926207859080948 ) ) ;
#3899 = LINE ( 'NONE', #1315, #1676 ) ;
#3900 = VERTEX_POINT ( 'NONE', #4767 ) ;
#3901 = EDGE_CURVE ( 'NONE', #3115, #3033, #912, .T. ) ;
#3902 = EDGE_CURVE ( 'NONE', #4093, #3007, #3530, .T. ) ;
#3903 = AXIS2_PLACEMENT_3D ( 'NONE', #3588, #1023, #2342 ) ;
#3904 = AXIS2_PLACEMENT_3D ( 'NONE', #3396, #4371, #529 ) ;
#3905 = LINE ( 'NONE', #5212, #5167 ) ;
#3906 = AXIS2_PLACEMENT_3D ( 'NONE', #546, #2693, #224 ) ;
#3907 = ORIENTED_EDGE ( 'NONE', *, *, #403, .F. ) ;
#3908 = FACE_BOUND ( 'NONE', #229, .T. ) ;
#3909 = EDGE_CURVE ( 'NONE', #3331, #3818, #1385, .T. ) ;
#3910 = DIRECTION ( 'NONE',  ( -0.9659258262891001756, 0.0000000000000000000, 0.2588190451024012795 ) ) ;
#3911 = AXIS2_PLACEMENT_3D ( 'NONE', #433, #3067, #93 ) ;
#3912 = DIRECTION ( 'NONE',  ( -0.0000000000000000000, 1.000000000000000000, -0.0000000000000000000 ) ) ;
#3913 = LINE ( 'NONE', #3789, #1400 ) ;
#3914 = ORIENTED_EDGE ( 'NONE', *, *, #3909, .F. ) ;
#3915 = CARTESIAN_POINT ( 'NONE',  ( 0.4942664688103074466, 0.0000000000000000000, -0.01574999999999999664 ) ) ;
#3916 = DIRECTION ( 'NONE',  ( -0.0000000000000000000, 1.000000000000000000, -0.0000000000000000000 ) ) ;
#3917 = ORIENTED_EDGE ( 'NONE', *, *, #2152, .T. ) ;
#3918 = ADVANCED_FACE ( 'NONE', ( #3908, #527 ), #1003, .F. ) ;
#3919 = ORIENTED_EDGE ( 'NONE', *, *, #1925, .T. ) ;
#3920 = SPHERICAL_SURFACE ( 'NONE', #1311, 0.01000000000000016674 ) ;
#3921 = CARTESIAN_POINT ( 'NONE',  ( 2.239553201765118668E-16, -0.1100000000000000006, -0.1999999999999996503 ) ) ;
#3922 = DIRECTION ( 'NONE',  ( -0.0000000000000000000, 1.000000000000000000, -0.0000000000000000000 ) ) ;
#3923 = DIRECTION ( 'NONE',  ( -1.000000000000000000, -0.0000000000000000000, -0.0000000000000000000 ) ) ;
#3924 = VERTEX_POINT ( 'NONE', #579 ) ;
#3925 = ORIENTED_EDGE ( 'NONE', *, *, #484, .T. ) ;
#3926 = ORIENTED_EDGE ( 'NONE', *, *, #809, .T. ) ;
#3927 = DIRECTION ( 'NONE',  ( 0.0000000000000000000, -1.000000000000000000, 0.0000000000000000000 ) ) ;
#3928 = DIRECTION ( 'NONE',  ( -0.0000000000000000000, 1.000000000000000000, -0.0000000000000000000 ) ) ;
#3929 = DIRECTION ( 'NONE',  ( 0.0000000000000000000, 0.0000000000000000000, 1.000000000000000000 ) ) ;
#3930 = ORIENTED_EDGE ( 'NONE', *, *, #1786, .T. ) ;
#3931 = CARTESIAN_POINT ( 'NONE',  ( 0.6379674688103071922, -0.1100000000000000006, -0.04999999999999999584 ) ) ;
#3932 = EDGE_CURVE ( 'NONE', #5009, #3205, #3883, .T. ) ;
#3933 = CARTESIAN_POINT ( 'NONE',  ( 0.3379674688103072033, 0.0000000000000000000, -0.04999999999999999584 ) ) ;
#3934 = ORIENTED_EDGE ( 'NONE', *, *, #1152, .F. ) ;
#3935 = PLANE ( 'NONE',  #491 ) ;
#3936 = CARTESIAN_POINT ( 'NONE',  ( 0.02999999999999995379, 0.0000000000000000000, 0.03499999999999785227 ) ) ;
#3938 = ADVANCED_FACE ( 'NONE', ( #4143, #2000 ), #2497, .F. ) ;
#3937 = DIRECTION ( 'NONE',  ( -0.9396926207859092051, 0.0000000000000000000, 0.3420201433256665480 ) ) ;
#3939 = ORIENTED_EDGE ( 'NONE', *, *, #702, .F. ) ;
#3940 = FACE_BOUND ( 'NONE', #465, .T. ) ;
#3941 = CARTESIAN_POINT ( 'NONE',  ( 0.7379674688103072810, 1.224646799147263287E-20, -0.1499999999999999944 ) ) ;
#3942 = ORIENTED_EDGE ( 'NONE', *, *, #2370, .F. ) ;
#3943 = DIRECTION ( 'NONE',  ( 0.0000000000000000000, 0.0000000000000000000, 1.000000000000000000 ) ) ;
#3944 = EDGE_CURVE ( 'NONE', #3084, #1831, #3176, .T. ) ;
#3945 = DIRECTION ( 'NONE',  ( -0.0000000000000000000, 1.000000000000000000, -0.0000000000000000000 ) ) ;
#3946 = CARTESIAN_POINT ( 'NONE',  ( 0.08166846881030742633, -0.1100000000000000006, -0.1842499999999996085 ) ) ;
#3947 = CARTESIAN_POINT ( 'NONE',  ( 0.3816684688103074707, -0.1100000000000000006, -0.1842499999999996085 ) ) ;
#3948 = VERTEX_POINT ( 'NONE', #1238 ) ;
#3949 = EDGE_LOOP ( 'NONE', ( #1016, #121 ) ) ;
#3950 = ORIENTED_EDGE ( 'NONE', *, *, #278, .F. ) ;
#3951 = FACE_OUTER_BOUND ( 'NONE', #3954, .T. ) ;
#3952 = DIRECTION ( 'NONE',  ( 0.0000000000000000000, -1.000000000000000000, 0.0000000000000000000 ) ) ;
#3953 = LINE ( 'NONE', #452, #1055 ) ;
#3954 = EDGE_LOOP ( 'NONE', ( #1050, #1448 ) ) ;
#3955 = ADVANCED_FACE ( 'NONE', ( #5096 ), #3773, .F. ) ;
#3956 = LINE ( 'NONE', #2648, #4721 ) ;
#3957 = LINE ( 'NONE', #3040, #4440 ) ;
#3958 = DIRECTION ( 'NONE',  ( -0.3420201433256720991, 0.0000000000000000000, 0.9396926207859070956 ) ) ;
#3959 = DIRECTION ( 'NONE',  ( -0.0000000000000000000, 1.000000000000000000, -0.0000000000000000000 ) ) ;
#3960 = ORIENTED_EDGE ( 'NONE', *, *, #4470, .T. ) ;
#3961 = DIRECTION ( 'NONE',  ( 0.0000000000000000000, 0.0000000000000000000, 1.000000000000000000 ) ) ;
#3962 = CARTESIAN_POINT ( 'NONE',  ( 0.2816684688103074374, -0.1100000000000000006, -0.1842499999999996085 ) ) ;
#3963 = EDGE_LOOP ( 'NONE', ( #2256, #848, #3661, #5442 ) ) ;
#3964 = AXIS2_PLACEMENT_3D ( 'NONE', #3518, #539, #2251 ) ;
#3965 = ORIENTED_EDGE ( 'NONE', *, *, #3201, .F. ) ;
#3966 = DIRECTION ( 'NONE',  ( -0.0000000000000000000, 1.000000000000000000, -0.0000000000000000000 ) ) ;
#3967 = EDGE_CURVE ( 'NONE', #5483, #1991, #716, .T. ) ;
#3968 = EDGE_CURVE ( 'NONE', #1991, #3865, #4101, .T. ) ;
#3969 = VECTOR ( 'NONE', #721, 39.37007874015748143 ) ;
#3970 = FACE_OUTER_BOUND ( 'NONE', #5465, .T. ) ;
#3971 = AXIS2_PLACEMENT_3D ( 'NONE', #4243, #5235, #4651 ) ;
#3972 = CARTESIAN_POINT ( 'NONE',  ( 0.03796746881030719362, -0.03520000000000000212, -0.1499999999999999944 ) ) ;
#3973 = ORIENTED_EDGE ( 'NONE', *, *, #3498, .F. ) ;
#3974 = ORIENTED_EDGE ( 'NONE', *, *, #339, .F. ) ;
#3975 = EDGE_LOOP ( 'NONE', ( #3055, #5511, #466, #3227 ) ) ;
#3976 = EDGE_CURVE ( 'NONE', #2437, #3900, #3692, .T. ) ;
#3977 = VECTOR ( 'NONE', #2650, 39.37007874015748143 ) ;
#3978 = VECTOR ( 'NONE', #682, 39.37007874015748143 ) ;
#3979 = CARTESIAN_POINT ( 'NONE',  ( 0.08166846881030738470, 0.0000000000000000000, -0.01574999999999998623 ) ) ;
#3980 = CARTESIAN_POINT ( 'NONE',  ( 0.7379674688103072810, 0.0000000000000000000, -0.04999999999999999584 ) ) ;
#3981 = CARTESIAN_POINT ( 'NONE',  ( 0.6379674688103071922, -0.03520000000000000212, -0.01259999999999946926 ) ) ;
#3982 = CARTESIAN_POINT ( 'NONE',  ( 0.4379674688103072366, -0.03520000000000000212, -0.1125999999999994644 ) ) ;
#3983 = VECTOR ( 'NONE', #3389, 39.37007874015748143 ) ;
#3984 = AXIS2_PLACEMENT_3D ( 'NONE', #2528, #3011, #2043 ) ;
#3985 = ORIENTED_EDGE ( 'NONE', *, *, #4430, .T. ) ;
#3986 = AXIS2_PLACEMENT_3D ( 'NONE', #3520, #4263, #419 ) ;
#3987 = AXIS2_PLACEMENT_3D ( 'NONE', #1349, #926, #2632 ) ;
#3988 =( NAMED_UNIT ( * ) PLANE_ANGLE_UNIT ( ) SI_UNIT ( $, .RADIAN. ) );
#3989 = DIRECTION ( 'NONE',  ( 0.3420201433256665480, 0.0000000000000000000, 0.9396926207859092051 ) ) ;
#3990 = ADVANCED_FACE ( 'NONE', ( #3750 ), #1577, .F. ) ;
#3991 = CYLINDRICAL_SURFACE ( 'NONE', #846, 0.03740000000000053004 ) ;
#3992 = CIRCLE ( 'NONE', #4162, 0.03740000000000053004 ) ;
#3993 = VECTOR ( 'NONE', #3910, 39.37007874015748854 ) ;
#3994 = LINE ( 'NONE', #4459, #1677 ) ;
#3995 = VECTOR ( 'NONE', #1060, 39.37007874015748143 ) ;
#3996 = DIRECTION ( 'NONE',  ( -1.000000000000000000, 0.0000000000000000000, 4.840987058537324418E-16 ) ) ;
#3997 = ORIENTED_EDGE ( 'NONE', *, *, #1102, .T. ) ;
#3998 = FACE_OUTER_BOUND ( 'NONE', #2475, .T. ) ;
#3999 = DIRECTION ( 'NONE',  ( -0.0000000000000000000, 1.000000000000000000, -0.0000000000000000000 ) ) ;
#4000 = EDGE_LOOP ( 'NONE', ( #314, #1289, #4521, #4301 ) ) ;
#4001 = ORIENTED_EDGE ( 'NONE', *, *, #3753, .T. ) ;
#4002 = AXIS2_PLACEMENT_3D ( 'NONE', #4794, #3819, #3016 ) ;
#4003 = CARTESIAN_POINT ( 'NONE',  ( 0.08166846881030738470, -0.1100000000000000006, -0.01574999999999998623 ) ) ;
#4004 = CARTESIAN_POINT ( 'NONE',  ( 0.6379674688103071922, 0.0000000000000000000, -0.1125999999999994644 ) ) ;
#4005 = DIRECTION ( 'NONE',  ( 0.0000000000000000000, 0.0000000000000000000, 1.000000000000000000 ) ) ;
#4006 = ORIENTED_EDGE ( 'NONE', *, *, #3840, .T. ) ;
#4007 = VERTEX_POINT ( 'NONE', #1135 ) ;
#4008 = ORIENTED_EDGE ( 'NONE', *, *, #4881, .F. ) ;
#4009 = CARTESIAN_POINT ( 'NONE',  ( 0.7759349376206150506, -0.1100000000000000006, -0.2000000000000000111 ) ) ;
#4010 = DIRECTION ( 'NONE',  ( -0.3420201433256720991, 0.0000000000000000000, 0.9396926207859070956 ) ) ;
#4011 = CONTEXT_DEPENDENT_SHAPE_REPRESENTATION ( #4753, #2764 ) ;
#4012 = DIRECTION ( 'NONE',  ( 0.0000000000000000000, 0.0000000000000000000, 1.000000000000000000 ) ) ;
#4013 = EDGE_CURVE ( 'NONE', #1729, #2880, #5072, .T. ) ;
#4014 = CARTESIAN_POINT ( 'NONE',  ( 0.3816684688103073597, -0.1100000000000000006, -0.01574999999999998623 ) ) ;
#4015 = ORIENTED_EDGE ( 'NONE', *, *, #2050, .T. ) ;
#4016 = PRODUCT_DEFINITION_SHAPE ( 'NONE', 'NONE',  #5555 ) ;
#4017 = FACE_OUTER_BOUND ( 'NONE', #3414, .T. ) ;
#4018 = ADVANCED_FACE ( 'NONE', ( #5018 ), #687, .F. ) ;
#4019 = FACE_OUTER_BOUND ( 'NONE', #815, .T. ) ;
#4020 = CYLINDRICAL_SURFACE ( 'NONE', #3552, 0.009999999999999210909 ) ;
#4021 = DIRECTION ( 'NONE',  ( 0.0000000000000000000, 0.0000000000000000000, 1.000000000000000000 ) ) ;
#4022 = VERTEX_POINT ( 'NONE', #1213 ) ;
#4023 = FACE_BOUND ( 'NONE', #3438, .T. ) ;
#4024 = EDGE_CURVE ( 'NONE', #248, #3262, #358, .T. ) ;
#4025 = LINE ( 'NONE', #1173, #4149 ) ;
#4026 = VERTEX_POINT ( 'NONE', #2032 ) ;
#4027 = LINE ( 'NONE', #209, #4633 ) ;
#4028 = DIRECTION ( 'NONE',  ( -0.9659258262891001756, 3.169619151430301851E-17, -0.2588190451024012795 ) ) ;
#4029 = CARTESIAN_POINT ( 'NONE',  ( 0.0000000000000000000, 0.0000000000000000000, 0.0000000000000000000 ) ) ;
#4030 = DIRECTION ( 'NONE',  ( -0.0000000000000000000, 1.000000000000000000, -0.0000000000000000000 ) ) ;
#4031 = ORIENTED_EDGE ( 'NONE', *, *, #910, .T. ) ;
#4032 = EDGE_LOOP ( 'NONE', ( #534, #4697, #2429, #501 ) ) ;
#4033 = VERTEX_POINT ( 'NONE', #3726 ) ;
#4034 = DIRECTION ( 'NONE',  ( 0.0000000000000000000, 0.0000000000000000000, 1.000000000000000000 ) ) ;
#4035 = EDGE_CURVE ( 'NONE', #2881, #5234, #760, .T. ) ;
#4036 = DIRECTION ( 'NONE',  ( 0.0000000000000000000, 0.0000000000000000000, 1.000000000000000000 ) ) ;
#4037 = ITEM_DEFINED_TRANSFORMATION ( 'NONE', 'NONE', #690,  #1046 ) ;
#4038 = CARTESIAN_POINT ( 'NONE',  ( 0.7379674688103072810, -0.1100000000000000006, -0.04999999999999999584 ) ) ;
#4039 = CARTESIAN_POINT ( 'NONE',  ( 0.4816684688103073930, -0.1100000000000000006, -0.01574999999999998623 ) ) ;
#4040 = VERTEX_POINT ( 'NONE', #1605 ) ;
#4041 = EDGE_CURVE ( 'NONE', #2695, #3559, #4249, .T. ) ;
#4042 = EDGE_CURVE ( 'NONE', #2970, #3164, #4988, .T. ) ;
#4043 = PLANE ( 'NONE',  #3002 ) ;
#4044 = DIRECTION ( 'NONE',  ( -0.0000000000000000000, 1.000000000000000000, -0.0000000000000000000 ) ) ;
#4045 = EDGE_CURVE ( 'NONE', #2008, #711, #334, .T. ) ;
#4046 = CIRCLE ( 'NONE', #2975, 0.02874000000000051860 ) ;
#4047 = LINE ( 'NONE', #719, #4808 ) ;
#4048 = ORIENTED_EDGE ( 'NONE', *, *, #5381, .T. ) ;
#4049 = DIRECTION ( 'NONE',  ( -0.0000000000000000000, 1.000000000000000000, -0.0000000000000000000 ) ) ;
#4050 = DIRECTION ( 'NONE',  ( -0.0000000000000000000, 1.000000000000000000, -0.0000000000000000000 ) ) ;
#4051 = EDGE_LOOP ( 'NONE', ( #2235, #4195, #1165, #2137 ) ) ;
#4052 = DIRECTION ( 'NONE',  ( -0.0000000000000000000, 1.000000000000000000, -0.0000000000000000000 ) ) ;
#4053 = AXIS2_PLACEMENT_3D ( 'NONE', #3663, #3171, #4821 ) ;
#4054 = DIRECTION ( 'NONE',  ( 0.0000000000000000000, 0.0000000000000000000, 1.000000000000000000 ) ) ;
#4055 =( NAMED_UNIT ( * ) PLANE_ANGLE_UNIT ( ) SI_UNIT ( $, .RADIAN. ) );
#4056 = LINE ( 'NONE', #4408, #2204 ) ;
#4057 = ORIENTED_EDGE ( 'NONE', *, *, #4557, .F. ) ;
#4058 = VERTEX_POINT ( 'NONE', #1976 ) ;
#4059 = ORIENTED_EDGE ( 'NONE', *, *, #3598, .T. ) ;
#4060 = DIRECTION ( 'NONE',  ( -0.0000000000000000000, 1.000000000000000000, -0.0000000000000000000 ) ) ;
#4061 = CIRCLE ( 'NONE', #1028, 0.03740000000000053698 ) ;
#4062 = CARTESIAN_POINT ( 'NONE',  ( 0.06099999999999970723, 0.0000000000000000000, 0.0000000000000000000 ) ) ;
#4063 = CONTEXT_DEPENDENT_SHAPE_REPRESENTATION ( #3583, #2416 ) ;
#4064 = CARTESIAN_POINT ( 'NONE',  ( 0.1570000000000005280, 3.245314017740399465E-18, -0.02649999999999929495 ) ) ;
#4065 = LINE ( 'NONE', #2318, #4169 ) ;
#4066 = UNCERTAINTY_MEASURE_WITH_UNIT (LENGTH_MEASURE( 1.000000000000000082E-05 ), #2512, 'distance_accuracy_value', 'NONE');
#4067 = EDGE_LOOP ( 'NONE', ( #363, #1968, #5305, #3116 ) ) ;
#4068 = PRESENTATION_LAYER_ASSIGNMENT (  '', '', ( #1651 ) ) ;
#4069 = CIRCLE ( 'NONE', #2460, 0.02874000000000052554 ) ;
#4070 = AXIS2_PLACEMENT_3D ( 'NONE', #2698, #3569, #4418 ) ;
#4071 = AXIS2_PLACEMENT_3D ( 'NONE', #394, #5464, #1611 ) ;
#4072 = CARTESIAN_POINT ( 'NONE',  ( 0.03796746881030719362, 1.224646799147263287E-20, -0.1125999999999994644 ) ) ;
#4073 = AXIS2_PLACEMENT_3D ( 'NONE', #5118, #3053, #3029 ) ;
#4074 = EDGE_CURVE ( 'NONE', #3298, #1034, #5482, .T. ) ;
#4075 = AXIS2_PLACEMENT_3D ( 'NONE', #3556, #3579, #4005 ) ;
#4076 = LINE ( 'NONE', #3127, #1771 ) ;
#4077 = CYLINDRICAL_SURFACE ( 'NONE', #1491, 0.02874000000000052207 ) ;
#4078 = DIRECTION ( 'NONE',  ( 0.3420201433256601087, 0.0000000000000000000, -0.9396926207859115365 ) ) ;
#4079 = VECTOR ( 'NONE', #5069, 39.37007874015748143 ) ;
#4080 = VERTEX_POINT ( 'NONE', #3247 ) ;
#4081 = CARTESIAN_POINT ( 'NONE',  ( -0.01203253118969264089, -0.1100000000000000006, -0.1842499999999996918 ) ) ;
#4082 = VECTOR ( 'NONE', #2767, 39.37007874015748143 ) ;
#4083 = EDGE_CURVE ( 'NONE', #4108, #619, #471, .T. ) ;
#4084 = DIRECTION ( 'NONE',  ( -0.0000000000000000000, 1.000000000000000000, -0.0000000000000000000 ) ) ;
#4085 = EDGE_LOOP ( 'NONE', ( #4436, #928, #4684, #5151 ) ) ;
#4086 = LINE ( 'NONE', #4889, #4268 ) ;
#4087 = AXIS2_PLACEMENT_3D ( 'NONE', #1162, #4604, #1999 ) ;
#4088 = DIRECTION ( 'NONE',  ( -1.000000000000000000, -0.0000000000000000000, -0.0000000000000000000 ) ) ;
#4089 = EDGE_CURVE ( 'NONE', #1038, #248, #5530, .T. ) ;
#4090 = FILL_AREA_STYLE ('',( #5309 ) ) ;
#4091 = DIRECTION ( 'NONE',  ( -0.0000000000000000000, -0.0000000000000000000, -1.000000000000000000 ) ) ;
#4092 = ORIENTED_EDGE ( 'NONE', *, *, #2439, .T. ) ;
#4093 = VERTEX_POINT ( 'NONE', #4726 ) ;
#4094 = AXIS2_PLACEMENT_3D ( 'NONE', #533, #4885, #1815 ) ;
#4095 = ORIENTED_EDGE ( 'NONE', *, *, #3591, .T. ) ;
#4096 = DIRECTION ( 'NONE',  ( -0.0000000000000000000, 1.000000000000000000, -0.0000000000000000000 ) ) ;
#4097 = EDGE_CURVE ( 'NONE', #1728, #421, #857, .T. ) ;
#4098 = DIRECTION ( 'NONE',  ( 0.0000000000000000000, 0.0000000000000000000, 1.000000000000000000 ) ) ;
#4099 = FACE_OUTER_BOUND ( 'NONE', #1124, .T. ) ;
#4100 = PLANE ( 'NONE',  #4826 ) ;
#4101 = LINE ( 'NONE', #5504, #1386 ) ;
#4102 = ORIENTED_EDGE ( 'NONE', *, *, #5428, .T. ) ;
#4103 = DIRECTION ( 'NONE',  ( 0.3420201433256665480, 0.0000000000000000000, 0.9396926207859092051 ) ) ;
#4104 = LINE ( 'NONE', #3650, #43 ) ;
#4105 = ORIENTED_EDGE ( 'NONE', *, *, #1964, .F. ) ;
#4106 = LINE ( 'NONE', #3287, #2898 ) ;
#4107 = DIRECTION ( 'NONE',  ( -0.0000000000000000000, 1.000000000000000000, -0.0000000000000000000 ) ) ;
#4108 = VERTEX_POINT ( 'NONE', #3435 ) ;
#4109 = CARTESIAN_POINT ( 'NONE',  ( 0.2942664688103074355, -0.1100000000000000006, -0.1842499999999996918 ) ) ;
#4110 = EDGE_CURVE ( 'NONE', #4530, #1488, #2142, .T. ) ;
#4111 = PLANE ( 'NONE',  #1922 ) ;
#4112 = DIRECTION ( 'NONE',  ( 0.0000000000000000000, -1.000000000000000000, 0.0000000000000000000 ) ) ;
#4113 = ORIENTED_EDGE ( 'NONE', *, *, #1337, .F. ) ;
#4114 = ORIENTED_EDGE ( 'NONE', *, *, #3537, .T. ) ;
#4115 = EDGE_LOOP ( 'NONE', ( #4344, #2649, #1077, #5444 ) ) ;
#4116 = DIRECTION ( 'NONE',  ( 1.000000000000000000, 0.0000000000000000000, 0.0000000000000000000 ) ) ;
#4117 = EDGE_CURVE ( 'NONE', #3559, #2695, #3000, .T. ) ;
#4118 = DIRECTION ( 'NONE',  ( -1.000000000000000000, -0.0000000000000000000, -0.0000000000000000000 ) ) ;
#4119 = CARTESIAN_POINT ( 'NONE',  ( 0.0000000000000000000, 0.0000000000000000000, 0.03499999999999785227 ) ) ;
#4120 = FACE_OUTER_BOUND ( 'NONE', #4958, .T. ) ;
#4121 = DIRECTION ( 'NONE',  ( 0.0000000000000000000, 0.0000000000000000000, 1.000000000000000000 ) ) ;
#4122 = ORIENTED_EDGE ( 'NONE', *, *, #820, .F. ) ;
#4123 = VECTOR ( 'NONE', #3642, 39.37007874015748143 ) ;
#4124 = CARTESIAN_POINT ( 'NONE',  ( -0.01203253118969264436, -0.1100000000000000006, -0.01574999999999999664 ) ) ;
#4125 = EDGE_CURVE ( 'NONE', #4022, #1991, #1262, .T. ) ;
#4126 = DIRECTION ( 'NONE',  ( 0.3420201433256665480, -0.0000000000000000000, 0.9396926207859092051 ) ) ;
#4127 = ORIENTED_EDGE ( 'NONE', *, *, #403, .T. ) ;
#4128 = DIRECTION ( 'NONE',  ( -4.840987058537324418E-16, 0.0000000000000000000, -1.000000000000000000 ) ) ;
#4129 = VERTEX_POINT ( 'NONE', #2581 ) ;
#4130 = FACE_OUTER_BOUND ( 'NONE', #3130, .T. ) ;
#4131 = VERTEX_POINT ( 'NONE', #2521 ) ;
#4132 = LINE ( 'NONE', #2015, #4361 ) ;
#4133 = DIRECTION ( 'NONE',  ( -4.840987058537324418E-16, 0.0000000000000000000, -1.000000000000000000 ) ) ;
#4134 = ADVANCED_FACE ( 'NONE', ( #1850 ), #3054, .F. ) ;
#4135 = ORIENTED_EDGE ( 'NONE', *, *, #594, .F. ) ;
#4136 = ORIENTED_EDGE ( 'NONE', *, *, #3128, .T. ) ;
#4137 = EDGE_CURVE ( 'NONE', #1896, #3401, #1796, .T. ) ;
#4138 = ORIENTED_EDGE ( 'NONE', *, *, #725, .F. ) ;
#4139 = DIRECTION ( 'NONE',  ( -0.0000000000000000000, 1.000000000000000000, -0.0000000000000000000 ) ) ;
#4140 = LINE ( 'NONE', #888, #2899 ) ;
#4141 = LINE ( 'NONE', #3644, #5183 ) ;
#4142 = DIRECTION ( 'NONE',  ( 0.0000000000000000000, 0.0000000000000000000, 1.000000000000000000 ) ) ;
#4143 = FACE_BOUND ( 'NONE', #1350, .T. ) ;
#4144 = EDGE_CURVE ( 'NONE', #4619, #1257, #2466, .T. ) ;
#4145 = ORIENTED_EDGE ( 'NONE', *, *, #4474, .F. ) ;
#4146 = AXIS2_PLACEMENT_3D ( 'NONE', #1794, #5253, #1014 ) ;
#4147 = DIRECTION ( 'NONE',  ( 0.0000000000000000000, 0.0000000000000000000, 1.000000000000000000 ) ) ;
#4148 = CIRCLE ( 'NONE', #2986, 0.03740000000000053698 ) ;
#4149 = VECTOR ( 'NONE', #3212, 39.37007874015748143 ) ;
#4150 = AXIS2_PLACEMENT_3D ( 'NONE', #5512, #2951, #457 ) ;
#4151 = AXIS2_PLACEMENT_3D ( 'NONE', #3244, #4443, #2776 ) ;
#4152 = CARTESIAN_POINT ( 'NONE',  ( 0.4816684688103075040, -0.1100000000000000006, -0.1842499999999996085 ) ) ;
#4153 = ORIENTED_EDGE ( 'NONE', *, *, #2129, .T. ) ;
#4154 = DIRECTION ( 'NONE',  ( -1.000000000000000000, -0.0000000000000000000, -0.0000000000000000000 ) ) ;
#4155 = VECTOR ( 'NONE', #5144, 39.37007874015748143 ) ;
#4156 = ORIENTED_EDGE ( 'NONE', *, *, #3079, .F. ) ;
#4157 = DIRECTION ( 'NONE',  ( -0.0000000000000000000, 1.000000000000000000, -0.0000000000000000000 ) ) ;
#4158 = VERTEX_POINT ( 'NONE', #4757 ) ;
#4159 = AXIS2_PLACEMENT_3D ( 'NONE', #4770, #3959, #4021 ) ;
#4160 = AXIS2_PLACEMENT_3D ( 'NONE', #5256, #4778, #540 ) ;
#4161 = DIRECTION ( 'NONE',  ( 0.0000000000000000000, 0.0000000000000000000, 1.000000000000000000 ) ) ;
#4162 = AXIS2_PLACEMENT_3D ( 'NONE', #737, #1609, #2502 ) ;
#4163 = AXIS2_PLACEMENT_3D ( 'NONE', #3411, #477, #930 ) ;
#4164 = CARTESIAN_POINT ( 'NONE',  ( 0.4942664688103074466, -0.1100000000000000006, -0.1842499999999996918 ) ) ;
#4165 = LENGTH_MEASURE_WITH_UNIT ( LENGTH_MEASURE( 0.02539999999999999897 ), #4595 );
#4166 = DIRECTION ( 'NONE',  ( 0.0000000000000000000, 0.0000000000000000000, -1.000000000000000000 ) ) ;
#4167 = ORIENTED_EDGE ( 'NONE', *, *, #2226, .F. ) ;
#4168 = EDGE_LOOP ( 'NONE', ( #5258, #1962, #3678, #1455 ) ) ;
#4169 = VECTOR ( 'NONE', #3645, 39.37007874015748143 ) ;
#4170 = AXIS2_PLACEMENT_3D ( 'NONE', #705, #3318, #4161 ) ;
#4171 = DIRECTION ( 'NONE',  ( -0.0000000000000000000, 1.000000000000000000, -0.0000000000000000000 ) ) ;
#4172 = EDGE_CURVE ( 'NONE', #4764, #5146, #2167, .T. ) ;
#4173 = DIMENSIONAL_EXPONENTS ( 1.000000000000000000, 0.0000000000000000000, 0.0000000000000000000, 0.0000000000000000000, 0.0000000000000000000, 0.0000000000000000000, 0.0000000000000000000 ) ;
#4174 = CIRCLE ( 'NONE', #321, 0.03740000000000053004 ) ;
#4175 = DIRECTION ( 'NONE',  ( 0.0000000000000000000, 0.0000000000000000000, -1.000000000000000000 ) ) ;
#4176 = LINE ( 'NONE', #1603, #1765 ) ;
#4177 = VECTOR ( 'NONE', #2904, 39.37007874015748143 ) ;
#4178 = VECTOR ( 'NONE', #977, 39.37007874015748143 ) ;
#4179 = DIRECTION ( 'NONE',  ( -0.0000000000000000000, 1.000000000000000000, -0.0000000000000000000 ) ) ;
#4180 = DIRECTION ( 'NONE',  ( -0.0000000000000000000, 1.000000000000000000, -0.0000000000000000000 ) ) ;
#4181 = VERTEX_POINT ( 'NONE', #4779 ) ;
#4182 = ADVANCED_FACE ( 'NONE', ( #5226 ), #813, .F. ) ;
#4183 = LINE ( 'NONE', #2039, #5517 ) ;
#4184 = ADVANCED_FACE ( 'NONE', ( #1370 ), #4690, .T. ) ;
#4185 = LINE ( 'NONE', #5074, #680 ) ;
#4186 = ORIENTED_EDGE ( 'NONE', *, *, #5222, .F. ) ;
#4187 = CARTESIAN_POINT ( 'NONE',  ( 0.5816684688103074263, -0.1100000000000000006, -0.01574999999999998623 ) ) ;
#4188 = CARTESIAN_POINT ( 'NONE',  ( 0.06099999999999970723, 0.0000000000000000000, 0.0000000000000000000 ) ) ;
#4189 = VERTEX_POINT ( 'NONE', #380 ) ;
#4190 = EDGE_CURVE ( 'NONE', #2667, #993, #2110, .T. ) ;
#4191 = DIRECTION ( 'NONE',  ( -0.0000000000000000000, 1.000000000000000000, -0.0000000000000000000 ) ) ;
#4192 = PRODUCT_RELATED_PRODUCT_CATEGORY ( 'part', '', ( #2366 ) ) ;
#4193 = DIRECTION ( 'NONE',  ( 0.0000000000000000000, 0.0000000000000000000, 1.000000000000000000 ) ) ;
#4194 = DIRECTION ( 'NONE',  ( 0.3420201433256633283, 0.0000000000000000000, -0.9396926207859103153 ) ) ;
#4195 = ORIENTED_EDGE ( 'NONE', *, *, #3027, .T. ) ;
#4196 = VERTEX_POINT ( 'NONE', #420 ) ;
#4197 = EDGE_CURVE ( 'NONE', #1519, #3331, #1711, .T. ) ;
#4198 = DIRECTION ( 'NONE',  ( -0.0000000000000000000, 1.000000000000000000, -0.0000000000000000000 ) ) ;
#4199 = CARTESIAN_POINT ( 'NONE',  ( 0.2999990000000001267, -0.1100000000000000006, -0.1999999999999999833 ) ) ;
#4200 = ITEM_DEFINED_TRANSFORMATION ( 'NONE', 'NONE', #4260,  #1046 ) ;
#4201 = CARTESIAN_POINT ( 'NONE',  ( 0.0000000000000000000, 0.0000000000000000000, 0.0000000000000000000 ) ) ;
#4202 = DIRECTION ( 'NONE',  ( 0.0000000000000000000, -1.000000000000000000, 0.0000000000000000000 ) ) ;
#4203 = DIRECTION ( 'NONE',  ( 1.000000000000000000, 0.0000000000000000000, 0.0000000000000000000 ) ) ;
#4204 = ORIENTED_EDGE ( 'NONE', *, *, #1939, .F. ) ;
#4205 = ORIENTED_EDGE ( 'NONE', *, *, #4572, .T. ) ;
#4206 = ADVANCED_FACE ( 'NONE', ( #18 ), #2605, .T. ) ;
#4207 = CARTESIAN_POINT ( 'NONE',  ( 0.6816684688103075151, -0.1100000000000000006, -0.01574999999999998623 ) ) ;
#4208 = VECTOR ( 'NONE', #168, 39.37007874015748143 ) ;
#4209 = EDGE_CURVE ( 'NONE', #1887, #4530, #3093, .T. ) ;
#4210 = EDGE_CURVE ( 'NONE', #985, #2359, #397, .T. ) ;
#4211 = EDGE_CURVE ( 'NONE', #1231, #3480, #304, .T. ) ;
#4212 = ADVANCED_BREP_SHAPE_REPRESENTATION ( '', ( #1503, #1046 ), #3893 ) ;
#4213 = CARTESIAN_POINT ( 'NONE',  ( 0.5999990000000001711, -0.1100000000000000006, -0.1999999999999999833 ) ) ;
#4214 = ORIENTED_EDGE ( 'NONE', *, *, #1337, .T. ) ;
#4215 = DIRECTION ( 'NONE',  ( 1.000000000000000000, 0.0000000000000000000, -5.421193827719211569E-15 ) ) ;
#4216 = DIRECTION ( 'NONE',  ( -0.0000000000000000000, 1.000000000000000000, -0.0000000000000000000 ) ) ;
#4217 = EDGE_LOOP ( 'NONE', ( #317, #1590 ) ) ;
#4218 = ADVANCED_FACE ( 'NONE', ( #3114 ), #5310, .F. ) ;
#4219 = CARTESIAN_POINT ( 'NONE',  ( 0.2942664688103074355, -0.1100000000000000006, -0.1842499999999996918 ) ) ;
#4220 = FACE_OUTER_BOUND ( 'NONE', #723, .T. ) ;
#4221 = CARTESIAN_POINT ( 'NONE',  ( 0.5999990000000001711, -0.1100000000000000006, 0.0000000000000000000 ) ) ;
#4222 = CARTESIAN_POINT ( 'NONE',  ( 0.09426646881030741054, -0.1100000000000000006, -0.1842499999999996918 ) ) ;
#4223 = EDGE_LOOP ( 'NONE', ( #3122, #2275 ) ) ;
#4224 = ORIENTED_EDGE ( 'NONE', *, *, #4639, .T. ) ;
#4225 = CYLINDRICAL_SURFACE ( 'NONE', #49, 0.02874000000000052207 ) ;
#4226 = CONTEXT_DEPENDENT_SHAPE_REPRESENTATION ( #3680, #3607 ) ;
#4227 = EDGE_CURVE ( 'NONE', #256, #635, #2253, .T. ) ;
#4228 = FACE_OUTER_BOUND ( 'NONE', #2688, .T. ) ;
#4229 = DIRECTION ( 'NONE',  ( -0.0000000000000000000, 1.000000000000000000, -0.0000000000000000000 ) ) ;
#4230 = CARTESIAN_POINT ( 'NONE',  ( 0.3942664688103074133, -0.1100000000000000006, -0.1842499999999996918 ) ) ;
#4231 = ORIENTED_EDGE ( 'NONE', *, *, #4117, .T. ) ;
#4232 = ORIENTED_EDGE ( 'NONE', *, *, #2752, .T. ) ;
#4233 = ORIENTED_EDGE ( 'NONE', *, *, #4137, .F. ) ;
#4234 = DIRECTION ( 'NONE',  ( 0.0000000000000000000, 0.0000000000000000000, -1.000000000000000000 ) ) ;
#4235 = DIRECTION ( 'NONE',  ( -1.000000000000000000, -0.0000000000000000000, -0.0000000000000000000 ) ) ;
#4236 = AXIS2_PLACEMENT_3D ( 'NONE', #5472, #5006, #1514 ) ;
#4237 = ADVANCED_FACE ( 'NONE', ( #106 ), #2332, .F. ) ;
#4238 = AXIS2_PLACEMENT_3D ( 'NONE', #3941, #2737, #3878 ) ;
#4240 = EDGE_CURVE ( 'NONE', #5048, #5451, #1822, .T. ) ;
#4239 = CARTESIAN_POINT ( 'NONE',  ( 0.4379674688103072366, -0.03520000000000000212, -0.02125999999999947029 ) ) ;
#4241 = VERTEX_POINT ( 'NONE', #5257 ) ;
#4242 = LINE ( 'NONE', #856, #1128 ) ;
#4243 = CARTESIAN_POINT ( 'NONE',  ( 0.07033012701892972507, 0.0000000000000000000, 0.0000000000000000000 ) ) ;
#4244 = ORIENTED_EDGE ( 'NONE', *, *, #3367, .T. ) ;
#4245 = AXIS2_PLACEMENT_3D ( 'NONE', #890, #1278, #4285 ) ;
#4246 = VECTOR ( 'NONE', #223, 39.37007874015748854 ) ;
#4247 = LINE ( 'NONE', #2983, #3110 ) ;
#4248 = EDGE_CURVE ( 'NONE', #2657, #277, #1482, .T. ) ;
#4249 = CIRCLE ( 'NONE', #1839, 0.02649999999999929495 ) ;
#4250 = FACE_OUTER_BOUND ( 'NONE', #5229, .T. ) ;
#4251 = LINE ( 'NONE', #4711, #389 ) ;
#4252 = CARTESIAN_POINT ( 'NONE',  ( 0.6379674688103071922, 0.0000000000000000000, -0.04999999999999999584 ) ) ;
#4253 = DIRECTION ( 'NONE',  ( -1.000000000000000000, -0.0000000000000000000, -0.0000000000000000000 ) ) ;
#4254 = ORIENTED_EDGE ( 'NONE', *, *, #1473, .F. ) ;
#4255 = AXIS2_PLACEMENT_3D ( 'NONE', #3855, #3922, #3886 ) ;
#4256 = ORIENTED_EDGE ( 'NONE', *, *, #2752, .F. ) ;
#4257 = DIRECTION ( 'NONE',  ( -0.0000000000000000000, 0.0000000000000000000, -1.000000000000000000 ) ) ;
#4258 = AXIS2_PLACEMENT_3D ( 'NONE', #4812, #4865, #2687 ) ;
#4259 = CONICAL_SURFACE ( 'NONE', #5354, 0.01849999999999981520, 0.7853981633975165577 ) ;
#4260 = AXIS2_PLACEMENT_3D ( 'NONE', #267, #2074, #5007 ) ;
#4261 = EDGE_CURVE ( 'NONE', #2849, #2813, #1134, .T. ) ;
#4262 = CARTESIAN_POINT ( 'NONE',  ( 0.3759359376206146686, 0.0000000000000000000, -9.478001694819074349E-34 ) ) ;
#4263 = DIRECTION ( 'NONE',  ( -0.0000000000000000000, 1.000000000000000000, -0.0000000000000000000 ) ) ;
#4264 = AXIS2_PLACEMENT_3D ( 'NONE', #2889, #4610, #5484 ) ;
#4265 = DIRECTION ( 'NONE',  ( -0.9396926207859092051, 0.0000000000000000000, 0.3420201433256665480 ) ) ;
#4266 = ORIENTED_EDGE ( 'NONE', *, *, #3787, .F. ) ;
#4267 = ORIENTED_EDGE ( 'NONE', *, *, #904, .F. ) ;
#4268 = VECTOR ( 'NONE', #3553, 39.37007874015748143 ) ;
#4269 = ORIENTED_EDGE ( 'NONE', *, *, #69, .T. ) ;
#4270 = AXIS2_PLACEMENT_3D ( 'NONE', #880, #5208, #1355 ) ;
#4271 =( REPRESENTATION_RELATIONSHIP ('NONE','NONE', #4944, #3761 ) REPRESENTATION_RELATIONSHIP_WITH_TRANSFORMATION ( #3223 )SHAPE_REPRESENTATION_RELATIONSHIP( ) );
#4272 = CARTESIAN_POINT ( 'NONE',  ( 0.02999999999999940561, 0.03499999999999785227, 0.0000000000000000000 ) ) ;
#4273 = CARTESIAN_POINT ( 'NONE',  ( 0.6942664688103074022, -0.1100000000000000006, -0.1842499999999996918 ) ) ;
#4274 = CARTESIAN_POINT ( 'NONE',  ( 0.2379674688103072255, -0.03520000000000000212, -0.02125999999999947029 ) ) ;
#4275 = ADVANCED_FACE ( 'NONE', ( #132 ), #963, .F. ) ;
#4276 = ORIENTED_EDGE ( 'NONE', *, *, #2279, .F. ) ;
#4277 = AXIS2_PLACEMENT_3D ( 'NONE', #11, #3849, #1230 ) ;
#4278 = VECTOR ( 'NONE', #4879, 39.37007874015748143 ) ;
#4279 = CYLINDRICAL_SURFACE ( 'NONE', #1840, 0.03740000000000053004 ) ;
#4280 = EDGE_LOOP ( 'NONE', ( #108, #3522, #1432, #3347 ) ) ;
#4281 = CARTESIAN_POINT ( 'NONE',  ( 0.3379674688103072033, 0.0000000000000000000, -0.1787400000000005096 ) ) ;
#4282 = ORIENTED_EDGE ( 'NONE', *, *, #244, .F. ) ;
#4283 = CARTESIAN_POINT ( 'NONE',  ( 0.2379674688103072255, -0.03520000000000000212, -0.1874000000000005384 ) ) ;
#4284 = DIRECTION ( 'NONE',  ( 0.0000000000000000000, 1.000000000000000000, 0.0000000000000000000 ) ) ;
#4285 = DIRECTION ( 'NONE',  ( 0.0000000000000000000, 0.0000000000000000000, 1.000000000000000000 ) ) ;
#4286 = DIRECTION ( 'NONE',  ( 0.0000000000000000000, 0.0000000000000000000, 1.000000000000000000 ) ) ;
#4287 = EDGE_LOOP ( 'NONE', ( #3939, #3270, #2838, #1240 ) ) ;
#4288 = ORIENTED_EDGE ( 'NONE', *, *, #851, .T. ) ;
#4289 = ORIENTED_EDGE ( 'NONE', *, *, #4211, .T. ) ;
#4290 = CARTESIAN_POINT ( 'NONE',  ( 0.5379674688103072144, 1.224646799147263287E-20, -0.1125999999999994644 ) ) ;
#4291 = EDGE_CURVE ( 'NONE', #3173, #3794, #2383, .T. ) ;
#4292 = CARTESIAN_POINT ( 'NONE',  ( 0.1719999999999985985, 0.0000000000000000000, 0.01699999999999820752 ) ) ;
#4293 = CARTESIAN_POINT ( 'NONE',  ( 0.5816684688103074263, -0.1100000000000000006, -0.01574999999999998623 ) ) ;
#4294 = DIRECTION ( 'NONE',  ( 0.0000000000000000000, 0.0000000000000000000, 1.000000000000000000 ) ) ;
#4295 = ORIENTED_EDGE ( 'NONE', *, *, #74, .F. ) ;
#4296 = EDGE_LOOP ( 'NONE', ( #2435, #3705, #4759, #3510 ) ) ;
#4297 = ORIENTED_EDGE ( 'NONE', *, *, #4672, .F. ) ;
#4298 = EDGE_CURVE ( 'NONE', #3388, #643, #647, .T. ) ;
#4299 = PLANE ( 'NONE',  #5261 ) ;
#4300 = CARTESIAN_POINT ( 'NONE',  ( 0.7379674688103072810, -0.03520000000000000212, -0.04999999999999999584 ) ) ;
#4301 = ORIENTED_EDGE ( 'NONE', *, *, #3201, .T. ) ;
#4302 = FACE_OUTER_BOUND ( 'NONE', #5103, .T. ) ;
#4303 = VECTOR ( 'NONE', #4498, 39.37007874015748143 ) ;
#4304 = EDGE_CURVE ( 'NONE', #5157, #3205, #4056, .T. ) ;
#4305 = ORIENTED_EDGE ( 'NONE', *, *, #1856, .F. ) ;
#4306 = DIRECTION ( 'NONE',  ( -0.0000000000000000000, 1.000000000000000000, -0.0000000000000000000 ) ) ;
#4307 = ORIENTED_EDGE ( 'NONE', *, *, #1338, .T. ) ;
#4308 = DIRECTION ( 'NONE',  ( -1.000000000000000000, -0.0000000000000000000, -0.0000000000000000000 ) ) ;
#4309 = CARTESIAN_POINT ( 'NONE',  ( 0.3379674688103072033, 1.224646799147263287E-20, -0.08740000000000051894 ) ) ;
#4310 = LINE ( 'NONE', #3820, #4450 ) ;
#4311 = CYLINDRICAL_SURFACE ( 'NONE', #2636, 0.02874000000000051860 ) ;
#4312 = CARTESIAN_POINT ( 'NONE',  ( 0.4379674688103072366, -0.03520000000000000212, -0.1874000000000005384 ) ) ;
#4313 = ORIENTED_EDGE ( 'NONE', *, *, #4298, .T. ) ;
#4314 = VERTEX_POINT ( 'NONE', #598 ) ;
#4315 = DIRECTION ( 'NONE',  ( 0.0000000000000000000, 0.0000000000000000000, 1.000000000000000000 ) ) ;
#4316 = FACE_BOUND ( 'NONE', #4667, .T. ) ;
#4317 = EDGE_CURVE ( 'NONE', #1195, #2193, #213, .T. ) ;
#4318 = DIRECTION ( 'NONE',  ( -0.0000000000000000000, 1.000000000000000000, -0.0000000000000000000 ) ) ;
#4319 = CARTESIAN_POINT ( 'NONE',  ( 0.1570000000000005280, 0.0000000000000000000, 0.0000000000000000000 ) ) ;
#4320 = ORIENTED_EDGE ( 'NONE', *, *, #1552, .F. ) ;
#4321 = ORIENTED_EDGE ( 'NONE', *, *, #3800, .F. ) ;
#4322 = ORIENTED_EDGE ( 'NONE', *, *, #4013, .T. ) ;
#4323 = FACE_OUTER_BOUND ( 'NONE', #3766, .T. ) ;
#4324 = DIRECTION ( 'NONE',  ( -1.000000000000000000, -0.0000000000000000000, -0.0000000000000000000 ) ) ;
#4325 = EDGE_CURVE ( 'NONE', #2813, #2849, #2909, .T. ) ;
#4326 = CARTESIAN_POINT ( 'NONE',  ( 0.6379674688103071922, 1.224646799147263287E-20, -0.1499999999999999944 ) ) ;
#4327 = ORIENTED_EDGE ( 'NONE', *, *, #924, .T. ) ;
#4328 = DIRECTION ( 'NONE',  ( 0.3420201433256633283, 0.0000000000000000000, -0.9396926207859103153 ) ) ;
#4329 = EDGE_CURVE ( 'NONE', #3164, #2492, #1047, .T. ) ;
#4330 = ORIENTED_EDGE ( 'NONE', *, *, #4190, .F. ) ;
#4331 = DIRECTION ( 'NONE',  ( 0.0000000000000000000, 0.0000000000000000000, 1.000000000000000000 ) ) ;
#4332 = VERTEX_POINT ( 'NONE', #4471 ) ;
#4333 = LINE ( 'NONE', #1874, #3364 ) ;
#4334 = AXIS2_PLACEMENT_3D ( 'NONE', #3636, #4517, #266 ) ;
#4335 = AXIS2_PLACEMENT_3D ( 'NONE', #1396, #4465, #1343 ) ;
#4336 = DIRECTION ( 'NONE',  ( 0.0000000000000000000, 0.0000000000000000000, 1.000000000000000000 ) ) ;
#4337 = LINE ( 'NONE', #803, #4998 ) ;
#4338 = VERTEX_POINT ( 'NONE', #188 ) ;
#4339 = CARTESIAN_POINT ( 'NONE',  ( 0.08166846881030738470, 0.0000000000000000000, -0.01574999999999998623 ) ) ;
#4340 = VECTOR ( 'NONE', #4049, 39.37007874015748143 ) ;
#4341 = DIRECTION ( 'NONE',  ( 0.3420201433256633283, 0.0000000000000000000, -0.9396926207859103153 ) ) ;
#4342 = VERTEX_POINT ( 'NONE', #1911 ) ;
#4343 = VECTOR ( 'NONE', #3688, 39.37007874015748143 ) ;
#4344 = ORIENTED_EDGE ( 'NONE', *, *, #1301, .F. ) ;
#4345 = CARTESIAN_POINT ( 'NONE',  ( 0.3816684688103073597, -0.1100000000000000006, -0.01574999999999998623 ) ) ;
#4346 = AXIS2_PLACEMENT_3D ( 'NONE', #976, #2618, #4331 ) ;
#4347 = AXIS2_PLACEMENT_3D ( 'NONE', #2007, #1587, #5023 ) ;
#4348 = DIRECTION ( 'NONE',  ( -0.3420201433256720991, 0.0000000000000000000, 0.9396926207859070956 ) ) ;
#4349 = LINE ( 'NONE', #3080, #1749 ) ;
#4350 = DIRECTION ( 'NONE',  ( 0.3420201433256665480, 0.0000000000000000000, 0.9396926207859092051 ) ) ;
#4351 = ORIENTED_EDGE ( 'NONE', *, *, #1138, .F. ) ;
#4352 = VERTEX_POINT ( 'NONE', #3601 ) ;
#4353 = ORIENTED_EDGE ( 'NONE', *, *, #2809, .T. ) ;
#4354 = AXIS2_PLACEMENT_3D ( 'NONE', #1773, #3470, #5203 ) ;
#4355 = CIRCLE ( 'NONE', #1664, 0.02874000000000051860 ) ;
#4356 = EDGE_CURVE ( 'NONE', #1684, #335, #5338, .T. ) ;
#4357 = COLOUR_RGB ( '',1.000000000000000000, 0.8039215686274510109, 0.4941176470588235503 ) ;
#4358 = CIRCLE ( 'NONE', #5172, 0.03740000000000053698 ) ;
#4359 = CARTESIAN_POINT ( 'NONE',  ( 0.6816684688103075151, -0.1100000000000000006, -0.01574999999999998623 ) ) ;
#4360 = CARTESIAN_POINT ( 'NONE',  ( 0.1379674688103071922, -0.1100000000000000006, -0.04999999999999999584 ) ) ;
#4361 = VECTOR ( 'NONE', #3292, 39.37007874015748143 ) ;
#4362 = CARTESIAN_POINT ( 'NONE',  ( 0.3379674688103072033, -0.03520000000000000212, -0.1499999999999999944 ) ) ;
#4363 = ORIENTED_EDGE ( 'NONE', *, *, #404, .T. ) ;
#4364 = CARTESIAN_POINT ( 'NONE',  ( 0.2379674688103072255, 1.224646799147263287E-20, -0.1499999999999999944 ) ) ;
#4365 = CIRCLE ( 'NONE', #148, 0.03740000000000053698 ) ;
#4366 = ADVANCED_FACE ( 'NONE', ( #1941 ), #4383, .F. ) ;
#4367 = LINE ( 'NONE', #1750, #1299 ) ;
#4368 = ORIENTED_EDGE ( 'NONE', *, *, #4035, .T. ) ;
#4369 = DIRECTION ( 'NONE',  ( 0.3420201433256665480, -0.0000000000000000000, 0.9396926207859092051 ) ) ;
#4370 = AXIS2_PLACEMENT_3D ( 'NONE', #5132, #2534, #1361 ) ;
#4371 = DIRECTION ( 'NONE',  ( -0.0000000000000000000, 1.000000000000000000, -0.0000000000000000000 ) ) ;
#4372 = EDGE_CURVE ( 'NONE', #3199, #1737, #3216, .T. ) ;
#4373 = CARTESIAN_POINT ( 'NONE',  ( 0.09426646881030741054, -0.1100000000000000006, -0.01574999999999998623 ) ) ;
#4374 = EDGE_LOOP ( 'NONE', ( #5121, #2748, #3602, #2150 ) ) ;
#4375 = FACE_OUTER_BOUND ( 'NONE', #792, .T. ) ;
#4376 = CARTESIAN_POINT ( 'NONE',  ( 0.7379674688103072810, -0.1100000000000000006, -0.1787400000000005096 ) ) ;
#4377 = ORIENTED_EDGE ( 'NONE', *, *, #2380, .T. ) ;
#4378 = ORIENTED_EDGE ( 'NONE', *, *, #3656, .F. ) ;
#4379 = DIRECTION ( 'NONE',  ( -1.000000000000000000, -0.0000000000000000000, -0.0000000000000000000 ) ) ;
#4380 = CARTESIAN_POINT ( 'NONE',  ( 0.1816684688103074319, -0.1100000000000000006, -0.1842499999999996085 ) ) ;
#4381 = DIRECTION ( 'NONE',  ( -0.3420201433256720991, 0.0000000000000000000, 0.9396926207859070956 ) ) ;
#4382 = EDGE_CURVE ( 'NONE', #2981, #4718, #1097, .T. ) ;
#4383 = CYLINDRICAL_SURFACE ( 'NONE', #2557, 0.03740000000000053698 ) ;
#4384 = ORIENTED_EDGE ( 'NONE', *, *, #1902, .F. ) ;
#4385 = ORIENTED_EDGE ( 'NONE', *, *, #5008, .T. ) ;
#4386 = ORIENTED_EDGE ( 'NONE', *, *, #605, .T. ) ;
#4387 = APPLICATION_CONTEXT ( 'automotive_design' ) ;
#4388 = DIRECTION ( 'NONE',  ( -0.0000000000000000000, 1.000000000000000000, -0.0000000000000000000 ) ) ;
#4389 = DIRECTION ( 'NONE',  ( -1.000000000000000000, -0.0000000000000000000, -0.0000000000000000000 ) ) ;
#4390 = AXIS2_PLACEMENT_3D ( 'NONE', #1066, #2677, #2732 ) ;
#4391 = FACE_OUTER_BOUND ( 'NONE', #1930, .T. ) ;
#4392 = ORIENTED_EDGE ( 'NONE', *, *, #1109, .T. ) ;
#4393 = CARTESIAN_POINT ( 'NONE',  ( 0.3379674688103072033, 0.0000000000000000000, -0.08740000000000051894 ) ) ;
#4394 = DIRECTION ( 'NONE',  ( 0.0000000000000000000, 0.0000000000000000000, 1.000000000000000000 ) ) ;
#4395 = CARTESIAN_POINT ( 'NONE',  ( 0.2800000000000003042, 0.0000000000000000000, 0.0000000000000000000 ) ) ;
#4396 = EDGE_CURVE ( 'NONE', #4691, #2682, #765, .T. ) ;
#4397 = DIRECTION ( 'NONE',  ( -0.0000000000000000000, 1.000000000000000000, -0.0000000000000000000 ) ) ;
#4398 = DIRECTION ( 'NONE',  ( 0.3420201433256665480, 0.0000000000000000000, 0.9396926207859092051 ) ) ;
#4399 = ORIENTED_EDGE ( 'NONE', *, *, #2804, .F. ) ;
#4400 = CARTESIAN_POINT ( 'NONE',  ( 0.4999990000000001378, 0.0000000000000000000, -0.1999999999999999833 ) ) ;
#4401 = EDGE_CURVE ( 'NONE', #3239, #793, #2645, .T. ) ;
#4402 = DIRECTION ( 'NONE',  ( -0.0000000000000000000, 1.000000000000000000, -0.0000000000000000000 ) ) ;
#4403 = EDGE_LOOP ( 'NONE', ( #3133, #4627 ) ) ;
#4404 = EDGE_LOOP ( 'NONE', ( #2249, #1606, #4649, #4437 ) ) ;
#4405 = DIRECTION ( 'NONE',  ( -0.3420201433256720991, 0.0000000000000000000, 0.9396926207859070956 ) ) ;
#4406 = PLANE ( 'NONE',  #4608 ) ;
#4407 = SURFACE_STYLE_USAGE ( .BOTH. , #3658 ) ;
#4408 = CARTESIAN_POINT ( 'NONE',  ( 0.4379674688103072366, 0.0000000000000000000, -0.1125999999999994644 ) ) ;
#4409 = EDGE_LOOP ( 'NONE', ( #3378, #736, #4674, #1691 ) ) ;
#4410 = ORIENTED_EDGE ( 'NONE', *, *, #4509, .F. ) ;
#4411 = ORIENTED_EDGE ( 'NONE', *, *, #1346, .F. ) ;
#4412 = EDGE_CURVE ( 'NONE', #5497, #4553, #2525, .T. ) ;
#4413 = LINE ( 'NONE', #3979, #4901 ) ;
#4414 = CARTESIAN_POINT ( 'NONE',  ( 0.1999990000000001211, -0.1100000000000000006, 0.0000000000000000000 ) ) ;
#4415 = CARTESIAN_POINT ( 'NONE',  ( 0.2816684688103074374, 0.0000000000000000000, -0.01574999999999998623 ) ) ;
#4416 = VERTEX_POINT ( 'NONE', #4734 ) ;
#4417 = FACE_OUTER_BOUND ( 'NONE', #5281, .T. ) ;
#4418 = DIRECTION ( 'NONE',  ( 0.0000000000000000000, -0.0000000000000000000, -1.000000000000000000 ) ) ;
#4419 = FACE_OUTER_BOUND ( 'NONE', #2244, .T. ) ;
#4420 = EDGE_CURVE ( 'NONE', #3248, #291, #950, .T. ) ;
#4421 = CARTESIAN_POINT ( 'NONE',  ( 0.3379674688103072033, -0.03520000000000000212, -0.01259999999999946926 ) ) ;
#4422 = ORIENTED_EDGE ( 'NONE', *, *, #5193, .T. ) ;
#4423 = LINE ( 'NONE', #620, #4985 ) ;
#4424 = PRODUCT_DEFINITION_SHAPE ( 'NONE', 'NONE',  #5551 ) ;
#4425 = CARTESIAN_POINT ( 'NONE',  ( 0.4816684688103073930, 0.0000000000000000000, -0.01574999999999998623 ) ) ;
#4426 = VERTEX_POINT ( 'NONE', #5149 ) ;
#4427 = AXIS2_PLACEMENT_3D ( 'NONE', #2081, #898, #1687 ) ;
#4428 = ORIENTED_EDGE ( 'NONE', *, *, #3230, .F. ) ;
#4429 = DIRECTION ( 'NONE',  ( -1.000000000000000000, -0.0000000000000000000, -0.0000000000000000000 ) ) ;
#4430 = EDGE_CURVE ( 'NONE', #4058, #1519, #2585, .T. ) ;
#4431 = AXIS2_PLACEMENT_3D ( 'NONE', #5303, #182, #532 ) ;
#4432 = DIRECTION ( 'NONE',  ( 0.0000000000000000000, -0.0000000000000000000, -1.000000000000000000 ) ) ;
#4433 = VECTOR ( 'NONE', #158, 39.37007874015748143 ) ;
#4434 = SURFACE_STYLE_FILL_AREA ( #4090 ) ;
#4435 = CARTESIAN_POINT ( 'NONE',  ( 0.2379674688103072255, 0.0000000000000000000, -0.1787400000000005096 ) ) ;
#4436 = ORIENTED_EDGE ( 'NONE', *, *, #871, .T. ) ;
#4437 = ORIENTED_EDGE ( 'NONE', *, *, #386, .T. ) ;
#4438 = ORIENTED_EDGE ( 'NONE', *, *, #2173, .F. ) ;
#4439 = CARTESIAN_POINT ( 'NONE',  ( 0.6379674688103071922, -0.1100000000000000006, -0.02125999999999947723 ) ) ;
#4440 = VECTOR ( 'NONE', #4369, 39.37007874015748143 ) ;
#4441 = AXIS2_PLACEMENT_3D ( 'NONE', #1362, #1785, #555 ) ;
#4442 = ADVANCED_FACE ( 'NONE', ( #2558 ), #4299, .F. ) ;
#4443 = DIRECTION ( 'NONE',  ( -0.0000000000000000000, 1.000000000000000000, -0.0000000000000000000 ) ) ;
#4444 = CARTESIAN_POINT ( 'NONE',  ( 0.7379674688103072810, 1.224646799147263287E-20, -0.01259999999999946926 ) ) ;
#4445 = LINE ( 'NONE', #3172, #5005 ) ;
#4446 = VECTOR ( 'NONE', #791, 39.37007874015748143 ) ;
#4447 = AXIS2_PLACEMENT_3D ( 'NONE', #428, #1191, #3335 ) ;
#4448 = VERTEX_POINT ( 'NONE', #1329 ) ;
#4449 = AXIS2_PLACEMENT_3D ( 'NONE', #5337, #187, #2793 ) ;
#4450 = VECTOR ( 'NONE', #3423, 39.37007874015748854 ) ;
#4451 = VECTOR ( 'NONE', #1204, 39.37007874015748143 ) ;
#4452 = PRODUCT_DEFINITION ( 'UNKNOWN', '', #4722, #1550 ) ;
#4453 = AXIS2_PLACEMENT_3D ( 'NONE', #2958, #2539, #4682 ) ;
#4454 = CARTESIAN_POINT ( 'NONE',  ( 0.5379674688103072144, -0.03520000000000000212, -0.02125999999999947029 ) ) ;
#4455 = DIRECTION ( 'NONE',  ( -0.9396926207859092051, 0.0000000000000000000, 0.3420201433256665480 ) ) ;
#4456 = DIRECTION ( 'NONE',  ( 0.0000000000000000000, 0.0000000000000000000, 1.000000000000000000 ) ) ;
#4457 = AXIS2_PLACEMENT_3D ( 'NONE', #4300, #998, #907 ) ;
#4458 = AXIS2_PLACEMENT_3D ( 'NONE', #5199, #2250, #3403 ) ;
#4459 = CARTESIAN_POINT ( 'NONE',  ( 0.5379674688103072144, 0.0000000000000000000, -0.1787400000000005096 ) ) ;
#4460 = AXIS2_PLACEMENT_3D ( 'NONE', #2362, #733, #1574 ) ;
#4461 = CARTESIAN_POINT ( 'NONE',  ( 0.4816684688103075040, 0.0000000000000000000, -0.1842499999999996085 ) ) ;
#4462 = ORIENTED_EDGE ( 'NONE', *, *, #5461, .F. ) ;
#4463 = FACE_BOUND ( 'NONE', #133, .T. ) ;
#4464 = EDGE_CURVE ( 'NONE', #1474, #1034, #451, .T. ) ;
#4465 = DIRECTION ( 'NONE',  ( 0.0000000000000000000, 0.0000000000000000000, 1.000000000000000000 ) ) ;
#4466 = ORIENTED_EDGE ( 'NONE', *, *, #2487, .F. ) ;
#4467 = CARTESIAN_POINT ( 'NONE',  ( 0.5379674688103072144, -0.1100000000000000006, -0.07874000000000051791 ) ) ;
#4468 = CARTESIAN_POINT ( 'NONE',  ( 0.2379674688103072255, -0.03520000000000000212, -0.04999999999999999584 ) ) ;
#4469 = LENGTH_MEASURE_WITH_UNIT ( LENGTH_MEASURE( 0.02539999999999999897 ), #163 );
#4470 = EDGE_CURVE ( 'NONE', #3065, #1232, #931, .T. ) ;
#4471 = CARTESIAN_POINT ( 'NONE',  ( 0.5379674688103072144, -0.03520000000000000212, -0.1787400000000005096 ) ) ;
#4472 = ORIENTED_EDGE ( 'NONE', *, *, #1692, .F. ) ;
#4473 = ORIENTED_EDGE ( 'NONE', *, *, #94, .T. ) ;
#4474 = EDGE_CURVE ( 'NONE', #2633, #3489, #2821, .T. ) ;
#4475 = ORIENTED_EDGE ( 'NONE', *, *, #2723, .T. ) ;
#4476 = PLANE ( 'NONE',  #1001 ) ;
#4477 = EDGE_CURVE ( 'NONE', #793, #858, #3862, .T. ) ;
#4478 = FACE_OUTER_BOUND ( 'NONE', #5341, .T. ) ;
#4479 = CARTESIAN_POINT ( 'NONE',  ( 0.5816684688103074263, -0.1100000000000000006, -0.01574999999999998623 ) ) ;
#4480 = CARTESIAN_POINT ( 'NONE',  ( 0.0000000000000000000, 0.0000000000000000000, 0.0000000000000000000 ) ) ;
#4481 = EDGE_CURVE ( 'NONE', #4129, #4338, #3704, .T. ) ;
#4482 = ORIENTED_EDGE ( 'NONE', *, *, #2847, .F. ) ;
#4483 = PRODUCT_DEFINITION_SHAPE ( 'NONE', 'NONE',  #4452 ) ;
#4484 = CARTESIAN_POINT ( 'NONE',  ( 0.7379674688103072810, 0.0000000000000000000, -0.04999999999999999584 ) ) ;
#4485 = CARTESIAN_POINT ( 'NONE',  ( 0.1379674688103071922, 1.224646799147263287E-20, -0.1874000000000005384 ) ) ;
#4486 = EDGE_CURVE ( 'NONE', #5205, #1896, #4358, .T. ) ;
#4487 = DIRECTION ( 'NONE',  ( 0.0000000000000000000, 0.0000000000000000000, 1.000000000000000000 ) ) ;
#4488 = ORIENTED_EDGE ( 'NONE', *, *, #663, .T. ) ;
#4489 = DIRECTION ( 'NONE',  ( -0.0000000000000000000, 1.000000000000000000, -0.0000000000000000000 ) ) ;
#4490 = CARTESIAN_POINT ( 'NONE',  ( 0.06099999999999970723, 0.0000000000000000000, 0.02900000000000015413 ) ) ;
#4491 = VERTEX_POINT ( 'NONE', #4273 ) ;
#4492 = DIRECTION ( 'NONE',  ( -1.000000000000000000, 0.0000000000000000000, 4.840987058537324418E-16 ) ) ;
#4493 = FACE_OUTER_BOUND ( 'NONE', #677, .T. ) ;
#4494 = DIRECTION ( 'NONE',  ( 0.0000000000000000000, 1.000000000000000000, 0.0000000000000000000 ) ) ;
#4495 = ORIENTED_EDGE ( 'NONE', *, *, #2246, .T. ) ;
#4496 = VERTEX_POINT ( 'NONE', #2116 ) ;
#4497 = ORIENTED_EDGE ( 'NONE', *, *, #3156, .F. ) ;
#4498 = DIRECTION ( 'NONE',  ( -1.000000000000000000, 0.0000000000000000000, 4.840987058537324418E-16 ) ) ;
#4499 = ADVANCED_FACE ( 'NONE', ( #1694 ), #5184, .F. ) ;
#4500 = EDGE_CURVE ( 'NONE', #3248, #1257, #3035, .T. ) ;
#4501 = DIRECTION ( 'NONE',  ( -0.0000000000000000000, 1.000000000000000000, -0.0000000000000000000 ) ) ;
#4502 = DIRECTION ( 'NONE',  ( 1.000000000000000000, 0.0000000000000000000, 0.0000000000000000000 ) ) ;
#4503 = CARTESIAN_POINT ( 'NONE',  ( 0.7879674688103074365, -0.1100000000000000006, -0.1842499999999999416 ) ) ;
#4504 = DIRECTION ( 'NONE',  ( -0.0000000000000000000, 1.000000000000000000, -0.0000000000000000000 ) ) ;
#4505 = ORIENTED_EDGE ( 'NONE', *, *, #4396, .T. ) ;
#4506 = EDGE_CURVE ( 'NONE', #4842, #196, #3838, .T. ) ;
#4507 = DIRECTION ( 'NONE',  ( -1.000000000000000000, 0.0000000000000000000, -0.0000000000000000000 ) ) ;
#4508 = DIRECTION ( 'NONE',  ( -0.0000000000000000000, 1.000000000000000000, -0.0000000000000000000 ) ) ;
#4509 = EDGE_CURVE ( 'NONE', #4836, #3031, #5353, .T. ) ;
#4510 = FACE_OUTER_BOUND ( 'NONE', #4404, .T. ) ;
#4511 = ORIENTED_EDGE ( 'NONE', *, *, #22, .T. ) ;
#4512 = DIRECTION ( 'NONE',  ( -0.0000000000000000000, 1.000000000000000000, -0.0000000000000000000 ) ) ;
#4513 = CARTESIAN_POINT ( 'NONE',  ( 0.6667074688103077351, -0.03520000000000000212, -0.04999999999999999584 ) ) ;
#4514 = ORIENTED_EDGE ( 'NONE', *, *, #4932, .F. ) ;
#4515 = EDGE_CURVE ( 'NONE', #1040, #383, #1802, .T. ) ;
#4516 = PLANE ( 'NONE',  #316 ) ;
#4517 = DIRECTION ( 'NONE',  ( -0.0000000000000000000, 1.000000000000000000, -0.0000000000000000000 ) ) ;
#4518 = CARTESIAN_POINT ( 'NONE',  ( 0.06099999999999970723, 0.0000000000000000000, 0.0000000000000000000 ) ) ;
#4519 = DIRECTION ( 'NONE',  ( 1.000000000000000000, 0.0000000000000000000, 0.0000000000000000000 ) ) ;
#4520 = ORIENTED_EDGE ( 'NONE', *, *, #4041, .F. ) ;
#4521 = ORIENTED_EDGE ( 'NONE', *, *, #2962, .F. ) ;
#4522 = LINE ( 'NONE', #139, #4123 ) ;
#4523 = PRODUCT_DEFINITION_SHAPE ( 'NONE', 'NONE',  #5542 ) ;
#4524 = VECTOR ( 'NONE', #2769, 39.37007874015748143 ) ;
#4525 = AXIS2_PLACEMENT_3D ( 'NONE', #2218, #4402, #559 ) ;
#4526 = LINE ( 'NONE', #3202, #4246 ) ;
#4527 = PRODUCT_CONTEXT ( 'NONE', #431, 'mechanical' ) ;
#4528 = DIRECTION ( 'NONE',  ( -0.0000000000000000000, 1.000000000000000000, -0.0000000000000000000 ) ) ;
#4529 = CARTESIAN_POINT ( 'NONE',  ( 0.1719999999999985985, 0.0000000000000000000, 0.009999999999999346217 ) ) ;
#4530 = VERTEX_POINT ( 'NONE', #5124 ) ;
#4531 = VECTOR ( 'NONE', #3294, 39.37007874015748854 ) ;
#4532 = ADVANCED_FACE ( 'NONE', ( #3810 ), #62, .F. ) ;
#4533 = AXIS2_PLACEMENT_3D ( 'NONE', #995, #3562, #4098 ) ;
#4534 = AXIS2_PLACEMENT_3D ( 'NONE', #1163, #2443, #3356 ) ;
#4535 = CIRCLE ( 'NONE', #3531, 0.02874000000000051860 ) ;
#4536 = CARTESIAN_POINT ( 'NONE',  ( 0.1816684688103074319, -0.1100000000000000006, -0.1842499999999996085 ) ) ;
#4537 = MECHANICAL_DESIGN_GEOMETRIC_PRESENTATION_REPRESENTATION (  '', ( #4908 ), #4810 ) ;
#4538 = EDGE_CURVE ( 'NONE', #4702, #3393, #1354, .T. ) ;
#4539 = AXIS2_PLACEMENT_3D ( 'NONE', #3947, #565, #625 ) ;
#4540 = CIRCLE ( 'NONE', #5434, 0.01849999999999981520 ) ;
#4541 = CARTESIAN_POINT ( 'NONE',  ( 0.07033012701892972507, 0.0000000000000000000, 0.02649999999999929495 ) ) ;
#4542 = CARTESIAN_POINT ( 'NONE',  ( 0.3379674688103072033, -0.03520000000000000212, -0.1499999999999999944 ) ) ;
#4543 = AXIS2_PLACEMENT_3D ( 'NONE', #2984, #3568, #4710 ) ;
#4544 = ORIENTED_EDGE ( 'NONE', *, *, #4500, .T. ) ;
#4545 = CYLINDRICAL_SURFACE ( 'NONE', #1382, 0.02874000000000052207 ) ;
#4546 = CARTESIAN_POINT ( 'NONE',  ( 0.4379674688103072366, 0.0000000000000000000, -0.07874000000000051791 ) ) ;
#4547 = ORIENTED_EDGE ( 'NONE', *, *, #4074, .F. ) ;
#4548 = EDGE_CURVE ( 'NONE', #3199, #2008, #1760, .T. ) ;
#4549 = LINE ( 'NONE', #1175, #3100 ) ;
#4550 = VECTOR ( 'NONE', #4785, 39.37007874015748143 ) ;
#4551 = CARTESIAN_POINT ( 'NONE',  ( 0.4816684688103073930, -0.1100000000000000006, -0.01574999999999998623 ) ) ;
#4552 = ORIENTED_EDGE ( 'NONE', *, *, #448, .F. ) ;
#4553 = VERTEX_POINT ( 'NONE', #5297 ) ;
#4554 = AXIS2_PLACEMENT_3D ( 'NONE', #830, #2935, #4629 ) ;
#4555 = ORIENTED_EDGE ( 'NONE', *, *, #1074, .F. ) ;
#4556 = CARTESIAN_POINT ( 'NONE',  ( 0.09426646881030741054, -0.1100000000000000006, -0.1842499999999996918 ) ) ;
#4557 = EDGE_CURVE ( 'NONE', #134, #4342, #3913, .T. ) ;
#4558 = DIRECTION ( 'NONE',  ( -0.3420201433256654933, 0.0000000000000000000, 0.9396926207859095381 ) ) ;
#4559 = CARTESIAN_POINT ( 'NONE',  ( 0.3759359376206146686, -0.1100000000000000006, -9.478001694819074349E-34 ) ) ;
#4560 = CARTESIAN_POINT ( 'NONE',  ( 0.03796746881030719362, 0.0000000000000000000, -0.1212599999999994932 ) ) ;
#4561 = DIRECTION ( 'NONE',  ( 0.0000000000000000000, 0.0000000000000000000, -1.000000000000000000 ) ) ;
#4562 = VERTEX_POINT ( 'NONE', #9 ) ;
#4563 = CARTESIAN_POINT ( 'NONE',  ( 0.03796746881030719362, -0.03520000000000000212, -0.02125999999999947029 ) ) ;
#4564 =( REPRESENTATION_RELATIONSHIP ('NONE','NONE', #4944, #1631 ) REPRESENTATION_RELATIONSHIP_WITH_TRANSFORMATION ( #1865 )SHAPE_REPRESENTATION_RELATIONSHIP( ) );
#4566 = ADVANCED_FACE ( 'NONE', ( #2622 ), #4077, .F. ) ;
#4565 = DIRECTION ( 'NONE',  ( 0.0000000000000000000, 0.0000000000000000000, 1.000000000000000000 ) ) ;
#4567 = ORIENTED_EDGE ( 'NONE', *, *, #1373, .F. ) ;
#4568 = CARTESIAN_POINT ( 'NONE',  ( 0.0000000000000000000, 0.0000000000000000000, 0.009999999999999210909 ) ) ;
#4569 = DIRECTION ( 'NONE',  ( -1.000000000000000000, -0.0000000000000000000, -0.0000000000000000000 ) ) ;
#4570 = ORIENTED_EDGE ( 'NONE', *, *, #2338, .T. ) ;
#4571 = DIRECTION ( 'NONE',  ( -1.000000000000000000, -0.0000000000000000000, -0.0000000000000000000 ) ) ;
#4572 = EDGE_CURVE ( 'NONE', #4033, #1753, #1582, .T. ) ;
#4573 = FACE_OUTER_BOUND ( 'NONE', #3315, .T. ) ;
#4574 = CARTESIAN_POINT ( 'NONE',  ( 0.2379674688103072255, 0.0000000000000000000, -0.04999999999999999584 ) ) ;
#4575 = ORIENTED_EDGE ( 'NONE', *, *, #2264, .T. ) ;
#4576 = ORIENTED_EDGE ( 'NONE', *, *, #5008, .F. ) ;
#4577 = ORIENTED_EDGE ( 'NONE', *, *, #1416, .T. ) ;
#4578 = LINE ( 'NONE', #5060, #4451 ) ;
#4579 = DIMENSIONAL_EXPONENTS ( 1.000000000000000000, 0.0000000000000000000, 0.0000000000000000000, 0.0000000000000000000, 0.0000000000000000000, 0.0000000000000000000, 0.0000000000000000000 ) ;
#4580 = PLANE ( 'NONE',  #5335 ) ;
#4581 = DIRECTION ( 'NONE',  ( -0.0000000000000000000, 1.000000000000000000, -0.0000000000000000000 ) ) ;
#4582 = CARTESIAN_POINT ( 'NONE',  ( 0.7759349376206150506, -0.1100000000000000006, -0.2000000000000000111 ) ) ;
#4583 = DIRECTION ( 'NONE',  ( -0.0000000000000000000, 1.000000000000000000, -0.0000000000000000000 ) ) ;
#4584 = VERTEX_POINT ( 'NONE', #3461 ) ;
#4585 = CYLINDRICAL_SURFACE ( 'NONE', #510, 0.02874000000000052207 ) ;
#4586 = CARTESIAN_POINT ( 'NONE',  ( 0.3379674688103072033, 1.224646799147263287E-20, -0.04999999999999999584 ) ) ;
#4587 = EDGE_LOOP ( 'NONE', ( #4766, #5051, #1551, #2194 ) ) ;
#4588 = DIRECTION ( 'NONE',  ( 0.0000000000000000000, 0.0000000000000000000, 1.000000000000000000 ) ) ;
#4589 = EDGE_LOOP ( 'NONE', ( #2634, #473 ) ) ;
#4590 = FACE_OUTER_BOUND ( 'NONE', #101, .T. ) ;
#4591 = ORIENTED_EDGE ( 'NONE', *, *, #3968, .F. ) ;
#4592 = ADVANCED_FACE ( 'NONE', ( #4220 ), #2536, .F. ) ;
#4593 = CARTESIAN_POINT ( 'NONE',  ( 0.4379674688103072366, 1.224646799147263287E-20, -0.04999999999999999584 ) ) ;
#4594 = CARTESIAN_POINT ( 'NONE',  ( 0.3379674688103072033, 0.0000000000000000000, -0.1499999999999999944 ) ) ;
#4595 =( LENGTH_UNIT ( ) NAMED_UNIT ( * ) SI_UNIT ( $, .METRE. ) );
#4596 = ORIENTED_EDGE ( 'NONE', *, *, #3864, .F. ) ;
#4597 = ORIENTED_EDGE ( 'NONE', *, *, #5088, .F. ) ;
#4598 = ORIENTED_EDGE ( 'NONE', *, *, #278, .T. ) ;
#4599 = LINE ( 'NONE', #2465, #1492 ) ;
#4600 = EDGE_CURVE ( 'NONE', #421, #1728, #2915, .T. ) ;
#4601 = LINE ( 'NONE', #5062, #212 ) ;
#4602 = ITEM_DEFINED_TRANSFORMATION ( 'NONE', 'NONE', #140,  #1046 ) ;
#4603 = PLANE ( 'NONE',  #2628 ) ;
#4604 = DIRECTION ( 'NONE',  ( 0.0000000000000000000, 0.0000000000000000000, -1.000000000000000000 ) ) ;
#4605 = CARTESIAN_POINT ( 'NONE',  ( 0.03796746881030719362, 0.0000000000000000000, -0.04999999999999999584 ) ) ;
#4606 = ORIENTED_EDGE ( 'NONE', *, *, #3532, .F. ) ;
#4607 = ADVANCED_FACE ( 'NONE', ( #2595 ), #1252, .F. ) ;
#4608 = AXIS2_PLACEMENT_3D ( 'NONE', #3921, #5284, #3112 ) ;
#4609 = CIRCLE ( 'NONE', #5068, 0.03740000000000053004 ) ;
#4610 = DIRECTION ( 'NONE',  ( -1.000000000000000000, -0.0000000000000000000, -0.0000000000000000000 ) ) ;
#4611 = AXIS2_PLACEMENT_3D ( 'NONE', #5327, #2350, #2869 ) ;
#4612 = VECTOR ( 'NONE', #1891, 39.37007874015748143 ) ;
#4613 = VECTOR ( 'NONE', #3756, 39.37007874015748143 ) ;
#4614 = DIRECTION ( 'NONE',  ( -0.0000000000000000000, 1.000000000000000000, -0.0000000000000000000 ) ) ;
#4615 = ORIENTED_EDGE ( 'NONE', *, *, #1993, .F. ) ;
#4616 = CARTESIAN_POINT ( 'NONE',  ( 0.3816684688103073597, -0.1100000000000000006, -0.01574999999999998623 ) ) ;
#4617 = AXIS2_PLACEMENT_3D ( 'NONE', #3972, #2771, #1885 ) ;
#4618 = CARTESIAN_POINT ( 'NONE',  ( 0.3942664688103074133, -0.1100000000000000006, -0.01574999999999998623 ) ) ;
#4619 = VERTEX_POINT ( 'NONE', #865 ) ;
#4620 = AXIS2_PLACEMENT_3D ( 'NONE', #5537, #3366, #1698 ) ;
#4621 = VECTOR ( 'NONE', #2191, 39.37007874015748143 ) ;
#4622 = LINE ( 'NONE', #2900, #1220 ) ;
#4623 = AXIS2_PLACEMENT_3D ( 'NONE', #478, #2199, #2946 ) ;
#4624 = VECTOR ( 'NONE', #414, 39.37007874015748143 ) ;
#4625 = EDGE_CURVE ( 'NONE', #4718, #3716, #5264, .T. ) ;
#4626 = LINE ( 'NONE', #3374, #3877 ) ;
#4627 = ORIENTED_EDGE ( 'NONE', *, *, #5500, .F. ) ;
#4628 = DIRECTION ( 'NONE',  ( 0.0000000000000000000, -1.000000000000000000, 0.0000000000000000000 ) ) ;
#4629 = DIRECTION ( 'NONE',  ( 0.0000000000000000000, 0.0000000000000000000, 1.000000000000000000 ) ) ;
#4630 = VERTEX_POINT ( 'NONE', #1277 ) ;
#4631 = ORIENTED_EDGE ( 'NONE', *, *, #3079, .T. ) ;
#4632 = CIRCLE ( 'NONE', #962, 0.03740000000000053698 ) ;
#4633 = VECTOR ( 'NONE', #1041, 39.37007874015748143 ) ;
#4634 = CARTESIAN_POINT ( 'NONE',  ( 0.6816684688103075151, 0.0000000000000000000, -0.01574999999999998623 ) ) ;
#4635 = CIRCLE ( 'NONE', #2220, 0.03740000000000053698 ) ;
#4636 = CARTESIAN_POINT ( 'NONE',  ( 0.5942664688103074244, -0.1100000000000000006, -0.1842499999999996918 ) ) ;
#4637 = DIRECTION ( 'NONE',  ( 0.0000000000000000000, 0.0000000000000000000, 1.000000000000000000 ) ) ;
#4638 = VECTOR ( 'NONE', #3621, 39.37007874015748143 ) ;
#4639 = EDGE_CURVE ( 'NONE', #14, #2334, #1678, .T. ) ;
#4640 = CYLINDRICAL_SURFACE ( 'NONE', #696, 0.03740000000000053004 ) ;
#4641 = CARTESIAN_POINT ( 'NONE',  ( 0.03796746881030719362, -0.1100000000000000006, -0.04999999999999999584 ) ) ;
#4642 = EDGE_LOOP ( 'NONE', ( #472, #5188 ) ) ;
#4643 = ORIENTED_EDGE ( 'NONE', *, *, #3840, .F. ) ;
#4644 = EDGE_CURVE ( 'NONE', #4491, #3324, #4310, .T. ) ;
#4645 = CIRCLE ( 'NONE', #523, 0.009999999999999346217 ) ;
#4646 = EDGE_CURVE ( 'NONE', #5213, #1324, #828, .T. ) ;
#4647 = FACE_OUTER_BOUND ( 'NONE', #281, .T. ) ;
#4648 = DIRECTION ( 'NONE',  ( -0.0000000000000000000, 1.000000000000000000, -0.0000000000000000000 ) ) ;
#4649 = ORIENTED_EDGE ( 'NONE', *, *, #2890, .F. ) ;
#4650 = DIRECTION ( 'NONE',  ( 1.000000000000000000, 0.0000000000000000000, -5.421193827719211569E-15 ) ) ;
#4651 = DIRECTION ( 'NONE',  ( 0.0000000000000000000, 0.0000000000000000000, 1.000000000000000000 ) ) ;
#4652 = VERTEX_POINT ( 'NONE', #2215 ) ;
#4653 = PLANE ( 'NONE',  #863 ) ;
#4654 = EDGE_CURVE ( 'NONE', #5217, #4108, #4337, .T. ) ;
#4655 = DIRECTION ( 'NONE',  ( 1.000000000000000000, 0.0000000000000000000, -5.421193827719211569E-15 ) ) ;
#4656 = PRESENTATION_STYLE_ASSIGNMENT (( #2096 ) ) ;
#4657 = CARTESIAN_POINT ( 'NONE',  ( 0.7379674688103072810, 0.0000000000000000000, -0.1499999999999999944 ) ) ;
#4658 = DIRECTION ( 'NONE',  ( -0.0000000000000000000, 1.000000000000000000, -0.0000000000000000000 ) ) ;
#4659 = ORIENTED_EDGE ( 'NONE', *, *, #4083, .T. ) ;
#4660 = ORIENTED_EDGE ( 'NONE', *, *, #2578, .F. ) ;
#4661 = LINE ( 'NONE', #3686, #4911 ) ;
#4662 = DIRECTION ( 'NONE',  ( 0.9396926207859104263, 0.0000000000000000000, 0.3420201433256633838 ) ) ;
#4663 = DIRECTION ( 'NONE',  ( 0.0000000000000000000, 0.0000000000000000000, 1.000000000000000000 ) ) ;
#4664 = DIRECTION ( 'NONE',  ( 0.3420201433256664925, 0.0000000000000000000, 0.9396926207859092051 ) ) ;
#4665 = VERTEX_POINT ( 'NONE', #5165 ) ;
#4666 = EDGE_LOOP ( 'NONE', ( #4145, #4092, #3774, #2092 ) ) ;
#4667 = EDGE_LOOP ( 'NONE', ( #3023, #215 ) ) ;
#4668 = EDGE_CURVE ( 'NONE', #711, #3808, #462, .T. ) ;
#4669 = ADVANCED_FACE ( 'NONE', ( #4250 ), #1340, .F. ) ;
#4670 = CARTESIAN_POINT ( 'NONE',  ( 0.0000000000000000000, 3.429011037612589091E-18, -0.02800000000000000405 ) ) ;
#4671 = CARTESIAN_POINT ( 'NONE',  ( 0.7379674688103072810, 1.224646799147263287E-20, -0.04999999999999999584 ) ) ;
#4672 = EDGE_CURVE ( 'NONE', #2359, #985, #48, .T. ) ;
#4673 = DIRECTION ( 'NONE',  ( 0.0000000000000000000, 0.0000000000000000000, 1.000000000000000000 ) ) ;
#4674 = ORIENTED_EDGE ( 'NONE', *, *, #1409, .F. ) ;
#4675 = DIRECTION ( 'NONE',  ( -1.000000000000000000, -0.0000000000000000000, -0.0000000000000000000 ) ) ;
#4676 = DIRECTION ( 'NONE',  ( 0.0000000000000000000, 0.0000000000000000000, 1.000000000000000000 ) ) ;
#4677 = VERTEX_POINT ( 'NONE', #150 ) ;
#4678 = DIRECTION ( 'NONE',  ( 0.3420201433256665480, -0.0000000000000000000, 0.9396926207859092051 ) ) ;
#4679 = EDGE_CURVE ( 'NONE', #5213, #5220, #2305, .T. ) ;
#4680 = CARTESIAN_POINT ( 'NONE',  ( 0.2379674688103072255, 0.0000000000000000000, -0.04999999999999999584 ) ) ;
#4681 = DIRECTION ( 'NONE',  ( -4.840987058537324418E-16, 0.0000000000000000000, -1.000000000000000000 ) ) ;
#4682 = DIRECTION ( 'NONE',  ( 0.0000000000000000000, -1.000000000000000000, 0.0000000000000000000 ) ) ;
#4683 = DIRECTION ( 'NONE',  ( -0.0000000000000000000, 1.000000000000000000, -0.0000000000000000000 ) ) ;
#4684 = ORIENTED_EDGE ( 'NONE', *, *, #453, .F. ) ;
#4685 = ORIENTED_EDGE ( 'NONE', *, *, #1720, .T. ) ;
#4686 = ORIENTED_EDGE ( 'NONE', *, *, #365, .T. ) ;
#4687 = DIRECTION ( 'NONE',  ( -0.0000000000000000000, 1.000000000000000000, -0.0000000000000000000 ) ) ;
#4688 = FACE_BOUND ( 'NONE', #3082, .T. ) ;
#4689 = FACE_OUTER_BOUND ( 'NONE', #504, .T. ) ;
#4690 = PLANE ( 'NONE',  #2115 ) ;
#4691 = VERTEX_POINT ( 'NONE', #615 ) ;
#4692 = EDGE_LOOP ( 'NONE', ( #4576, #2601, #1518, #56 ) ) ;
#4693 = EDGE_LOOP ( 'NONE', ( #885, #814, #2973, #4307 ) ) ;
#4694 = CARTESIAN_POINT ( 'NONE',  ( 0.09426646881030741054, 0.0000000000000000000, -0.01574999999999998623 ) ) ;
#4695 = CARTESIAN_POINT ( 'NONE',  ( 0.3999990000000001600, -0.1100000000000000006, 0.0000000000000000000 ) ) ;
#4696 = EDGE_CURVE ( 'NONE', #3717, #2590, #5433, .T. ) ;
#4697 = ORIENTED_EDGE ( 'NONE', *, *, #4041, .T. ) ;
#4698 = AXIS2_PLACEMENT_3D ( 'NONE', #4777, #2164, #1709 ) ;
#4699 = AXIS2_PLACEMENT_3D ( 'NONE', #2680, #3046, #5244 ) ;
#4700 = AXIS2_PLACEMENT_3D ( 'NONE', #398, #1248, #5513 ) ;
#4701 = PLANE ( 'NONE',  #4620 ) ;
#4702 = VERTEX_POINT ( 'NONE', #2322 ) ;
#4703 = CYLINDRICAL_SURFACE ( 'NONE', #849, 0.02874000000000051860 ) ;
#4704 = ADVANCED_FACE ( 'NONE', ( #637 ), #2758, .F. ) ;
#4705 = ORIENTED_EDGE ( 'NONE', *, *, #2211, .T. ) ;
#4706 = VECTOR ( 'NONE', #4215, 39.37007874015748143 ) ;
#4707 = VECTOR ( 'NONE', #4010, 39.37007874015748854 ) ;
#4708 = LINE ( 'NONE', #4541, #3993 ) ;
#4709 = VECTOR ( 'NONE', #3831, 39.37007874015748143 ) ;
#4710 = DIRECTION ( 'NONE',  ( -0.3420201433256695456, 0.0000000000000000000, -0.9396926207859080948 ) ) ;
#4711 = CARTESIAN_POINT ( 'NONE',  ( 0.03796746881030720056, 0.0000000000000000000, -0.08740000000000051894 ) ) ;
#4712 = VECTOR ( 'NONE', #3064, 39.37007874015748143 ) ;
#4713 = ADVANCED_FACE ( 'NONE', ( #1955 ), #2783, .T. ) ;
#4714 = CYLINDRICAL_SURFACE ( 'NONE', #967, 0.02874000000000052207 ) ;
#4715 = VERTEX_POINT ( 'NONE', #198 ) ;
#4716 = AXIS2_PLACEMENT_3D ( 'NONE', #2109, #1212, #1575 ) ;
#4717 = ORIENTED_EDGE ( 'NONE', *, *, #5526, .T. ) ;
#4718 = VERTEX_POINT ( 'NONE', #4072 ) ;
#4719 = FACE_OUTER_BOUND ( 'NONE', #5538, .T. ) ;
#4720 = AXIS2_PLACEMENT_3D ( 'NONE', #496, #1872, #3398 ) ;
#4721 = VECTOR ( 'NONE', #525, 39.37007874015748143 ) ;
#4722 = PRODUCT_DEFINITION_FORMATION_WITH_SPECIFIED_SOURCE ( 'ANY', '', #169, .NOT_KNOWN. ) ;
#4723 = CYLINDRICAL_SURFACE ( 'NONE', #1832, 0.02874000000000051860 ) ;
#4724 = LINE ( 'NONE', #17, #4992 ) ;
#4725 = AXIS2_PLACEMENT_3D ( 'NONE', #3444, #3928, #1242 ) ;
#4726 = CARTESIAN_POINT ( 'NONE',  ( 0.03796746881030720056, -0.03520000000000000212, -0.08740000000000051894 ) ) ;
#4727 = ORIENTED_EDGE ( 'NONE', *, *, #2696, .T. ) ;
#4728 = ORIENTED_EDGE ( 'NONE', *, *, #5237, .T. ) ;
#4729 = ORIENTED_EDGE ( 'NONE', *, *, #3967, .F. ) ;
#4730 = ADVANCED_FACE ( 'NONE', ( #4991, #2345 ), #2400, .F. ) ;
#4731 = CIRCLE ( 'NONE', #4913, 0.02874000000000051860 ) ;
#4732 = ADVANCED_FACE ( 'NONE', ( #1465 ), #1900, .F. ) ;
#4733 = CARTESIAN_POINT ( 'NONE',  ( -0.01203253118969264089, -0.1100000000000000006, -0.1842499999999996918 ) ) ;
#4734 = CARTESIAN_POINT ( 'NONE',  ( 0.5942664688103074244, 0.0000000000000000000, -0.1842499999999996918 ) ) ;
#4735 = LINE ( 'NONE', #4763, #2742 ) ;
#4736 = ORIENTED_EDGE ( 'NONE', *, *, #3291, .F. ) ;
#4737 = CARTESIAN_POINT ( 'NONE',  ( -0.01203253118969264089, -0.1100000000000000006, -0.1842499999999996918 ) ) ;
#4738 = EDGE_LOOP ( 'NONE', ( #3914, #2569, #2786, #1079 ) ) ;
#4739 = CARTESIAN_POINT ( 'NONE',  ( 0.3379674688103072033, 0.0000000000000000000, -0.1499999999999999944 ) ) ;
#4740 = ORIENTED_EDGE ( 'NONE', *, *, #4500, .F. ) ;
#4741 = DIRECTION ( 'NONE',  ( 0.0000000000000000000, -1.000000000000000000, 0.0000000000000000000 ) ) ;
#4742 = ADVANCED_FACE ( 'NONE', ( #4019, #232 ), #4043, .F. ) ;
#4743 = EDGE_CURVE ( 'NONE', #1635, #1648, #602, .T. ) ;
#4744 = DIRECTION ( 'NONE',  ( -0.0000000000000000000, 1.000000000000000000, -0.0000000000000000000 ) ) ;
#4745 = DIRECTION ( 'NONE',  ( -0.0000000000000000000, 1.000000000000000000, -0.0000000000000000000 ) ) ;
#4746 = EDGE_CURVE ( 'NONE', #2711, #648, #3648, .T. ) ;
#4747 = FACE_OUTER_BOUND ( 'NONE', #2185, .T. ) ;
#4748 = FACE_OUTER_BOUND ( 'NONE', #3497, .T. ) ;
#4749 = ORIENTED_EDGE ( 'NONE', *, *, #3901, .F. ) ;
#4750 = ORIENTED_EDGE ( 'NONE', *, *, #3968, .T. ) ;
#4751 = ORIENTED_EDGE ( 'NONE', *, *, #1138, .T. ) ;
#4752 = FACE_OUTER_BOUND ( 'NONE', #3551, .T. ) ;
#4753 =( REPRESENTATION_RELATIONSHIP ('NONE','NONE', #4944, #1631 ) REPRESENTATION_RELATIONSHIP_WITH_TRANSFORMATION ( #3119 )SHAPE_REPRESENTATION_RELATIONSHIP( ) );
#4754 = ADVANCED_FACE ( 'NONE', ( #2367 ), #5382, .F. ) ;
#4755 = FACE_BOUND ( 'NONE', #3281, .T. ) ;
#4756 = CARTESIAN_POINT ( 'NONE',  ( 0.2379674688103072255, -0.03520000000000000212, -0.1787400000000005096 ) ) ;
#4757 = CARTESIAN_POINT ( 'NONE',  ( 0.5759359376206146797, 0.0000000000000000000, -0.1999999999999999833 ) ) ;
#4758 = EDGE_LOOP ( 'NONE', ( #2614, #2320, #3890, #3377 ) ) ;
#4759 = ORIENTED_EDGE ( 'NONE', *, *, #1978, .T. ) ;
#4760 = VERTEX_POINT ( 'NONE', #1027 ) ;
#4761 = CARTESIAN_POINT ( 'NONE',  ( 0.0000000000000000000, 0.0000000000000000000, 0.0000000000000000000 ) ) ;
#4762 = CARTESIAN_POINT ( 'NONE',  ( 0.7379674688103072810, 0.0000000000000000000, -0.1212599999999994932 ) ) ;
#4763 = CARTESIAN_POINT ( 'NONE',  ( 0.7759349376206150506, -0.1100000000000000006, -0.2000000000000000111 ) ) ;
#4764 = VERTEX_POINT ( 'NONE', #4877 ) ;
#4765 = CARTESIAN_POINT ( 'NONE',  ( 0.0000000000000000000, 0.0000000000000000000, 0.0000000000000000000 ) ) ;
#4766 = ORIENTED_EDGE ( 'NONE', *, *, #5375, .F. ) ;
#4767 = CARTESIAN_POINT ( 'NONE',  ( 0.6379674688103071922, -0.03520000000000000212, -0.02125999999999947029 ) ) ;
#4768 = ORIENTED_EDGE ( 'NONE', *, *, #237, .T. ) ;
#4769 = CARTESIAN_POINT ( 'NONE',  ( 0.03796746881030719362, 0.0000000000000000000, -0.01259999999999946926 ) ) ;
#4770 = CARTESIAN_POINT ( 'NONE',  ( 0.1379674688103071922, 0.0000000000000000000, -0.1499999999999999944 ) ) ;
#4771 = DIRECTION ( 'NONE',  ( 0.0000000000000000000, 0.0000000000000000000, 1.000000000000000000 ) ) ;
#4772 = ORIENTED_EDGE ( 'NONE', *, *, #5381, .F. ) ;
#4773 = FACE_BOUND ( 'NONE', #627, .T. ) ;
#4774 = FACE_OUTER_BOUND ( 'NONE', #3072, .T. ) ;
#4775 = ORIENTED_EDGE ( 'NONE', *, *, #3598, .F. ) ;
#4776 = CARTESIAN_POINT ( 'NONE',  ( 0.6379674688103071922, -0.03520000000000000212, -0.1125999999999994644 ) ) ;
#4777 = CARTESIAN_POINT ( 'NONE',  ( 0.07033012701892972507, 0.0000000000000000000, 0.0000000000000000000 ) ) ;
#4778 = DIRECTION ( 'NONE',  ( -0.0000000000000000000, 1.000000000000000000, -0.0000000000000000000 ) ) ;
#4779 = CARTESIAN_POINT ( 'NONE',  ( 0.03796746881030719362, -0.1100000000000000006, -0.1212599999999994932 ) ) ;
#4780 = ORIENTED_EDGE ( 'NONE', *, *, #1720, .F. ) ;
#4781 = VERTEX_POINT ( 'NONE', #4563 ) ;
#4782 = ADVANCED_FACE ( 'NONE', ( #2728 ), #2806, .F. ) ;
#4783 = ORIENTED_EDGE ( 'NONE', *, *, #652, .T. ) ;
#4784 = DIRECTION ( 'NONE',  ( -1.000000000000000000, 0.0000000000000000000, -0.0000000000000000000 ) ) ;
#4785 = DIRECTION ( 'NONE',  ( 1.000000000000000000, 0.0000000000000000000, 0.0000000000000000000 ) ) ;
#4786 = EDGE_CURVE ( 'NONE', #1592, #5035, #3590, .T. ) ;
#4787 = VERTEX_POINT ( 'NONE', #3673 ) ;
#4788 = CARTESIAN_POINT ( 'NONE',  ( 0.1379674688103071922, 0.0000000000000000000, -0.04999999999999999584 ) ) ;
#4789 = AXIS2_PLACEMENT_3D ( 'NONE', #3120, #5232, #4012 ) ;
#4790 = DIRECTION ( 'NONE',  ( -0.3420201433256694346, -0.0000000000000000000, -0.9396926207859080948 ) ) ;
#4791 = EDGE_LOOP ( 'NONE', ( #4772, #4843, #2270, #536 ) ) ;
#4792 = CARTESIAN_POINT ( 'NONE',  ( 0.4999990000000001378, 0.0000000000000000000, 0.0000000000000000000 ) ) ;
#4793 = EDGE_CURVE ( 'NONE', #4952, #2219, #5082, .T. ) ;
#4794 = CARTESIAN_POINT ( 'NONE',  ( 0.0000000000000000000, 0.0000000000000000000, 0.0000000000000000000 ) ) ;
#4795 = VECTOR ( 'NONE', #4528, 39.37007874015748143 ) ;
#4796 = CIRCLE ( 'NONE', #3609, 0.02874000000000051860 ) ;
#4797 = ADVANCED_FACE ( 'NONE', ( #1553 ), #2423, .T. ) ;
#4798 = DIRECTION ( 'NONE',  ( -4.840987058537324418E-16, 0.0000000000000000000, -1.000000000000000000 ) ) ;
#4799 = EDGE_LOOP ( 'NONE', ( #4320, #3751, #2963, #5012 ) ) ;
#4800 = DIRECTION ( 'NONE',  ( -0.0000000000000000000, 1.000000000000000000, -0.0000000000000000000 ) ) ;
#4801 = CIRCLE ( 'NONE', #2104, 0.03740000000000053004 ) ;
#4802 = DIRECTION ( 'NONE',  ( 0.0000000000000000000, 0.0000000000000000000, 1.000000000000000000 ) ) ;
#4803 = ORIENTED_EDGE ( 'NONE', *, *, #768, .F. ) ;
#4804 = VECTOR ( 'NONE', #4558, 39.37007874015748143 ) ;
#4805 = EDGE_LOOP ( 'NONE', ( #4254, #4555, #2112, #2414 ) ) ;
#4806 = DIRECTION ( 'NONE',  ( 0.9396926207859104263, 0.0000000000000000000, 0.3420201433256633838 ) ) ;
#4807 = VECTOR ( 'NONE', #5025, 39.37007874015748143 ) ;
#4808 = VECTOR ( 'NONE', #4941, 39.37007874015748143 ) ;
#4809 = DIRECTION ( 'NONE',  ( -0.0000000000000000000, 1.000000000000000000, -0.0000000000000000000 ) ) ;
#4810 =( GEOMETRIC_REPRESENTATION_CONTEXT ( 3 ) GLOBAL_UNCERTAINTY_ASSIGNED_CONTEXT ( ( #1164 ) ) GLOBAL_UNIT_ASSIGNED_CONTEXT ( ( #5391, #4894, #1940 ) ) REPRESENTATION_CONTEXT ( 'NONE', 'WORKASPACE' ) );
#4811 = DIRECTION ( 'NONE',  ( 0.3420201433256633283, 0.0000000000000000000, -0.9396926207859103153 ) ) ;
#4812 = CARTESIAN_POINT ( 'NONE',  ( 0.03796746881030719362, -0.03520000000000000212, -0.1499999999999999944 ) ) ;
#4813 = EDGE_LOOP ( 'NONE', ( #2863, #2789 ) ) ;
#4814 = ORIENTED_EDGE ( 'NONE', *, *, #1159, .T. ) ;
#4815 = ORIENTED_EDGE ( 'NONE', *, *, #69, .F. ) ;
#4816 = AXIS2_PLACEMENT_3D ( 'NONE', #3521, #3638, #1453 ) ;
#4817 = CIRCLE ( 'NONE', #5173, 0.03740000000000053698 ) ;
#4818 = EDGE_CURVE ( 'NONE', #867, #446, #3776, .T. ) ;
#4819 = AXIS2_PLACEMENT_3D ( 'NONE', #2157, #1312, #3847 ) ;
#4820 = FACE_BOUND ( 'NONE', #1555, .T. ) ;
#4821 = DIRECTION ( 'NONE',  ( 0.0000000000000000000, 0.0000000000000000000, 1.000000000000000000 ) ) ;
#4822 = VECTOR ( 'NONE', #3049, 39.37007874015748143 ) ;
#4823 = LINE ( 'NONE', #547, #3275 ) ;
#4824 = ORIENTED_EDGE ( 'NONE', *, *, #2223, .T. ) ;
#4825 = CARTESIAN_POINT ( 'NONE',  ( 0.1999990000000001211, -0.1100000000000000006, 0.0000000000000000000 ) ) ;
#4826 = AXIS2_PLACEMENT_3D ( 'NONE', #611, #2836, #4935 ) ;
#4827 = EDGE_CURVE ( 'NONE', #205, #3359, #2086, .T. ) ;
#4828 = DIRECTION ( 'NONE',  ( -0.0000000000000000000, 1.000000000000000000, -0.0000000000000000000 ) ) ;
#4829 = CARTESIAN_POINT ( 'NONE',  ( -0.01203253118969264089, 0.0000000000000000000, -0.1842499999999996918 ) ) ;
#4830 = CIRCLE ( 'NONE', #4277, 0.03740000000000053698 ) ;
#4831 = CARTESIAN_POINT ( 'NONE',  ( 0.2379674688103072255, 0.0000000000000000000, -0.08740000000000051894 ) ) ;
#4832 = CARTESIAN_POINT ( 'NONE',  ( 0.6816684688103075151, -0.1100000000000000006, -0.1842499999999996085 ) ) ;
#4833 = ORIENTED_EDGE ( 'NONE', *, *, #103, .T. ) ;
#4834 = FACE_BOUND ( 'NONE', #831, .T. ) ;
#4835 = CARTESIAN_POINT ( 'NONE',  ( 0.0000000000000000000, 0.0000000000000000000, 0.0000000000000000000 ) ) ;
#4836 = VERTEX_POINT ( 'NONE', #5045 ) ;
#4837 = EDGE_CURVE ( 'NONE', #1737, #3948, #4183, .T. ) ;
#4838 = VERTEX_POINT ( 'NONE', #845 ) ;
#4839 = CYLINDRICAL_SURFACE ( 'NONE', #3273, 0.03740000000000053698 ) ;
#4840 = CARTESIAN_POINT ( 'NONE',  ( 0.4759359376206147019, 0.0000000000000000000, -0.1999999999999999833 ) ) ;
#4841 = DIRECTION ( 'NONE',  ( -0.0000000000000000000, 1.000000000000000000, -0.0000000000000000000 ) ) ;
#4842 = VERTEX_POINT ( 'NONE', #3732 ) ;
#4843 = ORIENTED_EDGE ( 'NONE', *, *, #1353, .F. ) ;
#4844 = ORIENTED_EDGE ( 'NONE', *, *, #1512, .F. ) ;
#4845 = LINE ( 'NONE', #1740, #2822 ) ;
#4846 = ITEM_DEFINED_TRANSFORMATION ( 'NONE', 'NONE', #771,  #1046 ) ;
#4847 = DIRECTION ( 'NONE',  ( 0.0000000000000000000, 0.0000000000000000000, 1.000000000000000000 ) ) ;
#4848 = DIRECTION ( 'NONE',  ( -0.0000000000000000000, 1.000000000000000000, -0.0000000000000000000 ) ) ;
#4849 = ORIENTED_EDGE ( 'NONE', *, *, #4261, .T. ) ;
#4850 = ADVANCED_FACE ( 'NONE', ( #5020 ), #5507, .T. ) ;
#4851 = DIRECTION ( 'NONE',  ( 0.0000000000000000000, 0.0000000000000000000, 1.000000000000000000 ) ) ;
#4852 = DIRECTION ( 'NONE',  ( -1.000000000000000000, -0.0000000000000000000, -0.0000000000000000000 ) ) ;
#4853 = EDGE_CURVE ( 'NONE', #1155, #1372, #1140, .T. ) ;
#4854 = DIRECTION ( 'NONE',  ( -0.0000000000000000000, 1.000000000000000000, -0.0000000000000000000 ) ) ;
#4855 = CARTESIAN_POINT ( 'NONE',  ( 0.7379674688103072810, 0.0000000000000000000, -0.02125999999999947376 ) ) ;
#4856 = ORIENTED_EDGE ( 'NONE', *, *, #5127, .F. ) ;
#4857 = DIRECTION ( 'NONE',  ( 0.3420201433256665480, -0.0000000000000000000, 0.9396926207859092051 ) ) ;
#4858 = FACE_OUTER_BOUND ( 'NONE', #3317, .T. ) ;
#4859 = ORIENTED_EDGE ( 'NONE', *, *, #1425, .T. ) ;
#4860 = ADVANCED_FACE ( 'NONE', ( #766 ), #2480, .F. ) ;
#4861 = ORIENTED_EDGE ( 'NONE', *, *, #1697, .F. ) ;
#4862 = CARTESIAN_POINT ( 'NONE',  ( 0.4816684688103073930, 0.0000000000000000000, -0.01574999999999998623 ) ) ;
#4863 = LINE ( 'NONE', #4004, #5067 ) ;
#4864 =( CONVERSION_BASED_UNIT ( 'INCH', #4469 ) LENGTH_UNIT ( ) NAMED_UNIT ( #2527 ) );
#4865 = DIRECTION ( 'NONE',  ( -0.0000000000000000000, 1.000000000000000000, -0.0000000000000000000 ) ) ;
#4866 = VERTEX_POINT ( 'NONE', #4695 ) ;
#4867 = ORIENTED_EDGE ( 'NONE', *, *, #2344, .T. ) ;
#4868 = ORIENTED_EDGE ( 'NONE', *, *, #5101, .T. ) ;
#4869 = DIRECTION ( 'NONE',  ( 0.0000000000000000000, 0.0000000000000000000, 1.000000000000000000 ) ) ;
#4870 = PRODUCT_DEFINITION ( 'UNKNOWN', '', #2302, #3727 ) ;
#4871 = CARTESIAN_POINT ( 'NONE',  ( 0.5379674688103072144, 0.0000000000000000000, -0.08740000000000051894 ) ) ;
#4872 = DIRECTION ( 'NONE',  ( 0.0000000000000000000, 0.0000000000000000000, 1.000000000000000000 ) ) ;
#4873 = CARTESIAN_POINT ( 'NONE',  ( 0.6379674688103071922, -0.03520000000000000212, -0.1212599999999994932 ) ) ;
#4874 = ORIENTED_EDGE ( 'NONE', *, *, #170, .T. ) ;
#4875 = ADVANCED_FACE ( 'NONE', ( #4647 ), #2923, .F. ) ;
#4876 = LINE ( 'NONE', #30, #492 ) ;
#4877 = CARTESIAN_POINT ( 'NONE',  ( 0.4942664688103074466, -0.1100000000000000006, -0.01574999999999998623 ) ) ;
#4878 = PLANE ( 'NONE',  #2016 ) ;
#4879 = DIRECTION ( 'NONE',  ( 1.000000000000000000, -0.0000000000000000000, -3.387708325476511218E-16 ) ) ;
#4881 = EDGE_CURVE ( 'NONE', #2412, #4007, #3992, .T. ) ;
#4880 = DIRECTION ( 'NONE',  ( -0.3420201433256720991, 0.0000000000000000000, 0.9396926207859070956 ) ) ;
#4882 = VERTEX_POINT ( 'NONE', #4207 ) ;
#4883 = FACE_BOUND ( 'NONE', #3032, .T. ) ;
#4884 = PRODUCT_DEFINITION_SHAPE ( 'NONE', 'NONE',  #5554 ) ;
#4885 = DIRECTION ( 'NONE',  ( 0.9396926207859080948, 0.0000000000000000000, -0.3420201433256695456 ) ) ;
#4886 = ORIENTED_EDGE ( 'NONE', *, *, #556, .F. ) ;
#4887 = AXIS2_PLACEMENT_3D ( 'NONE', #596, #2307, #1452 ) ;
#4888 = VERTEX_POINT ( 'NONE', #2560 ) ;
#4889 = CARTESIAN_POINT ( 'NONE',  ( 0.0000000000000000000, -0.1100000000000000006, 0.0000000000000000000 ) ) ;
#4890 = ADVANCED_FACE ( 'NONE', ( #361 ), #1665, .F. ) ;
#4891 = CIRCLE ( 'NONE', #4245, 0.02800000000000000405 ) ;
#4892 = CARTESIAN_POINT ( 'NONE',  ( 0.07033012701892972507, 3.245314017740399465E-18, -0.02649999999999929495 ) ) ;
#4893 = VECTOR ( 'NONE', #3999, 39.37007874015748143 ) ;
#4894 =( NAMED_UNIT ( * ) PLANE_ANGLE_UNIT ( ) SI_UNIT ( $, .RADIAN. ) );
#4895 = CARTESIAN_POINT ( 'NONE',  ( 0.1379674688103071922, 0.0000000000000000000, -0.1212599999999994932 ) ) ;
#4896 = ORIENTED_EDGE ( 'NONE', *, *, #372, .F. ) ;
#4897 = ORIENTED_EDGE ( 'NONE', *, *, #4987, .T. ) ;
#4898 = ORIENTED_EDGE ( 'NONE', *, *, #1696, .F. ) ;
#4899 = CARTESIAN_POINT ( 'NONE',  ( 0.5379674688103072144, -0.03520000000000000212, -0.07874000000000051791 ) ) ;
#4900 = AXIS2_PLACEMENT_3D ( 'NONE', #4187, #342, #3844 ) ;
#4901 = VECTOR ( 'NONE', #2281, 39.37007874015748854 ) ;
#4902 = CARTESIAN_POINT ( 'NONE',  ( 0.7879674688103074365, 0.0000000000000000000, -0.1842499999999999416 ) ) ;
#4903 = CARTESIAN_POINT ( 'NONE',  ( 0.6816684688103075151, 0.0000000000000000000, -0.1842499999999996085 ) ) ;
#4904 = LINE ( 'NONE', #225, #773 ) ;
#4905 = AXIS2_PLACEMENT_3D ( 'NONE', #81, #4265, #4350 ) ;
#4906 = AXIS2_PLACEMENT_3D ( 'NONE', #772, #4648, #853 ) ;
#4907 = ORIENTED_EDGE ( 'NONE', *, *, #2338, .F. ) ;
#4908 = STYLED_ITEM ( 'NONE', ( #3194 ), #4212 ) ;
#4909 = EDGE_CURVE ( 'NONE', #4314, #2020, #1189, .T. ) ;
#4910 = VECTOR ( 'NONE', #86, 39.37007874015748143 ) ;
#4911 = VECTOR ( 'NONE', #810, 39.37007874015748143 ) ;
#4912 = DIRECTION ( 'NONE',  ( 0.0000000000000000000, 0.0000000000000000000, 1.000000000000000000 ) ) ;
#4913 = AXIS2_PLACEMENT_3D ( 'NONE', #145, #254, #1107 ) ;
#4914 = VECTOR ( 'NONE', #264, 39.37007874015748854 ) ;
#4915 = CARTESIAN_POINT ( 'NONE',  ( 0.7379674688103072810, 0.0000000000000000000, -0.07874000000000051791 ) ) ;
#4916 = AXIS2_PLACEMENT_3D ( 'NONE', #4038, #1950, #1083 ) ;
#4917 = VECTOR ( 'NONE', #4253, 39.37007874015748143 ) ;
#4918 = DIRECTION ( 'NONE',  ( -1.000000000000000000, -0.0000000000000000000, -0.0000000000000000000 ) ) ;
#4919 = ORIENTED_EDGE ( 'NONE', *, *, #761, .F. ) ;
#4920 = CARTESIAN_POINT ( 'NONE',  ( 0.3379674688103072033, -0.03520000000000000212, -0.07874000000000051791 ) ) ;
#4921 = LINE ( 'NONE', #4546, #2369 ) ;
#4922 = ORIENTED_EDGE ( 'NONE', *, *, #4646, .T. ) ;
#4923 = DIRECTION ( 'NONE',  ( 0.3420201433256665480, -0.0000000000000000000, 0.9396926207859092051 ) ) ;
#4924 = EDGE_CURVE ( 'NONE', #3489, #2633, #1143, .T. ) ;
#4925 = CARTESIAN_POINT ( 'NONE',  ( 0.08166846881030738470, -0.1100000000000000006, -0.01574999999999998623 ) ) ;
#4926 =( NAMED_UNIT ( * ) SI_UNIT ( $, .STERADIAN. ) SOLID_ANGLE_UNIT ( ) );
#4927 = DIRECTION ( 'NONE',  ( 0.0000000000000000000, 0.0000000000000000000, 1.000000000000000000 ) ) ;
#4928 = DIRECTION ( 'NONE',  ( -1.000000000000000000, 0.0000000000000000000, -0.0000000000000000000 ) ) ;
#4929 = ORIENTED_EDGE ( 'NONE', *, *, #932, .F. ) ;
#4930 = VERTEX_POINT ( 'NONE', #4274 ) ;
#4931 = PLANE ( 'NONE',  #2865 ) ;
#4932 = EDGE_CURVE ( 'NONE', #2590, #3717, #3543, .T. ) ;
#4933 = DIRECTION ( 'NONE',  ( -0.0000000000000000000, 1.000000000000000000, -0.0000000000000000000 ) ) ;
#4934 = LINE ( 'NONE', #4503, #1501 ) ;
#4935 = DIRECTION ( 'NONE',  ( 0.3420201433256665480, 0.0000000000000000000, 0.9396926207859092051 ) ) ;
#4936 = ORIENTED_EDGE ( 'NONE', *, *, #4420, .F. ) ;
#4937 = ADVANCED_FACE ( 'NONE', ( #2526 ), #3391, .F. ) ;
#4938 = DIRECTION ( 'NONE',  ( -0.0000000000000000000, 1.000000000000000000, -0.0000000000000000000 ) ) ;
#4939 = EDGE_CURVE ( 'NONE', #650, #875, #4632, .T. ) ;
#4940 = DIRECTION ( 'NONE',  ( 0.0000000000000000000, 0.0000000000000000000, 1.000000000000000000 ) ) ;
#4941 = DIRECTION ( 'NONE',  ( 0.3420201433256665480, -0.0000000000000000000, 0.9396926207859092051 ) ) ;
#4942 = VERTEX_POINT ( 'NONE', #3839 ) ;
#4943 = DIRECTION ( 'NONE',  ( 0.0000000000000000000, 0.0000000000000000000, 1.000000000000000000 ) ) ;
#4944 = SHAPE_REPRESENTATION ( 'mill-max-419-10-216-00-001000', ( #1494, #1053, #606, #3095, #311, #1666, #690, #771, #5263, #4260, #140, #5435, #2476, #4996, #3447, #4453, #1139, #3713 ), #860 ) ;
#4945 = FACE_OUTER_BOUND ( 'NONE', #1456, .T. ) ;
#4946 = ORIENTED_EDGE ( 'NONE', *, *, #3853, .T. ) ;
#4947 = CARTESIAN_POINT ( 'NONE',  ( 0.7759349376206148285, -0.1100000000000000006, 0.0000000000000000000 ) ) ;
#4948 = LINE ( 'NONE', #5390, #2368 ) ;
#4949 = CARTESIAN_POINT ( 'NONE',  ( 0.7879674688103074365, -0.1100000000000000006, -0.1842499999999999416 ) ) ;
#4950 = ORIENTED_EDGE ( 'NONE', *, *, #2422, .T. ) ;
#4951 = ORIENTED_EDGE ( 'NONE', *, *, #1538, .T. ) ;
#4952 = VERTEX_POINT ( 'NONE', #1584 ) ;
#4953 = FACE_OUTER_BOUND ( 'NONE', #2505, .T. ) ;
#4954 = CARTESIAN_POINT ( 'NONE',  ( 0.6379674688103071922, 0.0000000000000000000, -0.01259999999999946926 ) ) ;
#4955 = DIRECTION ( 'NONE',  ( -1.000000000000000000, -0.0000000000000000000, -0.0000000000000000000 ) ) ;
#4956 = ADVANCED_FACE ( 'NONE', ( #3283 ), #4585, .F. ) ;
#4957 = CARTESIAN_POINT ( 'NONE',  ( 0.03796746881030719362, -0.03520000000000000212, -0.04999999999999999584 ) ) ;
#4958 = EDGE_LOOP ( 'NONE', ( #901, #1861, #3683, #1914 ) ) ;
#4959 = EDGE_CURVE ( 'NONE', #5210, #1533, #2036, .T. ) ;
#4960 = DIRECTION ( 'NONE',  ( -0.0000000000000000000, 1.000000000000000000, -0.0000000000000000000 ) ) ;
#4961 =( REPRESENTATION_RELATIONSHIP ('NONE','NONE', #4944, #1631 ) REPRESENTATION_RELATIONSHIP_WITH_TRANSFORMATION ( #1949 )SHAPE_REPRESENTATION_RELATIONSHIP( ) );
#4962 = CARTESIAN_POINT ( 'NONE',  ( 0.4379674688103072366, 0.0000000000000000000, -0.1499999999999999944 ) ) ;
#4963 = ORIENTED_EDGE ( 'NONE', *, *, #2588, .T. ) ;
#4964 = CARTESIAN_POINT ( 'NONE',  ( 0.2379674688103072255, 0.0000000000000000000, -0.04999999999999999584 ) ) ;
#4965 = DIRECTION ( 'NONE',  ( 0.0000000000000000000, -0.0000000000000000000, -1.000000000000000000 ) ) ;
#4966 = VERTEX_POINT ( 'NONE', #1830 ) ;
#4967 = DIRECTION ( 'NONE',  ( 0.0000000000000000000, 0.0000000000000000000, 1.000000000000000000 ) ) ;
#4968 = EDGE_CURVE ( 'NONE', #446, #1034, #933, .T. ) ;
#4969 = DIRECTION ( 'NONE',  ( -0.0000000000000000000, 1.000000000000000000, -0.0000000000000000000 ) ) ;
#4970 = FILL_AREA_STYLE_COLOUR ( '', #4357 ) ;
#4971 = VECTOR ( 'NONE', #3600, 39.37007874015748143 ) ;
#4972 = ORIENTED_EDGE ( 'NONE', *, *, #886, .T. ) ;
#4973 = ORIENTED_EDGE ( 'NONE', *, *, #5459, .F. ) ;
#4974 = ORIENTED_EDGE ( 'NONE', *, *, #1620, .F. ) ;
#4975 = DIRECTION ( 'NONE',  ( -0.3420201433256720991, 0.0000000000000000000, 0.9396926207859070956 ) ) ;
#4976 = PRODUCT_DEFINITION_SHAPE ( 'NONE', 'NONE',  #5544 ) ;
#4977 = CIRCLE ( 'NONE', #1644, 0.03740000000000053004 ) ;
#4978 = VECTOR ( 'NONE', #4107, 39.37007874015748143 ) ;
#4979 = DIRECTION ( 'NONE',  ( -0.0000000000000000000, 1.000000000000000000, -0.0000000000000000000 ) ) ;
#4980 = CONTEXT_DEPENDENT_SHAPE_REPRESENTATION ( #1981, #343 ) ;
#4981 = LINE ( 'NONE', #2913, #3872 ) ;
#4982 = DIRECTION ( 'NONE',  ( 0.0000000000000000000, 1.000000000000000000, 0.0000000000000000000 ) ) ;
#4983 = CARTESIAN_POINT ( 'NONE',  ( 0.1379674688103071922, -0.03520000000000000212, -0.04999999999999999584 ) ) ;
#4984 = ORIENTED_EDGE ( 'NONE', *, *, #633, .F. ) ;
#4985 = VECTOR ( 'NONE', #2327, 39.37007874015748143 ) ;
#4986 = CIRCLE ( 'NONE', #3086, 0.03740000000000053698 ) ;
#4987 = EDGE_CURVE ( 'NONE', #127, #858, #2308, .T. ) ;
#4988 = CIRCLE ( 'NONE', #2553, 0.02874000000000051860 ) ;
#4989 = EDGE_CURVE ( 'NONE', #875, #650, #4365, .T. ) ;
#4990 = AXIS2_PLACEMENT_3D ( 'NONE', #280, #664, #2785 ) ;
#4991 = FACE_BOUND ( 'NONE', #1536, .T. ) ;
#4992 = VECTOR ( 'NONE', #5143, 39.37007874015748143 ) ;
#4993 = VECTOR ( 'NONE', #1015, 39.37007874015748143 ) ;
#4994 = CIRCLE ( 'NONE', #228, 0.02874000000000051860 ) ;
#4995 = EDGE_CURVE ( 'NONE', #1659, #1306, #1670, .T. ) ;
#4996 = AXIS2_PLACEMENT_3D ( 'NONE', #829, #1254, #409 ) ;
#4997 = CARTESIAN_POINT ( 'NONE',  ( 0.3379674688103072033, 1.224646799147263287E-20, -0.1874000000000005384 ) ) ;
#4998 = VECTOR ( 'NONE', #4655, 39.37007874015748143 ) ;
#4999 = ORIENTED_EDGE ( 'NONE', *, *, #2071, .F. ) ;
#5000 = DIRECTION ( 'NONE',  ( 0.0000000000000000000, 0.0000000000000000000, 1.000000000000000000 ) ) ;
#5001 = AXIS2_PLACEMENT_3D ( 'NONE', #4109, #346, #5052 ) ;
#5002 = CARTESIAN_POINT ( 'NONE',  ( 0.4379674688103072366, -0.03520000000000000212, -0.07874000000000051791 ) ) ;
#5003 = ORIENTED_EDGE ( 'NONE', *, *, #5160, .F. ) ;
#5004 = CARTESIAN_POINT ( 'NONE',  ( 0.08166846881030742633, 0.0000000000000000000, -0.1842499999999996085 ) ) ;
#5005 = VECTOR ( 'NONE', #4982, 39.37007874015748143 ) ;
#5006 = DIRECTION ( 'NONE',  ( -0.0000000000000000000, 1.000000000000000000, -0.0000000000000000000 ) ) ;
#5007 = DIRECTION ( 'NONE',  ( 0.0000000000000000000, -1.000000000000000000, 0.0000000000000000000 ) ) ;
#5008 = EDGE_CURVE ( 'NONE', #778, #5476, #5438, .T. ) ;
#5009 = VERTEX_POINT ( 'NONE', #5185 ) ;
#5010 = ORIENTED_EDGE ( 'NONE', *, *, #2347, .F. ) ;
#5011 = CIRCLE ( 'NONE', #152, 0.03740000000000053698 ) ;
#5012 = ORIENTED_EDGE ( 'NONE', *, *, #594, .T. ) ;
#5013 = DIRECTION ( 'NONE',  ( -0.0000000000000000000, 1.000000000000000000, -0.0000000000000000000 ) ) ;
#5014 = LINE ( 'NONE', #1160, #2018 ) ;
#5015 = CONTEXT_DEPENDENT_SHAPE_REPRESENTATION ( #1513, #1878 ) ;
#5016 = CARTESIAN_POINT ( 'NONE',  ( 0.6816684688103075151, 0.0000000000000000000, -0.01574999999999998623 ) ) ;
#5017 = CYLINDRICAL_SURFACE ( 'NONE', #681, 0.03740000000000053004 ) ;
#5018 = FACE_OUTER_BOUND ( 'NONE', #3090, .T. ) ;
#5019 = EDGE_LOOP ( 'NONE', ( #2311, #3117, #412, #5319 ) ) ;
#5020 = FACE_OUTER_BOUND ( 'NONE', #1087, .T. ) ;
#5021 = EDGE_CURVE ( 'NONE', #993, #4584, #5269, .T. ) ;
#5022 = EDGE_CURVE ( 'NONE', #1335, #449, #3190, .T. ) ;
#5023 = DIRECTION ( 'NONE',  ( 0.0000000000000000000, 0.0000000000000000000, 1.000000000000000000 ) ) ;
#5024 = EDGE_LOOP ( 'NONE', ( #774, #1192 ) ) ;
#5025 = DIRECTION ( 'NONE',  ( -1.000000000000000000, 0.0000000000000000000, 4.840987058537324418E-16 ) ) ;
#5026 = EDGE_CURVE ( 'NONE', #55, #4033, #520, .T. ) ;
#5027 = ORIENTED_EDGE ( 'NONE', *, *, #74, .T. ) ;
#5028 = DIRECTION ( 'NONE',  ( 0.0000000000000000000, 0.0000000000000000000, 1.000000000000000000 ) ) ;
#5029 = EDGE_LOOP ( 'NONE', ( #2221, #4511, #4596, #2576 ) ) ;
#5030 = CARTESIAN_POINT ( 'NONE',  ( 0.1379674688103071922, 1.224646799147263287E-20, -0.04999999999999999584 ) ) ;
#5031 = FACE_OUTER_BOUND ( 'NONE', #1437, .T. ) ;
#5032 = EDGE_CURVE ( 'NONE', #3393, #913, #2, .T. ) ;
#5033 = DIRECTION ( 'NONE',  ( 0.0000000000000000000, 0.0000000000000000000, 1.000000000000000000 ) ) ;
#5034 = ORIENTED_EDGE ( 'NONE', *, *, #103, .F. ) ;
#5035 = VERTEX_POINT ( 'NONE', #1718 ) ;
#5036 = VERTEX_POINT ( 'NONE', #1742 ) ;
#5037 = CARTESIAN_POINT ( 'NONE',  ( 0.1379674688103071922, 1.224646799147263287E-20, -0.08740000000000051894 ) ) ;
#5038 = DIRECTION ( 'NONE',  ( -1.000000000000000000, 0.0000000000000000000, -0.0000000000000000000 ) ) ;
#5039 = CYLINDRICAL_SURFACE ( 'NONE', #5152, 0.02874000000000051860 ) ;
#5040 =( REPRESENTATION_RELATIONSHIP ('NONE','NONE', #4944, #1631 ) REPRESENTATION_RELATIONSHIP_WITH_TRANSFORMATION ( #2912 )SHAPE_REPRESENTATION_RELATIONSHIP( ) );
#5041 = CARTESIAN_POINT ( 'NONE',  ( 0.5379674688103072144, 1.224646799147263287E-20, -0.1499999999999999944 ) ) ;
#5042 = DIRECTION ( 'NONE',  ( 0.0000000000000000000, 0.0000000000000000000, 1.000000000000000000 ) ) ;
#5043 = VERTEX_POINT ( 'NONE', #3501 ) ;
#5044 = EDGE_CURVE ( 'NONE', #2012, #966, #3718, .T. ) ;
#5045 = CARTESIAN_POINT ( 'NONE',  ( 0.1379674688103071922, -0.03520000000000000212, -0.01259999999999946926 ) ) ;
#5046 = EDGE_CURVE ( 'NONE', #1623, #1751, #3036, .T. ) ;
#5047 = LINE ( 'NONE', #2616, #595 ) ;
#5048 = VERTEX_POINT ( 'NONE', #5233 ) ;
#5049 = FACE_OUTER_BOUND ( 'NONE', #3744, .T. ) ;
#5050 = PLANE ( 'NONE',  #756 ) ;
#5051 = ORIENTED_EDGE ( 'NONE', *, *, #616, .T. ) ;
#5052 = DIRECTION ( 'NONE',  ( 0.3420201433256633283, 0.0000000000000000000, -0.9396926207859103153 ) ) ;
#5053 = EDGE_CURVE ( 'NONE', #4022, #3851, #2694, .T. ) ;
#5054 = ADVANCED_FACE ( 'NONE', ( #4391 ), #5150, .F. ) ;
#5055 = PLANE ( 'NONE',  #1284 ) ;
#5056 = DIRECTION ( 'NONE',  ( 0.0000000000000000000, 0.0000000000000000000, 1.000000000000000000 ) ) ;
#5057 = CARTESIAN_POINT ( 'NONE',  ( 0.2942664688103074355, -0.1100000000000000006, -0.01574999999999998623 ) ) ;
#5058 = ORIENTED_EDGE ( 'NONE', *, *, #4793, .F. ) ;
#5059 = ORIENTED_EDGE ( 'NONE', *, *, #3310, .F. ) ;
#5060 = CARTESIAN_POINT ( 'NONE',  ( 0.4379674688103072366, 0.0000000000000000000, -0.01259999999999946926 ) ) ;
#5061 = EDGE_CURVE ( 'NONE', #3115, #1421, #4735, .T. ) ;
#5062 = CARTESIAN_POINT ( 'NONE',  ( 0.4942664688103074466, -0.1100000000000000006, -0.1842499999999996918 ) ) ;
#5063 = DIRECTION ( 'NONE',  ( -0.0000000000000000000, 1.000000000000000000, -0.0000000000000000000 ) ) ;
#5064 = DIRECTION ( 'NONE',  ( 0.0000000000000000000, 0.0000000000000000000, 1.000000000000000000 ) ) ;
#5065 = DIRECTION ( 'NONE',  ( -0.0000000000000000000, 1.000000000000000000, -0.0000000000000000000 ) ) ;
#5066 = ORIENTED_EDGE ( 'NONE', *, *, #5462, .T. ) ;
#5067 = VECTOR ( 'NONE', #3945, 39.37007874015748143 ) ;
#5068 = AXIS2_PLACEMENT_3D ( 'NONE', #667, #4050, #1557 ) ;
#5069 = DIRECTION ( 'NONE',  ( -0.0000000000000000000, 1.000000000000000000, -0.0000000000000000000 ) ) ;
#5070 = CIRCLE ( 'NONE', #3340, 0.009999999999999073866 ) ;
#5071 = CIRCLE ( 'NONE', #1744, 0.03740000000000053698 ) ;
#5072 = CIRCLE ( 'NONE', #3343, 0.03740000000000053698 ) ;
#5073 = VECTOR ( 'NONE', #3392, 39.37007874015748143 ) ;
#5074 = CARTESIAN_POINT ( 'NONE',  ( 0.1759359376206146575, -0.1100000000000000006, -9.478001694819074349E-34 ) ) ;
#5075 = ORIENTED_EDGE ( 'NONE', *, *, #5021, .T. ) ;
#5076 = PLANE ( 'NONE',  #4900 ) ;
#5077 = VECTOR ( 'NONE', #3406, 39.37007874015748143 ) ;
#5078 = DIRECTION ( 'NONE',  ( 0.0000000000000000000, 0.0000000000000000000, 1.000000000000000000 ) ) ;
#5079 = ORIENTED_EDGE ( 'NONE', *, *, #1925, .F. ) ;
#5080 = CIRCLE ( 'NONE', #138, 0.03740000000000053004 ) ;
#5081 = FACE_OUTER_BOUND ( 'NONE', #2085, .T. ) ;
#5082 = CIRCLE ( 'NONE', #3355, 0.03740000000000053004 ) ;
#5083 = VECTOR ( 'NONE', #4492, 39.37007874015748143 ) ;
#5084 = CARTESIAN_POINT ( 'NONE',  ( 0.6999990000000000379, -0.1100000000000000006, -0.1999999999999999833 ) ) ;
#5085 = SURFACE_STYLE_FILL_AREA ( #349 ) ;
#5086 = CARTESIAN_POINT ( 'NONE',  ( 0.3379674688103072033, 0.0000000000000000000, -0.1499999999999999944 ) ) ;
#5087 = ORIENTED_EDGE ( 'NONE', *, *, #5026, .T. ) ;
#5088 = EDGE_CURVE ( 'NONE', #1038, #4342, #1376, .T. ) ;
#5089 = EDGE_LOOP ( 'NONE', ( #1671, #46, #1969, #1100 ) ) ;
#5090 = DIRECTION ( 'NONE',  ( -0.0000000000000000000, 1.000000000000000000, -0.0000000000000000000 ) ) ;
#5091 = LINE ( 'NONE', #3874, #3884 ) ;
#5092 = FACE_BOUND ( 'NONE', #1326, .T. ) ;
#5093 = AXIS2_PLACEMENT_3D ( 'NONE', #464, #2987, #374 ) ;
#5094 = AXIS2_PLACEMENT_3D ( 'NONE', #37, #1784, #3458 ) ;
#5095 = CARTESIAN_POINT ( 'NONE',  ( 0.6379674688103071922, 0.0000000000000000000, -0.04999999999999999584 ) ) ;
#5096 = FACE_OUTER_BOUND ( 'NONE', #1308, .T. ) ;
#5097 = EDGE_LOOP ( 'NONE', ( #4231, #1782, #2425, #4305 ) ) ;
#5098 = EDGE_CURVE ( 'NONE', #4416, #902, #4823, .T. ) ;
#5099 = ORIENTED_EDGE ( 'NONE', *, *, #1074, .T. ) ;
#5100 = DIRECTION ( 'NONE',  ( -0.0000000000000000000, 1.000000000000000000, -0.0000000000000000000 ) ) ;
#5101 = EDGE_CURVE ( 'NONE', #249, #3006, #3953, .T. ) ;
#5102 = FACE_OUTER_BOUND ( 'NONE', #5531, .T. ) ;
#5103 = EDGE_LOOP ( 'NONE', ( #2757, #5260, #2445, #2498 ) ) ;
#5104 = LINE ( 'NONE', #1247, #1476 ) ;
#5105 = CARTESIAN_POINT ( 'NONE',  ( 0.0000000000000000000, 0.0000000000000000000, 0.0000000000000000000 ) ) ;
#5106 = ORIENTED_EDGE ( 'NONE', *, *, #4210, .F. ) ;
#5107 = DIRECTION ( 'NONE',  ( 0.0000000000000000000, -0.0000000000000000000, -1.000000000000000000 ) ) ;
#5108 = VECTOR ( 'NONE', #2760, 39.37007874015748143 ) ;
#5109 = DIRECTION ( 'NONE',  ( 1.000000000000000000, 0.0000000000000000000, -5.421193827719211569E-15 ) ) ;
#5110 = CARTESIAN_POINT ( 'NONE',  ( 0.2999990000000001267, -0.1100000000000000006, -0.1999999999999999833 ) ) ;
#5111 = DIRECTION ( 'NONE',  ( 0.0000000000000000000, -1.000000000000000000, 0.0000000000000000000 ) ) ;
#5112 = CARTESIAN_POINT ( 'NONE',  ( 0.1816684688103074319, 0.0000000000000000000, -0.1842499999999996085 ) ) ;
#5113 = ORIENTED_EDGE ( 'NONE', *, *, #1680, .F. ) ;
#5114 = ORIENTED_EDGE ( 'NONE', *, *, #5139, .T. ) ;
#5115 = ORIENTED_EDGE ( 'NONE', *, *, #2847, .T. ) ;
#5116 = DIRECTION ( 'NONE',  ( 0.0000000000000000000, 0.0000000000000000000, 1.000000000000000000 ) ) ;
#5117 = CARTESIAN_POINT ( 'NONE',  ( 0.3942664688103074133, -0.1100000000000000006, -0.1842499999999996918 ) ) ;
#5118 = CARTESIAN_POINT ( 'NONE',  ( 0.3379674688103072033, 0.0000000000000000000, -0.04999999999999999584 ) ) ;
#5119 = DIRECTION ( 'NONE',  ( -0.0000000000000000000, 1.000000000000000000, -0.0000000000000000000 ) ) ;
#5120 = VERTEX_POINT ( 'NONE', #1919 ) ;
#5121 = ORIENTED_EDGE ( 'NONE', *, *, #5200, .T. ) ;
#5122 = ORIENTED_EDGE ( 'NONE', *, *, #836, .F. ) ;
#5123 = EDGE_CURVE ( 'NONE', #84, #740, #3146, .T. ) ;
#5124 = CARTESIAN_POINT ( 'NONE',  ( 0.5379674688103072144, -0.1100000000000000006, -0.02125999999999947723 ) ) ;
#5125 = CARTESIAN_POINT ( 'NONE',  ( 0.2816684688103074374, -0.1100000000000000006, -0.01574999999999998623 ) ) ;
#5126 = ORIENTED_EDGE ( 'NONE', *, *, #2852, .T. ) ;
#5127 = EDGE_CURVE ( 'NONE', #560, #249, #4445, .T. ) ;
#5128 = CARTESIAN_POINT ( 'NONE',  ( -0.005732531189692388444, -0.1100000000000000006, -0.1842499999999996918 ) ) ;
#5129 = ORIENTED_EDGE ( 'NONE', *, *, #3256, .F. ) ;
#5130 = CARTESIAN_POINT ( 'NONE',  ( 0.5379674688103072144, 0.0000000000000000000, -0.1499999999999999944 ) ) ;
#5131 = VERTEX_POINT ( 'NONE', #3612 ) ;
#5132 = CARTESIAN_POINT ( 'NONE',  ( 0.06099999999999970723, 0.0000000000000000000, 0.0000000000000000000 ) ) ;
#5133 = PRODUCT_RELATED_PRODUCT_CATEGORY ( 'part', '', ( #576 ) ) ;
#5134 = CARTESIAN_POINT ( 'NONE',  ( 0.1379674688103071922, 0.0000000000000000000, -0.1874000000000005384 ) ) ;
#5135 = CARTESIAN_POINT ( 'NONE',  ( 0.5999990000000001711, 0.0000000000000000000, 0.0000000000000000000 ) ) ;
#5136 = LINE ( 'NONE', #783, #417 ) ;
#5137 = ORIENTED_EDGE ( 'NONE', *, *, #2739, .T. ) ;
#5138 = ORIENTED_EDGE ( 'NONE', *, *, #4995, .F. ) ;
#5139 = EDGE_CURVE ( 'NONE', #3007, #4093, #2566, .T. ) ;
#5140 = VERTEX_POINT ( 'NONE', #2720 ) ;
#5141 = DIRECTION ( 'NONE',  ( -0.3420201433256720991, 0.0000000000000000000, 0.9396926207859070956 ) ) ;
#5142 = CARTESIAN_POINT ( 'NONE',  ( 0.08166846881030742633, -0.1100000000000000006, -0.1842499999999996085 ) ) ;
#5143 = DIRECTION ( 'NONE',  ( -0.0000000000000000000, 1.000000000000000000, -0.0000000000000000000 ) ) ;
#5144 = DIRECTION ( 'NONE',  ( -0.0000000000000000000, 1.000000000000000000, -0.0000000000000000000 ) ) ;
#5145 = ORIENTED_EDGE ( 'NONE', *, *, #1438, .F. ) ;
#5146 = VERTEX_POINT ( 'NONE', #4039 ) ;
#5147 = EDGE_LOOP ( 'NONE', ( #5010, #2854, #4833, #4288 ) ) ;
#5148 = DIRECTION ( 'NONE',  ( -4.840987058537324418E-16, 0.0000000000000000000, -1.000000000000000000 ) ) ;
#5149 = CARTESIAN_POINT ( 'NONE',  ( 0.5379674688103072144, -0.03520000000000000212, -0.01259999999999946926 ) ) ;
#5150 = PLANE ( 'NONE',  #5177 ) ;
#5151 = ORIENTED_EDGE ( 'NONE', *, *, #752, .T. ) ;
#5152 = AXIS2_PLACEMENT_3D ( 'NONE', #1132, #1525, #2834 ) ;
#5153 = ADVANCED_FACE ( 'NONE', ( #2396 ), #4100, .F. ) ;
#5154 =( GEOMETRIC_REPRESENTATION_CONTEXT ( 3 ) GLOBAL_UNCERTAINTY_ASSIGNED_CONTEXT ( ( #4066 ) ) GLOBAL_UNIT_ASSIGNED_CONTEXT ( ( #2512, #3988, #3821 ) ) REPRESENTATION_CONTEXT ( 'NONE', 'WORKASPACE' ) );
#5155 = VECTOR ( 'NONE', #3758, 39.37007874015748143 ) ;
#5156 = CARTESIAN_POINT ( 'NONE',  ( 0.2379674688103072255, 0.0000000000000000000, -0.04999999999999999584 ) ) ;
#5157 = VERTEX_POINT ( 'NONE', #3982 ) ;
#5158 = LINE ( 'NONE', #799, #1743 ) ;
#5159 = EDGE_LOOP ( 'NONE', ( #474, #1325, #4031, #5402 ) ) ;
#5160 = EDGE_CURVE ( 'NONE', #3031, #1635, #4065, .T. ) ;
#5161 = AXIS2_PLACEMENT_3D ( 'NONE', #2291, #2887, #2061 ) ;
#5162 = AXIS2_PLACEMENT_3D ( 'NONE', #732, #2833, #3770 ) ;
#5163 = CARTESIAN_POINT ( 'NONE',  ( 0.4379674688103072366, -0.03520000000000000212, -0.01259999999999946926 ) ) ;
#5164 = AXIS2_PLACEMENT_3D ( 'NONE', #3163, #1858, #4927 ) ;
#5165 = CARTESIAN_POINT ( 'NONE',  ( 0.5942664688103074244, -0.1100000000000000006, -0.01574999999999998623 ) ) ;
#5166 = CARTESIAN_POINT ( 'NONE',  ( 0.4667074688103077240, -0.03520000000000000212, -0.04999999999999999584 ) ) ;
#5167 = VECTOR ( 'NONE', #3038, 39.37007874015748143 ) ;
#5168 = CARTESIAN_POINT ( 'NONE',  ( 0.5379674688103072144, 0.0000000000000000000, -0.1212599999999994932 ) ) ;
#5169 = VERTEX_POINT ( 'NONE', #4529 ) ;
#5170 = ORIENTED_EDGE ( 'NONE', *, *, #2842, .T. ) ;
#5171 = DIRECTION ( 'NONE',  ( 0.0000000000000000000, 0.0000000000000000000, 1.000000000000000000 ) ) ;
#5172 = AXIS2_PLACEMENT_3D ( 'NONE', #425, #1741, #2148 ) ;
#5173 = AXIS2_PLACEMENT_3D ( 'NONE', #754, #1283, #3943 ) ;
#5174 = CARTESIAN_POINT ( 'NONE',  ( 0.4379674688103072366, 0.0000000000000000000, -0.1212599999999994932 ) ) ;
#5175 = FACE_BOUND ( 'NONE', #3197, .T. ) ;
#5176 = CARTESIAN_POINT ( 'NONE',  ( 0.5816684688103074263, 0.0000000000000000000, -0.01574999999999998623 ) ) ;
#5177 = AXIS2_PLACEMENT_3D ( 'NONE', #479, #3005, #3898 ) ;
#5178 = CARTESIAN_POINT ( 'NONE',  ( 0.0000000000000000000, -0.1100000000000000006, 0.0000000000000000000 ) ) ;
#5179 = ORIENTED_EDGE ( 'NONE', *, *, #1442, .F. ) ;
#5180 = ORIENTED_EDGE ( 'NONE', *, *, #1910, .F. ) ;
#5181 = CIRCLE ( 'NONE', #2306, 0.02874000000000051860 ) ;
#5182 = VERTEX_POINT ( 'NONE', #4873 ) ;
#5183 = VECTOR ( 'NONE', #356, 39.37007874015748143 ) ;
#5184 = CYLINDRICAL_SURFACE ( 'NONE', #4725, 0.02874000000000052207 ) ;
#5185 = CARTESIAN_POINT ( 'NONE',  ( 0.4379674688103072366, 1.224646799147263287E-20, -0.1874000000000005384 ) ) ;
#5186 = ORIENTED_EDGE ( 'NONE', *, *, #2001, .T. ) ;
#5187 = CARTESIAN_POINT ( 'NONE',  ( 0.3999990000000001600, -0.1100000000000000006, -0.1999999999999999833 ) ) ;
#5188 = ORIENTED_EDGE ( 'NONE', *, *, #4261, .F. ) ;
#5189 = CARTESIAN_POINT ( 'NONE',  ( 0.2379674688103072255, 0.0000000000000000000, -0.04999999999999999584 ) ) ;
#5190 = ORIENTED_EDGE ( 'NONE', *, *, #1990, .F. ) ;
#5191 = DIRECTION ( 'NONE',  ( 0.0000000000000000000, 0.0000000000000000000, 1.000000000000000000 ) ) ;
#5193 = EDGE_CURVE ( 'NONE', #196, #2870, #1436, .T. ) ;
#5192 = CARTESIAN_POINT ( 'NONE',  ( 0.1379674688103071922, 1.224646799147263287E-20, -0.1499999999999999944 ) ) ;
#5194 = DIRECTION ( 'NONE',  ( -0.0000000000000000000, 1.000000000000000000, -0.0000000000000000000 ) ) ;
#5195 = ORIENTED_EDGE ( 'NONE', *, *, #4240, .T. ) ;
#5196 = CARTESIAN_POINT ( 'NONE',  ( 0.3379674688103072033, -0.03520000000000000212, -0.04999999999999999584 ) ) ;
#5197 = FACE_OUTER_BOUND ( 'NONE', #3654, .T. ) ;
#5198 = EDGE_LOOP ( 'NONE', ( #3428, #3907, #3496, #4659 ) ) ;
#5199 = CARTESIAN_POINT ( 'NONE',  ( 0.02999999999999995379, 0.0000000000000000000, 0.0000000000000000000 ) ) ;
#5200 = EDGE_CURVE ( 'NONE', #5036, #619, #4904, .T. ) ;
#5201 = PLANE ( 'NONE',  #1199 ) ;
#5202 = CARTESIAN_POINT ( 'NONE',  ( 0.6379674688103071922, -0.03520000000000000212, -0.1499999999999999944 ) ) ;
#5203 = DIRECTION ( 'NONE',  ( 0.0000000000000000000, 0.0000000000000000000, -1.000000000000000000 ) ) ;
#5204 = ORIENTED_EDGE ( 'NONE', *, *, #2503, .T. ) ;
#5205 = VERTEX_POINT ( 'NONE', #1951 ) ;
#5206 = ORIENTED_EDGE ( 'NONE', *, *, #4924, .T. ) ;
#5207 = DIRECTION ( 'NONE',  ( 1.000000000000000000, 0.0000000000000000000, -5.421193827719211569E-15 ) ) ;
#5208 = DIRECTION ( 'NONE',  ( -0.0000000000000000000, 1.000000000000000000, -0.0000000000000000000 ) ) ;
#5209 = EDGE_CURVE ( 'NONE', #4181, #2813, #1868, .T. ) ;
#5210 = VERTEX_POINT ( 'NONE', #3667 ) ;
#5211 = CARTESIAN_POINT ( 'NONE',  ( 0.6379674688103071922, 1.224646799147263287E-20, -0.04999999999999999584 ) ) ;
#5212 = CARTESIAN_POINT ( 'NONE',  ( 0.4816684688103075040, -0.1100000000000000006, -0.1842499999999996085 ) ) ;
#5213 = VERTEX_POINT ( 'NONE', #3204 ) ;
#5214 = FACE_BOUND ( 'NONE', #992, .T. ) ;
#5215 = DIRECTION ( 'NONE',  ( 1.000000000000000000, 0.0000000000000000000, 0.0000000000000000000 ) ) ;
#5216 = CARTESIAN_POINT ( 'NONE',  ( 0.1649999999999998690, 2.081899558550280909E-18, -0.01699999999999820752 ) ) ;
#5217 = VERTEX_POINT ( 'NONE', #2780 ) ;
#5218 = CARTESIAN_POINT ( 'NONE',  ( 0.5816684688103075374, -0.1100000000000000006, -0.1842499999999996085 ) ) ;
#5219 = DIRECTION ( 'NONE',  ( 0.0000000000000000000, 0.0000000000000000000, 1.000000000000000000 ) ) ;
#5220 = VERTEX_POINT ( 'NONE', #5379 ) ;
#5221 = CARTESIAN_POINT ( 'NONE',  ( 0.1379674688103071922, -0.03520000000000000212, -0.02125999999999947029 ) ) ;
#5222 = EDGE_CURVE ( 'NONE', #3164, #2970, #4731, .T. ) ;
#5223 = EDGE_CURVE ( 'NONE', #4007, #2412, #53, .T. ) ;
#5224 = CARTESIAN_POINT ( 'NONE',  ( 0.7759349376206150506, 0.0000000000000000000, -0.2000000000000000111 ) ) ;
#5225 = CARTESIAN_POINT ( 'NONE',  ( 0.5942664688103074244, 0.0000000000000000000, -0.01574999999999998623 ) ) ;
#5226 = FACE_OUTER_BOUND ( 'NONE', #5533, .T. ) ;
#5227 = ORIENTED_EDGE ( 'NONE', *, *, #3421, .F. ) ;
#5228 = ORIENTED_EDGE ( 'NONE', *, *, #2919, .F. ) ;
#5229 = EDGE_LOOP ( 'NONE', ( #3728, #3473, #2046, #4803 ) ) ;
#5230 = ADVANCED_FACE ( 'NONE', ( #2756 ), #656, .F. ) ;
#5231 = FILL_AREA_STYLE_COLOUR ( '', #2474 ) ;
#5232 = DIRECTION ( 'NONE',  ( -1.000000000000000000, -0.0000000000000000000, -0.0000000000000000000 ) ) ;
#5233 = CARTESIAN_POINT ( 'NONE',  ( 0.2379674688103072255, -0.1100000000000000006, -0.1787400000000005096 ) ) ;
#5234 = VERTEX_POINT ( 'NONE', #4480 ) ;
#5235 = DIRECTION ( 'NONE',  ( -1.000000000000000000, -0.0000000000000000000, -0.0000000000000000000 ) ) ;
#5236 = CARTESIAN_POINT ( 'NONE',  ( 0.7879674688103074365, 0.0000000000000000000, -0.01575000000000000705 ) ) ;
#5237 = EDGE_CURVE ( 'NONE', #4966, #3466, #2921, .T. ) ;
#5238 = DIRECTION ( 'NONE',  ( 0.0000000000000000000, 1.000000000000000000, 0.0000000000000000000 ) ) ;
#5239 = CARTESIAN_POINT ( 'NONE',  ( 0.4379674688103072366, -0.03520000000000000212, -0.1499999999999999944 ) ) ;
#5240 = TOROIDAL_SURFACE ( 'NONE', #4146, 0.01699999999999820752, 0.006999999999998859565 ) ;
#5241 = VECTOR ( 'NONE', #1478, 39.37007874015748143 ) ;
#5242 = DIRECTION ( 'NONE',  ( 0.0000000000000000000, 0.0000000000000000000, 1.000000000000000000 ) ) ;
#5243 = ORIENTED_EDGE ( 'NONE', *, *, #1980, .F. ) ;
#5244 = DIRECTION ( 'NONE',  ( 0.0000000000000000000, 0.0000000000000000000, 1.000000000000000000 ) ) ;
#5245 = CIRCLE ( 'NONE', #2810, 0.02874000000000051860 ) ;
#5246 = FACE_OUTER_BOUND ( 'NONE', #167, .T. ) ;
#5247 = ORIENTED_EDGE ( 'NONE', *, *, #707, .T. ) ;
#5248 = CIRCLE ( 'NONE', #5427, 0.02874000000000051860 ) ;
#5249 = ORIENTED_EDGE ( 'NONE', *, *, #2683, .T. ) ;
#5250 = PLANE ( 'NONE',  #3799 ) ;
#5251 = VECTOR ( 'NONE', #2506, 39.37007874015748143 ) ;
#5252 = EDGE_CURVE ( 'NONE', #3296, #3818, #195, .T. ) ;
#5253 = DIRECTION ( 'NONE',  ( -1.000000000000000000, -0.0000000000000000000, -0.0000000000000000000 ) ) ;
#5254 = STYLED_ITEM ( 'NONE', ( #2411 ), #1608 ) ;
#5255 = ADVANCED_FACE ( 'NONE', ( #3225 ), #2802, .F. ) ;
#5256 = CARTESIAN_POINT ( 'NONE',  ( 0.03796746881030719362, -0.03520000000000000212, -0.04999999999999999584 ) ) ;
#5257 = CARTESIAN_POINT ( 'NONE',  ( 0.07033012701892972507, 3.245314017740399465E-18, -0.02649999999999929495 ) ) ;
#5258 = ORIENTED_EDGE ( 'NONE', *, *, #3019, .F. ) ;
#5259 = ORIENTED_EDGE ( 'NONE', *, *, #809, .F. ) ;
#5260 = ORIENTED_EDGE ( 'NONE', *, *, #1438, .T. ) ;
#5261 = AXIS2_PLACEMENT_3D ( 'NONE', #3060, #4234, #4784 ) ;
#5262 = STYLED_ITEM ( 'NONE', ( #3059 ), #1503 ) ;
#5263 = AXIS2_PLACEMENT_3D ( 'NONE', #805, #2489, #708 ) ;
#5264 = CIRCLE ( 'NONE', #4819, 0.03740000000000053698 ) ;
#5265 = LINE ( 'NONE', #969, #499 ) ;
#5266 = CARTESIAN_POINT ( 'NONE',  ( 0.3379674688103072033, -0.03520000000000000212, -0.1787400000000005096 ) ) ;
#5267 = VECTOR ( 'NONE', #4923, 39.37007874015748143 ) ;
#5268 = EDGE_CURVE ( 'NONE', #1751, #4040, #3246, .T. ) ;
#5269 = LINE ( 'NONE', #2284, #3633 ) ;
#5270 = ORIENTED_EDGE ( 'NONE', *, *, #4042, .F. ) ;
#5271 = AXIS2_PLACEMENT_3D ( 'NONE', #4671, #818, #4147 ) ;
#5272 = DIRECTION ( 'NONE',  ( 0.0000000000000000000, 0.0000000000000000000, 1.000000000000000000 ) ) ;
#5273 = EDGE_CURVE ( 'NONE', #5302, #574, #1222, .T. ) ;
#5274 = FACE_OUTER_BOUND ( 'NONE', #1356, .T. ) ;
#5275 = VECTOR ( 'NONE', #2156, 39.37007874015748143 ) ;
#5276 = CARTESIAN_POINT ( 'NONE',  ( 0.0000000000000000000, 0.0000000000000000000, 0.0000000000000000000 ) ) ;
#5277 = CARTESIAN_POINT ( 'NONE',  ( 0.7379674688103072810, -0.1100000000000000006, -0.1499999999999999944 ) ) ;
#5278 = ORIENTED_EDGE ( 'NONE', *, *, #5268, .F. ) ;
#5279 = FACE_BOUND ( 'NONE', #566, .T. ) ;
#5280 = DIRECTION ( 'NONE',  ( -0.0000000000000000000, 1.000000000000000000, -0.0000000000000000000 ) ) ;
#5281 = EDGE_LOOP ( 'NONE', ( #3402, #2817, #2161, #2705 ) ) ;
#5282 = ORIENTED_EDGE ( 'NONE', *, *, #5336, .T. ) ;
#5283 = CARTESIAN_POINT ( 'NONE',  ( 0.2379674688103072255, -0.03520000000000000212, -0.04999999999999999584 ) ) ;
#5284 = DIRECTION ( 'NONE',  ( -0.9396926207859095381, 0.0000000000000000000, -0.3420201433256654933 ) ) ;
#5285 = DIRECTION ( 'NONE',  ( -0.0000000000000000000, 1.000000000000000000, -0.0000000000000000000 ) ) ;
#5286 = ORIENTED_EDGE ( 'NONE', *, *, #3769, .F. ) ;
#5287 = ORIENTED_EDGE ( 'NONE', *, *, #4989, .T. ) ;
#5288 = EDGE_LOOP ( 'NONE', ( #521, #1597, #2421, #3868 ) ) ;
#5289 = FACE_OUTER_BOUND ( 'NONE', #4000, .T. ) ;
#5290 = CARTESIAN_POINT ( 'NONE',  ( 0.2379674688103072255, 1.224646799147263287E-20, -0.1125999999999994644 ) ) ;
#5291 = CONTEXT_DEPENDENT_SHAPE_REPRESENTATION ( #4271, #257 ) ;
#5292 = CARTESIAN_POINT ( 'NONE',  ( 0.3759359376206146686, 0.0000000000000000000, -0.1999999999999999833 ) ) ;
#5293 = CARTESIAN_POINT ( 'NONE',  ( -0.01203253118969264436, -0.1100000000000000006, -0.01574999999999999664 ) ) ;
#5294 = ORIENTED_EDGE ( 'NONE', *, *, #2708, .F. ) ;
#5295 = ADVANCED_FACE ( 'NONE', ( #4120 ), #275, .T. ) ;
#5296 = FACE_OUTER_BOUND ( 'NONE', #5097, .T. ) ;
#5297 = CARTESIAN_POINT ( 'NONE',  ( 0.09426646881030741054, 0.0000000000000000000, -0.01574999999999999664 ) ) ;
#5298 = DIRECTION ( 'NONE',  ( -1.000000000000000000, 0.0000000000000000000, 4.840987058537324418E-16 ) ) ;
#5299 = DIRECTION ( 'NONE',  ( 0.0000000000000000000, 0.0000000000000000000, 1.000000000000000000 ) ) ;
#5300 = ADVANCED_FACE ( 'NONE', ( #2496 ), #4640, .F. ) ;
#5301 = DIRECTION ( 'NONE',  ( -0.0000000000000000000, 1.000000000000000000, -0.0000000000000000000 ) ) ;
#5302 = VERTEX_POINT ( 'NONE', #2861 ) ;
#5303 = CARTESIAN_POINT ( 'NONE',  ( 0.5379674688103072144, 0.0000000000000000000, -0.1499999999999999944 ) ) ;
#5304 = CARTESIAN_POINT ( 'NONE',  ( 0.3816684688103074707, -0.1100000000000000006, -0.1842499999999996085 ) ) ;
#5305 = ORIENTED_EDGE ( 'NONE', *, *, #5193, .F. ) ;
#5306 = ORIENTED_EDGE ( 'NONE', *, *, #3415, .F. ) ;
#5307 = CARTESIAN_POINT ( 'NONE',  ( 0.03796746881030719362, -0.1100000000000000006, -0.1499999999999999944 ) ) ;
#5308 = DIRECTION ( 'NONE',  ( -0.0000000000000000000, 1.000000000000000000, -0.0000000000000000000 ) ) ;
#5309 = FILL_AREA_STYLE_COLOUR ( '', #2555 ) ;
#5310 = CYLINDRICAL_SURFACE ( 'NONE', #4816, 0.02874000000000052207 ) ;
#5311 = EDGE_LOOP ( 'NONE', ( #1690, #1569, #4244, #5306 ) ) ;
#5312 = ORIENTED_EDGE ( 'NONE', *, *, #904, .T. ) ;
#5313 = EDGE_LOOP ( 'NONE', ( #5414, #3142, #2485, #1378 ) ) ;
#5314 = DIRECTION ( 'NONE',  ( -0.9396926207859072067, 0.0000000000000000000, -0.3420201433256721546 ) ) ;
#5315 = CARTESIAN_POINT ( 'NONE',  ( 0.6816684688103075151, -0.1100000000000000006, -0.01574999999999998623 ) ) ;
#5316 = DIRECTION ( 'NONE',  ( 0.0000000000000000000, 0.0000000000000000000, 1.000000000000000000 ) ) ;
#5317 = FACE_OUTER_BOUND ( 'NONE', #2907, .T. ) ;
#5318 = DIRECTION ( 'NONE',  ( -1.000000000000000000, 0.0000000000000000000, 4.840987058537324418E-16 ) ) ;
#5319 = ORIENTED_EDGE ( 'NONE', *, *, #910, .F. ) ;
#5320 = AXIS2_PLACEMENT_3D ( 'NONE', #2831, #2798, #678 ) ;
#5321 =( REPRESENTATION_RELATIONSHIP ('NONE','NONE', #4944, #1631 ) REPRESENTATION_RELATIONSHIP_WITH_TRANSFORMATION ( #1210 )SHAPE_REPRESENTATION_RELATIONSHIP( ) );
#5322 = CARTESIAN_POINT ( 'NONE',  ( 0.1649999999999994804, 0.01849999999999981520, 0.0000000000000000000 ) ) ;
#5323 = ADVANCED_FACE ( 'NONE', ( #2442, #4689 ), #299, .F. ) ;
#5324 = CARTESIAN_POINT ( 'NONE',  ( 0.7759349376206150506, 0.0000000000000000000, -0.2000000000000000111 ) ) ;
#5325 = DIRECTION ( 'NONE',  ( 0.0000000000000000000, 0.0000000000000000000, 1.000000000000000000 ) ) ;
#5326 = ORIENTED_EDGE ( 'NONE', *, *, #2409, .F. ) ;
#5327 = CARTESIAN_POINT ( 'NONE',  ( 0.1379674688103071922, -0.03520000000000000212, -0.1499999999999999944 ) ) ;
#5328 = EDGE_CURVE ( 'NONE', #1753, #4033, #2832, .T. ) ;
#5329 = CYLINDRICAL_SURFACE ( 'NONE', #3519, 0.02874000000000051860 ) ;
#5330 = ORIENTED_EDGE ( 'NONE', *, *, #4909, .F. ) ;
#5331 = AXIS2_PLACEMENT_3D ( 'NONE', #2108, #3801, #4432 ) ;
#5332 = AXIS2_PLACEMENT_3D ( 'NONE', #743, #1357, #318 ) ;
#5333 = CARTESIAN_POINT ( 'NONE',  ( 0.1816684688103074319, 0.0000000000000000000, -0.1842499999999996085 ) ) ;
#5334 = LINE ( 'NONE', #3215, #2098 ) ;
#5335 = AXIS2_PLACEMENT_3D ( 'NONE', #355, #4175, #5038 ) ;
#5336 = EDGE_CURVE ( 'NONE', #4764, #3379, #333, .T. ) ;
#5337 = CARTESIAN_POINT ( 'NONE',  ( 0.7759349376206150506, -0.1100000000000000006, -0.2000000000000000111 ) ) ;
#5338 = LINE ( 'NONE', #3196, #495 ) ;
#5339 = ORIENTED_EDGE ( 'NONE', *, *, #1112, .F. ) ;
#5340 = ORIENTED_EDGE ( 'NONE', *, *, #924, .F. ) ;
#5341 = EDGE_LOOP ( 'NONE', ( #3448, #4048, #3220, #1775 ) ) ;
#5342 = LINE ( 'NONE', #4009, #3836 ) ;
#5343 = VECTOR ( 'NONE', #3150, 39.37007874015748143 ) ;
#5344 = AXIS2_PLACEMENT_3D ( 'NONE', #4765, #3479, #4851 ) ;
#5345 = EDGE_CURVE ( 'NONE', #881, #290, #3749, .T. ) ;
#5346 = LINE ( 'NONE', #5315, #4707 ) ;
#5347 = CONTEXT_DEPENDENT_SHAPE_REPRESENTATION ( #4961, #2805 ) ;
#5348 = CARTESIAN_POINT ( 'NONE',  ( 0.0000000000000000000, 0.0000000000000000000, 0.0000000000000000000 ) ) ;
#5349 = DIRECTION ( 'NONE',  ( -0.0000000000000000000, 1.000000000000000000, -0.0000000000000000000 ) ) ;
#5350 = VECTOR ( 'NONE', #3139, 39.37007874015748143 ) ;
#5351 = AXIS2_PLACEMENT_3D ( 'NONE', #537, #3429, #2577 ) ;
#5352 = ORIENTED_EDGE ( 'NONE', *, *, #2422, .F. ) ;
#5353 = CIRCLE ( 'NONE', #4623, 0.03740000000000053004 ) ;
#5354 = AXIS2_PLACEMENT_3D ( 'NONE', #552, #3867, #5272 ) ;
#5355 = CARTESIAN_POINT ( 'NONE',  ( 0.1379674688103071922, 1.224646799147263287E-20, -0.04999999999999999584 ) ) ;
#5356 = AXIS2_PLACEMENT_3D ( 'NONE', #4326, #2670, #1778 ) ;
#5357 = CIRCLE ( 'NONE', #2922, 0.03740000000000053004 ) ;
#5358 = LINE ( 'NONE', #1089, #1064 ) ;
#5359 = EDGE_CURVE ( 'NONE', #5120, #902, #1628, .T. ) ;
#5360 = AXIS2_PLACEMENT_3D ( 'NONE', #2755, #3145, #4847 ) ;
#5361 = DIRECTION ( 'NONE',  ( -0.0000000000000000000, 1.000000000000000000, -0.0000000000000000000 ) ) ;
#5362 = ORIENTED_EDGE ( 'NONE', *, *, #2238, .F. ) ;
#5363 = CYLINDRICAL_SURFACE ( 'NONE', #2196, 0.02874000000000052207 ) ;
#5364 = PLANE ( 'NONE',  #2190 ) ;
#5365 = ORIENTED_EDGE ( 'NONE', *, *, #1304, .F. ) ;
#5366 = DIRECTION ( 'NONE',  ( -1.000000000000000000, 0.0000000000000000000, 4.840987058537324418E-16 ) ) ;
#5367 = ADVANCED_FACE ( 'NONE', ( #3304 ), #5503, .F. ) ;
#5368 = DIRECTION ( 'NONE',  ( 1.000000000000000000, 0.0000000000000000000, -3.387708325476510725E-16 ) ) ;
#5369 = DIRECTION ( 'NONE',  ( 1.000000000000000000, 0.0000000000000000000, 0.0000000000000000000 ) ) ;
#5370 = CARTESIAN_POINT ( 'NONE',  ( 0.5942664688103074244, -0.1100000000000000006, -0.01574999999999998623 ) ) ;
#5371 = EDGE_LOOP ( 'NONE', ( #3426, #2609, #4768, #1264 ) ) ;
#5372 = EDGE_LOOP ( 'NONE', ( #1731, #4814, #1558, #2592, #3950, #3737, #1805, #360, #3942, #3104, #5059, #2990, #588, #4488, #1282, #2944, #1624, #2666, #376, #3188, #1942, #1859, #599, #3613, #1061, #4422, #4384, #1290, #2269, #1705, #2712, #5506, #5075, #216, #1371, #1272, #1823, #2929, #1331, #4267, #1258, #263, #2619, #1479, #557, #3436, #3013, #4473, #2961, #2310, #4570, #401, #4861, #4015, #2186, #3815, #4411, #1126, #2797, #807, #375, #4751, #2303, #2623, #2599, #2960, #668, #3960 ) ) ;
#5373 = ORIENTED_EDGE ( 'NONE', *, *, #851, .F. ) ;
#5374 = CARTESIAN_POINT ( 'NONE',  ( 0.7759349376206148285, 0.0000000000000000000, 0.0000000000000000000 ) ) ;
#5375 = EDGE_CURVE ( 'NONE', #1992, #1040, #1842, .T. ) ;
#5376 = DIRECTION ( 'NONE',  ( 0.0000000000000000000, 0.0000000000000000000, 1.000000000000000000 ) ) ;
#5377 = SHAPE_DEFINITION_REPRESENTATION ( #1607, #3761 ) ;
#5378 = CARTESIAN_POINT ( 'NONE',  ( 0.03796746881030719362, -0.03520000000000000212, -0.1499999999999999944 ) ) ;
#5379 = CARTESIAN_POINT ( 'NONE',  ( 0.6379674688103071922, -0.1100000000000000006, -0.1212599999999994932 ) ) ;
#5380 = VERTEX_POINT ( 'NONE', #3279 ) ;
#5381 = EDGE_CURVE ( 'NONE', #1887, #2522, #759, .T. ) ;
#5382 = CYLINDRICAL_SURFACE ( 'NONE', #230, 0.02874000000000052207 ) ;
#5383 = DIRECTION ( 'NONE',  ( -1.000000000000000000, -0.0000000000000000000, -0.0000000000000000000 ) ) ;
#5384 = LINE ( 'NONE', #1067, #3001 ) ;
#5385 = ORIENTED_EDGE ( 'NONE', *, *, #386, .F. ) ;
#5386 = DIRECTION ( 'NONE',  ( -0.0000000000000000000, 1.000000000000000000, -0.0000000000000000000 ) ) ;
#5387 = PLANE ( 'NONE',  #2456 ) ;
#5388 = ORIENTED_EDGE ( 'NONE', *, *, #1715, .F. ) ;
#5389 = CARTESIAN_POINT ( 'NONE',  ( 0.3379674688103072033, 1.224646799147263287E-20, -0.04999999999999999584 ) ) ;
#5390 = CARTESIAN_POINT ( 'NONE',  ( 0.7759349376206148285, -0.1100000000000000006, 0.0000000000000000000 ) ) ;
#5391 =( CONVERSION_BASED_UNIT ( 'INCH', #2770 ) LENGTH_UNIT ( ) NAMED_UNIT ( #4173 ) );
#5392 = EDGE_LOOP ( 'NONE', ( #1359, #1953, #4428, #125 ) ) ;
#5393 = EDGE_LOOP ( 'NONE', ( #4685, #1701 ) ) ;
#5394 = EDGE_CURVE ( 'NONE', #4888, #4930, #852, .T. ) ;
#5395 = ORIENTED_EDGE ( 'NONE', *, *, #3625, .F. ) ;
#5396 = PLANE ( 'NONE',  #1084 ) ;
#5397 = LINE ( 'NONE', #4871, #4612 ) ;
#5398 = CYLINDRICAL_SURFACE ( 'NONE', #935, 0.03740000000000053004 ) ;
#5399 = DIRECTION ( 'NONE',  ( 0.0000000000000000000, 0.0000000000000000000, 1.000000000000000000 ) ) ;
#5400 = DIRECTION ( 'NONE',  ( -0.0000000000000000000, 1.000000000000000000, -0.0000000000000000000 ) ) ;
#5401 = ADVANCED_FACE ( 'NONE', ( #5456 ), #5017, .F. ) ;
#5402 = ORIENTED_EDGE ( 'NONE', *, *, #5044, .T. ) ;
#5403 = DIRECTION ( 'NONE',  ( -0.0000000000000000000, 1.000000000000000000, -0.0000000000000000000 ) ) ;
#5404 = ADVANCED_FACE ( 'NONE', ( #1237 ), #1186, .F. ) ;
#5405 = DIRECTION ( 'NONE',  ( 0.0000000000000000000, 0.0000000000000000000, 1.000000000000000000 ) ) ;
#5406 = ORIENTED_EDGE ( 'NONE', *, *, #1871, .T. ) ;
#5407 = CARTESIAN_POINT ( 'NONE',  ( 0.6942664688103074022, -0.1100000000000000006, -0.1842499999999996918 ) ) ;
#5408 = FACE_OUTER_BOUND ( 'NONE', #4032, .T. ) ;
#5409 = ORIENTED_EDGE ( 'NONE', *, *, #3561, .F. ) ;
#5410 = DIRECTION ( 'NONE',  ( 1.000000000000000000, 0.0000000000000000000, -5.421193827719211569E-15 ) ) ;
#5411 = CARTESIAN_POINT ( 'NONE',  ( 0.7379674688103072810, 0.0000000000000000000, -0.04999999999999999584 ) ) ;
#5412 =( NAMED_UNIT ( * ) SI_UNIT ( $, .STERADIAN. ) SOLID_ANGLE_UNIT ( ) );
#5413 = AXIS2_PLACEMENT_3D ( 'NONE', #4201, #4955, #1106 ) ;
#5414 = ORIENTED_EDGE ( 'NONE', *, *, #2365, .F. ) ;
#5415 = EDGE_LOOP ( 'NONE', ( #1869, #1674, #542, #5034 ) ) ;
#5416 = ORIENTED_EDGE ( 'NONE', *, *, #2977, .T. ) ;
#5417 = CARTESIAN_POINT ( 'NONE',  ( 0.0000000000000000000, 0.0000000000000000000, 0.0000000000000000000 ) ) ;
#5418 = AXIS2_PLACEMENT_3D ( 'NONE', #3021, #4681, #463 ) ;
#5419 = EDGE_CURVE ( 'NONE', #301, #929, #812, .T. ) ;
#5420 = ADVANCED_FACE ( 'NONE', ( #379 ), #1688, .F. ) ;
#5421 = CARTESIAN_POINT ( 'NONE',  ( 0.3759359376206146686, -0.1100000000000000006, -9.478001694819074349E-34 ) ) ;
#5422 = LINE ( 'NONE', #2029, #4795 ) ;
#5423 =( REPRESENTATION_RELATIONSHIP ('NONE','NONE', #4944, #1631 ) REPRESENTATION_RELATIONSHIP_WITH_TRANSFORMATION ( #4602 )SHAPE_REPRESENTATION_RELATIONSHIP( ) );
#5424 = DIRECTION ( 'NONE',  ( 0.0000000000000000000, 0.0000000000000000000, 1.000000000000000000 ) ) ;
#5425 = CARTESIAN_POINT ( 'NONE',  ( 0.6379674688103071922, -0.03520000000000000212, -0.1499999999999999944 ) ) ;
#5426 = ORIENTED_EDGE ( 'NONE', *, *, #1683, .T. ) ;
#5427 = AXIS2_PLACEMENT_3D ( 'NONE', #2594, #4979, #1183 ) ;
#5428 = EDGE_CURVE ( 'NONE', #2936, #4129, #2819, .T. ) ;
#5429 = VECTOR ( 'NONE', #3500, 39.37007874015748854 ) ;
#5430 = VECTOR ( 'NONE', #1532, 39.37007874015748143 ) ;
#5431 = DIRECTION ( 'NONE',  ( 0.0000000000000000000, 0.0000000000000000000, 1.000000000000000000 ) ) ;
#5432 = AXIS2_PLACEMENT_3D ( 'NONE', #2940, #5529, #2914 ) ;
#5433 = CIRCLE ( 'NONE', #309, 0.03740000000000053004 ) ;
#5434 = AXIS2_PLACEMENT_3D ( 'NONE', #1182, #2078, #353 ) ;
#5435 = AXIS2_PLACEMENT_3D ( 'NONE', #4657, #1989, #3682 ) ;
#5436 = EDGE_CURVE ( 'NONE', #3336, #4131, #2995, .T. ) ;
#5437 = CARTESIAN_POINT ( 'NONE',  ( 0.0000000000000000000, 0.0000000000000000000, 0.0000000000000000000 ) ) ;
#5438 = CIRCLE ( 'NONE', #3809, 0.03740000000000053004 ) ;
#5439 = ORIENTED_EDGE ( 'NONE', *, *, #1521, .T. ) ;
#5440 = DIRECTION ( 'NONE',  ( 0.9396926207859080948, 0.0000000000000000000, -0.3420201433256695456 ) ) ;
#5441 = VECTOR ( 'NONE', #5366, 39.37007874015748143 ) ;
#5442 = ORIENTED_EDGE ( 'NONE', *, *, #4995, .T. ) ;
#5443 = DIRECTION ( 'NONE',  ( -0.0000000000000000000, 1.000000000000000000, -0.0000000000000000000 ) ) ;
#5444 = ORIENTED_EDGE ( 'NONE', *, *, #886, .F. ) ;
#5445 = CARTESIAN_POINT ( 'NONE',  ( 0.5816684688103075374, -0.1100000000000000006, -0.1842499999999996085 ) ) ;
#5446 = AXIS2_PLACEMENT_3D ( 'NONE', #2864, #1167, #1632 ) ;
#5447 = CARTESIAN_POINT ( 'NONE',  ( 0.4942664688103074466, 0.0000000000000000000, -0.1842499999999996918 ) ) ;
#5448 = DIRECTION ( 'NONE',  ( 0.0000000000000000000, 0.0000000000000000000, 1.000000000000000000 ) ) ;
#5449 = ORIENTED_EDGE ( 'NONE', *, *, #2708, .T. ) ;
#5450 = EDGE_LOOP ( 'NONE', ( #156, #2738 ) ) ;
#5451 = VERTEX_POINT ( 'NONE', #4756 ) ;
#5452 = DIRECTION ( 'NONE',  ( -0.0000000000000000000, 1.000000000000000000, -0.0000000000000000000 ) ) ;
#5453 = LINE ( 'NONE', #2057, #4804 ) ;
#5454 = ITEM_DEFINED_TRANSFORMATION ( 'NONE', 'NONE', #5263,  #1046 ) ;
#5455 = DIRECTION ( 'NONE',  ( 0.0000000000000000000, 0.0000000000000000000, 1.000000000000000000 ) ) ;
#5456 = FACE_OUTER_BOUND ( 'NONE', #4799, .T. ) ;
#5457 = DIRECTION ( 'NONE',  ( 0.0000000000000000000, 0.0000000000000000000, 1.000000000000000000 ) ) ;
#5458 = ORIENTED_EDGE ( 'NONE', *, *, #659, .F. ) ;
#5459 = EDGE_CURVE ( 'NONE', #3457, #4553, #444, .T. ) ;
#5460 = CARTESIAN_POINT ( 'NONE',  ( 0.08166846881030738470, -0.1100000000000000006, -0.01574999999999998623 ) ) ;
#5461 = EDGE_CURVE ( 'NONE', #1798, #4080, #470, .T. ) ;
#5462 = EDGE_CURVE ( 'NONE', #2153, #3865, #1322, .T. ) ;
#5463 = EDGE_CURVE ( 'NONE', #5476, #2590, #4724, .T. ) ;
#5464 = DIRECTION ( 'NONE',  ( -0.0000000000000000000, 1.000000000000000000, -0.0000000000000000000 ) ) ;
#5465 = EDGE_LOOP ( 'NONE', ( #3290, #2136, #1239, #3166 ) ) ;
#5466 = LINE ( 'NONE', #823, #4613 ) ;
#5467 = EDGE_LOOP ( 'NONE', ( #3581, #5388, #3297, #77 ) ) ;
#5468 = DIRECTION ( 'NONE',  ( -0.0000000000000000000, 1.000000000000000000, -0.0000000000000000000 ) ) ;
#5469 = EDGE_LOOP ( 'NONE', ( #1407, #1297 ) ) ;
#5470 = EDGE_CURVE ( 'NONE', #4781, #2492, #3534, .T. ) ;
#5471 = LINE ( 'NONE', #1618, #144 ) ;
#5472 = CARTESIAN_POINT ( 'NONE',  ( 0.6379674688103071922, -0.03520000000000000212, -0.1499999999999999944 ) ) ;
#5473 = DIRECTION ( 'NONE',  ( 0.0000000000000000000, 0.0000000000000000000, 1.000000000000000000 ) ) ;
#5474 = LINE ( 'NONE', #4222, #3108 ) ;
#5475 = ORIENTED_EDGE ( 'NONE', *, *, #135, .T. ) ;
#5476 = VERTEX_POINT ( 'NONE', #2252 ) ;
#5477 = DIRECTION ( 'NONE',  ( -0.0000000000000000000, 1.000000000000000000, -0.0000000000000000000 ) ) ;
#5478 = ADVANCED_FACE ( 'NONE', ( #3493 ), #1710, .F. ) ;
#5479 = CARTESIAN_POINT ( 'NONE',  ( 0.7379674688103072810, -0.03520000000000000212, -0.08740000000000051894 ) ) ;
#5480 = FACE_OUTER_BOUND ( 'NONE', #4758, .T. ) ;
#5481 = CARTESIAN_POINT ( 'NONE',  ( 0.5379674688103072144, 0.0000000000000000000, -0.04999999999999999584 ) ) ;
#5482 = LINE ( 'NONE', #1629, #4446 ) ;
#5483 = VERTEX_POINT ( 'NONE', #4293 ) ;
#5484 = DIRECTION ( 'NONE',  ( 0.0000000000000000000, 0.0000000000000000000, 1.000000000000000000 ) ) ;
#5485 = ADVANCED_FACE ( 'NONE', ( #873 ), #925, .F. ) ;
#5487 = ADVANCED_FACE ( 'NONE', ( #3113 ), #2548, .F. ) ;
#5486 = DIRECTION ( 'NONE',  ( -1.266620916943744463E-17, 0.0000000000000000000, 1.000000000000000000 ) ) ;
#5488 = ORIENTED_EDGE ( 'NONE', *, *, #2487, .T. ) ;
#5489 = DIRECTION ( 'NONE',  ( 1.000000000000000000, 0.0000000000000000000, 0.0000000000000000000 ) ) ;
#5490 = DIRECTION ( 'NONE',  ( 1.000000000000000000, 0.0000000000000000000, -5.421193827719211569E-15 ) ) ;
#5491 = ORIENTED_EDGE ( 'NONE', *, *, #4298, .F. ) ;
#5492 = DIRECTION ( 'NONE',  ( 0.3420201433256665480, -0.0000000000000000000, 0.9396926207859092051 ) ) ;
#5493 = ADVANCED_FACE ( 'NONE', ( #3469 ), #1348, .F. ) ;
#5494 = FACE_OUTER_BOUND ( 'NONE', #5505, .T. ) ;
#5495 = CARTESIAN_POINT ( 'NONE',  ( 0.6379674688103071922, 0.0000000000000000000, -0.1499999999999999944 ) ) ;
#5496 = CARTESIAN_POINT ( 'NONE',  ( 0.6379674688103071922, 0.0000000000000000000, -0.1499999999999999944 ) ) ;
#5497 = VERTEX_POINT ( 'NONE', #2631 ) ;
#5498 = ORIENTED_EDGE ( 'NONE', *, *, #4932, .T. ) ;
#5499 = CARTESIAN_POINT ( 'NONE',  ( 0.6379674688103071922, 1.224646799147263287E-20, -0.1499999999999999944 ) ) ;
#5500 = EDGE_CURVE ( 'NONE', #1324, #5182, #948, .T. ) ;
#5501 = DIRECTION ( 'NONE',  ( -0.0000000000000000000, 1.000000000000000000, -0.0000000000000000000 ) ) ;
#5502 = DIRECTION ( 'NONE',  ( -0.0000000000000000000, 1.000000000000000000, -0.0000000000000000000 ) ) ;
#5503 = CYLINDRICAL_SURFACE ( 'NONE', #2733, 0.03740000000000053698 ) ;
#5504 = CARTESIAN_POINT ( 'NONE',  ( 0.5759359376206146797, -0.1100000000000000006, -9.478001694819074349E-34 ) ) ;
#5505 = EDGE_LOOP ( 'NONE', ( #1018, #3604, #3631, #590 ) ) ;
#5506 = ORIENTED_EDGE ( 'NONE', *, *, #4190, .T. ) ;
#5507 = PLANE ( 'NONE',  #1051 ) ;
#5508 = AXIS2_PLACEMENT_3D ( 'NONE', #180, #915, #1006 ) ;
#5509 = VECTOR ( 'NONE', #2862, 39.37007874015748143 ) ;
#5510 = FACE_OUTER_BOUND ( 'NONE', #4738, .T. ) ;
#5511 = ORIENTED_EDGE ( 'NONE', *, *, #1473, .T. ) ;
#5512 = CARTESIAN_POINT ( 'NONE',  ( 0.6379674688103071922, 0.0000000000000000000, -0.1499999999999999944 ) ) ;
#5513 = DIRECTION ( 'NONE',  ( 0.0000000000000000000, 0.0000000000000000000, 1.000000000000000000 ) ) ;
#5514 = EDGE_LOOP ( 'NONE', ( #4577, #5122, #3973, #548 ) ) ;
#5515 = VECTOR ( 'NONE', #1000, 39.37007874015748143 ) ;
#5516 = FACE_OUTER_BOUND ( 'NONE', #3767, .T. ) ;
#5517 = VECTOR ( 'NONE', #3811, 39.37007874015748143 ) ;
#5518 = AXIS2_PLACEMENT_3D ( 'NONE', #3265, #1196, #1561 ) ;
#5519 = DIRECTION ( 'NONE',  ( -0.0000000000000000000, 1.000000000000000000, -0.0000000000000000000 ) ) ;
#5520 = CARTESIAN_POINT ( 'NONE',  ( 0.03796746881030719362, 0.0000000000000000000, -0.04999999999999999584 ) ) ;
#5521 = LINE ( 'NONE', #3793, #4917 ) ;
#5522 = ORIENTED_EDGE ( 'NONE', *, *, #5053, .T. ) ;
#5523 = ORIENTED_EDGE ( 'NONE', *, *, #3769, .T. ) ;
#5524 = AXIS2_PLACEMENT_3D ( 'NONE', #1894, #715, #2363 ) ;
#5525 = CARTESIAN_POINT ( 'NONE',  ( 0.3379674688103072033, 0.0000000000000000000, -0.04999999999999999584 ) ) ;
#5526 = EDGE_CURVE ( 'NONE', #4342, #3262, #4349, .T. ) ;
#5527 = PLANE ( 'NONE',  #4427 ) ;
#5528 = AXIS2_PLACEMENT_3D ( 'NONE', #1727, #1255, #2959 ) ;
#5529 = DIRECTION ( 'NONE',  ( 0.9396926207859080948, 0.0000000000000000000, -0.3420201433256695456 ) ) ;
#5530 = LINE ( 'NONE', #2549, #3439 ) ;
#5531 = EDGE_LOOP ( 'NONE', ( #5058, #3057, #5186, #3407 ) ) ;
#5532 = ORIENTED_EDGE ( 'NONE', *, *, #5359, .F. ) ;
#5533 = EDGE_LOOP ( 'NONE', ( #4575, #3134, #488, #270 ) ) ;
#5534 = ADVANCED_FACE ( 'NONE', ( #105 ), #1821, .F. ) ;
#5535 = CARTESIAN_POINT ( 'NONE',  ( 0.7379674688103072810, -0.1100000000000000006, -0.1499999999999999944 ) ) ;
#5536 = CARTESIAN_POINT ( 'NONE',  ( 0.08166846881030742633, 0.0000000000000000000, -0.1842499999999996085 ) ) ;
#5537 = CARTESIAN_POINT ( 'NONE',  ( 0.0000000000000000000, -0.1100000000000000006, 0.0000000000000000000 ) ) ;
#5538 = EDGE_LOOP ( 'NONE', ( #184, #4363, #5426, #2826 ) ) ;
#5539 = CARTESIAN_POINT ( 'NONE',  ( 0.3379674688103072033, 0.0000000000000000000, -0.01259999999999946926 ) ) ;
#5540 = NEXT_ASSEMBLY_USAGE_OCCURRENCE ( 'NAUO1', ' ', ' ', #4452, #4870, $ ) ;
#5541 = NEXT_ASSEMBLY_USAGE_OCCURRENCE ( 'NAUO2', ' ', ' ', #4452, #3606, $ ) ;
#5542 = NEXT_ASSEMBLY_USAGE_OCCURRENCE ( 'NAUO3', ' ', ' ', #4452, #3606, $ ) ;
#5543 = NEXT_ASSEMBLY_USAGE_OCCURRENCE ( 'NAUO4', ' ', ' ', #4452, #3606, $ ) ;
#5544 = NEXT_ASSEMBLY_USAGE_OCCURRENCE ( 'NAUO5', ' ', ' ', #4452, #3606, $ ) ;
#5545 = NEXT_ASSEMBLY_USAGE_OCCURRENCE ( 'NAUO6', ' ', ' ', #4452, #3606, $ ) ;
#5546 = NEXT_ASSEMBLY_USAGE_OCCURRENCE ( 'NAUO7', ' ', ' ', #4452, #3606, $ ) ;
#5547 = NEXT_ASSEMBLY_USAGE_OCCURRENCE ( 'NAUO8', ' ', ' ', #4452, #3606, $ ) ;
#5548 = NEXT_ASSEMBLY_USAGE_OCCURRENCE ( 'NAUO9', ' ', ' ', #4452, #3606, $ ) ;
#5549 = NEXT_ASSEMBLY_USAGE_OCCURRENCE ( 'NAUO10', ' ', ' ', #4452, #3606, $ ) ;
#5550 = NEXT_ASSEMBLY_USAGE_OCCURRENCE ( 'NAUO11', ' ', ' ', #4452, #3606, $ ) ;
#5551 = NEXT_ASSEMBLY_USAGE_OCCURRENCE ( 'NAUO12', ' ', ' ', #4452, #3606, $ ) ;
#5552 = NEXT_ASSEMBLY_USAGE_OCCURRENCE ( 'NAUO13', ' ', ' ', #4452, #3606, $ ) ;
#5553 = NEXT_ASSEMBLY_USAGE_OCCURRENCE ( 'NAUO14', ' ', ' ', #4452, #3606, $ ) ;
#5554 = NEXT_ASSEMBLY_USAGE_OCCURRENCE ( 'NAUO15', ' ', ' ', #4452, #3606, $ ) ;
#5555 = NEXT_ASSEMBLY_USAGE_OCCURRENCE ( 'NAUO16', ' ', ' ', #4452, #3606, $ ) ;
#5556 = NEXT_ASSEMBLY_USAGE_OCCURRENCE ( 'NAUO17', ' ', ' ', #4452, #3606, $ ) ;
ENDSEC;
END-ISO-10303-21;
