ISO-10303-21;
HEADER;
/* Generated by software containing ST-Developer
 * from STEP Tools, Inc. (www.steptools.com) 
 */

FILE_DESCRIPTION(
/* description */ ('STEP AP214'),
/* implementation_level */ '2;1');

FILE_NAME(
/* name */ 'mill-max-419-10-212-00-001000.step',
/* time_stamp */ '2026-09-13T02:52:31+01:00',
/* author */ (''),
/* organization */ (''),
/* preprocessor_version */ 'ST-DEVELOPER v20.1',
/* originating_system */ 'Autodesk Translation Framework v15.8.0.0',
/* authorisation */ '');

FILE_SCHEMA (('AUTOMOTIVE_DESIGN { 1 0 10303 214 3 1 1 }'));
ENDSEC;

DATA;
#10=MECHANICAL_DESIGN_GEOMETRIC_PRESENTATION_REPRESENTATION('',(#75,#76),
#3203);
#11=ITEM_DEFINED_TRANSFORMATION($,$,#2070,#2097);
#12=ITEM_DEFINED_TRANSFORMATION($,$,#2070,#2098);
#13=ITEM_DEFINED_TRANSFORMATION($,$,#2070,#2099);
#14=ITEM_DEFINED_TRANSFORMATION($,$,#2070,#2100);
#15=ITEM_DEFINED_TRANSFORMATION($,$,#1931,#2101);
#16=ITEM_DEFINED_TRANSFORMATION($,$,#2070,#2102);
#17=ITEM_DEFINED_TRANSFORMATION($,$,#2070,#2103);
#18=ITEM_DEFINED_TRANSFORMATION($,$,#2070,#2104);
#19=ITEM_DEFINED_TRANSFORMATION($,$,#2070,#2105);
#20=ITEM_DEFINED_TRANSFORMATION($,$,#2070,#2106);
#21=ITEM_DEFINED_TRANSFORMATION($,$,#2070,#2107);
#22=ITEM_DEFINED_TRANSFORMATION($,$,#2070,#2108);
#23=ITEM_DEFINED_TRANSFORMATION($,$,#2070,#2109);
#24=ITEM_DEFINED_TRANSFORMATION($,$,#1930,#2110);
#25=(
REPRESENTATION_RELATIONSHIP($,$,#3236,#3234)
REPRESENTATION_RELATIONSHIP_WITH_TRANSFORMATION(#11)
SHAPE_REPRESENTATION_RELATIONSHIP()
);
#26=(
REPRESENTATION_RELATIONSHIP($,$,#3236,#3234)
REPRESENTATION_RELATIONSHIP_WITH_TRANSFORMATION(#12)
SHAPE_REPRESENTATION_RELATIONSHIP()
);
#27=(
REPRESENTATION_RELATIONSHIP($,$,#3236,#3234)
REPRESENTATION_RELATIONSHIP_WITH_TRANSFORMATION(#13)
SHAPE_REPRESENTATION_RELATIONSHIP()
);
#28=(
REPRESENTATION_RELATIONSHIP($,$,#3236,#3234)
REPRESENTATION_RELATIONSHIP_WITH_TRANSFORMATION(#14)
SHAPE_REPRESENTATION_RELATIONSHIP()
);
#29=(
REPRESENTATION_RELATIONSHIP($,$,#3235,#3234)
REPRESENTATION_RELATIONSHIP_WITH_TRANSFORMATION(#15)
SHAPE_REPRESENTATION_RELATIONSHIP()
);
#30=(
REPRESENTATION_RELATIONSHIP($,$,#3236,#3234)
REPRESENTATION_RELATIONSHIP_WITH_TRANSFORMATION(#16)
SHAPE_REPRESENTATION_RELATIONSHIP()
);
#31=(
REPRESENTATION_RELATIONSHIP($,$,#3236,#3234)
REPRESENTATION_RELATIONSHIP_WITH_TRANSFORMATION(#17)
SHAPE_REPRESENTATION_RELATIONSHIP()
);
#32=(
REPRESENTATION_RELATIONSHIP($,$,#3236,#3234)
REPRESENTATION_RELATIONSHIP_WITH_TRANSFORMATION(#18)
SHAPE_REPRESENTATION_RELATIONSHIP()
);
#33=(
REPRESENTATION_RELATIONSHIP($,$,#3236,#3234)
REPRESENTATION_RELATIONSHIP_WITH_TRANSFORMATION(#19)
SHAPE_REPRESENTATION_RELATIONSHIP()
);
#34=(
REPRESENTATION_RELATIONSHIP($,$,#3236,#3234)
REPRESENTATION_RELATIONSHIP_WITH_TRANSFORMATION(#20)
SHAPE_REPRESENTATION_RELATIONSHIP()
);
#35=(
REPRESENTATION_RELATIONSHIP($,$,#3236,#3234)
REPRESENTATION_RELATIONSHIP_WITH_TRANSFORMATION(#21)
SHAPE_REPRESENTATION_RELATIONSHIP()
);
#36=(
REPRESENTATION_RELATIONSHIP($,$,#3236,#3234)
REPRESENTATION_RELATIONSHIP_WITH_TRANSFORMATION(#22)
SHAPE_REPRESENTATION_RELATIONSHIP()
);
#37=(
REPRESENTATION_RELATIONSHIP($,$,#3236,#3234)
REPRESENTATION_RELATIONSHIP_WITH_TRANSFORMATION(#23)
SHAPE_REPRESENTATION_RELATIONSHIP()
);
#38=(
REPRESENTATION_RELATIONSHIP($,$,#3234,#3233)
REPRESENTATION_RELATIONSHIP_WITH_TRANSFORMATION(#24)
SHAPE_REPRESENTATION_RELATIONSHIP()
);
#39=CONTEXT_DEPENDENT_SHAPE_REPRESENTATION(#25,#3219);
#40=CONTEXT_DEPENDENT_SHAPE_REPRESENTATION(#26,#3220);
#41=CONTEXT_DEPENDENT_SHAPE_REPRESENTATION(#27,#3221);
#42=CONTEXT_DEPENDENT_SHAPE_REPRESENTATION(#28,#3222);
#43=CONTEXT_DEPENDENT_SHAPE_REPRESENTATION(#29,#3223);
#44=CONTEXT_DEPENDENT_SHAPE_REPRESENTATION(#30,#3224);
#45=CONTEXT_DEPENDENT_SHAPE_REPRESENTATION(#31,#3225);
#46=CONTEXT_DEPENDENT_SHAPE_REPRESENTATION(#32,#3226);
#47=CONTEXT_DEPENDENT_SHAPE_REPRESENTATION(#33,#3227);
#48=CONTEXT_DEPENDENT_SHAPE_REPRESENTATION(#34,#3228);
#49=CONTEXT_DEPENDENT_SHAPE_REPRESENTATION(#35,#3229);
#50=CONTEXT_DEPENDENT_SHAPE_REPRESENTATION(#36,#3230);
#51=CONTEXT_DEPENDENT_SHAPE_REPRESENTATION(#37,#3231);
#52=CONTEXT_DEPENDENT_SHAPE_REPRESENTATION(#38,#3232);
#53=NEXT_ASSEMBLY_USAGE_OCCURRENCE('1942:12','1942:12','1942:12',#3239,
#3241,'1942:12');
#54=NEXT_ASSEMBLY_USAGE_OCCURRENCE('1942:2','1942:2','1942:2',#3239,#3241,
'1942:2');
#55=NEXT_ASSEMBLY_USAGE_OCCURRENCE('1942:3','1942:3','1942:3',#3239,#3241,
'1942:3');
#56=NEXT_ASSEMBLY_USAGE_OCCURRENCE('1942:1','1942:1','1942:1',#3239,#3241,
'1942:1');
#57=NEXT_ASSEMBLY_USAGE_OCCURRENCE(
'P4XX-21-010-00-000000_P412-21-010-00-000000:1',
'P4XX-21-010-00-000000_P412-21-010-00-000000:1',
'P4XX-21-010-00-000000_P412-21-010-00-000000:1',#3239,#3240,
'P4XX-21-010-00-000000_P412-21-010-00-000000:1');
#58=NEXT_ASSEMBLY_USAGE_OCCURRENCE('1942:5','1942:5','1942:5',#3239,#3241,
'1942:5');
#59=NEXT_ASSEMBLY_USAGE_OCCURRENCE('1942:8','1942:8','1942:8',#3239,#3241,
'1942:8');
#60=NEXT_ASSEMBLY_USAGE_OCCURRENCE('1942:6','1942:6','1942:6',#3239,#3241,
'1942:6');
#61=NEXT_ASSEMBLY_USAGE_OCCURRENCE('1942:4','1942:4','1942:4',#3239,#3241,
'1942:4');
#62=NEXT_ASSEMBLY_USAGE_OCCURRENCE('1942:9','1942:9','1942:9',#3239,#3241,
'1942:9');
#63=NEXT_ASSEMBLY_USAGE_OCCURRENCE('1942:10','1942:10','1942:10',#3239,
#3241,'1942:10');
#64=NEXT_ASSEMBLY_USAGE_OCCURRENCE('1942:11','1942:11','1942:11',#3239,
#3241,'1942:11');
#65=NEXT_ASSEMBLY_USAGE_OCCURRENCE('1942:7','1942:7','1942:7',#3239,#3241,
'1942:7');
#66=NEXT_ASSEMBLY_USAGE_OCCURRENCE('419-10-214-00-001000:1',
'419-10-214-00-001000:1','419-10-214-00-001000:1',#3238,#3239,
'419-10-214-00-001000:1');
#67=CONICAL_SURFACE('',#2086,0.0264999999999993,0.261799387799026);
#68=CONICAL_SURFACE('',#2091,0.0184999999999998,0.785398163397517);
#69=SPHERICAL_SURFACE('',#2078,0.0100000000000002);
#70=TOROIDAL_SURFACE('',#2071,0.0169999999999982,0.00699999999999886);
#71=SHAPE_REPRESENTATION_RELATIONSHIP('SRR','None',#3235,#73);
#72=SHAPE_REPRESENTATION_RELATIONSHIP('SRR','None',#3236,#74);
#73=ADVANCED_BREP_SHAPE_REPRESENTATION('',(#77),#3201);
#74=ADVANCED_BREP_SHAPE_REPRESENTATION('',(#78),#3202);
#75=STYLED_ITEM('',(#3258),#77);
#76=STYLED_ITEM('',(#3259),#78);
#77=MANIFOLD_SOLID_BREP('Body1',#1904);
#78=MANIFOLD_SOLID_BREP('Body1',#1905);
#79=FACE_BOUND('',#337,.T.);
#80=FACE_BOUND('',#338,.T.);
#81=FACE_BOUND('',#339,.T.);
#82=FACE_BOUND('',#340,.T.);
#83=FACE_BOUND('',#341,.T.);
#84=FACE_BOUND('',#342,.T.);
#85=FACE_BOUND('',#343,.T.);
#86=FACE_BOUND('',#344,.T.);
#87=FACE_BOUND('',#345,.T.);
#88=FACE_BOUND('',#346,.T.);
#89=FACE_BOUND('',#347,.T.);
#90=FACE_BOUND('',#348,.T.);
#91=FACE_BOUND('',#350,.T.);
#92=FACE_BOUND('',#351,.T.);
#93=FACE_BOUND('',#352,.T.);
#94=FACE_BOUND('',#353,.T.);
#95=FACE_BOUND('',#354,.T.);
#96=FACE_BOUND('',#355,.T.);
#97=FACE_BOUND('',#356,.T.);
#98=FACE_BOUND('',#357,.T.);
#99=FACE_BOUND('',#358,.T.);
#100=FACE_BOUND('',#359,.T.);
#101=FACE_BOUND('',#360,.T.);
#102=FACE_BOUND('',#361,.T.);
#103=FACE_BOUND('',#363,.T.);
#104=FACE_BOUND('',#371,.T.);
#105=FACE_BOUND('',#373,.T.);
#106=FACE_BOUND('',#375,.T.);
#107=FACE_BOUND('',#377,.T.);
#108=FACE_BOUND('',#379,.T.);
#109=FACE_BOUND('',#381,.T.);
#110=FACE_BOUND('',#383,.T.);
#111=FACE_BOUND('',#385,.T.);
#112=FACE_BOUND('',#387,.T.);
#113=FACE_BOUND('',#389,.T.);
#114=FACE_BOUND('',#391,.T.);
#115=FACE_BOUND('',#425,.T.);
#116=FACE_BOUND('',#427,.T.);
#117=FACE_BOUND('',#430,.T.);
#118=PLANE('',#2004);
#119=PLANE('',#2005);
#120=PLANE('',#2006);
#121=PLANE('',#2007);
#122=PLANE('',#2008);
#123=PLANE('',#2009);
#124=PLANE('',#2010);
#125=PLANE('',#2011);
#126=PLANE('',#2012);
#127=PLANE('',#2013);
#128=PLANE('',#2014);
#129=PLANE('',#2015);
#130=PLANE('',#2016);
#131=PLANE('',#2017);
#132=PLANE('',#2018);
#133=PLANE('',#2019);
#134=PLANE('',#2020);
#135=PLANE('',#2021);
#136=PLANE('',#2022);
#137=PLANE('',#2023);
#138=PLANE('',#2024);
#139=PLANE('',#2025);
#140=PLANE('',#2026);
#141=PLANE('',#2027);
#142=PLANE('',#2028);
#143=PLANE('',#2029);
#144=PLANE('',#2030);
#145=PLANE('',#2031);
#146=PLANE('',#2032);
#147=PLANE('',#2033);
#148=PLANE('',#2034);
#149=PLANE('',#2035);
#150=PLANE('',#2036);
#151=PLANE('',#2037);
#152=PLANE('',#2038);
#153=PLANE('',#2039);
#154=PLANE('',#2040);
#155=PLANE('',#2041);
#156=PLANE('',#2042);
#157=PLANE('',#2043);
#158=PLANE('',#2044);
#159=PLANE('',#2045);
#160=PLANE('',#2046);
#161=PLANE('',#2047);
#162=PLANE('',#2048);
#163=PLANE('',#2049);
#164=PLANE('',#2050);
#165=PLANE('',#2051);
#166=PLANE('',#2052);
#167=PLANE('',#2053);
#168=PLANE('',#2054);
#169=PLANE('',#2055);
#170=PLANE('',#2056);
#171=PLANE('',#2057);
#172=PLANE('',#2058);
#173=PLANE('',#2059);
#174=PLANE('',#2060);
#175=PLANE('',#2061);
#176=PLANE('',#2062);
#177=PLANE('',#2063);
#178=PLANE('',#2064);
#179=PLANE('',#2065);
#180=PLANE('',#2066);
#181=PLANE('',#2067);
#182=PLANE('',#2068);
#183=PLANE('',#2069);
#184=PLANE('',#2093);
#185=PLANE('',#2094);
#186=PLANE('',#2095);
#187=PLANE('',#2096);
#188=FACE_OUTER_BOUND('',#290,.T.);
#189=FACE_OUTER_BOUND('',#291,.T.);
#190=FACE_OUTER_BOUND('',#292,.T.);
#191=FACE_OUTER_BOUND('',#293,.T.);
#192=FACE_OUTER_BOUND('',#294,.T.);
#193=FACE_OUTER_BOUND('',#295,.T.);
#194=FACE_OUTER_BOUND('',#296,.T.);
#195=FACE_OUTER_BOUND('',#297,.T.);
#196=FACE_OUTER_BOUND('',#298,.T.);
#197=FACE_OUTER_BOUND('',#299,.T.);
#198=FACE_OUTER_BOUND('',#300,.T.);
#199=FACE_OUTER_BOUND('',#301,.T.);
#200=FACE_OUTER_BOUND('',#302,.T.);
#201=FACE_OUTER_BOUND('',#303,.T.);
#202=FACE_OUTER_BOUND('',#304,.T.);
#203=FACE_OUTER_BOUND('',#305,.T.);
#204=FACE_OUTER_BOUND('',#306,.T.);
#205=FACE_OUTER_BOUND('',#307,.T.);
#206=FACE_OUTER_BOUND('',#308,.T.);
#207=FACE_OUTER_BOUND('',#309,.T.);
#208=FACE_OUTER_BOUND('',#310,.T.);
#209=FACE_OUTER_BOUND('',#311,.T.);
#210=FACE_OUTER_BOUND('',#312,.T.);
#211=FACE_OUTER_BOUND('',#313,.T.);
#212=FACE_OUTER_BOUND('',#314,.T.);
#213=FACE_OUTER_BOUND('',#315,.T.);
#214=FACE_OUTER_BOUND('',#316,.T.);
#215=FACE_OUTER_BOUND('',#317,.T.);
#216=FACE_OUTER_BOUND('',#318,.T.);
#217=FACE_OUTER_BOUND('',#319,.T.);
#218=FACE_OUTER_BOUND('',#320,.T.);
#219=FACE_OUTER_BOUND('',#321,.T.);
#220=FACE_OUTER_BOUND('',#322,.T.);
#221=FACE_OUTER_BOUND('',#323,.T.);
#222=FACE_OUTER_BOUND('',#324,.T.);
#223=FACE_OUTER_BOUND('',#325,.T.);
#224=FACE_OUTER_BOUND('',#326,.T.);
#225=FACE_OUTER_BOUND('',#327,.T.);
#226=FACE_OUTER_BOUND('',#328,.T.);
#227=FACE_OUTER_BOUND('',#329,.T.);
#228=FACE_OUTER_BOUND('',#330,.T.);
#229=FACE_OUTER_BOUND('',#331,.T.);
#230=FACE_OUTER_BOUND('',#332,.T.);
#231=FACE_OUTER_BOUND('',#333,.T.);
#232=FACE_OUTER_BOUND('',#334,.T.);
#233=FACE_OUTER_BOUND('',#335,.T.);
#234=FACE_OUTER_BOUND('',#336,.T.);
#235=FACE_OUTER_BOUND('',#349,.T.);
#236=FACE_OUTER_BOUND('',#362,.T.);
#237=FACE_OUTER_BOUND('',#364,.T.);
#238=FACE_OUTER_BOUND('',#365,.T.);
#239=FACE_OUTER_BOUND('',#366,.T.);
#240=FACE_OUTER_BOUND('',#367,.T.);
#241=FACE_OUTER_BOUND('',#368,.T.);
#242=FACE_OUTER_BOUND('',#369,.T.);
#243=FACE_OUTER_BOUND('',#370,.T.);
#244=FACE_OUTER_BOUND('',#372,.T.);
#245=FACE_OUTER_BOUND('',#374,.T.);
#246=FACE_OUTER_BOUND('',#376,.T.);
#247=FACE_OUTER_BOUND('',#378,.T.);
#248=FACE_OUTER_BOUND('',#380,.T.);
#249=FACE_OUTER_BOUND('',#382,.T.);
#250=FACE_OUTER_BOUND('',#384,.T.);
#251=FACE_OUTER_BOUND('',#386,.T.);
#252=FACE_OUTER_BOUND('',#388,.T.);
#253=FACE_OUTER_BOUND('',#390,.T.);
#254=FACE_OUTER_BOUND('',#392,.T.);
#255=FACE_OUTER_BOUND('',#393,.T.);
#256=FACE_OUTER_BOUND('',#394,.T.);
#257=FACE_OUTER_BOUND('',#395,.T.);
#258=FACE_OUTER_BOUND('',#396,.T.);
#259=FACE_OUTER_BOUND('',#397,.T.);
#260=FACE_OUTER_BOUND('',#398,.T.);
#261=FACE_OUTER_BOUND('',#399,.T.);
#262=FACE_OUTER_BOUND('',#400,.T.);
#263=FACE_OUTER_BOUND('',#401,.T.);
#264=FACE_OUTER_BOUND('',#402,.T.);
#265=FACE_OUTER_BOUND('',#403,.T.);
#266=FACE_OUTER_BOUND('',#404,.T.);
#267=FACE_OUTER_BOUND('',#405,.T.);
#268=FACE_OUTER_BOUND('',#406,.T.);
#269=FACE_OUTER_BOUND('',#407,.T.);
#270=FACE_OUTER_BOUND('',#408,.T.);
#271=FACE_OUTER_BOUND('',#409,.T.);
#272=FACE_OUTER_BOUND('',#410,.T.);
#273=FACE_OUTER_BOUND('',#411,.T.);
#274=FACE_OUTER_BOUND('',#412,.T.);
#275=FACE_OUTER_BOUND('',#413,.T.);
#276=FACE_OUTER_BOUND('',#414,.T.);
#277=FACE_OUTER_BOUND('',#415,.T.);
#278=FACE_OUTER_BOUND('',#416,.T.);
#279=FACE_OUTER_BOUND('',#417,.T.);
#280=FACE_OUTER_BOUND('',#418,.T.);
#281=FACE_OUTER_BOUND('',#419,.T.);
#282=FACE_OUTER_BOUND('',#420,.T.);
#283=FACE_OUTER_BOUND('',#421,.T.);
#284=FACE_OUTER_BOUND('',#422,.T.);
#285=FACE_OUTER_BOUND('',#423,.T.);
#286=FACE_OUTER_BOUND('',#424,.T.);
#287=FACE_OUTER_BOUND('',#426,.T.);
#288=FACE_OUTER_BOUND('',#428,.T.);
#289=FACE_OUTER_BOUND('',#429,.T.);
#290=EDGE_LOOP('',(#1278,#1279,#1280,#1281));
#291=EDGE_LOOP('',(#1282,#1283,#1284,#1285));
#292=EDGE_LOOP('',(#1286,#1287,#1288,#1289));
#293=EDGE_LOOP('',(#1290,#1291,#1292,#1293));
#294=EDGE_LOOP('',(#1294,#1295,#1296,#1297));
#295=EDGE_LOOP('',(#1298,#1299,#1300,#1301));
#296=EDGE_LOOP('',(#1302,#1303,#1304,#1305));
#297=EDGE_LOOP('',(#1306,#1307,#1308,#1309));
#298=EDGE_LOOP('',(#1310,#1311,#1312,#1313));
#299=EDGE_LOOP('',(#1314,#1315,#1316,#1317));
#300=EDGE_LOOP('',(#1318,#1319,#1320,#1321));
#301=EDGE_LOOP('',(#1322,#1323,#1324,#1325));
#302=EDGE_LOOP('',(#1326,#1327,#1328,#1329));
#303=EDGE_LOOP('',(#1330,#1331,#1332,#1333));
#304=EDGE_LOOP('',(#1334,#1335,#1336,#1337));
#305=EDGE_LOOP('',(#1338,#1339,#1340,#1341));
#306=EDGE_LOOP('',(#1342,#1343,#1344,#1345));
#307=EDGE_LOOP('',(#1346,#1347,#1348,#1349));
#308=EDGE_LOOP('',(#1350,#1351,#1352,#1353));
#309=EDGE_LOOP('',(#1354,#1355,#1356,#1357));
#310=EDGE_LOOP('',(#1358,#1359,#1360,#1361));
#311=EDGE_LOOP('',(#1362,#1363,#1364,#1365));
#312=EDGE_LOOP('',(#1366,#1367,#1368,#1369));
#313=EDGE_LOOP('',(#1370,#1371,#1372,#1373));
#314=EDGE_LOOP('',(#1374,#1375,#1376,#1377));
#315=EDGE_LOOP('',(#1378,#1379,#1380,#1381));
#316=EDGE_LOOP('',(#1382,#1383,#1384,#1385));
#317=EDGE_LOOP('',(#1386,#1387,#1388,#1389));
#318=EDGE_LOOP('',(#1390,#1391,#1392,#1393));
#319=EDGE_LOOP('',(#1394,#1395,#1396,#1397));
#320=EDGE_LOOP('',(#1398,#1399,#1400,#1401));
#321=EDGE_LOOP('',(#1402,#1403,#1404,#1405));
#322=EDGE_LOOP('',(#1406,#1407,#1408,#1409));
#323=EDGE_LOOP('',(#1410,#1411,#1412,#1413));
#324=EDGE_LOOP('',(#1414,#1415,#1416,#1417));
#325=EDGE_LOOP('',(#1418,#1419,#1420,#1421));
#326=EDGE_LOOP('',(#1422,#1423,#1424,#1425));
#327=EDGE_LOOP('',(#1426,#1427,#1428,#1429));
#328=EDGE_LOOP('',(#1430,#1431,#1432,#1433));
#329=EDGE_LOOP('',(#1434,#1435,#1436,#1437));
#330=EDGE_LOOP('',(#1438,#1439,#1440,#1441));
#331=EDGE_LOOP('',(#1442,#1443,#1444,#1445));
#332=EDGE_LOOP('',(#1446,#1447,#1448,#1449));
#333=EDGE_LOOP('',(#1450,#1451,#1452,#1453));
#334=EDGE_LOOP('',(#1454,#1455,#1456,#1457));
#335=EDGE_LOOP('',(#1458,#1459,#1460,#1461));
#336=EDGE_LOOP('',(#1462,#1463,#1464,#1465,#1466,#1467,#1468,#1469,#1470,
#1471,#1472,#1473,#1474,#1475,#1476,#1477,#1478,#1479,#1480,#1481,#1482,
#1483,#1484,#1485,#1486,#1487,#1488,#1489,#1490,#1491,#1492,#1493,#1494,
#1495,#1496,#1497,#1498,#1499,#1500,#1501,#1502,#1503,#1504,#1505,#1506,
#1507,#1508,#1509,#1510,#1511,#1512,#1513));
#337=EDGE_LOOP('',(#1514));
#338=EDGE_LOOP('',(#1515));
#339=EDGE_LOOP('',(#1516));
#340=EDGE_LOOP('',(#1517));
#341=EDGE_LOOP('',(#1518));
#342=EDGE_LOOP('',(#1519));
#343=EDGE_LOOP('',(#1520));
#344=EDGE_LOOP('',(#1521));
#345=EDGE_LOOP('',(#1522));
#346=EDGE_LOOP('',(#1523));
#347=EDGE_LOOP('',(#1524));
#348=EDGE_LOOP('',(#1525));
#349=EDGE_LOOP('',(#1526,#1527,#1528,#1529,#1530,#1531,#1532,#1533,#1534,
#1535,#1536,#1537,#1538,#1539,#1540,#1541,#1542,#1543,#1544,#1545,#1546,
#1547,#1548,#1549,#1550,#1551,#1552,#1553,#1554,#1555,#1556,#1557,#1558,
#1559,#1560,#1561,#1562,#1563,#1564,#1565,#1566,#1567,#1568,#1569,#1570,
#1571,#1572,#1573,#1574,#1575,#1576,#1577));
#350=EDGE_LOOP('',(#1578));
#351=EDGE_LOOP('',(#1579));
#352=EDGE_LOOP('',(#1580));
#353=EDGE_LOOP('',(#1581));
#354=EDGE_LOOP('',(#1582));
#355=EDGE_LOOP('',(#1583));
#356=EDGE_LOOP('',(#1584));
#357=EDGE_LOOP('',(#1585));
#358=EDGE_LOOP('',(#1586));
#359=EDGE_LOOP('',(#1587));
#360=EDGE_LOOP('',(#1588));
#361=EDGE_LOOP('',(#1589));
#362=EDGE_LOOP('',(#1590));
#363=EDGE_LOOP('',(#1591));
#364=EDGE_LOOP('',(#1592,#1593,#1594,#1595));
#365=EDGE_LOOP('',(#1596,#1597,#1598,#1599));
#366=EDGE_LOOP('',(#1600,#1601,#1602,#1603));
#367=EDGE_LOOP('',(#1604,#1605,#1606,#1607));
#368=EDGE_LOOP('',(#1608,#1609,#1610,#1611));
#369=EDGE_LOOP('',(#1612,#1613,#1614,#1615));
#370=EDGE_LOOP('',(#1616));
#371=EDGE_LOOP('',(#1617));
#372=EDGE_LOOP('',(#1618));
#373=EDGE_LOOP('',(#1619));
#374=EDGE_LOOP('',(#1620));
#375=EDGE_LOOP('',(#1621));
#376=EDGE_LOOP('',(#1622));
#377=EDGE_LOOP('',(#1623));
#378=EDGE_LOOP('',(#1624));
#379=EDGE_LOOP('',(#1625));
#380=EDGE_LOOP('',(#1626));
#381=EDGE_LOOP('',(#1627));
#382=EDGE_LOOP('',(#1628));
#383=EDGE_LOOP('',(#1629));
#384=EDGE_LOOP('',(#1630));
#385=EDGE_LOOP('',(#1631));
#386=EDGE_LOOP('',(#1632));
#387=EDGE_LOOP('',(#1633));
#388=EDGE_LOOP('',(#1634));
#389=EDGE_LOOP('',(#1635));
#390=EDGE_LOOP('',(#1636));
#391=EDGE_LOOP('',(#1637));
#392=EDGE_LOOP('',(#1638,#1639,#1640,#1641));
#393=EDGE_LOOP('',(#1642,#1643,#1644,#1645));
#394=EDGE_LOOP('',(#1646,#1647,#1648,#1649));
#395=EDGE_LOOP('',(#1650,#1651,#1652,#1653));
#396=EDGE_LOOP('',(#1654,#1655,#1656,#1657));
#397=EDGE_LOOP('',(#1658,#1659,#1660,#1661));
#398=EDGE_LOOP('',(#1662,#1663,#1664,#1665));
#399=EDGE_LOOP('',(#1666,#1667,#1668,#1669));
#400=EDGE_LOOP('',(#1670,#1671,#1672,#1673));
#401=EDGE_LOOP('',(#1674,#1675,#1676,#1677));
#402=EDGE_LOOP('',(#1678,#1679,#1680,#1681));
#403=EDGE_LOOP('',(#1682,#1683,#1684,#1685));
#404=EDGE_LOOP('',(#1686,#1687,#1688,#1689));
#405=EDGE_LOOP('',(#1690,#1691,#1692,#1693));
#406=EDGE_LOOP('',(#1694,#1695,#1696,#1697));
#407=EDGE_LOOP('',(#1698,#1699,#1700,#1701));
#408=EDGE_LOOP('',(#1702,#1703,#1704,#1705));
#409=EDGE_LOOP('',(#1706,#1707,#1708,#1709));
#410=EDGE_LOOP('',(#1710,#1711,#1712,#1713));
#411=EDGE_LOOP('',(#1714,#1715,#1716,#1717));
#412=EDGE_LOOP('',(#1718,#1719,#1720,#1721));
#413=EDGE_LOOP('',(#1722,#1723,#1724,#1725));
#414=EDGE_LOOP('',(#1726,#1727,#1728,#1729));
#415=EDGE_LOOP('',(#1730,#1731,#1732,#1733));
#416=EDGE_LOOP('',(#1734,#1735,#1736,#1737));
#417=EDGE_LOOP('',(#1738,#1739,#1740,#1741,#1742));
#418=EDGE_LOOP('',(#1743,#1744,#1745,#1746));
#419=EDGE_LOOP('',(#1747,#1748,#1749,#1750));
#420=EDGE_LOOP('',(#1751,#1752,#1753,#1754));
#421=EDGE_LOOP('',(#1755,#1756,#1757,#1758));
#422=EDGE_LOOP('',(#1759,#1760,#1761,#1762));
#423=EDGE_LOOP('',(#1763,#1764,#1765,#1766));
#424=EDGE_LOOP('',(#1767));
#425=EDGE_LOOP('',(#1768));
#426=EDGE_LOOP('',(#1769));
#427=EDGE_LOOP('',(#1770));
#428=EDGE_LOOP('',(#1771));
#429=EDGE_LOOP('',(#1772));
#430=EDGE_LOOP('',(#1773));
#431=LINE('',#2668,#617);
#432=LINE('',#2674,#618);
#433=LINE('',#2680,#619);
#434=LINE('',#2686,#620);
#435=LINE('',#2692,#621);
#436=LINE('',#2698,#622);
#437=LINE('',#2704,#623);
#438=LINE('',#2710,#624);
#439=LINE('',#2716,#625);
#440=LINE('',#2722,#626);
#441=LINE('',#2728,#627);
#442=LINE('',#2734,#628);
#443=LINE('',#2740,#629);
#444=LINE('',#2746,#630);
#445=LINE('',#2752,#631);
#446=LINE('',#2758,#632);
#447=LINE('',#2764,#633);
#448=LINE('',#2770,#634);
#449=LINE('',#2776,#635);
#450=LINE('',#2782,#636);
#451=LINE('',#2788,#637);
#452=LINE('',#2794,#638);
#453=LINE('',#2800,#639);
#454=LINE('',#2806,#640);
#455=LINE('',#2811,#641);
#456=LINE('',#2813,#642);
#457=LINE('',#2815,#643);
#458=LINE('',#2816,#644);
#459=LINE('',#2820,#645);
#460=LINE('',#2822,#646);
#461=LINE('',#2824,#647);
#462=LINE('',#2825,#648);
#463=LINE('',#2829,#649);
#464=LINE('',#2831,#650);
#465=LINE('',#2833,#651);
#466=LINE('',#2834,#652);
#467=LINE('',#2838,#653);
#468=LINE('',#2840,#654);
#469=LINE('',#2842,#655);
#470=LINE('',#2843,#656);
#471=LINE('',#2847,#657);
#472=LINE('',#2849,#658);
#473=LINE('',#2851,#659);
#474=LINE('',#2852,#660);
#475=LINE('',#2856,#661);
#476=LINE('',#2858,#662);
#477=LINE('',#2860,#663);
#478=LINE('',#2861,#664);
#479=LINE('',#2865,#665);
#480=LINE('',#2867,#666);
#481=LINE('',#2869,#667);
#482=LINE('',#2870,#668);
#483=LINE('',#2874,#669);
#484=LINE('',#2876,#670);
#485=LINE('',#2878,#671);
#486=LINE('',#2879,#672);
#487=LINE('',#2883,#673);
#488=LINE('',#2885,#674);
#489=LINE('',#2887,#675);
#490=LINE('',#2888,#676);
#491=LINE('',#2892,#677);
#492=LINE('',#2894,#678);
#493=LINE('',#2896,#679);
#494=LINE('',#2897,#680);
#495=LINE('',#2900,#681);
#496=LINE('',#2902,#682);
#497=LINE('',#2903,#683);
#498=LINE('',#2907,#684);
#499=LINE('',#2909,#685);
#500=LINE('',#2911,#686);
#501=LINE('',#2912,#687);
#502=LINE('',#2915,#688);
#503=LINE('',#2917,#689);
#504=LINE('',#2918,#690);
#505=LINE('',#2921,#691);
#506=LINE('',#2923,#692);
#507=LINE('',#2924,#693);
#508=LINE('',#2927,#694);
#509=LINE('',#2929,#695);
#510=LINE('',#2930,#696);
#511=LINE('',#2933,#697);
#512=LINE('',#2935,#698);
#513=LINE('',#2936,#699);
#514=LINE('',#2938,#700);
#515=LINE('',#2939,#701);
#516=LINE('',#2943,#702);
#517=LINE('',#2945,#703);
#518=LINE('',#2947,#704);
#519=LINE('',#2948,#705);
#520=LINE('',#2951,#706);
#521=LINE('',#2953,#707);
#522=LINE('',#2954,#708);
#523=LINE('',#2957,#709);
#524=LINE('',#2959,#710);
#525=LINE('',#2960,#711);
#526=LINE('',#2963,#712);
#527=LINE('',#2965,#713);
#528=LINE('',#2966,#714);
#529=LINE('',#2968,#715);
#530=LINE('',#2969,#716);
#531=LINE('',#2972,#717);
#532=LINE('',#2974,#718);
#533=LINE('',#2975,#719);
#534=LINE('',#2977,#720);
#535=LINE('',#2979,#721);
#536=LINE('',#2980,#722);
#537=LINE('',#2982,#723);
#538=LINE('',#2984,#724);
#539=LINE('',#2985,#725);
#540=LINE('',#2987,#726);
#541=LINE('',#2989,#727);
#542=LINE('',#2990,#728);
#543=LINE('',#2992,#729);
#544=LINE('',#2994,#730);
#545=LINE('',#2995,#731);
#546=LINE('',#2997,#732);
#547=LINE('',#2999,#733);
#548=LINE('',#3000,#734);
#549=LINE('',#3002,#735);
#550=LINE('',#3004,#736);
#551=LINE('',#3005,#737);
#552=LINE('',#3007,#738);
#553=LINE('',#3009,#739);
#554=LINE('',#3010,#740);
#555=LINE('',#3012,#741);
#556=LINE('',#3014,#742);
#557=LINE('',#3015,#743);
#558=LINE('',#3017,#744);
#559=LINE('',#3019,#745);
#560=LINE('',#3020,#746);
#561=LINE('',#3024,#747);
#562=LINE('',#3025,#748);
#563=LINE('',#3027,#749);
#564=LINE('',#3029,#750);
#565=LINE('',#3030,#751);
#566=LINE('',#3032,#752);
#567=LINE('',#3034,#753);
#568=LINE('',#3035,#754);
#569=LINE('',#3037,#755);
#570=LINE('',#3039,#756);
#571=LINE('',#3040,#757);
#572=LINE('',#3042,#758);
#573=LINE('',#3044,#759);
#574=LINE('',#3045,#760);
#575=LINE('',#3047,#761);
#576=LINE('',#3049,#762);
#577=LINE('',#3050,#763);
#578=LINE('',#3052,#764);
#579=LINE('',#3054,#765);
#580=LINE('',#3055,#766);
#581=LINE('',#3057,#767);
#582=LINE('',#3059,#768);
#583=LINE('',#3060,#769);
#584=LINE('',#3062,#770);
#585=LINE('',#3064,#771);
#586=LINE('',#3065,#772);
#587=LINE('',#3067,#773);
#588=LINE('',#3069,#774);
#589=LINE('',#3070,#775);
#590=LINE('',#3071,#776);
#591=LINE('',#3074,#777);
#592=LINE('',#3076,#778);
#593=LINE('',#3079,#779);
#594=LINE('',#3081,#780);
#595=LINE('',#3095,#781);
#596=LINE('',#3097,#782);
#597=LINE('',#3100,#783);
#598=LINE('',#3102,#784);
#599=LINE('',#3105,#785);
#600=LINE('',#3107,#786);
#601=LINE('',#3110,#787);
#602=LINE('',#3112,#788);
#603=LINE('',#3115,#789);
#604=LINE('',#3117,#790);
#605=LINE('',#3120,#791);
#606=LINE('',#3122,#792);
#607=LINE('',#3125,#793);
#608=LINE('',#3127,#794);
#609=LINE('',#3130,#795);
#610=LINE('',#3132,#796);
#611=LINE('',#3143,#797);
#612=LINE('',#3154,#798);
#613=LINE('',#3160,#799);
#614=LINE('',#3166,#800);
#615=LINE('',#3170,#801);
#616=LINE('',#3174,#802);
#617=VECTOR('',#2121,0.0374000000000005);
#618=VECTOR('',#2128,0.0287400000000005);
#619=VECTOR('',#2135,0.0374000000000005);
#620=VECTOR('',#2142,0.0287400000000005);
#621=VECTOR('',#2149,0.0374000000000005);
#622=VECTOR('',#2156,0.0287400000000005);
#623=VECTOR('',#2163,0.0374000000000005);
#624=VECTOR('',#2170,0.0287400000000005);
#625=VECTOR('',#2177,0.0374000000000005);
#626=VECTOR('',#2184,0.0287400000000005);
#627=VECTOR('',#2191,0.0374000000000005);
#628=VECTOR('',#2198,0.0287400000000005);
#629=VECTOR('',#2205,0.0374000000000005);
#630=VECTOR('',#2212,0.0287400000000005);
#631=VECTOR('',#2219,0.0374000000000005);
#632=VECTOR('',#2226,0.0287400000000005);
#633=VECTOR('',#2233,0.0374000000000005);
#634=VECTOR('',#2240,0.0287400000000005);
#635=VECTOR('',#2247,0.0374000000000005);
#636=VECTOR('',#2254,0.0287400000000005);
#637=VECTOR('',#2261,0.0374000000000005);
#638=VECTOR('',#2268,0.0287400000000005);
#639=VECTOR('',#2275,0.0374000000000005);
#640=VECTOR('',#2282,0.0287400000000005);
#641=VECTOR('',#2287,39.3700787401575);
#642=VECTOR('',#2288,39.3700787401575);
#643=VECTOR('',#2289,39.3700787401575);
#644=VECTOR('',#2290,39.3700787401575);
#645=VECTOR('',#2293,39.3700787401575);
#646=VECTOR('',#2294,39.3700787401575);
#647=VECTOR('',#2295,39.3700787401575);
#648=VECTOR('',#2296,39.3700787401575);
#649=VECTOR('',#2299,39.3700787401575);
#650=VECTOR('',#2300,39.3700787401575);
#651=VECTOR('',#2301,39.3700787401575);
#652=VECTOR('',#2302,39.3700787401575);
#653=VECTOR('',#2305,39.3700787401575);
#654=VECTOR('',#2306,39.3700787401575);
#655=VECTOR('',#2307,39.3700787401575);
#656=VECTOR('',#2308,39.3700787401575);
#657=VECTOR('',#2311,39.3700787401575);
#658=VECTOR('',#2312,39.3700787401575);
#659=VECTOR('',#2313,39.3700787401575);
#660=VECTOR('',#2314,39.3700787401575);
#661=VECTOR('',#2317,39.3700787401575);
#662=VECTOR('',#2318,39.3700787401575);
#663=VECTOR('',#2319,39.3700787401575);
#664=VECTOR('',#2320,39.3700787401575);
#665=VECTOR('',#2323,39.3700787401575);
#666=VECTOR('',#2324,39.3700787401575);
#667=VECTOR('',#2325,39.3700787401575);
#668=VECTOR('',#2326,39.3700787401575);
#669=VECTOR('',#2329,39.3700787401575);
#670=VECTOR('',#2330,39.3700787401575);
#671=VECTOR('',#2331,39.3700787401575);
#672=VECTOR('',#2332,39.3700787401575);
#673=VECTOR('',#2335,39.3700787401575);
#674=VECTOR('',#2336,39.3700787401575);
#675=VECTOR('',#2337,39.3700787401575);
#676=VECTOR('',#2338,39.3700787401575);
#677=VECTOR('',#2341,39.3700787401575);
#678=VECTOR('',#2342,39.3700787401575);
#679=VECTOR('',#2343,39.3700787401575);
#680=VECTOR('',#2344,39.3700787401575);
#681=VECTOR('',#2347,39.3700787401575);
#682=VECTOR('',#2348,39.3700787401575);
#683=VECTOR('',#2349,39.3700787401575);
#684=VECTOR('',#2352,39.3700787401575);
#685=VECTOR('',#2353,39.3700787401575);
#686=VECTOR('',#2354,39.3700787401575);
#687=VECTOR('',#2355,39.3700787401575);
#688=VECTOR('',#2358,39.3700787401575);
#689=VECTOR('',#2359,39.3700787401575);
#690=VECTOR('',#2360,39.3700787401575);
#691=VECTOR('',#2363,39.3700787401575);
#692=VECTOR('',#2364,39.3700787401575);
#693=VECTOR('',#2365,39.3700787401575);
#694=VECTOR('',#2368,39.3700787401575);
#695=VECTOR('',#2369,39.3700787401575);
#696=VECTOR('',#2370,39.3700787401575);
#697=VECTOR('',#2373,39.3700787401575);
#698=VECTOR('',#2374,39.3700787401575);
#699=VECTOR('',#2375,39.3700787401575);
#700=VECTOR('',#2378,39.3700787401575);
#701=VECTOR('',#2379,39.3700787401575);
#702=VECTOR('',#2382,39.3700787401575);
#703=VECTOR('',#2383,39.3700787401575);
#704=VECTOR('',#2384,39.3700787401575);
#705=VECTOR('',#2385,39.3700787401575);
#706=VECTOR('',#2388,39.3700787401575);
#707=VECTOR('',#2389,39.3700787401575);
#708=VECTOR('',#2390,39.3700787401575);
#709=VECTOR('',#2393,39.3700787401575);
#710=VECTOR('',#2394,39.3700787401575);
#711=VECTOR('',#2395,39.3700787401575);
#712=VECTOR('',#2398,39.3700787401575);
#713=VECTOR('',#2399,39.3700787401575);
#714=VECTOR('',#2400,39.3700787401575);
#715=VECTOR('',#2403,39.3700787401575);
#716=VECTOR('',#2404,39.3700787401575);
#717=VECTOR('',#2407,39.3700787401575);
#718=VECTOR('',#2408,39.3700787401575);
#719=VECTOR('',#2409,39.3700787401575);
#720=VECTOR('',#2410,39.3700787401575);
#721=VECTOR('',#2411,39.3700787401575);
#722=VECTOR('',#2412,39.3700787401575);
#723=VECTOR('',#2413,39.3700787401575);
#724=VECTOR('',#2414,39.3700787401575);
#725=VECTOR('',#2415,39.3700787401575);
#726=VECTOR('',#2416,39.3700787401575);
#727=VECTOR('',#2417,39.3700787401575);
#728=VECTOR('',#2418,39.3700787401575);
#729=VECTOR('',#2419,39.3700787401575);
#730=VECTOR('',#2420,39.3700787401575);
#731=VECTOR('',#2421,39.3700787401575);
#732=VECTOR('',#2422,39.3700787401575);
#733=VECTOR('',#2423,39.3700787401575);
#734=VECTOR('',#2424,39.3700787401575);
#735=VECTOR('',#2425,39.3700787401575);
#736=VECTOR('',#2426,39.3700787401575);
#737=VECTOR('',#2427,39.3700787401575);
#738=VECTOR('',#2428,39.3700787401575);
#739=VECTOR('',#2429,39.3700787401575);
#740=VECTOR('',#2430,39.3700787401575);
#741=VECTOR('',#2431,39.3700787401575);
#742=VECTOR('',#2432,39.3700787401575);
#743=VECTOR('',#2433,39.3700787401575);
#744=VECTOR('',#2434,39.3700787401575);
#745=VECTOR('',#2435,39.3700787401575);
#746=VECTOR('',#2436,39.3700787401575);
#747=VECTOR('',#2439,39.3700787401575);
#748=VECTOR('',#2440,39.3700787401575);
#749=VECTOR('',#2441,39.3700787401575);
#750=VECTOR('',#2442,39.3700787401575);
#751=VECTOR('',#2443,39.3700787401575);
#752=VECTOR('',#2444,39.3700787401575);
#753=VECTOR('',#2445,39.3700787401575);
#754=VECTOR('',#2446,39.3700787401575);
#755=VECTOR('',#2447,39.3700787401575);
#756=VECTOR('',#2448,39.3700787401575);
#757=VECTOR('',#2449,39.3700787401575);
#758=VECTOR('',#2450,39.3700787401575);
#759=VECTOR('',#2451,39.3700787401575);
#760=VECTOR('',#2452,39.3700787401575);
#761=VECTOR('',#2453,39.3700787401575);
#762=VECTOR('',#2454,39.3700787401575);
#763=VECTOR('',#2455,39.3700787401575);
#764=VECTOR('',#2456,39.3700787401575);
#765=VECTOR('',#2457,39.3700787401575);
#766=VECTOR('',#2458,39.3700787401575);
#767=VECTOR('',#2459,39.3700787401575);
#768=VECTOR('',#2460,39.3700787401575);
#769=VECTOR('',#2461,39.3700787401575);
#770=VECTOR('',#2462,39.3700787401575);
#771=VECTOR('',#2463,39.3700787401575);
#772=VECTOR('',#2464,39.3700787401575);
#773=VECTOR('',#2465,39.3700787401575);
#774=VECTOR('',#2466,39.3700787401575);
#775=VECTOR('',#2467,39.3700787401575);
#776=VECTOR('',#2468,39.3700787401575);
#777=VECTOR('',#2473,39.3700787401575);
#778=VECTOR('',#2476,39.3700787401575);
#779=VECTOR('',#2481,39.3700787401575);
#780=VECTOR('',#2484,39.3700787401575);
#781=VECTOR('',#2511,39.3700787401575);
#782=VECTOR('',#2514,39.3700787401575);
#783=VECTOR('',#2519,39.3700787401575);
#784=VECTOR('',#2522,39.3700787401575);
#785=VECTOR('',#2527,39.3700787401575);
#786=VECTOR('',#2530,39.3700787401575);
#787=VECTOR('',#2535,39.3700787401575);
#788=VECTOR('',#2538,39.3700787401575);
#789=VECTOR('',#2543,39.3700787401575);
#790=VECTOR('',#2546,39.3700787401575);
#791=VECTOR('',#2551,39.3700787401575);
#792=VECTOR('',#2554,39.3700787401575);
#793=VECTOR('',#2559,39.3700787401575);
#794=VECTOR('',#2562,39.3700787401575);
#795=VECTOR('',#2567,39.3700787401575);
#796=VECTOR('',#2570,39.3700787401575);
#797=VECTOR('',#2585,0.00999999999999921);
#798=VECTOR('',#2598,0.0349999999999979);
#799=VECTOR('',#2605,0.028);
#800=VECTOR('',#2612,0.0264999999999993);
#801=VECTOR('',#2617,0.0264999999999993);
#802=VECTOR('',#2622,0.0184999999999998);
#803=CIRCLE('',#1933,0.0374000000000005);
#804=CIRCLE('',#1934,0.0374000000000005);
#805=CIRCLE('',#1936,0.0287400000000005);
#806=CIRCLE('',#1937,0.0287400000000005);
#807=CIRCLE('',#1939,0.0374000000000005);
#808=CIRCLE('',#1940,0.0374000000000005);
#809=CIRCLE('',#1942,0.0287400000000005);
#810=CIRCLE('',#1943,0.0287400000000005);
#811=CIRCLE('',#1945,0.0374000000000005);
#812=CIRCLE('',#1946,0.0374000000000005);
#813=CIRCLE('',#1948,0.0287400000000005);
#814=CIRCLE('',#1949,0.0287400000000005);
#815=CIRCLE('',#1951,0.0374000000000005);
#816=CIRCLE('',#1952,0.0374000000000005);
#817=CIRCLE('',#1954,0.0287400000000005);
#818=CIRCLE('',#1955,0.0287400000000005);
#819=CIRCLE('',#1957,0.0374000000000005);
#820=CIRCLE('',#1958,0.0374000000000005);
#821=CIRCLE('',#1960,0.0287400000000005);
#822=CIRCLE('',#1961,0.0287400000000005);
#823=CIRCLE('',#1963,0.0374000000000005);
#824=CIRCLE('',#1964,0.0374000000000005);
#825=CIRCLE('',#1966,0.0287400000000005);
#826=CIRCLE('',#1967,0.0287400000000005);
#827=CIRCLE('',#1969,0.0374000000000005);
#828=CIRCLE('',#1970,0.0374000000000005);
#829=CIRCLE('',#1972,0.0287400000000005);
#830=CIRCLE('',#1973,0.0287400000000005);
#831=CIRCLE('',#1975,0.0374000000000005);
#832=CIRCLE('',#1976,0.0374000000000005);
#833=CIRCLE('',#1978,0.0287400000000005);
#834=CIRCLE('',#1979,0.0287400000000005);
#835=CIRCLE('',#1981,0.0374000000000005);
#836=CIRCLE('',#1982,0.0374000000000005);
#837=CIRCLE('',#1984,0.0287400000000005);
#838=CIRCLE('',#1985,0.0287400000000005);
#839=CIRCLE('',#1987,0.0374000000000005);
#840=CIRCLE('',#1988,0.0374000000000005);
#841=CIRCLE('',#1990,0.0287400000000005);
#842=CIRCLE('',#1991,0.0287400000000005);
#843=CIRCLE('',#1993,0.0374000000000005);
#844=CIRCLE('',#1994,0.0374000000000005);
#845=CIRCLE('',#1996,0.0287400000000005);
#846=CIRCLE('',#1997,0.0287400000000005);
#847=CIRCLE('',#1999,0.0374000000000005);
#848=CIRCLE('',#2000,0.0374000000000005);
#849=CIRCLE('',#2002,0.0287400000000005);
#850=CIRCLE('',#2003,0.0287400000000005);
#851=CIRCLE('',#2072,0.0169999999999982);
#852=CIRCLE('',#2073,0.00699999999999886);
#853=CIRCLE('',#2074,0.00999999999999935);
#854=CIRCLE('',#2076,0.00999999999999907);
#855=CIRCLE('',#2077,0.00999999999999907);
#856=CIRCLE('',#2079,0.0100000000000002);
#857=CIRCLE('',#2081,0.0349999999999979);
#858=CIRCLE('',#2082,0.0349999999999979);
#859=CIRCLE('',#2084,0.028);
#860=CIRCLE('',#2085,0.028);
#861=CIRCLE('',#2087,0.0290000000000002);
#862=CIRCLE('',#2088,0.0264999999999993);
#863=CIRCLE('',#2090,0.0264999999999993);
#864=CIRCLE('',#2092,0.0184999999999998);
#865=VERTEX_POINT('',#2665);
#866=VERTEX_POINT('',#2667);
#867=VERTEX_POINT('',#2671);
#868=VERTEX_POINT('',#2673);
#869=VERTEX_POINT('',#2677);
#870=VERTEX_POINT('',#2679);
#871=VERTEX_POINT('',#2683);
#872=VERTEX_POINT('',#2685);
#873=VERTEX_POINT('',#2689);
#874=VERTEX_POINT('',#2691);
#875=VERTEX_POINT('',#2695);
#876=VERTEX_POINT('',#2697);
#877=VERTEX_POINT('',#2701);
#878=VERTEX_POINT('',#2703);
#879=VERTEX_POINT('',#2707);
#880=VERTEX_POINT('',#2709);
#881=VERTEX_POINT('',#2713);
#882=VERTEX_POINT('',#2715);
#883=VERTEX_POINT('',#2719);
#884=VERTEX_POINT('',#2721);
#885=VERTEX_POINT('',#2725);
#886=VERTEX_POINT('',#2727);
#887=VERTEX_POINT('',#2731);
#888=VERTEX_POINT('',#2733);
#889=VERTEX_POINT('',#2737);
#890=VERTEX_POINT('',#2739);
#891=VERTEX_POINT('',#2743);
#892=VERTEX_POINT('',#2745);
#893=VERTEX_POINT('',#2749);
#894=VERTEX_POINT('',#2751);
#895=VERTEX_POINT('',#2755);
#896=VERTEX_POINT('',#2757);
#897=VERTEX_POINT('',#2761);
#898=VERTEX_POINT('',#2763);
#899=VERTEX_POINT('',#2767);
#900=VERTEX_POINT('',#2769);
#901=VERTEX_POINT('',#2773);
#902=VERTEX_POINT('',#2775);
#903=VERTEX_POINT('',#2779);
#904=VERTEX_POINT('',#2781);
#905=VERTEX_POINT('',#2785);
#906=VERTEX_POINT('',#2787);
#907=VERTEX_POINT('',#2791);
#908=VERTEX_POINT('',#2793);
#909=VERTEX_POINT('',#2797);
#910=VERTEX_POINT('',#2799);
#911=VERTEX_POINT('',#2803);
#912=VERTEX_POINT('',#2805);
#913=VERTEX_POINT('',#2809);
#914=VERTEX_POINT('',#2810);
#915=VERTEX_POINT('',#2812);
#916=VERTEX_POINT('',#2814);
#917=VERTEX_POINT('',#2818);
#918=VERTEX_POINT('',#2819);
#919=VERTEX_POINT('',#2821);
#920=VERTEX_POINT('',#2823);
#921=VERTEX_POINT('',#2827);
#922=VERTEX_POINT('',#2828);
#923=VERTEX_POINT('',#2830);
#924=VERTEX_POINT('',#2832);
#925=VERTEX_POINT('',#2836);
#926=VERTEX_POINT('',#2837);
#927=VERTEX_POINT('',#2839);
#928=VERTEX_POINT('',#2841);
#929=VERTEX_POINT('',#2845);
#930=VERTEX_POINT('',#2846);
#931=VERTEX_POINT('',#2848);
#932=VERTEX_POINT('',#2850);
#933=VERTEX_POINT('',#2854);
#934=VERTEX_POINT('',#2855);
#935=VERTEX_POINT('',#2857);
#936=VERTEX_POINT('',#2859);
#937=VERTEX_POINT('',#2863);
#938=VERTEX_POINT('',#2864);
#939=VERTEX_POINT('',#2866);
#940=VERTEX_POINT('',#2868);
#941=VERTEX_POINT('',#2872);
#942=VERTEX_POINT('',#2873);
#943=VERTEX_POINT('',#2875);
#944=VERTEX_POINT('',#2877);
#945=VERTEX_POINT('',#2881);
#946=VERTEX_POINT('',#2882);
#947=VERTEX_POINT('',#2884);
#948=VERTEX_POINT('',#2886);
#949=VERTEX_POINT('',#2890);
#950=VERTEX_POINT('',#2891);
#951=VERTEX_POINT('',#2893);
#952=VERTEX_POINT('',#2895);
#953=VERTEX_POINT('',#2899);
#954=VERTEX_POINT('',#2901);
#955=VERTEX_POINT('',#2905);
#956=VERTEX_POINT('',#2906);
#957=VERTEX_POINT('',#2908);
#958=VERTEX_POINT('',#2910);
#959=VERTEX_POINT('',#2914);
#960=VERTEX_POINT('',#2916);
#961=VERTEX_POINT('',#2920);
#962=VERTEX_POINT('',#2922);
#963=VERTEX_POINT('',#2926);
#964=VERTEX_POINT('',#2928);
#965=VERTEX_POINT('',#2932);
#966=VERTEX_POINT('',#2934);
#967=VERTEX_POINT('',#2941);
#968=VERTEX_POINT('',#2942);
#969=VERTEX_POINT('',#2944);
#970=VERTEX_POINT('',#2946);
#971=VERTEX_POINT('',#2950);
#972=VERTEX_POINT('',#2952);
#973=VERTEX_POINT('',#2956);
#974=VERTEX_POINT('',#2958);
#975=VERTEX_POINT('',#2962);
#976=VERTEX_POINT('',#2964);
#977=VERTEX_POINT('',#2971);
#978=VERTEX_POINT('',#2973);
#979=VERTEX_POINT('',#2976);
#980=VERTEX_POINT('',#2978);
#981=VERTEX_POINT('',#2981);
#982=VERTEX_POINT('',#2983);
#983=VERTEX_POINT('',#2986);
#984=VERTEX_POINT('',#2988);
#985=VERTEX_POINT('',#2991);
#986=VERTEX_POINT('',#2993);
#987=VERTEX_POINT('',#2996);
#988=VERTEX_POINT('',#2998);
#989=VERTEX_POINT('',#3001);
#990=VERTEX_POINT('',#3003);
#991=VERTEX_POINT('',#3006);
#992=VERTEX_POINT('',#3008);
#993=VERTEX_POINT('',#3011);
#994=VERTEX_POINT('',#3013);
#995=VERTEX_POINT('',#3016);
#996=VERTEX_POINT('',#3018);
#997=VERTEX_POINT('',#3022);
#998=VERTEX_POINT('',#3023);
#999=VERTEX_POINT('',#3026);
#1000=VERTEX_POINT('',#3028);
#1001=VERTEX_POINT('',#3031);
#1002=VERTEX_POINT('',#3033);
#1003=VERTEX_POINT('',#3036);
#1004=VERTEX_POINT('',#3038);
#1005=VERTEX_POINT('',#3041);
#1006=VERTEX_POINT('',#3043);
#1007=VERTEX_POINT('',#3046);
#1008=VERTEX_POINT('',#3048);
#1009=VERTEX_POINT('',#3051);
#1010=VERTEX_POINT('',#3053);
#1011=VERTEX_POINT('',#3056);
#1012=VERTEX_POINT('',#3058);
#1013=VERTEX_POINT('',#3061);
#1014=VERTEX_POINT('',#3063);
#1015=VERTEX_POINT('',#3066);
#1016=VERTEX_POINT('',#3068);
#1017=VERTEX_POINT('',#3136);
#1018=VERTEX_POINT('',#3138);
#1019=VERTEX_POINT('',#3142);
#1020=VERTEX_POINT('',#3144);
#1021=VERTEX_POINT('',#3148);
#1022=VERTEX_POINT('',#3151);
#1023=VERTEX_POINT('',#3153);
#1024=VERTEX_POINT('',#3157);
#1025=VERTEX_POINT('',#3159);
#1026=VERTEX_POINT('',#3163);
#1027=VERTEX_POINT('',#3165);
#1028=VERTEX_POINT('',#3169);
#1029=VERTEX_POINT('',#3173);
#1030=EDGE_CURVE('',#865,#865,#803,.T.);
#1031=EDGE_CURVE('',#865,#866,#431,.T.);
#1032=EDGE_CURVE('',#866,#866,#804,.T.);
#1033=EDGE_CURVE('',#867,#867,#805,.T.);
#1034=EDGE_CURVE('',#867,#868,#432,.T.);
#1035=EDGE_CURVE('',#868,#868,#806,.T.);
#1036=EDGE_CURVE('',#869,#869,#807,.T.);
#1037=EDGE_CURVE('',#869,#870,#433,.T.);
#1038=EDGE_CURVE('',#870,#870,#808,.T.);
#1039=EDGE_CURVE('',#871,#871,#809,.T.);
#1040=EDGE_CURVE('',#871,#872,#434,.T.);
#1041=EDGE_CURVE('',#872,#872,#810,.T.);
#1042=EDGE_CURVE('',#873,#873,#811,.T.);
#1043=EDGE_CURVE('',#873,#874,#435,.T.);
#1044=EDGE_CURVE('',#874,#874,#812,.T.);
#1045=EDGE_CURVE('',#875,#875,#813,.T.);
#1046=EDGE_CURVE('',#875,#876,#436,.T.);
#1047=EDGE_CURVE('',#876,#876,#814,.T.);
#1048=EDGE_CURVE('',#877,#877,#815,.T.);
#1049=EDGE_CURVE('',#877,#878,#437,.T.);
#1050=EDGE_CURVE('',#878,#878,#816,.T.);
#1051=EDGE_CURVE('',#879,#879,#817,.T.);
#1052=EDGE_CURVE('',#879,#880,#438,.T.);
#1053=EDGE_CURVE('',#880,#880,#818,.T.);
#1054=EDGE_CURVE('',#881,#881,#819,.T.);
#1055=EDGE_CURVE('',#881,#882,#439,.T.);
#1056=EDGE_CURVE('',#882,#882,#820,.T.);
#1057=EDGE_CURVE('',#883,#883,#821,.T.);
#1058=EDGE_CURVE('',#883,#884,#440,.T.);
#1059=EDGE_CURVE('',#884,#884,#822,.T.);
#1060=EDGE_CURVE('',#885,#885,#823,.T.);
#1061=EDGE_CURVE('',#885,#886,#441,.T.);
#1062=EDGE_CURVE('',#886,#886,#824,.T.);
#1063=EDGE_CURVE('',#887,#887,#825,.T.);
#1064=EDGE_CURVE('',#887,#888,#442,.T.);
#1065=EDGE_CURVE('',#888,#888,#826,.T.);
#1066=EDGE_CURVE('',#889,#889,#827,.T.);
#1067=EDGE_CURVE('',#889,#890,#443,.T.);
#1068=EDGE_CURVE('',#890,#890,#828,.T.);
#1069=EDGE_CURVE('',#891,#891,#829,.T.);
#1070=EDGE_CURVE('',#891,#892,#444,.T.);
#1071=EDGE_CURVE('',#892,#892,#830,.T.);
#1072=EDGE_CURVE('',#893,#893,#831,.T.);
#1073=EDGE_CURVE('',#893,#894,#445,.T.);
#1074=EDGE_CURVE('',#894,#894,#832,.T.);
#1075=EDGE_CURVE('',#895,#895,#833,.T.);
#1076=EDGE_CURVE('',#895,#896,#446,.T.);
#1077=EDGE_CURVE('',#896,#896,#834,.T.);
#1078=EDGE_CURVE('',#897,#897,#835,.T.);
#1079=EDGE_CURVE('',#897,#898,#447,.T.);
#1080=EDGE_CURVE('',#898,#898,#836,.T.);
#1081=EDGE_CURVE('',#899,#899,#837,.T.);
#1082=EDGE_CURVE('',#899,#900,#448,.T.);
#1083=EDGE_CURVE('',#900,#900,#838,.T.);
#1084=EDGE_CURVE('',#901,#901,#839,.T.);
#1085=EDGE_CURVE('',#901,#902,#449,.T.);
#1086=EDGE_CURVE('',#902,#902,#840,.T.);
#1087=EDGE_CURVE('',#903,#903,#841,.T.);
#1088=EDGE_CURVE('',#903,#904,#450,.T.);
#1089=EDGE_CURVE('',#904,#904,#842,.T.);
#1090=EDGE_CURVE('',#905,#905,#843,.T.);
#1091=EDGE_CURVE('',#905,#906,#451,.T.);
#1092=EDGE_CURVE('',#906,#906,#844,.T.);
#1093=EDGE_CURVE('',#907,#907,#845,.T.);
#1094=EDGE_CURVE('',#907,#908,#452,.T.);
#1095=EDGE_CURVE('',#908,#908,#846,.T.);
#1096=EDGE_CURVE('',#909,#909,#847,.T.);
#1097=EDGE_CURVE('',#909,#910,#453,.T.);
#1098=EDGE_CURVE('',#910,#910,#848,.T.);
#1099=EDGE_CURVE('',#911,#911,#849,.T.);
#1100=EDGE_CURVE('',#911,#912,#454,.T.);
#1101=EDGE_CURVE('',#912,#912,#850,.T.);
#1102=EDGE_CURVE('',#913,#914,#455,.T.);
#1103=EDGE_CURVE('',#913,#915,#456,.T.);
#1104=EDGE_CURVE('',#915,#916,#457,.T.);
#1105=EDGE_CURVE('',#914,#916,#458,.T.);
#1106=EDGE_CURVE('',#917,#918,#459,.T.);
#1107=EDGE_CURVE('',#917,#919,#460,.T.);
#1108=EDGE_CURVE('',#919,#920,#461,.T.);
#1109=EDGE_CURVE('',#918,#920,#462,.T.);
#1110=EDGE_CURVE('',#921,#922,#463,.T.);
#1111=EDGE_CURVE('',#921,#923,#464,.T.);
#1112=EDGE_CURVE('',#923,#924,#465,.T.);
#1113=EDGE_CURVE('',#922,#924,#466,.T.);
#1114=EDGE_CURVE('',#925,#926,#467,.T.);
#1115=EDGE_CURVE('',#927,#926,#468,.T.);
#1116=EDGE_CURVE('',#928,#927,#469,.T.);
#1117=EDGE_CURVE('',#928,#925,#470,.T.);
#1118=EDGE_CURVE('',#929,#930,#471,.T.);
#1119=EDGE_CURVE('',#929,#931,#472,.T.);
#1120=EDGE_CURVE('',#931,#932,#473,.T.);
#1121=EDGE_CURVE('',#930,#932,#474,.T.);
#1122=EDGE_CURVE('',#933,#934,#475,.T.);
#1123=EDGE_CURVE('',#935,#934,#476,.T.);
#1124=EDGE_CURVE('',#936,#935,#477,.T.);
#1125=EDGE_CURVE('',#936,#933,#478,.T.);
#1126=EDGE_CURVE('',#937,#938,#479,.T.);
#1127=EDGE_CURVE('',#937,#939,#480,.T.);
#1128=EDGE_CURVE('',#939,#940,#481,.T.);
#1129=EDGE_CURVE('',#938,#940,#482,.T.);
#1130=EDGE_CURVE('',#941,#942,#483,.T.);
#1131=EDGE_CURVE('',#943,#942,#484,.T.);
#1132=EDGE_CURVE('',#944,#943,#485,.T.);
#1133=EDGE_CURVE('',#944,#941,#486,.T.);
#1134=EDGE_CURVE('',#945,#946,#487,.T.);
#1135=EDGE_CURVE('',#945,#947,#488,.T.);
#1136=EDGE_CURVE('',#947,#948,#489,.T.);
#1137=EDGE_CURVE('',#946,#948,#490,.T.);
#1138=EDGE_CURVE('',#949,#950,#491,.T.);
#1139=EDGE_CURVE('',#951,#950,#492,.T.);
#1140=EDGE_CURVE('',#952,#951,#493,.T.);
#1141=EDGE_CURVE('',#952,#949,#494,.T.);
#1142=EDGE_CURVE('',#948,#953,#495,.T.);
#1143=EDGE_CURVE('',#947,#954,#496,.T.);
#1144=EDGE_CURVE('',#954,#953,#497,.T.);
#1145=EDGE_CURVE('',#955,#956,#498,.T.);
#1146=EDGE_CURVE('',#957,#956,#499,.T.);
#1147=EDGE_CURVE('',#958,#957,#500,.T.);
#1148=EDGE_CURVE('',#958,#955,#501,.T.);
#1149=EDGE_CURVE('',#959,#957,#502,.T.);
#1150=EDGE_CURVE('',#960,#959,#503,.T.);
#1151=EDGE_CURVE('',#960,#958,#504,.T.);
#1152=EDGE_CURVE('',#961,#959,#505,.T.);
#1153=EDGE_CURVE('',#962,#961,#506,.T.);
#1154=EDGE_CURVE('',#962,#960,#507,.T.);
#1155=EDGE_CURVE('',#963,#961,#508,.T.);
#1156=EDGE_CURVE('',#964,#963,#509,.T.);
#1157=EDGE_CURVE('',#964,#962,#510,.T.);
#1158=EDGE_CURVE('',#965,#964,#511,.T.);
#1159=EDGE_CURVE('',#966,#963,#512,.T.);
#1160=EDGE_CURVE('',#965,#966,#513,.T.);
#1161=EDGE_CURVE('',#920,#966,#514,.T.);
#1162=EDGE_CURVE('',#919,#965,#515,.T.);
#1163=EDGE_CURVE('',#967,#968,#516,.T.);
#1164=EDGE_CURVE('',#969,#968,#517,.T.);
#1165=EDGE_CURVE('',#970,#969,#518,.T.);
#1166=EDGE_CURVE('',#970,#967,#519,.T.);
#1167=EDGE_CURVE('',#971,#969,#520,.T.);
#1168=EDGE_CURVE('',#972,#971,#521,.T.);
#1169=EDGE_CURVE('',#972,#970,#522,.T.);
#1170=EDGE_CURVE('',#973,#971,#523,.T.);
#1171=EDGE_CURVE('',#974,#973,#524,.T.);
#1172=EDGE_CURVE('',#974,#972,#525,.T.);
#1173=EDGE_CURVE('',#975,#973,#526,.T.);
#1174=EDGE_CURVE('',#976,#975,#527,.T.);
#1175=EDGE_CURVE('',#976,#974,#528,.T.);
#1176=EDGE_CURVE('',#953,#975,#529,.T.);
#1177=EDGE_CURVE('',#954,#976,#530,.T.);
#1178=EDGE_CURVE('',#913,#977,#531,.T.);
#1179=EDGE_CURVE('',#977,#978,#532,.T.);
#1180=EDGE_CURVE('',#978,#955,#533,.T.);
#1181=EDGE_CURVE('',#917,#979,#534,.T.);
#1182=EDGE_CURVE('',#979,#980,#535,.T.);
#1183=EDGE_CURVE('',#980,#925,#536,.T.);
#1184=EDGE_CURVE('',#928,#981,#537,.T.);
#1185=EDGE_CURVE('',#981,#982,#538,.T.);
#1186=EDGE_CURVE('',#982,#933,#539,.T.);
#1187=EDGE_CURVE('',#936,#983,#540,.T.);
#1188=EDGE_CURVE('',#983,#984,#541,.T.);
#1189=EDGE_CURVE('',#984,#941,#542,.T.);
#1190=EDGE_CURVE('',#944,#985,#543,.T.);
#1191=EDGE_CURVE('',#985,#986,#544,.T.);
#1192=EDGE_CURVE('',#986,#949,#545,.T.);
#1193=EDGE_CURVE('',#952,#987,#546,.T.);
#1194=EDGE_CURVE('',#987,#988,#547,.T.);
#1195=EDGE_CURVE('',#988,#967,#548,.T.);
#1196=EDGE_CURVE('',#945,#989,#549,.T.);
#1197=EDGE_CURVE('',#989,#990,#550,.T.);
#1198=EDGE_CURVE('',#990,#939,#551,.T.);
#1199=EDGE_CURVE('',#937,#991,#552,.T.);
#1200=EDGE_CURVE('',#991,#992,#553,.T.);
#1201=EDGE_CURVE('',#992,#931,#554,.T.);
#1202=EDGE_CURVE('',#929,#993,#555,.T.);
#1203=EDGE_CURVE('',#993,#994,#556,.T.);
#1204=EDGE_CURVE('',#994,#923,#557,.T.);
#1205=EDGE_CURVE('',#921,#995,#558,.T.);
#1206=EDGE_CURVE('',#995,#996,#559,.T.);
#1207=EDGE_CURVE('',#996,#915,#560,.T.);
#1208=EDGE_CURVE('',#997,#998,#561,.T.);
#1209=EDGE_CURVE('',#914,#997,#562,.T.);
#1210=EDGE_CURVE('',#999,#916,#563,.T.);
#1211=EDGE_CURVE('',#1000,#999,#564,.T.);
#1212=EDGE_CURVE('',#922,#1000,#565,.T.);
#1213=EDGE_CURVE('',#1001,#924,#566,.T.);
#1214=EDGE_CURVE('',#1002,#1001,#567,.T.);
#1215=EDGE_CURVE('',#930,#1002,#568,.T.);
#1216=EDGE_CURVE('',#1003,#932,#569,.T.);
#1217=EDGE_CURVE('',#1004,#1003,#570,.T.);
#1218=EDGE_CURVE('',#938,#1004,#571,.T.);
#1219=EDGE_CURVE('',#1005,#940,#572,.T.);
#1220=EDGE_CURVE('',#1006,#1005,#573,.T.);
#1221=EDGE_CURVE('',#946,#1006,#574,.T.);
#1222=EDGE_CURVE('',#1007,#968,#575,.T.);
#1223=EDGE_CURVE('',#1008,#1007,#576,.T.);
#1224=EDGE_CURVE('',#951,#1008,#577,.T.);
#1225=EDGE_CURVE('',#1009,#950,#578,.T.);
#1226=EDGE_CURVE('',#1010,#1009,#579,.T.);
#1227=EDGE_CURVE('',#943,#1010,#580,.T.);
#1228=EDGE_CURVE('',#1011,#942,#581,.T.);
#1229=EDGE_CURVE('',#1012,#1011,#582,.T.);
#1230=EDGE_CURVE('',#935,#1012,#583,.T.);
#1231=EDGE_CURVE('',#1013,#934,#584,.T.);
#1232=EDGE_CURVE('',#1014,#1013,#585,.T.);
#1233=EDGE_CURVE('',#927,#1014,#586,.T.);
#1234=EDGE_CURVE('',#1015,#926,#587,.T.);
#1235=EDGE_CURVE('',#1016,#1015,#588,.T.);
#1236=EDGE_CURVE('',#918,#1016,#589,.T.);
#1237=EDGE_CURVE('',#998,#956,#590,.T.);
#1238=EDGE_CURVE('',#987,#1008,#591,.T.);
#1239=EDGE_CURVE('',#988,#1007,#592,.T.);
#1240=EDGE_CURVE('',#989,#1006,#593,.T.);
#1241=EDGE_CURVE('',#990,#1005,#594,.T.);
#1242=EDGE_CURVE('',#985,#1010,#595,.T.);
#1243=EDGE_CURVE('',#986,#1009,#596,.T.);
#1244=EDGE_CURVE('',#991,#1004,#597,.T.);
#1245=EDGE_CURVE('',#992,#1003,#598,.T.);
#1246=EDGE_CURVE('',#983,#1012,#599,.T.);
#1247=EDGE_CURVE('',#984,#1011,#600,.T.);
#1248=EDGE_CURVE('',#993,#1002,#601,.T.);
#1249=EDGE_CURVE('',#994,#1001,#602,.T.);
#1250=EDGE_CURVE('',#981,#1014,#603,.T.);
#1251=EDGE_CURVE('',#982,#1013,#604,.T.);
#1252=EDGE_CURVE('',#995,#1000,#605,.T.);
#1253=EDGE_CURVE('',#996,#999,#606,.T.);
#1254=EDGE_CURVE('',#979,#1016,#607,.T.);
#1255=EDGE_CURVE('',#980,#1015,#608,.T.);
#1256=EDGE_CURVE('',#977,#997,#609,.T.);
#1257=EDGE_CURVE('',#978,#998,#610,.T.);
#1258=EDGE_CURVE('',#1017,#1017,#851,.T.);
#1259=EDGE_CURVE('',#1017,#1018,#852,.T.);
#1260=EDGE_CURVE('',#1018,#1018,#853,.T.);
#1261=EDGE_CURVE('',#1018,#1019,#611,.T.);
#1262=EDGE_CURVE('',#1019,#1020,#854,.T.);
#1263=EDGE_CURVE('',#1020,#1019,#855,.T.);
#1264=EDGE_CURVE('',#1021,#1020,#856,.T.);
#1265=EDGE_CURVE('',#1022,#1022,#857,.T.);
#1266=EDGE_CURVE('',#1022,#1023,#612,.T.);
#1267=EDGE_CURVE('',#1023,#1023,#858,.T.);
#1268=EDGE_CURVE('',#1024,#1024,#859,.T.);
#1269=EDGE_CURVE('',#1024,#1025,#613,.T.);
#1270=EDGE_CURVE('',#1025,#1025,#860,.T.);
#1271=EDGE_CURVE('',#1026,#1026,#861,.T.);
#1272=EDGE_CURVE('',#1026,#1027,#614,.T.);
#1273=EDGE_CURVE('',#1027,#1027,#862,.T.);
#1274=EDGE_CURVE('',#1027,#1028,#615,.T.);
#1275=EDGE_CURVE('',#1028,#1028,#863,.T.);
#1276=EDGE_CURVE('',#1028,#1029,#616,.T.);
#1277=EDGE_CURVE('',#1029,#1029,#864,.T.);
#1278=ORIENTED_EDGE('',*,*,#1030,.F.);
#1279=ORIENTED_EDGE('',*,*,#1031,.T.);
#1280=ORIENTED_EDGE('',*,*,#1032,.T.);
#1281=ORIENTED_EDGE('',*,*,#1031,.F.);
#1282=ORIENTED_EDGE('',*,*,#1033,.F.);
#1283=ORIENTED_EDGE('',*,*,#1034,.T.);
#1284=ORIENTED_EDGE('',*,*,#1035,.T.);
#1285=ORIENTED_EDGE('',*,*,#1034,.F.);
#1286=ORIENTED_EDGE('',*,*,#1036,.F.);
#1287=ORIENTED_EDGE('',*,*,#1037,.T.);
#1288=ORIENTED_EDGE('',*,*,#1038,.T.);
#1289=ORIENTED_EDGE('',*,*,#1037,.F.);
#1290=ORIENTED_EDGE('',*,*,#1039,.F.);
#1291=ORIENTED_EDGE('',*,*,#1040,.T.);
#1292=ORIENTED_EDGE('',*,*,#1041,.T.);
#1293=ORIENTED_EDGE('',*,*,#1040,.F.);
#1294=ORIENTED_EDGE('',*,*,#1042,.F.);
#1295=ORIENTED_EDGE('',*,*,#1043,.T.);
#1296=ORIENTED_EDGE('',*,*,#1044,.T.);
#1297=ORIENTED_EDGE('',*,*,#1043,.F.);
#1298=ORIENTED_EDGE('',*,*,#1045,.F.);
#1299=ORIENTED_EDGE('',*,*,#1046,.T.);
#1300=ORIENTED_EDGE('',*,*,#1047,.T.);
#1301=ORIENTED_EDGE('',*,*,#1046,.F.);
#1302=ORIENTED_EDGE('',*,*,#1048,.F.);
#1303=ORIENTED_EDGE('',*,*,#1049,.T.);
#1304=ORIENTED_EDGE('',*,*,#1050,.T.);
#1305=ORIENTED_EDGE('',*,*,#1049,.F.);
#1306=ORIENTED_EDGE('',*,*,#1051,.F.);
#1307=ORIENTED_EDGE('',*,*,#1052,.T.);
#1308=ORIENTED_EDGE('',*,*,#1053,.T.);
#1309=ORIENTED_EDGE('',*,*,#1052,.F.);
#1310=ORIENTED_EDGE('',*,*,#1054,.F.);
#1311=ORIENTED_EDGE('',*,*,#1055,.T.);
#1312=ORIENTED_EDGE('',*,*,#1056,.T.);
#1313=ORIENTED_EDGE('',*,*,#1055,.F.);
#1314=ORIENTED_EDGE('',*,*,#1057,.F.);
#1315=ORIENTED_EDGE('',*,*,#1058,.T.);
#1316=ORIENTED_EDGE('',*,*,#1059,.T.);
#1317=ORIENTED_EDGE('',*,*,#1058,.F.);
#1318=ORIENTED_EDGE('',*,*,#1060,.F.);
#1319=ORIENTED_EDGE('',*,*,#1061,.T.);
#1320=ORIENTED_EDGE('',*,*,#1062,.T.);
#1321=ORIENTED_EDGE('',*,*,#1061,.F.);
#1322=ORIENTED_EDGE('',*,*,#1063,.F.);
#1323=ORIENTED_EDGE('',*,*,#1064,.T.);
#1324=ORIENTED_EDGE('',*,*,#1065,.T.);
#1325=ORIENTED_EDGE('',*,*,#1064,.F.);
#1326=ORIENTED_EDGE('',*,*,#1066,.F.);
#1327=ORIENTED_EDGE('',*,*,#1067,.T.);
#1328=ORIENTED_EDGE('',*,*,#1068,.T.);
#1329=ORIENTED_EDGE('',*,*,#1067,.F.);
#1330=ORIENTED_EDGE('',*,*,#1069,.F.);
#1331=ORIENTED_EDGE('',*,*,#1070,.T.);
#1332=ORIENTED_EDGE('',*,*,#1071,.T.);
#1333=ORIENTED_EDGE('',*,*,#1070,.F.);
#1334=ORIENTED_EDGE('',*,*,#1072,.F.);
#1335=ORIENTED_EDGE('',*,*,#1073,.T.);
#1336=ORIENTED_EDGE('',*,*,#1074,.T.);
#1337=ORIENTED_EDGE('',*,*,#1073,.F.);
#1338=ORIENTED_EDGE('',*,*,#1075,.F.);
#1339=ORIENTED_EDGE('',*,*,#1076,.T.);
#1340=ORIENTED_EDGE('',*,*,#1077,.T.);
#1341=ORIENTED_EDGE('',*,*,#1076,.F.);
#1342=ORIENTED_EDGE('',*,*,#1078,.F.);
#1343=ORIENTED_EDGE('',*,*,#1079,.T.);
#1344=ORIENTED_EDGE('',*,*,#1080,.T.);
#1345=ORIENTED_EDGE('',*,*,#1079,.F.);
#1346=ORIENTED_EDGE('',*,*,#1081,.F.);
#1347=ORIENTED_EDGE('',*,*,#1082,.T.);
#1348=ORIENTED_EDGE('',*,*,#1083,.T.);
#1349=ORIENTED_EDGE('',*,*,#1082,.F.);
#1350=ORIENTED_EDGE('',*,*,#1084,.F.);
#1351=ORIENTED_EDGE('',*,*,#1085,.T.);
#1352=ORIENTED_EDGE('',*,*,#1086,.T.);
#1353=ORIENTED_EDGE('',*,*,#1085,.F.);
#1354=ORIENTED_EDGE('',*,*,#1087,.F.);
#1355=ORIENTED_EDGE('',*,*,#1088,.T.);
#1356=ORIENTED_EDGE('',*,*,#1089,.T.);
#1357=ORIENTED_EDGE('',*,*,#1088,.F.);
#1358=ORIENTED_EDGE('',*,*,#1090,.F.);
#1359=ORIENTED_EDGE('',*,*,#1091,.T.);
#1360=ORIENTED_EDGE('',*,*,#1092,.T.);
#1361=ORIENTED_EDGE('',*,*,#1091,.F.);
#1362=ORIENTED_EDGE('',*,*,#1093,.F.);
#1363=ORIENTED_EDGE('',*,*,#1094,.T.);
#1364=ORIENTED_EDGE('',*,*,#1095,.T.);
#1365=ORIENTED_EDGE('',*,*,#1094,.F.);
#1366=ORIENTED_EDGE('',*,*,#1096,.F.);
#1367=ORIENTED_EDGE('',*,*,#1097,.T.);
#1368=ORIENTED_EDGE('',*,*,#1098,.T.);
#1369=ORIENTED_EDGE('',*,*,#1097,.F.);
#1370=ORIENTED_EDGE('',*,*,#1099,.F.);
#1371=ORIENTED_EDGE('',*,*,#1100,.T.);
#1372=ORIENTED_EDGE('',*,*,#1101,.T.);
#1373=ORIENTED_EDGE('',*,*,#1100,.F.);
#1374=ORIENTED_EDGE('',*,*,#1102,.F.);
#1375=ORIENTED_EDGE('',*,*,#1103,.T.);
#1376=ORIENTED_EDGE('',*,*,#1104,.T.);
#1377=ORIENTED_EDGE('',*,*,#1105,.F.);
#1378=ORIENTED_EDGE('',*,*,#1106,.F.);
#1379=ORIENTED_EDGE('',*,*,#1107,.T.);
#1380=ORIENTED_EDGE('',*,*,#1108,.T.);
#1381=ORIENTED_EDGE('',*,*,#1109,.F.);
#1382=ORIENTED_EDGE('',*,*,#1110,.F.);
#1383=ORIENTED_EDGE('',*,*,#1111,.T.);
#1384=ORIENTED_EDGE('',*,*,#1112,.T.);
#1385=ORIENTED_EDGE('',*,*,#1113,.F.);
#1386=ORIENTED_EDGE('',*,*,#1114,.T.);
#1387=ORIENTED_EDGE('',*,*,#1115,.F.);
#1388=ORIENTED_EDGE('',*,*,#1116,.F.);
#1389=ORIENTED_EDGE('',*,*,#1117,.T.);
#1390=ORIENTED_EDGE('',*,*,#1118,.F.);
#1391=ORIENTED_EDGE('',*,*,#1119,.T.);
#1392=ORIENTED_EDGE('',*,*,#1120,.T.);
#1393=ORIENTED_EDGE('',*,*,#1121,.F.);
#1394=ORIENTED_EDGE('',*,*,#1122,.T.);
#1395=ORIENTED_EDGE('',*,*,#1123,.F.);
#1396=ORIENTED_EDGE('',*,*,#1124,.F.);
#1397=ORIENTED_EDGE('',*,*,#1125,.T.);
#1398=ORIENTED_EDGE('',*,*,#1126,.F.);
#1399=ORIENTED_EDGE('',*,*,#1127,.T.);
#1400=ORIENTED_EDGE('',*,*,#1128,.T.);
#1401=ORIENTED_EDGE('',*,*,#1129,.F.);
#1402=ORIENTED_EDGE('',*,*,#1130,.T.);
#1403=ORIENTED_EDGE('',*,*,#1131,.F.);
#1404=ORIENTED_EDGE('',*,*,#1132,.F.);
#1405=ORIENTED_EDGE('',*,*,#1133,.T.);
#1406=ORIENTED_EDGE('',*,*,#1134,.F.);
#1407=ORIENTED_EDGE('',*,*,#1135,.T.);
#1408=ORIENTED_EDGE('',*,*,#1136,.T.);
#1409=ORIENTED_EDGE('',*,*,#1137,.F.);
#1410=ORIENTED_EDGE('',*,*,#1138,.T.);
#1411=ORIENTED_EDGE('',*,*,#1139,.F.);
#1412=ORIENTED_EDGE('',*,*,#1140,.F.);
#1413=ORIENTED_EDGE('',*,*,#1141,.T.);
#1414=ORIENTED_EDGE('',*,*,#1142,.F.);
#1415=ORIENTED_EDGE('',*,*,#1136,.F.);
#1416=ORIENTED_EDGE('',*,*,#1143,.T.);
#1417=ORIENTED_EDGE('',*,*,#1144,.T.);
#1418=ORIENTED_EDGE('',*,*,#1145,.T.);
#1419=ORIENTED_EDGE('',*,*,#1146,.F.);
#1420=ORIENTED_EDGE('',*,*,#1147,.F.);
#1421=ORIENTED_EDGE('',*,*,#1148,.T.);
#1422=ORIENTED_EDGE('',*,*,#1149,.F.);
#1423=ORIENTED_EDGE('',*,*,#1150,.F.);
#1424=ORIENTED_EDGE('',*,*,#1151,.T.);
#1425=ORIENTED_EDGE('',*,*,#1147,.T.);
#1426=ORIENTED_EDGE('',*,*,#1150,.T.);
#1427=ORIENTED_EDGE('',*,*,#1152,.F.);
#1428=ORIENTED_EDGE('',*,*,#1153,.F.);
#1429=ORIENTED_EDGE('',*,*,#1154,.T.);
#1430=ORIENTED_EDGE('',*,*,#1155,.F.);
#1431=ORIENTED_EDGE('',*,*,#1156,.F.);
#1432=ORIENTED_EDGE('',*,*,#1157,.T.);
#1433=ORIENTED_EDGE('',*,*,#1153,.T.);
#1434=ORIENTED_EDGE('',*,*,#1158,.T.);
#1435=ORIENTED_EDGE('',*,*,#1156,.T.);
#1436=ORIENTED_EDGE('',*,*,#1159,.F.);
#1437=ORIENTED_EDGE('',*,*,#1160,.F.);
#1438=ORIENTED_EDGE('',*,*,#1161,.F.);
#1439=ORIENTED_EDGE('',*,*,#1108,.F.);
#1440=ORIENTED_EDGE('',*,*,#1162,.T.);
#1441=ORIENTED_EDGE('',*,*,#1160,.T.);
#1442=ORIENTED_EDGE('',*,*,#1163,.T.);
#1443=ORIENTED_EDGE('',*,*,#1164,.F.);
#1444=ORIENTED_EDGE('',*,*,#1165,.F.);
#1445=ORIENTED_EDGE('',*,*,#1166,.T.);
#1446=ORIENTED_EDGE('',*,*,#1167,.F.);
#1447=ORIENTED_EDGE('',*,*,#1168,.F.);
#1448=ORIENTED_EDGE('',*,*,#1169,.T.);
#1449=ORIENTED_EDGE('',*,*,#1165,.T.);
#1450=ORIENTED_EDGE('',*,*,#1170,.F.);
#1451=ORIENTED_EDGE('',*,*,#1171,.F.);
#1452=ORIENTED_EDGE('',*,*,#1172,.T.);
#1453=ORIENTED_EDGE('',*,*,#1168,.T.);
#1454=ORIENTED_EDGE('',*,*,#1173,.F.);
#1455=ORIENTED_EDGE('',*,*,#1174,.F.);
#1456=ORIENTED_EDGE('',*,*,#1175,.T.);
#1457=ORIENTED_EDGE('',*,*,#1171,.T.);
#1458=ORIENTED_EDGE('',*,*,#1176,.F.);
#1459=ORIENTED_EDGE('',*,*,#1144,.F.);
#1460=ORIENTED_EDGE('',*,*,#1177,.T.);
#1461=ORIENTED_EDGE('',*,*,#1174,.T.);
#1462=ORIENTED_EDGE('',*,*,#1178,.T.);
#1463=ORIENTED_EDGE('',*,*,#1179,.T.);
#1464=ORIENTED_EDGE('',*,*,#1180,.T.);
#1465=ORIENTED_EDGE('',*,*,#1148,.F.);
#1466=ORIENTED_EDGE('',*,*,#1151,.F.);
#1467=ORIENTED_EDGE('',*,*,#1154,.F.);
#1468=ORIENTED_EDGE('',*,*,#1157,.F.);
#1469=ORIENTED_EDGE('',*,*,#1158,.F.);
#1470=ORIENTED_EDGE('',*,*,#1162,.F.);
#1471=ORIENTED_EDGE('',*,*,#1107,.F.);
#1472=ORIENTED_EDGE('',*,*,#1181,.T.);
#1473=ORIENTED_EDGE('',*,*,#1182,.T.);
#1474=ORIENTED_EDGE('',*,*,#1183,.T.);
#1475=ORIENTED_EDGE('',*,*,#1117,.F.);
#1476=ORIENTED_EDGE('',*,*,#1184,.T.);
#1477=ORIENTED_EDGE('',*,*,#1185,.T.);
#1478=ORIENTED_EDGE('',*,*,#1186,.T.);
#1479=ORIENTED_EDGE('',*,*,#1125,.F.);
#1480=ORIENTED_EDGE('',*,*,#1187,.T.);
#1481=ORIENTED_EDGE('',*,*,#1188,.T.);
#1482=ORIENTED_EDGE('',*,*,#1189,.T.);
#1483=ORIENTED_EDGE('',*,*,#1133,.F.);
#1484=ORIENTED_EDGE('',*,*,#1190,.T.);
#1485=ORIENTED_EDGE('',*,*,#1191,.T.);
#1486=ORIENTED_EDGE('',*,*,#1192,.T.);
#1487=ORIENTED_EDGE('',*,*,#1141,.F.);
#1488=ORIENTED_EDGE('',*,*,#1193,.T.);
#1489=ORIENTED_EDGE('',*,*,#1194,.T.);
#1490=ORIENTED_EDGE('',*,*,#1195,.T.);
#1491=ORIENTED_EDGE('',*,*,#1166,.F.);
#1492=ORIENTED_EDGE('',*,*,#1169,.F.);
#1493=ORIENTED_EDGE('',*,*,#1172,.F.);
#1494=ORIENTED_EDGE('',*,*,#1175,.F.);
#1495=ORIENTED_EDGE('',*,*,#1177,.F.);
#1496=ORIENTED_EDGE('',*,*,#1143,.F.);
#1497=ORIENTED_EDGE('',*,*,#1135,.F.);
#1498=ORIENTED_EDGE('',*,*,#1196,.T.);
#1499=ORIENTED_EDGE('',*,*,#1197,.T.);
#1500=ORIENTED_EDGE('',*,*,#1198,.T.);
#1501=ORIENTED_EDGE('',*,*,#1127,.F.);
#1502=ORIENTED_EDGE('',*,*,#1199,.T.);
#1503=ORIENTED_EDGE('',*,*,#1200,.T.);
#1504=ORIENTED_EDGE('',*,*,#1201,.T.);
#1505=ORIENTED_EDGE('',*,*,#1119,.F.);
#1506=ORIENTED_EDGE('',*,*,#1202,.T.);
#1507=ORIENTED_EDGE('',*,*,#1203,.T.);
#1508=ORIENTED_EDGE('',*,*,#1204,.T.);
#1509=ORIENTED_EDGE('',*,*,#1111,.F.);
#1510=ORIENTED_EDGE('',*,*,#1205,.T.);
#1511=ORIENTED_EDGE('',*,*,#1206,.T.);
#1512=ORIENTED_EDGE('',*,*,#1207,.T.);
#1513=ORIENTED_EDGE('',*,*,#1103,.F.);
#1514=ORIENTED_EDGE('',*,*,#1033,.T.);
#1515=ORIENTED_EDGE('',*,*,#1039,.T.);
#1516=ORIENTED_EDGE('',*,*,#1045,.T.);
#1517=ORIENTED_EDGE('',*,*,#1051,.T.);
#1518=ORIENTED_EDGE('',*,*,#1057,.T.);
#1519=ORIENTED_EDGE('',*,*,#1063,.T.);
#1520=ORIENTED_EDGE('',*,*,#1069,.T.);
#1521=ORIENTED_EDGE('',*,*,#1075,.T.);
#1522=ORIENTED_EDGE('',*,*,#1081,.T.);
#1523=ORIENTED_EDGE('',*,*,#1087,.T.);
#1524=ORIENTED_EDGE('',*,*,#1093,.T.);
#1525=ORIENTED_EDGE('',*,*,#1099,.T.);
#1526=ORIENTED_EDGE('',*,*,#1208,.F.);
#1527=ORIENTED_EDGE('',*,*,#1209,.F.);
#1528=ORIENTED_EDGE('',*,*,#1105,.T.);
#1529=ORIENTED_EDGE('',*,*,#1210,.F.);
#1530=ORIENTED_EDGE('',*,*,#1211,.F.);
#1531=ORIENTED_EDGE('',*,*,#1212,.F.);
#1532=ORIENTED_EDGE('',*,*,#1113,.T.);
#1533=ORIENTED_EDGE('',*,*,#1213,.F.);
#1534=ORIENTED_EDGE('',*,*,#1214,.F.);
#1535=ORIENTED_EDGE('',*,*,#1215,.F.);
#1536=ORIENTED_EDGE('',*,*,#1121,.T.);
#1537=ORIENTED_EDGE('',*,*,#1216,.F.);
#1538=ORIENTED_EDGE('',*,*,#1217,.F.);
#1539=ORIENTED_EDGE('',*,*,#1218,.F.);
#1540=ORIENTED_EDGE('',*,*,#1129,.T.);
#1541=ORIENTED_EDGE('',*,*,#1219,.F.);
#1542=ORIENTED_EDGE('',*,*,#1220,.F.);
#1543=ORIENTED_EDGE('',*,*,#1221,.F.);
#1544=ORIENTED_EDGE('',*,*,#1137,.T.);
#1545=ORIENTED_EDGE('',*,*,#1142,.T.);
#1546=ORIENTED_EDGE('',*,*,#1176,.T.);
#1547=ORIENTED_EDGE('',*,*,#1173,.T.);
#1548=ORIENTED_EDGE('',*,*,#1170,.T.);
#1549=ORIENTED_EDGE('',*,*,#1167,.T.);
#1550=ORIENTED_EDGE('',*,*,#1164,.T.);
#1551=ORIENTED_EDGE('',*,*,#1222,.F.);
#1552=ORIENTED_EDGE('',*,*,#1223,.F.);
#1553=ORIENTED_EDGE('',*,*,#1224,.F.);
#1554=ORIENTED_EDGE('',*,*,#1139,.T.);
#1555=ORIENTED_EDGE('',*,*,#1225,.F.);
#1556=ORIENTED_EDGE('',*,*,#1226,.F.);
#1557=ORIENTED_EDGE('',*,*,#1227,.F.);
#1558=ORIENTED_EDGE('',*,*,#1131,.T.);
#1559=ORIENTED_EDGE('',*,*,#1228,.F.);
#1560=ORIENTED_EDGE('',*,*,#1229,.F.);
#1561=ORIENTED_EDGE('',*,*,#1230,.F.);
#1562=ORIENTED_EDGE('',*,*,#1123,.T.);
#1563=ORIENTED_EDGE('',*,*,#1231,.F.);
#1564=ORIENTED_EDGE('',*,*,#1232,.F.);
#1565=ORIENTED_EDGE('',*,*,#1233,.F.);
#1566=ORIENTED_EDGE('',*,*,#1115,.T.);
#1567=ORIENTED_EDGE('',*,*,#1234,.F.);
#1568=ORIENTED_EDGE('',*,*,#1235,.F.);
#1569=ORIENTED_EDGE('',*,*,#1236,.F.);
#1570=ORIENTED_EDGE('',*,*,#1109,.T.);
#1571=ORIENTED_EDGE('',*,*,#1161,.T.);
#1572=ORIENTED_EDGE('',*,*,#1159,.T.);
#1573=ORIENTED_EDGE('',*,*,#1155,.T.);
#1574=ORIENTED_EDGE('',*,*,#1152,.T.);
#1575=ORIENTED_EDGE('',*,*,#1149,.T.);
#1576=ORIENTED_EDGE('',*,*,#1146,.T.);
#1577=ORIENTED_EDGE('',*,*,#1237,.F.);
#1578=ORIENTED_EDGE('',*,*,#1032,.F.);
#1579=ORIENTED_EDGE('',*,*,#1038,.F.);
#1580=ORIENTED_EDGE('',*,*,#1044,.F.);
#1581=ORIENTED_EDGE('',*,*,#1050,.F.);
#1582=ORIENTED_EDGE('',*,*,#1056,.F.);
#1583=ORIENTED_EDGE('',*,*,#1062,.F.);
#1584=ORIENTED_EDGE('',*,*,#1068,.F.);
#1585=ORIENTED_EDGE('',*,*,#1074,.F.);
#1586=ORIENTED_EDGE('',*,*,#1080,.F.);
#1587=ORIENTED_EDGE('',*,*,#1086,.F.);
#1588=ORIENTED_EDGE('',*,*,#1092,.F.);
#1589=ORIENTED_EDGE('',*,*,#1098,.F.);
#1590=ORIENTED_EDGE('',*,*,#1096,.T.);
#1591=ORIENTED_EDGE('',*,*,#1101,.F.);
#1592=ORIENTED_EDGE('',*,*,#1224,.T.);
#1593=ORIENTED_EDGE('',*,*,#1238,.F.);
#1594=ORIENTED_EDGE('',*,*,#1193,.F.);
#1595=ORIENTED_EDGE('',*,*,#1140,.T.);
#1596=ORIENTED_EDGE('',*,*,#1222,.T.);
#1597=ORIENTED_EDGE('',*,*,#1163,.F.);
#1598=ORIENTED_EDGE('',*,*,#1195,.F.);
#1599=ORIENTED_EDGE('',*,*,#1239,.T.);
#1600=ORIENTED_EDGE('',*,*,#1223,.T.);
#1601=ORIENTED_EDGE('',*,*,#1239,.F.);
#1602=ORIENTED_EDGE('',*,*,#1194,.F.);
#1603=ORIENTED_EDGE('',*,*,#1238,.T.);
#1604=ORIENTED_EDGE('',*,*,#1221,.T.);
#1605=ORIENTED_EDGE('',*,*,#1240,.F.);
#1606=ORIENTED_EDGE('',*,*,#1196,.F.);
#1607=ORIENTED_EDGE('',*,*,#1134,.T.);
#1608=ORIENTED_EDGE('',*,*,#1219,.T.);
#1609=ORIENTED_EDGE('',*,*,#1128,.F.);
#1610=ORIENTED_EDGE('',*,*,#1198,.F.);
#1611=ORIENTED_EDGE('',*,*,#1241,.T.);
#1612=ORIENTED_EDGE('',*,*,#1220,.T.);
#1613=ORIENTED_EDGE('',*,*,#1241,.F.);
#1614=ORIENTED_EDGE('',*,*,#1197,.F.);
#1615=ORIENTED_EDGE('',*,*,#1240,.T.);
#1616=ORIENTED_EDGE('',*,*,#1090,.T.);
#1617=ORIENTED_EDGE('',*,*,#1095,.F.);
#1618=ORIENTED_EDGE('',*,*,#1084,.T.);
#1619=ORIENTED_EDGE('',*,*,#1089,.F.);
#1620=ORIENTED_EDGE('',*,*,#1078,.T.);
#1621=ORIENTED_EDGE('',*,*,#1083,.F.);
#1622=ORIENTED_EDGE('',*,*,#1072,.T.);
#1623=ORIENTED_EDGE('',*,*,#1077,.F.);
#1624=ORIENTED_EDGE('',*,*,#1066,.T.);
#1625=ORIENTED_EDGE('',*,*,#1071,.F.);
#1626=ORIENTED_EDGE('',*,*,#1060,.T.);
#1627=ORIENTED_EDGE('',*,*,#1065,.F.);
#1628=ORIENTED_EDGE('',*,*,#1054,.T.);
#1629=ORIENTED_EDGE('',*,*,#1059,.F.);
#1630=ORIENTED_EDGE('',*,*,#1048,.T.);
#1631=ORIENTED_EDGE('',*,*,#1053,.F.);
#1632=ORIENTED_EDGE('',*,*,#1042,.T.);
#1633=ORIENTED_EDGE('',*,*,#1047,.F.);
#1634=ORIENTED_EDGE('',*,*,#1036,.T.);
#1635=ORIENTED_EDGE('',*,*,#1041,.F.);
#1636=ORIENTED_EDGE('',*,*,#1030,.T.);
#1637=ORIENTED_EDGE('',*,*,#1035,.F.);
#1638=ORIENTED_EDGE('',*,*,#1227,.T.);
#1639=ORIENTED_EDGE('',*,*,#1242,.F.);
#1640=ORIENTED_EDGE('',*,*,#1190,.F.);
#1641=ORIENTED_EDGE('',*,*,#1132,.T.);
#1642=ORIENTED_EDGE('',*,*,#1225,.T.);
#1643=ORIENTED_EDGE('',*,*,#1138,.F.);
#1644=ORIENTED_EDGE('',*,*,#1192,.F.);
#1645=ORIENTED_EDGE('',*,*,#1243,.T.);
#1646=ORIENTED_EDGE('',*,*,#1226,.T.);
#1647=ORIENTED_EDGE('',*,*,#1243,.F.);
#1648=ORIENTED_EDGE('',*,*,#1191,.F.);
#1649=ORIENTED_EDGE('',*,*,#1242,.T.);
#1650=ORIENTED_EDGE('',*,*,#1218,.T.);
#1651=ORIENTED_EDGE('',*,*,#1244,.F.);
#1652=ORIENTED_EDGE('',*,*,#1199,.F.);
#1653=ORIENTED_EDGE('',*,*,#1126,.T.);
#1654=ORIENTED_EDGE('',*,*,#1216,.T.);
#1655=ORIENTED_EDGE('',*,*,#1120,.F.);
#1656=ORIENTED_EDGE('',*,*,#1201,.F.);
#1657=ORIENTED_EDGE('',*,*,#1245,.T.);
#1658=ORIENTED_EDGE('',*,*,#1217,.T.);
#1659=ORIENTED_EDGE('',*,*,#1245,.F.);
#1660=ORIENTED_EDGE('',*,*,#1200,.F.);
#1661=ORIENTED_EDGE('',*,*,#1244,.T.);
#1662=ORIENTED_EDGE('',*,*,#1230,.T.);
#1663=ORIENTED_EDGE('',*,*,#1246,.F.);
#1664=ORIENTED_EDGE('',*,*,#1187,.F.);
#1665=ORIENTED_EDGE('',*,*,#1124,.T.);
#1666=ORIENTED_EDGE('',*,*,#1228,.T.);
#1667=ORIENTED_EDGE('',*,*,#1130,.F.);
#1668=ORIENTED_EDGE('',*,*,#1189,.F.);
#1669=ORIENTED_EDGE('',*,*,#1247,.T.);
#1670=ORIENTED_EDGE('',*,*,#1229,.T.);
#1671=ORIENTED_EDGE('',*,*,#1247,.F.);
#1672=ORIENTED_EDGE('',*,*,#1188,.F.);
#1673=ORIENTED_EDGE('',*,*,#1246,.T.);
#1674=ORIENTED_EDGE('',*,*,#1215,.T.);
#1675=ORIENTED_EDGE('',*,*,#1248,.F.);
#1676=ORIENTED_EDGE('',*,*,#1202,.F.);
#1677=ORIENTED_EDGE('',*,*,#1118,.T.);
#1678=ORIENTED_EDGE('',*,*,#1213,.T.);
#1679=ORIENTED_EDGE('',*,*,#1112,.F.);
#1680=ORIENTED_EDGE('',*,*,#1204,.F.);
#1681=ORIENTED_EDGE('',*,*,#1249,.T.);
#1682=ORIENTED_EDGE('',*,*,#1214,.T.);
#1683=ORIENTED_EDGE('',*,*,#1249,.F.);
#1684=ORIENTED_EDGE('',*,*,#1203,.F.);
#1685=ORIENTED_EDGE('',*,*,#1248,.T.);
#1686=ORIENTED_EDGE('',*,*,#1233,.T.);
#1687=ORIENTED_EDGE('',*,*,#1250,.F.);
#1688=ORIENTED_EDGE('',*,*,#1184,.F.);
#1689=ORIENTED_EDGE('',*,*,#1116,.T.);
#1690=ORIENTED_EDGE('',*,*,#1231,.T.);
#1691=ORIENTED_EDGE('',*,*,#1122,.F.);
#1692=ORIENTED_EDGE('',*,*,#1186,.F.);
#1693=ORIENTED_EDGE('',*,*,#1251,.T.);
#1694=ORIENTED_EDGE('',*,*,#1232,.T.);
#1695=ORIENTED_EDGE('',*,*,#1251,.F.);
#1696=ORIENTED_EDGE('',*,*,#1185,.F.);
#1697=ORIENTED_EDGE('',*,*,#1250,.T.);
#1698=ORIENTED_EDGE('',*,*,#1212,.T.);
#1699=ORIENTED_EDGE('',*,*,#1252,.F.);
#1700=ORIENTED_EDGE('',*,*,#1205,.F.);
#1701=ORIENTED_EDGE('',*,*,#1110,.T.);
#1702=ORIENTED_EDGE('',*,*,#1210,.T.);
#1703=ORIENTED_EDGE('',*,*,#1104,.F.);
#1704=ORIENTED_EDGE('',*,*,#1207,.F.);
#1705=ORIENTED_EDGE('',*,*,#1253,.T.);
#1706=ORIENTED_EDGE('',*,*,#1211,.T.);
#1707=ORIENTED_EDGE('',*,*,#1253,.F.);
#1708=ORIENTED_EDGE('',*,*,#1206,.F.);
#1709=ORIENTED_EDGE('',*,*,#1252,.T.);
#1710=ORIENTED_EDGE('',*,*,#1236,.T.);
#1711=ORIENTED_EDGE('',*,*,#1254,.F.);
#1712=ORIENTED_EDGE('',*,*,#1181,.F.);
#1713=ORIENTED_EDGE('',*,*,#1106,.T.);
#1714=ORIENTED_EDGE('',*,*,#1234,.T.);
#1715=ORIENTED_EDGE('',*,*,#1114,.F.);
#1716=ORIENTED_EDGE('',*,*,#1183,.F.);
#1717=ORIENTED_EDGE('',*,*,#1255,.T.);
#1718=ORIENTED_EDGE('',*,*,#1235,.T.);
#1719=ORIENTED_EDGE('',*,*,#1255,.F.);
#1720=ORIENTED_EDGE('',*,*,#1182,.F.);
#1721=ORIENTED_EDGE('',*,*,#1254,.T.);
#1722=ORIENTED_EDGE('',*,*,#1209,.T.);
#1723=ORIENTED_EDGE('',*,*,#1256,.F.);
#1724=ORIENTED_EDGE('',*,*,#1178,.F.);
#1725=ORIENTED_EDGE('',*,*,#1102,.T.);
#1726=ORIENTED_EDGE('',*,*,#1237,.T.);
#1727=ORIENTED_EDGE('',*,*,#1145,.F.);
#1728=ORIENTED_EDGE('',*,*,#1180,.F.);
#1729=ORIENTED_EDGE('',*,*,#1257,.T.);
#1730=ORIENTED_EDGE('',*,*,#1208,.T.);
#1731=ORIENTED_EDGE('',*,*,#1257,.F.);
#1732=ORIENTED_EDGE('',*,*,#1179,.F.);
#1733=ORIENTED_EDGE('',*,*,#1256,.T.);
#1734=ORIENTED_EDGE('',*,*,#1258,.F.);
#1735=ORIENTED_EDGE('',*,*,#1259,.T.);
#1736=ORIENTED_EDGE('',*,*,#1260,.T.);
#1737=ORIENTED_EDGE('',*,*,#1259,.F.);
#1738=ORIENTED_EDGE('',*,*,#1260,.F.);
#1739=ORIENTED_EDGE('',*,*,#1261,.T.);
#1740=ORIENTED_EDGE('',*,*,#1262,.T.);
#1741=ORIENTED_EDGE('',*,*,#1263,.T.);
#1742=ORIENTED_EDGE('',*,*,#1261,.F.);
#1743=ORIENTED_EDGE('',*,*,#1262,.F.);
#1744=ORIENTED_EDGE('',*,*,#1263,.F.);
#1745=ORIENTED_EDGE('',*,*,#1264,.F.);
#1746=ORIENTED_EDGE('',*,*,#1264,.T.);
#1747=ORIENTED_EDGE('',*,*,#1265,.F.);
#1748=ORIENTED_EDGE('',*,*,#1266,.T.);
#1749=ORIENTED_EDGE('',*,*,#1267,.T.);
#1750=ORIENTED_EDGE('',*,*,#1266,.F.);
#1751=ORIENTED_EDGE('',*,*,#1268,.F.);
#1752=ORIENTED_EDGE('',*,*,#1269,.T.);
#1753=ORIENTED_EDGE('',*,*,#1270,.T.);
#1754=ORIENTED_EDGE('',*,*,#1269,.F.);
#1755=ORIENTED_EDGE('',*,*,#1271,.F.);
#1756=ORIENTED_EDGE('',*,*,#1272,.T.);
#1757=ORIENTED_EDGE('',*,*,#1273,.T.);
#1758=ORIENTED_EDGE('',*,*,#1272,.F.);
#1759=ORIENTED_EDGE('',*,*,#1273,.F.);
#1760=ORIENTED_EDGE('',*,*,#1274,.T.);
#1761=ORIENTED_EDGE('',*,*,#1275,.T.);
#1762=ORIENTED_EDGE('',*,*,#1274,.F.);
#1763=ORIENTED_EDGE('',*,*,#1275,.F.);
#1764=ORIENTED_EDGE('',*,*,#1276,.T.);
#1765=ORIENTED_EDGE('',*,*,#1277,.T.);
#1766=ORIENTED_EDGE('',*,*,#1276,.F.);
#1767=ORIENTED_EDGE('',*,*,#1271,.T.);
#1768=ORIENTED_EDGE('',*,*,#1270,.F.);
#1769=ORIENTED_EDGE('',*,*,#1267,.F.);
#1770=ORIENTED_EDGE('',*,*,#1268,.T.);
#1771=ORIENTED_EDGE('',*,*,#1265,.T.);
#1772=ORIENTED_EDGE('',*,*,#1277,.F.);
#1773=ORIENTED_EDGE('',*,*,#1258,.T.);
#1774=CYLINDRICAL_SURFACE('',#1932,0.0374000000000005);
#1775=CYLINDRICAL_SURFACE('',#1935,0.0287400000000005);
#1776=CYLINDRICAL_SURFACE('',#1938,0.0374000000000005);
#1777=CYLINDRICAL_SURFACE('',#1941,0.0287400000000005);
#1778=CYLINDRICAL_SURFACE('',#1944,0.0374000000000005);
#1779=CYLINDRICAL_SURFACE('',#1947,0.0287400000000005);
#1780=CYLINDRICAL_SURFACE('',#1950,0.0374000000000005);
#1781=CYLINDRICAL_SURFACE('',#1953,0.0287400000000005);
#1782=CYLINDRICAL_SURFACE('',#1956,0.0374000000000005);
#1783=CYLINDRICAL_SURFACE('',#1959,0.0287400000000005);
#1784=CYLINDRICAL_SURFACE('',#1962,0.0374000000000005);
#1785=CYLINDRICAL_SURFACE('',#1965,0.0287400000000005);
#1786=CYLINDRICAL_SURFACE('',#1968,0.0374000000000005);
#1787=CYLINDRICAL_SURFACE('',#1971,0.0287400000000005);
#1788=CYLINDRICAL_SURFACE('',#1974,0.0374000000000005);
#1789=CYLINDRICAL_SURFACE('',#1977,0.0287400000000005);
#1790=CYLINDRICAL_SURFACE('',#1980,0.0374000000000005);
#1791=CYLINDRICAL_SURFACE('',#1983,0.0287400000000005);
#1792=CYLINDRICAL_SURFACE('',#1986,0.0374000000000005);
#1793=CYLINDRICAL_SURFACE('',#1989,0.0287400000000005);
#1794=CYLINDRICAL_SURFACE('',#1992,0.0374000000000005);
#1795=CYLINDRICAL_SURFACE('',#1995,0.0287400000000005);
#1796=CYLINDRICAL_SURFACE('',#1998,0.0374000000000005);
#1797=CYLINDRICAL_SURFACE('',#2001,0.0287400000000005);
#1798=CYLINDRICAL_SURFACE('',#2075,0.00999999999999921);
#1799=CYLINDRICAL_SURFACE('',#2080,0.0349999999999979);
#1800=CYLINDRICAL_SURFACE('',#2083,0.028);
#1801=CYLINDRICAL_SURFACE('',#2089,0.0264999999999993);
#1802=ADVANCED_FACE('',(#188),#1774,.F.);
#1803=ADVANCED_FACE('',(#189),#1775,.F.);
#1804=ADVANCED_FACE('',(#190),#1776,.F.);
#1805=ADVANCED_FACE('',(#191),#1777,.F.);
#1806=ADVANCED_FACE('',(#192),#1778,.F.);
#1807=ADVANCED_FACE('',(#193),#1779,.F.);
#1808=ADVANCED_FACE('',(#194),#1780,.F.);
#1809=ADVANCED_FACE('',(#195),#1781,.F.);
#1810=ADVANCED_FACE('',(#196),#1782,.F.);
#1811=ADVANCED_FACE('',(#197),#1783,.F.);
#1812=ADVANCED_FACE('',(#198),#1784,.F.);
#1813=ADVANCED_FACE('',(#199),#1785,.F.);
#1814=ADVANCED_FACE('',(#200),#1786,.F.);
#1815=ADVANCED_FACE('',(#201),#1787,.F.);
#1816=ADVANCED_FACE('',(#202),#1788,.F.);
#1817=ADVANCED_FACE('',(#203),#1789,.F.);
#1818=ADVANCED_FACE('',(#204),#1790,.F.);
#1819=ADVANCED_FACE('',(#205),#1791,.F.);
#1820=ADVANCED_FACE('',(#206),#1792,.F.);
#1821=ADVANCED_FACE('',(#207),#1793,.F.);
#1822=ADVANCED_FACE('',(#208),#1794,.F.);
#1823=ADVANCED_FACE('',(#209),#1795,.F.);
#1824=ADVANCED_FACE('',(#210),#1796,.F.);
#1825=ADVANCED_FACE('',(#211),#1797,.F.);
#1826=ADVANCED_FACE('',(#212),#118,.T.);
#1827=ADVANCED_FACE('',(#213),#119,.T.);
#1828=ADVANCED_FACE('',(#214),#120,.T.);
#1829=ADVANCED_FACE('',(#215),#121,.T.);
#1830=ADVANCED_FACE('',(#216),#122,.T.);
#1831=ADVANCED_FACE('',(#217),#123,.T.);
#1832=ADVANCED_FACE('',(#218),#124,.T.);
#1833=ADVANCED_FACE('',(#219),#125,.T.);
#1834=ADVANCED_FACE('',(#220),#126,.T.);
#1835=ADVANCED_FACE('',(#221),#127,.T.);
#1836=ADVANCED_FACE('',(#222),#128,.T.);
#1837=ADVANCED_FACE('',(#223),#129,.T.);
#1838=ADVANCED_FACE('',(#224),#130,.T.);
#1839=ADVANCED_FACE('',(#225),#131,.T.);
#1840=ADVANCED_FACE('',(#226),#132,.T.);
#1841=ADVANCED_FACE('',(#227),#133,.T.);
#1842=ADVANCED_FACE('',(#228),#134,.T.);
#1843=ADVANCED_FACE('',(#229),#135,.T.);
#1844=ADVANCED_FACE('',(#230),#136,.T.);
#1845=ADVANCED_FACE('',(#231),#137,.T.);
#1846=ADVANCED_FACE('',(#232),#138,.T.);
#1847=ADVANCED_FACE('',(#233),#139,.T.);
#1848=ADVANCED_FACE('',(#234,#79,#80,#81,#82,#83,#84,#85,#86,#87,#88,#89,
#90),#140,.T.);
#1849=ADVANCED_FACE('',(#235,#91,#92,#93,#94,#95,#96,#97,#98,#99,#100,#101,
#102),#141,.F.);
#1850=ADVANCED_FACE('',(#236,#103),#142,.F.);
#1851=ADVANCED_FACE('',(#237),#143,.F.);
#1852=ADVANCED_FACE('',(#238),#144,.F.);
#1853=ADVANCED_FACE('',(#239),#145,.F.);
#1854=ADVANCED_FACE('',(#240),#146,.F.);
#1855=ADVANCED_FACE('',(#241),#147,.F.);
#1856=ADVANCED_FACE('',(#242),#148,.F.);
#1857=ADVANCED_FACE('',(#243,#104),#149,.F.);
#1858=ADVANCED_FACE('',(#244,#105),#150,.F.);
#1859=ADVANCED_FACE('',(#245,#106),#151,.F.);
#1860=ADVANCED_FACE('',(#246,#107),#152,.F.);
#1861=ADVANCED_FACE('',(#247,#108),#153,.F.);
#1862=ADVANCED_FACE('',(#248,#109),#154,.F.);
#1863=ADVANCED_FACE('',(#249,#110),#155,.F.);
#1864=ADVANCED_FACE('',(#250,#111),#156,.F.);
#1865=ADVANCED_FACE('',(#251,#112),#157,.F.);
#1866=ADVANCED_FACE('',(#252,#113),#158,.F.);
#1867=ADVANCED_FACE('',(#253,#114),#159,.F.);
#1868=ADVANCED_FACE('',(#254),#160,.F.);
#1869=ADVANCED_FACE('',(#255),#161,.F.);
#1870=ADVANCED_FACE('',(#256),#162,.F.);
#1871=ADVANCED_FACE('',(#257),#163,.F.);
#1872=ADVANCED_FACE('',(#258),#164,.F.);
#1873=ADVANCED_FACE('',(#259),#165,.F.);
#1874=ADVANCED_FACE('',(#260),#166,.F.);
#1875=ADVANCED_FACE('',(#261),#167,.F.);
#1876=ADVANCED_FACE('',(#262),#168,.F.);
#1877=ADVANCED_FACE('',(#263),#169,.F.);
#1878=ADVANCED_FACE('',(#264),#170,.F.);
#1879=ADVANCED_FACE('',(#265),#171,.F.);
#1880=ADVANCED_FACE('',(#266),#172,.F.);
#1881=ADVANCED_FACE('',(#267),#173,.F.);
#1882=ADVANCED_FACE('',(#268),#174,.F.);
#1883=ADVANCED_FACE('',(#269),#175,.F.);
#1884=ADVANCED_FACE('',(#270),#176,.F.);
#1885=ADVANCED_FACE('',(#271),#177,.F.);
#1886=ADVANCED_FACE('',(#272),#178,.F.);
#1887=ADVANCED_FACE('',(#273),#179,.F.);
#1888=ADVANCED_FACE('',(#274),#180,.F.);
#1889=ADVANCED_FACE('',(#275),#181,.F.);
#1890=ADVANCED_FACE('',(#276),#182,.F.);
#1891=ADVANCED_FACE('',(#277),#183,.F.);
#1892=ADVANCED_FACE('',(#278),#70,.F.);
#1893=ADVANCED_FACE('',(#279),#1798,.T.);
#1894=ADVANCED_FACE('',(#280),#69,.T.);
#1895=ADVANCED_FACE('',(#281),#1799,.T.);
#1896=ADVANCED_FACE('',(#282),#1800,.T.);
#1897=ADVANCED_FACE('',(#283),#67,.T.);
#1898=ADVANCED_FACE('',(#284),#1801,.T.);
#1899=ADVANCED_FACE('',(#285),#68,.T.);
#1900=ADVANCED_FACE('',(#286,#115),#184,.F.);
#1901=ADVANCED_FACE('',(#287,#116),#185,.F.);
#1902=ADVANCED_FACE('',(#288),#186,.F.);
#1903=ADVANCED_FACE('',(#289,#117),#187,.F.);
#1904=CLOSED_SHELL('',(#1802,#1803,#1804,#1805,#1806,#1807,#1808,#1809,
#1810,#1811,#1812,#1813,#1814,#1815,#1816,#1817,#1818,#1819,#1820,#1821,
#1822,#1823,#1824,#1825,#1826,#1827,#1828,#1829,#1830,#1831,#1832,#1833,
#1834,#1835,#1836,#1837,#1838,#1839,#1840,#1841,#1842,#1843,#1844,#1845,
#1846,#1847,#1848,#1849,#1850,#1851,#1852,#1853,#1854,#1855,#1856,#1857,
#1858,#1859,#1860,#1861,#1862,#1863,#1864,#1865,#1866,#1867,#1868,#1869,
#1870,#1871,#1872,#1873,#1874,#1875,#1876,#1877,#1878,#1879,#1880,#1881,
#1882,#1883,#1884,#1885,#1886,#1887,#1888,#1889,#1890,#1891));
#1905=CLOSED_SHELL('',(#1892,#1893,#1894,#1895,#1896,#1897,#1898,#1899,
#1900,#1901,#1902,#1903));
#1906=DERIVED_UNIT_ELEMENT(#1910,1.);
#1907=DERIVED_UNIT_ELEMENT(#3207,-3.);
#1908=DERIVED_UNIT_ELEMENT(#1910,1.);
#1909=DERIVED_UNIT_ELEMENT(#3207,-3.);
#1910=(
MASS_UNIT()
NAMED_UNIT(*)
SI_UNIT(.KILO.,.GRAM.)
);
#1911=DERIVED_UNIT((#1906,#1907));
#1912=DERIVED_UNIT((#1908,#1909));
#1913=MEASURE_REPRESENTATION_ITEM('density measure',
POSITIVE_RATIO_MEASURE(7850.),#1911);
#1914=MEASURE_REPRESENTATION_ITEM('density measure',
POSITIVE_RATIO_MEASURE(7850.),#1912);
#1915=PROPERTY_DEFINITION_REPRESENTATION(#1925,#1919);
#1916=PROPERTY_DEFINITION_REPRESENTATION(#1926,#1920);
#1917=PROPERTY_DEFINITION_REPRESENTATION(#1927,#1921);
#1918=PROPERTY_DEFINITION_REPRESENTATION(#1928,#1922);
#1919=REPRESENTATION('material name',(#1923),#3201);
#1920=REPRESENTATION('density',(#1913),#3201);
#1921=REPRESENTATION('material name',(#1924),#3202);
#1922=REPRESENTATION('density',(#1914),#3202);
#1923=DESCRIPTIVE_REPRESENTATION_ITEM('Steel','Steel');
#1924=DESCRIPTIVE_REPRESENTATION_ITEM('Steel','Steel');
#1925=PROPERTY_DEFINITION('material property','material name',#3240);
#1926=PROPERTY_DEFINITION('material property','density of part',#3240);
#1927=PROPERTY_DEFINITION('material property','material name',#3241);
#1928=PROPERTY_DEFINITION('material property','density of part',#3241);
#1929=AXIS2_PLACEMENT_3D('',#2661,#2111,#2112);
#1930=AXIS2_PLACEMENT_3D('',#2662,#2113,#2114);
#1931=AXIS2_PLACEMENT_3D('',#2663,#2115,#2116);
#1932=AXIS2_PLACEMENT_3D('',#2664,#2117,#2118);
#1933=AXIS2_PLACEMENT_3D('',#2666,#2119,#2120);
#1934=AXIS2_PLACEMENT_3D('',#2669,#2122,#2123);
#1935=AXIS2_PLACEMENT_3D('',#2670,#2124,#2125);
#1936=AXIS2_PLACEMENT_3D('',#2672,#2126,#2127);
#1937=AXIS2_PLACEMENT_3D('',#2675,#2129,#2130);
#1938=AXIS2_PLACEMENT_3D('',#2676,#2131,#2132);
#1939=AXIS2_PLACEMENT_3D('',#2678,#2133,#2134);
#1940=AXIS2_PLACEMENT_3D('',#2681,#2136,#2137);
#1941=AXIS2_PLACEMENT_3D('',#2682,#2138,#2139);
#1942=AXIS2_PLACEMENT_3D('',#2684,#2140,#2141);
#1943=AXIS2_PLACEMENT_3D('',#2687,#2143,#2144);
#1944=AXIS2_PLACEMENT_3D('',#2688,#2145,#2146);
#1945=AXIS2_PLACEMENT_3D('',#2690,#2147,#2148);
#1946=AXIS2_PLACEMENT_3D('',#2693,#2150,#2151);
#1947=AXIS2_PLACEMENT_3D('',#2694,#2152,#2153);
#1948=AXIS2_PLACEMENT_3D('',#2696,#2154,#2155);
#1949=AXIS2_PLACEMENT_3D('',#2699,#2157,#2158);
#1950=AXIS2_PLACEMENT_3D('',#2700,#2159,#2160);
#1951=AXIS2_PLACEMENT_3D('',#2702,#2161,#2162);
#1952=AXIS2_PLACEMENT_3D('',#2705,#2164,#2165);
#1953=AXIS2_PLACEMENT_3D('',#2706,#2166,#2167);
#1954=AXIS2_PLACEMENT_3D('',#2708,#2168,#2169);
#1955=AXIS2_PLACEMENT_3D('',#2711,#2171,#2172);
#1956=AXIS2_PLACEMENT_3D('',#2712,#2173,#2174);
#1957=AXIS2_PLACEMENT_3D('',#2714,#2175,#2176);
#1958=AXIS2_PLACEMENT_3D('',#2717,#2178,#2179);
#1959=AXIS2_PLACEMENT_3D('',#2718,#2180,#2181);
#1960=AXIS2_PLACEMENT_3D('',#2720,#2182,#2183);
#1961=AXIS2_PLACEMENT_3D('',#2723,#2185,#2186);
#1962=AXIS2_PLACEMENT_3D('',#2724,#2187,#2188);
#1963=AXIS2_PLACEMENT_3D('',#2726,#2189,#2190);
#1964=AXIS2_PLACEMENT_3D('',#2729,#2192,#2193);
#1965=AXIS2_PLACEMENT_3D('',#2730,#2194,#2195);
#1966=AXIS2_PLACEMENT_3D('',#2732,#2196,#2197);
#1967=AXIS2_PLACEMENT_3D('',#2735,#2199,#2200);
#1968=AXIS2_PLACEMENT_3D('',#2736,#2201,#2202);
#1969=AXIS2_PLACEMENT_3D('',#2738,#2203,#2204);
#1970=AXIS2_PLACEMENT_3D('',#2741,#2206,#2207);
#1971=AXIS2_PLACEMENT_3D('',#2742,#2208,#2209);
#1972=AXIS2_PLACEMENT_3D('',#2744,#2210,#2211);
#1973=AXIS2_PLACEMENT_3D('',#2747,#2213,#2214);
#1974=AXIS2_PLACEMENT_3D('',#2748,#2215,#2216);
#1975=AXIS2_PLACEMENT_3D('',#2750,#2217,#2218);
#1976=AXIS2_PLACEMENT_3D('',#2753,#2220,#2221);
#1977=AXIS2_PLACEMENT_3D('',#2754,#2222,#2223);
#1978=AXIS2_PLACEMENT_3D('',#2756,#2224,#2225);
#1979=AXIS2_PLACEMENT_3D('',#2759,#2227,#2228);
#1980=AXIS2_PLACEMENT_3D('',#2760,#2229,#2230);
#1981=AXIS2_PLACEMENT_3D('',#2762,#2231,#2232);
#1982=AXIS2_PLACEMENT_3D('',#2765,#2234,#2235);
#1983=AXIS2_PLACEMENT_3D('',#2766,#2236,#2237);
#1984=AXIS2_PLACEMENT_3D('',#2768,#2238,#2239);
#1985=AXIS2_PLACEMENT_3D('',#2771,#2241,#2242);
#1986=AXIS2_PLACEMENT_3D('',#2772,#2243,#2244);
#1987=AXIS2_PLACEMENT_3D('',#2774,#2245,#2246);
#1988=AXIS2_PLACEMENT_3D('',#2777,#2248,#2249);
#1989=AXIS2_PLACEMENT_3D('',#2778,#2250,#2251);
#1990=AXIS2_PLACEMENT_3D('',#2780,#2252,#2253);
#1991=AXIS2_PLACEMENT_3D('',#2783,#2255,#2256);
#1992=AXIS2_PLACEMENT_3D('',#2784,#2257,#2258);
#1993=AXIS2_PLACEMENT_3D('',#2786,#2259,#2260);
#1994=AXIS2_PLACEMENT_3D('',#2789,#2262,#2263);
#1995=AXIS2_PLACEMENT_3D('',#2790,#2264,#2265);
#1996=AXIS2_PLACEMENT_3D('',#2792,#2266,#2267);
#1997=AXIS2_PLACEMENT_3D('',#2795,#2269,#2270);
#1998=AXIS2_PLACEMENT_3D('',#2796,#2271,#2272);
#1999=AXIS2_PLACEMENT_3D('',#2798,#2273,#2274);
#2000=AXIS2_PLACEMENT_3D('',#2801,#2276,#2277);
#2001=AXIS2_PLACEMENT_3D('',#2802,#2278,#2279);
#2002=AXIS2_PLACEMENT_3D('',#2804,#2280,#2281);
#2003=AXIS2_PLACEMENT_3D('',#2807,#2283,#2284);
#2004=AXIS2_PLACEMENT_3D('',#2808,#2285,#2286);
#2005=AXIS2_PLACEMENT_3D('',#2817,#2291,#2292);
#2006=AXIS2_PLACEMENT_3D('',#2826,#2297,#2298);
#2007=AXIS2_PLACEMENT_3D('',#2835,#2303,#2304);
#2008=AXIS2_PLACEMENT_3D('',#2844,#2309,#2310);
#2009=AXIS2_PLACEMENT_3D('',#2853,#2315,#2316);
#2010=AXIS2_PLACEMENT_3D('',#2862,#2321,#2322);
#2011=AXIS2_PLACEMENT_3D('',#2871,#2327,#2328);
#2012=AXIS2_PLACEMENT_3D('',#2880,#2333,#2334);
#2013=AXIS2_PLACEMENT_3D('',#2889,#2339,#2340);
#2014=AXIS2_PLACEMENT_3D('',#2898,#2345,#2346);
#2015=AXIS2_PLACEMENT_3D('',#2904,#2350,#2351);
#2016=AXIS2_PLACEMENT_3D('',#2913,#2356,#2357);
#2017=AXIS2_PLACEMENT_3D('',#2919,#2361,#2362);
#2018=AXIS2_PLACEMENT_3D('',#2925,#2366,#2367);
#2019=AXIS2_PLACEMENT_3D('',#2931,#2371,#2372);
#2020=AXIS2_PLACEMENT_3D('',#2937,#2376,#2377);
#2021=AXIS2_PLACEMENT_3D('',#2940,#2380,#2381);
#2022=AXIS2_PLACEMENT_3D('',#2949,#2386,#2387);
#2023=AXIS2_PLACEMENT_3D('',#2955,#2391,#2392);
#2024=AXIS2_PLACEMENT_3D('',#2961,#2396,#2397);
#2025=AXIS2_PLACEMENT_3D('',#2967,#2401,#2402);
#2026=AXIS2_PLACEMENT_3D('',#2970,#2405,#2406);
#2027=AXIS2_PLACEMENT_3D('',#3021,#2437,#2438);
#2028=AXIS2_PLACEMENT_3D('',#3072,#2469,#2470);
#2029=AXIS2_PLACEMENT_3D('',#3073,#2471,#2472);
#2030=AXIS2_PLACEMENT_3D('',#3075,#2474,#2475);
#2031=AXIS2_PLACEMENT_3D('',#3077,#2477,#2478);
#2032=AXIS2_PLACEMENT_3D('',#3078,#2479,#2480);
#2033=AXIS2_PLACEMENT_3D('',#3080,#2482,#2483);
#2034=AXIS2_PLACEMENT_3D('',#3082,#2485,#2486);
#2035=AXIS2_PLACEMENT_3D('',#3083,#2487,#2488);
#2036=AXIS2_PLACEMENT_3D('',#3084,#2489,#2490);
#2037=AXIS2_PLACEMENT_3D('',#3085,#2491,#2492);
#2038=AXIS2_PLACEMENT_3D('',#3086,#2493,#2494);
#2039=AXIS2_PLACEMENT_3D('',#3087,#2495,#2496);
#2040=AXIS2_PLACEMENT_3D('',#3088,#2497,#2498);
#2041=AXIS2_PLACEMENT_3D('',#3089,#2499,#2500);
#2042=AXIS2_PLACEMENT_3D('',#3090,#2501,#2502);
#2043=AXIS2_PLACEMENT_3D('',#3091,#2503,#2504);
#2044=AXIS2_PLACEMENT_3D('',#3092,#2505,#2506);
#2045=AXIS2_PLACEMENT_3D('',#3093,#2507,#2508);
#2046=AXIS2_PLACEMENT_3D('',#3094,#2509,#2510);
#2047=AXIS2_PLACEMENT_3D('',#3096,#2512,#2513);
#2048=AXIS2_PLACEMENT_3D('',#3098,#2515,#2516);
#2049=AXIS2_PLACEMENT_3D('',#3099,#2517,#2518);
#2050=AXIS2_PLACEMENT_3D('',#3101,#2520,#2521);
#2051=AXIS2_PLACEMENT_3D('',#3103,#2523,#2524);
#2052=AXIS2_PLACEMENT_3D('',#3104,#2525,#2526);
#2053=AXIS2_PLACEMENT_3D('',#3106,#2528,#2529);
#2054=AXIS2_PLACEMENT_3D('',#3108,#2531,#2532);
#2055=AXIS2_PLACEMENT_3D('',#3109,#2533,#2534);
#2056=AXIS2_PLACEMENT_3D('',#3111,#2536,#2537);
#2057=AXIS2_PLACEMENT_3D('',#3113,#2539,#2540);
#2058=AXIS2_PLACEMENT_3D('',#3114,#2541,#2542);
#2059=AXIS2_PLACEMENT_3D('',#3116,#2544,#2545);
#2060=AXIS2_PLACEMENT_3D('',#3118,#2547,#2548);
#2061=AXIS2_PLACEMENT_3D('',#3119,#2549,#2550);
#2062=AXIS2_PLACEMENT_3D('',#3121,#2552,#2553);
#2063=AXIS2_PLACEMENT_3D('',#3123,#2555,#2556);
#2064=AXIS2_PLACEMENT_3D('',#3124,#2557,#2558);
#2065=AXIS2_PLACEMENT_3D('',#3126,#2560,#2561);
#2066=AXIS2_PLACEMENT_3D('',#3128,#2563,#2564);
#2067=AXIS2_PLACEMENT_3D('',#3129,#2565,#2566);
#2068=AXIS2_PLACEMENT_3D('',#3131,#2568,#2569);
#2069=AXIS2_PLACEMENT_3D('',#3133,#2571,#2572);
#2070=AXIS2_PLACEMENT_3D('',#3134,#2573,#2574);
#2071=AXIS2_PLACEMENT_3D('',#3135,#2575,#2576);
#2072=AXIS2_PLACEMENT_3D('',#3137,#2577,#2578);
#2073=AXIS2_PLACEMENT_3D('',#3139,#2579,#2580);
#2074=AXIS2_PLACEMENT_3D('',#3140,#2581,#2582);
#2075=AXIS2_PLACEMENT_3D('',#3141,#2583,#2584);
#2076=AXIS2_PLACEMENT_3D('',#3145,#2586,#2587);
#2077=AXIS2_PLACEMENT_3D('',#3146,#2588,#2589);
#2078=AXIS2_PLACEMENT_3D('',#3147,#2590,#2591);
#2079=AXIS2_PLACEMENT_3D('',#3149,#2592,#2593);
#2080=AXIS2_PLACEMENT_3D('',#3150,#2594,#2595);
#2081=AXIS2_PLACEMENT_3D('',#3152,#2596,#2597);
#2082=AXIS2_PLACEMENT_3D('',#3155,#2599,#2600);
#2083=AXIS2_PLACEMENT_3D('',#3156,#2601,#2602);
#2084=AXIS2_PLACEMENT_3D('',#3158,#2603,#2604);
#2085=AXIS2_PLACEMENT_3D('',#3161,#2606,#2607);
#2086=AXIS2_PLACEMENT_3D('',#3162,#2608,#2609);
#2087=AXIS2_PLACEMENT_3D('',#3164,#2610,#2611);
#2088=AXIS2_PLACEMENT_3D('',#3167,#2613,#2614);
#2089=AXIS2_PLACEMENT_3D('',#3168,#2615,#2616);
#2090=AXIS2_PLACEMENT_3D('',#3171,#2618,#2619);
#2091=AXIS2_PLACEMENT_3D('',#3172,#2620,#2621);
#2092=AXIS2_PLACEMENT_3D('',#3175,#2623,#2624);
#2093=AXIS2_PLACEMENT_3D('',#3176,#2625,#2626);
#2094=AXIS2_PLACEMENT_3D('',#3177,#2627,#2628);
#2095=AXIS2_PLACEMENT_3D('',#3178,#2629,#2630);
#2096=AXIS2_PLACEMENT_3D('',#3179,#2631,#2632);
#2097=AXIS2_PLACEMENT_3D('',#3180,#2633,#2634);
#2098=AXIS2_PLACEMENT_3D('',#3181,#2635,#2636);
#2099=AXIS2_PLACEMENT_3D('',#3182,#2637,#2638);
#2100=AXIS2_PLACEMENT_3D('',#3183,#2639,#2640);
#2101=AXIS2_PLACEMENT_3D('',#3184,#2641,#2642);
#2102=AXIS2_PLACEMENT_3D('',#3185,#2643,#2644);
#2103=AXIS2_PLACEMENT_3D('',#3186,#2645,#2646);
#2104=AXIS2_PLACEMENT_3D('',#3187,#2647,#2648);
#2105=AXIS2_PLACEMENT_3D('',#3188,#2649,#2650);
#2106=AXIS2_PLACEMENT_3D('',#3189,#2651,#2652);
#2107=AXIS2_PLACEMENT_3D('',#3190,#2653,#2654);
#2108=AXIS2_PLACEMENT_3D('',#3191,#2655,#2656);
#2109=AXIS2_PLACEMENT_3D('',#3192,#2657,#2658);
#2110=AXIS2_PLACEMENT_3D('',#3193,#2659,#2660);
#2111=DIRECTION('axis',(0.,0.,1.));
#2112=DIRECTION('refdir',(1.,0.,0.));
#2113=DIRECTION('axis',(0.,0.,1.));
#2114=DIRECTION('refdir',(1.,0.,0.));
#2115=DIRECTION('axis',(0.,0.,1.));
#2116=DIRECTION('refdir',(1.,0.,0.));
#2117=DIRECTION('center_axis',(0.,1.,0.));
#2118=DIRECTION('ref_axis',(0.,0.,1.));
#2119=DIRECTION('center_axis',(0.,1.,0.));
#2120=DIRECTION('ref_axis',(0.,0.,1.));
#2121=DIRECTION('',(0.,1.,0.));
#2122=DIRECTION('center_axis',(0.,1.,0.));
#2123=DIRECTION('ref_axis',(0.,0.,1.));
#2124=DIRECTION('center_axis',(0.,1.,0.));
#2125=DIRECTION('ref_axis',(0.,0.,1.));
#2126=DIRECTION('center_axis',(0.,1.,0.));
#2127=DIRECTION('ref_axis',(0.,0.,1.));
#2128=DIRECTION('',(0.,1.,0.));
#2129=DIRECTION('center_axis',(0.,1.,0.));
#2130=DIRECTION('ref_axis',(0.,0.,1.));
#2131=DIRECTION('center_axis',(0.,1.,0.));
#2132=DIRECTION('ref_axis',(0.,0.,1.));
#2133=DIRECTION('center_axis',(0.,1.,0.));
#2134=DIRECTION('ref_axis',(0.,0.,1.));
#2135=DIRECTION('',(0.,1.,0.));
#2136=DIRECTION('center_axis',(0.,1.,0.));
#2137=DIRECTION('ref_axis',(0.,0.,1.));
#2138=DIRECTION('center_axis',(0.,1.,0.));
#2139=DIRECTION('ref_axis',(0.,0.,1.));
#2140=DIRECTION('center_axis',(0.,1.,0.));
#2141=DIRECTION('ref_axis',(0.,0.,1.));
#2142=DIRECTION('',(0.,1.,0.));
#2143=DIRECTION('center_axis',(0.,1.,0.));
#2144=DIRECTION('ref_axis',(0.,0.,1.));
#2145=DIRECTION('center_axis',(0.,1.,0.));
#2146=DIRECTION('ref_axis',(0.,0.,1.));
#2147=DIRECTION('center_axis',(0.,1.,0.));
#2148=DIRECTION('ref_axis',(0.,0.,1.));
#2149=DIRECTION('',(0.,1.,0.));
#2150=DIRECTION('center_axis',(0.,1.,0.));
#2151=DIRECTION('ref_axis',(0.,0.,1.));
#2152=DIRECTION('center_axis',(0.,1.,0.));
#2153=DIRECTION('ref_axis',(0.,0.,1.));
#2154=DIRECTION('center_axis',(0.,1.,0.));
#2155=DIRECTION('ref_axis',(0.,0.,1.));
#2156=DIRECTION('',(0.,1.,0.));
#2157=DIRECTION('center_axis',(0.,1.,0.));
#2158=DIRECTION('ref_axis',(0.,0.,1.));
#2159=DIRECTION('center_axis',(0.,1.,0.));
#2160=DIRECTION('ref_axis',(0.,0.,1.));
#2161=DIRECTION('center_axis',(0.,1.,0.));
#2162=DIRECTION('ref_axis',(0.,0.,1.));
#2163=DIRECTION('',(0.,1.,0.));
#2164=DIRECTION('center_axis',(0.,1.,0.));
#2165=DIRECTION('ref_axis',(0.,0.,1.));
#2166=DIRECTION('center_axis',(0.,1.,0.));
#2167=DIRECTION('ref_axis',(0.,0.,1.));
#2168=DIRECTION('center_axis',(0.,1.,0.));
#2169=DIRECTION('ref_axis',(0.,0.,1.));
#2170=DIRECTION('',(0.,1.,0.));
#2171=DIRECTION('center_axis',(0.,1.,0.));
#2172=DIRECTION('ref_axis',(0.,0.,1.));
#2173=DIRECTION('center_axis',(0.,1.,0.));
#2174=DIRECTION('ref_axis',(0.,0.,1.));
#2175=DIRECTION('center_axis',(0.,1.,0.));
#2176=DIRECTION('ref_axis',(0.,0.,1.));
#2177=DIRECTION('',(0.,1.,0.));
#2178=DIRECTION('center_axis',(0.,1.,0.));
#2179=DIRECTION('ref_axis',(0.,0.,1.));
#2180=DIRECTION('center_axis',(0.,1.,0.));
#2181=DIRECTION('ref_axis',(0.,0.,1.));
#2182=DIRECTION('center_axis',(0.,1.,0.));
#2183=DIRECTION('ref_axis',(0.,0.,1.));
#2184=DIRECTION('',(0.,1.,0.));
#2185=DIRECTION('center_axis',(0.,1.,0.));
#2186=DIRECTION('ref_axis',(0.,0.,1.));
#2187=DIRECTION('center_axis',(0.,1.,0.));
#2188=DIRECTION('ref_axis',(0.,0.,1.));
#2189=DIRECTION('center_axis',(0.,1.,0.));
#2190=DIRECTION('ref_axis',(0.,0.,1.));
#2191=DIRECTION('',(0.,1.,0.));
#2192=DIRECTION('center_axis',(0.,1.,0.));
#2193=DIRECTION('ref_axis',(0.,0.,1.));
#2194=DIRECTION('center_axis',(0.,1.,0.));
#2195=DIRECTION('ref_axis',(0.,0.,1.));
#2196=DIRECTION('center_axis',(0.,1.,0.));
#2197=DIRECTION('ref_axis',(0.,0.,1.));
#2198=DIRECTION('',(0.,1.,0.));
#2199=DIRECTION('center_axis',(0.,1.,0.));
#2200=DIRECTION('ref_axis',(0.,0.,1.));
#2201=DIRECTION('center_axis',(0.,1.,0.));
#2202=DIRECTION('ref_axis',(0.,0.,1.));
#2203=DIRECTION('center_axis',(0.,1.,0.));
#2204=DIRECTION('ref_axis',(0.,0.,1.));
#2205=DIRECTION('',(0.,1.,0.));
#2206=DIRECTION('center_axis',(0.,1.,0.));
#2207=DIRECTION('ref_axis',(0.,0.,1.));
#2208=DIRECTION('center_axis',(0.,1.,0.));
#2209=DIRECTION('ref_axis',(0.,0.,1.));
#2210=DIRECTION('center_axis',(0.,1.,0.));
#2211=DIRECTION('ref_axis',(0.,0.,1.));
#2212=DIRECTION('',(0.,1.,0.));
#2213=DIRECTION('center_axis',(0.,1.,0.));
#2214=DIRECTION('ref_axis',(0.,0.,1.));
#2215=DIRECTION('center_axis',(0.,1.,0.));
#2216=DIRECTION('ref_axis',(0.,0.,1.));
#2217=DIRECTION('center_axis',(0.,1.,0.));
#2218=DIRECTION('ref_axis',(0.,0.,1.));
#2219=DIRECTION('',(0.,1.,0.));
#2220=DIRECTION('center_axis',(0.,1.,0.));
#2221=DIRECTION('ref_axis',(0.,0.,1.));
#2222=DIRECTION('center_axis',(0.,1.,0.));
#2223=DIRECTION('ref_axis',(0.,0.,1.));
#2224=DIRECTION('center_axis',(0.,1.,0.));
#2225=DIRECTION('ref_axis',(0.,0.,1.));
#2226=DIRECTION('',(0.,1.,0.));
#2227=DIRECTION('center_axis',(0.,1.,0.));
#2228=DIRECTION('ref_axis',(0.,0.,1.));
#2229=DIRECTION('center_axis',(0.,1.,0.));
#2230=DIRECTION('ref_axis',(0.,0.,1.));
#2231=DIRECTION('center_axis',(0.,1.,0.));
#2232=DIRECTION('ref_axis',(0.,0.,1.));
#2233=DIRECTION('',(0.,1.,0.));
#2234=DIRECTION('center_axis',(0.,1.,0.));
#2235=DIRECTION('ref_axis',(0.,0.,1.));
#2236=DIRECTION('center_axis',(0.,1.,0.));
#2237=DIRECTION('ref_axis',(0.,0.,1.));
#2238=DIRECTION('center_axis',(0.,1.,0.));
#2239=DIRECTION('ref_axis',(0.,0.,1.));
#2240=DIRECTION('',(0.,1.,0.));
#2241=DIRECTION('center_axis',(0.,1.,0.));
#2242=DIRECTION('ref_axis',(0.,0.,1.));
#2243=DIRECTION('center_axis',(0.,1.,0.));
#2244=DIRECTION('ref_axis',(0.,0.,1.));
#2245=DIRECTION('center_axis',(0.,1.,0.));
#2246=DIRECTION('ref_axis',(0.,0.,1.));
#2247=DIRECTION('',(0.,1.,0.));
#2248=DIRECTION('center_axis',(0.,1.,0.));
#2249=DIRECTION('ref_axis',(0.,0.,1.));
#2250=DIRECTION('center_axis',(0.,1.,0.));
#2251=DIRECTION('ref_axis',(0.,0.,1.));
#2252=DIRECTION('center_axis',(0.,1.,0.));
#2253=DIRECTION('ref_axis',(0.,0.,1.));
#2254=DIRECTION('',(0.,1.,0.));
#2255=DIRECTION('center_axis',(0.,1.,0.));
#2256=DIRECTION('ref_axis',(0.,0.,1.));
#2257=DIRECTION('center_axis',(0.,1.,0.));
#2258=DIRECTION('ref_axis',(0.,0.,1.));
#2259=DIRECTION('center_axis',(0.,1.,0.));
#2260=DIRECTION('ref_axis',(0.,0.,1.));
#2261=DIRECTION('',(0.,1.,0.));
#2262=DIRECTION('center_axis',(0.,1.,0.));
#2263=DIRECTION('ref_axis',(0.,0.,1.));
#2264=DIRECTION('center_axis',(0.,1.,0.));
#2265=DIRECTION('ref_axis',(0.,0.,1.));
#2266=DIRECTION('center_axis',(0.,1.,0.));
#2267=DIRECTION('ref_axis',(0.,0.,1.));
#2268=DIRECTION('',(0.,1.,0.));
#2269=DIRECTION('center_axis',(0.,1.,0.));
#2270=DIRECTION('ref_axis',(0.,0.,1.));
#2271=DIRECTION('center_axis',(0.,1.,0.));
#2272=DIRECTION('ref_axis',(0.,0.,1.));
#2273=DIRECTION('center_axis',(0.,1.,0.));
#2274=DIRECTION('ref_axis',(0.,0.,1.));
#2275=DIRECTION('',(0.,1.,0.));
#2276=DIRECTION('center_axis',(0.,1.,0.));
#2277=DIRECTION('ref_axis',(0.,0.,1.));
#2278=DIRECTION('center_axis',(0.,1.,0.));
#2279=DIRECTION('ref_axis',(0.,0.,1.));
#2280=DIRECTION('center_axis',(0.,1.,0.));
#2281=DIRECTION('ref_axis',(0.,0.,1.));
#2282=DIRECTION('',(0.,1.,0.));
#2283=DIRECTION('center_axis',(0.,1.,0.));
#2284=DIRECTION('ref_axis',(0.,0.,1.));
#2285=DIRECTION('center_axis',(-6.52207523093996E-16,0.,-1.));
#2286=DIRECTION('ref_axis',(-1.,0.,6.52207523093996E-16));
#2287=DIRECTION('',(0.,1.,0.));
#2288=DIRECTION('',(-1.,0.,6.52207523093996E-16));
#2289=DIRECTION('',(0.,1.,0.));
#2290=DIRECTION('',(-1.,0.,6.52207523093996E-16));
#2291=DIRECTION('center_axis',(0.,0.,1.));
#2292=DIRECTION('ref_axis',(1.,0.,0.));
#2293=DIRECTION('',(0.,1.,0.));
#2294=DIRECTION('',(1.,0.,0.));
#2295=DIRECTION('',(0.,1.,0.));
#2296=DIRECTION('',(1.,0.,0.));
#2297=DIRECTION('center_axis',(-6.52207523093996E-16,0.,-1.));
#2298=DIRECTION('ref_axis',(-1.,0.,6.52207523093996E-16));
#2299=DIRECTION('',(0.,1.,0.));
#2300=DIRECTION('',(-1.,0.,6.52207523093996E-16));
#2301=DIRECTION('',(0.,1.,0.));
#2302=DIRECTION('',(-1.,0.,6.52207523093996E-16));
#2303=DIRECTION('center_axis',(0.,0.,1.));
#2304=DIRECTION('ref_axis',(1.,0.,0.));
#2305=DIRECTION('',(0.,1.,0.));
#2306=DIRECTION('',(1.,0.,0.));
#2307=DIRECTION('',(0.,1.,0.));
#2308=DIRECTION('',(1.,0.,0.));
#2309=DIRECTION('center_axis',(-6.52207523093996E-16,0.,-1.));
#2310=DIRECTION('ref_axis',(-1.,0.,6.52207523093996E-16));
#2311=DIRECTION('',(0.,1.,0.));
#2312=DIRECTION('',(-1.,0.,6.52207523093996E-16));
#2313=DIRECTION('',(0.,1.,0.));
#2314=DIRECTION('',(-1.,0.,6.52207523093996E-16));
#2315=DIRECTION('center_axis',(0.,0.,1.));
#2316=DIRECTION('ref_axis',(1.,0.,0.));
#2317=DIRECTION('',(0.,1.,0.));
#2318=DIRECTION('',(1.,0.,0.));
#2319=DIRECTION('',(0.,1.,0.));
#2320=DIRECTION('',(1.,0.,0.));
#2321=DIRECTION('center_axis',(-6.52207523093996E-16,0.,-1.));
#2322=DIRECTION('ref_axis',(-1.,0.,6.52207523093996E-16));
#2323=DIRECTION('',(0.,1.,0.));
#2324=DIRECTION('',(-1.,0.,6.52207523093996E-16));
#2325=DIRECTION('',(0.,1.,0.));
#2326=DIRECTION('',(-1.,0.,6.52207523093996E-16));
#2327=DIRECTION('center_axis',(0.,0.,1.));
#2328=DIRECTION('ref_axis',(1.,0.,0.));
#2329=DIRECTION('',(0.,1.,0.));
#2330=DIRECTION('',(1.,0.,0.));
#2331=DIRECTION('',(0.,1.,0.));
#2332=DIRECTION('',(1.,0.,0.));
#2333=DIRECTION('center_axis',(-6.52207523093996E-16,0.,-1.));
#2334=DIRECTION('ref_axis',(-1.,0.,6.52207523093996E-16));
#2335=DIRECTION('',(0.,1.,0.));
#2336=DIRECTION('',(-1.,0.,6.52207523093996E-16));
#2337=DIRECTION('',(0.,1.,0.));
#2338=DIRECTION('',(-1.,0.,6.52207523093996E-16));
#2339=DIRECTION('center_axis',(0.,0.,1.));
#2340=DIRECTION('ref_axis',(1.,0.,0.));
#2341=DIRECTION('',(0.,1.,0.));
#2342=DIRECTION('',(1.,0.,0.));
#2343=DIRECTION('',(0.,1.,0.));
#2344=DIRECTION('',(1.,0.,0.));
#2345=DIRECTION('center_axis',(-0.93969262078591,0.,-0.342020143325665));
#2346=DIRECTION('ref_axis',(-0.342020143325666,0.,0.93969262078591));
#2347=DIRECTION('',(-0.342020143325665,0.,0.93969262078591));
#2348=DIRECTION('',(-0.342020143325665,0.,0.93969262078591));
#2349=DIRECTION('',(0.,1.,0.));
#2350=DIRECTION('center_axis',(-6.52207523093996E-16,0.,-1.));
#2351=DIRECTION('ref_axis',(-1.,0.,6.52207523093996E-16));
#2352=DIRECTION('',(0.,1.,0.));
#2353=DIRECTION('',(-1.,0.,6.52207523093996E-16));
#2354=DIRECTION('',(0.,1.,0.));
#2355=DIRECTION('',(-1.,0.,6.52207523093996E-16));
#2356=DIRECTION('center_axis',(0.939692620785915,0.,-0.342020143325652));
#2357=DIRECTION('ref_axis',(-0.342020143325652,0.,-0.939692620785915));
#2358=DIRECTION('',(-0.342020143325652,0.,-0.939692620785915));
#2359=DIRECTION('',(0.,1.,0.));
#2360=DIRECTION('',(-0.342020143325652,0.,-0.939692620785915));
#2361=DIRECTION('center_axis',(0.,0.,-1.));
#2362=DIRECTION('ref_axis',(-1.,0.,0.));
#2363=DIRECTION('',(-1.,0.,0.));
#2364=DIRECTION('',(0.,1.,0.));
#2365=DIRECTION('',(-1.,0.,0.));
#2366=DIRECTION('center_axis',(1.,0.,0.));
#2367=DIRECTION('ref_axis',(0.,0.,-1.));
#2368=DIRECTION('',(0.,0.,-1.));
#2369=DIRECTION('',(0.,1.,0.));
#2370=DIRECTION('',(0.,0.,-1.));
#2371=DIRECTION('center_axis',(0.,0.,1.));
#2372=DIRECTION('ref_axis',(1.,0.,0.));
#2373=DIRECTION('',(1.,0.,0.));
#2374=DIRECTION('',(1.,0.,0.));
#2375=DIRECTION('',(0.,1.,0.));
#2376=DIRECTION('center_axis',(0.93969262078591,0.,0.342020143325664));
#2377=DIRECTION('ref_axis',(0.342020143325664,0.,-0.93969262078591));
#2378=DIRECTION('',(0.342020143325664,0.,-0.93969262078591));
#2379=DIRECTION('',(0.342020143325664,0.,-0.93969262078591));
#2380=DIRECTION('center_axis',(0.,0.,1.));
#2381=DIRECTION('ref_axis',(1.,0.,0.));
#2382=DIRECTION('',(0.,1.,0.));
#2383=DIRECTION('',(1.,0.,0.));
#2384=DIRECTION('',(0.,1.,0.));
#2385=DIRECTION('',(1.,0.,0.));
#2386=DIRECTION('center_axis',(-0.939692620785909,0.,0.342020143325666));
#2387=DIRECTION('ref_axis',(0.342020143325666,0.,0.939692620785909));
#2388=DIRECTION('',(0.342020143325666,0.,0.939692620785909));
#2389=DIRECTION('',(0.,1.,0.));
#2390=DIRECTION('',(0.342020143325666,0.,0.939692620785909));
#2391=DIRECTION('center_axis',(0.,0.,1.));
#2392=DIRECTION('ref_axis',(1.,0.,0.));
#2393=DIRECTION('',(1.,0.,0.));
#2394=DIRECTION('',(0.,1.,0.));
#2395=DIRECTION('',(1.,0.,0.));
#2396=DIRECTION('center_axis',(-1.,0.,-1.26662091694374E-17));
#2397=DIRECTION('ref_axis',(-1.26662091694374E-17,0.,1.));
#2398=DIRECTION('',(-1.26662091694374E-17,0.,1.));
#2399=DIRECTION('',(0.,1.,0.));
#2400=DIRECTION('',(-1.26662091694374E-17,0.,1.));
#2401=DIRECTION('center_axis',(0.,0.,-1.));
#2402=DIRECTION('ref_axis',(-1.,0.,0.));
#2403=DIRECTION('',(-1.,0.,0.));
#2404=DIRECTION('',(-1.,0.,0.));
#2405=DIRECTION('center_axis',(0.,-1.,0.));
#2406=DIRECTION('ref_axis',(0.,0.,-1.));
#2407=DIRECTION('',(0.342020143325666,0.,0.939692620785909));
#2408=DIRECTION('',(1.,0.,-5.42119382771921E-15));
#2409=DIRECTION('',(0.342020143325663,0.,-0.93969262078591));
#2410=DIRECTION('',(-0.342020143325669,0.,-0.939692620785908));
#2411=DIRECTION('',(-1.,0.,0.));
#2412=DIRECTION('',(-0.342020143325672,0.,0.939692620785907));
#2413=DIRECTION('',(-0.342020143325669,0.,-0.939692620785908));
#2414=DIRECTION('',(-1.,0.,0.));
#2415=DIRECTION('',(-0.342020143325672,0.,0.939692620785907));
#2416=DIRECTION('',(-0.342020143325669,0.,-0.939692620785908));
#2417=DIRECTION('',(-1.,0.,0.));
#2418=DIRECTION('',(-0.342020143325672,0.,0.939692620785907));
#2419=DIRECTION('',(-0.342020143325669,0.,-0.939692620785908));
#2420=DIRECTION('',(-1.,0.,0.));
#2421=DIRECTION('',(-0.342020143325672,0.,0.939692620785907));
#2422=DIRECTION('',(-0.342020143325669,0.,-0.939692620785908));
#2423=DIRECTION('',(-1.,0.,0.));
#2424=DIRECTION('',(-0.342020143325672,0.,0.939692620785907));
#2425=DIRECTION('',(0.342020143325666,0.,0.939692620785909));
#2426=DIRECTION('',(1.,0.,-5.42119382771921E-15));
#2427=DIRECTION('',(0.342020143325663,0.,-0.93969262078591));
#2428=DIRECTION('',(0.342020143325666,0.,0.939692620785909));
#2429=DIRECTION('',(1.,0.,-5.42119382771921E-15));
#2430=DIRECTION('',(0.342020143325663,0.,-0.93969262078591));
#2431=DIRECTION('',(0.342020143325666,0.,0.939692620785909));
#2432=DIRECTION('',(1.,0.,-5.42119382771921E-15));
#2433=DIRECTION('',(0.342020143325663,0.,-0.93969262078591));
#2434=DIRECTION('',(0.342020143325666,0.,0.939692620785909));
#2435=DIRECTION('',(1.,0.,-5.42119382771921E-15));
#2436=DIRECTION('',(0.342020143325663,0.,-0.93969262078591));
#2437=DIRECTION('center_axis',(0.,-1.,0.));
#2438=DIRECTION('ref_axis',(0.,0.,-1.));
#2439=DIRECTION('',(1.,0.,-5.42119382771921E-15));
#2440=DIRECTION('',(0.342020143325666,0.,0.939692620785909));
#2441=DIRECTION('',(0.342020143325663,0.,-0.93969262078591));
#2442=DIRECTION('',(1.,0.,-5.42119382771921E-15));
#2443=DIRECTION('',(0.342020143325666,0.,0.939692620785909));
#2444=DIRECTION('',(0.342020143325663,0.,-0.93969262078591));
#2445=DIRECTION('',(1.,0.,-5.42119382771921E-15));
#2446=DIRECTION('',(0.342020143325666,0.,0.939692620785909));
#2447=DIRECTION('',(0.342020143325663,0.,-0.93969262078591));
#2448=DIRECTION('',(1.,0.,-5.42119382771921E-15));
#2449=DIRECTION('',(0.342020143325666,0.,0.939692620785909));
#2450=DIRECTION('',(0.342020143325663,0.,-0.93969262078591));
#2451=DIRECTION('',(1.,0.,-5.42119382771921E-15));
#2452=DIRECTION('',(0.342020143325666,0.,0.939692620785909));
#2453=DIRECTION('',(-0.342020143325672,0.,0.939692620785907));
#2454=DIRECTION('',(-1.,0.,0.));
#2455=DIRECTION('',(-0.342020143325669,0.,-0.939692620785908));
#2456=DIRECTION('',(-0.342020143325672,0.,0.939692620785907));
#2457=DIRECTION('',(-1.,0.,0.));
#2458=DIRECTION('',(-0.342020143325669,0.,-0.939692620785908));
#2459=DIRECTION('',(-0.342020143325672,0.,0.939692620785907));
#2460=DIRECTION('',(-1.,0.,0.));
#2461=DIRECTION('',(-0.342020143325669,0.,-0.939692620785908));
#2462=DIRECTION('',(-0.342020143325672,0.,0.939692620785907));
#2463=DIRECTION('',(-1.,0.,0.));
#2464=DIRECTION('',(-0.342020143325669,0.,-0.939692620785908));
#2465=DIRECTION('',(-0.342020143325672,0.,0.939692620785907));
#2466=DIRECTION('',(-1.,0.,0.));
#2467=DIRECTION('',(-0.342020143325669,0.,-0.939692620785908));
#2468=DIRECTION('',(0.342020143325663,0.,-0.93969262078591));
#2469=DIRECTION('center_axis',(0.,-1.,0.));
#2470=DIRECTION('ref_axis',(0.,0.,-1.));
#2471=DIRECTION('center_axis',(0.939692620785908,0.,-0.34202014332567));
#2472=DIRECTION('ref_axis',(-0.34202014332567,0.,-0.939692620785908));
#2473=DIRECTION('',(0.,1.,0.));
#2474=DIRECTION('center_axis',(-0.939692620785907,0.,-0.342020143325672));
#2475=DIRECTION('ref_axis',(-0.342020143325672,0.,0.939692620785907));
#2476=DIRECTION('',(0.,1.,0.));
#2477=DIRECTION('center_axis',(0.,0.,-1.));
#2478=DIRECTION('ref_axis',(-1.,0.,0.));
#2479=DIRECTION('center_axis',(-0.939692620785909,0.,0.342020143325667));
#2480=DIRECTION('ref_axis',(0.342020143325667,0.,0.939692620785909));
#2481=DIRECTION('',(0.,1.,0.));
#2482=DIRECTION('center_axis',(0.93969262078591,0.,0.342020143325663));
#2483=DIRECTION('ref_axis',(0.342020143325663,0.,-0.93969262078591));
#2484=DIRECTION('',(0.,1.,0.));
#2485=DIRECTION('center_axis',(5.42119382771921E-15,0.,1.));
#2486=DIRECTION('ref_axis',(1.,0.,-5.42119382771921E-15));
#2487=DIRECTION('center_axis',(0.,-1.,0.));
#2488=DIRECTION('ref_axis',(0.,0.,-1.));
#2489=DIRECTION('center_axis',(0.,-1.,0.));
#2490=DIRECTION('ref_axis',(0.,0.,-1.));
#2491=DIRECTION('center_axis',(0.,-1.,0.));
#2492=DIRECTION('ref_axis',(0.,0.,-1.));
#2493=DIRECTION('center_axis',(0.,-1.,0.));
#2494=DIRECTION('ref_axis',(0.,0.,-1.));
#2495=DIRECTION('center_axis',(0.,-1.,0.));
#2496=DIRECTION('ref_axis',(0.,0.,-1.));
#2497=DIRECTION('center_axis',(0.,-1.,0.));
#2498=DIRECTION('ref_axis',(0.,0.,-1.));
#2499=DIRECTION('center_axis',(0.,-1.,0.));
#2500=DIRECTION('ref_axis',(0.,0.,-1.));
#2501=DIRECTION('center_axis',(0.,-1.,0.));
#2502=DIRECTION('ref_axis',(0.,0.,-1.));
#2503=DIRECTION('center_axis',(0.,-1.,0.));
#2504=DIRECTION('ref_axis',(0.,0.,-1.));
#2505=DIRECTION('center_axis',(0.,-1.,0.));
#2506=DIRECTION('ref_axis',(0.,0.,-1.));
#2507=DIRECTION('center_axis',(0.,-1.,0.));
#2508=DIRECTION('ref_axis',(0.,0.,-1.));
#2509=DIRECTION('center_axis',(0.939692620785908,0.,-0.34202014332567));
#2510=DIRECTION('ref_axis',(-0.34202014332567,0.,-0.939692620785908));
#2511=DIRECTION('',(0.,1.,0.));
#2512=DIRECTION('center_axis',(-0.939692620785907,0.,-0.342020143325672));
#2513=DIRECTION('ref_axis',(-0.342020143325672,0.,0.939692620785907));
#2514=DIRECTION('',(0.,1.,0.));
#2515=DIRECTION('center_axis',(0.,0.,-1.));
#2516=DIRECTION('ref_axis',(-1.,0.,0.));
#2517=DIRECTION('center_axis',(-0.939692620785909,0.,0.342020143325667));
#2518=DIRECTION('ref_axis',(0.342020143325667,0.,0.939692620785909));
#2519=DIRECTION('',(0.,1.,0.));
#2520=DIRECTION('center_axis',(0.93969262078591,0.,0.342020143325663));
#2521=DIRECTION('ref_axis',(0.342020143325663,0.,-0.93969262078591));
#2522=DIRECTION('',(0.,1.,0.));
#2523=DIRECTION('center_axis',(5.42119382771921E-15,0.,1.));
#2524=DIRECTION('ref_axis',(1.,0.,-5.42119382771921E-15));
#2525=DIRECTION('center_axis',(0.939692620785908,0.,-0.34202014332567));
#2526=DIRECTION('ref_axis',(-0.34202014332567,0.,-0.939692620785908));
#2527=DIRECTION('',(0.,1.,0.));
#2528=DIRECTION('center_axis',(-0.939692620785907,0.,-0.342020143325672));
#2529=DIRECTION('ref_axis',(-0.342020143325672,0.,0.939692620785907));
#2530=DIRECTION('',(0.,1.,0.));
#2531=DIRECTION('center_axis',(0.,0.,-1.));
#2532=DIRECTION('ref_axis',(-1.,0.,0.));
#2533=DIRECTION('center_axis',(-0.939692620785909,0.,0.342020143325667));
#2534=DIRECTION('ref_axis',(0.342020143325667,0.,0.939692620785909));
#2535=DIRECTION('',(0.,1.,0.));
#2536=DIRECTION('center_axis',(0.93969262078591,0.,0.342020143325663));
#2537=DIRECTION('ref_axis',(0.342020143325663,0.,-0.93969262078591));
#2538=DIRECTION('',(0.,1.,0.));
#2539=DIRECTION('center_axis',(5.42119382771921E-15,0.,1.));
#2540=DIRECTION('ref_axis',(1.,0.,-5.42119382771921E-15));
#2541=DIRECTION('center_axis',(0.939692620785908,0.,-0.34202014332567));
#2542=DIRECTION('ref_axis',(-0.34202014332567,0.,-0.939692620785908));
#2543=DIRECTION('',(0.,1.,0.));
#2544=DIRECTION('center_axis',(-0.939692620785907,0.,-0.342020143325672));
#2545=DIRECTION('ref_axis',(-0.342020143325672,0.,0.939692620785907));
#2546=DIRECTION('',(0.,1.,0.));
#2547=DIRECTION('center_axis',(0.,0.,-1.));
#2548=DIRECTION('ref_axis',(-1.,0.,0.));
#2549=DIRECTION('center_axis',(-0.939692620785909,0.,0.342020143325667));
#2550=DIRECTION('ref_axis',(0.342020143325667,0.,0.939692620785909));
#2551=DIRECTION('',(0.,1.,0.));
#2552=DIRECTION('center_axis',(0.93969262078591,0.,0.342020143325663));
#2553=DIRECTION('ref_axis',(0.342020143325663,0.,-0.93969262078591));
#2554=DIRECTION('',(0.,1.,0.));
#2555=DIRECTION('center_axis',(5.42119382771921E-15,0.,1.));
#2556=DIRECTION('ref_axis',(1.,0.,-5.42119382771921E-15));
#2557=DIRECTION('center_axis',(0.939692620785908,0.,-0.34202014332567));
#2558=DIRECTION('ref_axis',(-0.34202014332567,0.,-0.939692620785908));
#2559=DIRECTION('',(0.,1.,0.));
#2560=DIRECTION('center_axis',(-0.939692620785907,0.,-0.342020143325672));
#2561=DIRECTION('ref_axis',(-0.342020143325672,0.,0.939692620785907));
#2562=DIRECTION('',(0.,1.,0.));
#2563=DIRECTION('center_axis',(0.,0.,-1.));
#2564=DIRECTION('ref_axis',(-1.,0.,0.));
#2565=DIRECTION('center_axis',(-0.939692620785909,0.,0.342020143325667));
#2566=DIRECTION('ref_axis',(0.342020143325667,0.,0.939692620785909));
#2567=DIRECTION('',(0.,1.,0.));
#2568=DIRECTION('center_axis',(0.93969262078591,0.,0.342020143325663));
#2569=DIRECTION('ref_axis',(0.342020143325663,0.,-0.93969262078591));
#2570=DIRECTION('',(0.,1.,0.));
#2571=DIRECTION('center_axis',(5.42119382771921E-15,0.,1.));
#2572=DIRECTION('ref_axis',(1.,0.,-5.42119382771921E-15));
#2573=DIRECTION('axis',(0.,0.,1.));
#2574=DIRECTION('refdir',(1.,0.,0.));
#2575=DIRECTION('center_axis',(-1.,0.,0.));
#2576=DIRECTION('ref_axis',(0.,0.,1.));
#2577=DIRECTION('center_axis',(-1.,0.,0.));
#2578=DIRECTION('ref_axis',(0.,0.,1.));
#2579=DIRECTION('center_axis',(0.,1.,-1.22464679914735E-16));
#2580=DIRECTION('ref_axis',(0.,-1.22464679914735E-16,-1.));
#2581=DIRECTION('center_axis',(-1.,0.,0.));
#2582=DIRECTION('ref_axis',(0.,0.,1.));
#2583=DIRECTION('center_axis',(-1.,0.,0.));
#2584=DIRECTION('ref_axis',(0.,0.,1.));
#2585=DIRECTION('',(1.,0.,0.));
#2586=DIRECTION('center_axis',(-1.,0.,0.));
#2587=DIRECTION('ref_axis',(0.,0.,1.));
#2588=DIRECTION('center_axis',(-1.,0.,0.));
#2589=DIRECTION('ref_axis',(0.,0.,1.));
#2590=DIRECTION('center_axis',(1.,-6.12323399573578E-17,0.));
#2591=DIRECTION('ref_axis',(0.,-1.,0.));
#2592=DIRECTION('center_axis',(0.,-1.22464679914735E-16,1.));
#2593=DIRECTION('ref_axis',(0.,1.,1.22464679914735E-16));
#2594=DIRECTION('center_axis',(-1.,0.,0.));
#2595=DIRECTION('ref_axis',(0.,0.,1.));
#2596=DIRECTION('center_axis',(-1.,0.,0.));
#2597=DIRECTION('ref_axis',(0.,0.,1.));
#2598=DIRECTION('',(1.,0.,0.));
#2599=DIRECTION('center_axis',(-1.,0.,0.));
#2600=DIRECTION('ref_axis',(0.,0.,1.));
#2601=DIRECTION('center_axis',(-1.,0.,0.));
#2602=DIRECTION('ref_axis',(0.,0.,1.));
#2603=DIRECTION('center_axis',(-1.,0.,0.));
#2604=DIRECTION('ref_axis',(0.,0.,1.));
#2605=DIRECTION('',(1.,0.,0.));
#2606=DIRECTION('center_axis',(-1.,0.,0.));
#2607=DIRECTION('ref_axis',(0.,0.,1.));
#2608=DIRECTION('center_axis',(-1.,0.,0.));
#2609=DIRECTION('ref_axis',(0.,0.,1.));
#2610=DIRECTION('center_axis',(-1.,0.,0.));
#2611=DIRECTION('ref_axis',(0.,0.,1.));
#2612=DIRECTION('',(0.9659258262891,3.1696191514303E-17,0.258819045102401));
#2613=DIRECTION('center_axis',(-1.,0.,0.));
#2614=DIRECTION('ref_axis',(0.,0.,1.));
#2615=DIRECTION('center_axis',(-1.,0.,0.));
#2616=DIRECTION('ref_axis',(0.,0.,1.));
#2617=DIRECTION('',(1.,0.,0.));
#2618=DIRECTION('center_axis',(-1.,0.,0.));
#2619=DIRECTION('ref_axis',(0.,0.,1.));
#2620=DIRECTION('center_axis',(-1.,0.,0.));
#2621=DIRECTION('ref_axis',(0.,0.,1.));
#2622=DIRECTION('',(0.707106781186499,8.65956056235552E-17,0.707106781186596));
#2623=DIRECTION('center_axis',(-1.,0.,0.));
#2624=DIRECTION('ref_axis',(0.,0.,1.));
#2625=DIRECTION('center_axis',(1.,0.,0.));
#2626=DIRECTION('ref_axis',(0.,0.,-1.));
#2627=DIRECTION('center_axis',(-1.,0.,0.));
#2628=DIRECTION('ref_axis',(0.,0.,1.));
#2629=DIRECTION('center_axis',(1.,0.,0.));
#2630=DIRECTION('ref_axis',(0.,0.,-1.));
#2631=DIRECTION('center_axis',(-1.,0.,0.));
#2632=DIRECTION('ref_axis',(0.,0.,1.));
#2633=DIRECTION('',(-1.39639051419739E-32,-1.23259516440783E-32,1.));
#2634=DIRECTION('',(-4.93038065763132E-32,-1.,-4.81482486096809E-35));
#2635=DIRECTION('',(-1.39639051419739E-32,-1.23259516440783E-32,1.));
#2636=DIRECTION('',(-4.93038065763132E-32,-1.,-4.81482486096809E-35));
#2637=DIRECTION('',(-1.39639051419739E-32,-1.23259516440783E-32,1.));
#2638=DIRECTION('',(-4.93038065763132E-32,-1.,-4.81482486096809E-35));
#2639=DIRECTION('',(-1.39639051419739E-32,-1.23259516440783E-32,1.));
#2640=DIRECTION('',(-4.93038065763132E-32,-1.,-4.81482486096809E-35));
#2641=DIRECTION('',(-1.39639051419739E-32,-1.23259516440783E-32,1.));
#2642=DIRECTION('',(1.,0.,-1.24891923905352E-32));
#2643=DIRECTION('',(-1.39639051419739E-32,-1.23259516440783E-32,1.));
#2644=DIRECTION('',(-4.93038065763132E-32,-1.,-4.81482486096809E-35));
#2645=DIRECTION('',(-1.39639051419739E-32,-1.23259516440783E-32,1.));
#2646=DIRECTION('',(-4.93038065763132E-32,-1.,-4.81482486096809E-35));
#2647=DIRECTION('',(-1.39639051419739E-32,-1.23259516440783E-32,1.));
#2648=DIRECTION('',(-4.93038065763132E-32,-1.,-4.81482486096809E-35));
#2649=DIRECTION('',(-1.39639051419739E-32,-1.23259516440783E-32,1.));
#2650=DIRECTION('',(-4.93038065763132E-32,-1.,-4.81482486096809E-35));
#2651=DIRECTION('',(-1.39639051419739E-32,-1.23259516440783E-32,1.));
#2652=DIRECTION('',(-4.93038065763132E-32,-1.,-4.81482486096809E-35));
#2653=DIRECTION('',(-1.39639051419739E-32,-1.23259516440783E-32,1.));
#2654=DIRECTION('',(-4.93038065763132E-32,-1.,-4.81482486096809E-35));
#2655=DIRECTION('',(-1.39639051419739E-32,-1.23259516440783E-32,1.));
#2656=DIRECTION('',(-4.93038065763132E-32,-1.,-4.81482486096809E-35));
#2657=DIRECTION('',(-1.39639051419739E-32,-1.23259516440783E-32,1.));
#2658=DIRECTION('',(-4.93038065763132E-32,-1.,-4.81482486096809E-35));
#2659=DIRECTION('',(-1.,-1.52655665885959E-16,1.08041277112583E-16));
#2660=DIRECTION('',(-8.32667268468867E-17,-1.,-3.84748475018191E-16));
#2661=CARTESIAN_POINT('',(0.,0.,0.));
#2662=CARTESIAN_POINT('',(0.,0.,0.));
#2663=CARTESIAN_POINT('',(0.,0.,0.));
#2664=CARTESIAN_POINT('Origin',(0.537967468810307,0.,-0.15));
#2665=CARTESIAN_POINT('',(0.537967468810307,-0.0352,-0.187400000000001));
#2666=CARTESIAN_POINT('Origin',(0.537967468810307,-0.0352,-0.15));
#2667=CARTESIAN_POINT('',(0.537967468810307,1.22464679914726E-20,-0.187400000000001));
#2668=CARTESIAN_POINT('',(0.537967468810307,0.,-0.187400000000001));
#2669=CARTESIAN_POINT('Origin',(0.537967468810307,1.22464679914726E-20,
-0.15));
#2670=CARTESIAN_POINT('Origin',(0.537967468810307,0.,-0.15));
#2671=CARTESIAN_POINT('',(0.537967468810307,-0.11,-0.178740000000001));
#2672=CARTESIAN_POINT('Origin',(0.537967468810307,-0.11,-0.15));
#2673=CARTESIAN_POINT('',(0.537967468810307,-0.0352,-0.178740000000001));
#2674=CARTESIAN_POINT('',(0.537967468810307,0.,-0.178740000000001));
#2675=CARTESIAN_POINT('Origin',(0.537967468810307,-0.0352,-0.15));
#2676=CARTESIAN_POINT('Origin',(0.437967468810307,0.,-0.15));
#2677=CARTESIAN_POINT('',(0.437967468810307,-0.0352,-0.187400000000001));
#2678=CARTESIAN_POINT('Origin',(0.437967468810307,-0.0352,-0.15));
#2679=CARTESIAN_POINT('',(0.437967468810307,1.22464679914726E-20,-0.187400000000001));
#2680=CARTESIAN_POINT('',(0.437967468810307,0.,-0.187400000000001));
#2681=CARTESIAN_POINT('Origin',(0.437967468810307,1.22464679914726E-20,
-0.15));
#2682=CARTESIAN_POINT('Origin',(0.437967468810307,0.,-0.15));
#2683=CARTESIAN_POINT('',(0.437967468810307,-0.11,-0.178740000000001));
#2684=CARTESIAN_POINT('Origin',(0.437967468810307,-0.11,-0.15));
#2685=CARTESIAN_POINT('',(0.437967468810307,-0.0352,-0.178740000000001));
#2686=CARTESIAN_POINT('',(0.437967468810307,0.,-0.178740000000001));
#2687=CARTESIAN_POINT('Origin',(0.437967468810307,-0.0352,-0.15));
#2688=CARTESIAN_POINT('Origin',(0.337967468810307,0.,-0.15));
#2689=CARTESIAN_POINT('',(0.337967468810307,-0.0352,-0.187400000000001));
#2690=CARTESIAN_POINT('Origin',(0.337967468810307,-0.0352,-0.15));
#2691=CARTESIAN_POINT('',(0.337967468810307,1.22464679914726E-20,-0.187400000000001));
#2692=CARTESIAN_POINT('',(0.337967468810307,0.,-0.187400000000001));
#2693=CARTESIAN_POINT('Origin',(0.337967468810307,1.22464679914726E-20,
-0.15));
#2694=CARTESIAN_POINT('Origin',(0.337967468810307,0.,-0.15));
#2695=CARTESIAN_POINT('',(0.337967468810307,-0.11,-0.178740000000001));
#2696=CARTESIAN_POINT('Origin',(0.337967468810307,-0.11,-0.15));
#2697=CARTESIAN_POINT('',(0.337967468810307,-0.0352,-0.178740000000001));
#2698=CARTESIAN_POINT('',(0.337967468810307,0.,-0.178740000000001));
#2699=CARTESIAN_POINT('Origin',(0.337967468810307,-0.0352,-0.15));
#2700=CARTESIAN_POINT('Origin',(0.237967468810307,0.,-0.15));
#2701=CARTESIAN_POINT('',(0.237967468810307,-0.0352,-0.187400000000001));
#2702=CARTESIAN_POINT('Origin',(0.237967468810307,-0.0352,-0.15));
#2703=CARTESIAN_POINT('',(0.237967468810307,1.22464679914726E-20,-0.187400000000001));
#2704=CARTESIAN_POINT('',(0.237967468810307,0.,-0.187400000000001));
#2705=CARTESIAN_POINT('Origin',(0.237967468810307,1.22464679914726E-20,
-0.15));
#2706=CARTESIAN_POINT('Origin',(0.237967468810307,0.,-0.15));
#2707=CARTESIAN_POINT('',(0.237967468810307,-0.11,-0.178740000000001));
#2708=CARTESIAN_POINT('Origin',(0.237967468810307,-0.11,-0.15));
#2709=CARTESIAN_POINT('',(0.237967468810307,-0.0352,-0.178740000000001));
#2710=CARTESIAN_POINT('',(0.237967468810307,0.,-0.178740000000001));
#2711=CARTESIAN_POINT('Origin',(0.237967468810307,-0.0352,-0.15));
#2712=CARTESIAN_POINT('Origin',(0.137967468810307,0.,-0.15));
#2713=CARTESIAN_POINT('',(0.137967468810307,-0.0352,-0.187400000000001));
#2714=CARTESIAN_POINT('Origin',(0.137967468810307,-0.0352,-0.15));
#2715=CARTESIAN_POINT('',(0.137967468810307,1.22464679914726E-20,-0.187400000000001));
#2716=CARTESIAN_POINT('',(0.137967468810307,0.,-0.187400000000001));
#2717=CARTESIAN_POINT('Origin',(0.137967468810307,1.22464679914726E-20,
-0.15));
#2718=CARTESIAN_POINT('Origin',(0.137967468810307,0.,-0.15));
#2719=CARTESIAN_POINT('',(0.137967468810307,-0.11,-0.178740000000001));
#2720=CARTESIAN_POINT('Origin',(0.137967468810307,-0.11,-0.15));
#2721=CARTESIAN_POINT('',(0.137967468810307,-0.0352,-0.178740000000001));
#2722=CARTESIAN_POINT('',(0.137967468810307,0.,-0.178740000000001));
#2723=CARTESIAN_POINT('Origin',(0.137967468810307,-0.0352,-0.15));
#2724=CARTESIAN_POINT('Origin',(0.0379674688103072,0.,-0.15));
#2725=CARTESIAN_POINT('',(0.0379674688103072,-0.0352,-0.187400000000001));
#2726=CARTESIAN_POINT('Origin',(0.0379674688103072,-0.0352,-0.15));
#2727=CARTESIAN_POINT('',(0.0379674688103072,1.22464679914726E-20,-0.187400000000001));
#2728=CARTESIAN_POINT('',(0.0379674688103072,0.,-0.187400000000001));
#2729=CARTESIAN_POINT('Origin',(0.0379674688103072,1.22464679914726E-20,
-0.15));
#2730=CARTESIAN_POINT('Origin',(0.0379674688103072,0.,-0.15));
#2731=CARTESIAN_POINT('',(0.0379674688103072,-0.11,-0.178740000000001));
#2732=CARTESIAN_POINT('Origin',(0.0379674688103072,-0.11,-0.15));
#2733=CARTESIAN_POINT('',(0.0379674688103072,-0.0352,-0.178740000000001));
#2734=CARTESIAN_POINT('',(0.0379674688103072,0.,-0.178740000000001));
#2735=CARTESIAN_POINT('Origin',(0.0379674688103072,-0.0352,-0.15));
#2736=CARTESIAN_POINT('Origin',(0.537967468810307,0.,-0.05));
#2737=CARTESIAN_POINT('',(0.537967468810307,-0.0352,-0.0874000000000005));
#2738=CARTESIAN_POINT('Origin',(0.537967468810307,-0.0352,-0.05));
#2739=CARTESIAN_POINT('',(0.537967468810307,1.22464679914726E-20,-0.0874000000000005));
#2740=CARTESIAN_POINT('',(0.537967468810307,0.,-0.0874000000000005));
#2741=CARTESIAN_POINT('Origin',(0.537967468810307,1.22464679914726E-20,
-0.05));
#2742=CARTESIAN_POINT('Origin',(0.537967468810307,0.,-0.05));
#2743=CARTESIAN_POINT('',(0.537967468810307,-0.11,-0.0787400000000005));
#2744=CARTESIAN_POINT('Origin',(0.537967468810307,-0.11,-0.05));
#2745=CARTESIAN_POINT('',(0.537967468810307,-0.0352,-0.0787400000000005));
#2746=CARTESIAN_POINT('',(0.537967468810307,0.,-0.0787400000000005));
#2747=CARTESIAN_POINT('Origin',(0.537967468810307,-0.0352,-0.05));
#2748=CARTESIAN_POINT('Origin',(0.437967468810307,0.,-0.05));
#2749=CARTESIAN_POINT('',(0.437967468810307,-0.0352,-0.0874000000000005));
#2750=CARTESIAN_POINT('Origin',(0.437967468810307,-0.0352,-0.05));
#2751=CARTESIAN_POINT('',(0.437967468810307,1.22464679914726E-20,-0.0874000000000005));
#2752=CARTESIAN_POINT('',(0.437967468810307,0.,-0.0874000000000005));
#2753=CARTESIAN_POINT('Origin',(0.437967468810307,1.22464679914726E-20,
-0.05));
#2754=CARTESIAN_POINT('Origin',(0.437967468810307,0.,-0.05));
#2755=CARTESIAN_POINT('',(0.437967468810307,-0.11,-0.0787400000000005));
#2756=CARTESIAN_POINT('Origin',(0.437967468810307,-0.11,-0.05));
#2757=CARTESIAN_POINT('',(0.437967468810307,-0.0352,-0.0787400000000005));
#2758=CARTESIAN_POINT('',(0.437967468810307,0.,-0.0787400000000005));
#2759=CARTESIAN_POINT('Origin',(0.437967468810307,-0.0352,-0.05));
#2760=CARTESIAN_POINT('Origin',(0.337967468810307,0.,-0.05));
#2761=CARTESIAN_POINT('',(0.337967468810307,-0.0352,-0.0874000000000005));
#2762=CARTESIAN_POINT('Origin',(0.337967468810307,-0.0352,-0.05));
#2763=CARTESIAN_POINT('',(0.337967468810307,1.22464679914726E-20,-0.0874000000000005));
#2764=CARTESIAN_POINT('',(0.337967468810307,0.,-0.0874000000000005));
#2765=CARTESIAN_POINT('Origin',(0.337967468810307,1.22464679914726E-20,
-0.05));
#2766=CARTESIAN_POINT('Origin',(0.337967468810307,0.,-0.05));
#2767=CARTESIAN_POINT('',(0.337967468810307,-0.11,-0.0787400000000005));
#2768=CARTESIAN_POINT('Origin',(0.337967468810307,-0.11,-0.05));
#2769=CARTESIAN_POINT('',(0.337967468810307,-0.0352,-0.0787400000000005));
#2770=CARTESIAN_POINT('',(0.337967468810307,0.,-0.0787400000000005));
#2771=CARTESIAN_POINT('Origin',(0.337967468810307,-0.0352,-0.05));
#2772=CARTESIAN_POINT('Origin',(0.237967468810307,0.,-0.05));
#2773=CARTESIAN_POINT('',(0.237967468810307,-0.0352,-0.0874000000000005));
#2774=CARTESIAN_POINT('Origin',(0.237967468810307,-0.0352,-0.05));
#2775=CARTESIAN_POINT('',(0.237967468810307,1.22464679914726E-20,-0.0874000000000005));
#2776=CARTESIAN_POINT('',(0.237967468810307,0.,-0.0874000000000005));
#2777=CARTESIAN_POINT('Origin',(0.237967468810307,1.22464679914726E-20,
-0.05));
#2778=CARTESIAN_POINT('Origin',(0.237967468810307,0.,-0.05));
#2779=CARTESIAN_POINT('',(0.237967468810307,-0.11,-0.0787400000000005));
#2780=CARTESIAN_POINT('Origin',(0.237967468810307,-0.11,-0.05));
#2781=CARTESIAN_POINT('',(0.237967468810307,-0.0352,-0.0787400000000005));
#2782=CARTESIAN_POINT('',(0.237967468810307,0.,-0.0787400000000005));
#2783=CARTESIAN_POINT('Origin',(0.237967468810307,-0.0352,-0.05));
#2784=CARTESIAN_POINT('Origin',(0.137967468810307,0.,-0.05));
#2785=CARTESIAN_POINT('',(0.137967468810307,-0.0352,-0.0874000000000005));
#2786=CARTESIAN_POINT('Origin',(0.137967468810307,-0.0352,-0.05));
#2787=CARTESIAN_POINT('',(0.137967468810307,1.22464679914726E-20,-0.0874000000000005));
#2788=CARTESIAN_POINT('',(0.137967468810307,0.,-0.0874000000000005));
#2789=CARTESIAN_POINT('Origin',(0.137967468810307,1.22464679914726E-20,
-0.05));
#2790=CARTESIAN_POINT('Origin',(0.137967468810307,0.,-0.05));
#2791=CARTESIAN_POINT('',(0.137967468810307,-0.11,-0.0787400000000005));
#2792=CARTESIAN_POINT('Origin',(0.137967468810307,-0.11,-0.05));
#2793=CARTESIAN_POINT('',(0.137967468810307,-0.0352,-0.0787400000000005));
#2794=CARTESIAN_POINT('',(0.137967468810307,0.,-0.0787400000000005));
#2795=CARTESIAN_POINT('Origin',(0.137967468810307,-0.0352,-0.05));
#2796=CARTESIAN_POINT('Origin',(0.0379674688103072,0.,-0.05));
#2797=CARTESIAN_POINT('',(0.0379674688103072,-0.0352,-0.0874000000000005));
#2798=CARTESIAN_POINT('Origin',(0.0379674688103072,-0.0352,-0.05));
#2799=CARTESIAN_POINT('',(0.0379674688103072,1.22464679914726E-20,-0.0874000000000005));
#2800=CARTESIAN_POINT('',(0.0379674688103072,0.,-0.0874000000000005));
#2801=CARTESIAN_POINT('Origin',(0.0379674688103072,1.22464679914726E-20,
-0.05));
#2802=CARTESIAN_POINT('Origin',(0.0379674688103072,0.,-0.05));
#2803=CARTESIAN_POINT('',(0.0379674688103072,-0.11,-0.0787400000000005));
#2804=CARTESIAN_POINT('Origin',(0.0379674688103072,-0.11,-0.05));
#2805=CARTESIAN_POINT('',(0.0379674688103072,-0.0352,-0.0787400000000005));
#2806=CARTESIAN_POINT('',(0.0379674688103072,0.,-0.0787400000000005));
#2807=CARTESIAN_POINT('Origin',(0.0379674688103072,-0.0352,-0.05));
#2808=CARTESIAN_POINT('Origin',(0.575934937620615,-0.11,-0.2));
#2809=CARTESIAN_POINT('',(0.475935937620615,-0.11,-0.2));
#2810=CARTESIAN_POINT('',(0.475935937620615,0.,-0.2));
#2811=CARTESIAN_POINT('',(0.475935937620615,-0.11,-0.2));
#2812=CARTESIAN_POINT('',(0.399999,-0.11,-0.2));
#2813=CARTESIAN_POINT('',(0.575934937620615,-0.11,-0.2));
#2814=CARTESIAN_POINT('',(0.399999,0.,-0.2));
#2815=CARTESIAN_POINT('',(0.399999,-0.11,-0.2));
#2816=CARTESIAN_POINT('',(0.575934937620615,0.,-0.2));
#2817=CARTESIAN_POINT('Origin',(0.,-0.11,0.));
#2818=CARTESIAN_POINT('',(0.499999,-0.11,0.));
#2819=CARTESIAN_POINT('',(0.499999,0.,0.));
#2820=CARTESIAN_POINT('',(0.499999,-0.11,0.));
#2821=CARTESIAN_POINT('',(0.575934937620615,-0.11,0.));
#2822=CARTESIAN_POINT('',(0.,-0.11,0.));
#2823=CARTESIAN_POINT('',(0.575934937620615,0.,0.));
#2824=CARTESIAN_POINT('',(0.575934937620615,-0.11,0.));
#2825=CARTESIAN_POINT('',(0.,0.,0.));
#2826=CARTESIAN_POINT('Origin',(0.575934937620615,-0.11,-0.2));
#2827=CARTESIAN_POINT('',(0.375935937620615,-0.11,-0.2));
#2828=CARTESIAN_POINT('',(0.375935937620615,0.,-0.2));
#2829=CARTESIAN_POINT('',(0.375935937620615,-0.11,-0.2));
#2830=CARTESIAN_POINT('',(0.299999,-0.11,-0.2));
#2831=CARTESIAN_POINT('',(0.575934937620615,-0.11,-0.2));
#2832=CARTESIAN_POINT('',(0.299999,0.,-0.2));
#2833=CARTESIAN_POINT('',(0.299999,-0.11,-0.2));
#2834=CARTESIAN_POINT('',(0.575934937620615,0.,-0.2));
#2835=CARTESIAN_POINT('Origin',(0.,-0.11,0.));
#2836=CARTESIAN_POINT('',(0.475935937620615,-0.11,-9.47800169481907E-34));
#2837=CARTESIAN_POINT('',(0.475935937620615,0.,-9.47800169481907E-34));
#2838=CARTESIAN_POINT('',(0.475935937620615,-0.11,-9.47800169481907E-34));
#2839=CARTESIAN_POINT('',(0.399999,0.,0.));
#2840=CARTESIAN_POINT('',(0.,0.,0.));
#2841=CARTESIAN_POINT('',(0.399999,-0.11,0.));
#2842=CARTESIAN_POINT('',(0.399999,-0.11,0.));
#2843=CARTESIAN_POINT('',(0.,-0.11,0.));
#2844=CARTESIAN_POINT('Origin',(0.575934937620615,-0.11,-0.2));
#2845=CARTESIAN_POINT('',(0.275935937620615,-0.11,-0.2));
#2846=CARTESIAN_POINT('',(0.275935937620615,0.,-0.2));
#2847=CARTESIAN_POINT('',(0.275935937620615,-0.11,-0.2));
#2848=CARTESIAN_POINT('',(0.199999,-0.11,-0.2));
#2849=CARTESIAN_POINT('',(0.575934937620615,-0.11,-0.2));
#2850=CARTESIAN_POINT('',(0.199999,0.,-0.2));
#2851=CARTESIAN_POINT('',(0.199999,-0.11,-0.2));
#2852=CARTESIAN_POINT('',(0.575934937620615,0.,-0.2));
#2853=CARTESIAN_POINT('Origin',(0.,-0.11,0.));
#2854=CARTESIAN_POINT('',(0.375935937620615,-0.11,-9.47800169481907E-34));
#2855=CARTESIAN_POINT('',(0.375935937620615,0.,-9.47800169481907E-34));
#2856=CARTESIAN_POINT('',(0.375935937620615,-0.11,-9.47800169481907E-34));
#2857=CARTESIAN_POINT('',(0.299999,0.,0.));
#2858=CARTESIAN_POINT('',(0.,0.,0.));
#2859=CARTESIAN_POINT('',(0.299999,-0.11,0.));
#2860=CARTESIAN_POINT('',(0.299999,-0.11,0.));
#2861=CARTESIAN_POINT('',(0.,-0.11,0.));
#2862=CARTESIAN_POINT('Origin',(0.575934937620615,-0.11,-0.2));
#2863=CARTESIAN_POINT('',(0.175935937620615,-0.11,-0.2));
#2864=CARTESIAN_POINT('',(0.175935937620615,0.,-0.2));
#2865=CARTESIAN_POINT('',(0.175935937620615,-0.11,-0.2));
#2866=CARTESIAN_POINT('',(0.0999990000000001,-0.11,-0.2));
#2867=CARTESIAN_POINT('',(0.575934937620615,-0.11,-0.2));
#2868=CARTESIAN_POINT('',(0.0999990000000001,0.,-0.2));
#2869=CARTESIAN_POINT('',(0.0999990000000001,-0.11,-0.2));
#2870=CARTESIAN_POINT('',(0.575934937620615,0.,-0.2));
#2871=CARTESIAN_POINT('Origin',(0.,-0.11,0.));
#2872=CARTESIAN_POINT('',(0.275935937620615,-0.11,-9.47800169481907E-34));
#2873=CARTESIAN_POINT('',(0.275935937620615,0.,-9.47800169481907E-34));
#2874=CARTESIAN_POINT('',(0.275935937620615,-0.11,-9.47800169481907E-34));
#2875=CARTESIAN_POINT('',(0.199999,0.,0.));
#2876=CARTESIAN_POINT('',(0.,0.,0.));
#2877=CARTESIAN_POINT('',(0.199999,-0.11,0.));
#2878=CARTESIAN_POINT('',(0.199999,-0.11,0.));
#2879=CARTESIAN_POINT('',(0.,-0.11,0.));
#2880=CARTESIAN_POINT('Origin',(0.575934937620615,-0.11,-0.2));
#2881=CARTESIAN_POINT('',(0.0759359376206146,-0.11,-0.2));
#2882=CARTESIAN_POINT('',(0.0759359376206146,0.,-0.2));
#2883=CARTESIAN_POINT('',(0.0759359376206146,-0.11,-0.2));
#2884=CARTESIAN_POINT('',(2.23955320176512E-16,-0.11,-0.2));
#2885=CARTESIAN_POINT('',(0.575934937620615,-0.11,-0.2));
#2886=CARTESIAN_POINT('',(2.23955320176512E-16,0.,-0.2));
#2887=CARTESIAN_POINT('',(2.23955320176512E-16,-0.11,-0.2));
#2888=CARTESIAN_POINT('',(0.575934937620615,0.,-0.2));
#2889=CARTESIAN_POINT('Origin',(0.,-0.11,0.));
#2890=CARTESIAN_POINT('',(0.175935937620615,-0.11,-9.47800169481907E-34));
#2891=CARTESIAN_POINT('',(0.175935937620615,0.,-9.47800169481907E-34));
#2892=CARTESIAN_POINT('',(0.175935937620615,-0.11,-9.47800169481907E-34));
#2893=CARTESIAN_POINT('',(0.0999990000000001,0.,0.));
#2894=CARTESIAN_POINT('',(0.,0.,0.));
#2895=CARTESIAN_POINT('',(0.0999990000000001,-0.11,0.));
#2896=CARTESIAN_POINT('',(0.0999990000000001,-0.11,0.));
#2897=CARTESIAN_POINT('',(0.,-0.11,0.));
#2898=CARTESIAN_POINT('Origin',(2.23955320176512E-16,-0.11,-0.2));
#2899=CARTESIAN_POINT('',(-0.00573253118969239,0.,-0.18425));
#2900=CARTESIAN_POINT('',(2.23955320176512E-16,0.,-0.2));
#2901=CARTESIAN_POINT('',(-0.00573253118969239,-0.11,-0.18425));
#2902=CARTESIAN_POINT('',(2.23955320176512E-16,-0.11,-0.2));
#2903=CARTESIAN_POINT('',(-0.00573253118969239,-0.11,-0.18425));
#2904=CARTESIAN_POINT('Origin',(0.575934937620615,-0.11,-0.2));
#2905=CARTESIAN_POINT('',(0.499999,-0.11,-0.2));
#2906=CARTESIAN_POINT('',(0.499999,0.,-0.2));
#2907=CARTESIAN_POINT('',(0.499999,-0.11,-0.2));
#2908=CARTESIAN_POINT('',(0.575934937620615,0.,-0.2));
#2909=CARTESIAN_POINT('',(0.575934937620615,0.,-0.2));
#2910=CARTESIAN_POINT('',(0.575934937620615,-0.11,-0.2));
#2911=CARTESIAN_POINT('',(0.575934937620615,-0.11,-0.2));
#2912=CARTESIAN_POINT('',(0.575934937620615,-0.11,-0.2));
#2913=CARTESIAN_POINT('Origin',(0.575934937620615,-0.11,-0.2));
#2914=CARTESIAN_POINT('',(0.581667468810307,0.,-0.18425));
#2915=CARTESIAN_POINT('',(0.575934937620615,0.,-0.2));
#2916=CARTESIAN_POINT('',(0.581667468810307,-0.11,-0.18425));
#2917=CARTESIAN_POINT('',(0.581667468810307,-0.11,-0.18425));
#2918=CARTESIAN_POINT('',(0.575934937620615,-0.11,-0.2));
#2919=CARTESIAN_POINT('Origin',(0.587967468810307,-0.11,-0.18425));
#2920=CARTESIAN_POINT('',(0.587967468810307,0.,-0.18425));
#2921=CARTESIAN_POINT('',(0.587967468810307,0.,-0.18425));
#2922=CARTESIAN_POINT('',(0.587967468810307,-0.11,-0.18425));
#2923=CARTESIAN_POINT('',(0.587967468810307,-0.11,-0.18425));
#2924=CARTESIAN_POINT('',(0.587967468810307,-0.11,-0.18425));
#2925=CARTESIAN_POINT('Origin',(0.587967468810307,-0.11,-0.18425));
#2926=CARTESIAN_POINT('',(0.587967468810307,0.,-0.01575));
#2927=CARTESIAN_POINT('',(0.587967468810307,0.,-0.18425));
#2928=CARTESIAN_POINT('',(0.587967468810307,-0.11,-0.01575));
#2929=CARTESIAN_POINT('',(0.587967468810307,-0.11,-0.01575));
#2930=CARTESIAN_POINT('',(0.587967468810307,-0.11,-0.18425));
#2931=CARTESIAN_POINT('Origin',(0.587967468810307,-0.11,-0.01575));
#2932=CARTESIAN_POINT('',(0.581667468810307,-0.11,-0.01575));
#2933=CARTESIAN_POINT('',(0.587967468810307,-0.11,-0.01575));
#2934=CARTESIAN_POINT('',(0.581667468810307,0.,-0.01575));
#2935=CARTESIAN_POINT('',(0.587967468810307,0.,-0.01575));
#2936=CARTESIAN_POINT('',(0.581667468810307,-0.11,-0.01575));
#2937=CARTESIAN_POINT('Origin',(0.575934937620615,-0.11,0.));
#2938=CARTESIAN_POINT('',(0.575934937620615,0.,0.));
#2939=CARTESIAN_POINT('',(0.575934937620615,-0.11,0.));
#2940=CARTESIAN_POINT('Origin',(0.,-0.11,0.));
#2941=CARTESIAN_POINT('',(0.0759359376206146,-0.11,-9.47800169481907E-34));
#2942=CARTESIAN_POINT('',(0.0759359376206146,0.,-9.47800169481907E-34));
#2943=CARTESIAN_POINT('',(0.0759359376206146,-0.11,-9.47800169481907E-34));
#2944=CARTESIAN_POINT('',(0.,0.,0.));
#2945=CARTESIAN_POINT('',(0.,0.,0.));
#2946=CARTESIAN_POINT('',(0.,-0.11,0.));
#2947=CARTESIAN_POINT('',(0.,-0.11,0.));
#2948=CARTESIAN_POINT('',(0.,-0.11,0.));
#2949=CARTESIAN_POINT('Origin',(0.,-0.11,0.));
#2950=CARTESIAN_POINT('',(-0.00573253118969264,0.,-0.01575));
#2951=CARTESIAN_POINT('',(0.,0.,0.));
#2952=CARTESIAN_POINT('',(-0.00573253118969264,-0.11,-0.01575));
#2953=CARTESIAN_POINT('',(-0.00573253118969264,-0.11,-0.01575));
#2954=CARTESIAN_POINT('',(0.,-0.11,0.));
#2955=CARTESIAN_POINT('Origin',(-0.0120325311896926,-0.11,-0.01575));
#2956=CARTESIAN_POINT('',(-0.0120325311896926,0.,-0.01575));
#2957=CARTESIAN_POINT('',(-0.0120325311896926,0.,-0.01575));
#2958=CARTESIAN_POINT('',(-0.0120325311896926,-0.11,-0.01575));
#2959=CARTESIAN_POINT('',(-0.0120325311896926,-0.11,-0.01575));
#2960=CARTESIAN_POINT('',(-0.0120325311896926,-0.11,-0.01575));
#2961=CARTESIAN_POINT('Origin',(-0.0120325311896926,-0.11,-0.18425));
#2962=CARTESIAN_POINT('',(-0.0120325311896926,0.,-0.18425));
#2963=CARTESIAN_POINT('',(-0.0120325311896926,0.,-0.18425));
#2964=CARTESIAN_POINT('',(-0.0120325311896926,-0.11,-0.18425));
#2965=CARTESIAN_POINT('',(-0.0120325311896926,-0.11,-0.18425));
#2966=CARTESIAN_POINT('',(-0.0120325311896926,-0.11,-0.18425));
#2967=CARTESIAN_POINT('Origin',(-0.0120325311896926,-0.11,-0.18425));
#2968=CARTESIAN_POINT('',(-0.0120325311896926,0.,-0.18425));
#2969=CARTESIAN_POINT('',(-0.0120325311896926,-0.11,-0.18425));
#2970=CARTESIAN_POINT('Origin',(-0.0670615156635464,-0.11,-0.01575));
#2971=CARTESIAN_POINT('',(0.481668468810307,-0.11,-0.18425));
#2972=CARTESIAN_POINT('',(0.481668468810307,-0.11,-0.18425));
#2973=CARTESIAN_POINT('',(0.494266468810307,-0.11,-0.18425));
#2974=CARTESIAN_POINT('',(0.481668468810307,-0.11,-0.18425));
#2975=CARTESIAN_POINT('',(0.494266468810307,-0.11,-0.18425));
#2976=CARTESIAN_POINT('',(0.494266468810307,-0.11,-0.01575));
#2977=CARTESIAN_POINT('',(0.494266468810307,-0.11,-0.01575));
#2978=CARTESIAN_POINT('',(0.481668468810307,-0.11,-0.01575));
#2979=CARTESIAN_POINT('',(0.481668468810307,-0.11,-0.01575));
#2980=CARTESIAN_POINT('',(0.481668468810307,-0.11,-0.01575));
#2981=CARTESIAN_POINT('',(0.394266468810307,-0.11,-0.01575));
#2982=CARTESIAN_POINT('',(0.394266468810307,-0.11,-0.01575));
#2983=CARTESIAN_POINT('',(0.381668468810307,-0.11,-0.01575));
#2984=CARTESIAN_POINT('',(0.381668468810307,-0.11,-0.01575));
#2985=CARTESIAN_POINT('',(0.381668468810307,-0.11,-0.01575));
#2986=CARTESIAN_POINT('',(0.294266468810307,-0.11,-0.01575));
#2987=CARTESIAN_POINT('',(0.294266468810307,-0.11,-0.01575));
#2988=CARTESIAN_POINT('',(0.281668468810307,-0.11,-0.01575));
#2989=CARTESIAN_POINT('',(0.281668468810307,-0.11,-0.01575));
#2990=CARTESIAN_POINT('',(0.281668468810307,-0.11,-0.01575));
#2991=CARTESIAN_POINT('',(0.194266468810307,-0.11,-0.01575));
#2992=CARTESIAN_POINT('',(0.194266468810307,-0.11,-0.01575));
#2993=CARTESIAN_POINT('',(0.181668468810307,-0.11,-0.01575));
#2994=CARTESIAN_POINT('',(0.181668468810307,-0.11,-0.01575));
#2995=CARTESIAN_POINT('',(0.181668468810307,-0.11,-0.01575));
#2996=CARTESIAN_POINT('',(0.0942664688103074,-0.11,-0.01575));
#2997=CARTESIAN_POINT('',(0.0942664688103074,-0.11,-0.01575));
#2998=CARTESIAN_POINT('',(0.0816684688103074,-0.11,-0.01575));
#2999=CARTESIAN_POINT('',(0.0816684688103074,-0.11,-0.01575));
#3000=CARTESIAN_POINT('',(0.0816684688103074,-0.11,-0.01575));
#3001=CARTESIAN_POINT('',(0.0816684688103074,-0.11,-0.18425));
#3002=CARTESIAN_POINT('',(0.0816684688103074,-0.11,-0.18425));
#3003=CARTESIAN_POINT('',(0.0942664688103074,-0.11,-0.18425));
#3004=CARTESIAN_POINT('',(0.0816684688103074,-0.11,-0.18425));
#3005=CARTESIAN_POINT('',(0.0942664688103074,-0.11,-0.18425));
#3006=CARTESIAN_POINT('',(0.181668468810307,-0.11,-0.18425));
#3007=CARTESIAN_POINT('',(0.181668468810307,-0.11,-0.18425));
#3008=CARTESIAN_POINT('',(0.194266468810307,-0.11,-0.18425));
#3009=CARTESIAN_POINT('',(0.181668468810307,-0.11,-0.18425));
#3010=CARTESIAN_POINT('',(0.194266468810307,-0.11,-0.18425));
#3011=CARTESIAN_POINT('',(0.281668468810307,-0.11,-0.18425));
#3012=CARTESIAN_POINT('',(0.281668468810307,-0.11,-0.18425));
#3013=CARTESIAN_POINT('',(0.294266468810307,-0.11,-0.18425));
#3014=CARTESIAN_POINT('',(0.281668468810307,-0.11,-0.18425));
#3015=CARTESIAN_POINT('',(0.294266468810307,-0.11,-0.18425));
#3016=CARTESIAN_POINT('',(0.381668468810307,-0.11,-0.18425));
#3017=CARTESIAN_POINT('',(0.381668468810307,-0.11,-0.18425));
#3018=CARTESIAN_POINT('',(0.394266468810307,-0.11,-0.18425));
#3019=CARTESIAN_POINT('',(0.381668468810307,-0.11,-0.18425));
#3020=CARTESIAN_POINT('',(0.394266468810307,-0.11,-0.18425));
#3021=CARTESIAN_POINT('Origin',(-0.0670615156635464,0.,-0.01575));
#3022=CARTESIAN_POINT('',(0.481668468810307,0.,-0.18425));
#3023=CARTESIAN_POINT('',(0.494266468810307,0.,-0.18425));
#3024=CARTESIAN_POINT('',(0.481668468810307,0.,-0.18425));
#3025=CARTESIAN_POINT('',(0.481668468810307,0.,-0.18425));
#3026=CARTESIAN_POINT('',(0.394266468810307,0.,-0.18425));
#3027=CARTESIAN_POINT('',(0.394266468810307,0.,-0.18425));
#3028=CARTESIAN_POINT('',(0.381668468810307,0.,-0.18425));
#3029=CARTESIAN_POINT('',(0.381668468810307,0.,-0.18425));
#3030=CARTESIAN_POINT('',(0.381668468810307,0.,-0.18425));
#3031=CARTESIAN_POINT('',(0.294266468810307,0.,-0.18425));
#3032=CARTESIAN_POINT('',(0.294266468810307,0.,-0.18425));
#3033=CARTESIAN_POINT('',(0.281668468810307,0.,-0.18425));
#3034=CARTESIAN_POINT('',(0.281668468810307,0.,-0.18425));
#3035=CARTESIAN_POINT('',(0.281668468810307,0.,-0.18425));
#3036=CARTESIAN_POINT('',(0.194266468810307,0.,-0.18425));
#3037=CARTESIAN_POINT('',(0.194266468810307,0.,-0.18425));
#3038=CARTESIAN_POINT('',(0.181668468810307,0.,-0.18425));
#3039=CARTESIAN_POINT('',(0.181668468810307,0.,-0.18425));
#3040=CARTESIAN_POINT('',(0.181668468810307,0.,-0.18425));
#3041=CARTESIAN_POINT('',(0.0942664688103074,0.,-0.18425));
#3042=CARTESIAN_POINT('',(0.0942664688103074,0.,-0.18425));
#3043=CARTESIAN_POINT('',(0.0816684688103074,0.,-0.18425));
#3044=CARTESIAN_POINT('',(0.0816684688103074,0.,-0.18425));
#3045=CARTESIAN_POINT('',(0.0816684688103074,0.,-0.18425));
#3046=CARTESIAN_POINT('',(0.0816684688103074,0.,-0.01575));
#3047=CARTESIAN_POINT('',(0.0816684688103074,0.,-0.01575));
#3048=CARTESIAN_POINT('',(0.0942664688103074,0.,-0.01575));
#3049=CARTESIAN_POINT('',(0.0816684688103074,0.,-0.01575));
#3050=CARTESIAN_POINT('',(0.0942664688103074,0.,-0.01575));
#3051=CARTESIAN_POINT('',(0.181668468810307,0.,-0.01575));
#3052=CARTESIAN_POINT('',(0.181668468810307,0.,-0.01575));
#3053=CARTESIAN_POINT('',(0.194266468810307,0.,-0.01575));
#3054=CARTESIAN_POINT('',(0.181668468810307,0.,-0.01575));
#3055=CARTESIAN_POINT('',(0.194266468810307,0.,-0.01575));
#3056=CARTESIAN_POINT('',(0.281668468810307,0.,-0.01575));
#3057=CARTESIAN_POINT('',(0.281668468810307,0.,-0.01575));
#3058=CARTESIAN_POINT('',(0.294266468810307,0.,-0.01575));
#3059=CARTESIAN_POINT('',(0.281668468810307,0.,-0.01575));
#3060=CARTESIAN_POINT('',(0.294266468810307,0.,-0.01575));
#3061=CARTESIAN_POINT('',(0.381668468810307,0.,-0.01575));
#3062=CARTESIAN_POINT('',(0.381668468810307,0.,-0.01575));
#3063=CARTESIAN_POINT('',(0.394266468810307,0.,-0.01575));
#3064=CARTESIAN_POINT('',(0.381668468810307,0.,-0.01575));
#3065=CARTESIAN_POINT('',(0.394266468810307,0.,-0.01575));
#3066=CARTESIAN_POINT('',(0.481668468810307,0.,-0.01575));
#3067=CARTESIAN_POINT('',(0.481668468810307,0.,-0.01575));
#3068=CARTESIAN_POINT('',(0.494266468810307,0.,-0.01575));
#3069=CARTESIAN_POINT('',(0.481668468810307,0.,-0.01575));
#3070=CARTESIAN_POINT('',(0.494266468810307,0.,-0.01575));
#3071=CARTESIAN_POINT('',(0.494266468810307,0.,-0.18425));
#3072=CARTESIAN_POINT('Origin',(0.0667074688103077,-0.0352,-0.05));
#3073=CARTESIAN_POINT('Origin',(0.0942664688103074,-0.11,-0.01575));
#3074=CARTESIAN_POINT('',(0.0942664688103074,-0.11,-0.01575));
#3075=CARTESIAN_POINT('Origin',(0.0816684688103074,-0.11,-0.01575));
#3076=CARTESIAN_POINT('',(0.0816684688103074,-0.11,-0.01575));
#3077=CARTESIAN_POINT('Origin',(0.0816684688103074,-0.11,-0.01575));
#3078=CARTESIAN_POINT('Origin',(0.0816684688103074,-0.11,-0.18425));
#3079=CARTESIAN_POINT('',(0.0816684688103074,-0.11,-0.18425));
#3080=CARTESIAN_POINT('Origin',(0.0942664688103074,-0.11,-0.18425));
#3081=CARTESIAN_POINT('',(0.0942664688103074,-0.11,-0.18425));
#3082=CARTESIAN_POINT('Origin',(0.0816684688103074,-0.11,-0.18425));
#3083=CARTESIAN_POINT('Origin',(0.166707468810308,-0.0352,-0.05));
#3084=CARTESIAN_POINT('Origin',(0.266707468810308,-0.0352,-0.05));
#3085=CARTESIAN_POINT('Origin',(0.366707468810308,-0.0352,-0.05));
#3086=CARTESIAN_POINT('Origin',(0.466707468810308,-0.0352,-0.05));
#3087=CARTESIAN_POINT('Origin',(0.566707468810308,-0.0352,-0.05));
#3088=CARTESIAN_POINT('Origin',(0.0667074688103077,-0.0352,-0.15));
#3089=CARTESIAN_POINT('Origin',(0.166707468810308,-0.0352,-0.15));
#3090=CARTESIAN_POINT('Origin',(0.266707468810308,-0.0352,-0.15));
#3091=CARTESIAN_POINT('Origin',(0.366707468810308,-0.0352,-0.15));
#3092=CARTESIAN_POINT('Origin',(0.466707468810308,-0.0352,-0.15));
#3093=CARTESIAN_POINT('Origin',(0.566707468810308,-0.0352,-0.15));
#3094=CARTESIAN_POINT('Origin',(0.194266468810307,-0.11,-0.01575));
#3095=CARTESIAN_POINT('',(0.194266468810307,-0.11,-0.01575));
#3096=CARTESIAN_POINT('Origin',(0.181668468810307,-0.11,-0.01575));
#3097=CARTESIAN_POINT('',(0.181668468810307,-0.11,-0.01575));
#3098=CARTESIAN_POINT('Origin',(0.181668468810307,-0.11,-0.01575));
#3099=CARTESIAN_POINT('Origin',(0.181668468810307,-0.11,-0.18425));
#3100=CARTESIAN_POINT('',(0.181668468810307,-0.11,-0.18425));
#3101=CARTESIAN_POINT('Origin',(0.194266468810307,-0.11,-0.18425));
#3102=CARTESIAN_POINT('',(0.194266468810307,-0.11,-0.18425));
#3103=CARTESIAN_POINT('Origin',(0.181668468810307,-0.11,-0.18425));
#3104=CARTESIAN_POINT('Origin',(0.294266468810307,-0.11,-0.01575));
#3105=CARTESIAN_POINT('',(0.294266468810307,-0.11,-0.01575));
#3106=CARTESIAN_POINT('Origin',(0.281668468810307,-0.11,-0.01575));
#3107=CARTESIAN_POINT('',(0.281668468810307,-0.11,-0.01575));
#3108=CARTESIAN_POINT('Origin',(0.281668468810307,-0.11,-0.01575));
#3109=CARTESIAN_POINT('Origin',(0.281668468810307,-0.11,-0.18425));
#3110=CARTESIAN_POINT('',(0.281668468810307,-0.11,-0.18425));
#3111=CARTESIAN_POINT('Origin',(0.294266468810307,-0.11,-0.18425));
#3112=CARTESIAN_POINT('',(0.294266468810307,-0.11,-0.18425));
#3113=CARTESIAN_POINT('Origin',(0.281668468810307,-0.11,-0.18425));
#3114=CARTESIAN_POINT('Origin',(0.394266468810307,-0.11,-0.01575));
#3115=CARTESIAN_POINT('',(0.394266468810307,-0.11,-0.01575));
#3116=CARTESIAN_POINT('Origin',(0.381668468810307,-0.11,-0.01575));
#3117=CARTESIAN_POINT('',(0.381668468810307,-0.11,-0.01575));
#3118=CARTESIAN_POINT('Origin',(0.381668468810307,-0.11,-0.01575));
#3119=CARTESIAN_POINT('Origin',(0.381668468810307,-0.11,-0.18425));
#3120=CARTESIAN_POINT('',(0.381668468810307,-0.11,-0.18425));
#3121=CARTESIAN_POINT('Origin',(0.394266468810307,-0.11,-0.18425));
#3122=CARTESIAN_POINT('',(0.394266468810307,-0.11,-0.18425));
#3123=CARTESIAN_POINT('Origin',(0.381668468810307,-0.11,-0.18425));
#3124=CARTESIAN_POINT('Origin',(0.494266468810307,-0.11,-0.01575));
#3125=CARTESIAN_POINT('',(0.494266468810307,-0.11,-0.01575));
#3126=CARTESIAN_POINT('Origin',(0.481668468810307,-0.11,-0.01575));
#3127=CARTESIAN_POINT('',(0.481668468810307,-0.11,-0.01575));
#3128=CARTESIAN_POINT('Origin',(0.481668468810307,-0.11,-0.01575));
#3129=CARTESIAN_POINT('Origin',(0.481668468810307,-0.11,-0.18425));
#3130=CARTESIAN_POINT('',(0.481668468810307,-0.11,-0.18425));
#3131=CARTESIAN_POINT('Origin',(0.494266468810307,-0.11,-0.18425));
#3132=CARTESIAN_POINT('',(0.494266468810307,-0.11,-0.18425));
#3133=CARTESIAN_POINT('Origin',(0.481668468810307,-0.11,-0.18425));
#3134=CARTESIAN_POINT('',(0.,0.,0.));
#3135=CARTESIAN_POINT('Origin',(0.171999999999999,0.,0.));
#3136=CARTESIAN_POINT('',(0.165,-2.08189955855028E-18,-0.0169999999999982));
#3137=CARTESIAN_POINT('Origin',(0.165,0.,0.));
#3138=CARTESIAN_POINT('',(0.171999999999999,-1.22464679914727E-18,-0.00999999999999935));
#3139=CARTESIAN_POINT('Origin',(0.171999999999999,-2.08189955855028E-18,
-0.0169999999999982));
#3140=CARTESIAN_POINT('Origin',(0.171999999999999,0.,0.));
#3141=CARTESIAN_POINT('Origin',(0.,0.,0.));
#3142=CARTESIAN_POINT('',(0.28,-1.22464679914726E-18,-0.00999999999999921));
#3143=CARTESIAN_POINT('',(0.,-1.22464679914726E-18,-0.00999999999999921));
#3144=CARTESIAN_POINT('',(0.28,0.00999999999999907,1.22464679914737E-18));
#3145=CARTESIAN_POINT('Origin',(0.28,0.,0.));
#3146=CARTESIAN_POINT('Origin',(0.28,0.,0.));
#3147=CARTESIAN_POINT('Origin',(0.28,-1.09273919746571E-15,0.));
#3148=CARTESIAN_POINT('',(0.29,-1.09212687406613E-15,7.49879891330941E-35));
#3149=CARTESIAN_POINT('Origin',(0.28,-1.09273919746571E-15,0.));
#3150=CARTESIAN_POINT('Origin',(0.,0.,0.));
#3151=CARTESIAN_POINT('',(0.,-4.28626379701547E-18,-0.0349999999999979));
#3152=CARTESIAN_POINT('Origin',(0.,0.,0.));
#3153=CARTESIAN_POINT('',(0.03,-4.28626379701547E-18,-0.0349999999999979));
#3154=CARTESIAN_POINT('',(0.,-4.28626379701547E-18,-0.0349999999999979));
#3155=CARTESIAN_POINT('Origin',(0.03,0.,0.));
#3156=CARTESIAN_POINT('Origin',(0.,0.,0.));
#3157=CARTESIAN_POINT('',(0.0299999999999989,-3.42901103761259E-18,-0.028));
#3158=CARTESIAN_POINT('Origin',(0.0299999999999989,0.,0.));
#3159=CARTESIAN_POINT('',(0.0609999999999997,-3.42901103761259E-18,-0.028));
#3160=CARTESIAN_POINT('',(0.,-3.42901103761259E-18,-0.028));
#3161=CARTESIAN_POINT('Origin',(0.0609999999999997,0.,0.));
#3162=CARTESIAN_POINT('Origin',(0.0703301270189297,0.,0.));
#3163=CARTESIAN_POINT('',(0.0609999999999997,-3.55147571752734E-18,-0.0290000000000002));
#3164=CARTESIAN_POINT('Origin',(0.0609999999999997,0.,0.));
#3165=CARTESIAN_POINT('',(0.0703301270189297,-3.2453140177404E-18,-0.0264999999999993));
#3166=CARTESIAN_POINT('',(0.0703301270189297,-3.2453140177404E-18,-0.0264999999999993));
#3167=CARTESIAN_POINT('Origin',(0.0703301270189297,0.,0.));
#3168=CARTESIAN_POINT('Origin',(0.,0.,0.));
#3169=CARTESIAN_POINT('',(0.157000000000001,-3.2453140177404E-18,-0.0264999999999993));
#3170=CARTESIAN_POINT('',(0.,-3.2453140177404E-18,-0.0264999999999993));
#3171=CARTESIAN_POINT('Origin',(0.157000000000001,0.,0.));
#3172=CARTESIAN_POINT('Origin',(0.164999999999999,0.,0.));
#3173=CARTESIAN_POINT('',(0.164999999999999,-2.26559657842258E-18,-0.0184999999999998));
#3174=CARTESIAN_POINT('',(0.164999999999999,-2.26559657842258E-18,-0.0184999999999998));
#3175=CARTESIAN_POINT('Origin',(0.164999999999999,0.,0.));
#3176=CARTESIAN_POINT('Origin',(0.0609999999999997,0.028,0.));
#3177=CARTESIAN_POINT('Origin',(0.0299999999999994,0.0349999999999979,0.));
#3178=CARTESIAN_POINT('Origin',(0.,0.,0.));
#3179=CARTESIAN_POINT('Origin',(0.164999999999999,0.0184999999999998,0.));
#3180=CARTESIAN_POINT('',(0.537967468810307,0.,-0.0499999999999999));
#3181=CARTESIAN_POINT('',(0.0379674688103072,4.37095678986282E-17,-0.15));
#3182=CARTESIAN_POINT('',(0.137967468810307,8.74191357972564E-17,-0.15));
#3183=CARTESIAN_POINT('',(0.0379674688103072,0.,-0.05));
#3184=CARTESIAN_POINT('',(-1.38777878078145E-17,0.,-5.55111512312578E-17));
#3185=CARTESIAN_POINT('',(0.237967468810307,6.55643518479423E-17,-0.15));
#3186=CARTESIAN_POINT('',(0.537967468810307,4.37095678986282E-17,-0.15));
#3187=CARTESIAN_POINT('',(0.337967468810307,4.37095678986282E-17,-0.15));
#3188=CARTESIAN_POINT('',(0.137967468810307,2.18547839493141E-17,-0.05));
#3189=CARTESIAN_POINT('',(0.237967468810307,2.18547839493141E-17,-0.05));
#3190=CARTESIAN_POINT('',(0.337967468810307,6.55643518479423E-17,-0.0499999999999999));
#3191=CARTESIAN_POINT('',(0.437967468810307,2.18547839493141E-17,-0.05));
#3192=CARTESIAN_POINT('',(0.437967468810307,2.18547839493141E-17,-0.15));
#3193=CARTESIAN_POINT('',(-0.15,0.0379674688103072,0.164999999999999));
#3194=UNCERTAINTY_MEASURE_WITH_UNIT(LENGTH_MEASURE(0.000393700787401575),
#3205,'DISTANCE_ACCURACY_VALUE',
'Maximum model space distance between geometric entities at asserted c
onnectivities');
#3195=UNCERTAINTY_MEASURE_WITH_UNIT(LENGTH_MEASURE(0.000393700787401575),
#3205,'DISTANCE_ACCURACY_VALUE',
'Maximum model space distance between geometric entities at asserted c
onnectivities');
#3196=UNCERTAINTY_MEASURE_WITH_UNIT(LENGTH_MEASURE(0.000393700787401575),
#3205,'DISTANCE_ACCURACY_VALUE',
'Maximum model space distance between geometric entities at asserted c
onnectivities');
#3197=UNCERTAINTY_MEASURE_WITH_UNIT(LENGTH_MEASURE(0.000393700787401575),
#3205,'DISTANCE_ACCURACY_VALUE',
'Maximum model space distance between geometric entities at asserted c
onnectivities');
#3198=UNCERTAINTY_MEASURE_WITH_UNIT(LENGTH_MEASURE(0.000393700787401575),
#3205,'DISTANCE_ACCURACY_VALUE',
'Maximum model space distance between geometric entities at asserted c
onnectivities');
#3199=(
GEOMETRIC_REPRESENTATION_CONTEXT(3)
GLOBAL_UNCERTAINTY_ASSIGNED_CONTEXT((#3194))
GLOBAL_UNIT_ASSIGNED_CONTEXT((#3205,#3209,#3210))
REPRESENTATION_CONTEXT('','3D')
);
#3200=(
GEOMETRIC_REPRESENTATION_CONTEXT(3)
GLOBAL_UNCERTAINTY_ASSIGNED_CONTEXT((#3195))
GLOBAL_UNIT_ASSIGNED_CONTEXT((#3205,#3209,#3210))
REPRESENTATION_CONTEXT('','3D')
);
#3201=(
GEOMETRIC_REPRESENTATION_CONTEXT(3)
GLOBAL_UNCERTAINTY_ASSIGNED_CONTEXT((#3196))
GLOBAL_UNIT_ASSIGNED_CONTEXT((#3205,#3209,#3210))
REPRESENTATION_CONTEXT('','3D')
);
#3202=(
GEOMETRIC_REPRESENTATION_CONTEXT(3)
GLOBAL_UNCERTAINTY_ASSIGNED_CONTEXT((#3197))
GLOBAL_UNIT_ASSIGNED_CONTEXT((#3205,#3209,#3210))
REPRESENTATION_CONTEXT('','3D')
);
#3203=(
GEOMETRIC_REPRESENTATION_CONTEXT(3)
GLOBAL_UNCERTAINTY_ASSIGNED_CONTEXT((#3198))
GLOBAL_UNIT_ASSIGNED_CONTEXT((#3205,#3209,#3210))
REPRESENTATION_CONTEXT('','3D')
);
#3204=DIMENSIONAL_EXPONENTS(1.,0.,0.,0.,0.,0.,0.);
#3205=(
CONVERSION_BASED_UNIT('inch',#3208)
LENGTH_UNIT()
NAMED_UNIT(#3204)
);
#3206=(
LENGTH_UNIT()
NAMED_UNIT(*)
SI_UNIT(.MILLI.,.METRE.)
);
#3207=(
LENGTH_UNIT()
NAMED_UNIT(*)
SI_UNIT($,.METRE.)
);
#3208=LENGTH_MEASURE_WITH_UNIT(LENGTH_MEASURE(25.4),#3206);
#3209=(
NAMED_UNIT(*)
PLANE_ANGLE_UNIT()
SI_UNIT($,.RADIAN.)
);
#3210=(
NAMED_UNIT(*)
SI_UNIT($,.STERADIAN.)
SOLID_ANGLE_UNIT()
);
#3211=SHAPE_DEFINITION_REPRESENTATION(#3215,#3233);
#3212=SHAPE_DEFINITION_REPRESENTATION(#3216,#3234);
#3213=SHAPE_DEFINITION_REPRESENTATION(#3217,#3235);
#3214=SHAPE_DEFINITION_REPRESENTATION(#3218,#3236);
#3215=PRODUCT_DEFINITION_SHAPE('',$,#3238);
#3216=PRODUCT_DEFINITION_SHAPE('',$,#3239);
#3217=PRODUCT_DEFINITION_SHAPE('',$,#3240);
#3218=PRODUCT_DEFINITION_SHAPE('',$,#3241);
#3219=PRODUCT_DEFINITION_SHAPE($,$,#53);
#3220=PRODUCT_DEFINITION_SHAPE($,$,#54);
#3221=PRODUCT_DEFINITION_SHAPE($,$,#55);
#3222=PRODUCT_DEFINITION_SHAPE($,$,#56);
#3223=PRODUCT_DEFINITION_SHAPE($,$,#57);
#3224=PRODUCT_DEFINITION_SHAPE($,$,#58);
#3225=PRODUCT_DEFINITION_SHAPE($,$,#59);
#3226=PRODUCT_DEFINITION_SHAPE($,$,#60);
#3227=PRODUCT_DEFINITION_SHAPE($,$,#61);
#3228=PRODUCT_DEFINITION_SHAPE($,$,#62);
#3229=PRODUCT_DEFINITION_SHAPE($,$,#63);
#3230=PRODUCT_DEFINITION_SHAPE($,$,#64);
#3231=PRODUCT_DEFINITION_SHAPE($,$,#65);
#3232=PRODUCT_DEFINITION_SHAPE($,$,#66);
#3233=SHAPE_REPRESENTATION('',(#1929,#2110),#3199);
#3234=SHAPE_REPRESENTATION('',(#1930,#2097,#2098,#2099,#2100,#2101,#2102,
#2103,#2104,#2105,#2106,#2107,#2108,#2109),#3200);
#3235=SHAPE_REPRESENTATION('',(#1931),#3201);
#3236=SHAPE_REPRESENTATION('',(#2070),#3202);
#3237=PRODUCT_DEFINITION_CONTEXT('part definition',#3251,'design');
#3238=PRODUCT_DEFINITION('mill-max-419-10-212-00-001000','(Unsaved)',#3242,
#3237);
#3239=PRODUCT_DEFINITION('2026-09-13-02-51-16-089',
'419-10-214-00-001000',#3243,#3237);
#3240=PRODUCT_DEFINITION('P4XX-21-010-00-000000_P412-21-010-00-000000',
'P4XX-21-010-00-000000_P412-21-010-00-000000',#3244,#3237);
#3241=PRODUCT_DEFINITION('1942','1942',#3245,#3237);
#3242=PRODUCT_DEFINITION_FORMATION('',$,#3253);
#3243=PRODUCT_DEFINITION_FORMATION('',$,#3254);
#3244=PRODUCT_DEFINITION_FORMATION('',$,#3255);
#3245=PRODUCT_DEFINITION_FORMATION('',$,#3256);
#3246=PRODUCT_RELATED_PRODUCT_CATEGORY('(Unsaved)','(Unsaved)',(#3253));
#3247=PRODUCT_RELATED_PRODUCT_CATEGORY('419-10-214-00-001000',
'419-10-214-00-001000',(#3254));
#3248=PRODUCT_RELATED_PRODUCT_CATEGORY(
'P4XX-21-010-00-000000_P412-21-010-00-000000',
'P4XX-21-010-00-000000_P412-21-010-00-000000',(#3255));
#3249=PRODUCT_RELATED_PRODUCT_CATEGORY('1942','1942',(#3256));
#3250=APPLICATION_PROTOCOL_DEFINITION('international standard',
'automotive_design',2009,#3251);
#3251=APPLICATION_CONTEXT(
'Core Data for Automotive Mechanical Design Process');
#3252=PRODUCT_CONTEXT('part definition',#3251,'mechanical');
#3253=PRODUCT('mill-max-419-10-212-00-001000','(Unsaved)','STEP AP214',
(#3252));
#3254=PRODUCT('2026-09-13-02-51-16-089','419-10-214-00-001000',$,(#3252));
#3255=PRODUCT('P4XX-21-010-00-000000_P412-21-010-00-000000',
'P4XX-21-010-00-000000_P412-21-010-00-000000',$,(#3252));
#3256=PRODUCT('1942','1942',$,(#3252));
#3257=PRESENTATION_STYLE_ASSIGNMENT((#3260));
#3258=PRESENTATION_STYLE_ASSIGNMENT((#3261));
#3259=PRESENTATION_STYLE_ASSIGNMENT((#3262));
#3260=SURFACE_STYLE_USAGE(.BOTH.,#3263);
#3261=SURFACE_STYLE_USAGE(.BOTH.,#3264);
#3262=SURFACE_STYLE_USAGE(.BOTH.,#3265);
#3263=SURFACE_SIDE_STYLE('',(#3266));
#3264=SURFACE_SIDE_STYLE('',(#3267));
#3265=SURFACE_SIDE_STYLE('',(#3268));
#3266=SURFACE_STYLE_FILL_AREA(#3269);
#3267=SURFACE_STYLE_FILL_AREA(#3270);
#3268=SURFACE_STYLE_FILL_AREA(#3271);
#3269=FILL_AREA_STYLE('Steel - Satin',(#3272));
#3270=FILL_AREA_STYLE('Opaque(75,75,75)',(#3273));
#3271=FILL_AREA_STYLE('Opaque(255,205,126)',(#3274));
#3272=FILL_AREA_STYLE_COLOUR('Steel - Satin',#3275);
#3273=FILL_AREA_STYLE_COLOUR('Opaque(75,75,75)',#3276);
#3274=FILL_AREA_STYLE_COLOUR('Opaque(255,205,126)',#3277);
#3275=COLOUR_RGB('Steel - Satin',0.627450980392157,0.627450980392157,0.627450980392157);
#3276=COLOUR_RGB('Opaque(75,75,75)',0.294117647058824,0.294117647058824,
0.294117647058824);
#3277=COLOUR_RGB('Opaque(255,205,126)',1.,0.803921568627451,0.494117647058824);
ENDSEC;
END-ISO-10303-21;
