ISO-10303-21;
HEADER;
FILE_DESCRIPTION (( 'STEP AP214' ),
    '1' );
FILE_NAME ('mill-max-823-22-016-10-001101.STEP',
    '2025-11-24T14:27:18',
    ( '' ),
    ( '' ),
    'SwSTEP 2.0',
    'SolidWorks 2022',
    '' );
FILE_SCHEMA (( 'AUTOMOTIVE_DESIGN' ));
ENDSEC;

DATA;
#1 = EDGE_CURVE ( 'NONE', #3957, #1705, #1232, .T. ) ;
#2 = ORIENTED_EDGE ( 'NONE', *, *, #3414, .F. ) ;
#3 = LINE ( 'NONE', #2366, #3606 ) ;
#4 = LINE ( 'NONE', #294, #12 ) ;
#5 = CARTESIAN_POINT ( 'NONE',  ( 0.0000000000000000000, -0.1100000000000000006, 0.0000000000000000000 ) ) ;
#6 = AXIS2_PLACEMENT_3D ( 'NONE', #4352, #3673, #646 ) ;
#7 = EDGE_LOOP ( 'NONE', ( #3345, #319, #958, #825, #2356, #1413, #2260, #983, #1567, #3382, #2643, #1437, #1595, #469, #981, #400, #2667, #822, #2808, #396, #1084, #1475, #3292, #2456, #802, #548, #2763, #4125, #3912, #3437, #3542, #42, #3287, #1779, #608, #1161, #2802, #602, #328, #304, #534, #1003, #1077, #1600, #2971, #1149, #2280, #2197, #3751, #3263, #614, #4310, #3522, #3624, #1399, #1645, #2712, #3678, #788, #205, #1758, #180, #644, #1989, #2796, #415, #47, #3256 ) ) ;
#8 = CIRCLE ( 'NONE', #1776, 0.03155000000000058452 ) ;
#9 =( LENGTH_UNIT ( ) NAMED_UNIT ( * ) SI_UNIT ( $, .METRE. ) );
#10 = LINE ( 'NONE', #3364, #280 ) ;
#11 = DIRECTION ( 'NONE',  ( -0.0000000000000000000, 1.000000000000000000, -0.0000000000000000000 ) ) ;
#12 = VECTOR ( 'NONE', #1642, 39.37007874015748143 ) ;
#13 = EDGE_LOOP ( 'NONE', ( #4075, #2071 ) ) ;
#14 = AXIS2_PLACEMENT_3D ( 'NONE', #3000, #551, #258 ) ;
#15 = SURFACE_STYLE_FILL_AREA ( #3742 ) ;
#16 = CARTESIAN_POINT ( 'NONE',  ( 0.5999990000000001711, 0.0000000000000000000, -0.1999999999999999833 ) ) ;
#17 = CARTESIAN_POINT ( 'NONE',  ( 0.5942664688103074244, -0.1100000000000000006, -0.01574999999999998623 ) ) ;
#18 = AXIS2_PLACEMENT_3D ( 'NONE', #4006, #1928, #3027 ) ;
#19 = FACE_BOUND ( 'NONE', #106, .T. ) ;
#20 = DIRECTION ( 'NONE',  ( -0.0000000000000000000, 1.000000000000000000, -0.0000000000000000000 ) ) ;
#21 = EDGE_CURVE ( 'NONE', #1367, #1095, #3294, .T. ) ;
#22 = AXIS2_PLACEMENT_3D ( 'NONE', #3063, #2056, #3388 ) ;
#23 = ORIENTED_EDGE ( 'NONE', *, *, #1346, .T. ) ;
#24 = CARTESIAN_POINT ( 'NONE',  ( 0.5816684688103074263, -0.1100000000000000006, -0.01574999999999998623 ) ) ;
#25 = FACE_OUTER_BOUND ( 'NONE', #4088, .T. ) ;
#26 = AXIS2_PLACEMENT_3D ( 'NONE', #2916, #3313, #225 ) ;
#27 = CARTESIAN_POINT ( 'NONE',  ( 0.7879674688103074365, 0.0000000000000000000, -0.01574999999999965317 ) ) ;
#28 = DIRECTION ( 'NONE',  ( 0.0000000000000000000, 0.0000000000000000000, 1.000000000000000000 ) ) ;
#29 = ORIENTED_EDGE ( 'NONE', *, *, #618, .F. ) ;
#30 = DIRECTION ( 'NONE',  ( 0.0000000000000000000, 0.0000000000000000000, 1.000000000000000000 ) ) ;
#31 = DIRECTION ( 'NONE',  ( -0.9396926207859072067, 0.0000000000000000000, -0.3420201433256721546 ) ) ;
#32 = CYLINDRICAL_SURFACE ( 'NONE', #386, 0.03599999999999999728 ) ;
#33 = EDGE_CURVE ( 'NONE', #3958, #4222, #590, .T. ) ;
#34 = ORIENTED_EDGE ( 'NONE', *, *, #2524, .F. ) ;
#35 = EDGE_CURVE ( 'NONE', #4304, #2242, #3620, .T. ) ;
#36 = CARTESIAN_POINT ( 'NONE',  ( 0.2942664688103074355, -0.1100000000000000006, -0.01574999999999998623 ) ) ;
#37 = CARTESIAN_POINT ( 'NONE',  ( 0.7379674688103072810, -0.1950000000000011169, -0.04999999999999999584 ) ) ;
#38 = CARTESIAN_POINT ( 'NONE',  ( 0.1379674688103071922, 4.435068026000317697E-17, -0.1499999999999999944 ) ) ;
#39 = CARTESIAN_POINT ( 'NONE',  ( -0.01203253118969264089, 0.0000000000000000000, -0.1842499999999996918 ) ) ;
#40 = LINE ( 'NONE', #2767, #2007 ) ;
#41 = ORIENTED_EDGE ( 'NONE', *, *, #2867, .F. ) ;
#42 = ORIENTED_EDGE ( 'NONE', *, *, #1847, .T. ) ;
#43 = EDGE_CURVE ( 'NONE', #1332, #4344, #2988, .T. ) ;
#44 = DIRECTION ( 'NONE',  ( 1.000000000000000000, 0.0000000000000000000, 0.0000000000000000000 ) ) ;
#45 = CARTESIAN_POINT ( 'NONE',  ( 0.1759359376206146575, -0.1100000000000000006, -0.1999999999999999833 ) ) ;
#46 = CARTESIAN_POINT ( 'NONE',  ( 0.1379674688103071922, 4.435068026000317697E-17, -0.1815500000000005998 ) ) ;
#47 = ORIENTED_EDGE ( 'NONE', *, *, #2801, .T. ) ;
#48 =( NAMED_UNIT ( * ) PLANE_ANGLE_UNIT ( ) SI_UNIT ( $, .RADIAN. ) );
#49 = CARTESIAN_POINT ( 'NONE',  ( 0.5759359376206146797, -0.1100000000000000006, -0.1999999999999999833 ) ) ;
#50 = EDGE_CURVE ( 'NONE', #742, #1070, #1252, .T. ) ;
#51 = CARTESIAN_POINT ( 'NONE',  ( 0.3816684688103073597, 0.0000000000000000000, -0.01574999999999998623 ) ) ;
#52 = VERTEX_POINT ( 'NONE', #1891 ) ;
#53 = ORIENTED_EDGE ( 'NONE', *, *, #772, .T. ) ;
#54 = DIRECTION ( 'NONE',  ( 1.000000000000000000, 0.0000000000000000000, -0.0000000000000000000 ) ) ;
#55 = EDGE_CURVE ( 'NONE', #1097, #1244, #273, .T. ) ;
#56 =( NAMED_UNIT ( * ) PLANE_ANGLE_UNIT ( ) SI_UNIT ( $, .RADIAN. ) );
#57 = CARTESIAN_POINT ( 'NONE',  ( 0.0000000000000000000, 0.0000000000000000000, 0.0000000000000000000 ) ) ;
#58 = DIRECTION ( 'NONE',  ( -0.0000000000000000000, 1.000000000000000000, -0.0000000000000000000 ) ) ;
#59 = DIRECTION ( 'NONE',  ( -0.9396926207859092051, 0.0000000000000000000, 0.3420201433256665480 ) ) ;
#60 = VERTEX_POINT ( 'NONE', #521 ) ;
#61 = EDGE_LOOP ( 'NONE', ( #1832, #3223, #583, #584 ) ) ;
#62 = VECTOR ( 'NONE', #3918, 39.37007874015748143 ) ;
#63 = PLANE ( 'NONE',  #1545 ) ;
#64 = CARTESIAN_POINT ( 'NONE',  ( 0.3999990000000001600, 0.0000000000000000000, -0.1999999999999999833 ) ) ;
#65 = DIRECTION ( 'NONE',  ( -0.9396926207859092051, 0.0000000000000000000, 0.3420201433256665480 ) ) ;
#66 = VERTEX_POINT ( 'NONE', #1617 ) ;
#67 = VECTOR ( 'NONE', #3961, 39.37007874015748143 ) ;
#68 = ORIENTED_EDGE ( 'NONE', *, *, #4084, .F. ) ;
#69 = DIRECTION ( 'NONE',  ( -1.000000000000000000, 0.0000000000000000000, 4.400897325943014971E-17 ) ) ;
#70 = DIRECTION ( 'NONE',  ( -1.000000000000000000, -0.0000000000000000000, -0.0000000000000000000 ) ) ;
#71 = VECTOR ( 'NONE', #610, 39.37007874015748854 ) ;
#72 = CARTESIAN_POINT ( 'NONE',  ( 0.03796746881030719362, 0.0000000000000000000, -0.1184499999999994169 ) ) ;
#73 = EDGE_CURVE ( 'NONE', #628, #1775, #1576, .T. ) ;
#74 = EDGE_CURVE ( 'NONE', #1126, #1135, #893, .T. ) ;
#75 = AXIS2_PLACEMENT_3D ( 'NONE', #530, #2587, #3584 ) ;
#76 = ORIENTED_EDGE ( 'NONE', *, *, #1607, .F. ) ;
#77 = VERTEX_POINT ( 'NONE', #3267 ) ;
#78 = AXIS2_PLACEMENT_3D ( 'NONE', #1111, #2745, #2119 ) ;
#79 = VECTOR ( 'NONE', #389, 39.37007874015748143 ) ;
#80 = ITEM_DEFINED_TRANSFORMATION ( 'NONE', 'NONE', #3791,  #3786 ) ;
#81 = CARTESIAN_POINT ( 'NONE',  ( 0.0000000000000000000, 0.0000000000000000000, 0.0000000000000000000 ) ) ;
#82 = DIRECTION ( 'NONE',  ( -4.400897325943014971E-17, 0.0000000000000000000, -1.000000000000000000 ) ) ;
#83 = ORIENTED_EDGE ( 'NONE', *, *, #2941, .F. ) ;
#84 = ORIENTED_EDGE ( 'NONE', *, *, #1337, .T. ) ;
#85 = VECTOR ( 'NONE', #58, 39.37007874015748143 ) ;
#86 = CARTESIAN_POINT ( 'NONE',  ( 0.0000000000000000000, 0.0000000000000000000, 0.0000000000000000000 ) ) ;
#87 = DIRECTION ( 'NONE',  ( -0.3420201433256720991, 0.0000000000000000000, 0.9396926207859070956 ) ) ;
#88 = DIRECTION ( 'NONE',  ( 1.000000000000000000, 0.0000000000000000000, -5.421193827719211569E-15 ) ) ;
#89 = AXIS2_PLACEMENT_3D ( 'NONE', #4132, #1331, #1392 ) ;
#90 = VERTEX_POINT ( 'NONE', #1528 ) ;
#91 = CARTESIAN_POINT ( 'NONE',  ( 0.7759349376206162718, -0.1100000000000000006, -0.1999999999999996780 ) ) ;
#92 = CIRCLE ( 'NONE', #452, 0.03155000000000058452 ) ;
#93 = CARTESIAN_POINT ( 'NONE',  ( 0.3759359376206146686, 0.0000000000000000000, -9.478001694819074349E-34 ) ) ;
#94 = ORIENTED_EDGE ( 'NONE', *, *, #3892, .F. ) ;
#95 = AXIS2_PLACEMENT_3D ( 'NONE', #3363, #2758, #2408 ) ;
#96 = VECTOR ( 'NONE', #3094, 39.37007874015748143 ) ;
#97 = ORIENTED_EDGE ( 'NONE', *, *, #1957, .T. ) ;
#98 = ORIENTED_EDGE ( 'NONE', *, *, #1287, .F. ) ;
#99 = EDGE_CURVE ( 'NONE', #2658, #687, #4318, .T. ) ;
#100 = APPLICATION_PROTOCOL_DEFINITION ( 'draft international standard', 'automotive_design', 1998, #1102 ) ;
#101 = EDGE_CURVE ( 'NONE', #3278, #1663, #3646, .T. ) ;
#102 = CARTESIAN_POINT ( 'NONE',  ( 0.0000000000000000000, 0.0000000000000000000, 0.0000000000000000000 ) ) ;
#103 = CARTESIAN_POINT ( 'NONE',  ( 0.2816684688103074374, -0.1100000000000000006, -0.01574999999999998623 ) ) ;
#104 = CARTESIAN_POINT ( 'NONE',  ( 0.1379674688103071922, -0.1100000000000001948, -0.08155000000000058036 ) ) ;
#105 = ORIENTED_EDGE ( 'NONE', *, *, #3781, .T. ) ;
#106 = EDGE_LOOP ( 'NONE', ( #4080, #84 ) ) ;
#107 = DIRECTION ( 'NONE',  ( -0.0000000000000000000, 1.000000000000000000, -0.0000000000000000000 ) ) ;
#108 = CARTESIAN_POINT ( 'NONE',  ( 0.1759359376206146575, 0.0000000000000000000, -9.478001694819074349E-34 ) ) ;
#109 = ORIENTED_EDGE ( 'NONE', *, *, #3553, .T. ) ;
#110 = EDGE_CURVE ( 'NONE', #770, #676, #2252, .T. ) ;
#111 = EDGE_LOOP ( 'NONE', ( #697, #3119, #3227, #1350 ) ) ;
#112 = FILL_AREA_STYLE_COLOUR ( '', #4358 ) ;
#113 = LINE ( 'NONE', #1755, #2827 ) ;
#114 = CARTESIAN_POINT ( 'NONE',  ( 0.0000000000000000000, -0.1100000000000000006, 0.0000000000000000000 ) ) ;
#115 = ORIENTED_EDGE ( 'NONE', *, *, #1228, .F. ) ;
#116 = ORIENTED_EDGE ( 'NONE', *, *, #3805, .F. ) ;
#117 = CARTESIAN_POINT ( 'NONE',  ( 0.7879674688103074365, -0.1100000000000000006, -0.1842499999999992477 ) ) ;
#118 =( REPRESENTATION_RELATIONSHIP ('NONE','NONE', #2553, #2107 ) REPRESENTATION_RELATIONSHIP_WITH_TRANSFORMATION ( #3245 )SHAPE_REPRESENTATION_RELATIONSHIP( ) );
#119 = EDGE_CURVE ( 'NONE', #4268, #2986, #2628, .T. ) ;
#120 = SHAPE_DEFINITION_REPRESENTATION ( #979, #2553 ) ;
#121 = PLANE ( 'NONE',  #3338 ) ;
#122 = DIRECTION ( 'NONE',  ( -0.0000000000000000000, 1.000000000000000000, -0.0000000000000000000 ) ) ;
#123 = EDGE_CURVE ( 'NONE', #1951, #3155, #1978, .T. ) ;
#124 = CARTESIAN_POINT ( 'NONE',  ( 0.3999990000000001600, -0.1100000000000000006, -0.1999999999999999833 ) ) ;
#125 = EDGE_CURVE ( 'NONE', #3028, #3788, #1911, .T. ) ;
#126 = VERTEX_POINT ( 'NONE', #2556 ) ;
#127 = CARTESIAN_POINT ( 'NONE',  ( 0.2816684688103074374, 0.0000000000000000000, -0.1842499999999996085 ) ) ;
#128 = DIRECTION ( 'NONE',  ( -1.000000000000000000, -0.0000000000000000000, -0.0000000000000000000 ) ) ;
#129 = CARTESIAN_POINT ( 'NONE',  ( 0.08166846881030738470, -0.1100000000000000006, -0.01574999999999998623 ) ) ;
#130 = EDGE_LOOP ( 'NONE', ( #2384, #2291, #1768, #4191, #2053 ) ) ;
#131 = ORIENTED_EDGE ( 'NONE', *, *, #2980, .T. ) ;
#132 = LENGTH_MEASURE_WITH_UNIT ( LENGTH_MEASURE( 0.02539999999999999897 ), #3220 );
#133 = CYLINDRICAL_SURFACE ( 'NONE', #841, 0.03049999999999999586 ) ;
#134 = CARTESIAN_POINT ( 'NONE',  ( 0.3759359376206146686, -0.1100000000000000006, -9.478001694819074349E-34 ) ) ;
#135 = VECTOR ( 'NONE', #1106, 39.37007874015748143 ) ;
#136 = ORIENTED_EDGE ( 'NONE', *, *, #1031, .F. ) ;
#137 = VECTOR ( 'NONE', #3071, 39.37007874015748143 ) ;
#138 = ORIENTED_EDGE ( 'NONE', *, *, #2681, .T. ) ;
#139 = CARTESIAN_POINT ( 'NONE',  ( 0.008500000000000194900, -1.067128122525102820E-18, 0.0000000000000000000 ) ) ;
#140 = CIRCLE ( 'NONE', #3762, 0.008500000000000193165 ) ;
#141 = AXIS2_PLACEMENT_3D ( 'NONE', #3901, #2233, #504 ) ;
#142 = LINE ( 'NONE', #2853, #2914 ) ;
#143 = CARTESIAN_POINT ( 'NONE',  ( 0.7759349376206162718, -0.1100000000000000006, -0.1999999999999996780 ) ) ;
#144 = DIRECTION ( 'NONE',  ( 1.000000000000000000, 0.0000000000000000000, 0.0000000000000000000 ) ) ;
#145 = ORIENTED_EDGE ( 'NONE', *, *, #3574, .T. ) ;
#146 = VECTOR ( 'NONE', #428, 39.37007874015748143 ) ;
#147 = UNCERTAINTY_MEASURE_WITH_UNIT (LENGTH_MEASURE( 1.000000000000000082E-05 ), #631, 'distance_accuracy_value', 'NONE');
#148 = ORIENTED_EDGE ( 'NONE', *, *, #772, .F. ) ;
#149 = PLANE ( 'NONE',  #75 ) ;
#150 = DIRECTION ( 'NONE',  ( -0.0000000000000000000, 1.000000000000000000, -0.0000000000000000000 ) ) ;
#151 = LINE ( 'NONE', #1500, #4278 ) ;
#152 = ORIENTED_EDGE ( 'NONE', *, *, #4183, .T. ) ;
#153 = VERTEX_POINT ( 'NONE', #869 ) ;
#154 = PRESENTATION_STYLE_ASSIGNMENT (( #1123 ) ) ;
#155 = LINE ( 'NONE', #1181, #2899 ) ;
#156 = EDGE_CURVE ( 'NONE', #1126, #4268, #2228, .T. ) ;
#157 = AXIS2_PLACEMENT_3D ( 'NONE', #957, #2314, #2290 ) ;
#158 = LINE ( 'NONE', #3222, #2781 ) ;
#159 = AXIS2_PLACEMENT_3D ( 'NONE', #572, #2607, #2949 ) ;
#160 = ORIENTED_EDGE ( 'NONE', *, *, #1787, .T. ) ;
#161 = AXIS2_PLACEMENT_3D ( 'NONE', #3668, #2697, #3992 ) ;
#162 = EDGE_LOOP ( 'NONE', ( #970, #407, #569, #3526 ) ) ;
#163 = DIRECTION ( 'NONE',  ( -0.0000000000000000000, 1.000000000000000000, -0.0000000000000000000 ) ) ;
#164 = EDGE_CURVE ( 'NONE', #4376, #805, #641, .T. ) ;
#165 = CIRCLE ( 'NONE', #2208, 0.03200000000000000067 ) ;
#166 = ORIENTED_EDGE ( 'NONE', *, *, #622, .F. ) ;
#167 = CARTESIAN_POINT ( 'NONE',  ( 0.3816684688103073597, -0.1100000000000000006, -0.01574999999999998623 ) ) ;
#168 = CARTESIAN_POINT ( 'NONE',  ( 0.1942664688103074300, -0.1100000000000000006, -0.1842499999999996918 ) ) ;
#169 = EDGE_LOOP ( 'NONE', ( #771, #2335, #3559, #311 ) ) ;
#170 = ORIENTED_EDGE ( 'NONE', *, *, #4298, .T. ) ;
#171 = CARTESIAN_POINT ( 'NONE',  ( 0.4759359376206147019, -0.1100000000000000006, -0.1999999999999999833 ) ) ;
#172 = PLANE ( 'NONE',  #1154 ) ;
#173 = DIRECTION ( 'NONE',  ( 0.3420201433256665480, -0.0000000000000000000, 0.9396926207859092051 ) ) ;
#174 = ORIENTED_EDGE ( 'NONE', *, *, #2167, .T. ) ;
#175 = ORIENTED_EDGE ( 'NONE', *, *, #3792, .F. ) ;
#176 =( CONVERSION_BASED_UNIT ( 'INCH', #132 ) LENGTH_UNIT ( ) NAMED_UNIT ( #1258 ) );
#177 = DIRECTION ( 'NONE',  ( -1.000000000000000000, -0.0000000000000000000, -0.0000000000000000000 ) ) ;
#178 = CARTESIAN_POINT ( 'NONE',  ( 0.5816684688103074263, 0.0000000000000000000, -0.01574999999999998623 ) ) ;
#179 =( REPRESENTATION_RELATIONSHIP ('NONE','NONE', #2553, #2107 ) REPRESENTATION_RELATIONSHIP_WITH_TRANSFORMATION ( #2461 )SHAPE_REPRESENTATION_RELATIONSHIP( ) );
#180 = ORIENTED_EDGE ( 'NONE', *, *, #561, .T. ) ;
#181 = ADVANCED_FACE ( 'NONE', ( #2277 ), #1473, .T. ) ;
#182 = EDGE_CURVE ( 'NONE', #1322, #713, #1339, .T. ) ;
#183 = ORIENTED_EDGE ( 'NONE', *, *, #3906, .T. ) ;
#184 = CARTESIAN_POINT ( 'NONE',  ( 0.4942664688103074466, -0.1100000000000000006, -0.01574999999999998623 ) ) ;
#185 = DIRECTION ( 'NONE',  ( -0.0000000000000000000, 1.000000000000000000, -0.0000000000000000000 ) ) ;
#186 = ORIENTED_EDGE ( 'NONE', *, *, #896, .F. ) ;
#187 = FACE_OUTER_BOUND ( 'NONE', #1824, .T. ) ;
#188 = DIRECTION ( 'NONE',  ( -0.0000000000000000000, 1.000000000000000000, -0.0000000000000000000 ) ) ;
#189 = VERTEX_POINT ( 'NONE', #4339 ) ;
#190 = DIRECTION ( 'NONE',  ( -1.000000000000000000, 0.0000000000000000000, 4.400897325943014971E-17 ) ) ;
#191 = DIRECTION ( 'NONE',  ( 0.9396926207859381819, 0.0000000000000000000, -0.3420201433255870560 ) ) ;
#192 = DIRECTION ( 'NONE',  ( -0.9659258262890096924, 0.0000000000000000000, 0.2588190451027395089 ) ) ;
#193 = CARTESIAN_POINT ( 'NONE',  ( 0.6759359376206146575, 0.0000000000000000000, -0.1999999999999999833 ) ) ;
#194 = VERTEX_POINT ( 'NONE', #4369 ) ;
#195 = ORIENTED_EDGE ( 'NONE', *, *, #1059, .T. ) ;
#196 = DIRECTION ( 'NONE',  ( 1.000000000000000000, 0.0000000000000000000, 0.0000000000000000000 ) ) ;
#197 = CARTESIAN_POINT ( 'NONE',  ( 0.1942664688103074300, 0.0000000000000000000, -0.01574999999999998623 ) ) ;
#198 = CARTESIAN_POINT ( 'NONE',  ( -0.01203253118969264089, -0.1100000000000000006, -0.1842499999999996918 ) ) ;
#199 = ORIENTED_EDGE ( 'NONE', *, *, #1819, .T. ) ;
#200 = ORIENTED_EDGE ( 'NONE', *, *, #1, .T. ) ;
#201 = DIRECTION ( 'NONE',  ( -0.0000000000000000000, 1.000000000000000000, -0.0000000000000000000 ) ) ;
#202 = CARTESIAN_POINT ( 'NONE',  ( 0.4816684688103073930, -0.1100000000000000006, -0.01574999999999998623 ) ) ;
#203 = AXIS2_PLACEMENT_3D ( 'NONE', #767, #908, #4248 ) ;
#204 = AXIS2_PLACEMENT_3D ( 'NONE', #1118, #1749, #2467 ) ;
#205 = ORIENTED_EDGE ( 'NONE', *, *, #357, .T. ) ;
#206 = LINE ( 'NONE', #897, #293 ) ;
#207 = CIRCLE ( 'NONE', #1277, 0.03049999999999999239 ) ;
#208 = DIRECTION ( 'NONE',  ( -0.0000000000000000000, 1.000000000000000000, -0.0000000000000000000 ) ) ;
#209 = ORIENTED_EDGE ( 'NONE', *, *, #384, .T. ) ;
#210 = DIRECTION ( 'NONE',  ( -0.0000000000000000000, 1.000000000000000000, -0.0000000000000000000 ) ) ;
#211 = CARTESIAN_POINT ( 'NONE',  ( 0.4942664688103074466, 0.0000000000000000000, -0.01574999999999999664 ) ) ;
#212 = CARTESIAN_POINT ( 'NONE',  ( 0.7759349376206162718, -0.1100000000000000006, -0.1999999999999996780 ) ) ;
#213 = DIRECTION ( 'NONE',  ( -0.0000000000000000000, 1.000000000000000000, -0.0000000000000000000 ) ) ;
#214 = VECTOR ( 'NONE', #2948, 39.37007874015748143 ) ;
#215 = EDGE_LOOP ( 'NONE', ( #297, #1521 ) ) ;
#216 = EDGE_CURVE ( 'NONE', #4344, #1126, #3689, .T. ) ;
#217 = EDGE_LOOP ( 'NONE', ( #2094, #776, #3164, #3505 ) ) ;
#218 = VECTOR ( 'NONE', #1034, 39.37007874015748143 ) ;
#219 = LINE ( 'NONE', #1267, #1983 ) ;
#220 = DIRECTION ( 'NONE',  ( -0.0000000000000000000, 1.000000000000000000, -0.0000000000000000000 ) ) ;
#221 = ORIENTED_EDGE ( 'NONE', *, *, #3568, .T. ) ;
#222 = VECTOR ( 'NONE', #1261, 39.37007874015748143 ) ;
#223 = EDGE_LOOP ( 'NONE', ( #2968, #29, #1857, #1863 ) ) ;
#224 = ADVANCED_FACE ( 'NONE', ( #1688 ), #1981, .T. ) ;
#225 = DIRECTION ( 'NONE',  ( 0.0000000000000000000, 0.0000000000000000000, 1.000000000000000000 ) ) ;
#226 = CIRCLE ( 'NONE', #3558, 0.03155000000000058452 ) ;
#227 = CARTESIAN_POINT ( 'NONE',  ( 0.7759349376206162718, 0.0000000000000000000, -0.1999999999999996780 ) ) ;
#228 = VECTOR ( 'NONE', #528, 39.37007874015748143 ) ;
#229 = ORIENTED_EDGE ( 'NONE', *, *, #577, .F. ) ;
#230 = EDGE_CURVE ( 'NONE', #281, #754, #4090, .T. ) ;
#231 = ITEM_DEFINED_TRANSFORMATION ( 'NONE', 'NONE', #3504,  #3786 ) ;
#232 = DIRECTION ( 'NONE',  ( 0.3420201433256633283, 0.0000000000000000000, -0.9396926207859103153 ) ) ;
#233 = CIRCLE ( 'NONE', #2506, 0.02089999999999999844 ) ;
#234 = VECTOR ( 'NONE', #3405, 39.37007874015748143 ) ;
#235 = DIRECTION ( 'NONE',  ( -1.000000000000000000, -0.0000000000000000000, -0.0000000000000000000 ) ) ;
#236 = AXIS2_PLACEMENT_3D ( 'NONE', #2981, #1246, #2594 ) ;
#237 = ORIENTED_EDGE ( 'NONE', *, *, #2266, .F. ) ;
#238 = LINE ( 'NONE', #2902, #2133 ) ;
#239 = DIRECTION ( 'NONE',  ( -4.400897325943014971E-17, 0.0000000000000000000, -1.000000000000000000 ) ) ;
#240 = CARTESIAN_POINT ( 'NONE',  ( 0.5816684688103074263, 0.0000000000000000000, -0.01574999999999998623 ) ) ;
#241 = LINE ( 'NONE', #3656, #1791 ) ;
#242 = ORIENTED_EDGE ( 'NONE', *, *, #3649, .F. ) ;
#243 = EDGE_CURVE ( 'NONE', #4184, #1317, #10, .T. ) ;
#244 = VERTEX_POINT ( 'NONE', #3758 ) ;
#245 = CARTESIAN_POINT ( 'NONE',  ( 0.5379674688103072144, -0.1950000000000011169, -0.04999999999999999584 ) ) ;
#246 = DIRECTION ( 'NONE',  ( 1.000000000000000000, 0.0000000000000000000, -5.421193827719211569E-15 ) ) ;
#247 =( NAMED_UNIT ( * ) PLANE_ANGLE_UNIT ( ) SI_UNIT ( $, .RADIAN. ) );
#248 = ORIENTED_EDGE ( 'NONE', *, *, #1625, .F. ) ;
#249 = ORIENTED_EDGE ( 'NONE', *, *, #1072, .F. ) ;
#250 = DIRECTION ( 'NONE',  ( -0.0000000000000000000, 1.000000000000000000, -0.0000000000000000000 ) ) ;
#251 = DIRECTION ( 'NONE',  ( -0.3420201433256694346, -0.0000000000000000000, -0.9396926207859080948 ) ) ;
#252 = PLANE ( 'NONE',  #448 ) ;
#253 = EDGE_LOOP ( 'NONE', ( #1487, #3297, #2645, #554 ) ) ;
#254 = LINE ( 'NONE', #1324, #1007 ) ;
#255 = CARTESIAN_POINT ( 'NONE',  ( 0.7759349376206162718, -0.1100000000000000006, -0.1999999999999996780 ) ) ;
#256 = ORIENTED_EDGE ( 'NONE', *, *, #2958, .F. ) ;
#257 = DIRECTION ( 'NONE',  ( -1.000000000000000000, 0.0000000000000000000, -0.0000000000000000000 ) ) ;
#258 = DIRECTION ( 'NONE',  ( 0.0000000000000000000, 0.0000000000000000000, 1.000000000000000000 ) ) ;
#259 = ORIENTED_EDGE ( 'NONE', *, *, #1607, .T. ) ;
#260 = CARTESIAN_POINT ( 'NONE',  ( 0.6379674688103071922, -0.1100000000000001948, -0.08155000000000058036 ) ) ;
#261 = ORIENTED_EDGE ( 'NONE', *, *, #1566, .T. ) ;
#262 = ADVANCED_FACE ( 'NONE', ( #689 ), #2655, .T. ) ;
#263 = ORIENTED_EDGE ( 'NONE', *, *, #4371, .T. ) ;
#264 = DIRECTION ( 'NONE',  ( 0.0000000000000000000, 0.0000000000000000000, 1.000000000000000000 ) ) ;
#265 = CARTESIAN_POINT ( 'NONE',  ( 0.1379674688103071922, 0.0000000000000000000, -0.04999999999999999584 ) ) ;
#266 = LINE ( 'NONE', #936, #376 ) ;
#267 = CARTESIAN_POINT ( 'NONE',  ( 0.1130000000000009330, 0.0000000000000000000, 0.0000000000000000000 ) ) ;
#268 = EDGE_CURVE ( 'NONE', #2997, #628, #660, .T. ) ;
#269 = EDGE_CURVE ( 'NONE', #77, #3511, #2721, .T. ) ;
#270 = ORIENTED_EDGE ( 'NONE', *, *, #3398, .T. ) ;
#271 = PRODUCT_DEFINITION_SHAPE ( 'NONE', 'NONE',  #4395 ) ;
#272 = CARTESIAN_POINT ( 'NONE',  ( 0.08500000000000113021, 0.0000000000000000000, 0.0000000000000000000 ) ) ;
#273 = LINE ( 'NONE', #1203, #910 ) ;
#274 = LINE ( 'NONE', #1671, #2143 ) ;
#275 = ADVANCED_FACE ( 'NONE', ( #3016 ), #4038, .F. ) ;
#276 = ORIENTED_EDGE ( 'NONE', *, *, #1919, .F. ) ;
#277 = EDGE_CURVE ( 'NONE', #1459, #3178, #3534, .T. ) ;
#278 = CARTESIAN_POINT ( 'NONE',  ( 0.5379674688103072144, 0.0000000000000000000, -0.1499999999999999944 ) ) ;
#279 = FACE_OUTER_BOUND ( 'NONE', #2488, .T. ) ;
#280 = VECTOR ( 'NONE', #3336, 39.37007874015748143 ) ;
#281 = VERTEX_POINT ( 'NONE', #968 ) ;
#282 = AXIS2_PLACEMENT_3D ( 'NONE', #2567, #1240, #509 ) ;
#283 = LINE ( 'NONE', #695, #2199 ) ;
#284 = DIRECTION ( 'NONE',  ( -0.3420201433256694346, -0.0000000000000000000, -0.9396926207859080948 ) ) ;
#285 = EDGE_LOOP ( 'NONE', ( #76, #249 ) ) ;
#286 = DIRECTION ( 'NONE',  ( 0.0000000000000000000, 0.0000000000000000000, 1.000000000000000000 ) ) ;
#287 = EDGE_LOOP ( 'NONE', ( #1164, #2604, #454, #3940 ) ) ;
#288 = AXIS2_PLACEMENT_3D ( 'NONE', #4072, #2331, #257 ) ;
#289 = VERTEX_POINT ( 'NONE', #2074 ) ;
#290 = ADVANCED_FACE ( 'NONE', ( #2674 ), #4104, .F. ) ;
#291 = DIRECTION ( 'NONE',  ( 0.0000000000000000000, 0.0000000000000000000, 1.000000000000000000 ) ) ;
#292 = LINE ( 'NONE', #2736, #1769 ) ;
#293 = VECTOR ( 'NONE', #3601, 39.37007874015748143 ) ;
#294 = CARTESIAN_POINT ( 'NONE',  ( -0.01203253118969264089, -0.1100000000000000006, -0.1842499999999996918 ) ) ;
#295 = CARTESIAN_POINT ( 'NONE',  ( 0.3379674688103072033, 4.435068026000317697E-17, -0.1184499999999994169 ) ) ;
#296 = AXIS2_PLACEMENT_3D ( 'NONE', #2078, #3765, #3455 ) ;
#297 = ORIENTED_EDGE ( 'NONE', *, *, #123, .T. ) ;
#298 = EDGE_CURVE ( 'NONE', #1890, #2537, #3666, .T. ) ;
#299 = LINE ( 'NONE', #1646, #1029 ) ;
#300 = DIRECTION ( 'NONE',  ( -0.0000000000000000000, 1.000000000000000000, -0.0000000000000000000 ) ) ;
#301 = CARTESIAN_POINT ( 'NONE',  ( 0.1379674688103071922, -0.1100000000000001948, -0.1499999999999999944 ) ) ;
#302 = AXIS2_PLACEMENT_3D ( 'NONE', #718, #4048, #359 ) ;
#303 = VECTOR ( 'NONE', #3447, 39.37007874015748143 ) ;
#304 = ORIENTED_EDGE ( 'NONE', *, *, #982, .F. ) ;
#305 = AXIS2_PLACEMENT_3D ( 'NONE', #738, #4096, #1047 ) ;
#306 = ADVANCED_FACE ( 'NONE', ( #1384 ), #2742, .F. ) ;
#307 = LINE ( 'NONE', #3369, #3481 ) ;
#308 = AXIS2_PLACEMENT_3D ( 'NONE', #3441, #20, #4077 ) ;
#309 = DIRECTION ( 'NONE',  ( 0.0000000000000000000, 0.0000000000000000000, 1.000000000000000000 ) ) ;
#310 = CIRCLE ( 'NONE', #2788, 0.03599999999999999728 ) ;
#311 = ORIENTED_EDGE ( 'NONE', *, *, #2421, .F. ) ;
#312 = CARTESIAN_POINT ( 'NONE',  ( 0.5999990000000001711, -0.1100000000000000006, 0.0000000000000000000 ) ) ;
#313 = DIRECTION ( 'NONE',  ( 1.000000000000000000, 0.0000000000000000000, 0.0000000000000000000 ) ) ;
#314 = ORIENTED_EDGE ( 'NONE', *, *, #3769, .T. ) ;
#315 = FACE_BOUND ( 'NONE', #665, .T. ) ;
#316 = EDGE_LOOP ( 'NONE', ( #965, #1572, #3324, #636 ) ) ;
#317 = CIRCLE ( 'NONE', #2724, 0.03155000000000058452 ) ;
#318 = VECTOR ( 'NONE', #824, 39.37007874015748143 ) ;
#319 = ORIENTED_EDGE ( 'NONE', *, *, #2590, .T. ) ;
#320 = LINE ( 'NONE', #1050, #71 ) ;
#321 = CARTESIAN_POINT ( 'NONE',  ( 0.1379674688103071922, 0.0000000000000000000, -0.08155000000000058036 ) ) ;
#322 = EDGE_CURVE ( 'NONE', #1070, #3655, #4064, .T. ) ;
#323 = ORIENTED_EDGE ( 'NONE', *, *, #3142, .T. ) ;
#324 = CARTESIAN_POINT ( 'NONE',  ( 0.1816684688103074041, -0.1100000000000000006, -0.01574999999999998623 ) ) ;
#325 = DIRECTION ( 'NONE',  ( -0.0000000000000000000, 1.000000000000000000, -0.0000000000000000000 ) ) ;
#326 = DIRECTION ( 'NONE',  ( 5.421193827719211569E-15, 0.0000000000000000000, 1.000000000000000000 ) ) ;
#327 = ADVANCED_FACE ( 'NONE', ( #2029 ), #347, .F. ) ;
#328 = ORIENTED_EDGE ( 'NONE', *, *, #3280, .F. ) ;
#329 = CARTESIAN_POINT ( 'NONE',  ( 0.7759349376206162718, -0.1100000000000000006, -0.1999999999999996780 ) ) ;
#330 = DIRECTION ( 'NONE',  ( 0.0000000000000000000, 1.000000000000000000, 1.224646799147352961E-16 ) ) ;
#331 =( REPRESENTATION_RELATIONSHIP ('NONE','NONE', #2553, #2107 ) REPRESENTATION_RELATIONSHIP_WITH_TRANSFORMATION ( #80 )SHAPE_REPRESENTATION_RELATIONSHIP( ) );
#332 = ADVANCED_FACE ( 'NONE', ( #1144 ), #2428, .F. ) ;
#333 = ORIENTED_EDGE ( 'NONE', *, *, #2105, .F. ) ;
#334 = CARTESIAN_POINT ( 'NONE',  ( 0.09426646881030741054, -0.1100000000000000006, -0.1842499999999996918 ) ) ;
#335 = FACE_BOUND ( 'NONE', #431, .T. ) ;
#336 = EDGE_CURVE ( 'NONE', #764, #1466, #2477, .T. ) ;
#337 = VERTEX_POINT ( 'NONE', #2115 ) ;
#338 = LINE ( 'NONE', #2443, #2717 ) ;
#339 = ORIENTED_EDGE ( 'NONE', *, *, #2172, .F. ) ;
#340 = ORIENTED_EDGE ( 'NONE', *, *, #486, .F. ) ;
#341 = DIRECTION ( 'NONE',  ( -0.9396926207859072067, 0.0000000000000000000, -0.3420201433256721546 ) ) ;
#342 = DIRECTION ( 'NONE',  ( 0.0000000000000000000, -0.0000000000000000000, 1.000000000000000000 ) ) ;
#343 = FACE_OUTER_BOUND ( 'NONE', #3030, .T. ) ;
#344 = VERTEX_POINT ( 'NONE', #4186 ) ;
#345 = ORIENTED_EDGE ( 'NONE', *, *, #409, .F. ) ;
#346 = CARTESIAN_POINT ( 'NONE',  ( 0.6379674688103071922, 4.435068026000317697E-17, -0.01844999999999941478 ) ) ;
#347 = PLANE ( 'NONE',  #952 ) ;
#348 = EDGE_CURVE ( 'NONE', #3453, #3270, #476, .T. ) ;
#349 = CARTESIAN_POINT ( 'NONE',  ( 0.08500000000000113021, 0.03599999999999999728, 0.0000000000000000000 ) ) ;
#350 = ORIENTED_EDGE ( 'NONE', *, *, #3987, .T. ) ;
#351 = ADVANCED_FACE ( 'NONE', ( #432 ), #2135, .T. ) ;
#352 = CARTESIAN_POINT ( 'NONE',  ( 0.0000000000000000000, 0.0000000000000000000, 0.03599999999999999728 ) ) ;
#353 = PRODUCT_DEFINITION ( 'UNKNOWN', '', #874, #1704 ) ;
#354 = DIRECTION ( 'NONE',  ( -0.3420201433255870005, -0.0000000000000000000, -0.9396926207859380709 ) ) ;
#355 = VECTOR ( 'NONE', #2966, 39.37007874015748143 ) ;
#356 = CARTESIAN_POINT ( 'NONE',  ( 0.3379674688103072033, -0.1100000000000001948, -0.01844999999999941478 ) ) ;
#357 = EDGE_CURVE ( 'NONE', #838, #1239, #455, .T. ) ;
#358 = VECTOR ( 'NONE', #300, 39.37007874015748143 ) ;
#359 = DIRECTION ( 'NONE',  ( 0.0000000000000000000, 0.0000000000000000000, 1.000000000000000000 ) ) ;
#360 =( REPRESENTATION_RELATIONSHIP ('NONE','NONE', #2553, #2107 ) REPRESENTATION_RELATIONSHIP_WITH_TRANSFORMATION ( #2920 )SHAPE_REPRESENTATION_RELATIONSHIP( ) );
#361 = ORIENTED_EDGE ( 'NONE', *, *, #2980, .F. ) ;
#362 = DIRECTION ( 'NONE',  ( 0.0000000000000000000, 0.0000000000000000000, 1.000000000000000000 ) ) ;
#363 = ORIENTED_EDGE ( 'NONE', *, *, #951, .T. ) ;
#364 = CIRCLE ( 'NONE', #2414, 0.03155000000000058452 ) ;
#365 = EDGE_LOOP ( 'NONE', ( #2964, #3804, #3999, #1837 ) ) ;
#366 = CARTESIAN_POINT ( 'NONE',  ( 0.4379674688103072366, 4.435068026000317697E-17, -0.1184499999999994169 ) ) ;
#367 = CARTESIAN_POINT ( 'NONE',  ( 0.3379674688103072033, -0.1100000000000001948, -0.1184499999999994169 ) ) ;
#368 = DIRECTION ( 'NONE',  ( -1.000000000000000000, 0.0000000000000000000, -0.0000000000000000000 ) ) ;
#369 = AXIS2_PLACEMENT_3D ( 'NONE', #2662, #2998, #2286 ) ;
#370 = EDGE_CURVE ( 'NONE', #1042, #2299, #2471, .T. ) ;
#371 = ORIENTED_EDGE ( 'NONE', *, *, #1860, .T. ) ;
#372 = CIRCLE ( 'NONE', #3261, 0.03155000000000058452 ) ;
#373 = DIRECTION ( 'NONE',  ( -0.0000000000000000000, 1.000000000000000000, -0.0000000000000000000 ) ) ;
#374 = CARTESIAN_POINT ( 'NONE',  ( 0.08166846881030738470, -0.1100000000000000006, -0.01574999999999998623 ) ) ;
#375 = CYLINDRICAL_SURFACE ( 'NONE', #2507, 0.03155000000000058452 ) ;
#376 = VECTOR ( 'NONE', #185, 39.37007874015748143 ) ;
#377 = VERTEX_POINT ( 'NONE', #1801 ) ;
#378 = CARTESIAN_POINT ( 'NONE',  ( 0.5942664688103074244, -0.1100000000000000006, -0.1842499999999996918 ) ) ;
#379 = FACE_OUTER_BOUND ( 'NONE', #4239, .T. ) ;
#380 = AXIS2_PLACEMENT_3D ( 'NONE', #422, #4380, #1726 ) ;
#381 = FACE_BOUND ( 'NONE', #790, .T. ) ;
#382 = CARTESIAN_POINT ( 'NONE',  ( 0.03796746881030719362, 0.0000000000000000000, -0.04999999999999999584 ) ) ;
#383 = VERTEX_POINT ( 'NONE', #3784 ) ;
#384 = EDGE_CURVE ( 'NONE', #1288, #4055, #1777, .T. ) ;
#385 = EDGE_CURVE ( 'NONE', #2555, #2489, #2804, .T. ) ;
#386 = AXIS2_PLACEMENT_3D ( 'NONE', #1386, #2394, #752 ) ;
#387 = ORIENTED_EDGE ( 'NONE', *, *, #1398, .T. ) ;
#388 = CARTESIAN_POINT ( 'NONE',  ( 0.5379674688103072144, -0.1100000000000001948, -0.1499999999999999944 ) ) ;
#389 = DIRECTION ( 'NONE',  ( -0.0000000000000000000, 1.000000000000000000, -0.0000000000000000000 ) ) ;
#390 = AXIS2_PLACEMENT_3D ( 'NONE', #3383, #4119, #688 ) ;
#391 = CARTESIAN_POINT ( 'NONE',  ( 0.7379674688103072810, 0.0000000000000000000, -0.01844999999999941478 ) ) ;
#392 = VECTOR ( 'NONE', #173, 39.37007874015748143 ) ;
#393 = ORIENTED_EDGE ( 'NONE', *, *, #686, .T. ) ;
#394 = EDGE_CURVE ( 'NONE', #4376, #1235, #3138, .T. ) ;
#395 = AXIS2_PLACEMENT_3D ( 'NONE', #1542, #3937, #3591 ) ;
#396 = ORIENTED_EDGE ( 'NONE', *, *, #43, .T. ) ;
#397 = CARTESIAN_POINT ( 'NONE',  ( 0.5816684688103075374, 0.0000000000000000000, -0.1842499999999996085 ) ) ;
#398 = DIRECTION ( 'NONE',  ( -0.0000000000000000000, 1.000000000000000000, -0.0000000000000000000 ) ) ;
#399 = CARTESIAN_POINT ( 'NONE',  ( 0.008500000000000193165, 0.008500000000000193165, 0.0000000000000000000 ) ) ;
#400 = ORIENTED_EDGE ( 'NONE', *, *, #55, .T. ) ;
#401 = DIRECTION ( 'NONE',  ( -0.3420201433256654933, 0.0000000000000000000, 0.9396926207859095381 ) ) ;
#402 = DIRECTION ( 'NONE',  ( 0.0000000000000000000, 0.0000000000000000000, 1.000000000000000000 ) ) ;
#403 = LINE ( 'NONE', #683, #3202 ) ;
#404 = EDGE_CURVE ( 'NONE', #1781, #1970, #113, .T. ) ;
#405 = DIRECTION ( 'NONE',  ( -0.3420201433256720991, 0.0000000000000000000, 0.9396926207859070956 ) ) ;
#406 = ORIENTED_EDGE ( 'NONE', *, *, #870, .T. ) ;
#407 = ORIENTED_EDGE ( 'NONE', *, *, #2151, .F. ) ;
#408 = CARTESIAN_POINT ( 'NONE',  ( 0.08166846881030742633, 0.0000000000000000000, -0.1842499999999996085 ) ) ;
#409 = EDGE_CURVE ( 'NONE', #3907, #1104, #1618, .T. ) ;
#410 = DIRECTION ( 'NONE',  ( -0.0000000000000000000, 1.000000000000000000, -0.0000000000000000000 ) ) ;
#411 = ORIENTED_EDGE ( 'NONE', *, *, #3849, .F. ) ;
#412 = CARTESIAN_POINT ( 'NONE',  ( 0.7759349376206140514, -0.1100000000000000006, 0.0000000000000000000 ) ) ;
#413 = DIRECTION ( 'NONE',  ( -0.0000000000000000000, 1.000000000000000000, -0.0000000000000000000 ) ) ;
#414 = CARTESIAN_POINT ( 'NONE',  ( 0.2942664688103074355, -0.1100000000000000006, -0.01574999999999998623 ) ) ;
#415 = ORIENTED_EDGE ( 'NONE', *, *, #3892, .T. ) ;
#416 = PRODUCT_DEFINITION_SHAPE ( 'NONE', 'NONE',  #4388 ) ;
#417 = VERTEX_POINT ( 'NONE', #2162 ) ;
#418 = CARTESIAN_POINT ( 'NONE',  ( -0.005732531189692388444, 0.0000000000000000000, -0.1842499999999996918 ) ) ;
#419 = ITEM_DEFINED_TRANSFORMATION ( 'NONE', 'NONE', #2864,  #3786 ) ;
#420 = LINE ( 'NONE', #2398, #1075 ) ;
#421 = PLANE ( 'NONE',  #3348 ) ;
#422 = CARTESIAN_POINT ( 'NONE',  ( 0.1816684688103074319, -0.1100000000000000006, -0.1842499999999996085 ) ) ;
#423 = VECTOR ( 'NONE', #4251, 39.37007874015748143 ) ;
#424 = VERTEX_POINT ( 'NONE', #806 ) ;
#425 = PRODUCT_DEFINITION_CONTEXT ( 'detailed design', #2316, 'design' ) ;
#426 = ORIENTED_EDGE ( 'NONE', *, *, #3548, .F. ) ;
#427 = DIRECTION ( 'NONE',  ( -0.9396926207859095381, 0.0000000000000000000, -0.3420201433256654933 ) ) ;
#428 = DIRECTION ( 'NONE',  ( 0.3420201433256665480, -0.0000000000000000000, 0.9396926207859092051 ) ) ;
#429 = CARTESIAN_POINT ( 'NONE',  ( 0.5379674688103072144, 0.0000000000000000000, -0.1815500000000005998 ) ) ;
#430 = AXIS2_PLACEMENT_3D ( 'NONE', #1056, #325, #1670 ) ;
#431 = EDGE_LOOP ( 'NONE', ( #1250, #3963 ) ) ;
#432 = FACE_OUTER_BOUND ( 'NONE', #2313, .T. ) ;
#433 = VECTOR ( 'NONE', #3820, 39.37007874015748143 ) ;
#434 = LINE ( 'NONE', #4168, #4282 ) ;
#435 = ORIENTED_EDGE ( 'NONE', *, *, #3744, .F. ) ;
#436 = AXIS2_PLACEMENT_3D ( 'NONE', #4262, #817, #1584 ) ;
#437 = ORIENTED_EDGE ( 'NONE', *, *, #1038, .F. ) ;
#438 = ORIENTED_EDGE ( 'NONE', *, *, #1053, .F. ) ;
#439 = AXIS2_PLACEMENT_3D ( 'NONE', #1470, #2521, #4280 ) ;
#440 = VECTOR ( 'NONE', #2024, 39.37007874015748143 ) ;
#441 = ITEM_DEFINED_TRANSFORMATION ( 'NONE', 'NONE', #463,  #3786 ) ;
#442 = DIRECTION ( 'NONE',  ( -1.000000000000000000, 0.0000000000000000000, 4.400897325943014971E-17 ) ) ;
#443 = LINE ( 'NONE', #2463, #1220 ) ;
#444 = PLANE ( 'NONE',  #3358 ) ;
#445 = AXIS2_PLACEMENT_3D ( 'NONE', #4287, #1242, #902 ) ;
#446 = CIRCLE ( 'NONE', #3853, 0.03155000000000058452 ) ;
#447 = ORIENTED_EDGE ( 'NONE', *, *, #2251, .T. ) ;
#448 = AXIS2_PLACEMENT_3D ( 'NONE', #349, #4020, #3718 ) ;
#449 = CARTESIAN_POINT ( 'NONE',  ( 0.2816684688103074374, -0.1100000000000000006, -0.01574999999999998623 ) ) ;
#450 = DIRECTION ( 'NONE',  ( 0.0000000000000000000, 0.0000000000000000000, 1.000000000000000000 ) ) ;
#451 = CARTESIAN_POINT ( 'NONE',  ( 0.3379674688103072033, 4.435068026000317697E-17, -0.01844999999999941478 ) ) ;
#452 = AXIS2_PLACEMENT_3D ( 'NONE', #3645, #201, #3595 ) ;
#453 = PRODUCT_DEFINITION_SHAPE ( 'NONE', 'NONE',  #4396 ) ;
#454 = ORIENTED_EDGE ( 'NONE', *, *, #2851, .F. ) ;
#455 = LINE ( 'NONE', #493, #2120 ) ;
#456 = VECTOR ( 'NONE', #4323, 39.37007874015748143 ) ;
#457 = CIRCLE ( 'NONE', #2933, 0.03155000000000058452 ) ;
#458 = CARTESIAN_POINT ( 'NONE',  ( 0.6379674688103071922, -0.1100000000000001948, -0.04999999999999999584 ) ) ;
#459 = EDGE_CURVE ( 'NONE', #2757, #701, #1540, .T. ) ;
#460 = ORIENTED_EDGE ( 'NONE', *, *, #1927, .F. ) ;
#461 = EDGE_LOOP ( 'NONE', ( #2719, #1874 ) ) ;
#462 = CARTESIAN_POINT ( 'NONE',  ( 0.7379674688103072810, -0.1100000000000001948, -0.1499999999999999944 ) ) ;
#463 = AXIS2_PLACEMENT_3D ( 'NONE', #2960, #3572, #3006 ) ;
#464 = ADVANCED_FACE ( 'NONE', ( #2780 ), #133, .T. ) ;
#465 = CONTEXT_DEPENDENT_SHAPE_REPRESENTATION ( #3579, #666 ) ;
#466 = CARTESIAN_POINT ( 'NONE',  ( 0.07593593762061463803, 0.0000000000000000000, -9.478001694819074349E-34 ) ) ;
#467 = LINE ( 'NONE', #1133, #798 ) ;
#468 = FACE_OUTER_BOUND ( 'NONE', #3377, .T. ) ;
#469 = ORIENTED_EDGE ( 'NONE', *, *, #3539, .T. ) ;
#470 = FACE_OUTER_BOUND ( 'NONE', #2070, .T. ) ;
#471 = DIRECTION ( 'NONE',  ( 1.000000000000000000, 0.0000000000000000000, 0.0000000000000000000 ) ) ;
#472 = CARTESIAN_POINT ( 'NONE',  ( 0.1379674688103071922, -0.1100000000000001948, -0.04999999999999999584 ) ) ;
#473 = ORIENTED_EDGE ( 'NONE', *, *, #547, .T. ) ;
#474 = VERTEX_POINT ( 'NONE', #4120 ) ;
#475 =( NAMED_UNIT ( * ) PLANE_ANGLE_UNIT ( ) SI_UNIT ( $, .RADIAN. ) );
#476 = LINE ( 'NONE', #4207, #2978 ) ;
#477 = CARTESIAN_POINT ( 'NONE',  ( 0.1241961524226974228, 0.0000000000000000000, 0.02900000000000000147 ) ) ;
#478 = VERTEX_POINT ( 'NONE', #3469 ) ;
#479 = VERTEX_POINT ( 'NONE', #1080 ) ;
#480 = PLANE ( 'NONE',  #731 ) ;
#481 = EDGE_CURVE ( 'NONE', #3060, #2531, #1764, .T. ) ;
#482 = EDGE_CURVE ( 'NONE', #588, #60, #2054, .T. ) ;
#483 = DIRECTION ( 'NONE',  ( -1.000000000000000000, -0.0000000000000000000, -0.0000000000000000000 ) ) ;
#484 = DIRECTION ( 'NONE',  ( -1.000000000000000000, -0.0000000000000000000, -0.0000000000000000000 ) ) ;
#485 = DIRECTION ( 'NONE',  ( -1.000000000000000000, -0.0000000000000000000, -0.0000000000000000000 ) ) ;
#486 = EDGE_CURVE ( 'NONE', #838, #2211, #4142, .T. ) ;
#487 = ORIENTED_EDGE ( 'NONE', *, *, #2877, .F. ) ;
#488 = CYLINDRICAL_SURFACE ( 'NONE', #2415, 0.03155000000000058452 ) ;
#489 = CARTESIAN_POINT ( 'NONE',  ( 0.6379674688103071922, -0.1100000000000001948, -0.1815500000000005998 ) ) ;
#490 = ORIENTED_EDGE ( 'NONE', *, *, #3553, .F. ) ;
#491 = EDGE_CURVE ( 'NONE', #2886, #890, #2615, .T. ) ;
#492 = ORIENTED_EDGE ( 'NONE', *, *, #3799, .T. ) ;
#493 = CARTESIAN_POINT ( 'NONE',  ( 0.3942664688103074133, -0.1100000000000000006, -0.1842499999999996918 ) ) ;
#494 = DIRECTION ( 'NONE',  ( 0.0000000000000000000, 0.0000000000000000000, 1.000000000000000000 ) ) ;
#495 = VECTOR ( 'NONE', #3873, 39.37007874015748143 ) ;
#496 = VERTEX_POINT ( 'NONE', #558 ) ;
#497 = EDGE_LOOP ( 'NONE', ( #3488, #3144 ) ) ;
#498 = VECTOR ( 'NONE', #2175, 39.37007874015748854 ) ;
#499 = ORIENTED_EDGE ( 'NONE', *, *, #2814, .F. ) ;
#500 = LINE ( 'NONE', #3642, #792 ) ;
#501 = VECTOR ( 'NONE', #2683, 39.37007874015748854 ) ;
#502 = EDGE_CURVE ( 'NONE', #4385, #3704, #4047, .T. ) ;
#503 = PRESENTATION_LAYER_ASSIGNMENT (  '', '', ( #1078 ) ) ;
#504 = DIRECTION ( 'NONE',  ( 0.0000000000000000000, 0.0000000000000000000, 1.000000000000000000 ) ) ;
#505 = FACE_OUTER_BOUND ( 'NONE', #1813, .T. ) ;
#506 = EDGE_CURVE ( 'NONE', #3374, #713, #3641, .T. ) ;
#507 = VECTOR ( 'NONE', #2715, 39.37007874015748143 ) ;
#508 = ORIENTED_EDGE ( 'NONE', *, *, #156, .F. ) ;
#509 = DIRECTION ( 'NONE',  ( 0.0000000000000000000, 0.0000000000000000000, 1.000000000000000000 ) ) ;
#510 = VECTOR ( 'NONE', #3932, 39.37007874015748143 ) ;
#511 = LINE ( 'NONE', #1262, #3271 ) ;
#512 = DIRECTION ( 'NONE',  ( -0.0000000000000000000, 1.000000000000000000, -0.0000000000000000000 ) ) ;
#513 = ORIENTED_EDGE ( 'NONE', *, *, #182, .F. ) ;
#514 = VECTOR ( 'NONE', #3822, 39.37007874015748854 ) ;
#515 = VECTOR ( 'NONE', #2602, 39.37007874015748143 ) ;
#516 = ORIENTED_EDGE ( 'NONE', *, *, #3604, .T. ) ;
#517 = PLANE ( 'NONE',  #3902 ) ;
#518 = VECTOR ( 'NONE', #1588, 39.37007874015748854 ) ;
#519 = PLANE ( 'NONE',  #4000 ) ;
#520 = ORIENTED_EDGE ( 'NONE', *, *, #2596, .T. ) ;
#521 = CARTESIAN_POINT ( 'NONE',  ( 0.06900000000000108824, 0.0000000000000000000, 0.03599999999999999728 ) ) ;
#522 = ADVANCED_FACE ( 'NONE', ( #863 ), #887, .F. ) ;
#523 = EDGE_CURVE ( 'NONE', #478, #3917, #3550, .T. ) ;
#524 = CARTESIAN_POINT ( 'NONE',  ( 0.09426646881030741054, 0.0000000000000000000, -0.1842499999999996918 ) ) ;
#525 = MECHANICAL_DESIGN_GEOMETRIC_PRESENTATION_REPRESENTATION (  '', ( #2437 ), #2579 ) ;
#526 = ORIENTED_EDGE ( 'NONE', *, *, #3589, .T. ) ;
#527 = DIRECTION ( 'NONE',  ( -0.9659258262890096924, 3.169619151434443987E-17, -0.2588190451027395089 ) ) ;
#528 = DIRECTION ( 'NONE',  ( -0.0000000000000000000, 1.000000000000000000, -0.0000000000000000000 ) ) ;
#529 = VERTEX_POINT ( 'NONE', #3615 ) ;
#530 = CARTESIAN_POINT ( 'NONE',  ( 0.6816684688103075151, -0.1100000000000000006, -0.1842499999999996085 ) ) ;
#531 = DIRECTION ( 'NONE',  ( 0.0000000000000000000, 1.224646799147353207E-16, -1.000000000000000000 ) ) ;
#532 = CARTESIAN_POINT ( 'NONE',  ( 0.7759349376206162718, 0.0000000000000000000, -0.1999999999999996780 ) ) ;
#533 = DIRECTION ( 'NONE',  ( -0.0000000000000000000, 1.000000000000000000, -0.0000000000000000000 ) ) ;
#534 = ORIENTED_EDGE ( 'NONE', *, *, #1090, .F. ) ;
#535 = ORIENTED_EDGE ( 'NONE', *, *, #216, .F. ) ;
#536 = EDGE_CURVE ( 'NONE', #189, #3726, #586, .T. ) ;
#537 = CARTESIAN_POINT ( 'NONE',  ( 0.2379674688103071978, -0.1950000000000011169, -0.1499999999999999944 ) ) ;
#538 = CARTESIAN_POINT ( 'NONE',  ( 0.0000000000000000000, 2.559511810217968930E-18, -0.02090000000000000191 ) ) ;
#539 = DIRECTION ( 'NONE',  ( -0.0000000000000000000, 1.000000000000000000, -0.0000000000000000000 ) ) ;
#540 = VERTEX_POINT ( 'NONE', #2198 ) ;
#541 = EDGE_LOOP ( 'NONE', ( #1479, #2138, #3326, #1076 ) ) ;
#542 = CARTESIAN_POINT ( 'NONE',  ( 2.239553201765118668E-16, 0.0000000000000000000, -0.1999999999999996503 ) ) ;
#543 = ORIENTED_EDGE ( 'NONE', *, *, #3240, .F. ) ;
#544 = CONTEXT_DEPENDENT_SHAPE_REPRESENTATION ( #118, #3286 ) ;
#545 = DIRECTION ( 'NONE',  ( 0.0000000000000000000, 0.0000000000000000000, 1.000000000000000000 ) ) ;
#546 = DIRECTION ( 'NONE',  ( 0.9396926207859080948, 0.0000000000000000000, -0.3420201433256695456 ) ) ;
#547 = EDGE_CURVE ( 'NONE', #3034, #1352, #1224, .T. ) ;
#548 = ORIENTED_EDGE ( 'NONE', *, *, #691, .T. ) ;
#549 =( REPRESENTATION_RELATIONSHIP ('NONE','NONE', #2553, #2107 ) REPRESENTATION_RELATIONSHIP_WITH_TRANSFORMATION ( #3187 )SHAPE_REPRESENTATION_RELATIONSHIP( ) );
#550 = DIRECTION ( 'NONE',  ( -0.0000000000000000000, 1.000000000000000000, -0.0000000000000000000 ) ) ;
#551 = DIRECTION ( 'NONE',  ( -1.000000000000000000, -0.0000000000000000000, -0.0000000000000000000 ) ) ;
#552 = PLANE ( 'NONE',  #445 ) ;
#553 = CARTESIAN_POINT ( 'NONE',  ( 0.2942664688103074355, -0.1100000000000000006, -0.1842499999999996918 ) ) ;
#554 = ORIENTED_EDGE ( 'NONE', *, *, #3507, .T. ) ;
#555 = EDGE_CURVE ( 'NONE', #3774, #3368, #1409, .T. ) ;
#556 = ORIENTED_EDGE ( 'NONE', *, *, #3764, .T. ) ;
#557 = CARTESIAN_POINT ( 'NONE',  ( 0.3379674688103072033, -0.1950000000000011169, -0.04999999999999999584 ) ) ;
#558 = CARTESIAN_POINT ( 'NONE',  ( 0.1759359376206146575, 0.0000000000000000000, -0.1999999999999999833 ) ) ;
#559 = FACE_OUTER_BOUND ( 'NONE', #162, .T. ) ;
#560 = VECTOR ( 'NONE', #3555, 39.37007874015748143 ) ;
#561 = EDGE_CURVE ( 'NONE', #975, #66, #4293, .T. ) ;
#562 = VERTEX_POINT ( 'NONE', #1839 ) ;
#563 = CARTESIAN_POINT ( 'NONE',  ( 0.07593593762061463803, -0.1100000000000000006, -0.1999999999999999833 ) ) ;
#564 = CARTESIAN_POINT ( 'NONE',  ( 0.4379674688103072366, -0.1100000000000001948, -0.04999999999999999584 ) ) ;
#565 = AXIS2_PLACEMENT_3D ( 'NONE', #2373, #4018, #1713 ) ;
#566 = DIRECTION ( 'NONE',  ( 0.0000000000000000000, 0.0000000000000000000, 1.000000000000000000 ) ) ;
#567 = EDGE_CURVE ( 'NONE', #4036, #2757, #839, .T. ) ;
#568 = VECTOR ( 'NONE', #3157, 39.37007874015748143 ) ;
#569 = ORIENTED_EDGE ( 'NONE', *, *, #230, .T. ) ;
#570 = CARTESIAN_POINT ( 'NONE',  ( 0.4999990000000001378, -0.1100000000000000006, 0.0000000000000000000 ) ) ;
#571 = VECTOR ( 'NONE', #4305, 39.37007874015748143 ) ;
#572 = CARTESIAN_POINT ( 'NONE',  ( 0.0000000000000000000, 0.0000000000000000000, 0.0000000000000000000 ) ) ;
#573 = EDGE_CURVE ( 'NONE', #1378, #479, #155, .T. ) ;
#574 = VECTOR ( 'NONE', #2921, 39.37007874015748143 ) ;
#575 = ORIENTED_EDGE ( 'NONE', *, *, #4342, .F. ) ;
#576 = DIRECTION ( 'NONE',  ( 0.0000000000000000000, 0.0000000000000000000, 1.000000000000000000 ) ) ;
#577 = EDGE_CURVE ( 'NONE', #3165, #4300, #2532, .T. ) ;
#578 = DIRECTION ( 'NONE',  ( 1.000000000000000000, 0.0000000000000000000, 0.0000000000000000000 ) ) ;
#579 = ADVANCED_FACE ( 'NONE', ( #3889 ), #517, .F. ) ;
#580 = CARTESIAN_POINT ( 'NONE',  ( 0.09426646881030741054, 0.0000000000000000000, -0.01574999999999998623 ) ) ;
#581 = DIRECTION ( 'NONE',  ( 0.0000000000000000000, 0.0000000000000000000, 1.000000000000000000 ) ) ;
#582 = AXIS2_PLACEMENT_3D ( 'NONE', #4173, #2034, #2435 ) ;
#583 = ORIENTED_EDGE ( 'NONE', *, *, #348, .T. ) ;
#584 = ORIENTED_EDGE ( 'NONE', *, *, #2031, .T. ) ;
#585 = DIRECTION ( 'NONE',  ( 0.0000000000000000000, 0.0000000000000000000, 1.000000000000000000 ) ) ;
#586 = LINE ( 'NONE', #1933, #3327 ) ;
#587 = CIRCLE ( 'NONE', #2924, 0.008500000000000200104 ) ;
#588 = VERTEX_POINT ( 'NONE', #1247 ) ;
#589 = CARTESIAN_POINT ( 'NONE',  ( 0.7759349376206140514, 0.0000000000000000000, 0.0000000000000000000 ) ) ;
#590 = LINE ( 'NONE', #2945, #560 ) ;
#591 = CIRCLE ( 'NONE', #89, 0.03155000000000058452 ) ;
#592 = EDGE_CURVE ( 'NONE', #153, #1534, #1865, .T. ) ;
#593 = DIRECTION ( 'NONE',  ( 0.9396926207859080948, 0.0000000000000000000, -0.3420201433256695456 ) ) ;
#594 = AXIS2_PLACEMENT_3D ( 'NONE', #2813, #796, #2660 ) ;
#595 = AXIS2_PLACEMENT_3D ( 'NONE', #916, #4340, #1321 ) ;
#596 = EDGE_LOOP ( 'NONE', ( #3145, #2048, #1992, #1908 ) ) ;
#597 = EDGE_CURVE ( 'NONE', #2458, #562, #1904, .T. ) ;
#598 = CARTESIAN_POINT ( 'NONE',  ( 0.3816684688103074707, -0.1100000000000000006, -0.1842499999999996085 ) ) ;
#599 = EDGE_CURVE ( 'NONE', #3655, #2185, #2619, .T. ) ;
#600 = CARTESIAN_POINT ( 'NONE',  ( 0.4816684688103075040, 0.0000000000000000000, -0.1842499999999996085 ) ) ;
#601 = PRODUCT_DEFINITION_FORMATION_WITH_SPECIFIED_SOURCE ( 'ANY', '', #4076, .NOT_KNOWN. ) ;
#602 = ORIENTED_EDGE ( 'NONE', *, *, #3518, .T. ) ;
#603 = EDGE_CURVE ( 'NONE', #3428, #3810, #219, .T. ) ;
#604 = FACE_OUTER_BOUND ( 'NONE', #3203, .T. ) ;
#605 = CARTESIAN_POINT ( 'NONE',  ( 0.2251000000000010770, 0.0000000000000000000, 0.0000000000000000000 ) ) ;
#606 = DIRECTION ( 'NONE',  ( -0.0000000000000000000, 0.0000000000000000000, 1.000000000000000000 ) ) ;
#607 = FACE_BOUND ( 'NONE', #3711, .T. ) ;
#608 = ORIENTED_EDGE ( 'NONE', *, *, #2004, .F. ) ;
#609 = ORIENTED_EDGE ( 'NONE', *, *, #4238, .F. ) ;
#610 = DIRECTION ( 'NONE',  ( -0.3420201433256720991, 0.0000000000000000000, 0.9396926207859070956 ) ) ;
#611 = CARTESIAN_POINT ( 'NONE',  ( 0.7759349376206162718, -0.1100000000000000006, -0.1999999999999996780 ) ) ;
#612 = CARTESIAN_POINT ( 'NONE',  ( 0.3379674688103072033, 4.435068026000317697E-17, -0.04999999999999999584 ) ) ;
#613 = ADVANCED_FACE ( 'NONE', ( #2245 ), #1345, .F. ) ;
#614 = ORIENTED_EDGE ( 'NONE', *, *, #2958, .T. ) ;
#615 = FACE_OUTER_BOUND ( 'NONE', #4092, .T. ) ;
#616 = ORIENTED_EDGE ( 'NONE', *, *, #691, .F. ) ;
#617 = DIRECTION ( 'NONE',  ( -0.0000000000000000000, 1.000000000000000000, -0.0000000000000000000 ) ) ;
#618 = EDGE_CURVE ( 'NONE', #474, #3644, #2888, .T. ) ;
#619 = VERTEX_POINT ( 'NONE', #2338 ) ;
#620 = FACE_OUTER_BOUND ( 'NONE', #3482, .T. ) ;
#621 = CARTESIAN_POINT ( 'NONE',  ( 0.0000000000000000000, 3.551475717527324911E-18, -0.02900000000000000147 ) ) ;
#622 = EDGE_CURVE ( 'NONE', #3788, #4135, #1379, .T. ) ;
#623 = ORIENTED_EDGE ( 'NONE', *, *, #1068, .F. ) ;
#624 = CARTESIAN_POINT ( 'NONE',  ( 0.06900000000000110212, 0.0000000000000000000, 0.01150000000000020103 ) ) ;
#625 = DIRECTION ( 'NONE',  ( -1.000000000000000000, 0.0000000000000000000, 4.400897325943014971E-17 ) ) ;
#626 = ORIENTED_EDGE ( 'NONE', *, *, #760, .T. ) ;
#627 = CARTESIAN_POINT ( 'NONE',  ( 0.03796746881030719362, -0.1100000000000001948, -0.1184499999999994169 ) ) ;
#628 = VERTEX_POINT ( 'NONE', #962 ) ;
#629 = EDGE_CURVE ( 'NONE', #1539, #2185, #3, .T. ) ;
#630 = ORIENTED_EDGE ( 'NONE', *, *, #35, .F. ) ;
#631 =( CONVERSION_BASED_UNIT ( 'INCH', #934 ) LENGTH_UNIT ( ) NAMED_UNIT ( #1504 ) );
#632 = LINE ( 'NONE', #1292, #1547 ) ;
#633 = CARTESIAN_POINT ( 'NONE',  ( 0.3379674688103072033, 0.0000000000000000000, -0.1815500000000005998 ) ) ;
#634 = DIRECTION ( 'NONE',  ( -0.0000000000000000000, 1.000000000000000000, -0.0000000000000000000 ) ) ;
#635 = EDGE_CURVE ( 'NONE', #1501, #1311, #3050, .T. ) ;
#636 = ORIENTED_EDGE ( 'NONE', *, *, #1739, .F. ) ;
#637 = CARTESIAN_POINT ( 'NONE',  ( 0.1816684688103074319, 0.0000000000000000000, -0.1842499999999996085 ) ) ;
#638 = DIRECTION ( 'NONE',  ( -1.000000000000000000, -0.0000000000000000000, -0.0000000000000000000 ) ) ;
#639 = CARTESIAN_POINT ( 'NONE',  ( 0.3942664688103074133, -0.1100000000000000006, -0.01574999999999998623 ) ) ;
#640 = ORIENTED_EDGE ( 'NONE', *, *, #2881, .T. ) ;
#641 = CIRCLE ( 'NONE', #3118, 0.03155000000000058452 ) ;
#642 = CARTESIAN_POINT ( 'NONE',  ( 0.2379674688103072255, -0.1100000000000001948, -0.04999999999999999584 ) ) ;
#643 = FACE_OUTER_BOUND ( 'NONE', #2183, .T. ) ;
#644 = ORIENTED_EDGE ( 'NONE', *, *, #3899, .T. ) ;
#645 = VECTOR ( 'NONE', #682, 39.37007874015748143 ) ;
#646 = DIRECTION ( 'NONE',  ( 0.0000000000000000000, 0.0000000000000000000, 1.000000000000000000 ) ) ;
#647 = DIRECTION ( 'NONE',  ( 0.0000000000000000000, 0.0000000000000000000, 1.000000000000000000 ) ) ;
#648 = ORIENTED_EDGE ( 'NONE', *, *, #896, .T. ) ;
#649 = ADVANCED_FACE ( 'NONE', ( #4081 ), #1032, .F. ) ;
#650 = FACE_BOUND ( 'NONE', #1360, .T. ) ;
#651 = ORIENTED_EDGE ( 'NONE', *, *, #384, .F. ) ;
#652 = VERTEX_POINT ( 'NONE', #4056 ) ;
#653 = CARTESIAN_POINT ( 'NONE',  ( 0.06600000000000109945, 0.0000000000000000000, 0.008500000000000200104 ) ) ;
#654 = DIRECTION ( 'NONE',  ( 0.0000000000000000000, 0.0000000000000000000, 1.000000000000000000 ) ) ;
#655 =( CONVERSION_BASED_UNIT ( 'INCH', #2621 ) LENGTH_UNIT ( ) NAMED_UNIT ( #1290 ) );
#656 = VERTEX_POINT ( 'NONE', #4099 ) ;
#657 = VECTOR ( 'NONE', #1051, 39.37007874015748143 ) ;
#658 = ORIENTED_EDGE ( 'NONE', *, *, #1341, .F. ) ;
#659 = CARTESIAN_POINT ( 'NONE',  ( 0.0000000000000000000, -0.1100000000000000006, 0.0000000000000000000 ) ) ;
#660 = LINE ( 'NONE', #1297, #1136 ) ;
#661 = EDGE_CURVE ( 'NONE', #2337, #3494, #632, .T. ) ;
#662 = CARTESIAN_POINT ( 'NONE',  ( 0.6942664688103074022, -0.1100000000000000006, -0.1842499999999996918 ) ) ;
#663 = VECTOR ( 'NONE', #87, 39.37007874015748854 ) ;
#664 = VECTOR ( 'NONE', #4101, 39.37007874015748143 ) ;
#665 = EDGE_LOOP ( 'NONE', ( #891, #3831 ) ) ;
#666 = PRODUCT_DEFINITION_SHAPE ( 'NONE', 'NONE',  #4386 ) ;
#667 = CARTESIAN_POINT ( 'NONE',  ( 0.1816684688103074319, -0.1100000000000000006, -0.1842499999999996085 ) ) ;
#668 = EDGE_CURVE ( 'NONE', #3530, #3278, #292, .T. ) ;
#669 = CIRCLE ( 'NONE', #3143, 0.02900000000000000147 ) ;
#670 = DIRECTION ( 'NONE',  ( -1.000000000000000000, -0.0000000000000000000, -0.0000000000000000000 ) ) ;
#671 = ORIENTED_EDGE ( 'NONE', *, *, #2548, .F. ) ;
#672 = VECTOR ( 'NONE', #3990, 39.37007874015748143 ) ;
#673 = ORIENTED_EDGE ( 'NONE', *, *, #2360, .F. ) ;
#674 = DIRECTION ( 'NONE',  ( 1.000000000000000000, 0.0000000000000000000, 0.0000000000000000000 ) ) ;
#675 = SPHERICAL_SURFACE ( 'NONE', #305, 0.008500000000000194900 ) ;
#676 = VERTEX_POINT ( 'NONE', #984 ) ;
#677 = DIRECTION ( 'NONE',  ( -0.0000000000000000000, 1.000000000000000000, -0.0000000000000000000 ) ) ;
#678 = ORIENTED_EDGE ( 'NONE', *, *, #3739, .F. ) ;
#679 = VECTOR ( 'NONE', #4116, 39.37007874015748143 ) ;
#680 = EDGE_CURVE ( 'NONE', #2211, #1974, #2403, .T. ) ;
#681 = ORIENTED_EDGE ( 'NONE', *, *, #21, .T. ) ;
#682 = DIRECTION ( 'NONE',  ( -0.0000000000000000000, 1.000000000000000000, -0.0000000000000000000 ) ) ;
#683 = CARTESIAN_POINT ( 'NONE',  ( -0.01203253118969264089, -0.1100000000000000006, -0.1842499999999996918 ) ) ;
#684 = CARTESIAN_POINT ( 'NONE',  ( 0.7879674688103074365, -0.1100000000000000006, -0.01574999999999965317 ) ) ;
#685 = DIRECTION ( 'NONE',  ( 0.0000000000000000000, -1.224646799147353207E-16, 1.000000000000000000 ) ) ;
#686 = EDGE_CURVE ( 'NONE', #377, #2947, #320, .T. ) ;
#687 = VERTEX_POINT ( 'NONE', #3309 ) ;
#688 = DIRECTION ( 'NONE',  ( 0.0000000000000000000, 0.0000000000000000000, 1.000000000000000000 ) ) ;
#689 = FACE_OUTER_BOUND ( 'NONE', #3128, .T. ) ;
#690 = FACE_BOUND ( 'NONE', #1295, .T. ) ;
#691 = EDGE_CURVE ( 'NONE', #2951, #1110, #702, .T. ) ;
#692 = ORIENTED_EDGE ( 'NONE', *, *, #4314, .F. ) ;
#693 = CARTESIAN_POINT ( 'NONE',  ( 0.0000000000000000000, -0.1100000000000000006, 0.0000000000000000000 ) ) ;
#694 = DIRECTION ( 'NONE',  ( -0.3420201433256695456, 0.0000000000000000000, -0.9396926207859080948 ) ) ;
#695 = CARTESIAN_POINT ( 'NONE',  ( 0.7816674688103075752, -0.1100000000000000006, -0.01574999999999965317 ) ) ;
#696 = CARTESIAN_POINT ( 'NONE',  ( -0.005732531189692387577, -0.1100000000000000006, -0.1842499999999996918 ) ) ;
#697 = ORIENTED_EDGE ( 'NONE', *, *, #1876, .F. ) ;
#698 = EDGE_CURVE ( 'NONE', #2771, #4229, #4362, .T. ) ;
#699 = DIRECTION ( 'NONE',  ( 1.000000000000000000, 0.0000000000000000000, 0.0000000000000000000 ) ) ;
#700 = ORIENTED_EDGE ( 'NONE', *, *, #125, .F. ) ;
#701 = VERTEX_POINT ( 'NONE', #2647 ) ;
#702 = LINE ( 'NONE', #2023, #2622 ) ;
#703 = LINE ( 'NONE', #3357, #1424 ) ;
#704 = PLANE ( 'NONE',  #1219 ) ;
#705 = EDGE_LOOP ( 'NONE', ( #115, #623 ) ) ;
#706 = EDGE_CURVE ( 'NONE', #1117, #2211, #4012, .T. ) ;
#707 = PRODUCT_DEFINITION_SHAPE ( 'NONE', 'NONE',  #4390 ) ;
#708 = ORIENTED_EDGE ( 'NONE', *, *, #1305, .F. ) ;
#709 = FACE_OUTER_BOUND ( 'NONE', #2022, .T. ) ;
#710 = CARTESIAN_POINT ( 'NONE',  ( 0.3816684688103073597, -0.1100000000000000006, -0.01574999999999998623 ) ) ;
#711 = CARTESIAN_POINT ( 'NONE',  ( 0.06600000000000109945, 0.0000000000000000000, 0.01150000000000020103 ) ) ;
#712 = ADVANCED_FACE ( 'NONE', ( #4032 ), #3399, .F. ) ;
#713 = VERTEX_POINT ( 'NONE', #1641 ) ;
#714 = DIRECTION ( 'NONE',  ( 0.0000000000000000000, 0.0000000000000000000, 1.000000000000000000 ) ) ;
#715 = DIRECTION ( 'NONE',  ( 0.9396926207859104263, 0.0000000000000000000, 0.3420201433256633838 ) ) ;
#716 = ITEM_DEFINED_TRANSFORMATION ( 'NONE', 'NONE', #1033,  #3786 ) ;
#717 = FACE_OUTER_BOUND ( 'NONE', #3922, .T. ) ;
#718 = CARTESIAN_POINT ( 'NONE',  ( 0.3379674688103072033, 4.435068026000317697E-17, -0.04999999999999999584 ) ) ;
#719 = CYLINDRICAL_SURFACE ( 'NONE', #308, 0.03155000000000058452 ) ;
#720 = ORIENTED_EDGE ( 'NONE', *, *, #4159, .T. ) ;
#721 = AXIS2_PLACEMENT_3D ( 'NONE', #449, #2089, #4114 ) ;
#722 = ORIENTED_EDGE ( 'NONE', *, *, #1945, .T. ) ;
#723 = DIRECTION ( 'NONE',  ( 1.000000000000000000, 0.0000000000000000000, -5.421193827719211569E-15 ) ) ;
#724 = DIRECTION ( 'NONE',  ( 1.000000000000000000, 0.0000000000000000000, -5.421193827719211569E-15 ) ) ;
#725 = LINE ( 'NONE', #391, #679 ) ;
#726 = VECTOR ( 'NONE', #2765, 39.37007874015748143 ) ;
#727 = ORIENTED_EDGE ( 'NONE', *, *, #4349, .T. ) ;
#728 = FACE_OUTER_BOUND ( 'NONE', #2011, .T. ) ;
#729 = CARTESIAN_POINT ( 'NONE',  ( 0.7759349376206162718, -0.1100000000000000006, -0.1999999999999996780 ) ) ;
#730 = DIRECTION ( 'NONE',  ( 0.0000000000000000000, 0.0000000000000000000, -1.000000000000000000 ) ) ;
#731 = AXIS2_PLACEMENT_3D ( 'NONE', #611, #1171, #2520 ) ;
#732 = EDGE_LOOP ( 'NONE', ( #681, #4235, #3046, #1128 ) ) ;
#733 = VECTOR ( 'NONE', #3440, 39.37007874015748143 ) ;
#734 = SURFACE_STYLE_USAGE ( .BOTH. , #3409 ) ;
#735 = LINE ( 'NONE', #4093, #4079 ) ;
#736 = CONTEXT_DEPENDENT_SHAPE_REPRESENTATION ( #3815, #416 ) ;
#737 = CARTESIAN_POINT ( 'NONE',  ( 0.3379674688103072033, 4.435068026000317697E-17, -0.1499999999999999944 ) ) ;
#738 = CARTESIAN_POINT ( 'NONE',  ( 0.008500000000000194900, -1.067128122525102820E-18, 0.0000000000000000000 ) ) ;
#739 = CARTESIAN_POINT ( 'NONE',  ( 0.4999990000000001378, -0.1100000000000000006, -0.1999999999999999833 ) ) ;
#740 = ORIENTED_EDGE ( 'NONE', *, *, #4234, .T. ) ;
#741 = AXIS2_PLACEMENT_3D ( 'NONE', #3881, #485, #4197 ) ;
#742 = VERTEX_POINT ( 'NONE', #3007 ) ;
#743 = LINE ( 'NONE', #4161, #1696 ) ;
#744 = CARTESIAN_POINT ( 'NONE',  ( 0.4816684688103073930, -0.1100000000000000006, -0.01574999999999998623 ) ) ;
#745 = AXIS2_PLACEMENT_3D ( 'NONE', #1296, #3335, #3293 ) ;
#746 = CARTESIAN_POINT ( 'NONE',  ( 0.03796746881030719362, 4.435068026000317697E-17, -0.1184499999999994169 ) ) ;
#747 = AXIS2_PLACEMENT_3D ( 'NONE', #1396, #3134, #685 ) ;
#748 = PRODUCT_DEFINITION_FORMATION_WITH_SPECIFIED_SOURCE ( 'ANY', '', #3351, .NOT_KNOWN. ) ;
#749 = ORIENTED_EDGE ( 'NONE', *, *, #680, .F. ) ;
#750 = CARTESIAN_POINT ( 'NONE',  ( 0.7759349376206162718, 0.0000000000000000000, -0.1999999999999996780 ) ) ;
#751 = DIRECTION ( 'NONE',  ( 0.0000000000000000000, 0.0000000000000000000, 1.000000000000000000 ) ) ;
#752 = DIRECTION ( 'NONE',  ( 0.0000000000000000000, 0.0000000000000000000, 1.000000000000000000 ) ) ;
#753 = ORIENTED_EDGE ( 'NONE', *, *, #1869, .T. ) ;
#754 = VERTEX_POINT ( 'NONE', #366 ) ;
#755 = LENGTH_MEASURE_WITH_UNIT ( LENGTH_MEASURE( 0.02539999999999999897 ), #1061 );
#756 = CONTEXT_DEPENDENT_SHAPE_REPRESENTATION ( #2223, #2718 ) ;
#757 = DIRECTION ( 'NONE',  ( 0.0000000000000000000, 0.0000000000000000000, 1.000000000000000000 ) ) ;
#758 = CARTESIAN_POINT ( 'NONE',  ( 0.0000000000000000000, -0.1100000000000000006, 0.0000000000000000000 ) ) ;
#759 = LINE ( 'NONE', #2020, #3074 ) ;
#760 = EDGE_CURVE ( 'NONE', #1705, #2650, #1313, .T. ) ;
#761 = ORIENTED_EDGE ( 'NONE', *, *, #4214, .T. ) ;
#762 = FACE_OUTER_BOUND ( 'NONE', #998, .T. ) ;
#763 = CARTESIAN_POINT ( 'NONE',  ( 0.2379674688103072255, 4.435068026000317697E-17, -0.1499999999999999944 ) ) ;
#764 = VERTEX_POINT ( 'NONE', #3681 ) ;
#765 = EDGE_LOOP ( 'NONE', ( #4357, #1885, #1019, #2514 ) ) ;
#766 = LINE ( 'NONE', #3736, #3500 ) ;
#767 = CARTESIAN_POINT ( 'NONE',  ( 0.008500000000000193165, 0.0000000000000000000, 0.0000000000000000000 ) ) ;
#768 = CARTESIAN_POINT ( 'NONE',  ( 0.7759349376206162718, 0.0000000000000000000, -0.1999999999999996780 ) ) ;
#769 = ORIENTED_EDGE ( 'NONE', *, *, #523, .F. ) ;
#770 = VERTEX_POINT ( 'NONE', #653 ) ;
#771 = ORIENTED_EDGE ( 'NONE', *, *, #555, .F. ) ;
#772 = EDGE_CURVE ( 'NONE', #4328, #754, #917, .T. ) ;
#773 = CARTESIAN_POINT ( 'NONE',  ( 0.1816684688103074319, 0.0000000000000000000, -0.1842499999999996085 ) ) ;
#774 = CYLINDRICAL_SURFACE ( 'NONE', #3855, 0.03155000000000058452 ) ;
#775 = ORIENTED_EDGE ( 'NONE', *, *, #3798, .T. ) ;
#776 = ORIENTED_EDGE ( 'NONE', *, *, #1398, .F. ) ;
#777 = AXIS2_PLACEMENT_3D ( 'NONE', #3180, #413, #2454 ) ;
#778 = CARTESIAN_POINT ( 'NONE',  ( 2.239553201765118668E-16, -0.1100000000000000006, -0.1999999999999996503 ) ) ;
#779 = DIRECTION ( 'NONE',  ( 0.0000000000000000000, 0.0000000000000000000, 1.000000000000000000 ) ) ;
#780 = VECTOR ( 'NONE', #177, 39.37007874015748143 ) ;
#781 = ORIENTED_EDGE ( 'NONE', *, *, #3906, .F. ) ;
#782 = EDGE_CURVE ( 'NONE', #4135, #383, #1334, .T. ) ;
#783 = EDGE_CURVE ( 'NONE', #3788, #2986, #4137, .T. ) ;
#784 = DIRECTION ( 'NONE',  ( 1.000000000000000000, 0.0000000000000000000, -5.421193827719211569E-15 ) ) ;
#785 = VECTOR ( 'NONE', #674, 39.37007874015748143 ) ;
#786 = LINE ( 'NONE', #2410, #1023 ) ;
#787 = AXIS2_PLACEMENT_3D ( 'NONE', #2994, #3626, #2328 ) ;
#788 = ORIENTED_EDGE ( 'NONE', *, *, #2093, .T. ) ;
#789 = EDGE_CURVE ( 'NONE', #2931, #1378, #1158, .T. ) ;
#790 = EDGE_LOOP ( 'NONE', ( #195, #4141 ) ) ;
#791 = FACE_OUTER_BOUND ( 'NONE', #3876, .T. ) ;
#792 = VECTOR ( 'NONE', #4194, 39.37007874015748143 ) ;
#793 = AXIS2_PLACEMENT_3D ( 'NONE', #3061, #3387, #714 ) ;
#794 = DIRECTION ( 'NONE',  ( -0.0000000000000000000, 1.000000000000000000, -0.0000000000000000000 ) ) ;
#795 = FACE_OUTER_BOUND ( 'NONE', #1456, .T. ) ;
#796 = DIRECTION ( 'NONE',  ( 0.9396926207859104263, 0.0000000000000000000, 0.3420201433256633838 ) ) ;
#797 = ORIENTED_EDGE ( 'NONE', *, *, #2246, .F. ) ;
#798 = VECTOR ( 'NONE', #1765, 39.37007874015748143 ) ;
#799 = DIRECTION ( 'NONE',  ( 0.3420201433256665480, -0.0000000000000000000, 0.9396926207859092051 ) ) ;
#800 = CARTESIAN_POINT ( 'NONE',  ( 0.0000000000000000000, -0.1100000000000000006, 0.0000000000000000000 ) ) ;
#801 = CARTESIAN_POINT ( 'NONE',  ( 0.008500000000000193165, 0.0000000000000000000, 0.0000000000000000000 ) ) ;
#802 = ORIENTED_EDGE ( 'NONE', *, *, #1385, .T. ) ;
#803 = VECTOR ( 'NONE', #1628, 39.37007874015748143 ) ;
#804 = PRODUCT_DEFINITION_SHAPE ( 'NONE', 'NONE',  #4400 ) ;
#805 = VERTEX_POINT ( 'NONE', #1814 ) ;
#806 = CARTESIAN_POINT ( 'NONE',  ( 0.4759359376206147019, 0.0000000000000000000, -0.1999999999999999833 ) ) ;
#807 = STYLED_ITEM ( 'NONE', ( #154 ), #1586 ) ;
#808 = FACE_OUTER_BOUND ( 'NONE', #4045, .T. ) ;
#809 = EDGE_CURVE ( 'NONE', #652, #1108, #3753, .T. ) ;
#810 = ORIENTED_EDGE ( 'NONE', *, *, #2209, .T. ) ;
#811 = ORIENTED_EDGE ( 'NONE', *, *, #1945, .F. ) ;
#812 = CARTESIAN_POINT ( 'NONE',  ( 0.08500000000000113021, 0.0000000000000000000, 0.0000000000000000000 ) ) ;
#813 = SPHERICAL_SURFACE ( 'NONE', #439, 0.008500000000000194900 ) ;
#814 = CARTESIAN_POINT ( 'NONE',  ( 0.5759359376206146797, -0.1100000000000000006, -9.478001694819074349E-34 ) ) ;
#815 = DIRECTION ( 'NONE',  ( -1.000000000000000000, -0.0000000000000000000, -0.0000000000000000000 ) ) ;
#816 = ORIENTED_EDGE ( 'NONE', *, *, #269, .F. ) ;
#817 = DIRECTION ( 'NONE',  ( -0.0000000000000000000, 1.000000000000000000, -0.0000000000000000000 ) ) ;
#818 = ADVANCED_FACE ( 'NONE', ( #3109 ), #3422, .T. ) ;
#819 = CARTESIAN_POINT ( 'NONE',  ( 0.08166846881030738470, 0.0000000000000000000, -0.01574999999999998623 ) ) ;
#820 = LINE ( 'NONE', #3176, #392 ) ;
#821 = ORIENTED_EDGE ( 'NONE', *, *, #1287, .T. ) ;
#822 = ORIENTED_EDGE ( 'NONE', *, *, #635, .T. ) ;
#823 = CARTESIAN_POINT ( 'NONE',  ( 0.6816684688103075151, -0.1100000000000000006, -0.1842499999999996085 ) ) ;
#824 = DIRECTION ( 'NONE',  ( -0.0000000000000000000, 1.000000000000000000, -0.0000000000000000000 ) ) ;
#825 = ORIENTED_EDGE ( 'NONE', *, *, #2851, .T. ) ;
#826 = ORIENTED_EDGE ( 'NONE', *, *, #3434, .F. ) ;
#827 = ADVANCED_FACE ( 'NONE', ( #762 ), #2109, .F. ) ;
#828 = FACE_OUTER_BOUND ( 'NONE', #3224, .T. ) ;
#829 = DIRECTION ( 'NONE',  ( -4.400897325943014971E-17, 0.0000000000000000000, -1.000000000000000000 ) ) ;
#830 = DIRECTION ( 'NONE',  ( -0.0000000000000000000, 1.000000000000000000, -0.0000000000000000000 ) ) ;
#831 = ORIENTED_EDGE ( 'NONE', *, *, #1468, .T. ) ;
#832 = DIRECTION ( 'NONE',  ( 0.0000000000000000000, 0.0000000000000000000, 1.000000000000000000 ) ) ;
#833 = EDGE_CURVE ( 'NONE', #2951, #383, #1796, .T. ) ;
#834 = CARTESIAN_POINT ( 'NONE',  ( 0.2251000000000010770, 0.0000000000000000000, 0.0000000000000000000 ) ) ;
#835 = LINE ( 'NONE', #1861, #942 ) ;
#836 = VERTEX_POINT ( 'NONE', #1440 ) ;
#837 = ADVANCED_FACE ( 'NONE', ( #2754 ), #63, .T. ) ;
#838 = VERTEX_POINT ( 'NONE', #1415 ) ;
#839 = LINE ( 'NONE', #3237, #996 ) ;
#840 = DIRECTION ( 'NONE',  ( -0.9396926207859092051, 0.0000000000000000000, 0.3420201433256665480 ) ) ;
#841 = AXIS2_PLACEMENT_3D ( 'NONE', #2759, #1166, #2516 ) ;
#842 = ORIENTED_EDGE ( 'NONE', *, *, #156, .T. ) ;
#843 = AXIS2_PLACEMENT_3D ( 'NONE', #3356, #1664, #4383 ) ;
#844 = CARTESIAN_POINT ( 'NONE',  ( 0.0000000000000000000, 0.0000000000000000000, 0.008500000000000196634 ) ) ;
#845 = DIRECTION ( 'NONE',  ( 1.000000000000000000, 0.0000000000000000000, 0.0000000000000000000 ) ) ;
#846 = ORIENTED_EDGE ( 'NONE', *, *, #974, .F. ) ;
#847 = ITEM_DEFINED_TRANSFORMATION ( 'NONE', 'NONE', #4013,  #3786 ) ;
#848 = LINE ( 'NONE', #2169, #2703 ) ;
#849 = CARTESIAN_POINT ( 'NONE',  ( 0.0000000000000000000, -0.1100000000000000006, 0.0000000000000000000 ) ) ;
#850 = AXIS2_PLACEMENT_3D ( 'NONE', #3496, #1807, #3556 ) ;
#851 = EDGE_CURVE ( 'NONE', #90, #890, #2130, .T. ) ;
#852 = ADVANCED_FACE ( 'NONE', ( #2447 ), #3801, .F. ) ;
#853 = ORIENTED_EDGE ( 'NONE', *, *, #1017, .T. ) ;
#854 =( REPRESENTATION_RELATIONSHIP ('NONE','NONE', #2553, #2107 ) REPRESENTATION_RELATIONSHIP_WITH_TRANSFORMATION ( #1851 )SHAPE_REPRESENTATION_RELATIONSHIP( ) );
#855 = CARTESIAN_POINT ( 'NONE',  ( 0.2251000000000010770, 0.0000000000000000000, 0.0000000000000000000 ) ) ;
#856 = AXIS2_PLACEMENT_3D ( 'NONE', #2448, #128, #450 ) ;
#857 = DIRECTION ( 'NONE',  ( 1.000000000000000000, 0.0000000000000000000, -5.421193827719211569E-15 ) ) ;
#858 = DIRECTION ( 'NONE',  ( -0.0000000000000000000, 1.000000000000000000, -0.0000000000000000000 ) ) ;
#859 = ORIENTED_EDGE ( 'NONE', *, *, #1139, .T. ) ;
#860 = VECTOR ( 'NONE', #4249, 39.37007874015748143 ) ;
#861 = ORIENTED_EDGE ( 'NONE', *, *, #3995, .F. ) ;
#862 = DIRECTION ( 'NONE',  ( 1.224646799147353207E-16, 1.000000000000000000, 0.0000000000000000000 ) ) ;
#863 = FACE_OUTER_BOUND ( 'NONE', #2432, .T. ) ;
#864 = AXIS2_PLACEMENT_3D ( 'NONE', #1375, #677, #1412 ) ;
#865 = CARTESIAN_POINT ( 'NONE',  ( -0.005732531189692388444, -0.1100000000000000006, -0.1842499999999996918 ) ) ;
#866 = EDGE_CURVE ( 'NONE', #126, #337, #3462, .T. ) ;
#867 = VECTOR ( 'NONE', #2379, 39.37007874015748143 ) ;
#868 = VERTEX_POINT ( 'NONE', #1771 ) ;
#869 = CARTESIAN_POINT ( 'NONE',  ( 0.7379674688103072810, -0.1100000000000001948, -0.1815500000000005998 ) ) ;
#870 = EDGE_CURVE ( 'NONE', #1855, #344, #3057, .T. ) ;
#871 =( GEOMETRIC_REPRESENTATION_CONTEXT ( 3 ) GLOBAL_UNCERTAINTY_ASSIGNED_CONTEXT ( ( #3443 ) ) GLOBAL_UNIT_ASSIGNED_CONTEXT ( ( #176, #2869, #1524 ) ) REPRESENTATION_CONTEXT ( 'NONE', 'WORKASPACE' ) );
#872 = AXIS2_PLACEMENT_3D ( 'NONE', #763, #4085, #2111 ) ;
#873 = ORIENTED_EDGE ( 'NONE', *, *, #4263, .F. ) ;
#874 = PRODUCT_DEFINITION_FORMATION_WITH_SPECIFIED_SOURCE ( 'ANY', '', #3741, .NOT_KNOWN. ) ;
#875 = DIRECTION ( 'NONE',  ( 0.9396926207859080948, 0.0000000000000000000, -0.3420201433256695456 ) ) ;
#876 = EDGE_CURVE ( 'NONE', #337, #1117, #1457, .T. ) ;
#877 = CARTESIAN_POINT ( 'NONE',  ( 0.3379674688103072033, 0.0000000000000000000, -0.04999999999999999584 ) ) ;
#878 = ORIENTED_EDGE ( 'NONE', *, *, #1010, .T. ) ;
#879 = DIRECTION ( 'NONE',  ( -0.0000000000000000000, 1.000000000000000000, -0.0000000000000000000 ) ) ;
#880 = CARTESIAN_POINT ( 'NONE',  ( 0.2379674688103072255, -0.1100000000000001948, -0.1499999999999999944 ) ) ;
#881 = LINE ( 'NONE', #212, #3622 ) ;
#882 = EDGE_CURVE ( 'NONE', #1095, #3278, #743, .T. ) ;
#883 = FACE_OUTER_BOUND ( 'NONE', #4354, .T. ) ;
#884 = EDGE_LOOP ( 'NONE', ( #2614, #2195, #1180, #2 ) ) ;
#885 = EDGE_LOOP ( 'NONE', ( #4261, #3466 ) ) ;
#886 = DIRECTION ( 'NONE',  ( 0.0000000000000000000, 0.0000000000000000000, 1.000000000000000000 ) ) ;
#887 = CYLINDRICAL_SURFACE ( 'NONE', #2412, 0.03155000000000058452 ) ;
#888 = EDGE_CURVE ( 'NONE', #1740, #3317, #364, .T. ) ;
#889 = DIRECTION ( 'NONE',  ( 1.000000000000000000, 0.0000000000000000000, -5.421193827719211569E-15 ) ) ;
#890 = VERTEX_POINT ( 'NONE', #2066 ) ;
#891 = ORIENTED_EDGE ( 'NONE', *, *, #459, .F. ) ;
#892 = CARTESIAN_POINT ( 'NONE',  ( 0.1816684688103074041, 0.0000000000000000000, -0.01574999999999998623 ) ) ;
#893 = LINE ( 'NONE', #202, #3894 ) ;
#894 = CARTESIAN_POINT ( 'NONE',  ( 0.5759359376206146797, -0.1100000000000000006, -0.1999999999999999833 ) ) ;
#895 = ORIENTED_EDGE ( 'NONE', *, *, #3249, .T. ) ;
#896 = EDGE_CURVE ( 'NONE', #3359, #1936, #3506, .T. ) ;
#897 = CARTESIAN_POINT ( 'NONE',  ( 0.6999990000000000379, -0.1100000000000000006, 0.0000000000000000000 ) ) ;
#898 = LINE ( 'NONE', #1257, #3493 ) ;
#899 = ORIENTED_EDGE ( 'NONE', *, *, #348, .F. ) ;
#900 = LINE ( 'NONE', #2927, #1004 ) ;
#901 = DIRECTION ( 'NONE',  ( 0.0000000000000000000, 0.0000000000000000000, 1.000000000000000000 ) ) ;
#902 = DIRECTION ( 'NONE',  ( 1.000000000000000000, 0.0000000000000000000, -0.0000000000000000000 ) ) ;
#903 = DIRECTION ( 'NONE',  ( 0.0000000000000000000, 0.0000000000000000000, 1.000000000000000000 ) ) ;
#904 = ORIENTED_EDGE ( 'NONE', *, *, #1919, .T. ) ;
#905 = PRODUCT_DEFINITION_SHAPE ( 'NONE', 'NONE',  #4401 ) ;
#906 = ORIENTED_EDGE ( 'NONE', *, *, #4234, .F. ) ;
#907 = CARTESIAN_POINT ( 'NONE',  ( 0.03796746881030718668, -0.1950000000000011169, -0.04999999999999999584 ) ) ;
#908 = DIRECTION ( 'NONE',  ( -1.000000000000000000, -0.0000000000000000000, -0.0000000000000000000 ) ) ;
#909 = CARTESIAN_POINT ( 'NONE',  ( 0.4379674688103072366, 0.0000000000000000000, -0.1815500000000005998 ) ) ;
#910 = VECTOR ( 'NONE', #941, 39.37007874015748143 ) ;
#911 = ADVANCED_FACE ( 'NONE', ( #470 ), #1730, .F. ) ;
#912 = ORIENTED_EDGE ( 'NONE', *, *, #1363, .F. ) ;
#913 = DIRECTION ( 'NONE',  ( -1.000000000000000000, -0.0000000000000000000, -0.0000000000000000000 ) ) ;
#914 = DIRECTION ( 'NONE',  ( 0.0000000000000000000, 0.0000000000000000000, 1.000000000000000000 ) ) ;
#915 = AXIS2_PLACEMENT_3D ( 'NONE', #3807, #2096, #3116 ) ;
#916 = CARTESIAN_POINT ( 'NONE',  ( 0.7379674688103072810, 0.0000000000000000000, -0.1499999999999999944 ) ) ;
#917 = CIRCLE ( 'NONE', #843, 0.03155000000000058452 ) ;
#918 = EDGE_CURVE ( 'NONE', #3810, #1317, #4200, .T. ) ;
#919 = ADVANCED_FACE ( 'NONE', ( #3214 ), #2509, .F. ) ;
#920 = ORIENTED_EDGE ( 'NONE', *, *, #43, .F. ) ;
#921 = FACE_OUTER_BOUND ( 'NONE', #3362, .T. ) ;
#922 = AXIS2_PLACEMENT_3D ( 'NONE', #3953, #210, #576 ) ;
#923 = CARTESIAN_POINT ( 'NONE',  ( 0.08500000000000113021, 0.0000000000000000000, 0.03599999999999999728 ) ) ;
#924 = AXIS2_PLACEMENT_3D ( 'NONE', #2969, #4127, #2476 ) ;
#925 = ORIENTED_EDGE ( 'NONE', *, *, #1464, .T. ) ;
#926 = CARTESIAN_POINT ( 'NONE',  ( 0.4759359376206147019, -0.1100000000000000006, -9.478001694819074349E-34 ) ) ;
#927 = CARTESIAN_POINT ( 'NONE',  ( 0.6942664688103074022, -0.1100000000000000006, -0.1842499999999996918 ) ) ;
#928 = DIRECTION ( 'NONE',  ( -0.0000000000000000000, 1.000000000000000000, -0.0000000000000000000 ) ) ;
#929 = CARTESIAN_POINT ( 'NONE',  ( 0.6816684688103075151, -0.1100000000000000006, -0.01574999999999998623 ) ) ;
#930 = AXIS2_PLACEMENT_3D ( 'NONE', #684, #342, #2320 ) ;
#931 = ORIENTED_EDGE ( 'NONE', *, *, #385, .F. ) ;
#932 = ORIENTED_EDGE ( 'NONE', *, *, #567, .T. ) ;
#933 = VECTOR ( 'NONE', #2399, 39.37007874015748143 ) ;
#934 = LENGTH_MEASURE_WITH_UNIT ( LENGTH_MEASURE( 0.02539999999999999897 ), #2515 );
#935 = DIRECTION ( 'NONE',  ( -0.0000000000000000000, 1.000000000000000000, -0.0000000000000000000 ) ) ;
#936 = CARTESIAN_POINT ( 'NONE',  ( 0.3942664688103074133, -0.1100000000000000006, -0.01574999999999998623 ) ) ;
#937 = EDGE_CURVE ( 'NONE', #3096, #281, #1069, .T. ) ;
#938 = AXIS2_PLACEMENT_3D ( 'NONE', #1648, #326, #1982 ) ;
#939 = EDGE_LOOP ( 'NONE', ( #859, #4049 ) ) ;
#940 = CARTESIAN_POINT ( 'NONE',  ( 0.6379674688103071922, -0.1100000000000001948, -0.04999999999999999584 ) ) ;
#941 = DIRECTION ( 'NONE',  ( -0.3420201433256694346, -0.0000000000000000000, -0.9396926207859080948 ) ) ;
#942 = VECTOR ( 'NONE', #4202, 39.37007874015748143 ) ;
#943 = CARTESIAN_POINT ( 'NONE',  ( 0.08500000000000113021, 3.735172737399426715E-18, -0.03049999999999999586 ) ) ;
#944 = ADVANCED_FACE ( 'NONE', ( #1176 ), #1498, .T. ) ;
#945 = AXIS2_PLACEMENT_3D ( 'NONE', #3343, #3743, #309 ) ;
#946 = VECTOR ( 'NONE', #1423, 39.37007874015748143 ) ;
#947 = EDGE_LOOP ( 'NONE', ( #3320, #145 ) ) ;
#948 = CARTESIAN_POINT ( 'NONE',  ( 0.0000000000000000000, -0.1100000000000000006, 0.0000000000000000000 ) ) ;
#949 = AXIS2_PLACEMENT_3D ( 'NONE', #4209, #840, #1803 ) ;
#950 = DIRECTION ( 'NONE',  ( 1.000000000000000000, 0.0000000000000000000, -0.0000000000000000000 ) ) ;
#951 = EDGE_CURVE ( 'NONE', #3165, #1326, #1623, .T. ) ;
#952 = AXIS2_PLACEMENT_3D ( 'NONE', #1040, #2393, #3737 ) ;
#953 = ORIENTED_EDGE ( 'NONE', *, *, #3574, .F. ) ;
#954 = FACE_OUTER_BOUND ( 'NONE', #2382, .T. ) ;
#955 = LINE ( 'NONE', #2312, #3845 ) ;
#956 = ORIENTED_EDGE ( 'NONE', *, *, #2026, .F. ) ;
#957 = CARTESIAN_POINT ( 'NONE',  ( 0.6379674688103071922, 0.0000000000000000000, -0.04999999999999999584 ) ) ;
#958 = ORIENTED_EDGE ( 'NONE', *, *, #2348, .T. ) ;
#959 = ORIENTED_EDGE ( 'NONE', *, *, #536, .F. ) ;
#960 = ADVANCED_FACE ( 'NONE', ( #1858 ), #488, .F. ) ;
#961 = DIRECTION ( 'NONE',  ( 1.224646799147353207E-16, 1.000000000000000000, 0.0000000000000000000 ) ) ;
#962 = CARTESIAN_POINT ( 'NONE',  ( 0.6999990000000000379, -0.1100000000000000006, -0.1999999999999999833 ) ) ;
#963 = LINE ( 'NONE', #2367, #1917 ) ;
#964 = CARTESIAN_POINT ( 'NONE',  ( 0.1379674688103071922, 4.435068026000317697E-17, -0.01844999999999941478 ) ) ;
#965 = ORIENTED_EDGE ( 'NONE', *, *, #491, .T. ) ;
#966 = VERTEX_POINT ( 'NONE', #2862 ) ;
#967 = DIRECTION ( 'NONE',  ( -0.3420201433256720991, 0.0000000000000000000, 0.9396926207859070956 ) ) ;
#968 = CARTESIAN_POINT ( 'NONE',  ( 0.4379674688103072366, -0.1100000000000001948, -0.1184499999999994169 ) ) ;
#969 = FACE_OUTER_BOUND ( 'NONE', #1229, .T. ) ;
#970 = ORIENTED_EDGE ( 'NONE', *, *, #3142, .F. ) ;
#971 = EDGE_CURVE ( 'NONE', #2205, #52, #2526, .T. ) ;
#972 = DIRECTION ( 'NONE',  ( -0.3420201433256720991, 0.0000000000000000000, 0.9396926207859070956 ) ) ;
#973 = DIRECTION ( 'NONE',  ( 0.0000000000000000000, 0.0000000000000000000, 1.000000000000000000 ) ) ;
#974 = EDGE_CURVE ( 'NONE', #337, #2174, #238, .T. ) ;
#975 = VERTEX_POINT ( 'NONE', #171 ) ;
#976 = CARTESIAN_POINT ( 'NONE',  ( -0.01203253118969264436, -0.1100000000000000006, -0.01574999999999999664 ) ) ;
#977 = FACE_OUTER_BOUND ( 'NONE', #4024, .T. ) ;
#978 = EDGE_LOOP ( 'NONE', ( #4028, #2126, #2580, #3570 ) ) ;
#979 = PRODUCT_DEFINITION_SHAPE ( 'NONE', 'NONE',  #353 ) ;
#980 = FACE_BOUND ( 'NONE', #2371, .T. ) ;
#981 = ORIENTED_EDGE ( 'NONE', *, *, #3878, .F. ) ;
#982 = EDGE_CURVE ( 'NONE', #3428, #4184, #2237, .T. ) ;
#983 = ORIENTED_EDGE ( 'NONE', *, *, #1748, .F. ) ;
#984 = CARTESIAN_POINT ( 'NONE',  ( 0.008500000000000193165, 0.0000000000000000000, 0.008500000000000193165 ) ) ;
#985 = DIRECTION ( 'NONE',  ( 0.0000000000000000000, 0.0000000000000000000, 1.000000000000000000 ) ) ;
#986 = LINE ( 'NONE', #909, #2439 ) ;
#987 = EDGE_CURVE ( 'NONE', #344, #1855, #2626, .T. ) ;
#988 = ORIENTED_EDGE ( 'NONE', *, *, #1139, .F. ) ;
#989 = DIRECTION ( 'NONE',  ( -0.0000000000000000000, 1.000000000000000000, -0.0000000000000000000 ) ) ;
#990 = DIRECTION ( 'NONE',  ( 0.3420201433256664925, 0.0000000000000000000, 0.9396926207859092051 ) ) ;
#991 = DIRECTION ( 'NONE',  ( -1.000000000000000000, 0.0000000000000000000, 4.400897325943014971E-17 ) ) ;
#992 = EDGE_LOOP ( 'NONE', ( #411, #3304 ) ) ;
#993 = AXIS2_PLACEMENT_3D ( 'NONE', #4167, #1821, #751 ) ;
#994 = CARTESIAN_POINT ( 'NONE',  ( 0.3379674688103072033, 4.435068026000317697E-17, -0.1815500000000005998 ) ) ;
#995 = FACE_OUTER_BOUND ( 'NONE', #1222, .T. ) ;
#996 = VECTOR ( 'NONE', #3289, 39.37007874015748143 ) ;
#997 = ADVANCED_FACE ( 'NONE', ( #1833 ), #149, .F. ) ;
#998 = EDGE_LOOP ( 'NONE', ( #3173, #2218, #692, #3120 ) ) ;
#999 = DIRECTION ( 'NONE',  ( 0.0000000000000000000, 0.0000000000000000000, 1.000000000000000000 ) ) ;
#1000 = FACE_BOUND ( 'NONE', #215, .T. ) ;
#1001 = ORIENTED_EDGE ( 'NONE', *, *, #4189, .F. ) ;
#1002 = CARTESIAN_POINT ( 'NONE',  ( 0.2999990000000001267, 0.0000000000000000000, 0.0000000000000000000 ) ) ;
#1003 = ORIENTED_EDGE ( 'NONE', *, *, #1937, .F. ) ;
#1004 = VECTOR ( 'NONE', #3043, 39.37007874015748143 ) ;
#1005 = EDGE_LOOP ( 'NONE', ( #2407, #2824, #314, #4224 ) ) ;
#1006 = DIRECTION ( 'NONE',  ( -1.000000000000000000, -0.0000000000000000000, -0.0000000000000000000 ) ) ;
#1007 = VECTOR ( 'NONE', #232, 39.37007874015748854 ) ;
#1008 = CARTESIAN_POINT ( 'NONE',  ( 0.3379674688103072033, 0.0000000000000000000, -0.1499999999999999944 ) ) ;
#1009 = DIRECTION ( 'NONE',  ( 0.0000000000000000000, 0.0000000000000000000, 1.000000000000000000 ) ) ;
#1010 = EDGE_CURVE ( 'NONE', #2537, #4113, #4243, .T. ) ;
#1011 = VECTOR ( 'NONE', #1151, 39.37007874015748143 ) ;
#1012 = ORIENTED_EDGE ( 'NONE', *, *, #2121, .T. ) ;
#1013 = CARTESIAN_POINT ( 'NONE',  ( 0.7379674688103072810, 4.435068026000317697E-17, -0.04999999999999999584 ) ) ;
#1014 = DIRECTION ( 'NONE',  ( -1.000000000000000000, -0.0000000000000000000, -0.0000000000000000000 ) ) ;
#1015 = LINE ( 'NONE', #1254, #515 ) ;
#1016 = AXIS2_PLACEMENT_3D ( 'NONE', #3303, #239, #625 ) ;
#1017 = EDGE_CURVE ( 'NONE', #2389, #3629, #4059, .T. ) ;
#1018 = AXIS2_PLACEMENT_3D ( 'NONE', #2383, #2733, #362 ) ;
#1019 = ORIENTED_EDGE ( 'NONE', *, *, #3828, .T. ) ;
#1020 = DIRECTION ( 'NONE',  ( 0.3420201433256665480, -0.0000000000000000000, 0.9396926207859092051 ) ) ;
#1021 = VECTOR ( 'NONE', #2634, 39.37007874015748143 ) ;
#1022 = CARTESIAN_POINT ( 'NONE',  ( 0.08166846881030738470, 0.0000000000000000000, -0.01574999999999998623 ) ) ;
#1023 = VECTOR ( 'NONE', #11, 39.37007874015748143 ) ;
#1024 = CARTESIAN_POINT ( 'NONE',  ( 0.6379674688103071922, -0.1100000000000001948, -0.1499999999999999944 ) ) ;
#1025 = FACE_BOUND ( 'NONE', #939, .T. ) ;
#1026 = ORIENTED_EDGE ( 'NONE', *, *, #3513, .F. ) ;
#1027 = DIRECTION ( 'NONE',  ( -0.0000000000000000000, 1.000000000000000000, -0.0000000000000000000 ) ) ;
#1028 = ORIENTED_EDGE ( 'NONE', *, *, #2897, .T. ) ;
#1029 = VECTOR ( 'NONE', #3015, 39.37007874015748143 ) ;
#1030 = ORIENTED_EDGE ( 'NONE', *, *, #55, .F. ) ;
#1031 = EDGE_CURVE ( 'NONE', #3871, #3453, #3192, .T. ) ;
#1032 = CYLINDRICAL_SURFACE ( 'NONE', #1274, 0.03155000000000058452 ) ;
#1033 = AXIS2_PLACEMENT_3D ( 'NONE', #907, #291, #2646 ) ;
#1034 = DIRECTION ( 'NONE',  ( -0.0000000000000000000, 1.000000000000000000, -0.0000000000000000000 ) ) ;
#1035 = CARTESIAN_POINT ( 'NONE',  ( 0.2816684688103074374, -0.1100000000000000006, -0.1842499999999996085 ) ) ;
#1036 = ORIENTED_EDGE ( 'NONE', *, *, #4214, .F. ) ;
#1037 = VERTEX_POINT ( 'NONE', #1923 ) ;
#1038 = EDGE_CURVE ( 'NONE', #1996, #1122, #3231, .T. ) ;
#1039 = LINE ( 'NONE', #397, #1573 ) ;
#1040 = CARTESIAN_POINT ( 'NONE',  ( 0.08166846881030742633, -0.1100000000000000006, -0.1842499999999996085 ) ) ;
#1041 = CARTESIAN_POINT ( 'NONE',  ( 0.3816684688103073597, -0.1100000000000000006, -0.01574999999999998623 ) ) ;
#1042 = VERTEX_POINT ( 'NONE', #2543 ) ;
#1043 = CARTESIAN_POINT ( 'NONE',  ( 0.7759349376206162718, 0.0000000000000000000, -0.1999999999999996780 ) ) ;
#1044 = EDGE_CURVE ( 'NONE', #2593, #3165, #3059, .T. ) ;
#1045 = APPLICATION_PROTOCOL_DEFINITION ( 'draft international standard', 'automotive_design', 1998, #1619 ) ;
#1046 = CARTESIAN_POINT ( 'NONE',  ( 0.2379674688103072255, 0.0000000000000000000, -0.08155000000000058036 ) ) ;
#1047 = DIRECTION ( 'NONE',  ( 0.0000000000000000000, 1.000000000000000000, 0.0000000000000000000 ) ) ;
#1048 = CARTESIAN_POINT ( 'NONE',  ( 0.03796746881030720056, -0.1100000000000001948, -0.08155000000000058036 ) ) ;
#1049 = ORIENTED_EDGE ( 'NONE', *, *, #2167, .F. ) ;
#1050 = CARTESIAN_POINT ( 'NONE',  ( 0.2816684688103074374, 0.0000000000000000000, -0.01574999999999998623 ) ) ;
#1051 = DIRECTION ( 'NONE',  ( -0.0000000000000000000, 1.000000000000000000, -0.0000000000000000000 ) ) ;
#1052 = CARTESIAN_POINT ( 'NONE',  ( 0.1816684688103074041, -0.1100000000000000006, -0.01574999999999998623 ) ) ;
#1053 = EDGE_CURVE ( 'NONE', #1466, #764, #3612, .T. ) ;
#1054 = ORIENTED_EDGE ( 'NONE', *, *, #1186, .F. ) ;
#1055 =( CONVERSION_BASED_UNIT ( 'INCH', #4103 ) LENGTH_UNIT ( ) NAMED_UNIT ( #1966 ) );
#1056 = CARTESIAN_POINT ( 'NONE',  ( 0.2379674688103072255, 0.0000000000000000000, -0.04999999999999999584 ) ) ;
#1057 = DIRECTION ( 'NONE',  ( 0.0000000000000000000, 0.0000000000000000000, 1.000000000000000000 ) ) ;
#1058 = EDGE_CURVE ( 'NONE', #3241, #479, #900, .T. ) ;
#1059 = EDGE_CURVE ( 'NONE', #3317, #1740, #3541, .T. ) ;
#1060 = VERTEX_POINT ( 'NONE', #624 ) ;
#1061 =( LENGTH_UNIT ( ) NAMED_UNIT ( * ) SI_UNIT ( $, .METRE. ) );
#1062 = PLANE ( 'NONE',  #22 ) ;
#1063 = ITEM_DEFINED_TRANSFORMATION ( 'NONE', 'NONE', #4151,  #3786 ) ;
#1064 = LINE ( 'NONE', #57, #3687 ) ;
#1065 = LINE ( 'NONE', #39, #733 ) ;
#1066 = CARTESIAN_POINT ( 'NONE',  ( 0.1720000000000009577, 0.0000000000000000000, 0.0000000000000000000 ) ) ;
#1067 = ORIENTED_EDGE ( 'NONE', *, *, #833, .T. ) ;
#1068 = EDGE_CURVE ( 'NONE', #3396, #562, #1550, .T. ) ;
#1069 = CIRCLE ( 'NONE', #3536, 0.03155000000000058452 ) ;
#1070 = VERTEX_POINT ( 'NONE', #1377 ) ;
#1071 = DIRECTION ( 'NONE',  ( -0.3420201433256654933, 0.0000000000000000000, 0.9396926207859095381 ) ) ;
#1072 = EDGE_CURVE ( 'NONE', #3258, #3334, #207, .T. ) ;
#1073 = CARTESIAN_POINT ( 'NONE',  ( 0.1816684688103074319, -0.1100000000000000006, -0.1842499999999996085 ) ) ;
#1074 = DIRECTION ( 'NONE',  ( -0.3420201433256720991, 0.0000000000000000000, 0.9396926207859070956 ) ) ;
#1075 = VECTOR ( 'NONE', #4130, 39.37007874015748854 ) ;
#1076 = ORIENTED_EDGE ( 'NONE', *, *, #2740, .T. ) ;
#1077 = ORIENTED_EDGE ( 'NONE', *, *, #2451, .F. ) ;
#1078 = STYLED_ITEM ( 'NONE', ( #3146 ), #1622 ) ;
#1079 = DIRECTION ( 'NONE',  ( 0.3420201433256633283, 0.0000000000000000000, -0.9396926207859103153 ) ) ;
#1080 = CARTESIAN_POINT ( 'NONE',  ( 0.09426646881030741054, 0.0000000000000000000, -0.1842499999999996918 ) ) ;
#1081 = ADVANCED_FACE ( 'NONE', ( #954 ), #1281, .F. ) ;
#1082 = LINE ( 'NONE', #2052, #234 ) ;
#1083 = AXIS2_PLACEMENT_3D ( 'NONE', #2141, #2983, #4335 ) ;
#1084 = ORIENTED_EDGE ( 'NONE', *, *, #216, .T. ) ;
#1085 = ORIENTED_EDGE ( 'NONE', *, *, #1121, .T. ) ;
#1086 = AXIS2_PLACEMENT_3D ( 'NONE', #2928, #3954, #2663 ) ;
#1087 = EDGE_CURVE ( 'NONE', #3241, #2359, #4025, .T. ) ;
#1088 = FACE_OUTER_BOUND ( 'NONE', #978, .T. ) ;
#1089 = AXIS2_PLACEMENT_3D ( 'NONE', #2597, #3262, #4315 ) ;
#1090 = EDGE_CURVE ( 'NONE', #3425, #3428, #3372, .T. ) ;
#1091 = DIRECTION ( 'NONE',  ( 5.421193827719211569E-15, 0.0000000000000000000, 1.000000000000000000 ) ) ;
#1092 = CIRCLE ( 'NONE', #2369, 0.03599999999999999728 ) ;
#1093 = DIRECTION ( 'NONE',  ( -0.0000000000000000000, 1.000000000000000000, -0.0000000000000000000 ) ) ;
#1094 = CARTESIAN_POINT ( 'NONE',  ( 0.2816684688103074374, -0.1100000000000000006, -0.01574999999999998623 ) ) ;
#1095 = VERTEX_POINT ( 'NONE', #2037 ) ;
#1096 = AXIS2_PLACEMENT_3D ( 'NONE', #3695, #670, #1675 ) ;
#1097 = VERTEX_POINT ( 'NONE', #312 ) ;
#1098 = DIRECTION ( 'NONE',  ( -1.000000000000000000, -0.0000000000000000000, -0.0000000000000000000 ) ) ;
#1099 = DIRECTION ( 'NONE',  ( -0.9396926207859092051, 0.0000000000000000000, 0.3420201433256665480 ) ) ;
#1100 = CARTESIAN_POINT ( 'NONE',  ( 0.7379674688103072810, -0.1100000000000001948, -0.08155000000000058036 ) ) ;
#1101 = AXIS2_PLACEMENT_3D ( 'NONE', #1484, #1525, #1868 ) ;
#1102 = APPLICATION_CONTEXT ( 'automotive_design' ) ;
#1103 = AXIS2_PLACEMENT_3D ( 'NONE', #1223, #1640, #862 ) ;
#1104 = VERTEX_POINT ( 'NONE', #356 ) ;
#1105 = DIRECTION ( 'NONE',  ( 0.3420201433257172297, 0.0000000000000000000, -0.9396926207858906643 ) ) ;
#1106 = DIRECTION ( 'NONE',  ( -0.0000000000000000000, 1.000000000000000000, -0.0000000000000000000 ) ) ;
#1107 = DIRECTION ( 'NONE',  ( -0.0000000000000000000, 1.000000000000000000, -0.0000000000000000000 ) ) ;
#1108 = VERTEX_POINT ( 'NONE', #3066 ) ;
#1109 = ORIENTED_EDGE ( 'NONE', *, *, #101, .F. ) ;
#1110 = VERTEX_POINT ( 'NONE', #2017 ) ;
#1111 = CARTESIAN_POINT ( 'NONE',  ( 0.03796746881030719362, 4.435068026000317697E-17, -0.1499999999999999944 ) ) ;
#1112 = CONTEXT_DEPENDENT_SHAPE_REPRESENTATION ( #331, #2856 ) ;
#1113 = CARTESIAN_POINT ( 'NONE',  ( 0.5759359376206146797, -0.1100000000000000006, -9.478001694819074349E-34 ) ) ;
#1114 = CARTESIAN_POINT ( 'NONE',  ( 0.03796746881030719362, 0.0000000000000000000, -0.1499999999999999944 ) ) ;
#1115 = CARTESIAN_POINT ( 'NONE',  ( 0.4816684688103075040, -0.1100000000000000006, -0.1842499999999996085 ) ) ;
#1116 = ORIENTED_EDGE ( 'NONE', *, *, #4263, .T. ) ;
#1117 = VERTEX_POINT ( 'NONE', #1699 ) ;
#1118 = CARTESIAN_POINT ( 'NONE',  ( 0.0000000000000000000, -0.1100000000000000006, 0.0000000000000000000 ) ) ;
#1119 = LINE ( 'NONE', #819, #663 ) ;
#1120 = LINE ( 'NONE', #5, #303 ) ;
#1121 = EDGE_CURVE ( 'NONE', #3333, #676, #140, .T. ) ;
#1122 = VERTEX_POINT ( 'NONE', #3724 ) ;
#1123 = SURFACE_STYLE_USAGE ( .BOTH. , #3914 ) ;
#1124 = CARTESIAN_POINT ( 'NONE',  ( 0.06900000000000108824, 0.0000000000000000000, 0.0000000000000000000 ) ) ;
#1125 = CARTESIAN_POINT ( 'NONE',  ( 0.7879674688103074365, -0.1100000000000000006, -0.1842499999999992477 ) ) ;
#1126 = VERTEX_POINT ( 'NONE', #3389 ) ;
#1127 = EDGE_CURVE ( 'NONE', #2823, #289, #1840, .T. ) ;
#1128 = ORIENTED_EDGE ( 'NONE', *, *, #1157, .F. ) ;
#1129 = ORIENTED_EDGE ( 'NONE', *, *, #1957, .F. ) ;
#1130 = PLANE ( 'NONE',  #3410 ) ;
#1131 = APPLICATION_PROTOCOL_DEFINITION ( 'draft international standard', 'automotive_design', 1998, #2316 ) ;
#1132 = FACE_OUTER_BOUND ( 'NONE', #1687, .T. ) ;
#1133 = CARTESIAN_POINT ( 'NONE',  ( 0.6759359376206146575, -0.1100000000000000006, -0.1999999999999999833 ) ) ;
#1134 = DIRECTION ( 'NONE',  ( 0.9396926207859080948, 0.0000000000000000000, -0.3420201433256695456 ) ) ;
#1135 = VERTEX_POINT ( 'NONE', #926 ) ;
#1136 = VECTOR ( 'NONE', #1362, 39.37007874015748143 ) ;
#1137 = DIRECTION ( 'NONE',  ( -0.9396926207859092051, 0.0000000000000000000, 0.3420201433256665480 ) ) ;
#1138 = CARTESIAN_POINT ( 'NONE',  ( 0.1942664688103074300, -0.1100000000000000006, -0.1842499999999996918 ) ) ;
#1139 = EDGE_CURVE ( 'NONE', #4112, #3307, #2482, .T. ) ;
#1141 = EDGE_CURVE ( 'NONE', #4118, #2868, #1909, .T. ) ;
#1140 = DIRECTION ( 'NONE',  ( -0.3420201433256720991, 0.0000000000000000000, 0.9396926207859070956 ) ) ;
#1142 = AXIS2_PLACEMENT_3D ( 'NONE', #2798, #107, #2422 ) ;
#1143 = ORIENTED_EDGE ( 'NONE', *, *, #3025, .F. ) ;
#1144 = FACE_OUTER_BOUND ( 'NONE', #1735, .T. ) ;
#1145 = VECTOR ( 'NONE', #1879, 39.37007874015748854 ) ;
#1146 = ADVANCED_FACE ( 'NONE', ( #604 ), #1947, .F. ) ;
#1147 = DIRECTION ( 'NONE',  ( 1.000000000000000000, 0.0000000000000000000, 0.0000000000000000000 ) ) ;
#1148 = VECTOR ( 'NONE', #3039, 39.37007874015748143 ) ;
#1149 = ORIENTED_EDGE ( 'NONE', *, *, #2773, .T. ) ;
#1150 = EDGE_LOOP ( 'NONE', ( #2118, #3886, #912, #2943, #2786, #1012, #959, #2322, #3898, #261, #749, #3775, #1805, #2385, #3339, #186, #68, #2872, #1327, #248, #2285, #2583, #1445, #3236, #1793, #138, #200, #626, #2693, #3394, #3982, #821, #2900, #2499, #339, #3070, #873, #2652, #3947, #105, #3843, #1195, #3669, #1283, #41, #2519, #166, #3474, #2001, #543, #3749, #2975, #4205, #1717, #4179, #1218, #4236, #1609, #2027, #4332, #740, #3112, #3605, #3989, #720, #3265, #2274, #2164 ) ) ;
#1151 = DIRECTION ( 'NONE',  ( -1.000000000000000000, 0.0000000000000000000, 4.400897325943014971E-17 ) ) ;
#1152 = VECTOR ( 'NONE', #1846, 39.37007874015748143 ) ;
#1153 = EDGE_CURVE ( 'NONE', #4036, #3549, #3476, .T. ) ;
#1154 = AXIS2_PLACEMENT_3D ( 'NONE', #4307, #2589, #606 ) ;
#1155 = CARTESIAN_POINT ( 'NONE',  ( 0.2251000000000010770, -0.02090000000000000885, -2.559511810217969315E-18 ) ) ;
#1156 = DIRECTION ( 'NONE',  ( -1.000000000000000000, 0.0000000000000000000, 4.400897325943014971E-17 ) ) ;
#1157 = EDGE_CURVE ( 'NONE', #1367, #3530, #283, .T. ) ;
#1158 = LINE ( 'NONE', #408, #2196 ) ;
#1159 = DIRECTION ( 'NONE',  ( 0.0000000000000000000, 0.0000000000000000000, 1.000000000000000000 ) ) ;
#1160 = DIRECTION ( 'NONE',  ( -1.000000000000000000, 0.0000000000000000000, 4.400897325943014971E-17 ) ) ;
#1161 = ORIENTED_EDGE ( 'NONE', *, *, #2246, .T. ) ;
#1162 = AXIS2_PLACEMENT_3D ( 'NONE', #3171, #830, #3152 ) ;
#1163 = ADVANCED_FACE ( 'NONE', ( #1990 ), #1631, .F. ) ;
#1164 = ORIENTED_EDGE ( 'NONE', *, *, #1449, .T. ) ;
#1165 = PRESENTATION_STYLE_ASSIGNMENT (( #3851 ) ) ;
#1166 = DIRECTION ( 'NONE',  ( -1.000000000000000000, -0.0000000000000000000, -0.0000000000000000000 ) ) ;
#1167 = DIRECTION ( 'NONE',  ( 0.0000000000000000000, 0.0000000000000000000, 1.000000000000000000 ) ) ;
#1168 = ADVANCED_FACE ( 'NONE', ( #3346 ), #1657, .F. ) ;
#1169 = VERTEX_POINT ( 'NONE', #466 ) ;
#1170 = ORIENTED_EDGE ( 'NONE', *, *, #4002, .F. ) ;
#1171 = DIRECTION ( 'NONE',  ( -4.400897325943014971E-17, 0.0000000000000000000, -1.000000000000000000 ) ) ;
#1172 = CONTEXT_DEPENDENT_SHAPE_REPRESENTATION ( #1766, #3965 ) ;
#1173 = DIRECTION ( 'NONE',  ( -0.8660254037844385966, 0.0000000000000000000, 0.5000000000000000000 ) ) ;
#1174 = CYLINDRICAL_SURFACE ( 'NONE', #3141, 0.02090000000000000191 ) ;
#1175 = EDGE_CURVE ( 'NONE', #2165, #1931, #3456, .T. ) ;
#1176 = FACE_OUTER_BOUND ( 'NONE', #1419, .T. ) ;
#1177 = CARTESIAN_POINT ( 'NONE',  ( 0.1241961524226974228, 0.0000000000000000000, 0.02900000000000000147 ) ) ;
#1178 = CARTESIAN_POINT ( 'NONE',  ( 0.1379674688103071922, -0.1100000000000001948, -0.1499999999999999944 ) ) ;
#1179 = EDGE_LOOP ( 'NONE', ( #2317, #270, #2698, #1426 ) ) ;
#1180 = ORIENTED_EDGE ( 'NONE', *, *, #1667, .T. ) ;
#1181 = CARTESIAN_POINT ( 'NONE',  ( 0.08166846881030742633, 0.0000000000000000000, -0.1842499999999996085 ) ) ;
#1182 = FACE_OUTER_BOUND ( 'NONE', #2402, .T. ) ;
#1183 = ORIENTED_EDGE ( 'NONE', *, *, #3967, .T. ) ;
#1184 = CARTESIAN_POINT ( 'NONE',  ( 0.6942664688103074022, -0.1100000000000000006, -0.01574999999999998623 ) ) ;
#1185 = DIRECTION ( 'NONE',  ( -0.0000000000000000000, -0.0000000000000000000, -1.000000000000000000 ) ) ;
#1186 = EDGE_CURVE ( 'NONE', #3676, #3704, #3087, .T. ) ;
#1187 = ORIENTED_EDGE ( 'NONE', *, *, #336, .F. ) ;
#1188 = CARTESIAN_POINT ( 'NONE',  ( 0.6942664688103074022, -0.1100000000000000006, -0.01574999999999998623 ) ) ;
#1189 = FACE_OUTER_BOUND ( 'NONE', #3184, .T. ) ;
#1190 = ORIENTED_EDGE ( 'NONE', *, *, #1058, .T. ) ;
#1191 = DIRECTION ( 'NONE',  ( -0.0000000000000000000, 1.000000000000000000, -0.0000000000000000000 ) ) ;
#1192 = CARTESIAN_POINT ( 'NONE',  ( 0.5379674688103072144, -0.1100000000000001948, -0.01844999999999941478 ) ) ;
#1193 = ADVANCED_FACE ( 'NONE', ( #2123 ), #3126, .T. ) ;
#1194 = CARTESIAN_POINT ( 'NONE',  ( 0.3379674688103072033, 4.435068026000317697E-17, -0.08155000000000058036 ) ) ;
#1195 = ORIENTED_EDGE ( 'NONE', *, *, #4152, .F. ) ;
#1196 = ORIENTED_EDGE ( 'NONE', *, *, #4026, .T. ) ;
#1197 = CARTESIAN_POINT ( 'NONE',  ( 0.1379674688103071922, 0.0000000000000000000, -0.1499999999999999944 ) ) ;
#1198 = SPHERICAL_SURFACE ( 'NONE', #1507, 0.02090000000000000885 ) ;
#1199 = AXIS2_PLACEMENT_3D ( 'NONE', #2937, #4231, #3199 ) ;
#1200 = ORIENTED_EDGE ( 'NONE', *, *, #555, .T. ) ;
#1201 = VECTOR ( 'NONE', #3329, 39.37007874015748854 ) ;
#1202 = EDGE_CURVE ( 'NONE', #2185, #4229, #420, .T. ) ;
#1203 = CARTESIAN_POINT ( 'NONE',  ( 0.5942664688103074244, -0.1100000000000000006, -0.01574999999999998623 ) ) ;
#1204 = DIRECTION ( 'NONE',  ( 0.3420201433256633283, 0.0000000000000000000, -0.9396926207859103153 ) ) ;
#1205 = AXIS2_PLACEMENT_3D ( 'NONE', #1390, #4154, #2731 ) ;
#1206 = ORIENTED_EDGE ( 'NONE', *, *, #1884, .F. ) ;
#1207 = CIRCLE ( 'NONE', #141, 0.03155000000000058452 ) ;
#1208 = LINE ( 'NONE', #2538, #3129 ) ;
#1209 = CARTESIAN_POINT ( 'NONE',  ( 0.1942664688103074300, -0.1100000000000000006, -0.01574999999999998623 ) ) ;
#1210 = AXIS2_PLACEMENT_3D ( 'NONE', #117, #2620, #2166 ) ;
#1211 = ADVANCED_FACE ( 'NONE', ( #717 ), #2416, .F. ) ;
#1212 = EDGE_LOOP ( 'NONE', ( #259, #775, #2065, #2547 ) ) ;
#1213 = CARTESIAN_POINT ( 'NONE',  ( 0.5816684688103075374, -0.1100000000000000006, -0.1842499999999996085 ) ) ;
#1214 = CIRCLE ( 'NONE', #2072, 0.02090000000000000885 ) ;
#1215 = CARTESIAN_POINT ( 'NONE',  ( 0.1759359376206146575, -0.1100000000000000006, -9.478001694819074349E-34 ) ) ;
#1216 = LINE ( 'NONE', #3544, #2425 ) ;
#1217 = CARTESIAN_POINT ( 'NONE',  ( -0.005732531189692387577, 0.0000000000000000000, -0.1842499999999996918 ) ) ;
#1218 = ORIENTED_EDGE ( 'NONE', *, *, #2498, .T. ) ;
#1219 = AXIS2_PLACEMENT_3D ( 'NONE', #3424, #3073, #368 ) ;
#1220 = VECTOR ( 'NONE', #1912, 39.37007874015748143 ) ;
#1221 = EDGE_CURVE ( 'NONE', #1352, #3494, #1064, .T. ) ;
#1222 = EDGE_LOOP ( 'NONE', ( #1770, #1439, #1673, #209 ) ) ;
#1223 = CARTESIAN_POINT ( 'NONE',  ( 0.3379674688103071478, -0.1950000000000011169, -0.1499999999999999944 ) ) ;
#1224 = LINE ( 'NONE', #2576, #2345 ) ;
#1225 = VECTOR ( 'NONE', #1140, 39.37007874015748854 ) ;
#1226 = CARTESIAN_POINT ( 'NONE',  ( 0.2251000000000010770, 0.0000000000000000000, 0.0000000000000000000 ) ) ;
#1227 = VERTEX_POINT ( 'NONE', #3439 ) ;
#1228 = EDGE_CURVE ( 'NONE', #562, #3396, #1698, .T. ) ;
#1229 = EDGE_LOOP ( 'NONE', ( #1603, #2725, #3664, #1376 ) ) ;
#1230 = AXIS2_PLACEMENT_3D ( 'NONE', #1340, #1107, #2136 ) ;
#1231 = PLANE ( 'NONE',  #745 ) ;
#1232 = LINE ( 'NONE', #542, #355 ) ;
#1233 = DIMENSIONAL_EXPONENTS ( 1.000000000000000000, 0.0000000000000000000, 0.0000000000000000000, 0.0000000000000000000, 0.0000000000000000000, 0.0000000000000000000, 0.0000000000000000000 ) ;
#1234 = VECTOR ( 'NONE', #88, 39.37007874015748143 ) ;
#1235 = VERTEX_POINT ( 'NONE', #2749 ) ;
#1236 = AXIS2_PLACEMENT_3D ( 'NONE', #3960, #3288, #3659 ) ;
#1237 = DIRECTION ( 'NONE',  ( -0.0000000000000000000, 1.000000000000000000, -0.0000000000000000000 ) ) ;
#1238 = DIRECTION ( 'NONE',  ( 0.0000000000000000000, 0.0000000000000000000, 1.000000000000000000 ) ) ;
#1239 = VERTEX_POINT ( 'NONE', #3477 ) ;
#1240 = DIRECTION ( 'NONE',  ( -1.000000000000000000, -0.0000000000000000000, -0.0000000000000000000 ) ) ;
#1241 = CARTESIAN_POINT ( 'NONE',  ( 0.03796746881030720056, -0.1100000000000001948, -0.1815500000000005998 ) ) ;
#1242 = DIRECTION ( 'NONE',  ( 0.0000000000000000000, 0.0000000000000000000, 1.000000000000000000 ) ) ;
#1243 = FACE_BOUND ( 'NONE', #885, .T. ) ;
#1244 = VERTEX_POINT ( 'NONE', #17 ) ;
#1245 = ORIENTED_EDGE ( 'NONE', *, *, #2563, .F. ) ;
#1246 = DIRECTION ( 'NONE',  ( 0.0000000000000000000, 0.0000000000000000000, 1.000000000000000000 ) ) ;
#1247 = CARTESIAN_POINT ( 'NONE',  ( 0.06900000000000108824, 4.408728476930471028E-18, -0.03599999999999999728 ) ) ;
#1248 = LINE ( 'NONE', #2321, #4147 ) ;
#1249 = EDGE_CURVE ( 'NONE', #3334, #289, #4109, .T. ) ;
#1250 = ORIENTED_EDGE ( 'NONE', *, *, #1598, .T. ) ;
#1251 = CYLINDRICAL_SURFACE ( 'NONE', #3561, 0.03155000000000058452 ) ;
#1252 = LINE ( 'NONE', #1184, #3824 ) ;
#1253 = ADVANCED_FACE ( 'NONE', ( #1790 ), #1373, .T. ) ;
#1254 = CARTESIAN_POINT ( 'NONE',  ( 0.08166846881030742633, -0.1100000000000000006, -0.1842499999999996085 ) ) ;
#1255 = EDGE_LOOP ( 'NONE', ( #2254, #34, #816, #4106 ) ) ;
#1256 = LINE ( 'NONE', #4322, #1915 ) ;
#1257 = CARTESIAN_POINT ( 'NONE',  ( 0.1816684688103074041, -0.1100000000000000006, -0.01574999999999998623 ) ) ;
#1258 = DIMENSIONAL_EXPONENTS ( 1.000000000000000000, 0.0000000000000000000, 0.0000000000000000000, 0.0000000000000000000, 0.0000000000000000000, 0.0000000000000000000, 0.0000000000000000000 ) ;
#1259 = ORIENTED_EDGE ( 'NONE', *, *, #1554, .T. ) ;
#1260 = DIRECTION ( 'NONE',  ( 0.0000000000000000000, 0.0000000000000000000, 1.000000000000000000 ) ) ;
#1261 = DIRECTION ( 'NONE',  ( -0.0000000000000000000, 1.000000000000000000, -0.0000000000000000000 ) ) ;
#1262 = CARTESIAN_POINT ( 'NONE',  ( 0.5816684688103075374, 0.0000000000000000000, -0.1842499999999996085 ) ) ;
#1263 = ORIENTED_EDGE ( 'NONE', *, *, #3452, .F. ) ;
#1264 = ORIENTED_EDGE ( 'NONE', *, *, #2445, .T. ) ;
#1265 = EDGE_CURVE ( 'NONE', #2330, #4274, #2145, .T. ) ;
#1266 = CARTESIAN_POINT ( 'NONE',  ( 0.6379674688103071922, -0.1950000000000011169, -0.04999999999999999584 ) ) ;
#1267 = CARTESIAN_POINT ( 'NONE',  ( -0.005732531189692642581, -0.1100000000000000006, -0.01574999999999999664 ) ) ;
#1268 = SURFACE_STYLE_FILL_AREA ( #1315 ) ;
#1269 = VECTOR ( 'NONE', #638, 39.37007874015748143 ) ;
#1270 = EDGE_LOOP ( 'NONE', ( #3882, #3183, #2592, #4325 ) ) ;
#1271 = LINE ( 'NONE', #589, #3360 ) ;
#1272 = DIRECTION ( 'NONE',  ( 1.000000000000000000, 0.0000000000000000000, 0.0000000000000000000 ) ) ;
#1273 = DIRECTION ( 'NONE',  ( 0.0000000000000000000, 0.0000000000000000000, 1.000000000000000000 ) ) ;
#1274 = AXIS2_PLACEMENT_3D ( 'NONE', #265, #3731, #1954 ) ;
#1275 = ORIENTED_EDGE ( 'NONE', *, *, #459, .T. ) ;
#1276 = CARTESIAN_POINT ( 'NONE',  ( 0.4816684688103075040, 0.0000000000000000000, -0.1842499999999996085 ) ) ;
#1277 = AXIS2_PLACEMENT_3D ( 'NONE', #1328, #1348, #2309 ) ;
#1278 = LINE ( 'NONE', #3925, #1021 ) ;
#1279 = VECTOR ( 'NONE', #1514, 39.37007874015748143 ) ;
#1280 = ORIENTED_EDGE ( 'NONE', *, *, #3729, .T. ) ;
#1281 = CYLINDRICAL_SURFACE ( 'NONE', #4331, 0.03155000000000058452 ) ;
#1282 = FACE_OUTER_BOUND ( 'NONE', #1636, .T. ) ;
#1283 = ORIENTED_EDGE ( 'NONE', *, *, #1927, .T. ) ;
#1284 = CARTESIAN_POINT ( 'NONE',  ( 0.2379674688103072255, 4.435068026000317697E-17, -0.04999999999999999584 ) ) ;
#1285 = AXIS2_PLACEMENT_3D ( 'NONE', #4364, #3400, #985 ) ;
#1286 = ORIENTED_EDGE ( 'NONE', *, *, #2873, .F. ) ;
#1287 = EDGE_CURVE ( 'NONE', #1317, #1169, #3415, .T. ) ;
#1288 = VERTEX_POINT ( 'NONE', #2791 ) ;
#1289 = AXIS2_PLACEMENT_3D ( 'NONE', #4306, #2640, #901 ) ;
#1290 = DIMENSIONAL_EXPONENTS ( 1.000000000000000000, 0.0000000000000000000, 0.0000000000000000000, 0.0000000000000000000, 0.0000000000000000000, 0.0000000000000000000, 0.0000000000000000000 ) ;
#1291 = CARTESIAN_POINT ( 'NONE',  ( 0.03796746881030716586, -0.1950000000000011169, -0.1499999999999999944 ) ) ;
#1292 = CARTESIAN_POINT ( 'NONE',  ( 0.1759359376206146575, -0.1100000000000000006, -9.478001694819074349E-34 ) ) ;
#1293 = CARTESIAN_POINT ( 'NONE',  ( 0.6999990000000000379, 0.0000000000000000000, -0.1999999999999999833 ) ) ;
#1294 = ADVANCED_FACE ( 'NONE', ( #1132 ), #2103, .T. ) ;
#1295 = EDGE_LOOP ( 'NONE', ( #2707, #2848 ) ) ;
#1296 = CARTESIAN_POINT ( 'NONE',  ( 0.6816684688103075151, -0.1100000000000000006, -0.01574999999999998623 ) ) ;
#1297 = CARTESIAN_POINT ( 'NONE',  ( 0.7759349376206162718, -0.1100000000000000006, -0.1999999999999996780 ) ) ;
#1298 = LINE ( 'NONE', #4299, #2370 ) ;
#1299 = AXIS2_PLACEMENT_3D ( 'NONE', #2728, #715, #2343 ) ;
#1300 = ADVANCED_FACE ( 'NONE', ( #379 ), #3124, .T. ) ;
#1301 = ORIENTED_EDGE ( 'NONE', *, *, #3739, .T. ) ;
#1302 = DIRECTION ( 'NONE',  ( -1.000000000000000000, 0.0000000000000000000, 4.400897325943014971E-17 ) ) ;
#1303 = VECTOR ( 'NONE', #989, 39.37007874015748143 ) ;
#1304 = CARTESIAN_POINT ( 'NONE',  ( 0.3379674688103072033, 0.0000000000000000000, -0.01844999999999941478 ) ) ;
#1305 = EDGE_CURVE ( 'NONE', #3178, #1459, #1986, .T. ) ;
#1306 = ORIENTED_EDGE ( 'NONE', *, *, #1381, .F. ) ;
#1307 = DIRECTION ( 'NONE',  ( 0.0000000000000000000, 0.0000000000000000000, 1.000000000000000000 ) ) ;
#1308 = CYLINDRICAL_SURFACE ( 'NONE', #1086, 0.03155000000000058452 ) ;
#1309 = ORIENTED_EDGE ( 'NONE', *, *, #1672, .F. ) ;
#1310 = CARTESIAN_POINT ( 'NONE',  ( 0.6379674688103071922, 4.435068026000317697E-17, -0.08155000000000058036 ) ) ;
#1311 = VERTEX_POINT ( 'NONE', #1113 ) ;
#1312 = ORIENTED_EDGE ( 'NONE', *, *, #3805, .T. ) ;
#1313 = LINE ( 'NONE', #3031, #4053 ) ;
#1314 = DIRECTION ( 'NONE',  ( 0.0000000000000000000, 0.0000000000000000000, 1.000000000000000000 ) ) ;
#1315 = FILL_AREA_STYLE ('',( #1571 ) ) ;
#1316 = ORIENTED_EDGE ( 'NONE', *, *, #1329, .F. ) ;
#1317 = VERTEX_POINT ( 'NONE', #3813 ) ;
#1318 = CARTESIAN_POINT ( 'NONE',  ( 0.1750000000000010714, 2.559511810217968930E-18, -0.02089999999999999844 ) ) ;
#1319 = CARTESIAN_POINT ( 'NONE',  ( 0.3379674688103072033, 4.435068026000317697E-17, -0.1499999999999999944 ) ) ;
#1320 =( REPRESENTATION_RELATIONSHIP ('NONE','NONE', #2553, #2107 ) REPRESENTATION_RELATIONSHIP_WITH_TRANSFORMATION ( #231 )SHAPE_REPRESENTATION_RELATIONSHIP( ) );
#1321 = DIRECTION ( 'NONE',  ( 0.0000000000000000000, 0.0000000000000000000, 1.000000000000000000 ) ) ;
#1322 = VERTEX_POINT ( 'NONE', #1743 ) ;
#1323 = ADVANCED_FACE ( 'NONE', ( #3104 ), #2188, .T. ) ;
#1324 = CARTESIAN_POINT ( 'NONE',  ( 0.6942664688103074022, 0.0000000000000000000, -0.1842499999999996918 ) ) ;
#1325 = CARTESIAN_POINT ( 'NONE',  ( 0.5942664688103074244, 0.0000000000000000000, -0.1842499999999996918 ) ) ;
#1326 = VERTEX_POINT ( 'NONE', #1155 ) ;
#1327 = ORIENTED_EDGE ( 'NONE', *, *, #370, .F. ) ;
#1328 = CARTESIAN_POINT ( 'NONE',  ( 0.1130000000000009330, 0.0000000000000000000, 0.0000000000000000000 ) ) ;
#1329 = EDGE_CURVE ( 'NONE', #1227, #1037, #1208, .T. ) ;
#1330 = ORIENTED_EDGE ( 'NONE', *, *, #2036, .F. ) ;
#1331 = DIRECTION ( 'NONE',  ( -0.0000000000000000000, 1.000000000000000000, -0.0000000000000000000 ) ) ;
#1332 = VERTEX_POINT ( 'NONE', #570 ) ;
#1333 = VERTEX_POINT ( 'NONE', #2502 ) ;
#1334 = LINE ( 'NONE', #2689, #2696 ) ;
#1335 = EDGE_CURVE ( 'NONE', #3629, #2389, #1207, .T. ) ;
#1336 = CYLINDRICAL_SURFACE ( 'NONE', #4009, 0.03155000000000058452 ) ;
#1337 = EDGE_CURVE ( 'NONE', #4016, #2178, #4267, .T. ) ;
#1338 = DIRECTION ( 'NONE',  ( 0.3420201433256665480, -0.0000000000000000000, 0.9396926207859092051 ) ) ;
#1339 = LINE ( 'NONE', #1737, #1799 ) ;
#1340 = CARTESIAN_POINT ( 'NONE',  ( 0.7379674688103072810, -0.1100000000000001948, -0.1499999999999999944 ) ) ;
#1341 = EDGE_CURVE ( 'NONE', #4041, #1333, #2256, .T. ) ;
#1342 = ORIENTED_EDGE ( 'NONE', *, *, #1831, .T. ) ;
#1343 = DIRECTION ( 'NONE',  ( 0.0000000000000000000, 0.0000000000000000000, 1.000000000000000000 ) ) ;
#1344 = PLANE ( 'NONE',  #2376 ) ;
#1345 = TOROIDAL_SURFACE ( 'NONE', #3684, 0.01150000000000020103, 0.003000000000000000062 ) ;
#1346 = EDGE_CURVE ( 'NONE', #1951, #2531, #1555, .T. ) ;
#1347 = AXIS2_PLACEMENT_3D ( 'NONE', #4377, #2357, #757 ) ;
#1348 = DIRECTION ( 'NONE',  ( -1.000000000000000000, -0.0000000000000000000, -0.0000000000000000000 ) ) ;
#1349 = FACE_BOUND ( 'NONE', #3386, .T. ) ;
#1350 = ORIENTED_EDGE ( 'NONE', *, *, #1346, .F. ) ;
#1351 = DIRECTION ( 'NONE',  ( 0.0000000000000000000, 0.0000000000000000000, 1.000000000000000000 ) ) ;
#1352 = VERTEX_POINT ( 'NONE', #1894 ) ;
#1353 = CIRCLE ( 'NONE', #924, 0.03049999999999999239 ) ;
#1354 = ORIENTED_EDGE ( 'NONE', *, *, #3240, .T. ) ;
#1355 = DIRECTION ( 'NONE',  ( -0.0000000000000000000, 1.000000000000000000, -0.0000000000000000000 ) ) ;
#1356 = DIRECTION ( 'NONE',  ( -1.000000000000000000, -0.0000000000000000000, -0.0000000000000000000 ) ) ;
#1357 = DIRECTION ( 'NONE',  ( -1.000000000000000000, -0.0000000000000000000, -0.0000000000000000000 ) ) ;
#1358 = EDGE_CURVE ( 'NONE', #1097, #652, #1852, .T. ) ;
#1359 = AXIS2_PLACEMENT_3D ( 'NONE', #3884, #150, #1519 ) ;
#1360 = EDGE_LOOP ( 'NONE', ( #2807, #1306 ) ) ;
#1361 = DIRECTION ( 'NONE',  ( 0.9396926207859080948, 0.0000000000000000000, -0.3420201433256695456 ) ) ;
#1362 = DIRECTION ( 'NONE',  ( -1.000000000000000000, 0.0000000000000000000, 4.400897325943014971E-17 ) ) ;
#1363 = EDGE_CURVE ( 'NONE', #4055, #4113, #848, .T. ) ;
#1364 = DIRECTION ( 'NONE',  ( -0.3420201433256694346, -0.0000000000000000000, -0.9396926207859080948 ) ) ;
#1365 = VECTOR ( 'NONE', #2528, 39.37007874015748143 ) ;
#1366 = ADVANCED_FACE ( 'NONE', ( #2207 ), #813, .T. ) ;
#1367 = VERTEX_POINT ( 'NONE', #2561 ) ;
#1368 = VECTOR ( 'NONE', #122, 39.37007874015748143 ) ;
#1369 = CARTESIAN_POINT ( 'NONE',  ( 0.1942664688103074300, -0.1100000000000000006, -0.1842499999999996918 ) ) ;
#1370 = PLANE ( 'NONE',  #1299 ) ;
#1371 = VECTOR ( 'NONE', #3783, 39.37007874015748854 ) ;
#1372 = AXIS2_PLACEMENT_3D ( 'NONE', #2656, #617, #1273 ) ;
#1373 = PLANE ( 'NONE',  #3981 ) ;
#1374 = FACE_BOUND ( 'NONE', #13, .T. ) ;
#1375 = CARTESIAN_POINT ( 'NONE',  ( 0.03796746881030719362, 4.435068026000317697E-17, -0.1499999999999999944 ) ) ;
#1376 = ORIENTED_EDGE ( 'NONE', *, *, #1637, .T. ) ;
#1377 = CARTESIAN_POINT ( 'NONE',  ( 0.6942664688103074022, -0.1100000000000000006, -0.01574999999999998623 ) ) ;
#1378 = VERTEX_POINT ( 'NONE', #1827 ) ;
#1379 = LINE ( 'NONE', #3660, #137 ) ;
#1380 = CARTESIAN_POINT ( 'NONE',  ( 0.4379674688103072366, -0.1100000000000001948, -0.04999999999999999584 ) ) ;
#1381 = EDGE_CURVE ( 'NONE', #1931, #4274, #3691, .T. ) ;
#1382 = PLANE ( 'NONE',  #2082 ) ;
#1383 = ORIENTED_EDGE ( 'NONE', *, *, #2060, .T. ) ;
#1384 = FACE_OUTER_BOUND ( 'NONE', #4372, .T. ) ;
#1385 = EDGE_CURVE ( 'NONE', #3153, #2951, #4219, .T. ) ;
#1386 = CARTESIAN_POINT ( 'NONE',  ( 0.0000000000000000000, 0.0000000000000000000, 0.0000000000000000000 ) ) ;
#1387 = ORIENTED_EDGE ( 'NONE', *, *, #1797, .T. ) ;
#1388 = CARTESIAN_POINT ( 'NONE',  ( 0.2379674688103072255, 4.435068026000317697E-17, -0.1184499999999994169 ) ) ;
#1389 = EDGE_CURVE ( 'NONE', #742, #2658, #206, .T. ) ;
#1390 = CARTESIAN_POINT ( 'NONE',  ( 0.1241961524226974228, 0.0000000000000000000, 0.0000000000000000000 ) ) ;
#1391 = DIRECTION ( 'NONE',  ( 0.0000000000000000000, 0.0000000000000000000, 1.000000000000000000 ) ) ;
#1392 = DIRECTION ( 'NONE',  ( 0.0000000000000000000, 0.0000000000000000000, 1.000000000000000000 ) ) ;
#1393 = ORIENTED_EDGE ( 'NONE', *, *, #3064, .F. ) ;
#1394 = ORIENTED_EDGE ( 'NONE', *, *, #2711, .F. ) ;
#1395 = CARTESIAN_POINT ( 'NONE',  ( 0.3816684688103074707, -0.1100000000000000006, -0.1842499999999996085 ) ) ;
#1396 = CARTESIAN_POINT ( 'NONE',  ( 0.06600000000000109945, 1.408343819019480803E-18, -0.01150000000000020103 ) ) ;
#1397 = APPLICATION_CONTEXT ( 'automotive_design' ) ;
#1398 = EDGE_CURVE ( 'NONE', #3368, #3774, #8, .T. ) ;
#1399 = ORIENTED_EDGE ( 'NONE', *, *, #3075, .T. ) ;
#1400 = LINE ( 'NONE', #4089, #3012 ) ;
#1401 = DIRECTION ( 'NONE',  ( -0.0000000000000000000, 1.000000000000000000, -0.0000000000000000000 ) ) ;
#1402 = FACE_OUTER_BOUND ( 'NONE', #169, .T. ) ;
#1403 = ORIENTED_EDGE ( 'NONE', *, *, #3182, .T. ) ;
#1404 = ORIENTED_EDGE ( 'NONE', *, *, #982, .T. ) ;
#1405 = VECTOR ( 'NONE', #2582, 39.37007874015748143 ) ;
#1406 = EDGE_CURVE ( 'NONE', #656, #1169, #1531, .T. ) ;
#1407 = PRODUCT_CONTEXT ( 'NONE', #1397, 'mechanical' ) ;
#1408 = CARTESIAN_POINT ( 'NONE',  ( 0.0000000000000000000, 0.0000000000000000000, 0.03049999999999999586 ) ) ;
#1409 = CIRCLE ( 'NONE', #1199, 0.03155000000000058452 ) ;
#1410 = CARTESIAN_POINT ( 'NONE',  ( 0.06600000000000109945, 0.0000000000000000000, 0.0000000000000000000 ) ) ;
#1411 = ADVANCED_FACE ( 'NONE', ( #187 ), #121, .T. ) ;
#1412 = DIRECTION ( 'NONE',  ( 0.0000000000000000000, 0.0000000000000000000, 1.000000000000000000 ) ) ;
#1413 = ORIENTED_EDGE ( 'NONE', *, *, #4004, .F. ) ;
#1414 = ORIENTED_EDGE ( 'NONE', *, *, #506, .T. ) ;
#1415 = CARTESIAN_POINT ( 'NONE',  ( 0.3942664688103074133, -0.1100000000000000006, -0.1842499999999996918 ) ) ;
#1416 = CARTESIAN_POINT ( 'NONE',  ( 0.1720000000000009577, 3.551475717527324141E-18, -0.02900000000000000147 ) ) ;
#1417 = DIRECTION ( 'NONE',  ( 0.3420201433256665480, -0.0000000000000000000, 0.9396926207859092051 ) ) ;
#1418 = VECTOR ( 'NONE', #1433, 39.37007874015748143 ) ;
#1419 = EDGE_LOOP ( 'NONE', ( #3672, #1393, #1972, #160 ) ) ;
#1420 =( GEOMETRIC_REPRESENTATION_CONTEXT ( 3 ) GLOBAL_UNCERTAINTY_ASSIGNED_CONTEXT ( ( #3212 ) ) GLOBAL_UNIT_ASSIGNED_CONTEXT ( ( #1451, #2101, #3102 ) ) REPRESENTATION_CONTEXT ( 'NONE', 'WORKASPACE' ) );
#1421 = CARTESIAN_POINT ( 'NONE',  ( 0.4379674688103072366, 4.435068026000317697E-17, -0.1499999999999999944 ) ) ;
#1422 = DIRECTION ( 'NONE',  ( 0.0000000000000000000, 0.0000000000000000000, 1.000000000000000000 ) ) ;
#1423 = DIRECTION ( 'NONE',  ( -0.0000000000000000000, 1.000000000000000000, -0.0000000000000000000 ) ) ;
#1424 = VECTOR ( 'NONE', #2339, 39.37007874015748143 ) ;
#1425 = ORIENTED_EDGE ( 'NONE', *, *, #1358, .F. ) ;
#1426 = ORIENTED_EDGE ( 'NONE', *, *, #2881, .F. ) ;
#1427 = VECTOR ( 'NONE', #928, 39.37007874015748143 ) ;
#1428 = LINE ( 'NONE', #2826, #1011 ) ;
#1429 = EDGE_CURVE ( 'NONE', #4304, #2337, #142, .T. ) ;
#1430 = ADVANCED_FACE ( 'NONE', ( #2879 ), #4240, .F. ) ;
#1431 = CIRCLE ( 'NONE', #3436, 0.008500000000000200104 ) ;
#1432 = VECTOR ( 'NONE', #1494, 39.37007874015748143 ) ;
#1433 = DIRECTION ( 'NONE',  ( -0.0000000000000000000, 1.000000000000000000, -0.0000000000000000000 ) ) ;
#1434 = AXIS2_PLACEMENT_3D ( 'NONE', #1284, #213, #581 ) ;
#1435 = DIRECTION ( 'NONE',  ( -0.0000000000000000000, 1.000000000000000000, -0.0000000000000000000 ) ) ;
#1436 = ADVANCED_FACE ( 'NONE', ( #921 ), #3694, .T. ) ;
#1437 = ORIENTED_EDGE ( 'NONE', *, *, #50, .T. ) ;
#1438 = CIRCLE ( 'NONE', #2932, 0.03155000000000058452 ) ;
#1439 = ORIENTED_EDGE ( 'NONE', *, *, #1010, .F. ) ;
#1440 = CARTESIAN_POINT ( 'NONE',  ( 2.239553201765118668E-16, -0.1100000000000000006, -0.1999999999999996503 ) ) ;
#1441 = DIRECTION ( 'NONE',  ( 0.0000000000000000000, 0.0000000000000000000, -1.000000000000000000 ) ) ;
#1442 = PRESENTATION_LAYER_ASSIGNMENT (  '', '', ( #807 ) ) ;
#1443 = PLANE ( 'NONE',  #3928 ) ;
#1444 = VECTOR ( 'NONE', #220, 39.37007874015748143 ) ;
#1445 = ORIENTED_EDGE ( 'NONE', *, *, #1819, .F. ) ;
#1446 = DIRECTION ( 'NONE',  ( -0.0000000000000000000, 1.000000000000000000, -0.0000000000000000000 ) ) ;
#1447 = LINE ( 'NONE', #3808, #2297 ) ;
#1448 = EDGE_LOOP ( 'NONE', ( #2231, #1759, #2909, #3911, #810 ) ) ;
#1449 = EDGE_CURVE ( 'NONE', #1967, #1775, #254, .T. ) ;
#1450 = EDGE_LOOP ( 'NONE', ( #727, #437, #94, #2833 ) ) ;
#1451 =( CONVERSION_BASED_UNIT ( 'INCH', #755 ) LENGTH_UNIT ( ) NAMED_UNIT ( #3639 ) );
#1452 = DIRECTION ( 'NONE',  ( -4.400897325943014971E-17, 0.0000000000000000000, -1.000000000000000000 ) ) ;
#1453 = CARTESIAN_POINT ( 'NONE',  ( 0.2759359376206146353, -0.1100000000000000006, -0.1999999999999999833 ) ) ;
#1454 = CARTESIAN_POINT ( 'NONE',  ( 0.09999900000000011557, -0.1100000000000000006, -0.1999999999999999833 ) ) ;
#1455 = EDGE_CURVE ( 'NONE', #424, #1662, #2678, .T. ) ;
#1456 = EDGE_LOOP ( 'NONE', ( #3700, #3594, #3023, #3108 ) ) ;
#1457 = LINE ( 'NONE', #2816, #4192 ) ;
#1458 = DIRECTION ( 'NONE',  ( -1.000000000000000000, -0.0000000000000000000, -0.0000000000000000000 ) ) ;
#1459 = VERTEX_POINT ( 'NONE', #994 ) ;
#1460 = ORIENTED_EDGE ( 'NONE', *, *, #2548, .T. ) ;
#1461 =( CONVERSION_BASED_UNIT ( 'INCH', #4230 ) LENGTH_UNIT ( ) NAMED_UNIT ( #1233 ) );
#1462 = DIRECTION ( 'NONE',  ( -0.8660254037844385966, 6.123233995736766036E-17, -0.5000000000000000000 ) ) ;
#1463 = LINE ( 'NONE', #134, #318 ) ;
#1464 = EDGE_CURVE ( 'NONE', #975, #424, #307, .T. ) ;
#1465 = EDGE_LOOP ( 'NONE', ( #2874, #3454, #97, #2617 ) ) ;
#1466 = VERTEX_POINT ( 'NONE', #2306 ) ;
#1467 = DIRECTION ( 'NONE',  ( 0.0000000000000000000, 0.0000000000000000000, 1.000000000000000000 ) ) ;
#1468 = EDGE_CURVE ( 'NONE', #1970, #1333, #1703, .T. ) ;
#1469 = DIRECTION ( 'NONE',  ( 0.0000000000000000000, 0.0000000000000000000, 1.000000000000000000 ) ) ;
#1470 = CARTESIAN_POINT ( 'NONE',  ( 0.008500000000000194900, -1.067128122525102820E-18, 0.0000000000000000000 ) ) ;
#1471 = DIRECTION ( 'NONE',  ( -1.000000000000000000, 0.0000000000000000000, 4.400897325943014971E-17 ) ) ;
#1472 = DIRECTION ( 'NONE',  ( -0.0000000000000000000, 1.000000000000000000, -0.0000000000000000000 ) ) ;
#1473 = CONICAL_SURFACE ( 'NONE', #2610, 0.02900000000000000147, 0.2617993877993758933 ) ;
#1474 = UNCERTAINTY_MEASURE_WITH_UNIT (LENGTH_MEASURE( 1.000000000000000082E-05 ), #4153, 'distance_accuracy_value', 'NONE');
#1475 = ORIENTED_EDGE ( 'NONE', *, *, #74, .T. ) ;
#1476 = DIRECTION ( 'NONE',  ( 0.9396926207859104263, 0.0000000000000000000, 0.3420201433256633838 ) ) ;
#1477 = LINE ( 'NONE', #2835, #2140 ) ;
#1478 = CARTESIAN_POINT ( 'NONE',  ( 0.08166846881030738470, -0.1100000000000000006, -0.01574999999999998623 ) ) ;
#1479 = ORIENTED_EDGE ( 'NONE', *, *, #4152, .T. ) ;
#1480 = VECTOR ( 'NONE', #1593, 39.37007874015748143 ) ;
#1481 = EDGE_LOOP ( 'NONE', ( #1624, #722, #490, #1309 ) ) ;
#1482 = DIRECTION ( 'NONE',  ( 0.3420201433256633283, 0.0000000000000000000, -0.9396926207859103153 ) ) ;
#1483 = AXIS2_PLACEMENT_3D ( 'NONE', #2704, #2609, #1968 ) ;
#1484 = CARTESIAN_POINT ( 'NONE',  ( 0.1379674688103071922, 0.0000000000000000000, -0.1499999999999999944 ) ) ;
#1485 = EDGE_CURVE ( 'NONE', #3811, #3121, #1256, .T. ) ;
#1486 = AXIS2_PLACEMENT_3D ( 'NONE', #948, #2659, #2087 ) ;
#1487 = ORIENTED_EDGE ( 'NONE', *, *, #2255, .T. ) ;
#1488 = ORIENTED_EDGE ( 'NONE', *, *, #1058, .F. ) ;
#1489 = CARTESIAN_POINT ( 'NONE',  ( 0.1750000000000010714, 3.445418193654829579E-18, -0.02726794919243106033 ) ) ;
#1490 = AXIS2_PLACEMENT_3D ( 'NONE', #1369, #2727, #2055 ) ;
#1491 = AXIS2_PLACEMENT_3D ( 'NONE', #2884, #4226, #1899 ) ;
#1492 = ITEM_DEFINED_TRANSFORMATION ( 'NONE', 'NONE', #236,  #3786 ) ;
#1493 = CARTESIAN_POINT ( 'NONE',  ( 0.4379674688103072366, 0.0000000000000000000, -0.01844999999999941478 ) ) ;
#1494 = DIRECTION ( 'NONE',  ( 1.000000000000000000, 0.0000000000000000000, 0.0000000000000000000 ) ) ;
#1495 = DIRECTION ( 'NONE',  ( -4.400897325943014971E-17, 0.0000000000000000000, -1.000000000000000000 ) ) ;
#1496 = AXIS2_PLACEMENT_3D ( 'NONE', #382, #3089, #2751 ) ;
#1497 = ORIENTED_EDGE ( 'NONE', *, *, #1637, .F. ) ;
#1498 = PLANE ( 'NONE',  #3332 ) ;
#1499 = FACE_OUTER_BOUND ( 'NONE', #2972, .T. ) ;
#1500 = CARTESIAN_POINT ( 'NONE',  ( 0.4942664688103074466, -0.1100000000000000006, -0.1842499999999996918 ) ) ;
#1501 = VERTEX_POINT ( 'NONE', #3650 ) ;
#1502 = CIRCLE ( 'NONE', #3628, 0.01150000000000020103 ) ;
#1503 = ORIENTED_EDGE ( 'NONE', *, *, #1697, .T. ) ;
#1504 = DIMENSIONAL_EXPONENTS ( 1.000000000000000000, 0.0000000000000000000, 0.0000000000000000000, 0.0000000000000000000, 0.0000000000000000000, 0.0000000000000000000, 0.0000000000000000000 ) ;
#1505 =( LENGTH_UNIT ( ) NAMED_UNIT ( * ) SI_UNIT ( $, .METRE. ) );
#1506 = CARTESIAN_POINT ( 'NONE',  ( 0.4816684688103075040, -0.1100000000000000006, -0.1842499999999996085 ) ) ;
#1507 = AXIS2_PLACEMENT_3D ( 'NONE', #1226, #2552, #3238 ) ;
#1508 = DIRECTION ( 'NONE',  ( 0.0000000000000000000, 1.000000000000000000, 0.0000000000000000000 ) ) ;
#1509 = EDGE_CURVE ( 'NONE', #754, #4328, #317, .T. ) ;
#1510 = VERTEX_POINT ( 'NONE', #667 ) ;
#1511 = EDGE_CURVE ( 'NONE', #4242, #836, #1652, .T. ) ;
#1512 = ORIENTED_EDGE ( 'NONE', *, *, #1087, .F. ) ;
#1513 = PLANE ( 'NONE',  #1083 ) ;
#1514 = DIRECTION ( 'NONE',  ( -0.0000000000000000000, 1.000000000000000000, -0.0000000000000000000 ) ) ;
#1515 = LINE ( 'NONE', #849, #4350 ) ;
#1516 = EDGE_CURVE ( 'NONE', #3028, #3153, #4301, .T. ) ;
#1517 = VERTEX_POINT ( 'NONE', #1985 ) ;
#1518 = DIRECTION ( 'NONE',  ( -0.3420201433256695456, 0.0000000000000000000, -0.9396926207859080948 ) ) ;
#1519 = DIRECTION ( 'NONE',  ( 0.0000000000000000000, 0.0000000000000000000, 1.000000000000000000 ) ) ;
#1520 = CYLINDRICAL_SURFACE ( 'NONE', #2653, 0.02900000000000000147 ) ;
#1521 = ORIENTED_EDGE ( 'NONE', *, *, #1876, .T. ) ;
#1522 = ADVANCED_FACE ( 'NONE', ( #3997 ), #4066, .T. ) ;
#1523 = ORIENTED_EDGE ( 'NONE', *, *, #482, .F. ) ;
#1524 =( NAMED_UNIT ( * ) SI_UNIT ( $, .STERADIAN. ) SOLID_ANGLE_UNIT ( ) );
#1525 = DIRECTION ( 'NONE',  ( -0.0000000000000000000, 1.000000000000000000, -0.0000000000000000000 ) ) ;
#1526 = ADVANCED_FACE ( 'NONE', ( #2012 ), #2605, .F. ) ;
#1527 = EDGE_LOOP ( 'NONE', ( #3448, #1591 ) ) ;
#1528 = CARTESIAN_POINT ( 'NONE',  ( 0.06600000000000109945, 1.224646799147377651E-18, -0.008500000000000200104 ) ) ;
#1529 = CYLINDRICAL_SURFACE ( 'NONE', #850, 0.03155000000000058452 ) ;
#1530 = ORIENTED_EDGE ( 'NONE', *, *, #698, .T. ) ;
#1531 = LINE ( 'NONE', #3923, #1279 ) ;
#1532 = LINE ( 'NONE', #3319, #2296 ) ;
#1533 = ADVANCED_FACE ( 'NONE', ( #620 ), #1963, .F. ) ;
#1534 = VERTEX_POINT ( 'NONE', #2699 ) ;
#1535 = DIRECTION ( 'NONE',  ( 0.9396926207859080948, 0.0000000000000000000, -0.3420201433256695456 ) ) ;
#1536 = LINE ( 'NONE', #1948, #1997 ) ;
#1537 = DIRECTION ( 'NONE',  ( 0.0000000000000000000, 0.0000000000000000000, 1.000000000000000000 ) ) ;
#1538 = CARTESIAN_POINT ( 'NONE',  ( 0.08166846881030742633, -0.1100000000000000006, -0.1842499999999996085 ) ) ;
#1539 = VERTEX_POINT ( 'NONE', #3020 ) ;
#1540 = CIRCLE ( 'NONE', #777, 0.03155000000000058452 ) ;
#1541 = EDGE_LOOP ( 'NONE', ( #2540, #1263, #2452, #4247 ) ) ;
#1542 = CARTESIAN_POINT ( 'NONE',  ( 0.0000000000000000000, 0.0000000000000000000, 0.0000000000000000000 ) ) ;
#1543 = DIRECTION ( 'NONE',  ( -0.0000000000000000000, 1.000000000000000000, -0.0000000000000000000 ) ) ;
#1544 = CYLINDRICAL_SURFACE ( 'NONE', #1101, 0.03155000000000058452 ) ;
#1545 = AXIS2_PLACEMENT_3D ( 'NONE', #778, #427, #1071 ) ;
#1546 = ORIENTED_EDGE ( 'NONE', *, *, #3420, .F. ) ;
#1547 = VECTOR ( 'NONE', #1355, 39.37007874015748143 ) ;
#1548 = CARTESIAN_POINT ( 'NONE',  ( 0.2816684688103074374, -0.1100000000000000006, -0.01574999999999998623 ) ) ;
#1549 = DIRECTION ( 'NONE',  ( -0.0000000000000000000, -0.0000000000000000000, -1.000000000000000000 ) ) ;
#1550 = CIRCLE ( 'NONE', #3406, 0.03155000000000058452 ) ;
#1551 = EDGE_LOOP ( 'NONE', ( #3935, #4279 ) ) ;
#1552 = VECTOR ( 'NONE', #1302, 39.37007874015748143 ) ;
#1553 = CONTEXT_DEPENDENT_SHAPE_REPRESENTATION ( #4054, #804 ) ;
#1554 = EDGE_CURVE ( 'NONE', #126, #4067, #3722, .T. ) ;
#1555 = LINE ( 'NONE', #1493, #574 ) ;
#1556 = CARTESIAN_POINT ( 'NONE',  ( 0.0000000000000000000, -0.1100000000000000006, 0.0000000000000000000 ) ) ;
#1557 = CIRCLE ( 'NONE', #3065, 0.008500000000000193165 ) ;
#1558 = ORIENTED_EDGE ( 'NONE', *, *, #870, .F. ) ;
#1559 = DIRECTION ( 'NONE',  ( 0.0000000000000000000, 0.0000000000000000000, 1.000000000000000000 ) ) ;
#1560 = CIRCLE ( 'NONE', #2846, 0.03155000000000058452 ) ;
#1561 = CARTESIAN_POINT ( 'NONE',  ( 0.5816684688103074263, -0.1100000000000000006, -0.01574999999999998623 ) ) ;
#1562 = CYLINDRICAL_SURFACE ( 'NONE', #4341, 0.03155000000000058452 ) ;
#1563 = FACE_BOUND ( 'NONE', #3686, .T. ) ;
#1564 = ORIENTED_EDGE ( 'NONE', *, *, #4223, .T. ) ;
#1565 = AXIS2_PLACEMENT_3D ( 'NONE', #472, #3159, #3525 ) ;
#1566 = EDGE_CURVE ( 'NONE', #424, #1974, #1581, .T. ) ;
#1567 = ORIENTED_EDGE ( 'NONE', *, *, #21, .F. ) ;
#1568 = DIRECTION ( 'NONE',  ( 0.0000000000000000000, 0.0000000000000000000, 1.000000000000000000 ) ) ;
#1569 = DIRECTION ( 'NONE',  ( 1.000000000000000000, 0.0000000000000000000, -5.421193827719211569E-15 ) ) ;
#1570 = AXIS2_PLACEMENT_3D ( 'NONE', #1209, #546, #3602 ) ;
#1571 = FILL_AREA_STYLE_COLOUR ( '', #3563 ) ;
#1572 = ORIENTED_EDGE ( 'NONE', *, *, #2457, .T. ) ;
#1573 = VECTOR ( 'NONE', #2392, 39.37007874015748143 ) ;
#1574 = ORIENTED_EDGE ( 'NONE', *, *, #1762, .F. ) ;
#1575 = CARTESIAN_POINT ( 'NONE',  ( 0.2942664688103074355, -0.1100000000000000006, -0.1842499999999996918 ) ) ;
#1576 = LINE ( 'NONE', #2535, #3397 ) ;
#1577 = LINE ( 'NONE', #2946, #3776 ) ;
#1578 = AXIS2_PLACEMENT_3D ( 'NONE', #1611, #4333, #961 ) ;
#1579 = ADVANCED_FACE ( 'NONE', ( #3972 ), #1626, .T. ) ;
#1580 = EDGE_LOOP ( 'NONE', ( #3019, #769, #671, #3613 ) ) ;
#1581 = LINE ( 'NONE', #2282, #214 ) ;
#1582 = CARTESIAN_POINT ( 'NONE',  ( 0.6379674688103071922, -0.1100000000000001948, -0.1184499999999994169 ) ) ;
#1583 = VERTEX_POINT ( 'NONE', #598 ) ;
#1584 = DIRECTION ( 'NONE',  ( 0.0000000000000000000, 0.0000000000000000000, 1.000000000000000000 ) ) ;
#1585 = CARTESIAN_POINT ( 'NONE',  ( 0.7759349376206162718, -0.1100000000000000006, -0.1999999999999996780 ) ) ;
#1586 = ADVANCED_BREP_SHAPE_REPRESENTATION ( '', ( #1622, #3786 ), #3435 ) ;
#1587 = DIRECTION ( 'NONE',  ( -0.3420201433256720991, 0.0000000000000000000, 0.9396926207859070956 ) ) ;
#1588 = DIRECTION ( 'NONE',  ( 0.3420201433256633283, 0.0000000000000000000, -0.9396926207859103153 ) ) ;
#1589 = ORIENTED_EDGE ( 'NONE', *, *, #1455, .T. ) ;
#1590 = SHAPE_REPRESENTATION ( 'P4XX-28-010-00-090000_P416-28-010-00-090000', ( #3786 ), #3435 ) ;
#1591 = ORIENTED_EDGE ( 'NONE', *, *, #1802, .F. ) ;
#1592 = DIRECTION ( 'NONE',  ( 1.224646799147353207E-16, 1.000000000000000000, 0.0000000000000000000 ) ) ;
#1593 = DIRECTION ( 'NONE',  ( -0.0000000000000000000, 1.000000000000000000, -0.0000000000000000000 ) ) ;
#1594 = DIRECTION ( 'NONE',  ( -1.000000000000000000, -0.0000000000000000000, -0.0000000000000000000 ) ) ;
#1595 = ORIENTED_EDGE ( 'NONE', *, *, #322, .T. ) ;
#1596 = FACE_OUTER_BOUND ( 'NONE', #4199, .T. ) ;
#1597 = DIRECTION ( 'NONE',  ( -0.3420201433256720991, 0.0000000000000000000, 0.9396926207859070956 ) ) ;
#1598 = EDGE_CURVE ( 'NONE', #2330, #2165, #372, .T. ) ;
#1599 = LINE ( 'NONE', #3969, #2849 ) ;
#1600 = ORIENTED_EDGE ( 'NONE', *, *, #1697, .F. ) ;
#1601 = DIRECTION ( 'NONE',  ( -0.3420201433256694346, -0.0000000000000000000, -0.9396926207859080948 ) ) ;
#1602 = CARTESIAN_POINT ( 'NONE',  ( 0.1750000000000010714, 0.0000000000000000000, 0.02726794919243106033 ) ) ;
#1603 = ORIENTED_EDGE ( 'NONE', *, *, #2940, .F. ) ;
#1604 = DIRECTION ( 'NONE',  ( 0.0000000000000000000, 1.000000000000000000, 0.0000000000000000000 ) ) ;
#1605 = DIRECTION ( 'NONE',  ( -1.000000000000000000, -0.0000000000000000000, -0.0000000000000000000 ) ) ;
#1606 = EDGE_LOOP ( 'NONE', ( #4233, #4149, #4320, #1747 ) ) ;
#1607 = EDGE_CURVE ( 'NONE', #3334, #3258, #1353, .T. ) ;
#1608 = FACE_BOUND ( 'NONE', #705, .T. ) ;
#1609 = ORIENTED_EDGE ( 'NONE', *, *, #629, .F. ) ;
#1610 = ORIENTED_EDGE ( 'NONE', *, *, #1884, .T. ) ;
#1611 = CARTESIAN_POINT ( 'NONE',  ( 0.5379674688103072144, -0.1950000000000011169, -0.1499999999999999944 ) ) ;
#1612 = CARTESIAN_POINT ( 'NONE',  ( 0.6759359376206146575, -0.1100000000000000006, -9.478001694819074349E-34 ) ) ;
#1613 = LINE ( 'NONE', #4253, #2557 ) ;
#1614 = DIRECTION ( 'NONE',  ( -1.000000000000000000, -0.0000000000000000000, -0.0000000000000000000 ) ) ;
#1615 = EDGE_LOOP ( 'NONE', ( #3680, #3137, #616, #1067 ) ) ;
#1616 = CYLINDRICAL_SURFACE ( 'NONE', #26, 0.008500000000000196634 ) ;
#1617 = CARTESIAN_POINT ( 'NONE',  ( 0.4816684688103075040, -0.1100000000000000006, -0.1842499999999996085 ) ) ;
#1618 = CIRCLE ( 'NONE', #993, 0.03155000000000058452 ) ;
#1619 = APPLICATION_CONTEXT ( 'automotive_design' ) ;
#1620 = ADVANCED_FACE ( 'NONE', ( #4150 ), #1130, .T. ) ;
#1621 = DIRECTION ( 'NONE',  ( -0.3420201433256720991, 0.0000000000000000000, 0.9396926207859070956 ) ) ;
#1622 = MANIFOLD_SOLID_BREP ( 'LPattern2', #2895 ) ;
#1623 = CIRCLE ( 'NONE', #282, 0.02090000000000000885 ) ;
#1624 = ORIENTED_EDGE ( 'NONE', *, *, #4190, .T. ) ;
#1625 = EDGE_CURVE ( 'NONE', #4269, #1042, #3812, .T. ) ;
#1626 = PLANE ( 'NONE',  #787 ) ;
#1627 = VECTOR ( 'NONE', #794, 39.37007874015748143 ) ;
#1628 = DIRECTION ( 'NONE',  ( -0.3420201433255870005, -0.0000000000000000000, -0.9396926207859380709 ) ) ;
#1629 = CIRCLE ( 'NONE', #78, 0.03155000000000058452 ) ;
#1630 = ORIENTED_EDGE ( 'NONE', *, *, #3856, .T. ) ;
#1631 = CYLINDRICAL_SURFACE ( 'NONE', #6, 0.03155000000000058452 ) ;
#1632 = CARTESIAN_POINT ( 'NONE',  ( 0.1999990000000001211, 0.0000000000000000000, -0.1999999999999999833 ) ) ;
#1633 = ORIENTED_EDGE ( 'NONE', *, *, #2172, .T. ) ;
#1634 = FACE_OUTER_BOUND ( 'NONE', #1150, .T. ) ;
#1635 = CIRCLE ( 'NONE', #1285, 0.03155000000000058452 ) ;
#1636 = EDGE_LOOP ( 'NONE', ( #2734, #4021, #1733, #3244 ) ) ;
#1637 = EDGE_CURVE ( 'NONE', #3421, #3818, #1629, .T. ) ;
#1638 = ORIENTED_EDGE ( 'NONE', *, *, #502, .F. ) ;
#1639 = VECTOR ( 'NONE', #192, 39.37007874015748143 ) ;
#1640 = DIRECTION ( 'NONE',  ( 0.0000000000000000000, 0.0000000000000000000, 1.000000000000000000 ) ) ;
#1641 = CARTESIAN_POINT ( 'NONE',  ( 0.1942664688103074300, 0.0000000000000000000, -0.01574999999999999664 ) ) ;
#1642 = DIRECTION ( 'NONE',  ( -1.266620916943744463E-17, 0.0000000000000000000, 1.000000000000000000 ) ) ;
#1643 = CARTESIAN_POINT ( 'NONE',  ( 0.06900000000000110212, 0.0000000000000000000, 0.0000000000000000000 ) ) ;
#1644 = EDGE_LOOP ( 'NONE', ( #648, #3657, #1984, #3872 ) ) ;
#1645 = ORIENTED_EDGE ( 'NONE', *, *, #1734, .T. ) ;
#1646 = CARTESIAN_POINT ( 'NONE',  ( 0.4816684688103075040, -0.1100000000000000006, -0.1842499999999996085 ) ) ;
#1647 = CARTESIAN_POINT ( 'NONE',  ( 0.0000000000000000000, -0.1100000000000000006, 0.0000000000000000000 ) ) ;
#1648 = CARTESIAN_POINT ( 'NONE',  ( 0.5816684688103075374, -0.1100000000000000006, -0.1842499999999996085 ) ) ;
#1649 = VECTOR ( 'NONE', #4368, 39.37007874015748143 ) ;
#1650 = EDGE_CURVE ( 'NONE', #4160, #1235, #2554, .T. ) ;
#1651 = ORIENTED_EDGE ( 'NONE', *, *, #1734, .F. ) ;
#1652 = LINE ( 'NONE', #329, #1552 ) ;
#1653 = AXIS2_PLACEMENT_3D ( 'NONE', #412, #2694, #1105 ) ;
#1654 = STYLED_ITEM ( 'NONE', ( #3662 ), #3172 ) ;
#1655 = FACE_OUTER_BOUND ( 'NONE', #2179, .T. ) ;
#1656 = VERTEX_POINT ( 'NONE', #2787 ) ;
#1657 = CYLINDRICAL_SURFACE ( 'NONE', #1347, 0.03155000000000058452 ) ;
#1658 = CARTESIAN_POINT ( 'NONE',  ( 0.2942664688103074355, -0.1100000000000000006, -0.1842499999999996918 ) ) ;
#1659 = ORIENTED_EDGE ( 'NONE', *, *, #1509, .F. ) ;
#1660 = ADVANCED_FACE ( 'NONE', ( #2396, #3475 ), #4107, .F. ) ;
#1661 = PLANE ( 'NONE',  #1930 ) ;
#1662 = VERTEX_POINT ( 'NONE', #2460 ) ;
#1663 = VERTEX_POINT ( 'NONE', #1784 ) ;
#1664 = DIRECTION ( 'NONE',  ( -0.0000000000000000000, 1.000000000000000000, -0.0000000000000000000 ) ) ;
#1665 = CARTESIAN_POINT ( 'NONE',  ( 0.1750000000000010714, 0.0000000000000000000, 0.0000000000000000000 ) ) ;
#1666 = SURFACE_STYLE_USAGE ( .BOTH. , #3683 ) ;
#1667 = EDGE_CURVE ( 'NONE', #2806, #619, #3693, .T. ) ;
#1668 = ORIENTED_EDGE ( 'NONE', *, *, #3414, .T. ) ;
#1669 = DIRECTION ( 'NONE',  ( -0.0000000000000000000, 1.000000000000000000, -0.0000000000000000000 ) ) ;
#1670 = DIRECTION ( 'NONE',  ( 0.0000000000000000000, 0.0000000000000000000, 1.000000000000000000 ) ) ;
#1671 = CARTESIAN_POINT ( 'NONE',  ( 0.5379674688103072144, 0.0000000000000000000, -0.08155000000000058036 ) ) ;
#1672 = EDGE_CURVE ( 'NONE', #4051, #60, #2764, .T. ) ;
#1673 = ORIENTED_EDGE ( 'NONE', *, *, #3637, .F. ) ;
#1674 = CARTESIAN_POINT ( 'NONE',  ( 0.1720000000000009577, 0.0000000000000000000, 0.0000000000000000000 ) ) ;
#1675 = DIRECTION ( 'NONE',  ( 0.0000000000000000000, 0.0000000000000000000, 1.000000000000000000 ) ) ;
#1676 = EDGE_LOOP ( 'NONE', ( #3951, #651, #3611, #2129 ) ) ;
#1677 = DIRECTION ( 'NONE',  ( -1.000000000000000000, -0.0000000000000000000, -0.0000000000000000000 ) ) ;
#1678 = CARTESIAN_POINT ( 'NONE',  ( 0.5759359376206146797, 0.0000000000000000000, -0.1999999999999999833 ) ) ;
#1679 = ORIENTED_EDGE ( 'NONE', *, *, #618, .T. ) ;
#1680 = DIRECTION ( 'NONE',  ( -1.000000000000000000, -0.0000000000000000000, -0.0000000000000000000 ) ) ;
#1681 = ORIENTED_EDGE ( 'NONE', *, *, #481, .F. ) ;
#1682 = ORIENTED_EDGE ( 'NONE', *, *, #680, .T. ) ;
#1683 = DIRECTION ( 'NONE',  ( 1.000000000000000000, -0.0000000000000000000, -0.0000000000000000000 ) ) ;
#1684 = DIRECTION ( 'NONE',  ( -0.0000000000000000000, 1.000000000000000000, -0.0000000000000000000 ) ) ;
#1685 = CARTESIAN_POINT ( 'NONE',  ( 0.008500000000000193165, -0.008500000000000194900, -1.040949779275273921E-18 ) ) ;
#1686 = ORIENTED_EDGE ( 'NONE', *, *, #888, .F. ) ;
#1687 = EDGE_LOOP ( 'NONE', ( #3692, #2473, #2490, #1026, #3875 ) ) ;
#1688 = FACE_OUTER_BOUND ( 'NONE', #3239, .T. ) ;
#1689 = DIRECTION ( 'NONE',  ( -0.3420201433256695456, 0.0000000000000000000, -0.9396926207859080948 ) ) ;
#1690 = AXIS2_PLACEMENT_3D ( 'NONE', #564, #2917, #1872 ) ;
#1691 = ORIENTED_EDGE ( 'NONE', *, *, #2348, .F. ) ;
#1692 = VECTOR ( 'NONE', #2006, 39.37007874015748143 ) ;
#1693 = ADVANCED_FACE ( 'NONE', ( #1088 ), #3122, .F. ) ;
#1694 = DIRECTION ( 'NONE',  ( -1.000000000000000000, -0.0000000000000000000, -0.0000000000000000000 ) ) ;
#1695 = FACE_OUTER_BOUND ( 'NONE', #1862, .T. ) ;
#1696 = VECTOR ( 'NONE', #3445, 39.37007874015748143 ) ;
#1697 = EDGE_CURVE ( 'NONE', #836, #2991, #3438, .T. ) ;
#1698 = CIRCLE ( 'NONE', #2832, 0.03155000000000058452 ) ;
#1699 = CARTESIAN_POINT ( 'NONE',  ( 0.3816684688103074707, 0.0000000000000000000, -0.1842499999999996085 ) ) ;
#1700 = FACE_BOUND ( 'NONE', #1551, .T. ) ;
#1701 = CARTESIAN_POINT ( 'NONE',  ( 0.7379674688103072810, 4.435068026000317697E-17, -0.1184499999999994169 ) ) ;
#1702 = EDGE_LOOP ( 'NONE', ( #953, #1183, #2419, #2785 ) ) ;
#1703 = CIRCLE ( 'NONE', #3062, 0.02900000000000000147 ) ;
#1704 = PRODUCT_DEFINITION_CONTEXT ( 'detailed design', #2616, 'design' ) ;
#1705 = VERTEX_POINT ( 'NONE', #418 ) ;
#1706 = DIRECTION ( 'NONE',  ( 0.0000000000000000000, 0.0000000000000000000, 1.000000000000000000 ) ) ;
#1707 = CIRCLE ( 'NONE', #3768, 0.03155000000000058452 ) ;
#1708 = DIRECTION ( 'NONE',  ( -0.0000000000000000000, 1.000000000000000000, -0.0000000000000000000 ) ) ;
#1709 = CARTESIAN_POINT ( 'NONE',  ( 0.06600000000000109945, 0.0000000000000000000, 0.0000000000000000000 ) ) ;
#1710 = AXIS2_PLACEMENT_3D ( 'NONE', #3323, #1605, #4027 ) ;
#1711 = VERTEX_POINT ( 'NONE', #1760 ) ;
#1712 = CARTESIAN_POINT ( 'NONE',  ( 0.09426646881030741054, -0.1100000000000000006, -0.1842499999999996918 ) ) ;
#1713 = DIRECTION ( 'NONE',  ( -1.000000000000000000, 0.0000000000000000000, -0.0000000000000000000 ) ) ;
#1714 = CARTESIAN_POINT ( 'NONE',  ( 0.2759359376206146353, 0.0000000000000000000, -9.478001694819074349E-34 ) ) ;
#1715 = VECTOR ( 'NONE', #3457, 39.37007874015748143 ) ;
#1716 = AXIS2_PLACEMENT_3D ( 'NONE', #801, #1458, #779 ) ;
#1717 = ORIENTED_EDGE ( 'NONE', *, *, #2255, .F. ) ;
#1718 = DIRECTION ( 'NONE',  ( 0.0000000000000000000, 0.0000000000000000000, 1.000000000000000000 ) ) ;
#1719 = VECTOR ( 'NONE', #144, 39.37007874015748143 ) ;
#1720 = CARTESIAN_POINT ( 'NONE',  ( 0.3942664688103074133, 0.0000000000000000000, -0.01574999999999999664 ) ) ;
#1721 = EDGE_CURVE ( 'NONE', #2555, #540, #1428, .T. ) ;
#1722 = AXIS2_PLACEMENT_3D ( 'NONE', #1643, #2449, #3053 ) ;
#1723 = CONTEXT_DEPENDENT_SHAPE_REPRESENTATION ( #4086, #2041 ) ;
#1724 = DIRECTION ( 'NONE',  ( 1.000000000000000000, 0.0000000000000000000, -5.421193827719211569E-15 ) ) ;
#1725 = FACE_BOUND ( 'NONE', #1901, .T. ) ;
#1726 = DIRECTION ( 'NONE',  ( 0.3420201433256665480, 0.0000000000000000000, 0.9396926207859092051 ) ) ;
#1727 = ORIENTED_EDGE ( 'NONE', *, *, #2406, .T. ) ;
#1728 = EDGE_CURVE ( 'NONE', #496, #2364, #3715, .T. ) ;
#1729 = EDGE_LOOP ( 'NONE', ( #3076, #3980, #1630, #2088 ) ) ;
#1730 = PLANE ( 'NONE',  #3975 ) ;
#1731 = CYLINDRICAL_SURFACE ( 'NONE', #3988, 0.03155000000000058452 ) ;
#1732 = CARTESIAN_POINT ( 'NONE',  ( 0.6379674688103071922, -0.1100000000000001948, -0.1499999999999999944 ) ) ;
#1733 = ORIENTED_EDGE ( 'NONE', *, *, #1802, .T. ) ;
#1734 = EDGE_CURVE ( 'NONE', #4291, #4067, #3984, .T. ) ;
#1735 = EDGE_LOOP ( 'NONE', ( #4165, #1394, #1691, #1679 ) ) ;
#1736 = CARTESIAN_POINT ( 'NONE',  ( 0.2942664688103074355, 0.0000000000000000000, -0.1842499999999996918 ) ) ;
#1737 = CARTESIAN_POINT ( 'NONE',  ( 0.1942664688103074300, -0.1100000000000000006, -0.01574999999999998623 ) ) ;
#1738 = DIRECTION ( 'NONE',  ( -1.000000000000000000, -0.0000000000000000000, -0.0000000000000000000 ) ) ;
#1739 = EDGE_CURVE ( 'NONE', #2886, #194, #1557, .T. ) ;
#1740 = VERTEX_POINT ( 'NONE', #3206 ) ;
#1741 = ADVANCED_FACE ( 'NONE', ( #3310 ), #3895, .T. ) ;
#1742 = EDGE_CURVE ( 'NONE', #2165, #2330, #3133, .T. ) ;
#1743 = CARTESIAN_POINT ( 'NONE',  ( 0.1942664688103074300, -0.1100000000000000006, -0.01574999999999998623 ) ) ;
#1744 = CARTESIAN_POINT ( 'NONE',  ( 0.5379674688103072144, 4.435068026000317697E-17, -0.01844999999999941478 ) ) ;
#1745 = ORIENTED_EDGE ( 'NONE', *, *, #2128, .T. ) ;
#1746 = PRODUCT_DEFINITION_CONTEXT ( 'detailed design', #1619, 'design' ) ;
#1747 = ORIENTED_EDGE ( 'NONE', *, *, #2004, .T. ) ;
#1748 = EDGE_CURVE ( 'NONE', #1095, #244, #1613, .T. ) ;
#1749 = DIRECTION ( 'NONE',  ( 0.0000000000000000000, 0.0000000000000000000, 1.000000000000000000 ) ) ;
#1750 = CARTESIAN_POINT ( 'NONE',  ( 0.5816684688103075374, -0.1100000000000000006, -0.1842499999999996085 ) ) ;
#1751 = LINE ( 'NONE', #3381, #664 ) ;
#1752 = VERTEX_POINT ( 'NONE', #1825 ) ;
#1753 = DIRECTION ( 'NONE',  ( -1.000000000000000000, -0.0000000000000000000, -0.0000000000000000000 ) ) ;
#1754 = EDGE_CURVE ( 'NONE', #3867, #3270, #3484, .T. ) ;
#1755 = CARTESIAN_POINT ( 'NONE',  ( 0.1750000000000010714, 3.339360669782335017E-18, -0.02726794919243106033 ) ) ;
#1756 = EDGE_CURVE ( 'NONE', #868, #2299, #500, .T. ) ;
#1757 = LINE ( 'NONE', #72, #946 ) ;
#1758 = ORIENTED_EDGE ( 'NONE', *, *, #1815, .F. ) ;
#1759 = ORIENTED_EDGE ( 'NONE', *, *, #577, .T. ) ;
#1760 = CARTESIAN_POINT ( 'NONE',  ( 0.1999990000000001211, -0.1100000000000000006, 0.0000000000000000000 ) ) ;
#1761 = VECTOR ( 'NONE', #3577, 39.37007874015748143 ) ;
#1762 = EDGE_CURVE ( 'NONE', #3153, #4135, #266, .T. ) ;
#1763 = CARTESIAN_POINT ( 'NONE',  ( 0.3816684688103074707, -0.1100000000000000006, -0.1842499999999996085 ) ) ;
#1764 = CIRCLE ( 'NONE', #915, 0.03155000000000058452 ) ;
#1765 = DIRECTION ( 'NONE',  ( -0.0000000000000000000, 1.000000000000000000, -0.0000000000000000000 ) ) ;
#1766 =( REPRESENTATION_RELATIONSHIP ('NONE','NONE', #2553, #2107 ) REPRESENTATION_RELATIONSHIP_WITH_TRANSFORMATION ( #3208 )SHAPE_REPRESENTATION_RELATIONSHIP( ) );
#1767 = CARTESIAN_POINT ( 'NONE',  ( 0.3999990000000001600, 0.0000000000000000000, 0.0000000000000000000 ) ) ;
#1768 = ORIENTED_EDGE ( 'NONE', *, *, #110, .T. ) ;
#1769 = VECTOR ( 'NONE', #1683, 39.37007874015748143 ) ;
#1770 = ORIENTED_EDGE ( 'NONE', *, *, #1363, .T. ) ;
#1771 = CARTESIAN_POINT ( 'NONE',  ( 0.1999990000000001211, -0.1100000000000000006, -0.1999999999999999833 ) ) ;
#1772 = LINE ( 'NONE', #1816, #3617 ) ;
#1773 = CARTESIAN_POINT ( 'NONE',  ( 0.1999990000000001211, 0.0000000000000000000, 0.0000000000000000000 ) ) ;
#1774 = AXIS2_PLACEMENT_3D ( 'NONE', #855, #2212, #1559 ) ;
#1775 = VERTEX_POINT ( 'NONE', #1293 ) ;
#1776 = AXIS2_PLACEMENT_3D ( 'NONE', #3169, #1237, #3864 ) ;
#1777 = LINE ( 'NONE', #2820, #495 ) ;
#1778 = DIRECTION ( 'NONE',  ( 0.0000000000000000000, -1.000000000000000000, 0.0000000000000000000 ) ) ;
#1779 = ORIENTED_EDGE ( 'NONE', *, *, #1429, .T. ) ;
#1780 = AXIS2_PLACEMENT_3D ( 'NONE', #812, #2892, #2876 ) ;
#1781 = VERTEX_POINT ( 'NONE', #1489 ) ;
#1782 = ORIENTED_EDGE ( 'NONE', *, *, #4342, .T. ) ;
#1783 = VECTOR ( 'NONE', #284, 39.37007874015748143 ) ;
#1784 = CARTESIAN_POINT ( 'NONE',  ( 0.7879674688103074365, 0.0000000000000000000, -0.1842499999999992477 ) ) ;
#1785 = ADVANCED_FACE ( 'NONE', ( #828 ), #1513, .T. ) ;
#1786 = PRESENTATION_LAYER_ASSIGNMENT (  '', '', ( #1654 ) ) ;
#1787 = EDGE_CURVE ( 'NONE', #3425, #3996, #2850, .T. ) ;
#1788 = VECTOR ( 'NONE', #2253, 39.37007874015748143 ) ;
#1789 = CONTEXT_DEPENDENT_SHAPE_REPRESENTATION ( #179, #2257 ) ;
#1790 = FACE_OUTER_BOUND ( 'NONE', #765, .T. ) ;
#1791 = VECTOR ( 'NONE', #4329, 39.37007874015748143 ) ;
#1792 = LINE ( 'NONE', #227, #2639 ) ;
#1793 = ORIENTED_EDGE ( 'NONE', *, *, #789, .F. ) ;
#1794 = ADVANCED_FACE ( 'NONE', ( #791 ), #1529, .F. ) ;
#1795 = ORIENTED_EDGE ( 'NONE', *, *, #394, .F. ) ;
#1796 = LINE ( 'NONE', #3132, #433 ) ;
#1797 = EDGE_CURVE ( 'NONE', #2021, #153, #3341, .T. ) ;
#1798 = CARTESIAN_POINT ( 'NONE',  ( 0.0000000000000000000, 0.0000000000000000000, 0.0000000000000000000 ) ) ;
#1799 = VECTOR ( 'NONE', #398, 39.37007874015748143 ) ;
#1800 = EDGE_LOOP ( 'NONE', ( #575, #2666 ) ) ;
#1801 = CARTESIAN_POINT ( 'NONE',  ( 0.2816684688103074374, 0.0000000000000000000, -0.01574999999999998623 ) ) ;
#1802 = EDGE_CURVE ( 'NONE', #966, #3740, #2840, .T. ) ;
#1803 = DIRECTION ( 'NONE',  ( 0.3420201433256665480, 0.0000000000000000000, 0.9396926207859092051 ) ) ;
#1804 = ORIENTED_EDGE ( 'NONE', *, *, #322, .F. ) ;
#1805 = ORIENTED_EDGE ( 'NONE', *, *, #876, .F. ) ;
#1806 = EDGE_CURVE ( 'NONE', #289, #2823, #2137, .T. ) ;
#1807 = DIRECTION ( 'NONE',  ( -0.0000000000000000000, 1.000000000000000000, -0.0000000000000000000 ) ) ;
#1808 =( NAMED_UNIT ( * ) SI_UNIT ( $, .STERADIAN. ) SOLID_ANGLE_UNIT ( ) );
#1809 = ADVANCED_FACE ( 'NONE', ( #3517 ), #480, .T. ) ;
#1810 = DIRECTION ( 'NONE',  ( 0.0000000000000000000, 0.0000000000000000000, 1.000000000000000000 ) ) ;
#1811 = LINE ( 'NONE', #3795, #1368 ) ;
#1812 = DIRECTION ( 'NONE',  ( 0.3420201433256665480, -0.0000000000000000000, 0.9396926207859092051 ) ) ;
#1813 = EDGE_LOOP ( 'NONE', ( #1036, #2108, #932, #1275 ) ) ;
#1814 = CARTESIAN_POINT ( 'NONE',  ( 0.2379674688103072255, -0.1100000000000001948, -0.1184499999999994169 ) ) ;
#1815 = EDGE_CURVE ( 'NONE', #975, #1239, #3877, .T. ) ;
#1816 = CARTESIAN_POINT ( 'NONE',  ( 0.5379674688103072144, 0.0000000000000000000, -0.1184499999999994169 ) ) ;
#1817 = LINE ( 'NONE', #1882, #2300 ) ;
#1818 = ORIENTED_EDGE ( 'NONE', *, *, #2677, .T. ) ;
#1819 = EDGE_CURVE ( 'NONE', #479, #2364, #2203, .T. ) ;
#1820 = ORIENTED_EDGE ( 'NONE', *, *, #1721, .T. ) ;
#1821 = DIRECTION ( 'NONE',  ( -0.0000000000000000000, 1.000000000000000000, -0.0000000000000000000 ) ) ;
#1822 = CARTESIAN_POINT ( 'NONE',  ( 0.2816684688103074374, -0.1100000000000000006, -0.1842499999999996085 ) ) ;
#1823 = ORIENTED_EDGE ( 'NONE', *, *, #4298, .F. ) ;
#1824 = EDGE_LOOP ( 'NONE', ( #3782, #1259, #2248, #846 ) ) ;
#1825 = CARTESIAN_POINT ( 'NONE',  ( 0.7759349376206140514, -0.1100000000000000006, 0.0000000000000000000 ) ) ;
#1826 = CONTEXT_DEPENDENT_SHAPE_REPRESENTATION ( #3897, #271 ) ;
#1827 = CARTESIAN_POINT ( 'NONE',  ( 0.08166846881030742633, 0.0000000000000000000, -0.1842499999999996085 ) ) ;
#1828 = CARTESIAN_POINT ( 'NONE',  ( 0.6942664688103074022, -0.1100000000000000006, -0.1842499999999996918 ) ) ;
#1829 = PLANE ( 'NONE',  #594 ) ;
#1830 = ADVANCED_FACE ( 'NONE', ( #2068 ), #4057, .F. ) ;
#1831 = EDGE_CURVE ( 'NONE', #1656, #2947, #3682, .T. ) ;
#1832 = ORIENTED_EDGE ( 'NONE', *, *, #1889, .F. ) ;
#1833 = FACE_OUTER_BOUND ( 'NONE', #223, .T. ) ;
#1834 = CARTESIAN_POINT ( 'NONE',  ( 0.5816684688103074263, -0.1100000000000000006, -0.01574999999999998623 ) ) ;
#1835 = CARTESIAN_POINT ( 'NONE',  ( 0.06900000000000108824, 0.0000000000000000000, 0.0000000000000000000 ) ) ;
#1836 = ORIENTED_EDGE ( 'NONE', *, *, #2266, .T. ) ;
#1837 = ORIENTED_EDGE ( 'NONE', *, *, #4019, .F. ) ;
#1838 = FILL_AREA_STYLE ('',( #112 ) ) ;
#1839 = CARTESIAN_POINT ( 'NONE',  ( 0.1379674688103071922, 4.435068026000317697E-17, -0.1184499999999994169 ) ) ;
#1840 = CIRCLE ( 'NONE', #3257, 0.03049999999999999586 ) ;
#1841 = CARTESIAN_POINT ( 'NONE',  ( 0.0000000000000000000, -0.1100000000000000006, 0.0000000000000000000 ) ) ;
#1842 = ORIENTED_EDGE ( 'NONE', *, *, #502, .T. ) ;
#1843 = EDGE_CURVE ( 'NONE', #2401, #496, #2387, .T. ) ;
#1844 = ORIENTED_EDGE ( 'NONE', *, *, #123, .F. ) ;
#1845 = ORIENTED_EDGE ( 'NONE', *, *, #2015, .F. ) ;
#1846 = DIRECTION ( 'NONE',  ( 0.0000000000000000000, 1.000000000000000000, 0.0000000000000000000 ) ) ;
#1847 = EDGE_CURVE ( 'NONE', #1711, #1322, #703, .T. ) ;
#1848 = AXIS2_PLACEMENT_3D ( 'NONE', #1955, #3226, #2500 ) ;
#1849 = APPLICATION_CONTEXT ( 'automotive_design' ) ;
#1850 = AXIS2_PLACEMENT_3D ( 'NONE', #3067, #4378, #647 ) ;
#1851 = ITEM_DEFINED_TRANSFORMATION ( 'NONE', 'NONE', #2942,  #3786 ) ;
#1852 = LINE ( 'NONE', #4257, #2200 ) ;
#1853 = AXIS2_PLACEMENT_3D ( 'NONE', #1732, #2424, #3779 ) ;
#1854 = DIRECTION ( 'NONE',  ( -1.000000000000000000, -0.0000000000000000000, -0.0000000000000000000 ) ) ;
#1855 = VERTEX_POINT ( 'NONE', #367 ) ;
#1856 = CIRCLE ( 'NONE', #1018, 0.03155000000000058452 ) ;
#1857 = ORIENTED_EDGE ( 'NONE', *, *, #2590, .F. ) ;
#1858 = FACE_OUTER_BOUND ( 'NONE', #884, .T. ) ;
#1859 = LINE ( 'NONE', #580, #3069 ) ;
#1860 = EDGE_CURVE ( 'NONE', #4193, #4300, #3264, .T. ) ;
#1861 = CARTESIAN_POINT ( 'NONE',  ( 0.5816684688103074263, -0.1100000000000000006, -0.01574999999999998623 ) ) ;
#1862 = EDGE_LOOP ( 'NONE', ( #1682, #3095, #4145, #2076 ) ) ;
#1863 = ORIENTED_EDGE ( 'NONE', *, *, #2544, .T. ) ;
#1864 = FILL_AREA_STYLE ('',( #3179 ) ) ;
#1865 = LINE ( 'NONE', #2294, #2907 ) ;
#1866 = AXIS2_PLACEMENT_3D ( 'NONE', #3200, #3529, #2821 ) ;
#1867 = ADVANCED_FACE ( 'NONE', ( #25 ), #1731, .F. ) ;
#1869 = EDGE_CURVE ( 'NONE', #2710, #4385, #2648, .T. ) ;
#1868 = DIRECTION ( 'NONE',  ( 0.0000000000000000000, 0.0000000000000000000, 1.000000000000000000 ) ) ;
#1870 = LINE ( 'NONE', #3411, #3277 ) ;
#1871 = ORIENTED_EDGE ( 'NONE', *, *, #3280, .T. ) ;
#1872 = DIRECTION ( 'NONE',  ( 0.0000000000000000000, 0.0000000000000000000, 1.000000000000000000 ) ) ;
#1873 = DIRECTION ( 'NONE',  ( -0.0000000000000000000, 0.0000000000000000000, 1.000000000000000000 ) ) ;
#1874 = ORIENTED_EDGE ( 'NONE', *, *, #2484, .F. ) ;
#1875 = DIRECTION ( 'NONE',  ( -0.0000000000000000000, 0.0000000000000000000, -1.000000000000000000 ) ) ;
#1876 = EDGE_CURVE ( 'NONE', #3155, #1951, #3412, .T. ) ;
#1877 = DIRECTION ( 'NONE',  ( -0.0000000000000000000, 1.000000000000000000, -0.0000000000000000000 ) ) ;
#1878 = EDGE_LOOP ( 'NONE', ( #387, #1200 ) ) ;
#1879 = DIRECTION ( 'NONE',  ( 0.3420201433256664370, -0.0000000000000000000, 0.9396926207859092051 ) ) ;
#1880 = LINE ( 'NONE', #4327, #1783 ) ;
#1881 = DIRECTION ( 'NONE',  ( -1.000000000000000000, 0.0000000000000000000, 4.400897325943014971E-17 ) ) ;
#1882 = CARTESIAN_POINT ( 'NONE',  ( 0.7379674688103072810, 0.0000000000000000000, -0.08155000000000058036 ) ) ;
#1883 = ORIENTED_EDGE ( 'NONE', *, *, #4206, .F. ) ;
#1884 = EDGE_CURVE ( 'NONE', #1510, #4269, #963, .T. ) ;
#1885 = ORIENTED_EDGE ( 'NONE', *, *, #1815, .T. ) ;
#1886 = DIRECTION ( 'NONE',  ( 1.224646799147353207E-16, 1.000000000000000000, 0.0000000000000000000 ) ) ;
#1887 = DIRECTION ( 'NONE',  ( 0.0000000000000000000, 0.0000000000000000000, 1.000000000000000000 ) ) ;
#1888 = PLANE ( 'NONE',  #949 ) ;
#1889 = EDGE_CURVE ( 'NONE', #3871, #3867, #3707, .T. ) ;
#1890 = VERTEX_POINT ( 'NONE', #4100 ) ;
#1891 = CARTESIAN_POINT ( 'NONE',  ( 0.7816674688103075752, 0.0000000000000000000, -0.1842499999999992477 ) ) ;
#1892 = ORIENTED_EDGE ( 'NONE', *, *, #3899, .F. ) ;
#1893 = CONTEXT_DEPENDENT_SHAPE_REPRESENTATION ( #3667, #3242 ) ;
#1894 = CARTESIAN_POINT ( 'NONE',  ( 0.09999900000000011557, 0.0000000000000000000, 0.0000000000000000000 ) ) ;
#1895 = LINE ( 'NONE', #2562, #456 ) ;
#1896 = ORIENTED_EDGE ( 'NONE', *, *, #3778, .F. ) ;
#1897 = CARTESIAN_POINT ( 'NONE',  ( 0.5942664688103074244, -0.1100000000000000006, -0.01574999999999998623 ) ) ;
#1898 = CARTESIAN_POINT ( 'NONE',  ( 0.4759359376206147019, -0.1100000000000000006, -9.478001694819074349E-34 ) ) ;
#1899 = DIRECTION ( 'NONE',  ( 0.0000000000000000000, 0.0000000000000000000, 1.000000000000000000 ) ) ;
#1900 = FACE_BOUND ( 'NONE', #461, .T. ) ;
#1901 = EDGE_LOOP ( 'NONE', ( #1387, #2342 ) ) ;
#1902 = ORIENTED_EDGE ( 'NONE', *, *, #1141, .F. ) ;
#1903 = DIRECTION ( 'NONE',  ( 0.0000000000000000000, 0.0000000000000000000, 1.000000000000000000 ) ) ;
#1904 = LINE ( 'NONE', #4271, #1480 ) ;
#1905 = CYLINDRICAL_SURFACE ( 'NONE', #4134, 0.03155000000000058452 ) ;
#1906 = VECTOR ( 'NONE', #1975, 39.37007874015748143 ) ;
#1907 = ORIENTED_EDGE ( 'NONE', *, *, #2761, .F. ) ;
#1908 = ORIENTED_EDGE ( 'NONE', *, *, #1468, .F. ) ;
#1909 = CIRCLE ( 'NONE', #4260, 0.03155000000000058452 ) ;
#1910 = LINE ( 'NONE', #2581, #2938 ) ;
#1911 = LINE ( 'NONE', #4276, #2825 ) ;
#1912 = DIRECTION ( 'NONE',  ( -1.000000000000000000, 0.0000000000000000000, 4.400897325943014971E-17 ) ) ;
#1913 = EDGE_CURVE ( 'NONE', #344, #1459, #1999, .T. ) ;
#1914 = ADVANCED_FACE ( 'NONE', ( #4082 ), #1976, .T. ) ;
#1915 = VECTOR ( 'NONE', #1601, 39.37007874015748143 ) ;
#1916 = EDGE_LOOP ( 'NONE', ( #2795, #831, #4172, #3819 ) ) ;
#1917 = VECTOR ( 'NONE', #4384, 39.37007874015748143 ) ;
#1918 = CARTESIAN_POINT ( 'NONE',  ( 0.7759349376206162718, -0.1100000000000000006, -0.1999999999999996780 ) ) ;
#1919 = EDGE_CURVE ( 'NONE', #836, #3957, #3661, .T. ) ;
#1920 = CARTESIAN_POINT ( 'NONE',  ( -0.01203253118969264436, 0.0000000000000000000, -0.01574999999999999664 ) ) ;
#1921 = VECTOR ( 'NONE', #3508, 39.37007874015748854 ) ;
#1922 = ORIENTED_EDGE ( 'NONE', *, *, #3538, .F. ) ;
#1923 = CARTESIAN_POINT ( 'NONE',  ( 0.1130000000000009330, 3.918869757271530830E-18, -0.03200000000000000067 ) ) ;
#1924 = VECTOR ( 'NONE', #1435, 39.37007874015748143 ) ;
#1925 = DIRECTION ( 'NONE',  ( -1.000000000000000000, -0.0000000000000000000, -0.0000000000000000000 ) ) ;
#1926 = DIRECTION ( 'NONE',  ( 0.0000000000000000000, 0.0000000000000000000, 1.000000000000000000 ) ) ;
#1927 = EDGE_CURVE ( 'NONE', #3811, #2926, #2404, .T. ) ;
#1928 = DIRECTION ( 'NONE',  ( -0.0000000000000000000, 1.000000000000000000, -0.0000000000000000000 ) ) ;
#1929 = EDGE_LOOP ( 'NONE', ( #3213, #460, #2687, #2113 ) ) ;
#1930 = AXIS2_PLACEMENT_3D ( 'NONE', #1217, #2570, #3934 ) ;
#1931 = VERTEX_POINT ( 'NONE', #3380 ) ;
#1932 = DIRECTION ( 'NONE',  ( 1.224646799147353207E-16, 1.000000000000000000, 0.0000000000000000000 ) ) ;
#1933 = CARTESIAN_POINT ( 'NONE',  ( 0.4942664688103074466, 0.0000000000000000000, -0.1842499999999996918 ) ) ;
#1934 = AXIS2_PLACEMENT_3D ( 'NONE', #877, #3671, #1238 ) ;
#1935 = VECTOR ( 'NONE', #69, 39.37007874015748143 ) ;
#1936 = VERTEX_POINT ( 'NONE', #3052 ) ;
#1937 = EDGE_CURVE ( 'NONE', #3859, #3425, #4, .T. ) ;
#1938 = DIRECTION ( 'NONE',  ( 0.0000000000000000000, 0.0000000000000000000, 1.000000000000000000 ) ) ;
#1939 = CARTESIAN_POINT ( 'NONE',  ( 0.1241961524226974228, 0.0000000000000000000, 0.0000000000000000000 ) ) ;
#1940 = CARTESIAN_POINT ( 'NONE',  ( 0.2759359376206146353, -0.1100000000000000006, -0.1999999999999999833 ) ) ;
#1941 = AXIS2_PLACEMENT_3D ( 'NONE', #557, #1903, #1932 ) ;
#1942 = ORIENTED_EDGE ( 'NONE', *, *, #2747, .F. ) ;
#1943 = DIRECTION ( 'NONE',  ( -0.0000000000000000000, 1.000000000000000000, -0.0000000000000000000 ) ) ;
#1944 = DIRECTION ( 'NONE',  ( 1.000000000000000000, 0.0000000000000000000, -5.421193827719211569E-15 ) ) ;
#1945 = EDGE_CURVE ( 'NONE', #2236, #588, #3754, .T. ) ;
#1946 = ORIENTED_EDGE ( 'NONE', *, *, #2230, .T. ) ;
#1947 = PLANE ( 'NONE',  #288 ) ;
#1948 = CARTESIAN_POINT ( 'NONE',  ( 0.6816684688103075151, -0.1100000000000000006, -0.1842499999999996085 ) ) ;
#1949 = LINE ( 'NONE', #532, #1365 ) ;
#1950 = FACE_BOUND ( 'NONE', #497, .T. ) ;
#1951 = VERTEX_POINT ( 'NONE', #3008 ) ;
#1952 = EDGE_LOOP ( 'NONE', ( #3003, #1844, #23, #1280 ) ) ;
#1953 = CARTESIAN_POINT ( 'NONE',  ( 0.1379674688103071922, -0.1950000000000011169, -0.04999999999999999584 ) ) ;
#1954 = DIRECTION ( 'NONE',  ( 0.0000000000000000000, 0.0000000000000000000, 1.000000000000000000 ) ) ;
#1955 = CARTESIAN_POINT ( 'NONE',  ( 0.2379674688103072255, -0.1100000000000001948, -0.04999999999999999584 ) ) ;
#1956 = DIRECTION ( 'NONE',  ( 0.0000000000000000000, 0.0000000000000000000, 1.000000000000000000 ) ) ;
#1957 = EDGE_CURVE ( 'NONE', #3704, #4385, #1635, .T. ) ;
#1958 = ORIENTED_EDGE ( 'NONE', *, *, #2209, .F. ) ;
#1959 = DIRECTION ( 'NONE',  ( 0.0000000000000000000, 0.0000000000000000000, 1.000000000000000000 ) ) ;
#1960 = CARTESIAN_POINT ( 'NONE',  ( 0.7879674688103074365, -0.1100000000000000006, -0.01574999999999965317 ) ) ;
#1961 = LINE ( 'NONE', #2326, #2010 ) ;
#1962 = ORIENTED_EDGE ( 'NONE', *, *, #2305, .T. ) ;
#1963 = CYLINDRICAL_SURFACE ( 'NONE', #3766, 0.03155000000000058452 ) ;
#1964 = CARTESIAN_POINT ( 'NONE',  ( 0.06900000000000110212, 1.408343819019480803E-18, -0.01150000000000020103 ) ) ;
#1965 = EDGE_CURVE ( 'NONE', #1244, #1501, #3463, .T. ) ;
#1966 = DIMENSIONAL_EXPONENTS ( 1.000000000000000000, 0.0000000000000000000, 0.0000000000000000000, 0.0000000000000000000, 0.0000000000000000000, 0.0000000000000000000, 0.0000000000000000000 ) ;
#1967 = VERTEX_POINT ( 'NONE', #2755 ) ;
#1968 = DIRECTION ( 'NONE',  ( 0.0000000000000000000, 0.0000000000000000000, 1.000000000000000000 ) ) ;
#1969 = DIRECTION ( 'NONE',  ( -0.3420201433255870005, 0.0000000000000000000, -0.9396926207859380709 ) ) ;
#1970 = VERTEX_POINT ( 'NONE', #1416 ) ;
#1971 = CYLINDRICAL_SURFACE ( 'NONE', #157, 0.03155000000000058452 ) ;
#1972 = ORIENTED_EDGE ( 'NONE', *, *, #1937, .T. ) ;
#1973 = ADVANCED_FACE ( 'NONE', ( #3846 ), #3802, .F. ) ;
#1974 = VERTEX_POINT ( 'NONE', #64 ) ;
#1975 = DIRECTION ( 'NONE',  ( 1.000000000000000000, 0.0000000000000000000, -5.421193827719211569E-15 ) ) ;
#1976 = PLANE ( 'NONE',  #930 ) ;
#1977 = EDGE_LOOP ( 'NONE', ( #2625, #237, #2861, #842 ) ) ;
#1978 = CIRCLE ( 'NONE', #1690, 0.03155000000000058452 ) ;
#1979 = EDGE_LOOP ( 'NONE', ( #3583, #1330 ) ) ;
#1980 = CARTESIAN_POINT ( 'NONE',  ( 0.2379674688103072255, 4.435068026000317697E-17, -0.01844999999999941478 ) ) ;
#1981 = PLANE ( 'NONE',  #3752 ) ;
#1982 = DIRECTION ( 'NONE',  ( 1.000000000000000000, 0.0000000000000000000, -5.421193827719211569E-15 ) ) ;
#1983 = VECTOR ( 'NONE', #3938, 39.37007874015748143 ) ;
#1984 = ORIENTED_EDGE ( 'NONE', *, *, #3075, .F. ) ;
#1985 = CARTESIAN_POINT ( 'NONE',  ( 0.7759349376206162718, 0.0000000000000000000, -0.1999999999999996780 ) ) ;
#1986 = CIRCLE ( 'NONE', #2352, 0.03155000000000058452 ) ;
#1987 = CYLINDRICAL_SURFACE ( 'NONE', #945, 0.03155000000000058452 ) ;
#1988 = AXIS2_PLACEMENT_3D ( 'NONE', #3879, #1875, #3228 ) ;
#1989 = ORIENTED_EDGE ( 'NONE', *, *, #3434, .T. ) ;
#1990 = FACE_OUTER_BOUND ( 'NONE', #1952, .T. ) ;
#1991 = DIRECTION ( 'NONE',  ( 0.0000000000000000000, 1.000000000000000000, -0.0000000000000000000 ) ) ;
#1992 = ORIENTED_EDGE ( 'NONE', *, *, #1341, .T. ) ;
#1993 = CARTESIAN_POINT ( 'NONE',  ( 0.2999990000000001267, -0.1100000000000000006, -0.1999999999999999833 ) ) ;
#1994 = AXIS2_PLACEMENT_3D ( 'NONE', #3185, #163, #1467 ) ;
#1995 = ORIENTED_EDGE ( 'NONE', *, *, #1153, .T. ) ;
#1996 = VERTEX_POINT ( 'NONE', #1750 ) ;
#1997 = VECTOR ( 'NONE', #3977, 39.37007874015748143 ) ;
#1998 = DIRECTION ( 'NONE',  ( -0.3420201433256720991, 0.0000000000000000000, 0.9396926207859070956 ) ) ;
#1999 = LINE ( 'NONE', #633, #657 ) ;
#2000 = LINE ( 'NONE', #2271, #1444 ) ;
#2001 = ORIENTED_EDGE ( 'NONE', *, *, #119, .F. ) ;
#2002 = VECTOR ( 'NONE', #410, 39.37007874015748143 ) ;
#2003 = ORIENTED_EDGE ( 'NONE', *, *, #4302, .T. ) ;
#2004 = EDGE_CURVE ( 'NONE', #3034, #2337, #4115, .T. ) ;
#2005 = DIRECTION ( 'NONE',  ( -1.000000000000000000, -0.0000000000000000000, -0.0000000000000000000 ) ) ;
#2006 = DIRECTION ( 'NONE',  ( -1.000000000000000000, 0.0000000000000000000, 4.400897325943014971E-17 ) ) ;
#2007 = VECTOR ( 'NONE', #699, 39.37007874015748143 ) ;
#2008 = DIRECTION ( 'NONE',  ( 0.3420201433256633283, 0.0000000000000000000, -0.9396926207859103153 ) ) ;
#2009 = VECTOR ( 'NONE', #913, 39.37007874015748143 ) ;
#2010 = VECTOR ( 'NONE', #991, 39.37007874015748143 ) ;
#2011 = EDGE_LOOP ( 'NONE', ( #345, #221, #2395, #3196 ) ) ;
#2012 = FACE_OUTER_BOUND ( 'NONE', #3527, .T. ) ;
#2013 = CIRCLE ( 'NONE', #747, 0.003000000000000000496 ) ;
#2014 = CARTESIAN_POINT ( 'NONE',  ( 0.2816684688103074374, 0.0000000000000000000, -0.01574999999999998623 ) ) ;
#2015 = EDGE_CURVE ( 'NONE', #2401, #1510, #2090, .T. ) ;
#2016 = ORIENTED_EDGE ( 'NONE', *, *, #2747, .T. ) ;
#2017 = CARTESIAN_POINT ( 'NONE',  ( 0.3759359376206146686, -0.1100000000000000006, -9.478001694819074349E-34 ) ) ;
#2018 = FACE_OUTER_BOUND ( 'NONE', #7, .T. ) ;
#2019 = ORIENTED_EDGE ( 'NONE', *, *, #268, .T. ) ;
#2020 = CARTESIAN_POINT ( 'NONE',  ( 0.0000000000000000000, 3.735172737399426715E-18, -0.03049999999999999586 ) ) ;
#2021 = VERTEX_POINT ( 'NONE', #3158 ) ;
#2022 = EDGE_LOOP ( 'NONE', ( #199, #2426, #1512, #1190 ) ) ;
#2023 = CARTESIAN_POINT ( 'NONE',  ( 0.3816684688103073597, -0.1100000000000000006, -0.01574999999999998623 ) ) ;
#2024 = DIRECTION ( 'NONE',  ( 0.0000000000000000000, 1.000000000000000000, 0.0000000000000000000 ) ) ;
#2025 = FACE_OUTER_BOUND ( 'NONE', #1255, .T. ) ;
#2026 = EDGE_CURVE ( 'NONE', #3317, #2868, #1772, .T. ) ;
#2027 = ORIENTED_EDGE ( 'NONE', *, *, #3167, .F. ) ;
#2028 = CARTESIAN_POINT ( 'NONE',  ( 0.4942664688103074466, -0.1100000000000000006, -0.01574999999999998623 ) ) ;
#2029 = FACE_OUTER_BOUND ( 'NONE', #3091, .T. ) ;
#2030 = PLANE ( 'NONE',  #938 ) ;
#2031 = EDGE_CURVE ( 'NONE', #3270, #3867, #1707, .T. ) ;
#2032 = ADVANCED_FACE ( 'NONE', ( #2799 ), #2155, .F. ) ;
#2033 = ORIENTED_EDGE ( 'NONE', *, *, #809, .T. ) ;
#2034 = DIRECTION ( 'NONE',  ( 1.000000000000000000, 0.0000000000000000000, 0.0000000000000000000 ) ) ;
#2035 = LINE ( 'NONE', #1043, #2649 ) ;
#2036 = EDGE_CURVE ( 'NONE', #2236, #4051, #2204, .T. ) ;
#2037 = CARTESIAN_POINT ( 'NONE',  ( 0.7879674688103074365, -0.1100000000000000006, -0.01574999999999965317 ) ) ;
#2038 = DIRECTION ( 'NONE',  ( 0.0000000000000000000, 0.0000000000000000000, 1.000000000000000000 ) ) ;
#2039 = EDGE_CURVE ( 'NONE', #3580, #868, #3869, .T. ) ;
#2040 = ORIENTED_EDGE ( 'NONE', *, *, #3361, .F. ) ;
#2041 = PRODUCT_DEFINITION_SHAPE ( 'NONE', 'NONE',  #4387 ) ;
#2042 = PLANE ( 'NONE',  #380 ) ;
#2043 = ORIENTED_EDGE ( 'NONE', *, *, #599, .F. ) ;
#2044 = EDGE_LOOP ( 'NONE', ( #4351, #4078, #1892, #170 ) ) ;
#2045 = DIRECTION ( 'NONE',  ( -0.3420201433256720991, 0.0000000000000000000, 0.9396926207859070956 ) ) ;
#2046 = CARTESIAN_POINT ( 'NONE',  ( 0.0000000000000000000, 4.408728476930471028E-18, -0.03599999999999999728 ) ) ;
#2047 = LINE ( 'NONE', #3755, #96 ) ;
#2048 = ORIENTED_EDGE ( 'NONE', *, *, #2105, .T. ) ;
#2049 = ORIENTED_EDGE ( 'NONE', *, *, #2524, .T. ) ;
#2050 = PLANE ( 'NONE',  #3497 ) ;
#2051 = DIRECTION ( 'NONE',  ( -4.400897325943014971E-17, 0.0000000000000000000, -1.000000000000000000 ) ) ;
#2052 = CARTESIAN_POINT ( 'NONE',  ( 0.1816684688103074319, -0.1100000000000000006, -0.1842499999999996085 ) ) ;
#2053 = ORIENTED_EDGE ( 'NONE', *, *, #2457, .F. ) ;
#2054 = CIRCLE ( 'NONE', #4254, 0.03599999999999999728 ) ;
#2055 = DIRECTION ( 'NONE',  ( 0.3420201433256633283, 0.0000000000000000000, -0.9396926207859103153 ) ) ;
#2056 = DIRECTION ( 'NONE',  ( 1.000000000000000000, 0.0000000000000000000, 0.0000000000000000000 ) ) ;
#2057 = VECTOR ( 'NONE', #4313, 39.37007874015748143 ) ;
#2058 = VECTOR ( 'NONE', #2811, 39.37007874015748143 ) ;
#2059 = DIRECTION ( 'NONE',  ( 1.000000000000000000, 0.0000000000000000000, 0.0000000000000000000 ) ) ;
#2060 = EDGE_CURVE ( 'NONE', #2201, #1169, #1119, .T. ) ;
#2061 = DIRECTION ( 'NONE',  ( -0.0000000000000000000, 1.000000000000000000, -0.0000000000000000000 ) ) ;
#2062 = CYLINDRICAL_SURFACE ( 'NONE', #1496, 0.03155000000000058452 ) ;
#2063 = ORIENTED_EDGE ( 'NONE', *, *, #2681, .F. ) ;
#2064 = COLOUR_RGB ( '',0.4941176470588235503, 0.4941176470588235503, 0.4941176470588235503 ) ;
#2065 = ORIENTED_EDGE ( 'NONE', *, *, #1806, .F. ) ;
#2066 = CARTESIAN_POINT ( 'NONE',  ( 0.008500000000000193165, 1.040949779275274114E-18, -0.008500000000000193165 ) ) ;
#2067 = VECTOR ( 'NONE', #4181, 39.37007874015748143 ) ;
#2068 = FACE_OUTER_BOUND ( 'NONE', #2044, .T. ) ;
#2069 = CARTESIAN_POINT ( 'NONE',  ( 0.2816684688103074374, -0.1100000000000000006, -0.1842499999999996085 ) ) ;
#2070 = EDGE_LOOP ( 'NONE', ( #3618, #1896, #826, #2819 ) ) ;
#2071 = ORIENTED_EDGE ( 'NONE', *, *, #1031, .T. ) ;
#2072 = AXIS2_PLACEMENT_3D ( 'NONE', #834, #2263, #2193 ) ;
#2073 = VERTEX_POINT ( 'NONE', #2468 ) ;
#2074 = CARTESIAN_POINT ( 'NONE',  ( 0.08500000000000113021, 0.0000000000000000000, 0.03049999999999999586 ) ) ;
#2075 = CARTESIAN_POINT ( 'NONE',  ( 0.03796746881030719362, 0.0000000000000000000, -0.04999999999999999584 ) ) ;
#2076 = ORIENTED_EDGE ( 'NONE', *, *, #486, .T. ) ;
#2077 = AXIS2_PLACEMENT_3D ( 'NONE', #301, #3621, #4319 ) ;
#2078 = CARTESIAN_POINT ( 'NONE',  ( 0.2379674688103072255, 4.435068026000317697E-17, -0.1499999999999999944 ) ) ;
#2079 = VECTOR ( 'NONE', #1812, 39.37007874015748143 ) ;
#2080 = DIRECTION ( 'NONE',  ( 0.3420201433256665480, -0.0000000000000000000, 0.9396926207859092051 ) ) ;
#2081 = VECTOR ( 'NONE', #2116, 39.37007874015748143 ) ;
#2082 = AXIS2_PLACEMENT_3D ( 'NONE', #1052, #2405, #1074 ) ;
#2083 = DIRECTION ( 'NONE',  ( -0.0000000000000000000, 1.000000000000000000, -0.0000000000000000000 ) ) ;
#2084 = LINE ( 'NONE', #3747, #85 ) ;
#2085 = FACE_OUTER_BOUND ( 'NONE', #4102, .T. ) ;
#2086 = ORIENTED_EDGE ( 'NONE', *, *, #1516, .F. ) ;
#2087 = DIRECTION ( 'NONE',  ( 1.000000000000000000, 0.0000000000000000000, -0.0000000000000000000 ) ) ;
#2088 = ORIENTED_EDGE ( 'NONE', *, *, #1728, .F. ) ;
#2089 = DIRECTION ( 'NONE',  ( -0.9396926207859072067, 0.0000000000000000000, -0.3420201433256721546 ) ) ;
#2090 = LINE ( 'NONE', #1073, #146 ) ;
#2091 = CARTESIAN_POINT ( 'NONE',  ( -0.01203253118969264436, -0.1100000000000000006, -0.01574999999999999664 ) ) ;
#2092 = EDGE_CURVE ( 'NONE', #4242, #2931, #2131, .T. ) ;
#2093 = EDGE_CURVE ( 'NONE', #1583, #838, #1477, .T. ) ;
#2094 = ORIENTED_EDGE ( 'NONE', *, *, #3598, .F. ) ;
#2095 = DIRECTION ( 'NONE',  ( 0.9396926207859104263, 0.0000000000000000000, 0.3420201433256633838 ) ) ;
#2096 = DIRECTION ( 'NONE',  ( -0.0000000000000000000, 1.000000000000000000, -0.0000000000000000000 ) ) ;
#2097 = DIRECTION ( 'NONE',  ( -0.3420201433256720991, 0.0000000000000000000, 0.9396926207859070956 ) ) ;
#2098 = EDGE_CURVE ( 'NONE', #3114, #3811, #2510, .T. ) ;
#2099 = ORIENTED_EDGE ( 'NONE', *, *, #2225, .T. ) ;
#2100 = ORIENTED_EDGE ( 'NONE', *, *, #698, .F. ) ;
#2101 =( NAMED_UNIT ( * ) PLANE_ANGLE_UNIT ( ) SI_UNIT ( $, .RADIAN. ) );
#2102 = ITEM_DEFINED_TRANSFORMATION ( 'NONE', 'NONE', #4363,  #3786 ) ;
#2103 = CYLINDRICAL_SURFACE ( 'NONE', #3905, 0.008500000000000196634 ) ;
#2104 = CARTESIAN_POINT ( 'NONE',  ( -0.01203253118969264089, 0.0000000000000000000, -0.1842499999999996918 ) ) ;
#2105 = EDGE_CURVE ( 'NONE', #1781, #4041, #3136, .T. ) ;
#2106 = CARTESIAN_POINT ( 'NONE',  ( 0.7379674688103072810, 4.435068026000317697E-17, -0.1499999999999999944 ) ) ;
#2107 = SHAPE_REPRESENTATION ( '0906_default', ( #3786 ), #871 ) ;
#2108 = ORIENTED_EDGE ( 'NONE', *, *, #1153, .F. ) ;
#2109 = PLANE ( 'NONE',  #2272 ) ;
#2111 = DIRECTION ( 'NONE',  ( 0.0000000000000000000, 0.0000000000000000000, 1.000000000000000000 ) ) ;
#2110 = PRODUCT_RELATED_PRODUCT_CATEGORY ( 'part', '', ( #3351 ) ) ;
#2112 = PRODUCT_DEFINITION_SHAPE ( 'NONE', 'NONE',  #2564 ) ;
#2113 = ORIENTED_EDGE ( 'NONE', *, *, #3862, .T. ) ;
#2114 =( NAMED_UNIT ( * ) SI_UNIT ( $, .STERADIAN. ) SOLID_ANGLE_UNIT ( ) );
#2115 = CARTESIAN_POINT ( 'NONE',  ( 0.3759359376206146686, 0.0000000000000000000, -0.1999999999999999833 ) ) ;
#2116 = DIRECTION ( 'NONE',  ( -1.000000000000000000, 0.0000000000000000000, 4.400897325943014971E-17 ) ) ;
#2117 = ORIENTED_EDGE ( 'NONE', *, *, #3538, .T. ) ;
#2118 = ORIENTED_EDGE ( 'NONE', *, *, #3467, .F. ) ;
#2119 = DIRECTION ( 'NONE',  ( 0.0000000000000000000, 0.0000000000000000000, 1.000000000000000000 ) ) ;
#2120 = VECTOR ( 'NONE', #3098, 39.37007874015748854 ) ;
#2121 = EDGE_CURVE ( 'NONE', #2489, #3726, #1949, .T. ) ;
#2122 = LENGTH_MEASURE_WITH_UNIT ( LENGTH_MEASURE( 0.02539999999999999897 ), #4094 );
#2123 = FACE_OUTER_BOUND ( 'NONE', #1212, .T. ) ;
#2124 = LINE ( 'NONE', #3597, #1715 ) ;
#2125 = DIRECTION ( 'NONE',  ( -1.000000000000000000, 0.0000000000000000000, 4.400897325943014971E-17 ) ) ;
#2126 = ORIENTED_EDGE ( 'NONE', *, *, #1756, .F. ) ;
#2127 = AXIS2_PLACEMENT_3D ( 'NONE', #3930, #879, #3279 ) ;
#2128 = EDGE_CURVE ( 'NONE', #3740, #966, #2365, .T. ) ;
#2129 = ORIENTED_EDGE ( 'NONE', *, *, #1038, .T. ) ;
#2130 = LINE ( 'NONE', #2485, #3251 ) ;
#2131 = LINE ( 'NONE', #3175, #3344 ) ;
#2132 = LINE ( 'NONE', #4245, #514 ) ;
#2133 = VECTOR ( 'NONE', #190, 39.37007874015748143 ) ;
#2134 = ORIENTED_EDGE ( 'NONE', *, *, #243, .F. ) ;
#2135 = PLANE ( 'NONE',  #3248 ) ;
#2136 = DIRECTION ( 'NONE',  ( 0.0000000000000000000, 0.0000000000000000000, 1.000000000000000000 ) ) ;
#2137 = CIRCLE ( 'NONE', #1780, 0.03049999999999999586 ) ;
#2138 = ORIENTED_EDGE ( 'NONE', *, *, #2636, .F. ) ;
#2139 = ORIENTED_EDGE ( 'NONE', *, *, #3959, .T. ) ;
#2140 = VECTOR ( 'NONE', #4201, 39.37007874015748143 ) ;
#2141 = CARTESIAN_POINT ( 'NONE',  ( -0.01203253118969264089, -0.1100000000000000006, -0.1842499999999996918 ) ) ;
#2142 = AXIS2_PLACEMENT_3D ( 'NONE', #1066, #2361, #28 ) ;
#2143 = VECTOR ( 'NONE', #4370, 39.37007874015748143 ) ;
#2144 = PRODUCT_CONTEXT ( 'NONE', #1849, 'mechanical' ) ;
#2145 = LINE ( 'NONE', #3150, #1418 ) ;
#2146 = TOROIDAL_SURFACE ( 'NONE', #2503, 0.01150000000000020103, 0.003000000000000000062 ) ;
#2147 = LINE ( 'NONE', #103, #4277 ) ;
#2148 = PRODUCT_DEFINITION_SHAPE ( 'NONE', 'NONE',  #4399 ) ;
#2149 = ADVANCED_FACE ( 'NONE', ( #1499, #2289 ), #172, .F. ) ;
#2150 = DIRECTION ( 'NONE',  ( 0.0000000000000000000, 0.0000000000000000000, 1.000000000000000000 ) ) ;
#2151 = EDGE_CURVE ( 'NONE', #281, #3096, #4273, .T. ) ;
#2152 = AXIS2_PLACEMENT_3D ( 'NONE', #2743, #730, #4091 ) ;
#2153 = ORIENTED_EDGE ( 'NONE', *, *, #1175, .T. ) ;
#2154 = DIRECTION ( 'NONE',  ( 0.0000000000000000000, 0.0000000000000000000, 1.000000000000000000 ) ) ;
#2155 = PLANE ( 'NONE',  #4129 ) ;
#2156 = AXIS2_PLACEMENT_3D ( 'NONE', #37, #3168, #3793 ) ;
#2157 = LINE ( 'NONE', #2817, #3004 ) ;
#2158 = EDGE_LOOP ( 'NONE', ( #1546, #761, #447, #2470 ) ) ;
#2159 = EDGE_CURVE ( 'NONE', #2401, #2359, #881, .T. ) ;
#2160 = ORIENTED_EDGE ( 'NONE', *, *, #1847, .F. ) ;
#2161 =( NAMED_UNIT ( * ) SI_UNIT ( $, .STERADIAN. ) SOLID_ANGLE_UNIT ( ) );
#2162 = CARTESIAN_POINT ( 'NONE',  ( 0.2251000000000010770, 0.0000000000000000000, 0.02090000000000000885 ) ) ;
#2163 = LINE ( 'NONE', #865, #3432 ) ;
#2164 = ORIENTED_EDGE ( 'NONE', *, *, #3340, .F. ) ;
#2165 = VERTEX_POINT ( 'NONE', #3215 ) ;
#2166 = DIRECTION ( 'NONE',  ( -1.000000000000000000, 0.0000000000000000000, -0.0000000000000000000 ) ) ;
#2167 = EDGE_CURVE ( 'NONE', #3042, #1227, #2996, .T. ) ;
#2168 = CONTEXT_DEPENDENT_SHAPE_REPRESENTATION ( #360, #2606 ) ;
#2169 = CARTESIAN_POINT ( 'NONE',  ( 0.5942664688103074244, 0.0000000000000000000, -0.1842499999999996918 ) ) ;
#2170 = CARTESIAN_POINT ( 'NONE',  ( 0.6379674688103071922, -0.1100000000000001948, -0.01844999999999941478 ) ) ;
#2171 = EDGE_CURVE ( 'NONE', #3042, #3193, #2904, .T. ) ;
#2172 = EDGE_CURVE ( 'NONE', #1352, #529, #1859, .T. ) ;
#2173 = CARTESIAN_POINT ( 'NONE',  ( 0.1379674688103071922, 4.435068026000317697E-17, -0.08155000000000058036 ) ) ;
#2174 = VERTEX_POINT ( 'NONE', #3233 ) ;
#2175 = DIRECTION ( 'NONE',  ( 0.3420201433256664370, -0.0000000000000000000, 0.9396926207859092051 ) ) ;
#2176 = CARTESIAN_POINT ( 'NONE',  ( 0.2999990000000001267, -0.1100000000000000006, 0.0000000000000000000 ) ) ;
#2177 = DIRECTION ( 'NONE',  ( 0.0000000000000000000, 0.0000000000000000000, 1.000000000000000000 ) ) ;
#2178 = VERTEX_POINT ( 'NONE', #1192 ) ;
#2179 = EDGE_LOOP ( 'NONE', ( #109, #2315 ) ) ;
#2180 = CARTESIAN_POINT ( 'NONE',  ( 0.0000000000000000000, 0.0000000000000000000, 0.0000000000000000000 ) ) ;
#2181 = DIRECTION ( 'NONE',  ( -1.000000000000000000, 0.0000000000000000000, 4.400897325943014971E-17 ) ) ;
#2182 = LINE ( 'NONE', #198, #860 ) ;
#2183 = EDGE_LOOP ( 'NONE', ( #136, #3427, #4210, #899 ) ) ;
#2184 = ORIENTED_EDGE ( 'NONE', *, *, #3361, .T. ) ;
#2185 = VERTEX_POINT ( 'NONE', #3909 ) ;
#2186 = CARTESIAN_POINT ( 'NONE',  ( 0.7759349376206162718, -0.1100000000000000006, -0.1999999999999996780 ) ) ;
#2187 = EDGE_CURVE ( 'NONE', #1122, #4055, #511, .T. ) ;
#2188 = SPHERICAL_SURFACE ( 'NONE', #1988, 0.02090000000000000885 ) ;
#2189 = PLANE ( 'NONE',  #3426 ) ;
#2190 = ORIENTED_EDGE ( 'NONE', *, *, #2445, .F. ) ;
#2191 = AXIS2_PLACEMENT_3D ( 'NONE', #1647, #3404, #990 ) ;
#2192 = CARTESIAN_POINT ( 'NONE',  ( 0.0000000000000000000, 0.0000000000000000000, 0.0000000000000000000 ) ) ;
#2193 = DIRECTION ( 'NONE',  ( 0.0000000000000000000, 0.0000000000000000000, 1.000000000000000000 ) ) ;
#2194 = DIRECTION ( 'NONE',  ( -0.0000000000000000000, 1.000000000000000000, -0.0000000000000000000 ) ) ;
#2195 = ORIENTED_EDGE ( 'NONE', *, *, #3461, .T. ) ;
#2196 = VECTOR ( 'NONE', #799, 39.37007874015748143 ) ;
#2197 = ORIENTED_EDGE ( 'NONE', *, *, #1087, .T. ) ;
#2198 = CARTESIAN_POINT ( 'NONE',  ( 0.4999990000000001378, -0.1100000000000000006, -0.1999999999999999833 ) ) ;
#2199 = VECTOR ( 'NONE', #1604, 39.37007874015748143 ) ;
#2200 = VECTOR ( 'NONE', #3949, 39.37007874015748143 ) ;
#2201 = VERTEX_POINT ( 'NONE', #4265 ) ;
#2202 = DIRECTION ( 'NONE',  ( -0.3420201433256720991, 0.0000000000000000000, 0.9396926207859070956 ) ) ;
#2203 = LINE ( 'NONE', #524, #4270 ) ;
#2204 = CIRCLE ( 'NONE', #856, 0.03599999999999999728 ) ;
#2205 = VERTEX_POINT ( 'NONE', #3254 ) ;
#2206 = AXIS2_PLACEMENT_3D ( 'NONE', #2684, #2332, #1391 ) ;
#2207 = FACE_OUTER_BOUND ( 'NONE', #316, .T. ) ;
#2208 = AXIS2_PLACEMENT_3D ( 'NONE', #267, #1614, #2984 ) ;
#2209 = EDGE_CURVE ( 'NONE', #417, #2593, #1214, .T. ) ;
#2210 = VECTOR ( 'NONE', #405, 39.37007874015748854 ) ;
#2211 = VERTEX_POINT ( 'NONE', #2213 ) ;
#2212 = DIRECTION ( 'NONE',  ( -1.000000000000000000, -0.0000000000000000000, -0.0000000000000000000 ) ) ;
#2213 = CARTESIAN_POINT ( 'NONE',  ( 0.3942664688103074133, 0.0000000000000000000, -0.1842499999999996918 ) ) ;
#2214 = DIRECTION ( 'NONE',  ( -0.3420201433256720991, 0.0000000000000000000, 0.9396926207859070956 ) ) ;
#2215 = EDGE_LOOP ( 'NONE', ( #556, #1206, #1845, #3391 ) ) ;
#2216 = VECTOR ( 'NONE', #4221, 39.37007874015748143 ) ;
#2217 = ADVANCED_FACE ( 'NONE', ( #2612 ), #1562, .F. ) ;
#2218 = ORIENTED_EDGE ( 'NONE', *, *, #3156, .F. ) ;
#2219 = CARTESIAN_POINT ( 'NONE',  ( 0.6379674688103071922, -0.1950000000000011169, -0.1499999999999999944 ) ) ;
#2220 = DIRECTION ( 'NONE',  ( 0.0000000000000000000, 0.0000000000000000000, 1.000000000000000000 ) ) ;
#2221 =( GEOMETRIC_REPRESENTATION_CONTEXT ( 3 ) GLOBAL_UNCERTAINTY_ASSIGNED_CONTEXT ( ( #4241 ) ) GLOBAL_UNIT_ASSIGNED_CONTEXT ( ( #1461, #475, #2114 ) ) REPRESENTATION_CONTEXT ( 'NONE', 'WORKASPACE' ) );
#2222 = DIRECTION ( 'NONE',  ( 5.421193827719211569E-15, 0.0000000000000000000, 1.000000000000000000 ) ) ;
#2223 =( REPRESENTATION_RELATIONSHIP ('NONE','NONE', #2553, #2107 ) REPRESENTATION_RELATIONSHIP_WITH_TRANSFORMATION ( #419 )SHAPE_REPRESENTATION_RELATIONSHIP( ) );
#2224 = EDGE_CURVE ( 'NONE', #2021, #3757, #1216, .T. ) ;
#2225 = EDGE_CURVE ( 'NONE', #1752, #687, #2929, .T. ) ;
#2226 = AXIS2_PLACEMENT_3D ( 'NONE', #3161, #4166, #196 ) ;
#2227 = ORIENTED_EDGE ( 'NONE', *, *, #3167, .T. ) ;
#2228 = LINE ( 'NONE', #4296, #1761 ) ;
#2229 = ADVANCED_FACE ( 'NONE', ( #3586 ), #552, .T. ) ;
#2230 = EDGE_CURVE ( 'NONE', #3048, #3917, #3282, .T. ) ;
#2231 = ORIENTED_EDGE ( 'NONE', *, *, #1044, .T. ) ;
#2232 = CONTEXT_DEPENDENT_SHAPE_REPRESENTATION ( #854, #2301 ) ;
#2233 = DIRECTION ( 'NONE',  ( -0.0000000000000000000, 1.000000000000000000, -0.0000000000000000000 ) ) ;
#2234 = DIRECTION ( 'NONE',  ( -0.3420201433256694346, -0.0000000000000000000, -0.9396926207859080948 ) ) ;
#2235 = UNCERTAINTY_MEASURE_WITH_UNIT (LENGTH_MEASURE( 1.000000000000000082E-05 ), #655, 'distance_accuracy_value', 'NONE');
#2236 = VERTEX_POINT ( 'NONE', #2954 ) ;
#2237 = LINE ( 'NONE', #3908, #1145 ) ;
#2238 = CARTESIAN_POINT ( 'NONE',  ( 0.09999900000000011557, 0.0000000000000000000, -0.1999999999999999833 ) ) ;
#2239 = DIRECTION ( 'NONE',  ( -0.0000000000000000000, 1.000000000000000000, -0.0000000000000000000 ) ) ;
#2240 = DIRECTION ( 'NONE',  ( -0.0000000000000000000, 1.000000000000000000, -0.0000000000000000000 ) ) ;
#2241 = ORIENTED_EDGE ( 'NONE', *, *, #1389, .F. ) ;
#2242 = VERTEX_POINT ( 'NONE', #3232 ) ;
#2243 = ADVANCED_FACE ( 'NONE', ( #4003 ), #3585, .T. ) ;
#2244 = CARTESIAN_POINT ( 'NONE',  ( 0.2379674688103071978, -0.1950000000000011169, -0.04999999999999999584 ) ) ;
#2245 = FACE_OUTER_BOUND ( 'NONE', #1179, .T. ) ;
#2246 = EDGE_CURVE ( 'NONE', #3034, #77, #1880, .T. ) ;
#2247 = FACE_OUTER_BOUND ( 'NONE', #4290, .T. ) ;
#2248 = ORIENTED_EDGE ( 'NONE', *, *, #3649, .T. ) ;
#2249 = EDGE_LOOP ( 'NONE', ( #3936, #1574, #2086, #2534 ) ) ;
#2250 = DIRECTION ( 'NONE',  ( -0.0000000000000000000, 1.000000000000000000, -0.0000000000000000000 ) ) ;
#2251 = EDGE_CURVE ( 'NONE', #701, #2757, #2919, .T. ) ;
#2252 = LINE ( 'NONE', #844, #423 ) ;
#2253 = DIRECTION ( 'NONE',  ( -0.0000000000000000000, 1.000000000000000000, -0.0000000000000000000 ) ) ;
#2254 = ORIENTED_EDGE ( 'NONE', *, *, #4060, .T. ) ;
#2255 = EDGE_CURVE ( 'NONE', #1108, #3048, #955, .T. ) ;
#2256 = LINE ( 'NONE', #2896, #3837 ) ;
#2257 = PRODUCT_DEFINITION_SHAPE ( 'NONE', 'NONE',  #4392 ) ;
#2258 = FACE_OUTER_BOUND ( 'NONE', #3107, .T. ) ;
#2259 = ADVANCED_FACE ( 'NONE', ( #4264 ), #2611, .F. ) ;
#2260 = ORIENTED_EDGE ( 'NONE', *, *, #4336, .F. ) ;
#2261 = DIRECTION ( 'NONE',  ( 0.0000000000000000000, 0.0000000000000000000, 1.000000000000000000 ) ) ;
#2262 = FACE_OUTER_BOUND ( 'NONE', #1481, .T. ) ;
#2263 = DIRECTION ( 'NONE',  ( -1.000000000000000000, -0.0000000000000000000, -0.0000000000000000000 ) ) ;
#2264 = FACE_BOUND ( 'NONE', #1527, .T. ) ;
#2265 = EDGE_LOOP ( 'NONE', ( #1946, #3284, #3970, #3201 ) ) ;
#2266 = EDGE_CURVE ( 'NONE', #1135, #2986, #2903, .T. ) ;
#2267 = VECTOR ( 'NONE', #1446, 39.37007874015748143 ) ;
#2268 = ORIENTED_EDGE ( 'NONE', *, *, #3967, .F. ) ;
#2269 = DIRECTION ( 'NONE',  ( 1.224646799147353207E-16, 1.000000000000000000, 0.0000000000000000000 ) ) ;
#2270 = CARTESIAN_POINT ( 'NONE',  ( 0.0000000000000000000, 0.0000000000000000000, 0.0000000000000000000 ) ) ;
#2271 = CARTESIAN_POINT ( 'NONE',  ( 0.3816684688103074707, -0.1100000000000000006, -0.1842499999999996085 ) ) ;
#2272 = AXIS2_PLACEMENT_3D ( 'NONE', #1395, #1137, #2772 ) ;
#2273 = ADVANCED_FACE ( 'NONE', ( #977 ), #3654, .T. ) ;
#2274 = ORIENTED_EDGE ( 'NONE', *, *, #1449, .F. ) ;
#2275 = AXIS2_PLACEMENT_3D ( 'NONE', #3883, #550, #832 ) ;
#2276 = LINE ( 'NONE', #3266, #3635 ) ;
#2277 = FACE_OUTER_BOUND ( 'NONE', #2882, .T. ) ;
#2278 = FACE_OUTER_BOUND ( 'NONE', #1676, .T. ) ;
#2279 = AXIS2_PLACEMENT_3D ( 'NONE', #3670, #2351, #4022 ) ;
#2280 = ORIENTED_EDGE ( 'NONE', *, *, #4083, .T. ) ;
#2281 = VECTOR ( 'NONE', #471, 39.37007874015748143 ) ;
#2282 = CARTESIAN_POINT ( 'NONE',  ( 0.7759349376206162718, 0.0000000000000000000, -0.1999999999999996780 ) ) ;
#2283 = FACE_BOUND ( 'NONE', #992, .T. ) ;
#2284 = AXIS2_PLACEMENT_3D ( 'NONE', #3566, #531, #3608 ) ;
#2285 = ORIENTED_EDGE ( 'NONE', *, *, #3764, .F. ) ;
#2286 = DIRECTION ( 'NONE',  ( 0.0000000000000000000, 0.0000000000000000000, 1.000000000000000000 ) ) ;
#2287 = AXIS2_PLACEMENT_3D ( 'NONE', #2675, #3365, #1621 ) ;
#2288 = DIRECTION ( 'NONE',  ( -0.0000000000000000000, 0.0000000000000000000, 1.000000000000000000 ) ) ;
#2289 = FACE_BOUND ( 'NONE', #2475, .T. ) ;
#2290 = DIRECTION ( 'NONE',  ( 0.0000000000000000000, 0.0000000000000000000, 1.000000000000000000 ) ) ;
#2291 = ORIENTED_EDGE ( 'NONE', *, *, #3315, .T. ) ;
#2292 = AXIS2_PLACEMENT_3D ( 'NONE', #2106, #1027, #2418 ) ;
#2293 = EDGE_LOOP ( 'NONE', ( #1109, #2935, #4379, #1028 ) ) ;
#2294 = CARTESIAN_POINT ( 'NONE',  ( 0.7379674688103072810, 0.0000000000000000000, -0.1815500000000005998 ) ) ;
#2295 = DIRECTION ( 'NONE',  ( -0.0000000000000000000, 1.000000000000000000, -0.0000000000000000000 ) ) ;
#2296 = VECTOR ( 'NONE', #2923, 39.37007874015748143 ) ;
#2297 = VECTOR ( 'NONE', #3785, 39.37007874015748143 ) ;
#2298 = CIRCLE ( 'NONE', #2858, 0.03155000000000058452 ) ;
#2299 = VERTEX_POINT ( 'NONE', #1632 ) ;
#2300 = VECTOR ( 'NONE', #533, 39.37007874015748143 ) ;
#2301 = PRODUCT_DEFINITION_SHAPE ( 'NONE', 'NONE',  #4397 ) ;
#2302 = DIRECTION ( 'NONE',  ( 0.0000000000000000000, 0.0000000000000000000, 1.000000000000000000 ) ) ;
#2303 = DIRECTION ( 'NONE',  ( 1.000000000000000000, 0.0000000000000000000, -5.421193827719211569E-15 ) ) ;
#2304 = VERTEX_POINT ( 'NONE', #927 ) ;
#2305 = EDGE_CURVE ( 'NONE', #3789, #2593, #3696, .T. ) ;
#2306 = CARTESIAN_POINT ( 'NONE',  ( 0.03796746881030720056, 4.435068026000317697E-17, -0.08155000000000058036 ) ) ;
#2307 = FACE_OUTER_BOUND ( 'NONE', #2887, .T. ) ;
#2308 = EDGE_LOOP ( 'NONE', ( #2671, #1085, #2466, #3306 ) ) ;
#2309 = DIRECTION ( 'NONE',  ( 0.0000000000000000000, 0.0000000000000000000, 1.000000000000000000 ) ) ;
#2310 = ADVANCED_FACE ( 'NONE', ( #2568 ), #3253, .T. ) ;
#2311 = ADVANCED_FACE ( 'NONE', ( #2262 ), #4353, .T. ) ;
#2312 = CARTESIAN_POINT ( 'NONE',  ( 0.5816684688103074263, 0.0000000000000000000, -0.01574999999999998623 ) ) ;
#2313 = EDGE_LOOP ( 'NONE', ( #1942, #2508, #3005, #487 ) ) ;
#2314 = DIRECTION ( 'NONE',  ( -0.0000000000000000000, 1.000000000000000000, -0.0000000000000000000 ) ) ;
#2315 = ORIENTED_EDGE ( 'NONE', *, *, #482, .T. ) ;
#2316 = APPLICATION_CONTEXT ( 'automotive_design' ) ;
#2317 = ORIENTED_EDGE ( 'NONE', *, *, #3315, .F. ) ;
#2318 = DIRECTION ( 'NONE',  ( 1.224646799147353207E-16, 1.000000000000000000, 0.0000000000000000000 ) ) ;
#2319 = CARTESIAN_POINT ( 'NONE',  ( 0.3816684688103074707, 0.0000000000000000000, -0.1842499999999996085 ) ) ;
#2320 = DIRECTION ( 'NONE',  ( 1.000000000000000000, 0.0000000000000000000, -0.0000000000000000000 ) ) ;
#2321 = CARTESIAN_POINT ( 'NONE',  ( 0.4816684688103073930, 0.0000000000000000000, -0.01574999999999998623 ) ) ;
#2322 = ORIENTED_EDGE ( 'NONE', *, *, #3952, .F. ) ;
#2323 = ORIENTED_EDGE ( 'NONE', *, *, #1335, .T. ) ;
#2324 = DIRECTION ( 'NONE',  ( 0.3420201433257172297, 0.0000000000000000000, -0.9396926207858906643 ) ) ;
#2325 = CARTESIAN_POINT ( 'NONE',  ( 0.4816684688103073930, -0.1100000000000000006, -0.01574999999999998623 ) ) ;
#2326 = CARTESIAN_POINT ( 'NONE',  ( 0.7759349376206162718, -0.1100000000000000006, -0.1999999999999996780 ) ) ;
#2327 = VERTEX_POINT ( 'NONE', #211 ) ;
#2328 = DIRECTION ( 'NONE',  ( 1.000000000000000000, 0.0000000000000000000, -0.0000000000000000000 ) ) ;
#2329 = CARTESIAN_POINT ( 'NONE',  ( 0.2942664688103074355, -0.1100000000000000006, -0.01574999999999998623 ) ) ;
#2330 = VERTEX_POINT ( 'NONE', #2953 ) ;
#2331 = DIRECTION ( 'NONE',  ( 0.0000000000000000000, 0.0000000000000000000, -1.000000000000000000 ) ) ;
#2332 = DIRECTION ( 'NONE',  ( -0.0000000000000000000, 1.000000000000000000, -0.0000000000000000000 ) ) ;
#2333 = ORIENTED_EDGE ( 'NONE', *, *, #1650, .T. ) ;
#2334 = FACE_BOUND ( 'NONE', #1800, .T. ) ;
#2335 = ORIENTED_EDGE ( 'NONE', *, *, #3598, .T. ) ;
#2336 = ADVANCED_FACE ( 'NONE', ( #3631 ), #1308, .F. ) ;
#2337 = VERTEX_POINT ( 'NONE', #1215 ) ;
#2338 = CARTESIAN_POINT ( 'NONE',  ( 0.7379674688103072810, 4.435068026000317697E-17, -0.01844999999999941478 ) ) ;
#2339 = DIRECTION ( 'NONE',  ( -0.3420201433256694346, -0.0000000000000000000, -0.9396926207859080948 ) ) ;
#2340 = DIRECTION ( 'NONE',  ( -0.3420201433256694346, -0.0000000000000000000, -0.9396926207859080948 ) ) ;
#2341 = VECTOR ( 'NONE', #1272, 39.37007874015748143 ) ;
#2342 = ORIENTED_EDGE ( 'NONE', *, *, #2860, .T. ) ;
#2343 = DIRECTION ( 'NONE',  ( 0.3420201433256633283, 0.0000000000000000000, -0.9396926207859103153 ) ) ;
#2344 = CARTESIAN_POINT ( 'NONE',  ( 0.7759349376206162718, -0.1100000000000000006, -0.1999999999999996780 ) ) ;
#2345 = VECTOR ( 'NONE', #3915, 39.37007874015748143 ) ;
#2346 = EDGE_CURVE ( 'NONE', #3789, #1326, #3487, .T. ) ;
#2347 = DIRECTION ( 'NONE',  ( -0.0000000000000000000, 1.000000000000000000, -0.0000000000000000000 ) ) ;
#2348 = EDGE_CURVE ( 'NONE', #474, #2304, #1536, .T. ) ;
#2349 = VECTOR ( 'NONE', #3483, 39.37007874015748143 ) ;
#2350 = ORIENTED_EDGE ( 'NONE', *, *, #1358, .T. ) ;
#2351 = DIRECTION ( 'NONE',  ( -1.000000000000000000, -0.0000000000000000000, -0.0000000000000000000 ) ) ;
#2352 = AXIS2_PLACEMENT_3D ( 'NONE', #737, #2083, #402 ) ;
#2353 = FACE_OUTER_BOUND ( 'NONE', #2894, .T. ) ;
#2354 = ORIENTED_EDGE ( 'NONE', *, *, #573, .T. ) ;
#2355 = VECTOR ( 'NONE', #483, 39.37007874015748143 ) ;
#2356 = ORIENTED_EDGE ( 'NONE', *, *, #268, .F. ) ;
#2357 = DIRECTION ( 'NONE',  ( -0.0000000000000000000, 1.000000000000000000, -0.0000000000000000000 ) ) ;
#2358 = FACE_BOUND ( 'NONE', #2797, .T. ) ;
#2359 = VERTEX_POINT ( 'NONE', #2974 ) ;
#2360 = EDGE_CURVE ( 'NONE', #805, #4376, #1560, .T. ) ;
#2361 = DIRECTION ( 'NONE',  ( -1.000000000000000000, -0.0000000000000000000, -0.0000000000000000000 ) ) ;
#2362 = VECTOR ( 'NONE', #3072, 39.37007874015748143 ) ;
#2363 = ORIENTED_EDGE ( 'NONE', *, *, #1175, .F. ) ;
#2364 = VERTEX_POINT ( 'NONE', #2238 ) ;
#2365 = CIRCLE ( 'NONE', #1491, 0.03155000000000058452 ) ;
#2366 = CARTESIAN_POINT ( 'NONE',  ( 0.6816684688103075151, 0.0000000000000000000, -0.01574999999999998623 ) ) ;
#2367 = CARTESIAN_POINT ( 'NONE',  ( 0.1816684688103074319, -0.1100000000000000006, -0.1842499999999996085 ) ) ;
#2368 = CARTESIAN_POINT ( 'NONE',  ( 0.1130000000000009330, 0.0000000000000000000, 0.03200000000000000067 ) ) ;
#2369 = AXIS2_PLACEMENT_3D ( 'NONE', #1835, #3234, #3847 ) ;
#2370 = VECTOR ( 'NONE', #3385, 39.37007874015748143 ) ;
#2371 = EDGE_LOOP ( 'NONE', ( #708, #2890 ) ) ;
#2372 = DIRECTION ( 'NONE',  ( 0.0000000000000000000, 0.0000000000000000000, 1.000000000000000000 ) ) ;
#2373 = CARTESIAN_POINT ( 'NONE',  ( 0.6816684688103075151, -0.1100000000000000006, -0.01574999999999998623 ) ) ;
#2374 = AXIS2_PLACEMENT_3D ( 'NONE', #2955, #3352, #286 ) ;
#2375 = LINE ( 'NONE', #1940, #4345 ) ;
#2376 = AXIS2_PLACEMENT_3D ( 'NONE', #36, #4070, #694 ) ;
#2377 = ORIENTED_EDGE ( 'NONE', *, *, #706, .T. ) ;
#2378 = DIRECTION ( 'NONE',  ( 0.0000000000000000000, 0.0000000000000000000, 1.000000000000000000 ) ) ;
#2379 = DIRECTION ( 'NONE',  ( -1.000000000000000000, -0.0000000000000000000, -0.0000000000000000000 ) ) ;
#2380 = DIRECTION ( 'NONE',  ( 0.0000000000000000000, 0.0000000000000000000, 1.000000000000000000 ) ) ;
#2381 = FACE_BOUND ( 'NONE', #2637, .T. ) ;
#2382 = EDGE_LOOP ( 'NONE', ( #1054, #609, #753, #1842 ) ) ;
#2383 = CARTESIAN_POINT ( 'NONE',  ( 0.3379674688103072033, -0.1100000000000001948, -0.04999999999999999584 ) ) ;
#2384 = ORIENTED_EDGE ( 'NONE', *, *, #851, .F. ) ;
#2385 = ORIENTED_EDGE ( 'NONE', *, *, #974, .T. ) ;
#2386 = CARTESIAN_POINT ( 'NONE',  ( 0.6816684688103075151, -0.1100000000000000006, -0.1842499999999996085 ) ) ;
#2387 = LINE ( 'NONE', #45, #218 ) ;
#2388 = LINE ( 'NONE', #2800, #1234 ) ;
#2389 = VERTEX_POINT ( 'NONE', #1241 ) ;
#2390 = ADVANCED_FACE ( 'NONE', ( #1282 ), #4131, .F. ) ;
#2391 = ORIENTED_EDGE ( 'NONE', *, *, #561, .F. ) ;
#2392 = DIRECTION ( 'NONE',  ( 0.3420201433256665480, -0.0000000000000000000, 0.9396926207859092051 ) ) ;
#2393 = DIRECTION ( 'NONE',  ( 5.421193827719211569E-15, 0.0000000000000000000, 1.000000000000000000 ) ) ;
#2394 = DIRECTION ( 'NONE',  ( -1.000000000000000000, -0.0000000000000000000, -0.0000000000000000000 ) ) ;
#2395 = ORIENTED_EDGE ( 'NONE', *, *, #2484, .T. ) ;
#2396 = FACE_BOUND ( 'NONE', #285, .T. ) ;
#2397 = DIRECTION ( 'NONE',  ( 0.3420201433256633283, 0.0000000000000000000, -0.9396926207859103153 ) ) ;
#2398 = CARTESIAN_POINT ( 'NONE',  ( 0.6816684688103075151, 0.0000000000000000000, -0.01574999999999998623 ) ) ;
#2399 = DIRECTION ( 'NONE',  ( -0.0000000000000000000, 1.000000000000000000, -0.0000000000000000000 ) ) ;
#2400 = CARTESIAN_POINT ( 'NONE',  ( 0.2460000000000010789, 1.279755905108984657E-18, 0.0000000000000000000 ) ) ;
#2401 = VERTEX_POINT ( 'NONE', #3045 ) ;
#2402 = EDGE_LOOP ( 'NONE', ( #2623, #2959, #2459, #3090 ) ) ;
#2403 = LINE ( 'NONE', #3706, #4121 ) ;
#2404 = LINE ( 'NONE', #3732, #507 ) ;
#2405 = DIRECTION ( 'NONE',  ( -0.9396926207859072067, 0.0000000000000000000, -0.3420201433256721546 ) ) ;
#2406 = EDGE_CURVE ( 'NONE', #4291, #1936, #3675, .T. ) ;
#2407 = ORIENTED_EDGE ( 'NONE', *, *, #1017, .F. ) ;
#2408 = DIRECTION ( 'NONE',  ( 0.0000000000000000000, 0.0000000000000000000, 1.000000000000000000 ) ) ;
#2409 = DIRECTION ( 'NONE',  ( -1.000000000000000000, 0.0000000000000000000, 4.400897325943014971E-17 ) ) ;
#2410 = CARTESIAN_POINT ( 'NONE',  ( 0.03796746881030720056, 0.0000000000000000000, -0.1815500000000005998 ) ) ;
#2411 = ORIENTED_EDGE ( 'NONE', *, *, #3064, .T. ) ;
#2412 = AXIS2_PLACEMENT_3D ( 'NONE', #1197, #1543, #2220 ) ;
#2413 = PLANE ( 'NONE',  #3079 ) ;
#2414 = AXIS2_PLACEMENT_3D ( 'NONE', #388, #4180, #2154 ) ;
#2415 = AXIS2_PLACEMENT_3D ( 'NONE', #3868, #4285, #4225 ) ;
#2416 = PLANE ( 'NONE',  #3835 ) ;
#2417 = FACE_BOUND ( 'NONE', #2541, .T. ) ;
#2418 = DIRECTION ( 'NONE',  ( 0.0000000000000000000, 0.0000000000000000000, 1.000000000000000000 ) ) ;
#2419 = ORIENTED_EDGE ( 'NONE', *, *, #1068, .T. ) ;
#2420 = ORIENTED_EDGE ( 'NONE', *, *, #987, .T. ) ;
#2421 = EDGE_CURVE ( 'NONE', #3368, #764, #2705, .T. ) ;
#2422 = DIRECTION ( 'NONE',  ( 0.0000000000000000000, 0.0000000000000000000, 1.000000000000000000 ) ) ;
#2423 = AXIS2_PLACEMENT_3D ( 'NONE', #1380, #1684, #654 ) ;
#2424 = DIRECTION ( 'NONE',  ( -0.0000000000000000000, 1.000000000000000000, -0.0000000000000000000 ) ) ;
#2425 = VECTOR ( 'NONE', #3567, 39.37007874015748143 ) ;
#2426 = ORIENTED_EDGE ( 'NONE', *, *, #3856, .F. ) ;
#2427 = CARTESIAN_POINT ( 'NONE',  ( 0.09426646881030741054, -0.1100000000000000006, -0.01574999999999998623 ) ) ;
#2428 = PLANE ( 'NONE',  #4188 ) ;
#2429 = CIRCLE ( 'NONE', #1722, 0.01150000000000020103 ) ;
#2430 = PLANE ( 'NONE',  #2152 ) ;
#2431 = VECTOR ( 'NONE', #858, 39.37007874015748143 ) ;
#2432 = EDGE_LOOP ( 'NONE', ( #2268, #499, #2599, #3355 ) ) ;
#2433 = EDGE_CURVE ( 'NONE', #2650, #3996, #1065, .T. ) ;
#2434 = ORIENTED_EDGE ( 'NONE', *, *, #4159, .F. ) ;
#2435 = DIRECTION ( 'NONE',  ( 0.0000000000000000000, 0.0000000000000000000, -1.000000000000000000 ) ) ;
#2436 = AXIS2_PLACEMENT_3D ( 'NONE', #711, #1778, #2455 ) ;
#2437 = STYLED_ITEM ( 'NONE', ( #1165 ), #2706 ) ;
#2438 = PRODUCT_RELATED_PRODUCT_CATEGORY ( 'part', '', ( #3741 ) ) ;
#2439 = VECTOR ( 'NONE', #634, 39.37007874015748143 ) ;
#2440 = PRODUCT_CONTEXT ( 'NONE', #1102, 'mechanical' ) ;
#2441 = CARTESIAN_POINT ( 'NONE',  ( 0.7759349376206162718, -0.1100000000000000006, -0.1999999999999996780 ) ) ;
#2442 = DIRECTION ( 'NONE',  ( 0.0000000000000000000, 0.0000000000000000000, 1.000000000000000000 ) ) ;
#2443 = CARTESIAN_POINT ( 'NONE',  ( 0.1816684688103074319, 0.0000000000000000000, -0.1842499999999996085 ) ) ;
#2444 = ORIENTED_EDGE ( 'NONE', *, *, #760, .F. ) ;
#2445 = EDGE_CURVE ( 'NONE', #4300, #4193, #233, .T. ) ;
#2446 = ORIENTED_EDGE ( 'NONE', *, *, #3729, .F. ) ;
#2447 = FACE_OUTER_BOUND ( 'NONE', #2661, .T. ) ;
#2448 = CARTESIAN_POINT ( 'NONE',  ( 0.08500000000000113021, 0.0000000000000000000, 0.0000000000000000000 ) ) ;
#2449 = DIRECTION ( 'NONE',  ( -1.000000000000000000, -0.0000000000000000000, -0.0000000000000000000 ) ) ;
#2450 = ORIENTED_EDGE ( 'NONE', *, *, #4336, .T. ) ;
#2451 = EDGE_CURVE ( 'NONE', #2991, #3859, #403, .T. ) ;
#2452 = ORIENTED_EDGE ( 'NONE', *, *, #2773, .F. ) ;
#2453 = PLANE ( 'NONE',  #4146 ) ;
#2454 = DIRECTION ( 'NONE',  ( 0.0000000000000000000, 0.0000000000000000000, 1.000000000000000000 ) ) ;
#2455 = DIRECTION ( 'NONE',  ( 0.0000000000000000000, 0.0000000000000000000, -1.000000000000000000 ) ) ;
#2456 = ORIENTED_EDGE ( 'NONE', *, *, #1516, .T. ) ;
#2457 = EDGE_CURVE ( 'NONE', #890, #3333, #3773, .T. ) ;
#2458 = VERTEX_POINT ( 'NONE', #3105 ) ;
#2459 = ORIENTED_EDGE ( 'NONE', *, *, #951, .F. ) ;
#2460 = CARTESIAN_POINT ( 'NONE',  ( 0.4816684688103075040, 0.0000000000000000000, -0.1842499999999996085 ) ) ;
#2461 = ITEM_DEFINED_TRANSFORMATION ( 'NONE', 'NONE', #1103,  #3786 ) ;
#2462 = DIRECTION ( 'NONE',  ( 0.0000000000000000000, 0.0000000000000000000, 1.000000000000000000 ) ) ;
#2463 = CARTESIAN_POINT ( 'NONE',  ( 0.7759349376206162718, 0.0000000000000000000, -0.1999999999999996780 ) ) ;
#2464 = DIRECTION ( 'NONE',  ( -0.3420201433256695456, 0.0000000000000000000, -0.9396926207859080948 ) ) ;
#2465 = EDGE_LOOP ( 'NONE', ( #1633, #2631, #797, #473 ) ) ;
#2466 = ORIENTED_EDGE ( 'NONE', *, *, #3513, .T. ) ;
#2467 = DIRECTION ( 'NONE',  ( 1.000000000000000000, 0.0000000000000000000, -0.0000000000000000000 ) ) ;
#2468 = CARTESIAN_POINT ( 'NONE',  ( 0.2816684688103074374, -0.1100000000000000006, -0.1842499999999996085 ) ) ;
#2469 = CARTESIAN_POINT ( 'NONE',  ( 0.5942664688103074244, -0.1100000000000000006, -0.01574999999999998623 ) ) ;
#2470 = ORIENTED_EDGE ( 'NONE', *, *, #567, .F. ) ;
#2471 = LINE ( 'NONE', #3852, #3830 ) ;
#2472 = DIRECTION ( 'NONE',  ( 0.0000000000000000000, 0.0000000000000000000, -1.000000000000000000 ) ) ;
#2473 = ORIENTED_EDGE ( 'NONE', *, *, #851, .T. ) ;
#2474 = ORIENTED_EDGE ( 'NONE', *, *, #2527, .F. ) ;
#2475 = EDGE_LOOP ( 'NONE', ( #371, #1264 ) ) ;
#2476 = DIRECTION ( 'NONE',  ( 0.0000000000000000000, 0.0000000000000000000, 1.000000000000000000 ) ) ;
#2477 = CIRCLE ( 'NONE', #2692, 0.03155000000000058452 ) ;
#2478 = APPLICATION_PROTOCOL_DEFINITION ( 'draft international standard', 'automotive_design', 1998, #1849 ) ;
#2479 = CARTESIAN_POINT ( 'NONE',  ( 0.0000000000000000000, 0.0000000000000000000, 0.0000000000000000000 ) ) ;
#2480 = CARTESIAN_POINT ( 'NONE',  ( 0.4379674688103072366, 4.435068026000317697E-17, -0.01844999999999941478 ) ) ;
#2481 = CARTESIAN_POINT ( 'NONE',  ( 0.4942664688103074466, -0.1100000000000000006, -0.01574999999999998623 ) ) ;
#2482 = CIRCLE ( 'NONE', #1483, 0.03155000000000058452 ) ;
#2483 = ORIENTED_EDGE ( 'NONE', *, *, #2036, .T. ) ;
#2484 = EDGE_CURVE ( 'NONE', #3442, #3510, #3552, .T. ) ;
#2485 = CARTESIAN_POINT ( 'NONE',  ( 0.0000000000000000000, 1.040949779275274306E-18, -0.008500000000000196634 ) ) ;
#2486 = DIRECTION ( 'NONE',  ( -1.000000000000000000, -0.0000000000000000000, -0.0000000000000000000 ) ) ;
#2487 = AXIS2_PLACEMENT_3D ( 'NONE', #3581, #2828, #545 ) ;
#2488 = EDGE_LOOP ( 'NONE', ( #2744, #678, #2685, #1403 ) ) ;
#2489 = VERTEX_POINT ( 'NONE', #1678 ) ;
#2490 = ORIENTED_EDGE ( 'NONE', *, *, #491, .F. ) ;
#2491 = VECTOR ( 'NONE', #1356, 39.37007874015748143 ) ;
#2492 = ADVANCED_FACE ( 'NONE', ( #2018, #1725, #2417, #381, #2766, #2381, #1700, #4074, #1349, #1025, #3771, #19, #1000, #2358, #335, #1374, #3725 ), #3088, .F. ) ;
#2493 = DIRECTION ( 'NONE',  ( -0.0000000000000000000, 1.000000000000000000, -0.0000000000000000000 ) ) ;
#2494 = CARTESIAN_POINT ( 'NONE',  ( 0.4379674688103072366, 4.435068026000317697E-17, -0.08155000000000058036 ) ) ;
#2495 = ORIENTED_EDGE ( 'NONE', *, *, #2498, .F. ) ;
#2496 = AXIS2_PLACEMENT_3D ( 'NONE', #1561, #3281, #2588 ) ;
#2497 = EDGE_LOOP ( 'NONE', ( #2979, #4284 ) ) ;
#2498 = EDGE_CURVE ( 'NONE', #652, #4229, #3349, .T. ) ;
#2499 = ORIENTED_EDGE ( 'NONE', *, *, #4060, .F. ) ;
#2500 = DIRECTION ( 'NONE',  ( 0.0000000000000000000, 0.0000000000000000000, 1.000000000000000000 ) ) ;
#2501 = CIRCLE ( 'NONE', #864, 0.03155000000000058452 ) ;
#2502 = CARTESIAN_POINT ( 'NONE',  ( 0.1720000000000009577, 0.0000000000000000000, 0.02900000000000000147 ) ) ;
#2503 = AXIS2_PLACEMENT_3D ( 'NONE', #2831, #815, #4156 ) ;
#2504 = CARTESIAN_POINT ( 'NONE',  ( 0.2251000000000010770, 0.02090000000000000885, 0.0000000000000000000 ) ) ;
#2505 = CARTESIAN_POINT ( 'NONE',  ( 0.5759359376206146797, 0.0000000000000000000, -9.478001694819074349E-34 ) ) ;
#2506 = AXIS2_PLACEMENT_3D ( 'NONE', #2741, #1753, #2372 ) ;
#2507 = AXIS2_PLACEMENT_3D ( 'NONE', #2075, #3451, #1057 ) ;
#2508 = ORIENTED_EDGE ( 'NONE', *, *, #2843, .T. ) ;
#2509 = PLANE ( 'NONE',  #2985 ) ;
#2510 = LINE ( 'NONE', #2176, #1427 ) ;
#2511 = DIRECTION ( 'NONE',  ( -0.0000000000000000000, 1.000000000000000000, -0.0000000000000000000 ) ) ;
#2512 = ORIENTED_EDGE ( 'NONE', *, *, #3781, .F. ) ;
#2513 = ADVANCED_FACE ( 'NONE', ( #3390 ), #675, .T. ) ;
#2514 = ORIENTED_EDGE ( 'NONE', *, *, #1566, .F. ) ;
#2515 =( LENGTH_UNIT ( ) NAMED_UNIT ( * ) SI_UNIT ( $, .METRE. ) );
#2516 = DIRECTION ( 'NONE',  ( 0.0000000000000000000, 0.0000000000000000000, 1.000000000000000000 ) ) ;
#2517 = FACE_OUTER_BOUND ( 'NONE', #1929, .T. ) ;
#2518 = EDGE_LOOP ( 'NONE', ( #3713, #3515, #256, #1610 ) ) ;
#2519 = ORIENTED_EDGE ( 'NONE', *, *, #782, .F. ) ;
#2520 = DIRECTION ( 'NONE',  ( -1.000000000000000000, 0.0000000000000000000, 4.400897325943014971E-17 ) ) ;
#2521 = DIRECTION ( 'NONE',  ( -0.0000000000000000000, 0.0000000000000000000, -1.000000000000000000 ) ) ;
#2522 = CARTESIAN_POINT ( 'NONE',  ( 0.6999990000000000379, 0.0000000000000000000, 0.0000000000000000000 ) ) ;
#2523 = CARTESIAN_POINT ( 'NONE',  ( 0.5816684688103075374, -0.1100000000000000006, -0.1842499999999996085 ) ) ;
#2524 = EDGE_CURVE ( 'NONE', #3511, #2201, #2084, .T. ) ;
#2525 = ORIENTED_EDGE ( 'NONE', *, *, #3769, .F. ) ;
#2526 = LINE ( 'NONE', #3565, #571 ) ;
#2527 = EDGE_CURVE ( 'NONE', #770, #90, #587, .T. ) ;
#2528 = DIRECTION ( 'NONE',  ( -1.000000000000000000, 0.0000000000000000000, 4.400897325943014971E-17 ) ) ;
#2529 = CARTESIAN_POINT ( 'NONE',  ( 0.7759349376206162718, 0.0000000000000000000, -0.1999999999999996780 ) ) ;
#2530 = EDGE_LOOP ( 'NONE', ( #1659, #148 ) ) ;
#2531 = VERTEX_POINT ( 'NONE', #2480 ) ;
#2532 = LINE ( 'NONE', #538, #780 ) ;
#2533 = CARTESIAN_POINT ( 'NONE',  ( 0.2942664688103074355, 0.0000000000000000000, -0.01574999999999999664 ) ) ;
#2534 = ORIENTED_EDGE ( 'NONE', *, *, #125, .T. ) ;
#2535 = CARTESIAN_POINT ( 'NONE',  ( 0.6999990000000000379, -0.1100000000000000006, -0.1999999999999999833 ) ) ;
#2536 = DIRECTION ( 'NONE',  ( -0.0000000000000000000, 1.000000000000000000, -0.0000000000000000000 ) ) ;
#2537 = VERTEX_POINT ( 'NONE', #3268 ) ;
#2538 = CARTESIAN_POINT ( 'NONE',  ( 0.1241961524226974228, 3.551475717527324911E-18, -0.02900000000000000147 ) ) ;
#2539 = LINE ( 'NONE', #1115, #2216 ) ;
#2540 = ORIENTED_EDGE ( 'NONE', *, *, #789, .T. ) ;
#2541 = EDGE_LOOP ( 'NONE', ( #1995, #2768 ) ) ;
#2542 = AXIS2_PLACEMENT_3D ( 'NONE', #1319, #3716, #3078 ) ;
#2543 = CARTESIAN_POINT ( 'NONE',  ( 0.1942664688103074300, 0.0000000000000000000, -0.1842499999999996918 ) ) ;
#2544 = EDGE_CURVE ( 'NONE', #1890, #3547, #467, .T. ) ;
#2545 = DIRECTION ( 'NONE',  ( -0.3420201433256694346, -0.0000000000000000000, -0.9396926207859080948 ) ) ;
#2546 = LINE ( 'NONE', #2469, #4140 ) ;
#2547 = ORIENTED_EDGE ( 'NONE', *, *, #1249, .F. ) ;
#2548 = EDGE_CURVE ( 'NONE', #1332, #478, #1811, .T. ) ;
#2549 = EDGE_LOOP ( 'NONE', ( #2227, #1922, #3459, #3702 ) ) ;
#2550 = DIRECTION ( 'NONE',  ( 1.000000000000000000, 0.0000000000000000000, 0.0000000000000000000 ) ) ;
#2551 = VECTOR ( 'NONE', #2952, 39.37007874015748143 ) ;
#2552 = DIRECTION ( 'NONE',  ( -0.0000000000000000000, 0.0000000000000000000, -1.000000000000000000 ) ) ;
#2553 = SHAPE_REPRESENTATION ( 'mill-max-823-22-016-10-001101', ( #2226, #463, #1033, #4151, #2864, #4363, #3791, #1103, #236, #1578, #4013, #4288, #2942, #1941, #1236, #4087, #3504, #2156 ), #3933 ) ;
#2554 = CIRCLE ( 'NONE', #296, 0.03155000000000058452 ) ;
#2555 = VERTEX_POINT ( 'NONE', #894 ) ;
#2556 = CARTESIAN_POINT ( 'NONE',  ( 0.3759359376206146686, -0.1100000000000000006, -0.1999999999999999833 ) ) ;
#2557 = VECTOR ( 'NONE', #1185, 39.37007874015748143 ) ;
#2558 = EDGE_CURVE ( 'NONE', #2997, #1517, #3189, .T. ) ;
#2559 = EDGE_LOOP ( 'NONE', ( #4337, #276, #1503, #2778 ) ) ;
#2560 = VECTOR ( 'NONE', #313, 39.37007874015748143 ) ;
#2561 = CARTESIAN_POINT ( 'NONE',  ( 0.7816674688103075752, -0.1100000000000000006, -0.01574999999999965317 ) ) ;
#2562 = CARTESIAN_POINT ( 'NONE',  ( 0.1379674688103071922, 0.0000000000000000000, -0.1815500000000005998 ) ) ;
#2563 = EDGE_CURVE ( 'NONE', #1517, #1775, #1792, .T. ) ;
#2564 = PRODUCT_DEFINITION ( 'UNKNOWN', '', #748, #425 ) ;
#2565 = CIRCLE ( 'NONE', #1434, 0.03155000000000058452 ) ;
#2566 = EDGE_LOOP ( 'NONE', ( #3378, #3218, #3054, #3038 ) ) ;
#2567 = CARTESIAN_POINT ( 'NONE',  ( 0.2251000000000010770, 0.0000000000000000000, 0.0000000000000000000 ) ) ;
#2568 = FACE_OUTER_BOUND ( 'NONE', #3904, .T. ) ;
#2569 = CARTESIAN_POINT ( 'NONE',  ( 0.7759349376206140514, -0.1100000000000000006, 0.0000000000000000000 ) ) ;
#2570 = DIRECTION ( 'NONE',  ( 0.0000000000000000000, 1.000000000000000000, -0.0000000000000000000 ) ) ;
#2571 = ORIENTED_EDGE ( 'NONE', *, *, #599, .T. ) ;
#2572 = VECTOR ( 'NONE', #208, 39.37007874015748143 ) ;
#2573 = VECTOR ( 'NONE', #2008, 39.37007874015748854 ) ;
#2574 = ORIENTED_EDGE ( 'NONE', *, *, #2224, .F. ) ;
#2575 = DIRECTION ( 'NONE',  ( 1.224646799147353207E-16, 1.000000000000000000, 0.0000000000000000000 ) ) ;
#2576 = CARTESIAN_POINT ( 'NONE',  ( 0.09999900000000011557, -0.1100000000000000006, 0.0000000000000000000 ) ) ;
#2577 = FACE_OUTER_BOUND ( 'NONE', #1606, .T. ) ;
#2578 = EDGE_LOOP ( 'NONE', ( #3887, #3371, #3480, #4148 ) ) ;
#2579 =( GEOMETRIC_REPRESENTATION_CONTEXT ( 3 ) GLOBAL_UNCERTAINTY_ASSIGNED_CONTEXT ( ( #147 ) ) GLOBAL_UNIT_ASSIGNED_CONTEXT ( ( #631, #4292, #2729 ) ) REPRESENTATION_CONTEXT ( 'NONE', 'WORKASPACE' ) );
#2580 = ORIENTED_EDGE ( 'NONE', *, *, #2039, .F. ) ;
#2581 = CARTESIAN_POINT ( 'NONE',  ( 0.1816684688103074041, 0.0000000000000000000, -0.01574999999999998623 ) ) ;
#2582 = DIRECTION ( 'NONE',  ( 1.000000000000000000, -0.0000000000000000000, -0.0000000000000000000 ) ) ;
#2583 = ORIENTED_EDGE ( 'NONE', *, *, #1728, .T. ) ;
#2584 = CARTESIAN_POINT ( 'NONE',  ( 0.7759349376206162718, -0.1100000000000000006, -0.1999999999999996780 ) ) ;
#2585 = LINE ( 'NONE', #600, #3857 ) ;
#2586 = ORIENTED_EDGE ( 'NONE', *, *, #2558, .F. ) ;
#2587 = DIRECTION ( 'NONE',  ( -0.9396926207859092051, 0.0000000000000000000, 0.3420201433256665480 ) ) ;
#2588 = DIRECTION ( 'NONE',  ( -1.000000000000000000, 0.0000000000000000000, -0.0000000000000000000 ) ) ;
#2589 = DIRECTION ( 'NONE',  ( -1.000000000000000000, 0.0000000000000000000, -0.0000000000000000000 ) ) ;
#2590 = EDGE_CURVE ( 'NONE', #1890, #474, #1577, .T. ) ;
#2591 = CARTESIAN_POINT ( 'NONE',  ( 0.4379674688103072366, 4.435068026000317697E-17, -0.04999999999999999584 ) ) ;
#2592 = ORIENTED_EDGE ( 'NONE', *, *, #1385, .F. ) ;
#2593 = VERTEX_POINT ( 'NONE', #2504 ) ;
#2594 = DIRECTION ( 'NONE',  ( 1.224646799147353207E-16, 1.000000000000000000, 0.0000000000000000000 ) ) ;
#2595 = DIRECTION ( 'NONE',  ( -0.0000000000000000000, 1.000000000000000000, -0.0000000000000000000 ) ) ;
#2596 = EDGE_CURVE ( 'NONE', #742, #1752, #3502, .T. ) ;
#2597 = CARTESIAN_POINT ( 'NONE',  ( 0.3816684688103073597, -0.1100000000000000006, -0.01574999999999998623 ) ) ;
#2598 = ORIENTED_EDGE ( 'NONE', *, *, #2171, .F. ) ;
#2599 = ORIENTED_EDGE ( 'NONE', *, *, #597, .T. ) ;
#2600 = CYLINDRICAL_SURFACE ( 'NONE', #3009, 0.03155000000000058452 ) ;
#2601 = CARTESIAN_POINT ( 'NONE',  ( 0.2379674688103072255, -0.1100000000000001948, -0.1499999999999999944 ) ) ;
#2602 = DIRECTION ( 'NONE',  ( 0.3420201433256665480, -0.0000000000000000000, 0.9396926207859092051 ) ) ;
#2603 = ADVANCED_FACE ( 'NONE', ( #795 ), #774, .F. ) ;
#2604 = ORIENTED_EDGE ( 'NONE', *, *, #73, .F. ) ;
#2605 = PLANE ( 'NONE',  #2837 ) ;
#2606 = PRODUCT_DEFINITION_SHAPE ( 'NONE', 'NONE',  #4402 ) ;
#2607 = DIRECTION ( 'NONE',  ( -1.000000000000000000, -0.0000000000000000000, -0.0000000000000000000 ) ) ;
#2608 = ORIENTED_EDGE ( 'NONE', *, *, #3849, .T. ) ;
#2609 = DIRECTION ( 'NONE',  ( -0.0000000000000000000, 1.000000000000000000, -0.0000000000000000000 ) ) ;
#2610 = AXIS2_PLACEMENT_3D ( 'NONE', #1939, #3430, #3154 ) ;
#2611 = PLANE ( 'NONE',  #2496 ) ;
#2612 = FACE_OUTER_BOUND ( 'NONE', #2578, .T. ) ;
#2613 = LINE ( 'NONE', #4356, #3207 ) ;
#2614 = ORIENTED_EDGE ( 'NONE', *, *, #2818, .F. ) ;
#2615 = CIRCLE ( 'NONE', #203, 0.008500000000000193165 ) ;
#2616 = APPLICATION_CONTEXT ( 'automotive_design' ) ;
#2617 = ORIENTED_EDGE ( 'NONE', *, *, #1869, .F. ) ;
#2618 = CARTESIAN_POINT ( 'NONE',  ( 0.1379674688103071645, -0.1950000000000011169, -0.1499999999999999944 ) ) ;
#2619 = LINE ( 'NONE', #3221, #2057 ) ;
#2620 = DIRECTION ( 'NONE',  ( 0.0000000000000000000, 0.0000000000000000000, -1.000000000000000000 ) ) ;
#2621 = LENGTH_MEASURE_WITH_UNIT ( LENGTH_MEASURE( 0.02539999999999999897 ), #4365 );
#2622 = VECTOR ( 'NONE', #2045, 39.37007874015748854 ) ;
#2623 = ORIENTED_EDGE ( 'NONE', *, *, #2305, .F. ) ;
#2624 = ADVANCED_FACE ( 'NONE', ( #3478 ), #1174, .T. ) ;
#2625 = ORIENTED_EDGE ( 'NONE', *, *, #119, .T. ) ;
#2626 = CIRCLE ( 'NONE', #436, 0.03155000000000058452 ) ;
#2627 = DIRECTION ( 'NONE',  ( 0.0000000000000000000, 0.0000000000000000000, 1.000000000000000000 ) ) ;
#2628 = LINE ( 'NONE', #3596, #3674 ) ;
#2629 = CYLINDRICAL_SURFACE ( 'NONE', #161, 0.03155000000000058452 ) ;
#2630 = AXIS2_PLACEMENT_3D ( 'NONE', #3560, #3246, #3209 ) ;
#2631 = ORIENTED_EDGE ( 'NONE', *, *, #3296, .F. ) ;
#2632 = AXIS2_PLACEMENT_3D ( 'NONE', #462, #2295, #3166 ) ;
#2633 = CARTESIAN_POINT ( 'NONE',  ( 0.3942664688103074133, -0.1100000000000000006, -0.01574999999999998623 ) ) ;
#2634 = DIRECTION ( 'NONE',  ( -0.0000000000000000000, 1.000000000000000000, -0.0000000000000000000 ) ) ;
#2635 = AXIS2_PLACEMENT_3D ( 'NONE', #3632, #4244, #1537 ) ;
#2636 = EDGE_CURVE ( 'NONE', #4222, #377, #2147, .T. ) ;
#2637 = EDGE_LOOP ( 'NONE', ( #406, #2420 ) ) ;
#2638 = DIRECTION ( 'NONE',  ( -0.0000000000000000000, 1.000000000000000000, -0.0000000000000000000 ) ) ;
#2639 = VECTOR ( 'NONE', #1156, 39.37007874015748143 ) ;
#2640 = DIRECTION ( 'NONE',  ( -0.0000000000000000000, 1.000000000000000000, -0.0000000000000000000 ) ) ;
#2641 = ORIENTED_EDGE ( 'NONE', *, *, #243, .T. ) ;
#2642 = CYLINDRICAL_SURFACE ( 'NONE', #18, 0.03155000000000058452 ) ;
#2643 = ORIENTED_EDGE ( 'NONE', *, *, #2596, .F. ) ;
#2644 = VECTOR ( 'NONE', #4227, 39.37007874015748143 ) ;
#2645 = ORIENTED_EDGE ( 'NONE', *, *, #1965, .F. ) ;
#2646 = DIRECTION ( 'NONE',  ( 1.224646799147353207E-16, 1.000000000000000000, 0.0000000000000000000 ) ) ;
#2647 = CARTESIAN_POINT ( 'NONE',  ( 0.6379674688103071922, 4.435068026000317697E-17, -0.1815500000000005998 ) ) ;
#2648 = LINE ( 'NONE', #2737, #3842 ) ;
#2649 = VECTOR ( 'NONE', #354, 39.37007874015748143 ) ;
#2650 = VERTEX_POINT ( 'NONE', #2104 ) ;
#2651 = EDGE_CURVE ( 'NONE', #1332, #1311, #2124, .T. ) ;
#2652 = ORIENTED_EDGE ( 'NONE', *, *, #4183, .F. ) ;
#2653 = AXIS2_PLACEMENT_3D ( 'NONE', #1798, #2885, #2177 ) ;
#2654 = CARTESIAN_POINT ( 'NONE',  ( 0.4816684688103073930, 0.0000000000000000000, -0.01574999999999998623 ) ) ;
#2655 = PLANE ( 'NONE',  #2191 ) ;
#2656 = CARTESIAN_POINT ( 'NONE',  ( 0.7379674688103072810, -0.1100000000000001948, -0.04999999999999999584 ) ) ;
#2657 = ADVANCED_FACE ( 'NONE', ( #2812 ), #421, .T. ) ;
#2658 = VERTEX_POINT ( 'NONE', #2522 ) ;
#2659 = DIRECTION ( 'NONE',  ( 0.0000000000000000000, 0.0000000000000000000, 1.000000000000000000 ) ) ;
#2660 = DIRECTION ( 'NONE',  ( 0.3420201433256633283, 0.0000000000000000000, -0.9396926207859103153 ) ) ;
#2661 = EDGE_LOOP ( 'NONE', ( #393, #4212, #435, #2956 ) ) ;
#2662 = CARTESIAN_POINT ( 'NONE',  ( 0.5379674688103072144, -0.1100000000000001948, -0.1499999999999999944 ) ) ;
#2663 = DIRECTION ( 'NONE',  ( 0.0000000000000000000, 0.0000000000000000000, 1.000000000000000000 ) ) ;
#2664 = EDGE_LOOP ( 'NONE', ( #1354, #508, #535, #2184 ) ) ;
#2665 = FACE_BOUND ( 'NONE', #2977, .T. ) ;
#2666 = ORIENTED_EDGE ( 'NONE', *, *, #1667, .F. ) ;
#2667 = ORIENTED_EDGE ( 'NONE', *, *, #1965, .T. ) ;
#2668 = DIRECTION ( 'NONE',  ( -1.000000000000000000, -0.0000000000000000000, -0.0000000000000000000 ) ) ;
#2669 = CARTESIAN_POINT ( 'NONE',  ( 0.4816684688103075040, -0.1100000000000000006, -0.1842499999999996085 ) ) ;
#2670 = CARTESIAN_POINT ( 'NONE',  ( 0.4379674688103072366, -0.1100000000000001948, -0.08155000000000058036 ) ) ;
#2671 = ORIENTED_EDGE ( 'NONE', *, *, #4128, .F. ) ;
#2672 = ORIENTED_EDGE ( 'NONE', *, *, #2121, .F. ) ;
#2673 = LINE ( 'NONE', #4037, #1303 ) ;
#2674 = FACE_OUTER_BOUND ( 'NONE', #1615, .T. ) ;
#2675 = CARTESIAN_POINT ( 'NONE',  ( 0.4816684688103073930, -0.1100000000000000006, -0.01574999999999998623 ) ) ;
#2676 = ORIENTED_EDGE ( 'NONE', *, *, #1157, .T. ) ;
#2677 = EDGE_CURVE ( 'NONE', #2178, #3740, #4155, .T. ) ;
#2678 = LINE ( 'NONE', #1276, #3616 ) ;
#2679 = CARTESIAN_POINT ( 'NONE',  ( 0.7379674688103072810, -0.1100000000000001948, -0.01844999999999941478 ) ) ;
#2680 = ADVANCED_FACE ( 'NONE', ( #2793 ), #2830, .F. ) ;
#2681 = EDGE_CURVE ( 'NONE', #2931, #3957, #443, .T. ) ;
#2682 = EDGE_LOOP ( 'NONE', ( #4366, #2878, #83, #3353 ) ) ;
#2683 = DIRECTION ( 'NONE',  ( 0.3420201433256633283, 0.0000000000000000000, -0.9396926207859103153 ) ) ;
#2684 = CARTESIAN_POINT ( 'NONE',  ( 0.5379674688103072144, 0.0000000000000000000, -0.04999999999999999584 ) ) ;
#2685 = ORIENTED_EDGE ( 'NONE', *, *, #3971, .T. ) ;
#2686 = LINE ( 'NONE', #739, #3921 ) ;
#2687 = ORIENTED_EDGE ( 'NONE', *, *, #2098, .F. ) ;
#2688 = VERTEX_POINT ( 'NONE', #1453 ) ;
#2689 = CARTESIAN_POINT ( 'NONE',  ( 0.3816684688103073597, 0.0000000000000000000, -0.01574999999999998623 ) ) ;
#2690 = DIRECTION ( 'NONE',  ( 5.421193827719211569E-15, 0.0000000000000000000, 1.000000000000000000 ) ) ;
#2691 = CARTESIAN_POINT ( 'NONE',  ( 0.2379674688103072255, 0.0000000000000000000, -0.04999999999999999584 ) ) ;
#2692 = AXIS2_PLACEMENT_3D ( 'NONE', #2842, #2493, #3528 ) ;
#2693 = ORIENTED_EDGE ( 'NONE', *, *, #2433, .T. ) ;
#2694 = DIRECTION ( 'NONE',  ( 0.9396926207858907754, -0.0000000000000000000, 0.3420201433257172852 ) ) ;
#2695 = DIRECTION ( 'NONE',  ( -1.000000000000000000, -0.0000000000000000000, -0.0000000000000000000 ) ) ;
#2696 = VECTOR ( 'NONE', #1006, 39.37007874015748143 ) ;
#2697 = DIRECTION ( 'NONE',  ( -0.0000000000000000000, 1.000000000000000000, -0.0000000000000000000 ) ) ;
#2698 = ORIENTED_EDGE ( 'NONE', *, *, #3272, .T. ) ;
#2699 = CARTESIAN_POINT ( 'NONE',  ( 0.7379674688103072810, 4.435068026000317697E-17, -0.1815500000000005998 ) ) ;
#2700 = AXIS2_PLACEMENT_3D ( 'NONE', #1188, #875, #4042 ) ;
#2701 = DIRECTION ( 'NONE',  ( -1.000000000000000000, -0.0000000000000000000, -0.0000000000000000000 ) ) ;
#2702 = EDGE_CURVE ( 'NONE', #1311, #3917, #4176, .T. ) ;
#2703 = VECTOR ( 'NONE', #3519, 39.37007874015748854 ) ;
#2704 = CARTESIAN_POINT ( 'NONE',  ( 0.7379674688103072810, -0.1100000000000001948, -0.04999999999999999584 ) ) ;
#2705 = LINE ( 'NONE', #4110, #933 ) ;
#2706 = ADVANCED_BREP_SHAPE_REPRESENTATION ( '', ( #3172, #3786 ), #871 ) ;
#2707 = ORIENTED_EDGE ( 'NONE', *, *, #1806, .T. ) ;
#2708 = DIRECTION ( 'NONE',  ( -1.000000000000000000, -0.0000000000000000000, -0.0000000000000000000 ) ) ;
#2709 = AXIS2_PLACEMENT_3D ( 'NONE', #2669, #2690, #724 ) ;
#2710 = VERTEX_POINT ( 'NONE', #2170 ) ;
#2711 = EDGE_CURVE ( 'NONE', #2304, #1967, #3520, .T. ) ;
#2712 = ORIENTED_EDGE ( 'NONE', *, *, #1554, .F. ) ;
#2713 = AXIS2_PLACEMENT_3D ( 'NONE', #3978, #2863, #3955 ) ;
#2714 = DIRECTION ( 'NONE',  ( 0.3420201433256633283, 0.0000000000000000000, -0.9396926207859103153 ) ) ;
#2715 = DIRECTION ( 'NONE',  ( 1.000000000000000000, 0.0000000000000000000, 0.0000000000000000000 ) ) ;
#2716 = CARTESIAN_POINT ( 'NONE',  ( 0.4942664688103074466, -0.1100000000000000006, -0.01574999999999998623 ) ) ;
#2717 = VECTOR ( 'NONE', #3727, 39.37007874015748143 ) ;
#2718 = PRODUCT_DEFINITION_SHAPE ( 'NONE', 'NONE',  #4389 ) ;
#2719 = ORIENTED_EDGE ( 'NONE', *, *, #3182, .F. ) ;
#2720 = DIRECTION ( 'NONE',  ( 0.0000000000000000000, 0.0000000000000000000, 1.000000000000000000 ) ) ;
#2721 = LINE ( 'NONE', #374, #3603 ) ;
#2722 = VECTOR ( 'NONE', #2880, 39.37007874015748143 ) ;
#2723 = FACE_OUTER_BOUND ( 'NONE', #541, .T. ) ;
#2724 = AXIS2_PLACEMENT_3D ( 'NONE', #1421, #373, #30 ) ;
#2725 = ORIENTED_EDGE ( 'NONE', *, *, #1335, .F. ) ;
#2726 = ADVANCED_FACE ( 'NONE', ( #4039 ), #3647, .F. ) ;
#2727 = DIRECTION ( 'NONE',  ( 0.9396926207859104263, 0.0000000000000000000, 0.3420201433256633838 ) ) ;
#2728 = CARTESIAN_POINT ( 'NONE',  ( 0.3942664688103074133, -0.1100000000000000006, -0.1842499999999996918 ) ) ;
#2729 =( NAMED_UNIT ( * ) SI_UNIT ( $, .STERADIAN. ) SOLID_ANGLE_UNIT ( ) );
#2730 = ADVANCED_FACE ( 'NONE', ( #3337 ), #3017, .F. ) ;
#2731 = DIRECTION ( 'NONE',  ( 0.0000000000000000000, 0.0000000000000000000, 1.000000000000000000 ) ) ;
#2732 = CARTESIAN_POINT ( 'NONE',  ( 0.0000000000000000000, 0.0000000000000000000, 0.0000000000000000000 ) ) ;
#2733 = DIRECTION ( 'NONE',  ( -0.0000000000000000000, 1.000000000000000000, -0.0000000000000000000 ) ) ;
#2734 = ORIENTED_EDGE ( 'NONE', *, *, #1337, .F. ) ;
#2735 = EDGE_LOOP ( 'NONE', ( #3516, #98, #2134, #1871 ) ) ;
#2736 = CARTESIAN_POINT ( 'NONE',  ( 0.7879674688103074365, 0.0000000000000000000, -0.01574999999999965317 ) ) ;
#2737 = CARTESIAN_POINT ( 'NONE',  ( 0.6379674688103071922, 0.0000000000000000000, -0.01844999999999941478 ) ) ;
#2738 = CARTESIAN_POINT ( 'NONE',  ( 0.5379674688103072144, -0.1100000000000001948, -0.1184499999999994169 ) ) ;
#2739 = ORIENTED_EDGE ( 'NONE', *, *, #1742, .F. ) ;
#2740 = EDGE_CURVE ( 'NONE', #3958, #3121, #1298, .T. ) ;
#2741 = CARTESIAN_POINT ( 'NONE',  ( 0.1750000000000010714, 0.0000000000000000000, 0.0000000000000000000 ) ) ;
#2742 = CYLINDRICAL_SURFACE ( 'NONE', #430, 0.03155000000000058452 ) ;
#2743 = CARTESIAN_POINT ( 'NONE',  ( 0.2816684688103074374, -0.1100000000000000006, -0.01574999999999998623 ) ) ;
#2744 = ORIENTED_EDGE ( 'NONE', *, *, #3568, .F. ) ;
#2745 = DIRECTION ( 'NONE',  ( -0.0000000000000000000, 1.000000000000000000, -0.0000000000000000000 ) ) ;
#2746 = LINE ( 'NONE', #1022, #2854 ) ;
#2747 = EDGE_CURVE ( 'NONE', #2688, #3991, #2375, .T. ) ;
#2748 = SHAPE_DEFINITION_REPRESENTATION ( #4035, #2107 ) ;
#2749 = CARTESIAN_POINT ( 'NONE',  ( 0.2379674688103072255, 4.435068026000317697E-17, -0.1815500000000005998 ) ) ;
#2750 = DIRECTION ( 'NONE',  ( -1.000000000000000000, -0.0000000000000000000, -0.0000000000000000000 ) ) ;
#2751 = DIRECTION ( 'NONE',  ( 0.0000000000000000000, 0.0000000000000000000, 1.000000000000000000 ) ) ;
#2752 = ORIENTED_EDGE ( 'NONE', *, *, #3750, .T. ) ;
#2753 = EDGE_LOOP ( 'NONE', ( #811, #2483, #4250, #1523 ) ) ;
#2754 = FACE_OUTER_BOUND ( 'NONE', #2559, .T. ) ;
#2755 = CARTESIAN_POINT ( 'NONE',  ( 0.6942664688103074022, 0.0000000000000000000, -0.1842499999999996918 ) ) ;
#2756 = DIRECTION ( 'NONE',  ( -0.0000000000000000000, 1.000000000000000000, -0.0000000000000000000 ) ) ;
#2757 = VERTEX_POINT ( 'NONE', #3295 ) ;
#2758 = DIRECTION ( 'NONE',  ( -0.0000000000000000000, 1.000000000000000000, -0.0000000000000000000 ) ) ;
#2759 = CARTESIAN_POINT ( 'NONE',  ( 0.0000000000000000000, 0.0000000000000000000, 0.0000000000000000000 ) ) ;
#2760 = DIRECTION ( 'NONE',  ( 0.0000000000000000000, 0.0000000000000000000, 1.000000000000000000 ) ) ;
#2761 = EDGE_CURVE ( 'NONE', #4016, #966, #274, .T. ) ;
#2762 = EDGE_LOOP ( 'NONE', ( #2752, #2139, #1049, #4316 ) ) ;
#2763 = ORIENTED_EDGE ( 'NONE', *, *, #3862, .F. ) ;
#2764 = LINE ( 'NONE', #352, #2774 ) ;
#2765 = DIRECTION ( 'NONE',  ( -0.0000000000000000000, 1.000000000000000000, -0.0000000000000000000 ) ) ;
#2766 = FACE_BOUND ( 'NONE', #2918, .T. ) ;
#2767 = CARTESIAN_POINT ( 'NONE',  ( 0.0000000000000000000, 0.0000000000000000000, 0.0000000000000000000 ) ) ;
#2768 = ORIENTED_EDGE ( 'NONE', *, *, #3420, .T. ) ;
#2769 = ADVANCED_FACE ( 'NONE', ( #4065, #690 ), #252, .F. ) ;
#2770 = VECTOR ( 'NONE', #3273, 39.37007874015748143 ) ;
#2771 = VERTEX_POINT ( 'NONE', #3037 ) ;
#2772 = DIRECTION ( 'NONE',  ( 0.3420201433256665480, 0.0000000000000000000, 0.9396926207859092051 ) ) ;
#2773 = EDGE_CURVE ( 'NONE', #4242, #4157, #1015, .T. ) ;
#2774 = VECTOR ( 'NONE', #1694, 39.37007874015748143 ) ;
#2775 = DIRECTION ( 'NONE',  ( -0.0000000000000000000, 1.000000000000000000, -0.0000000000000000000 ) ) ;
#2776 = CARTESIAN_POINT ( 'NONE',  ( 0.2816684688103074374, 0.0000000000000000000, -0.1842499999999996085 ) ) ;
#2777 = AXIS2_PLACEMENT_3D ( 'NONE', #696, #1991, #2038 ) ;
#2778 = ORIENTED_EDGE ( 'NONE', *, *, #3011, .T. ) ;
#2779 = CYLINDRICAL_SURFACE ( 'NONE', #95, 0.03155000000000058452 ) ;
#2780 = FACE_OUTER_BOUND ( 'NONE', #2566, .T. ) ;
#2781 = VECTOR ( 'NONE', #1147, 39.37007874015748143 ) ;
#2782 = CARTESIAN_POINT ( 'NONE',  ( 0.7759349376206162718, -0.1100000000000000006, -0.1999999999999996780 ) ) ;
#2783 = CIRCLE ( 'NONE', #2077, 0.03155000000000058452 ) ;
#2784 = VECTOR ( 'NONE', #2486, 39.37007874015748143 ) ;
#2785 = ORIENTED_EDGE ( 'NONE', *, *, #597, .F. ) ;
#2786 = ORIENTED_EDGE ( 'NONE', *, *, #4349, .F. ) ;
#2787 = CARTESIAN_POINT ( 'NONE',  ( 0.2759359376206146353, -0.1100000000000000006, -9.478001694819074349E-34 ) ) ;
#2788 = AXIS2_PLACEMENT_3D ( 'NONE', #272, #2005, #1959 ) ;
#2789 = AXIS2_PLACEMENT_3D ( 'NONE', #1013, #1669, #2720 ) ;
#2790 = VECTOR ( 'NONE', #889, 39.37007874015748143 ) ;
#2791 = CARTESIAN_POINT ( 'NONE',  ( 0.5942664688103074244, -0.1100000000000000006, -0.1842499999999996918 ) ) ;
#2792 = ADVANCED_FACE ( 'NONE', ( #2278 ), #2030, .F. ) ;
#2793 = FACE_OUTER_BOUND ( 'NONE', #1005, .T. ) ;
#2794 = DIRECTION ( 'NONE',  ( 1.000000000000000000, 0.0000000000000000000, 0.0000000000000000000 ) ) ;
#2795 = ORIENTED_EDGE ( 'NONE', *, *, #3959, .F. ) ;
#2796 = ORIENTED_EDGE ( 'NONE', *, *, #1721, .F. ) ;
#2797 = EDGE_LOOP ( 'NONE', ( #1301, #3850 ) ) ;
#2798 = CARTESIAN_POINT ( 'NONE',  ( 0.3379674688103072033, -0.1100000000000001948, -0.1499999999999999944 ) ) ;
#2799 = FACE_OUTER_BOUND ( 'NONE', #1450, .T. ) ;
#2800 = CARTESIAN_POINT ( 'NONE',  ( 0.6816684688103075151, 0.0000000000000000000, -0.1842499999999996085 ) ) ;
#2801 = EDGE_CURVE ( 'NONE', #1996, #1288, #1599, .T. ) ;
#2802 = ORIENTED_EDGE ( 'NONE', *, *, #269, .T. ) ;
#2803 = DIRECTION ( 'NONE',  ( 0.0000000000000000000, 0.0000000000000000000, 1.000000000000000000 ) ) ;
#2804 = LINE ( 'NONE', #49, #3896 ) ;
#2805 = FACE_OUTER_BOUND ( 'NONE', #2293, .T. ) ;
#2806 = VERTEX_POINT ( 'NONE', #3084 ) ;
#2807 = ORIENTED_EDGE ( 'NONE', *, *, #3604, .F. ) ;
#2808 = ORIENTED_EDGE ( 'NONE', *, *, #2651, .F. ) ;
#2809 = DIRECTION ( 'NONE',  ( 1.000000000000000000, 0.0000000000000000000, -5.421193827719211569E-15 ) ) ;
#2810 = ADVANCED_FACE ( 'NONE', ( #2967 ), #2989, .F. ) ;
#2811 = DIRECTION ( 'NONE',  ( 1.000000000000000000, 0.0000000000000000000, 0.0000000000000000000 ) ) ;
#2812 = FACE_OUTER_BOUND ( 'NONE', #1729, .T. ) ;
#2813 = CARTESIAN_POINT ( 'NONE',  ( 0.6942664688103074022, -0.1100000000000000006, -0.1842499999999996918 ) ) ;
#2814 = EDGE_CURVE ( 'NONE', #2458, #2847, #2783, .T. ) ;
#2815 = EDGE_LOOP ( 'NONE', ( #2446, #1681 ) ) ;
#2816 = CARTESIAN_POINT ( 'NONE',  ( 0.3816684688103074707, 0.0000000000000000000, -0.1842499999999996085 ) ) ;
#2817 = CARTESIAN_POINT ( 'NONE',  ( 0.6816684688103075151, -0.1100000000000000006, -0.01574999999999998623 ) ) ;
#2818 = EDGE_CURVE ( 'NONE', #3307, #4112, #3354, .T. ) ;
#2819 = ORIENTED_EDGE ( 'NONE', *, *, #3557, .T. ) ;
#2820 = CARTESIAN_POINT ( 'NONE',  ( 0.5942664688103074244, -0.1100000000000000006, -0.1842499999999996918 ) ) ;
#2821 = DIRECTION ( 'NONE',  ( 1.000000000000000000, 0.0000000000000000000, -0.0000000000000000000 ) ) ;
#2822 = ADVANCED_FACE ( 'NONE', ( #969 ), #2629, .F. ) ;
#2823 = VERTEX_POINT ( 'NONE', #943 ) ;
#2824 = ORIENTED_EDGE ( 'NONE', *, *, #2940, .T. ) ;
#2825 = VECTOR ( 'NONE', #3225, 39.37007874015748143 ) ;
#2826 = CARTESIAN_POINT ( 'NONE',  ( 0.7759349376206162718, -0.1100000000000000006, -0.1999999999999996780 ) ) ;
#2827 = VECTOR ( 'NONE', #1462, 39.37007874015748854 ) ;
#2828 = DIRECTION ( 'NONE',  ( -0.0000000000000000000, 1.000000000000000000, -0.0000000000000000000 ) ) ;
#2829 = VECTOR ( 'NONE', #723, 39.37007874015748143 ) ;
#2830 = CYLINDRICAL_SURFACE ( 'NONE', #3625, 0.03155000000000058452 ) ;
#2831 = CARTESIAN_POINT ( 'NONE',  ( 0.06600000000000109945, 0.0000000000000000000, 0.0000000000000000000 ) ) ;
#2832 = AXIS2_PLACEMENT_3D ( 'NONE', #38, #4175, #2462 ) ;
#2833 = ORIENTED_EDGE ( 'NONE', *, *, #385, .T. ) ;
#2834 = DIRECTION ( 'NONE',  ( 0.3420201433256633283, 0.0000000000000000000, -0.9396926207859103153 ) ) ;
#2835 = CARTESIAN_POINT ( 'NONE',  ( 0.3816684688103074707, -0.1100000000000000006, -0.1842499999999996085 ) ) ;
#2836 = LINE ( 'NONE', #4182, #2784 ) ;
#2837 = AXIS2_PLACEMENT_3D ( 'NONE', #4069, #3342, #972 ) ;
#2838 = ORIENTED_EDGE ( 'NONE', *, *, #3518, .F. ) ;
#2839 = EDGE_LOOP ( 'NONE', ( #183, #895 ) ) ;
#2840 = CIRCLE ( 'NONE', #2993, 0.03155000000000058452 ) ;
#2841 = SURFACE_STYLE_FILL_AREA ( #1838 ) ;
#2842 = CARTESIAN_POINT ( 'NONE',  ( 0.03796746881030719362, 4.435068026000317697E-17, -0.04999999999999999584 ) ) ;
#2843 = EDGE_CURVE ( 'NONE', #2688, #868, #1961, .T. ) ;
#2844 = CARTESIAN_POINT ( 'NONE',  ( 0.3999990000000001600, -0.1100000000000000006, 0.0000000000000000000 ) ) ;
#2845 = EDGE_LOOP ( 'NONE', ( #229, #363, #131, #3634, #2190 ) ) ;
#2846 = AXIS2_PLACEMENT_3D ( 'NONE', #880, #4286, #3931 ) ;
#2847 = VERTEX_POINT ( 'NONE', #3316 ) ;
#2848 = ORIENTED_EDGE ( 'NONE', *, *, #1127, .T. ) ;
#2849 = VECTOR ( 'NONE', #2303, 39.37007874015748143 ) ;
#2850 = LINE ( 'NONE', #3833, #1152 ) ;
#2851 = EDGE_CURVE ( 'NONE', #2304, #628, #3690, .T. ) ;
#2852 = ITEM_DEFINED_TRANSFORMATION ( 'NONE', 'NONE', #4087,  #3786 ) ;
#2853 = CARTESIAN_POINT ( 'NONE',  ( 0.1816684688103074041, -0.1100000000000000006, -0.01574999999999998623 ) ) ;
#2854 = VECTOR ( 'NONE', #2701, 39.37007874015748143 ) ;
#2855 = CARTESIAN_POINT ( 'NONE',  ( 0.0000000000000000000, 0.0000000000000000000, 0.0000000000000000000 ) ) ;
#2856 = PRODUCT_DEFINITION_SHAPE ( 'NONE', 'NONE',  #4391 ) ;
#2857 = LINE ( 'NONE', #2523, #2079 ) ;
#2858 = AXIS2_PLACEMENT_3D ( 'NONE', #940, #4295, #1938 ) ;
#2859 = MECHANICAL_DESIGN_GEOMETRIC_PRESENTATION_REPRESENTATION (  '', ( #1654 ), #3014 ) ;
#2860 = EDGE_CURVE ( 'NONE', #153, #2021, #3148, .T. ) ;
#2861 = ORIENTED_EDGE ( 'NONE', *, *, #74, .F. ) ;
#2862 = CARTESIAN_POINT ( 'NONE',  ( 0.5379674688103072144, 4.435068026000317697E-17, -0.08155000000000058036 ) ) ;
#2863 = DIRECTION ( 'NONE',  ( -1.000000000000000000, -0.0000000000000000000, -0.0000000000000000000 ) ) ;
#2864 = AXIS2_PLACEMENT_3D ( 'NONE', #2618, #886, #2269 ) ;
#2865 = CARTESIAN_POINT ( 'NONE',  ( 0.3379674688103072033, 0.0000000000000000000, -0.08155000000000058036 ) ) ;
#2866 = EDGE_LOOP ( 'NONE', ( #1342, #2512, #3663, #350 ) ) ;
#2867 = EDGE_CURVE ( 'NONE', #383, #2926, #4105, .T. ) ;
#2868 = VERTEX_POINT ( 'NONE', #4144 ) ;
#2869 =( NAMED_UNIT ( * ) PLANE_ANGLE_UNIT ( ) SI_UNIT ( $, .RADIAN. ) );
#2870 = CARTESIAN_POINT ( 'NONE',  ( 0.1816684688103074319, -0.1100000000000000006, -0.1842499999999996085 ) ) ;
#2871 = CARTESIAN_POINT ( 'NONE',  ( 0.2999990000000001267, -0.1100000000000000006, 0.0000000000000000000 ) ) ;
#2872 = ORIENTED_EDGE ( 'NONE', *, *, #2877, .T. ) ;
#2873 = EDGE_CURVE ( 'NONE', #1663, #52, #434, .T. ) ;
#2874 = ORIENTED_EDGE ( 'NONE', *, *, #2908, .F. ) ;
#2875 = ORIENTED_EDGE ( 'NONE', *, *, #1141, .T. ) ;
#2876 = DIRECTION ( 'NONE',  ( 0.0000000000000000000, 0.0000000000000000000, 1.000000000000000000 ) ) ;
#2877 = EDGE_CURVE ( 'NONE', #3991, #2299, #3738, .T. ) ;
#2878 = ORIENTED_EDGE ( 'NONE', *, *, #2740, .F. ) ;
#2879 = FACE_OUTER_BOUND ( 'NONE', #2549, .T. ) ;
#2880 = DIRECTION ( 'NONE',  ( -0.0000000000000000000, 1.000000000000000000, -0.0000000000000000000 ) ) ;
#2881 = EDGE_CURVE ( 'NONE', #770, #1060, #3861, .T. ) ;
#2882 = EDGE_LOOP ( 'NONE', ( #1316, #492, #3301, #3697 ) ) ;
#2883 = CARTESIAN_POINT ( 'NONE',  ( 0.4379674688103072366, -0.1100000000000001948, -0.1499999999999999944 ) ) ;
#2884 = CARTESIAN_POINT ( 'NONE',  ( 0.5379674688103072144, 4.435068026000317697E-17, -0.04999999999999999584 ) ) ;
#2885 = DIRECTION ( 'NONE',  ( -1.000000000000000000, -0.0000000000000000000, -0.0000000000000000000 ) ) ;
#2886 = VERTEX_POINT ( 'NONE', #399 ) ;
#2887 = EDGE_LOOP ( 'NONE', ( #1530, #2495, #1425, #3049 ) ) ;
#2888 = LINE ( 'NONE', #2386, #645 ) ;
#2889 = CARTESIAN_POINT ( 'NONE',  ( 0.09999900000000011557, -0.1100000000000000006, 0.0000000000000000000 ) ) ;
#2890 = ORIENTED_EDGE ( 'NONE', *, *, #277, .F. ) ;
#2891 = CARTESIAN_POINT ( 'NONE',  ( 0.7879674688103074365, 0.0000000000000000000, -0.1842499999999992477 ) ) ;
#2892 = DIRECTION ( 'NONE',  ( -1.000000000000000000, -0.0000000000000000000, -0.0000000000000000000 ) ) ;
#2893 = PRODUCT_RELATED_PRODUCT_CATEGORY ( 'part', '', ( #4076 ) ) ;
#2894 = EDGE_LOOP ( 'NONE', ( #4010, #3891, #3929, #658 ) ) ;
#2895 = CLOSED_SHELL ( 'NONE', ( #2810, #1168, #1533, #4178, #3760, #2217, #3022, #2680, #960, #3685, #2390, #4355, #4367, #306, #4123, #2963, #2273, #3103, #3823, #3941, #1253, #818, #1411, #1436, #351, #3029, #2657, #1579, #1809, #3099, #837, #224, #2310, #1741, #2934, #1914, #4374, #1620, #262, #2229, #944, #1785, #2492, #3717, #3816, #4308, #1526, #3408, #3745, #4321, #327, #649, #3191, #3994, #1163, #1794, #1081, #2336, #2822, #522, #4170, #1867, #3205, #3623, #3836, #2603, #4040, #3413, #1146, #3809, #1693, #579, #4158, #852, #2950, #3392, #3721, #3018, #2726, #290, #3130, #827, #4164, #1211, #3834, #2730, #1973, #3044, #911, #1830, #919, #712, #2259, #2032, #4117, #2792, #1430, #4256, #275, #997, #3926, #332 ) ) ;
#2896 = CARTESIAN_POINT ( 'NONE',  ( 0.1750000000000010714, 0.0000000000000000000, 0.02726794919243106033 ) ) ;
#2897 = EDGE_CURVE ( 'NONE', #244, #1663, #1447, .T. ) ;
#2898 = PLANE ( 'NONE',  #1570 ) ;
#2899 = VECTOR ( 'NONE', #1569, 39.37007874015748143 ) ;
#2900 = ORIENTED_EDGE ( 'NONE', *, *, #2060, .F. ) ;
#2901 = VECTOR ( 'NONE', #3573, 39.37007874015748143 ) ;
#2902 = CARTESIAN_POINT ( 'NONE',  ( 0.7759349376206162718, 0.0000000000000000000, -0.1999999999999996780 ) ) ;
#2903 = LINE ( 'NONE', #1898, #222 ) ;
#2904 = LINE ( 'NONE', #1177, #1639 ) ;
#2905 = CARTESIAN_POINT ( 'NONE',  ( 0.1379674688103071922, -0.1100000000000001948, -0.01844999999999941478 ) ) ;
#2906 = ORIENTED_EDGE ( 'NONE', *, *, #3156, .T. ) ;
#2907 = VECTOR ( 'NONE', #2595, 39.37007874015748143 ) ;
#2908 = EDGE_CURVE ( 'NONE', #3676, #2710, #457, .T. ) ;
#2909 = ORIENTED_EDGE ( 'NONE', *, *, #1860, .F. ) ;
#2910 = DIRECTION ( 'NONE',  ( 0.0000000000000000000, 0.0000000000000000000, 1.000000000000000000 ) ) ;
#2911 = DIRECTION ( 'NONE',  ( 5.421193827719211569E-15, 0.0000000000000000000, 1.000000000000000000 ) ) ;
#2912 = VECTOR ( 'NONE', #1191, 39.37007874015748143 ) ;
#2913 = DIRECTION ( 'NONE',  ( 1.000000000000000000, 0.0000000000000000000, -0.0000000000000000000 ) ) ;
#2914 = VECTOR ( 'NONE', #3535, 39.37007874015748854 ) ;
#2915 = ORIENTED_EDGE ( 'NONE', *, *, #3945, .T. ) ;
#2916 = CARTESIAN_POINT ( 'NONE',  ( 0.0000000000000000000, 0.0000000000000000000, 0.0000000000000000000 ) ) ;
#2917 = DIRECTION ( 'NONE',  ( -0.0000000000000000000, 1.000000000000000000, -0.0000000000000000000 ) ) ;
#2918 = EDGE_LOOP ( 'NONE', ( #3554, #3250 ) ) ;
#2919 = CIRCLE ( 'NONE', #1289, 0.03155000000000058452 ) ;
#2920 = ITEM_DEFINED_TRANSFORMATION ( 'NONE', 'NONE', #2156,  #3786 ) ;
#2921 = DIRECTION ( 'NONE',  ( -0.0000000000000000000, 1.000000000000000000, -0.0000000000000000000 ) ) ;
#2922 = AXIS2_PLACEMENT_3D ( 'NONE', #4097, #59, #3701 ) ;
#2923 = DIRECTION ( 'NONE',  ( 1.000000000000000000, 0.0000000000000000000, 0.0000000000000000000 ) ) ;
#2924 = AXIS2_PLACEMENT_3D ( 'NONE', #1410, #3373, #3416 ) ;
#2925 = VECTOR ( 'NONE', #235, 39.37007874015748143 ) ;
#2926 = VERTEX_POINT ( 'NONE', #93 ) ;
#2927 = CARTESIAN_POINT ( 'NONE',  ( 0.09426646881030741054, -0.1100000000000000006, -0.1842499999999996918 ) ) ;
#2928 = CARTESIAN_POINT ( 'NONE',  ( 0.7379674688103072810, 0.0000000000000000000, -0.04999999999999999584 ) ) ;
#2929 = LINE ( 'NONE', #2569, #510 ) ;
#2930 = DIRECTION ( 'NONE',  ( 0.3420201433256633283, 0.0000000000000000000, -0.9396926207859103153 ) ) ;
#2931 = VERTEX_POINT ( 'NONE', #3058 ) ;
#2932 = AXIS2_PLACEMENT_3D ( 'NONE', #4259, #1877, #3247 ) ;
#2933 = AXIS2_PLACEMENT_3D ( 'NONE', #458, #3829, #3140 ) ;
#2934 = ADVANCED_FACE ( 'NONE', ( #2805 ), #3100, .T. ) ;
#2935 = ORIENTED_EDGE ( 'NONE', *, *, #882, .F. ) ;
#2936 = DIRECTION ( 'NONE',  ( 0.0000000000000000000, 0.0000000000000000000, 1.000000000000000000 ) ) ;
#2937 = CARTESIAN_POINT ( 'NONE',  ( 0.03796746881030719362, -0.1100000000000001948, -0.04999999999999999584 ) ) ;
#2938 = VECTOR ( 'NONE', #967, 39.37007874015748854 ) ;
#2939 =( NAMED_UNIT ( * ) SI_UNIT ( $, .STERADIAN. ) SOLID_ANGLE_UNIT ( ) );
#2940 = EDGE_CURVE ( 'NONE', #2389, #3818, #786, .T. ) ;
#2941 = EDGE_CURVE ( 'NONE', #3114, #3958, #3491, .T. ) ;
#2942 = AXIS2_PLACEMENT_3D ( 'NONE', #2244, #585, #1886 ) ;
#2943 = ORIENTED_EDGE ( 'NONE', *, *, #2187, .F. ) ;
#2944 = CARTESIAN_POINT ( 'NONE',  ( 0.2816684688103074374, -0.1100000000000000006, -0.1842499999999996085 ) ) ;
#2945 = CARTESIAN_POINT ( 'NONE',  ( 0.2816684688103074374, -0.1100000000000000006, -0.01574999999999998623 ) ) ;
#2946 = CARTESIAN_POINT ( 'NONE',  ( 0.6816684688103075151, -0.1100000000000000006, -0.1842499999999996085 ) ) ;
#2947 = VERTEX_POINT ( 'NONE', #1714 ) ;
#2948 = DIRECTION ( 'NONE',  ( -1.000000000000000000, 0.0000000000000000000, 4.400897325943014971E-17 ) ) ;
#2949 = DIRECTION ( 'NONE',  ( 0.0000000000000000000, 0.0000000000000000000, 1.000000000000000000 ) ) ;
#2950 = ADVANCED_FACE ( 'NONE', ( #2723 ), #2430, .F. ) ;
#2951 = VERTEX_POINT ( 'NONE', #1041 ) ;
#2952 = DIRECTION ( 'NONE',  ( -0.0000000000000000000, 1.000000000000000000, -0.0000000000000000000 ) ) ;
#2953 = CARTESIAN_POINT ( 'NONE',  ( 0.2379674688103072255, -0.1100000000000001948, -0.01844999999999941478 ) ) ;
#2954 = CARTESIAN_POINT ( 'NONE',  ( 0.08500000000000113021, 4.408728476930471028E-18, -0.03599999999999999728 ) ) ;
#2955 = CARTESIAN_POINT ( 'NONE',  ( 0.1750000000000010714, 0.0000000000000000000, 0.0000000000000000000 ) ) ;
#2956 = ORIENTED_EDGE ( 'NONE', *, *, #2636, .T. ) ;
#2957 = ADVANCED_FACE ( 'NONE', ( #3080 ), #32, .T. ) ;
#2958 = EDGE_CURVE ( 'NONE', #1510, #3580, #1082, .T. ) ;
#2959 = ORIENTED_EDGE ( 'NONE', *, *, #2346, .T. ) ;
#2960 = CARTESIAN_POINT ( 'NONE',  ( 0.0000000000000000000, 0.0000000000000000000, 0.0000000000000000000 ) ) ;
#2961 = DIRECTION ( 'NONE',  ( 0.3420201433256633283, 0.0000000000000000000, -0.9396926207859103153 ) ) ;
#2962 = CARTESIAN_POINT ( 'NONE',  ( 0.6942664688103074022, 0.0000000000000000000, -0.01574999999999998623 ) ) ;
#2963 = ADVANCED_FACE ( 'NONE', ( #1402 ), #375, .F. ) ;
#2964 = ORIENTED_EDGE ( 'NONE', *, *, #987, .F. ) ;
#2965 = CARTESIAN_POINT ( 'NONE',  ( 0.6379674688103071922, 0.0000000000000000000, -0.1815500000000005998 ) ) ;
#2966 = DIRECTION ( 'NONE',  ( -0.3420201433256654933, 0.0000000000000000000, 0.9396926207859095381 ) ) ;
#2967 = FACE_OUTER_BOUND ( 'NONE', #3219, .T. ) ;
#2968 = ORIENTED_EDGE ( 'NONE', *, *, #3467, .T. ) ;
#2969 = CARTESIAN_POINT ( 'NONE',  ( 0.1130000000000009330, 0.0000000000000000000, 0.0000000000000000000 ) ) ;
#2970 = CYLINDRICAL_SURFACE ( 'NONE', #159, 0.02090000000000000191 ) ;
#2971 = ORIENTED_EDGE ( 'NONE', *, *, #1511, .F. ) ;
#2972 = EDGE_LOOP ( 'NONE', ( #3638, #333 ) ) ;
#2973 = DIRECTION ( 'NONE',  ( -0.0000000000000000000, 1.000000000000000000, -0.0000000000000000000 ) ) ;
#2974 = CARTESIAN_POINT ( 'NONE',  ( 0.09999900000000011557, -0.1100000000000000006, -0.1999999999999999833 ) ) ;
#2975 = ORIENTED_EDGE ( 'NONE', *, *, #523, .T. ) ;
#2976 = LINE ( 'NONE', #1993, #3780 ) ;
#2977 = EDGE_LOOP ( 'NONE', ( #175, #1902 ) ) ;
#2978 = VECTOR ( 'NONE', #3512, 39.37007874015748143 ) ;
#2979 = ORIENTED_EDGE ( 'NONE', *, *, #4238, .T. ) ;
#2980 = EDGE_CURVE ( 'NONE', #1326, #417, #3081, .T. ) ;
#2981 = CARTESIAN_POINT ( 'NONE',  ( 0.4379674688103071811, -0.1950000000000011169, -0.1499999999999999944 ) ) ;
#2982 = DIRECTION ( 'NONE',  ( -1.000000000000000000, -0.0000000000000000000, -0.0000000000000000000 ) ) ;
#2983 = DIRECTION ( 'NONE',  ( 0.0000000000000000000, 0.0000000000000000000, -1.000000000000000000 ) ) ;
#2984 = DIRECTION ( 'NONE',  ( 0.0000000000000000000, 0.0000000000000000000, 1.000000000000000000 ) ) ;
#2985 = AXIS2_PLACEMENT_3D ( 'NONE', #1897, #1535, #1518 ) ;
#2986 = VERTEX_POINT ( 'NONE', #3117 ) ;
#2987 = CARTESIAN_POINT ( 'NONE',  ( 0.4379674688103072366, 0.0000000000000000000, -0.1499999999999999944 ) ) ;
#2988 = LINE ( 'NONE', #184, #3465 ) ;
#2989 = CYLINDRICAL_SURFACE ( 'NONE', #595, 0.03155000000000058452 ) ;
#2990 = VECTOR ( 'NONE', #2809, 39.37007874015748143 ) ;
#2991 = VERTEX_POINT ( 'NONE', #4122 ) ;
#2992 = EDGE_CURVE ( 'NONE', #3629, #3421, #1757, .T. ) ;
#2993 = AXIS2_PLACEMENT_3D ( 'NONE', #3860, #2536, #4216 ) ;
#2994 = CARTESIAN_POINT ( 'NONE',  ( 0.0000000000000000000, -0.1100000000000000006, 0.0000000000000000000 ) ) ;
#2995 = CARTESIAN_POINT ( 'NONE',  ( 0.5379674688103072144, -0.1100000000000001948, -0.08155000000000058036 ) ) ;
#2996 = CIRCLE ( 'NONE', #2713, 0.02900000000000000147 ) ;
#2997 = VERTEX_POINT ( 'NONE', #2782 ) ;
#2998 = DIRECTION ( 'NONE',  ( -0.0000000000000000000, 1.000000000000000000, -0.0000000000000000000 ) ) ;
#2999 = CIRCLE ( 'NONE', #1565, 0.03155000000000058452 ) ;
#3000 = CARTESIAN_POINT ( 'NONE',  ( 0.0000000000000000000, 0.0000000000000000000, 0.0000000000000000000 ) ) ;
#3001 = EDGE_LOOP ( 'NONE', ( #906, #3135, #1564, #2676 ) ) ;
#3002 = FACE_OUTER_BOUND ( 'NONE', #1465, .T. ) ;
#3003 = ORIENTED_EDGE ( 'NONE', *, *, #3040, .F. ) ;
#3004 = VECTOR ( 'NONE', #2214, 39.37007874015748854 ) ;
#3005 = ORIENTED_EDGE ( 'NONE', *, *, #1756, .T. ) ;
#3006 = DIRECTION ( 'NONE',  ( 1.000000000000000000, 0.0000000000000000000, 0.0000000000000000000 ) ) ;
#3007 = CARTESIAN_POINT ( 'NONE',  ( 0.6999990000000000379, -0.1100000000000000006, 0.0000000000000000000 ) ) ;
#3008 = CARTESIAN_POINT ( 'NONE',  ( 0.4379674688103072366, -0.1100000000000001948, -0.01844999999999941478 ) ) ;
#3009 = AXIS2_PLACEMENT_3D ( 'NONE', #3943, #250, #2302 ) ;
#3010 = LINE ( 'NONE', #2962, #3787 ) ;
#3011 = EDGE_CURVE ( 'NONE', #2991, #1705, #2163, .T. ) ;
#3012 = VECTOR ( 'NONE', #3055, 39.37007874015748143 ) ;
#3013 = ORIENTED_EDGE ( 'NONE', *, *, #3452, .T. ) ;
#3014 =( GEOMETRIC_REPRESENTATION_CONTEXT ( 3 ) GLOBAL_UNCERTAINTY_ASSIGNED_CONTEXT ( ( #2235 ) ) GLOBAL_UNIT_ASSIGNED_CONTEXT ( ( #655, #247, #2939 ) ) REPRESENTATION_CONTEXT ( 'NONE', 'WORKASPACE' ) );
#3015 = DIRECTION ( 'NONE',  ( -0.0000000000000000000, 1.000000000000000000, -0.0000000000000000000 ) ) ;
#3016 = FACE_OUTER_BOUND ( 'NONE', #4228, .T. ) ;
#3017 = PLANE ( 'NONE',  #2287 ) ;
#3018 = ADVANCED_FACE ( 'NONE', ( #3939 ), #519, .F. ) ;
#3019 = ORIENTED_EDGE ( 'NONE', *, *, #2702, .T. ) ;
#3020 = CARTESIAN_POINT ( 'NONE',  ( 0.6942664688103074022, 0.0000000000000000000, -0.01574999999999999664 ) ) ;
#3021 = CARTESIAN_POINT ( 'NONE',  ( 0.5379674688103072144, 4.435068026000317697E-17, -0.1815500000000005998 ) ) ;
#3022 = ADVANCED_FACE ( 'NONE', ( #3514 ), #1544, .F. ) ;
#3023 = ORIENTED_EDGE ( 'NONE', *, *, #2224, .T. ) ;
#3024 = CARTESIAN_POINT ( 'NONE',  ( 0.1379674688103071922, 4.435068026000317697E-17, -0.1499999999999999944 ) ) ;
#3025 = EDGE_CURVE ( 'NONE', #3996, #3810, #158, .T. ) ;
#3026 = ORIENTED_EDGE ( 'NONE', *, *, #661, .F. ) ;
#3027 = DIRECTION ( 'NONE',  ( 0.0000000000000000000, 0.0000000000000000000, 1.000000000000000000 ) ) ;
#3028 = VERTEX_POINT ( 'NONE', #2844 ) ;
#3029 = ADVANCED_FACE ( 'NONE', ( #2517 ), #3854, .T. ) ;
#3030 = EDGE_LOOP ( 'NONE', ( #1116, #3026, #3101, #3648 ) ) ;
#3031 = CARTESIAN_POINT ( 'NONE',  ( -0.01203253118969264089, 0.0000000000000000000, -0.1842499999999996918 ) ) ;
#3032 = DIRECTION ( 'NONE',  ( -1.000000000000000000, -0.0000000000000000000, -0.0000000000000000000 ) ) ;
#3033 = DIRECTION ( 'NONE',  ( -0.0000000000000000000, 1.000000000000000000, -0.0000000000000000000 ) ) ;
#3034 = VERTEX_POINT ( 'NONE', #2889 ) ;
#3035 = CARTESIAN_POINT ( 'NONE',  ( 0.4379674688103072366, 4.435068026000317697E-17, -0.1815500000000005998 ) ) ;
#3036 = CARTESIAN_POINT ( 'NONE',  ( 0.6816684688103075151, -0.1100000000000000006, -0.01574999999999998623 ) ) ;
#3037 = CARTESIAN_POINT ( 'NONE',  ( 0.6759359376206146575, -0.1100000000000000006, -9.478001694819074349E-34 ) ) ;
#3038 = ORIENTED_EDGE ( 'NONE', *, *, #1127, .F. ) ;
#3039 = DIRECTION ( 'NONE',  ( -0.3420201433256694346, -0.0000000000000000000, -0.9396926207859080948 ) ) ;
#3040 = EDGE_CURVE ( 'NONE', #3155, #3060, #3575, .T. ) ;
#3041 = LINE ( 'NONE', #2014, #867 ) ;
#3042 = VERTEX_POINT ( 'NONE', #477 ) ;
#3043 = DIRECTION ( 'NONE',  ( -0.0000000000000000000, 1.000000000000000000, -0.0000000000000000000 ) ) ;
#3044 = ADVANCED_FACE ( 'NONE', ( #808 ), #1888, .F. ) ;
#3045 = CARTESIAN_POINT ( 'NONE',  ( 0.1759359376206146575, -0.1100000000000000006, -0.1999999999999999833 ) ) ;
#3046 = ORIENTED_EDGE ( 'NONE', *, *, #668, .F. ) ;
#3047 = CARTESIAN_POINT ( 'NONE',  ( 0.1241961524226974228, 0.0000000000000000000, 0.0000000000000000000 ) ) ;
#3048 = VERTEX_POINT ( 'NONE', #178 ) ;
#3049 = ORIENTED_EDGE ( 'NONE', *, *, #3878, .T. ) ;
#3050 = LINE ( 'NONE', #24, #1201 ) ;
#3051 = ADVANCED_FACE ( 'NONE', ( #1182 ), #1198, .T. ) ;
#3052 = CARTESIAN_POINT ( 'NONE',  ( 0.2942664688103074355, 0.0000000000000000000, -0.1842499999999996918 ) ) ;
#3053 = DIRECTION ( 'NONE',  ( 0.0000000000000000000, 0.0000000000000000000, 1.000000000000000000 ) ) ;
#3054 = ORIENTED_EDGE ( 'NONE', *, *, #1249, .T. ) ;
#3055 = DIRECTION ( 'NONE',  ( -1.000000000000000000, 0.0000000000000000000, 0.0000000000000000000 ) ) ;
#3056 = DIRECTION ( 'NONE',  ( -0.3420201433256720991, 0.0000000000000000000, 0.9396926207859070956 ) ) ;
#3057 = CIRCLE ( 'NONE', #1142, 0.03155000000000058452 ) ;
#3058 = CARTESIAN_POINT ( 'NONE',  ( 0.07593593762061463803, 0.0000000000000000000, -0.1999999999999999833 ) ) ;
#3059 = CIRCLE ( 'NONE', #1774, 0.02090000000000000885 ) ;
#3060 = VERTEX_POINT ( 'NONE', #2494 ) ;
#3061 = CARTESIAN_POINT ( 'NONE',  ( 0.7379674688103072810, 4.435068026000317697E-17, -0.04999999999999999584 ) ) ;
#3062 = AXIS2_PLACEMENT_3D ( 'NONE', #1674, #4373, #2378 ) ;
#3063 = CARTESIAN_POINT ( 'NONE',  ( 0.06900000000000108824, 0.03599999999999999728, 0.0000000000000000000 ) ) ;
#3064 = EDGE_CURVE ( 'NONE', #3859, #2650, #2182, .T. ) ;
#3065 = AXIS2_PLACEMENT_3D ( 'NONE', #139, #1873, #845 ) ;
#3066 = CARTESIAN_POINT ( 'NONE',  ( 0.5942664688103074244, 0.0000000000000000000, -0.01574999999999999664 ) ) ;
#3067 = CARTESIAN_POINT ( 'NONE',  ( 0.008500000000000193165, 0.0000000000000000000, 0.0000000000000000000 ) ) ;
#3068 = FACE_OUTER_BOUND ( 'NONE', #365, .T. ) ;
#3069 = VECTOR ( 'NONE', #2545, 39.37007874015748143 ) ;
#3070 = ORIENTED_EDGE ( 'NONE', *, *, #1221, .T. ) ;
#3071 = DIRECTION ( 'NONE',  ( -0.3420201433256694346, -0.0000000000000000000, -0.9396926207859080948 ) ) ;
#3072 = DIRECTION ( 'NONE',  ( -0.0000000000000000000, 1.000000000000000000, -0.0000000000000000000 ) ) ;
#3073 = DIRECTION ( 'NONE',  ( 0.0000000000000000000, 0.0000000000000000000, -1.000000000000000000 ) ) ;
#3074 = VECTOR ( 'NONE', #1680, 39.37007874015748143 ) ;
#3075 = EDGE_CURVE ( 'NONE', #2073, #4291, #3916, .T. ) ;
#3076 = ORIENTED_EDGE ( 'NONE', *, *, #1843, .F. ) ;
#3077 = PLANE ( 'NONE',  #1653 ) ;
#3078 = DIRECTION ( 'NONE',  ( 0.0000000000000000000, 0.0000000000000000000, 1.000000000000000000 ) ) ;
#3079 = AXIS2_PLACEMENT_3D ( 'NONE', #378, #4108, #2397 ) ;
#3080 = FACE_OUTER_BOUND ( 'NONE', #2753, .T. ) ;
#3081 = CIRCLE ( 'NONE', #4213, 0.02090000000000000885 ) ;
#3082 = ORIENTED_EDGE ( 'NONE', *, *, #1090, .T. ) ;
#3083 = FILL_AREA_STYLE_COLOUR ( '', #2064 ) ;
#3084 = CARTESIAN_POINT ( 'NONE',  ( 0.7379674688103072810, 4.435068026000317697E-17, -0.08155000000000058036 ) ) ;
#3085 = FACE_OUTER_BOUND ( 'NONE', #2682, .T. ) ;
#3086 = DIRECTION ( 'NONE',  ( 1.224646799147353207E-16, 1.000000000000000000, 0.0000000000000000000 ) ) ;
#3087 = LINE ( 'NONE', #3501, #1627 ) ;
#3088 = PLANE ( 'NONE',  #2777 ) ;
#3089 = DIRECTION ( 'NONE',  ( -0.0000000000000000000, 1.000000000000000000, -0.0000000000000000000 ) ) ;
#3090 = ORIENTED_EDGE ( 'NONE', *, *, #1044, .F. ) ;
#3091 = EDGE_LOOP ( 'NONE', ( #2354, #1488, #4169, #3013 ) ) ;
#3092 = CARTESIAN_POINT ( 'NONE',  ( 0.5942664688103074244, 0.0000000000000000000, -0.01574999999999998623 ) ) ;
#3093 = DIRECTION ( 'NONE',  ( 0.0000000000000000000, 0.0000000000000000000, 1.000000000000000000 ) ) ;
#3094 = DIRECTION ( 'NONE',  ( -0.0000000000000000000, 1.000000000000000000, -0.0000000000000000000 ) ) ;
#3095 = ORIENTED_EDGE ( 'NONE', *, *, #3828, .F. ) ;
#3096 = VERTEX_POINT ( 'NONE', #3874 ) ;
#3097 = FACE_OUTER_BOUND ( 'NONE', #111, .T. ) ;
#3098 = DIRECTION ( 'NONE',  ( 0.3420201433256633283, 0.0000000000000000000, -0.9396926207859103153 ) ) ;
#3099 = ADVANCED_FACE ( 'NONE', ( #2577 ), #3551, .T. ) ;
#3100 = PLANE ( 'NONE',  #3285 ) ;
#3101 = ORIENTED_EDGE ( 'NONE', *, *, #1429, .F. ) ;
#3102 =( NAMED_UNIT ( * ) SI_UNIT ( $, .STERADIAN. ) SOLID_ANGLE_UNIT ( ) );
#3103 = ADVANCED_FACE ( 'NONE', ( #2247 ), #3181, .T. ) ;
#3104 = FACE_OUTER_BOUND ( 'NONE', #3763, .T. ) ;
#3105 = CARTESIAN_POINT ( 'NONE',  ( 0.1379674688103071922, -0.1100000000000001948, -0.1184499999999994169 ) ) ;
#3106 = LINE ( 'NONE', #1094, #2210 ) ;
#3107 = EDGE_LOOP ( 'NONE', ( #1414, #513, #2160, #2915 ) ) ;
#3108 = ORIENTED_EDGE ( 'NONE', *, *, #3995, .T. ) ;
#3109 = FACE_OUTER_BOUND ( 'NONE', #1580, .T. ) ;
#3110 = CARTESIAN_POINT ( 'NONE',  ( 0.1379674688103071922, 4.435068026000317697E-17, -0.04999999999999999584 ) ) ;
#3111 = FACE_OUTER_BOUND ( 'NONE', #3858, .T. ) ;
#3112 = ORIENTED_EDGE ( 'NONE', *, *, #668, .T. ) ;
#3113 = EDGE_CURVE ( 'NONE', #1110, #2926, #1463, .T. ) ;
#3114 = VERTEX_POINT ( 'NONE', #2871 ) ;
#3115 = FACE_OUTER_BOUND ( 'NONE', #3001, .T. ) ;
#3116 = DIRECTION ( 'NONE',  ( 0.0000000000000000000, 0.0000000000000000000, 1.000000000000000000 ) ) ;
#3117 = CARTESIAN_POINT ( 'NONE',  ( 0.4759359376206147019, 0.0000000000000000000, -9.478001694819074349E-34 ) ) ;
#3118 = AXIS2_PLACEMENT_3D ( 'NONE', #2601, #3968, #914 ) ;
#3119 = ORIENTED_EDGE ( 'NONE', *, *, #3040, .T. ) ;
#3120 = ORIENTED_EDGE ( 'NONE', *, *, #866, .T. ) ;
#3121 = VERTEX_POINT ( 'NONE', #2533 ) ;
#3122 = PLANE ( 'NONE',  #1490 ) ;
#3123 = VECTOR ( 'NONE', #4334, 39.37007874015748143 ) ;
#3124 = CONICAL_SURFACE ( 'NONE', #1205, 0.02900000000000000147, 0.2617993877993758933 ) ;
#3125 = CONTEXT_DEPENDENT_SHAPE_REPRESENTATION ( #3523, #707 ) ;
#3126 = CYLINDRICAL_SURFACE ( 'NONE', #4195, 0.03049999999999999586 ) ;
#3127 = CARTESIAN_POINT ( 'NONE',  ( 0.7759349376206162718, -0.1100000000000000006, -0.1999999999999996780 ) ) ;
#3128 = EDGE_LOOP ( 'NONE', ( #3407, #4294, #1404, #2641 ) ) ;
#3129 = VECTOR ( 'NONE', #527, 39.37007874015748143 ) ;
#3130 = ADVANCED_FACE ( 'NONE', ( #4232 ), #3890, .F. ) ;
#3131 = VERTEX_POINT ( 'NONE', #3962 ) ;
#3132 = CARTESIAN_POINT ( 'NONE',  ( 0.3816684688103073597, -0.1100000000000000006, -0.01574999999999998623 ) ) ;
#3133 = CIRCLE ( 'NONE', #1848, 0.03155000000000058452 ) ;
#3134 = DIRECTION ( 'NONE',  ( -0.0000000000000000000, 1.000000000000000000, 1.224646799147353207E-16 ) ) ;
#3135 = ORIENTED_EDGE ( 'NONE', *, *, #2225, .F. ) ;
#3136 = CIRCLE ( 'NONE', #2635, 0.02726794919243106033 ) ;
#3137 = ORIENTED_EDGE ( 'NONE', *, *, #3113, .F. ) ;
#3138 = LINE ( 'NONE', #3489, #2267 ) ;
#3139 = VECTOR ( 'NONE', #2756, 39.37007874015748143 ) ;
#3140 = DIRECTION ( 'NONE',  ( 0.0000000000000000000, 0.0000000000000000000, 1.000000000000000000 ) ) ;
#3141 = AXIS2_PLACEMENT_3D ( 'NONE', #2855, #484, #3865 ) ;
#3142 = EDGE_CURVE ( 'NONE', #3096, #4328, #986, .T. ) ;
#3143 = AXIS2_PLACEMENT_3D ( 'NONE', #3047, #2708, #1351 ) ;
#3144 = ORIENTED_EDGE ( 'NONE', *, *, #3366, .F. ) ;
#3145 = ORIENTED_EDGE ( 'NONE', *, *, #404, .F. ) ;
#3146 = PRESENTATION_STYLE_ASSIGNMENT (( #734 ) ) ;
#3147 = VECTOR ( 'NONE', #1472, 39.37007874015748143 ) ;
#3148 = CIRCLE ( 'NONE', #1230, 0.03155000000000058452 ) ;
#3149 = AXIS2_PLACEMENT_3D ( 'NONE', #1841, #494, #3163 ) ;
#3150 = CARTESIAN_POINT ( 'NONE',  ( 0.2379674688103072255, 0.0000000000000000000, -0.01844999999999941478 ) ) ;
#3151 = CARTESIAN_POINT ( 'NONE',  ( 0.7379674688103072810, 0.0000000000000000000, -0.1499999999999999944 ) ) ;
#3152 = DIRECTION ( 'NONE',  ( 0.0000000000000000000, 0.0000000000000000000, 1.000000000000000000 ) ) ;
#3153 = VERTEX_POINT ( 'NONE', #4034 ) ;
#3154 = DIRECTION ( 'NONE',  ( 0.0000000000000000000, 0.0000000000000000000, 1.000000000000000000 ) ) ;
#3155 = VERTEX_POINT ( 'NONE', #2670 ) ;
#3156 = EDGE_CURVE ( 'NONE', #1583, #1117, #2000, .T. ) ;
#3157 = DIRECTION ( 'NONE',  ( -0.0000000000000000000, 1.000000000000000000, -0.0000000000000000000 ) ) ;
#3158 = CARTESIAN_POINT ( 'NONE',  ( 0.7379674688103072810, -0.1100000000000001948, -0.1184499999999994169 ) ) ;
#3159 = DIRECTION ( 'NONE',  ( -0.0000000000000000000, 1.000000000000000000, -0.0000000000000000000 ) ) ;
#3160 = ORIENTED_EDGE ( 'NONE', *, *, #4084, .T. ) ;
#3161 = CARTESIAN_POINT ( 'NONE',  ( 0.0000000000000000000, 0.0000000000000000000, 0.0000000000000000000 ) ) ;
#3162 = DIRECTION ( 'NONE',  ( 5.421193827719211569E-15, 0.0000000000000000000, 1.000000000000000000 ) ) ;
#3163 = DIRECTION ( 'NONE',  ( 1.000000000000000000, 0.0000000000000000000, -0.0000000000000000000 ) ) ;
#3164 = ORIENTED_EDGE ( 'NONE', *, *, #2421, .T. ) ;
#3165 = VERTEX_POINT ( 'NONE', #3985 ) ;
#3166 = DIRECTION ( 'NONE',  ( 0.0000000000000000000, 0.0000000000000000000, 1.000000000000000000 ) ) ;
#3167 = EDGE_CURVE ( 'NONE', #2658, #1539, #3010, .T. ) ;
#3168 = DIRECTION ( 'NONE',  ( 0.0000000000000000000, 0.0000000000000000000, 1.000000000000000000 ) ) ;
#3169 = CARTESIAN_POINT ( 'NONE',  ( 0.03796746881030719362, -0.1100000000000001948, -0.04999999999999999584 ) ) ;
#3170 = DIRECTION ( 'NONE',  ( 0.3420201433256665480, -0.0000000000000000000, 0.9396926207859092051 ) ) ;
#3171 = CARTESIAN_POINT ( 'NONE',  ( 0.6379674688103071922, 0.0000000000000000000, -0.1499999999999999944 ) ) ;
#3172 = MANIFOLD_SOLID_BREP ( 'Revolve1', #3322 ) ;
#3173 = ORIENTED_EDGE ( 'NONE', *, *, #876, .T. ) ;
#3174 = CARTESIAN_POINT ( 'NONE',  ( 0.4942664688103074466, -0.1100000000000000006, -0.1842499999999996918 ) ) ;
#3175 = CARTESIAN_POINT ( 'NONE',  ( 0.07593593762061463803, -0.1100000000000000006, -0.1999999999999999833 ) ) ;
#3176 = CARTESIAN_POINT ( 'NONE',  ( 0.6816684688103075151, 0.0000000000000000000, -0.1842499999999996085 ) ) ;
#3177 = ORIENTED_EDGE ( 'NONE', *, *, #1406, .F. ) ;
#3178 = VERTEX_POINT ( 'NONE', #295 ) ;
#3179 = FILL_AREA_STYLE_COLOUR ( '', #3927 ) ;
#3180 = CARTESIAN_POINT ( 'NONE',  ( 0.6379674688103071922, 4.435068026000317697E-17, -0.1499999999999999944 ) ) ;
#3181 = PLANE ( 'NONE',  #3149 ) ;
#3182 = EDGE_CURVE ( 'NONE', #3510, #3442, #3636, .T. ) ;
#3183 = ORIENTED_EDGE ( 'NONE', *, *, #833, .F. ) ;
#3184 = EDGE_LOOP ( 'NONE', ( #1196, #2040, #920, #1460 ) ) ;
#3185 = CARTESIAN_POINT ( 'NONE',  ( 0.1379674688103071922, 4.435068026000317697E-17, -0.04999999999999999584 ) ) ;
#3186 = VECTOR ( 'NONE', #1014, 39.37007874015748143 ) ;
#3187 = ITEM_DEFINED_TRANSFORMATION ( 'NONE', 'NONE', #1236,  #3786 ) ;
#3188 = DIRECTION ( 'NONE',  ( -1.000000000000000000, 0.0000000000000000000, 4.400897325943014971E-17 ) ) ;
#3189 = LINE ( 'NONE', #143, #3276 ) ;
#3190 = LINE ( 'NONE', #124, #228 ) ;
#3191 = ADVANCED_FACE ( 'NONE', ( #3643 ), #1336, .F. ) ;
#3192 = CIRCLE ( 'NONE', #922, 0.03155000000000058452 ) ;
#3193 = VERTEX_POINT ( 'NONE', #2368 ) ;
#3194 = CARTESIAN_POINT ( 'NONE',  ( 0.5999990000000001711, -0.1100000000000000006, -0.1999999999999999833 ) ) ;
#3195 = LINE ( 'NONE', #2529, #4073 ) ;
#3196 = ORIENTED_EDGE ( 'NONE', *, *, #3971, .F. ) ;
#3197 = ORIENTED_EDGE ( 'NONE', *, *, #1059, .F. ) ;
#3198 = VECTOR ( 'NONE', #4237, 39.37007874015748143 ) ;
#3199 = DIRECTION ( 'NONE',  ( 0.0000000000000000000, 0.0000000000000000000, 1.000000000000000000 ) ) ;
#3200 = CARTESIAN_POINT ( 'NONE',  ( 0.0000000000000000000, -0.1100000000000000006, 0.0000000000000000000 ) ) ;
#3201 = ORIENTED_EDGE ( 'NONE', *, *, #3499, .T. ) ;
#3202 = VECTOR ( 'NONE', #2750, 39.37007874015748143 ) ;
#3203 = EDGE_LOOP ( 'NONE', ( #152, #630, #1170, #3986 ) ) ;
#3204 = ORIENTED_EDGE ( 'NONE', *, *, #3300, .F. ) ;
#3205 = ADVANCED_FACE ( 'NONE', ( #559 ), #1905, .F. ) ;
#3206 = CARTESIAN_POINT ( 'NONE',  ( 0.5379674688103072144, -0.1100000000000001948, -0.1815500000000005998 ) ) ;
#3207 = VECTOR ( 'NONE', #2240, 39.37007874015748143 ) ;
#3208 = ITEM_DEFINED_TRANSFORMATION ( 'NONE', 'NONE', #1578,  #3786 ) ;
#3209 = DIRECTION ( 'NONE',  ( 0.0000000000000000000, 0.0000000000000000000, 1.000000000000000000 ) ) ;
#3210 = CONICAL_SURFACE ( 'NONE', #1096, 0.02726794919243106033, 0.5235987755982989267 ) ;
#3211 = LINE ( 'NONE', #168, #3147 ) ;
#3212 = UNCERTAINTY_MEASURE_WITH_UNIT (LENGTH_MEASURE( 1.000000000000000082E-05 ), #1451, 'distance_accuracy_value', 'NONE');
#3213 = ORIENTED_EDGE ( 'NONE', *, *, #3113, .T. ) ;
#3214 = FACE_OUTER_BOUND ( 'NONE', #3290, .T. ) ;
#3215 = CARTESIAN_POINT ( 'NONE',  ( 0.2379674688103072255, -0.1100000000000001948, -0.08155000000000058036 ) ) ;
#3216 = CYLINDRICAL_SURFACE ( 'NONE', #390, 0.03155000000000058452 ) ;
#3217 = LINE ( 'NONE', #2865, #2644 ) ;
#3218 = ORIENTED_EDGE ( 'NONE', *, *, #1072, .T. ) ;
#3219 = EDGE_LOOP ( 'NONE', ( #3942, #4171, #1312, #2574 ) ) ;
#3220 =( LENGTH_UNIT ( ) NAMED_UNIT ( * ) SI_UNIT ( $, .METRE. ) );
#3221 = CARTESIAN_POINT ( 'NONE',  ( 0.6816684688103075151, -0.1100000000000000006, -0.01574999999999998623 ) ) ;
#3222 = CARTESIAN_POINT ( 'NONE',  ( -0.01203253118969264436, 0.0000000000000000000, -0.01574999999999999664 ) ) ;
#3223 = ORIENTED_EDGE ( 'NONE', *, *, #3492, .F. ) ;
#3224 = EDGE_LOOP ( 'NONE', ( #2444, #3350, #3800, #2411 ) ) ;
#3225 = DIRECTION ( 'NONE',  ( -0.0000000000000000000, 1.000000000000000000, -0.0000000000000000000 ) ) ;
#3226 = DIRECTION ( 'NONE',  ( -0.0000000000000000000, 1.000000000000000000, -0.0000000000000000000 ) ) ;
#3227 = ORIENTED_EDGE ( 'NONE', *, *, #481, .T. ) ;
#3228 = DIRECTION ( 'NONE',  ( 0.0000000000000000000, 1.000000000000000000, 0.0000000000000000000 ) ) ;
#3229 = CARTESIAN_POINT ( 'NONE',  ( 0.3379674688103072033, 0.0000000000000000000, -0.1184499999999994169 ) ) ;
#3230 = ORIENTED_EDGE ( 'NONE', *, *, #1329, .T. ) ;
#3231 = LINE ( 'NONE', #1213, #2912 ) ;
#3232 = CARTESIAN_POINT ( 'NONE',  ( 0.1816684688103074041, 0.0000000000000000000, -0.01574999999999998623 ) ) ;
#3233 = CARTESIAN_POINT ( 'NONE',  ( 0.2999990000000001267, 0.0000000000000000000, -0.1999999999999999833 ) ) ;
#3234 = DIRECTION ( 'NONE',  ( -1.000000000000000000, -0.0000000000000000000, -0.0000000000000000000 ) ) ;
#3235 = ORIENTED_EDGE ( 'NONE', *, *, #298, .T. ) ;
#3236 = ORIENTED_EDGE ( 'NONE', *, *, #573, .F. ) ;
#3237 = CARTESIAN_POINT ( 'NONE',  ( 0.6379674688103071922, 0.0000000000000000000, -0.1184499999999994169 ) ) ;
#3238 = DIRECTION ( 'NONE',  ( 0.0000000000000000000, 1.000000000000000000, 0.0000000000000000000 ) ) ;
#3239 = EDGE_LOOP ( 'NONE', ( #3531, #1245, #2586, #2019 ) ) ;
#3240 = EDGE_CURVE ( 'NONE', #2327, #4268, #1248, .T. ) ;
#3241 = VERTEX_POINT ( 'NONE', #3331 ) ;
#3242 = PRODUCT_DEFINITION_SHAPE ( 'NONE', 'NONE',  #4393 ) ;
#3243 = DIRECTION ( 'NONE',  ( -0.0000000000000000000, 1.000000000000000000, -0.0000000000000000000 ) ) ;
#3244 = ORIENTED_EDGE ( 'NONE', *, *, #2677, .F. ) ;
#3245 = ITEM_DEFINED_TRANSFORMATION ( 'NONE', 'NONE', #1941,  #3786 ) ;
#3246 = DIRECTION ( 'NONE',  ( -0.0000000000000000000, 1.000000000000000000, -0.0000000000000000000 ) ) ;
#3247 = DIRECTION ( 'NONE',  ( 0.0000000000000000000, 0.0000000000000000000, 1.000000000000000000 ) ) ;
#3248 = AXIS2_PLACEMENT_3D ( 'NONE', #91, #3450, #2181 ) ;
#3249 = EDGE_CURVE ( 'NONE', #1037, #3193, #165, .T. ) ;
#3250 = ORIENTED_EDGE ( 'NONE', *, *, #937, .T. ) ;
#3251 = VECTOR ( 'NONE', #1098, 39.37007874015748143 ) ;
#3252 = DIRECTION ( 'NONE',  ( -0.0000000000000000000, 1.000000000000000000, -0.0000000000000000000 ) ) ;
#3253 = PLANE ( 'NONE',  #3418 ) ;
#3254 = CARTESIAN_POINT ( 'NONE',  ( 0.7816674688103075752, -0.1100000000000000006, -0.1842499999999992477 ) ) ;
#3255 = DIRECTION ( 'NONE',  ( 0.9396926207859104263, 0.0000000000000000000, 0.3420201433256633838 ) ) ;
#3256 = ORIENTED_EDGE ( 'NONE', *, *, #3637, .T. ) ;
#3257 = AXIS2_PLACEMENT_3D ( 'NONE', #3976, #1677, #1260 ) ;
#3258 = VERTEX_POINT ( 'NONE', #4015 ) ;
#3259 = DIRECTION ( 'NONE',  ( 1.224646799147353207E-16, 1.000000000000000000, 0.0000000000000000000 ) ) ;
#3260 = DIRECTION ( 'NONE',  ( -1.000000000000000000, -0.0000000000000000000, -0.0000000000000000000 ) ) ;
#3261 = AXIS2_PLACEMENT_3D ( 'NONE', #642, #1943, #3298 ) ;
#3262 = DIRECTION ( 'NONE',  ( 0.0000000000000000000, 0.0000000000000000000, -1.000000000000000000 ) ) ;
#3263 = ORIENTED_EDGE ( 'NONE', *, *, #2015, .T. ) ;
#3264 = CIRCLE ( 'NONE', #3913, 0.02089999999999999844 ) ;
#3265 = ORIENTED_EDGE ( 'NONE', *, *, #2563, .T. ) ;
#3266 = CARTESIAN_POINT ( 'NONE',  ( 0.7759349376206140514, -0.1100000000000000006, 0.0000000000000000000 ) ) ;
#3267 = CARTESIAN_POINT ( 'NONE',  ( 0.09426646881030741054, -0.1100000000000000006, -0.01574999999999998623 ) ) ;
#3268 = CARTESIAN_POINT ( 'NONE',  ( 0.5999990000000001711, -0.1100000000000000006, -0.1999999999999999833 ) ) ;
#3269 = VECTOR ( 'NONE', #401, 39.37007874015748143 ) ;
#3270 = VERTEX_POINT ( 'NONE', #964 ) ;
#3271 = VECTOR ( 'NONE', #857, 39.37007874015748143 ) ;
#3272 = EDGE_CURVE ( 'NONE', #3974, #1060, #2429, .T. ) ;
#3273 = DIRECTION ( 'NONE',  ( -1.000000000000000000, 0.0000000000000000000, 4.400897325943014971E-17 ) ) ;
#3274 = CIRCLE ( 'NONE', #2374, 0.02726794919243106033 ) ;
#3275 = LINE ( 'NONE', #255, #803 ) ;
#3276 = VECTOR ( 'NONE', #3840, 39.37007874015748143 ) ;
#3277 = VECTOR ( 'NONE', #2080, 39.37007874015748143 ) ;
#3278 = VERTEX_POINT ( 'NONE', #27 ) ;
#3279 = DIRECTION ( 'NONE',  ( 0.0000000000000000000, 0.0000000000000000000, 1.000000000000000000 ) ) ;
#3280 = EDGE_CURVE ( 'NONE', #4184, #656, #1120, .T. ) ;
#3281 = DIRECTION ( 'NONE',  ( 0.0000000000000000000, 0.0000000000000000000, -1.000000000000000000 ) ) ;
#3282 = LINE ( 'NONE', #240, #3993 ) ;
#3283 = CARTESIAN_POINT ( 'NONE',  ( 0.6816684688103075151, 0.0000000000000000000, -0.1842499999999996085 ) ) ;
#3284 = ORIENTED_EDGE ( 'NONE', *, *, #2702, .F. ) ;
#3285 = AXIS2_PLACEMENT_3D ( 'NONE', #1125, #3761, #2472 ) ;
#3286 = PRODUCT_DEFINITION_SHAPE ( 'NONE', 'NONE',  #4398 ) ;
#3287 = ORIENTED_EDGE ( 'NONE', *, *, #4002, .T. ) ;
#3288 = DIRECTION ( 'NONE',  ( 0.0000000000000000000, 0.0000000000000000000, 1.000000000000000000 ) ) ;
#3289 = DIRECTION ( 'NONE',  ( -0.0000000000000000000, 1.000000000000000000, -0.0000000000000000000 ) ) ;
#3290 = EDGE_LOOP ( 'NONE', ( #2033, #3588, #1030, #2350 ) ) ;
#3291 = CARTESIAN_POINT ( 'NONE',  ( 0.4379674688103072366, 0.0000000000000000000, -0.1499999999999999944 ) ) ;
#3292 = ORIENTED_EDGE ( 'NONE', *, *, #3589, .F. ) ;
#3293 = DIRECTION ( 'NONE',  ( -0.3420201433256720991, 0.0000000000000000000, 0.9396926207859070956 ) ) ;
#3294 = LINE ( 'NONE', #1960, #1405 ) ;
#3295 = CARTESIAN_POINT ( 'NONE',  ( 0.6379674688103071922, 4.435068026000317697E-17, -0.1184499999999994169 ) ) ;
#3296 = EDGE_CURVE ( 'NONE', #77, #529, #2047, .T. ) ;
#3297 = ORIENTED_EDGE ( 'NONE', *, *, #3499, .F. ) ;
#3298 = DIRECTION ( 'NONE',  ( 0.0000000000000000000, 0.0000000000000000000, 1.000000000000000000 ) ) ;
#3299 = DIRECTION ( 'NONE',  ( -1.000000000000000000, -0.0000000000000000000, -0.0000000000000000000 ) ) ;
#3300 = EDGE_CURVE ( 'NONE', #2688, #2073, #3709, .T. ) ;
#3301 = ORIENTED_EDGE ( 'NONE', *, *, #2171, .T. ) ;
#3302 = DIRECTION ( 'NONE',  ( 0.0000000000000000000, 0.0000000000000000000, 1.000000000000000000 ) ) ;
#3303 = CARTESIAN_POINT ( 'NONE',  ( 0.7759349376206162718, -0.1100000000000000006, -0.1999999999999996780 ) ) ;
#3304 = ORIENTED_EDGE ( 'NONE', *, *, #3272, .F. ) ;
#3305 = FACE_BOUND ( 'NONE', #3735, .T. ) ;
#3306 = ORIENTED_EDGE ( 'NONE', *, *, #1739, .T. ) ;
#3307 = VERTEX_POINT ( 'NONE', #1100 ) ;
#3308 = DIRECTION ( 'NONE',  ( 0.0000000000000000000, 0.0000000000000000000, 1.000000000000000000 ) ) ;
#3309 = CARTESIAN_POINT ( 'NONE',  ( 0.7759349376206140514, 0.0000000000000000000, 0.0000000000000000000 ) ) ;
#3310 = FACE_OUTER_BOUND ( 'NONE', #4381, .T. ) ;
#3311 = DIRECTION ( 'NONE',  ( -0.0000000000000000000, 1.000000000000000000, -0.0000000000000000000 ) ) ;
#3312 = ORIENTED_EDGE ( 'NONE', *, *, #937, .F. ) ;
#3313 = DIRECTION ( 'NONE',  ( -1.000000000000000000, -0.0000000000000000000, -0.0000000000000000000 ) ) ;
#3314 = CARTESIAN_POINT ( 'NONE',  ( 0.1816684688103074041, -0.1100000000000000006, -0.01574999999999998623 ) ) ;
#3315 = EDGE_CURVE ( 'NONE', #90, #770, #1431, .T. ) ;
#3316 = CARTESIAN_POINT ( 'NONE',  ( 0.1379674688103071922, -0.1100000000000001948, -0.1815500000000005998 ) ) ;
#3317 = VERTEX_POINT ( 'NONE', #2738 ) ;
#3318 = DIRECTION ( 'NONE',  ( -0.0000000000000000000, 1.000000000000000000, -0.0000000000000000000 ) ) ;
#3319 = CARTESIAN_POINT ( 'NONE',  ( 0.0000000000000000000, -0.1100000000000000006, 0.0000000000000000000 ) ) ;
#3320 = ORIENTED_EDGE ( 'NONE', *, *, #2814, .T. ) ;
#3321 = DIRECTION ( 'NONE',  ( -0.0000000000000000000, 1.000000000000000000, -0.0000000000000000000 ) ) ;
#3322 = CLOSED_SHELL ( 'NONE', ( #1294, #613, #2311, #1193, #1300, #3473, #4136, #2624, #3051, #1366, #2513, #1323, #4044, #2149, #1522, #2243, #181, #1660, #464, #2769, #2957, #4052, #3880, #4252 ) ) ;
#3323 = CARTESIAN_POINT ( 'NONE',  ( 0.0000000000000000000, 0.0000000000000000000, 0.0000000000000000000 ) ) ;
#3324 = ORIENTED_EDGE ( 'NONE', *, *, #4128, .T. ) ;
#3325 = FACE_OUTER_BOUND ( 'NONE', #3419, .T. ) ;
#3326 = ORIENTED_EDGE ( 'NONE', *, *, #33, .F. ) ;
#3327 = VECTOR ( 'NONE', #2961, 39.37007874015748854 ) ;
#3328 = ORIENTED_EDGE ( 'NONE', *, *, #1913, .F. ) ;
#3329 = DIRECTION ( 'NONE',  ( -0.3420201433256720991, 0.0000000000000000000, 0.9396926207859070956 ) ) ;
#3330 = CARTESIAN_POINT ( 'NONE',  ( 2.239553201765118668E-16, -0.1100000000000000006, -0.1999999999999996503 ) ) ;
#3331 = CARTESIAN_POINT ( 'NONE',  ( 0.09426646881030741054, -0.1100000000000000006, -0.1842499999999996918 ) ) ;
#3332 = AXIS2_PLACEMENT_3D ( 'NONE', #3524, #3607, #3543 ) ;
#3333 = VERTEX_POINT ( 'NONE', #1685 ) ;
#3334 = VERTEX_POINT ( 'NONE', #4139 ) ;
#3335 = DIRECTION ( 'NONE',  ( -0.9396926207859072067, 0.0000000000000000000, -0.3420201433256721546 ) ) ;
#3336 = DIRECTION ( 'NONE',  ( 0.0000000000000000000, 1.000000000000000000, 0.0000000000000000000 ) ) ;
#3337 = FACE_OUTER_BOUND ( 'NONE', #1977, .T. ) ;
#3338 = AXIS2_PLACEMENT_3D ( 'NONE', #2584, #829, #3188 ) ;
#3339 = ORIENTED_EDGE ( 'NONE', *, *, #4371, .F. ) ;
#3340 = EDGE_CURVE ( 'NONE', #3644, #1967, #2388, .T. ) ;
#3341 = CIRCLE ( 'NONE', #2632, 0.03155000000000058452 ) ;
#3342 = DIRECTION ( 'NONE',  ( -0.9396926207859072067, 0.0000000000000000000, -0.3420201433256721546 ) ) ;
#3343 = CARTESIAN_POINT ( 'NONE',  ( 0.1379674688103071922, 0.0000000000000000000, -0.04999999999999999584 ) ) ;
#3344 = VECTOR ( 'NONE', #3821, 39.37007874015748143 ) ;
#3345 = ORIENTED_EDGE ( 'NONE', *, *, #298, .F. ) ;
#3346 = FACE_OUTER_BOUND ( 'NONE', #2158, .T. ) ;
#3347 = VECTOR ( 'NONE', #1417, 39.37007874015748143 ) ;
#3348 = AXIS2_PLACEMENT_3D ( 'NONE', #3127, #82, #1471 ) ;
#3349 = LINE ( 'NONE', #2732, #2560 ) ;
#3350 = ORIENTED_EDGE ( 'NONE', *, *, #3011, .F. ) ;
#3351 = PRODUCT ( 'P4XX-28-010-00-090000_P416-28-010-00-090000', 'P4XX-28-010-00-090000_P416-28-010-00-090000', '', ( #2144 ) ) ;
#3352 = DIRECTION ( 'NONE',  ( -1.000000000000000000, -0.0000000000000000000, -0.0000000000000000000 ) ) ;
#3353 = ORIENTED_EDGE ( 'NONE', *, *, #2098, .T. ) ;
#3354 = CIRCLE ( 'NONE', #1372, 0.03155000000000058452 ) ;
#3355 = ORIENTED_EDGE ( 'NONE', *, *, #1228, .T. ) ;
#3356 = CARTESIAN_POINT ( 'NONE',  ( 0.4379674688103072366, 4.435068026000317697E-17, -0.1499999999999999944 ) ) ;
#3357 = CARTESIAN_POINT ( 'NONE',  ( 0.1942664688103074300, -0.1100000000000000006, -0.01574999999999998623 ) ) ;
#3358 = AXIS2_PLACEMENT_3D ( 'NONE', #2481, #1134, #2464 ) ;
#3359 = VERTEX_POINT ( 'NONE', #2776 ) ;
#3360 = VECTOR ( 'NONE', #2324, 39.37007874015748854 ) ;
#3361 = EDGE_CURVE ( 'NONE', #4344, #2327, #3803, .T. ) ;
#3362 = EDGE_LOOP ( 'NONE', ( #1836, #4126, #700, #526 ) ) ;
#3363 = CARTESIAN_POINT ( 'NONE',  ( 0.4379674688103072366, 0.0000000000000000000, -0.04999999999999999584 ) ) ;
#3364 = CARTESIAN_POINT ( 'NONE',  ( 0.0000000000000000000, -0.1100000000000000006, 0.0000000000000000000 ) ) ;
#3365 = DIRECTION ( 'NONE',  ( -0.9396926207859072067, 0.0000000000000000000, -0.3420201433256721546 ) ) ;
#3366 = EDGE_CURVE ( 'NONE', #1235, #4160, #3699, .T. ) ;
#3367 = EDGE_CURVE ( 'NONE', #1740, #4118, #3401, .T. ) ;
#3368 = VERTEX_POINT ( 'NONE', #3464 ) ;
#3369 = CARTESIAN_POINT ( 'NONE',  ( 0.4759359376206147019, -0.1100000000000000006, -0.1999999999999999833 ) ) ;
#3370 = DIRECTION ( 'NONE',  ( 1.000000000000000000, 0.0000000000000000000, -5.421193827719211569E-15 ) ) ;
#3371 = ORIENTED_EDGE ( 'NONE', *, *, #394, .T. ) ;
#3372 = LINE ( 'NONE', #976, #785 ) ;
#3373 = DIRECTION ( 'NONE',  ( -1.000000000000000000, -0.0000000000000000000, -0.0000000000000000000 ) ) ;
#3374 = VERTEX_POINT ( 'NONE', #1773 ) ;
#3375 = EDGE_CURVE ( 'NONE', #417, #4193, #1751, .T. ) ;
#3376 = FACE_OUTER_BOUND ( 'NONE', #1541, .T. ) ;
#3377 = EDGE_LOOP ( 'NONE', ( #4007, #2474, #640, #2608 ) ) ;
#3378 = ORIENTED_EDGE ( 'NONE', *, *, #3798, .F. ) ;
#3379 = CARTESIAN_POINT ( 'NONE',  ( 0.5816684688103074263, -0.1100000000000000006, -0.01574999999999998623 ) ) ;
#3380 = CARTESIAN_POINT ( 'NONE',  ( 0.2379674688103072255, 4.435068026000317697E-17, -0.08155000000000058036 ) ) ;
#3381 = CARTESIAN_POINT ( 'NONE',  ( 0.0000000000000000000, 0.0000000000000000000, 0.02090000000000000191 ) ) ;
#3382 = ORIENTED_EDGE ( 'NONE', *, *, #4223, .F. ) ;
#3383 = CARTESIAN_POINT ( 'NONE',  ( 0.3379674688103072033, 0.0000000000000000000, -0.04999999999999999584 ) ) ;
#3384 = CARTESIAN_POINT ( 'NONE',  ( 0.4379674688103072366, 0.0000000000000000000, -0.1184499999999994169 ) ) ;
#3385 = DIRECTION ( 'NONE',  ( -0.0000000000000000000, 1.000000000000000000, -0.0000000000000000000 ) ) ;
#3386 = EDGE_LOOP ( 'NONE', ( #2323, #853 ) ) ;
#3387 = DIRECTION ( 'NONE',  ( -0.0000000000000000000, 1.000000000000000000, -0.0000000000000000000 ) ) ;
#3388 = DIRECTION ( 'NONE',  ( 0.0000000000000000000, 0.0000000000000000000, -1.000000000000000000 ) ) ;
#3389 = CARTESIAN_POINT ( 'NONE',  ( 0.4816684688103073930, -0.1100000000000000006, -0.01574999999999998623 ) ) ;
#3390 = FACE_OUTER_BOUND ( 'NONE', #2308, .T. ) ;
#3391 = ORIENTED_EDGE ( 'NONE', *, *, #1843, .T. ) ;
#3392 = ADVANCED_FACE ( 'NONE', ( #3111 ), #1443, .F. ) ;
#3393 = DIRECTION ( 'NONE',  ( 0.0000000000000000000, 0.0000000000000000000, 1.000000000000000000 ) ) ;
#3394 = ORIENTED_EDGE ( 'NONE', *, *, #3025, .T. ) ;
#3395 = UNCERTAINTY_MEASURE_WITH_UNIT (LENGTH_MEASURE( 1.000000000000000082E-05 ), #1055, 'distance_accuracy_value', 'NONE');
#3396 = VERTEX_POINT ( 'NONE', #46 ) ;
#3397 = VECTOR ( 'NONE', #3243, 39.37007874015748143 ) ;
#3398 = EDGE_CURVE ( 'NONE', #90, #3974, #2013, .T. ) ;
#3399 = PLANE ( 'NONE',  #3759 ) ;
#3400 = DIRECTION ( 'NONE',  ( -0.0000000000000000000, 1.000000000000000000, -0.0000000000000000000 ) ) ;
#3401 = LINE ( 'NONE', #429, #2002 ) ;
#3402 = ORIENTED_EDGE ( 'NONE', *, *, #629, .T. ) ;
#3403 = CARTESIAN_POINT ( 'NONE',  ( 0.2379674688103072255, -0.1100000000000001948, -0.1815500000000005998 ) ) ;
#3404 = DIRECTION ( 'NONE',  ( -0.9396926207859092051, 0.0000000000000000000, 0.3420201433256664925 ) ) ;
#3405 = DIRECTION ( 'NONE',  ( 1.000000000000000000, 0.0000000000000000000, -5.421193827719211569E-15 ) ) ;
#3406 = AXIS2_PLACEMENT_3D ( 'NONE', #3024, #4326, #1307 ) ;
#3407 = ORIENTED_EDGE ( 'NONE', *, *, #918, .F. ) ;
#3408 = ADVANCED_FACE ( 'NONE', ( #2025 ), #704, .F. ) ;
#3409 = SURFACE_SIDE_STYLE ('',( #15 ) ) ;
#3410 = AXIS2_PLACEMENT_3D ( 'NONE', #693, #1718, #54 ) ;
#3411 = CARTESIAN_POINT ( 'NONE',  ( 0.2816684688103074374, 0.0000000000000000000, -0.1842499999999996085 ) ) ;
#3412 = CIRCLE ( 'NONE', #2423, 0.03155000000000058452 ) ;
#3413 = ADVANCED_FACE ( 'NONE', ( #343 ), #1382, .F. ) ;
#3414 = EDGE_CURVE ( 'NONE', #4112, #619, #725, .T. ) ;
#3415 = LINE ( 'NONE', #102, #2058 ) ;
#3416 = DIRECTION ( 'NONE',  ( 0.0000000000000000000, 0.0000000000000000000, 1.000000000000000000 ) ) ;
#3417 = DIRECTION ( 'NONE',  ( -0.0000000000000000000, 1.000000000000000000, -0.0000000000000000000 ) ) ;
#3418 = AXIS2_PLACEMENT_3D ( 'NONE', #1585, #191, #1969 ) ;
#3419 = EDGE_LOOP ( 'NONE', ( #3734, #3197, #3825, #3832 ) ) ;
#3420 = EDGE_CURVE ( 'NONE', #3549, #4036, #4218, .T. ) ;
#3421 = VERTEX_POINT ( 'NONE', #746 ) ;
#3422 = PLANE ( 'NONE',  #204 ) ;
#3423 = DIRECTION ( 'NONE',  ( 0.3420201433256633283, 0.0000000000000000000, -0.9396926207859103153 ) ) ;
#3424 = CARTESIAN_POINT ( 'NONE',  ( 0.08166846881030738470, -0.1100000000000000006, -0.01574999999999998623 ) ) ;
#3425 = VERTEX_POINT ( 'NONE', #2091 ) ;
#3426 = AXIS2_PLACEMENT_3D ( 'NONE', #4177, #1495, #2125 ) ;
#3427 = ORIENTED_EDGE ( 'NONE', *, *, #1889, .T. ) ;
#3428 = VERTEX_POINT ( 'NONE', #3569 ) ;
#3429 = FACE_OUTER_BOUND ( 'NONE', #2465, .T. ) ;
#3430 = DIRECTION ( 'NONE',  ( -1.000000000000000000, -0.0000000000000000000, -0.0000000000000000000 ) ) ;
#3431 = CIRCLE ( 'NONE', #3924, 0.008500000000000194900 ) ;
#3432 = VECTOR ( 'NONE', #1508, 39.37007874015748143 ) ;
#3433 = CARTESIAN_POINT ( 'NONE',  ( 0.2251000000000010770, 0.0000000000000000000, 0.0000000000000000000 ) ) ;
#3434 = EDGE_CURVE ( 'NONE', #3131, #540, #2132, .T. ) ;
#3435 =( GEOMETRIC_REPRESENTATION_CONTEXT ( 3 ) GLOBAL_UNCERTAINTY_ASSIGNED_CONTEXT ( ( #3395 ) ) GLOBAL_UNIT_ASSIGNED_CONTEXT ( ( #1055, #48, #2161 ) ) REPRESENTATION_CONTEXT ( 'NONE', 'WORKASPACE' ) );
#3436 = AXIS2_PLACEMENT_3D ( 'NONE', #1709, #1357, #4163 ) ;
#3437 = ORIENTED_EDGE ( 'NONE', *, *, #3744, .T. ) ;
#3438 = LINE ( 'NONE', #3790, #3269 ) ;
#3439 = CARTESIAN_POINT ( 'NONE',  ( 0.1241961524226974228, 3.551475717527324911E-18, -0.02900000000000000147 ) ) ;
#3440 = DIRECTION ( 'NONE',  ( -1.266620916943744463E-17, 0.0000000000000000000, 1.000000000000000000 ) ) ;
#3441 = CARTESIAN_POINT ( 'NONE',  ( 0.3379674688103072033, 0.0000000000000000000, -0.1499999999999999944 ) ) ;
#3442 = VERTEX_POINT ( 'NONE', #1194 ) ;
#3443 = UNCERTAINTY_MEASURE_WITH_UNIT (LENGTH_MEASURE( 1.000000000000000082E-05 ), #176, 'distance_accuracy_value', 'NONE');
#3444 = ORIENTED_EDGE ( 'NONE', *, *, #1598, .F. ) ;
#3445 = DIRECTION ( 'NONE',  ( 0.0000000000000000000, 1.000000000000000000, 0.0000000000000000000 ) ) ;
#3446 = DIRECTION ( 'NONE',  ( -0.0000000000000000000, 1.000000000000000000, -0.0000000000000000000 ) ) ;
#3447 = DIRECTION ( 'NONE',  ( 1.000000000000000000, 0.0000000000000000000, 0.0000000000000000000 ) ) ;
#3448 = ORIENTED_EDGE ( 'NONE', *, *, #2128, .F. ) ;
#3449 = LINE ( 'NONE', #1736, #1371 ) ;
#3450 = DIRECTION ( 'NONE',  ( -4.400897325943014971E-17, 0.0000000000000000000, -1.000000000000000000 ) ) ;
#3451 = DIRECTION ( 'NONE',  ( -0.0000000000000000000, 1.000000000000000000, -0.0000000000000000000 ) ) ;
#3452 = EDGE_CURVE ( 'NONE', #4157, #1378, #3870, .T. ) ;
#3453 = VERTEX_POINT ( 'NONE', #2905 ) ;
#3454 = ORIENTED_EDGE ( 'NONE', *, *, #1186, .T. ) ;
#3455 = DIRECTION ( 'NONE',  ( 0.0000000000000000000, 0.0000000000000000000, 1.000000000000000000 ) ) ;
#3456 = LINE ( 'NONE', #1046, #726 ) ;
#3457 = DIRECTION ( 'NONE',  ( 1.000000000000000000, 0.0000000000000000000, 0.0000000000000000000 ) ) ;
#3458 = FACE_OUTER_BOUND ( 'NONE', #2215, .T. ) ;
#3459 = ORIENTED_EDGE ( 'NONE', *, *, #50, .F. ) ;
#3460 = ORIENTED_EDGE ( 'NONE', *, *, #99, .F. ) ;
#3461 = EDGE_CURVE ( 'NONE', #3307, #2806, #1817, .T. ) ;
#3462 = LINE ( 'NONE', #3844, #568 ) ;
#3463 = LINE ( 'NONE', #1834, #2067 ) ;
#3464 = CARTESIAN_POINT ( 'NONE',  ( 0.03796746881030719362, -0.1100000000000001948, -0.01844999999999941478 ) ) ;
#3465 = VECTOR ( 'NONE', #251, 39.37007874015748143 ) ;
#3466 = ORIENTED_EDGE ( 'NONE', *, *, #1754, .F. ) ;
#3467 = EDGE_CURVE ( 'NONE', #3547, #3644, #820, .T. ) ;
#3468 = SHAPE_REPRESENTATION_RELATIONSHIP ( 'NONE' , 'NONE' ,  #1590, #1586 ) ;
#3469 = CARTESIAN_POINT ( 'NONE',  ( 0.4999990000000001378, 0.0000000000000000000, 0.0000000000000000000 ) ) ;
#3470 = DIRECTION ( 'NONE',  ( -1.000000000000000000, 0.0000000000000000000, 0.0000000000000000000 ) ) ;
#3471 = AXIS2_PLACEMENT_3D ( 'NONE', #710, #31, #3056 ) ;
#3472 = ORIENTED_EDGE ( 'NONE', *, *, #1381, .T. ) ;
#3473 = ADVANCED_FACE ( 'NONE', ( #3509 ), #1520, .T. ) ;
#3474 = ORIENTED_EDGE ( 'NONE', *, *, #783, .T. ) ;
#3475 = FACE_OUTER_BOUND ( 'NONE', #2839, .T. ) ;
#3476 = CIRCLE ( 'NONE', #4062, 0.03155000000000058452 ) ;
#3477 = CARTESIAN_POINT ( 'NONE',  ( 0.3999990000000001600, -0.1100000000000000006, -0.1999999999999999833 ) ) ;
#3478 = FACE_OUTER_BOUND ( 'NONE', #1448, .T. ) ;
#3479 = CARTESIAN_POINT ( 'NONE',  ( 0.0000000000000000000, -0.1100000000000000006, 0.0000000000000000000 ) ) ;
#3480 = ORIENTED_EDGE ( 'NONE', *, *, #3366, .T. ) ;
#3481 = VECTOR ( 'NONE', #4346, 39.37007874015748143 ) ;
#3482 = EDGE_LOOP ( 'NONE', ( #1686, #3495, #2875, #956 ) ) ;
#3483 = DIRECTION ( 'NONE',  ( -0.3420201433256694346, -0.0000000000000000000, -0.9396926207859080948 ) ) ;
#3484 = CIRCLE ( 'NONE', #1994, 0.03155000000000058452 ) ;
#3485 = DIRECTION ( 'NONE',  ( -1.000000000000000000, 0.0000000000000000000, -0.0000000000000000000 ) ) ;
#3486 = CARTESIAN_POINT ( 'NONE',  ( 0.6942664688103074022, -0.1100000000000000006, -0.01574999999999998623 ) ) ;
#3487 = CIRCLE ( 'NONE', #2284, 0.02090000000000000885 ) ;
#3488 = ORIENTED_EDGE ( 'NONE', *, *, #1650, .F. ) ;
#3489 = CARTESIAN_POINT ( 'NONE',  ( 0.2379674688103072255, 0.0000000000000000000, -0.1815500000000005998 ) ) ;
#3490 = CIRCLE ( 'NONE', #2142, 0.02900000000000000147 ) ;
#3491 = LINE ( 'NONE', #414, #3498 ) ;
#3492 = EDGE_CURVE ( 'NONE', #3453, #3871, #2999, .T. ) ;
#3493 = VECTOR ( 'NONE', #3299, 39.37007874015748143 ) ;
#3494 = VERTEX_POINT ( 'NONE', #108 ) ;
#3495 = ORIENTED_EDGE ( 'NONE', *, *, #3367, .T. ) ;
#3496 = CARTESIAN_POINT ( 'NONE',  ( 0.5379674688103072144, 0.0000000000000000000, -0.04999999999999999584 ) ) ;
#3497 = AXIS2_PLACEMENT_3D ( 'NONE', #1712, #2095, #1079 ) ;
#3498 = VECTOR ( 'NONE', #1364, 39.37007874015748143 ) ;
#3499 = EDGE_CURVE ( 'NONE', #1501, #3048, #835, .T. ) ;
#3500 = VECTOR ( 'NONE', #1338, 39.37007874015748143 ) ;
#3501 = CARTESIAN_POINT ( 'NONE',  ( 0.6379674688103071922, 0.0000000000000000000, -0.08155000000000058036 ) ) ;
#3502 = LINE ( 'NONE', #758, #1432 ) ;
#3503 = LINE ( 'NONE', #1454, #2722 ) ;
#3504 = AXIS2_PLACEMENT_3D ( 'NONE', #1266, #1469, #3086 ) ;
#3505 = ORIENTED_EDGE ( 'NONE', *, *, #336, .T. ) ;
#3506 = LINE ( 'NONE', #127, #2829 ) ;
#3507 = EDGE_CURVE ( 'NONE', #1244, #1108, #2546, .T. ) ;
#3508 = DIRECTION ( 'NONE',  ( 0.3420201433256633283, 0.0000000000000000000, -0.9396926207859103153 ) ) ;
#3509 = FACE_OUTER_BOUND ( 'NONE', #2762, .T. ) ;
#3510 = VERTEX_POINT ( 'NONE', #451 ) ;
#3511 = VERTEX_POINT ( 'NONE', #129 ) ;
#3512 = DIRECTION ( 'NONE',  ( -0.0000000000000000000, 1.000000000000000000, -0.0000000000000000000 ) ) ;
#3513 = EDGE_CURVE ( 'NONE', #676, #2886, #4347, .T. ) ;
#3514 = FACE_OUTER_BOUND ( 'NONE', #1702, .T. ) ;
#3515 = ORIENTED_EDGE ( 'NONE', *, *, #3866, .F. ) ;
#3516 = ORIENTED_EDGE ( 'NONE', *, *, #1406, .T. ) ;
#3517 = FACE_OUTER_BOUND ( 'NONE', #3571, .T. ) ;
#3518 = EDGE_CURVE ( 'NONE', #3511, #656, #4266, .T. ) ;
#3519 = DIRECTION ( 'NONE',  ( 0.3420201433256633283, 0.0000000000000000000, -0.9396926207859103153 ) ) ;
#3520 = LINE ( 'NONE', #1828, #1788 ) ;
#3521 = FACE_OUTER_BOUND ( 'NONE', #287, .T. ) ;
#3522 = ORIENTED_EDGE ( 'NONE', *, *, #2843, .F. ) ;
#3523 =( REPRESENTATION_RELATIONSHIP ('NONE','NONE', #2553, #2107 ) REPRESENTATION_RELATIONSHIP_WITH_TRANSFORMATION ( #2102 )SHAPE_REPRESENTATION_RELATIONSHIP( ) );
#3524 = CARTESIAN_POINT ( 'NONE',  ( -0.01203253118969264089, -0.1100000000000000006, -0.1842499999999996918 ) ) ;
#3525 = DIRECTION ( 'NONE',  ( 0.0000000000000000000, 0.0000000000000000000, 1.000000000000000000 ) ) ;
#3526 = ORIENTED_EDGE ( 'NONE', *, *, #1509, .T. ) ;
#3527 = EDGE_LOOP ( 'NONE', ( #1383, #3177, #2838, #2049 ) ) ;
#3528 = DIRECTION ( 'NONE',  ( 0.0000000000000000000, 0.0000000000000000000, 1.000000000000000000 ) ) ;
#3529 = DIRECTION ( 'NONE',  ( 0.0000000000000000000, 0.0000000000000000000, 1.000000000000000000 ) ) ;
#3530 = VERTEX_POINT ( 'NONE', #3910 ) ;
#3531 = ORIENTED_EDGE ( 'NONE', *, *, #73, .T. ) ;
#3532 = VECTOR ( 'NONE', #1549, 39.37007874015748143 ) ;
#3533 = CARTESIAN_POINT ( 'NONE',  ( 0.2942664688103074355, -0.1100000000000000006, -0.1842499999999996918 ) ) ;
#3534 = CIRCLE ( 'NONE', #2542, 0.03155000000000058452 ) ;
#3535 = DIRECTION ( 'NONE',  ( -0.3420201433256720991, 0.0000000000000000000, 0.9396926207859070956 ) ) ;
#3536 = AXIS2_PLACEMENT_3D ( 'NONE', #2883, #3252, #2261 ) ;
#3537 = LINE ( 'NONE', #3479, #1719 ) ;
#3538 = EDGE_CURVE ( 'NONE', #1070, #1539, #3545, .T. ) ;
#3539 = EDGE_CURVE ( 'NONE', #3655, #2771, #2157, .T. ) ;
#3540 = EDGE_CURVE ( 'NONE', #1333, #3042, #2836, .T. ) ;
#3541 = CIRCLE ( 'NONE', #369, 0.03155000000000058452 ) ;
#3542 = ORIENTED_EDGE ( 'NONE', *, *, #3987, .F. ) ;
#3543 = DIRECTION ( 'NONE',  ( -1.266620916943744463E-17, 0.0000000000000000000, 1.000000000000000000 ) ) ;
#3544 = CARTESIAN_POINT ( 'NONE',  ( 0.7379674688103072810, 0.0000000000000000000, -0.1184499999999994169 ) ) ;
#3545 = LINE ( 'NONE', #3486, #2431 ) ;
#3546 = MECHANICAL_DESIGN_GEOMETRIC_PRESENTATION_REPRESENTATION (  '', ( #1078 ), #1420 ) ;
#3547 = VERTEX_POINT ( 'NONE', #193 ) ;
#3548 = EDGE_CURVE ( 'NONE', #3547, #4113, #3195, .T. ) ;
#3549 = VERTEX_POINT ( 'NONE', #489 ) ;
#3550 = LINE ( 'NONE', #2270, #3756 ) ;
#3551 = PLANE ( 'NONE',  #1866 ) ;
#3552 = CIRCLE ( 'NONE', #302, 0.03155000000000058452 ) ;
#3553 = EDGE_CURVE ( 'NONE', #60, #588, #1092, .T. ) ;
#3554 = ORIENTED_EDGE ( 'NONE', *, *, #2151, .T. ) ;
#3555 = DIRECTION ( 'NONE',  ( -1.000000000000000000, -0.0000000000000000000, -0.0000000000000000000 ) ) ;
#3556 = DIRECTION ( 'NONE',  ( 0.0000000000000000000, 0.0000000000000000000, 1.000000000000000000 ) ) ;
#3557 = EDGE_CURVE ( 'NONE', #3131, #189, #151, .T. ) ;
#3558 = AXIS2_PLACEMENT_3D ( 'NONE', #1178, #3885, #903 ) ;
#3559 = ORIENTED_EDGE ( 'NONE', *, *, #1053, .T. ) ;
#3560 = CARTESIAN_POINT ( 'NONE',  ( 0.2379674688103072255, 4.435068026000317697E-17, -0.04999999999999999584 ) ) ;
#3561 = AXIS2_PLACEMENT_3D ( 'NONE', #2987, #2250, #2627 ) ;
#3562 = CYLINDRICAL_SURFACE ( 'NONE', #1162, 0.03155000000000058452 ) ;
#3563 = COLOUR_RGB ( '',1.000000000000000000, 0.8078431372549019773, 0.4980392156862745168 ) ;
#3564 = ORIENTED_EDGE ( 'NONE', *, *, #2558, .T. ) ;
#3565 = CARTESIAN_POINT ( 'NONE',  ( 0.7816674688103075752, -0.1100000000000000006, -0.1842499999999992477 ) ) ;
#3566 = CARTESIAN_POINT ( 'NONE',  ( 0.2251000000000010770, 0.0000000000000000000, 0.0000000000000000000 ) ) ;
#3567 = DIRECTION ( 'NONE',  ( -0.0000000000000000000, 1.000000000000000000, -0.0000000000000000000 ) ) ;
#3568 = EDGE_CURVE ( 'NONE', #3907, #3442, #3217, .T. ) ;
#3569 = CARTESIAN_POINT ( 'NONE',  ( -0.005732531189692642581, -0.1100000000000000006, -0.01574999999999999664 ) ) ;
#3570 = ORIENTED_EDGE ( 'NONE', *, *, #3866, .T. ) ;
#3571 = EDGE_LOOP ( 'NONE', ( #4215, #4311, #904, #2063 ) ) ;
#3572 = DIRECTION ( 'NONE',  ( 0.0000000000000000000, 0.0000000000000000000, 1.000000000000000000 ) ) ;
#3573 = DIRECTION ( 'NONE',  ( 0.3420201433256665480, -0.0000000000000000000, 0.9396926207859092051 ) ) ;
#3574 = EDGE_CURVE ( 'NONE', #2847, #2458, #226, .T. ) ;
#3575 = LINE ( 'NONE', #4272, #3714 ) ;
#3576 = ORIENTED_EDGE ( 'NONE', *, *, #1305, .T. ) ;
#3577 = DIRECTION ( 'NONE',  ( -0.0000000000000000000, 1.000000000000000000, -0.0000000000000000000 ) ) ;
#3578 = DIMENSIONAL_EXPONENTS ( 1.000000000000000000, 0.0000000000000000000, 0.0000000000000000000, 0.0000000000000000000, 0.0000000000000000000, 0.0000000000000000000, 0.0000000000000000000 ) ;
#3579 =( REPRESENTATION_RELATIONSHIP ('NONE','NONE', #2553, #1590 ) REPRESENTATION_RELATIONSHIP_WITH_TRANSFORMATION ( #441 )SHAPE_REPRESENTATION_RELATIONSHIP( ) );
#3580 = VERTEX_POINT ( 'NONE', #3633 ) ;
#3581 = CARTESIAN_POINT ( 'NONE',  ( 0.5379674688103072144, -0.1100000000000001948, -0.04999999999999999584 ) ) ;
#3582 = LINE ( 'NONE', #4023, #3708 ) ;
#3583 = ORIENTED_EDGE ( 'NONE', *, *, #4190, .F. ) ;
#3584 = DIRECTION ( 'NONE',  ( 0.3420201433256665480, 0.0000000000000000000, 0.9396926207859092051 ) ) ;
#3585 = CYLINDRICAL_SURFACE ( 'NONE', #1710, 0.02900000000000000147 ) ;
#3586 = FACE_OUTER_BOUND ( 'NONE', #3730, .T. ) ;
#3587 = PLANE ( 'NONE',  #3703 ) ;
#3588 = ORIENTED_EDGE ( 'NONE', *, *, #3507, .F. ) ;
#3589 = EDGE_CURVE ( 'NONE', #3028, #1135, #241, .T. ) ;
#3590 = EDGE_LOOP ( 'NONE', ( #1795, #673, #2003, #2333 ) ) ;
#3591 = DIRECTION ( 'NONE',  ( 1.000000000000000000, 0.0000000000000000000, 0.0000000000000000000 ) ) ;
#3592 = CARTESIAN_POINT ( 'NONE',  ( 0.06600000000000109945, 0.0000000000000000000, 0.0000000000000000000 ) ) ;
#3593 = CARTESIAN_POINT ( 'NONE',  ( 0.2816684688103074374, -0.1100000000000000006, -0.1842499999999996085 ) ) ;
#3594 = ORIENTED_EDGE ( 'NONE', *, *, #1797, .F. ) ;
#3595 = DIRECTION ( 'NONE',  ( 0.0000000000000000000, 0.0000000000000000000, 1.000000000000000000 ) ) ;
#3596 = CARTESIAN_POINT ( 'NONE',  ( 0.4816684688103073930, 0.0000000000000000000, -0.01574999999999998623 ) ) ;
#3597 = CARTESIAN_POINT ( 'NONE',  ( 0.0000000000000000000, -0.1100000000000000006, 0.0000000000000000000 ) ) ;
#3598 = EDGE_CURVE ( 'NONE', #3774, #1466, #2613, .T. ) ;
#3599 = ORIENTED_EDGE ( 'NONE', *, *, #4004, .T. ) ;
#3600 = CONTEXT_DEPENDENT_SHAPE_REPRESENTATION ( #549, #2148 ) ;
#3601 = DIRECTION ( 'NONE',  ( -0.0000000000000000000, 1.000000000000000000, -0.0000000000000000000 ) ) ;
#3602 = DIRECTION ( 'NONE',  ( -0.3420201433256695456, 0.0000000000000000000, -0.9396926207859080948 ) ) ;
#3603 = VECTOR ( 'NONE', #2695, 39.37007874015748143 ) ;
#3604 = EDGE_CURVE ( 'NONE', #4274, #1931, #2565, .T. ) ;
#3605 = ORIENTED_EDGE ( 'NONE', *, *, #101, .T. ) ;
#3606 = VECTOR ( 'NONE', #2982, 39.37007874015748143 ) ;
#3607 = DIRECTION ( 'NONE',  ( -1.000000000000000000, 0.0000000000000000000, -1.266620916943744463E-17 ) ) ;
#3608 = DIRECTION ( 'NONE',  ( 0.0000000000000000000, 1.000000000000000000, 1.224646799147353207E-16 ) ) ;
#3609 = CARTESIAN_POINT ( 'NONE',  ( 0.2379674688103072255, 0.0000000000000000000, -0.1499999999999999944 ) ) ;
#3610 = LINE ( 'NONE', #4309, #518 ) ;
#3611 = ORIENTED_EDGE ( 'NONE', *, *, #2801, .F. ) ;
#3612 = CIRCLE ( 'NONE', #2127, 0.03155000000000058452 ) ;
#3613 = ORIENTED_EDGE ( 'NONE', *, *, #2651, .T. ) ;
#3614 = CARTESIAN_POINT ( 'NONE',  ( 0.7379674688103072810, -0.1950000000000011169, -0.1499999999999999944 ) ) ;
#3615 = CARTESIAN_POINT ( 'NONE',  ( 0.09426646881030741054, 0.0000000000000000000, -0.01574999999999999664 ) ) ;
#3616 = VECTOR ( 'NONE', #1020, 39.37007874015748143 ) ;
#3617 = VECTOR ( 'NONE', #3446, 39.37007874015748143 ) ;
#3618 = ORIENTED_EDGE ( 'NONE', *, *, #536, .T. ) ;
#3619 = LINE ( 'NONE', #2944, #1649 ) ;
#3620 = LINE ( 'NONE', #3314, #62 ) ;
#3621 = DIRECTION ( 'NONE',  ( -0.0000000000000000000, 1.000000000000000000, -0.0000000000000000000 ) ) ;
#3622 = VECTOR ( 'NONE', #1881, 39.37007874015748143 ) ;
#3623 = ADVANCED_FACE ( 'NONE', ( #3325 ), #2642, .F. ) ;
#3624 = ORIENTED_EDGE ( 'NONE', *, *, #3300, .T. ) ;
#3625 = AXIS2_PLACEMENT_3D ( 'NONE', #1114, #4196, #566 ) ;
#3626 = DIRECTION ( 'NONE',  ( 0.0000000000000000000, 0.0000000000000000000, 1.000000000000000000 ) ) ;
#3627 = PLANE ( 'NONE',  #4281 ) ;
#3628 = AXIS2_PLACEMENT_3D ( 'NONE', #3817, #1854, #2150 ) ;
#3629 = VERTEX_POINT ( 'NONE', #627 ) ;
#3630 = CARTESIAN_POINT ( 'NONE',  ( 0.5379674688103072144, 4.435068026000317697E-17, -0.1499999999999999944 ) ) ;
#3631 = FACE_OUTER_BOUND ( 'NONE', #4360, .T. ) ;
#3632 = CARTESIAN_POINT ( 'NONE',  ( 0.1750000000000010714, 0.0000000000000000000, 0.0000000000000000000 ) ) ;
#3633 = CARTESIAN_POINT ( 'NONE',  ( 0.1942664688103074300, -0.1100000000000000006, -0.1842499999999996918 ) ) ;
#3634 = ORIENTED_EDGE ( 'NONE', *, *, #3375, .T. ) ;
#3635 = VECTOR ( 'NONE', #4317, 39.37007874015748854 ) ;
#3636 = CIRCLE ( 'NONE', #4359, 0.03155000000000058452 ) ;
#3637 = EDGE_CURVE ( 'NONE', #1288, #2537, #3610, .T. ) ;
#3638 = ORIENTED_EDGE ( 'NONE', *, *, #3705, .F. ) ;
#3639 = DIMENSIONAL_EXPONENTS ( 1.000000000000000000, 0.0000000000000000000, 0.0000000000000000000, 0.0000000000000000000, 0.0000000000000000000, 0.0000000000000000000, 0.0000000000000000000 ) ;
#3640 = DIRECTION ( 'NONE',  ( 1.224646799147353207E-16, 1.000000000000000000, 0.0000000000000000000 ) ) ;
#3641 = LINE ( 'NONE', #197, #67 ) ;
#3642 = CARTESIAN_POINT ( 'NONE',  ( 0.1999990000000001211, -0.1100000000000000006, -0.1999999999999999833 ) ) ;
#3643 = FACE_OUTER_BOUND ( 'NONE', #4005, .T. ) ;
#3644 = VERTEX_POINT ( 'NONE', #3283 ) ;
#3645 = CARTESIAN_POINT ( 'NONE',  ( 0.5379674688103072144, -0.1100000000000001948, -0.04999999999999999584 ) ) ;
#3646 = LINE ( 'NONE', #2891, #3532 ) ;
#3647 = PLANE ( 'NONE',  #4204 ) ;
#3648 = ORIENTED_EDGE ( 'NONE', *, *, #35, .T. ) ;
#3649 = EDGE_CURVE ( 'NONE', #4067, #2174, #2976, .T. ) ;
#3650 = CARTESIAN_POINT ( 'NONE',  ( 0.5816684688103074263, -0.1100000000000000006, -0.01574999999999998623 ) ) ;
#3651 = LINE ( 'NONE', #621, #2925 ) ;
#3652 = ORIENTED_EDGE ( 'NONE', *, *, #603, .T. ) ;
#3653 = DIRECTION ( 'NONE',  ( -1.000000000000000000, -0.0000000000000000000, -0.0000000000000000000 ) ) ;
#3654 = PLANE ( 'NONE',  #1016 ) ;
#3655 = VERTEX_POINT ( 'NONE', #929 ) ;
#3656 = CARTESIAN_POINT ( 'NONE',  ( 0.0000000000000000000, -0.1100000000000000006, 0.0000000000000000000 ) ) ;
#3657 = ORIENTED_EDGE ( 'NONE', *, *, #2406, .F. ) ;
#3658 = ORIENTED_EDGE ( 'NONE', *, *, #1265, .T. ) ;
#3659 = DIRECTION ( 'NONE',  ( 1.224646799147353207E-16, 1.000000000000000000, 0.0000000000000000000 ) ) ;
#3660 = CARTESIAN_POINT ( 'NONE',  ( 0.3942664688103074133, 0.0000000000000000000, -0.01574999999999998623 ) ) ;
#3661 = LINE ( 'NONE', #3330, #440 ) ;
#3662 = PRESENTATION_STYLE_ASSIGNMENT (( #1666 ) ) ;
#3663 = ORIENTED_EDGE ( 'NONE', *, *, #3945, .F. ) ;
#3664 = ORIENTED_EDGE ( 'NONE', *, *, #2992, .T. ) ;
#3665 = CARTESIAN_POINT ( 'NONE',  ( 0.1750000000000010714, 0.0000000000000000000, 0.02089999999999999844 ) ) ;
#3666 = LINE ( 'NONE', #2344, #1692 ) ;
#3667 =( REPRESENTATION_RELATIONSHIP ('NONE','NONE', #2553, #2107 ) REPRESENTATION_RELATIONSHIP_WITH_TRANSFORMATION ( #1492 )SHAPE_REPRESENTATION_RELATIONSHIP( ) );
#3668 = CARTESIAN_POINT ( 'NONE',  ( 0.03796746881030719362, 0.0000000000000000000, -0.1499999999999999944 ) ) ;
#3669 = ORIENTED_EDGE ( 'NONE', *, *, #1485, .F. ) ;
#3670 = CARTESIAN_POINT ( 'NONE',  ( 0.1750000000000010714, 0.0000000000000000000, 0.0000000000000000000 ) ) ;
#3671 = DIRECTION ( 'NONE',  ( -0.0000000000000000000, 1.000000000000000000, -0.0000000000000000000 ) ) ;
#3672 = ORIENTED_EDGE ( 'NONE', *, *, #2433, .F. ) ;
#3673 = DIRECTION ( 'NONE',  ( -0.0000000000000000000, 1.000000000000000000, -0.0000000000000000000 ) ) ;
#3674 = VECTOR ( 'NONE', #2202, 39.37007874015748854 ) ;
#3675 = LINE ( 'NONE', #1658, #4071 ) ;
#3676 = VERTEX_POINT ( 'NONE', #260 ) ;
#3677 = FACE_BOUND ( 'NONE', #2815, .T. ) ;
#3678 = ORIENTED_EDGE ( 'NONE', *, *, #4314, .T. ) ;
#3679 = PRODUCT_DEFINITION ( 'UNKNOWN', '', #601, #1746 ) ;
#3680 = ORIENTED_EDGE ( 'NONE', *, *, #2867, .T. ) ;
#3681 = CARTESIAN_POINT ( 'NONE',  ( 0.03796746881030719362, 4.435068026000317697E-17, -0.01844999999999941478 ) ) ;
#3682 = LINE ( 'NONE', #4033, #79 ) ;
#3683 = SURFACE_SIDE_STYLE ('',( #1268 ) ) ;
#3684 = AXIS2_PLACEMENT_3D ( 'NONE', #3592, #3260, #1706 ) ;
#3685 = ADVANCED_FACE ( 'NONE', ( #3002 ), #1971, .F. ) ;
#3686 = EDGE_LOOP ( 'NONE', ( #1497, #2525 ) ) ;
#3687 = VECTOR ( 'NONE', #2059, 39.37007874015748143 ) ;
#3688 = FACE_OUTER_BOUND ( 'NONE', #3590, .T. ) ;
#3689 = LINE ( 'NONE', #2325, #1269 ) ;
#3690 = LINE ( 'NONE', #662, #2573 ) ;
#3691 = CIRCLE ( 'NONE', #2630, 0.03155000000000058452 ) ;
#3692 = ORIENTED_EDGE ( 'NONE', *, *, #2527, .T. ) ;
#3693 = CIRCLE ( 'NONE', #793, 0.03155000000000058452 ) ;
#3694 = PLANE ( 'NONE',  #1486 ) ;
#3695 = CARTESIAN_POINT ( 'NONE',  ( 0.1750000000000010714, 0.0000000000000000000, 0.0000000000000000000 ) ) ;
#3696 = CIRCLE ( 'NONE', #4133, 0.02090000000000000885 ) ;
#3697 = ORIENTED_EDGE ( 'NONE', *, *, #3249, .F. ) ;
#3698 = CARTESIAN_POINT ( 'NONE',  ( 0.6379674688103071922, 0.0000000000000000000, -0.04999999999999999584 ) ) ;
#3699 = CIRCLE ( 'NONE', #872, 0.03155000000000058452 ) ;
#3700 = ORIENTED_EDGE ( 'NONE', *, *, #592, .F. ) ;
#3701 = DIRECTION ( 'NONE',  ( 0.3420201433256665480, 0.0000000000000000000, 0.9396926207859092051 ) ) ;
#3702 = ORIENTED_EDGE ( 'NONE', *, *, #1389, .T. ) ;
#3703 = AXIS2_PLACEMENT_3D ( 'NONE', #553, #3255, #2930 ) ;
#3704 = VERTEX_POINT ( 'NONE', #1310 ) ;
#3705 = EDGE_CURVE ( 'NONE', #4041, #1781, #3274, .T. ) ;
#3706 = CARTESIAN_POINT ( 'NONE',  ( 0.3942664688103074133, 0.0000000000000000000, -0.1842499999999996918 ) ) ;
#3707 = LINE ( 'NONE', #321, #2362 ) ;
#3708 = VECTOR ( 'NONE', #2234, 39.37007874015748143 ) ;
#3709 = LINE ( 'NONE', #2069, #3347 ) ;
#3710 = VECTOR ( 'NONE', #2097, 39.37007874015748854 ) ;
#3711 = EDGE_LOOP ( 'NONE', ( #861, #116 ) ) ;
#3712 = PRESENTATION_LAYER_ASSIGNMENT (  '', '', ( #2437 ) ) ;
#3713 = ORIENTED_EDGE ( 'NONE', *, *, #1625, .T. ) ;
#3714 = VECTOR ( 'NONE', #539, 39.37007874015748143 ) ;
#3715 = LINE ( 'NONE', #750, #1935 ) ;
#3716 = DIRECTION ( 'NONE',  ( -0.0000000000000000000, 1.000000000000000000, -0.0000000000000000000 ) ) ;
#3717 = ADVANCED_FACE ( 'NONE', ( #1634, #607, #315, #2665, #4029, #980, #1950, #1608, #1563, #2334, #3305, #2264, #3677, #1900, #650, #1243, #3956 ), #1661, .T. ) ;
#3718 = DIRECTION ( 'NONE',  ( -0.0000000000000000000, 0.0000000000000000000, 1.000000000000000000 ) ) ;
#3719 = DIRECTION ( 'NONE',  ( 0.0000000000000000000, 0.0000000000000000000, 1.000000000000000000 ) ) ;
#3720 = ORIENTED_EDGE ( 'NONE', *, *, #3778, .T. ) ;
#3721 = ADVANCED_FACE ( 'NONE', ( #883 ), #3587, .F. ) ;
#3722 = LINE ( 'NONE', #1918, #2770 ) ;
#3723 = CARTESIAN_POINT ( 'NONE',  ( 0.08166846881030742633, -0.1100000000000000006, -0.1842499999999996085 ) ) ;
#3724 = CARTESIAN_POINT ( 'NONE',  ( 0.5816684688103075374, 0.0000000000000000000, -0.1842499999999996085 ) ) ;
#3725 = FACE_BOUND ( 'NONE', #1878, .T. ) ;
#3726 = VERTEX_POINT ( 'NONE', #4289 ) ;
#3727 = DIRECTION ( 'NONE',  ( 0.3420201433256665480, -0.0000000000000000000, 0.9396926207859092051 ) ) ;
#3728 = ORIENTED_EDGE ( 'NONE', *, *, #2093, .F. ) ;
#3729 = EDGE_CURVE ( 'NONE', #2531, #3060, #446, .T. ) ;
#3730 = EDGE_LOOP ( 'NONE', ( #1143, #4061, #3082, #3652 ) ) ;
#3731 = DIRECTION ( 'NONE',  ( -0.0000000000000000000, 1.000000000000000000, -0.0000000000000000000 ) ) ;
#3732 = CARTESIAN_POINT ( 'NONE',  ( 0.0000000000000000000, 0.0000000000000000000, 0.0000000000000000000 ) ) ;
#3733 = DIRECTION ( 'NONE',  ( 0.3420201433256665480, 0.0000000000000000000, 0.9396926207859092051 ) ) ;
#3734 = ORIENTED_EDGE ( 'NONE', *, *, #3367, .F. ) ;
#3735 = EDGE_LOOP ( 'NONE', ( #1638, #1129 ) ) ;
#3736 = CARTESIAN_POINT ( 'NONE',  ( 0.3816684688103074707, -0.1100000000000000006, -0.1842499999999996085 ) ) ;
#3737 = DIRECTION ( 'NONE',  ( 1.000000000000000000, 0.0000000000000000000, -5.421193827719211569E-15 ) ) ;
#3738 = LINE ( 'NONE', #768, #2081 ) ;
#3739 = EDGE_CURVE ( 'NONE', #1104, #3907, #1856, .T. ) ;
#3740 = VERTEX_POINT ( 'NONE', #1744 ) ;
#3741 = PRODUCT ( 'mill-max-823-22-016-10-001101', 'mill-max-823-22-016-10-001101', '', ( #1407 ) ) ;
#3742 = FILL_AREA_STYLE ('',( #3083 ) ) ;
#3743 = DIRECTION ( 'NONE',  ( -0.0000000000000000000, 1.000000000000000000, -0.0000000000000000000 ) ) ;
#3744 = EDGE_CURVE ( 'NONE', #4222, #1656, #3106, .T. ) ;
#3745 = ADVANCED_FACE ( 'NONE', ( #3376 ), #4111, .F. ) ;
#3746 = SHAPE_DEFINITION_REPRESENTATION ( #2112, #1590 ) ;
#3747 = CARTESIAN_POINT ( 'NONE',  ( 0.08166846881030738470, -0.1100000000000000006, -0.01574999999999998623 ) ) ;
#3748 = FACE_OUTER_BOUND ( 'NONE', #217, .T. ) ;
#3749 = ORIENTED_EDGE ( 'NONE', *, *, #4026, .F. ) ;
#3750 = EDGE_CURVE ( 'NONE', #1333, #1970, #3490, .T. ) ;
#3751 = ORIENTED_EDGE ( 'NONE', *, *, #2159, .F. ) ;
#3752 = AXIS2_PLACEMENT_3D ( 'NONE', #729, #2051, #2409 ) ;
#3753 = LINE ( 'NONE', #3092, #2349 ) ;
#3754 = LINE ( 'NONE', #2046, #2491 ) ;
#3755 = CARTESIAN_POINT ( 'NONE',  ( 0.09426646881030741054, -0.1100000000000000006, -0.01574999999999998623 ) ) ;
#3756 = VECTOR ( 'NONE', #2550, 39.37007874015748143 ) ;
#3757 = VERTEX_POINT ( 'NONE', #1701 ) ;
#3758 = CARTESIAN_POINT ( 'NONE',  ( 0.7879674688103074365, -0.1100000000000000006, -0.1842499999999992477 ) ) ;
#3759 = AXIS2_PLACEMENT_3D ( 'NONE', #3379, #341, #1998 ) ;
#3760 = ADVANCED_FACE ( 'NONE', ( #3068 ), #719, .F. ) ;
#3761 = DIRECTION ( 'NONE',  ( 1.000000000000000000, 0.0000000000000000000, 0.0000000000000000000 ) ) ;
#3762 = AXIS2_PLACEMENT_3D ( 'NONE', #4046, #3653, #3302 ) ;
#3763 = EDGE_LOOP ( 'NONE', ( #3964, #1962, #1958, #361 ) ) ;
#3764 = EDGE_CURVE ( 'NONE', #496, #4269, #338, .T. ) ;
#3765 = DIRECTION ( 'NONE',  ( -0.0000000000000000000, 1.000000000000000000, -0.0000000000000000000 ) ) ;
#3766 = AXIS2_PLACEMENT_3D ( 'NONE', #278, #3318, #1343 ) ;
#3767 = CARTESIAN_POINT ( 'NONE',  ( 0.2999990000000001267, -0.1100000000000000006, -0.1999999999999999833 ) ) ;
#3768 = AXIS2_PLACEMENT_3D ( 'NONE', #3110, #2775, #1159 ) ;
#3769 = EDGE_CURVE ( 'NONE', #3818, #3421, #2501, .T. ) ;
#3770 = DIRECTION ( 'NONE',  ( -1.000000000000000000, -0.0000000000000000000, -0.0000000000000000000 ) ) ;
#3771 = FACE_BOUND ( 'NONE', #2497, .T. ) ;
#3772 = CARTESIAN_POINT ( 'NONE',  ( 0.03796746881030720056, 4.435068026000317697E-17, -0.1815500000000005998 ) ) ;
#3773 = CIRCLE ( 'NONE', #1850, 0.008500000000000193165 ) ;
#3774 = VERTEX_POINT ( 'NONE', #1048 ) ;
#3775 = ORIENTED_EDGE ( 'NONE', *, *, #706, .F. ) ;
#3776 = VECTOR ( 'NONE', #3170, 39.37007874015748143 ) ;
#3777 = DIRECTION ( 'NONE',  ( 0.3420201433256665480, -0.0000000000000000000, 0.9396926207859092051 ) ) ;
#3778 = EDGE_CURVE ( 'NONE', #540, #3726, #2686, .T. ) ;
#3779 = DIRECTION ( 'NONE',  ( 0.0000000000000000000, 0.0000000000000000000, 1.000000000000000000 ) ) ;
#3780 = VECTOR ( 'NONE', #3979, 39.37007874015748143 ) ;
#3781 = EDGE_CURVE ( 'NONE', #3374, #2947, #40, .T. ) ;
#3782 = ORIENTED_EDGE ( 'NONE', *, *, #866, .F. ) ;
#3783 = DIRECTION ( 'NONE',  ( 0.3420201433256633283, 0.0000000000000000000, -0.9396926207859103153 ) ) ;
#3784 = CARTESIAN_POINT ( 'NONE',  ( 0.3816684688103073597, 0.0000000000000000000, -0.01574999999999998623 ) ) ;
#3785 = DIRECTION ( 'NONE',  ( 0.0000000000000000000, 1.000000000000000000, 0.0000000000000000000 ) ) ;
#3786 = AXIS2_PLACEMENT_3D ( 'NONE', #2180, #2803, #3888 ) ;
#3787 = VECTOR ( 'NONE', #2340, 39.37007874015748143 ) ;
#3788 = VERTEX_POINT ( 'NONE', #1767 ) ;
#3789 = VERTEX_POINT ( 'NONE', #2400 ) ;
#3790 = CARTESIAN_POINT ( 'NONE',  ( 2.239553201765118668E-16, -0.1100000000000000006, -0.1999999999999996503 ) ) ;
#3791 = AXIS2_PLACEMENT_3D ( 'NONE', #537, #3308, #3259 ) ;
#3792 = EDGE_CURVE ( 'NONE', #2868, #4118, #591, .T. ) ;
#3793 = DIRECTION ( 'NONE',  ( 1.224646799147353207E-16, 1.000000000000000000, 0.0000000000000000000 ) ) ;
#3794 = DIRECTION ( 'NONE',  ( -1.000000000000000000, -0.0000000000000000000, -0.0000000000000000000 ) ) ;
#3795 = CARTESIAN_POINT ( 'NONE',  ( 0.4999990000000001378, -0.1100000000000000006, 0.0000000000000000000 ) ) ;
#3796 = DIRECTION ( 'NONE',  ( -0.0000000000000000000, 1.000000000000000000, -0.0000000000000000000 ) ) ;
#3797 = ORIENTED_EDGE ( 'NONE', *, *, #2544, .F. ) ;
#3798 = EDGE_CURVE ( 'NONE', #3258, #2823, #759, .T. ) ;
#3799 = EDGE_CURVE ( 'NONE', #1227, #3042, #669, .T. ) ;
#3800 = ORIENTED_EDGE ( 'NONE', *, *, #2451, .T. ) ;
#3801 = PLANE ( 'NONE',  #721 ) ;
#3802 = PLANE ( 'NONE',  #4198 ) ;
#3803 = LINE ( 'NONE', #2716, #3139 ) ;
#3804 = ORIENTED_EDGE ( 'NONE', *, *, #1913, .T. ) ;
#3805 = EDGE_CURVE ( 'NONE', #1534, #3757, #4208, .T. ) ;
#3806 = ORIENTED_EDGE ( 'NONE', *, *, #1265, .F. ) ;
#3807 = CARTESIAN_POINT ( 'NONE',  ( 0.4379674688103072366, 4.435068026000317697E-17, -0.04999999999999999584 ) ) ;
#3808 = CARTESIAN_POINT ( 'NONE',  ( 0.7879674688103074365, -0.1100000000000000006, -0.1842499999999992477 ) ) ;
#3809 = ADVANCED_FACE ( 'NONE', ( #3458 ), #2042, .F. ) ;
#3810 = VERTEX_POINT ( 'NONE', #4050 ) ;
#3811 = VERTEX_POINT ( 'NONE', #1002 ) ;
#3812 = LINE ( 'NONE', #773, #2990 ) ;
#3813 = CARTESIAN_POINT ( 'NONE',  ( 0.0000000000000000000, 0.0000000000000000000, 0.0000000000000000000 ) ) ;
#3814 = DIRECTION ( 'NONE',  ( -0.0000000000000000000, 1.000000000000000000, -0.0000000000000000000 ) ) ;
#3815 =( REPRESENTATION_RELATIONSHIP ('NONE','NONE', #2553, #2107 ) REPRESENTATION_RELATIONSHIP_WITH_TRANSFORMATION ( #1063 )SHAPE_REPRESENTATION_RELATIONSHIP( ) );
#3816 = ADVANCED_FACE ( 'NONE', ( #3748 ), #2062, .F. ) ;
#3817 = CARTESIAN_POINT ( 'NONE',  ( 0.06900000000000110212, 0.0000000000000000000, 0.0000000000000000000 ) ) ;
#3818 = VERTEX_POINT ( 'NONE', #3772 ) ;
#3819 = ORIENTED_EDGE ( 'NONE', *, *, #3799, .F. ) ;
#3820 = DIRECTION ( 'NONE',  ( -0.0000000000000000000, 1.000000000000000000, -0.0000000000000000000 ) ) ;
#3821 = DIRECTION ( 'NONE',  ( -0.0000000000000000000, 1.000000000000000000, -0.0000000000000000000 ) ) ;
#3823 = ADVANCED_FACE ( 'NONE', ( #2085 ), #2189, .T. ) ;
#3822 = DIRECTION ( 'NONE',  ( 0.3420201433256633283, 0.0000000000000000000, -0.9396926207859103153 ) ) ;
#3824 = VECTOR ( 'NONE', #3944, 39.37007874015748143 ) ;
#3825 = ORIENTED_EDGE ( 'NONE', *, *, #2026, .T. ) ;
#3826 = SURFACE_STYLE_FILL_AREA ( #1864 ) ;
#3827 = CARTESIAN_POINT ( 'NONE',  ( 0.3942664688103074133, -0.1100000000000000006, -0.1842499999999996918 ) ) ;
#3828 = EDGE_CURVE ( 'NONE', #1239, #1974, #3190, .T. ) ;
#3829 = DIRECTION ( 'NONE',  ( -0.0000000000000000000, 1.000000000000000000, -0.0000000000000000000 ) ) ;
#3830 = VECTOR ( 'NONE', #1482, 39.37007874015748854 ) ;
#3831 = ORIENTED_EDGE ( 'NONE', *, *, #2251, .F. ) ;
#3832 = ORIENTED_EDGE ( 'NONE', *, *, #3792, .T. ) ;
#3833 = CARTESIAN_POINT ( 'NONE',  ( -0.01203253118969264436, -0.1100000000000000006, -0.01574999999999999664 ) ) ;
#3834 = ADVANCED_FACE ( 'NONE', ( #1189 ), #444, .F. ) ;
#3835 = AXIS2_PLACEMENT_3D ( 'NONE', #1763, #1091, #1724 ) ;
#3836 = ADVANCED_FACE ( 'NONE', ( #505 ), #3562, .F. ) ;
#3837 = VECTOR ( 'NONE', #1173, 39.37007874015748854 ) ;
#3838 = APPLICATION_PROTOCOL_DEFINITION ( 'draft international standard', 'automotive_design', 1998, #2616 ) ;
#3839 = DIRECTION ( 'NONE',  ( -1.000000000000000000, -0.0000000000000000000, -0.0000000000000000000 ) ) ;
#3840 = DIRECTION ( 'NONE',  ( 0.0000000000000000000, 1.000000000000000000, 0.0000000000000000000 ) ) ;
#3841 = CARTESIAN_POINT ( 'NONE',  ( -0.01203253118969264089, -0.1100000000000000006, -0.1842499999999996918 ) ) ;
#3842 = VECTOR ( 'NONE', #4014, 39.37007874015748143 ) ;
#3843 = ORIENTED_EDGE ( 'NONE', *, *, #686, .F. ) ;
#3844 = CARTESIAN_POINT ( 'NONE',  ( 0.3759359376206146686, -0.1100000000000000006, -0.1999999999999999833 ) ) ;
#3845 = VECTOR ( 'NONE', #1925, 39.37007874015748143 ) ;
#3846 = FACE_OUTER_BOUND ( 'NONE', #2664, .T. ) ;
#3847 = DIRECTION ( 'NONE',  ( 0.0000000000000000000, 0.0000000000000000000, 1.000000000000000000 ) ) ;
#3848 = ORIENTED_EDGE ( 'NONE', *, *, #971, .F. ) ;
#3849 = EDGE_CURVE ( 'NONE', #1060, #3974, #1502, .T. ) ;
#3850 = ORIENTED_EDGE ( 'NONE', *, *, #409, .T. ) ;
#3851 = SURFACE_STYLE_USAGE ( .BOTH. , #4185 ) ;
#3852 = CARTESIAN_POINT ( 'NONE',  ( 0.1942664688103074300, 0.0000000000000000000, -0.1842499999999996918 ) ) ;
#3853 = AXIS2_PLACEMENT_3D ( 'NONE', #2591, #3417, #3393 ) ;
#3854 = PLANE ( 'NONE',  #3919 ) ;
#3855 = AXIS2_PLACEMENT_3D ( 'NONE', #3151, #1093, #2442 ) ;
#3856 = EDGE_CURVE ( 'NONE', #2359, #2364, #3503, .T. ) ;
#3857 = VECTOR ( 'NONE', #1944, 39.37007874015748143 ) ;
#3858 = EDGE_LOOP ( 'NONE', ( #3160, #1001, #3204, #2016 ) ) ;
#3859 = VERTEX_POINT ( 'NONE', #3841 ) ;
#3860 = CARTESIAN_POINT ( 'NONE',  ( 0.5379674688103072144, 4.435068026000317697E-17, -0.04999999999999999584 ) ) ;
#3861 = CIRCLE ( 'NONE', #2436, 0.003000000000000000496 ) ;
#3862 = EDGE_CURVE ( 'NONE', #3114, #1110, #3537, .T. ) ;
#3863 = CONTEXT_DEPENDENT_SHAPE_REPRESENTATION ( #1320, #905 ) ;
#3864 = DIRECTION ( 'NONE',  ( 0.0000000000000000000, 0.0000000000000000000, 1.000000000000000000 ) ) ;
#3865 = DIRECTION ( 'NONE',  ( 0.0000000000000000000, 0.0000000000000000000, 1.000000000000000000 ) ) ;
#3866 = EDGE_CURVE ( 'NONE', #3580, #1042, #3211, .T. ) ;
#3867 = VERTEX_POINT ( 'NONE', #2173 ) ;
#3868 = CARTESIAN_POINT ( 'NONE',  ( 0.7379674688103072810, 0.0000000000000000000, -0.04999999999999999584 ) ) ;
#3869 = LINE ( 'NONE', #1138, #1921 ) ;
#3870 = LINE ( 'NONE', #1538, #4343 ) ;
#3871 = VERTEX_POINT ( 'NONE', #104 ) ;
#3872 = ORIENTED_EDGE ( 'NONE', *, *, #4189, .T. ) ;
#3873 = DIRECTION ( 'NONE',  ( -0.0000000000000000000, 1.000000000000000000, -0.0000000000000000000 ) ) ;
#3874 = CARTESIAN_POINT ( 'NONE',  ( 0.4379674688103072366, -0.1100000000000001948, -0.1815500000000005998 ) ) ;
#3875 = ORIENTED_EDGE ( 'NONE', *, *, #110, .F. ) ;
#3876 = EDGE_LOOP ( 'NONE', ( #1907, #1883, #1818, #1745 ) ) ;
#3877 = LINE ( 'NONE', #2186, #3198 ) ;
#3878 = EDGE_CURVE ( 'NONE', #1097, #2771, #1515, .T. ) ;
#3879 = CARTESIAN_POINT ( 'NONE',  ( 0.2251000000000010770, 0.0000000000000000000, 0.0000000000000000000 ) ) ;
#3880 = ADVANCED_FACE ( 'NONE', ( #468 ), #2146, .F. ) ;
#3881 = CARTESIAN_POINT ( 'NONE',  ( 0.1130000000000009330, 0.0000000000000000000, 0.0000000000000000000 ) ) ;
#3882 = ORIENTED_EDGE ( 'NONE', *, *, #782, .T. ) ;
#3883 = CARTESIAN_POINT ( 'NONE',  ( 0.03796746881030719362, -0.1100000000000001948, -0.1499999999999999944 ) ) ;
#3884 = CARTESIAN_POINT ( 'NONE',  ( 0.4379674688103072366, -0.1100000000000001948, -0.1499999999999999944 ) ) ;
#3885 = DIRECTION ( 'NONE',  ( -0.0000000000000000000, 1.000000000000000000, -0.0000000000000000000 ) ) ;
#3886 = ORIENTED_EDGE ( 'NONE', *, *, #3548, .T. ) ;
#3887 = ORIENTED_EDGE ( 'NONE', *, *, #164, .F. ) ;
#3888 = DIRECTION ( 'NONE',  ( 1.000000000000000000, 0.0000000000000000000, 0.0000000000000000000 ) ) ;
#3889 = FACE_OUTER_BOUND ( 'NONE', #2518, .T. ) ;
#3890 = PLANE ( 'NONE',  #1089 ) ;
#3891 = ORIENTED_EDGE ( 'NONE', *, *, #404, .T. ) ;
#3892 = EDGE_CURVE ( 'NONE', #2555, #1996, #2857, .T. ) ;
#3893 = CARTESIAN_POINT ( 'NONE',  ( 0.0000000000000000000, 0.0000000000000000000, 0.0000000000000000000 ) ) ;
#3894 = VECTOR ( 'NONE', #1597, 39.37007874015748854 ) ;
#3895 = PLANE ( 'NONE',  #1210 ) ;
#3896 = VECTOR ( 'NONE', #1401, 39.37007874015748143 ) ;
#3897 =( REPRESENTATION_RELATIONSHIP ('NONE','NONE', #2553, #2107 ) REPRESENTATION_RELATIONSHIP_WITH_TRANSFORMATION ( #847 )SHAPE_REPRESENTATION_RELATIONSHIP( ) );
#3898 = ORIENTED_EDGE ( 'NONE', *, *, #1455, .F. ) ;
#3899 = EDGE_CURVE ( 'NONE', #66, #3131, #2539, .T. ) ;
#3900 = ITEM_DEFINED_TRANSFORMATION ( 'NONE', 'NONE', #4288,  #3786 ) ;
#3901 = CARTESIAN_POINT ( 'NONE',  ( 0.03796746881030719362, -0.1100000000000001948, -0.1499999999999999944 ) ) ;
#3902 = AXIS2_PLACEMENT_3D ( 'NONE', #2870, #2911, #246 ) ;
#3903 = CARTESIAN_POINT ( 'NONE',  ( 0.3379674688103072033, -0.1100000000000001948, -0.08155000000000058036 ) ) ;
#3904 = EDGE_LOOP ( 'NONE', ( #2434, #3848, #3599, #3564 ) ) ;
#3905 = AXIS2_PLACEMENT_3D ( 'NONE', #2479, #3839, #4095 ) ;
#3906 = EDGE_CURVE ( 'NONE', #3193, #1037, #4143, .T. ) ;
#3907 = VERTEX_POINT ( 'NONE', #3903 ) ;
#3908 = CARTESIAN_POINT ( 'NONE',  ( 0.0000000000000000000, -0.1100000000000000006, 0.0000000000000000000 ) ) ;
#3909 = CARTESIAN_POINT ( 'NONE',  ( 0.6816684688103075151, 0.0000000000000000000, -0.01574999999999998623 ) ) ;
#3910 = CARTESIAN_POINT ( 'NONE',  ( 0.7816674688103075752, 0.0000000000000000000, -0.01574999999999965317 ) ) ;
#3911 = ORIENTED_EDGE ( 'NONE', *, *, #3375, .F. ) ;
#3912 = ORIENTED_EDGE ( 'NONE', *, *, #33, .T. ) ;
#3913 = AXIS2_PLACEMENT_3D ( 'NONE', #1665, #3032, #3093 ) ;
#3914 = SURFACE_SIDE_STYLE ('',( #3826 ) ) ;
#3915 = DIRECTION ( 'NONE',  ( -0.0000000000000000000, 1.000000000000000000, -0.0000000000000000000 ) ) ;
#3916 = LINE ( 'NONE', #1822, #2790 ) ;
#3917 = VERTEX_POINT ( 'NONE', #2505 ) ;
#3918 = DIRECTION ( 'NONE',  ( -0.0000000000000000000, 1.000000000000000000, -0.0000000000000000000 ) ) ;
#3919 = AXIS2_PLACEMENT_3D ( 'NONE', #114, #1167, #2913 ) ;
#3920 = VECTOR ( 'NONE', #3814, 39.37007874015748143 ) ;
#3921 = VECTOR ( 'NONE', #3796, 39.37007874015748143 ) ;
#3922 = EDGE_LOOP ( 'NONE', ( #2377, #340, #3728, #2906 ) ) ;
#3923 = CARTESIAN_POINT ( 'NONE',  ( 0.07593593762061463803, -0.1100000000000000006, -9.478001694819074349E-34 ) ) ;
#3924 = AXIS2_PLACEMENT_3D ( 'NONE', #4375, #4043, #330 ) ;
#3925 = CARTESIAN_POINT ( 'NONE',  ( 0.1999990000000001211, -0.1100000000000000006, 0.0000000000000000000 ) ) ;
#3926 = ADVANCED_FACE ( 'NONE', ( #3521 ), #1829, .F. ) ;
#3927 = COLOUR_RGB ( '',0.4941176470588235503, 0.4941176470588235503, 0.4941176470588235503 ) ;
#3928 = AXIS2_PLACEMENT_3D ( 'NONE', #1035, #65, #3733 ) ;
#3929 = ORIENTED_EDGE ( 'NONE', *, *, #3750, .F. ) ;
#3930 = CARTESIAN_POINT ( 'NONE',  ( 0.03796746881030719362, 4.435068026000317697E-17, -0.04999999999999999584 ) ) ;
#3931 = DIRECTION ( 'NONE',  ( 0.0000000000000000000, 0.0000000000000000000, 1.000000000000000000 ) ) ;
#3932 = DIRECTION ( 'NONE',  ( 0.0000000000000000000, 1.000000000000000000, 0.0000000000000000000 ) ) ;
#3933 =( GEOMETRIC_REPRESENTATION_CONTEXT ( 3 ) GLOBAL_UNCERTAINTY_ASSIGNED_CONTEXT ( ( #1474 ) ) GLOBAL_UNIT_ASSIGNED_CONTEXT ( ( #4153, #56, #1808 ) ) REPRESENTATION_CONTEXT ( 'NONE', 'WORKASPACE' ) );
#3934 = DIRECTION ( 'NONE',  ( 0.0000000000000000000, 0.0000000000000000000, 1.000000000000000000 ) ) ;
#3935 = ORIENTED_EDGE ( 'NONE', *, *, #2360, .T. ) ;
#3936 = ORIENTED_EDGE ( 'NONE', *, *, #622, .T. ) ;
#3937 = DIRECTION ( 'NONE',  ( 0.0000000000000000000, 0.0000000000000000000, 1.000000000000000000 ) ) ;
#3938 = DIRECTION ( 'NONE',  ( 0.0000000000000000000, 1.000000000000000000, 0.0000000000000000000 ) ) ;
#3939 = FACE_OUTER_BOUND ( 'NONE', #1644, .T. ) ;
#3940 = ORIENTED_EDGE ( 'NONE', *, *, #2711, .T. ) ;
#3941 = ADVANCED_FACE ( 'NONE', ( #2307 ), #3627, .T. ) ;
#3942 = ORIENTED_EDGE ( 'NONE', *, *, #2860, .F. ) ;
#3943 = CARTESIAN_POINT ( 'NONE',  ( 0.2379674688103072255, 0.0000000000000000000, -0.1499999999999999944 ) ) ;
#3944 = DIRECTION ( 'NONE',  ( -0.3420201433256694346, -0.0000000000000000000, -0.9396926207859080948 ) ) ;
#3945 = EDGE_CURVE ( 'NONE', #1711, #3374, #1278, .T. ) ;
#3946 = CARTESIAN_POINT ( 'NONE',  ( 0.5379674688103072144, 0.0000000000000000000, -0.01844999999999941478 ) ) ;
#3947 = ORIENTED_EDGE ( 'NONE', *, *, #506, .F. ) ;
#3948 = CONTEXT_DEPENDENT_SHAPE_REPRESENTATION ( #4297, #453 ) ;
#3949 = DIRECTION ( 'NONE',  ( -0.0000000000000000000, 1.000000000000000000, -0.0000000000000000000 ) ) ;
#3950 = CARTESIAN_POINT ( 'NONE',  ( 2.239553201765118668E-16, 0.0000000000000000000, -0.1999999999999996503 ) ) ;
#3951 = ORIENTED_EDGE ( 'NONE', *, *, #2187, .T. ) ;
#3952 = EDGE_CURVE ( 'NONE', #1662, #189, #2585, .T. ) ;
#3953 = CARTESIAN_POINT ( 'NONE',  ( 0.1379674688103071922, -0.1100000000000001948, -0.04999999999999999584 ) ) ;
#3954 = DIRECTION ( 'NONE',  ( -0.0000000000000000000, 1.000000000000000000, -0.0000000000000000000 ) ) ;
#3955 = DIRECTION ( 'NONE',  ( 0.0000000000000000000, 0.0000000000000000000, 1.000000000000000000 ) ) ;
#3956 = FACE_BOUND ( 'NONE', #4030, .T. ) ;
#3957 = VERTEX_POINT ( 'NONE', #3950 ) ;
#3958 = VERTEX_POINT ( 'NONE', #2329 ) ;
#3959 = EDGE_CURVE ( 'NONE', #1970, #1227, #3651, .T. ) ;
#3960 = CARTESIAN_POINT ( 'NONE',  ( 0.4379674688103072366, -0.1950000000000011169, -0.04999999999999999584 ) ) ;
#3961 = DIRECTION ( 'NONE',  ( -0.3420201433256694346, -0.0000000000000000000, -0.9396926207859080948 ) ) ;
#3962 = CARTESIAN_POINT ( 'NONE',  ( 0.4942664688103074466, -0.1100000000000000006, -0.1842499999999996918 ) ) ;
#3963 = ORIENTED_EDGE ( 'NONE', *, *, #1742, .T. ) ;
#3964 = ORIENTED_EDGE ( 'NONE', *, *, #2346, .F. ) ;
#3965 = PRODUCT_DEFINITION_SHAPE ( 'NONE', 'NONE',  #4394 ) ;
#3966 = LINE ( 'NONE', #892, #2009 ) ;
#3967 = EDGE_CURVE ( 'NONE', #2847, #3396, #1895, .T. ) ;
#3968 = DIRECTION ( 'NONE',  ( -0.0000000000000000000, 1.000000000000000000, -0.0000000000000000000 ) ) ;
#3969 = CARTESIAN_POINT ( 'NONE',  ( 0.5816684688103075374, -0.1100000000000000006, -0.1842499999999996085 ) ) ;
#3970 = ORIENTED_EDGE ( 'NONE', *, *, #635, .F. ) ;
#3971 = EDGE_CURVE ( 'NONE', #1104, #3510, #3998, .T. ) ;
#3972 = FACE_OUTER_BOUND ( 'NONE', #2866, .T. ) ;
#3973 = FACE_OUTER_BOUND ( 'NONE', #2845, .T. ) ;
#3974 = VERTEX_POINT ( 'NONE', #1964 ) ;
#3975 = AXIS2_PLACEMENT_3D ( 'NONE', #3174, #1476, #2834 ) ;
#3976 = CARTESIAN_POINT ( 'NONE',  ( 0.08500000000000113021, 0.0000000000000000000, 0.0000000000000000000 ) ) ;
#3977 = DIRECTION ( 'NONE',  ( 1.000000000000000000, 0.0000000000000000000, -5.421193827719211569E-15 ) ) ;
#3978 = CARTESIAN_POINT ( 'NONE',  ( 0.1241961524226974228, 0.0000000000000000000, 0.0000000000000000000 ) ) ;
#3979 = DIRECTION ( 'NONE',  ( -0.0000000000000000000, 1.000000000000000000, -0.0000000000000000000 ) ) ;
#3980 = ORIENTED_EDGE ( 'NONE', *, *, #2159, .T. ) ;
#3981 = AXIS2_PLACEMENT_3D ( 'NONE', #2441, #1452, #442 ) ;
#3982 = ORIENTED_EDGE ( 'NONE', *, *, #918, .T. ) ;
#3983 = CARTESIAN_POINT ( 'NONE',  ( 0.6379674688103071922, 4.435068026000317697E-17, -0.04999999999999999584 ) ) ;
#3984 = LINE ( 'NONE', #3533, #4068 ) ;
#3985 = CARTESIAN_POINT ( 'NONE',  ( 0.2251000000000010770, 2.559511810217969315E-18, -0.02090000000000000885 ) ) ;
#3986 = ORIENTED_EDGE ( 'NONE', *, *, #182, .T. ) ;
#3987 = EDGE_CURVE ( 'NONE', #1711, #1656, #1532, .T. ) ;
#3988 = AXIS2_PLACEMENT_3D ( 'NONE', #1008, #1708, #1314 ) ;
#3989 = ORIENTED_EDGE ( 'NONE', *, *, #2873, .T. ) ;
#3990 = DIRECTION ( 'NONE',  ( -0.0000000000000000000, 1.000000000000000000, -0.0000000000000000000 ) ) ;
#3991 = VERTEX_POINT ( 'NONE', #4303 ) ;
#3992 = DIRECTION ( 'NONE',  ( 0.0000000000000000000, 0.0000000000000000000, 1.000000000000000000 ) ) ;
#3993 = VECTOR ( 'NONE', #1587, 39.37007874015748854 ) ;
#3994 = ADVANCED_FACE ( 'NONE', ( #279 ), #4283, .F. ) ;
#3995 = EDGE_CURVE ( 'NONE', #3757, #1534, #1438, .T. ) ;
#3996 = VERTEX_POINT ( 'NONE', #1920 ) ;
#3997 = FACE_OUTER_BOUND ( 'NONE', #596, .T. ) ;
#3998 = LINE ( 'NONE', #1304, #2572 ) ;
#3999 = ORIENTED_EDGE ( 'NONE', *, *, #277, .T. ) ;
#4000 = AXIS2_PLACEMENT_3D ( 'NONE', #3593, #2222, #4187 ) ;
#4001 = DIRECTION ( 'NONE',  ( 0.0000000000000000000, 0.0000000000000000000, 1.000000000000000000 ) ) ;
#4002 = EDGE_CURVE ( 'NONE', #1322, #4304, #898, .T. ) ;
#4003 = FACE_OUTER_BOUND ( 'NONE', #1916, .T. ) ;
#4004 = EDGE_CURVE ( 'NONE', #2205, #2997, #3275, .T. ) ;
#4005 = EDGE_LOOP ( 'NONE', ( #2363, #3444, #3658, #516 ) ) ;
#4006 = CARTESIAN_POINT ( 'NONE',  ( 0.5379674688103072144, 0.0000000000000000000, -0.1499999999999999944 ) ) ;
#4007 = ORIENTED_EDGE ( 'NONE', *, *, #3398, .F. ) ;
#4008 = MECHANICAL_DESIGN_GEOMETRIC_PRESENTATION_REPRESENTATION (  '', ( #807 ), #2221 ) ;
#4009 = AXIS2_PLACEMENT_3D ( 'NONE', #2691, #4058, #1009 ) ;
#4010 = ORIENTED_EDGE ( 'NONE', *, *, #3705, .T. ) ;
#4011 = DIRECTION ( 'NONE',  ( 1.224646799147353207E-16, 1.000000000000000000, 0.0000000000000000000 ) ) ;
#4012 = LINE ( 'NONE', #2319, #1906 ) ;
#4013 = AXIS2_PLACEMENT_3D ( 'NONE', #2219, #1568, #2318 ) ;
#4014 = DIRECTION ( 'NONE',  ( -0.0000000000000000000, 1.000000000000000000, -0.0000000000000000000 ) ) ;
#4015 = CARTESIAN_POINT ( 'NONE',  ( 0.1130000000000009330, 3.735172737399426715E-18, -0.03049999999999999239 ) ) ;
#4016 = VERTEX_POINT ( 'NONE', #2995 ) ;
#4017 = FACE_OUTER_BOUND ( 'NONE', #130, .T. ) ;
#4018 = DIRECTION ( 'NONE',  ( 0.0000000000000000000, 0.0000000000000000000, -1.000000000000000000 ) ) ;
#4019 = EDGE_CURVE ( 'NONE', #1855, #3178, #4348, .T. ) ;
#4020 = DIRECTION ( 'NONE',  ( -1.000000000000000000, 0.0000000000000000000, -0.0000000000000000000 ) ) ;
#4021 = ORIENTED_EDGE ( 'NONE', *, *, #2761, .T. ) ;
#4022 = DIRECTION ( 'NONE',  ( 0.0000000000000000000, 0.0000000000000000000, 1.000000000000000000 ) ) ;
#4023 = CARTESIAN_POINT ( 'NONE',  ( 0.4942664688103074466, 0.0000000000000000000, -0.01574999999999998623 ) ) ;
#4024 = EDGE_LOOP ( 'NONE', ( #3797, #3235, #878, #426 ) ) ;
#4025 = LINE ( 'NONE', #334, #501 ) ;
#4026 = EDGE_CURVE ( 'NONE', #478, #2327, #3582, .T. ) ;
#4027 = DIRECTION ( 'NONE',  ( 0.0000000000000000000, 0.0000000000000000000, 1.000000000000000000 ) ) ;
#4028 = ORIENTED_EDGE ( 'NONE', *, *, #370, .T. ) ;
#4029 = FACE_BOUND ( 'NONE', #2530, .T. ) ;
#4030 = EDGE_LOOP ( 'NONE', ( #1187, #438 ) ) ;
#4031 = ORIENTED_EDGE ( 'NONE', *, *, #230, .F. ) ;
#4032 = FACE_OUTER_BOUND ( 'NONE', #2265, .T. ) ;
#4033 = CARTESIAN_POINT ( 'NONE',  ( 0.2759359376206146353, -0.1100000000000000006, -9.478001694819074349E-34 ) ) ;
#4034 = CARTESIAN_POINT ( 'NONE',  ( 0.3942664688103074133, -0.1100000000000000006, -0.01574999999999998623 ) ) ;
#4035 = PRODUCT_DEFINITION_SHAPE ( 'NONE', 'NONE',  #3679 ) ;
#4036 = VERTEX_POINT ( 'NONE', #1582 ) ;
#4037 = CARTESIAN_POINT ( 'NONE',  ( 0.2379674688103072255, 0.0000000000000000000, -0.1184499999999994169 ) ) ;
#4038 = PLANE ( 'NONE',  #565 ) ;
#4039 = FACE_OUTER_BOUND ( 'NONE', #2249, .T. ) ;
#4040 = ADVANCED_FACE ( 'NONE', ( #2258 ), #2898, .F. ) ;
#4041 = VERTEX_POINT ( 'NONE', #1602 ) ;
#4042 = DIRECTION ( 'NONE',  ( -0.3420201433256695456, 0.0000000000000000000, -0.9396926207859080948 ) ) ;
#4043 = DIRECTION ( 'NONE',  ( 0.0000000000000000000, 1.224646799147353207E-16, -1.000000000000000000 ) ) ;
#4044 = ADVANCED_FACE ( 'NONE', ( #3973 ), #2970, .T. ) ;
#4045 = EDGE_LOOP ( 'NONE', ( #1589, #1823, #2391, #925 ) ) ;
#4046 = CARTESIAN_POINT ( 'NONE',  ( 0.008500000000000193165, 0.0000000000000000000, 0.0000000000000000000 ) ) ;
#4047 = CIRCLE ( 'NONE', #4324, 0.03155000000000058452 ) ;
#4048 = DIRECTION ( 'NONE',  ( -0.0000000000000000000, 1.000000000000000000, -0.0000000000000000000 ) ) ;
#4049 = ORIENTED_EDGE ( 'NONE', *, *, #2818, .T. ) ;
#4050 = CARTESIAN_POINT ( 'NONE',  ( -0.005732531189692642581, 0.0000000000000000000, -0.01574999999999999664 ) ) ;
#4051 = VERTEX_POINT ( 'NONE', #923 ) ;
#4052 = ADVANCED_FACE ( 'NONE', ( #2283, #1655 ), #1062, .F. ) ;
#4053 = VECTOR ( 'NONE', #2668, 39.37007874015748143 ) ;
#4054 =( REPRESENTATION_RELATIONSHIP ('NONE','NONE', #2553, #2107 ) REPRESENTATION_RELATIONSHIP_WITH_TRANSFORMATION ( #2852 )SHAPE_REPRESENTATION_RELATIONSHIP( ) );
#4055 = VERTEX_POINT ( 'NONE', #1325 ) ;
#4056 = CARTESIAN_POINT ( 'NONE',  ( 0.5999990000000001711, 0.0000000000000000000, 0.0000000000000000000 ) ) ;
#4057 = PLANE ( 'NONE',  #2709 ) ;
#4058 = DIRECTION ( 'NONE',  ( -0.0000000000000000000, 1.000000000000000000, -0.0000000000000000000 ) ) ;
#4059 = CIRCLE ( 'NONE', #2275, 0.03155000000000058452 ) ;
#4060 = EDGE_CURVE ( 'NONE', #529, #2201, #2746, .T. ) ;
#4061 = ORIENTED_EDGE ( 'NONE', *, *, #1787, .F. ) ;
#4062 = AXIS2_PLACEMENT_3D ( 'NONE', #1024, #2638, #999 ) ;
#4063 = DIRECTION ( 'NONE',  ( -0.3420201433256695456, 0.0000000000000000000, -0.9396926207859080948 ) ) ;
#4064 = LINE ( 'NONE', #3036, #3186 ) ;
#4065 = FACE_OUTER_BOUND ( 'NONE', #1979, .T. ) ;
#4066 = CONICAL_SURFACE ( 'NONE', #2279, 0.02726794919243106033, 0.5235987755982989267 ) ;
#4067 = VERTEX_POINT ( 'NONE', #3767 ) ;
#4068 = VECTOR ( 'NONE', #1204, 39.37007874015748854 ) ;
#4069 = CARTESIAN_POINT ( 'NONE',  ( 0.08166846881030738470, -0.1100000000000000006, -0.01574999999999998623 ) ) ;
#4070 = DIRECTION ( 'NONE',  ( 0.9396926207859080948, 0.0000000000000000000, -0.3420201433256695456 ) ) ;
#4071 = VECTOR ( 'NONE', #2061, 39.37007874015748143 ) ;
#4072 = CARTESIAN_POINT ( 'NONE',  ( 0.1816684688103074041, -0.1100000000000000006, -0.01574999999999998623 ) ) ;
#4073 = VECTOR ( 'NONE', #1160, 39.37007874015748143 ) ;
#4074 = FACE_BOUND ( 'NONE', #947, .T. ) ;
#4075 = ORIENTED_EDGE ( 'NONE', *, *, #3492, .T. ) ;
#4076 = PRODUCT ( '0906_default', '0906_default', '', ( #2440 ) ) ;
#4077 = DIRECTION ( 'NONE',  ( 0.0000000000000000000, 0.0000000000000000000, 1.000000000000000000 ) ) ;
#4078 = ORIENTED_EDGE ( 'NONE', *, *, #3557, .F. ) ;
#4079 = VECTOR ( 'NONE', #3370, 39.37007874015748143 ) ;
#4080 = ORIENTED_EDGE ( 'NONE', *, *, #4206, .T. ) ;
#4081 = FACE_OUTER_BOUND ( 'NONE', #61, .T. ) ;
#4082 = FACE_OUTER_BOUND ( 'NONE', #732, .T. ) ;
#4083 = EDGE_CURVE ( 'NONE', #4157, #3241, #735, .T. ) ;
#4084 = EDGE_CURVE ( 'NONE', #3991, #3359, #1870, .T. ) ;
#4085 = DIRECTION ( 'NONE',  ( -0.0000000000000000000, 1.000000000000000000, -0.0000000000000000000 ) ) ;
#4086 =( REPRESENTATION_RELATIONSHIP ('NONE','NONE', #2553, #2107 ) REPRESENTATION_RELATIONSHIP_WITH_TRANSFORMATION ( #716 )SHAPE_REPRESENTATION_RELATIONSHIP( ) );
#4087 = AXIS2_PLACEMENT_3D ( 'NONE', #245, #4361, #1592 ) ;
#4088 = EDGE_LOOP ( 'NONE', ( #3328, #1558, #4330, #3576 ) ) ;
#4089 = CARTESIAN_POINT ( 'NONE',  ( 0.7879674688103074365, -0.1100000000000000006, -0.1842499999999992477 ) ) ;
#4090 = LINE ( 'NONE', #3384, #358 ) ;
#4091 = DIRECTION ( 'NONE',  ( -1.000000000000000000, 0.0000000000000000000, -0.0000000000000000000 ) ) ;
#4092 = EDGE_LOOP ( 'NONE', ( #4246, #2100, #4098, #2571 ) ) ;
#4093 = CARTESIAN_POINT ( 'NONE',  ( 0.08166846881030742633, -0.1100000000000000006, -0.1842499999999996085 ) ) ;
#4094 =( LENGTH_UNIT ( ) NAMED_UNIT ( * ) SI_UNIT ( $, .METRE. ) );
#4095 = DIRECTION ( 'NONE',  ( 0.0000000000000000000, 0.0000000000000000000, 1.000000000000000000 ) ) ;
#4096 = DIRECTION ( 'NONE',  ( -0.0000000000000000000, 0.0000000000000000000, -1.000000000000000000 ) ) ;
#4097 = CARTESIAN_POINT ( 'NONE',  ( 0.08166846881030742633, -0.1100000000000000006, -0.1842499999999996085 ) ) ;
#4098 = ORIENTED_EDGE ( 'NONE', *, *, #3539, .F. ) ;
#4099 = CARTESIAN_POINT ( 'NONE',  ( 0.07593593762061463803, -0.1100000000000000006, -9.478001694819074349E-34 ) ) ;
#4100 = CARTESIAN_POINT ( 'NONE',  ( 0.6759359376206146575, -0.1100000000000000006, -0.1999999999999999833 ) ) ;
#4101 = DIRECTION ( 'NONE',  ( -1.000000000000000000, -0.0000000000000000000, -0.0000000000000000000 ) ) ;
#4102 = EDGE_LOOP ( 'NONE', ( #931, #1820, #3720, #2672 ) ) ;
#4103 = LENGTH_MEASURE_WITH_UNIT ( LENGTH_MEASURE( 0.02539999999999999897 ), #9 );
#4104 = PLANE ( 'NONE',  #3471 ) ;
#4105 = LINE ( 'NONE', #51, #3710 ) ;
#4106 = ORIENTED_EDGE ( 'NONE', *, *, #3296, .T. ) ;
#4107 = PLANE ( 'NONE',  #582 ) ;
#4108 = DIRECTION ( 'NONE',  ( 0.9396926207859104263, 0.0000000000000000000, 0.3420201433256633838 ) ) ;
#4109 = LINE ( 'NONE', #1408, #4124 ) ;
#4110 = CARTESIAN_POINT ( 'NONE',  ( 0.03796746881030719362, 0.0000000000000000000, -0.01844999999999941478 ) ) ;
#4111 = PLANE ( 'NONE',  #2922 ) ;
#4112 = VERTEX_POINT ( 'NONE', #2679 ) ;
#4113 = VERTEX_POINT ( 'NONE', #16 ) ;
#4114 = DIRECTION ( 'NONE',  ( -0.3420201433256720991, 0.0000000000000000000, 0.9396926207859070956 ) ) ;
#4115 = LINE ( 'NONE', #800, #2281 ) ;
#4116 = DIRECTION ( 'NONE',  ( -0.0000000000000000000, 1.000000000000000000, -0.0000000000000000000 ) ) ;
#4117 = ADVANCED_FACE ( 'NONE', ( #995 ), #2413, .F. ) ;
#4118 = VERTEX_POINT ( 'NONE', #3021 ) ;
#4119 = DIRECTION ( 'NONE',  ( -0.0000000000000000000, 1.000000000000000000, -0.0000000000000000000 ) ) ;
#4120 = CARTESIAN_POINT ( 'NONE',  ( 0.6816684688103075151, -0.1100000000000000006, -0.1842499999999996085 ) ) ;
#4121 = VECTOR ( 'NONE', #2714, 39.37007874015748854 ) ;
#4122 = CARTESIAN_POINT ( 'NONE',  ( -0.005732531189692388444, -0.1100000000000000006, -0.1842499999999996918 ) ) ;
#4123 = ADVANCED_FACE ( 'NONE', ( #643 ), #1987, .F. ) ;
#4124 = VECTOR ( 'NONE', #3794, 39.37007874015748143 ) ;
#4125 = ORIENTED_EDGE ( 'NONE', *, *, #2941, .T. ) ;
#4126 = ORIENTED_EDGE ( 'NONE', *, *, #783, .F. ) ;
#4127 = DIRECTION ( 'NONE',  ( -1.000000000000000000, -0.0000000000000000000, -0.0000000000000000000 ) ) ;
#4128 = EDGE_CURVE ( 'NONE', #3333, #194, #3431, .T. ) ;
#4129 = AXIS2_PLACEMENT_3D ( 'NONE', #4138, #1099, #4162 ) ;
#4130 = DIRECTION ( 'NONE',  ( -0.3420201433256720991, 0.0000000000000000000, 0.9396926207859070956 ) ) ;
#4131 = CYLINDRICAL_SURFACE ( 'NONE', #2206, 0.03155000000000058452 ) ;
#4132 = CARTESIAN_POINT ( 'NONE',  ( 0.5379674688103072144, 4.435068026000317697E-17, -0.1499999999999999944 ) ) ;
#4133 = AXIS2_PLACEMENT_3D ( 'NONE', #605, #2288, #578 ) ;
#4134 = AXIS2_PLACEMENT_3D ( 'NONE', #3291, #3311, #1956 ) ;
#4135 = VERTEX_POINT ( 'NONE', #1720 ) ;
#4136 = ADVANCED_FACE ( 'NONE', ( #2353 ), #3210, .T. ) ;
#4137 = LINE ( 'NONE', #86, #4258 ) ;
#4138 = CARTESIAN_POINT ( 'NONE',  ( 0.5816684688103075374, -0.1100000000000000006, -0.1842499999999996085 ) ) ;
#4139 = CARTESIAN_POINT ( 'NONE',  ( 0.1130000000000009330, 0.0000000000000000000, 0.03049999999999999239 ) ) ;
#4140 = VECTOR ( 'NONE', #2194, 39.37007874015748143 ) ;
#4141 = ORIENTED_EDGE ( 'NONE', *, *, #888, .T. ) ;
#4142 = LINE ( 'NONE', #3827, #135 ) ;
#4143 = CIRCLE ( 'NONE', #741, 0.03200000000000000067 ) ;
#4144 = CARTESIAN_POINT ( 'NONE',  ( 0.5379674688103072144, 4.435068026000317697E-17, -0.1184499999999994169 ) ) ;
#4145 = ORIENTED_EDGE ( 'NONE', *, *, #357, .F. ) ;
#4146 = AXIS2_PLACEMENT_3D ( 'NONE', #2427, #1361, #4063 ) ;
#4147 = VECTOR ( 'NONE', #1594, 39.37007874015748143 ) ;
#4148 = ORIENTED_EDGE ( 'NONE', *, *, #4302, .F. ) ;
#4149 = ORIENTED_EDGE ( 'NONE', *, *, #1221, .F. ) ;
#4150 = FACE_OUTER_BOUND ( 'NONE', #2735, .T. ) ;
#4151 = AXIS2_PLACEMENT_3D ( 'NONE', #1291, #264, #3640 ) ;
#4152 = EDGE_CURVE ( 'NONE', #3121, #377, #3041, .T. ) ;
#4153 =( CONVERSION_BASED_UNIT ( 'INCH', #2122 ) LENGTH_UNIT ( ) NAMED_UNIT ( #3578 ) );
#4154 = DIRECTION ( 'NONE',  ( -1.000000000000000000, -0.0000000000000000000, -0.0000000000000000000 ) ) ;
#4155 = LINE ( 'NONE', #3946, #1924 ) ;
#4156 = DIRECTION ( 'NONE',  ( 0.0000000000000000000, 0.0000000000000000000, 1.000000000000000000 ) ) ;
#4157 = VERTEX_POINT ( 'NONE', #3723 ) ;
#4158 = ADVANCED_FACE ( 'NONE', ( #3085 ), #1344, .F. ) ;
#4159 = EDGE_CURVE ( 'NONE', #52, #1517, #2035, .T. ) ;
#4160 = VERTEX_POINT ( 'NONE', #1388 ) ;
#4161 = CARTESIAN_POINT ( 'NONE',  ( 0.7879674688103074365, -0.1100000000000000006, -0.01574999999999965317 ) ) ;
#4162 = DIRECTION ( 'NONE',  ( 0.3420201433256665480, 0.0000000000000000000, 0.9396926207859092051 ) ) ;
#4163 = DIRECTION ( 'NONE',  ( 0.0000000000000000000, 0.0000000000000000000, 1.000000000000000000 ) ) ;
#4164 = ADVANCED_FACE ( 'NONE', ( #1695 ), #1370, .F. ) ;
#4165 = ORIENTED_EDGE ( 'NONE', *, *, #3340, .T. ) ;
#4166 = DIRECTION ( 'NONE',  ( 0.0000000000000000000, 0.0000000000000000000, 1.000000000000000000 ) ) ;
#4167 = CARTESIAN_POINT ( 'NONE',  ( 0.3379674688103072033, -0.1100000000000001948, -0.04999999999999999584 ) ) ;
#4168 = CARTESIAN_POINT ( 'NONE',  ( 0.7879674688103074365, 0.0000000000000000000, -0.1842499999999992477 ) ) ;
#4169 = ORIENTED_EDGE ( 'NONE', *, *, #4083, .F. ) ;
#4170 = ADVANCED_FACE ( 'NONE', ( #3688 ), #2600, .F. ) ;
#4171 = ORIENTED_EDGE ( 'NONE', *, *, #592, .T. ) ;
#4172 = ORIENTED_EDGE ( 'NONE', *, *, #3540, .T. ) ;
#4173 = CARTESIAN_POINT ( 'NONE',  ( 0.1130000000000009330, 0.03049999999999999239, 0.0000000000000000000 ) ) ;
#4174 = APPLICATION_PROTOCOL_DEFINITION ( 'draft international standard', 'automotive_design', 1998, #1397 ) ;
#4175 = DIRECTION ( 'NONE',  ( -0.0000000000000000000, 1.000000000000000000, -0.0000000000000000000 ) ) ;
#4176 = LINE ( 'NONE', #814, #3920 ) ;
#4177 = CARTESIAN_POINT ( 'NONE',  ( 0.7759349376206162718, -0.1100000000000000006, -0.1999999999999996780 ) ) ;
#4178 = ADVANCED_FACE ( 'NONE', ( #1596 ), #1251, .F. ) ;
#4179 = ORIENTED_EDGE ( 'NONE', *, *, #809, .F. ) ;
#4180 = DIRECTION ( 'NONE',  ( -0.0000000000000000000, 1.000000000000000000, -0.0000000000000000000 ) ) ;
#4181 = DIRECTION ( 'NONE',  ( -1.000000000000000000, -0.0000000000000000000, -0.0000000000000000000 ) ) ;
#4182 = CARTESIAN_POINT ( 'NONE',  ( 0.0000000000000000000, 0.0000000000000000000, 0.02900000000000000147 ) ) ;
#4183 = EDGE_CURVE ( 'NONE', #713, #2242, #3966, .T. ) ;
#4184 = VERTEX_POINT ( 'NONE', #659 ) ;
#4185 = SURFACE_SIDE_STYLE ('',( #2841 ) ) ;
#4186 = CARTESIAN_POINT ( 'NONE',  ( 0.3379674688103072033, -0.1100000000000001948, -0.1815500000000005998 ) ) ;
#4187 = DIRECTION ( 'NONE',  ( 1.000000000000000000, 0.0000000000000000000, -5.421193827719211569E-15 ) ) ;
#4188 = AXIS2_PLACEMENT_3D ( 'NONE', #823, #3162, #784 ) ;
#4189 = EDGE_CURVE ( 'NONE', #2073, #3359, #3619, .T. ) ;
#4190 = EDGE_CURVE ( 'NONE', #4051, #2236, #310, .T. ) ;
#4191 = ORIENTED_EDGE ( 'NONE', *, *, #1121, .F. ) ;
#4192 = VECTOR ( 'NONE', #3777, 39.37007874015748143 ) ;
#4193 = VERTEX_POINT ( 'NONE', #3665 ) ;
#4194 = DIRECTION ( 'NONE',  ( -0.0000000000000000000, 1.000000000000000000, -0.0000000000000000000 ) ) ;
#4195 = AXIS2_PLACEMENT_3D ( 'NONE', #81, #3770, #1810 ) ;
#4196 = DIRECTION ( 'NONE',  ( -0.0000000000000000000, 1.000000000000000000, -0.0000000000000000000 ) ) ;
#4197 = DIRECTION ( 'NONE',  ( 0.0000000000000000000, 0.0000000000000000000, 1.000000000000000000 ) ) ;
#4198 = AXIS2_PLACEMENT_3D ( 'NONE', #744, #1441, #3485 ) ;
#4199 = EDGE_LOOP ( 'NONE', ( #3312, #323, #53, #4031 ) ) ;
#4200 = LINE ( 'NONE', #2192, #498 ) ;
#4201 = DIRECTION ( 'NONE',  ( 1.000000000000000000, 0.0000000000000000000, -5.421193827719211569E-15 ) ) ;
#4202 = DIRECTION ( 'NONE',  ( -0.0000000000000000000, 1.000000000000000000, -0.0000000000000000000 ) ) ;
#4203 = ORIENTED_EDGE ( 'NONE', *, *, #2897, .F. ) ;
#4204 = AXIS2_PLACEMENT_3D ( 'NONE', #639, #593, #1689 ) ;
#4205 = ORIENTED_EDGE ( 'NONE', *, *, #2230, .F. ) ;
#4206 = EDGE_CURVE ( 'NONE', #2178, #4016, #92, .T. ) ;
#4207 = CARTESIAN_POINT ( 'NONE',  ( 0.1379674688103071922, 0.0000000000000000000, -0.01844999999999941478 ) ) ;
#4208 = CIRCLE ( 'NONE', #2292, 0.03155000000000058452 ) ;
#4209 = CARTESIAN_POINT ( 'NONE',  ( 0.4816684688103075040, -0.1100000000000000006, -0.1842499999999996085 ) ) ;
#4210 = ORIENTED_EDGE ( 'NONE', *, *, #1754, .T. ) ;
#4211 = VECTOR ( 'NONE', #188, 39.37007874015748143 ) ;
#4212 = ORIENTED_EDGE ( 'NONE', *, *, #1831, .F. ) ;
#4213 = AXIS2_PLACEMENT_3D ( 'NONE', #3433, #1738, #2760 ) ;
#4214 = EDGE_CURVE ( 'NONE', #3549, #701, #4338, .T. ) ;
#4215 = ORIENTED_EDGE ( 'NONE', *, *, #2092, .F. ) ;
#4216 = DIRECTION ( 'NONE',  ( 0.0000000000000000000, 0.0000000000000000000, 1.000000000000000000 ) ) ;
#4217 = CIRCLE ( 'NONE', #2789, 0.03155000000000058452 ) ;
#4218 = CIRCLE ( 'NONE', #1853, 0.03155000000000058452 ) ;
#4219 = LINE ( 'NONE', #167, #2355 ) ;
#4220 = DIRECTION ( 'NONE',  ( -0.0000000000000000000, 1.000000000000000000, -0.0000000000000000000 ) ) ;
#4221 = DIRECTION ( 'NONE',  ( 1.000000000000000000, 0.0000000000000000000, -5.421193827719211569E-15 ) ) ;
#4222 = VERTEX_POINT ( 'NONE', #1548 ) ;
#4223 = EDGE_CURVE ( 'NONE', #1752, #1367, #2276, .T. ) ;
#4224 = ORIENTED_EDGE ( 'NONE', *, *, #2992, .F. ) ;
#4225 = DIRECTION ( 'NONE',  ( 0.0000000000000000000, 0.0000000000000000000, 1.000000000000000000 ) ) ;
#4226 = DIRECTION ( 'NONE',  ( -0.0000000000000000000, 1.000000000000000000, -0.0000000000000000000 ) ) ;
#4227 = DIRECTION ( 'NONE',  ( -0.0000000000000000000, 1.000000000000000000, -0.0000000000000000000 ) ) ;
#4228 = EDGE_LOOP ( 'NONE', ( #3402, #2043, #1804, #2117 ) ) ;
#4229 = VERTEX_POINT ( 'NONE', #4275 ) ;
#4230 = LENGTH_MEASURE_WITH_UNIT ( LENGTH_MEASURE( 0.02539999999999999897 ), #1505 );
#4231 = DIRECTION ( 'NONE',  ( -0.0000000000000000000, 1.000000000000000000, -0.0000000000000000000 ) ) ;
#4232 = FACE_OUTER_BOUND ( 'NONE', #1270, .T. ) ;
#4233 = ORIENTED_EDGE ( 'NONE', *, *, #661, .T. ) ;
#4234 = EDGE_CURVE ( 'NONE', #687, #3530, #1271, .T. ) ;
#4235 = ORIENTED_EDGE ( 'NONE', *, *, #882, .T. ) ;
#4236 = ORIENTED_EDGE ( 'NONE', *, *, #1202, .F. ) ;
#4237 = DIRECTION ( 'NONE',  ( -1.000000000000000000, 0.0000000000000000000, 4.400897325943014971E-17 ) ) ;
#4238 = EDGE_CURVE ( 'NONE', #2710, #3676, #2298, .T. ) ;
#4239 = EDGE_LOOP ( 'NONE', ( #174, #3230, #781, #2598 ) ) ;
#4240 = PLANE ( 'NONE',  #2700 ) ;
#4241 = UNCERTAINTY_MEASURE_WITH_UNIT (LENGTH_MEASURE( 1.000000000000000082E-05 ), #1461, 'distance_accuracy_value', 'NONE');
#4242 = VERTEX_POINT ( 'NONE', #563 ) ;
#4243 = LINE ( 'NONE', #3194, #2551 ) ;
#4244 = DIRECTION ( 'NONE',  ( -1.000000000000000000, -0.0000000000000000000, -0.0000000000000000000 ) ) ;
#4245 = CARTESIAN_POINT ( 'NONE',  ( 0.4942664688103074466, -0.1100000000000000006, -0.1842499999999996918 ) ) ;
#4246 = ORIENTED_EDGE ( 'NONE', *, *, #1202, .T. ) ;
#4247 = ORIENTED_EDGE ( 'NONE', *, *, #2092, .T. ) ;
#4248 = DIRECTION ( 'NONE',  ( 0.0000000000000000000, 0.0000000000000000000, 1.000000000000000000 ) ) ;
#4249 = DIRECTION ( 'NONE',  ( 0.0000000000000000000, 1.000000000000000000, 0.0000000000000000000 ) ) ;
#4250 = ORIENTED_EDGE ( 'NONE', *, *, #1672, .T. ) ;
#4251 = DIRECTION ( 'NONE',  ( -1.000000000000000000, -0.0000000000000000000, -0.0000000000000000000 ) ) ;
#4252 = ADVANCED_FACE ( 'NONE', ( #4017 ), #1616, .T. ) ;
#4253 = CARTESIAN_POINT ( 'NONE',  ( 0.7879674688103074365, -0.1100000000000000006, -0.1842499999999992477 ) ) ;
#4254 = AXIS2_PLACEMENT_3D ( 'NONE', #1124, #70, #1422 ) ;
#4255 = ORIENTED_EDGE ( 'NONE', *, *, #3461, .F. ) ;
#4256 = ADVANCED_FACE ( 'NONE', ( #615 ), #1231, .F. ) ;
#4257 = CARTESIAN_POINT ( 'NONE',  ( 0.5999990000000001711, -0.1100000000000000006, 0.0000000000000000000 ) ) ;
#4258 = VECTOR ( 'NONE', #44, 39.37007874015748143 ) ;
#4259 = CARTESIAN_POINT ( 'NONE',  ( 0.7379674688103072810, 4.435068026000317697E-17, -0.1499999999999999944 ) ) ;
#4260 = AXIS2_PLACEMENT_3D ( 'NONE', #3630, #3321, #2380 ) ;
#4261 = ORIENTED_EDGE ( 'NONE', *, *, #2031, .F. ) ;
#4262 = CARTESIAN_POINT ( 'NONE',  ( 0.3379674688103072033, -0.1100000000000001948, -0.1499999999999999944 ) ) ;
#4263 = EDGE_CURVE ( 'NONE', #2242, #3494, #1910, .T. ) ;
#4264 = FACE_OUTER_BOUND ( 'NONE', #253, .T. ) ;
#4265 = CARTESIAN_POINT ( 'NONE',  ( 0.08166846881030738470, 0.0000000000000000000, -0.01574999999999998623 ) ) ;
#4266 = LINE ( 'NONE', #1478, #1225 ) ;
#4267 = CIRCLE ( 'NONE', #2487, 0.03155000000000058452 ) ;
#4268 = VERTEX_POINT ( 'NONE', #2654 ) ;
#4269 = VERTEX_POINT ( 'NONE', #637 ) ;
#4270 = VECTOR ( 'NONE', #3423, 39.37007874015748854 ) ;
#4271 = CARTESIAN_POINT ( 'NONE',  ( 0.1379674688103071922, 0.0000000000000000000, -0.1184499999999994169 ) ) ;
#4272 = CARTESIAN_POINT ( 'NONE',  ( 0.4379674688103072366, 0.0000000000000000000, -0.08155000000000058036 ) ) ;
#4273 = CIRCLE ( 'NONE', #1359, 0.03155000000000058452 ) ;
#4274 = VERTEX_POINT ( 'NONE', #1980 ) ;
#4275 = CARTESIAN_POINT ( 'NONE',  ( 0.6759359376206146575, 0.0000000000000000000, -9.478001694819074349E-34 ) ) ;
#4276 = CARTESIAN_POINT ( 'NONE',  ( 0.3999990000000001600, -0.1100000000000000006, 0.0000000000000000000 ) ) ;
#4277 = VECTOR ( 'NONE', #4220, 39.37007874015748143 ) ;
#4278 = VECTOR ( 'NONE', #512, 39.37007874015748143 ) ;
#4279 = ORIENTED_EDGE ( 'NONE', *, *, #164, .T. ) ;
#4280 = DIRECTION ( 'NONE',  ( 0.0000000000000000000, 1.000000000000000000, 0.0000000000000000000 ) ) ;
#4281 = AXIS2_PLACEMENT_3D ( 'NONE', #1556, #973, #950 ) ;
#4282 = VECTOR ( 'NONE', #3470, 39.37007874015748143 ) ;
#4283 = CYLINDRICAL_SURFACE ( 'NONE', #1934, 0.03155000000000058452 ) ;
#4284 = ORIENTED_EDGE ( 'NONE', *, *, #2908, .T. ) ;
#4285 = DIRECTION ( 'NONE',  ( -0.0000000000000000000, 1.000000000000000000, -0.0000000000000000000 ) ) ;
#4286 = DIRECTION ( 'NONE',  ( -0.0000000000000000000, 1.000000000000000000, -0.0000000000000000000 ) ) ;
#4287 = CARTESIAN_POINT ( 'NONE',  ( -0.01203253118969264436, -0.1100000000000000006, -0.01574999999999999664 ) ) ;
#4288 = AXIS2_PLACEMENT_3D ( 'NONE', #3614, #2936, #2575 ) ;
#4289 = CARTESIAN_POINT ( 'NONE',  ( 0.4999990000000001378, 0.0000000000000000000, -0.1999999999999999833 ) ) ;
#4290 = EDGE_LOOP ( 'NONE', ( #2241, #520, #2099, #3460 ) ) ;
#4291 = VERTEX_POINT ( 'NONE', #1575 ) ;
#4292 =( NAMED_UNIT ( * ) PLANE_ANGLE_UNIT ( ) SI_UNIT ( $, .RADIAN. ) );
#4293 = LINE ( 'NONE', #1506, #2901 ) ;
#4294 = ORIENTED_EDGE ( 'NONE', *, *, #603, .F. ) ;
#4295 = DIRECTION ( 'NONE',  ( -0.0000000000000000000, 1.000000000000000000, -0.0000000000000000000 ) ) ;
#4296 = CARTESIAN_POINT ( 'NONE',  ( 0.4816684688103073930, -0.1100000000000000006, -0.01574999999999998623 ) ) ;
#4297 =( REPRESENTATION_RELATIONSHIP ('NONE','NONE', #2553, #2107 ) REPRESENTATION_RELATIONSHIP_WITH_TRANSFORMATION ( #3900 )SHAPE_REPRESENTATION_RELATIONSHIP( ) );
#4298 = EDGE_CURVE ( 'NONE', #66, #1662, #299, .T. ) ;
#4299 = CARTESIAN_POINT ( 'NONE',  ( 0.2942664688103074355, -0.1100000000000000006, -0.01574999999999998623 ) ) ;
#4300 = VERTEX_POINT ( 'NONE', #1318 ) ;
#4301 = LINE ( 'NONE', #2633, #1148 ) ;
#4302 = EDGE_CURVE ( 'NONE', #805, #4160, #2673, .T. ) ;
#4303 = CARTESIAN_POINT ( 'NONE',  ( 0.2759359376206146353, 0.0000000000000000000, -0.1999999999999999833 ) ) ;
#4304 = VERTEX_POINT ( 'NONE', #324 ) ;
#4305 = DIRECTION ( 'NONE',  ( 0.0000000000000000000, 1.000000000000000000, 0.0000000000000000000 ) ) ;
#4306 = CARTESIAN_POINT ( 'NONE',  ( 0.6379674688103071922, 4.435068026000317697E-17, -0.1499999999999999944 ) ) ;
#4307 = CARTESIAN_POINT ( 'NONE',  ( 0.1750000000000010714, 0.02726794919243106033, 0.0000000000000000000 ) ) ;
#4308 = ADVANCED_FACE ( 'NONE', ( #3429 ), #2453, .F. ) ;
#4309 = CARTESIAN_POINT ( 'NONE',  ( 0.5942664688103074244, -0.1100000000000000006, -0.1842499999999996918 ) ) ;
#4310 = ORIENTED_EDGE ( 'NONE', *, *, #2039, .T. ) ;
#4311 = ORIENTED_EDGE ( 'NONE', *, *, #1511, .T. ) ;
#4312 = SHAPE_REPRESENTATION_RELATIONSHIP ( 'NONE' , 'NONE' ,  #2107, #2706 ) ;
#4313 = DIRECTION ( 'NONE',  ( -0.0000000000000000000, 1.000000000000000000, -0.0000000000000000000 ) ) ;
#4314 = EDGE_CURVE ( 'NONE', #126, #1583, #766, .T. ) ;
#4315 = DIRECTION ( 'NONE',  ( -1.000000000000000000, 0.0000000000000000000, -0.0000000000000000000 ) ) ;
#4316 = ORIENTED_EDGE ( 'NONE', *, *, #3540, .F. ) ;
#4317 = DIRECTION ( 'NONE',  ( 0.3420201433257172297, 0.0000000000000000000, -0.9396926207858906643 ) ) ;
#4318 = LINE ( 'NONE', #3893, #2341 ) ;
#4319 = DIRECTION ( 'NONE',  ( 0.0000000000000000000, 0.0000000000000000000, 1.000000000000000000 ) ) ;
#4320 = ORIENTED_EDGE ( 'NONE', *, *, #547, .F. ) ;
#4321 = ADVANCED_FACE ( 'NONE', ( #709 ), #2050, .F. ) ;
#4322 = CARTESIAN_POINT ( 'NONE',  ( 0.2942664688103074355, 0.0000000000000000000, -0.01574999999999998623 ) ) ;
#4323 = DIRECTION ( 'NONE',  ( -0.0000000000000000000, 1.000000000000000000, -0.0000000000000000000 ) ) ;
#4324 = AXIS2_PLACEMENT_3D ( 'NONE', #3983, #935, #1887 ) ;
#4325 = ORIENTED_EDGE ( 'NONE', *, *, #1762, .T. ) ;
#4326 = DIRECTION ( 'NONE',  ( -0.0000000000000000000, 1.000000000000000000, -0.0000000000000000000 ) ) ;
#4327 = CARTESIAN_POINT ( 'NONE',  ( 0.09426646881030741054, -0.1100000000000000006, -0.01574999999999998623 ) ) ;
#4328 = VERTEX_POINT ( 'NONE', #3035 ) ;
#4329 = DIRECTION ( 'NONE',  ( 1.000000000000000000, 0.0000000000000000000, 0.0000000000000000000 ) ) ;
#4330 = ORIENTED_EDGE ( 'NONE', *, *, #4019, .T. ) ;
#4331 = AXIS2_PLACEMENT_3D ( 'NONE', #3698, #2973, #4001 ) ;
#4332 = ORIENTED_EDGE ( 'NONE', *, *, #99, .T. ) ;
#4333 = DIRECTION ( 'NONE',  ( 0.0000000000000000000, 0.0000000000000000000, 1.000000000000000000 ) ) ;
#4334 = DIRECTION ( 'NONE',  ( -0.0000000000000000000, 1.000000000000000000, -0.0000000000000000000 ) ) ;
#4335 = DIRECTION ( 'NONE',  ( -1.000000000000000000, 0.0000000000000000000, -0.0000000000000000000 ) ) ;
#4336 = EDGE_CURVE ( 'NONE', #244, #2205, #1400, .T. ) ;
#4337 = ORIENTED_EDGE ( 'NONE', *, *, #1, .F. ) ;
#4338 = LINE ( 'NONE', #2965, #672 ) ;
#4339 = CARTESIAN_POINT ( 'NONE',  ( 0.4942664688103074466, 0.0000000000000000000, -0.1842499999999996918 ) ) ;
#4340 = DIRECTION ( 'NONE',  ( -0.0000000000000000000, 1.000000000000000000, -0.0000000000000000000 ) ) ;
#4341 = AXIS2_PLACEMENT_3D ( 'NONE', #3609, #2239, #1926 ) ;
#4342 = EDGE_CURVE ( 'NONE', #619, #2806, #4217, .T. ) ;
#4343 = VECTOR ( 'NONE', #2511, 39.37007874015748143 ) ;
#4344 = VERTEX_POINT ( 'NONE', #2028 ) ;
#4345 = VECTOR ( 'NONE', #2347, 39.37007874015748143 ) ;
#4346 = DIRECTION ( 'NONE',  ( -0.0000000000000000000, 1.000000000000000000, -0.0000000000000000000 ) ) ;
#4347 = CIRCLE ( 'NONE', #1716, 0.008500000000000193165 ) ;
#4348 = LINE ( 'NONE', #3229, #4211 ) ;
#4349 = EDGE_CURVE ( 'NONE', #2489, #1122, #1039, .T. ) ;
#4350 = VECTOR ( 'NONE', #2794, 39.37007874015748143 ) ;
#4351 = ORIENTED_EDGE ( 'NONE', *, *, #3952, .T. ) ;
#4352 = CARTESIAN_POINT ( 'NONE',  ( 0.4379674688103072366, 0.0000000000000000000, -0.04999999999999999584 ) ) ;
#4353 = CYLINDRICAL_SURFACE ( 'NONE', #14, 0.03599999999999999728 ) ;
#4354 = EDGE_LOOP ( 'NONE', ( #263, #242, #1651, #1727 ) ) ;
#4355 = ADVANCED_FACE ( 'NONE', ( #3097 ), #2779, .F. ) ;
#4356 = CARTESIAN_POINT ( 'NONE',  ( 0.03796746881030720056, 0.0000000000000000000, -0.08155000000000058036 ) ) ;
#4357 = ORIENTED_EDGE ( 'NONE', *, *, #1464, .F. ) ;
#4358 = COLOUR_RGB ( '',1.000000000000000000, 0.8078431372549019773, 0.4980392156862745168 ) ;
#4359 = AXIS2_PLACEMENT_3D ( 'NONE', #612, #3033, #3719 ) ;
#4360 = EDGE_LOOP ( 'NONE', ( #4255, #988, #1668, #1782 ) ) ;
#4361 = DIRECTION ( 'NONE',  ( 0.0000000000000000000, 0.0000000000000000000, 1.000000000000000000 ) ) ;
#4362 = LINE ( 'NONE', #1612, #3123 ) ;
#4363 = AXIS2_PLACEMENT_3D ( 'NONE', #1953, #2910, #4011 ) ;
#4364 = CARTESIAN_POINT ( 'NONE',  ( 0.6379674688103071922, 4.435068026000317697E-17, -0.04999999999999999584 ) ) ;
#4365 =( LENGTH_UNIT ( ) NAMED_UNIT ( * ) SI_UNIT ( $, .METRE. ) );
#4366 = ORIENTED_EDGE ( 'NONE', *, *, #1485, .T. ) ;
#4367 = ADVANCED_FACE ( 'NONE', ( #728 ), #3216, .F. ) ;
#4368 = DIRECTION ( 'NONE',  ( -0.0000000000000000000, 1.000000000000000000, -0.0000000000000000000 ) ) ;
#4369 = CARTESIAN_POINT ( 'NONE',  ( 1.067128122525102820E-18, -5.466532328874658591E-19, 0.0000000000000000000 ) ) ;
#4370 = DIRECTION ( 'NONE',  ( -0.0000000000000000000, 1.000000000000000000, -0.0000000000000000000 ) ) ;
#4371 = EDGE_CURVE ( 'NONE', #1936, #2174, #3449, .T. ) ;
#4372 = EDGE_LOOP ( 'NONE', ( #2739, #2153, #3472, #3806 ) ) ;
#4373 = DIRECTION ( 'NONE',  ( -1.000000000000000000, -0.0000000000000000000, -0.0000000000000000000 ) ) ;
#4374 = ADVANCED_FACE ( 'NONE', ( #3115 ), #3077, .T. ) ;
#4375 = CARTESIAN_POINT ( 'NONE',  ( 0.008500000000000194900, -1.067128122525102820E-18, 0.0000000000000000000 ) ) ;
#4376 = VERTEX_POINT ( 'NONE', #3403 ) ;
#4377 = CARTESIAN_POINT ( 'NONE',  ( 0.6379674688103071922, 0.0000000000000000000, -0.1499999999999999944 ) ) ;
#4378 = DIRECTION ( 'NONE',  ( -1.000000000000000000, -0.0000000000000000000, -0.0000000000000000000 ) ) ;
#4379 = ORIENTED_EDGE ( 'NONE', *, *, #1748, .T. ) ;
#4380 = DIRECTION ( 'NONE',  ( -0.9396926207859092051, 0.0000000000000000000, 0.3420201433256665480 ) ) ;
#4381 = EDGE_LOOP ( 'NONE', ( #4382, #1286, #4203, #2450 ) ) ;
#4382 = ORIENTED_EDGE ( 'NONE', *, *, #971, .T. ) ;
#4383 = DIRECTION ( 'NONE',  ( 0.0000000000000000000, 0.0000000000000000000, 1.000000000000000000 ) ) ;
#4384 = DIRECTION ( 'NONE',  ( -0.0000000000000000000, 1.000000000000000000, -0.0000000000000000000 ) ) ;
#4385 = VERTEX_POINT ( 'NONE', #346 ) ;
#4386 = NEXT_ASSEMBLY_USAGE_OCCURRENCE ( 'NAUO1', ' ', ' ', #353, #2564, $ ) ;
#4387 = NEXT_ASSEMBLY_USAGE_OCCURRENCE ( 'NAUO2', ' ', ' ', #353, #3679, $ ) ;
#4388 = NEXT_ASSEMBLY_USAGE_OCCURRENCE ( 'NAUO3', ' ', ' ', #353, #3679, $ ) ;
#4389 = NEXT_ASSEMBLY_USAGE_OCCURRENCE ( 'NAUO4', ' ', ' ', #353, #3679, $ ) ;
#4390 = NEXT_ASSEMBLY_USAGE_OCCURRENCE ( 'NAUO5', ' ', ' ', #353, #3679, $ ) ;
#4391 = NEXT_ASSEMBLY_USAGE_OCCURRENCE ( 'NAUO6', ' ', ' ', #353, #3679, $ ) ;
#4392 = NEXT_ASSEMBLY_USAGE_OCCURRENCE ( 'NAUO7', ' ', ' ', #353, #3679, $ ) ;
#4393 = NEXT_ASSEMBLY_USAGE_OCCURRENCE ( 'NAUO8', ' ', ' ', #353, #3679, $ ) ;
#4394 = NEXT_ASSEMBLY_USAGE_OCCURRENCE ( 'NAUO9', ' ', ' ', #353, #3679, $ ) ;
#4395 = NEXT_ASSEMBLY_USAGE_OCCURRENCE ( 'NAUO10', ' ', ' ', #353, #3679, $ ) ;
#4396 = NEXT_ASSEMBLY_USAGE_OCCURRENCE ( 'NAUO11', ' ', ' ', #353, #3679, $ ) ;
#4397 = NEXT_ASSEMBLY_USAGE_OCCURRENCE ( 'NAUO12', ' ', ' ', #353, #3679, $ ) ;
#4398 = NEXT_ASSEMBLY_USAGE_OCCURRENCE ( 'NAUO13', ' ', ' ', #353, #3679, $ ) ;
#4399 = NEXT_ASSEMBLY_USAGE_OCCURRENCE ( 'NAUO14', ' ', ' ', #353, #3679, $ ) ;
#4400 = NEXT_ASSEMBLY_USAGE_OCCURRENCE ( 'NAUO15', ' ', ' ', #353, #3679, $ ) ;
#4401 = NEXT_ASSEMBLY_USAGE_OCCURRENCE ( 'NAUO16', ' ', ' ', #353, #3679, $ ) ;
#4402 = NEXT_ASSEMBLY_USAGE_OCCURRENCE ( 'NAUO17', ' ', ' ', #353, #3679, $ ) ;
ENDSEC;
END-ISO-10303-21;
