ISO-10303-21;
HEADER;
/* Generated by software containing ST-Developer
 * from STEP Tools, Inc. (www.steptools.com) 
 */

FILE_DESCRIPTION(
/* description */ ('STEP AP242'),
/* implementation_level */ '2;1');

FILE_NAME(
/* name */ 'samtec-FTSH-105-01-L-D-K.step',
/* time_stamp */ '2026-09-21T08:14:15+01:00',
/* author */ (''),
/* organization */ (''),
/* preprocessor_version */ 'ST-DEVELOPER v20.2',
/* originating_system */ 'Autodesk Translation Framework v15.15.0.0',
/* authorisation */ '');

FILE_SCHEMA (('AUTOMOTIVE_DESIGN { 1 0 10303 214 3 1 1 }'));
ENDSEC;

DATA;
#10=MECHANICAL_DESIGN_GEOMETRIC_PRESENTATION_REPRESENTATION('',(#33,#34,
#35),#7139);
#11=ITEM_DEFINED_TRANSFORMATION($,$,#4530,#4765);
#12=ITEM_DEFINED_TRANSFORMATION($,$,#4621,#4766);
#13=ITEM_DEFINED_TRANSFORMATION($,$,#4673,#4767);
#14=ITEM_DEFINED_TRANSFORMATION($,$,#4529,#4768);
#15=(
REPRESENTATION_RELATIONSHIP($,$,#7163,#7162)
REPRESENTATION_RELATIONSHIP_WITH_TRANSFORMATION(#11)
SHAPE_REPRESENTATION_RELATIONSHIP()
);
#16=(
REPRESENTATION_RELATIONSHIP($,$,#7164,#7162)
REPRESENTATION_RELATIONSHIP_WITH_TRANSFORMATION(#12)
SHAPE_REPRESENTATION_RELATIONSHIP()
);
#17=(
REPRESENTATION_RELATIONSHIP($,$,#7165,#7162)
REPRESENTATION_RELATIONSHIP_WITH_TRANSFORMATION(#13)
SHAPE_REPRESENTATION_RELATIONSHIP()
);
#18=(
REPRESENTATION_RELATIONSHIP($,$,#7162,#7161)
REPRESENTATION_RELATIONSHIP_WITH_TRANSFORMATION(#14)
SHAPE_REPRESENTATION_RELATIONSHIP()
);
#19=CONTEXT_DEPENDENT_SHAPE_REPRESENTATION(#15,#7157);
#20=CONTEXT_DEPENDENT_SHAPE_REPRESENTATION(#16,#7158);
#21=CONTEXT_DEPENDENT_SHAPE_REPRESENTATION(#17,#7159);
#22=CONTEXT_DEPENDENT_SHAPE_REPRESENTATION(#18,#7160);
#23=NEXT_ASSEMBLY_USAGE_OCCURRENCE('FTSH-105-01-L-D-K_body:1',
'FTSH-105-01-L-D-K_body:1','FTSH-105-01-L-D-K_body:1',#7168,#7169,
'FTSH-105-01-L-D-K_body:1');
#24=NEXT_ASSEMBLY_USAGE_OCCURRENCE('FTSH-105-01-L-D-K_pins2:1',
'FTSH-105-01-L-D-K_pins2:1','FTSH-105-01-L-D-K_pins2:1',#7168,#7170,
'FTSH-105-01-L-D-K_pins2:1');
#25=NEXT_ASSEMBLY_USAGE_OCCURRENCE('FTSH-105-01-L-D-K_pins1:1',
'FTSH-105-01-L-D-K_pins1:1','FTSH-105-01-L-D-K_pins1:1',#7168,#7171,
'FTSH-105-01-L-D-K_pins1:1');
#26=NEXT_ASSEMBLY_USAGE_OCCURRENCE('FTSH-105-01-L-D-K:1',
'FTSH-105-01-L-D-K:1','FTSH-105-01-L-D-K:1',#7167,#7168,
'FTSH-105-01-L-D-K:1');
#27=SHAPE_REPRESENTATION_RELATIONSHIP('SRR','None',#7163,#30);
#28=SHAPE_REPRESENTATION_RELATIONSHIP('SRR','None',#7164,#31);
#29=SHAPE_REPRESENTATION_RELATIONSHIP('SRR','None',#7165,#32);
#30=ADVANCED_BREP_SHAPE_REPRESENTATION('',(#36),#7136);
#31=ADVANCED_BREP_SHAPE_REPRESENTATION('',(#37),#7137);
#32=ADVANCED_BREP_SHAPE_REPRESENTATION('',(#38),#7138);
#33=STYLED_ITEM('',(#7191),#36);
#34=STYLED_ITEM('',(#7192),#37);
#35=STYLED_ITEM('',(#7193),#38);
#36=MANIFOLD_SOLID_BREP('Body1',#4491);
#37=MANIFOLD_SOLID_BREP('Body1',#4492);
#38=MANIFOLD_SOLID_BREP('Body1',#4493);
#39=FACE_BOUND('',#341,.T.);
#40=FACE_BOUND('',#342,.T.);
#41=FACE_BOUND('',#343,.T.);
#42=FACE_BOUND('',#344,.T.);
#43=FACE_BOUND('',#345,.T.);
#44=FACE_BOUND('',#346,.T.);
#45=FACE_BOUND('',#347,.T.);
#46=FACE_BOUND('',#348,.T.);
#47=FACE_BOUND('',#349,.T.);
#48=FACE_BOUND('',#350,.T.);
#49=FACE_BOUND('',#352,.T.);
#50=FACE_BOUND('',#353,.T.);
#51=FACE_BOUND('',#354,.T.);
#52=FACE_BOUND('',#355,.T.);
#53=FACE_OUTER_BOUND('',#285,.T.);
#54=FACE_OUTER_BOUND('',#286,.T.);
#55=FACE_OUTER_BOUND('',#287,.T.);
#56=FACE_OUTER_BOUND('',#288,.T.);
#57=FACE_OUTER_BOUND('',#289,.T.);
#58=FACE_OUTER_BOUND('',#290,.T.);
#59=FACE_OUTER_BOUND('',#291,.T.);
#60=FACE_OUTER_BOUND('',#292,.T.);
#61=FACE_OUTER_BOUND('',#293,.T.);
#62=FACE_OUTER_BOUND('',#294,.T.);
#63=FACE_OUTER_BOUND('',#295,.T.);
#64=FACE_OUTER_BOUND('',#296,.T.);
#65=FACE_OUTER_BOUND('',#297,.T.);
#66=FACE_OUTER_BOUND('',#298,.T.);
#67=FACE_OUTER_BOUND('',#299,.T.);
#68=FACE_OUTER_BOUND('',#300,.T.);
#69=FACE_OUTER_BOUND('',#301,.T.);
#70=FACE_OUTER_BOUND('',#302,.T.);
#71=FACE_OUTER_BOUND('',#303,.T.);
#72=FACE_OUTER_BOUND('',#304,.T.);
#73=FACE_OUTER_BOUND('',#305,.T.);
#74=FACE_OUTER_BOUND('',#306,.T.);
#75=FACE_OUTER_BOUND('',#307,.T.);
#76=FACE_OUTER_BOUND('',#308,.T.);
#77=FACE_OUTER_BOUND('',#309,.T.);
#78=FACE_OUTER_BOUND('',#310,.T.);
#79=FACE_OUTER_BOUND('',#311,.T.);
#80=FACE_OUTER_BOUND('',#312,.T.);
#81=FACE_OUTER_BOUND('',#313,.T.);
#82=FACE_OUTER_BOUND('',#314,.T.);
#83=FACE_OUTER_BOUND('',#315,.T.);
#84=FACE_OUTER_BOUND('',#316,.T.);
#85=FACE_OUTER_BOUND('',#317,.T.);
#86=FACE_OUTER_BOUND('',#318,.T.);
#87=FACE_OUTER_BOUND('',#319,.T.);
#88=FACE_OUTER_BOUND('',#320,.T.);
#89=FACE_OUTER_BOUND('',#321,.T.);
#90=FACE_OUTER_BOUND('',#322,.T.);
#91=FACE_OUTER_BOUND('',#323,.T.);
#92=FACE_OUTER_BOUND('',#324,.T.);
#93=FACE_OUTER_BOUND('',#325,.T.);
#94=FACE_OUTER_BOUND('',#326,.T.);
#95=FACE_OUTER_BOUND('',#327,.T.);
#96=FACE_OUTER_BOUND('',#328,.T.);
#97=FACE_OUTER_BOUND('',#329,.T.);
#98=FACE_OUTER_BOUND('',#330,.T.);
#99=FACE_OUTER_BOUND('',#331,.T.);
#100=FACE_OUTER_BOUND('',#332,.T.);
#101=FACE_OUTER_BOUND('',#333,.T.);
#102=FACE_OUTER_BOUND('',#334,.T.);
#103=FACE_OUTER_BOUND('',#335,.T.);
#104=FACE_OUTER_BOUND('',#336,.T.);
#105=FACE_OUTER_BOUND('',#337,.T.);
#106=FACE_OUTER_BOUND('',#338,.T.);
#107=FACE_OUTER_BOUND('',#339,.T.);
#108=FACE_OUTER_BOUND('',#340,.T.);
#109=FACE_OUTER_BOUND('',#351,.T.);
#110=FACE_OUTER_BOUND('',#356,.T.);
#111=FACE_OUTER_BOUND('',#357,.T.);
#112=FACE_OUTER_BOUND('',#358,.T.);
#113=FACE_OUTER_BOUND('',#359,.T.);
#114=FACE_OUTER_BOUND('',#360,.T.);
#115=FACE_OUTER_BOUND('',#361,.T.);
#116=FACE_OUTER_BOUND('',#362,.T.);
#117=FACE_OUTER_BOUND('',#363,.T.);
#118=FACE_OUTER_BOUND('',#364,.T.);
#119=FACE_OUTER_BOUND('',#365,.T.);
#120=FACE_OUTER_BOUND('',#366,.T.);
#121=FACE_OUTER_BOUND('',#367,.T.);
#122=FACE_OUTER_BOUND('',#368,.T.);
#123=FACE_OUTER_BOUND('',#369,.T.);
#124=FACE_OUTER_BOUND('',#370,.T.);
#125=FACE_OUTER_BOUND('',#371,.T.);
#126=FACE_OUTER_BOUND('',#372,.T.);
#127=FACE_OUTER_BOUND('',#373,.T.);
#128=FACE_OUTER_BOUND('',#374,.T.);
#129=FACE_OUTER_BOUND('',#375,.T.);
#130=FACE_OUTER_BOUND('',#376,.T.);
#131=FACE_OUTER_BOUND('',#377,.T.);
#132=FACE_OUTER_BOUND('',#378,.T.);
#133=FACE_OUTER_BOUND('',#379,.T.);
#134=FACE_OUTER_BOUND('',#380,.T.);
#135=FACE_OUTER_BOUND('',#381,.T.);
#136=FACE_OUTER_BOUND('',#382,.T.);
#137=FACE_OUTER_BOUND('',#383,.T.);
#138=FACE_OUTER_BOUND('',#384,.T.);
#139=FACE_OUTER_BOUND('',#385,.T.);
#140=FACE_OUTER_BOUND('',#386,.T.);
#141=FACE_OUTER_BOUND('',#387,.T.);
#142=FACE_OUTER_BOUND('',#388,.T.);
#143=FACE_OUTER_BOUND('',#389,.T.);
#144=FACE_OUTER_BOUND('',#390,.T.);
#145=FACE_OUTER_BOUND('',#391,.T.);
#146=FACE_OUTER_BOUND('',#392,.T.);
#147=FACE_OUTER_BOUND('',#393,.T.);
#148=FACE_OUTER_BOUND('',#394,.T.);
#149=FACE_OUTER_BOUND('',#395,.T.);
#150=FACE_OUTER_BOUND('',#396,.T.);
#151=FACE_OUTER_BOUND('',#397,.T.);
#152=FACE_OUTER_BOUND('',#398,.T.);
#153=FACE_OUTER_BOUND('',#399,.T.);
#154=FACE_OUTER_BOUND('',#400,.T.);
#155=FACE_OUTER_BOUND('',#401,.T.);
#156=FACE_OUTER_BOUND('',#402,.T.);
#157=FACE_OUTER_BOUND('',#403,.T.);
#158=FACE_OUTER_BOUND('',#404,.T.);
#159=FACE_OUTER_BOUND('',#405,.T.);
#160=FACE_OUTER_BOUND('',#406,.T.);
#161=FACE_OUTER_BOUND('',#407,.T.);
#162=FACE_OUTER_BOUND('',#408,.T.);
#163=FACE_OUTER_BOUND('',#409,.T.);
#164=FACE_OUTER_BOUND('',#410,.T.);
#165=FACE_OUTER_BOUND('',#411,.T.);
#166=FACE_OUTER_BOUND('',#412,.T.);
#167=FACE_OUTER_BOUND('',#413,.T.);
#168=FACE_OUTER_BOUND('',#414,.T.);
#169=FACE_OUTER_BOUND('',#415,.T.);
#170=FACE_OUTER_BOUND('',#416,.T.);
#171=FACE_OUTER_BOUND('',#417,.T.);
#172=FACE_OUTER_BOUND('',#418,.T.);
#173=FACE_OUTER_BOUND('',#419,.T.);
#174=FACE_OUTER_BOUND('',#420,.T.);
#175=FACE_OUTER_BOUND('',#421,.T.);
#176=FACE_OUTER_BOUND('',#422,.T.);
#177=FACE_OUTER_BOUND('',#423,.T.);
#178=FACE_OUTER_BOUND('',#424,.T.);
#179=FACE_OUTER_BOUND('',#425,.T.);
#180=FACE_OUTER_BOUND('',#426,.T.);
#181=FACE_OUTER_BOUND('',#427,.T.);
#182=FACE_OUTER_BOUND('',#428,.T.);
#183=FACE_OUTER_BOUND('',#429,.T.);
#184=FACE_OUTER_BOUND('',#430,.T.);
#185=FACE_OUTER_BOUND('',#431,.T.);
#186=FACE_OUTER_BOUND('',#432,.T.);
#187=FACE_OUTER_BOUND('',#433,.T.);
#188=FACE_OUTER_BOUND('',#434,.T.);
#189=FACE_OUTER_BOUND('',#435,.T.);
#190=FACE_OUTER_BOUND('',#436,.T.);
#191=FACE_OUTER_BOUND('',#437,.T.);
#192=FACE_OUTER_BOUND('',#438,.T.);
#193=FACE_OUTER_BOUND('',#439,.T.);
#194=FACE_OUTER_BOUND('',#440,.T.);
#195=FACE_OUTER_BOUND('',#441,.T.);
#196=FACE_OUTER_BOUND('',#442,.T.);
#197=FACE_OUTER_BOUND('',#443,.T.);
#198=FACE_OUTER_BOUND('',#444,.T.);
#199=FACE_OUTER_BOUND('',#445,.T.);
#200=FACE_OUTER_BOUND('',#446,.T.);
#201=FACE_OUTER_BOUND('',#447,.T.);
#202=FACE_OUTER_BOUND('',#448,.T.);
#203=FACE_OUTER_BOUND('',#449,.T.);
#204=FACE_OUTER_BOUND('',#450,.T.);
#205=FACE_OUTER_BOUND('',#451,.T.);
#206=FACE_OUTER_BOUND('',#452,.T.);
#207=FACE_OUTER_BOUND('',#453,.T.);
#208=FACE_OUTER_BOUND('',#454,.T.);
#209=FACE_OUTER_BOUND('',#455,.T.);
#210=FACE_OUTER_BOUND('',#456,.T.);
#211=FACE_OUTER_BOUND('',#457,.T.);
#212=FACE_OUTER_BOUND('',#458,.T.);
#213=FACE_OUTER_BOUND('',#459,.T.);
#214=FACE_OUTER_BOUND('',#460,.T.);
#215=FACE_OUTER_BOUND('',#461,.T.);
#216=FACE_OUTER_BOUND('',#462,.T.);
#217=FACE_OUTER_BOUND('',#463,.T.);
#218=FACE_OUTER_BOUND('',#464,.T.);
#219=FACE_OUTER_BOUND('',#465,.T.);
#220=FACE_OUTER_BOUND('',#466,.T.);
#221=FACE_OUTER_BOUND('',#467,.T.);
#222=FACE_OUTER_BOUND('',#468,.T.);
#223=FACE_OUTER_BOUND('',#469,.T.);
#224=FACE_OUTER_BOUND('',#470,.T.);
#225=FACE_OUTER_BOUND('',#471,.T.);
#226=FACE_OUTER_BOUND('',#472,.T.);
#227=FACE_OUTER_BOUND('',#473,.T.);
#228=FACE_OUTER_BOUND('',#474,.T.);
#229=FACE_OUTER_BOUND('',#475,.T.);
#230=FACE_OUTER_BOUND('',#476,.T.);
#231=FACE_OUTER_BOUND('',#477,.T.);
#232=FACE_OUTER_BOUND('',#478,.T.);
#233=FACE_OUTER_BOUND('',#479,.T.);
#234=FACE_OUTER_BOUND('',#480,.T.);
#235=FACE_OUTER_BOUND('',#481,.T.);
#236=FACE_OUTER_BOUND('',#482,.T.);
#237=FACE_OUTER_BOUND('',#483,.T.);
#238=FACE_OUTER_BOUND('',#484,.T.);
#239=FACE_OUTER_BOUND('',#485,.T.);
#240=FACE_OUTER_BOUND('',#486,.T.);
#241=FACE_OUTER_BOUND('',#487,.T.);
#242=FACE_OUTER_BOUND('',#488,.T.);
#243=FACE_OUTER_BOUND('',#489,.T.);
#244=FACE_OUTER_BOUND('',#490,.T.);
#245=FACE_OUTER_BOUND('',#491,.T.);
#246=FACE_OUTER_BOUND('',#492,.T.);
#247=FACE_OUTER_BOUND('',#493,.T.);
#248=FACE_OUTER_BOUND('',#494,.T.);
#249=FACE_OUTER_BOUND('',#495,.T.);
#250=FACE_OUTER_BOUND('',#496,.T.);
#251=FACE_OUTER_BOUND('',#497,.T.);
#252=FACE_OUTER_BOUND('',#498,.T.);
#253=FACE_OUTER_BOUND('',#499,.T.);
#254=FACE_OUTER_BOUND('',#500,.T.);
#255=FACE_OUTER_BOUND('',#501,.T.);
#256=FACE_OUTER_BOUND('',#502,.T.);
#257=FACE_OUTER_BOUND('',#503,.T.);
#258=FACE_OUTER_BOUND('',#504,.T.);
#259=FACE_OUTER_BOUND('',#505,.T.);
#260=FACE_OUTER_BOUND('',#506,.T.);
#261=FACE_OUTER_BOUND('',#507,.T.);
#262=FACE_OUTER_BOUND('',#508,.T.);
#263=FACE_OUTER_BOUND('',#509,.T.);
#264=FACE_OUTER_BOUND('',#510,.T.);
#265=FACE_OUTER_BOUND('',#511,.T.);
#266=FACE_OUTER_BOUND('',#512,.T.);
#267=FACE_OUTER_BOUND('',#513,.T.);
#268=FACE_OUTER_BOUND('',#514,.T.);
#269=FACE_OUTER_BOUND('',#515,.T.);
#270=FACE_OUTER_BOUND('',#516,.T.);
#271=FACE_OUTER_BOUND('',#517,.T.);
#272=FACE_OUTER_BOUND('',#518,.T.);
#273=FACE_OUTER_BOUND('',#519,.T.);
#274=FACE_OUTER_BOUND('',#520,.T.);
#275=FACE_OUTER_BOUND('',#521,.T.);
#276=FACE_OUTER_BOUND('',#522,.T.);
#277=FACE_OUTER_BOUND('',#523,.T.);
#278=FACE_OUTER_BOUND('',#524,.T.);
#279=FACE_OUTER_BOUND('',#525,.T.);
#280=FACE_OUTER_BOUND('',#526,.T.);
#281=FACE_OUTER_BOUND('',#527,.T.);
#282=FACE_OUTER_BOUND('',#528,.T.);
#283=FACE_OUTER_BOUND('',#529,.T.);
#284=FACE_OUTER_BOUND('',#530,.T.);
#285=EDGE_LOOP('',(#2787,#2788,#2789,#2790,#2791,#2792,#2793,#2794,#2795,
#2796));
#286=EDGE_LOOP('',(#2797,#2798,#2799,#2800,#2801));
#287=EDGE_LOOP('',(#2802,#2803,#2804,#2805,#2806));
#288=EDGE_LOOP('',(#2807,#2808,#2809,#2810));
#289=EDGE_LOOP('',(#2811,#2812,#2813,#2814));
#290=EDGE_LOOP('',(#2815,#2816,#2817,#2818));
#291=EDGE_LOOP('',(#2819,#2820,#2821,#2822));
#292=EDGE_LOOP('',(#2823,#2824,#2825,#2826));
#293=EDGE_LOOP('',(#2827,#2828,#2829,#2830));
#294=EDGE_LOOP('',(#2831,#2832,#2833,#2834));
#295=EDGE_LOOP('',(#2835,#2836,#2837,#2838));
#296=EDGE_LOOP('',(#2839,#2840,#2841,#2842));
#297=EDGE_LOOP('',(#2843,#2844,#2845,#2846));
#298=EDGE_LOOP('',(#2847,#2848,#2849,#2850));
#299=EDGE_LOOP('',(#2851,#2852,#2853,#2854));
#300=EDGE_LOOP('',(#2855,#2856,#2857,#2858));
#301=EDGE_LOOP('',(#2859,#2860,#2861,#2862));
#302=EDGE_LOOP('',(#2863,#2864,#2865,#2866));
#303=EDGE_LOOP('',(#2867,#2868,#2869,#2870));
#304=EDGE_LOOP('',(#2871,#2872,#2873,#2874));
#305=EDGE_LOOP('',(#2875,#2876,#2877,#2878));
#306=EDGE_LOOP('',(#2879,#2880,#2881,#2882));
#307=EDGE_LOOP('',(#2883,#2884,#2885,#2886));
#308=EDGE_LOOP('',(#2887,#2888,#2889,#2890));
#309=EDGE_LOOP('',(#2891,#2892,#2893,#2894));
#310=EDGE_LOOP('',(#2895,#2896,#2897,#2898));
#311=EDGE_LOOP('',(#2899,#2900,#2901,#2902));
#312=EDGE_LOOP('',(#2903,#2904,#2905,#2906));
#313=EDGE_LOOP('',(#2907,#2908,#2909,#2910));
#314=EDGE_LOOP('',(#2911,#2912,#2913,#2914));
#315=EDGE_LOOP('',(#2915,#2916,#2917,#2918));
#316=EDGE_LOOP('',(#2919,#2920,#2921,#2922));
#317=EDGE_LOOP('',(#2923,#2924,#2925,#2926));
#318=EDGE_LOOP('',(#2927,#2928,#2929,#2930));
#319=EDGE_LOOP('',(#2931,#2932,#2933,#2934));
#320=EDGE_LOOP('',(#2935,#2936,#2937,#2938));
#321=EDGE_LOOP('',(#2939,#2940,#2941,#2942));
#322=EDGE_LOOP('',(#2943,#2944,#2945,#2946));
#323=EDGE_LOOP('',(#2947,#2948,#2949,#2950));
#324=EDGE_LOOP('',(#2951,#2952,#2953,#2954,#2955,#2956,#2957,#2958,#2959,
#2960,#2961,#2962));
#325=EDGE_LOOP('',(#2963,#2964,#2965,#2966));
#326=EDGE_LOOP('',(#2967,#2968,#2969,#2970,#2971,#2972,#2973,#2974,#2975,
#2976,#2977,#2978));
#327=EDGE_LOOP('',(#2979,#2980,#2981,#2982,#2983,#2984));
#328=EDGE_LOOP('',(#2985,#2986,#2987,#2988));
#329=EDGE_LOOP('',(#2989,#2990,#2991,#2992,#2993,#2994));
#330=EDGE_LOOP('',(#2995,#2996,#2997,#2998));
#331=EDGE_LOOP('',(#2999,#3000,#3001,#3002));
#332=EDGE_LOOP('',(#3003,#3004,#3005,#3006,#3007,#3008));
#333=EDGE_LOOP('',(#3009,#3010,#3011,#3012));
#334=EDGE_LOOP('',(#3013,#3014,#3015,#3016,#3017,#3018));
#335=EDGE_LOOP('',(#3019,#3020,#3021,#3022,#3023,#3024));
#336=EDGE_LOOP('',(#3025,#3026,#3027,#3028,#3029,#3030));
#337=EDGE_LOOP('',(#3031,#3032,#3033,#3034,#3035,#3036));
#338=EDGE_LOOP('',(#3037,#3038,#3039,#3040,#3041,#3042));
#339=EDGE_LOOP('',(#3043,#3044,#3045,#3046));
#340=EDGE_LOOP('',(#3047,#3048,#3049,#3050,#3051,#3052,#3053,#3054,#3055,
#3056,#3057,#3058));
#341=EDGE_LOOP('',(#3059,#3060,#3061,#3062));
#342=EDGE_LOOP('',(#3063,#3064,#3065,#3066));
#343=EDGE_LOOP('',(#3067,#3068,#3069,#3070));
#344=EDGE_LOOP('',(#3071,#3072,#3073,#3074));
#345=EDGE_LOOP('',(#3075,#3076,#3077,#3078));
#346=EDGE_LOOP('',(#3079,#3080,#3081,#3082));
#347=EDGE_LOOP('',(#3083,#3084,#3085,#3086));
#348=EDGE_LOOP('',(#3087,#3088,#3089,#3090));
#349=EDGE_LOOP('',(#3091,#3092,#3093,#3094));
#350=EDGE_LOOP('',(#3095,#3096,#3097,#3098));
#351=EDGE_LOOP('',(#3099,#3100,#3101,#3102,#3103,#3104,#3105,#3106,#3107,
#3108,#3109,#3110));
#352=EDGE_LOOP('',(#3111,#3112,#3113,#3114));
#353=EDGE_LOOP('',(#3115,#3116,#3117,#3118));
#354=EDGE_LOOP('',(#3119,#3120,#3121,#3122));
#355=EDGE_LOOP('',(#3123,#3124,#3125,#3126));
#356=EDGE_LOOP('',(#3127,#3128,#3129,#3130));
#357=EDGE_LOOP('',(#3131,#3132,#3133,#3134,#3135,#3136));
#358=EDGE_LOOP('',(#3137,#3138,#3139,#3140,#3141,#3142));
#359=EDGE_LOOP('',(#3143,#3144,#3145,#3146,#3147,#3148));
#360=EDGE_LOOP('',(#3149,#3150,#3151,#3152));
#361=EDGE_LOOP('',(#3153,#3154,#3155,#3156,#3157,#3158));
#362=EDGE_LOOP('',(#3159,#3160,#3161,#3162));
#363=EDGE_LOOP('',(#3163,#3164,#3165,#3166));
#364=EDGE_LOOP('',(#3167,#3168,#3169,#3170));
#365=EDGE_LOOP('',(#3171,#3172,#3173,#3174));
#366=EDGE_LOOP('',(#3175,#3176,#3177,#3178));
#367=EDGE_LOOP('',(#3179,#3180,#3181,#3182));
#368=EDGE_LOOP('',(#3183,#3184,#3185,#3186));
#369=EDGE_LOOP('',(#3187,#3188,#3189,#3190));
#370=EDGE_LOOP('',(#3191,#3192,#3193,#3194));
#371=EDGE_LOOP('',(#3195,#3196,#3197,#3198));
#372=EDGE_LOOP('',(#3199,#3200,#3201,#3202));
#373=EDGE_LOOP('',(#3203,#3204,#3205,#3206));
#374=EDGE_LOOP('',(#3207,#3208,#3209,#3210));
#375=EDGE_LOOP('',(#3211,#3212,#3213,#3214));
#376=EDGE_LOOP('',(#3215,#3216,#3217,#3218,#3219,#3220,#3221));
#377=EDGE_LOOP('',(#3222,#3223,#3224,#3225,#3226,#3227,#3228));
#378=EDGE_LOOP('',(#3229,#3230,#3231,#3232,#3233,#3234,#3235));
#379=EDGE_LOOP('',(#3236,#3237,#3238,#3239,#3240,#3241,#3242));
#380=EDGE_LOOP('',(#3243,#3244,#3245,#3246));
#381=EDGE_LOOP('',(#3247,#3248,#3249,#3250));
#382=EDGE_LOOP('',(#3251,#3252,#3253,#3254));
#383=EDGE_LOOP('',(#3255,#3256,#3257,#3258));
#384=EDGE_LOOP('',(#3259,#3260,#3261,#3262));
#385=EDGE_LOOP('',(#3263,#3264,#3265,#3266));
#386=EDGE_LOOP('',(#3267,#3268,#3269,#3270));
#387=EDGE_LOOP('',(#3271,#3272,#3273,#3274));
#388=EDGE_LOOP('',(#3275,#3276,#3277,#3278));
#389=EDGE_LOOP('',(#3279,#3280,#3281,#3282));
#390=EDGE_LOOP('',(#3283,#3284,#3285,#3286));
#391=EDGE_LOOP('',(#3287,#3288,#3289,#3290));
#392=EDGE_LOOP('',(#3291,#3292,#3293,#3294));
#393=EDGE_LOOP('',(#3295,#3296,#3297,#3298));
#394=EDGE_LOOP('',(#3299,#3300,#3301,#3302));
#395=EDGE_LOOP('',(#3303,#3304,#3305,#3306));
#396=EDGE_LOOP('',(#3307,#3308,#3309,#3310));
#397=EDGE_LOOP('',(#3311,#3312,#3313,#3314));
#398=EDGE_LOOP('',(#3315,#3316,#3317,#3318));
#399=EDGE_LOOP('',(#3319,#3320,#3321,#3322));
#400=EDGE_LOOP('',(#3323,#3324,#3325,#3326));
#401=EDGE_LOOP('',(#3327,#3328,#3329,#3330));
#402=EDGE_LOOP('',(#3331,#3332,#3333,#3334));
#403=EDGE_LOOP('',(#3335,#3336,#3337,#3338));
#404=EDGE_LOOP('',(#3339,#3340,#3341,#3342));
#405=EDGE_LOOP('',(#3343,#3344,#3345,#3346));
#406=EDGE_LOOP('',(#3347,#3348,#3349,#3350));
#407=EDGE_LOOP('',(#3351,#3352,#3353,#3354));
#408=EDGE_LOOP('',(#3355,#3356,#3357,#3358));
#409=EDGE_LOOP('',(#3359,#3360,#3361,#3362));
#410=EDGE_LOOP('',(#3363,#3364,#3365,#3366));
#411=EDGE_LOOP('',(#3367,#3368,#3369,#3370));
#412=EDGE_LOOP('',(#3371,#3372,#3373,#3374));
#413=EDGE_LOOP('',(#3375,#3376,#3377,#3378));
#414=EDGE_LOOP('',(#3379,#3380,#3381,#3382));
#415=EDGE_LOOP('',(#3383,#3384,#3385,#3386));
#416=EDGE_LOOP('',(#3387,#3388,#3389,#3390,#3391,#3392,#3393,#3394,#3395,
#3396,#3397,#3398,#3399,#3400,#3401,#3402,#3403,#3404,#3405,#3406,#3407,
#3408,#3409,#3410,#3411,#3412,#3413,#3414,#3415,#3416,#3417,#3418,#3419,
#3420,#3421,#3422));
#417=EDGE_LOOP('',(#3423,#3424,#3425,#3426));
#418=EDGE_LOOP('',(#3427,#3428,#3429,#3430));
#419=EDGE_LOOP('',(#3431,#3432,#3433,#3434));
#420=EDGE_LOOP('',(#3435,#3436,#3437,#3438,#3439,#3440,#3441,#3442,#3443,
#3444,#3445,#3446,#3447,#3448,#3449,#3450,#3451,#3452,#3453,#3454));
#421=EDGE_LOOP('',(#3455,#3456,#3457,#3458,#3459,#3460,#3461,#3462,#3463,
#3464,#3465,#3466,#3467,#3468,#3469,#3470,#3471,#3472,#3473,#3474));
#422=EDGE_LOOP('',(#3475,#3476,#3477,#3478,#3479,#3480,#3481,#3482,#3483));
#423=EDGE_LOOP('',(#3484,#3485,#3486,#3487,#3488,#3489,#3490,#3491,#3492));
#424=EDGE_LOOP('',(#3493,#3494,#3495,#3496,#3497));
#425=EDGE_LOOP('',(#3498,#3499,#3500,#3501,#3502));
#426=EDGE_LOOP('',(#3503,#3504,#3505,#3506,#3507));
#427=EDGE_LOOP('',(#3508,#3509,#3510,#3511,#3512));
#428=EDGE_LOOP('',(#3513,#3514,#3515,#3516,#3517));
#429=EDGE_LOOP('',(#3518,#3519,#3520,#3521,#3522));
#430=EDGE_LOOP('',(#3523,#3524,#3525,#3526,#3527));
#431=EDGE_LOOP('',(#3528,#3529,#3530,#3531,#3532));
#432=EDGE_LOOP('',(#3533,#3534,#3535,#3536,#3537));
#433=EDGE_LOOP('',(#3538,#3539,#3540,#3541,#3542));
#434=EDGE_LOOP('',(#3543,#3544,#3545,#3546,#3547));
#435=EDGE_LOOP('',(#3548,#3549,#3550,#3551,#3552));
#436=EDGE_LOOP('',(#3553,#3554,#3555,#3556,#3557));
#437=EDGE_LOOP('',(#3558,#3559,#3560,#3561,#3562));
#438=EDGE_LOOP('',(#3563,#3564,#3565,#3566,#3567));
#439=EDGE_LOOP('',(#3568,#3569,#3570,#3571,#3572));
#440=EDGE_LOOP('',(#3573,#3574,#3575,#3576));
#441=EDGE_LOOP('',(#3577,#3578,#3579,#3580));
#442=EDGE_LOOP('',(#3581,#3582,#3583,#3584));
#443=EDGE_LOOP('',(#3585,#3586,#3587,#3588));
#444=EDGE_LOOP('',(#3589,#3590,#3591,#3592));
#445=EDGE_LOOP('',(#3593,#3594,#3595,#3596));
#446=EDGE_LOOP('',(#3597,#3598,#3599,#3600));
#447=EDGE_LOOP('',(#3601,#3602,#3603,#3604));
#448=EDGE_LOOP('',(#3605,#3606,#3607,#3608));
#449=EDGE_LOOP('',(#3609,#3610,#3611,#3612));
#450=EDGE_LOOP('',(#3613,#3614,#3615,#3616));
#451=EDGE_LOOP('',(#3617,#3618,#3619,#3620));
#452=EDGE_LOOP('',(#3621,#3622,#3623,#3624));
#453=EDGE_LOOP('',(#3625,#3626,#3627,#3628));
#454=EDGE_LOOP('',(#3629,#3630,#3631,#3632));
#455=EDGE_LOOP('',(#3633,#3634,#3635,#3636));
#456=EDGE_LOOP('',(#3637,#3638,#3639,#3640));
#457=EDGE_LOOP('',(#3641,#3642,#3643,#3644));
#458=EDGE_LOOP('',(#3645,#3646,#3647,#3648));
#459=EDGE_LOOP('',(#3649,#3650,#3651,#3652));
#460=EDGE_LOOP('',(#3653,#3654,#3655,#3656));
#461=EDGE_LOOP('',(#3657,#3658,#3659,#3660));
#462=EDGE_LOOP('',(#3661,#3662,#3663,#3664));
#463=EDGE_LOOP('',(#3665,#3666,#3667,#3668));
#464=EDGE_LOOP('',(#3669,#3670,#3671,#3672));
#465=EDGE_LOOP('',(#3673,#3674,#3675,#3676));
#466=EDGE_LOOP('',(#3677,#3678,#3679,#3680));
#467=EDGE_LOOP('',(#3681,#3682,#3683,#3684));
#468=EDGE_LOOP('',(#3685,#3686,#3687,#3688));
#469=EDGE_LOOP('',(#3689,#3690,#3691,#3692));
#470=EDGE_LOOP('',(#3693,#3694,#3695,#3696));
#471=EDGE_LOOP('',(#3697,#3698,#3699,#3700));
#472=EDGE_LOOP('',(#3701,#3702,#3703,#3704));
#473=EDGE_LOOP('',(#3705,#3706,#3707,#3708));
#474=EDGE_LOOP('',(#3709,#3710,#3711,#3712));
#475=EDGE_LOOP('',(#3713,#3714,#3715,#3716));
#476=EDGE_LOOP('',(#3717,#3718,#3719,#3720));
#477=EDGE_LOOP('',(#3721,#3722,#3723,#3724));
#478=EDGE_LOOP('',(#3725,#3726,#3727,#3728));
#479=EDGE_LOOP('',(#3729,#3730,#3731,#3732));
#480=EDGE_LOOP('',(#3733,#3734,#3735,#3736));
#481=EDGE_LOOP('',(#3737,#3738,#3739,#3740,#3741,#3742,#3743,#3744,#3745,
#3746,#3747,#3748,#3749,#3750,#3751,#3752,#3753,#3754,#3755,#3756));
#482=EDGE_LOOP('',(#3757,#3758,#3759,#3760,#3761,#3762,#3763,#3764,#3765,
#3766,#3767,#3768,#3769,#3770,#3771,#3772,#3773,#3774,#3775,#3776));
#483=EDGE_LOOP('',(#3777,#3778,#3779,#3780));
#484=EDGE_LOOP('',(#3781,#3782,#3783,#3784));
#485=EDGE_LOOP('',(#3785,#3786,#3787,#3788));
#486=EDGE_LOOP('',(#3789,#3790,#3791,#3792));
#487=EDGE_LOOP('',(#3793,#3794,#3795,#3796));
#488=EDGE_LOOP('',(#3797,#3798,#3799,#3800,#3801,#3802,#3803,#3804,#3805,
#3806,#3807,#3808,#3809,#3810,#3811,#3812,#3813,#3814,#3815,#3816,#3817,
#3818,#3819,#3820,#3821,#3822,#3823,#3824,#3825,#3826,#3827,#3828,#3829,
#3830,#3831,#3832));
#489=EDGE_LOOP('',(#3833,#3834,#3835,#3836));
#490=EDGE_LOOP('',(#3837,#3838,#3839,#3840));
#491=EDGE_LOOP('',(#3841,#3842,#3843,#3844));
#492=EDGE_LOOP('',(#3845,#3846,#3847,#3848));
#493=EDGE_LOOP('',(#3849,#3850,#3851,#3852,#3853,#3854,#3855,#3856,#3857));
#494=EDGE_LOOP('',(#3858,#3859,#3860,#3861,#3862,#3863,#3864,#3865,#3866));
#495=EDGE_LOOP('',(#3867,#3868,#3869,#3870));
#496=EDGE_LOOP('',(#3871,#3872,#3873,#3874));
#497=EDGE_LOOP('',(#3875,#3876,#3877,#3878));
#498=EDGE_LOOP('',(#3879,#3880,#3881,#3882));
#499=EDGE_LOOP('',(#3883,#3884,#3885,#3886));
#500=EDGE_LOOP('',(#3887,#3888,#3889,#3890));
#501=EDGE_LOOP('',(#3891,#3892,#3893,#3894,#3895));
#502=EDGE_LOOP('',(#3896,#3897,#3898,#3899,#3900));
#503=EDGE_LOOP('',(#3901,#3902,#3903,#3904));
#504=EDGE_LOOP('',(#3905,#3906,#3907,#3908));
#505=EDGE_LOOP('',(#3909,#3910,#3911,#3912,#3913));
#506=EDGE_LOOP('',(#3914,#3915,#3916,#3917,#3918));
#507=EDGE_LOOP('',(#3919,#3920,#3921,#3922));
#508=EDGE_LOOP('',(#3923,#3924,#3925,#3926));
#509=EDGE_LOOP('',(#3927,#3928,#3929,#3930,#3931));
#510=EDGE_LOOP('',(#3932,#3933,#3934,#3935,#3936));
#511=EDGE_LOOP('',(#3937,#3938,#3939,#3940));
#512=EDGE_LOOP('',(#3941,#3942,#3943,#3944));
#513=EDGE_LOOP('',(#3945,#3946,#3947,#3948,#3949));
#514=EDGE_LOOP('',(#3950,#3951,#3952,#3953,#3954));
#515=EDGE_LOOP('',(#3955,#3956,#3957,#3958,#3959));
#516=EDGE_LOOP('',(#3960,#3961,#3962,#3963,#3964));
#517=EDGE_LOOP('',(#3965,#3966,#3967,#3968));
#518=EDGE_LOOP('',(#3969,#3970,#3971,#3972));
#519=EDGE_LOOP('',(#3973,#3974,#3975,#3976,#3977));
#520=EDGE_LOOP('',(#3978,#3979,#3980,#3981,#3982));
#521=EDGE_LOOP('',(#3983,#3984,#3985,#3986));
#522=EDGE_LOOP('',(#3987,#3988,#3989,#3990));
#523=EDGE_LOOP('',(#3991,#3992,#3993,#3994,#3995));
#524=EDGE_LOOP('',(#3996,#3997,#3998,#3999,#4000));
#525=EDGE_LOOP('',(#4001,#4002,#4003,#4004));
#526=EDGE_LOOP('',(#4005,#4006,#4007,#4008));
#527=EDGE_LOOP('',(#4009,#4010,#4011,#4012,#4013));
#528=EDGE_LOOP('',(#4014,#4015,#4016,#4017,#4018));
#529=EDGE_LOOP('',(#4019,#4020,#4021,#4022));
#530=EDGE_LOOP('',(#4023,#4024,#4025,#4026));
#531=LINE('',#5877,#1151);
#532=LINE('',#5879,#1152);
#533=LINE('',#5881,#1153);
#534=LINE('',#5883,#1154);
#535=LINE('',#5885,#1155);
#536=LINE('',#5887,#1156);
#537=LINE('',#5889,#1157);
#538=LINE('',#5891,#1158);
#539=LINE('',#5893,#1159);
#540=LINE('',#5894,#1160);
#541=LINE('',#5898,#1161);
#542=LINE('',#5900,#1162);
#543=LINE('',#5902,#1163);
#544=LINE('',#5904,#1164);
#545=LINE('',#5905,#1165);
#546=LINE('',#5909,#1166);
#547=LINE('',#5911,#1167);
#548=LINE('',#5913,#1168);
#549=LINE('',#5915,#1169);
#550=LINE('',#5916,#1170);
#551=LINE('',#5918,#1171);
#552=LINE('',#5919,#1172);
#553=LINE('',#5921,#1173);
#554=LINE('',#5922,#1174);
#555=LINE('',#5926,#1175);
#556=LINE('',#5928,#1176);
#557=LINE('',#5930,#1177);
#558=LINE('',#5931,#1178);
#559=LINE('',#5935,#1179);
#560=LINE('',#5936,#1180);
#561=LINE('',#5938,#1181);
#562=LINE('',#5939,#1182);
#563=LINE('',#5943,#1183);
#564=LINE('',#5945,#1184);
#565=LINE('',#5947,#1185);
#566=LINE('',#5948,#1186);
#567=LINE('',#5952,#1187);
#568=LINE('',#5954,#1188);
#569=LINE('',#5956,#1189);
#570=LINE('',#5957,#1190);
#571=LINE('',#5961,#1191);
#572=LINE('',#5963,#1192);
#573=LINE('',#5965,#1193);
#574=LINE('',#5966,#1194);
#575=LINE('',#5970,#1195);
#576=LINE('',#5972,#1196);
#577=LINE('',#5974,#1197);
#578=LINE('',#5975,#1198);
#579=LINE('',#5979,#1199);
#580=LINE('',#5981,#1200);
#581=LINE('',#5983,#1201);
#582=LINE('',#5984,#1202);
#583=LINE('',#5987,#1203);
#584=LINE('',#5989,#1204);
#585=LINE('',#5990,#1205);
#586=LINE('',#5993,#1206);
#587=LINE('',#5995,#1207);
#588=LINE('',#5996,#1208);
#589=LINE('',#6000,#1209);
#590=LINE('',#6002,#1210);
#591=LINE('',#6004,#1211);
#592=LINE('',#6005,#1212);
#593=LINE('',#6008,#1213);
#594=LINE('',#6010,#1214);
#595=LINE('',#6011,#1215);
#596=LINE('',#6014,#1216);
#597=LINE('',#6016,#1217);
#598=LINE('',#6017,#1218);
#599=LINE('',#6021,#1219);
#600=LINE('',#6023,#1220);
#601=LINE('',#6025,#1221);
#602=LINE('',#6026,#1222);
#603=LINE('',#6029,#1223);
#604=LINE('',#6031,#1224);
#605=LINE('',#6032,#1225);
#606=LINE('',#6035,#1226);
#607=LINE('',#6037,#1227);
#608=LINE('',#6038,#1228);
#609=LINE('',#6042,#1229);
#610=LINE('',#6044,#1230);
#611=LINE('',#6046,#1231);
#612=LINE('',#6047,#1232);
#613=LINE('',#6050,#1233);
#614=LINE('',#6052,#1234);
#615=LINE('',#6053,#1235);
#616=LINE('',#6056,#1236);
#617=LINE('',#6058,#1237);
#618=LINE('',#6059,#1238);
#619=LINE('',#6063,#1239);
#620=LINE('',#6065,#1240);
#621=LINE('',#6067,#1241);
#622=LINE('',#6068,#1242);
#623=LINE('',#6071,#1243);
#624=LINE('',#6073,#1244);
#625=LINE('',#6074,#1245);
#626=LINE('',#6077,#1246);
#627=LINE('',#6079,#1247);
#628=LINE('',#6080,#1248);
#629=LINE('',#6084,#1249);
#630=LINE('',#6086,#1250);
#631=LINE('',#6088,#1251);
#632=LINE('',#6089,#1252);
#633=LINE('',#6092,#1253);
#634=LINE('',#6094,#1254);
#635=LINE('',#6095,#1255);
#636=LINE('',#6098,#1256);
#637=LINE('',#6100,#1257);
#638=LINE('',#6101,#1258);
#639=LINE('',#6105,#1259);
#640=LINE('',#6107,#1260);
#641=LINE('',#6109,#1261);
#642=LINE('',#6110,#1262);
#643=LINE('',#6114,#1263);
#644=LINE('',#6116,#1264);
#645=LINE('',#6118,#1265);
#646=LINE('',#6119,#1266);
#647=LINE('',#6121,#1267);
#648=LINE('',#6122,#1268);
#649=LINE('',#6124,#1269);
#650=LINE('',#6125,#1270);
#651=LINE('',#6127,#1271);
#652=LINE('',#6128,#1272);
#653=LINE('',#6130,#1273);
#654=LINE('',#6131,#1274);
#655=LINE('',#6133,#1275);
#656=LINE('',#6134,#1276);
#657=LINE('',#6136,#1277);
#658=LINE('',#6137,#1278);
#659=LINE('',#6141,#1279);
#660=LINE('',#6143,#1280);
#661=LINE('',#6145,#1281);
#662=LINE('',#6146,#1282);
#663=LINE('',#6150,#1283);
#664=LINE('',#6152,#1284);
#665=LINE('',#6154,#1285);
#666=LINE('',#6155,#1286);
#667=LINE('',#6159,#1287);
#668=LINE('',#6160,#1288);
#669=LINE('',#6161,#1289);
#670=LINE('',#6163,#1290);
#671=LINE('',#6165,#1291);
#672=LINE('',#6166,#1292);
#673=LINE('',#6167,#1293);
#674=LINE('',#6168,#1294);
#675=LINE('',#6171,#1295);
#676=LINE('',#6173,#1296);
#677=LINE('',#6175,#1297);
#678=LINE('',#6176,#1298);
#679=LINE('',#6179,#1299);
#680=LINE('',#6181,#1300);
#681=LINE('',#6183,#1301);
#682=LINE('',#6185,#1302);
#683=LINE('',#6186,#1303);
#684=LINE('',#6188,#1304);
#685=LINE('',#6190,#1305);
#686=LINE('',#6191,#1306);
#687=LINE('',#6192,#1307);
#688=LINE('',#6196,#1308);
#689=LINE('',#6198,#1309);
#690=LINE('',#6200,#1310);
#691=LINE('',#6201,#1311);
#692=LINE('',#6202,#1312);
#693=LINE('',#6205,#1313);
#694=LINE('',#6207,#1314);
#695=LINE('',#6208,#1315);
#696=LINE('',#6212,#1316);
#697=LINE('',#6214,#1317);
#698=LINE('',#6216,#1318);
#699=LINE('',#6217,#1319);
#700=LINE('',#6218,#1320);
#701=LINE('',#6221,#1321);
#702=LINE('',#6223,#1322);
#703=LINE('',#6224,#1323);
#704=LINE('',#6228,#1324);
#705=LINE('',#6230,#1325);
#706=LINE('',#6232,#1326);
#707=LINE('',#6233,#1327);
#708=LINE('',#6237,#1328);
#709=LINE('',#6238,#1329);
#710=LINE('',#6239,#1330);
#711=LINE('',#6240,#1331);
#712=LINE('',#6244,#1332);
#713=LINE('',#6246,#1333);
#714=LINE('',#6248,#1334);
#715=LINE('',#6249,#1335);
#716=LINE('',#6253,#1336);
#717=LINE('',#6254,#1337);
#718=LINE('',#6255,#1338);
#719=LINE('',#6256,#1339);
#720=LINE('',#6260,#1340);
#721=LINE('',#6261,#1341);
#722=LINE('',#6262,#1342);
#723=LINE('',#6263,#1343);
#724=LINE('',#6267,#1344);
#725=LINE('',#6268,#1345);
#726=LINE('',#6269,#1346);
#727=LINE('',#6270,#1347);
#728=LINE('',#6274,#1348);
#729=LINE('',#6275,#1349);
#730=LINE('',#6276,#1350);
#731=LINE('',#6277,#1351);
#732=LINE('',#6281,#1352);
#733=LINE('',#6282,#1353);
#734=LINE('',#6283,#1354);
#735=LINE('',#6284,#1355);
#736=LINE('',#6287,#1356);
#737=LINE('',#6289,#1357);
#738=LINE('',#6290,#1358);
#739=LINE('',#6292,#1359);
#740=LINE('',#6293,#1360);
#741=LINE('',#6294,#1361);
#742=LINE('',#6296,#1362);
#743=LINE('',#6297,#1363);
#744=LINE('',#6299,#1364);
#745=LINE('',#6301,#1365);
#746=LINE('',#6302,#1366);
#747=LINE('',#6303,#1367);
#748=LINE('',#6304,#1368);
#749=LINE('',#6305,#1369);
#750=LINE('',#6306,#1370);
#751=LINE('',#6308,#1371);
#752=LINE('',#6309,#1372);
#753=LINE('',#6311,#1373);
#754=LINE('',#6313,#1374);
#755=LINE('',#6315,#1375);
#756=LINE('',#6316,#1376);
#757=LINE('',#6318,#1377);
#758=LINE('',#6320,#1378);
#759=LINE('',#6322,#1379);
#760=LINE('',#6325,#1380);
#761=LINE('',#6334,#1381);
#762=LINE('',#6337,#1382);
#763=LINE('',#6340,#1383);
#764=LINE('',#6342,#1384);
#765=LINE('',#6344,#1385);
#766=LINE('',#6346,#1386);
#767=LINE('',#6348,#1387);
#768=LINE('',#6349,#1388);
#769=LINE('',#6352,#1389);
#770=LINE('',#6354,#1390);
#771=LINE('',#6355,#1391);
#772=LINE('',#6356,#1392);
#773=LINE('',#6358,#1393);
#774=LINE('',#6361,#1394);
#775=LINE('',#6365,#1395);
#776=LINE('',#6368,#1396);
#777=LINE('',#6374,#1397);
#778=LINE('',#6376,#1398);
#779=LINE('',#6378,#1399);
#780=LINE('',#6379,#1400);
#781=LINE('',#6383,#1401);
#782=LINE('',#6385,#1402);
#783=LINE('',#6387,#1403);
#784=LINE('',#6388,#1404);
#785=LINE('',#6392,#1405);
#786=LINE('',#6394,#1406);
#787=LINE('',#6396,#1407);
#788=LINE('',#6397,#1408);
#789=LINE('',#6401,#1409);
#790=LINE('',#6403,#1410);
#791=LINE('',#6405,#1411);
#792=LINE('',#6406,#1412);
#793=LINE('',#6409,#1413);
#794=LINE('',#6411,#1414);
#795=LINE('',#6412,#1415);
#796=LINE('',#6415,#1416);
#797=LINE('',#6417,#1417);
#798=LINE('',#6418,#1418);
#799=LINE('',#6421,#1419);
#800=LINE('',#6423,#1420);
#801=LINE('',#6424,#1421);
#802=LINE('',#6427,#1422);
#803=LINE('',#6429,#1423);
#804=LINE('',#6430,#1424);
#805=LINE('',#6433,#1425);
#806=LINE('',#6435,#1426);
#807=LINE('',#6436,#1427);
#808=LINE('',#6439,#1428);
#809=LINE('',#6441,#1429);
#810=LINE('',#6442,#1430);
#811=LINE('',#6445,#1431);
#812=LINE('',#6447,#1432);
#813=LINE('',#6448,#1433);
#814=LINE('',#6451,#1434);
#815=LINE('',#6453,#1435);
#816=LINE('',#6454,#1436);
#817=LINE('',#6458,#1437);
#818=LINE('',#6460,#1438);
#819=LINE('',#6462,#1439);
#820=LINE('',#6463,#1440);
#821=LINE('',#6467,#1441);
#822=LINE('',#6469,#1442);
#823=LINE('',#6471,#1443);
#824=LINE('',#6472,#1444);
#825=LINE('',#6476,#1445);
#826=LINE('',#6478,#1446);
#827=LINE('',#6480,#1447);
#828=LINE('',#6481,#1448);
#829=LINE('',#6485,#1449);
#830=LINE('',#6487,#1450);
#831=LINE('',#6489,#1451);
#832=LINE('',#6490,#1452);
#833=LINE('',#6493,#1453);
#834=LINE('',#6495,#1454);
#835=LINE('',#6496,#1455);
#836=LINE('',#6499,#1456);
#837=LINE('',#6501,#1457);
#838=LINE('',#6502,#1458);
#839=LINE('',#6505,#1459);
#840=LINE('',#6507,#1460);
#841=LINE('',#6508,#1461);
#842=LINE('',#6511,#1462);
#843=LINE('',#6513,#1463);
#844=LINE('',#6514,#1464);
#845=LINE('',#6517,#1465);
#846=LINE('',#6519,#1466);
#847=LINE('',#6520,#1467);
#848=LINE('',#6523,#1468);
#849=LINE('',#6525,#1469);
#850=LINE('',#6526,#1470);
#851=LINE('',#6529,#1471);
#852=LINE('',#6531,#1472);
#853=LINE('',#6532,#1473);
#854=LINE('',#6535,#1474);
#855=LINE('',#6537,#1475);
#856=LINE('',#6538,#1476);
#857=LINE('',#6542,#1477);
#858=LINE('',#6544,#1478);
#859=LINE('',#6546,#1479);
#860=LINE('',#6547,#1480);
#861=LINE('',#6550,#1481);
#862=LINE('',#6552,#1482);
#863=LINE('',#6553,#1483);
#864=LINE('',#6556,#1484);
#865=LINE('',#6558,#1485);
#866=LINE('',#6559,#1486);
#867=LINE('',#6562,#1487);
#868=LINE('',#6564,#1488);
#869=LINE('',#6565,#1489);
#870=LINE('',#6567,#1490);
#871=LINE('',#6569,#1491);
#872=LINE('',#6570,#1492);
#873=LINE('',#6572,#1493);
#874=LINE('',#6574,#1494);
#875=LINE('',#6575,#1495);
#876=LINE('',#6577,#1496);
#877=LINE('',#6579,#1497);
#878=LINE('',#6580,#1498);
#879=LINE('',#6581,#1499);
#880=LINE('',#6583,#1500);
#881=LINE('',#6585,#1501);
#882=LINE('',#6586,#1502);
#883=LINE('',#6588,#1503);
#884=LINE('',#6590,#1504);
#885=LINE('',#6591,#1505);
#886=LINE('',#6593,#1506);
#887=LINE('',#6595,#1507);
#888=LINE('',#6596,#1508);
#889=LINE('',#6598,#1509);
#890=LINE('',#6600,#1510);
#891=LINE('',#6602,#1511);
#892=LINE('',#6604,#1512);
#893=LINE('',#6605,#1513);
#894=LINE('',#6608,#1514);
#895=LINE('',#6610,#1515);
#896=LINE('',#6611,#1516);
#897=LINE('',#6614,#1517);
#898=LINE('',#6616,#1518);
#899=LINE('',#6617,#1519);
#900=LINE('',#6620,#1520);
#901=LINE('',#6622,#1521);
#902=LINE('',#6623,#1522);
#903=LINE('',#6625,#1523);
#904=LINE('',#6627,#1524);
#905=LINE('',#6629,#1525);
#906=LINE('',#6630,#1526);
#907=LINE('',#6631,#1527);
#908=LINE('',#6632,#1528);
#909=LINE('',#6633,#1529);
#910=LINE('',#6634,#1530);
#911=LINE('',#6635,#1531);
#912=LINE('',#6636,#1532);
#913=LINE('',#6637,#1533);
#914=LINE('',#6639,#1534);
#915=LINE('',#6640,#1535);
#916=LINE('',#6641,#1536);
#917=LINE('',#6642,#1537);
#918=LINE('',#6643,#1538);
#919=LINE('',#6644,#1539);
#920=LINE('',#6645,#1540);
#921=LINE('',#6646,#1541);
#922=LINE('',#6647,#1542);
#923=LINE('',#6648,#1543);
#924=LINE('',#6671,#1544);
#925=LINE('',#6673,#1545);
#926=LINE('',#6675,#1546);
#927=LINE('',#6676,#1547);
#928=LINE('',#6680,#1548);
#929=LINE('',#6682,#1549);
#930=LINE('',#6684,#1550);
#931=LINE('',#6685,#1551);
#932=LINE('',#6689,#1552);
#933=LINE('',#6691,#1553);
#934=LINE('',#6693,#1554);
#935=LINE('',#6694,#1555);
#936=LINE('',#6698,#1556);
#937=LINE('',#6700,#1557);
#938=LINE('',#6702,#1558);
#939=LINE('',#6703,#1559);
#940=LINE('',#6707,#1560);
#941=LINE('',#6709,#1561);
#942=LINE('',#6711,#1562);
#943=LINE('',#6712,#1563);
#944=LINE('',#6716,#1564);
#945=LINE('',#6718,#1565);
#946=LINE('',#6720,#1566);
#947=LINE('',#6721,#1567);
#948=LINE('',#6725,#1568);
#949=LINE('',#6727,#1569);
#950=LINE('',#6729,#1570);
#951=LINE('',#6730,#1571);
#952=LINE('',#6734,#1572);
#953=LINE('',#6736,#1573);
#954=LINE('',#6738,#1574);
#955=LINE('',#6739,#1575);
#956=LINE('',#6742,#1576);
#957=LINE('',#6744,#1577);
#958=LINE('',#6745,#1578);
#959=LINE('',#6748,#1579);
#960=LINE('',#6750,#1580);
#961=LINE('',#6751,#1581);
#962=LINE('',#6754,#1582);
#963=LINE('',#6756,#1583);
#964=LINE('',#6757,#1584);
#965=LINE('',#6760,#1585);
#966=LINE('',#6762,#1586);
#967=LINE('',#6763,#1587);
#968=LINE('',#6766,#1588);
#969=LINE('',#6768,#1589);
#970=LINE('',#6769,#1590);
#971=LINE('',#6772,#1591);
#972=LINE('',#6774,#1592);
#973=LINE('',#6775,#1593);
#974=LINE('',#6778,#1594);
#975=LINE('',#6780,#1595);
#976=LINE('',#6781,#1596);
#977=LINE('',#6784,#1597);
#978=LINE('',#6786,#1598);
#979=LINE('',#6787,#1599);
#980=LINE('',#6790,#1600);
#981=LINE('',#6792,#1601);
#982=LINE('',#6793,#1602);
#983=LINE('',#6796,#1603);
#984=LINE('',#6798,#1604);
#985=LINE('',#6799,#1605);
#986=LINE('',#6802,#1606);
#987=LINE('',#6804,#1607);
#988=LINE('',#6805,#1608);
#989=LINE('',#6808,#1609);
#990=LINE('',#6810,#1610);
#991=LINE('',#6811,#1611);
#992=LINE('',#6814,#1612);
#993=LINE('',#6816,#1613);
#994=LINE('',#6817,#1614);
#995=LINE('',#6820,#1615);
#996=LINE('',#6822,#1616);
#997=LINE('',#6823,#1617);
#998=LINE('',#6826,#1618);
#999=LINE('',#6828,#1619);
#1000=LINE('',#6829,#1620);
#1001=LINE('',#6832,#1621);
#1002=LINE('',#6834,#1622);
#1003=LINE('',#6835,#1623);
#1004=LINE('',#6839,#1624);
#1005=LINE('',#6841,#1625);
#1006=LINE('',#6843,#1626);
#1007=LINE('',#6844,#1627);
#1008=LINE('',#6848,#1628);
#1009=LINE('',#6850,#1629);
#1010=LINE('',#6852,#1630);
#1011=LINE('',#6853,#1631);
#1012=LINE('',#6857,#1632);
#1013=LINE('',#6859,#1633);
#1014=LINE('',#6861,#1634);
#1015=LINE('',#6862,#1635);
#1016=LINE('',#6866,#1636);
#1017=LINE('',#6868,#1637);
#1018=LINE('',#6870,#1638);
#1019=LINE('',#6871,#1639);
#1020=LINE('',#6874,#1640);
#1021=LINE('',#6876,#1641);
#1022=LINE('',#6877,#1642);
#1023=LINE('',#6880,#1643);
#1024=LINE('',#6882,#1644);
#1025=LINE('',#6883,#1645);
#1026=LINE('',#6886,#1646);
#1027=LINE('',#6888,#1647);
#1028=LINE('',#6889,#1648);
#1029=LINE('',#6892,#1649);
#1030=LINE('',#6894,#1650);
#1031=LINE('',#6895,#1651);
#1032=LINE('',#6898,#1652);
#1033=LINE('',#6900,#1653);
#1034=LINE('',#6901,#1654);
#1035=LINE('',#6904,#1655);
#1036=LINE('',#6906,#1656);
#1037=LINE('',#6907,#1657);
#1038=LINE('',#6910,#1658);
#1039=LINE('',#6912,#1659);
#1040=LINE('',#6913,#1660);
#1041=LINE('',#6916,#1661);
#1042=LINE('',#6918,#1662);
#1043=LINE('',#6919,#1663);
#1044=LINE('',#6921,#1664);
#1045=LINE('',#6922,#1665);
#1046=LINE('',#6924,#1666);
#1047=LINE('',#6925,#1667);
#1048=LINE('',#6927,#1668);
#1049=LINE('',#6928,#1669);
#1050=LINE('',#6930,#1670);
#1051=LINE('',#6931,#1671);
#1052=LINE('',#6935,#1672);
#1053=LINE('',#6937,#1673);
#1054=LINE('',#6939,#1674);
#1055=LINE('',#6940,#1675);
#1056=LINE('',#6943,#1676);
#1057=LINE('',#6945,#1677);
#1058=LINE('',#6946,#1678);
#1059=LINE('',#6948,#1679);
#1060=LINE('',#6950,#1680);
#1061=LINE('',#6951,#1681);
#1062=LINE('',#6953,#1682);
#1063=LINE('',#6955,#1683);
#1064=LINE('',#6956,#1684);
#1065=LINE('',#6958,#1685);
#1066=LINE('',#6960,#1686);
#1067=LINE('',#6961,#1687);
#1068=LINE('',#6963,#1688);
#1069=LINE('',#6965,#1689);
#1070=LINE('',#6966,#1690);
#1071=LINE('',#6969,#1691);
#1072=LINE('',#6970,#1692);
#1073=LINE('',#6972,#1693);
#1074=LINE('',#6974,#1694);
#1075=LINE('',#6976,#1695);
#1076=LINE('',#6978,#1696);
#1077=LINE('',#6979,#1697);
#1078=LINE('',#6981,#1698);
#1079=LINE('',#6983,#1699);
#1080=LINE('',#6984,#1700);
#1081=LINE('',#6986,#1701);
#1082=LINE('',#6988,#1702);
#1083=LINE('',#6989,#1703);
#1084=LINE('',#6991,#1704);
#1085=LINE('',#6992,#1705);
#1086=LINE('',#6995,#1706);
#1087=LINE('',#6997,#1707);
#1088=LINE('',#6998,#1708);
#1089=LINE('',#7001,#1709);
#1090=LINE('',#7003,#1710);
#1091=LINE('',#7004,#1711);
#1092=LINE('',#7007,#1712);
#1093=LINE('',#7009,#1713);
#1094=LINE('',#7010,#1714);
#1095=LINE('',#7013,#1715);
#1096=LINE('',#7015,#1716);
#1097=LINE('',#7016,#1717);
#1098=LINE('',#7019,#1718);
#1099=LINE('',#7021,#1719);
#1100=LINE('',#7022,#1720);
#1101=LINE('',#7026,#1721);
#1102=LINE('',#7027,#1722);
#1103=LINE('',#7028,#1723);
#1104=LINE('',#7029,#1724);
#1105=LINE('',#7030,#1725);
#1106=LINE('',#7031,#1726);
#1107=LINE('',#7032,#1727);
#1108=LINE('',#7033,#1728);
#1109=LINE('',#7034,#1729);
#1110=LINE('',#7035,#1730);
#1111=LINE('',#7036,#1731);
#1112=LINE('',#7037,#1732);
#1113=LINE('',#7038,#1733);
#1114=LINE('',#7039,#1734);
#1115=LINE('',#7040,#1735);
#1116=LINE('',#7041,#1736);
#1117=LINE('',#7042,#1737);
#1118=LINE('',#7043,#1738);
#1119=LINE('',#7044,#1739);
#1120=LINE('',#7047,#1740);
#1121=LINE('',#7049,#1741);
#1122=LINE('',#7050,#1742);
#1123=LINE('',#7053,#1743);
#1124=LINE('',#7055,#1744);
#1125=LINE('',#7056,#1745);
#1126=LINE('',#7059,#1746);
#1127=LINE('',#7061,#1747);
#1128=LINE('',#7062,#1748);
#1129=LINE('',#7064,#1749);
#1130=LINE('',#7065,#1750);
#1131=LINE('',#7067,#1751);
#1132=LINE('',#7068,#1752);
#1133=LINE('',#7070,#1753);
#1134=LINE('',#7071,#1754);
#1135=LINE('',#7077,#1755);
#1136=LINE('',#7079,#1756);
#1137=LINE('',#7083,#1757);
#1138=LINE('',#7085,#1758);
#1139=LINE('',#7089,#1759);
#1140=LINE('',#7091,#1760);
#1141=LINE('',#7095,#1761);
#1142=LINE('',#7097,#1762);
#1143=LINE('',#7101,#1763);
#1144=LINE('',#7103,#1764);
#1145=LINE('',#7107,#1765);
#1146=LINE('',#7109,#1766);
#1147=LINE('',#7113,#1767);
#1148=LINE('',#7115,#1768);
#1149=LINE('',#7119,#1769);
#1150=LINE('',#7121,#1770);
#1151=VECTOR('',#4777,39.3700787401575);
#1152=VECTOR('',#4778,39.3700787401575);
#1153=VECTOR('',#4779,39.3700787401575);
#1154=VECTOR('',#4780,39.3700787401575);
#1155=VECTOR('',#4781,39.3700787401575);
#1156=VECTOR('',#4782,39.3700787401575);
#1157=VECTOR('',#4783,39.3700787401575);
#1158=VECTOR('',#4784,39.3700787401575);
#1159=VECTOR('',#4785,39.3700787401575);
#1160=VECTOR('',#4786,39.3700787401575);
#1161=VECTOR('',#4789,39.3700787401575);
#1162=VECTOR('',#4790,39.3700787401575);
#1163=VECTOR('',#4791,39.3700787401575);
#1164=VECTOR('',#4792,39.3700787401575);
#1165=VECTOR('',#4793,39.3700787401575);
#1166=VECTOR('',#4796,39.3700787401575);
#1167=VECTOR('',#4797,39.3700787401575);
#1168=VECTOR('',#4798,39.3700787401575);
#1169=VECTOR('',#4799,39.3700787401575);
#1170=VECTOR('',#4800,39.3700787401575);
#1171=VECTOR('',#4803,39.3700787401575);
#1172=VECTOR('',#4804,39.3700787401575);
#1173=VECTOR('',#4807,39.3700787401575);
#1174=VECTOR('',#4808,39.3700787401575);
#1175=VECTOR('',#4811,39.3700787401575);
#1176=VECTOR('',#4812,39.3700787401575);
#1177=VECTOR('',#4813,39.3700787401575);
#1178=VECTOR('',#4814,39.3700787401575);
#1179=VECTOR('',#4817,39.3700787401575);
#1180=VECTOR('',#4818,39.3700787401575);
#1181=VECTOR('',#4819,39.3700787401575);
#1182=VECTOR('',#4820,39.3700787401575);
#1183=VECTOR('',#4823,39.3700787401575);
#1184=VECTOR('',#4824,39.3700787401575);
#1185=VECTOR('',#4825,39.3700787401575);
#1186=VECTOR('',#4826,39.3700787401575);
#1187=VECTOR('',#4829,39.3700787401575);
#1188=VECTOR('',#4830,39.3700787401575);
#1189=VECTOR('',#4831,39.3700787401575);
#1190=VECTOR('',#4832,39.3700787401575);
#1191=VECTOR('',#4835,39.3700787401575);
#1192=VECTOR('',#4836,39.3700787401575);
#1193=VECTOR('',#4837,39.3700787401575);
#1194=VECTOR('',#4838,39.3700787401575);
#1195=VECTOR('',#4841,39.3700787401575);
#1196=VECTOR('',#4842,39.3700787401575);
#1197=VECTOR('',#4843,39.3700787401575);
#1198=VECTOR('',#4844,39.3700787401575);
#1199=VECTOR('',#4847,39.3700787401575);
#1200=VECTOR('',#4848,39.3700787401575);
#1201=VECTOR('',#4849,39.3700787401575);
#1202=VECTOR('',#4850,39.3700787401575);
#1203=VECTOR('',#4853,39.3700787401575);
#1204=VECTOR('',#4854,39.3700787401575);
#1205=VECTOR('',#4855,39.3700787401575);
#1206=VECTOR('',#4858,39.3700787401575);
#1207=VECTOR('',#4859,39.3700787401575);
#1208=VECTOR('',#4860,39.3700787401575);
#1209=VECTOR('',#4863,39.3700787401575);
#1210=VECTOR('',#4864,39.3700787401575);
#1211=VECTOR('',#4865,39.3700787401575);
#1212=VECTOR('',#4866,39.3700787401575);
#1213=VECTOR('',#4869,39.3700787401575);
#1214=VECTOR('',#4870,39.3700787401575);
#1215=VECTOR('',#4871,39.3700787401575);
#1216=VECTOR('',#4874,39.3700787401575);
#1217=VECTOR('',#4875,39.3700787401575);
#1218=VECTOR('',#4876,39.3700787401575);
#1219=VECTOR('',#4879,39.3700787401575);
#1220=VECTOR('',#4880,39.3700787401575);
#1221=VECTOR('',#4881,39.3700787401575);
#1222=VECTOR('',#4882,39.3700787401575);
#1223=VECTOR('',#4885,39.3700787401575);
#1224=VECTOR('',#4886,39.3700787401575);
#1225=VECTOR('',#4887,39.3700787401575);
#1226=VECTOR('',#4890,39.3700787401575);
#1227=VECTOR('',#4891,39.3700787401575);
#1228=VECTOR('',#4892,39.3700787401575);
#1229=VECTOR('',#4895,39.3700787401575);
#1230=VECTOR('',#4896,39.3700787401575);
#1231=VECTOR('',#4897,39.3700787401575);
#1232=VECTOR('',#4898,39.3700787401575);
#1233=VECTOR('',#4901,39.3700787401575);
#1234=VECTOR('',#4902,39.3700787401575);
#1235=VECTOR('',#4903,39.3700787401575);
#1236=VECTOR('',#4906,39.3700787401575);
#1237=VECTOR('',#4907,39.3700787401575);
#1238=VECTOR('',#4908,39.3700787401575);
#1239=VECTOR('',#4911,39.3700787401575);
#1240=VECTOR('',#4912,39.3700787401575);
#1241=VECTOR('',#4913,39.3700787401575);
#1242=VECTOR('',#4914,39.3700787401575);
#1243=VECTOR('',#4917,39.3700787401575);
#1244=VECTOR('',#4918,39.3700787401575);
#1245=VECTOR('',#4919,39.3700787401575);
#1246=VECTOR('',#4922,39.3700787401575);
#1247=VECTOR('',#4923,39.3700787401575);
#1248=VECTOR('',#4924,39.3700787401575);
#1249=VECTOR('',#4927,39.3700787401575);
#1250=VECTOR('',#4928,39.3700787401575);
#1251=VECTOR('',#4929,39.3700787401575);
#1252=VECTOR('',#4930,39.3700787401575);
#1253=VECTOR('',#4933,39.3700787401575);
#1254=VECTOR('',#4934,39.3700787401575);
#1255=VECTOR('',#4935,39.3700787401575);
#1256=VECTOR('',#4938,39.3700787401575);
#1257=VECTOR('',#4939,39.3700787401575);
#1258=VECTOR('',#4940,39.3700787401575);
#1259=VECTOR('',#4943,39.3700787401575);
#1260=VECTOR('',#4944,39.3700787401575);
#1261=VECTOR('',#4945,39.3700787401575);
#1262=VECTOR('',#4946,39.3700787401575);
#1263=VECTOR('',#4949,39.3700787401575);
#1264=VECTOR('',#4950,39.3700787401575);
#1265=VECTOR('',#4951,39.3700787401575);
#1266=VECTOR('',#4952,39.3700787401575);
#1267=VECTOR('',#4955,39.3700787401575);
#1268=VECTOR('',#4956,39.3700787401575);
#1269=VECTOR('',#4959,39.3700787401575);
#1270=VECTOR('',#4960,39.3700787401575);
#1271=VECTOR('',#4963,39.3700787401575);
#1272=VECTOR('',#4964,39.3700787401575);
#1273=VECTOR('',#4967,39.3700787401575);
#1274=VECTOR('',#4968,39.3700787401575);
#1275=VECTOR('',#4971,39.3700787401575);
#1276=VECTOR('',#4972,39.3700787401575);
#1277=VECTOR('',#4975,39.3700787401575);
#1278=VECTOR('',#4976,39.3700787401575);
#1279=VECTOR('',#4979,39.3700787401575);
#1280=VECTOR('',#4980,39.3700787401575);
#1281=VECTOR('',#4981,39.3700787401575);
#1282=VECTOR('',#4982,39.3700787401575);
#1283=VECTOR('',#4985,39.3700787401575);
#1284=VECTOR('',#4986,39.3700787401575);
#1285=VECTOR('',#4987,39.3700787401575);
#1286=VECTOR('',#4988,39.3700787401575);
#1287=VECTOR('',#4991,39.3700787401575);
#1288=VECTOR('',#4992,39.3700787401575);
#1289=VECTOR('',#4993,39.3700787401575);
#1290=VECTOR('',#4994,39.3700787401575);
#1291=VECTOR('',#4995,39.3700787401575);
#1292=VECTOR('',#4996,39.3700787401575);
#1293=VECTOR('',#4997,39.3700787401575);
#1294=VECTOR('',#4998,39.3700787401575);
#1295=VECTOR('',#5001,39.3700787401575);
#1296=VECTOR('',#5002,39.3700787401575);
#1297=VECTOR('',#5003,39.3700787401575);
#1298=VECTOR('',#5004,39.3700787401575);
#1299=VECTOR('',#5007,39.3700787401575);
#1300=VECTOR('',#5008,39.3700787401575);
#1301=VECTOR('',#5009,39.3700787401575);
#1302=VECTOR('',#5010,39.3700787401575);
#1303=VECTOR('',#5011,39.3700787401575);
#1304=VECTOR('',#5012,39.3700787401575);
#1305=VECTOR('',#5013,39.3700787401575);
#1306=VECTOR('',#5014,39.3700787401575);
#1307=VECTOR('',#5015,39.3700787401575);
#1308=VECTOR('',#5018,39.3700787401575);
#1309=VECTOR('',#5019,39.3700787401575);
#1310=VECTOR('',#5020,39.3700787401575);
#1311=VECTOR('',#5021,39.3700787401575);
#1312=VECTOR('',#5022,39.3700787401575);
#1313=VECTOR('',#5025,39.3700787401575);
#1314=VECTOR('',#5026,39.3700787401575);
#1315=VECTOR('',#5027,39.3700787401575);
#1316=VECTOR('',#5030,39.3700787401575);
#1317=VECTOR('',#5031,39.3700787401575);
#1318=VECTOR('',#5032,39.3700787401575);
#1319=VECTOR('',#5033,39.3700787401575);
#1320=VECTOR('',#5034,39.3700787401575);
#1321=VECTOR('',#5037,39.3700787401575);
#1322=VECTOR('',#5038,39.3700787401575);
#1323=VECTOR('',#5039,39.3700787401575);
#1324=VECTOR('',#5042,39.3700787401575);
#1325=VECTOR('',#5043,39.3700787401575);
#1326=VECTOR('',#5044,39.3700787401575);
#1327=VECTOR('',#5045,39.3700787401575);
#1328=VECTOR('',#5048,39.3700787401575);
#1329=VECTOR('',#5049,39.3700787401575);
#1330=VECTOR('',#5050,39.3700787401575);
#1331=VECTOR('',#5051,39.3700787401575);
#1332=VECTOR('',#5054,39.3700787401575);
#1333=VECTOR('',#5055,39.3700787401575);
#1334=VECTOR('',#5056,39.3700787401575);
#1335=VECTOR('',#5057,39.3700787401575);
#1336=VECTOR('',#5060,39.3700787401575);
#1337=VECTOR('',#5061,39.3700787401575);
#1338=VECTOR('',#5062,39.3700787401575);
#1339=VECTOR('',#5063,39.3700787401575);
#1340=VECTOR('',#5066,39.3700787401575);
#1341=VECTOR('',#5067,39.3700787401575);
#1342=VECTOR('',#5068,39.3700787401575);
#1343=VECTOR('',#5069,39.3700787401575);
#1344=VECTOR('',#5072,39.3700787401575);
#1345=VECTOR('',#5073,39.3700787401575);
#1346=VECTOR('',#5074,39.3700787401575);
#1347=VECTOR('',#5075,39.3700787401575);
#1348=VECTOR('',#5078,39.3700787401575);
#1349=VECTOR('',#5079,39.3700787401575);
#1350=VECTOR('',#5080,39.3700787401575);
#1351=VECTOR('',#5081,39.3700787401575);
#1352=VECTOR('',#5084,39.3700787401575);
#1353=VECTOR('',#5085,39.3700787401575);
#1354=VECTOR('',#5086,39.3700787401575);
#1355=VECTOR('',#5087,39.3700787401575);
#1356=VECTOR('',#5090,39.3700787401575);
#1357=VECTOR('',#5091,39.3700787401575);
#1358=VECTOR('',#5092,39.3700787401575);
#1359=VECTOR('',#5095,39.3700787401575);
#1360=VECTOR('',#5096,39.3700787401575);
#1361=VECTOR('',#5097,39.3700787401575);
#1362=VECTOR('',#5100,39.3700787401575);
#1363=VECTOR('',#5101,39.3700787401575);
#1364=VECTOR('',#5102,39.3700787401575);
#1365=VECTOR('',#5103,39.3700787401575);
#1366=VECTOR('',#5104,39.3700787401575);
#1367=VECTOR('',#5105,39.3700787401575);
#1368=VECTOR('',#5106,39.3700787401575);
#1369=VECTOR('',#5107,39.3700787401575);
#1370=VECTOR('',#5108,39.3700787401575);
#1371=VECTOR('',#5111,39.3700787401575);
#1372=VECTOR('',#5112,39.3700787401575);
#1373=VECTOR('',#5115,39.3700787401575);
#1374=VECTOR('',#5118,39.3700787401575);
#1375=VECTOR('',#5121,39.3700787401575);
#1376=VECTOR('',#5122,39.3700787401575);
#1377=VECTOR('',#5125,39.3700787401575);
#1378=VECTOR('',#5128,39.3700787401575);
#1379=VECTOR('',#5131,39.3700787401575);
#1380=VECTOR('',#5136,39.3700787401575);
#1381=VECTOR('',#5153,39.3700787401575);
#1382=VECTOR('',#5158,39.3700787401575);
#1383=VECTOR('',#5163,39.3700787401575);
#1384=VECTOR('',#5166,39.3700787401575);
#1385=VECTOR('',#5169,39.3700787401575);
#1386=VECTOR('',#5170,39.3700787401575);
#1387=VECTOR('',#5171,39.3700787401575);
#1388=VECTOR('',#5172,39.3700787401575);
#1389=VECTOR('',#5175,39.3700787401575);
#1390=VECTOR('',#5176,39.3700787401575);
#1391=VECTOR('',#5177,39.3700787401575);
#1392=VECTOR('',#5178,39.3700787401575);
#1393=VECTOR('',#5181,39.3700787401575);
#1394=VECTOR('',#5186,39.3700787401575);
#1395=VECTOR('',#5193,39.3700787401575);
#1396=VECTOR('',#5198,39.3700787401575);
#1397=VECTOR('',#5205,39.3700787401575);
#1398=VECTOR('',#5206,39.3700787401575);
#1399=VECTOR('',#5207,39.3700787401575);
#1400=VECTOR('',#5208,39.3700787401575);
#1401=VECTOR('',#5211,39.3700787401575);
#1402=VECTOR('',#5212,39.3700787401575);
#1403=VECTOR('',#5213,39.3700787401575);
#1404=VECTOR('',#5214,39.3700787401575);
#1405=VECTOR('',#5217,39.3700787401575);
#1406=VECTOR('',#5218,39.3700787401575);
#1407=VECTOR('',#5219,39.3700787401575);
#1408=VECTOR('',#5220,39.3700787401575);
#1409=VECTOR('',#5223,39.3700787401575);
#1410=VECTOR('',#5224,39.3700787401575);
#1411=VECTOR('',#5225,39.3700787401575);
#1412=VECTOR('',#5226,39.3700787401575);
#1413=VECTOR('',#5229,39.3700787401575);
#1414=VECTOR('',#5230,39.3700787401575);
#1415=VECTOR('',#5231,39.3700787401575);
#1416=VECTOR('',#5234,39.3700787401575);
#1417=VECTOR('',#5235,39.3700787401575);
#1418=VECTOR('',#5236,39.3700787401575);
#1419=VECTOR('',#5239,39.3700787401575);
#1420=VECTOR('',#5240,39.3700787401575);
#1421=VECTOR('',#5241,39.3700787401575);
#1422=VECTOR('',#5244,39.3700787401575);
#1423=VECTOR('',#5245,39.3700787401575);
#1424=VECTOR('',#5246,39.3700787401575);
#1425=VECTOR('',#5249,39.3700787401575);
#1426=VECTOR('',#5250,39.3700787401575);
#1427=VECTOR('',#5251,39.3700787401575);
#1428=VECTOR('',#5254,39.3700787401575);
#1429=VECTOR('',#5255,39.3700787401575);
#1430=VECTOR('',#5256,39.3700787401575);
#1431=VECTOR('',#5259,39.3700787401575);
#1432=VECTOR('',#5260,39.3700787401575);
#1433=VECTOR('',#5261,39.3700787401575);
#1434=VECTOR('',#5264,39.3700787401575);
#1435=VECTOR('',#5265,39.3700787401575);
#1436=VECTOR('',#5266,39.3700787401575);
#1437=VECTOR('',#5269,39.3700787401575);
#1438=VECTOR('',#5270,39.3700787401575);
#1439=VECTOR('',#5271,39.3700787401575);
#1440=VECTOR('',#5272,39.3700787401575);
#1441=VECTOR('',#5275,39.3700787401575);
#1442=VECTOR('',#5276,39.3700787401575);
#1443=VECTOR('',#5277,39.3700787401575);
#1444=VECTOR('',#5278,39.3700787401575);
#1445=VECTOR('',#5281,39.3700787401575);
#1446=VECTOR('',#5282,39.3700787401575);
#1447=VECTOR('',#5283,39.3700787401575);
#1448=VECTOR('',#5284,39.3700787401575);
#1449=VECTOR('',#5287,39.3700787401575);
#1450=VECTOR('',#5288,39.3700787401575);
#1451=VECTOR('',#5289,39.3700787401575);
#1452=VECTOR('',#5290,39.3700787401575);
#1453=VECTOR('',#5293,39.3700787401575);
#1454=VECTOR('',#5294,39.3700787401575);
#1455=VECTOR('',#5295,39.3700787401575);
#1456=VECTOR('',#5298,39.3700787401575);
#1457=VECTOR('',#5299,39.3700787401575);
#1458=VECTOR('',#5300,39.3700787401575);
#1459=VECTOR('',#5303,39.3700787401575);
#1460=VECTOR('',#5304,39.3700787401575);
#1461=VECTOR('',#5305,39.3700787401575);
#1462=VECTOR('',#5308,39.3700787401575);
#1463=VECTOR('',#5309,39.3700787401575);
#1464=VECTOR('',#5310,39.3700787401575);
#1465=VECTOR('',#5313,39.3700787401575);
#1466=VECTOR('',#5314,39.3700787401575);
#1467=VECTOR('',#5315,39.3700787401575);
#1468=VECTOR('',#5318,39.3700787401575);
#1469=VECTOR('',#5319,39.3700787401575);
#1470=VECTOR('',#5320,39.3700787401575);
#1471=VECTOR('',#5323,39.3700787401575);
#1472=VECTOR('',#5324,39.3700787401575);
#1473=VECTOR('',#5325,39.3700787401575);
#1474=VECTOR('',#5328,39.3700787401575);
#1475=VECTOR('',#5329,39.3700787401575);
#1476=VECTOR('',#5330,39.3700787401575);
#1477=VECTOR('',#5333,39.3700787401575);
#1478=VECTOR('',#5334,39.3700787401575);
#1479=VECTOR('',#5335,39.3700787401575);
#1480=VECTOR('',#5336,39.3700787401575);
#1481=VECTOR('',#5339,39.3700787401575);
#1482=VECTOR('',#5340,39.3700787401575);
#1483=VECTOR('',#5341,39.3700787401575);
#1484=VECTOR('',#5344,39.3700787401575);
#1485=VECTOR('',#5345,39.3700787401575);
#1486=VECTOR('',#5346,39.3700787401575);
#1487=VECTOR('',#5349,39.3700787401575);
#1488=VECTOR('',#5350,39.3700787401575);
#1489=VECTOR('',#5351,39.3700787401575);
#1490=VECTOR('',#5352,39.3700787401575);
#1491=VECTOR('',#5353,39.3700787401575);
#1492=VECTOR('',#5354,39.3700787401575);
#1493=VECTOR('',#5355,39.3700787401575);
#1494=VECTOR('',#5356,39.3700787401575);
#1495=VECTOR('',#5357,39.3700787401575);
#1496=VECTOR('',#5358,39.3700787401575);
#1497=VECTOR('',#5359,39.3700787401575);
#1498=VECTOR('',#5360,39.3700787401575);
#1499=VECTOR('',#5361,39.3700787401575);
#1500=VECTOR('',#5362,39.3700787401575);
#1501=VECTOR('',#5363,39.3700787401575);
#1502=VECTOR('',#5364,39.3700787401575);
#1503=VECTOR('',#5365,39.3700787401575);
#1504=VECTOR('',#5366,39.3700787401575);
#1505=VECTOR('',#5367,39.3700787401575);
#1506=VECTOR('',#5368,39.3700787401575);
#1507=VECTOR('',#5369,39.3700787401575);
#1508=VECTOR('',#5370,39.3700787401575);
#1509=VECTOR('',#5371,39.3700787401575);
#1510=VECTOR('',#5372,39.3700787401575);
#1511=VECTOR('',#5373,39.3700787401575);
#1512=VECTOR('',#5374,39.3700787401575);
#1513=VECTOR('',#5375,39.3700787401575);
#1514=VECTOR('',#5378,39.3700787401575);
#1515=VECTOR('',#5379,39.3700787401575);
#1516=VECTOR('',#5380,39.3700787401575);
#1517=VECTOR('',#5383,39.3700787401575);
#1518=VECTOR('',#5384,39.3700787401575);
#1519=VECTOR('',#5385,39.3700787401575);
#1520=VECTOR('',#5388,39.3700787401575);
#1521=VECTOR('',#5389,39.3700787401575);
#1522=VECTOR('',#5390,39.3700787401575);
#1523=VECTOR('',#5393,39.3700787401575);
#1524=VECTOR('',#5394,39.3700787401575);
#1525=VECTOR('',#5395,39.3700787401575);
#1526=VECTOR('',#5396,39.3700787401575);
#1527=VECTOR('',#5397,39.3700787401575);
#1528=VECTOR('',#5398,39.3700787401575);
#1529=VECTOR('',#5399,39.3700787401575);
#1530=VECTOR('',#5400,39.3700787401575);
#1531=VECTOR('',#5401,39.3700787401575);
#1532=VECTOR('',#5402,39.3700787401575);
#1533=VECTOR('',#5403,39.3700787401575);
#1534=VECTOR('',#5406,39.3700787401575);
#1535=VECTOR('',#5407,39.3700787401575);
#1536=VECTOR('',#5408,39.3700787401575);
#1537=VECTOR('',#5409,39.3700787401575);
#1538=VECTOR('',#5410,39.3700787401575);
#1539=VECTOR('',#5411,39.3700787401575);
#1540=VECTOR('',#5412,39.3700787401575);
#1541=VECTOR('',#5413,39.3700787401575);
#1542=VECTOR('',#5414,39.3700787401575);
#1543=VECTOR('',#5415,39.3700787401575);
#1544=VECTOR('',#5456,39.3700787401575);
#1545=VECTOR('',#5457,39.3700787401575);
#1546=VECTOR('',#5458,39.3700787401575);
#1547=VECTOR('',#5459,39.3700787401575);
#1548=VECTOR('',#5462,39.3700787401575);
#1549=VECTOR('',#5463,39.3700787401575);
#1550=VECTOR('',#5464,39.3700787401575);
#1551=VECTOR('',#5465,39.3700787401575);
#1552=VECTOR('',#5468,39.3700787401575);
#1553=VECTOR('',#5469,39.3700787401575);
#1554=VECTOR('',#5470,39.3700787401575);
#1555=VECTOR('',#5471,39.3700787401575);
#1556=VECTOR('',#5474,39.3700787401575);
#1557=VECTOR('',#5475,39.3700787401575);
#1558=VECTOR('',#5476,39.3700787401575);
#1559=VECTOR('',#5477,39.3700787401575);
#1560=VECTOR('',#5480,39.3700787401575);
#1561=VECTOR('',#5481,39.3700787401575);
#1562=VECTOR('',#5482,39.3700787401575);
#1563=VECTOR('',#5483,39.3700787401575);
#1564=VECTOR('',#5486,39.3700787401575);
#1565=VECTOR('',#5487,39.3700787401575);
#1566=VECTOR('',#5488,39.3700787401575);
#1567=VECTOR('',#5489,39.3700787401575);
#1568=VECTOR('',#5492,39.3700787401575);
#1569=VECTOR('',#5493,39.3700787401575);
#1570=VECTOR('',#5494,39.3700787401575);
#1571=VECTOR('',#5495,39.3700787401575);
#1572=VECTOR('',#5498,39.3700787401575);
#1573=VECTOR('',#5499,39.3700787401575);
#1574=VECTOR('',#5500,39.3700787401575);
#1575=VECTOR('',#5501,39.3700787401575);
#1576=VECTOR('',#5504,39.3700787401575);
#1577=VECTOR('',#5505,39.3700787401575);
#1578=VECTOR('',#5506,39.3700787401575);
#1579=VECTOR('',#5509,39.3700787401575);
#1580=VECTOR('',#5510,39.3700787401575);
#1581=VECTOR('',#5511,39.3700787401575);
#1582=VECTOR('',#5514,39.3700787401575);
#1583=VECTOR('',#5515,39.3700787401575);
#1584=VECTOR('',#5516,39.3700787401575);
#1585=VECTOR('',#5519,39.3700787401575);
#1586=VECTOR('',#5520,39.3700787401575);
#1587=VECTOR('',#5521,39.3700787401575);
#1588=VECTOR('',#5524,39.3700787401575);
#1589=VECTOR('',#5525,39.3700787401575);
#1590=VECTOR('',#5526,39.3700787401575);
#1591=VECTOR('',#5529,39.3700787401575);
#1592=VECTOR('',#5530,39.3700787401575);
#1593=VECTOR('',#5531,39.3700787401575);
#1594=VECTOR('',#5534,39.3700787401575);
#1595=VECTOR('',#5535,39.3700787401575);
#1596=VECTOR('',#5536,39.3700787401575);
#1597=VECTOR('',#5539,39.3700787401575);
#1598=VECTOR('',#5540,39.3700787401575);
#1599=VECTOR('',#5541,39.3700787401575);
#1600=VECTOR('',#5544,39.3700787401575);
#1601=VECTOR('',#5545,39.3700787401575);
#1602=VECTOR('',#5546,39.3700787401575);
#1603=VECTOR('',#5549,39.3700787401575);
#1604=VECTOR('',#5550,39.3700787401575);
#1605=VECTOR('',#5551,39.3700787401575);
#1606=VECTOR('',#5554,39.3700787401575);
#1607=VECTOR('',#5555,39.3700787401575);
#1608=VECTOR('',#5556,39.3700787401575);
#1609=VECTOR('',#5559,39.3700787401575);
#1610=VECTOR('',#5560,39.3700787401575);
#1611=VECTOR('',#5561,39.3700787401575);
#1612=VECTOR('',#5564,39.3700787401575);
#1613=VECTOR('',#5565,39.3700787401575);
#1614=VECTOR('',#5566,39.3700787401575);
#1615=VECTOR('',#5569,39.3700787401575);
#1616=VECTOR('',#5570,39.3700787401575);
#1617=VECTOR('',#5571,39.3700787401575);
#1618=VECTOR('',#5574,39.3700787401575);
#1619=VECTOR('',#5575,39.3700787401575);
#1620=VECTOR('',#5576,39.3700787401575);
#1621=VECTOR('',#5579,39.3700787401575);
#1622=VECTOR('',#5580,39.3700787401575);
#1623=VECTOR('',#5581,39.3700787401575);
#1624=VECTOR('',#5584,39.3700787401575);
#1625=VECTOR('',#5585,39.3700787401575);
#1626=VECTOR('',#5586,39.3700787401575);
#1627=VECTOR('',#5587,39.3700787401575);
#1628=VECTOR('',#5590,39.3700787401575);
#1629=VECTOR('',#5591,39.3700787401575);
#1630=VECTOR('',#5592,39.3700787401575);
#1631=VECTOR('',#5593,39.3700787401575);
#1632=VECTOR('',#5596,39.3700787401575);
#1633=VECTOR('',#5597,39.3700787401575);
#1634=VECTOR('',#5598,39.3700787401575);
#1635=VECTOR('',#5599,39.3700787401575);
#1636=VECTOR('',#5602,39.3700787401575);
#1637=VECTOR('',#5603,39.3700787401575);
#1638=VECTOR('',#5604,39.3700787401575);
#1639=VECTOR('',#5605,39.3700787401575);
#1640=VECTOR('',#5608,39.3700787401575);
#1641=VECTOR('',#5609,39.3700787401575);
#1642=VECTOR('',#5610,39.3700787401575);
#1643=VECTOR('',#5613,39.3700787401575);
#1644=VECTOR('',#5614,39.3700787401575);
#1645=VECTOR('',#5615,39.3700787401575);
#1646=VECTOR('',#5618,39.3700787401575);
#1647=VECTOR('',#5619,39.3700787401575);
#1648=VECTOR('',#5620,39.3700787401575);
#1649=VECTOR('',#5623,39.3700787401575);
#1650=VECTOR('',#5624,39.3700787401575);
#1651=VECTOR('',#5625,39.3700787401575);
#1652=VECTOR('',#5628,39.3700787401575);
#1653=VECTOR('',#5629,39.3700787401575);
#1654=VECTOR('',#5630,39.3700787401575);
#1655=VECTOR('',#5633,39.3700787401575);
#1656=VECTOR('',#5634,39.3700787401575);
#1657=VECTOR('',#5635,39.3700787401575);
#1658=VECTOR('',#5638,39.3700787401575);
#1659=VECTOR('',#5639,39.3700787401575);
#1660=VECTOR('',#5640,39.3700787401575);
#1661=VECTOR('',#5643,39.3700787401575);
#1662=VECTOR('',#5644,39.3700787401575);
#1663=VECTOR('',#5645,39.3700787401575);
#1664=VECTOR('',#5648,39.3700787401575);
#1665=VECTOR('',#5649,39.3700787401575);
#1666=VECTOR('',#5652,39.3700787401575);
#1667=VECTOR('',#5653,39.3700787401575);
#1668=VECTOR('',#5656,39.3700787401575);
#1669=VECTOR('',#5657,39.3700787401575);
#1670=VECTOR('',#5660,39.3700787401575);
#1671=VECTOR('',#5661,39.3700787401575);
#1672=VECTOR('',#5664,39.3700787401575);
#1673=VECTOR('',#5665,39.3700787401575);
#1674=VECTOR('',#5666,39.3700787401575);
#1675=VECTOR('',#5667,39.3700787401575);
#1676=VECTOR('',#5670,39.3700787401575);
#1677=VECTOR('',#5671,39.3700787401575);
#1678=VECTOR('',#5672,39.3700787401575);
#1679=VECTOR('',#5673,39.3700787401575);
#1680=VECTOR('',#5674,39.3700787401575);
#1681=VECTOR('',#5675,39.3700787401575);
#1682=VECTOR('',#5676,39.3700787401575);
#1683=VECTOR('',#5677,39.3700787401575);
#1684=VECTOR('',#5678,39.3700787401575);
#1685=VECTOR('',#5679,39.3700787401575);
#1686=VECTOR('',#5680,39.3700787401575);
#1687=VECTOR('',#5681,39.3700787401575);
#1688=VECTOR('',#5682,39.3700787401575);
#1689=VECTOR('',#5683,39.3700787401575);
#1690=VECTOR('',#5684,39.3700787401575);
#1691=VECTOR('',#5687,39.3700787401575);
#1692=VECTOR('',#5688,39.3700787401575);
#1693=VECTOR('',#5689,39.3700787401575);
#1694=VECTOR('',#5690,39.3700787401575);
#1695=VECTOR('',#5691,39.3700787401575);
#1696=VECTOR('',#5692,39.3700787401575);
#1697=VECTOR('',#5693,39.3700787401575);
#1698=VECTOR('',#5694,39.3700787401575);
#1699=VECTOR('',#5695,39.3700787401575);
#1700=VECTOR('',#5696,39.3700787401575);
#1701=VECTOR('',#5697,39.3700787401575);
#1702=VECTOR('',#5698,39.3700787401575);
#1703=VECTOR('',#5699,39.3700787401575);
#1704=VECTOR('',#5700,39.3700787401575);
#1705=VECTOR('',#5701,39.3700787401575);
#1706=VECTOR('',#5704,39.3700787401575);
#1707=VECTOR('',#5705,39.3700787401575);
#1708=VECTOR('',#5706,39.3700787401575);
#1709=VECTOR('',#5709,39.3700787401575);
#1710=VECTOR('',#5710,39.3700787401575);
#1711=VECTOR('',#5711,39.3700787401575);
#1712=VECTOR('',#5714,39.3700787401575);
#1713=VECTOR('',#5715,39.3700787401575);
#1714=VECTOR('',#5716,39.3700787401575);
#1715=VECTOR('',#5719,39.3700787401575);
#1716=VECTOR('',#5720,39.3700787401575);
#1717=VECTOR('',#5721,39.3700787401575);
#1718=VECTOR('',#5724,39.3700787401575);
#1719=VECTOR('',#5725,39.3700787401575);
#1720=VECTOR('',#5726,39.3700787401575);
#1721=VECTOR('',#5729,39.3700787401575);
#1722=VECTOR('',#5730,39.3700787401575);
#1723=VECTOR('',#5731,39.3700787401575);
#1724=VECTOR('',#5732,39.3700787401575);
#1725=VECTOR('',#5733,39.3700787401575);
#1726=VECTOR('',#5734,39.3700787401575);
#1727=VECTOR('',#5735,39.3700787401575);
#1728=VECTOR('',#5736,39.3700787401575);
#1729=VECTOR('',#5737,39.3700787401575);
#1730=VECTOR('',#5738,39.3700787401575);
#1731=VECTOR('',#5739,39.3700787401575);
#1732=VECTOR('',#5740,39.3700787401575);
#1733=VECTOR('',#5741,39.3700787401575);
#1734=VECTOR('',#5742,39.3700787401575);
#1735=VECTOR('',#5743,39.3700787401575);
#1736=VECTOR('',#5744,39.3700787401575);
#1737=VECTOR('',#5745,39.3700787401575);
#1738=VECTOR('',#5746,39.3700787401575);
#1739=VECTOR('',#5747,39.3700787401575);
#1740=VECTOR('',#5750,39.3700787401575);
#1741=VECTOR('',#5751,39.3700787401575);
#1742=VECTOR('',#5752,39.3700787401575);
#1743=VECTOR('',#5755,39.3700787401575);
#1744=VECTOR('',#5756,39.3700787401575);
#1745=VECTOR('',#5757,39.3700787401575);
#1746=VECTOR('',#5760,39.3700787401575);
#1747=VECTOR('',#5761,39.3700787401575);
#1748=VECTOR('',#5762,39.3700787401575);
#1749=VECTOR('',#5765,39.3700787401575);
#1750=VECTOR('',#5766,39.3700787401575);
#1751=VECTOR('',#5769,39.3700787401575);
#1752=VECTOR('',#5770,39.3700787401575);
#1753=VECTOR('',#5773,39.3700787401575);
#1754=VECTOR('',#5774,39.3700787401575);
#1755=VECTOR('',#5785,39.3700787401575);
#1756=VECTOR('',#5788,39.3700787401575);
#1757=VECTOR('',#5795,39.3700787401575);
#1758=VECTOR('',#5798,39.3700787401575);
#1759=VECTOR('',#5805,39.3700787401575);
#1760=VECTOR('',#5808,39.3700787401575);
#1761=VECTOR('',#5815,39.3700787401575);
#1762=VECTOR('',#5818,39.3700787401575);
#1763=VECTOR('',#5825,39.3700787401575);
#1764=VECTOR('',#5828,39.3700787401575);
#1765=VECTOR('',#5835,39.3700787401575);
#1766=VECTOR('',#5838,39.3700787401575);
#1767=VECTOR('',#5845,39.3700787401575);
#1768=VECTOR('',#5848,39.3700787401575);
#1769=VECTOR('',#5855,39.3700787401575);
#1770=VECTOR('',#5858,39.3700787401575);
#1771=VERTEX_POINT('',#5875);
#1772=VERTEX_POINT('',#5876);
#1773=VERTEX_POINT('',#5878);
#1774=VERTEX_POINT('',#5880);
#1775=VERTEX_POINT('',#5882);
#1776=VERTEX_POINT('',#5884);
#1777=VERTEX_POINT('',#5886);
#1778=VERTEX_POINT('',#5888);
#1779=VERTEX_POINT('',#5890);
#1780=VERTEX_POINT('',#5892);
#1781=VERTEX_POINT('',#5896);
#1782=VERTEX_POINT('',#5897);
#1783=VERTEX_POINT('',#5899);
#1784=VERTEX_POINT('',#5901);
#1785=VERTEX_POINT('',#5903);
#1786=VERTEX_POINT('',#5907);
#1787=VERTEX_POINT('',#5908);
#1788=VERTEX_POINT('',#5910);
#1789=VERTEX_POINT('',#5912);
#1790=VERTEX_POINT('',#5914);
#1791=VERTEX_POINT('',#5924);
#1792=VERTEX_POINT('',#5925);
#1793=VERTEX_POINT('',#5927);
#1794=VERTEX_POINT('',#5929);
#1795=VERTEX_POINT('',#5933);
#1796=VERTEX_POINT('',#5934);
#1797=VERTEX_POINT('',#5937);
#1798=VERTEX_POINT('',#5941);
#1799=VERTEX_POINT('',#5942);
#1800=VERTEX_POINT('',#5944);
#1801=VERTEX_POINT('',#5946);
#1802=VERTEX_POINT('',#5950);
#1803=VERTEX_POINT('',#5951);
#1804=VERTEX_POINT('',#5953);
#1805=VERTEX_POINT('',#5955);
#1806=VERTEX_POINT('',#5959);
#1807=VERTEX_POINT('',#5960);
#1808=VERTEX_POINT('',#5962);
#1809=VERTEX_POINT('',#5964);
#1810=VERTEX_POINT('',#5968);
#1811=VERTEX_POINT('',#5969);
#1812=VERTEX_POINT('',#5971);
#1813=VERTEX_POINT('',#5973);
#1814=VERTEX_POINT('',#5977);
#1815=VERTEX_POINT('',#5978);
#1816=VERTEX_POINT('',#5980);
#1817=VERTEX_POINT('',#5982);
#1818=VERTEX_POINT('',#5986);
#1819=VERTEX_POINT('',#5988);
#1820=VERTEX_POINT('',#5992);
#1821=VERTEX_POINT('',#5994);
#1822=VERTEX_POINT('',#5998);
#1823=VERTEX_POINT('',#5999);
#1824=VERTEX_POINT('',#6001);
#1825=VERTEX_POINT('',#6003);
#1826=VERTEX_POINT('',#6007);
#1827=VERTEX_POINT('',#6009);
#1828=VERTEX_POINT('',#6013);
#1829=VERTEX_POINT('',#6015);
#1830=VERTEX_POINT('',#6019);
#1831=VERTEX_POINT('',#6020);
#1832=VERTEX_POINT('',#6022);
#1833=VERTEX_POINT('',#6024);
#1834=VERTEX_POINT('',#6028);
#1835=VERTEX_POINT('',#6030);
#1836=VERTEX_POINT('',#6034);
#1837=VERTEX_POINT('',#6036);
#1838=VERTEX_POINT('',#6040);
#1839=VERTEX_POINT('',#6041);
#1840=VERTEX_POINT('',#6043);
#1841=VERTEX_POINT('',#6045);
#1842=VERTEX_POINT('',#6049);
#1843=VERTEX_POINT('',#6051);
#1844=VERTEX_POINT('',#6055);
#1845=VERTEX_POINT('',#6057);
#1846=VERTEX_POINT('',#6061);
#1847=VERTEX_POINT('',#6062);
#1848=VERTEX_POINT('',#6064);
#1849=VERTEX_POINT('',#6066);
#1850=VERTEX_POINT('',#6070);
#1851=VERTEX_POINT('',#6072);
#1852=VERTEX_POINT('',#6076);
#1853=VERTEX_POINT('',#6078);
#1854=VERTEX_POINT('',#6082);
#1855=VERTEX_POINT('',#6083);
#1856=VERTEX_POINT('',#6085);
#1857=VERTEX_POINT('',#6087);
#1858=VERTEX_POINT('',#6091);
#1859=VERTEX_POINT('',#6093);
#1860=VERTEX_POINT('',#6097);
#1861=VERTEX_POINT('',#6099);
#1862=VERTEX_POINT('',#6103);
#1863=VERTEX_POINT('',#6104);
#1864=VERTEX_POINT('',#6106);
#1865=VERTEX_POINT('',#6108);
#1866=VERTEX_POINT('',#6112);
#1867=VERTEX_POINT('',#6113);
#1868=VERTEX_POINT('',#6115);
#1869=VERTEX_POINT('',#6117);
#1870=VERTEX_POINT('',#6139);
#1871=VERTEX_POINT('',#6140);
#1872=VERTEX_POINT('',#6142);
#1873=VERTEX_POINT('',#6144);
#1874=VERTEX_POINT('',#6148);
#1875=VERTEX_POINT('',#6149);
#1876=VERTEX_POINT('',#6151);
#1877=VERTEX_POINT('',#6153);
#1878=VERTEX_POINT('',#6157);
#1879=VERTEX_POINT('',#6158);
#1880=VERTEX_POINT('',#6162);
#1881=VERTEX_POINT('',#6164);
#1882=VERTEX_POINT('',#6170);
#1883=VERTEX_POINT('',#6172);
#1884=VERTEX_POINT('',#6174);
#1885=VERTEX_POINT('',#6178);
#1886=VERTEX_POINT('',#6180);
#1887=VERTEX_POINT('',#6182);
#1888=VERTEX_POINT('',#6184);
#1889=VERTEX_POINT('',#6187);
#1890=VERTEX_POINT('',#6189);
#1891=VERTEX_POINT('',#6194);
#1892=VERTEX_POINT('',#6195);
#1893=VERTEX_POINT('',#6197);
#1894=VERTEX_POINT('',#6199);
#1895=VERTEX_POINT('',#6204);
#1896=VERTEX_POINT('',#6206);
#1897=VERTEX_POINT('',#6210);
#1898=VERTEX_POINT('',#6211);
#1899=VERTEX_POINT('',#6213);
#1900=VERTEX_POINT('',#6215);
#1901=VERTEX_POINT('',#6220);
#1902=VERTEX_POINT('',#6222);
#1903=VERTEX_POINT('',#6226);
#1904=VERTEX_POINT('',#6227);
#1905=VERTEX_POINT('',#6229);
#1906=VERTEX_POINT('',#6231);
#1907=VERTEX_POINT('',#6235);
#1908=VERTEX_POINT('',#6236);
#1909=VERTEX_POINT('',#6242);
#1910=VERTEX_POINT('',#6243);
#1911=VERTEX_POINT('',#6245);
#1912=VERTEX_POINT('',#6247);
#1913=VERTEX_POINT('',#6251);
#1914=VERTEX_POINT('',#6252);
#1915=VERTEX_POINT('',#6258);
#1916=VERTEX_POINT('',#6259);
#1917=VERTEX_POINT('',#6265);
#1918=VERTEX_POINT('',#6266);
#1919=VERTEX_POINT('',#6272);
#1920=VERTEX_POINT('',#6273);
#1921=VERTEX_POINT('',#6279);
#1922=VERTEX_POINT('',#6280);
#1923=VERTEX_POINT('',#6286);
#1924=VERTEX_POINT('',#6288);
#1925=VERTEX_POINT('',#6298);
#1926=VERTEX_POINT('',#6300);
#1927=VERTEX_POINT('',#6345);
#1928=VERTEX_POINT('',#6347);
#1929=VERTEX_POINT('',#6351);
#1930=VERTEX_POINT('',#6353);
#1931=VERTEX_POINT('',#6372);
#1932=VERTEX_POINT('',#6373);
#1933=VERTEX_POINT('',#6375);
#1934=VERTEX_POINT('',#6377);
#1935=VERTEX_POINT('',#6381);
#1936=VERTEX_POINT('',#6382);
#1937=VERTEX_POINT('',#6384);
#1938=VERTEX_POINT('',#6386);
#1939=VERTEX_POINT('',#6390);
#1940=VERTEX_POINT('',#6391);
#1941=VERTEX_POINT('',#6393);
#1942=VERTEX_POINT('',#6395);
#1943=VERTEX_POINT('',#6399);
#1944=VERTEX_POINT('',#6400);
#1945=VERTEX_POINT('',#6402);
#1946=VERTEX_POINT('',#6404);
#1947=VERTEX_POINT('',#6408);
#1948=VERTEX_POINT('',#6410);
#1949=VERTEX_POINT('',#6414);
#1950=VERTEX_POINT('',#6416);
#1951=VERTEX_POINT('',#6420);
#1952=VERTEX_POINT('',#6422);
#1953=VERTEX_POINT('',#6426);
#1954=VERTEX_POINT('',#6428);
#1955=VERTEX_POINT('',#6432);
#1956=VERTEX_POINT('',#6434);
#1957=VERTEX_POINT('',#6438);
#1958=VERTEX_POINT('',#6440);
#1959=VERTEX_POINT('',#6444);
#1960=VERTEX_POINT('',#6446);
#1961=VERTEX_POINT('',#6450);
#1962=VERTEX_POINT('',#6452);
#1963=VERTEX_POINT('',#6456);
#1964=VERTEX_POINT('',#6457);
#1965=VERTEX_POINT('',#6459);
#1966=VERTEX_POINT('',#6461);
#1967=VERTEX_POINT('',#6465);
#1968=VERTEX_POINT('',#6466);
#1969=VERTEX_POINT('',#6468);
#1970=VERTEX_POINT('',#6470);
#1971=VERTEX_POINT('',#6474);
#1972=VERTEX_POINT('',#6475);
#1973=VERTEX_POINT('',#6477);
#1974=VERTEX_POINT('',#6479);
#1975=VERTEX_POINT('',#6483);
#1976=VERTEX_POINT('',#6484);
#1977=VERTEX_POINT('',#6486);
#1978=VERTEX_POINT('',#6488);
#1979=VERTEX_POINT('',#6492);
#1980=VERTEX_POINT('',#6494);
#1981=VERTEX_POINT('',#6498);
#1982=VERTEX_POINT('',#6500);
#1983=VERTEX_POINT('',#6504);
#1984=VERTEX_POINT('',#6506);
#1985=VERTEX_POINT('',#6510);
#1986=VERTEX_POINT('',#6512);
#1987=VERTEX_POINT('',#6516);
#1988=VERTEX_POINT('',#6518);
#1989=VERTEX_POINT('',#6522);
#1990=VERTEX_POINT('',#6524);
#1991=VERTEX_POINT('',#6528);
#1992=VERTEX_POINT('',#6530);
#1993=VERTEX_POINT('',#6534);
#1994=VERTEX_POINT('',#6536);
#1995=VERTEX_POINT('',#6540);
#1996=VERTEX_POINT('',#6541);
#1997=VERTEX_POINT('',#6543);
#1998=VERTEX_POINT('',#6545);
#1999=VERTEX_POINT('',#6549);
#2000=VERTEX_POINT('',#6551);
#2001=VERTEX_POINT('',#6555);
#2002=VERTEX_POINT('',#6557);
#2003=VERTEX_POINT('',#6561);
#2004=VERTEX_POINT('',#6563);
#2005=VERTEX_POINT('',#6566);
#2006=VERTEX_POINT('',#6568);
#2007=VERTEX_POINT('',#6571);
#2008=VERTEX_POINT('',#6573);
#2009=VERTEX_POINT('',#6576);
#2010=VERTEX_POINT('',#6578);
#2011=VERTEX_POINT('',#6582);
#2012=VERTEX_POINT('',#6584);
#2013=VERTEX_POINT('',#6587);
#2014=VERTEX_POINT('',#6589);
#2015=VERTEX_POINT('',#6592);
#2016=VERTEX_POINT('',#6594);
#2017=VERTEX_POINT('',#6597);
#2018=VERTEX_POINT('',#6599);
#2019=VERTEX_POINT('',#6601);
#2020=VERTEX_POINT('',#6603);
#2021=VERTEX_POINT('',#6607);
#2022=VERTEX_POINT('',#6609);
#2023=VERTEX_POINT('',#6613);
#2024=VERTEX_POINT('',#6615);
#2025=VERTEX_POINT('',#6619);
#2026=VERTEX_POINT('',#6621);
#2027=VERTEX_POINT('',#6626);
#2028=VERTEX_POINT('',#6628);
#2029=VERTEX_POINT('',#6669);
#2030=VERTEX_POINT('',#6670);
#2031=VERTEX_POINT('',#6672);
#2032=VERTEX_POINT('',#6674);
#2033=VERTEX_POINT('',#6678);
#2034=VERTEX_POINT('',#6679);
#2035=VERTEX_POINT('',#6681);
#2036=VERTEX_POINT('',#6683);
#2037=VERTEX_POINT('',#6687);
#2038=VERTEX_POINT('',#6688);
#2039=VERTEX_POINT('',#6690);
#2040=VERTEX_POINT('',#6692);
#2041=VERTEX_POINT('',#6696);
#2042=VERTEX_POINT('',#6697);
#2043=VERTEX_POINT('',#6699);
#2044=VERTEX_POINT('',#6701);
#2045=VERTEX_POINT('',#6705);
#2046=VERTEX_POINT('',#6706);
#2047=VERTEX_POINT('',#6708);
#2048=VERTEX_POINT('',#6710);
#2049=VERTEX_POINT('',#6714);
#2050=VERTEX_POINT('',#6715);
#2051=VERTEX_POINT('',#6717);
#2052=VERTEX_POINT('',#6719);
#2053=VERTEX_POINT('',#6723);
#2054=VERTEX_POINT('',#6724);
#2055=VERTEX_POINT('',#6726);
#2056=VERTEX_POINT('',#6728);
#2057=VERTEX_POINT('',#6732);
#2058=VERTEX_POINT('',#6733);
#2059=VERTEX_POINT('',#6735);
#2060=VERTEX_POINT('',#6737);
#2061=VERTEX_POINT('',#6741);
#2062=VERTEX_POINT('',#6743);
#2063=VERTEX_POINT('',#6747);
#2064=VERTEX_POINT('',#6749);
#2065=VERTEX_POINT('',#6753);
#2066=VERTEX_POINT('',#6755);
#2067=VERTEX_POINT('',#6759);
#2068=VERTEX_POINT('',#6761);
#2069=VERTEX_POINT('',#6765);
#2070=VERTEX_POINT('',#6767);
#2071=VERTEX_POINT('',#6771);
#2072=VERTEX_POINT('',#6773);
#2073=VERTEX_POINT('',#6777);
#2074=VERTEX_POINT('',#6779);
#2075=VERTEX_POINT('',#6783);
#2076=VERTEX_POINT('',#6785);
#2077=VERTEX_POINT('',#6789);
#2078=VERTEX_POINT('',#6791);
#2079=VERTEX_POINT('',#6795);
#2080=VERTEX_POINT('',#6797);
#2081=VERTEX_POINT('',#6801);
#2082=VERTEX_POINT('',#6803);
#2083=VERTEX_POINT('',#6807);
#2084=VERTEX_POINT('',#6809);
#2085=VERTEX_POINT('',#6813);
#2086=VERTEX_POINT('',#6815);
#2087=VERTEX_POINT('',#6819);
#2088=VERTEX_POINT('',#6821);
#2089=VERTEX_POINT('',#6825);
#2090=VERTEX_POINT('',#6827);
#2091=VERTEX_POINT('',#6831);
#2092=VERTEX_POINT('',#6833);
#2093=VERTEX_POINT('',#6837);
#2094=VERTEX_POINT('',#6838);
#2095=VERTEX_POINT('',#6840);
#2096=VERTEX_POINT('',#6842);
#2097=VERTEX_POINT('',#6846);
#2098=VERTEX_POINT('',#6847);
#2099=VERTEX_POINT('',#6849);
#2100=VERTEX_POINT('',#6851);
#2101=VERTEX_POINT('',#6855);
#2102=VERTEX_POINT('',#6856);
#2103=VERTEX_POINT('',#6858);
#2104=VERTEX_POINT('',#6860);
#2105=VERTEX_POINT('',#6864);
#2106=VERTEX_POINT('',#6865);
#2107=VERTEX_POINT('',#6867);
#2108=VERTEX_POINT('',#6869);
#2109=VERTEX_POINT('',#6873);
#2110=VERTEX_POINT('',#6875);
#2111=VERTEX_POINT('',#6879);
#2112=VERTEX_POINT('',#6881);
#2113=VERTEX_POINT('',#6885);
#2114=VERTEX_POINT('',#6887);
#2115=VERTEX_POINT('',#6891);
#2116=VERTEX_POINT('',#6893);
#2117=VERTEX_POINT('',#6897);
#2118=VERTEX_POINT('',#6899);
#2119=VERTEX_POINT('',#6903);
#2120=VERTEX_POINT('',#6905);
#2121=VERTEX_POINT('',#6909);
#2122=VERTEX_POINT('',#6911);
#2123=VERTEX_POINT('',#6915);
#2124=VERTEX_POINT('',#6917);
#2125=VERTEX_POINT('',#6933);
#2126=VERTEX_POINT('',#6934);
#2127=VERTEX_POINT('',#6936);
#2128=VERTEX_POINT('',#6938);
#2129=VERTEX_POINT('',#6942);
#2130=VERTEX_POINT('',#6944);
#2131=VERTEX_POINT('',#6947);
#2132=VERTEX_POINT('',#6949);
#2133=VERTEX_POINT('',#6952);
#2134=VERTEX_POINT('',#6954);
#2135=VERTEX_POINT('',#6957);
#2136=VERTEX_POINT('',#6959);
#2137=VERTEX_POINT('',#6962);
#2138=VERTEX_POINT('',#6964);
#2139=VERTEX_POINT('',#6968);
#2140=VERTEX_POINT('',#6971);
#2141=VERTEX_POINT('',#6973);
#2142=VERTEX_POINT('',#6975);
#2143=VERTEX_POINT('',#6977);
#2144=VERTEX_POINT('',#6980);
#2145=VERTEX_POINT('',#6982);
#2146=VERTEX_POINT('',#6985);
#2147=VERTEX_POINT('',#6987);
#2148=VERTEX_POINT('',#6990);
#2149=VERTEX_POINT('',#6994);
#2150=VERTEX_POINT('',#6996);
#2151=VERTEX_POINT('',#7000);
#2152=VERTEX_POINT('',#7002);
#2153=VERTEX_POINT('',#7006);
#2154=VERTEX_POINT('',#7008);
#2155=VERTEX_POINT('',#7012);
#2156=VERTEX_POINT('',#7014);
#2157=VERTEX_POINT('',#7018);
#2158=VERTEX_POINT('',#7020);
#2159=VERTEX_POINT('',#7024);
#2160=VERTEX_POINT('',#7025);
#2161=VERTEX_POINT('',#7046);
#2162=VERTEX_POINT('',#7048);
#2163=VERTEX_POINT('',#7052);
#2164=VERTEX_POINT('',#7054);
#2165=VERTEX_POINT('',#7058);
#2166=VERTEX_POINT('',#7060);
#2167=EDGE_CURVE('',#1771,#1772,#531,.T.);
#2168=EDGE_CURVE('',#1772,#1773,#532,.T.);
#2169=EDGE_CURVE('',#1773,#1774,#533,.T.);
#2170=EDGE_CURVE('',#1774,#1775,#534,.T.);
#2171=EDGE_CURVE('',#1776,#1775,#535,.T.);
#2172=EDGE_CURVE('',#1777,#1776,#536,.T.);
#2173=EDGE_CURVE('',#1777,#1778,#537,.T.);
#2174=EDGE_CURVE('',#1778,#1779,#538,.T.);
#2175=EDGE_CURVE('',#1779,#1780,#539,.T.);
#2176=EDGE_CURVE('',#1780,#1771,#540,.T.);
#2177=EDGE_CURVE('',#1781,#1782,#541,.T.);
#2178=EDGE_CURVE('',#1782,#1783,#542,.T.);
#2179=EDGE_CURVE('',#1783,#1784,#543,.T.);
#2180=EDGE_CURVE('',#1784,#1785,#544,.T.);
#2181=EDGE_CURVE('',#1781,#1785,#545,.T.);
#2182=EDGE_CURVE('',#1786,#1787,#546,.T.);
#2183=EDGE_CURVE('',#1787,#1788,#547,.T.);
#2184=EDGE_CURVE('',#1788,#1789,#548,.T.);
#2185=EDGE_CURVE('',#1789,#1790,#549,.T.);
#2186=EDGE_CURVE('',#1790,#1786,#550,.T.);
#2187=EDGE_CURVE('',#1782,#1773,#551,.T.);
#2188=EDGE_CURVE('',#1774,#1781,#552,.T.);
#2189=EDGE_CURVE('',#1778,#1789,#553,.T.);
#2190=EDGE_CURVE('',#1790,#1777,#554,.T.);
#2191=EDGE_CURVE('',#1791,#1792,#555,.T.);
#2192=EDGE_CURVE('',#1792,#1793,#556,.T.);
#2193=EDGE_CURVE('',#1793,#1794,#557,.T.);
#2194=EDGE_CURVE('',#1794,#1791,#558,.T.);
#2195=EDGE_CURVE('',#1795,#1796,#559,.T.);
#2196=EDGE_CURVE('',#1785,#1795,#560,.T.);
#2197=EDGE_CURVE('',#1797,#1785,#561,.T.);
#2198=EDGE_CURVE('',#1797,#1796,#562,.T.);
#2199=EDGE_CURVE('',#1798,#1799,#563,.T.);
#2200=EDGE_CURVE('',#1798,#1800,#564,.T.);
#2201=EDGE_CURVE('',#1800,#1801,#565,.T.);
#2202=EDGE_CURVE('',#1799,#1801,#566,.T.);
#2203=EDGE_CURVE('',#1802,#1803,#567,.T.);
#2204=EDGE_CURVE('',#1802,#1804,#568,.T.);
#2205=EDGE_CURVE('',#1804,#1805,#569,.T.);
#2206=EDGE_CURVE('',#1803,#1805,#570,.T.);
#2207=EDGE_CURVE('',#1806,#1807,#571,.T.);
#2208=EDGE_CURVE('',#1807,#1808,#572,.T.);
#2209=EDGE_CURVE('',#1809,#1808,#573,.T.);
#2210=EDGE_CURVE('',#1809,#1806,#574,.T.);
#2211=EDGE_CURVE('',#1810,#1811,#575,.T.);
#2212=EDGE_CURVE('',#1811,#1812,#576,.T.);
#2213=EDGE_CURVE('',#1813,#1812,#577,.T.);
#2214=EDGE_CURVE('',#1813,#1810,#578,.T.);
#2215=EDGE_CURVE('',#1814,#1815,#579,.T.);
#2216=EDGE_CURVE('',#1815,#1816,#580,.T.);
#2217=EDGE_CURVE('',#1817,#1816,#581,.T.);
#2218=EDGE_CURVE('',#1817,#1814,#582,.T.);
#2219=EDGE_CURVE('',#1816,#1818,#583,.T.);
#2220=EDGE_CURVE('',#1819,#1818,#584,.T.);
#2221=EDGE_CURVE('',#1819,#1817,#585,.T.);
#2222=EDGE_CURVE('',#1818,#1820,#586,.T.);
#2223=EDGE_CURVE('',#1821,#1820,#587,.T.);
#2224=EDGE_CURVE('',#1821,#1819,#588,.T.);
#2225=EDGE_CURVE('',#1822,#1823,#589,.T.);
#2226=EDGE_CURVE('',#1823,#1824,#590,.T.);
#2227=EDGE_CURVE('',#1825,#1824,#591,.T.);
#2228=EDGE_CURVE('',#1825,#1822,#592,.T.);
#2229=EDGE_CURVE('',#1824,#1826,#593,.T.);
#2230=EDGE_CURVE('',#1827,#1826,#594,.T.);
#2231=EDGE_CURVE('',#1827,#1825,#595,.T.);
#2232=EDGE_CURVE('',#1826,#1828,#596,.T.);
#2233=EDGE_CURVE('',#1829,#1828,#597,.T.);
#2234=EDGE_CURVE('',#1829,#1827,#598,.T.);
#2235=EDGE_CURVE('',#1830,#1831,#599,.T.);
#2236=EDGE_CURVE('',#1831,#1832,#600,.T.);
#2237=EDGE_CURVE('',#1833,#1832,#601,.T.);
#2238=EDGE_CURVE('',#1833,#1830,#602,.T.);
#2239=EDGE_CURVE('',#1832,#1834,#603,.T.);
#2240=EDGE_CURVE('',#1835,#1834,#604,.T.);
#2241=EDGE_CURVE('',#1835,#1833,#605,.T.);
#2242=EDGE_CURVE('',#1834,#1836,#606,.T.);
#2243=EDGE_CURVE('',#1837,#1836,#607,.T.);
#2244=EDGE_CURVE('',#1837,#1835,#608,.T.);
#2245=EDGE_CURVE('',#1838,#1839,#609,.T.);
#2246=EDGE_CURVE('',#1839,#1840,#610,.T.);
#2247=EDGE_CURVE('',#1841,#1840,#611,.T.);
#2248=EDGE_CURVE('',#1841,#1838,#612,.T.);
#2249=EDGE_CURVE('',#1840,#1842,#613,.T.);
#2250=EDGE_CURVE('',#1843,#1842,#614,.T.);
#2251=EDGE_CURVE('',#1843,#1841,#615,.T.);
#2252=EDGE_CURVE('',#1842,#1844,#616,.T.);
#2253=EDGE_CURVE('',#1845,#1844,#617,.T.);
#2254=EDGE_CURVE('',#1845,#1843,#618,.T.);
#2255=EDGE_CURVE('',#1846,#1847,#619,.T.);
#2256=EDGE_CURVE('',#1847,#1848,#620,.T.);
#2257=EDGE_CURVE('',#1849,#1848,#621,.T.);
#2258=EDGE_CURVE('',#1849,#1846,#622,.T.);
#2259=EDGE_CURVE('',#1848,#1850,#623,.T.);
#2260=EDGE_CURVE('',#1851,#1850,#624,.T.);
#2261=EDGE_CURVE('',#1851,#1849,#625,.T.);
#2262=EDGE_CURVE('',#1850,#1852,#626,.T.);
#2263=EDGE_CURVE('',#1853,#1852,#627,.T.);
#2264=EDGE_CURVE('',#1853,#1851,#628,.T.);
#2265=EDGE_CURVE('',#1854,#1855,#629,.T.);
#2266=EDGE_CURVE('',#1855,#1856,#630,.T.);
#2267=EDGE_CURVE('',#1857,#1856,#631,.T.);
#2268=EDGE_CURVE('',#1857,#1854,#632,.T.);
#2269=EDGE_CURVE('',#1856,#1858,#633,.T.);
#2270=EDGE_CURVE('',#1859,#1858,#634,.T.);
#2271=EDGE_CURVE('',#1859,#1857,#635,.T.);
#2272=EDGE_CURVE('',#1858,#1860,#636,.T.);
#2273=EDGE_CURVE('',#1861,#1860,#637,.T.);
#2274=EDGE_CURVE('',#1861,#1859,#638,.T.);
#2275=EDGE_CURVE('',#1862,#1863,#639,.T.);
#2276=EDGE_CURVE('',#1863,#1864,#640,.T.);
#2277=EDGE_CURVE('',#1865,#1864,#641,.T.);
#2278=EDGE_CURVE('',#1865,#1862,#642,.T.);
#2279=EDGE_CURVE('',#1866,#1867,#643,.T.);
#2280=EDGE_CURVE('',#1867,#1868,#644,.T.);
#2281=EDGE_CURVE('',#1869,#1868,#645,.T.);
#2282=EDGE_CURVE('',#1869,#1866,#646,.T.);
#2283=EDGE_CURVE('',#1820,#1815,#647,.T.);
#2284=EDGE_CURVE('',#1814,#1821,#648,.T.);
#2285=EDGE_CURVE('',#1828,#1823,#649,.T.);
#2286=EDGE_CURVE('',#1822,#1829,#650,.T.);
#2287=EDGE_CURVE('',#1836,#1831,#651,.T.);
#2288=EDGE_CURVE('',#1830,#1837,#652,.T.);
#2289=EDGE_CURVE('',#1844,#1839,#653,.T.);
#2290=EDGE_CURVE('',#1838,#1845,#654,.T.);
#2291=EDGE_CURVE('',#1852,#1847,#655,.T.);
#2292=EDGE_CURVE('',#1846,#1853,#656,.T.);
#2293=EDGE_CURVE('',#1860,#1855,#657,.T.);
#2294=EDGE_CURVE('',#1854,#1861,#658,.T.);
#2295=EDGE_CURVE('',#1870,#1871,#659,.T.);
#2296=EDGE_CURVE('',#1872,#1871,#660,.T.);
#2297=EDGE_CURVE('',#1872,#1873,#661,.T.);
#2298=EDGE_CURVE('',#1873,#1870,#662,.T.);
#2299=EDGE_CURVE('',#1874,#1875,#663,.T.);
#2300=EDGE_CURVE('',#1875,#1876,#664,.T.);
#2301=EDGE_CURVE('',#1876,#1877,#665,.T.);
#2302=EDGE_CURVE('',#1874,#1877,#666,.T.);
#2303=EDGE_CURVE('',#1878,#1879,#667,.T.);
#2304=EDGE_CURVE('',#1799,#1878,#668,.T.);
#2305=EDGE_CURVE('',#1801,#1794,#669,.T.);
#2306=EDGE_CURVE('',#1880,#1793,#670,.T.);
#2307=EDGE_CURVE('',#1881,#1880,#671,.T.);
#2308=EDGE_CURVE('',#1796,#1881,#672,.T.);
#2309=EDGE_CURVE('',#1803,#1797,#673,.T.);
#2310=EDGE_CURVE('',#1879,#1805,#674,.T.);
#2311=EDGE_CURVE('',#1786,#1882,#675,.T.);
#2312=EDGE_CURVE('',#1786,#1883,#676,.T.);
#2313=EDGE_CURVE('',#1884,#1883,#677,.T.);
#2314=EDGE_CURVE('',#1882,#1884,#678,.T.);
#2315=EDGE_CURVE('',#1872,#1885,#679,.T.);
#2316=EDGE_CURVE('',#1885,#1886,#680,.T.);
#2317=EDGE_CURVE('',#1886,#1887,#681,.T.);
#2318=EDGE_CURVE('',#1888,#1887,#682,.T.);
#2319=EDGE_CURVE('',#1882,#1888,#683,.T.);
#2320=EDGE_CURVE('',#1884,#1889,#684,.T.);
#2321=EDGE_CURVE('',#1889,#1890,#685,.T.);
#2322=EDGE_CURVE('',#1890,#1874,#686,.T.);
#2323=EDGE_CURVE('',#1877,#1873,#687,.T.);
#2324=EDGE_CURVE('',#1891,#1892,#688,.T.);
#2325=EDGE_CURVE('',#1893,#1891,#689,.T.);
#2326=EDGE_CURVE('',#1894,#1893,#690,.T.);
#2327=EDGE_CURVE('',#1894,#1809,#691,.T.);
#2328=EDGE_CURVE('',#1808,#1892,#692,.T.);
#2329=EDGE_CURVE('',#1895,#1893,#693,.T.);
#2330=EDGE_CURVE('',#1896,#1895,#694,.T.);
#2331=EDGE_CURVE('',#1896,#1894,#695,.T.);
#2332=EDGE_CURVE('',#1897,#1898,#696,.T.);
#2333=EDGE_CURVE('',#1899,#1897,#697,.T.);
#2334=EDGE_CURVE('',#1900,#1899,#698,.T.);
#2335=EDGE_CURVE('',#1900,#1813,#699,.T.);
#2336=EDGE_CURVE('',#1812,#1898,#700,.T.);
#2337=EDGE_CURVE('',#1901,#1899,#701,.T.);
#2338=EDGE_CURVE('',#1902,#1901,#702,.T.);
#2339=EDGE_CURVE('',#1902,#1900,#703,.T.);
#2340=EDGE_CURVE('',#1903,#1904,#704,.T.);
#2341=EDGE_CURVE('',#1905,#1903,#705,.T.);
#2342=EDGE_CURVE('',#1905,#1906,#706,.T.);
#2343=EDGE_CURVE('',#1906,#1904,#707,.T.);
#2344=EDGE_CURVE('',#1907,#1908,#708,.T.);
#2345=EDGE_CURVE('',#1907,#1863,#709,.T.);
#2346=EDGE_CURVE('',#1862,#1905,#710,.T.);
#2347=EDGE_CURVE('',#1908,#1903,#711,.T.);
#2348=EDGE_CURVE('',#1909,#1910,#712,.T.);
#2349=EDGE_CURVE('',#1911,#1909,#713,.T.);
#2350=EDGE_CURVE('',#1911,#1912,#714,.T.);
#2351=EDGE_CURVE('',#1912,#1910,#715,.T.);
#2352=EDGE_CURVE('',#1913,#1914,#716,.T.);
#2353=EDGE_CURVE('',#1913,#1867,#717,.T.);
#2354=EDGE_CURVE('',#1866,#1911,#718,.T.);
#2355=EDGE_CURVE('',#1914,#1909,#719,.T.);
#2356=EDGE_CURVE('',#1915,#1916,#720,.T.);
#2357=EDGE_CURVE('',#1915,#1807,#721,.T.);
#2358=EDGE_CURVE('',#1806,#1896,#722,.T.);
#2359=EDGE_CURVE('',#1916,#1895,#723,.T.);
#2360=EDGE_CURVE('',#1917,#1918,#724,.T.);
#2361=EDGE_CURVE('',#1917,#1811,#725,.T.);
#2362=EDGE_CURVE('',#1810,#1902,#726,.T.);
#2363=EDGE_CURVE('',#1918,#1901,#727,.T.);
#2364=EDGE_CURVE('',#1919,#1920,#728,.T.);
#2365=EDGE_CURVE('',#1904,#1919,#729,.T.);
#2366=EDGE_CURVE('',#1906,#1865,#730,.T.);
#2367=EDGE_CURVE('',#1864,#1920,#731,.T.);
#2368=EDGE_CURVE('',#1921,#1922,#732,.T.);
#2369=EDGE_CURVE('',#1910,#1921,#733,.T.);
#2370=EDGE_CURVE('',#1912,#1869,#734,.T.);
#2371=EDGE_CURVE('',#1868,#1922,#735,.T.);
#2372=EDGE_CURVE('',#1887,#1923,#736,.T.);
#2373=EDGE_CURVE('',#1924,#1923,#737,.T.);
#2374=EDGE_CURVE('',#1888,#1924,#738,.T.);
#2375=EDGE_CURVE('',#1771,#1784,#739,.T.);
#2376=EDGE_CURVE('',#1780,#1787,#740,.T.);
#2377=EDGE_CURVE('',#1802,#1924,#741,.T.);
#2378=EDGE_CURVE('',#1876,#1776,#742,.T.);
#2379=EDGE_CURVE('',#1775,#1791,#743,.T.);
#2380=EDGE_CURVE('',#1800,#1925,#744,.T.);
#2381=EDGE_CURVE('',#1925,#1926,#745,.T.);
#2382=EDGE_CURVE('',#1926,#1870,#746,.T.);
#2383=EDGE_CURVE('',#1919,#1908,#747,.T.);
#2384=EDGE_CURVE('',#1921,#1914,#748,.T.);
#2385=EDGE_CURVE('',#1897,#1918,#749,.T.);
#2386=EDGE_CURVE('',#1891,#1916,#750,.T.);
#2387=EDGE_CURVE('',#1890,#1880,#751,.T.);
#2388=EDGE_CURVE('',#1889,#1881,#752,.T.);
#2389=EDGE_CURVE('',#1792,#1875,#753,.T.);
#2390=EDGE_CURVE('',#1883,#1795,#754,.T.);
#2391=EDGE_CURVE('',#1885,#1878,#755,.T.);
#2392=EDGE_CURVE('',#1871,#1798,#756,.T.);
#2393=EDGE_CURVE('',#1886,#1879,#757,.T.);
#2394=EDGE_CURVE('',#1804,#1923,#758,.T.);
#2395=EDGE_CURVE('',#1922,#1913,#759,.T.);
#2396=EDGE_CURVE('',#1920,#1907,#760,.T.);
#2397=EDGE_CURVE('',#1898,#1917,#761,.T.);
#2398=EDGE_CURVE('',#1892,#1915,#762,.T.);
#2399=EDGE_CURVE('',#1883,#1875,#763,.T.);
#2400=EDGE_CURVE('',#1795,#1792,#764,.T.);
#2401=EDGE_CURVE('',#1804,#1798,#765,.T.);
#2402=EDGE_CURVE('',#1927,#1802,#766,.T.);
#2403=EDGE_CURVE('',#1927,#1928,#767,.T.);
#2404=EDGE_CURVE('',#1928,#1925,#768,.T.);
#2405=EDGE_CURVE('',#1929,#1926,#769,.T.);
#2406=EDGE_CURVE('',#1929,#1930,#770,.T.);
#2407=EDGE_CURVE('',#1930,#1924,#771,.T.);
#2408=EDGE_CURVE('',#1923,#1871,#772,.T.);
#2409=EDGE_CURVE('',#1928,#1929,#773,.T.);
#2410=EDGE_CURVE('',#1930,#1927,#774,.T.);
#2411=EDGE_CURVE('',#1772,#1783,#775,.T.);
#2412=EDGE_CURVE('',#1779,#1788,#776,.T.);
#2413=EDGE_CURVE('',#1931,#1932,#777,.T.);
#2414=EDGE_CURVE('',#1933,#1931,#778,.T.);
#2415=EDGE_CURVE('',#1933,#1934,#779,.T.);
#2416=EDGE_CURVE('',#1934,#1932,#780,.T.);
#2417=EDGE_CURVE('',#1935,#1936,#781,.T.);
#2418=EDGE_CURVE('',#1935,#1937,#782,.T.);
#2419=EDGE_CURVE('',#1938,#1937,#783,.T.);
#2420=EDGE_CURVE('',#1936,#1938,#784,.T.);
#2421=EDGE_CURVE('',#1939,#1940,#785,.T.);
#2422=EDGE_CURVE('',#1939,#1941,#786,.T.);
#2423=EDGE_CURVE('',#1942,#1941,#787,.T.);
#2424=EDGE_CURVE('',#1940,#1942,#788,.T.);
#2425=EDGE_CURVE('',#1943,#1944,#789,.T.);
#2426=EDGE_CURVE('',#1943,#1945,#790,.T.);
#2427=EDGE_CURVE('',#1946,#1945,#791,.T.);
#2428=EDGE_CURVE('',#1944,#1946,#792,.T.);
#2429=EDGE_CURVE('',#1932,#1947,#793,.T.);
#2430=EDGE_CURVE('',#1934,#1948,#794,.T.);
#2431=EDGE_CURVE('',#1948,#1947,#795,.T.);
#2432=EDGE_CURVE('',#1949,#1935,#796,.T.);
#2433=EDGE_CURVE('',#1949,#1950,#797,.T.);
#2434=EDGE_CURVE('',#1937,#1950,#798,.T.);
#2435=EDGE_CURVE('',#1951,#1939,#799,.T.);
#2436=EDGE_CURVE('',#1951,#1952,#800,.T.);
#2437=EDGE_CURVE('',#1941,#1952,#801,.T.);
#2438=EDGE_CURVE('',#1953,#1943,#802,.T.);
#2439=EDGE_CURVE('',#1953,#1954,#803,.T.);
#2440=EDGE_CURVE('',#1945,#1954,#804,.T.);
#2441=EDGE_CURVE('',#1947,#1955,#805,.T.);
#2442=EDGE_CURVE('',#1948,#1956,#806,.T.);
#2443=EDGE_CURVE('',#1956,#1955,#807,.T.);
#2444=EDGE_CURVE('',#1957,#1949,#808,.T.);
#2445=EDGE_CURVE('',#1957,#1958,#809,.T.);
#2446=EDGE_CURVE('',#1950,#1958,#810,.T.);
#2447=EDGE_CURVE('',#1959,#1951,#811,.T.);
#2448=EDGE_CURVE('',#1959,#1960,#812,.T.);
#2449=EDGE_CURVE('',#1952,#1960,#813,.T.);
#2450=EDGE_CURVE('',#1961,#1953,#814,.T.);
#2451=EDGE_CURVE('',#1961,#1962,#815,.T.);
#2452=EDGE_CURVE('',#1954,#1962,#816,.T.);
#2453=EDGE_CURVE('',#1963,#1964,#817,.T.);
#2454=EDGE_CURVE('',#1965,#1963,#818,.T.);
#2455=EDGE_CURVE('',#1965,#1966,#819,.T.);
#2456=EDGE_CURVE('',#1966,#1964,#820,.T.);
#2457=EDGE_CURVE('',#1967,#1968,#821,.T.);
#2458=EDGE_CURVE('',#1967,#1969,#822,.T.);
#2459=EDGE_CURVE('',#1970,#1969,#823,.T.);
#2460=EDGE_CURVE('',#1968,#1970,#824,.T.);
#2461=EDGE_CURVE('',#1971,#1972,#825,.T.);
#2462=EDGE_CURVE('',#1971,#1973,#826,.T.);
#2463=EDGE_CURVE('',#1974,#1973,#827,.T.);
#2464=EDGE_CURVE('',#1972,#1974,#828,.T.);
#2465=EDGE_CURVE('',#1975,#1976,#829,.T.);
#2466=EDGE_CURVE('',#1975,#1977,#830,.T.);
#2467=EDGE_CURVE('',#1978,#1977,#831,.T.);
#2468=EDGE_CURVE('',#1976,#1978,#832,.T.);
#2469=EDGE_CURVE('',#1964,#1979,#833,.T.);
#2470=EDGE_CURVE('',#1966,#1980,#834,.T.);
#2471=EDGE_CURVE('',#1980,#1979,#835,.T.);
#2472=EDGE_CURVE('',#1981,#1967,#836,.T.);
#2473=EDGE_CURVE('',#1981,#1982,#837,.T.);
#2474=EDGE_CURVE('',#1969,#1982,#838,.T.);
#2475=EDGE_CURVE('',#1983,#1971,#839,.T.);
#2476=EDGE_CURVE('',#1983,#1984,#840,.T.);
#2477=EDGE_CURVE('',#1973,#1984,#841,.T.);
#2478=EDGE_CURVE('',#1985,#1975,#842,.T.);
#2479=EDGE_CURVE('',#1985,#1986,#843,.T.);
#2480=EDGE_CURVE('',#1977,#1986,#844,.T.);
#2481=EDGE_CURVE('',#1979,#1987,#845,.T.);
#2482=EDGE_CURVE('',#1980,#1988,#846,.T.);
#2483=EDGE_CURVE('',#1988,#1987,#847,.T.);
#2484=EDGE_CURVE('',#1989,#1981,#848,.T.);
#2485=EDGE_CURVE('',#1989,#1990,#849,.T.);
#2486=EDGE_CURVE('',#1982,#1990,#850,.T.);
#2487=EDGE_CURVE('',#1991,#1983,#851,.T.);
#2488=EDGE_CURVE('',#1991,#1992,#852,.T.);
#2489=EDGE_CURVE('',#1984,#1992,#853,.T.);
#2490=EDGE_CURVE('',#1993,#1985,#854,.T.);
#2491=EDGE_CURVE('',#1993,#1994,#855,.T.);
#2492=EDGE_CURVE('',#1986,#1994,#856,.T.);
#2493=EDGE_CURVE('',#1995,#1996,#857,.T.);
#2494=EDGE_CURVE('',#1995,#1997,#858,.T.);
#2495=EDGE_CURVE('',#1998,#1997,#859,.T.);
#2496=EDGE_CURVE('',#1996,#1998,#860,.T.);
#2497=EDGE_CURVE('',#1999,#1995,#861,.T.);
#2498=EDGE_CURVE('',#1999,#2000,#862,.T.);
#2499=EDGE_CURVE('',#1997,#2000,#863,.T.);
#2500=EDGE_CURVE('',#2001,#1999,#864,.T.);
#2501=EDGE_CURVE('',#2001,#2002,#865,.T.);
#2502=EDGE_CURVE('',#2000,#2002,#866,.T.);
#2503=EDGE_CURVE('',#2001,#2003,#867,.T.);
#2504=EDGE_CURVE('',#2003,#2004,#868,.T.);
#2505=EDGE_CURVE('',#1962,#2004,#869,.T.);
#2506=EDGE_CURVE('',#1961,#2005,#870,.T.);
#2507=EDGE_CURVE('',#2005,#2006,#871,.T.);
#2508=EDGE_CURVE('',#1960,#2006,#872,.T.);
#2509=EDGE_CURVE('',#1959,#2007,#873,.T.);
#2510=EDGE_CURVE('',#2007,#2008,#874,.T.);
#2511=EDGE_CURVE('',#1958,#2008,#875,.T.);
#2512=EDGE_CURVE('',#1957,#2009,#876,.T.);
#2513=EDGE_CURVE('',#2009,#2010,#877,.T.);
#2514=EDGE_CURVE('',#1955,#2010,#878,.T.);
#2515=EDGE_CURVE('',#1956,#1965,#879,.T.);
#2516=EDGE_CURVE('',#2011,#1963,#880,.T.);
#2517=EDGE_CURVE('',#2011,#2012,#881,.T.);
#2518=EDGE_CURVE('',#2012,#1968,#882,.T.);
#2519=EDGE_CURVE('',#2013,#1970,#883,.T.);
#2520=EDGE_CURVE('',#2013,#2014,#884,.T.);
#2521=EDGE_CURVE('',#2014,#1972,#885,.T.);
#2522=EDGE_CURVE('',#2015,#1974,#886,.T.);
#2523=EDGE_CURVE('',#2015,#2016,#887,.T.);
#2524=EDGE_CURVE('',#2016,#1976,#888,.T.);
#2525=EDGE_CURVE('',#2017,#1978,#889,.T.);
#2526=EDGE_CURVE('',#2017,#2018,#890,.T.);
#2527=EDGE_CURVE('',#2018,#2019,#891,.T.);
#2528=EDGE_CURVE('',#2019,#2020,#892,.T.);
#2529=EDGE_CURVE('',#2002,#2020,#893,.T.);
#2530=EDGE_CURVE('',#2021,#2019,#894,.T.);
#2531=EDGE_CURVE('',#2021,#2022,#895,.T.);
#2532=EDGE_CURVE('',#2020,#2022,#896,.T.);
#2533=EDGE_CURVE('',#2023,#2021,#897,.T.);
#2534=EDGE_CURVE('',#2023,#2024,#898,.T.);
#2535=EDGE_CURVE('',#2022,#2024,#899,.T.);
#2536=EDGE_CURVE('',#2025,#2023,#900,.T.);
#2537=EDGE_CURVE('',#2025,#2026,#901,.T.);
#2538=EDGE_CURVE('',#2024,#2026,#902,.T.);
#2539=EDGE_CURVE('',#1987,#2011,#903,.T.);
#2540=EDGE_CURVE('',#1988,#2027,#904,.T.);
#2541=EDGE_CURVE('',#2027,#2028,#905,.T.);
#2542=EDGE_CURVE('',#2026,#2028,#906,.T.);
#2543=EDGE_CURVE('',#2018,#2025,#907,.T.);
#2544=EDGE_CURVE('',#1994,#2017,#908,.T.);
#2545=EDGE_CURVE('',#2016,#1993,#909,.T.);
#2546=EDGE_CURVE('',#1992,#2015,#910,.T.);
#2547=EDGE_CURVE('',#2014,#1991,#911,.T.);
#2548=EDGE_CURVE('',#1990,#2013,#912,.T.);
#2549=EDGE_CURVE('',#2012,#1989,#913,.T.);
#2550=EDGE_CURVE('',#2010,#1931,#914,.T.);
#2551=EDGE_CURVE('',#1936,#2009,#915,.T.);
#2552=EDGE_CURVE('',#2008,#1938,#916,.T.);
#2553=EDGE_CURVE('',#1940,#2007,#917,.T.);
#2554=EDGE_CURVE('',#2006,#1942,#918,.T.);
#2555=EDGE_CURVE('',#1944,#2005,#919,.T.);
#2556=EDGE_CURVE('',#2004,#1946,#920,.T.);
#2557=EDGE_CURVE('',#1996,#2003,#921,.T.);
#2558=EDGE_CURVE('',#2028,#1998,#922,.T.);
#2559=EDGE_CURVE('',#2027,#1933,#923,.T.);
#2560=EDGE_CURVE('',#2029,#2030,#924,.T.);
#2561=EDGE_CURVE('',#2029,#2031,#925,.T.);
#2562=EDGE_CURVE('',#2032,#2031,#926,.T.);
#2563=EDGE_CURVE('',#2030,#2032,#927,.T.);
#2564=EDGE_CURVE('',#2033,#2034,#928,.T.);
#2565=EDGE_CURVE('',#2035,#2033,#929,.T.);
#2566=EDGE_CURVE('',#2036,#2035,#930,.T.);
#2567=EDGE_CURVE('',#2036,#2034,#931,.T.);
#2568=EDGE_CURVE('',#2037,#2038,#932,.T.);
#2569=EDGE_CURVE('',#2039,#2037,#933,.T.);
#2570=EDGE_CURVE('',#2040,#2039,#934,.T.);
#2571=EDGE_CURVE('',#2040,#2038,#935,.T.);
#2572=EDGE_CURVE('',#2041,#2042,#936,.T.);
#2573=EDGE_CURVE('',#2043,#2041,#937,.T.);
#2574=EDGE_CURVE('',#2044,#2043,#938,.T.);
#2575=EDGE_CURVE('',#2044,#2042,#939,.T.);
#2576=EDGE_CURVE('',#2045,#2046,#940,.T.);
#2577=EDGE_CURVE('',#2045,#2047,#941,.T.);
#2578=EDGE_CURVE('',#2048,#2047,#942,.T.);
#2579=EDGE_CURVE('',#2046,#2048,#943,.T.);
#2580=EDGE_CURVE('',#2049,#2050,#944,.T.);
#2581=EDGE_CURVE('',#2051,#2049,#945,.T.);
#2582=EDGE_CURVE('',#2052,#2051,#946,.T.);
#2583=EDGE_CURVE('',#2052,#2050,#947,.T.);
#2584=EDGE_CURVE('',#2053,#2054,#948,.T.);
#2585=EDGE_CURVE('',#2055,#2053,#949,.T.);
#2586=EDGE_CURVE('',#2056,#2055,#950,.T.);
#2587=EDGE_CURVE('',#2056,#2054,#951,.T.);
#2588=EDGE_CURVE('',#2057,#2058,#952,.T.);
#2589=EDGE_CURVE('',#2059,#2057,#953,.T.);
#2590=EDGE_CURVE('',#2060,#2059,#954,.T.);
#2591=EDGE_CURVE('',#2060,#2058,#955,.T.);
#2592=EDGE_CURVE('',#2047,#2061,#956,.T.);
#2593=EDGE_CURVE('',#2062,#2045,#957,.T.);
#2594=EDGE_CURVE('',#2062,#2061,#958,.T.);
#2595=EDGE_CURVE('',#2050,#2063,#959,.T.);
#2596=EDGE_CURVE('',#2064,#2052,#960,.T.);
#2597=EDGE_CURVE('',#2064,#2063,#961,.T.);
#2598=EDGE_CURVE('',#2054,#2065,#962,.T.);
#2599=EDGE_CURVE('',#2066,#2056,#963,.T.);
#2600=EDGE_CURVE('',#2066,#2065,#964,.T.);
#2601=EDGE_CURVE('',#2058,#2067,#965,.T.);
#2602=EDGE_CURVE('',#2068,#2060,#966,.T.);
#2603=EDGE_CURVE('',#2068,#2067,#967,.T.);
#2604=EDGE_CURVE('',#2061,#2069,#968,.T.);
#2605=EDGE_CURVE('',#2062,#2070,#969,.T.);
#2606=EDGE_CURVE('',#2070,#2069,#970,.T.);
#2607=EDGE_CURVE('',#2063,#2071,#971,.T.);
#2608=EDGE_CURVE('',#2064,#2072,#972,.T.);
#2609=EDGE_CURVE('',#2072,#2071,#973,.T.);
#2610=EDGE_CURVE('',#2065,#2073,#974,.T.);
#2611=EDGE_CURVE('',#2066,#2074,#975,.T.);
#2612=EDGE_CURVE('',#2074,#2073,#976,.T.);
#2613=EDGE_CURVE('',#2067,#2075,#977,.T.);
#2614=EDGE_CURVE('',#2068,#2076,#978,.T.);
#2615=EDGE_CURVE('',#2076,#2075,#979,.T.);
#2616=EDGE_CURVE('',#2069,#2077,#980,.T.);
#2617=EDGE_CURVE('',#2078,#2070,#981,.T.);
#2618=EDGE_CURVE('',#2078,#2077,#982,.T.);
#2619=EDGE_CURVE('',#2071,#2079,#983,.T.);
#2620=EDGE_CURVE('',#2080,#2072,#984,.T.);
#2621=EDGE_CURVE('',#2080,#2079,#985,.T.);
#2622=EDGE_CURVE('',#2073,#2081,#986,.T.);
#2623=EDGE_CURVE('',#2082,#2074,#987,.T.);
#2624=EDGE_CURVE('',#2082,#2081,#988,.T.);
#2625=EDGE_CURVE('',#2075,#2083,#989,.T.);
#2626=EDGE_CURVE('',#2084,#2076,#990,.T.);
#2627=EDGE_CURVE('',#2084,#2083,#991,.T.);
#2628=EDGE_CURVE('',#2085,#2078,#992,.T.);
#2629=EDGE_CURVE('',#2085,#2086,#993,.T.);
#2630=EDGE_CURVE('',#2077,#2086,#994,.T.);
#2631=EDGE_CURVE('',#2079,#2087,#995,.T.);
#2632=EDGE_CURVE('',#2088,#2080,#996,.T.);
#2633=EDGE_CURVE('',#2088,#2087,#997,.T.);
#2634=EDGE_CURVE('',#2081,#2089,#998,.T.);
#2635=EDGE_CURVE('',#2090,#2082,#999,.T.);
#2636=EDGE_CURVE('',#2090,#2089,#1000,.T.);
#2637=EDGE_CURVE('',#2083,#2091,#1001,.T.);
#2638=EDGE_CURVE('',#2092,#2084,#1002,.T.);
#2639=EDGE_CURVE('',#2092,#2091,#1003,.T.);
#2640=EDGE_CURVE('',#2093,#2094,#1004,.T.);
#2641=EDGE_CURVE('',#2093,#2095,#1005,.T.);
#2642=EDGE_CURVE('',#2096,#2095,#1006,.T.);
#2643=EDGE_CURVE('',#2094,#2096,#1007,.T.);
#2644=EDGE_CURVE('',#2097,#2098,#1008,.T.);
#2645=EDGE_CURVE('',#2099,#2097,#1009,.T.);
#2646=EDGE_CURVE('',#2100,#2099,#1010,.T.);
#2647=EDGE_CURVE('',#2100,#2098,#1011,.T.);
#2648=EDGE_CURVE('',#2101,#2102,#1012,.T.);
#2649=EDGE_CURVE('',#2103,#2101,#1013,.T.);
#2650=EDGE_CURVE('',#2104,#2103,#1014,.T.);
#2651=EDGE_CURVE('',#2104,#2102,#1015,.T.);
#2652=EDGE_CURVE('',#2105,#2106,#1016,.T.);
#2653=EDGE_CURVE('',#2107,#2105,#1017,.T.);
#2654=EDGE_CURVE('',#2108,#2107,#1018,.T.);
#2655=EDGE_CURVE('',#2108,#2106,#1019,.T.);
#2656=EDGE_CURVE('',#2095,#2109,#1020,.T.);
#2657=EDGE_CURVE('',#2110,#2093,#1021,.T.);
#2658=EDGE_CURVE('',#2110,#2109,#1022,.T.);
#2659=EDGE_CURVE('',#2098,#2111,#1023,.T.);
#2660=EDGE_CURVE('',#2112,#2100,#1024,.T.);
#2661=EDGE_CURVE('',#2112,#2111,#1025,.T.);
#2662=EDGE_CURVE('',#2102,#2113,#1026,.T.);
#2663=EDGE_CURVE('',#2114,#2104,#1027,.T.);
#2664=EDGE_CURVE('',#2114,#2113,#1028,.T.);
#2665=EDGE_CURVE('',#2106,#2115,#1029,.T.);
#2666=EDGE_CURVE('',#2116,#2108,#1030,.T.);
#2667=EDGE_CURVE('',#2116,#2115,#1031,.T.);
#2668=EDGE_CURVE('',#2109,#2117,#1032,.T.);
#2669=EDGE_CURVE('',#2110,#2118,#1033,.T.);
#2670=EDGE_CURVE('',#2118,#2117,#1034,.T.);
#2671=EDGE_CURVE('',#2111,#2119,#1035,.T.);
#2672=EDGE_CURVE('',#2112,#2120,#1036,.T.);
#2673=EDGE_CURVE('',#2120,#2119,#1037,.T.);
#2674=EDGE_CURVE('',#2113,#2121,#1038,.T.);
#2675=EDGE_CURVE('',#2114,#2122,#1039,.T.);
#2676=EDGE_CURVE('',#2122,#2121,#1040,.T.);
#2677=EDGE_CURVE('',#2115,#2123,#1041,.T.);
#2678=EDGE_CURVE('',#2116,#2124,#1042,.T.);
#2679=EDGE_CURVE('',#2124,#2123,#1043,.T.);
#2680=EDGE_CURVE('',#2117,#2032,#1044,.T.);
#2681=EDGE_CURVE('',#2030,#2118,#1045,.T.);
#2682=EDGE_CURVE('',#2119,#2033,#1046,.T.);
#2683=EDGE_CURVE('',#2035,#2120,#1047,.T.);
#2684=EDGE_CURVE('',#2121,#2037,#1048,.T.);
#2685=EDGE_CURVE('',#2039,#2122,#1049,.T.);
#2686=EDGE_CURVE('',#2123,#2041,#1050,.T.);
#2687=EDGE_CURVE('',#2043,#2124,#1051,.T.);
#2688=EDGE_CURVE('',#2125,#2126,#1052,.T.);
#2689=EDGE_CURVE('',#2127,#2125,#1053,.T.);
#2690=EDGE_CURVE('',#2127,#2128,#1054,.T.);
#2691=EDGE_CURVE('',#2128,#2126,#1055,.T.);
#2692=EDGE_CURVE('',#2129,#2029,#1056,.T.);
#2693=EDGE_CURVE('',#2130,#2129,#1057,.T.);
#2694=EDGE_CURVE('',#2034,#2130,#1058,.T.);
#2695=EDGE_CURVE('',#2131,#2036,#1059,.T.);
#2696=EDGE_CURVE('',#2132,#2131,#1060,.T.);
#2697=EDGE_CURVE('',#2038,#2132,#1061,.T.);
#2698=EDGE_CURVE('',#2133,#2040,#1062,.T.);
#2699=EDGE_CURVE('',#2134,#2133,#1063,.T.);
#2700=EDGE_CURVE('',#2042,#2134,#1064,.T.);
#2701=EDGE_CURVE('',#2135,#2044,#1065,.T.);
#2702=EDGE_CURVE('',#2136,#2135,#1066,.T.);
#2703=EDGE_CURVE('',#2126,#2136,#1067,.T.);
#2704=EDGE_CURVE('',#2128,#2137,#1068,.T.);
#2705=EDGE_CURVE('',#2137,#2138,#1069,.T.);
#2706=EDGE_CURVE('',#2031,#2138,#1070,.T.);
#2707=EDGE_CURVE('',#2046,#2139,#1071,.T.);
#2708=EDGE_CURVE('',#2138,#2048,#1072,.T.);
#2709=EDGE_CURVE('',#2137,#2140,#1073,.T.);
#2710=EDGE_CURVE('',#2140,#2141,#1074,.T.);
#2711=EDGE_CURVE('',#2142,#2141,#1075,.T.);
#2712=EDGE_CURVE('',#2143,#2142,#1076,.T.);
#2713=EDGE_CURVE('',#2059,#2143,#1077,.T.);
#2714=EDGE_CURVE('',#2144,#2057,#1078,.T.);
#2715=EDGE_CURVE('',#2145,#2144,#1079,.T.);
#2716=EDGE_CURVE('',#2055,#2145,#1080,.T.);
#2717=EDGE_CURVE('',#2146,#2053,#1081,.T.);
#2718=EDGE_CURVE('',#2147,#2146,#1082,.T.);
#2719=EDGE_CURVE('',#2051,#2147,#1083,.T.);
#2720=EDGE_CURVE('',#2148,#2049,#1084,.T.);
#2721=EDGE_CURVE('',#2139,#2148,#1085,.T.);
#2722=EDGE_CURVE('',#2141,#2149,#1086,.T.);
#2723=EDGE_CURVE('',#2140,#2150,#1087,.T.);
#2724=EDGE_CURVE('',#2150,#2149,#1088,.T.);
#2725=EDGE_CURVE('',#2149,#2151,#1089,.T.);
#2726=EDGE_CURVE('',#2152,#2150,#1090,.T.);
#2727=EDGE_CURVE('',#2152,#2151,#1091,.T.);
#2728=EDGE_CURVE('',#2151,#2153,#1092,.T.);
#2729=EDGE_CURVE('',#2152,#2154,#1093,.T.);
#2730=EDGE_CURVE('',#2154,#2153,#1094,.T.);
#2731=EDGE_CURVE('',#2153,#2155,#1095,.T.);
#2732=EDGE_CURVE('',#2156,#2154,#1096,.T.);
#2733=EDGE_CURVE('',#2156,#2155,#1097,.T.);
#2734=EDGE_CURVE('',#2155,#2157,#1098,.T.);
#2735=EDGE_CURVE('',#2156,#2158,#1099,.T.);
#2736=EDGE_CURVE('',#2158,#2157,#1100,.T.);
#2737=EDGE_CURVE('',#2159,#2160,#1101,.T.);
#2738=EDGE_CURVE('',#2160,#2136,#1102,.T.);
#2739=EDGE_CURVE('',#2107,#2135,#1103,.T.);
#2740=EDGE_CURVE('',#2105,#2134,#1104,.T.);
#2741=EDGE_CURVE('',#2103,#2133,#1105,.T.);
#2742=EDGE_CURVE('',#2101,#2132,#1106,.T.);
#2743=EDGE_CURVE('',#2099,#2131,#1107,.T.);
#2744=EDGE_CURVE('',#2097,#2130,#1108,.T.);
#2745=EDGE_CURVE('',#2094,#2129,#1109,.T.);
#2746=EDGE_CURVE('',#2086,#2096,#1110,.T.);
#2747=EDGE_CURVE('',#2139,#2085,#1111,.T.);
#2748=EDGE_CURVE('',#2148,#2087,#1112,.T.);
#2749=EDGE_CURVE('',#2147,#2088,#1113,.T.);
#2750=EDGE_CURVE('',#2146,#2089,#1114,.T.);
#2751=EDGE_CURVE('',#2145,#2090,#1115,.T.);
#2752=EDGE_CURVE('',#2144,#2091,#1116,.T.);
#2753=EDGE_CURVE('',#2143,#2092,#1117,.T.);
#2754=EDGE_CURVE('',#2142,#2157,#1118,.T.);
#2755=EDGE_CURVE('',#2158,#2159,#1119,.T.);
#2756=EDGE_CURVE('',#2160,#2161,#1120,.T.);
#2757=EDGE_CURVE('',#2159,#2162,#1121,.T.);
#2758=EDGE_CURVE('',#2162,#2161,#1122,.T.);
#2759=EDGE_CURVE('',#2161,#2163,#1123,.T.);
#2760=EDGE_CURVE('',#2164,#2162,#1124,.T.);
#2761=EDGE_CURVE('',#2164,#2163,#1125,.T.);
#2762=EDGE_CURVE('',#2163,#2165,#1126,.T.);
#2763=EDGE_CURVE('',#2164,#2166,#1127,.T.);
#2764=EDGE_CURVE('',#2166,#2165,#1128,.T.);
#2765=EDGE_CURVE('',#2165,#2125,#1129,.T.);
#2766=EDGE_CURVE('',#2127,#2166,#1130,.T.);
#2767=EDGE_CURVE('',#2150,#2156,#1131,.T.);
#2768=EDGE_CURVE('',#2162,#2127,#1132,.T.);
#2769=EDGE_CURVE('',#2047,#2077,#1133,.T.);
#2770=EDGE_CURVE('',#2095,#2032,#1134,.T.);
#2771=EDGE_CURVE('',#2108,#2043,#1135,.T.);
#2772=EDGE_CURVE('',#2161,#2125,#1136,.T.);
#2773=EDGE_CURVE('',#2104,#2039,#1137,.T.);
#2774=EDGE_CURVE('',#2106,#2041,#1138,.T.);
#2775=EDGE_CURVE('',#2100,#2035,#1139,.T.);
#2776=EDGE_CURVE('',#2102,#2037,#1140,.T.);
#2777=EDGE_CURVE('',#2093,#2030,#1141,.T.);
#2778=EDGE_CURVE('',#2098,#2033,#1142,.T.);
#2779=EDGE_CURVE('',#2149,#2155,#1143,.T.);
#2780=EDGE_CURVE('',#2060,#2084,#1144,.T.);
#2781=EDGE_CURVE('',#2058,#2083,#1145,.T.);
#2782=EDGE_CURVE('',#2056,#2082,#1146,.T.);
#2783=EDGE_CURVE('',#2054,#2081,#1147,.T.);
#2784=EDGE_CURVE('',#2052,#2080,#1148,.T.);
#2785=EDGE_CURVE('',#2045,#2078,#1149,.T.);
#2786=EDGE_CURVE('',#2050,#2079,#1150,.T.);
#2787=ORIENTED_EDGE('',*,*,#2167,.T.);
#2788=ORIENTED_EDGE('',*,*,#2168,.T.);
#2789=ORIENTED_EDGE('',*,*,#2169,.T.);
#2790=ORIENTED_EDGE('',*,*,#2170,.T.);
#2791=ORIENTED_EDGE('',*,*,#2171,.F.);
#2792=ORIENTED_EDGE('',*,*,#2172,.F.);
#2793=ORIENTED_EDGE('',*,*,#2173,.T.);
#2794=ORIENTED_EDGE('',*,*,#2174,.T.);
#2795=ORIENTED_EDGE('',*,*,#2175,.T.);
#2796=ORIENTED_EDGE('',*,*,#2176,.T.);
#2797=ORIENTED_EDGE('',*,*,#2177,.T.);
#2798=ORIENTED_EDGE('',*,*,#2178,.T.);
#2799=ORIENTED_EDGE('',*,*,#2179,.T.);
#2800=ORIENTED_EDGE('',*,*,#2180,.T.);
#2801=ORIENTED_EDGE('',*,*,#2181,.F.);
#2802=ORIENTED_EDGE('',*,*,#2182,.T.);
#2803=ORIENTED_EDGE('',*,*,#2183,.T.);
#2804=ORIENTED_EDGE('',*,*,#2184,.T.);
#2805=ORIENTED_EDGE('',*,*,#2185,.T.);
#2806=ORIENTED_EDGE('',*,*,#2186,.T.);
#2807=ORIENTED_EDGE('',*,*,#2187,.F.);
#2808=ORIENTED_EDGE('',*,*,#2177,.F.);
#2809=ORIENTED_EDGE('',*,*,#2188,.F.);
#2810=ORIENTED_EDGE('',*,*,#2169,.F.);
#2811=ORIENTED_EDGE('',*,*,#2189,.F.);
#2812=ORIENTED_EDGE('',*,*,#2173,.F.);
#2813=ORIENTED_EDGE('',*,*,#2190,.F.);
#2814=ORIENTED_EDGE('',*,*,#2185,.F.);
#2815=ORIENTED_EDGE('',*,*,#2191,.T.);
#2816=ORIENTED_EDGE('',*,*,#2192,.T.);
#2817=ORIENTED_EDGE('',*,*,#2193,.T.);
#2818=ORIENTED_EDGE('',*,*,#2194,.T.);
#2819=ORIENTED_EDGE('',*,*,#2195,.F.);
#2820=ORIENTED_EDGE('',*,*,#2196,.F.);
#2821=ORIENTED_EDGE('',*,*,#2197,.F.);
#2822=ORIENTED_EDGE('',*,*,#2198,.T.);
#2823=ORIENTED_EDGE('',*,*,#2199,.F.);
#2824=ORIENTED_EDGE('',*,*,#2200,.T.);
#2825=ORIENTED_EDGE('',*,*,#2201,.T.);
#2826=ORIENTED_EDGE('',*,*,#2202,.F.);
#2827=ORIENTED_EDGE('',*,*,#2203,.F.);
#2828=ORIENTED_EDGE('',*,*,#2204,.T.);
#2829=ORIENTED_EDGE('',*,*,#2205,.T.);
#2830=ORIENTED_EDGE('',*,*,#2206,.F.);
#2831=ORIENTED_EDGE('',*,*,#2207,.T.);
#2832=ORIENTED_EDGE('',*,*,#2208,.T.);
#2833=ORIENTED_EDGE('',*,*,#2209,.F.);
#2834=ORIENTED_EDGE('',*,*,#2210,.T.);
#2835=ORIENTED_EDGE('',*,*,#2211,.T.);
#2836=ORIENTED_EDGE('',*,*,#2212,.T.);
#2837=ORIENTED_EDGE('',*,*,#2213,.F.);
#2838=ORIENTED_EDGE('',*,*,#2214,.T.);
#2839=ORIENTED_EDGE('',*,*,#2215,.T.);
#2840=ORIENTED_EDGE('',*,*,#2216,.T.);
#2841=ORIENTED_EDGE('',*,*,#2217,.F.);
#2842=ORIENTED_EDGE('',*,*,#2218,.T.);
#2843=ORIENTED_EDGE('',*,*,#2217,.T.);
#2844=ORIENTED_EDGE('',*,*,#2219,.T.);
#2845=ORIENTED_EDGE('',*,*,#2220,.F.);
#2846=ORIENTED_EDGE('',*,*,#2221,.T.);
#2847=ORIENTED_EDGE('',*,*,#2220,.T.);
#2848=ORIENTED_EDGE('',*,*,#2222,.T.);
#2849=ORIENTED_EDGE('',*,*,#2223,.F.);
#2850=ORIENTED_EDGE('',*,*,#2224,.T.);
#2851=ORIENTED_EDGE('',*,*,#2225,.T.);
#2852=ORIENTED_EDGE('',*,*,#2226,.T.);
#2853=ORIENTED_EDGE('',*,*,#2227,.F.);
#2854=ORIENTED_EDGE('',*,*,#2228,.T.);
#2855=ORIENTED_EDGE('',*,*,#2227,.T.);
#2856=ORIENTED_EDGE('',*,*,#2229,.T.);
#2857=ORIENTED_EDGE('',*,*,#2230,.F.);
#2858=ORIENTED_EDGE('',*,*,#2231,.T.);
#2859=ORIENTED_EDGE('',*,*,#2230,.T.);
#2860=ORIENTED_EDGE('',*,*,#2232,.T.);
#2861=ORIENTED_EDGE('',*,*,#2233,.F.);
#2862=ORIENTED_EDGE('',*,*,#2234,.T.);
#2863=ORIENTED_EDGE('',*,*,#2235,.T.);
#2864=ORIENTED_EDGE('',*,*,#2236,.T.);
#2865=ORIENTED_EDGE('',*,*,#2237,.F.);
#2866=ORIENTED_EDGE('',*,*,#2238,.T.);
#2867=ORIENTED_EDGE('',*,*,#2237,.T.);
#2868=ORIENTED_EDGE('',*,*,#2239,.T.);
#2869=ORIENTED_EDGE('',*,*,#2240,.F.);
#2870=ORIENTED_EDGE('',*,*,#2241,.T.);
#2871=ORIENTED_EDGE('',*,*,#2240,.T.);
#2872=ORIENTED_EDGE('',*,*,#2242,.T.);
#2873=ORIENTED_EDGE('',*,*,#2243,.F.);
#2874=ORIENTED_EDGE('',*,*,#2244,.T.);
#2875=ORIENTED_EDGE('',*,*,#2245,.T.);
#2876=ORIENTED_EDGE('',*,*,#2246,.T.);
#2877=ORIENTED_EDGE('',*,*,#2247,.F.);
#2878=ORIENTED_EDGE('',*,*,#2248,.T.);
#2879=ORIENTED_EDGE('',*,*,#2247,.T.);
#2880=ORIENTED_EDGE('',*,*,#2249,.T.);
#2881=ORIENTED_EDGE('',*,*,#2250,.F.);
#2882=ORIENTED_EDGE('',*,*,#2251,.T.);
#2883=ORIENTED_EDGE('',*,*,#2250,.T.);
#2884=ORIENTED_EDGE('',*,*,#2252,.T.);
#2885=ORIENTED_EDGE('',*,*,#2253,.F.);
#2886=ORIENTED_EDGE('',*,*,#2254,.T.);
#2887=ORIENTED_EDGE('',*,*,#2255,.T.);
#2888=ORIENTED_EDGE('',*,*,#2256,.T.);
#2889=ORIENTED_EDGE('',*,*,#2257,.F.);
#2890=ORIENTED_EDGE('',*,*,#2258,.T.);
#2891=ORIENTED_EDGE('',*,*,#2257,.T.);
#2892=ORIENTED_EDGE('',*,*,#2259,.T.);
#2893=ORIENTED_EDGE('',*,*,#2260,.F.);
#2894=ORIENTED_EDGE('',*,*,#2261,.T.);
#2895=ORIENTED_EDGE('',*,*,#2260,.T.);
#2896=ORIENTED_EDGE('',*,*,#2262,.T.);
#2897=ORIENTED_EDGE('',*,*,#2263,.F.);
#2898=ORIENTED_EDGE('',*,*,#2264,.T.);
#2899=ORIENTED_EDGE('',*,*,#2265,.T.);
#2900=ORIENTED_EDGE('',*,*,#2266,.T.);
#2901=ORIENTED_EDGE('',*,*,#2267,.F.);
#2902=ORIENTED_EDGE('',*,*,#2268,.T.);
#2903=ORIENTED_EDGE('',*,*,#2267,.T.);
#2904=ORIENTED_EDGE('',*,*,#2269,.T.);
#2905=ORIENTED_EDGE('',*,*,#2270,.F.);
#2906=ORIENTED_EDGE('',*,*,#2271,.T.);
#2907=ORIENTED_EDGE('',*,*,#2270,.T.);
#2908=ORIENTED_EDGE('',*,*,#2272,.T.);
#2909=ORIENTED_EDGE('',*,*,#2273,.F.);
#2910=ORIENTED_EDGE('',*,*,#2274,.T.);
#2911=ORIENTED_EDGE('',*,*,#2275,.T.);
#2912=ORIENTED_EDGE('',*,*,#2276,.T.);
#2913=ORIENTED_EDGE('',*,*,#2277,.F.);
#2914=ORIENTED_EDGE('',*,*,#2278,.T.);
#2915=ORIENTED_EDGE('',*,*,#2279,.T.);
#2916=ORIENTED_EDGE('',*,*,#2280,.T.);
#2917=ORIENTED_EDGE('',*,*,#2281,.F.);
#2918=ORIENTED_EDGE('',*,*,#2282,.T.);
#2919=ORIENTED_EDGE('',*,*,#2223,.T.);
#2920=ORIENTED_EDGE('',*,*,#2283,.T.);
#2921=ORIENTED_EDGE('',*,*,#2215,.F.);
#2922=ORIENTED_EDGE('',*,*,#2284,.T.);
#2923=ORIENTED_EDGE('',*,*,#2233,.T.);
#2924=ORIENTED_EDGE('',*,*,#2285,.T.);
#2925=ORIENTED_EDGE('',*,*,#2225,.F.);
#2926=ORIENTED_EDGE('',*,*,#2286,.T.);
#2927=ORIENTED_EDGE('',*,*,#2243,.T.);
#2928=ORIENTED_EDGE('',*,*,#2287,.T.);
#2929=ORIENTED_EDGE('',*,*,#2235,.F.);
#2930=ORIENTED_EDGE('',*,*,#2288,.T.);
#2931=ORIENTED_EDGE('',*,*,#2253,.T.);
#2932=ORIENTED_EDGE('',*,*,#2289,.T.);
#2933=ORIENTED_EDGE('',*,*,#2245,.F.);
#2934=ORIENTED_EDGE('',*,*,#2290,.T.);
#2935=ORIENTED_EDGE('',*,*,#2263,.T.);
#2936=ORIENTED_EDGE('',*,*,#2291,.T.);
#2937=ORIENTED_EDGE('',*,*,#2255,.F.);
#2938=ORIENTED_EDGE('',*,*,#2292,.T.);
#2939=ORIENTED_EDGE('',*,*,#2273,.T.);
#2940=ORIENTED_EDGE('',*,*,#2293,.T.);
#2941=ORIENTED_EDGE('',*,*,#2265,.F.);
#2942=ORIENTED_EDGE('',*,*,#2294,.T.);
#2943=ORIENTED_EDGE('',*,*,#2295,.T.);
#2944=ORIENTED_EDGE('',*,*,#2296,.F.);
#2945=ORIENTED_EDGE('',*,*,#2297,.T.);
#2946=ORIENTED_EDGE('',*,*,#2298,.T.);
#2947=ORIENTED_EDGE('',*,*,#2299,.T.);
#2948=ORIENTED_EDGE('',*,*,#2300,.T.);
#2949=ORIENTED_EDGE('',*,*,#2301,.T.);
#2950=ORIENTED_EDGE('',*,*,#2302,.F.);
#2951=ORIENTED_EDGE('',*,*,#2303,.F.);
#2952=ORIENTED_EDGE('',*,*,#2304,.F.);
#2953=ORIENTED_EDGE('',*,*,#2202,.T.);
#2954=ORIENTED_EDGE('',*,*,#2305,.T.);
#2955=ORIENTED_EDGE('',*,*,#2193,.F.);
#2956=ORIENTED_EDGE('',*,*,#2306,.F.);
#2957=ORIENTED_EDGE('',*,*,#2307,.F.);
#2958=ORIENTED_EDGE('',*,*,#2308,.F.);
#2959=ORIENTED_EDGE('',*,*,#2198,.F.);
#2960=ORIENTED_EDGE('',*,*,#2309,.F.);
#2961=ORIENTED_EDGE('',*,*,#2206,.T.);
#2962=ORIENTED_EDGE('',*,*,#2310,.F.);
#2963=ORIENTED_EDGE('',*,*,#2311,.F.);
#2964=ORIENTED_EDGE('',*,*,#2312,.T.);
#2965=ORIENTED_EDGE('',*,*,#2313,.F.);
#2966=ORIENTED_EDGE('',*,*,#2314,.F.);
#2967=ORIENTED_EDGE('',*,*,#2297,.F.);
#2968=ORIENTED_EDGE('',*,*,#2315,.T.);
#2969=ORIENTED_EDGE('',*,*,#2316,.T.);
#2970=ORIENTED_EDGE('',*,*,#2317,.T.);
#2971=ORIENTED_EDGE('',*,*,#2318,.F.);
#2972=ORIENTED_EDGE('',*,*,#2319,.F.);
#2973=ORIENTED_EDGE('',*,*,#2314,.T.);
#2974=ORIENTED_EDGE('',*,*,#2320,.T.);
#2975=ORIENTED_EDGE('',*,*,#2321,.T.);
#2976=ORIENTED_EDGE('',*,*,#2322,.T.);
#2977=ORIENTED_EDGE('',*,*,#2302,.T.);
#2978=ORIENTED_EDGE('',*,*,#2323,.T.);
#2979=ORIENTED_EDGE('',*,*,#2324,.F.);
#2980=ORIENTED_EDGE('',*,*,#2325,.F.);
#2981=ORIENTED_EDGE('',*,*,#2326,.F.);
#2982=ORIENTED_EDGE('',*,*,#2327,.T.);
#2983=ORIENTED_EDGE('',*,*,#2209,.T.);
#2984=ORIENTED_EDGE('',*,*,#2328,.T.);
#2985=ORIENTED_EDGE('',*,*,#2329,.F.);
#2986=ORIENTED_EDGE('',*,*,#2330,.F.);
#2987=ORIENTED_EDGE('',*,*,#2331,.T.);
#2988=ORIENTED_EDGE('',*,*,#2326,.T.);
#2989=ORIENTED_EDGE('',*,*,#2332,.F.);
#2990=ORIENTED_EDGE('',*,*,#2333,.F.);
#2991=ORIENTED_EDGE('',*,*,#2334,.F.);
#2992=ORIENTED_EDGE('',*,*,#2335,.T.);
#2993=ORIENTED_EDGE('',*,*,#2213,.T.);
#2994=ORIENTED_EDGE('',*,*,#2336,.T.);
#2995=ORIENTED_EDGE('',*,*,#2337,.F.);
#2996=ORIENTED_EDGE('',*,*,#2338,.F.);
#2997=ORIENTED_EDGE('',*,*,#2339,.T.);
#2998=ORIENTED_EDGE('',*,*,#2334,.T.);
#2999=ORIENTED_EDGE('',*,*,#2340,.F.);
#3000=ORIENTED_EDGE('',*,*,#2341,.F.);
#3001=ORIENTED_EDGE('',*,*,#2342,.T.);
#3002=ORIENTED_EDGE('',*,*,#2343,.T.);
#3003=ORIENTED_EDGE('',*,*,#2344,.F.);
#3004=ORIENTED_EDGE('',*,*,#2345,.T.);
#3005=ORIENTED_EDGE('',*,*,#2275,.F.);
#3006=ORIENTED_EDGE('',*,*,#2346,.T.);
#3007=ORIENTED_EDGE('',*,*,#2341,.T.);
#3008=ORIENTED_EDGE('',*,*,#2347,.F.);
#3009=ORIENTED_EDGE('',*,*,#2348,.F.);
#3010=ORIENTED_EDGE('',*,*,#2349,.F.);
#3011=ORIENTED_EDGE('',*,*,#2350,.T.);
#3012=ORIENTED_EDGE('',*,*,#2351,.T.);
#3013=ORIENTED_EDGE('',*,*,#2352,.F.);
#3014=ORIENTED_EDGE('',*,*,#2353,.T.);
#3015=ORIENTED_EDGE('',*,*,#2279,.F.);
#3016=ORIENTED_EDGE('',*,*,#2354,.T.);
#3017=ORIENTED_EDGE('',*,*,#2349,.T.);
#3018=ORIENTED_EDGE('',*,*,#2355,.F.);
#3019=ORIENTED_EDGE('',*,*,#2356,.F.);
#3020=ORIENTED_EDGE('',*,*,#2357,.T.);
#3021=ORIENTED_EDGE('',*,*,#2207,.F.);
#3022=ORIENTED_EDGE('',*,*,#2358,.T.);
#3023=ORIENTED_EDGE('',*,*,#2330,.T.);
#3024=ORIENTED_EDGE('',*,*,#2359,.F.);
#3025=ORIENTED_EDGE('',*,*,#2360,.F.);
#3026=ORIENTED_EDGE('',*,*,#2361,.T.);
#3027=ORIENTED_EDGE('',*,*,#2211,.F.);
#3028=ORIENTED_EDGE('',*,*,#2362,.T.);
#3029=ORIENTED_EDGE('',*,*,#2338,.T.);
#3030=ORIENTED_EDGE('',*,*,#2363,.F.);
#3031=ORIENTED_EDGE('',*,*,#2364,.F.);
#3032=ORIENTED_EDGE('',*,*,#2365,.F.);
#3033=ORIENTED_EDGE('',*,*,#2343,.F.);
#3034=ORIENTED_EDGE('',*,*,#2366,.T.);
#3035=ORIENTED_EDGE('',*,*,#2277,.T.);
#3036=ORIENTED_EDGE('',*,*,#2367,.T.);
#3037=ORIENTED_EDGE('',*,*,#2368,.F.);
#3038=ORIENTED_EDGE('',*,*,#2369,.F.);
#3039=ORIENTED_EDGE('',*,*,#2351,.F.);
#3040=ORIENTED_EDGE('',*,*,#2370,.T.);
#3041=ORIENTED_EDGE('',*,*,#2281,.T.);
#3042=ORIENTED_EDGE('',*,*,#2371,.T.);
#3043=ORIENTED_EDGE('',*,*,#2372,.T.);
#3044=ORIENTED_EDGE('',*,*,#2373,.F.);
#3045=ORIENTED_EDGE('',*,*,#2374,.F.);
#3046=ORIENTED_EDGE('',*,*,#2318,.T.);
#3047=ORIENTED_EDGE('',*,*,#2309,.T.);
#3048=ORIENTED_EDGE('',*,*,#2197,.T.);
#3049=ORIENTED_EDGE('',*,*,#2180,.F.);
#3050=ORIENTED_EDGE('',*,*,#2375,.F.);
#3051=ORIENTED_EDGE('',*,*,#2176,.F.);
#3052=ORIENTED_EDGE('',*,*,#2376,.T.);
#3053=ORIENTED_EDGE('',*,*,#2182,.F.);
#3054=ORIENTED_EDGE('',*,*,#2311,.T.);
#3055=ORIENTED_EDGE('',*,*,#2319,.T.);
#3056=ORIENTED_EDGE('',*,*,#2374,.T.);
#3057=ORIENTED_EDGE('',*,*,#2377,.F.);
#3058=ORIENTED_EDGE('',*,*,#2203,.T.);
#3059=ORIENTED_EDGE('',*,*,#2350,.F.);
#3060=ORIENTED_EDGE('',*,*,#2354,.F.);
#3061=ORIENTED_EDGE('',*,*,#2282,.F.);
#3062=ORIENTED_EDGE('',*,*,#2370,.F.);
#3063=ORIENTED_EDGE('',*,*,#2342,.F.);
#3064=ORIENTED_EDGE('',*,*,#2346,.F.);
#3065=ORIENTED_EDGE('',*,*,#2278,.F.);
#3066=ORIENTED_EDGE('',*,*,#2366,.F.);
#3067=ORIENTED_EDGE('',*,*,#2268,.F.);
#3068=ORIENTED_EDGE('',*,*,#2271,.F.);
#3069=ORIENTED_EDGE('',*,*,#2274,.F.);
#3070=ORIENTED_EDGE('',*,*,#2294,.F.);
#3071=ORIENTED_EDGE('',*,*,#2258,.F.);
#3072=ORIENTED_EDGE('',*,*,#2261,.F.);
#3073=ORIENTED_EDGE('',*,*,#2264,.F.);
#3074=ORIENTED_EDGE('',*,*,#2292,.F.);
#3075=ORIENTED_EDGE('',*,*,#2248,.F.);
#3076=ORIENTED_EDGE('',*,*,#2251,.F.);
#3077=ORIENTED_EDGE('',*,*,#2254,.F.);
#3078=ORIENTED_EDGE('',*,*,#2290,.F.);
#3079=ORIENTED_EDGE('',*,*,#2238,.F.);
#3080=ORIENTED_EDGE('',*,*,#2241,.F.);
#3081=ORIENTED_EDGE('',*,*,#2244,.F.);
#3082=ORIENTED_EDGE('',*,*,#2288,.F.);
#3083=ORIENTED_EDGE('',*,*,#2228,.F.);
#3084=ORIENTED_EDGE('',*,*,#2231,.F.);
#3085=ORIENTED_EDGE('',*,*,#2234,.F.);
#3086=ORIENTED_EDGE('',*,*,#2286,.F.);
#3087=ORIENTED_EDGE('',*,*,#2218,.F.);
#3088=ORIENTED_EDGE('',*,*,#2221,.F.);
#3089=ORIENTED_EDGE('',*,*,#2224,.F.);
#3090=ORIENTED_EDGE('',*,*,#2284,.F.);
#3091=ORIENTED_EDGE('',*,*,#2214,.F.);
#3092=ORIENTED_EDGE('',*,*,#2335,.F.);
#3093=ORIENTED_EDGE('',*,*,#2339,.F.);
#3094=ORIENTED_EDGE('',*,*,#2362,.F.);
#3095=ORIENTED_EDGE('',*,*,#2210,.F.);
#3096=ORIENTED_EDGE('',*,*,#2327,.F.);
#3097=ORIENTED_EDGE('',*,*,#2331,.F.);
#3098=ORIENTED_EDGE('',*,*,#2358,.F.);
#3099=ORIENTED_EDGE('',*,*,#2301,.F.);
#3100=ORIENTED_EDGE('',*,*,#2378,.T.);
#3101=ORIENTED_EDGE('',*,*,#2171,.T.);
#3102=ORIENTED_EDGE('',*,*,#2379,.T.);
#3103=ORIENTED_EDGE('',*,*,#2194,.F.);
#3104=ORIENTED_EDGE('',*,*,#2305,.F.);
#3105=ORIENTED_EDGE('',*,*,#2201,.F.);
#3106=ORIENTED_EDGE('',*,*,#2380,.T.);
#3107=ORIENTED_EDGE('',*,*,#2381,.T.);
#3108=ORIENTED_EDGE('',*,*,#2382,.T.);
#3109=ORIENTED_EDGE('',*,*,#2298,.F.);
#3110=ORIENTED_EDGE('',*,*,#2323,.F.);
#3111=ORIENTED_EDGE('',*,*,#2383,.T.);
#3112=ORIENTED_EDGE('',*,*,#2347,.T.);
#3113=ORIENTED_EDGE('',*,*,#2340,.T.);
#3114=ORIENTED_EDGE('',*,*,#2365,.T.);
#3115=ORIENTED_EDGE('',*,*,#2384,.T.);
#3116=ORIENTED_EDGE('',*,*,#2355,.T.);
#3117=ORIENTED_EDGE('',*,*,#2348,.T.);
#3118=ORIENTED_EDGE('',*,*,#2369,.T.);
#3119=ORIENTED_EDGE('',*,*,#2333,.T.);
#3120=ORIENTED_EDGE('',*,*,#2385,.T.);
#3121=ORIENTED_EDGE('',*,*,#2363,.T.);
#3122=ORIENTED_EDGE('',*,*,#2337,.T.);
#3123=ORIENTED_EDGE('',*,*,#2325,.T.);
#3124=ORIENTED_EDGE('',*,*,#2386,.T.);
#3125=ORIENTED_EDGE('',*,*,#2359,.T.);
#3126=ORIENTED_EDGE('',*,*,#2329,.T.);
#3127=ORIENTED_EDGE('',*,*,#2307,.T.);
#3128=ORIENTED_EDGE('',*,*,#2387,.F.);
#3129=ORIENTED_EDGE('',*,*,#2321,.F.);
#3130=ORIENTED_EDGE('',*,*,#2388,.T.);
#3131=ORIENTED_EDGE('',*,*,#2306,.T.);
#3132=ORIENTED_EDGE('',*,*,#2192,.F.);
#3133=ORIENTED_EDGE('',*,*,#2389,.T.);
#3134=ORIENTED_EDGE('',*,*,#2299,.F.);
#3135=ORIENTED_EDGE('',*,*,#2322,.F.);
#3136=ORIENTED_EDGE('',*,*,#2387,.T.);
#3137=ORIENTED_EDGE('',*,*,#2308,.T.);
#3138=ORIENTED_EDGE('',*,*,#2388,.F.);
#3139=ORIENTED_EDGE('',*,*,#2320,.F.);
#3140=ORIENTED_EDGE('',*,*,#2313,.T.);
#3141=ORIENTED_EDGE('',*,*,#2390,.T.);
#3142=ORIENTED_EDGE('',*,*,#2195,.T.);
#3143=ORIENTED_EDGE('',*,*,#2304,.T.);
#3144=ORIENTED_EDGE('',*,*,#2391,.F.);
#3145=ORIENTED_EDGE('',*,*,#2315,.F.);
#3146=ORIENTED_EDGE('',*,*,#2296,.T.);
#3147=ORIENTED_EDGE('',*,*,#2392,.T.);
#3148=ORIENTED_EDGE('',*,*,#2199,.T.);
#3149=ORIENTED_EDGE('',*,*,#2303,.T.);
#3150=ORIENTED_EDGE('',*,*,#2393,.F.);
#3151=ORIENTED_EDGE('',*,*,#2316,.F.);
#3152=ORIENTED_EDGE('',*,*,#2391,.T.);
#3153=ORIENTED_EDGE('',*,*,#2310,.T.);
#3154=ORIENTED_EDGE('',*,*,#2205,.F.);
#3155=ORIENTED_EDGE('',*,*,#2394,.T.);
#3156=ORIENTED_EDGE('',*,*,#2372,.F.);
#3157=ORIENTED_EDGE('',*,*,#2317,.F.);
#3158=ORIENTED_EDGE('',*,*,#2393,.T.);
#3159=ORIENTED_EDGE('',*,*,#2353,.F.);
#3160=ORIENTED_EDGE('',*,*,#2395,.F.);
#3161=ORIENTED_EDGE('',*,*,#2371,.F.);
#3162=ORIENTED_EDGE('',*,*,#2280,.F.);
#3163=ORIENTED_EDGE('',*,*,#2395,.T.);
#3164=ORIENTED_EDGE('',*,*,#2352,.T.);
#3165=ORIENTED_EDGE('',*,*,#2384,.F.);
#3166=ORIENTED_EDGE('',*,*,#2368,.T.);
#3167=ORIENTED_EDGE('',*,*,#2345,.F.);
#3168=ORIENTED_EDGE('',*,*,#2396,.F.);
#3169=ORIENTED_EDGE('',*,*,#2367,.F.);
#3170=ORIENTED_EDGE('',*,*,#2276,.F.);
#3171=ORIENTED_EDGE('',*,*,#2396,.T.);
#3172=ORIENTED_EDGE('',*,*,#2344,.T.);
#3173=ORIENTED_EDGE('',*,*,#2383,.F.);
#3174=ORIENTED_EDGE('',*,*,#2364,.T.);
#3175=ORIENTED_EDGE('',*,*,#2266,.F.);
#3176=ORIENTED_EDGE('',*,*,#2293,.F.);
#3177=ORIENTED_EDGE('',*,*,#2272,.F.);
#3178=ORIENTED_EDGE('',*,*,#2269,.F.);
#3179=ORIENTED_EDGE('',*,*,#2256,.F.);
#3180=ORIENTED_EDGE('',*,*,#2291,.F.);
#3181=ORIENTED_EDGE('',*,*,#2262,.F.);
#3182=ORIENTED_EDGE('',*,*,#2259,.F.);
#3183=ORIENTED_EDGE('',*,*,#2246,.F.);
#3184=ORIENTED_EDGE('',*,*,#2289,.F.);
#3185=ORIENTED_EDGE('',*,*,#2252,.F.);
#3186=ORIENTED_EDGE('',*,*,#2249,.F.);
#3187=ORIENTED_EDGE('',*,*,#2236,.F.);
#3188=ORIENTED_EDGE('',*,*,#2287,.F.);
#3189=ORIENTED_EDGE('',*,*,#2242,.F.);
#3190=ORIENTED_EDGE('',*,*,#2239,.F.);
#3191=ORIENTED_EDGE('',*,*,#2226,.F.);
#3192=ORIENTED_EDGE('',*,*,#2285,.F.);
#3193=ORIENTED_EDGE('',*,*,#2232,.F.);
#3194=ORIENTED_EDGE('',*,*,#2229,.F.);
#3195=ORIENTED_EDGE('',*,*,#2216,.F.);
#3196=ORIENTED_EDGE('',*,*,#2283,.F.);
#3197=ORIENTED_EDGE('',*,*,#2222,.F.);
#3198=ORIENTED_EDGE('',*,*,#2219,.F.);
#3199=ORIENTED_EDGE('',*,*,#2336,.F.);
#3200=ORIENTED_EDGE('',*,*,#2212,.F.);
#3201=ORIENTED_EDGE('',*,*,#2361,.F.);
#3202=ORIENTED_EDGE('',*,*,#2397,.F.);
#3203=ORIENTED_EDGE('',*,*,#2385,.F.);
#3204=ORIENTED_EDGE('',*,*,#2332,.T.);
#3205=ORIENTED_EDGE('',*,*,#2397,.T.);
#3206=ORIENTED_EDGE('',*,*,#2360,.T.);
#3207=ORIENTED_EDGE('',*,*,#2328,.F.);
#3208=ORIENTED_EDGE('',*,*,#2208,.F.);
#3209=ORIENTED_EDGE('',*,*,#2357,.F.);
#3210=ORIENTED_EDGE('',*,*,#2398,.F.);
#3211=ORIENTED_EDGE('',*,*,#2386,.F.);
#3212=ORIENTED_EDGE('',*,*,#2324,.T.);
#3213=ORIENTED_EDGE('',*,*,#2398,.T.);
#3214=ORIENTED_EDGE('',*,*,#2356,.T.);
#3215=ORIENTED_EDGE('',*,*,#2300,.F.);
#3216=ORIENTED_EDGE('',*,*,#2399,.F.);
#3217=ORIENTED_EDGE('',*,*,#2312,.F.);
#3218=ORIENTED_EDGE('',*,*,#2186,.F.);
#3219=ORIENTED_EDGE('',*,*,#2190,.T.);
#3220=ORIENTED_EDGE('',*,*,#2172,.T.);
#3221=ORIENTED_EDGE('',*,*,#2378,.F.);
#3222=ORIENTED_EDGE('',*,*,#2191,.F.);
#3223=ORIENTED_EDGE('',*,*,#2379,.F.);
#3224=ORIENTED_EDGE('',*,*,#2170,.F.);
#3225=ORIENTED_EDGE('',*,*,#2188,.T.);
#3226=ORIENTED_EDGE('',*,*,#2181,.T.);
#3227=ORIENTED_EDGE('',*,*,#2196,.T.);
#3228=ORIENTED_EDGE('',*,*,#2400,.T.);
#3229=ORIENTED_EDGE('',*,*,#2200,.F.);
#3230=ORIENTED_EDGE('',*,*,#2401,.F.);
#3231=ORIENTED_EDGE('',*,*,#2204,.F.);
#3232=ORIENTED_EDGE('',*,*,#2402,.F.);
#3233=ORIENTED_EDGE('',*,*,#2403,.T.);
#3234=ORIENTED_EDGE('',*,*,#2404,.T.);
#3235=ORIENTED_EDGE('',*,*,#2380,.F.);
#3236=ORIENTED_EDGE('',*,*,#2295,.F.);
#3237=ORIENTED_EDGE('',*,*,#2382,.F.);
#3238=ORIENTED_EDGE('',*,*,#2405,.F.);
#3239=ORIENTED_EDGE('',*,*,#2406,.T.);
#3240=ORIENTED_EDGE('',*,*,#2407,.T.);
#3241=ORIENTED_EDGE('',*,*,#2373,.T.);
#3242=ORIENTED_EDGE('',*,*,#2408,.T.);
#3243=ORIENTED_EDGE('',*,*,#2381,.F.);
#3244=ORIENTED_EDGE('',*,*,#2404,.F.);
#3245=ORIENTED_EDGE('',*,*,#2409,.T.);
#3246=ORIENTED_EDGE('',*,*,#2405,.T.);
#3247=ORIENTED_EDGE('',*,*,#2392,.F.);
#3248=ORIENTED_EDGE('',*,*,#2408,.F.);
#3249=ORIENTED_EDGE('',*,*,#2394,.F.);
#3250=ORIENTED_EDGE('',*,*,#2401,.T.);
#3251=ORIENTED_EDGE('',*,*,#2402,.T.);
#3252=ORIENTED_EDGE('',*,*,#2377,.T.);
#3253=ORIENTED_EDGE('',*,*,#2407,.F.);
#3254=ORIENTED_EDGE('',*,*,#2410,.T.);
#3255=ORIENTED_EDGE('',*,*,#2410,.F.);
#3256=ORIENTED_EDGE('',*,*,#2406,.F.);
#3257=ORIENTED_EDGE('',*,*,#2409,.F.);
#3258=ORIENTED_EDGE('',*,*,#2403,.F.);
#3259=ORIENTED_EDGE('',*,*,#2389,.F.);
#3260=ORIENTED_EDGE('',*,*,#2400,.F.);
#3261=ORIENTED_EDGE('',*,*,#2390,.F.);
#3262=ORIENTED_EDGE('',*,*,#2399,.T.);
#3263=ORIENTED_EDGE('',*,*,#2411,.T.);
#3264=ORIENTED_EDGE('',*,*,#2178,.F.);
#3265=ORIENTED_EDGE('',*,*,#2187,.T.);
#3266=ORIENTED_EDGE('',*,*,#2168,.F.);
#3267=ORIENTED_EDGE('',*,*,#2375,.T.);
#3268=ORIENTED_EDGE('',*,*,#2179,.F.);
#3269=ORIENTED_EDGE('',*,*,#2411,.F.);
#3270=ORIENTED_EDGE('',*,*,#2167,.F.);
#3271=ORIENTED_EDGE('',*,*,#2412,.T.);
#3272=ORIENTED_EDGE('',*,*,#2183,.F.);
#3273=ORIENTED_EDGE('',*,*,#2376,.F.);
#3274=ORIENTED_EDGE('',*,*,#2175,.F.);
#3275=ORIENTED_EDGE('',*,*,#2189,.T.);
#3276=ORIENTED_EDGE('',*,*,#2184,.F.);
#3277=ORIENTED_EDGE('',*,*,#2412,.F.);
#3278=ORIENTED_EDGE('',*,*,#2174,.F.);
#3279=ORIENTED_EDGE('',*,*,#2413,.F.);
#3280=ORIENTED_EDGE('',*,*,#2414,.F.);
#3281=ORIENTED_EDGE('',*,*,#2415,.T.);
#3282=ORIENTED_EDGE('',*,*,#2416,.T.);
#3283=ORIENTED_EDGE('',*,*,#2417,.F.);
#3284=ORIENTED_EDGE('',*,*,#2418,.T.);
#3285=ORIENTED_EDGE('',*,*,#2419,.F.);
#3286=ORIENTED_EDGE('',*,*,#2420,.F.);
#3287=ORIENTED_EDGE('',*,*,#2421,.F.);
#3288=ORIENTED_EDGE('',*,*,#2422,.T.);
#3289=ORIENTED_EDGE('',*,*,#2423,.F.);
#3290=ORIENTED_EDGE('',*,*,#2424,.F.);
#3291=ORIENTED_EDGE('',*,*,#2425,.F.);
#3292=ORIENTED_EDGE('',*,*,#2426,.T.);
#3293=ORIENTED_EDGE('',*,*,#2427,.F.);
#3294=ORIENTED_EDGE('',*,*,#2428,.F.);
#3295=ORIENTED_EDGE('',*,*,#2429,.F.);
#3296=ORIENTED_EDGE('',*,*,#2416,.F.);
#3297=ORIENTED_EDGE('',*,*,#2430,.T.);
#3298=ORIENTED_EDGE('',*,*,#2431,.T.);
#3299=ORIENTED_EDGE('',*,*,#2432,.F.);
#3300=ORIENTED_EDGE('',*,*,#2433,.T.);
#3301=ORIENTED_EDGE('',*,*,#2434,.F.);
#3302=ORIENTED_EDGE('',*,*,#2418,.F.);
#3303=ORIENTED_EDGE('',*,*,#2435,.F.);
#3304=ORIENTED_EDGE('',*,*,#2436,.T.);
#3305=ORIENTED_EDGE('',*,*,#2437,.F.);
#3306=ORIENTED_EDGE('',*,*,#2422,.F.);
#3307=ORIENTED_EDGE('',*,*,#2438,.F.);
#3308=ORIENTED_EDGE('',*,*,#2439,.T.);
#3309=ORIENTED_EDGE('',*,*,#2440,.F.);
#3310=ORIENTED_EDGE('',*,*,#2426,.F.);
#3311=ORIENTED_EDGE('',*,*,#2441,.F.);
#3312=ORIENTED_EDGE('',*,*,#2431,.F.);
#3313=ORIENTED_EDGE('',*,*,#2442,.T.);
#3314=ORIENTED_EDGE('',*,*,#2443,.T.);
#3315=ORIENTED_EDGE('',*,*,#2444,.F.);
#3316=ORIENTED_EDGE('',*,*,#2445,.T.);
#3317=ORIENTED_EDGE('',*,*,#2446,.F.);
#3318=ORIENTED_EDGE('',*,*,#2433,.F.);
#3319=ORIENTED_EDGE('',*,*,#2447,.F.);
#3320=ORIENTED_EDGE('',*,*,#2448,.T.);
#3321=ORIENTED_EDGE('',*,*,#2449,.F.);
#3322=ORIENTED_EDGE('',*,*,#2436,.F.);
#3323=ORIENTED_EDGE('',*,*,#2450,.F.);
#3324=ORIENTED_EDGE('',*,*,#2451,.T.);
#3325=ORIENTED_EDGE('',*,*,#2452,.F.);
#3326=ORIENTED_EDGE('',*,*,#2439,.F.);
#3327=ORIENTED_EDGE('',*,*,#2453,.F.);
#3328=ORIENTED_EDGE('',*,*,#2454,.F.);
#3329=ORIENTED_EDGE('',*,*,#2455,.T.);
#3330=ORIENTED_EDGE('',*,*,#2456,.T.);
#3331=ORIENTED_EDGE('',*,*,#2457,.F.);
#3332=ORIENTED_EDGE('',*,*,#2458,.T.);
#3333=ORIENTED_EDGE('',*,*,#2459,.F.);
#3334=ORIENTED_EDGE('',*,*,#2460,.F.);
#3335=ORIENTED_EDGE('',*,*,#2461,.F.);
#3336=ORIENTED_EDGE('',*,*,#2462,.T.);
#3337=ORIENTED_EDGE('',*,*,#2463,.F.);
#3338=ORIENTED_EDGE('',*,*,#2464,.F.);
#3339=ORIENTED_EDGE('',*,*,#2465,.F.);
#3340=ORIENTED_EDGE('',*,*,#2466,.T.);
#3341=ORIENTED_EDGE('',*,*,#2467,.F.);
#3342=ORIENTED_EDGE('',*,*,#2468,.F.);
#3343=ORIENTED_EDGE('',*,*,#2469,.F.);
#3344=ORIENTED_EDGE('',*,*,#2456,.F.);
#3345=ORIENTED_EDGE('',*,*,#2470,.T.);
#3346=ORIENTED_EDGE('',*,*,#2471,.T.);
#3347=ORIENTED_EDGE('',*,*,#2472,.F.);
#3348=ORIENTED_EDGE('',*,*,#2473,.T.);
#3349=ORIENTED_EDGE('',*,*,#2474,.F.);
#3350=ORIENTED_EDGE('',*,*,#2458,.F.);
#3351=ORIENTED_EDGE('',*,*,#2475,.F.);
#3352=ORIENTED_EDGE('',*,*,#2476,.T.);
#3353=ORIENTED_EDGE('',*,*,#2477,.F.);
#3354=ORIENTED_EDGE('',*,*,#2462,.F.);
#3355=ORIENTED_EDGE('',*,*,#2478,.F.);
#3356=ORIENTED_EDGE('',*,*,#2479,.T.);
#3357=ORIENTED_EDGE('',*,*,#2480,.F.);
#3358=ORIENTED_EDGE('',*,*,#2466,.F.);
#3359=ORIENTED_EDGE('',*,*,#2481,.F.);
#3360=ORIENTED_EDGE('',*,*,#2471,.F.);
#3361=ORIENTED_EDGE('',*,*,#2482,.T.);
#3362=ORIENTED_EDGE('',*,*,#2483,.T.);
#3363=ORIENTED_EDGE('',*,*,#2484,.F.);
#3364=ORIENTED_EDGE('',*,*,#2485,.T.);
#3365=ORIENTED_EDGE('',*,*,#2486,.F.);
#3366=ORIENTED_EDGE('',*,*,#2473,.F.);
#3367=ORIENTED_EDGE('',*,*,#2487,.F.);
#3368=ORIENTED_EDGE('',*,*,#2488,.T.);
#3369=ORIENTED_EDGE('',*,*,#2489,.F.);
#3370=ORIENTED_EDGE('',*,*,#2476,.F.);
#3371=ORIENTED_EDGE('',*,*,#2490,.F.);
#3372=ORIENTED_EDGE('',*,*,#2491,.T.);
#3373=ORIENTED_EDGE('',*,*,#2492,.F.);
#3374=ORIENTED_EDGE('',*,*,#2479,.F.);
#3375=ORIENTED_EDGE('',*,*,#2493,.F.);
#3376=ORIENTED_EDGE('',*,*,#2494,.T.);
#3377=ORIENTED_EDGE('',*,*,#2495,.F.);
#3378=ORIENTED_EDGE('',*,*,#2496,.F.);
#3379=ORIENTED_EDGE('',*,*,#2497,.F.);
#3380=ORIENTED_EDGE('',*,*,#2498,.T.);
#3381=ORIENTED_EDGE('',*,*,#2499,.F.);
#3382=ORIENTED_EDGE('',*,*,#2494,.F.);
#3383=ORIENTED_EDGE('',*,*,#2500,.F.);
#3384=ORIENTED_EDGE('',*,*,#2501,.T.);
#3385=ORIENTED_EDGE('',*,*,#2502,.F.);
#3386=ORIENTED_EDGE('',*,*,#2498,.F.);
#3387=ORIENTED_EDGE('',*,*,#2501,.F.);
#3388=ORIENTED_EDGE('',*,*,#2503,.T.);
#3389=ORIENTED_EDGE('',*,*,#2504,.T.);
#3390=ORIENTED_EDGE('',*,*,#2505,.F.);
#3391=ORIENTED_EDGE('',*,*,#2451,.F.);
#3392=ORIENTED_EDGE('',*,*,#2506,.T.);
#3393=ORIENTED_EDGE('',*,*,#2507,.T.);
#3394=ORIENTED_EDGE('',*,*,#2508,.F.);
#3395=ORIENTED_EDGE('',*,*,#2448,.F.);
#3396=ORIENTED_EDGE('',*,*,#2509,.T.);
#3397=ORIENTED_EDGE('',*,*,#2510,.T.);
#3398=ORIENTED_EDGE('',*,*,#2511,.F.);
#3399=ORIENTED_EDGE('',*,*,#2445,.F.);
#3400=ORIENTED_EDGE('',*,*,#2512,.T.);
#3401=ORIENTED_EDGE('',*,*,#2513,.T.);
#3402=ORIENTED_EDGE('',*,*,#2514,.F.);
#3403=ORIENTED_EDGE('',*,*,#2443,.F.);
#3404=ORIENTED_EDGE('',*,*,#2515,.T.);
#3405=ORIENTED_EDGE('',*,*,#2454,.T.);
#3406=ORIENTED_EDGE('',*,*,#2516,.F.);
#3407=ORIENTED_EDGE('',*,*,#2517,.T.);
#3408=ORIENTED_EDGE('',*,*,#2518,.T.);
#3409=ORIENTED_EDGE('',*,*,#2460,.T.);
#3410=ORIENTED_EDGE('',*,*,#2519,.F.);
#3411=ORIENTED_EDGE('',*,*,#2520,.T.);
#3412=ORIENTED_EDGE('',*,*,#2521,.T.);
#3413=ORIENTED_EDGE('',*,*,#2464,.T.);
#3414=ORIENTED_EDGE('',*,*,#2522,.F.);
#3415=ORIENTED_EDGE('',*,*,#2523,.T.);
#3416=ORIENTED_EDGE('',*,*,#2524,.T.);
#3417=ORIENTED_EDGE('',*,*,#2468,.T.);
#3418=ORIENTED_EDGE('',*,*,#2525,.F.);
#3419=ORIENTED_EDGE('',*,*,#2526,.T.);
#3420=ORIENTED_EDGE('',*,*,#2527,.T.);
#3421=ORIENTED_EDGE('',*,*,#2528,.T.);
#3422=ORIENTED_EDGE('',*,*,#2529,.F.);
#3423=ORIENTED_EDGE('',*,*,#2530,.F.);
#3424=ORIENTED_EDGE('',*,*,#2531,.T.);
#3425=ORIENTED_EDGE('',*,*,#2532,.F.);
#3426=ORIENTED_EDGE('',*,*,#2528,.F.);
#3427=ORIENTED_EDGE('',*,*,#2533,.F.);
#3428=ORIENTED_EDGE('',*,*,#2534,.T.);
#3429=ORIENTED_EDGE('',*,*,#2535,.F.);
#3430=ORIENTED_EDGE('',*,*,#2531,.F.);
#3431=ORIENTED_EDGE('',*,*,#2536,.F.);
#3432=ORIENTED_EDGE('',*,*,#2537,.T.);
#3433=ORIENTED_EDGE('',*,*,#2538,.F.);
#3434=ORIENTED_EDGE('',*,*,#2534,.F.);
#3435=ORIENTED_EDGE('',*,*,#2539,.F.);
#3436=ORIENTED_EDGE('',*,*,#2483,.F.);
#3437=ORIENTED_EDGE('',*,*,#2540,.T.);
#3438=ORIENTED_EDGE('',*,*,#2541,.T.);
#3439=ORIENTED_EDGE('',*,*,#2542,.F.);
#3440=ORIENTED_EDGE('',*,*,#2537,.F.);
#3441=ORIENTED_EDGE('',*,*,#2543,.F.);
#3442=ORIENTED_EDGE('',*,*,#2526,.F.);
#3443=ORIENTED_EDGE('',*,*,#2544,.F.);
#3444=ORIENTED_EDGE('',*,*,#2491,.F.);
#3445=ORIENTED_EDGE('',*,*,#2545,.F.);
#3446=ORIENTED_EDGE('',*,*,#2523,.F.);
#3447=ORIENTED_EDGE('',*,*,#2546,.F.);
#3448=ORIENTED_EDGE('',*,*,#2488,.F.);
#3449=ORIENTED_EDGE('',*,*,#2547,.F.);
#3450=ORIENTED_EDGE('',*,*,#2520,.F.);
#3451=ORIENTED_EDGE('',*,*,#2548,.F.);
#3452=ORIENTED_EDGE('',*,*,#2485,.F.);
#3453=ORIENTED_EDGE('',*,*,#2549,.F.);
#3454=ORIENTED_EDGE('',*,*,#2517,.F.);
#3455=ORIENTED_EDGE('',*,*,#2550,.F.);
#3456=ORIENTED_EDGE('',*,*,#2513,.F.);
#3457=ORIENTED_EDGE('',*,*,#2551,.F.);
#3458=ORIENTED_EDGE('',*,*,#2420,.T.);
#3459=ORIENTED_EDGE('',*,*,#2552,.F.);
#3460=ORIENTED_EDGE('',*,*,#2510,.F.);
#3461=ORIENTED_EDGE('',*,*,#2553,.F.);
#3462=ORIENTED_EDGE('',*,*,#2424,.T.);
#3463=ORIENTED_EDGE('',*,*,#2554,.F.);
#3464=ORIENTED_EDGE('',*,*,#2507,.F.);
#3465=ORIENTED_EDGE('',*,*,#2555,.F.);
#3466=ORIENTED_EDGE('',*,*,#2428,.T.);
#3467=ORIENTED_EDGE('',*,*,#2556,.F.);
#3468=ORIENTED_EDGE('',*,*,#2504,.F.);
#3469=ORIENTED_EDGE('',*,*,#2557,.F.);
#3470=ORIENTED_EDGE('',*,*,#2496,.T.);
#3471=ORIENTED_EDGE('',*,*,#2558,.F.);
#3472=ORIENTED_EDGE('',*,*,#2541,.F.);
#3473=ORIENTED_EDGE('',*,*,#2559,.T.);
#3474=ORIENTED_EDGE('',*,*,#2414,.T.);
#3475=ORIENTED_EDGE('',*,*,#2559,.F.);
#3476=ORIENTED_EDGE('',*,*,#2540,.F.);
#3477=ORIENTED_EDGE('',*,*,#2482,.F.);
#3478=ORIENTED_EDGE('',*,*,#2470,.F.);
#3479=ORIENTED_EDGE('',*,*,#2455,.F.);
#3480=ORIENTED_EDGE('',*,*,#2515,.F.);
#3481=ORIENTED_EDGE('',*,*,#2442,.F.);
#3482=ORIENTED_EDGE('',*,*,#2430,.F.);
#3483=ORIENTED_EDGE('',*,*,#2415,.F.);
#3484=ORIENTED_EDGE('',*,*,#2529,.T.);
#3485=ORIENTED_EDGE('',*,*,#2532,.T.);
#3486=ORIENTED_EDGE('',*,*,#2535,.T.);
#3487=ORIENTED_EDGE('',*,*,#2538,.T.);
#3488=ORIENTED_EDGE('',*,*,#2542,.T.);
#3489=ORIENTED_EDGE('',*,*,#2558,.T.);
#3490=ORIENTED_EDGE('',*,*,#2495,.T.);
#3491=ORIENTED_EDGE('',*,*,#2499,.T.);
#3492=ORIENTED_EDGE('',*,*,#2502,.T.);
#3493=ORIENTED_EDGE('',*,*,#2500,.T.);
#3494=ORIENTED_EDGE('',*,*,#2497,.T.);
#3495=ORIENTED_EDGE('',*,*,#2493,.T.);
#3496=ORIENTED_EDGE('',*,*,#2557,.T.);
#3497=ORIENTED_EDGE('',*,*,#2503,.F.);
#3498=ORIENTED_EDGE('',*,*,#2452,.T.);
#3499=ORIENTED_EDGE('',*,*,#2505,.T.);
#3500=ORIENTED_EDGE('',*,*,#2556,.T.);
#3501=ORIENTED_EDGE('',*,*,#2427,.T.);
#3502=ORIENTED_EDGE('',*,*,#2440,.T.);
#3503=ORIENTED_EDGE('',*,*,#2450,.T.);
#3504=ORIENTED_EDGE('',*,*,#2438,.T.);
#3505=ORIENTED_EDGE('',*,*,#2425,.T.);
#3506=ORIENTED_EDGE('',*,*,#2555,.T.);
#3507=ORIENTED_EDGE('',*,*,#2506,.F.);
#3508=ORIENTED_EDGE('',*,*,#2449,.T.);
#3509=ORIENTED_EDGE('',*,*,#2508,.T.);
#3510=ORIENTED_EDGE('',*,*,#2554,.T.);
#3511=ORIENTED_EDGE('',*,*,#2423,.T.);
#3512=ORIENTED_EDGE('',*,*,#2437,.T.);
#3513=ORIENTED_EDGE('',*,*,#2447,.T.);
#3514=ORIENTED_EDGE('',*,*,#2435,.T.);
#3515=ORIENTED_EDGE('',*,*,#2421,.T.);
#3516=ORIENTED_EDGE('',*,*,#2553,.T.);
#3517=ORIENTED_EDGE('',*,*,#2509,.F.);
#3518=ORIENTED_EDGE('',*,*,#2446,.T.);
#3519=ORIENTED_EDGE('',*,*,#2511,.T.);
#3520=ORIENTED_EDGE('',*,*,#2552,.T.);
#3521=ORIENTED_EDGE('',*,*,#2419,.T.);
#3522=ORIENTED_EDGE('',*,*,#2434,.T.);
#3523=ORIENTED_EDGE('',*,*,#2444,.T.);
#3524=ORIENTED_EDGE('',*,*,#2432,.T.);
#3525=ORIENTED_EDGE('',*,*,#2417,.T.);
#3526=ORIENTED_EDGE('',*,*,#2551,.T.);
#3527=ORIENTED_EDGE('',*,*,#2512,.F.);
#3528=ORIENTED_EDGE('',*,*,#2441,.T.);
#3529=ORIENTED_EDGE('',*,*,#2514,.T.);
#3530=ORIENTED_EDGE('',*,*,#2550,.T.);
#3531=ORIENTED_EDGE('',*,*,#2413,.T.);
#3532=ORIENTED_EDGE('',*,*,#2429,.T.);
#3533=ORIENTED_EDGE('',*,*,#2530,.T.);
#3534=ORIENTED_EDGE('',*,*,#2527,.F.);
#3535=ORIENTED_EDGE('',*,*,#2543,.T.);
#3536=ORIENTED_EDGE('',*,*,#2536,.T.);
#3537=ORIENTED_EDGE('',*,*,#2533,.T.);
#3538=ORIENTED_EDGE('',*,*,#2467,.T.);
#3539=ORIENTED_EDGE('',*,*,#2480,.T.);
#3540=ORIENTED_EDGE('',*,*,#2492,.T.);
#3541=ORIENTED_EDGE('',*,*,#2544,.T.);
#3542=ORIENTED_EDGE('',*,*,#2525,.T.);
#3543=ORIENTED_EDGE('',*,*,#2465,.T.);
#3544=ORIENTED_EDGE('',*,*,#2524,.F.);
#3545=ORIENTED_EDGE('',*,*,#2545,.T.);
#3546=ORIENTED_EDGE('',*,*,#2490,.T.);
#3547=ORIENTED_EDGE('',*,*,#2478,.T.);
#3548=ORIENTED_EDGE('',*,*,#2463,.T.);
#3549=ORIENTED_EDGE('',*,*,#2477,.T.);
#3550=ORIENTED_EDGE('',*,*,#2489,.T.);
#3551=ORIENTED_EDGE('',*,*,#2546,.T.);
#3552=ORIENTED_EDGE('',*,*,#2522,.T.);
#3553=ORIENTED_EDGE('',*,*,#2461,.T.);
#3554=ORIENTED_EDGE('',*,*,#2521,.F.);
#3555=ORIENTED_EDGE('',*,*,#2547,.T.);
#3556=ORIENTED_EDGE('',*,*,#2487,.T.);
#3557=ORIENTED_EDGE('',*,*,#2475,.T.);
#3558=ORIENTED_EDGE('',*,*,#2459,.T.);
#3559=ORIENTED_EDGE('',*,*,#2474,.T.);
#3560=ORIENTED_EDGE('',*,*,#2486,.T.);
#3561=ORIENTED_EDGE('',*,*,#2548,.T.);
#3562=ORIENTED_EDGE('',*,*,#2519,.T.);
#3563=ORIENTED_EDGE('',*,*,#2453,.T.);
#3564=ORIENTED_EDGE('',*,*,#2469,.T.);
#3565=ORIENTED_EDGE('',*,*,#2481,.T.);
#3566=ORIENTED_EDGE('',*,*,#2539,.T.);
#3567=ORIENTED_EDGE('',*,*,#2516,.T.);
#3568=ORIENTED_EDGE('',*,*,#2457,.T.);
#3569=ORIENTED_EDGE('',*,*,#2518,.F.);
#3570=ORIENTED_EDGE('',*,*,#2549,.T.);
#3571=ORIENTED_EDGE('',*,*,#2484,.T.);
#3572=ORIENTED_EDGE('',*,*,#2472,.T.);
#3573=ORIENTED_EDGE('',*,*,#2560,.F.);
#3574=ORIENTED_EDGE('',*,*,#2561,.T.);
#3575=ORIENTED_EDGE('',*,*,#2562,.F.);
#3576=ORIENTED_EDGE('',*,*,#2563,.F.);
#3577=ORIENTED_EDGE('',*,*,#2564,.F.);
#3578=ORIENTED_EDGE('',*,*,#2565,.F.);
#3579=ORIENTED_EDGE('',*,*,#2566,.F.);
#3580=ORIENTED_EDGE('',*,*,#2567,.T.);
#3581=ORIENTED_EDGE('',*,*,#2568,.F.);
#3582=ORIENTED_EDGE('',*,*,#2569,.F.);
#3583=ORIENTED_EDGE('',*,*,#2570,.F.);
#3584=ORIENTED_EDGE('',*,*,#2571,.T.);
#3585=ORIENTED_EDGE('',*,*,#2572,.F.);
#3586=ORIENTED_EDGE('',*,*,#2573,.F.);
#3587=ORIENTED_EDGE('',*,*,#2574,.F.);
#3588=ORIENTED_EDGE('',*,*,#2575,.T.);
#3589=ORIENTED_EDGE('',*,*,#2576,.F.);
#3590=ORIENTED_EDGE('',*,*,#2577,.T.);
#3591=ORIENTED_EDGE('',*,*,#2578,.F.);
#3592=ORIENTED_EDGE('',*,*,#2579,.F.);
#3593=ORIENTED_EDGE('',*,*,#2580,.F.);
#3594=ORIENTED_EDGE('',*,*,#2581,.F.);
#3595=ORIENTED_EDGE('',*,*,#2582,.F.);
#3596=ORIENTED_EDGE('',*,*,#2583,.T.);
#3597=ORIENTED_EDGE('',*,*,#2584,.F.);
#3598=ORIENTED_EDGE('',*,*,#2585,.F.);
#3599=ORIENTED_EDGE('',*,*,#2586,.F.);
#3600=ORIENTED_EDGE('',*,*,#2587,.T.);
#3601=ORIENTED_EDGE('',*,*,#2588,.F.);
#3602=ORIENTED_EDGE('',*,*,#2589,.F.);
#3603=ORIENTED_EDGE('',*,*,#2590,.F.);
#3604=ORIENTED_EDGE('',*,*,#2591,.T.);
#3605=ORIENTED_EDGE('',*,*,#2592,.F.);
#3606=ORIENTED_EDGE('',*,*,#2577,.F.);
#3607=ORIENTED_EDGE('',*,*,#2593,.F.);
#3608=ORIENTED_EDGE('',*,*,#2594,.T.);
#3609=ORIENTED_EDGE('',*,*,#2595,.F.);
#3610=ORIENTED_EDGE('',*,*,#2583,.F.);
#3611=ORIENTED_EDGE('',*,*,#2596,.F.);
#3612=ORIENTED_EDGE('',*,*,#2597,.T.);
#3613=ORIENTED_EDGE('',*,*,#2598,.F.);
#3614=ORIENTED_EDGE('',*,*,#2587,.F.);
#3615=ORIENTED_EDGE('',*,*,#2599,.F.);
#3616=ORIENTED_EDGE('',*,*,#2600,.T.);
#3617=ORIENTED_EDGE('',*,*,#2601,.F.);
#3618=ORIENTED_EDGE('',*,*,#2591,.F.);
#3619=ORIENTED_EDGE('',*,*,#2602,.F.);
#3620=ORIENTED_EDGE('',*,*,#2603,.T.);
#3621=ORIENTED_EDGE('',*,*,#2604,.F.);
#3622=ORIENTED_EDGE('',*,*,#2594,.F.);
#3623=ORIENTED_EDGE('',*,*,#2605,.T.);
#3624=ORIENTED_EDGE('',*,*,#2606,.T.);
#3625=ORIENTED_EDGE('',*,*,#2607,.F.);
#3626=ORIENTED_EDGE('',*,*,#2597,.F.);
#3627=ORIENTED_EDGE('',*,*,#2608,.T.);
#3628=ORIENTED_EDGE('',*,*,#2609,.T.);
#3629=ORIENTED_EDGE('',*,*,#2610,.F.);
#3630=ORIENTED_EDGE('',*,*,#2600,.F.);
#3631=ORIENTED_EDGE('',*,*,#2611,.T.);
#3632=ORIENTED_EDGE('',*,*,#2612,.T.);
#3633=ORIENTED_EDGE('',*,*,#2613,.F.);
#3634=ORIENTED_EDGE('',*,*,#2603,.F.);
#3635=ORIENTED_EDGE('',*,*,#2614,.T.);
#3636=ORIENTED_EDGE('',*,*,#2615,.T.);
#3637=ORIENTED_EDGE('',*,*,#2616,.F.);
#3638=ORIENTED_EDGE('',*,*,#2606,.F.);
#3639=ORIENTED_EDGE('',*,*,#2617,.F.);
#3640=ORIENTED_EDGE('',*,*,#2618,.T.);
#3641=ORIENTED_EDGE('',*,*,#2619,.F.);
#3642=ORIENTED_EDGE('',*,*,#2609,.F.);
#3643=ORIENTED_EDGE('',*,*,#2620,.F.);
#3644=ORIENTED_EDGE('',*,*,#2621,.T.);
#3645=ORIENTED_EDGE('',*,*,#2622,.F.);
#3646=ORIENTED_EDGE('',*,*,#2612,.F.);
#3647=ORIENTED_EDGE('',*,*,#2623,.F.);
#3648=ORIENTED_EDGE('',*,*,#2624,.T.);
#3649=ORIENTED_EDGE('',*,*,#2625,.F.);
#3650=ORIENTED_EDGE('',*,*,#2615,.F.);
#3651=ORIENTED_EDGE('',*,*,#2626,.F.);
#3652=ORIENTED_EDGE('',*,*,#2627,.T.);
#3653=ORIENTED_EDGE('',*,*,#2628,.F.);
#3654=ORIENTED_EDGE('',*,*,#2629,.T.);
#3655=ORIENTED_EDGE('',*,*,#2630,.F.);
#3656=ORIENTED_EDGE('',*,*,#2618,.F.);
#3657=ORIENTED_EDGE('',*,*,#2631,.F.);
#3658=ORIENTED_EDGE('',*,*,#2621,.F.);
#3659=ORIENTED_EDGE('',*,*,#2632,.F.);
#3660=ORIENTED_EDGE('',*,*,#2633,.T.);
#3661=ORIENTED_EDGE('',*,*,#2634,.F.);
#3662=ORIENTED_EDGE('',*,*,#2624,.F.);
#3663=ORIENTED_EDGE('',*,*,#2635,.F.);
#3664=ORIENTED_EDGE('',*,*,#2636,.T.);
#3665=ORIENTED_EDGE('',*,*,#2637,.F.);
#3666=ORIENTED_EDGE('',*,*,#2627,.F.);
#3667=ORIENTED_EDGE('',*,*,#2638,.F.);
#3668=ORIENTED_EDGE('',*,*,#2639,.T.);
#3669=ORIENTED_EDGE('',*,*,#2640,.F.);
#3670=ORIENTED_EDGE('',*,*,#2641,.T.);
#3671=ORIENTED_EDGE('',*,*,#2642,.F.);
#3672=ORIENTED_EDGE('',*,*,#2643,.F.);
#3673=ORIENTED_EDGE('',*,*,#2644,.F.);
#3674=ORIENTED_EDGE('',*,*,#2645,.F.);
#3675=ORIENTED_EDGE('',*,*,#2646,.F.);
#3676=ORIENTED_EDGE('',*,*,#2647,.T.);
#3677=ORIENTED_EDGE('',*,*,#2648,.F.);
#3678=ORIENTED_EDGE('',*,*,#2649,.F.);
#3679=ORIENTED_EDGE('',*,*,#2650,.F.);
#3680=ORIENTED_EDGE('',*,*,#2651,.T.);
#3681=ORIENTED_EDGE('',*,*,#2652,.F.);
#3682=ORIENTED_EDGE('',*,*,#2653,.F.);
#3683=ORIENTED_EDGE('',*,*,#2654,.F.);
#3684=ORIENTED_EDGE('',*,*,#2655,.T.);
#3685=ORIENTED_EDGE('',*,*,#2656,.F.);
#3686=ORIENTED_EDGE('',*,*,#2641,.F.);
#3687=ORIENTED_EDGE('',*,*,#2657,.F.);
#3688=ORIENTED_EDGE('',*,*,#2658,.T.);
#3689=ORIENTED_EDGE('',*,*,#2659,.F.);
#3690=ORIENTED_EDGE('',*,*,#2647,.F.);
#3691=ORIENTED_EDGE('',*,*,#2660,.F.);
#3692=ORIENTED_EDGE('',*,*,#2661,.T.);
#3693=ORIENTED_EDGE('',*,*,#2662,.F.);
#3694=ORIENTED_EDGE('',*,*,#2651,.F.);
#3695=ORIENTED_EDGE('',*,*,#2663,.F.);
#3696=ORIENTED_EDGE('',*,*,#2664,.T.);
#3697=ORIENTED_EDGE('',*,*,#2665,.F.);
#3698=ORIENTED_EDGE('',*,*,#2655,.F.);
#3699=ORIENTED_EDGE('',*,*,#2666,.F.);
#3700=ORIENTED_EDGE('',*,*,#2667,.T.);
#3701=ORIENTED_EDGE('',*,*,#2668,.F.);
#3702=ORIENTED_EDGE('',*,*,#2658,.F.);
#3703=ORIENTED_EDGE('',*,*,#2669,.T.);
#3704=ORIENTED_EDGE('',*,*,#2670,.T.);
#3705=ORIENTED_EDGE('',*,*,#2671,.F.);
#3706=ORIENTED_EDGE('',*,*,#2661,.F.);
#3707=ORIENTED_EDGE('',*,*,#2672,.T.);
#3708=ORIENTED_EDGE('',*,*,#2673,.T.);
#3709=ORIENTED_EDGE('',*,*,#2674,.F.);
#3710=ORIENTED_EDGE('',*,*,#2664,.F.);
#3711=ORIENTED_EDGE('',*,*,#2675,.T.);
#3712=ORIENTED_EDGE('',*,*,#2676,.T.);
#3713=ORIENTED_EDGE('',*,*,#2677,.F.);
#3714=ORIENTED_EDGE('',*,*,#2667,.F.);
#3715=ORIENTED_EDGE('',*,*,#2678,.T.);
#3716=ORIENTED_EDGE('',*,*,#2679,.T.);
#3717=ORIENTED_EDGE('',*,*,#2680,.F.);
#3718=ORIENTED_EDGE('',*,*,#2670,.F.);
#3719=ORIENTED_EDGE('',*,*,#2681,.F.);
#3720=ORIENTED_EDGE('',*,*,#2563,.T.);
#3721=ORIENTED_EDGE('',*,*,#2682,.F.);
#3722=ORIENTED_EDGE('',*,*,#2673,.F.);
#3723=ORIENTED_EDGE('',*,*,#2683,.F.);
#3724=ORIENTED_EDGE('',*,*,#2565,.T.);
#3725=ORIENTED_EDGE('',*,*,#2684,.F.);
#3726=ORIENTED_EDGE('',*,*,#2676,.F.);
#3727=ORIENTED_EDGE('',*,*,#2685,.F.);
#3728=ORIENTED_EDGE('',*,*,#2569,.T.);
#3729=ORIENTED_EDGE('',*,*,#2686,.F.);
#3730=ORIENTED_EDGE('',*,*,#2679,.F.);
#3731=ORIENTED_EDGE('',*,*,#2687,.F.);
#3732=ORIENTED_EDGE('',*,*,#2573,.T.);
#3733=ORIENTED_EDGE('',*,*,#2688,.F.);
#3734=ORIENTED_EDGE('',*,*,#2689,.F.);
#3735=ORIENTED_EDGE('',*,*,#2690,.T.);
#3736=ORIENTED_EDGE('',*,*,#2691,.T.);
#3737=ORIENTED_EDGE('',*,*,#2692,.F.);
#3738=ORIENTED_EDGE('',*,*,#2693,.F.);
#3739=ORIENTED_EDGE('',*,*,#2694,.F.);
#3740=ORIENTED_EDGE('',*,*,#2567,.F.);
#3741=ORIENTED_EDGE('',*,*,#2695,.F.);
#3742=ORIENTED_EDGE('',*,*,#2696,.F.);
#3743=ORIENTED_EDGE('',*,*,#2697,.F.);
#3744=ORIENTED_EDGE('',*,*,#2571,.F.);
#3745=ORIENTED_EDGE('',*,*,#2698,.F.);
#3746=ORIENTED_EDGE('',*,*,#2699,.F.);
#3747=ORIENTED_EDGE('',*,*,#2700,.F.);
#3748=ORIENTED_EDGE('',*,*,#2575,.F.);
#3749=ORIENTED_EDGE('',*,*,#2701,.F.);
#3750=ORIENTED_EDGE('',*,*,#2702,.F.);
#3751=ORIENTED_EDGE('',*,*,#2703,.F.);
#3752=ORIENTED_EDGE('',*,*,#2691,.F.);
#3753=ORIENTED_EDGE('',*,*,#2704,.T.);
#3754=ORIENTED_EDGE('',*,*,#2705,.T.);
#3755=ORIENTED_EDGE('',*,*,#2706,.F.);
#3756=ORIENTED_EDGE('',*,*,#2561,.F.);
#3757=ORIENTED_EDGE('',*,*,#2707,.F.);
#3758=ORIENTED_EDGE('',*,*,#2579,.T.);
#3759=ORIENTED_EDGE('',*,*,#2708,.F.);
#3760=ORIENTED_EDGE('',*,*,#2705,.F.);
#3761=ORIENTED_EDGE('',*,*,#2709,.T.);
#3762=ORIENTED_EDGE('',*,*,#2710,.T.);
#3763=ORIENTED_EDGE('',*,*,#2711,.F.);
#3764=ORIENTED_EDGE('',*,*,#2712,.F.);
#3765=ORIENTED_EDGE('',*,*,#2713,.F.);
#3766=ORIENTED_EDGE('',*,*,#2589,.T.);
#3767=ORIENTED_EDGE('',*,*,#2714,.F.);
#3768=ORIENTED_EDGE('',*,*,#2715,.F.);
#3769=ORIENTED_EDGE('',*,*,#2716,.F.);
#3770=ORIENTED_EDGE('',*,*,#2585,.T.);
#3771=ORIENTED_EDGE('',*,*,#2717,.F.);
#3772=ORIENTED_EDGE('',*,*,#2718,.F.);
#3773=ORIENTED_EDGE('',*,*,#2719,.F.);
#3774=ORIENTED_EDGE('',*,*,#2581,.T.);
#3775=ORIENTED_EDGE('',*,*,#2720,.F.);
#3776=ORIENTED_EDGE('',*,*,#2721,.F.);
#3777=ORIENTED_EDGE('',*,*,#2722,.F.);
#3778=ORIENTED_EDGE('',*,*,#2710,.F.);
#3779=ORIENTED_EDGE('',*,*,#2723,.T.);
#3780=ORIENTED_EDGE('',*,*,#2724,.T.);
#3781=ORIENTED_EDGE('',*,*,#2725,.F.);
#3782=ORIENTED_EDGE('',*,*,#2724,.F.);
#3783=ORIENTED_EDGE('',*,*,#2726,.F.);
#3784=ORIENTED_EDGE('',*,*,#2727,.T.);
#3785=ORIENTED_EDGE('',*,*,#2728,.F.);
#3786=ORIENTED_EDGE('',*,*,#2727,.F.);
#3787=ORIENTED_EDGE('',*,*,#2729,.T.);
#3788=ORIENTED_EDGE('',*,*,#2730,.T.);
#3789=ORIENTED_EDGE('',*,*,#2731,.F.);
#3790=ORIENTED_EDGE('',*,*,#2730,.F.);
#3791=ORIENTED_EDGE('',*,*,#2732,.F.);
#3792=ORIENTED_EDGE('',*,*,#2733,.T.);
#3793=ORIENTED_EDGE('',*,*,#2734,.F.);
#3794=ORIENTED_EDGE('',*,*,#2733,.F.);
#3795=ORIENTED_EDGE('',*,*,#2735,.T.);
#3796=ORIENTED_EDGE('',*,*,#2736,.T.);
#3797=ORIENTED_EDGE('',*,*,#2737,.T.);
#3798=ORIENTED_EDGE('',*,*,#2738,.T.);
#3799=ORIENTED_EDGE('',*,*,#2702,.T.);
#3800=ORIENTED_EDGE('',*,*,#2739,.F.);
#3801=ORIENTED_EDGE('',*,*,#2653,.T.);
#3802=ORIENTED_EDGE('',*,*,#2740,.T.);
#3803=ORIENTED_EDGE('',*,*,#2699,.T.);
#3804=ORIENTED_EDGE('',*,*,#2741,.F.);
#3805=ORIENTED_EDGE('',*,*,#2649,.T.);
#3806=ORIENTED_EDGE('',*,*,#2742,.T.);
#3807=ORIENTED_EDGE('',*,*,#2696,.T.);
#3808=ORIENTED_EDGE('',*,*,#2743,.F.);
#3809=ORIENTED_EDGE('',*,*,#2645,.T.);
#3810=ORIENTED_EDGE('',*,*,#2744,.T.);
#3811=ORIENTED_EDGE('',*,*,#2693,.T.);
#3812=ORIENTED_EDGE('',*,*,#2745,.F.);
#3813=ORIENTED_EDGE('',*,*,#2643,.T.);
#3814=ORIENTED_EDGE('',*,*,#2746,.F.);
#3815=ORIENTED_EDGE('',*,*,#2629,.F.);
#3816=ORIENTED_EDGE('',*,*,#2747,.F.);
#3817=ORIENTED_EDGE('',*,*,#2721,.T.);
#3818=ORIENTED_EDGE('',*,*,#2748,.T.);
#3819=ORIENTED_EDGE('',*,*,#2633,.F.);
#3820=ORIENTED_EDGE('',*,*,#2749,.F.);
#3821=ORIENTED_EDGE('',*,*,#2718,.T.);
#3822=ORIENTED_EDGE('',*,*,#2750,.T.);
#3823=ORIENTED_EDGE('',*,*,#2636,.F.);
#3824=ORIENTED_EDGE('',*,*,#2751,.F.);
#3825=ORIENTED_EDGE('',*,*,#2715,.T.);
#3826=ORIENTED_EDGE('',*,*,#2752,.T.);
#3827=ORIENTED_EDGE('',*,*,#2639,.F.);
#3828=ORIENTED_EDGE('',*,*,#2753,.F.);
#3829=ORIENTED_EDGE('',*,*,#2712,.T.);
#3830=ORIENTED_EDGE('',*,*,#2754,.T.);
#3831=ORIENTED_EDGE('',*,*,#2736,.F.);
#3832=ORIENTED_EDGE('',*,*,#2755,.T.);
#3833=ORIENTED_EDGE('',*,*,#2756,.F.);
#3834=ORIENTED_EDGE('',*,*,#2737,.F.);
#3835=ORIENTED_EDGE('',*,*,#2757,.T.);
#3836=ORIENTED_EDGE('',*,*,#2758,.T.);
#3837=ORIENTED_EDGE('',*,*,#2759,.F.);
#3838=ORIENTED_EDGE('',*,*,#2758,.F.);
#3839=ORIENTED_EDGE('',*,*,#2760,.F.);
#3840=ORIENTED_EDGE('',*,*,#2761,.T.);
#3841=ORIENTED_EDGE('',*,*,#2762,.F.);
#3842=ORIENTED_EDGE('',*,*,#2761,.F.);
#3843=ORIENTED_EDGE('',*,*,#2763,.T.);
#3844=ORIENTED_EDGE('',*,*,#2764,.T.);
#3845=ORIENTED_EDGE('',*,*,#2765,.F.);
#3846=ORIENTED_EDGE('',*,*,#2764,.F.);
#3847=ORIENTED_EDGE('',*,*,#2766,.F.);
#3848=ORIENTED_EDGE('',*,*,#2689,.T.);
#3849=ORIENTED_EDGE('',*,*,#2755,.F.);
#3850=ORIENTED_EDGE('',*,*,#2735,.F.);
#3851=ORIENTED_EDGE('',*,*,#2767,.F.);
#3852=ORIENTED_EDGE('',*,*,#2723,.F.);
#3853=ORIENTED_EDGE('',*,*,#2709,.F.);
#3854=ORIENTED_EDGE('',*,*,#2704,.F.);
#3855=ORIENTED_EDGE('',*,*,#2690,.F.);
#3856=ORIENTED_EDGE('',*,*,#2768,.F.);
#3857=ORIENTED_EDGE('',*,*,#2757,.F.);
#3858=ORIENTED_EDGE('',*,*,#2708,.T.);
#3859=ORIENTED_EDGE('',*,*,#2578,.T.);
#3860=ORIENTED_EDGE('',*,*,#2769,.T.);
#3861=ORIENTED_EDGE('',*,*,#2630,.T.);
#3862=ORIENTED_EDGE('',*,*,#2746,.T.);
#3863=ORIENTED_EDGE('',*,*,#2642,.T.);
#3864=ORIENTED_EDGE('',*,*,#2770,.T.);
#3865=ORIENTED_EDGE('',*,*,#2562,.T.);
#3866=ORIENTED_EDGE('',*,*,#2706,.T.);
#3867=ORIENTED_EDGE('',*,*,#2656,.T.);
#3868=ORIENTED_EDGE('',*,*,#2668,.T.);
#3869=ORIENTED_EDGE('',*,*,#2680,.T.);
#3870=ORIENTED_EDGE('',*,*,#2770,.F.);
#3871=ORIENTED_EDGE('',*,*,#2592,.T.);
#3872=ORIENTED_EDGE('',*,*,#2604,.T.);
#3873=ORIENTED_EDGE('',*,*,#2616,.T.);
#3874=ORIENTED_EDGE('',*,*,#2769,.F.);
#3875=ORIENTED_EDGE('',*,*,#2760,.T.);
#3876=ORIENTED_EDGE('',*,*,#2768,.T.);
#3877=ORIENTED_EDGE('',*,*,#2766,.T.);
#3878=ORIENTED_EDGE('',*,*,#2763,.F.);
#3879=ORIENTED_EDGE('',*,*,#2726,.T.);
#3880=ORIENTED_EDGE('',*,*,#2767,.T.);
#3881=ORIENTED_EDGE('',*,*,#2732,.T.);
#3882=ORIENTED_EDGE('',*,*,#2729,.F.);
#3883=ORIENTED_EDGE('',*,*,#2666,.T.);
#3884=ORIENTED_EDGE('',*,*,#2771,.T.);
#3885=ORIENTED_EDGE('',*,*,#2687,.T.);
#3886=ORIENTED_EDGE('',*,*,#2678,.F.);
#3887=ORIENTED_EDGE('',*,*,#2759,.T.);
#3888=ORIENTED_EDGE('',*,*,#2762,.T.);
#3889=ORIENTED_EDGE('',*,*,#2765,.T.);
#3890=ORIENTED_EDGE('',*,*,#2772,.F.);
#3891=ORIENTED_EDGE('',*,*,#2688,.T.);
#3892=ORIENTED_EDGE('',*,*,#2703,.T.);
#3893=ORIENTED_EDGE('',*,*,#2738,.F.);
#3894=ORIENTED_EDGE('',*,*,#2756,.T.);
#3895=ORIENTED_EDGE('',*,*,#2772,.T.);
#3896=ORIENTED_EDGE('',*,*,#2574,.T.);
#3897=ORIENTED_EDGE('',*,*,#2771,.F.);
#3898=ORIENTED_EDGE('',*,*,#2654,.T.);
#3899=ORIENTED_EDGE('',*,*,#2739,.T.);
#3900=ORIENTED_EDGE('',*,*,#2701,.T.);
#3901=ORIENTED_EDGE('',*,*,#2663,.T.);
#3902=ORIENTED_EDGE('',*,*,#2773,.T.);
#3903=ORIENTED_EDGE('',*,*,#2685,.T.);
#3904=ORIENTED_EDGE('',*,*,#2675,.F.);
#3905=ORIENTED_EDGE('',*,*,#2665,.T.);
#3906=ORIENTED_EDGE('',*,*,#2677,.T.);
#3907=ORIENTED_EDGE('',*,*,#2686,.T.);
#3908=ORIENTED_EDGE('',*,*,#2774,.F.);
#3909=ORIENTED_EDGE('',*,*,#2572,.T.);
#3910=ORIENTED_EDGE('',*,*,#2700,.T.);
#3911=ORIENTED_EDGE('',*,*,#2740,.F.);
#3912=ORIENTED_EDGE('',*,*,#2652,.T.);
#3913=ORIENTED_EDGE('',*,*,#2774,.T.);
#3914=ORIENTED_EDGE('',*,*,#2570,.T.);
#3915=ORIENTED_EDGE('',*,*,#2773,.F.);
#3916=ORIENTED_EDGE('',*,*,#2650,.T.);
#3917=ORIENTED_EDGE('',*,*,#2741,.T.);
#3918=ORIENTED_EDGE('',*,*,#2698,.T.);
#3919=ORIENTED_EDGE('',*,*,#2660,.T.);
#3920=ORIENTED_EDGE('',*,*,#2775,.T.);
#3921=ORIENTED_EDGE('',*,*,#2683,.T.);
#3922=ORIENTED_EDGE('',*,*,#2672,.F.);
#3923=ORIENTED_EDGE('',*,*,#2662,.T.);
#3924=ORIENTED_EDGE('',*,*,#2674,.T.);
#3925=ORIENTED_EDGE('',*,*,#2684,.T.);
#3926=ORIENTED_EDGE('',*,*,#2776,.F.);
#3927=ORIENTED_EDGE('',*,*,#2568,.T.);
#3928=ORIENTED_EDGE('',*,*,#2697,.T.);
#3929=ORIENTED_EDGE('',*,*,#2742,.F.);
#3930=ORIENTED_EDGE('',*,*,#2648,.T.);
#3931=ORIENTED_EDGE('',*,*,#2776,.T.);
#3932=ORIENTED_EDGE('',*,*,#2566,.T.);
#3933=ORIENTED_EDGE('',*,*,#2775,.F.);
#3934=ORIENTED_EDGE('',*,*,#2646,.T.);
#3935=ORIENTED_EDGE('',*,*,#2743,.T.);
#3936=ORIENTED_EDGE('',*,*,#2695,.T.);
#3937=ORIENTED_EDGE('',*,*,#2657,.T.);
#3938=ORIENTED_EDGE('',*,*,#2777,.T.);
#3939=ORIENTED_EDGE('',*,*,#2681,.T.);
#3940=ORIENTED_EDGE('',*,*,#2669,.F.);
#3941=ORIENTED_EDGE('',*,*,#2659,.T.);
#3942=ORIENTED_EDGE('',*,*,#2671,.T.);
#3943=ORIENTED_EDGE('',*,*,#2682,.T.);
#3944=ORIENTED_EDGE('',*,*,#2778,.F.);
#3945=ORIENTED_EDGE('',*,*,#2564,.T.);
#3946=ORIENTED_EDGE('',*,*,#2694,.T.);
#3947=ORIENTED_EDGE('',*,*,#2744,.F.);
#3948=ORIENTED_EDGE('',*,*,#2644,.T.);
#3949=ORIENTED_EDGE('',*,*,#2778,.T.);
#3950=ORIENTED_EDGE('',*,*,#2560,.T.);
#3951=ORIENTED_EDGE('',*,*,#2777,.F.);
#3952=ORIENTED_EDGE('',*,*,#2640,.T.);
#3953=ORIENTED_EDGE('',*,*,#2745,.T.);
#3954=ORIENTED_EDGE('',*,*,#2692,.T.);
#3955=ORIENTED_EDGE('',*,*,#2711,.T.);
#3956=ORIENTED_EDGE('',*,*,#2722,.T.);
#3957=ORIENTED_EDGE('',*,*,#2779,.T.);
#3958=ORIENTED_EDGE('',*,*,#2734,.T.);
#3959=ORIENTED_EDGE('',*,*,#2754,.F.);
#3960=ORIENTED_EDGE('',*,*,#2713,.T.);
#3961=ORIENTED_EDGE('',*,*,#2753,.T.);
#3962=ORIENTED_EDGE('',*,*,#2638,.T.);
#3963=ORIENTED_EDGE('',*,*,#2780,.F.);
#3964=ORIENTED_EDGE('',*,*,#2590,.T.);
#3965=ORIENTED_EDGE('',*,*,#2725,.T.);
#3966=ORIENTED_EDGE('',*,*,#2728,.T.);
#3967=ORIENTED_EDGE('',*,*,#2731,.T.);
#3968=ORIENTED_EDGE('',*,*,#2779,.F.);
#3969=ORIENTED_EDGE('',*,*,#2602,.T.);
#3970=ORIENTED_EDGE('',*,*,#2780,.T.);
#3971=ORIENTED_EDGE('',*,*,#2626,.T.);
#3972=ORIENTED_EDGE('',*,*,#2614,.F.);
#3973=ORIENTED_EDGE('',*,*,#2714,.T.);
#3974=ORIENTED_EDGE('',*,*,#2588,.T.);
#3975=ORIENTED_EDGE('',*,*,#2781,.T.);
#3976=ORIENTED_EDGE('',*,*,#2637,.T.);
#3977=ORIENTED_EDGE('',*,*,#2752,.F.);
#3978=ORIENTED_EDGE('',*,*,#2716,.T.);
#3979=ORIENTED_EDGE('',*,*,#2751,.T.);
#3980=ORIENTED_EDGE('',*,*,#2635,.T.);
#3981=ORIENTED_EDGE('',*,*,#2782,.F.);
#3982=ORIENTED_EDGE('',*,*,#2586,.T.);
#3983=ORIENTED_EDGE('',*,*,#2601,.T.);
#3984=ORIENTED_EDGE('',*,*,#2613,.T.);
#3985=ORIENTED_EDGE('',*,*,#2625,.T.);
#3986=ORIENTED_EDGE('',*,*,#2781,.F.);
#3987=ORIENTED_EDGE('',*,*,#2599,.T.);
#3988=ORIENTED_EDGE('',*,*,#2782,.T.);
#3989=ORIENTED_EDGE('',*,*,#2623,.T.);
#3990=ORIENTED_EDGE('',*,*,#2611,.F.);
#3991=ORIENTED_EDGE('',*,*,#2717,.T.);
#3992=ORIENTED_EDGE('',*,*,#2584,.T.);
#3993=ORIENTED_EDGE('',*,*,#2783,.T.);
#3994=ORIENTED_EDGE('',*,*,#2634,.T.);
#3995=ORIENTED_EDGE('',*,*,#2750,.F.);
#3996=ORIENTED_EDGE('',*,*,#2719,.T.);
#3997=ORIENTED_EDGE('',*,*,#2749,.T.);
#3998=ORIENTED_EDGE('',*,*,#2632,.T.);
#3999=ORIENTED_EDGE('',*,*,#2784,.F.);
#4000=ORIENTED_EDGE('',*,*,#2582,.T.);
#4001=ORIENTED_EDGE('',*,*,#2598,.T.);
#4002=ORIENTED_EDGE('',*,*,#2610,.T.);
#4003=ORIENTED_EDGE('',*,*,#2622,.T.);
#4004=ORIENTED_EDGE('',*,*,#2783,.F.);
#4005=ORIENTED_EDGE('',*,*,#2596,.T.);
#4006=ORIENTED_EDGE('',*,*,#2784,.T.);
#4007=ORIENTED_EDGE('',*,*,#2620,.T.);
#4008=ORIENTED_EDGE('',*,*,#2608,.F.);
#4009=ORIENTED_EDGE('',*,*,#2707,.T.);
#4010=ORIENTED_EDGE('',*,*,#2747,.T.);
#4011=ORIENTED_EDGE('',*,*,#2628,.T.);
#4012=ORIENTED_EDGE('',*,*,#2785,.F.);
#4013=ORIENTED_EDGE('',*,*,#2576,.T.);
#4014=ORIENTED_EDGE('',*,*,#2720,.T.);
#4015=ORIENTED_EDGE('',*,*,#2580,.T.);
#4016=ORIENTED_EDGE('',*,*,#2786,.T.);
#4017=ORIENTED_EDGE('',*,*,#2631,.T.);
#4018=ORIENTED_EDGE('',*,*,#2748,.F.);
#4019=ORIENTED_EDGE('',*,*,#2593,.T.);
#4020=ORIENTED_EDGE('',*,*,#2785,.T.);
#4021=ORIENTED_EDGE('',*,*,#2617,.T.);
#4022=ORIENTED_EDGE('',*,*,#2605,.F.);
#4023=ORIENTED_EDGE('',*,*,#2595,.T.);
#4024=ORIENTED_EDGE('',*,*,#2607,.T.);
#4025=ORIENTED_EDGE('',*,*,#2619,.T.);
#4026=ORIENTED_EDGE('',*,*,#2786,.F.);
#4027=PLANE('',#4531);
#4028=PLANE('',#4532);
#4029=PLANE('',#4533);
#4030=PLANE('',#4534);
#4031=PLANE('',#4535);
#4032=PLANE('',#4536);
#4033=PLANE('',#4537);
#4034=PLANE('',#4538);
#4035=PLANE('',#4539);
#4036=PLANE('',#4540);
#4037=PLANE('',#4541);
#4038=PLANE('',#4542);
#4039=PLANE('',#4543);
#4040=PLANE('',#4544);
#4041=PLANE('',#4545);
#4042=PLANE('',#4546);
#4043=PLANE('',#4547);
#4044=PLANE('',#4548);
#4045=PLANE('',#4549);
#4046=PLANE('',#4550);
#4047=PLANE('',#4551);
#4048=PLANE('',#4552);
#4049=PLANE('',#4553);
#4050=PLANE('',#4554);
#4051=PLANE('',#4555);
#4052=PLANE('',#4556);
#4053=PLANE('',#4557);
#4054=PLANE('',#4558);
#4055=PLANE('',#4559);
#4056=PLANE('',#4560);
#4057=PLANE('',#4561);
#4058=PLANE('',#4562);
#4059=PLANE('',#4563);
#4060=PLANE('',#4564);
#4061=PLANE('',#4565);
#4062=PLANE('',#4566);
#4063=PLANE('',#4567);
#4064=PLANE('',#4568);
#4065=PLANE('',#4569);
#4066=PLANE('',#4570);
#4067=PLANE('',#4571);
#4068=PLANE('',#4572);
#4069=PLANE('',#4573);
#4070=PLANE('',#4574);
#4071=PLANE('',#4575);
#4072=PLANE('',#4576);
#4073=PLANE('',#4577);
#4074=PLANE('',#4578);
#4075=PLANE('',#4579);
#4076=PLANE('',#4580);
#4077=PLANE('',#4581);
#4078=PLANE('',#4582);
#4079=PLANE('',#4583);
#4080=PLANE('',#4584);
#4081=PLANE('',#4585);
#4082=PLANE('',#4586);
#4083=PLANE('',#4587);
#4084=PLANE('',#4588);
#4085=PLANE('',#4589);
#4086=PLANE('',#4590);
#4087=PLANE('',#4591);
#4088=PLANE('',#4592);
#4089=PLANE('',#4593);
#4090=PLANE('',#4594);
#4091=PLANE('',#4595);
#4092=PLANE('',#4596);
#4093=PLANE('',#4597);
#4094=PLANE('',#4598);
#4095=PLANE('',#4599);
#4096=PLANE('',#4600);
#4097=PLANE('',#4601);
#4098=PLANE('',#4602);
#4099=PLANE('',#4603);
#4100=PLANE('',#4604);
#4101=PLANE('',#4605);
#4102=PLANE('',#4606);
#4103=PLANE('',#4607);
#4104=PLANE('',#4608);
#4105=PLANE('',#4609);
#4106=PLANE('',#4610);
#4107=PLANE('',#4611);
#4108=PLANE('',#4612);
#4109=PLANE('',#4613);
#4110=PLANE('',#4614);
#4111=PLANE('',#4615);
#4112=PLANE('',#4616);
#4113=PLANE('',#4617);
#4114=PLANE('',#4618);
#4115=PLANE('',#4619);
#4116=PLANE('',#4620);
#4117=PLANE('',#4622);
#4118=PLANE('',#4623);
#4119=PLANE('',#4624);
#4120=PLANE('',#4625);
#4121=PLANE('',#4626);
#4122=PLANE('',#4627);
#4123=PLANE('',#4628);
#4124=PLANE('',#4629);
#4125=PLANE('',#4630);
#4126=PLANE('',#4631);
#4127=PLANE('',#4632);
#4128=PLANE('',#4633);
#4129=PLANE('',#4634);
#4130=PLANE('',#4635);
#4131=PLANE('',#4636);
#4132=PLANE('',#4637);
#4133=PLANE('',#4638);
#4134=PLANE('',#4639);
#4135=PLANE('',#4640);
#4136=PLANE('',#4641);
#4137=PLANE('',#4642);
#4138=PLANE('',#4643);
#4139=PLANE('',#4644);
#4140=PLANE('',#4645);
#4141=PLANE('',#4646);
#4142=PLANE('',#4647);
#4143=PLANE('',#4648);
#4144=PLANE('',#4649);
#4145=PLANE('',#4650);
#4146=PLANE('',#4651);
#4147=PLANE('',#4652);
#4148=PLANE('',#4653);
#4149=PLANE('',#4654);
#4150=PLANE('',#4655);
#4151=PLANE('',#4656);
#4152=PLANE('',#4657);
#4153=PLANE('',#4658);
#4154=PLANE('',#4659);
#4155=PLANE('',#4660);
#4156=PLANE('',#4661);
#4157=PLANE('',#4662);
#4158=PLANE('',#4663);
#4159=PLANE('',#4664);
#4160=PLANE('',#4665);
#4161=PLANE('',#4666);
#4162=PLANE('',#4667);
#4163=PLANE('',#4668);
#4164=PLANE('',#4669);
#4165=PLANE('',#4670);
#4166=PLANE('',#4671);
#4167=PLANE('',#4672);
#4168=PLANE('',#4674);
#4169=PLANE('',#4675);
#4170=PLANE('',#4676);
#4171=PLANE('',#4677);
#4172=PLANE('',#4678);
#4173=PLANE('',#4679);
#4174=PLANE('',#4680);
#4175=PLANE('',#4681);
#4176=PLANE('',#4682);
#4177=PLANE('',#4683);
#4178=PLANE('',#4684);
#4179=PLANE('',#4685);
#4180=PLANE('',#4686);
#4181=PLANE('',#4687);
#4182=PLANE('',#4688);
#4183=PLANE('',#4689);
#4184=PLANE('',#4690);
#4185=PLANE('',#4691);
#4186=PLANE('',#4692);
#4187=PLANE('',#4693);
#4188=PLANE('',#4694);
#4189=PLANE('',#4695);
#4190=PLANE('',#4696);
#4191=PLANE('',#4697);
#4192=PLANE('',#4698);
#4193=PLANE('',#4699);
#4194=PLANE('',#4700);
#4195=PLANE('',#4701);
#4196=PLANE('',#4702);
#4197=PLANE('',#4703);
#4198=PLANE('',#4704);
#4199=PLANE('',#4705);
#4200=PLANE('',#4706);
#4201=PLANE('',#4707);
#4202=PLANE('',#4708);
#4203=PLANE('',#4709);
#4204=PLANE('',#4710);
#4205=PLANE('',#4711);
#4206=PLANE('',#4712);
#4207=PLANE('',#4713);
#4208=PLANE('',#4714);
#4209=PLANE('',#4715);
#4210=PLANE('',#4716);
#4211=PLANE('',#4717);
#4212=PLANE('',#4718);
#4213=PLANE('',#4719);
#4214=PLANE('',#4720);
#4215=PLANE('',#4721);
#4216=PLANE('',#4722);
#4217=PLANE('',#4723);
#4218=PLANE('',#4724);
#4219=PLANE('',#4725);
#4220=PLANE('',#4726);
#4221=PLANE('',#4727);
#4222=PLANE('',#4728);
#4223=PLANE('',#4729);
#4224=PLANE('',#4730);
#4225=PLANE('',#4731);
#4226=PLANE('',#4732);
#4227=PLANE('',#4733);
#4228=PLANE('',#4734);
#4229=PLANE('',#4735);
#4230=PLANE('',#4736);
#4231=PLANE('',#4737);
#4232=PLANE('',#4738);
#4233=PLANE('',#4739);
#4234=PLANE('',#4740);
#4235=PLANE('',#4741);
#4236=PLANE('',#4742);
#4237=PLANE('',#4743);
#4238=PLANE('',#4744);
#4239=PLANE('',#4745);
#4240=PLANE('',#4746);
#4241=PLANE('',#4747);
#4242=PLANE('',#4748);
#4243=PLANE('',#4749);
#4244=PLANE('',#4750);
#4245=PLANE('',#4751);
#4246=PLANE('',#4752);
#4247=PLANE('',#4753);
#4248=PLANE('',#4754);
#4249=PLANE('',#4755);
#4250=PLANE('',#4756);
#4251=PLANE('',#4757);
#4252=PLANE('',#4758);
#4253=PLANE('',#4759);
#4254=PLANE('',#4760);
#4255=PLANE('',#4761);
#4256=PLANE('',#4762);
#4257=PLANE('',#4763);
#4258=PLANE('',#4764);
#4259=ADVANCED_FACE('',(#53),#4027,.T.);
#4260=ADVANCED_FACE('',(#54),#4028,.T.);
#4261=ADVANCED_FACE('',(#55),#4029,.T.);
#4262=ADVANCED_FACE('',(#56),#4030,.F.);
#4263=ADVANCED_FACE('',(#57),#4031,.F.);
#4264=ADVANCED_FACE('',(#58),#4032,.F.);
#4265=ADVANCED_FACE('',(#59),#4033,.F.);
#4266=ADVANCED_FACE('',(#60),#4034,.F.);
#4267=ADVANCED_FACE('',(#61),#4035,.F.);
#4268=ADVANCED_FACE('',(#62),#4036,.T.);
#4269=ADVANCED_FACE('',(#63),#4037,.T.);
#4270=ADVANCED_FACE('',(#64),#4038,.T.);
#4271=ADVANCED_FACE('',(#65),#4039,.T.);
#4272=ADVANCED_FACE('',(#66),#4040,.T.);
#4273=ADVANCED_FACE('',(#67),#4041,.T.);
#4274=ADVANCED_FACE('',(#68),#4042,.T.);
#4275=ADVANCED_FACE('',(#69),#4043,.T.);
#4276=ADVANCED_FACE('',(#70),#4044,.T.);
#4277=ADVANCED_FACE('',(#71),#4045,.T.);
#4278=ADVANCED_FACE('',(#72),#4046,.T.);
#4279=ADVANCED_FACE('',(#73),#4047,.T.);
#4280=ADVANCED_FACE('',(#74),#4048,.T.);
#4281=ADVANCED_FACE('',(#75),#4049,.T.);
#4282=ADVANCED_FACE('',(#76),#4050,.T.);
#4283=ADVANCED_FACE('',(#77),#4051,.T.);
#4284=ADVANCED_FACE('',(#78),#4052,.T.);
#4285=ADVANCED_FACE('',(#79),#4053,.T.);
#4286=ADVANCED_FACE('',(#80),#4054,.T.);
#4287=ADVANCED_FACE('',(#81),#4055,.T.);
#4288=ADVANCED_FACE('',(#82),#4056,.T.);
#4289=ADVANCED_FACE('',(#83),#4057,.T.);
#4290=ADVANCED_FACE('',(#84),#4058,.T.);
#4291=ADVANCED_FACE('',(#85),#4059,.T.);
#4292=ADVANCED_FACE('',(#86),#4060,.T.);
#4293=ADVANCED_FACE('',(#87),#4061,.T.);
#4294=ADVANCED_FACE('',(#88),#4062,.T.);
#4295=ADVANCED_FACE('',(#89),#4063,.T.);
#4296=ADVANCED_FACE('',(#90),#4064,.F.);
#4297=ADVANCED_FACE('',(#91),#4065,.F.);
#4298=ADVANCED_FACE('',(#92),#4066,.F.);
#4299=ADVANCED_FACE('',(#93),#4067,.F.);
#4300=ADVANCED_FACE('',(#94),#4068,.F.);
#4301=ADVANCED_FACE('',(#95),#4069,.T.);
#4302=ADVANCED_FACE('',(#96),#4070,.T.);
#4303=ADVANCED_FACE('',(#97),#4071,.T.);
#4304=ADVANCED_FACE('',(#98),#4072,.T.);
#4305=ADVANCED_FACE('',(#99),#4073,.T.);
#4306=ADVANCED_FACE('',(#100),#4074,.T.);
#4307=ADVANCED_FACE('',(#101),#4075,.T.);
#4308=ADVANCED_FACE('',(#102),#4076,.T.);
#4309=ADVANCED_FACE('',(#103),#4077,.T.);
#4310=ADVANCED_FACE('',(#104),#4078,.T.);
#4311=ADVANCED_FACE('',(#105),#4079,.T.);
#4312=ADVANCED_FACE('',(#106),#4080,.T.);
#4313=ADVANCED_FACE('',(#107),#4081,.F.);
#4314=ADVANCED_FACE('',(#108,#39,#40,#41,#42,#43,#44,#45,#46,#47,#48),#4082,
 .T.);
#4315=ADVANCED_FACE('',(#109,#49,#50,#51,#52),#4083,.F.);
#4316=ADVANCED_FACE('',(#110),#4084,.F.);
#4317=ADVANCED_FACE('',(#111),#4085,.F.);
#4318=ADVANCED_FACE('',(#112),#4086,.F.);
#4319=ADVANCED_FACE('',(#113),#4087,.F.);
#4320=ADVANCED_FACE('',(#114),#4088,.F.);
#4321=ADVANCED_FACE('',(#115),#4089,.F.);
#4322=ADVANCED_FACE('',(#116),#4090,.F.);
#4323=ADVANCED_FACE('',(#117),#4091,.T.);
#4324=ADVANCED_FACE('',(#118),#4092,.F.);
#4325=ADVANCED_FACE('',(#119),#4093,.T.);
#4326=ADVANCED_FACE('',(#120),#4094,.F.);
#4327=ADVANCED_FACE('',(#121),#4095,.F.);
#4328=ADVANCED_FACE('',(#122),#4096,.F.);
#4329=ADVANCED_FACE('',(#123),#4097,.F.);
#4330=ADVANCED_FACE('',(#124),#4098,.F.);
#4331=ADVANCED_FACE('',(#125),#4099,.F.);
#4332=ADVANCED_FACE('',(#126),#4100,.F.);
#4333=ADVANCED_FACE('',(#127),#4101,.T.);
#4334=ADVANCED_FACE('',(#128),#4102,.F.);
#4335=ADVANCED_FACE('',(#129),#4103,.T.);
#4336=ADVANCED_FACE('',(#130),#4104,.T.);
#4337=ADVANCED_FACE('',(#131),#4105,.T.);
#4338=ADVANCED_FACE('',(#132),#4106,.T.);
#4339=ADVANCED_FACE('',(#133),#4107,.T.);
#4340=ADVANCED_FACE('',(#134),#4108,.T.);
#4341=ADVANCED_FACE('',(#135),#4109,.T.);
#4342=ADVANCED_FACE('',(#136),#4110,.T.);
#4343=ADVANCED_FACE('',(#137),#4111,.F.);
#4344=ADVANCED_FACE('',(#138),#4112,.T.);
#4345=ADVANCED_FACE('',(#139),#4113,.T.);
#4346=ADVANCED_FACE('',(#140),#4114,.T.);
#4347=ADVANCED_FACE('',(#141),#4115,.T.);
#4348=ADVANCED_FACE('',(#142),#4116,.T.);
#4349=ADVANCED_FACE('',(#143),#4117,.T.);
#4350=ADVANCED_FACE('',(#144),#4118,.T.);
#4351=ADVANCED_FACE('',(#145),#4119,.T.);
#4352=ADVANCED_FACE('',(#146),#4120,.T.);
#4353=ADVANCED_FACE('',(#147),#4121,.T.);
#4354=ADVANCED_FACE('',(#148),#4122,.T.);
#4355=ADVANCED_FACE('',(#149),#4123,.T.);
#4356=ADVANCED_FACE('',(#150),#4124,.T.);
#4357=ADVANCED_FACE('',(#151),#4125,.T.);
#4358=ADVANCED_FACE('',(#152),#4126,.T.);
#4359=ADVANCED_FACE('',(#153),#4127,.T.);
#4360=ADVANCED_FACE('',(#154),#4128,.T.);
#4361=ADVANCED_FACE('',(#155),#4129,.T.);
#4362=ADVANCED_FACE('',(#156),#4130,.T.);
#4363=ADVANCED_FACE('',(#157),#4131,.T.);
#4364=ADVANCED_FACE('',(#158),#4132,.T.);
#4365=ADVANCED_FACE('',(#159),#4133,.T.);
#4366=ADVANCED_FACE('',(#160),#4134,.T.);
#4367=ADVANCED_FACE('',(#161),#4135,.T.);
#4368=ADVANCED_FACE('',(#162),#4136,.T.);
#4369=ADVANCED_FACE('',(#163),#4137,.T.);
#4370=ADVANCED_FACE('',(#164),#4138,.T.);
#4371=ADVANCED_FACE('',(#165),#4139,.T.);
#4372=ADVANCED_FACE('',(#166),#4140,.T.);
#4373=ADVANCED_FACE('',(#167),#4141,.T.);
#4374=ADVANCED_FACE('',(#168),#4142,.T.);
#4375=ADVANCED_FACE('',(#169),#4143,.T.);
#4376=ADVANCED_FACE('',(#170),#4144,.T.);
#4377=ADVANCED_FACE('',(#171),#4145,.T.);
#4378=ADVANCED_FACE('',(#172),#4146,.T.);
#4379=ADVANCED_FACE('',(#173),#4147,.T.);
#4380=ADVANCED_FACE('',(#174),#4148,.T.);
#4381=ADVANCED_FACE('',(#175),#4149,.T.);
#4382=ADVANCED_FACE('',(#176),#4150,.F.);
#4383=ADVANCED_FACE('',(#177),#4151,.T.);
#4384=ADVANCED_FACE('',(#178),#4152,.F.);
#4385=ADVANCED_FACE('',(#179),#4153,.F.);
#4386=ADVANCED_FACE('',(#180),#4154,.F.);
#4387=ADVANCED_FACE('',(#181),#4155,.F.);
#4388=ADVANCED_FACE('',(#182),#4156,.F.);
#4389=ADVANCED_FACE('',(#183),#4157,.F.);
#4390=ADVANCED_FACE('',(#184),#4158,.F.);
#4391=ADVANCED_FACE('',(#185),#4159,.F.);
#4392=ADVANCED_FACE('',(#186),#4160,.F.);
#4393=ADVANCED_FACE('',(#187),#4161,.F.);
#4394=ADVANCED_FACE('',(#188),#4162,.F.);
#4395=ADVANCED_FACE('',(#189),#4163,.F.);
#4396=ADVANCED_FACE('',(#190),#4164,.F.);
#4397=ADVANCED_FACE('',(#191),#4165,.F.);
#4398=ADVANCED_FACE('',(#192),#4166,.F.);
#4399=ADVANCED_FACE('',(#193),#4167,.F.);
#4400=ADVANCED_FACE('',(#194),#4168,.T.);
#4401=ADVANCED_FACE('',(#195),#4169,.T.);
#4402=ADVANCED_FACE('',(#196),#4170,.T.);
#4403=ADVANCED_FACE('',(#197),#4171,.T.);
#4404=ADVANCED_FACE('',(#198),#4172,.T.);
#4405=ADVANCED_FACE('',(#199),#4173,.T.);
#4406=ADVANCED_FACE('',(#200),#4174,.T.);
#4407=ADVANCED_FACE('',(#201),#4175,.T.);
#4408=ADVANCED_FACE('',(#202),#4176,.T.);
#4409=ADVANCED_FACE('',(#203),#4177,.T.);
#4410=ADVANCED_FACE('',(#204),#4178,.T.);
#4411=ADVANCED_FACE('',(#205),#4179,.T.);
#4412=ADVANCED_FACE('',(#206),#4180,.T.);
#4413=ADVANCED_FACE('',(#207),#4181,.T.);
#4414=ADVANCED_FACE('',(#208),#4182,.T.);
#4415=ADVANCED_FACE('',(#209),#4183,.T.);
#4416=ADVANCED_FACE('',(#210),#4184,.T.);
#4417=ADVANCED_FACE('',(#211),#4185,.T.);
#4418=ADVANCED_FACE('',(#212),#4186,.T.);
#4419=ADVANCED_FACE('',(#213),#4187,.T.);
#4420=ADVANCED_FACE('',(#214),#4188,.T.);
#4421=ADVANCED_FACE('',(#215),#4189,.T.);
#4422=ADVANCED_FACE('',(#216),#4190,.T.);
#4423=ADVANCED_FACE('',(#217),#4191,.T.);
#4424=ADVANCED_FACE('',(#218),#4192,.T.);
#4425=ADVANCED_FACE('',(#219),#4193,.T.);
#4426=ADVANCED_FACE('',(#220),#4194,.T.);
#4427=ADVANCED_FACE('',(#221),#4195,.T.);
#4428=ADVANCED_FACE('',(#222),#4196,.T.);
#4429=ADVANCED_FACE('',(#223),#4197,.T.);
#4430=ADVANCED_FACE('',(#224),#4198,.T.);
#4431=ADVANCED_FACE('',(#225),#4199,.T.);
#4432=ADVANCED_FACE('',(#226),#4200,.T.);
#4433=ADVANCED_FACE('',(#227),#4201,.T.);
#4434=ADVANCED_FACE('',(#228),#4202,.T.);
#4435=ADVANCED_FACE('',(#229),#4203,.T.);
#4436=ADVANCED_FACE('',(#230),#4204,.T.);
#4437=ADVANCED_FACE('',(#231),#4205,.T.);
#4438=ADVANCED_FACE('',(#232),#4206,.T.);
#4439=ADVANCED_FACE('',(#233),#4207,.T.);
#4440=ADVANCED_FACE('',(#234),#4208,.T.);
#4441=ADVANCED_FACE('',(#235),#4209,.T.);
#4442=ADVANCED_FACE('',(#236),#4210,.T.);
#4443=ADVANCED_FACE('',(#237),#4211,.T.);
#4444=ADVANCED_FACE('',(#238),#4212,.T.);
#4445=ADVANCED_FACE('',(#239),#4213,.T.);
#4446=ADVANCED_FACE('',(#240),#4214,.T.);
#4447=ADVANCED_FACE('',(#241),#4215,.T.);
#4448=ADVANCED_FACE('',(#242),#4216,.T.);
#4449=ADVANCED_FACE('',(#243),#4217,.T.);
#4450=ADVANCED_FACE('',(#244),#4218,.T.);
#4451=ADVANCED_FACE('',(#245),#4219,.T.);
#4452=ADVANCED_FACE('',(#246),#4220,.T.);
#4453=ADVANCED_FACE('',(#247),#4221,.T.);
#4454=ADVANCED_FACE('',(#248),#4222,.F.);
#4455=ADVANCED_FACE('',(#249),#4223,.F.);
#4456=ADVANCED_FACE('',(#250),#4224,.F.);
#4457=ADVANCED_FACE('',(#251),#4225,.F.);
#4458=ADVANCED_FACE('',(#252),#4226,.F.);
#4459=ADVANCED_FACE('',(#253),#4227,.F.);
#4460=ADVANCED_FACE('',(#254),#4228,.F.);
#4461=ADVANCED_FACE('',(#255),#4229,.F.);
#4462=ADVANCED_FACE('',(#256),#4230,.F.);
#4463=ADVANCED_FACE('',(#257),#4231,.F.);
#4464=ADVANCED_FACE('',(#258),#4232,.F.);
#4465=ADVANCED_FACE('',(#259),#4233,.F.);
#4466=ADVANCED_FACE('',(#260),#4234,.F.);
#4467=ADVANCED_FACE('',(#261),#4235,.F.);
#4468=ADVANCED_FACE('',(#262),#4236,.F.);
#4469=ADVANCED_FACE('',(#263),#4237,.F.);
#4470=ADVANCED_FACE('',(#264),#4238,.F.);
#4471=ADVANCED_FACE('',(#265),#4239,.F.);
#4472=ADVANCED_FACE('',(#266),#4240,.F.);
#4473=ADVANCED_FACE('',(#267),#4241,.F.);
#4474=ADVANCED_FACE('',(#268),#4242,.F.);
#4475=ADVANCED_FACE('',(#269),#4243,.F.);
#4476=ADVANCED_FACE('',(#270),#4244,.F.);
#4477=ADVANCED_FACE('',(#271),#4245,.F.);
#4478=ADVANCED_FACE('',(#272),#4246,.F.);
#4479=ADVANCED_FACE('',(#273),#4247,.F.);
#4480=ADVANCED_FACE('',(#274),#4248,.F.);
#4481=ADVANCED_FACE('',(#275),#4249,.F.);
#4482=ADVANCED_FACE('',(#276),#4250,.F.);
#4483=ADVANCED_FACE('',(#277),#4251,.F.);
#4484=ADVANCED_FACE('',(#278),#4252,.F.);
#4485=ADVANCED_FACE('',(#279),#4253,.F.);
#4486=ADVANCED_FACE('',(#280),#4254,.F.);
#4487=ADVANCED_FACE('',(#281),#4255,.F.);
#4488=ADVANCED_FACE('',(#282),#4256,.F.);
#4489=ADVANCED_FACE('',(#283),#4257,.F.);
#4490=ADVANCED_FACE('',(#284),#4258,.F.);
#4491=CLOSED_SHELL('',(#4259,#4260,#4261,#4262,#4263,#4264,#4265,#4266,
#4267,#4268,#4269,#4270,#4271,#4272,#4273,#4274,#4275,#4276,#4277,#4278,
#4279,#4280,#4281,#4282,#4283,#4284,#4285,#4286,#4287,#4288,#4289,#4290,
#4291,#4292,#4293,#4294,#4295,#4296,#4297,#4298,#4299,#4300,#4301,#4302,
#4303,#4304,#4305,#4306,#4307,#4308,#4309,#4310,#4311,#4312,#4313,#4314,
#4315,#4316,#4317,#4318,#4319,#4320,#4321,#4322,#4323,#4324,#4325,#4326,
#4327,#4328,#4329,#4330,#4331,#4332,#4333,#4334,#4335,#4336,#4337,#4338,
#4339,#4340,#4341,#4342,#4343,#4344,#4345,#4346,#4347,#4348));
#4492=CLOSED_SHELL('',(#4349,#4350,#4351,#4352,#4353,#4354,#4355,#4356,
#4357,#4358,#4359,#4360,#4361,#4362,#4363,#4364,#4365,#4366,#4367,#4368,
#4369,#4370,#4371,#4372,#4373,#4374,#4375,#4376,#4377,#4378,#4379,#4380,
#4381,#4382,#4383,#4384,#4385,#4386,#4387,#4388,#4389,#4390,#4391,#4392,
#4393,#4394,#4395,#4396,#4397,#4398,#4399));
#4493=CLOSED_SHELL('',(#4400,#4401,#4402,#4403,#4404,#4405,#4406,#4407,
#4408,#4409,#4410,#4411,#4412,#4413,#4414,#4415,#4416,#4417,#4418,#4419,
#4420,#4421,#4422,#4423,#4424,#4425,#4426,#4427,#4428,#4429,#4430,#4431,
#4432,#4433,#4434,#4435,#4436,#4437,#4438,#4439,#4440,#4441,#4442,#4443,
#4444,#4445,#4446,#4447,#4448,#4449,#4450,#4451,#4452,#4453,#4454,#4455,
#4456,#4457,#4458,#4459,#4460,#4461,#4462,#4463,#4464,#4465,#4466,#4467,
#4468,#4469,#4470,#4471,#4472,#4473,#4474,#4475,#4476,#4477,#4478,#4479,
#4480,#4481,#4482,#4483,#4484,#4485,#4486,#4487,#4488,#4489,#4490));
#4494=DERIVED_UNIT_ELEMENT(#4500,1.);
#4495=DERIVED_UNIT_ELEMENT(#7143,-3.);
#4496=DERIVED_UNIT_ELEMENT(#4500,1.);
#4497=DERIVED_UNIT_ELEMENT(#7143,-3.);
#4498=DERIVED_UNIT_ELEMENT(#4500,1.);
#4499=DERIVED_UNIT_ELEMENT(#7143,-3.);
#4500=(
MASS_UNIT()
NAMED_UNIT(*)
SI_UNIT(.KILO.,.GRAM.)
);
#4501=DERIVED_UNIT((#4494,#4495));
#4502=DERIVED_UNIT((#4496,#4497));
#4503=DERIVED_UNIT((#4498,#4499));
#4504=MEASURE_REPRESENTATION_ITEM('density measure',
POSITIVE_RATIO_MEASURE(7850.),#4501);
#4505=MEASURE_REPRESENTATION_ITEM('density measure',
POSITIVE_RATIO_MEASURE(7850.),#4502);
#4506=MEASURE_REPRESENTATION_ITEM('density measure',
POSITIVE_RATIO_MEASURE(7850.),#4503);
#4507=PROPERTY_DEFINITION_REPRESENTATION(#4522,#4513);
#4508=PROPERTY_DEFINITION_REPRESENTATION(#4523,#4514);
#4509=PROPERTY_DEFINITION_REPRESENTATION(#4524,#4515);
#4510=PROPERTY_DEFINITION_REPRESENTATION(#4525,#4516);
#4511=PROPERTY_DEFINITION_REPRESENTATION(#4526,#4517);
#4512=PROPERTY_DEFINITION_REPRESENTATION(#4527,#4518);
#4513=REPRESENTATION('material name',(#4519),#7136);
#4514=REPRESENTATION('density',(#4504),#7136);
#4515=REPRESENTATION('material name',(#4520),#7137);
#4516=REPRESENTATION('density',(#4505),#7137);
#4517=REPRESENTATION('material name',(#4521),#7138);
#4518=REPRESENTATION('density',(#4506),#7138);
#4519=DESCRIPTIVE_REPRESENTATION_ITEM('Steel','Steel');
#4520=DESCRIPTIVE_REPRESENTATION_ITEM('Steel','Steel');
#4521=DESCRIPTIVE_REPRESENTATION_ITEM('Steel','Steel');
#4522=PROPERTY_DEFINITION('material property','material name',#7169);
#4523=PROPERTY_DEFINITION('material property','density of part',#7169);
#4524=PROPERTY_DEFINITION('material property','material name',#7170);
#4525=PROPERTY_DEFINITION('material property','density of part',#7170);
#4526=PROPERTY_DEFINITION('material property','material name',#7171);
#4527=PROPERTY_DEFINITION('material property','density of part',#7171);
#4528=AXIS2_PLACEMENT_3D('',#5871,#4769,#4770);
#4529=AXIS2_PLACEMENT_3D('',#5872,#4771,#4772);
#4530=AXIS2_PLACEMENT_3D('',#5873,#4773,#4774);
#4531=AXIS2_PLACEMENT_3D('',#5874,#4775,#4776);
#4532=AXIS2_PLACEMENT_3D('',#5895,#4787,#4788);
#4533=AXIS2_PLACEMENT_3D('',#5906,#4794,#4795);
#4534=AXIS2_PLACEMENT_3D('',#5917,#4801,#4802);
#4535=AXIS2_PLACEMENT_3D('',#5920,#4805,#4806);
#4536=AXIS2_PLACEMENT_3D('',#5923,#4809,#4810);
#4537=AXIS2_PLACEMENT_3D('',#5932,#4815,#4816);
#4538=AXIS2_PLACEMENT_3D('',#5940,#4821,#4822);
#4539=AXIS2_PLACEMENT_3D('',#5949,#4827,#4828);
#4540=AXIS2_PLACEMENT_3D('',#5958,#4833,#4834);
#4541=AXIS2_PLACEMENT_3D('',#5967,#4839,#4840);
#4542=AXIS2_PLACEMENT_3D('',#5976,#4845,#4846);
#4543=AXIS2_PLACEMENT_3D('',#5985,#4851,#4852);
#4544=AXIS2_PLACEMENT_3D('',#5991,#4856,#4857);
#4545=AXIS2_PLACEMENT_3D('',#5997,#4861,#4862);
#4546=AXIS2_PLACEMENT_3D('',#6006,#4867,#4868);
#4547=AXIS2_PLACEMENT_3D('',#6012,#4872,#4873);
#4548=AXIS2_PLACEMENT_3D('',#6018,#4877,#4878);
#4549=AXIS2_PLACEMENT_3D('',#6027,#4883,#4884);
#4550=AXIS2_PLACEMENT_3D('',#6033,#4888,#4889);
#4551=AXIS2_PLACEMENT_3D('',#6039,#4893,#4894);
#4552=AXIS2_PLACEMENT_3D('',#6048,#4899,#4900);
#4553=AXIS2_PLACEMENT_3D('',#6054,#4904,#4905);
#4554=AXIS2_PLACEMENT_3D('',#6060,#4909,#4910);
#4555=AXIS2_PLACEMENT_3D('',#6069,#4915,#4916);
#4556=AXIS2_PLACEMENT_3D('',#6075,#4920,#4921);
#4557=AXIS2_PLACEMENT_3D('',#6081,#4925,#4926);
#4558=AXIS2_PLACEMENT_3D('',#6090,#4931,#4932);
#4559=AXIS2_PLACEMENT_3D('',#6096,#4936,#4937);
#4560=AXIS2_PLACEMENT_3D('',#6102,#4941,#4942);
#4561=AXIS2_PLACEMENT_3D('',#6111,#4947,#4948);
#4562=AXIS2_PLACEMENT_3D('',#6120,#4953,#4954);
#4563=AXIS2_PLACEMENT_3D('',#6123,#4957,#4958);
#4564=AXIS2_PLACEMENT_3D('',#6126,#4961,#4962);
#4565=AXIS2_PLACEMENT_3D('',#6129,#4965,#4966);
#4566=AXIS2_PLACEMENT_3D('',#6132,#4969,#4970);
#4567=AXIS2_PLACEMENT_3D('',#6135,#4973,#4974);
#4568=AXIS2_PLACEMENT_3D('',#6138,#4977,#4978);
#4569=AXIS2_PLACEMENT_3D('',#6147,#4983,#4984);
#4570=AXIS2_PLACEMENT_3D('',#6156,#4989,#4990);
#4571=AXIS2_PLACEMENT_3D('',#6169,#4999,#5000);
#4572=AXIS2_PLACEMENT_3D('',#6177,#5005,#5006);
#4573=AXIS2_PLACEMENT_3D('',#6193,#5016,#5017);
#4574=AXIS2_PLACEMENT_3D('',#6203,#5023,#5024);
#4575=AXIS2_PLACEMENT_3D('',#6209,#5028,#5029);
#4576=AXIS2_PLACEMENT_3D('',#6219,#5035,#5036);
#4577=AXIS2_PLACEMENT_3D('',#6225,#5040,#5041);
#4578=AXIS2_PLACEMENT_3D('',#6234,#5046,#5047);
#4579=AXIS2_PLACEMENT_3D('',#6241,#5052,#5053);
#4580=AXIS2_PLACEMENT_3D('',#6250,#5058,#5059);
#4581=AXIS2_PLACEMENT_3D('',#6257,#5064,#5065);
#4582=AXIS2_PLACEMENT_3D('',#6264,#5070,#5071);
#4583=AXIS2_PLACEMENT_3D('',#6271,#5076,#5077);
#4584=AXIS2_PLACEMENT_3D('',#6278,#5082,#5083);
#4585=AXIS2_PLACEMENT_3D('',#6285,#5088,#5089);
#4586=AXIS2_PLACEMENT_3D('',#6291,#5093,#5094);
#4587=AXIS2_PLACEMENT_3D('',#6295,#5098,#5099);
#4588=AXIS2_PLACEMENT_3D('',#6307,#5109,#5110);
#4589=AXIS2_PLACEMENT_3D('',#6310,#5113,#5114);
#4590=AXIS2_PLACEMENT_3D('',#6312,#5116,#5117);
#4591=AXIS2_PLACEMENT_3D('',#6314,#5119,#5120);
#4592=AXIS2_PLACEMENT_3D('',#6317,#5123,#5124);
#4593=AXIS2_PLACEMENT_3D('',#6319,#5126,#5127);
#4594=AXIS2_PLACEMENT_3D('',#6321,#5129,#5130);
#4595=AXIS2_PLACEMENT_3D('',#6323,#5132,#5133);
#4596=AXIS2_PLACEMENT_3D('',#6324,#5134,#5135);
#4597=AXIS2_PLACEMENT_3D('',#6326,#5137,#5138);
#4598=AXIS2_PLACEMENT_3D('',#6327,#5139,#5140);
#4599=AXIS2_PLACEMENT_3D('',#6328,#5141,#5142);
#4600=AXIS2_PLACEMENT_3D('',#6329,#5143,#5144);
#4601=AXIS2_PLACEMENT_3D('',#6330,#5145,#5146);
#4602=AXIS2_PLACEMENT_3D('',#6331,#5147,#5148);
#4603=AXIS2_PLACEMENT_3D('',#6332,#5149,#5150);
#4604=AXIS2_PLACEMENT_3D('',#6333,#5151,#5152);
#4605=AXIS2_PLACEMENT_3D('',#6335,#5154,#5155);
#4606=AXIS2_PLACEMENT_3D('',#6336,#5156,#5157);
#4607=AXIS2_PLACEMENT_3D('',#6338,#5159,#5160);
#4608=AXIS2_PLACEMENT_3D('',#6339,#5161,#5162);
#4609=AXIS2_PLACEMENT_3D('',#6341,#5164,#5165);
#4610=AXIS2_PLACEMENT_3D('',#6343,#5167,#5168);
#4611=AXIS2_PLACEMENT_3D('',#6350,#5173,#5174);
#4612=AXIS2_PLACEMENT_3D('',#6357,#5179,#5180);
#4613=AXIS2_PLACEMENT_3D('',#6359,#5182,#5183);
#4614=AXIS2_PLACEMENT_3D('',#6360,#5184,#5185);
#4615=AXIS2_PLACEMENT_3D('',#6362,#5187,#5188);
#4616=AXIS2_PLACEMENT_3D('',#6363,#5189,#5190);
#4617=AXIS2_PLACEMENT_3D('',#6364,#5191,#5192);
#4618=AXIS2_PLACEMENT_3D('',#6366,#5194,#5195);
#4619=AXIS2_PLACEMENT_3D('',#6367,#5196,#5197);
#4620=AXIS2_PLACEMENT_3D('',#6369,#5199,#5200);
#4621=AXIS2_PLACEMENT_3D('',#6370,#5201,#5202);
#4622=AXIS2_PLACEMENT_3D('',#6371,#5203,#5204);
#4623=AXIS2_PLACEMENT_3D('',#6380,#5209,#5210);
#4624=AXIS2_PLACEMENT_3D('',#6389,#5215,#5216);
#4625=AXIS2_PLACEMENT_3D('',#6398,#5221,#5222);
#4626=AXIS2_PLACEMENT_3D('',#6407,#5227,#5228);
#4627=AXIS2_PLACEMENT_3D('',#6413,#5232,#5233);
#4628=AXIS2_PLACEMENT_3D('',#6419,#5237,#5238);
#4629=AXIS2_PLACEMENT_3D('',#6425,#5242,#5243);
#4630=AXIS2_PLACEMENT_3D('',#6431,#5247,#5248);
#4631=AXIS2_PLACEMENT_3D('',#6437,#5252,#5253);
#4632=AXIS2_PLACEMENT_3D('',#6443,#5257,#5258);
#4633=AXIS2_PLACEMENT_3D('',#6449,#5262,#5263);
#4634=AXIS2_PLACEMENT_3D('',#6455,#5267,#5268);
#4635=AXIS2_PLACEMENT_3D('',#6464,#5273,#5274);
#4636=AXIS2_PLACEMENT_3D('',#6473,#5279,#5280);
#4637=AXIS2_PLACEMENT_3D('',#6482,#5285,#5286);
#4638=AXIS2_PLACEMENT_3D('',#6491,#5291,#5292);
#4639=AXIS2_PLACEMENT_3D('',#6497,#5296,#5297);
#4640=AXIS2_PLACEMENT_3D('',#6503,#5301,#5302);
#4641=AXIS2_PLACEMENT_3D('',#6509,#5306,#5307);
#4642=AXIS2_PLACEMENT_3D('',#6515,#5311,#5312);
#4643=AXIS2_PLACEMENT_3D('',#6521,#5316,#5317);
#4644=AXIS2_PLACEMENT_3D('',#6527,#5321,#5322);
#4645=AXIS2_PLACEMENT_3D('',#6533,#5326,#5327);
#4646=AXIS2_PLACEMENT_3D('',#6539,#5331,#5332);
#4647=AXIS2_PLACEMENT_3D('',#6548,#5337,#5338);
#4648=AXIS2_PLACEMENT_3D('',#6554,#5342,#5343);
#4649=AXIS2_PLACEMENT_3D('',#6560,#5347,#5348);
#4650=AXIS2_PLACEMENT_3D('',#6606,#5376,#5377);
#4651=AXIS2_PLACEMENT_3D('',#6612,#5381,#5382);
#4652=AXIS2_PLACEMENT_3D('',#6618,#5386,#5387);
#4653=AXIS2_PLACEMENT_3D('',#6624,#5391,#5392);
#4654=AXIS2_PLACEMENT_3D('',#6638,#5404,#5405);
#4655=AXIS2_PLACEMENT_3D('',#6649,#5416,#5417);
#4656=AXIS2_PLACEMENT_3D('',#6650,#5418,#5419);
#4657=AXIS2_PLACEMENT_3D('',#6651,#5420,#5421);
#4658=AXIS2_PLACEMENT_3D('',#6652,#5422,#5423);
#4659=AXIS2_PLACEMENT_3D('',#6653,#5424,#5425);
#4660=AXIS2_PLACEMENT_3D('',#6654,#5426,#5427);
#4661=AXIS2_PLACEMENT_3D('',#6655,#5428,#5429);
#4662=AXIS2_PLACEMENT_3D('',#6656,#5430,#5431);
#4663=AXIS2_PLACEMENT_3D('',#6657,#5432,#5433);
#4664=AXIS2_PLACEMENT_3D('',#6658,#5434,#5435);
#4665=AXIS2_PLACEMENT_3D('',#6659,#5436,#5437);
#4666=AXIS2_PLACEMENT_3D('',#6660,#5438,#5439);
#4667=AXIS2_PLACEMENT_3D('',#6661,#5440,#5441);
#4668=AXIS2_PLACEMENT_3D('',#6662,#5442,#5443);
#4669=AXIS2_PLACEMENT_3D('',#6663,#5444,#5445);
#4670=AXIS2_PLACEMENT_3D('',#6664,#5446,#5447);
#4671=AXIS2_PLACEMENT_3D('',#6665,#5448,#5449);
#4672=AXIS2_PLACEMENT_3D('',#6666,#5450,#5451);
#4673=AXIS2_PLACEMENT_3D('',#6667,#5452,#5453);
#4674=AXIS2_PLACEMENT_3D('',#6668,#5454,#5455);
#4675=AXIS2_PLACEMENT_3D('',#6677,#5460,#5461);
#4676=AXIS2_PLACEMENT_3D('',#6686,#5466,#5467);
#4677=AXIS2_PLACEMENT_3D('',#6695,#5472,#5473);
#4678=AXIS2_PLACEMENT_3D('',#6704,#5478,#5479);
#4679=AXIS2_PLACEMENT_3D('',#6713,#5484,#5485);
#4680=AXIS2_PLACEMENT_3D('',#6722,#5490,#5491);
#4681=AXIS2_PLACEMENT_3D('',#6731,#5496,#5497);
#4682=AXIS2_PLACEMENT_3D('',#6740,#5502,#5503);
#4683=AXIS2_PLACEMENT_3D('',#6746,#5507,#5508);
#4684=AXIS2_PLACEMENT_3D('',#6752,#5512,#5513);
#4685=AXIS2_PLACEMENT_3D('',#6758,#5517,#5518);
#4686=AXIS2_PLACEMENT_3D('',#6764,#5522,#5523);
#4687=AXIS2_PLACEMENT_3D('',#6770,#5527,#5528);
#4688=AXIS2_PLACEMENT_3D('',#6776,#5532,#5533);
#4689=AXIS2_PLACEMENT_3D('',#6782,#5537,#5538);
#4690=AXIS2_PLACEMENT_3D('',#6788,#5542,#5543);
#4691=AXIS2_PLACEMENT_3D('',#6794,#5547,#5548);
#4692=AXIS2_PLACEMENT_3D('',#6800,#5552,#5553);
#4693=AXIS2_PLACEMENT_3D('',#6806,#5557,#5558);
#4694=AXIS2_PLACEMENT_3D('',#6812,#5562,#5563);
#4695=AXIS2_PLACEMENT_3D('',#6818,#5567,#5568);
#4696=AXIS2_PLACEMENT_3D('',#6824,#5572,#5573);
#4697=AXIS2_PLACEMENT_3D('',#6830,#5577,#5578);
#4698=AXIS2_PLACEMENT_3D('',#6836,#5582,#5583);
#4699=AXIS2_PLACEMENT_3D('',#6845,#5588,#5589);
#4700=AXIS2_PLACEMENT_3D('',#6854,#5594,#5595);
#4701=AXIS2_PLACEMENT_3D('',#6863,#5600,#5601);
#4702=AXIS2_PLACEMENT_3D('',#6872,#5606,#5607);
#4703=AXIS2_PLACEMENT_3D('',#6878,#5611,#5612);
#4704=AXIS2_PLACEMENT_3D('',#6884,#5616,#5617);
#4705=AXIS2_PLACEMENT_3D('',#6890,#5621,#5622);
#4706=AXIS2_PLACEMENT_3D('',#6896,#5626,#5627);
#4707=AXIS2_PLACEMENT_3D('',#6902,#5631,#5632);
#4708=AXIS2_PLACEMENT_3D('',#6908,#5636,#5637);
#4709=AXIS2_PLACEMENT_3D('',#6914,#5641,#5642);
#4710=AXIS2_PLACEMENT_3D('',#6920,#5646,#5647);
#4711=AXIS2_PLACEMENT_3D('',#6923,#5650,#5651);
#4712=AXIS2_PLACEMENT_3D('',#6926,#5654,#5655);
#4713=AXIS2_PLACEMENT_3D('',#6929,#5658,#5659);
#4714=AXIS2_PLACEMENT_3D('',#6932,#5662,#5663);
#4715=AXIS2_PLACEMENT_3D('',#6941,#5668,#5669);
#4716=AXIS2_PLACEMENT_3D('',#6967,#5685,#5686);
#4717=AXIS2_PLACEMENT_3D('',#6993,#5702,#5703);
#4718=AXIS2_PLACEMENT_3D('',#6999,#5707,#5708);
#4719=AXIS2_PLACEMENT_3D('',#7005,#5712,#5713);
#4720=AXIS2_PLACEMENT_3D('',#7011,#5717,#5718);
#4721=AXIS2_PLACEMENT_3D('',#7017,#5722,#5723);
#4722=AXIS2_PLACEMENT_3D('',#7023,#5727,#5728);
#4723=AXIS2_PLACEMENT_3D('',#7045,#5748,#5749);
#4724=AXIS2_PLACEMENT_3D('',#7051,#5753,#5754);
#4725=AXIS2_PLACEMENT_3D('',#7057,#5758,#5759);
#4726=AXIS2_PLACEMENT_3D('',#7063,#5763,#5764);
#4727=AXIS2_PLACEMENT_3D('',#7066,#5767,#5768);
#4728=AXIS2_PLACEMENT_3D('',#7069,#5771,#5772);
#4729=AXIS2_PLACEMENT_3D('',#7072,#5775,#5776);
#4730=AXIS2_PLACEMENT_3D('',#7073,#5777,#5778);
#4731=AXIS2_PLACEMENT_3D('',#7074,#5779,#5780);
#4732=AXIS2_PLACEMENT_3D('',#7075,#5781,#5782);
#4733=AXIS2_PLACEMENT_3D('',#7076,#5783,#5784);
#4734=AXIS2_PLACEMENT_3D('',#7078,#5786,#5787);
#4735=AXIS2_PLACEMENT_3D('',#7080,#5789,#5790);
#4736=AXIS2_PLACEMENT_3D('',#7081,#5791,#5792);
#4737=AXIS2_PLACEMENT_3D('',#7082,#5793,#5794);
#4738=AXIS2_PLACEMENT_3D('',#7084,#5796,#5797);
#4739=AXIS2_PLACEMENT_3D('',#7086,#5799,#5800);
#4740=AXIS2_PLACEMENT_3D('',#7087,#5801,#5802);
#4741=AXIS2_PLACEMENT_3D('',#7088,#5803,#5804);
#4742=AXIS2_PLACEMENT_3D('',#7090,#5806,#5807);
#4743=AXIS2_PLACEMENT_3D('',#7092,#5809,#5810);
#4744=AXIS2_PLACEMENT_3D('',#7093,#5811,#5812);
#4745=AXIS2_PLACEMENT_3D('',#7094,#5813,#5814);
#4746=AXIS2_PLACEMENT_3D('',#7096,#5816,#5817);
#4747=AXIS2_PLACEMENT_3D('',#7098,#5819,#5820);
#4748=AXIS2_PLACEMENT_3D('',#7099,#5821,#5822);
#4749=AXIS2_PLACEMENT_3D('',#7100,#5823,#5824);
#4750=AXIS2_PLACEMENT_3D('',#7102,#5826,#5827);
#4751=AXIS2_PLACEMENT_3D('',#7104,#5829,#5830);
#4752=AXIS2_PLACEMENT_3D('',#7105,#5831,#5832);
#4753=AXIS2_PLACEMENT_3D('',#7106,#5833,#5834);
#4754=AXIS2_PLACEMENT_3D('',#7108,#5836,#5837);
#4755=AXIS2_PLACEMENT_3D('',#7110,#5839,#5840);
#4756=AXIS2_PLACEMENT_3D('',#7111,#5841,#5842);
#4757=AXIS2_PLACEMENT_3D('',#7112,#5843,#5844);
#4758=AXIS2_PLACEMENT_3D('',#7114,#5846,#5847);
#4759=AXIS2_PLACEMENT_3D('',#7116,#5849,#5850);
#4760=AXIS2_PLACEMENT_3D('',#7117,#5851,#5852);
#4761=AXIS2_PLACEMENT_3D('',#7118,#5853,#5854);
#4762=AXIS2_PLACEMENT_3D('',#7120,#5856,#5857);
#4763=AXIS2_PLACEMENT_3D('',#7122,#5859,#5860);
#4764=AXIS2_PLACEMENT_3D('',#7123,#5861,#5862);
#4765=AXIS2_PLACEMENT_3D('',#7124,#5863,#5864);
#4766=AXIS2_PLACEMENT_3D('',#7125,#5865,#5866);
#4767=AXIS2_PLACEMENT_3D('',#7126,#5867,#5868);
#4768=AXIS2_PLACEMENT_3D('',#7127,#5869,#5870);
#4769=DIRECTION('axis',(0.,0.,1.));
#4770=DIRECTION('refdir',(1.,0.,0.));
#4771=DIRECTION('axis',(0.,0.,1.));
#4772=DIRECTION('refdir',(1.,0.,0.));
#4773=DIRECTION('axis',(0.,0.,1.));
#4774=DIRECTION('refdir',(1.,0.,0.));
#4775=DIRECTION('center_axis',(0.,0.,1.));
#4776=DIRECTION('ref_axis',(1.,0.,0.));
#4777=DIRECTION('',(0.,1.,0.));
#4778=DIRECTION('',(-0.447213595499958,0.894427190999916,0.));
#4779=DIRECTION('',(-1.,0.,0.));
#4780=DIRECTION('',(0.,-1.,0.));
#4781=DIRECTION('',(-1.,0.,0.));
#4782=DIRECTION('',(0.,-1.,0.));
#4783=DIRECTION('',(-1.,0.,0.));
#4784=DIRECTION('',(-0.447213595499958,-0.894427190999916,0.));
#4785=DIRECTION('',(0.,-1.,0.));
#4786=DIRECTION('',(-1.,0.,0.));
#4787=DIRECTION('center_axis',(0.,0.,-1.));
#4788=DIRECTION('ref_axis',(-1.,0.,0.));
#4789=DIRECTION('',(1.,0.,0.));
#4790=DIRECTION('',(0.447213595499958,-0.894427190999916,0.));
#4791=DIRECTION('',(0.,-1.,0.));
#4792=DIRECTION('',(-1.,0.,0.));
#4793=DIRECTION('',(0.,-1.,0.));
#4794=DIRECTION('center_axis',(0.,0.,-1.));
#4795=DIRECTION('ref_axis',(-1.,0.,0.));
#4796=DIRECTION('',(-1.,0.,0.));
#4797=DIRECTION('',(0.,1.,0.));
#4798=DIRECTION('',(0.447213595499958,0.894427190999916,0.));
#4799=DIRECTION('',(1.,0.,0.));
#4800=DIRECTION('',(0.,-1.,0.));
#4801=DIRECTION('center_axis',(0.,-1.,0.));
#4802=DIRECTION('ref_axis',(0.,0.,-1.));
#4803=DIRECTION('',(0.,0.,1.));
#4804=DIRECTION('',(0.,0.,-1.));
#4805=DIRECTION('center_axis',(0.,-1.,0.));
#4806=DIRECTION('ref_axis',(0.,0.,-1.));
#4807=DIRECTION('',(0.,0.,-1.));
#4808=DIRECTION('',(-3.09959676204214E-14,0.,1.));
#4809=DIRECTION('center_axis',(0.,0.,-1.));
#4810=DIRECTION('ref_axis',(-1.,0.,0.));
#4811=DIRECTION('',(0.,1.,0.));
#4812=DIRECTION('',(-1.,0.,0.));
#4813=DIRECTION('',(0.,-1.,0.));
#4814=DIRECTION('',(1.,0.,0.));
#4815=DIRECTION('center_axis',(0.,0.,-1.));
#4816=DIRECTION('ref_axis',(-1.,0.,0.));
#4817=DIRECTION('',(-1.,0.,0.));
#4818=DIRECTION('',(0.,-1.,0.));
#4819=DIRECTION('',(1.,0.,0.));
#4820=DIRECTION('',(0.,-1.,0.));
#4821=DIRECTION('center_axis',(0.,0.,1.));
#4822=DIRECTION('ref_axis',(1.,0.,0.));
#4823=DIRECTION('',(-1.,0.,0.));
#4824=DIRECTION('',(0.,-1.,0.));
#4825=DIRECTION('',(-1.,0.,0.));
#4826=DIRECTION('',(0.,-1.,0.));
#4827=DIRECTION('center_axis',(0.,0.,1.));
#4828=DIRECTION('ref_axis',(1.,0.,0.));
#4829=DIRECTION('',(-1.,0.,0.));
#4830=DIRECTION('',(0.,-1.,0.));
#4831=DIRECTION('',(-1.,0.,0.));
#4832=DIRECTION('',(0.,-1.,0.));
#4833=DIRECTION('center_axis',(1.,0.,0.));
#4834=DIRECTION('ref_axis',(0.,0.,-1.));
#4835=DIRECTION('',(0.,-1.,0.));
#4836=DIRECTION('',(0.,0.,-1.));
#4837=DIRECTION('',(0.,-1.,0.));
#4838=DIRECTION('',(0.,0.,1.));
#4839=DIRECTION('center_axis',(1.,0.,0.));
#4840=DIRECTION('ref_axis',(0.,0.,-1.));
#4841=DIRECTION('',(0.,-1.,0.));
#4842=DIRECTION('',(0.,0.,-1.));
#4843=DIRECTION('',(0.,-1.,0.));
#4844=DIRECTION('',(0.,0.,1.));
#4845=DIRECTION('center_axis',(1.,0.,0.));
#4846=DIRECTION('ref_axis',(0.,0.,-1.));
#4847=DIRECTION('',(0.,-1.,0.));
#4848=DIRECTION('',(0.,0.,-1.));
#4849=DIRECTION('',(0.,-1.,0.));
#4850=DIRECTION('',(0.,0.,1.));
#4851=DIRECTION('center_axis',(0.,0.,1.));
#4852=DIRECTION('ref_axis',(1.,0.,0.));
#4853=DIRECTION('',(1.,0.,0.));
#4854=DIRECTION('',(0.,-1.,0.));
#4855=DIRECTION('',(-1.,0.,0.));
#4856=DIRECTION('center_axis',(-1.,0.,0.));
#4857=DIRECTION('ref_axis',(0.,0.,1.));
#4858=DIRECTION('',(0.,0.,1.));
#4859=DIRECTION('',(0.,-1.,0.));
#4860=DIRECTION('',(0.,0.,-1.));
#4861=DIRECTION('center_axis',(1.,0.,0.));
#4862=DIRECTION('ref_axis',(0.,0.,-1.));
#4863=DIRECTION('',(0.,-1.,0.));
#4864=DIRECTION('',(0.,0.,-1.));
#4865=DIRECTION('',(0.,-1.,0.));
#4866=DIRECTION('',(0.,0.,1.));
#4867=DIRECTION('center_axis',(0.,0.,1.));
#4868=DIRECTION('ref_axis',(1.,0.,0.));
#4869=DIRECTION('',(1.,0.,0.));
#4870=DIRECTION('',(0.,-1.,0.));
#4871=DIRECTION('',(-1.,0.,0.));
#4872=DIRECTION('center_axis',(-1.,0.,0.));
#4873=DIRECTION('ref_axis',(0.,0.,1.));
#4874=DIRECTION('',(0.,0.,1.));
#4875=DIRECTION('',(0.,-1.,0.));
#4876=DIRECTION('',(0.,0.,-1.));
#4877=DIRECTION('center_axis',(1.,0.,0.));
#4878=DIRECTION('ref_axis',(0.,0.,-1.));
#4879=DIRECTION('',(0.,-1.,0.));
#4880=DIRECTION('',(0.,0.,-1.));
#4881=DIRECTION('',(0.,-1.,0.));
#4882=DIRECTION('',(0.,0.,1.));
#4883=DIRECTION('center_axis',(0.,0.,1.));
#4884=DIRECTION('ref_axis',(1.,0.,0.));
#4885=DIRECTION('',(1.,0.,0.));
#4886=DIRECTION('',(0.,-1.,0.));
#4887=DIRECTION('',(-1.,0.,0.));
#4888=DIRECTION('center_axis',(-1.,0.,0.));
#4889=DIRECTION('ref_axis',(0.,0.,1.));
#4890=DIRECTION('',(0.,0.,1.));
#4891=DIRECTION('',(0.,-1.,0.));
#4892=DIRECTION('',(0.,0.,-1.));
#4893=DIRECTION('center_axis',(1.,0.,0.));
#4894=DIRECTION('ref_axis',(0.,0.,-1.));
#4895=DIRECTION('',(0.,-1.,0.));
#4896=DIRECTION('',(0.,0.,-1.));
#4897=DIRECTION('',(0.,-1.,0.));
#4898=DIRECTION('',(0.,0.,1.));
#4899=DIRECTION('center_axis',(0.,0.,1.));
#4900=DIRECTION('ref_axis',(1.,0.,0.));
#4901=DIRECTION('',(1.,0.,0.));
#4902=DIRECTION('',(0.,-1.,0.));
#4903=DIRECTION('',(-1.,0.,0.));
#4904=DIRECTION('center_axis',(-1.,0.,0.));
#4905=DIRECTION('ref_axis',(0.,0.,1.));
#4906=DIRECTION('',(0.,0.,1.));
#4907=DIRECTION('',(0.,-1.,0.));
#4908=DIRECTION('',(0.,0.,-1.));
#4909=DIRECTION('center_axis',(1.,0.,0.));
#4910=DIRECTION('ref_axis',(0.,0.,-1.));
#4911=DIRECTION('',(0.,-1.,0.));
#4912=DIRECTION('',(0.,0.,-1.));
#4913=DIRECTION('',(0.,-1.,0.));
#4914=DIRECTION('',(0.,0.,1.));
#4915=DIRECTION('center_axis',(0.,0.,1.));
#4916=DIRECTION('ref_axis',(1.,0.,0.));
#4917=DIRECTION('',(1.,0.,0.));
#4918=DIRECTION('',(0.,-1.,0.));
#4919=DIRECTION('',(-1.,0.,0.));
#4920=DIRECTION('center_axis',(-1.,0.,0.));
#4921=DIRECTION('ref_axis',(0.,0.,1.));
#4922=DIRECTION('',(0.,0.,1.));
#4923=DIRECTION('',(0.,-1.,0.));
#4924=DIRECTION('',(0.,0.,-1.));
#4925=DIRECTION('center_axis',(1.,0.,0.));
#4926=DIRECTION('ref_axis',(0.,0.,-1.));
#4927=DIRECTION('',(0.,-1.,0.));
#4928=DIRECTION('',(0.,0.,-1.));
#4929=DIRECTION('',(0.,-1.,0.));
#4930=DIRECTION('',(0.,0.,1.));
#4931=DIRECTION('center_axis',(0.,0.,1.));
#4932=DIRECTION('ref_axis',(1.,0.,0.));
#4933=DIRECTION('',(1.,0.,0.));
#4934=DIRECTION('',(0.,-1.,0.));
#4935=DIRECTION('',(-1.,0.,0.));
#4936=DIRECTION('center_axis',(-1.,0.,0.));
#4937=DIRECTION('ref_axis',(0.,0.,1.));
#4938=DIRECTION('',(0.,0.,1.));
#4939=DIRECTION('',(0.,-1.,0.));
#4940=DIRECTION('',(0.,0.,-1.));
#4941=DIRECTION('center_axis',(-1.,0.,0.));
#4942=DIRECTION('ref_axis',(0.,0.,1.));
#4943=DIRECTION('',(0.,-1.,0.));
#4944=DIRECTION('',(0.,0.,1.));
#4945=DIRECTION('',(0.,-1.,0.));
#4946=DIRECTION('',(0.,0.,-1.));
#4947=DIRECTION('center_axis',(-1.,0.,0.));
#4948=DIRECTION('ref_axis',(0.,0.,1.));
#4949=DIRECTION('',(0.,-1.,0.));
#4950=DIRECTION('',(0.,0.,1.));
#4951=DIRECTION('',(0.,-1.,0.));
#4952=DIRECTION('',(0.,0.,-1.));
#4953=DIRECTION('center_axis',(0.,0.,-1.));
#4954=DIRECTION('ref_axis',(-1.,0.,0.));
#4955=DIRECTION('',(-1.,0.,0.));
#4956=DIRECTION('',(1.,0.,0.));
#4957=DIRECTION('center_axis',(0.,0.,-1.));
#4958=DIRECTION('ref_axis',(-1.,0.,0.));
#4959=DIRECTION('',(-1.,0.,0.));
#4960=DIRECTION('',(1.,0.,0.));
#4961=DIRECTION('center_axis',(0.,0.,-1.));
#4962=DIRECTION('ref_axis',(-1.,0.,0.));
#4963=DIRECTION('',(-1.,0.,0.));
#4964=DIRECTION('',(1.,0.,0.));
#4965=DIRECTION('center_axis',(0.,0.,-1.));
#4966=DIRECTION('ref_axis',(-1.,0.,0.));
#4967=DIRECTION('',(-1.,0.,0.));
#4968=DIRECTION('',(1.,0.,0.));
#4969=DIRECTION('center_axis',(0.,0.,-1.));
#4970=DIRECTION('ref_axis',(-1.,0.,0.));
#4971=DIRECTION('',(-1.,0.,0.));
#4972=DIRECTION('',(1.,0.,0.));
#4973=DIRECTION('center_axis',(0.,0.,-1.));
#4974=DIRECTION('ref_axis',(-1.,0.,0.));
#4975=DIRECTION('',(-1.,0.,0.));
#4976=DIRECTION('',(1.,0.,0.));
#4977=DIRECTION('center_axis',(0.,0.,1.));
#4978=DIRECTION('ref_axis',(1.,0.,0.));
#4979=DIRECTION('',(0.,1.,0.));
#4980=DIRECTION('',(-1.,0.,0.));
#4981=DIRECTION('',(0.,-1.,0.));
#4982=DIRECTION('',(-1.,0.,0.));
#4983=DIRECTION('center_axis',(0.,0.,-1.));
#4984=DIRECTION('ref_axis',(-1.,0.,0.));
#4985=DIRECTION('',(-1.,0.,0.));
#4986=DIRECTION('',(0.,-1.,0.));
#4987=DIRECTION('',(1.,0.,0.));
#4988=DIRECTION('',(0.,-1.,0.));
#4989=DIRECTION('center_axis',(1.,0.,0.));
#4990=DIRECTION('ref_axis',(0.,0.,-1.));
#4991=DIRECTION('',(0.,1.,0.));
#4992=DIRECTION('',(0.,0.,1.));
#4993=DIRECTION('',(0.,0.,1.));
#4994=DIRECTION('',(0.,0.,1.));
#4995=DIRECTION('',(0.,-1.,0.));
#4996=DIRECTION('',(0.,0.,-1.));
#4997=DIRECTION('',(0.,0.,1.));
#4998=DIRECTION('',(0.,0.,-1.));
#4999=DIRECTION('center_axis',(0.,0.,-1.));
#5000=DIRECTION('ref_axis',(-1.,0.,0.));
#5001=DIRECTION('',(1.,0.,0.));
#5002=DIRECTION('',(0.,-1.,0.));
#5003=DIRECTION('',(-1.,0.,0.));
#5004=DIRECTION('',(0.,-1.,0.));
#5005=DIRECTION('center_axis',(-1.,0.,0.));
#5006=DIRECTION('ref_axis',(0.,0.,1.));
#5007=DIRECTION('',(0.,0.,1.));
#5008=DIRECTION('',(0.,1.,0.));
#5009=DIRECTION('',(0.,0.,-1.));
#5010=DIRECTION('',(0.,-1.,0.));
#5011=DIRECTION('',(0.,0.,-1.));
#5012=DIRECTION('',(0.,0.,-1.));
#5013=DIRECTION('',(0.,-1.,0.));
#5014=DIRECTION('',(0.,0.,1.));
#5015=DIRECTION('',(0.,0.,-1.));
#5016=DIRECTION('center_axis',(0.,0.,1.));
#5017=DIRECTION('ref_axis',(1.,0.,0.));
#5018=DIRECTION('',(0.,1.,0.));
#5019=DIRECTION('',(-1.,0.,0.));
#5020=DIRECTION('',(0.,-1.,0.));
#5021=DIRECTION('',(-1.,0.,0.));
#5022=DIRECTION('',(1.,0.,0.));
#5023=DIRECTION('center_axis',(-1.,0.,0.));
#5024=DIRECTION('ref_axis',(0.,0.,1.));
#5025=DIRECTION('',(0.,0.,-1.));
#5026=DIRECTION('',(0.,-1.,0.));
#5027=DIRECTION('',(0.,0.,-1.));
#5028=DIRECTION('center_axis',(0.,0.,1.));
#5029=DIRECTION('ref_axis',(1.,0.,0.));
#5030=DIRECTION('',(0.,1.,0.));
#5031=DIRECTION('',(-1.,0.,0.));
#5032=DIRECTION('',(0.,-1.,0.));
#5033=DIRECTION('',(-1.,0.,0.));
#5034=DIRECTION('',(1.,0.,0.));
#5035=DIRECTION('center_axis',(-1.,0.,0.));
#5036=DIRECTION('ref_axis',(0.,0.,1.));
#5037=DIRECTION('',(0.,0.,-1.));
#5038=DIRECTION('',(0.,-1.,0.));
#5039=DIRECTION('',(0.,0.,-1.));
#5040=DIRECTION('center_axis',(1.,0.,0.));
#5041=DIRECTION('ref_axis',(0.,0.,-1.));
#5042=DIRECTION('',(0.,0.,1.));
#5043=DIRECTION('',(0.,-1.,0.));
#5044=DIRECTION('',(0.,0.,1.));
#5045=DIRECTION('',(0.,-1.,0.));
#5046=DIRECTION('center_axis',(0.,0.,1.));
#5047=DIRECTION('ref_axis',(1.,0.,0.));
#5048=DIRECTION('',(0.,-1.,0.));
#5049=DIRECTION('',(1.,0.,0.));
#5050=DIRECTION('',(-1.,0.,0.));
#5051=DIRECTION('',(-1.,0.,0.));
#5052=DIRECTION('center_axis',(1.,0.,0.));
#5053=DIRECTION('ref_axis',(0.,0.,-1.));
#5054=DIRECTION('',(0.,0.,1.));
#5055=DIRECTION('',(0.,-1.,0.));
#5056=DIRECTION('',(0.,0.,1.));
#5057=DIRECTION('',(0.,-1.,0.));
#5058=DIRECTION('center_axis',(0.,0.,1.));
#5059=DIRECTION('ref_axis',(1.,0.,0.));
#5060=DIRECTION('',(0.,-1.,0.));
#5061=DIRECTION('',(1.,0.,0.));
#5062=DIRECTION('',(-1.,0.,0.));
#5063=DIRECTION('',(-1.,0.,0.));
#5064=DIRECTION('center_axis',(0.,0.,-1.));
#5065=DIRECTION('ref_axis',(-1.,0.,0.));
#5066=DIRECTION('',(0.,-1.,0.));
#5067=DIRECTION('',(-1.,0.,0.));
#5068=DIRECTION('',(1.,0.,0.));
#5069=DIRECTION('',(1.,0.,0.));
#5070=DIRECTION('center_axis',(0.,0.,-1.));
#5071=DIRECTION('ref_axis',(-1.,0.,0.));
#5072=DIRECTION('',(0.,-1.,0.));
#5073=DIRECTION('',(-1.,0.,0.));
#5074=DIRECTION('',(1.,0.,0.));
#5075=DIRECTION('',(1.,0.,0.));
#5076=DIRECTION('center_axis',(0.,0.,-1.));
#5077=DIRECTION('ref_axis',(-1.,0.,0.));
#5078=DIRECTION('',(0.,1.,0.));
#5079=DIRECTION('',(1.,0.,0.));
#5080=DIRECTION('',(1.,0.,0.));
#5081=DIRECTION('',(-1.,0.,0.));
#5082=DIRECTION('center_axis',(0.,0.,-1.));
#5083=DIRECTION('ref_axis',(-1.,0.,0.));
#5084=DIRECTION('',(0.,1.,0.));
#5085=DIRECTION('',(1.,0.,0.));
#5086=DIRECTION('',(1.,0.,0.));
#5087=DIRECTION('',(-1.,0.,0.));
#5088=DIRECTION('center_axis',(0.,0.,1.));
#5089=DIRECTION('ref_axis',(1.,0.,0.));
#5090=DIRECTION('',(-1.,0.,0.));
#5091=DIRECTION('',(0.,-1.,0.));
#5092=DIRECTION('',(-1.,0.,0.));
#5093=DIRECTION('center_axis',(0.,1.,0.));
#5094=DIRECTION('ref_axis',(0.,0.,1.));
#5095=DIRECTION('',(0.,0.,-1.));
#5096=DIRECTION('',(0.,0.,-1.));
#5097=DIRECTION('',(1.,0.,0.));
#5098=DIRECTION('center_axis',(0.,1.,0.));
#5099=DIRECTION('ref_axis',(0.,0.,1.));
#5100=DIRECTION('',(-3.0818660178525E-14,0.,1.));
#5101=DIRECTION('',(0.,0.,-1.));
#5102=DIRECTION('',(0.,0.,-1.));
#5103=DIRECTION('',(1.,0.,0.));
#5104=DIRECTION('',(-3.0818660178525E-14,0.,1.));
#5105=DIRECTION('',(0.,0.,-1.));
#5106=DIRECTION('',(0.,0.,-1.));
#5107=DIRECTION('',(-3.0818660178525E-14,0.,1.));
#5108=DIRECTION('',(-3.0818660178525E-14,0.,1.));
#5109=DIRECTION('center_axis',(0.,0.,-1.));
#5110=DIRECTION('ref_axis',(-1.,0.,0.));
#5111=DIRECTION('',(-1.,0.,0.));
#5112=DIRECTION('',(-1.,0.,0.));
#5113=DIRECTION('center_axis',(0.,-1.,0.));
#5114=DIRECTION('ref_axis',(0.,0.,-1.));
#5115=DIRECTION('',(1.,0.,0.));
#5116=DIRECTION('center_axis',(0.,1.,0.));
#5117=DIRECTION('ref_axis',(0.,0.,1.));
#5118=DIRECTION('',(-1.,0.,0.));
#5119=DIRECTION('center_axis',(0.,-1.,0.));
#5120=DIRECTION('ref_axis',(0.,0.,-1.));
#5121=DIRECTION('',(-1.,0.,0.));
#5122=DIRECTION('',(-1.,0.,0.));
#5123=DIRECTION('center_axis',(0.,0.,1.));
#5124=DIRECTION('ref_axis',(1.,0.,0.));
#5125=DIRECTION('',(-1.,0.,0.));
#5126=DIRECTION('center_axis',(0.,1.,0.));
#5127=DIRECTION('ref_axis',(0.,0.,1.));
#5128=DIRECTION('',(1.,0.,0.));
#5129=DIRECTION('center_axis',(0.,-1.,0.));
#5130=DIRECTION('ref_axis',(0.,0.,-1.));
#5131=DIRECTION('',(0.,0.,-1.));
#5132=DIRECTION('center_axis',(-1.,0.,0.));
#5133=DIRECTION('ref_axis',(0.,0.,1.));
#5134=DIRECTION('center_axis',(0.,-1.,0.));
#5135=DIRECTION('ref_axis',(0.,0.,-1.));
#5136=DIRECTION('',(0.,0.,-1.));
#5137=DIRECTION('center_axis',(-1.,0.,0.));
#5138=DIRECTION('ref_axis',(0.,0.,1.));
#5139=DIRECTION('center_axis',(0.,-1.,0.));
#5140=DIRECTION('ref_axis',(0.,0.,-1.));
#5141=DIRECTION('center_axis',(0.,-1.,0.));
#5142=DIRECTION('ref_axis',(0.,0.,-1.));
#5143=DIRECTION('center_axis',(0.,-1.,0.));
#5144=DIRECTION('ref_axis',(0.,0.,-1.));
#5145=DIRECTION('center_axis',(0.,-1.,0.));
#5146=DIRECTION('ref_axis',(0.,0.,-1.));
#5147=DIRECTION('center_axis',(0.,-1.,0.));
#5148=DIRECTION('ref_axis',(0.,0.,-1.));
#5149=DIRECTION('center_axis',(0.,-1.,0.));
#5150=DIRECTION('ref_axis',(0.,0.,-1.));
#5151=DIRECTION('center_axis',(0.,-1.,0.));
#5152=DIRECTION('ref_axis',(0.,0.,-1.));
#5153=DIRECTION('',(-3.0818660178525E-14,0.,1.));
#5154=DIRECTION('center_axis',(1.,0.,3.0818660178525E-14));
#5155=DIRECTION('ref_axis',(3.0818660178525E-14,0.,-1.));
#5156=DIRECTION('center_axis',(0.,-1.,0.));
#5157=DIRECTION('ref_axis',(0.,0.,-1.));
#5158=DIRECTION('',(-3.0818660178525E-14,0.,1.));
#5159=DIRECTION('center_axis',(1.,0.,3.0818660178525E-14));
#5160=DIRECTION('ref_axis',(3.0818660178525E-14,0.,-1.));
#5161=DIRECTION('center_axis',(1.,0.,3.0818660178525E-14));
#5162=DIRECTION('ref_axis',(3.0818660178525E-14,0.,-1.));
#5163=DIRECTION('',(0.,-1.,0.));
#5164=DIRECTION('center_axis',(-1.,0.,0.));
#5165=DIRECTION('ref_axis',(0.,0.,1.));
#5166=DIRECTION('',(0.,-1.,0.));
#5167=DIRECTION('center_axis',(-1.,0.,0.));
#5168=DIRECTION('ref_axis',(0.,0.,1.));
#5169=DIRECTION('',(0.,-1.,0.));
#5170=DIRECTION('',(0.,-1.,0.));
#5171=DIRECTION('',(0.,0.,-1.));
#5172=DIRECTION('',(0.,-1.,0.));
#5173=DIRECTION('center_axis',(1.,0.,3.0818660178525E-14));
#5174=DIRECTION('ref_axis',(3.0818660178525E-14,0.,-1.));
#5175=DIRECTION('',(0.,-1.,0.));
#5176=DIRECTION('',(0.,0.,1.));
#5177=DIRECTION('',(0.,-1.,0.));
#5178=DIRECTION('',(0.,-1.,0.));
#5179=DIRECTION('center_axis',(0.,0.,-1.));
#5180=DIRECTION('ref_axis',(-1.,0.,0.));
#5181=DIRECTION('',(1.,0.,0.));
#5182=DIRECTION('center_axis',(0.,0.,1.));
#5183=DIRECTION('ref_axis',(1.,0.,0.));
#5184=DIRECTION('center_axis',(0.,0.,1.));
#5185=DIRECTION('ref_axis',(1.,0.,0.));
#5186=DIRECTION('',(-1.,0.,0.));
#5187=DIRECTION('center_axis',(0.,-1.,0.));
#5188=DIRECTION('ref_axis',(0.,0.,-1.));
#5189=DIRECTION('center_axis',(0.,0.,-1.));
#5190=DIRECTION('ref_axis',(-1.,0.,0.));
#5191=DIRECTION('center_axis',(0.894427190999916,0.447213595499958,0.));
#5192=DIRECTION('ref_axis',(-0.447213595499958,0.894427190999916,0.));
#5193=DIRECTION('',(0.,0.,-1.));
#5194=DIRECTION('center_axis',(1.,0.,0.));
#5195=DIRECTION('ref_axis',(0.,0.,-1.));
#5196=DIRECTION('center_axis',(-1.,0.,0.));
#5197=DIRECTION('ref_axis',(0.,0.,1.));
#5198=DIRECTION('',(0.,0.,-1.));
#5199=DIRECTION('center_axis',(-0.894427190999916,0.447213595499958,0.));
#5200=DIRECTION('ref_axis',(-0.447213595499958,-0.894427190999916,0.));
#5201=DIRECTION('axis',(0.,0.,1.));
#5202=DIRECTION('refdir',(1.,0.,0.));
#5203=DIRECTION('center_axis',(0.,0.,-1.));
#5204=DIRECTION('ref_axis',(-1.,0.,0.));
#5205=DIRECTION('',(0.,-1.,0.));
#5206=DIRECTION('',(-1.,0.,0.));
#5207=DIRECTION('',(0.,-1.,0.));
#5208=DIRECTION('',(-1.,0.,0.));
#5209=DIRECTION('center_axis',(0.,0.,-1.));
#5210=DIRECTION('ref_axis',(-1.,0.,0.));
#5211=DIRECTION('',(0.,1.,0.));
#5212=DIRECTION('',(-1.,0.,0.));
#5213=DIRECTION('',(0.,-1.,0.));
#5214=DIRECTION('',(-1.,0.,0.));
#5215=DIRECTION('center_axis',(0.,0.,-1.));
#5216=DIRECTION('ref_axis',(-1.,0.,0.));
#5217=DIRECTION('',(0.,1.,0.));
#5218=DIRECTION('',(-1.,0.,0.));
#5219=DIRECTION('',(0.,-1.,0.));
#5220=DIRECTION('',(-1.,0.,0.));
#5221=DIRECTION('center_axis',(0.,0.,-1.));
#5222=DIRECTION('ref_axis',(-1.,0.,0.));
#5223=DIRECTION('',(0.,1.,0.));
#5224=DIRECTION('',(-1.,0.,0.));
#5225=DIRECTION('',(0.,-1.,0.));
#5226=DIRECTION('',(-1.,0.,0.));
#5227=DIRECTION('center_axis',(0.,-1.,-6.1893431106456E-14));
#5228=DIRECTION('ref_axis',(0.,6.1893431106456E-14,-1.));
#5229=DIRECTION('',(0.,-6.1893431106456E-14,1.));
#5230=DIRECTION('',(0.,-6.1893431106456E-14,1.));
#5231=DIRECTION('',(-1.,0.,0.));
#5232=DIRECTION('center_axis',(0.,-1.,-6.1893431106456E-14));
#5233=DIRECTION('ref_axis',(0.,6.1893431106456E-14,-1.));
#5234=DIRECTION('',(0.,6.1893431106456E-14,-1.));
#5235=DIRECTION('',(-1.,0.,0.));
#5236=DIRECTION('',(0.,-6.1893431106456E-14,1.));
#5237=DIRECTION('center_axis',(0.,-1.,-6.1893431106456E-14));
#5238=DIRECTION('ref_axis',(0.,6.1893431106456E-14,-1.));
#5239=DIRECTION('',(0.,6.1893431106456E-14,-1.));
#5240=DIRECTION('',(-1.,0.,0.));
#5241=DIRECTION('',(0.,-6.1893431106456E-14,1.));
#5242=DIRECTION('center_axis',(0.,-1.,-6.1893431106456E-14));
#5243=DIRECTION('ref_axis',(0.,6.1893431106456E-14,-1.));
#5244=DIRECTION('',(0.,6.1893431106456E-14,-1.));
#5245=DIRECTION('',(-1.,0.,0.));
#5246=DIRECTION('',(0.,-6.1893431106456E-14,1.));
#5247=DIRECTION('center_axis',(0.,-1.1140817599162E-14,1.));
#5248=DIRECTION('ref_axis',(0.,-1.,-1.1140817599162E-14));
#5249=DIRECTION('',(0.,1.,1.1140817599162E-14));
#5250=DIRECTION('',(0.,1.,1.1140817599162E-14));
#5251=DIRECTION('',(-1.,0.,0.));
#5252=DIRECTION('center_axis',(0.,-1.1140817599162E-14,1.));
#5253=DIRECTION('ref_axis',(0.,-1.,-1.1140817599162E-14));
#5254=DIRECTION('',(0.,-1.,-1.1140817599162E-14));
#5255=DIRECTION('',(-1.,0.,0.));
#5256=DIRECTION('',(0.,1.,1.1140817599162E-14));
#5257=DIRECTION('center_axis',(0.,-1.1140817599162E-14,1.));
#5258=DIRECTION('ref_axis',(0.,-1.,-1.1140817599162E-14));
#5259=DIRECTION('',(0.,-1.,-1.1140817599162E-14));
#5260=DIRECTION('',(-1.,0.,0.));
#5261=DIRECTION('',(0.,1.,1.1140817599162E-14));
#5262=DIRECTION('center_axis',(0.,-1.1140817599162E-14,1.));
#5263=DIRECTION('ref_axis',(0.,-1.,-1.1140817599162E-14));
#5264=DIRECTION('',(0.,-1.,-1.1140817599162E-14));
#5265=DIRECTION('',(-1.,0.,0.));
#5266=DIRECTION('',(0.,1.,1.1140817599162E-14));
#5267=DIRECTION('center_axis',(0.,-1.1140817599162E-14,-1.));
#5268=DIRECTION('ref_axis',(0.,1.,-1.1140817599162E-14));
#5269=DIRECTION('',(0.,-1.,1.1140817599162E-14));
#5270=DIRECTION('',(-1.,0.,0.));
#5271=DIRECTION('',(0.,-1.,1.1140817599162E-14));
#5272=DIRECTION('',(-1.,0.,0.));
#5273=DIRECTION('center_axis',(0.,-1.1140817599162E-14,-1.));
#5274=DIRECTION('ref_axis',(0.,1.,-1.1140817599162E-14));
#5275=DIRECTION('',(0.,1.,-1.1140817599162E-14));
#5276=DIRECTION('',(-1.,0.,0.));
#5277=DIRECTION('',(0.,-1.,1.1140817599162E-14));
#5278=DIRECTION('',(-1.,0.,0.));
#5279=DIRECTION('center_axis',(0.,-1.1140817599162E-14,-1.));
#5280=DIRECTION('ref_axis',(0.,1.,-1.1140817599162E-14));
#5281=DIRECTION('',(0.,1.,-1.1140817599162E-14));
#5282=DIRECTION('',(-1.,0.,0.));
#5283=DIRECTION('',(0.,-1.,1.1140817599162E-14));
#5284=DIRECTION('',(-1.,0.,0.));
#5285=DIRECTION('center_axis',(0.,-1.1140817599162E-14,-1.));
#5286=DIRECTION('ref_axis',(0.,1.,-1.1140817599162E-14));
#5287=DIRECTION('',(0.,1.,-1.1140817599162E-14));
#5288=DIRECTION('',(-1.,0.,0.));
#5289=DIRECTION('',(0.,-1.,1.1140817599162E-14));
#5290=DIRECTION('',(-1.,0.,0.));
#5291=DIRECTION('center_axis',(0.,-1.,6.1893431106456E-14));
#5292=DIRECTION('ref_axis',(0.,-6.1893431106456E-14,-1.));
#5293=DIRECTION('',(0.,6.1893431106456E-14,1.));
#5294=DIRECTION('',(0.,6.1893431106456E-14,1.));
#5295=DIRECTION('',(-1.,0.,0.));
#5296=DIRECTION('center_axis',(0.,-1.,6.1893431106456E-14));
#5297=DIRECTION('ref_axis',(0.,-6.1893431106456E-14,-1.));
#5298=DIRECTION('',(0.,-6.1893431106456E-14,-1.));
#5299=DIRECTION('',(-1.,0.,0.));
#5300=DIRECTION('',(0.,6.1893431106456E-14,1.));
#5301=DIRECTION('center_axis',(0.,-1.,6.1893431106456E-14));
#5302=DIRECTION('ref_axis',(0.,-6.1893431106456E-14,-1.));
#5303=DIRECTION('',(0.,-6.1893431106456E-14,-1.));
#5304=DIRECTION('',(-1.,0.,0.));
#5305=DIRECTION('',(0.,6.1893431106456E-14,1.));
#5306=DIRECTION('center_axis',(0.,-1.,6.1893431106456E-14));
#5307=DIRECTION('ref_axis',(0.,-6.1893431106456E-14,-1.));
#5308=DIRECTION('',(0.,-6.1893431106456E-14,-1.));
#5309=DIRECTION('',(-1.,0.,0.));
#5310=DIRECTION('',(0.,6.1893431106456E-14,1.));
#5311=DIRECTION('center_axis',(0.,0.,1.));
#5312=DIRECTION('ref_axis',(1.,0.,0.));
#5313=DIRECTION('',(0.,1.,0.));
#5314=DIRECTION('',(0.,1.,0.));
#5315=DIRECTION('',(-1.,0.,0.));
#5316=DIRECTION('center_axis',(0.,0.,1.));
#5317=DIRECTION('ref_axis',(1.,0.,0.));
#5318=DIRECTION('',(0.,-1.,0.));
#5319=DIRECTION('',(-1.,0.,0.));
#5320=DIRECTION('',(0.,1.,0.));
#5321=DIRECTION('center_axis',(0.,0.,1.));
#5322=DIRECTION('ref_axis',(1.,0.,0.));
#5323=DIRECTION('',(0.,-1.,0.));
#5324=DIRECTION('',(-1.,0.,0.));
#5325=DIRECTION('',(0.,1.,0.));
#5326=DIRECTION('center_axis',(0.,0.,1.));
#5327=DIRECTION('ref_axis',(1.,0.,0.));
#5328=DIRECTION('',(0.,-1.,0.));
#5329=DIRECTION('',(-1.,0.,0.));
#5330=DIRECTION('',(0.,1.,0.));
#5331=DIRECTION('center_axis',(0.,0.,-1.));
#5332=DIRECTION('ref_axis',(-1.,0.,0.));
#5333=DIRECTION('',(0.,1.,0.));
#5334=DIRECTION('',(-1.,0.,0.));
#5335=DIRECTION('',(0.,-1.,0.));
#5336=DIRECTION('',(-1.,0.,0.));
#5337=DIRECTION('center_axis',(0.,-1.,-6.1893431106456E-14));
#5338=DIRECTION('ref_axis',(0.,6.1893431106456E-14,-1.));
#5339=DIRECTION('',(0.,6.1893431106456E-14,-1.));
#5340=DIRECTION('',(-1.,0.,0.));
#5341=DIRECTION('',(0.,-6.1893431106456E-14,1.));
#5342=DIRECTION('center_axis',(0.,-1.1140817599162E-14,1.));
#5343=DIRECTION('ref_axis',(0.,-1.,-1.1140817599162E-14));
#5344=DIRECTION('',(0.,-1.,-1.1140817599162E-14));
#5345=DIRECTION('',(-1.,0.,0.));
#5346=DIRECTION('',(0.,1.,1.1140817599162E-14));
#5347=DIRECTION('center_axis',(0.,-1.,1.25544485002962E-16));
#5348=DIRECTION('ref_axis',(0.,-1.25544485002962E-16,-1.));
#5349=DIRECTION('',(0.,0.,-1.));
#5350=DIRECTION('',(1.,-2.51088970005907E-16,-3.16517869094356E-16));
#5351=DIRECTION('',(0.,0.,-1.));
#5352=DIRECTION('',(0.,0.,-1.));
#5353=DIRECTION('',(1.,-2.51088970005906E-16,-3.16517869094356E-16));
#5354=DIRECTION('',(0.,0.,-1.));
#5355=DIRECTION('',(0.,0.,-1.));
#5356=DIRECTION('',(1.,-2.51088970005906E-16,-3.16517869094356E-16));
#5357=DIRECTION('',(0.,0.,-1.));
#5358=DIRECTION('',(0.,0.,-1.));
#5359=DIRECTION('',(1.,-2.51088970005907E-16,-3.16517869094356E-16));
#5360=DIRECTION('',(0.,0.,-1.));
#5361=DIRECTION('',(0.,1.25544485002961E-16,1.));
#5362=DIRECTION('',(0.,0.,-1.));
#5363=DIRECTION('',(-1.,2.51088970005907E-16,-3.16517869094356E-16));
#5364=DIRECTION('',(0.,0.,-1.));
#5365=DIRECTION('',(0.,0.,-1.));
#5366=DIRECTION('',(-1.,2.51088970005906E-16,-3.16517869094356E-16));
#5367=DIRECTION('',(0.,0.,-1.));
#5368=DIRECTION('',(0.,0.,-1.));
#5369=DIRECTION('',(-1.,2.51088970005906E-16,-3.16517869094356E-16));
#5370=DIRECTION('',(0.,0.,-1.));
#5371=DIRECTION('',(0.,0.,-1.));
#5372=DIRECTION('',(-1.,2.51088970005907E-16,-3.16517869094356E-16));
#5373=DIRECTION('',(0.,0.,-1.));
#5374=DIRECTION('',(-1.,0.,0.));
#5375=DIRECTION('',(0.,1.25544485002961E-16,1.));
#5376=DIRECTION('center_axis',(0.,-1.1140817599162E-14,-1.));
#5377=DIRECTION('ref_axis',(0.,1.,-1.1140817599162E-14));
#5378=DIRECTION('',(0.,1.,-1.1140817599162E-14));
#5379=DIRECTION('',(-1.,0.,0.));
#5380=DIRECTION('',(0.,-1.,1.1140817599162E-14));
#5381=DIRECTION('center_axis',(0.,-1.,6.1893431106456E-14));
#5382=DIRECTION('ref_axis',(0.,-6.1893431106456E-14,-1.));
#5383=DIRECTION('',(0.,-6.1893431106456E-14,-1.));
#5384=DIRECTION('',(-1.,0.,0.));
#5385=DIRECTION('',(0.,6.1893431106456E-14,1.));
#5386=DIRECTION('center_axis',(0.,0.,1.));
#5387=DIRECTION('ref_axis',(1.,0.,0.));
#5388=DIRECTION('',(0.,-1.,0.));
#5389=DIRECTION('',(-1.,0.,0.));
#5390=DIRECTION('',(0.,1.,0.));
#5391=DIRECTION('center_axis',(0.,0.783428315448115,0.621482159481774));
#5392=DIRECTION('ref_axis',(0.,-0.621482159481774,0.783428315448115));
#5393=DIRECTION('',(0.,0.621482159481774,-0.783428315448115));
#5394=DIRECTION('',(0.,0.621482159481774,-0.783428315448115));
#5395=DIRECTION('',(-1.,0.,0.));
#5396=DIRECTION('',(0.,0.621482159481774,-0.783428315448115));
#5397=DIRECTION('',(0.,-0.621482159481774,0.783428315448115));
#5398=DIRECTION('',(0.,0.621482159481774,-0.783428315448115));
#5399=DIRECTION('',(0.,-0.621482159481774,0.783428315448115));
#5400=DIRECTION('',(0.,0.621482159481774,-0.783428315448115));
#5401=DIRECTION('',(0.,-0.621482159481774,0.783428315448115));
#5402=DIRECTION('',(0.,0.621482159481774,-0.783428315448115));
#5403=DIRECTION('',(0.,-0.621482159481774,0.783428315448115));
#5404=DIRECTION('center_axis',(0.,0.783428315448115,-0.621482159481774));
#5405=DIRECTION('ref_axis',(0.,0.621482159481774,0.783428315448115));
#5406=DIRECTION('',(0.,-0.621482159481774,-0.783428315448115));
#5407=DIRECTION('',(0.,0.621482159481774,0.783428315448115));
#5408=DIRECTION('',(0.,-0.621482159481774,-0.783428315448115));
#5409=DIRECTION('',(0.,0.621482159481774,0.783428315448115));
#5410=DIRECTION('',(0.,-0.621482159481774,-0.783428315448115));
#5411=DIRECTION('',(0.,0.621482159481774,0.783428315448115));
#5412=DIRECTION('',(0.,-0.621482159481774,-0.783428315448115));
#5413=DIRECTION('',(0.,0.621482159481774,0.783428315448115));
#5414=DIRECTION('',(0.,-0.621482159481774,-0.783428315448115));
#5415=DIRECTION('',(0.,-0.621482159481774,-0.783428315448115));
#5416=DIRECTION('center_axis',(-1.,0.,0.));
#5417=DIRECTION('ref_axis',(0.,0.,1.));
#5418=DIRECTION('center_axis',(-1.,0.,0.));
#5419=DIRECTION('ref_axis',(0.,0.,1.));
#5420=DIRECTION('center_axis',(-1.,0.,0.));
#5421=DIRECTION('ref_axis',(0.,0.,1.));
#5422=DIRECTION('center_axis',(1.,0.,0.));
#5423=DIRECTION('ref_axis',(0.,0.,-1.));
#5424=DIRECTION('center_axis',(-1.,0.,0.));
#5425=DIRECTION('ref_axis',(0.,0.,1.));
#5426=DIRECTION('center_axis',(1.,0.,0.));
#5427=DIRECTION('ref_axis',(0.,0.,-1.));
#5428=DIRECTION('center_axis',(-1.,0.,0.));
#5429=DIRECTION('ref_axis',(0.,0.,1.));
#5430=DIRECTION('center_axis',(1.,0.,0.));
#5431=DIRECTION('ref_axis',(0.,0.,-1.));
#5432=DIRECTION('center_axis',(-1.,0.,0.));
#5433=DIRECTION('ref_axis',(0.,0.,1.));
#5434=DIRECTION('center_axis',(1.,0.,0.));
#5435=DIRECTION('ref_axis',(0.,0.,-1.));
#5436=DIRECTION('center_axis',(-1.,0.,0.));
#5437=DIRECTION('ref_axis',(0.,0.,1.));
#5438=DIRECTION('center_axis',(1.,0.,0.));
#5439=DIRECTION('ref_axis',(0.,0.,-1.));
#5440=DIRECTION('center_axis',(-1.,0.,0.));
#5441=DIRECTION('ref_axis',(0.,0.,1.));
#5442=DIRECTION('center_axis',(1.,0.,0.));
#5443=DIRECTION('ref_axis',(0.,0.,-1.));
#5444=DIRECTION('center_axis',(-1.,0.,0.));
#5445=DIRECTION('ref_axis',(0.,0.,1.));
#5446=DIRECTION('center_axis',(1.,0.,0.));
#5447=DIRECTION('ref_axis',(0.,0.,-1.));
#5448=DIRECTION('center_axis',(1.,0.,0.));
#5449=DIRECTION('ref_axis',(0.,0.,-1.));
#5450=DIRECTION('center_axis',(-1.,0.,0.));
#5451=DIRECTION('ref_axis',(0.,0.,1.));
#5452=DIRECTION('axis',(0.,0.,1.));
#5453=DIRECTION('refdir',(1.,0.,0.));
#5454=DIRECTION('center_axis',(0.,0.,-1.));
#5455=DIRECTION('ref_axis',(-1.,0.,0.));
#5456=DIRECTION('',(0.,1.,0.));
#5457=DIRECTION('',(-1.,0.,0.));
#5458=DIRECTION('',(0.,-1.,0.));
#5459=DIRECTION('',(-1.,0.,0.));
#5460=DIRECTION('center_axis',(0.,0.,-1.));
#5461=DIRECTION('ref_axis',(-1.,0.,0.));
#5462=DIRECTION('',(0.,-1.,0.));
#5463=DIRECTION('',(-1.,0.,0.));
#5464=DIRECTION('',(0.,1.,0.));
#5465=DIRECTION('',(-1.,0.,0.));
#5466=DIRECTION('center_axis',(0.,0.,-1.));
#5467=DIRECTION('ref_axis',(-1.,0.,0.));
#5468=DIRECTION('',(0.,-1.,0.));
#5469=DIRECTION('',(-1.,0.,0.));
#5470=DIRECTION('',(0.,1.,0.));
#5471=DIRECTION('',(-1.,0.,0.));
#5472=DIRECTION('center_axis',(0.,0.,-1.));
#5473=DIRECTION('ref_axis',(-1.,0.,0.));
#5474=DIRECTION('',(0.,-1.,0.));
#5475=DIRECTION('',(-1.,0.,0.));
#5476=DIRECTION('',(0.,1.,0.));
#5477=DIRECTION('',(-1.,0.,0.));
#5478=DIRECTION('center_axis',(0.,0.,1.));
#5479=DIRECTION('ref_axis',(1.,0.,0.));
#5480=DIRECTION('',(0.,-1.,0.));
#5481=DIRECTION('',(-1.,0.,0.));
#5482=DIRECTION('',(0.,1.,0.));
#5483=DIRECTION('',(-1.,0.,0.));
#5484=DIRECTION('center_axis',(0.,0.,1.));
#5485=DIRECTION('ref_axis',(1.,0.,0.));
#5486=DIRECTION('',(0.,1.,0.));
#5487=DIRECTION('',(-1.,0.,0.));
#5488=DIRECTION('',(0.,-1.,0.));
#5489=DIRECTION('',(-1.,0.,0.));
#5490=DIRECTION('center_axis',(0.,0.,1.));
#5491=DIRECTION('ref_axis',(1.,0.,0.));
#5492=DIRECTION('',(0.,1.,0.));
#5493=DIRECTION('',(-1.,0.,0.));
#5494=DIRECTION('',(0.,-1.,0.));
#5495=DIRECTION('',(-1.,0.,0.));
#5496=DIRECTION('center_axis',(0.,0.,1.));
#5497=DIRECTION('ref_axis',(1.,0.,0.));
#5498=DIRECTION('',(0.,1.,0.));
#5499=DIRECTION('',(-1.,0.,0.));
#5500=DIRECTION('',(0.,-1.,0.));
#5501=DIRECTION('',(-1.,0.,0.));
#5502=DIRECTION('center_axis',(0.,0.499999999999953,0.866025403784466));
#5503=DIRECTION('ref_axis',(0.,-0.866025403784466,0.499999999999953));
#5504=DIRECTION('',(0.447213595500202,0.774596669241402,-0.447213595499855));
#5505=DIRECTION('',(0.4472135955002,-0.774596669241403,0.447213595499856));
#5506=DIRECTION('',(-1.,0.,0.));
#5507=DIRECTION('center_axis',(0.,0.499999999999953,0.866025403784466));
#5508=DIRECTION('ref_axis',(0.,-0.866025403784466,0.499999999999953));
#5509=DIRECTION('',(0.4472135955002,0.774596669241403,-0.447213595499856));
#5510=DIRECTION('',(0.447213595500197,-0.774596669241404,0.447213595499856));
#5511=DIRECTION('',(-1.,0.,0.));
#5512=DIRECTION('center_axis',(0.,0.499999999999953,0.866025403784466));
#5513=DIRECTION('ref_axis',(0.,-0.866025403784466,0.499999999999953));
#5514=DIRECTION('',(0.447213595500199,0.774596669241403,-0.447213595499856));
#5515=DIRECTION('',(0.447213595500199,-0.774596669241403,0.447213595499856));
#5516=DIRECTION('',(-1.,0.,0.));
#5517=DIRECTION('center_axis',(0.,0.499999999999953,0.866025403784466));
#5518=DIRECTION('ref_axis',(0.,-0.866025403784466,0.499999999999953));
#5519=DIRECTION('',(0.447213595500199,0.774596669241403,-0.447213595499856));
#5520=DIRECTION('',(0.447213595500199,-0.774596669241403,0.447213595499856));
#5521=DIRECTION('',(-1.,0.,0.));
#5522=DIRECTION('center_axis',(0.,1.,0.));
#5523=DIRECTION('ref_axis',(0.,0.,1.));
#5524=DIRECTION('',(0.,0.,-1.));
#5525=DIRECTION('',(0.,0.,-1.));
#5526=DIRECTION('',(-1.,0.,0.));
#5527=DIRECTION('center_axis',(0.,1.,0.));
#5528=DIRECTION('ref_axis',(0.,0.,1.));
#5529=DIRECTION('',(0.,0.,-1.));
#5530=DIRECTION('',(0.,0.,-1.));
#5531=DIRECTION('',(-1.,0.,0.));
#5532=DIRECTION('center_axis',(0.,1.,0.));
#5533=DIRECTION('ref_axis',(0.,0.,1.));
#5534=DIRECTION('',(0.,0.,-1.));
#5535=DIRECTION('',(0.,0.,-1.));
#5536=DIRECTION('',(-1.,0.,0.));
#5537=DIRECTION('center_axis',(0.,1.,0.));
#5538=DIRECTION('ref_axis',(0.,0.,1.));
#5539=DIRECTION('',(0.,0.,-1.));
#5540=DIRECTION('',(0.,0.,-1.));
#5541=DIRECTION('',(-1.,0.,0.));
#5542=DIRECTION('center_axis',(0.,0.500000000000025,-0.866025403784424));
#5543=DIRECTION('ref_axis',(0.,0.866025403784424,0.500000000000025));
#5544=DIRECTION('',(-0.447213595500185,-0.774596669241372,-0.447213595499924));
#5545=DIRECTION('',(-0.447213595500183,0.774596669241373,0.447213595499924));
#5546=DIRECTION('',(-1.,0.,0.));
#5547=DIRECTION('center_axis',(0.,0.500000000000025,-0.866025403784424));
#5548=DIRECTION('ref_axis',(0.,0.866025403784424,0.500000000000025));
#5549=DIRECTION('',(-0.447213595500183,-0.774596669241373,-0.447213595499924));
#5550=DIRECTION('',(-0.44721359550018,0.774596669241374,0.447213595499925));
#5551=DIRECTION('',(-1.,0.,0.));
#5552=DIRECTION('center_axis',(0.,0.500000000000025,-0.866025403784424));
#5553=DIRECTION('ref_axis',(0.,0.866025403784424,0.500000000000025));
#5554=DIRECTION('',(-0.447213595500181,-0.774596669241373,-0.447213595499925));
#5555=DIRECTION('',(-0.447213595500181,0.774596669241373,0.447213595499925));
#5556=DIRECTION('',(-1.,0.,0.));
#5557=DIRECTION('center_axis',(0.,0.500000000000025,-0.866025403784424));
#5558=DIRECTION('ref_axis',(0.,0.866025403784424,0.500000000000025));
#5559=DIRECTION('',(-0.447213595500181,-0.774596669241373,-0.447213595499925));
#5560=DIRECTION('',(-0.447213595500182,0.774596669241373,0.447213595499925));
#5561=DIRECTION('',(-1.,0.,0.));
#5562=DIRECTION('center_axis',(0.,0.,-1.));
#5563=DIRECTION('ref_axis',(-1.,0.,0.));
#5564=DIRECTION('',(0.,1.,0.));
#5565=DIRECTION('',(-1.,0.,0.));
#5566=DIRECTION('',(0.,-1.,0.));
#5567=DIRECTION('center_axis',(0.,0.,-1.));
#5568=DIRECTION('ref_axis',(-1.,0.,0.));
#5569=DIRECTION('',(0.,-1.,0.));
#5570=DIRECTION('',(0.,1.,0.));
#5571=DIRECTION('',(-1.,0.,0.));
#5572=DIRECTION('center_axis',(0.,0.,-1.));
#5573=DIRECTION('ref_axis',(-1.,0.,0.));
#5574=DIRECTION('',(0.,-1.,0.));
#5575=DIRECTION('',(0.,1.,0.));
#5576=DIRECTION('',(-1.,0.,0.));
#5577=DIRECTION('center_axis',(0.,0.,-1.));
#5578=DIRECTION('ref_axis',(-1.,0.,0.));
#5579=DIRECTION('',(0.,-1.,0.));
#5580=DIRECTION('',(0.,1.,0.));
#5581=DIRECTION('',(-1.,0.,0.));
#5582=DIRECTION('center_axis',(0.,-1.76384813640513E-17,1.));
#5583=DIRECTION('ref_axis',(0.,-1.,-1.76384813640513E-17));
#5584=DIRECTION('',(0.,-1.,-1.76384813640513E-17));
#5585=DIRECTION('',(-1.,0.,0.));
#5586=DIRECTION('',(0.,1.,1.76384813640513E-17));
#5587=DIRECTION('',(-1.,0.,0.));
#5588=DIRECTION('center_axis',(0.,-1.76384813640513E-17,1.));
#5589=DIRECTION('ref_axis',(0.,-1.,-1.76384813640513E-17));
#5590=DIRECTION('',(0.,1.,1.76384813640513E-17));
#5591=DIRECTION('',(-1.,0.,0.));
#5592=DIRECTION('',(0.,-1.,-1.76384813640513E-17));
#5593=DIRECTION('',(-1.,0.,0.));
#5594=DIRECTION('center_axis',(0.,-1.76384813640513E-17,1.));
#5595=DIRECTION('ref_axis',(0.,-1.,-1.76384813640513E-17));
#5596=DIRECTION('',(0.,1.,1.76384813640513E-17));
#5597=DIRECTION('',(-1.,0.,0.));
#5598=DIRECTION('',(0.,-1.,-1.76384813640513E-17));
#5599=DIRECTION('',(-1.,0.,0.));
#5600=DIRECTION('center_axis',(0.,-1.76384813640513E-17,1.));
#5601=DIRECTION('ref_axis',(0.,-1.,-1.76384813640513E-17));
#5602=DIRECTION('',(0.,1.,1.76384813640513E-17));
#5603=DIRECTION('',(-1.,0.,0.));
#5604=DIRECTION('',(0.,-1.,-1.76384813640513E-17));
#5605=DIRECTION('',(-1.,0.,0.));
#5606=DIRECTION('center_axis',(0.,0.499999999999953,0.866025403784466));
#5607=DIRECTION('ref_axis',(0.,-0.866025403784466,0.499999999999953));
#5608=DIRECTION('',(0.447213595500202,0.774596669241402,-0.447213595499855));
#5609=DIRECTION('',(0.4472135955002,-0.774596669241403,0.447213595499856));
#5610=DIRECTION('',(-1.,0.,0.));
#5611=DIRECTION('center_axis',(0.,0.499999999999953,0.866025403784466));
#5612=DIRECTION('ref_axis',(0.,-0.866025403784466,0.499999999999953));
#5613=DIRECTION('',(0.4472135955002,0.774596669241403,-0.447213595499856));
#5614=DIRECTION('',(0.447213595500197,-0.774596669241404,0.447213595499856));
#5615=DIRECTION('',(-1.,0.,0.));
#5616=DIRECTION('center_axis',(0.,0.499999999999953,0.866025403784466));
#5617=DIRECTION('ref_axis',(0.,-0.866025403784466,0.499999999999953));
#5618=DIRECTION('',(0.447213595500199,0.774596669241403,-0.447213595499856));
#5619=DIRECTION('',(0.447213595500199,-0.774596669241403,0.447213595499856));
#5620=DIRECTION('',(-1.,0.,0.));
#5621=DIRECTION('center_axis',(0.,0.499999999999953,0.866025403784466));
#5622=DIRECTION('ref_axis',(0.,-0.866025403784466,0.499999999999953));
#5623=DIRECTION('',(0.447213595500199,0.774596669241403,-0.447213595499856));
#5624=DIRECTION('',(0.447213595500199,-0.774596669241403,0.447213595499856));
#5625=DIRECTION('',(-1.,0.,0.));
#5626=DIRECTION('center_axis',(0.,1.,0.));
#5627=DIRECTION('ref_axis',(0.,0.,1.));
#5628=DIRECTION('',(0.,0.,-1.));
#5629=DIRECTION('',(0.,0.,-1.));
#5630=DIRECTION('',(-1.,0.,0.));
#5631=DIRECTION('center_axis',(0.,1.,0.));
#5632=DIRECTION('ref_axis',(0.,0.,1.));
#5633=DIRECTION('',(0.,0.,-1.));
#5634=DIRECTION('',(0.,0.,-1.));
#5635=DIRECTION('',(-1.,0.,0.));
#5636=DIRECTION('center_axis',(0.,1.,0.));
#5637=DIRECTION('ref_axis',(0.,0.,1.));
#5638=DIRECTION('',(0.,0.,-1.));
#5639=DIRECTION('',(0.,0.,-1.));
#5640=DIRECTION('',(-1.,0.,0.));
#5641=DIRECTION('center_axis',(0.,1.,0.));
#5642=DIRECTION('ref_axis',(0.,0.,1.));
#5643=DIRECTION('',(0.,0.,-1.));
#5644=DIRECTION('',(0.,0.,-1.));
#5645=DIRECTION('',(-1.,0.,0.));
#5646=DIRECTION('center_axis',(0.,0.499999999999954,-0.866025403784465));
#5647=DIRECTION('ref_axis',(0.,0.866025403784465,0.499999999999954));
#5648=DIRECTION('',(-0.447213595500202,-0.774596669241402,-0.447213595499856));
#5649=DIRECTION('',(-0.4472135955002,0.774596669241403,0.447213595499856));
#5650=DIRECTION('center_axis',(0.,0.499999999999954,-0.866025403784465));
#5651=DIRECTION('ref_axis',(0.,0.866025403784465,0.499999999999954));
#5652=DIRECTION('',(-0.4472135955002,-0.774596669241403,-0.447213595499856));
#5653=DIRECTION('',(-0.447213595500197,0.774596669241404,0.447213595499857));
#5654=DIRECTION('center_axis',(0.,0.499999999999954,-0.866025403784465));
#5655=DIRECTION('ref_axis',(0.,0.866025403784465,0.499999999999954));
#5656=DIRECTION('',(-0.447213595500198,-0.774596669241403,-0.447213595499856));
#5657=DIRECTION('',(-0.447213595500198,0.774596669241403,0.447213595499856));
#5658=DIRECTION('center_axis',(0.,0.499999999999954,-0.866025403784465));
#5659=DIRECTION('ref_axis',(0.,0.866025403784465,0.499999999999954));
#5660=DIRECTION('',(-0.447213595500198,-0.774596669241403,-0.447213595499856));
#5661=DIRECTION('',(-0.447213595500199,0.774596669241403,0.447213595499856));
#5662=DIRECTION('center_axis',(0.,0.,-1.));
#5663=DIRECTION('ref_axis',(-1.,0.,0.));
#5664=DIRECTION('',(0.,-1.,0.));
#5665=DIRECTION('',(-1.,0.,0.));
#5666=DIRECTION('',(0.,-1.,0.));
#5667=DIRECTION('',(-1.,0.,0.));
#5668=DIRECTION('center_axis',(0.,-0.558600379479041,-0.829436927105293));
#5669=DIRECTION('ref_axis',(0.,0.829436927105293,-0.558600379479041));
#5670=DIRECTION('',(0.,0.829436927105293,-0.558600379479041));
#5671=DIRECTION('',(-1.,0.,0.));
#5672=DIRECTION('',(0.,-0.829436927105293,0.558600379479041));
#5673=DIRECTION('',(0.,0.829436927105293,-0.558600379479041));
#5674=DIRECTION('',(-1.,0.,0.));
#5675=DIRECTION('',(0.,-0.829436927105293,0.558600379479041));
#5676=DIRECTION('',(0.,0.829436927105293,-0.558600379479041));
#5677=DIRECTION('',(-1.,0.,0.));
#5678=DIRECTION('',(0.,-0.829436927105293,0.558600379479041));
#5679=DIRECTION('',(0.,0.829436927105293,-0.558600379479041));
#5680=DIRECTION('',(-1.,0.,0.));
#5681=DIRECTION('',(0.,-0.829436927105293,0.558600379479041));
#5682=DIRECTION('',(0.,-0.829436927105293,0.558600379479041));
#5683=DIRECTION('',(-1.,0.,0.));
#5684=DIRECTION('',(0.,-0.829436927105293,0.558600379479041));
#5685=DIRECTION('center_axis',(0.,-0.558600379479076,0.82943692710527));
#5686=DIRECTION('ref_axis',(0.,-0.82943692710527,-0.558600379479076));
#5687=DIRECTION('',(0.,-0.82943692710527,-0.558600379479076));
#5688=DIRECTION('',(0.,0.82943692710527,0.558600379479076));
#5689=DIRECTION('',(0.,0.82943692710527,0.558600379479076));
#5690=DIRECTION('',(-1.,0.,0.));
#5691=DIRECTION('',(0.,0.82943692710527,0.558600379479076));
#5692=DIRECTION('',(1.,0.,0.));
#5693=DIRECTION('',(0.,-0.82943692710527,-0.558600379479076));
#5694=DIRECTION('',(0.,0.82943692710527,0.558600379479076));
#5695=DIRECTION('',(1.,0.,0.));
#5696=DIRECTION('',(0.,-0.82943692710527,-0.558600379479076));
#5697=DIRECTION('',(0.,0.82943692710527,0.558600379479076));
#5698=DIRECTION('',(1.,0.,0.));
#5699=DIRECTION('',(0.,-0.82943692710527,-0.558600379479076));
#5700=DIRECTION('',(0.,0.82943692710527,0.558600379479076));
#5701=DIRECTION('',(1.,0.,0.));
#5702=DIRECTION('center_axis',(0.,0.,1.));
#5703=DIRECTION('ref_axis',(1.,0.,0.));
#5704=DIRECTION('',(0.,1.,0.));
#5705=DIRECTION('',(0.,1.,0.));
#5706=DIRECTION('',(-1.,0.,0.));
#5707=DIRECTION('center_axis',(0.,0.499999999999953,0.866025403784466));
#5708=DIRECTION('ref_axis',(0.,-0.866025403784466,0.499999999999953));
#5709=DIRECTION('',(0.4472135955002,0.774596669241403,-0.447213595499856));
#5710=DIRECTION('',(0.447213595500199,-0.774596669241403,0.447213595499856));
#5711=DIRECTION('',(-1.,0.,0.));
#5712=DIRECTION('center_axis',(0.,1.,0.));
#5713=DIRECTION('ref_axis',(0.,0.,1.));
#5714=DIRECTION('',(0.,0.,-1.));
#5715=DIRECTION('',(0.,0.,-1.));
#5716=DIRECTION('',(-1.,0.,0.));
#5717=DIRECTION('center_axis',(0.,0.500000000000025,-0.866025403784424));
#5718=DIRECTION('ref_axis',(0.,0.866025403784424,0.500000000000025));
#5719=DIRECTION('',(-0.447213595500183,-0.774596669241373,-0.447213595499924));
#5720=DIRECTION('',(-0.447213595500181,0.774596669241373,0.447213595499925));
#5721=DIRECTION('',(-1.,0.,0.));
#5722=DIRECTION('center_axis',(0.,0.,-1.));
#5723=DIRECTION('ref_axis',(-1.,0.,0.));
#5724=DIRECTION('',(0.,-1.,0.));
#5725=DIRECTION('',(0.,-1.,0.));
#5726=DIRECTION('',(-1.,0.,0.));
#5727=DIRECTION('center_axis',(0.,1.,0.));
#5728=DIRECTION('ref_axis',(0.,0.,1.));
#5729=DIRECTION('',(-1.,0.,0.));
#5730=DIRECTION('',(0.,0.,-1.));
#5731=DIRECTION('',(0.,0.,-1.));
#5732=DIRECTION('',(0.,0.,-1.));
#5733=DIRECTION('',(0.,0.,-1.));
#5734=DIRECTION('',(0.,0.,-1.));
#5735=DIRECTION('',(0.,0.,-1.));
#5736=DIRECTION('',(0.,0.,-1.));
#5737=DIRECTION('',(0.,0.,-1.));
#5738=DIRECTION('',(0.,0.,-1.));
#5739=DIRECTION('',(0.,0.,-1.));
#5740=DIRECTION('',(0.,0.,-1.));
#5741=DIRECTION('',(0.,0.,-1.));
#5742=DIRECTION('',(0.,0.,-1.));
#5743=DIRECTION('',(0.,0.,-1.));
#5744=DIRECTION('',(0.,0.,-1.));
#5745=DIRECTION('',(0.,0.,-1.));
#5746=DIRECTION('',(0.,0.,-1.));
#5747=DIRECTION('',(0.,0.,-1.));
#5748=DIRECTION('center_axis',(0.,-1.76384813640513E-17,1.));
#5749=DIRECTION('ref_axis',(0.,-1.,-1.76384813640513E-17));
#5750=DIRECTION('',(0.,1.,1.76384813640513E-17));
#5751=DIRECTION('',(0.,1.,1.76384813640513E-17));
#5752=DIRECTION('',(-1.,0.,0.));
#5753=DIRECTION('center_axis',(0.,0.499999999999953,0.866025403784466));
#5754=DIRECTION('ref_axis',(0.,-0.866025403784466,0.499999999999953));
#5755=DIRECTION('',(0.4472135955002,0.774596669241403,-0.447213595499856));
#5756=DIRECTION('',(0.447213595500199,-0.774596669241403,0.447213595499856));
#5757=DIRECTION('',(-1.,0.,0.));
#5758=DIRECTION('center_axis',(0.,1.,0.));
#5759=DIRECTION('ref_axis',(0.,0.,1.));
#5760=DIRECTION('',(0.,0.,-1.));
#5761=DIRECTION('',(0.,0.,-1.));
#5762=DIRECTION('',(-1.,0.,0.));
#5763=DIRECTION('center_axis',(0.,0.499999999999954,-0.866025403784465));
#5764=DIRECTION('ref_axis',(0.,0.866025403784465,0.499999999999954));
#5765=DIRECTION('',(-0.4472135955002,-0.774596669241403,-0.447213595499856));
#5766=DIRECTION('',(-0.447213595500198,0.774596669241403,0.447213595499856));
#5767=DIRECTION('center_axis',(1.,0.,0.));
#5768=DIRECTION('ref_axis',(0.,0.,-1.));
#5769=DIRECTION('',(0.,0.,-1.));
#5770=DIRECTION('',(0.,0.,-1.));
#5771=DIRECTION('center_axis',(1.,0.,0.));
#5772=DIRECTION('ref_axis',(0.,0.,-1.));
#5773=DIRECTION('',(0.,0.,-1.));
#5774=DIRECTION('',(0.,0.,-1.));
#5775=DIRECTION('center_axis',(0.866025403784298,-0.500000000000244,0.));
#5776=DIRECTION('ref_axis',(0.500000000000244,0.866025403784298,0.));
#5777=DIRECTION('center_axis',(0.866025403784298,-0.500000000000244,0.));
#5778=DIRECTION('ref_axis',(0.500000000000244,0.866025403784298,0.));
#5779=DIRECTION('center_axis',(-0.8660254037843,-0.500000000000241,0.));
#5780=DIRECTION('ref_axis',(0.500000000000241,-0.8660254037843,0.));
#5781=DIRECTION('center_axis',(-0.8660254037843,-0.500000000000241,0.));
#5782=DIRECTION('ref_axis',(0.500000000000241,-0.8660254037843,0.));
#5783=DIRECTION('center_axis',(-0.866025403784299,-0.500000000000241,0.));
#5784=DIRECTION('ref_axis',(0.500000000000241,-0.866025403784299,0.));
#5785=DIRECTION('',(0.,0.,-1.));
#5786=DIRECTION('center_axis',(0.866025403784299,-0.500000000000242,0.));
#5787=DIRECTION('ref_axis',(0.500000000000242,0.866025403784299,0.));
#5788=DIRECTION('',(0.,0.,-1.));
#5789=DIRECTION('center_axis',(1.,0.,0.));
#5790=DIRECTION('ref_axis',(0.,0.,-1.));
#5791=DIRECTION('center_axis',(-1.,0.,0.));
#5792=DIRECTION('ref_axis',(0.,0.,1.));
#5793=DIRECTION('center_axis',(-0.8660254037843,-0.500000000000241,0.));
#5794=DIRECTION('ref_axis',(0.500000000000241,-0.8660254037843,0.));
#5795=DIRECTION('',(0.,0.,-1.));
#5796=DIRECTION('center_axis',(0.8660254037843,-0.500000000000241,0.));
#5797=DIRECTION('ref_axis',(0.500000000000241,0.8660254037843,0.));
#5798=DIRECTION('',(0.,0.,-1.));
#5799=DIRECTION('center_axis',(1.,0.,0.));
#5800=DIRECTION('ref_axis',(0.,0.,-1.));
#5801=DIRECTION('center_axis',(-1.,0.,0.));
#5802=DIRECTION('ref_axis',(0.,0.,1.));
#5803=DIRECTION('center_axis',(-0.8660254037843,-0.500000000000239,0.));
#5804=DIRECTION('ref_axis',(0.500000000000239,-0.8660254037843,0.));
#5805=DIRECTION('',(0.,0.,-1.));
#5806=DIRECTION('center_axis',(0.8660254037843,-0.500000000000241,0.));
#5807=DIRECTION('ref_axis',(0.500000000000241,0.8660254037843,0.));
#5808=DIRECTION('',(0.,0.,-1.));
#5809=DIRECTION('center_axis',(1.,0.,0.));
#5810=DIRECTION('ref_axis',(0.,0.,-1.));
#5811=DIRECTION('center_axis',(-1.,0.,0.));
#5812=DIRECTION('ref_axis',(0.,0.,1.));
#5813=DIRECTION('center_axis',(-0.866025403784299,-0.500000000000242,0.));
#5814=DIRECTION('ref_axis',(0.500000000000242,-0.866025403784299,0.));
#5815=DIRECTION('',(0.,0.,-1.));
#5816=DIRECTION('center_axis',(0.866025403784299,-0.500000000000242,0.));
#5817=DIRECTION('ref_axis',(0.500000000000242,0.866025403784299,0.));
#5818=DIRECTION('',(0.,0.,-1.));
#5819=DIRECTION('center_axis',(1.,0.,0.));
#5820=DIRECTION('ref_axis',(0.,0.,-1.));
#5821=DIRECTION('center_axis',(-1.,0.,0.));
#5822=DIRECTION('ref_axis',(0.,0.,1.));
#5823=DIRECTION('center_axis',(1.,0.,0.));
#5824=DIRECTION('ref_axis',(0.,0.,-1.));
#5825=DIRECTION('',(0.,0.,-1.));
#5826=DIRECTION('center_axis',(-1.,0.,0.));
#5827=DIRECTION('ref_axis',(0.,0.,1.));
#5828=DIRECTION('',(0.,0.,-1.));
#5829=DIRECTION('center_axis',(0.866025403784299,-0.500000000000242,0.));
#5830=DIRECTION('ref_axis',(0.500000000000242,0.866025403784299,0.));
#5831=DIRECTION('center_axis',(-0.866025403784299,-0.500000000000241,0.));
#5832=DIRECTION('ref_axis',(0.500000000000241,-0.866025403784299,0.));
#5833=DIRECTION('center_axis',(1.,0.,0.));
#5834=DIRECTION('ref_axis',(0.,0.,-1.));
#5835=DIRECTION('',(0.,0.,-1.));
#5836=DIRECTION('center_axis',(-1.,0.,0.));
#5837=DIRECTION('ref_axis',(0.,0.,1.));
#5838=DIRECTION('',(0.,0.,-1.));
#5839=DIRECTION('center_axis',(0.8660254037843,-0.500000000000241,0.));
#5840=DIRECTION('ref_axis',(0.500000000000241,0.8660254037843,0.));
#5841=DIRECTION('center_axis',(-0.8660254037843,-0.500000000000241,0.));
#5842=DIRECTION('ref_axis',(0.500000000000241,-0.8660254037843,0.));
#5843=DIRECTION('center_axis',(1.,0.,0.));
#5844=DIRECTION('ref_axis',(0.,0.,-1.));
#5845=DIRECTION('',(0.,0.,-1.));
#5846=DIRECTION('center_axis',(-1.,0.,0.));
#5847=DIRECTION('ref_axis',(0.,0.,1.));
#5848=DIRECTION('',(0.,0.,-1.));
#5849=DIRECTION('center_axis',(0.8660254037843,-0.500000000000241,0.));
#5850=DIRECTION('ref_axis',(0.500000000000241,0.8660254037843,0.));
#5851=DIRECTION('center_axis',(-0.8660254037843,-0.500000000000239,0.));
#5852=DIRECTION('ref_axis',(0.500000000000239,-0.8660254037843,0.));
#5853=DIRECTION('center_axis',(-1.,0.,0.));
#5854=DIRECTION('ref_axis',(0.,0.,1.));
#5855=DIRECTION('',(0.,0.,-1.));
#5856=DIRECTION('center_axis',(1.,0.,0.));
#5857=DIRECTION('ref_axis',(0.,0.,-1.));
#5858=DIRECTION('',(0.,0.,-1.));
#5859=DIRECTION('center_axis',(-0.866025403784299,-0.500000000000242,0.));
#5860=DIRECTION('ref_axis',(0.500000000000242,-0.866025403784299,0.));
#5861=DIRECTION('center_axis',(0.866025403784299,-0.500000000000242,0.));
#5862=DIRECTION('ref_axis',(0.500000000000242,0.866025403784299,0.));
#5863=DIRECTION('',(1.61116389886344E-33,0.,1.));
#5864=DIRECTION('',(1.,0.,2.30013812138563E-34));
#5865=DIRECTION('',(1.61116389886344E-33,0.,1.));
#5866=DIRECTION('',(1.,0.,2.30013812138563E-34));
#5867=DIRECTION('',(1.61116389886344E-33,0.,1.));
#5868=DIRECTION('',(1.,0.,2.30013812138563E-34));
#5869=DIRECTION('',(-1.,5.55111512312579E-17,1.24900090270331E-16));
#5870=DIRECTION('',(-2.77555756156287E-17,-1.,-2.77555756156289E-16));
#5871=CARTESIAN_POINT('',(0.,0.,0.));
#5872=CARTESIAN_POINT('',(0.,0.,0.));
#5873=CARTESIAN_POINT('',(0.,0.,0.));
#5874=CARTESIAN_POINT('Origin',(0.099999999999999,0.005,0.1));
#5875=CARTESIAN_POINT('',(-0.0425,0.099,0.1));
#5876=CARTESIAN_POINT('',(-0.0425,0.205,0.1));
#5877=CARTESIAN_POINT('',(-0.0425,0.005,0.1));
#5878=CARTESIAN_POINT('',(-0.0525,0.225,0.1));
#5879=CARTESIAN_POINT('',(0.0659999999999998,-0.0119999999999996,0.1));
#5880=CARTESIAN_POINT('',(-0.1,0.225,0.1));
#5881=CARTESIAN_POINT('',(0.099999999999999,0.225,0.1));
#5882=CARTESIAN_POINT('',(-0.1,0.,0.1));
#5883=CARTESIAN_POINT('',(-0.1,0.005,0.1));
#5884=CARTESIAN_POINT('',(0.099999999999999,0.,0.1));
#5885=CARTESIAN_POINT('',(0.099999999999999,0.,0.1));
#5886=CARTESIAN_POINT('',(0.099999999999999,0.225,0.1));
#5887=CARTESIAN_POINT('',(0.099999999999999,0.005,0.1));
#5888=CARTESIAN_POINT('',(0.0525,0.225,0.1));
#5889=CARTESIAN_POINT('',(0.099999999999999,0.225,0.1));
#5890=CARTESIAN_POINT('',(0.0425,0.205,0.1));
#5891=CARTESIAN_POINT('',(-0.0260000000000002,0.0679999999999996,0.1));
#5892=CARTESIAN_POINT('',(0.0425,0.099,0.1));
#5893=CARTESIAN_POINT('',(0.0425,0.005,0.1));
#5894=CARTESIAN_POINT('',(0.099999999999999,0.099,0.1));
#5895=CARTESIAN_POINT('Origin',(-0.1,0.225,0.0675));
#5896=CARTESIAN_POINT('',(-0.1,0.225,0.0675));
#5897=CARTESIAN_POINT('',(-0.0525,0.225,0.0675));
#5898=CARTESIAN_POINT('',(-0.1,0.225,0.0675));
#5899=CARTESIAN_POINT('',(-0.0425,0.205,0.0675));
#5900=CARTESIAN_POINT('',(-0.0525,0.225,0.0675));
#5901=CARTESIAN_POINT('',(-0.0425,0.099,0.0675));
#5902=CARTESIAN_POINT('',(-0.0425,0.205,0.0675));
#5903=CARTESIAN_POINT('',(-0.1,0.099,0.0675));
#5904=CARTESIAN_POINT('',(0.,0.099,0.0675));
#5905=CARTESIAN_POINT('',(-0.1,0.225,0.0675));
#5906=CARTESIAN_POINT('Origin',(-0.1,0.225,0.0675));
#5907=CARTESIAN_POINT('',(0.1,0.099,0.0675));
#5908=CARTESIAN_POINT('',(0.0425,0.099,0.0675));
#5909=CARTESIAN_POINT('',(0.,0.099,0.0675));
#5910=CARTESIAN_POINT('',(0.0425,0.205,0.0675));
#5911=CARTESIAN_POINT('',(0.0425,0.099,0.0675));
#5912=CARTESIAN_POINT('',(0.0525,0.225,0.0675));
#5913=CARTESIAN_POINT('',(0.0425,0.205,0.0675));
#5914=CARTESIAN_POINT('',(0.1,0.225,0.0675));
#5915=CARTESIAN_POINT('',(-0.1,0.225,0.0675));
#5916=CARTESIAN_POINT('',(0.1,0.225,0.0675));
#5917=CARTESIAN_POINT('Origin',(0.,0.225,0.));
#5918=CARTESIAN_POINT('',(-0.0525,0.225,0.));
#5919=CARTESIAN_POINT('',(-0.1,0.225,0.1));
#5920=CARTESIAN_POINT('Origin',(0.,0.225,0.));
#5921=CARTESIAN_POINT('',(0.0525,0.225,0.));
#5922=CARTESIAN_POINT('',(0.1,0.225,0.0675));
#5923=CARTESIAN_POINT('Origin',(-0.125,0.099,0.0675));
#5924=CARTESIAN_POINT('',(-0.1,0.,0.0675));
#5925=CARTESIAN_POINT('',(-0.1,0.0245,0.0675));
#5926=CARTESIAN_POINT('',(-0.1,0.099,0.0675));
#5927=CARTESIAN_POINT('',(-0.125,0.0245,0.067500000000002));
#5928=CARTESIAN_POINT('',(0.125,0.0245,0.067500000000002));
#5929=CARTESIAN_POINT('',(-0.125,0.,0.0675));
#5930=CARTESIAN_POINT('',(-0.125,0.099,0.0675));
#5931=CARTESIAN_POINT('',(-0.125,0.,0.0675));
#5932=CARTESIAN_POINT('Origin',(-0.125,0.099,0.0675));
#5933=CARTESIAN_POINT('',(-0.1,0.0745,0.067500000000002));
#5934=CARTESIAN_POINT('',(-0.125,0.0745,0.067500000000002));
#5935=CARTESIAN_POINT('',(0.125,0.0745,0.067500000000002));
#5936=CARTESIAN_POINT('',(-0.1,0.225,0.0675));
#5937=CARTESIAN_POINT('',(-0.125,0.099,0.0675));
#5938=CARTESIAN_POINT('',(-0.125,0.099,0.0675));
#5939=CARTESIAN_POINT('',(-0.125,0.099,0.0675));
#5940=CARTESIAN_POINT('Origin',(0.125,0.099,-0.0675));
#5941=CARTESIAN_POINT('',(-0.1,0.0245,-0.0675));
#5942=CARTESIAN_POINT('',(-0.125,0.0245,-0.067500000000002));
#5943=CARTESIAN_POINT('',(0.125,0.0245,-0.067500000000002));
#5944=CARTESIAN_POINT('',(-0.1,0.,-0.0675));
#5945=CARTESIAN_POINT('',(-0.1,0.099,-0.0675));
#5946=CARTESIAN_POINT('',(-0.125,0.,-0.0675));
#5947=CARTESIAN_POINT('',(0.125,0.,-0.0675));
#5948=CARTESIAN_POINT('',(-0.125,0.099,-0.0675));
#5949=CARTESIAN_POINT('Origin',(0.125,0.099,-0.0675));
#5950=CARTESIAN_POINT('',(-0.1,0.099,-0.0675));
#5951=CARTESIAN_POINT('',(-0.125,0.099,-0.0675));
#5952=CARTESIAN_POINT('',(0.125,0.099,-0.0675));
#5953=CARTESIAN_POINT('',(-0.1,0.0745,-0.0675));
#5954=CARTESIAN_POINT('',(-0.1,0.225,-0.0675));
#5955=CARTESIAN_POINT('',(-0.125,0.0745,-0.0675));
#5956=CARTESIAN_POINT('',(0.125,0.0745,-0.067500000000002));
#5957=CARTESIAN_POINT('',(-0.125,0.099,-0.0675));
#5958=CARTESIAN_POINT('Origin',(0.092,0.099,-0.0325));
#5959=CARTESIAN_POINT('',(0.092,0.099,-0.0165));
#5960=CARTESIAN_POINT('',(0.092,0.005,-0.0165));
#5961=CARTESIAN_POINT('',(0.092,0.099,-0.0165));
#5962=CARTESIAN_POINT('',(0.092,0.005,-0.0325));
#5963=CARTESIAN_POINT('',(0.092,0.005,-0.0325));
#5964=CARTESIAN_POINT('',(0.092,0.099,-0.0325));
#5965=CARTESIAN_POINT('',(0.092,0.099,-0.0325));
#5966=CARTESIAN_POINT('',(0.092,0.099,-0.0325));
#5967=CARTESIAN_POINT('Origin',(0.092,0.099,0.0175));
#5968=CARTESIAN_POINT('',(0.092,0.099,0.0335));
#5969=CARTESIAN_POINT('',(0.092,0.005,0.0335));
#5970=CARTESIAN_POINT('',(0.092,0.099,0.0335));
#5971=CARTESIAN_POINT('',(0.092,0.005,0.0175));
#5972=CARTESIAN_POINT('',(0.092,0.005,0.0175));
#5973=CARTESIAN_POINT('',(0.092,0.099,0.0175));
#5974=CARTESIAN_POINT('',(0.092,0.099,0.0175));
#5975=CARTESIAN_POINT('',(0.092,0.099,0.0175));
#5976=CARTESIAN_POINT('Origin',(0.042,0.099,-0.0325));
#5977=CARTESIAN_POINT('',(0.042,0.099,-0.0165));
#5978=CARTESIAN_POINT('',(0.042,0.005,-0.0165));
#5979=CARTESIAN_POINT('',(0.042,0.099,-0.0165));
#5980=CARTESIAN_POINT('',(0.042,0.005,-0.0325));
#5981=CARTESIAN_POINT('',(0.042,0.005,-0.0325));
#5982=CARTESIAN_POINT('',(0.042,0.099,-0.0325));
#5983=CARTESIAN_POINT('',(0.042,0.099,-0.0325));
#5984=CARTESIAN_POINT('',(0.042,0.099,-0.0325));
#5985=CARTESIAN_POINT('Origin',(0.058,0.099,-0.0325));
#5986=CARTESIAN_POINT('',(0.058,0.005,-0.0325));
#5987=CARTESIAN_POINT('',(0.058,0.005,-0.0325));
#5988=CARTESIAN_POINT('',(0.058,0.099,-0.0325));
#5989=CARTESIAN_POINT('',(0.058,0.099,-0.0325));
#5990=CARTESIAN_POINT('',(0.058,0.099,-0.0325));
#5991=CARTESIAN_POINT('Origin',(0.058,0.099,-0.0165));
#5992=CARTESIAN_POINT('',(0.058,0.005,-0.0165));
#5993=CARTESIAN_POINT('',(0.058,0.005,-0.0165));
#5994=CARTESIAN_POINT('',(0.058,0.099,-0.0165));
#5995=CARTESIAN_POINT('',(0.058,0.099,-0.0165));
#5996=CARTESIAN_POINT('',(0.058,0.099,-0.0165));
#5997=CARTESIAN_POINT('Origin',(0.042,0.099,0.0175));
#5998=CARTESIAN_POINT('',(0.042,0.099,0.0335));
#5999=CARTESIAN_POINT('',(0.042,0.005,0.0335));
#6000=CARTESIAN_POINT('',(0.042,0.099,0.0335));
#6001=CARTESIAN_POINT('',(0.042,0.005,0.0175));
#6002=CARTESIAN_POINT('',(0.042,0.005,0.0175));
#6003=CARTESIAN_POINT('',(0.042,0.099,0.0175));
#6004=CARTESIAN_POINT('',(0.042,0.099,0.0175));
#6005=CARTESIAN_POINT('',(0.042,0.099,0.0175));
#6006=CARTESIAN_POINT('Origin',(0.058,0.099,0.0175));
#6007=CARTESIAN_POINT('',(0.058,0.005,0.0175));
#6008=CARTESIAN_POINT('',(0.058,0.005,0.0175));
#6009=CARTESIAN_POINT('',(0.058,0.099,0.0175));
#6010=CARTESIAN_POINT('',(0.058,0.099,0.0175));
#6011=CARTESIAN_POINT('',(0.058,0.099,0.0175));
#6012=CARTESIAN_POINT('Origin',(0.058,0.099,0.0335));
#6013=CARTESIAN_POINT('',(0.058,0.005,0.0335));
#6014=CARTESIAN_POINT('',(0.058,0.005,0.0335));
#6015=CARTESIAN_POINT('',(0.058,0.099,0.0335));
#6016=CARTESIAN_POINT('',(0.058,0.099,0.0335));
#6017=CARTESIAN_POINT('',(0.058,0.099,0.0335));
#6018=CARTESIAN_POINT('Origin',(-0.00799999999999999,0.099,-0.0325));
#6019=CARTESIAN_POINT('',(-0.00799999999999999,0.099,-0.0165));
#6020=CARTESIAN_POINT('',(-0.00799999999999999,0.005,-0.0165));
#6021=CARTESIAN_POINT('',(-0.00799999999999999,0.099,-0.0165));
#6022=CARTESIAN_POINT('',(-0.008,0.005,-0.0325));
#6023=CARTESIAN_POINT('',(-0.00799999999999999,0.005,-0.0325));
#6024=CARTESIAN_POINT('',(-0.00799999999999999,0.099,-0.0325));
#6025=CARTESIAN_POINT('',(-0.00799999999999999,0.099,-0.0325));
#6026=CARTESIAN_POINT('',(-0.00799999999999999,0.099,-0.0325));
#6027=CARTESIAN_POINT('Origin',(0.00800000000000001,0.099,-0.0325));
#6028=CARTESIAN_POINT('',(0.00800000000000001,0.005,-0.0325));
#6029=CARTESIAN_POINT('',(0.00800000000000001,0.005,-0.0325));
#6030=CARTESIAN_POINT('',(0.00800000000000001,0.099,-0.0325));
#6031=CARTESIAN_POINT('',(0.00800000000000001,0.099,-0.0325));
#6032=CARTESIAN_POINT('',(0.00800000000000001,0.099,-0.0325));
#6033=CARTESIAN_POINT('Origin',(0.00800000000000001,0.099,-0.0165));
#6034=CARTESIAN_POINT('',(0.00800000000000001,0.005,-0.0165));
#6035=CARTESIAN_POINT('',(0.00800000000000001,0.005,-0.0165));
#6036=CARTESIAN_POINT('',(0.00800000000000001,0.099,-0.0165));
#6037=CARTESIAN_POINT('',(0.00800000000000001,0.099,-0.0165));
#6038=CARTESIAN_POINT('',(0.00800000000000001,0.099,-0.0165));
#6039=CARTESIAN_POINT('Origin',(-0.00799999999999999,0.099,0.0175));
#6040=CARTESIAN_POINT('',(-0.00799999999999999,0.099,0.0335));
#6041=CARTESIAN_POINT('',(-0.00799999999999999,0.005,0.0335));
#6042=CARTESIAN_POINT('',(-0.00799999999999999,0.099,0.0335));
#6043=CARTESIAN_POINT('',(-0.008,0.005,0.0175));
#6044=CARTESIAN_POINT('',(-0.00799999999999999,0.005,0.0175));
#6045=CARTESIAN_POINT('',(-0.00799999999999999,0.099,0.0175));
#6046=CARTESIAN_POINT('',(-0.00799999999999999,0.099,0.0175));
#6047=CARTESIAN_POINT('',(-0.00799999999999999,0.099,0.0175));
#6048=CARTESIAN_POINT('Origin',(0.00800000000000001,0.099,0.0175));
#6049=CARTESIAN_POINT('',(0.00800000000000001,0.005,0.0175));
#6050=CARTESIAN_POINT('',(0.00800000000000001,0.005,0.0175));
#6051=CARTESIAN_POINT('',(0.00800000000000001,0.099,0.0175));
#6052=CARTESIAN_POINT('',(0.00800000000000001,0.099,0.0175));
#6053=CARTESIAN_POINT('',(0.00800000000000001,0.099,0.0175));
#6054=CARTESIAN_POINT('Origin',(0.00800000000000001,0.099,0.0335));
#6055=CARTESIAN_POINT('',(0.00800000000000001,0.005,0.0335));
#6056=CARTESIAN_POINT('',(0.00800000000000001,0.005,0.0335));
#6057=CARTESIAN_POINT('',(0.00800000000000001,0.099,0.0335));
#6058=CARTESIAN_POINT('',(0.00800000000000001,0.099,0.0335));
#6059=CARTESIAN_POINT('',(0.00800000000000001,0.099,0.0335));
#6060=CARTESIAN_POINT('Origin',(-0.058,0.099,-0.0325));
#6061=CARTESIAN_POINT('',(-0.058,0.099,-0.0165));
#6062=CARTESIAN_POINT('',(-0.058,0.005,-0.0165));
#6063=CARTESIAN_POINT('',(-0.058,0.099,-0.0165));
#6064=CARTESIAN_POINT('',(-0.058,0.005,-0.0325));
#6065=CARTESIAN_POINT('',(-0.058,0.005,-0.0325));
#6066=CARTESIAN_POINT('',(-0.058,0.099,-0.0325));
#6067=CARTESIAN_POINT('',(-0.058,0.099,-0.0325));
#6068=CARTESIAN_POINT('',(-0.058,0.099,-0.0325));
#6069=CARTESIAN_POINT('Origin',(-0.042,0.099,-0.0325));
#6070=CARTESIAN_POINT('',(-0.042,0.005,-0.0325));
#6071=CARTESIAN_POINT('',(-0.042,0.005,-0.0325));
#6072=CARTESIAN_POINT('',(-0.042,0.099,-0.0325));
#6073=CARTESIAN_POINT('',(-0.042,0.099,-0.0325));
#6074=CARTESIAN_POINT('',(-0.042,0.099,-0.0325));
#6075=CARTESIAN_POINT('Origin',(-0.042,0.099,-0.0165));
#6076=CARTESIAN_POINT('',(-0.042,0.005,-0.0165));
#6077=CARTESIAN_POINT('',(-0.042,0.005,-0.0165));
#6078=CARTESIAN_POINT('',(-0.042,0.099,-0.0165));
#6079=CARTESIAN_POINT('',(-0.042,0.099,-0.0165));
#6080=CARTESIAN_POINT('',(-0.042,0.099,-0.0165));
#6081=CARTESIAN_POINT('Origin',(-0.058,0.099,0.0175));
#6082=CARTESIAN_POINT('',(-0.058,0.099,0.0335));
#6083=CARTESIAN_POINT('',(-0.058,0.005,0.0335));
#6084=CARTESIAN_POINT('',(-0.058,0.099,0.0335));
#6085=CARTESIAN_POINT('',(-0.058,0.005,0.0175));
#6086=CARTESIAN_POINT('',(-0.058,0.005,0.0175));
#6087=CARTESIAN_POINT('',(-0.058,0.099,0.0175));
#6088=CARTESIAN_POINT('',(-0.058,0.099,0.0175));
#6089=CARTESIAN_POINT('',(-0.058,0.099,0.0175));
#6090=CARTESIAN_POINT('Origin',(-0.042,0.099,0.0175));
#6091=CARTESIAN_POINT('',(-0.042,0.005,0.0175));
#6092=CARTESIAN_POINT('',(-0.042,0.005,0.0175));
#6093=CARTESIAN_POINT('',(-0.042,0.099,0.0175));
#6094=CARTESIAN_POINT('',(-0.042,0.099,0.0175));
#6095=CARTESIAN_POINT('',(-0.042,0.099,0.0175));
#6096=CARTESIAN_POINT('Origin',(-0.042,0.099,0.0335));
#6097=CARTESIAN_POINT('',(-0.042,0.005,0.0335));
#6098=CARTESIAN_POINT('',(-0.042,0.005,0.0335));
#6099=CARTESIAN_POINT('',(-0.042,0.099,0.0335));
#6100=CARTESIAN_POINT('',(-0.042,0.099,0.0335));
#6101=CARTESIAN_POINT('',(-0.042,0.099,0.0335));
#6102=CARTESIAN_POINT('Origin',(-0.092,0.099,-0.0165));
#6103=CARTESIAN_POINT('',(-0.092,0.099,-0.0325));
#6104=CARTESIAN_POINT('',(-0.092,0.005,-0.0325));
#6105=CARTESIAN_POINT('',(-0.092,0.099,-0.0325));
#6106=CARTESIAN_POINT('',(-0.092,0.005,-0.0165));
#6107=CARTESIAN_POINT('',(-0.092,0.005,-0.0165));
#6108=CARTESIAN_POINT('',(-0.092,0.099,-0.0165));
#6109=CARTESIAN_POINT('',(-0.092,0.099,-0.0165));
#6110=CARTESIAN_POINT('',(-0.092,0.099,-0.0165));
#6111=CARTESIAN_POINT('Origin',(-0.092,0.099,0.0335));
#6112=CARTESIAN_POINT('',(-0.092,0.099,0.0175));
#6113=CARTESIAN_POINT('',(-0.092,0.005,0.0175));
#6114=CARTESIAN_POINT('',(-0.092,0.099,0.0175));
#6115=CARTESIAN_POINT('',(-0.092,0.005,0.0335));
#6116=CARTESIAN_POINT('',(-0.092,0.005,0.0335));
#6117=CARTESIAN_POINT('',(-0.092,0.099,0.0335));
#6118=CARTESIAN_POINT('',(-0.092,0.099,0.0335));
#6119=CARTESIAN_POINT('',(-0.092,0.099,0.0335));
#6120=CARTESIAN_POINT('Origin',(0.042,0.099,-0.0165));
#6121=CARTESIAN_POINT('',(0.042,0.005,-0.0165));
#6122=CARTESIAN_POINT('',(0.042,0.099,-0.0165));
#6123=CARTESIAN_POINT('Origin',(0.042,0.099,0.0335));
#6124=CARTESIAN_POINT('',(0.042,0.005,0.0335));
#6125=CARTESIAN_POINT('',(0.042,0.099,0.0335));
#6126=CARTESIAN_POINT('Origin',(-0.00799999999999999,0.099,-0.0165));
#6127=CARTESIAN_POINT('',(-0.00799999999999999,0.005,-0.0165));
#6128=CARTESIAN_POINT('',(-0.00799999999999999,0.099,-0.0165));
#6129=CARTESIAN_POINT('Origin',(-0.00799999999999999,0.099,0.0335));
#6130=CARTESIAN_POINT('',(-0.00799999999999999,0.005,0.0335));
#6131=CARTESIAN_POINT('',(-0.00799999999999999,0.099,0.0335));
#6132=CARTESIAN_POINT('Origin',(-0.058,0.099,-0.0165));
#6133=CARTESIAN_POINT('',(-0.058,0.005,-0.0165));
#6134=CARTESIAN_POINT('',(-0.058,0.099,-0.0165));
#6135=CARTESIAN_POINT('Origin',(-0.058,0.099,0.0335));
#6136=CARTESIAN_POINT('',(-0.058,0.005,0.0335));
#6137=CARTESIAN_POINT('',(-0.058,0.099,0.0335));
#6138=CARTESIAN_POINT('Origin',(0.125,0.099,-0.0675));
#6139=CARTESIAN_POINT('',(0.100000000000002,0.,-0.0675));
#6140=CARTESIAN_POINT('',(0.1,0.0245,-0.0675));
#6141=CARTESIAN_POINT('',(0.100000000000004,0.099,-0.0675));
#6142=CARTESIAN_POINT('',(0.125,0.0245,-0.067500000000002));
#6143=CARTESIAN_POINT('',(0.125,0.0245,-0.067500000000002));
#6144=CARTESIAN_POINT('',(0.125,0.,-0.0675));
#6145=CARTESIAN_POINT('',(0.125,0.099,-0.0675));
#6146=CARTESIAN_POINT('',(0.125,0.,-0.0675));
#6147=CARTESIAN_POINT('Origin',(-0.125,0.099,0.0675));
#6148=CARTESIAN_POINT('',(0.125,0.0245,0.067500000000002));
#6149=CARTESIAN_POINT('',(0.1,0.0245,0.0675));
#6150=CARTESIAN_POINT('',(0.125,0.0245,0.067500000000002));
#6151=CARTESIAN_POINT('',(0.1,0.,0.0675));
#6152=CARTESIAN_POINT('',(0.1,0.099,0.0675));
#6153=CARTESIAN_POINT('',(0.125,0.,0.0675));
#6154=CARTESIAN_POINT('',(-0.125,0.,0.0675));
#6155=CARTESIAN_POINT('',(0.125,0.099,0.0675));
#6156=CARTESIAN_POINT('Origin',(-0.125,0.099,-0.0675));
#6157=CARTESIAN_POINT('',(-0.125,0.0245,-0.0575));
#6158=CARTESIAN_POINT('',(-0.125,0.0745,-0.0575));
#6159=CARTESIAN_POINT('',(-0.125,0.0245,-0.0575));
#6160=CARTESIAN_POINT('',(-0.125,0.0245,-0.067500000000002));
#6161=CARTESIAN_POINT('',(-0.125,0.,-0.0675));
#6162=CARTESIAN_POINT('',(-0.125,0.0245,0.0575));
#6163=CARTESIAN_POINT('',(-0.125,0.0245,0.0575));
#6164=CARTESIAN_POINT('',(-0.125,0.0745,0.0575));
#6165=CARTESIAN_POINT('',(-0.125,0.0745,0.0575));
#6166=CARTESIAN_POINT('',(-0.125,0.0745,0.067500000000002));
#6167=CARTESIAN_POINT('',(-0.125,0.099,-0.0675));
#6168=CARTESIAN_POINT('',(-0.125,0.0745,-0.0575));
#6169=CARTESIAN_POINT('Origin',(-0.125,0.099,0.0675));
#6170=CARTESIAN_POINT('',(0.125,0.099,0.0675));
#6171=CARTESIAN_POINT('',(-0.125,0.099,0.0675));
#6172=CARTESIAN_POINT('',(0.1,0.0745,0.0675));
#6173=CARTESIAN_POINT('',(0.1,0.225,0.0675));
#6174=CARTESIAN_POINT('',(0.125,0.0745,0.067500000000002));
#6175=CARTESIAN_POINT('',(0.125,0.0745,0.067500000000002));
#6176=CARTESIAN_POINT('',(0.125,0.099,0.0675));
#6177=CARTESIAN_POINT('Origin',(0.125,0.099,0.0675));
#6178=CARTESIAN_POINT('',(0.125,0.0245,-0.0575));
#6179=CARTESIAN_POINT('',(0.125,0.0245,-0.067500000000002));
#6180=CARTESIAN_POINT('',(0.125,0.0745,-0.0575));
#6181=CARTESIAN_POINT('',(0.125,0.0245,-0.0575));
#6182=CARTESIAN_POINT('',(0.125,0.0745,-0.067500000000002));
#6183=CARTESIAN_POINT('',(0.125,0.0745,-0.0575));
#6184=CARTESIAN_POINT('',(0.125,0.099,-0.0675));
#6185=CARTESIAN_POINT('',(0.125,0.099,-0.0675));
#6186=CARTESIAN_POINT('',(0.125,0.099,0.0675));
#6187=CARTESIAN_POINT('',(0.125,0.0745,0.0575));
#6188=CARTESIAN_POINT('',(0.125,0.0745,0.067500000000002));
#6189=CARTESIAN_POINT('',(0.125,0.0245,0.0575));
#6190=CARTESIAN_POINT('',(0.125,0.0745,0.0575));
#6191=CARTESIAN_POINT('',(0.125,0.0245,0.0575));
#6192=CARTESIAN_POINT('',(0.125,0.,0.0675));
#6193=CARTESIAN_POINT('Origin',(0.108,0.099,-0.0325));
#6194=CARTESIAN_POINT('',(0.100000000000003,0.,-0.0325));
#6195=CARTESIAN_POINT('',(0.100000000000003,0.005,-0.0325));
#6196=CARTESIAN_POINT('',(0.100000000000003,0.099,-0.0325));
#6197=CARTESIAN_POINT('',(0.108,0.,-0.0325));
#6198=CARTESIAN_POINT('',(0.108,0.,-0.0325));
#6199=CARTESIAN_POINT('',(0.108,0.099,-0.0325));
#6200=CARTESIAN_POINT('',(0.108,0.099,-0.0325));
#6201=CARTESIAN_POINT('',(0.108,0.099,-0.0325));
#6202=CARTESIAN_POINT('',(0.108,0.005,-0.0325));
#6203=CARTESIAN_POINT('Origin',(0.108,0.099,-0.0165));
#6204=CARTESIAN_POINT('',(0.108,0.,-0.0165));
#6205=CARTESIAN_POINT('',(0.108,0.,-0.0165));
#6206=CARTESIAN_POINT('',(0.108,0.099,-0.0165));
#6207=CARTESIAN_POINT('',(0.108,0.099,-0.0165));
#6208=CARTESIAN_POINT('',(0.108,0.099,-0.0165));
#6209=CARTESIAN_POINT('Origin',(0.108,0.099,0.0175));
#6210=CARTESIAN_POINT('',(0.100000000000002,0.,0.0175));
#6211=CARTESIAN_POINT('',(0.100000000000002,0.005,0.0175));
#6212=CARTESIAN_POINT('',(0.100000000000002,0.099,0.0175));
#6213=CARTESIAN_POINT('',(0.108,0.,0.0175));
#6214=CARTESIAN_POINT('',(0.108,0.,0.0175));
#6215=CARTESIAN_POINT('',(0.108,0.099,0.0175));
#6216=CARTESIAN_POINT('',(0.108,0.099,0.0175));
#6217=CARTESIAN_POINT('',(0.108,0.099,0.0175));
#6218=CARTESIAN_POINT('',(0.108,0.005,0.0175));
#6219=CARTESIAN_POINT('Origin',(0.108,0.099,0.0335));
#6220=CARTESIAN_POINT('',(0.108,0.,0.0335));
#6221=CARTESIAN_POINT('',(0.108,0.,0.0335));
#6222=CARTESIAN_POINT('',(0.108,0.099,0.0335));
#6223=CARTESIAN_POINT('',(0.108,0.099,0.0335));
#6224=CARTESIAN_POINT('',(0.108,0.099,0.0335));
#6225=CARTESIAN_POINT('Origin',(-0.108,0.099,-0.0325));
#6226=CARTESIAN_POINT('',(-0.108,0.,-0.0325));
#6227=CARTESIAN_POINT('',(-0.108,0.,-0.0165));
#6228=CARTESIAN_POINT('',(-0.108,0.,-0.0325));
#6229=CARTESIAN_POINT('',(-0.108,0.099,-0.0325));
#6230=CARTESIAN_POINT('',(-0.108,0.099,-0.0325));
#6231=CARTESIAN_POINT('',(-0.108,0.099,-0.0165));
#6232=CARTESIAN_POINT('',(-0.108,0.099,-0.0325));
#6233=CARTESIAN_POINT('',(-0.108,0.099,-0.0165));
#6234=CARTESIAN_POINT('Origin',(-0.092,0.099,-0.0325));
#6235=CARTESIAN_POINT('',(-0.1,0.005,-0.0325));
#6236=CARTESIAN_POINT('',(-0.1,0.,-0.0325));
#6237=CARTESIAN_POINT('',(-0.1,0.099,-0.0325));
#6238=CARTESIAN_POINT('',(-0.092,0.005,-0.0325));
#6239=CARTESIAN_POINT('',(-0.092,0.099,-0.0325));
#6240=CARTESIAN_POINT('',(-0.092,0.,-0.0325));
#6241=CARTESIAN_POINT('Origin',(-0.108,0.099,0.0175));
#6242=CARTESIAN_POINT('',(-0.108,0.,0.0175));
#6243=CARTESIAN_POINT('',(-0.108,0.,0.0335));
#6244=CARTESIAN_POINT('',(-0.108,0.,0.0175));
#6245=CARTESIAN_POINT('',(-0.108,0.099,0.0175));
#6246=CARTESIAN_POINT('',(-0.108,0.099,0.0175));
#6247=CARTESIAN_POINT('',(-0.108,0.099,0.0335));
#6248=CARTESIAN_POINT('',(-0.108,0.099,0.0175));
#6249=CARTESIAN_POINT('',(-0.108,0.099,0.0335));
#6250=CARTESIAN_POINT('Origin',(-0.092,0.099,0.0175));
#6251=CARTESIAN_POINT('',(-0.1,0.005,0.0175));
#6252=CARTESIAN_POINT('',(-0.1,0.,0.0175));
#6253=CARTESIAN_POINT('',(-0.1,0.099,0.0175));
#6254=CARTESIAN_POINT('',(-0.092,0.005,0.0175));
#6255=CARTESIAN_POINT('',(-0.092,0.099,0.0175));
#6256=CARTESIAN_POINT('',(-0.092,0.,0.0175));
#6257=CARTESIAN_POINT('Origin',(0.092,0.099,-0.0165));
#6258=CARTESIAN_POINT('',(0.100000000000003,0.005,-0.0165));
#6259=CARTESIAN_POINT('',(0.100000000000002,0.,-0.0165));
#6260=CARTESIAN_POINT('',(0.100000000000003,0.099,-0.0165));
#6261=CARTESIAN_POINT('',(0.092,0.005,-0.0165));
#6262=CARTESIAN_POINT('',(0.092,0.099,-0.0165));
#6263=CARTESIAN_POINT('',(0.092,0.,-0.0165));
#6264=CARTESIAN_POINT('Origin',(0.092,0.099,0.0335));
#6265=CARTESIAN_POINT('',(0.100000000000001,0.005,0.0335));
#6266=CARTESIAN_POINT('',(0.100000000000002,0.,0.0335));
#6267=CARTESIAN_POINT('',(0.100000000000001,0.099,0.0335));
#6268=CARTESIAN_POINT('',(0.092,0.005,0.0335));
#6269=CARTESIAN_POINT('',(0.092,0.099,0.0335));
#6270=CARTESIAN_POINT('',(0.092,0.,0.0335));
#6271=CARTESIAN_POINT('Origin',(-0.108,0.099,-0.0165));
#6272=CARTESIAN_POINT('',(-0.1,0.,-0.0165));
#6273=CARTESIAN_POINT('',(-0.1,0.005,-0.0165));
#6274=CARTESIAN_POINT('',(-0.1,0.099,-0.0165));
#6275=CARTESIAN_POINT('',(-0.108,0.,-0.0165));
#6276=CARTESIAN_POINT('',(-0.108,0.099,-0.0165));
#6277=CARTESIAN_POINT('',(-0.108,0.005,-0.0165));
#6278=CARTESIAN_POINT('Origin',(-0.108,0.099,0.0335));
#6279=CARTESIAN_POINT('',(-0.1,0.,0.0335));
#6280=CARTESIAN_POINT('',(-0.1,0.005,0.0335));
#6281=CARTESIAN_POINT('',(-0.1,0.099,0.0335));
#6282=CARTESIAN_POINT('',(-0.108,0.,0.0335));
#6283=CARTESIAN_POINT('',(-0.108,0.099,0.0335));
#6284=CARTESIAN_POINT('',(-0.108,0.005,0.0335));
#6285=CARTESIAN_POINT('Origin',(0.125,0.099,-0.0675));
#6286=CARTESIAN_POINT('',(0.1,0.0745,-0.067500000000002));
#6287=CARTESIAN_POINT('',(0.125,0.0745,-0.067500000000002));
#6288=CARTESIAN_POINT('',(0.1,0.099,-0.0675));
#6289=CARTESIAN_POINT('',(0.1,0.225,-0.0675));
#6290=CARTESIAN_POINT('',(0.125,0.099,-0.0675));
#6291=CARTESIAN_POINT('Origin',(0.,0.099,0.));
#6292=CARTESIAN_POINT('',(-0.0425,0.099,0.2925));
#6293=CARTESIAN_POINT('',(0.0425,0.099,0.2925));
#6294=CARTESIAN_POINT('',(0.,0.099,-0.0675));
#6295=CARTESIAN_POINT('Origin',(0.,0.,0.));
#6296=CARTESIAN_POINT('',(0.100000000000005,0.,-0.1));
#6297=CARTESIAN_POINT('',(-0.1,0.,0.1));
#6298=CARTESIAN_POINT('',(-0.1,0.,-0.1));
#6299=CARTESIAN_POINT('',(-0.1,0.,0.1));
#6300=CARTESIAN_POINT('',(0.100000000000005,0.,-0.1));
#6301=CARTESIAN_POINT('',(-0.1,0.,-0.1));
#6302=CARTESIAN_POINT('',(0.100000000000005,0.,-0.1));
#6303=CARTESIAN_POINT('',(-0.1,0.,0.1));
#6304=CARTESIAN_POINT('',(-0.1,0.,0.1));
#6305=CARTESIAN_POINT('',(0.100000000000005,0.,-0.1));
#6306=CARTESIAN_POINT('',(0.100000000000005,0.,-0.1));
#6307=CARTESIAN_POINT('Origin',(0.125,0.0745,0.0575));
#6308=CARTESIAN_POINT('',(0.125,0.0245,0.0575));
#6309=CARTESIAN_POINT('',(0.125,0.0745,0.0575));
#6310=CARTESIAN_POINT('Origin',(0.125,0.0245,0.0575));
#6311=CARTESIAN_POINT('',(0.125,0.0245,0.0675));
#6312=CARTESIAN_POINT('Origin',(0.125,0.0745,0.067500000000002));
#6313=CARTESIAN_POINT('',(0.125,0.0745,0.0675));
#6314=CARTESIAN_POINT('Origin',(0.125,0.0245,-0.067500000000002));
#6315=CARTESIAN_POINT('',(0.125,0.0245,-0.0575));
#6316=CARTESIAN_POINT('',(0.125,0.0245,-0.0675));
#6317=CARTESIAN_POINT('Origin',(0.125,0.0245,-0.0575));
#6318=CARTESIAN_POINT('',(0.125,0.0745,-0.0575));
#6319=CARTESIAN_POINT('Origin',(0.125,0.0745,-0.0575));
#6320=CARTESIAN_POINT('',(0.125,0.0745,-0.0675));
#6321=CARTESIAN_POINT('Origin',(0.,0.005,0.));
#6322=CARTESIAN_POINT('',(-0.1,0.005,0.1));
#6323=CARTESIAN_POINT('Origin',(-0.1,0.005,0.1));
#6324=CARTESIAN_POINT('Origin',(0.,0.005,0.));
#6325=CARTESIAN_POINT('',(-0.1,0.005,0.1));
#6326=CARTESIAN_POINT('Origin',(-0.1,0.005,0.1));
#6327=CARTESIAN_POINT('Origin',(0.,0.005,0.));
#6328=CARTESIAN_POINT('Origin',(0.,0.005,0.));
#6329=CARTESIAN_POINT('Origin',(0.,0.005,0.));
#6330=CARTESIAN_POINT('Origin',(0.,0.005,0.));
#6331=CARTESIAN_POINT('Origin',(0.,0.005,0.));
#6332=CARTESIAN_POINT('Origin',(0.,0.005,0.));
#6333=CARTESIAN_POINT('Origin',(0.,0.005,0.));
#6334=CARTESIAN_POINT('',(0.100000000000005,0.005,-0.1));
#6335=CARTESIAN_POINT('Origin',(0.100000000000005,0.005,-0.1));
#6336=CARTESIAN_POINT('Origin',(0.,0.005,0.));
#6337=CARTESIAN_POINT('',(0.100000000000005,0.005,-0.1));
#6338=CARTESIAN_POINT('Origin',(0.100000000000005,0.005,-0.1));
#6339=CARTESIAN_POINT('Origin',(0.100000000000005,0.005,-0.1));
#6340=CARTESIAN_POINT('',(0.1,0.225,0.0675));
#6341=CARTESIAN_POINT('Origin',(-0.1,0.005,0.1));
#6342=CARTESIAN_POINT('',(-0.1,0.225,0.0675));
#6343=CARTESIAN_POINT('Origin',(-0.1,0.005,0.1));
#6344=CARTESIAN_POINT('',(-0.1,0.225,-0.0675));
#6345=CARTESIAN_POINT('',(-0.1,0.225,-0.0675));
#6346=CARTESIAN_POINT('',(-0.1,0.225,-0.0675));
#6347=CARTESIAN_POINT('',(-0.1,0.225,-0.1));
#6348=CARTESIAN_POINT('',(-0.1,0.225,-0.0675));
#6349=CARTESIAN_POINT('',(-0.1,0.005,-0.1));
#6350=CARTESIAN_POINT('Origin',(0.100000000000005,0.005,-0.1));
#6351=CARTESIAN_POINT('',(0.1,0.225,-0.1));
#6352=CARTESIAN_POINT('',(0.100000000000005,0.005,-0.1));
#6353=CARTESIAN_POINT('',(0.1,0.225,-0.0675));
#6354=CARTESIAN_POINT('',(0.1,0.225,-0.1));
#6355=CARTESIAN_POINT('',(0.1,0.225,-0.0675));
#6356=CARTESIAN_POINT('',(0.1,0.225,-0.0675));
#6357=CARTESIAN_POINT('Origin',(-0.1,0.005,-0.1));
#6358=CARTESIAN_POINT('',(-0.1,0.225,-0.1));
#6359=CARTESIAN_POINT('Origin',(0.1,0.225,-0.0675));
#6360=CARTESIAN_POINT('Origin',(0.1,0.225,-0.0675));
#6361=CARTESIAN_POINT('',(0.1,0.225,-0.0675));
#6362=CARTESIAN_POINT('Origin',(0.,0.225,0.));
#6363=CARTESIAN_POINT('Origin',(-0.1,0.225,0.0675));
#6364=CARTESIAN_POINT('Origin',(-0.0525,0.225,0.2925));
#6365=CARTESIAN_POINT('',(-0.0425,0.205,0.2925));
#6366=CARTESIAN_POINT('Origin',(-0.0425,0.205,0.2925));
#6367=CARTESIAN_POINT('Origin',(0.0425,0.099,0.2925));
#6368=CARTESIAN_POINT('',(0.0425,0.205,0.2925));
#6369=CARTESIAN_POINT('Origin',(0.0425,0.205,0.2925));
#6370=CARTESIAN_POINT('',(0.,0.,0.));
#6371=CARTESIAN_POINT('Origin',(0.108,0.,-0.033));
#6372=CARTESIAN_POINT('',(0.092,0.,-0.033));
#6373=CARTESIAN_POINT('',(0.092,-0.0899999999999995,-0.033));
#6374=CARTESIAN_POINT('',(0.092,0.,-0.033));
#6375=CARTESIAN_POINT('',(0.108,0.,-0.033));
#6376=CARTESIAN_POINT('',(0.108,0.,-0.033));
#6377=CARTESIAN_POINT('',(0.108,-0.0899999999999995,-0.033));
#6378=CARTESIAN_POINT('',(0.108,0.,-0.033));
#6379=CARTESIAN_POINT('',(0.108,-0.0899999999999995,-0.033));
#6380=CARTESIAN_POINT('Origin',(0.108,0.,-0.033));
#6381=CARTESIAN_POINT('',(0.058,-0.0899999999999995,-0.033));
#6382=CARTESIAN_POINT('',(0.058,0.,-0.033));
#6383=CARTESIAN_POINT('',(0.058,0.,-0.033));
#6384=CARTESIAN_POINT('',(0.042,-0.0899999999999995,-0.033));
#6385=CARTESIAN_POINT('',(0.108,-0.0899999999999995,-0.033));
#6386=CARTESIAN_POINT('',(0.042,0.,-0.033));
#6387=CARTESIAN_POINT('',(0.042,0.,-0.033));
#6388=CARTESIAN_POINT('',(0.108,0.,-0.033));
#6389=CARTESIAN_POINT('Origin',(0.108,0.,-0.033));
#6390=CARTESIAN_POINT('',(0.00799999999999997,-0.0899999999999995,-0.033));
#6391=CARTESIAN_POINT('',(0.00799999999999997,0.,-0.033));
#6392=CARTESIAN_POINT('',(0.00799999999999997,0.,-0.033));
#6393=CARTESIAN_POINT('',(-0.00800000000000001,-0.0899999999999995,-0.033));
#6394=CARTESIAN_POINT('',(0.108,-0.0899999999999995,-0.033));
#6395=CARTESIAN_POINT('',(-0.00800000000000001,0.,-0.033));
#6396=CARTESIAN_POINT('',(-0.00800000000000001,0.,-0.033));
#6397=CARTESIAN_POINT('',(0.108,0.,-0.033));
#6398=CARTESIAN_POINT('Origin',(0.108,0.,-0.033));
#6399=CARTESIAN_POINT('',(-0.042,-0.0899999999999995,-0.033));
#6400=CARTESIAN_POINT('',(-0.042,0.,-0.033));
#6401=CARTESIAN_POINT('',(-0.042,0.,-0.033));
#6402=CARTESIAN_POINT('',(-0.058,-0.0899999999999995,-0.033));
#6403=CARTESIAN_POINT('',(0.108,-0.0899999999999995,-0.033));
#6404=CARTESIAN_POINT('',(-0.058,0.,-0.033));
#6405=CARTESIAN_POINT('',(-0.058,0.,-0.033));
#6406=CARTESIAN_POINT('',(0.108,0.,-0.033));
#6407=CARTESIAN_POINT('Origin',(0.108,-0.0899999999999995,-0.033));
#6408=CARTESIAN_POINT('',(0.092,-0.0900000000000005,-0.017));
#6409=CARTESIAN_POINT('',(0.092,-0.0899999999999995,-0.033));
#6410=CARTESIAN_POINT('',(0.108,-0.0900000000000005,-0.017));
#6411=CARTESIAN_POINT('',(0.108,-0.0899999999999995,-0.033));
#6412=CARTESIAN_POINT('',(0.108,-0.0900000000000005,-0.017));
#6413=CARTESIAN_POINT('Origin',(0.108,-0.0899999999999995,-0.033));
#6414=CARTESIAN_POINT('',(0.058,-0.0900000000000005,-0.017));
#6415=CARTESIAN_POINT('',(0.058,-0.0899999999999995,-0.033));
#6416=CARTESIAN_POINT('',(0.042,-0.0900000000000005,-0.017));
#6417=CARTESIAN_POINT('',(0.108,-0.0900000000000005,-0.017));
#6418=CARTESIAN_POINT('',(0.042,-0.0899999999999995,-0.033));
#6419=CARTESIAN_POINT('Origin',(0.108,-0.0899999999999995,-0.033));
#6420=CARTESIAN_POINT('',(0.00799999999999997,-0.0900000000000005,-0.017));
#6421=CARTESIAN_POINT('',(0.00799999999999997,-0.0899999999999995,-0.033));
#6422=CARTESIAN_POINT('',(-0.00800000000000001,-0.0900000000000005,-0.017));
#6423=CARTESIAN_POINT('',(0.108,-0.0900000000000005,-0.017));
#6424=CARTESIAN_POINT('',(-0.00800000000000001,-0.0899999999999995,-0.033));
#6425=CARTESIAN_POINT('Origin',(0.108,-0.0899999999999995,-0.033));
#6426=CARTESIAN_POINT('',(-0.042,-0.0900000000000005,-0.017));
#6427=CARTESIAN_POINT('',(-0.042,-0.0899999999999995,-0.033));
#6428=CARTESIAN_POINT('',(-0.058,-0.0900000000000005,-0.017));
#6429=CARTESIAN_POINT('',(0.108,-0.0900000000000005,-0.017));
#6430=CARTESIAN_POINT('',(-0.058,-0.0899999999999995,-0.033));
#6431=CARTESIAN_POINT('Origin',(0.108,-0.0900000000000005,-0.017));
#6432=CARTESIAN_POINT('',(0.092,0.01,-0.0169999999999989));
#6433=CARTESIAN_POINT('',(0.092,-0.0900000000000005,-0.017));
#6434=CARTESIAN_POINT('',(0.108,0.01,-0.0169999999999989));
#6435=CARTESIAN_POINT('',(0.108,-0.0900000000000005,-0.017));
#6436=CARTESIAN_POINT('',(0.108,0.01,-0.0169999999999989));
#6437=CARTESIAN_POINT('Origin',(0.108,-0.0900000000000005,-0.017));
#6438=CARTESIAN_POINT('',(0.058,0.01,-0.0169999999999989));
#6439=CARTESIAN_POINT('',(0.058,-0.0900000000000005,-0.017));
#6440=CARTESIAN_POINT('',(0.042,0.01,-0.0169999999999989));
#6441=CARTESIAN_POINT('',(0.108,0.01,-0.0169999999999989));
#6442=CARTESIAN_POINT('',(0.042,-0.0900000000000005,-0.017));
#6443=CARTESIAN_POINT('Origin',(0.108,-0.0900000000000005,-0.017));
#6444=CARTESIAN_POINT('',(0.00799999999999997,0.01,-0.0169999999999989));
#6445=CARTESIAN_POINT('',(0.00799999999999997,-0.0900000000000005,-0.017));
#6446=CARTESIAN_POINT('',(-0.00800000000000001,0.01,-0.0169999999999989));
#6447=CARTESIAN_POINT('',(0.108,0.01,-0.0169999999999989));
#6448=CARTESIAN_POINT('',(-0.00800000000000001,-0.0900000000000005,-0.017));
#6449=CARTESIAN_POINT('Origin',(0.108,-0.0900000000000005,-0.017));
#6450=CARTESIAN_POINT('',(-0.042,0.01,-0.0169999999999989));
#6451=CARTESIAN_POINT('',(-0.042,-0.0900000000000005,-0.017));
#6452=CARTESIAN_POINT('',(-0.058,0.01,-0.0169999999999989));
#6453=CARTESIAN_POINT('',(0.108,0.01,-0.0169999999999989));
#6454=CARTESIAN_POINT('',(-0.058,-0.0900000000000005,-0.017));
#6455=CARTESIAN_POINT('Origin',(0.108,0.01,0.0169999999999989));
#6456=CARTESIAN_POINT('',(0.092,0.01,0.0169999999999989));
#6457=CARTESIAN_POINT('',(0.092,-0.0900000000000005,0.017));
#6458=CARTESIAN_POINT('',(0.092,0.01,0.0169999999999989));
#6459=CARTESIAN_POINT('',(0.108,0.01,0.0169999999999989));
#6460=CARTESIAN_POINT('',(0.108,0.01,0.0169999999999989));
#6461=CARTESIAN_POINT('',(0.108,-0.0900000000000005,0.017));
#6462=CARTESIAN_POINT('',(0.108,0.01,0.0169999999999989));
#6463=CARTESIAN_POINT('',(0.108,-0.0900000000000005,0.017));
#6464=CARTESIAN_POINT('Origin',(0.108,0.01,0.0169999999999989));
#6465=CARTESIAN_POINT('',(0.058,-0.0900000000000005,0.017));
#6466=CARTESIAN_POINT('',(0.058,0.01,0.0169999999999994));
#6467=CARTESIAN_POINT('',(0.058,0.01,0.0169999999999989));
#6468=CARTESIAN_POINT('',(0.042,-0.0900000000000005,0.017));
#6469=CARTESIAN_POINT('',(0.108,-0.0900000000000005,0.017));
#6470=CARTESIAN_POINT('',(0.042,0.01,0.0169999999999989));
#6471=CARTESIAN_POINT('',(0.042,0.01,0.0169999999999989));
#6472=CARTESIAN_POINT('',(0.108,0.01,0.0169999999999989));
#6473=CARTESIAN_POINT('Origin',(0.108,0.01,0.0169999999999989));
#6474=CARTESIAN_POINT('',(0.00799999999999997,-0.0900000000000005,0.017));
#6475=CARTESIAN_POINT('',(0.00799999999999997,0.01,0.0169999999999994));
#6476=CARTESIAN_POINT('',(0.00799999999999997,0.01,0.0169999999999989));
#6477=CARTESIAN_POINT('',(-0.00800000000000001,-0.0900000000000005,0.017));
#6478=CARTESIAN_POINT('',(0.108,-0.0900000000000005,0.017));
#6479=CARTESIAN_POINT('',(-0.00800000000000001,0.01,0.0169999999999989));
#6480=CARTESIAN_POINT('',(-0.00800000000000001,0.01,0.0169999999999989));
#6481=CARTESIAN_POINT('',(0.108,0.01,0.0169999999999989));
#6482=CARTESIAN_POINT('Origin',(0.108,0.01,0.0169999999999989));
#6483=CARTESIAN_POINT('',(-0.042,-0.0900000000000005,0.017));
#6484=CARTESIAN_POINT('',(-0.042,0.01,0.0169999999999994));
#6485=CARTESIAN_POINT('',(-0.042,0.01,0.0169999999999989));
#6486=CARTESIAN_POINT('',(-0.058,-0.0900000000000005,0.017));
#6487=CARTESIAN_POINT('',(0.108,-0.0900000000000005,0.017));
#6488=CARTESIAN_POINT('',(-0.058,0.01,0.0169999999999989));
#6489=CARTESIAN_POINT('',(-0.058,0.01,0.0169999999999989));
#6490=CARTESIAN_POINT('',(0.108,0.01,0.0169999999999989));
#6491=CARTESIAN_POINT('Origin',(0.108,-0.0900000000000005,0.017));
#6492=CARTESIAN_POINT('',(0.092,-0.0899999999999995,0.033));
#6493=CARTESIAN_POINT('',(0.092,-0.0900000000000005,0.017));
#6494=CARTESIAN_POINT('',(0.108,-0.0899999999999995,0.033));
#6495=CARTESIAN_POINT('',(0.108,-0.0900000000000005,0.017));
#6496=CARTESIAN_POINT('',(0.108,-0.0899999999999995,0.033));
#6497=CARTESIAN_POINT('Origin',(0.108,-0.0900000000000005,0.017));
#6498=CARTESIAN_POINT('',(0.058,-0.0899999999999995,0.033));
#6499=CARTESIAN_POINT('',(0.058,-0.0900000000000005,0.017));
#6500=CARTESIAN_POINT('',(0.042,-0.0899999999999995,0.033));
#6501=CARTESIAN_POINT('',(0.108,-0.0899999999999995,0.033));
#6502=CARTESIAN_POINT('',(0.042,-0.0900000000000005,0.017));
#6503=CARTESIAN_POINT('Origin',(0.108,-0.0900000000000005,0.017));
#6504=CARTESIAN_POINT('',(0.00799999999999997,-0.0899999999999995,0.033));
#6505=CARTESIAN_POINT('',(0.00799999999999997,-0.0900000000000005,0.017));
#6506=CARTESIAN_POINT('',(-0.00800000000000001,-0.0899999999999995,0.033));
#6507=CARTESIAN_POINT('',(0.108,-0.0899999999999995,0.033));
#6508=CARTESIAN_POINT('',(-0.00800000000000001,-0.0900000000000005,0.017));
#6509=CARTESIAN_POINT('Origin',(0.108,-0.0900000000000005,0.017));
#6510=CARTESIAN_POINT('',(-0.042,-0.0899999999999995,0.033));
#6511=CARTESIAN_POINT('',(-0.042,-0.0900000000000005,0.017));
#6512=CARTESIAN_POINT('',(-0.058,-0.0899999999999995,0.033));
#6513=CARTESIAN_POINT('',(0.108,-0.0899999999999995,0.033));
#6514=CARTESIAN_POINT('',(-0.058,-0.0900000000000005,0.017));
#6515=CARTESIAN_POINT('Origin',(0.108,-0.0899999999999995,0.033));
#6516=CARTESIAN_POINT('',(0.092,-8.8437606292659E-19,0.033));
#6517=CARTESIAN_POINT('',(0.092,-0.0899999999999995,0.033));
#6518=CARTESIAN_POINT('',(0.108,0.,0.033));
#6519=CARTESIAN_POINT('',(0.108,-0.0899999999999995,0.033));
#6520=CARTESIAN_POINT('',(0.108,0.,0.033));
#6521=CARTESIAN_POINT('Origin',(0.108,-0.0899999999999995,0.033));
#6522=CARTESIAN_POINT('',(0.058,-8.8437606292659E-19,0.033));
#6523=CARTESIAN_POINT('',(0.058,-0.0899999999999995,0.033));
#6524=CARTESIAN_POINT('',(0.042,-8.8437606292659E-19,0.033));
#6525=CARTESIAN_POINT('',(0.108,0.,0.033));
#6526=CARTESIAN_POINT('',(0.042,-0.0899999999999995,0.033));
#6527=CARTESIAN_POINT('Origin',(0.108,-0.0899999999999995,0.033));
#6528=CARTESIAN_POINT('',(0.00799999999999997,-8.8437606292659E-19,0.033));
#6529=CARTESIAN_POINT('',(0.00799999999999997,-0.0899999999999995,0.033));
#6530=CARTESIAN_POINT('',(-0.00800000000000001,-8.8437606292659E-19,0.033));
#6531=CARTESIAN_POINT('',(0.108,0.,0.033));
#6532=CARTESIAN_POINT('',(-0.00800000000000001,-0.0899999999999995,0.033));
#6533=CARTESIAN_POINT('Origin',(0.108,-0.0899999999999995,0.033));
#6534=CARTESIAN_POINT('',(-0.042,-8.8437606292659E-19,0.033));
#6535=CARTESIAN_POINT('',(-0.042,-0.0899999999999995,0.033));
#6536=CARTESIAN_POINT('',(-0.058,-8.8437606292659E-19,0.033));
#6537=CARTESIAN_POINT('',(0.108,0.,0.033));
#6538=CARTESIAN_POINT('',(-0.058,-0.0899999999999995,0.033));
#6539=CARTESIAN_POINT('Origin',(0.108,0.,-0.033));
#6540=CARTESIAN_POINT('',(-0.092,-0.0899999999999995,-0.033));
#6541=CARTESIAN_POINT('',(-0.092,0.,-0.033));
#6542=CARTESIAN_POINT('',(-0.092,0.,-0.033));
#6543=CARTESIAN_POINT('',(-0.108,-0.0899999999999995,-0.033));
#6544=CARTESIAN_POINT('',(0.108,-0.0899999999999995,-0.033));
#6545=CARTESIAN_POINT('',(-0.108,0.,-0.033));
#6546=CARTESIAN_POINT('',(-0.108,0.,-0.033));
#6547=CARTESIAN_POINT('',(0.108,0.,-0.033));
#6548=CARTESIAN_POINT('Origin',(0.108,-0.0899999999999995,-0.033));
#6549=CARTESIAN_POINT('',(-0.092,-0.0900000000000005,-0.017));
#6550=CARTESIAN_POINT('',(-0.092,-0.0899999999999995,-0.033));
#6551=CARTESIAN_POINT('',(-0.108,-0.0900000000000005,-0.017));
#6552=CARTESIAN_POINT('',(0.108,-0.0900000000000005,-0.017));
#6553=CARTESIAN_POINT('',(-0.108,-0.0899999999999995,-0.033));
#6554=CARTESIAN_POINT('Origin',(0.108,-0.0900000000000005,-0.017));
#6555=CARTESIAN_POINT('',(-0.092,0.01,-0.0169999999999989));
#6556=CARTESIAN_POINT('',(-0.092,-0.0900000000000005,-0.017));
#6557=CARTESIAN_POINT('',(-0.108,0.01,-0.0169999999999989));
#6558=CARTESIAN_POINT('',(0.108,0.01,-0.0169999999999989));
#6559=CARTESIAN_POINT('',(-0.108,-0.0900000000000005,-0.017));
#6560=CARTESIAN_POINT('Origin',(0.108,0.01,-0.0169999999999989));
#6561=CARTESIAN_POINT('',(-0.092,0.0100000000000001,-0.0203941946120965));
#6562=CARTESIAN_POINT('',(-0.092,0.01,0.5));
#6563=CARTESIAN_POINT('',(-0.058,0.01,-0.0203941946120966));
#6564=CARTESIAN_POINT('',(0.108,0.00999999999999996,-0.0203941946120967));
#6565=CARTESIAN_POINT('',(-0.058,0.01,0.5));
#6566=CARTESIAN_POINT('',(-0.042,0.0100000000000001,-0.0203941946120965));
#6567=CARTESIAN_POINT('',(-0.042,0.01,0.5));
#6568=CARTESIAN_POINT('',(-0.00800000000000001,0.01,-0.0203941946120966));
#6569=CARTESIAN_POINT('',(0.108,0.00999999999999997,-0.0203941946120967));
#6570=CARTESIAN_POINT('',(-0.00800000000000001,0.01,0.5));
#6571=CARTESIAN_POINT('',(0.00799999999999997,0.0100000000000001,-0.0203941946120965));
#6572=CARTESIAN_POINT('',(0.00799999999999997,0.01,0.5));
#6573=CARTESIAN_POINT('',(0.042,0.01,-0.0203941946120966));
#6574=CARTESIAN_POINT('',(0.108,0.00999999999999998,-0.0203941946120967));
#6575=CARTESIAN_POINT('',(0.042,0.01,0.5));
#6576=CARTESIAN_POINT('',(0.058,0.0100000000000001,-0.0203941946120965));
#6577=CARTESIAN_POINT('',(0.058,0.01,0.5));
#6578=CARTESIAN_POINT('',(0.092,0.01,-0.0203941946120966));
#6579=CARTESIAN_POINT('',(0.108,0.01,-0.0203941946120967));
#6580=CARTESIAN_POINT('',(0.092,0.01,0.5));
#6581=CARTESIAN_POINT('',(0.108,0.01,-0.0169999999999989));
#6582=CARTESIAN_POINT('',(0.092,0.01,0.0203941946120966));
#6583=CARTESIAN_POINT('',(0.092,0.01,0.5));
#6584=CARTESIAN_POINT('',(0.058,0.01,0.0203941946120966));
#6585=CARTESIAN_POINT('',(0.108,0.01,0.0203941946120967));
#6586=CARTESIAN_POINT('',(0.058,0.01,0.5));
#6587=CARTESIAN_POINT('',(0.042,0.01,0.0203941946120966));
#6588=CARTESIAN_POINT('',(0.042,0.01,0.5));
#6589=CARTESIAN_POINT('',(0.00799999999999997,0.01,0.0203941946120966));
#6590=CARTESIAN_POINT('',(0.108,0.00999999999999998,0.0203941946120967));
#6591=CARTESIAN_POINT('',(0.00799999999999997,0.01,0.5));
#6592=CARTESIAN_POINT('',(-0.00800000000000001,0.01,0.0203941946120966));
#6593=CARTESIAN_POINT('',(-0.00800000000000001,0.01,0.5));
#6594=CARTESIAN_POINT('',(-0.042,0.01,0.0203941946120966));
#6595=CARTESIAN_POINT('',(0.108,0.00999999999999997,0.0203941946120967));
#6596=CARTESIAN_POINT('',(-0.042,0.01,0.5));
#6597=CARTESIAN_POINT('',(-0.058,0.01,0.0203941946120966));
#6598=CARTESIAN_POINT('',(-0.058,0.01,0.5));
#6599=CARTESIAN_POINT('',(-0.092,0.01,0.0203941946120966));
#6600=CARTESIAN_POINT('',(0.108,0.00999999999999996,0.0203941946120967));
#6601=CARTESIAN_POINT('',(-0.092,0.01,0.0169999999999994));
#6602=CARTESIAN_POINT('',(-0.092,0.01,0.5));
#6603=CARTESIAN_POINT('',(-0.108,0.01,0.0169999999999989));
#6604=CARTESIAN_POINT('',(0.108,0.01,0.0169999999999989));
#6605=CARTESIAN_POINT('',(-0.108,0.01,-0.0169999999999989));
#6606=CARTESIAN_POINT('Origin',(0.108,0.01,0.0169999999999989));
#6607=CARTESIAN_POINT('',(-0.092,-0.0900000000000005,0.017));
#6608=CARTESIAN_POINT('',(-0.092,0.01,0.0169999999999989));
#6609=CARTESIAN_POINT('',(-0.108,-0.0900000000000005,0.017));
#6610=CARTESIAN_POINT('',(0.108,-0.0900000000000005,0.017));
#6611=CARTESIAN_POINT('',(-0.108,0.01,0.0169999999999989));
#6612=CARTESIAN_POINT('Origin',(0.108,-0.0900000000000005,0.017));
#6613=CARTESIAN_POINT('',(-0.092,-0.0899999999999995,0.033));
#6614=CARTESIAN_POINT('',(-0.092,-0.0900000000000005,0.017));
#6615=CARTESIAN_POINT('',(-0.108,-0.0899999999999995,0.033));
#6616=CARTESIAN_POINT('',(0.108,-0.0899999999999995,0.033));
#6617=CARTESIAN_POINT('',(-0.108,-0.0900000000000005,0.017));
#6618=CARTESIAN_POINT('Origin',(0.108,-0.0899999999999995,0.033));
#6619=CARTESIAN_POINT('',(-0.092,-8.8437606292659E-19,0.033));
#6620=CARTESIAN_POINT('',(-0.092,-0.0899999999999995,0.033));
#6621=CARTESIAN_POINT('',(-0.108,0.,0.033));
#6622=CARTESIAN_POINT('',(0.108,0.,0.033));
#6623=CARTESIAN_POINT('',(-0.108,-0.0899999999999995,0.033));
#6624=CARTESIAN_POINT('Origin',(0.108,0.,0.033));
#6625=CARTESIAN_POINT('',(0.092,0.,0.033));
#6626=CARTESIAN_POINT('',(0.108,0.0261784146149576,0.));
#6627=CARTESIAN_POINT('',(0.108,0.,0.033));
#6628=CARTESIAN_POINT('',(-0.108,0.0261784146149576,0.));
#6629=CARTESIAN_POINT('',(0.108,0.0261784146149576,0.));
#6630=CARTESIAN_POINT('',(-0.108,0.,0.033));
#6631=CARTESIAN_POINT('',(-0.092,0.,0.033));
#6632=CARTESIAN_POINT('',(-0.058,0.,0.033));
#6633=CARTESIAN_POINT('',(-0.042,0.,0.033));
#6634=CARTESIAN_POINT('',(-0.00800000000000001,0.,0.033));
#6635=CARTESIAN_POINT('',(0.00799999999999997,0.,0.033));
#6636=CARTESIAN_POINT('',(0.042,0.,0.033));
#6637=CARTESIAN_POINT('',(0.058,0.,0.033));
#6638=CARTESIAN_POINT('Origin',(0.108,0.0261784146149576,0.));
#6639=CARTESIAN_POINT('',(0.092,0.0261784146149576,0.));
#6640=CARTESIAN_POINT('',(0.058,0.0261784146149576,0.));
#6641=CARTESIAN_POINT('',(0.042,0.0261784146149576,0.));
#6642=CARTESIAN_POINT('',(0.00799999999999997,0.0261784146149576,0.));
#6643=CARTESIAN_POINT('',(-0.00800000000000001,0.0261784146149576,0.));
#6644=CARTESIAN_POINT('',(-0.042,0.0261784146149576,0.));
#6645=CARTESIAN_POINT('',(-0.058,0.0261784146149576,0.));
#6646=CARTESIAN_POINT('',(-0.092,0.0261784146149576,0.));
#6647=CARTESIAN_POINT('',(-0.108,0.0261784146149576,0.));
#6648=CARTESIAN_POINT('',(0.108,0.0261784146149576,0.));
#6649=CARTESIAN_POINT('Origin',(0.108,0.,0.));
#6650=CARTESIAN_POINT('Origin',(-0.108,0.,0.));
#6651=CARTESIAN_POINT('Origin',(-0.092,-0.44609430648634,0.5));
#6652=CARTESIAN_POINT('Origin',(-0.058,0.01,0.5));
#6653=CARTESIAN_POINT('Origin',(-0.042,-0.44445605508514,0.5));
#6654=CARTESIAN_POINT('Origin',(-0.00800000000000001,0.01,0.5));
#6655=CARTESIAN_POINT('Origin',(0.00799999999999997,-0.44445605508514,0.5));
#6656=CARTESIAN_POINT('Origin',(0.042,0.01,0.5));
#6657=CARTESIAN_POINT('Origin',(0.058,-0.44445605508514,0.5));
#6658=CARTESIAN_POINT('Origin',(0.092,0.01,0.5));
#6659=CARTESIAN_POINT('Origin',(-0.092,-0.44609430648634,0.5));
#6660=CARTESIAN_POINT('Origin',(-0.058,0.01,0.5));
#6661=CARTESIAN_POINT('Origin',(-0.042,-0.44445605508514,0.5));
#6662=CARTESIAN_POINT('Origin',(-0.00800000000000001,0.01,0.5));
#6663=CARTESIAN_POINT('Origin',(0.00799999999999997,-0.44445605508514,0.5));
#6664=CARTESIAN_POINT('Origin',(0.042,0.01,0.5));
#6665=CARTESIAN_POINT('Origin',(0.092,0.01,0.5));
#6666=CARTESIAN_POINT('Origin',(0.058,-0.44445605508514,0.5));
#6667=CARTESIAN_POINT('',(0.,0.,0.));
#6668=CARTESIAN_POINT('Origin',(0.108,0.21,-0.032999999999998));
#6669=CARTESIAN_POINT('',(-0.092,0.099,-0.032999999999998));
#6670=CARTESIAN_POINT('',(-0.092,0.21,-0.032999999999998));
#6671=CARTESIAN_POINT('',(-0.092,0.21,-0.032999999999998));
#6672=CARTESIAN_POINT('',(-0.108,0.099,-0.032999999999998));
#6673=CARTESIAN_POINT('',(0.108,0.099,-0.032999999999998));
#6674=CARTESIAN_POINT('',(-0.108,0.21,-0.032999999999998));
#6675=CARTESIAN_POINT('',(-0.108,0.21,-0.032999999999998));
#6676=CARTESIAN_POINT('',(0.108,0.21,-0.032999999999998));
#6677=CARTESIAN_POINT('Origin',(0.108,0.21,-0.032999999999998));
#6678=CARTESIAN_POINT('',(-0.058,0.21,-0.032999999999998));
#6679=CARTESIAN_POINT('',(-0.058,0.099,-0.032999999999998));
#6680=CARTESIAN_POINT('',(-0.058,0.21,-0.032999999999998));
#6681=CARTESIAN_POINT('',(-0.042,0.21,-0.032999999999998));
#6682=CARTESIAN_POINT('',(0.108,0.21,-0.032999999999998));
#6683=CARTESIAN_POINT('',(-0.042,0.099,-0.032999999999998));
#6684=CARTESIAN_POINT('',(-0.042,0.21,-0.032999999999998));
#6685=CARTESIAN_POINT('',(0.108,0.099,-0.032999999999998));
#6686=CARTESIAN_POINT('Origin',(0.108,0.21,-0.032999999999998));
#6687=CARTESIAN_POINT('',(-0.00799999999999999,0.21,-0.032999999999998));
#6688=CARTESIAN_POINT('',(-0.00800000000000001,0.099,-0.032999999999998));
#6689=CARTESIAN_POINT('',(-0.00800000000000001,0.21,-0.032999999999998));
#6690=CARTESIAN_POINT('',(0.00799999999999997,0.21,-0.032999999999998));
#6691=CARTESIAN_POINT('',(0.108,0.21,-0.032999999999998));
#6692=CARTESIAN_POINT('',(0.00799999999999997,0.099,-0.032999999999998));
#6693=CARTESIAN_POINT('',(0.00799999999999997,0.21,-0.032999999999998));
#6694=CARTESIAN_POINT('',(0.108,0.099,-0.032999999999998));
#6695=CARTESIAN_POINT('Origin',(0.108,0.21,-0.032999999999998));
#6696=CARTESIAN_POINT('',(0.042,0.21,-0.032999999999998));
#6697=CARTESIAN_POINT('',(0.042,0.099,-0.032999999999998));
#6698=CARTESIAN_POINT('',(0.042,0.21,-0.032999999999998));
#6699=CARTESIAN_POINT('',(0.058,0.21,-0.032999999999998));
#6700=CARTESIAN_POINT('',(0.108,0.21,-0.032999999999998));
#6701=CARTESIAN_POINT('',(0.058,0.099,-0.032999999999998));
#6702=CARTESIAN_POINT('',(0.058,0.21,-0.032999999999998));
#6703=CARTESIAN_POINT('',(0.108,0.099,-0.032999999999998));
#6704=CARTESIAN_POINT('Origin',(0.108,0.099,0.033000000000001));
#6705=CARTESIAN_POINT('',(-0.092,0.21,0.033000000000001));
#6706=CARTESIAN_POINT('',(-0.092,0.099,0.033000000000001));
#6707=CARTESIAN_POINT('',(-0.092,0.099,0.033000000000001));
#6708=CARTESIAN_POINT('',(-0.108,0.21,0.033000000000001));
#6709=CARTESIAN_POINT('',(0.108,0.21,0.033000000000001));
#6710=CARTESIAN_POINT('',(-0.108,0.099,0.033000000000001));
#6711=CARTESIAN_POINT('',(-0.108,0.099,0.033000000000001));
#6712=CARTESIAN_POINT('',(0.108,0.099,0.033000000000001));
#6713=CARTESIAN_POINT('Origin',(0.108,0.099,0.033000000000001));
#6714=CARTESIAN_POINT('',(-0.058,0.099,0.033000000000001));
#6715=CARTESIAN_POINT('',(-0.058,0.21,0.033000000000001));
#6716=CARTESIAN_POINT('',(-0.058,0.099,0.033000000000001));
#6717=CARTESIAN_POINT('',(-0.042,0.099,0.033000000000001));
#6718=CARTESIAN_POINT('',(0.108,0.099,0.033000000000001));
#6719=CARTESIAN_POINT('',(-0.042,0.21,0.0330000000000009));
#6720=CARTESIAN_POINT('',(-0.042,0.099,0.033000000000001));
#6721=CARTESIAN_POINT('',(0.108,0.21,0.033000000000001));
#6722=CARTESIAN_POINT('Origin',(0.108,0.099,0.033000000000001));
#6723=CARTESIAN_POINT('',(-0.00800000000000001,0.099,0.033000000000001));
#6724=CARTESIAN_POINT('',(-0.008,0.21,0.033000000000001));
#6725=CARTESIAN_POINT('',(-0.00800000000000001,0.099,0.033000000000001));
#6726=CARTESIAN_POINT('',(0.00799999999999997,0.099,0.033000000000001));
#6727=CARTESIAN_POINT('',(0.108,0.099,0.033000000000001));
#6728=CARTESIAN_POINT('',(0.00799999999999997,0.21,0.033000000000001));
#6729=CARTESIAN_POINT('',(0.00799999999999997,0.099,0.033000000000001));
#6730=CARTESIAN_POINT('',(0.108,0.21,0.033000000000001));
#6731=CARTESIAN_POINT('Origin',(0.108,0.099,0.033000000000001));
#6732=CARTESIAN_POINT('',(0.042,0.099,0.033000000000001));
#6733=CARTESIAN_POINT('',(0.042,0.21,0.033000000000001));
#6734=CARTESIAN_POINT('',(0.042,0.099,0.033000000000001));
#6735=CARTESIAN_POINT('',(0.058,0.099,0.033000000000001));
#6736=CARTESIAN_POINT('',(0.108,0.099,0.033000000000001));
#6737=CARTESIAN_POINT('',(0.058,0.21,0.0330000000000011));
#6738=CARTESIAN_POINT('',(0.058,0.099,0.033000000000001));
#6739=CARTESIAN_POINT('',(0.108,0.21,0.033000000000001));
#6740=CARTESIAN_POINT('Origin',(0.108,0.21,0.033000000000001));
#6741=CARTESIAN_POINT('',(-0.10280384757729,0.219,0.027803847577295));
#6742=CARTESIAN_POINT('',(-0.0647999999999529,0.284824594887008,-0.0102000000000127));
#6743=CARTESIAN_POINT('',(-0.09719615242271,0.219,0.027803847577295));
#6744=CARTESIAN_POINT('',(-0.0519999999999567,0.140717967697215,0.0730000000000135));
#6745=CARTESIAN_POINT('',(0.108,0.219,0.027803847577295));
#6746=CARTESIAN_POINT('Origin',(0.108,0.21,0.033000000000001));
#6747=CARTESIAN_POINT('',(-0.05280384757729,0.219,0.027803847577295));
#6748=CARTESIAN_POINT('',(-0.0247999999999641,0.267504086811312,-0.000200000000009368));
#6749=CARTESIAN_POINT('',(-0.04719615242271,0.219,0.027803847577295));
#6750=CARTESIAN_POINT('',(-0.0119999999999679,0.158038475772911,0.0630000000000103));
#6751=CARTESIAN_POINT('',(0.108,0.219,0.027803847577295));
#6752=CARTESIAN_POINT('Origin',(0.108,0.21,0.033000000000001));
#6753=CARTESIAN_POINT('',(-0.00280384757729003,0.219,0.027803847577295));
#6754=CARTESIAN_POINT('',(0.015200000000025,0.250183578735615,0.0097999999999938));
#6755=CARTESIAN_POINT('',(0.00280384757728999,0.219,0.027803847577295));
#6756=CARTESIAN_POINT('',(0.0280000000000215,0.175358983848607,0.0530000000000072));
#6757=CARTESIAN_POINT('',(0.108,0.219,0.027803847577295));
#6758=CARTESIAN_POINT('Origin',(0.108,0.21,0.033000000000001));
#6759=CARTESIAN_POINT('',(0.04719615242271,0.219,0.027803847577295));
#6760=CARTESIAN_POINT('',(0.0552000000000142,0.232863070659919,0.0197999999999969));
#6761=CARTESIAN_POINT('',(0.05280384757729,0.219,0.027803847577295));
#6762=CARTESIAN_POINT('',(0.0680000000000108,0.192679491924304,0.0430000000000041));
#6763=CARTESIAN_POINT('',(0.108,0.219,0.027803847577295));
#6764=CARTESIAN_POINT('Origin',(0.108,0.219,0.027803847577295));
#6765=CARTESIAN_POINT('',(-0.10280384757729,0.219,0.022196152422708));
#6766=CARTESIAN_POINT('',(-0.10280384757729,0.219,0.5));
#6767=CARTESIAN_POINT('',(-0.09719615242271,0.219,0.022196152422708));
#6768=CARTESIAN_POINT('',(-0.09719615242271,0.219,0.5));
#6769=CARTESIAN_POINT('',(0.108,0.219,0.022196152422708));
#6770=CARTESIAN_POINT('Origin',(0.108,0.219,0.027803847577295));
#6771=CARTESIAN_POINT('',(-0.05280384757729,0.219,0.022196152422708));
#6772=CARTESIAN_POINT('',(-0.05280384757729,0.219,0.5));
#6773=CARTESIAN_POINT('',(-0.04719615242271,0.219,0.022196152422708));
#6774=CARTESIAN_POINT('',(-0.04719615242271,0.219,0.5));
#6775=CARTESIAN_POINT('',(0.108,0.219,0.022196152422708));
#6776=CARTESIAN_POINT('Origin',(0.108,0.219,0.027803847577295));
#6777=CARTESIAN_POINT('',(-0.00280384757729003,0.219,0.022196152422708));
#6778=CARTESIAN_POINT('',(-0.00280384757729003,0.219,0.5));
#6779=CARTESIAN_POINT('',(0.00280384757729,0.219,0.0221961524227079));
#6780=CARTESIAN_POINT('',(0.00280384757728999,0.219,0.5));
#6781=CARTESIAN_POINT('',(0.108,0.219,0.022196152422708));
#6782=CARTESIAN_POINT('Origin',(0.108,0.219,0.027803847577295));
#6783=CARTESIAN_POINT('',(0.04719615242271,0.219,0.022196152422708));
#6784=CARTESIAN_POINT('',(0.04719615242271,0.219,0.5));
#6785=CARTESIAN_POINT('',(0.05280384757729,0.219,0.022196152422708));
#6786=CARTESIAN_POINT('',(0.05280384757729,0.219,0.5));
#6787=CARTESIAN_POINT('',(0.108,0.219,0.022196152422708));
#6788=CARTESIAN_POINT('Origin',(0.108,0.219,0.022196152422708));
#6789=CARTESIAN_POINT('',(-0.108,0.21,0.017000000000001));
#6790=CARTESIAN_POINT('',(-0.0606430780617892,0.292024594887001,0.0643569219381842));
#6791=CARTESIAN_POINT('',(-0.092,0.21,0.017000000000001));
#6792=CARTESIAN_POINT('',(-0.0561569219381268,0.147917967697218,-0.0188430780618515));
#6793=CARTESIAN_POINT('',(0.108,0.21,0.017000000000001));
#6794=CARTESIAN_POINT('Origin',(0.108,0.219,0.022196152422708));
#6795=CARTESIAN_POINT('',(-0.058,0.21,0.017000000000001));
#6796=CARTESIAN_POINT('',(-0.0206430780617997,0.274704086811306,0.0543569219381797));
#6797=CARTESIAN_POINT('',(-0.042,0.21,0.017000000000001));
#6798=CARTESIAN_POINT('',(-0.0161569219381371,0.165238475772913,-0.00884307806184714));
#6799=CARTESIAN_POINT('',(0.108,0.21,0.017000000000001));
#6800=CARTESIAN_POINT('Origin',(0.108,0.219,0.022196152422708));
#6801=CARTESIAN_POINT('',(-0.00800000000000001,0.21,0.017000000000001));
#6802=CARTESIAN_POINT('',(0.0193569219381901,0.257383578735611,0.0443569219381754));
#6803=CARTESIAN_POINT('',(0.00799999999999997,0.21,0.017000000000001));
#6804=CARTESIAN_POINT('',(0.023843078061853,0.182558983848608,0.00115692193815705));
#6805=CARTESIAN_POINT('',(0.108,0.21,0.017000000000001));
#6806=CARTESIAN_POINT('Origin',(0.108,0.219,0.022196152422708));
#6807=CARTESIAN_POINT('',(0.042,0.21,0.017000000000001));
#6808=CARTESIAN_POINT('',(0.0593569219381801,0.240063070659916,0.0343569219381712));
#6809=CARTESIAN_POINT('',(0.058,0.21,0.017000000000001));
#6810=CARTESIAN_POINT('',(0.063843078061843,0.199879491924303,0.0111569219381613));
#6811=CARTESIAN_POINT('',(0.108,0.21,0.017000000000001));
#6812=CARTESIAN_POINT('Origin',(0.108,0.21,0.017000000000001));
#6813=CARTESIAN_POINT('',(-0.092,0.089,0.017000000000001));
#6814=CARTESIAN_POINT('',(-0.092,0.21,0.017000000000001));
#6815=CARTESIAN_POINT('',(-0.108,0.089,0.017000000000001));
#6816=CARTESIAN_POINT('',(0.108,0.089,0.017000000000001));
#6817=CARTESIAN_POINT('',(-0.108,0.21,0.017000000000001));
#6818=CARTESIAN_POINT('Origin',(0.108,0.21,0.017000000000001));
#6819=CARTESIAN_POINT('',(-0.058,0.089,0.017000000000001));
#6820=CARTESIAN_POINT('',(-0.058,0.21,0.017000000000001));
#6821=CARTESIAN_POINT('',(-0.042,0.089,0.017000000000001));
#6822=CARTESIAN_POINT('',(-0.042,0.21,0.017000000000001));
#6823=CARTESIAN_POINT('',(0.108,0.089,0.017000000000001));
#6824=CARTESIAN_POINT('Origin',(0.108,0.21,0.017000000000001));
#6825=CARTESIAN_POINT('',(-0.00800000000000001,0.089,0.017000000000001));
#6826=CARTESIAN_POINT('',(-0.00800000000000001,0.21,0.017000000000001));
#6827=CARTESIAN_POINT('',(0.00799999999999997,0.089,0.017000000000001));
#6828=CARTESIAN_POINT('',(0.00799999999999997,0.21,0.017000000000001));
#6829=CARTESIAN_POINT('',(0.108,0.089,0.017000000000001));
#6830=CARTESIAN_POINT('Origin',(0.108,0.21,0.017000000000001));
#6831=CARTESIAN_POINT('',(0.042,0.089,0.017000000000001));
#6832=CARTESIAN_POINT('',(0.042,0.21,0.017000000000001));
#6833=CARTESIAN_POINT('',(0.058,0.089,0.017000000000001));
#6834=CARTESIAN_POINT('',(0.058,0.21,0.017000000000001));
#6835=CARTESIAN_POINT('',(0.108,0.089,0.017000000000001));
#6836=CARTESIAN_POINT('Origin',(0.108,0.089,-0.016999999999999));
#6837=CARTESIAN_POINT('',(-0.092,0.21,-0.016999999999999));
#6838=CARTESIAN_POINT('',(-0.092,0.089,-0.016999999999999));
#6839=CARTESIAN_POINT('',(-0.092,0.089,-0.016999999999999));
#6840=CARTESIAN_POINT('',(-0.108,0.21,-0.016999999999999));
#6841=CARTESIAN_POINT('',(0.108,0.21,-0.016999999999999));
#6842=CARTESIAN_POINT('',(-0.108,0.089,-0.016999999999999));
#6843=CARTESIAN_POINT('',(-0.108,0.089,-0.016999999999999));
#6844=CARTESIAN_POINT('',(0.108,0.089,-0.016999999999999));
#6845=CARTESIAN_POINT('Origin',(0.108,0.089,-0.016999999999999));
#6846=CARTESIAN_POINT('',(-0.058,0.089,-0.016999999999999));
#6847=CARTESIAN_POINT('',(-0.058,0.21,-0.016999999999999));
#6848=CARTESIAN_POINT('',(-0.058,0.089,-0.016999999999999));
#6849=CARTESIAN_POINT('',(-0.042,0.089,-0.016999999999999));
#6850=CARTESIAN_POINT('',(0.108,0.089,-0.016999999999999));
#6851=CARTESIAN_POINT('',(-0.0420000000000001,0.21,-0.0169999999999992));
#6852=CARTESIAN_POINT('',(-0.042,0.089,-0.016999999999999));
#6853=CARTESIAN_POINT('',(0.108,0.21,-0.016999999999999));
#6854=CARTESIAN_POINT('Origin',(0.108,0.089,-0.016999999999999));
#6855=CARTESIAN_POINT('',(-0.00800000000000001,0.089,-0.016999999999999));
#6856=CARTESIAN_POINT('',(-0.00799999999999999,0.21,-0.0169999999999991));
#6857=CARTESIAN_POINT('',(-0.00800000000000001,0.089,-0.016999999999999));
#6858=CARTESIAN_POINT('',(0.00799999999999997,0.089,-0.016999999999999));
#6859=CARTESIAN_POINT('',(0.108,0.089,-0.016999999999999));
#6860=CARTESIAN_POINT('',(0.00799999999999996,0.21,-0.0169999999999991));
#6861=CARTESIAN_POINT('',(0.00799999999999997,0.089,-0.016999999999999));
#6862=CARTESIAN_POINT('',(0.108,0.21,-0.016999999999999));
#6863=CARTESIAN_POINT('Origin',(0.108,0.089,-0.016999999999999));
#6864=CARTESIAN_POINT('',(0.042,0.089,-0.016999999999999));
#6865=CARTESIAN_POINT('',(0.042,0.21,-0.0169999999999991));
#6866=CARTESIAN_POINT('',(0.042,0.089,-0.016999999999999));
#6867=CARTESIAN_POINT('',(0.058,0.089,-0.016999999999999));
#6868=CARTESIAN_POINT('',(0.108,0.089,-0.016999999999999));
#6869=CARTESIAN_POINT('',(0.058,0.21,-0.0169999999999991));
#6870=CARTESIAN_POINT('',(0.058,0.089,-0.016999999999999));
#6871=CARTESIAN_POINT('',(0.108,0.21,-0.016999999999999));
#6872=CARTESIAN_POINT('Origin',(0.108,0.21,-0.016999999999999));
#6873=CARTESIAN_POINT('',(-0.10280384757729,0.219,-0.022196152422705));
#6874=CARTESIAN_POINT('',(-0.0647999999999528,0.284824594887008,-0.0602000000000126));
#6875=CARTESIAN_POINT('',(-0.09719615242271,0.219,-0.022196152422705));
#6876=CARTESIAN_POINT('',(-0.0519999999999567,0.140717967697215,0.0230000000000135));
#6877=CARTESIAN_POINT('',(0.108,0.219,-0.022196152422705));
#6878=CARTESIAN_POINT('Origin',(0.108,0.21,-0.016999999999999));
#6879=CARTESIAN_POINT('',(-0.05280384757729,0.219,-0.022196152422705));
#6880=CARTESIAN_POINT('',(-0.0247999999999641,0.267504086811312,-0.0502000000000094));
#6881=CARTESIAN_POINT('',(-0.04719615242271,0.219,-0.022196152422705));
#6882=CARTESIAN_POINT('',(-0.0119999999999679,0.158038475772911,0.0130000000000102));
#6883=CARTESIAN_POINT('',(0.108,0.219,-0.022196152422705));
#6884=CARTESIAN_POINT('Origin',(0.108,0.21,-0.016999999999999));
#6885=CARTESIAN_POINT('',(-0.00280384757729003,0.219,-0.022196152422705));
#6886=CARTESIAN_POINT('',(0.015200000000025,0.250183578735615,-0.0402000000000062));
#6887=CARTESIAN_POINT('',(0.00280384757728999,0.219,-0.022196152422705));
#6888=CARTESIAN_POINT('',(0.0280000000000215,0.175358983848607,0.00300000000000721));
#6889=CARTESIAN_POINT('',(0.108,0.219,-0.022196152422705));
#6890=CARTESIAN_POINT('Origin',(0.108,0.21,-0.016999999999999));
#6891=CARTESIAN_POINT('',(0.04719615242271,0.219,-0.022196152422705));
#6892=CARTESIAN_POINT('',(0.0552000000000142,0.232863070659919,-0.0302000000000031));
#6893=CARTESIAN_POINT('',(0.05280384757729,0.219,-0.022196152422705));
#6894=CARTESIAN_POINT('',(0.0680000000000108,0.192679491924304,-0.00699999999999588));
#6895=CARTESIAN_POINT('',(0.108,0.219,-0.022196152422705));
#6896=CARTESIAN_POINT('Origin',(0.108,0.219,-0.022196152422705));
#6897=CARTESIAN_POINT('',(-0.10280384757729,0.219,-0.027803847577292));
#6898=CARTESIAN_POINT('',(-0.10280384757729,0.219,0.5));
#6899=CARTESIAN_POINT('',(-0.09719615242271,0.219,-0.027803847577292));
#6900=CARTESIAN_POINT('',(-0.09719615242271,0.219,0.5));
#6901=CARTESIAN_POINT('',(0.108,0.219,-0.027803847577292));
#6902=CARTESIAN_POINT('Origin',(0.108,0.219,-0.022196152422705));
#6903=CARTESIAN_POINT('',(-0.05280384757729,0.219,-0.027803847577292));
#6904=CARTESIAN_POINT('',(-0.05280384757729,0.219,0.5));
#6905=CARTESIAN_POINT('',(-0.04719615242271,0.219,-0.027803847577292));
#6906=CARTESIAN_POINT('',(-0.04719615242271,0.219,0.5));
#6907=CARTESIAN_POINT('',(0.108,0.219,-0.027803847577292));
#6908=CARTESIAN_POINT('Origin',(0.108,0.219,-0.022196152422705));
#6909=CARTESIAN_POINT('',(-0.00280384757729003,0.219,-0.027803847577292));
#6910=CARTESIAN_POINT('',(-0.00280384757729003,0.219,0.5));
#6911=CARTESIAN_POINT('',(0.00280384757728999,0.219,-0.027803847577292));
#6912=CARTESIAN_POINT('',(0.00280384757728999,0.219,0.5));
#6913=CARTESIAN_POINT('',(0.108,0.219,-0.027803847577292));
#6914=CARTESIAN_POINT('Origin',(0.108,0.219,-0.022196152422705));
#6915=CARTESIAN_POINT('',(0.04719615242271,0.219,-0.027803847577292));
#6916=CARTESIAN_POINT('',(0.04719615242271,0.219,0.5));
#6917=CARTESIAN_POINT('',(0.05280384757729,0.219,-0.027803847577292));
#6918=CARTESIAN_POINT('',(0.05280384757729,0.219,0.5));
#6919=CARTESIAN_POINT('',(0.108,0.219,-0.027803847577292));
#6920=CARTESIAN_POINT('Origin',(0.108,0.219,-0.027803847577292));
#6921=CARTESIAN_POINT('',(-0.060643078061786,0.292024594887006,0.0143569219381793));
#6922=CARTESIAN_POINT('',(-0.0561569219381236,0.147917967697213,-0.0688430780618468));
#6923=CARTESIAN_POINT('Origin',(0.108,0.219,-0.027803847577292));
#6924=CARTESIAN_POINT('',(-0.0206430780617973,0.27470408681131,0.00435692193817606));
#6925=CARTESIAN_POINT('',(-0.0161569219381348,0.165238475772909,-0.0588430780618436));
#6926=CARTESIAN_POINT('Origin',(0.108,0.219,-0.027803847577292));
#6927=CARTESIAN_POINT('',(0.0193569219381918,0.257383578735613,-0.00564307806182711));
#6928=CARTESIAN_POINT('',(0.0238430780618546,0.182558983848605,-0.0488430780618405));
#6929=CARTESIAN_POINT('Origin',(0.108,0.219,-0.027803847577292));
#6930=CARTESIAN_POINT('',(0.0593569219381811,0.240063070659917,-0.0156430780618302));
#6931=CARTESIAN_POINT('',(0.0638430780618439,0.199879491924302,-0.0388430780618374));
#6932=CARTESIAN_POINT('Origin',(0.108,0.21,-0.032999999999998));
#6933=CARTESIAN_POINT('',(0.092,0.21,-0.032999999999998));
#6934=CARTESIAN_POINT('',(0.092,0.099,-0.032999999999998));
#6935=CARTESIAN_POINT('',(0.092,0.21,-0.032999999999998));
#6936=CARTESIAN_POINT('',(0.108,0.21,-0.032999999999998));
#6937=CARTESIAN_POINT('',(0.108,0.21,-0.032999999999998));
#6938=CARTESIAN_POINT('',(0.108,0.099,-0.032999999999998));
#6939=CARTESIAN_POINT('',(0.108,0.21,-0.032999999999998));
#6940=CARTESIAN_POINT('',(0.108,0.099,-0.032999999999998));
#6941=CARTESIAN_POINT('Origin',(0.108,0.099,-0.032999999999998));
#6942=CARTESIAN_POINT('',(-0.092,0.089,-0.0262653061224474));
#6943=CARTESIAN_POINT('',(-0.092,0.099,-0.032999999999998));
#6944=CARTESIAN_POINT('',(-0.058,0.089,-0.0262653061224473));
#6945=CARTESIAN_POINT('',(0.108,0.089,-0.0262653061224474));
#6946=CARTESIAN_POINT('',(-0.058,0.099,-0.032999999999998));
#6947=CARTESIAN_POINT('',(-0.042,0.089,-0.0262653061224474));
#6948=CARTESIAN_POINT('',(-0.042,0.099,-0.032999999999998));
#6949=CARTESIAN_POINT('',(-0.00800000000000001,0.089,-0.0262653061224473));
#6950=CARTESIAN_POINT('',(0.108,0.089,-0.0262653061224474));
#6951=CARTESIAN_POINT('',(-0.00800000000000001,0.099,-0.032999999999998));
#6952=CARTESIAN_POINT('',(0.00799999999999997,0.089,-0.0262653061224474));
#6953=CARTESIAN_POINT('',(0.00799999999999997,0.099,-0.032999999999998));
#6954=CARTESIAN_POINT('',(0.042,0.089,-0.0262653061224473));
#6955=CARTESIAN_POINT('',(0.108,0.089,-0.0262653061224474));
#6956=CARTESIAN_POINT('',(0.042,0.099,-0.032999999999998));
#6957=CARTESIAN_POINT('',(0.058,0.089,-0.0262653061224474));
#6958=CARTESIAN_POINT('',(0.058,0.099,-0.032999999999998));
#6959=CARTESIAN_POINT('',(0.092,0.089,-0.0262653061224473));
#6960=CARTESIAN_POINT('',(0.108,0.089,-0.0262653061224474));
#6961=CARTESIAN_POINT('',(0.092,0.099,-0.032999999999998));
#6962=CARTESIAN_POINT('',(0.108,0.05,0.));
#6963=CARTESIAN_POINT('',(0.108,0.099,-0.032999999999998));
#6964=CARTESIAN_POINT('',(-0.108,0.05,0.));
#6965=CARTESIAN_POINT('',(0.108,0.05,0.));
#6966=CARTESIAN_POINT('',(-0.108,0.099,-0.032999999999998));
#6967=CARTESIAN_POINT('Origin',(0.108,0.05,0.));
#6968=CARTESIAN_POINT('',(-0.092,0.089,0.0262653061224498));
#6969=CARTESIAN_POINT('',(-0.092,0.05,0.));
#6970=CARTESIAN_POINT('',(-0.108,0.05,0.));
#6971=CARTESIAN_POINT('',(0.108,0.099,0.033000000000001));
#6972=CARTESIAN_POINT('',(0.108,0.05,0.));
#6973=CARTESIAN_POINT('',(0.092,0.099,0.033000000000001));
#6974=CARTESIAN_POINT('',(0.108,0.099,0.033000000000001));
#6975=CARTESIAN_POINT('',(0.092,0.089,0.0262653061224498));
#6976=CARTESIAN_POINT('',(0.092,0.05,0.));
#6977=CARTESIAN_POINT('',(0.058,0.089,0.0262653061224498));
#6978=CARTESIAN_POINT('',(0.108,0.089,0.0262653061224498));
#6979=CARTESIAN_POINT('',(0.058,0.05,0.));
#6980=CARTESIAN_POINT('',(0.042,0.089,0.0262653061224498));
#6981=CARTESIAN_POINT('',(0.042,0.05,0.));
#6982=CARTESIAN_POINT('',(0.00799999999999997,0.089,0.0262653061224498));
#6983=CARTESIAN_POINT('',(0.108,0.089,0.0262653061224498));
#6984=CARTESIAN_POINT('',(0.00799999999999997,0.05,0.));
#6985=CARTESIAN_POINT('',(-0.00800000000000001,0.089,0.0262653061224498));
#6986=CARTESIAN_POINT('',(-0.00800000000000001,0.05,0.));
#6987=CARTESIAN_POINT('',(-0.042,0.089,0.0262653061224498));
#6988=CARTESIAN_POINT('',(0.108,0.089,0.0262653061224498));
#6989=CARTESIAN_POINT('',(-0.042,0.05,0.));
#6990=CARTESIAN_POINT('',(-0.058,0.089,0.0262653061224498));
#6991=CARTESIAN_POINT('',(-0.058,0.05,0.));
#6992=CARTESIAN_POINT('',(0.108,0.089,0.0262653061224498));
#6993=CARTESIAN_POINT('Origin',(0.108,0.099,0.033000000000001));
#6994=CARTESIAN_POINT('',(0.092,0.21,0.033000000000001));
#6995=CARTESIAN_POINT('',(0.092,0.099,0.033000000000001));
#6996=CARTESIAN_POINT('',(0.108,0.21,0.033000000000001));
#6997=CARTESIAN_POINT('',(0.108,0.099,0.033000000000001));
#6998=CARTESIAN_POINT('',(0.108,0.21,0.033000000000001));
#6999=CARTESIAN_POINT('Origin',(0.108,0.21,0.033000000000001));
#7000=CARTESIAN_POINT('',(0.09719615242271,0.219,0.027803847577295));
#7001=CARTESIAN_POINT('',(0.0952000000000034,0.215542562584223,0.0298));
#7002=CARTESIAN_POINT('',(0.10280384757729,0.219,0.027803847577295));
#7003=CARTESIAN_POINT('',(0.108,0.21,0.033000000000001));
#7004=CARTESIAN_POINT('',(0.108,0.219,0.027803847577295));
#7005=CARTESIAN_POINT('Origin',(0.108,0.219,0.027803847577295));
#7006=CARTESIAN_POINT('',(0.09719615242271,0.219,0.022196152422708));
#7007=CARTESIAN_POINT('',(0.09719615242271,0.219,0.5));
#7008=CARTESIAN_POINT('',(0.10280384757729,0.219,0.022196152422708));
#7009=CARTESIAN_POINT('',(0.10280384757729,0.219,0.5));
#7010=CARTESIAN_POINT('',(0.108,0.219,0.022196152422708));
#7011=CARTESIAN_POINT('Origin',(0.108,0.219,0.022196152422708));
#7012=CARTESIAN_POINT('',(0.092,0.21,0.017000000000001));
#7013=CARTESIAN_POINT('',(0.0993569219381701,0.222742562584221,0.0243569219381669));
#7014=CARTESIAN_POINT('',(0.108,0.21,0.0170000000000009));
#7015=CARTESIAN_POINT('',(0.103843078061833,0.217199999999998,0.0211569219381656));
#7016=CARTESIAN_POINT('',(0.108,0.21,0.017000000000001));
#7017=CARTESIAN_POINT('Origin',(0.108,0.21,0.017000000000001));
#7018=CARTESIAN_POINT('',(0.092,0.089,0.017000000000001));
#7019=CARTESIAN_POINT('',(0.092,0.21,0.017000000000001));
#7020=CARTESIAN_POINT('',(0.108,0.089,0.017000000000001));
#7021=CARTESIAN_POINT('',(0.108,0.21,0.017000000000001));
#7022=CARTESIAN_POINT('',(0.108,0.089,0.017000000000001));
#7023=CARTESIAN_POINT('Origin',(0.108,0.089,0.017000000000001));
#7024=CARTESIAN_POINT('',(0.108,0.089,-0.016999999999999));
#7025=CARTESIAN_POINT('',(0.092,0.089,-0.016999999999999));
#7026=CARTESIAN_POINT('',(0.108,0.089,-0.016999999999999));
#7027=CARTESIAN_POINT('',(0.092,0.089,0.5));
#7028=CARTESIAN_POINT('',(0.058,0.089,0.5));
#7029=CARTESIAN_POINT('',(0.042,0.089,0.5));
#7030=CARTESIAN_POINT('',(0.00799999999999997,0.089,0.5));
#7031=CARTESIAN_POINT('',(-0.00800000000000001,0.089,0.5));
#7032=CARTESIAN_POINT('',(-0.042,0.089,0.5));
#7033=CARTESIAN_POINT('',(-0.058,0.089,0.5));
#7034=CARTESIAN_POINT('',(-0.092,0.089,0.5));
#7035=CARTESIAN_POINT('',(-0.108,0.089,0.017000000000001));
#7036=CARTESIAN_POINT('',(-0.092,0.089,0.5));
#7037=CARTESIAN_POINT('',(-0.058,0.089,0.5));
#7038=CARTESIAN_POINT('',(-0.042,0.089,0.5));
#7039=CARTESIAN_POINT('',(-0.00800000000000001,0.089,0.5));
#7040=CARTESIAN_POINT('',(0.00799999999999997,0.089,0.5));
#7041=CARTESIAN_POINT('',(0.042,0.089,0.5));
#7042=CARTESIAN_POINT('',(0.058,0.089,0.5));
#7043=CARTESIAN_POINT('',(0.092,0.089,0.5));
#7044=CARTESIAN_POINT('',(0.108,0.089,0.017000000000001));
#7045=CARTESIAN_POINT('Origin',(0.108,0.089,-0.016999999999999));
#7046=CARTESIAN_POINT('',(0.092,0.21,-0.016999999999999));
#7047=CARTESIAN_POINT('',(0.092,0.089,-0.016999999999999));
#7048=CARTESIAN_POINT('',(0.108,0.21,-0.016999999999999));
#7049=CARTESIAN_POINT('',(0.108,0.089,-0.016999999999999));
#7050=CARTESIAN_POINT('',(0.108,0.21,-0.016999999999999));
#7051=CARTESIAN_POINT('Origin',(0.108,0.21,-0.016999999999999));
#7052=CARTESIAN_POINT('',(0.09719615242271,0.219,-0.022196152422705));
#7053=CARTESIAN_POINT('',(0.0952000000000034,0.215542562584223,-0.0202));
#7054=CARTESIAN_POINT('',(0.10280384757729,0.219,-0.022196152422705));
#7055=CARTESIAN_POINT('',(0.108,0.21,-0.016999999999999));
#7056=CARTESIAN_POINT('',(0.108,0.219,-0.022196152422705));
#7057=CARTESIAN_POINT('Origin',(0.108,0.219,-0.022196152422705));
#7058=CARTESIAN_POINT('',(0.09719615242271,0.219,-0.027803847577292));
#7059=CARTESIAN_POINT('',(0.09719615242271,0.219,0.5));
#7060=CARTESIAN_POINT('',(0.10280384757729,0.219,-0.027803847577292));
#7061=CARTESIAN_POINT('',(0.10280384757729,0.219,0.5));
#7062=CARTESIAN_POINT('',(0.108,0.219,-0.027803847577292));
#7063=CARTESIAN_POINT('Origin',(0.108,0.219,-0.027803847577292));
#7064=CARTESIAN_POINT('',(0.0993569219381703,0.222742562584221,-0.0256430780618333));
#7065=CARTESIAN_POINT('',(0.103843078061833,0.217199999999998,-0.0288430780618343));
#7066=CARTESIAN_POINT('Origin',(0.108,0.,0.));
#7067=CARTESIAN_POINT('',(0.108,0.21,0.));
#7068=CARTESIAN_POINT('',(0.108,0.21,0.));
#7069=CARTESIAN_POINT('Origin',(-0.108,0.,0.));
#7070=CARTESIAN_POINT('',(-0.108,0.21,0.));
#7071=CARTESIAN_POINT('',(-0.108,0.21,0.));
#7072=CARTESIAN_POINT('Origin',(-0.10280384757729,0.219,0.5));
#7073=CARTESIAN_POINT('Origin',(-0.10280384757729,0.219,0.5));
#7074=CARTESIAN_POINT('Origin',(0.108,0.21,0.5));
#7075=CARTESIAN_POINT('Origin',(0.108,0.21,0.5));
#7076=CARTESIAN_POINT('Origin',(0.058,0.21,0.5));
#7077=CARTESIAN_POINT('',(0.058,0.21,0.5));
#7078=CARTESIAN_POINT('Origin',(0.09719615242271,0.219,0.5));
#7079=CARTESIAN_POINT('',(0.092,0.21,0.5));
#7080=CARTESIAN_POINT('Origin',(0.092,0.21,0.5));
#7081=CARTESIAN_POINT('Origin',(0.058,0.089,0.5));
#7082=CARTESIAN_POINT('Origin',(0.00799999999999997,0.21,0.5));
#7083=CARTESIAN_POINT('',(0.00799999999999997,0.21,0.5));
#7084=CARTESIAN_POINT('Origin',(0.04719615242271,0.219,0.5));
#7085=CARTESIAN_POINT('',(0.042,0.21,0.5));
#7086=CARTESIAN_POINT('Origin',(0.042,0.21,0.5));
#7087=CARTESIAN_POINT('Origin',(0.00799999999999997,0.089,0.5));
#7088=CARTESIAN_POINT('Origin',(-0.042,0.21,0.5));
#7089=CARTESIAN_POINT('',(-0.042,0.21,0.5));
#7090=CARTESIAN_POINT('Origin',(-0.00280384757729003,0.219,0.5));
#7091=CARTESIAN_POINT('',(-0.00800000000000001,0.21,0.5));
#7092=CARTESIAN_POINT('Origin',(-0.00800000000000001,0.21,0.5));
#7093=CARTESIAN_POINT('Origin',(-0.042,0.089,0.5));
#7094=CARTESIAN_POINT('Origin',(-0.092,0.21,0.5));
#7095=CARTESIAN_POINT('',(-0.092,0.21,0.5));
#7096=CARTESIAN_POINT('Origin',(-0.05280384757729,0.219,0.5));
#7097=CARTESIAN_POINT('',(-0.058,0.21,0.5));
#7098=CARTESIAN_POINT('Origin',(-0.058,0.21,0.5));
#7099=CARTESIAN_POINT('Origin',(-0.092,0.089,0.5));
#7100=CARTESIAN_POINT('Origin',(0.092,0.21,0.5));
#7101=CARTESIAN_POINT('',(0.092,0.21,0.5));
#7102=CARTESIAN_POINT('Origin',(0.058,0.089,0.5));
#7103=CARTESIAN_POINT('',(0.058,0.21,0.5));
#7104=CARTESIAN_POINT('Origin',(0.09719615242271,0.219,0.5));
#7105=CARTESIAN_POINT('Origin',(0.058,0.21,0.5));
#7106=CARTESIAN_POINT('Origin',(0.042,0.21,0.5));
#7107=CARTESIAN_POINT('',(0.042,0.21,0.5));
#7108=CARTESIAN_POINT('Origin',(0.00799999999999997,0.089,0.5));
#7109=CARTESIAN_POINT('',(0.00799999999999997,0.21,0.5));
#7110=CARTESIAN_POINT('Origin',(0.04719615242271,0.219,0.5));
#7111=CARTESIAN_POINT('Origin',(0.00799999999999997,0.21,0.5));
#7112=CARTESIAN_POINT('Origin',(-0.00800000000000001,0.21,0.5));
#7113=CARTESIAN_POINT('',(-0.00800000000000001,0.21,0.5));
#7114=CARTESIAN_POINT('Origin',(-0.042,0.089,0.5));
#7115=CARTESIAN_POINT('',(-0.042,0.21,0.5));
#7116=CARTESIAN_POINT('Origin',(-0.00280384757729003,0.219,0.5));
#7117=CARTESIAN_POINT('Origin',(-0.042,0.21,0.5));
#7118=CARTESIAN_POINT('Origin',(-0.092,0.089,0.5));
#7119=CARTESIAN_POINT('',(-0.092,0.21,0.5));
#7120=CARTESIAN_POINT('Origin',(-0.058,0.21,0.5));
#7121=CARTESIAN_POINT('',(-0.058,0.21,0.5));
#7122=CARTESIAN_POINT('Origin',(-0.092,0.21,0.5));
#7123=CARTESIAN_POINT('Origin',(-0.05280384757729,0.219,0.5));
#7124=CARTESIAN_POINT('',(0.,-1.23259516440783E-32,0.));
#7125=CARTESIAN_POINT('',(0.,-1.23259516440783E-32,0.));
#7126=CARTESIAN_POINT('',(0.,-1.23259516440783E-32,0.));
#7127=CARTESIAN_POINT('',(0.025,-0.1,-3.27821759239712E-17));
#7128=UNCERTAINTY_MEASURE_WITH_UNIT(LENGTH_MEASURE(0.000393700787401575),
#7141,'DISTANCE_ACCURACY_VALUE',
'Maximum model space distance between geometric entities at asserted c
onnectivities');
#7129=UNCERTAINTY_MEASURE_WITH_UNIT(LENGTH_MEASURE(0.000393700787401575),
#7141,'DISTANCE_ACCURACY_VALUE',
'Maximum model space distance between geometric entities at asserted c
onnectivities');
#7130=UNCERTAINTY_MEASURE_WITH_UNIT(LENGTH_MEASURE(0.000393700787401575),
#7141,'DISTANCE_ACCURACY_VALUE',
'Maximum model space distance between geometric entities at asserted c
onnectivities');
#7131=UNCERTAINTY_MEASURE_WITH_UNIT(LENGTH_MEASURE(0.000393700787401575),
#7141,'DISTANCE_ACCURACY_VALUE',
'Maximum model space distance between geometric entities at asserted c
onnectivities');
#7132=UNCERTAINTY_MEASURE_WITH_UNIT(LENGTH_MEASURE(0.000393700787401575),
#7141,'DISTANCE_ACCURACY_VALUE',
'Maximum model space distance between geometric entities at asserted c
onnectivities');
#7133=UNCERTAINTY_MEASURE_WITH_UNIT(LENGTH_MEASURE(0.000393700787401575),
#7141,'DISTANCE_ACCURACY_VALUE',
'Maximum model space distance between geometric entities at asserted c
onnectivities');
#7134=(
GEOMETRIC_REPRESENTATION_CONTEXT(3)
GLOBAL_UNCERTAINTY_ASSIGNED_CONTEXT((#7128))
GLOBAL_UNIT_ASSIGNED_CONTEXT((#7141,#7145,#7146))
REPRESENTATION_CONTEXT('','3D')
);
#7135=(
GEOMETRIC_REPRESENTATION_CONTEXT(3)
GLOBAL_UNCERTAINTY_ASSIGNED_CONTEXT((#7129))
GLOBAL_UNIT_ASSIGNED_CONTEXT((#7141,#7145,#7146))
REPRESENTATION_CONTEXT('','3D')
);
#7136=(
GEOMETRIC_REPRESENTATION_CONTEXT(3)
GLOBAL_UNCERTAINTY_ASSIGNED_CONTEXT((#7130))
GLOBAL_UNIT_ASSIGNED_CONTEXT((#7141,#7145,#7146))
REPRESENTATION_CONTEXT('','3D')
);
#7137=(
GEOMETRIC_REPRESENTATION_CONTEXT(3)
GLOBAL_UNCERTAINTY_ASSIGNED_CONTEXT((#7131))
GLOBAL_UNIT_ASSIGNED_CONTEXT((#7141,#7145,#7146))
REPRESENTATION_CONTEXT('','3D')
);
#7138=(
GEOMETRIC_REPRESENTATION_CONTEXT(3)
GLOBAL_UNCERTAINTY_ASSIGNED_CONTEXT((#7132))
GLOBAL_UNIT_ASSIGNED_CONTEXT((#7141,#7145,#7146))
REPRESENTATION_CONTEXT('','3D')
);
#7139=(
GEOMETRIC_REPRESENTATION_CONTEXT(3)
GLOBAL_UNCERTAINTY_ASSIGNED_CONTEXT((#7133))
GLOBAL_UNIT_ASSIGNED_CONTEXT((#7141,#7145,#7146))
REPRESENTATION_CONTEXT('','3D')
);
#7140=DIMENSIONAL_EXPONENTS(1.,0.,0.,0.,0.,0.,0.);
#7141=(
CONVERSION_BASED_UNIT('inch',#7144)
LENGTH_UNIT()
NAMED_UNIT(#7140)
);
#7142=(
LENGTH_UNIT()
NAMED_UNIT(*)
SI_UNIT(.MILLI.,.METRE.)
);
#7143=(
LENGTH_UNIT()
NAMED_UNIT(*)
SI_UNIT($,.METRE.)
);
#7144=LENGTH_MEASURE_WITH_UNIT(LENGTH_MEASURE(25.4),#7142);
#7145=(
NAMED_UNIT(*)
PLANE_ANGLE_UNIT()
SI_UNIT($,.RADIAN.)
);
#7146=(
NAMED_UNIT(*)
SI_UNIT($,.STERADIAN.)
SOLID_ANGLE_UNIT()
);
#7147=SHAPE_DEFINITION_REPRESENTATION(#7152,#7161);
#7148=SHAPE_DEFINITION_REPRESENTATION(#7153,#7162);
#7149=SHAPE_DEFINITION_REPRESENTATION(#7154,#7163);
#7150=SHAPE_DEFINITION_REPRESENTATION(#7155,#7164);
#7151=SHAPE_DEFINITION_REPRESENTATION(#7156,#7165);
#7152=PRODUCT_DEFINITION_SHAPE('',$,#7167);
#7153=PRODUCT_DEFINITION_SHAPE('',$,#7168);
#7154=PRODUCT_DEFINITION_SHAPE('',$,#7169);
#7155=PRODUCT_DEFINITION_SHAPE('',$,#7170);
#7156=PRODUCT_DEFINITION_SHAPE('',$,#7171);
#7157=PRODUCT_DEFINITION_SHAPE($,$,#23);
#7158=PRODUCT_DEFINITION_SHAPE($,$,#24);
#7159=PRODUCT_DEFINITION_SHAPE($,$,#25);
#7160=PRODUCT_DEFINITION_SHAPE($,$,#26);
#7161=SHAPE_REPRESENTATION('',(#4528,#4768),#7134);
#7162=SHAPE_REPRESENTATION('',(#4529,#4765,#4766,#4767),#7135);
#7163=SHAPE_REPRESENTATION('',(#4530),#7136);
#7164=SHAPE_REPRESENTATION('',(#4621),#7137);
#7165=SHAPE_REPRESENTATION('',(#4673),#7138);
#7166=PRODUCT_DEFINITION_CONTEXT('part definition',#7183,'design');
#7167=PRODUCT_DEFINITION('FTSH-105-01-L-D-K','(Unsaved)',#7172,#7166);
#7168=PRODUCT_DEFINITION('2026-09-21-08-12-31-650','FTSH-105-01-L-D-K',
#7173,#7166);
#7169=PRODUCT_DEFINITION('FTSH-105-01-L-D-K_body',
'FTSH-105-01-L-D-K_body',#7174,#7166);
#7170=PRODUCT_DEFINITION('FTSH-105-01-L-D-K_pins2',
'FTSH-105-01-L-D-K_pins2',#7175,#7166);
#7171=PRODUCT_DEFINITION('FTSH-105-01-L-D-K_pins1',
'FTSH-105-01-L-D-K_pins1',#7176,#7166);
#7172=PRODUCT_DEFINITION_FORMATION('',$,#7185);
#7173=PRODUCT_DEFINITION_FORMATION('',$,#7186);
#7174=PRODUCT_DEFINITION_FORMATION('',$,#7187);
#7175=PRODUCT_DEFINITION_FORMATION('',$,#7188);
#7176=PRODUCT_DEFINITION_FORMATION('',$,#7189);
#7177=PRODUCT_RELATED_PRODUCT_CATEGORY('(Unsaved)','(Unsaved)',(#7185));
#7178=PRODUCT_RELATED_PRODUCT_CATEGORY('FTSH-105-01-L-D-K',
'FTSH-105-01-L-D-K',(#7186));
#7179=PRODUCT_RELATED_PRODUCT_CATEGORY('FTSH-105-01-L-D-K_body',
'FTSH-105-01-L-D-K_body',(#7187));
#7180=PRODUCT_RELATED_PRODUCT_CATEGORY('FTSH-105-01-L-D-K_pins2',
'FTSH-105-01-L-D-K_pins2',(#7188));
#7181=PRODUCT_RELATED_PRODUCT_CATEGORY('FTSH-105-01-L-D-K_pins1',
'FTSH-105-01-L-D-K_pins1',(#7189));
#7182=APPLICATION_PROTOCOL_DEFINITION('international standard',
'automotive_design',2009,#7183);
#7183=APPLICATION_CONTEXT(
'Core Data for Automotive Mechanical Design Process');
#7184=PRODUCT_CONTEXT('part definition',#7183,'mechanical');
#7185=PRODUCT('FTSH-105-01-L-D-K','(Unsaved)','STEP AP242',(#7184));
#7186=PRODUCT('2026-09-21-08-12-31-650','FTSH-105-01-L-D-K',$,(#7184));
#7187=PRODUCT('FTSH-105-01-L-D-K_body','FTSH-105-01-L-D-K_body',
'FTSH-105-01-L-D-K_body',(#7184));
#7188=PRODUCT('FTSH-105-01-L-D-K_pins2','FTSH-105-01-L-D-K_pins2',
'FTSH-105-01-L-D-K_pins2',(#7184));
#7189=PRODUCT('FTSH-105-01-L-D-K_pins1','FTSH-105-01-L-D-K_pins1',
'FTSH-105-01-L-D-K_pins1',(#7184));
#7190=PRESENTATION_STYLE_ASSIGNMENT((#7194));
#7191=PRESENTATION_STYLE_ASSIGNMENT((#7195));
#7192=PRESENTATION_STYLE_ASSIGNMENT((#7196));
#7193=PRESENTATION_STYLE_ASSIGNMENT((#7197));
#7194=SURFACE_STYLE_USAGE(.BOTH.,#7198);
#7195=SURFACE_STYLE_USAGE(.BOTH.,#7199);
#7196=SURFACE_STYLE_USAGE(.BOTH.,#7200);
#7197=SURFACE_STYLE_USAGE(.BOTH.,#7201);
#7198=SURFACE_SIDE_STYLE('',(#7202));
#7199=SURFACE_SIDE_STYLE('',(#7203));
#7200=SURFACE_SIDE_STYLE('',(#7204));
#7201=SURFACE_SIDE_STYLE('',(#7205));
#7202=SURFACE_STYLE_FILL_AREA(#7206);
#7203=SURFACE_STYLE_FILL_AREA(#7207);
#7204=SURFACE_STYLE_FILL_AREA(#7208);
#7205=SURFACE_STYLE_FILL_AREA(#7209);
#7206=FILL_AREA_STYLE('Steel - Satin',(#7210));
#7207=FILL_AREA_STYLE('Opaque(14,14,14)',(#7211));
#7208=FILL_AREA_STYLE('Opaque(171,171,171)',(#7212));
#7209=FILL_AREA_STYLE('Opaque(212,179,45)',(#7213));
#7210=FILL_AREA_STYLE_COLOUR('Steel - Satin',#7214);
#7211=FILL_AREA_STYLE_COLOUR('Opaque(14,14,14)',#7215);
#7212=FILL_AREA_STYLE_COLOUR('Opaque(171,171,171)',#7216);
#7213=FILL_AREA_STYLE_COLOUR('Opaque(212,179,45)',#7217);
#7214=COLOUR_RGB('Steel - Satin',0.627450980392157,0.627450980392157,0.627450980392157);
#7215=COLOUR_RGB('Opaque(14,14,14)',0.0549019607843137,0.0549019607843137,
0.0549019607843137);
#7216=COLOUR_RGB('Opaque(171,171,171)',0.670588235294118,0.670588235294118,
0.670588235294118);
#7217=COLOUR_RGB('Opaque(212,179,45)',0.831372549019608,0.701960784313725,
0.176470588235294);
ENDSEC;
END-ISO-10303-21;
