ISO-10303-21;
HEADER;
/* Generated by software containing ST-Developer
 * from STEP Tools, Inc. (www.steptools.com) 
 */

FILE_DESCRIPTION(
/* description */ ('3D model for products with SOT763-1 package'),
/* implementation_level */ '2;1');

FILE_NAME(
/* name */ 'NXP_SOT763-1.step',
/* time_stamp */ '2026-09-22T22:26:47+01:00',
/* author */ (''),
/* organization */ (''),
/* preprocessor_version */ 'ST-DEVELOPER v20.2',
/* originating_system */ 'Autodesk Translation Framework v15.15.0.0',
/* authorisation */ '');

FILE_SCHEMA (('AUTOMOTIVE_DESIGN { 1 0 10303 214 3 1 1 }'));
ENDSEC;

DATA;
#10=MECHANICAL_DESIGN_GEOMETRIC_PRESENTATION_REPRESENTATION('',(#43,#44,
#45,#46,#47,#48,#49,#50,#51,#52,#53,#54,#55,#56,#57,#58,#59,#60,#61,#62,
#63,#64,#65,#66,#67,#68,#69,#70,#71,#72,#73,#74,#75,#76,#77,#78,#79,#80,
#81,#82,#83,#84,#85,#86,#87,#88,#89,#90,#91,#92,#93,#94,#95,#96,#97,#98,
#99,#100,#101,#102,#103,#104,#105,#106,#107,#108,#109,#110,#111,#112,#113,
#114,#115,#116,#117,#118,#119,#120,#121,#122,#123,#124,#125,#126,#127,#128,
#129,#130,#131,#132,#133,#134,#135,#136,#137,#138,#139,#140,#141,#142,#143,
#144,#145,#146,#147,#148,#149,#150,#151,#152,#153,#154,#155,#156,#157,#158,
#159,#160,#161,#162,#163,#164,#165,#166,#167,#168,#169,#170,#171,#172,#173,
#174,#175,#176,#177,#178,#179,#180,#181,#182,#183,#184,#185,#186,#187,#188,
#189,#190,#191,#192,#193,#194,#195,#196,#197,#198,#199,#200,#201,#202,#203,
#204,#205,#206,#207,#208,#209,#210,#211,#212),#10086);
#11=ITEM_DEFINED_TRANSFORMATION($,$,#6155,#6666);
#12=ITEM_DEFINED_TRANSFORMATION($,$,#6347,#6667);
#13=ITEM_DEFINED_TRANSFORMATION($,$,#6154,#6668);
#14=(
REPRESENTATION_RELATIONSHIP($,$,#10104,#10103)
REPRESENTATION_RELATIONSHIP_WITH_TRANSFORMATION(#11)
SHAPE_REPRESENTATION_RELATIONSHIP()
);
#15=(
REPRESENTATION_RELATIONSHIP($,$,#10105,#10103)
REPRESENTATION_RELATIONSHIP_WITH_TRANSFORMATION(#12)
SHAPE_REPRESENTATION_RELATIONSHIP()
);
#16=(
REPRESENTATION_RELATIONSHIP($,$,#10103,#10102)
REPRESENTATION_RELATIONSHIP_WITH_TRANSFORMATION(#13)
SHAPE_REPRESENTATION_RELATIONSHIP()
);
#17=CONTEXT_DEPENDENT_SHAPE_REPRESENTATION(#14,#10099);
#18=CONTEXT_DEPENDENT_SHAPE_REPRESENTATION(#15,#10100);
#19=CONTEXT_DEPENDENT_SHAPE_REPRESENTATION(#16,#10101);
#20=NEXT_ASSEMBLY_USAGE_OCCURRENCE('SOT763-1 Mold Body:1',
'SOT763-1 Mold Body:1','SOT763-1 Mold Body:1',#10108,#10109,
'SOT763-1 Mold Body:1');
#21=NEXT_ASSEMBLY_USAGE_OCCURRENCE('SOT763-1 LF:1','SOT763-1 LF:1',
'SOT763-1 LF:1',#10108,#10110,'SOT763-1 LF:1');
#22=NEXT_ASSEMBLY_USAGE_OCCURRENCE(' SOT763-1:1',' SOT763-1:1',
' SOT763-1:1',#10107,#10108,' SOT763-1:1');
#23=SPHERICAL_SURFACE('',#6394,0.09);
#24=SPHERICAL_SURFACE('',#6411,0.09);
#25=SPHERICAL_SURFACE('',#6428,0.09);
#26=SPHERICAL_SURFACE('',#6445,0.09);
#27=SPHERICAL_SURFACE('',#6462,0.09);
#28=SPHERICAL_SURFACE('',#6479,0.09);
#29=SPHERICAL_SURFACE('',#6496,0.09);
#30=SPHERICAL_SURFACE('',#6513,0.09);
#31=SPHERICAL_SURFACE('',#6530,0.09);
#32=SPHERICAL_SURFACE('',#6547,0.09);
#33=SPHERICAL_SURFACE('',#6564,0.09);
#34=SPHERICAL_SURFACE('',#6581,0.09);
#35=SPHERICAL_SURFACE('',#6614,0.09);
#36=SPHERICAL_SURFACE('',#6631,0.09);
#37=SPHERICAL_SURFACE('',#6648,0.09);
#38=SPHERICAL_SURFACE('',#6665,0.09);
#39=SHAPE_REPRESENTATION_RELATIONSHIP('SRR','None',#10104,#41);
#40=SHAPE_REPRESENTATION_RELATIONSHIP('SRR','None',#10105,#42);
#41=ADVANCED_BREP_SHAPE_REPRESENTATION('',(#213),#10084);
#42=ADVANCED_BREP_SHAPE_REPRESENTATION('',(#214,#215,#216,#217,#218,#219,
#220,#221,#222,#223,#224,#225,#226,#227,#228,#229,#230,#231,#232,#233,#234),
#10085);
#43=STYLED_ITEM('',(#10127),#213);
#44=STYLED_ITEM('',(#10129),#5896);
#45=STYLED_ITEM('',(#10129),#5897);
#46=STYLED_ITEM('',(#10129),#5898);
#47=STYLED_ITEM('',(#10129),#5899);
#48=STYLED_ITEM('',(#10129),#5900);
#49=STYLED_ITEM('',(#10129),#5901);
#50=STYLED_ITEM('',(#10129),#5902);
#51=STYLED_ITEM('',(#10129),#5903);
#52=STYLED_ITEM('',(#10129),#5904);
#53=STYLED_ITEM('',(#10129),#5905);
#54=STYLED_ITEM('',(#10130),#5906);
#55=STYLED_ITEM('',(#10129),#5907);
#56=STYLED_ITEM('',(#10128),#214);
#57=STYLED_ITEM('',(#10129),#5908);
#58=STYLED_ITEM('',(#10129),#5909);
#59=STYLED_ITEM('',(#10129),#5910);
#60=STYLED_ITEM('',(#10129),#5911);
#61=STYLED_ITEM('',(#10129),#5912);
#62=STYLED_ITEM('',(#10129),#5913);
#63=STYLED_ITEM('',(#10128),#215);
#64=STYLED_ITEM('',(#10129),#5914);
#65=STYLED_ITEM('',(#10129),#5915);
#66=STYLED_ITEM('',(#10129),#5916);
#67=STYLED_ITEM('',(#10129),#5917);
#68=STYLED_ITEM('',(#10129),#5918);
#69=STYLED_ITEM('',(#10129),#5919);
#70=STYLED_ITEM('',(#10128),#216);
#71=STYLED_ITEM('',(#10129),#5920);
#72=STYLED_ITEM('',(#10129),#5921);
#73=STYLED_ITEM('',(#10129),#5922);
#74=STYLED_ITEM('',(#10129),#5923);
#75=STYLED_ITEM('',(#10129),#5924);
#76=STYLED_ITEM('',(#10129),#5925);
#77=STYLED_ITEM('',(#10128),#217);
#78=STYLED_ITEM('',(#10129),#5926);
#79=STYLED_ITEM('',(#10129),#5927);
#80=STYLED_ITEM('',(#10129),#5928);
#81=STYLED_ITEM('',(#10129),#5929);
#82=STYLED_ITEM('',(#10129),#5930);
#83=STYLED_ITEM('',(#10129),#5931);
#84=STYLED_ITEM('',(#10128),#218);
#85=STYLED_ITEM('',(#10130),#5932);
#86=STYLED_ITEM('',(#10129),#5933);
#87=STYLED_ITEM('',(#10129),#5934);
#88=STYLED_ITEM('',(#10129),#5935);
#89=STYLED_ITEM('',(#10129),#5936);
#90=STYLED_ITEM('',(#10130),#5937);
#91=STYLED_ITEM('',(#10129),#5938);
#92=STYLED_ITEM('',(#10128),#219);
#93=STYLED_ITEM('',(#10130),#5943);
#94=STYLED_ITEM('',(#10129),#5944);
#95=STYLED_ITEM('',(#10129),#5945);
#96=STYLED_ITEM('',(#10129),#5946);
#97=STYLED_ITEM('',(#10129),#5947);
#98=STYLED_ITEM('',(#10130),#5948);
#99=STYLED_ITEM('',(#10129),#5949);
#100=STYLED_ITEM('',(#10128),#220);
#101=STYLED_ITEM('',(#10130),#5954);
#102=STYLED_ITEM('',(#10129),#5955);
#103=STYLED_ITEM('',(#10129),#5956);
#104=STYLED_ITEM('',(#10129),#5957);
#105=STYLED_ITEM('',(#10129),#5958);
#106=STYLED_ITEM('',(#10130),#5959);
#107=STYLED_ITEM('',(#10129),#5960);
#108=STYLED_ITEM('',(#10128),#221);
#109=STYLED_ITEM('',(#10130),#5965);
#110=STYLED_ITEM('',(#10129),#5966);
#111=STYLED_ITEM('',(#10129),#5967);
#112=STYLED_ITEM('',(#10129),#5968);
#113=STYLED_ITEM('',(#10129),#5969);
#114=STYLED_ITEM('',(#10130),#5970);
#115=STYLED_ITEM('',(#10129),#5971);
#116=STYLED_ITEM('',(#10128),#222);
#117=STYLED_ITEM('',(#10130),#5976);
#118=STYLED_ITEM('',(#10129),#5977);
#119=STYLED_ITEM('',(#10129),#5978);
#120=STYLED_ITEM('',(#10129),#5979);
#121=STYLED_ITEM('',(#10129),#5980);
#122=STYLED_ITEM('',(#10130),#5981);
#123=STYLED_ITEM('',(#10129),#5982);
#124=STYLED_ITEM('',(#10128),#223);
#125=STYLED_ITEM('',(#10130),#5987);
#126=STYLED_ITEM('',(#10129),#5988);
#127=STYLED_ITEM('',(#10129),#5989);
#128=STYLED_ITEM('',(#10129),#5990);
#129=STYLED_ITEM('',(#10129),#5991);
#130=STYLED_ITEM('',(#10130),#5992);
#131=STYLED_ITEM('',(#10129),#5993);
#132=STYLED_ITEM('',(#10128),#224);
#133=STYLED_ITEM('',(#10130),#5998);
#134=STYLED_ITEM('',(#10129),#6000);
#135=STYLED_ITEM('',(#10129),#6001);
#136=STYLED_ITEM('',(#10129),#6002);
#137=STYLED_ITEM('',(#10129),#6003);
#138=STYLED_ITEM('',(#10130),#6004);
#139=STYLED_ITEM('',(#10129),#6005);
#140=STYLED_ITEM('',(#10128),#225);
#141=STYLED_ITEM('',(#10130),#6009);
#142=STYLED_ITEM('',(#10129),#6011);
#143=STYLED_ITEM('',(#10129),#6012);
#144=STYLED_ITEM('',(#10129),#6013);
#145=STYLED_ITEM('',(#10129),#6014);
#146=STYLED_ITEM('',(#10130),#6015);
#147=STYLED_ITEM('',(#10129),#6016);
#148=STYLED_ITEM('',(#10128),#226);
#149=STYLED_ITEM('',(#10130),#6020);
#150=STYLED_ITEM('',(#10129),#6022);
#151=STYLED_ITEM('',(#10129),#6023);
#152=STYLED_ITEM('',(#10129),#6024);
#153=STYLED_ITEM('',(#10129),#6025);
#154=STYLED_ITEM('',(#10130),#6026);
#155=STYLED_ITEM('',(#10129),#6027);
#156=STYLED_ITEM('',(#10128),#227);
#157=STYLED_ITEM('',(#10130),#6031);
#158=STYLED_ITEM('',(#10129),#6033);
#159=STYLED_ITEM('',(#10129),#6034);
#160=STYLED_ITEM('',(#10129),#6035);
#161=STYLED_ITEM('',(#10129),#6036);
#162=STYLED_ITEM('',(#10130),#6037);
#163=STYLED_ITEM('',(#10129),#6038);
#164=STYLED_ITEM('',(#10128),#228);
#165=STYLED_ITEM('',(#10130),#6042);
#166=STYLED_ITEM('',(#10129),#6044);
#167=STYLED_ITEM('',(#10129),#6045);
#168=STYLED_ITEM('',(#10129),#6046);
#169=STYLED_ITEM('',(#10129),#6047);
#170=STYLED_ITEM('',(#10130),#6048);
#171=STYLED_ITEM('',(#10129),#6049);
#172=STYLED_ITEM('',(#10128),#229);
#173=STYLED_ITEM('',(#10130),#6053);
#174=STYLED_ITEM('',(#10129),#6055);
#175=STYLED_ITEM('',(#10129),#6056);
#176=STYLED_ITEM('',(#10129),#6057);
#177=STYLED_ITEM('',(#10129),#6058);
#178=STYLED_ITEM('',(#10130),#6059);
#179=STYLED_ITEM('',(#10129),#6060);
#180=STYLED_ITEM('',(#10128),#230);
#181=STYLED_ITEM('',(#10129),#6064);
#182=STYLED_ITEM('',(#10129),#6065);
#183=STYLED_ITEM('',(#10129),#6066);
#184=STYLED_ITEM('',(#10129),#6067);
#185=STYLED_ITEM('',(#10130),#6068);
#186=STYLED_ITEM('',(#10129),#6069);
#187=STYLED_ITEM('',(#10130),#6074);
#188=STYLED_ITEM('',(#10128),#231);
#189=STYLED_ITEM('',(#10129),#6075);
#190=STYLED_ITEM('',(#10129),#6076);
#191=STYLED_ITEM('',(#10129),#6077);
#192=STYLED_ITEM('',(#10129),#6078);
#193=STYLED_ITEM('',(#10130),#6079);
#194=STYLED_ITEM('',(#10129),#6080);
#195=STYLED_ITEM('',(#10130),#6085);
#196=STYLED_ITEM('',(#10128),#232);
#197=STYLED_ITEM('',(#10129),#6086);
#198=STYLED_ITEM('',(#10129),#6087);
#199=STYLED_ITEM('',(#10129),#6088);
#200=STYLED_ITEM('',(#10129),#6089);
#201=STYLED_ITEM('',(#10130),#6090);
#202=STYLED_ITEM('',(#10129),#6091);
#203=STYLED_ITEM('',(#10130),#6096);
#204=STYLED_ITEM('',(#10128),#233);
#205=STYLED_ITEM('',(#10129),#6097);
#206=STYLED_ITEM('',(#10129),#6098);
#207=STYLED_ITEM('',(#10129),#6099);
#208=STYLED_ITEM('',(#10129),#6100);
#209=STYLED_ITEM('',(#10130),#6101);
#210=STYLED_ITEM('',(#10129),#6102);
#211=STYLED_ITEM('',(#10130),#6107);
#212=STYLED_ITEM('',(#10128),#234);
#213=MANIFOLD_SOLID_BREP('Body1',#6108);
#214=MANIFOLD_SOLID_BREP('Body1',#6109);
#215=MANIFOLD_SOLID_BREP('Body2',#6110);
#216=MANIFOLD_SOLID_BREP('Body3',#6111);
#217=MANIFOLD_SOLID_BREP('Body4',#6112);
#218=MANIFOLD_SOLID_BREP('Body5',#6113);
#219=MANIFOLD_SOLID_BREP('Body6',#6114);
#220=MANIFOLD_SOLID_BREP('Body7',#6115);
#221=MANIFOLD_SOLID_BREP('Body8',#6116);
#222=MANIFOLD_SOLID_BREP('Body9',#6117);
#223=MANIFOLD_SOLID_BREP('Body10',#6118);
#224=MANIFOLD_SOLID_BREP('Body11',#6119);
#225=MANIFOLD_SOLID_BREP('Body12',#6120);
#226=MANIFOLD_SOLID_BREP('Body13',#6121);
#227=MANIFOLD_SOLID_BREP('Body14',#6122);
#228=MANIFOLD_SOLID_BREP('Body15',#6123);
#229=MANIFOLD_SOLID_BREP('Body16',#6124);
#230=MANIFOLD_SOLID_BREP('Body17',#6125);
#231=MANIFOLD_SOLID_BREP('Body18',#6126);
#232=MANIFOLD_SOLID_BREP('Body19',#6127);
#233=MANIFOLD_SOLID_BREP('Body20',#6128);
#234=MANIFOLD_SOLID_BREP('Body21',#6129);
#235=FACE_BOUND('',#831,.T.);
#236=FACE_BOUND('',#832,.T.);
#237=FACE_BOUND('',#833,.T.);
#238=FACE_BOUND('',#835,.T.);
#239=FACE_BOUND('',#836,.T.);
#240=FACE_BOUND('',#839,.T.);
#241=FACE_BOUND('',#840,.T.);
#242=FACE_BOUND('',#843,.T.);
#243=PLANE('',#6186);
#244=PLANE('',#6194);
#245=PLANE('',#6195);
#246=PLANE('',#6196);
#247=PLANE('',#6197);
#248=PLANE('',#6198);
#249=PLANE('',#6216);
#250=PLANE('',#6219);
#251=PLANE('',#6222);
#252=PLANE('',#6225);
#253=PLANE('',#6228);
#254=PLANE('',#6229);
#255=PLANE('',#6230);
#256=PLANE('',#6233);
#257=PLANE('',#6234);
#258=PLANE('',#6235);
#259=PLANE('',#6238);
#260=PLANE('',#6239);
#261=PLANE('',#6240);
#262=PLANE('',#6241);
#263=PLANE('',#6242);
#264=PLANE('',#6243);
#265=PLANE('',#6244);
#266=PLANE('',#6245);
#267=PLANE('',#6246);
#268=PLANE('',#6247);
#269=PLANE('',#6248);
#270=PLANE('',#6249);
#271=PLANE('',#6250);
#272=PLANE('',#6251);
#273=PLANE('',#6252);
#274=PLANE('',#6253);
#275=PLANE('',#6254);
#276=PLANE('',#6255);
#277=PLANE('',#6256);
#278=PLANE('',#6257);
#279=PLANE('',#6258);
#280=PLANE('',#6261);
#281=PLANE('',#6262);
#282=PLANE('',#6263);
#283=PLANE('',#6266);
#284=PLANE('',#6267);
#285=PLANE('',#6268);
#286=PLANE('',#6271);
#287=PLANE('',#6272);
#288=PLANE('',#6273);
#289=PLANE('',#6276);
#290=PLANE('',#6277);
#291=PLANE('',#6278);
#292=PLANE('',#6280);
#293=PLANE('',#6282);
#294=PLANE('',#6283);
#295=PLANE('',#6286);
#296=PLANE('',#6287);
#297=PLANE('',#6288);
#298=PLANE('',#6291);
#299=PLANE('',#6292);
#300=PLANE('',#6293);
#301=PLANE('',#6296);
#302=PLANE('',#6297);
#303=PLANE('',#6298);
#304=PLANE('',#6299);
#305=PLANE('',#6300);
#306=PLANE('',#6301);
#307=PLANE('',#6302);
#308=PLANE('',#6303);
#309=PLANE('',#6304);
#310=PLANE('',#6305);
#311=PLANE('',#6306);
#312=PLANE('',#6307);
#313=PLANE('',#6308);
#314=PLANE('',#6309);
#315=PLANE('',#6310);
#316=PLANE('',#6311);
#317=PLANE('',#6312);
#318=PLANE('',#6313);
#319=PLANE('',#6314);
#320=PLANE('',#6315);
#321=PLANE('',#6316);
#322=PLANE('',#6317);
#323=PLANE('',#6318);
#324=PLANE('',#6321);
#325=PLANE('',#6324);
#326=PLANE('',#6325);
#327=PLANE('',#6328);
#328=PLANE('',#6331);
#329=PLANE('',#6332);
#330=PLANE('',#6333);
#331=PLANE('',#6336);
#332=PLANE('',#6339);
#333=PLANE('',#6342);
#334=PLANE('',#6343);
#335=PLANE('',#6344);
#336=PLANE('',#6345);
#337=PLANE('',#6346);
#338=PLANE('',#6351);
#339=PLANE('',#6355);
#340=PLANE('',#6359);
#341=PLANE('',#6363);
#342=PLANE('',#6367);
#343=PLANE('',#6368);
#344=PLANE('',#6369);
#345=PLANE('',#6370);
#346=PLANE('',#6371);
#347=PLANE('',#6372);
#348=PLANE('',#6373);
#349=PLANE('',#6374);
#350=PLANE('',#6375);
#351=PLANE('',#6376);
#352=PLANE('',#6377);
#353=PLANE('',#6378);
#354=PLANE('',#6379);
#355=PLANE('',#6380);
#356=PLANE('',#6381);
#357=PLANE('',#6382);
#358=PLANE('',#6383);
#359=PLANE('',#6384);
#360=PLANE('',#6385);
#361=PLANE('',#6386);
#362=PLANE('',#6387);
#363=PLANE('',#6388);
#364=PLANE('',#6389);
#365=PLANE('',#6390);
#366=PLANE('',#6391);
#367=PLANE('',#6392);
#368=PLANE('',#6393);
#369=PLANE('',#6400);
#370=PLANE('',#6401);
#371=PLANE('',#6402);
#372=PLANE('',#6404);
#373=PLANE('',#6406);
#374=PLANE('',#6407);
#375=PLANE('',#6409);
#376=PLANE('',#6417);
#377=PLANE('',#6419);
#378=PLANE('',#6420);
#379=PLANE('',#6421);
#380=PLANE('',#6423);
#381=PLANE('',#6424);
#382=PLANE('',#6426);
#383=PLANE('',#6434);
#384=PLANE('',#6435);
#385=PLANE('',#6437);
#386=PLANE('',#6438);
#387=PLANE('',#6440);
#388=PLANE('',#6441);
#389=PLANE('',#6443);
#390=PLANE('',#6451);
#391=PLANE('',#6452);
#392=PLANE('',#6454);
#393=PLANE('',#6455);
#394=PLANE('',#6457);
#395=PLANE('',#6458);
#396=PLANE('',#6460);
#397=PLANE('',#6468);
#398=PLANE('',#6469);
#399=PLANE('',#6470);
#400=PLANE('',#6472);
#401=PLANE('',#6474);
#402=PLANE('',#6475);
#403=PLANE('',#6477);
#404=PLANE('',#6485);
#405=PLANE('',#6486);
#406=PLANE('',#6488);
#407=PLANE('',#6489);
#408=PLANE('',#6491);
#409=PLANE('',#6492);
#410=PLANE('',#6494);
#411=PLANE('',#6504);
#412=PLANE('',#6505);
#413=PLANE('',#6507);
#414=PLANE('',#6508);
#415=PLANE('',#6509);
#416=PLANE('',#6510);
#417=PLANE('',#6511);
#418=PLANE('',#6521);
#419=PLANE('',#6522);
#420=PLANE('',#6524);
#421=PLANE('',#6525);
#422=PLANE('',#6526);
#423=PLANE('',#6527);
#424=PLANE('',#6528);
#425=PLANE('',#6538);
#426=PLANE('',#6539);
#427=PLANE('',#6541);
#428=PLANE('',#6542);
#429=PLANE('',#6543);
#430=PLANE('',#6544);
#431=PLANE('',#6545);
#432=PLANE('',#6555);
#433=PLANE('',#6556);
#434=PLANE('',#6558);
#435=PLANE('',#6559);
#436=PLANE('',#6560);
#437=PLANE('',#6561);
#438=PLANE('',#6562);
#439=PLANE('',#6572);
#440=PLANE('',#6573);
#441=PLANE('',#6575);
#442=PLANE('',#6576);
#443=PLANE('',#6577);
#444=PLANE('',#6578);
#445=PLANE('',#6579);
#446=PLANE('',#6589);
#447=PLANE('',#6590);
#448=PLANE('',#6592);
#449=PLANE('',#6593);
#450=PLANE('',#6594);
#451=PLANE('',#6595);
#452=PLANE('',#6596);
#453=PLANE('',#6598);
#454=PLANE('',#6600);
#455=PLANE('',#6604);
#456=PLANE('',#6605);
#457=PLANE('',#6607);
#458=PLANE('',#6608);
#459=PLANE('',#6611);
#460=PLANE('',#6618);
#461=PLANE('',#6619);
#462=PLANE('',#6621);
#463=PLANE('',#6622);
#464=PLANE('',#6624);
#465=PLANE('',#6625);
#466=PLANE('',#6628);
#467=PLANE('',#6635);
#468=PLANE('',#6636);
#469=PLANE('',#6638);
#470=PLANE('',#6639);
#471=PLANE('',#6641);
#472=PLANE('',#6644);
#473=PLANE('',#6645);
#474=PLANE('',#6652);
#475=PLANE('',#6653);
#476=PLANE('',#6655);
#477=PLANE('',#6656);
#478=PLANE('',#6658);
#479=PLANE('',#6661);
#480=PLANE('',#6662);
#481=FACE_OUTER_BOUND('',#820,.T.);
#482=FACE_OUTER_BOUND('',#821,.T.);
#483=FACE_OUTER_BOUND('',#822,.T.);
#484=FACE_OUTER_BOUND('',#823,.T.);
#485=FACE_OUTER_BOUND('',#824,.T.);
#486=FACE_OUTER_BOUND('',#825,.T.);
#487=FACE_OUTER_BOUND('',#826,.T.);
#488=FACE_OUTER_BOUND('',#827,.T.);
#489=FACE_OUTER_BOUND('',#828,.T.);
#490=FACE_OUTER_BOUND('',#829,.T.);
#491=FACE_OUTER_BOUND('',#830,.T.);
#492=FACE_OUTER_BOUND('',#834,.T.);
#493=FACE_OUTER_BOUND('',#837,.T.);
#494=FACE_OUTER_BOUND('',#838,.T.);
#495=FACE_OUTER_BOUND('',#841,.T.);
#496=FACE_OUTER_BOUND('',#842,.T.);
#497=FACE_OUTER_BOUND('',#844,.T.);
#498=FACE_OUTER_BOUND('',#845,.T.);
#499=FACE_OUTER_BOUND('',#846,.T.);
#500=FACE_OUTER_BOUND('',#847,.T.);
#501=FACE_OUTER_BOUND('',#848,.T.);
#502=FACE_OUTER_BOUND('',#849,.T.);
#503=FACE_OUTER_BOUND('',#850,.T.);
#504=FACE_OUTER_BOUND('',#851,.T.);
#505=FACE_OUTER_BOUND('',#852,.T.);
#506=FACE_OUTER_BOUND('',#853,.T.);
#507=FACE_OUTER_BOUND('',#854,.T.);
#508=FACE_OUTER_BOUND('',#855,.T.);
#509=FACE_OUTER_BOUND('',#856,.T.);
#510=FACE_OUTER_BOUND('',#857,.T.);
#511=FACE_OUTER_BOUND('',#858,.T.);
#512=FACE_OUTER_BOUND('',#859,.T.);
#513=FACE_OUTER_BOUND('',#860,.T.);
#514=FACE_OUTER_BOUND('',#861,.T.);
#515=FACE_OUTER_BOUND('',#862,.T.);
#516=FACE_OUTER_BOUND('',#863,.T.);
#517=FACE_OUTER_BOUND('',#864,.T.);
#518=FACE_OUTER_BOUND('',#865,.T.);
#519=FACE_OUTER_BOUND('',#866,.T.);
#520=FACE_OUTER_BOUND('',#867,.T.);
#521=FACE_OUTER_BOUND('',#868,.T.);
#522=FACE_OUTER_BOUND('',#869,.T.);
#523=FACE_OUTER_BOUND('',#870,.T.);
#524=FACE_OUTER_BOUND('',#871,.T.);
#525=FACE_OUTER_BOUND('',#872,.T.);
#526=FACE_OUTER_BOUND('',#873,.T.);
#527=FACE_OUTER_BOUND('',#874,.T.);
#528=FACE_OUTER_BOUND('',#875,.T.);
#529=FACE_OUTER_BOUND('',#876,.T.);
#530=FACE_OUTER_BOUND('',#877,.T.);
#531=FACE_OUTER_BOUND('',#878,.T.);
#532=FACE_OUTER_BOUND('',#879,.T.);
#533=FACE_OUTER_BOUND('',#880,.T.);
#534=FACE_OUTER_BOUND('',#881,.T.);
#535=FACE_OUTER_BOUND('',#882,.T.);
#536=FACE_OUTER_BOUND('',#883,.T.);
#537=FACE_OUTER_BOUND('',#884,.T.);
#538=FACE_OUTER_BOUND('',#885,.T.);
#539=FACE_OUTER_BOUND('',#886,.T.);
#540=FACE_OUTER_BOUND('',#887,.T.);
#541=FACE_OUTER_BOUND('',#888,.T.);
#542=FACE_OUTER_BOUND('',#889,.T.);
#543=FACE_OUTER_BOUND('',#890,.T.);
#544=FACE_OUTER_BOUND('',#891,.T.);
#545=FACE_OUTER_BOUND('',#892,.T.);
#546=FACE_OUTER_BOUND('',#893,.T.);
#547=FACE_OUTER_BOUND('',#894,.T.);
#548=FACE_OUTER_BOUND('',#895,.T.);
#549=FACE_OUTER_BOUND('',#896,.T.);
#550=FACE_OUTER_BOUND('',#897,.T.);
#551=FACE_OUTER_BOUND('',#898,.T.);
#552=FACE_OUTER_BOUND('',#899,.T.);
#553=FACE_OUTER_BOUND('',#900,.T.);
#554=FACE_OUTER_BOUND('',#901,.T.);
#555=FACE_OUTER_BOUND('',#902,.T.);
#556=FACE_OUTER_BOUND('',#903,.T.);
#557=FACE_OUTER_BOUND('',#904,.T.);
#558=FACE_OUTER_BOUND('',#905,.T.);
#559=FACE_OUTER_BOUND('',#906,.T.);
#560=FACE_OUTER_BOUND('',#907,.T.);
#561=FACE_OUTER_BOUND('',#908,.T.);
#562=FACE_OUTER_BOUND('',#909,.T.);
#563=FACE_OUTER_BOUND('',#910,.T.);
#564=FACE_OUTER_BOUND('',#911,.T.);
#565=FACE_OUTER_BOUND('',#912,.T.);
#566=FACE_OUTER_BOUND('',#913,.T.);
#567=FACE_OUTER_BOUND('',#914,.T.);
#568=FACE_OUTER_BOUND('',#915,.T.);
#569=FACE_OUTER_BOUND('',#916,.T.);
#570=FACE_OUTER_BOUND('',#917,.T.);
#571=FACE_OUTER_BOUND('',#918,.T.);
#572=FACE_OUTER_BOUND('',#919,.T.);
#573=FACE_OUTER_BOUND('',#920,.T.);
#574=FACE_OUTER_BOUND('',#921,.T.);
#575=FACE_OUTER_BOUND('',#922,.T.);
#576=FACE_OUTER_BOUND('',#923,.T.);
#577=FACE_OUTER_BOUND('',#924,.T.);
#578=FACE_OUTER_BOUND('',#925,.T.);
#579=FACE_OUTER_BOUND('',#926,.T.);
#580=FACE_OUTER_BOUND('',#927,.T.);
#581=FACE_OUTER_BOUND('',#928,.T.);
#582=FACE_OUTER_BOUND('',#929,.T.);
#583=FACE_OUTER_BOUND('',#930,.T.);
#584=FACE_OUTER_BOUND('',#931,.T.);
#585=FACE_OUTER_BOUND('',#932,.T.);
#586=FACE_OUTER_BOUND('',#933,.T.);
#587=FACE_OUTER_BOUND('',#934,.T.);
#588=FACE_OUTER_BOUND('',#935,.T.);
#589=FACE_OUTER_BOUND('',#936,.T.);
#590=FACE_OUTER_BOUND('',#937,.T.);
#591=FACE_OUTER_BOUND('',#938,.T.);
#592=FACE_OUTER_BOUND('',#939,.T.);
#593=FACE_OUTER_BOUND('',#940,.T.);
#594=FACE_OUTER_BOUND('',#941,.T.);
#595=FACE_OUTER_BOUND('',#942,.T.);
#596=FACE_OUTER_BOUND('',#943,.T.);
#597=FACE_OUTER_BOUND('',#944,.T.);
#598=FACE_OUTER_BOUND('',#945,.T.);
#599=FACE_OUTER_BOUND('',#946,.T.);
#600=FACE_OUTER_BOUND('',#947,.T.);
#601=FACE_OUTER_BOUND('',#948,.T.);
#602=FACE_OUTER_BOUND('',#949,.T.);
#603=FACE_OUTER_BOUND('',#950,.T.);
#604=FACE_OUTER_BOUND('',#951,.T.);
#605=FACE_OUTER_BOUND('',#952,.T.);
#606=FACE_OUTER_BOUND('',#953,.T.);
#607=FACE_OUTER_BOUND('',#954,.T.);
#608=FACE_OUTER_BOUND('',#955,.T.);
#609=FACE_OUTER_BOUND('',#956,.T.);
#610=FACE_OUTER_BOUND('',#957,.T.);
#611=FACE_OUTER_BOUND('',#958,.T.);
#612=FACE_OUTER_BOUND('',#959,.T.);
#613=FACE_OUTER_BOUND('',#960,.T.);
#614=FACE_OUTER_BOUND('',#961,.T.);
#615=FACE_OUTER_BOUND('',#962,.T.);
#616=FACE_OUTER_BOUND('',#963,.T.);
#617=FACE_OUTER_BOUND('',#964,.T.);
#618=FACE_OUTER_BOUND('',#965,.T.);
#619=FACE_OUTER_BOUND('',#966,.T.);
#620=FACE_OUTER_BOUND('',#967,.T.);
#621=FACE_OUTER_BOUND('',#968,.T.);
#622=FACE_OUTER_BOUND('',#969,.T.);
#623=FACE_OUTER_BOUND('',#970,.T.);
#624=FACE_OUTER_BOUND('',#971,.T.);
#625=FACE_OUTER_BOUND('',#972,.T.);
#626=FACE_OUTER_BOUND('',#973,.T.);
#627=FACE_OUTER_BOUND('',#974,.T.);
#628=FACE_OUTER_BOUND('',#975,.T.);
#629=FACE_OUTER_BOUND('',#976,.T.);
#630=FACE_OUTER_BOUND('',#977,.T.);
#631=FACE_OUTER_BOUND('',#978,.T.);
#632=FACE_OUTER_BOUND('',#979,.T.);
#633=FACE_OUTER_BOUND('',#980,.T.);
#634=FACE_OUTER_BOUND('',#981,.T.);
#635=FACE_OUTER_BOUND('',#982,.T.);
#636=FACE_OUTER_BOUND('',#983,.T.);
#637=FACE_OUTER_BOUND('',#984,.T.);
#638=FACE_OUTER_BOUND('',#985,.T.);
#639=FACE_OUTER_BOUND('',#986,.T.);
#640=FACE_OUTER_BOUND('',#987,.T.);
#641=FACE_OUTER_BOUND('',#988,.T.);
#642=FACE_OUTER_BOUND('',#989,.T.);
#643=FACE_OUTER_BOUND('',#990,.T.);
#644=FACE_OUTER_BOUND('',#991,.T.);
#645=FACE_OUTER_BOUND('',#992,.T.);
#646=FACE_OUTER_BOUND('',#993,.T.);
#647=FACE_OUTER_BOUND('',#994,.T.);
#648=FACE_OUTER_BOUND('',#995,.T.);
#649=FACE_OUTER_BOUND('',#996,.T.);
#650=FACE_OUTER_BOUND('',#997,.T.);
#651=FACE_OUTER_BOUND('',#998,.T.);
#652=FACE_OUTER_BOUND('',#999,.T.);
#653=FACE_OUTER_BOUND('',#1000,.T.);
#654=FACE_OUTER_BOUND('',#1001,.T.);
#655=FACE_OUTER_BOUND('',#1002,.T.);
#656=FACE_OUTER_BOUND('',#1003,.T.);
#657=FACE_OUTER_BOUND('',#1004,.T.);
#658=FACE_OUTER_BOUND('',#1005,.T.);
#659=FACE_OUTER_BOUND('',#1006,.T.);
#660=FACE_OUTER_BOUND('',#1007,.T.);
#661=FACE_OUTER_BOUND('',#1008,.T.);
#662=FACE_OUTER_BOUND('',#1009,.T.);
#663=FACE_OUTER_BOUND('',#1010,.T.);
#664=FACE_OUTER_BOUND('',#1011,.T.);
#665=FACE_OUTER_BOUND('',#1012,.T.);
#666=FACE_OUTER_BOUND('',#1013,.T.);
#667=FACE_OUTER_BOUND('',#1014,.T.);
#668=FACE_OUTER_BOUND('',#1015,.T.);
#669=FACE_OUTER_BOUND('',#1016,.T.);
#670=FACE_OUTER_BOUND('',#1017,.T.);
#671=FACE_OUTER_BOUND('',#1018,.T.);
#672=FACE_OUTER_BOUND('',#1019,.T.);
#673=FACE_OUTER_BOUND('',#1020,.T.);
#674=FACE_OUTER_BOUND('',#1021,.T.);
#675=FACE_OUTER_BOUND('',#1022,.T.);
#676=FACE_OUTER_BOUND('',#1023,.T.);
#677=FACE_OUTER_BOUND('',#1024,.T.);
#678=FACE_OUTER_BOUND('',#1025,.T.);
#679=FACE_OUTER_BOUND('',#1026,.T.);
#680=FACE_OUTER_BOUND('',#1027,.T.);
#681=FACE_OUTER_BOUND('',#1028,.T.);
#682=FACE_OUTER_BOUND('',#1029,.T.);
#683=FACE_OUTER_BOUND('',#1030,.T.);
#684=FACE_OUTER_BOUND('',#1031,.T.);
#685=FACE_OUTER_BOUND('',#1032,.T.);
#686=FACE_OUTER_BOUND('',#1033,.T.);
#687=FACE_OUTER_BOUND('',#1034,.T.);
#688=FACE_OUTER_BOUND('',#1035,.T.);
#689=FACE_OUTER_BOUND('',#1036,.T.);
#690=FACE_OUTER_BOUND('',#1037,.T.);
#691=FACE_OUTER_BOUND('',#1038,.T.);
#692=FACE_OUTER_BOUND('',#1039,.T.);
#693=FACE_OUTER_BOUND('',#1040,.T.);
#694=FACE_OUTER_BOUND('',#1041,.T.);
#695=FACE_OUTER_BOUND('',#1042,.T.);
#696=FACE_OUTER_BOUND('',#1043,.T.);
#697=FACE_OUTER_BOUND('',#1044,.T.);
#698=FACE_OUTER_BOUND('',#1045,.T.);
#699=FACE_OUTER_BOUND('',#1046,.T.);
#700=FACE_OUTER_BOUND('',#1047,.T.);
#701=FACE_OUTER_BOUND('',#1048,.T.);
#702=FACE_OUTER_BOUND('',#1049,.T.);
#703=FACE_OUTER_BOUND('',#1050,.T.);
#704=FACE_OUTER_BOUND('',#1051,.T.);
#705=FACE_OUTER_BOUND('',#1052,.T.);
#706=FACE_OUTER_BOUND('',#1053,.T.);
#707=FACE_OUTER_BOUND('',#1054,.T.);
#708=FACE_OUTER_BOUND('',#1055,.T.);
#709=FACE_OUTER_BOUND('',#1056,.T.);
#710=FACE_OUTER_BOUND('',#1057,.T.);
#711=FACE_OUTER_BOUND('',#1058,.T.);
#712=FACE_OUTER_BOUND('',#1059,.T.);
#713=FACE_OUTER_BOUND('',#1060,.T.);
#714=FACE_OUTER_BOUND('',#1061,.T.);
#715=FACE_OUTER_BOUND('',#1062,.T.);
#716=FACE_OUTER_BOUND('',#1063,.T.);
#717=FACE_OUTER_BOUND('',#1064,.T.);
#718=FACE_OUTER_BOUND('',#1065,.T.);
#719=FACE_OUTER_BOUND('',#1066,.T.);
#720=FACE_OUTER_BOUND('',#1067,.T.);
#721=FACE_OUTER_BOUND('',#1068,.T.);
#722=FACE_OUTER_BOUND('',#1069,.T.);
#723=FACE_OUTER_BOUND('',#1070,.T.);
#724=FACE_OUTER_BOUND('',#1071,.T.);
#725=FACE_OUTER_BOUND('',#1072,.T.);
#726=FACE_OUTER_BOUND('',#1073,.T.);
#727=FACE_OUTER_BOUND('',#1074,.T.);
#728=FACE_OUTER_BOUND('',#1075,.T.);
#729=FACE_OUTER_BOUND('',#1076,.T.);
#730=FACE_OUTER_BOUND('',#1077,.T.);
#731=FACE_OUTER_BOUND('',#1078,.T.);
#732=FACE_OUTER_BOUND('',#1079,.T.);
#733=FACE_OUTER_BOUND('',#1080,.T.);
#734=FACE_OUTER_BOUND('',#1081,.T.);
#735=FACE_OUTER_BOUND('',#1082,.T.);
#736=FACE_OUTER_BOUND('',#1083,.T.);
#737=FACE_OUTER_BOUND('',#1084,.T.);
#738=FACE_OUTER_BOUND('',#1085,.T.);
#739=FACE_OUTER_BOUND('',#1086,.T.);
#740=FACE_OUTER_BOUND('',#1087,.T.);
#741=FACE_OUTER_BOUND('',#1088,.T.);
#742=FACE_OUTER_BOUND('',#1089,.T.);
#743=FACE_OUTER_BOUND('',#1090,.T.);
#744=FACE_OUTER_BOUND('',#1091,.T.);
#745=FACE_OUTER_BOUND('',#1092,.T.);
#746=FACE_OUTER_BOUND('',#1093,.T.);
#747=FACE_OUTER_BOUND('',#1094,.T.);
#748=FACE_OUTER_BOUND('',#1095,.T.);
#749=FACE_OUTER_BOUND('',#1096,.T.);
#750=FACE_OUTER_BOUND('',#1097,.T.);
#751=FACE_OUTER_BOUND('',#1098,.T.);
#752=FACE_OUTER_BOUND('',#1099,.T.);
#753=FACE_OUTER_BOUND('',#1100,.T.);
#754=FACE_OUTER_BOUND('',#1101,.T.);
#755=FACE_OUTER_BOUND('',#1102,.T.);
#756=FACE_OUTER_BOUND('',#1103,.T.);
#757=FACE_OUTER_BOUND('',#1104,.T.);
#758=FACE_OUTER_BOUND('',#1105,.T.);
#759=FACE_OUTER_BOUND('',#1106,.T.);
#760=FACE_OUTER_BOUND('',#1107,.T.);
#761=FACE_OUTER_BOUND('',#1108,.T.);
#762=FACE_OUTER_BOUND('',#1109,.T.);
#763=FACE_OUTER_BOUND('',#1110,.T.);
#764=FACE_OUTER_BOUND('',#1111,.T.);
#765=FACE_OUTER_BOUND('',#1112,.T.);
#766=FACE_OUTER_BOUND('',#1113,.T.);
#767=FACE_OUTER_BOUND('',#1114,.T.);
#768=FACE_OUTER_BOUND('',#1115,.T.);
#769=FACE_OUTER_BOUND('',#1116,.T.);
#770=FACE_OUTER_BOUND('',#1117,.T.);
#771=FACE_OUTER_BOUND('',#1118,.T.);
#772=FACE_OUTER_BOUND('',#1119,.T.);
#773=FACE_OUTER_BOUND('',#1120,.T.);
#774=FACE_OUTER_BOUND('',#1121,.T.);
#775=FACE_OUTER_BOUND('',#1122,.T.);
#776=FACE_OUTER_BOUND('',#1123,.T.);
#777=FACE_OUTER_BOUND('',#1124,.T.);
#778=FACE_OUTER_BOUND('',#1125,.T.);
#779=FACE_OUTER_BOUND('',#1126,.T.);
#780=FACE_OUTER_BOUND('',#1127,.T.);
#781=FACE_OUTER_BOUND('',#1128,.T.);
#782=FACE_OUTER_BOUND('',#1129,.T.);
#783=FACE_OUTER_BOUND('',#1130,.T.);
#784=FACE_OUTER_BOUND('',#1131,.T.);
#785=FACE_OUTER_BOUND('',#1132,.T.);
#786=FACE_OUTER_BOUND('',#1133,.T.);
#787=FACE_OUTER_BOUND('',#1134,.T.);
#788=FACE_OUTER_BOUND('',#1135,.T.);
#789=FACE_OUTER_BOUND('',#1136,.T.);
#790=FACE_OUTER_BOUND('',#1137,.T.);
#791=FACE_OUTER_BOUND('',#1138,.T.);
#792=FACE_OUTER_BOUND('',#1139,.T.);
#793=FACE_OUTER_BOUND('',#1140,.T.);
#794=FACE_OUTER_BOUND('',#1141,.T.);
#795=FACE_OUTER_BOUND('',#1142,.T.);
#796=FACE_OUTER_BOUND('',#1143,.T.);
#797=FACE_OUTER_BOUND('',#1144,.T.);
#798=FACE_OUTER_BOUND('',#1145,.T.);
#799=FACE_OUTER_BOUND('',#1146,.T.);
#800=FACE_OUTER_BOUND('',#1147,.T.);
#801=FACE_OUTER_BOUND('',#1148,.T.);
#802=FACE_OUTER_BOUND('',#1149,.T.);
#803=FACE_OUTER_BOUND('',#1150,.T.);
#804=FACE_OUTER_BOUND('',#1151,.T.);
#805=FACE_OUTER_BOUND('',#1152,.T.);
#806=FACE_OUTER_BOUND('',#1153,.T.);
#807=FACE_OUTER_BOUND('',#1154,.T.);
#808=FACE_OUTER_BOUND('',#1155,.T.);
#809=FACE_OUTER_BOUND('',#1156,.T.);
#810=FACE_OUTER_BOUND('',#1157,.T.);
#811=FACE_OUTER_BOUND('',#1158,.T.);
#812=FACE_OUTER_BOUND('',#1159,.T.);
#813=FACE_OUTER_BOUND('',#1160,.T.);
#814=FACE_OUTER_BOUND('',#1161,.T.);
#815=FACE_OUTER_BOUND('',#1162,.T.);
#816=FACE_OUTER_BOUND('',#1163,.T.);
#817=FACE_OUTER_BOUND('',#1164,.T.);
#818=FACE_OUTER_BOUND('',#1165,.T.);
#819=FACE_OUTER_BOUND('',#1166,.T.);
#820=EDGE_LOOP('',(#4026,#4027,#4028,#4029));
#821=EDGE_LOOP('',(#4030,#4031,#4032,#4033));
#822=EDGE_LOOP('',(#4034,#4035,#4036,#4037));
#823=EDGE_LOOP('',(#4038,#4039,#4040,#4041));
#824=EDGE_LOOP('',(#4042,#4043,#4044,#4045));
#825=EDGE_LOOP('',(#4046,#4047,#4048,#4049));
#826=EDGE_LOOP('',(#4050,#4051,#4052,#4053));
#827=EDGE_LOOP('',(#4054,#4055,#4056,#4057));
#828=EDGE_LOOP('',(#4058,#4059,#4060,#4061));
#829=EDGE_LOOP('',(#4062,#4063,#4064,#4065));
#830=EDGE_LOOP('',(#4066,#4067,#4068,#4069));
#831=EDGE_LOOP('',(#4070));
#832=EDGE_LOOP('',(#4071,#4072,#4073,#4074,#4075,#4076,#4077,#4078,#4079,
#4080,#4081));
#833=EDGE_LOOP('',(#4082,#4083,#4084,#4085,#4086,#4087,#4088,#4089,#4090,
#4091,#4092));
#834=EDGE_LOOP('',(#4093,#4094,#4095,#4096,#4097,#4098,#4099,#4100,#4101,
#4102,#4103,#4104));
#835=EDGE_LOOP('',(#4105,#4106,#4107,#4108));
#836=EDGE_LOOP('',(#4109,#4110,#4111,#4112));
#837=EDGE_LOOP('',(#4113,#4114,#4115,#4116,#4117,#4118,#4119,#4120,#4121,
#4122,#4123,#4124,#4125,#4126,#4127,#4128,#4129,#4130,#4131,#4132,#4133,
#4134,#4135,#4136,#4137,#4138,#4139,#4140));
#838=EDGE_LOOP('',(#4141,#4142,#4143,#4144,#4145,#4146,#4147,#4148,#4149,
#4150,#4151,#4152));
#839=EDGE_LOOP('',(#4153,#4154,#4155,#4156));
#840=EDGE_LOOP('',(#4157,#4158,#4159,#4160));
#841=EDGE_LOOP('',(#4161,#4162,#4163,#4164,#4165,#4166,#4167,#4168,#4169,
#4170,#4171,#4172,#4173,#4174,#4175,#4176,#4177,#4178,#4179,#4180,#4181,
#4182,#4183,#4184,#4185,#4186,#4187,#4188));
#842=EDGE_LOOP('',(#4189,#4190,#4191,#4192,#4193,#4194,#4195,#4196,#4197,
#4198,#4199,#4200,#4201,#4202,#4203,#4204,#4205,#4206,#4207,#4208,#4209,
#4210,#4211,#4212,#4213,#4214,#4215,#4216,#4217,#4218,#4219,#4220,#4221,
#4222,#4223,#4224,#4225,#4226,#4227,#4228,#4229,#4230,#4231,#4232,#4233,
#4234,#4235,#4236,#4237,#4238,#4239,#4240,#4241,#4242,#4243,#4244,#4245,
#4246,#4247,#4248,#4249,#4250,#4251,#4252,#4253,#4254,#4255,#4256));
#843=EDGE_LOOP('',(#4257,#4258,#4259,#4260,#4261,#4262,#4263,#4264,#4265,
#4266));
#844=EDGE_LOOP('',(#4267,#4268,#4269,#4270));
#845=EDGE_LOOP('',(#4271,#4272,#4273,#4274));
#846=EDGE_LOOP('',(#4275,#4276,#4277,#4278));
#847=EDGE_LOOP('',(#4279,#4280,#4281,#4282));
#848=EDGE_LOOP('',(#4283,#4284,#4285,#4286));
#849=EDGE_LOOP('',(#4287,#4288,#4289,#4290));
#850=EDGE_LOOP('',(#4291,#4292,#4293,#4294));
#851=EDGE_LOOP('',(#4295,#4296,#4297,#4298));
#852=EDGE_LOOP('',(#4299,#4300,#4301,#4302));
#853=EDGE_LOOP('',(#4303,#4304,#4305,#4306));
#854=EDGE_LOOP('',(#4307,#4308,#4309,#4310,#4311,#4312,#4313,#4314,#4315,
#4316));
#855=EDGE_LOOP('',(#4317,#4318,#4319,#4320));
#856=EDGE_LOOP('',(#4321,#4322,#4323,#4324));
#857=EDGE_LOOP('',(#4325,#4326,#4327,#4328));
#858=EDGE_LOOP('',(#4329,#4330,#4331,#4332));
#859=EDGE_LOOP('',(#4333,#4334,#4335,#4336));
#860=EDGE_LOOP('',(#4337,#4338,#4339,#4340));
#861=EDGE_LOOP('',(#4341,#4342,#4343,#4344));
#862=EDGE_LOOP('',(#4345,#4346,#4347,#4348));
#863=EDGE_LOOP('',(#4349,#4350,#4351,#4352));
#864=EDGE_LOOP('',(#4353,#4354,#4355,#4356));
#865=EDGE_LOOP('',(#4357,#4358,#4359,#4360));
#866=EDGE_LOOP('',(#4361,#4362,#4363,#4364));
#867=EDGE_LOOP('',(#4365,#4366,#4367,#4368));
#868=EDGE_LOOP('',(#4369,#4370,#4371,#4372));
#869=EDGE_LOOP('',(#4373,#4374,#4375,#4376));
#870=EDGE_LOOP('',(#4377,#4378,#4379,#4380));
#871=EDGE_LOOP('',(#4381,#4382,#4383,#4384));
#872=EDGE_LOOP('',(#4385,#4386,#4387,#4388));
#873=EDGE_LOOP('',(#4389,#4390,#4391,#4392));
#874=EDGE_LOOP('',(#4393,#4394,#4395,#4396));
#875=EDGE_LOOP('',(#4397,#4398,#4399,#4400));
#876=EDGE_LOOP('',(#4401,#4402,#4403,#4404));
#877=EDGE_LOOP('',(#4405,#4406,#4407,#4408));
#878=EDGE_LOOP('',(#4409,#4410,#4411,#4412));
#879=EDGE_LOOP('',(#4413,#4414,#4415,#4416));
#880=EDGE_LOOP('',(#4417,#4418,#4419,#4420));
#881=EDGE_LOOP('',(#4421,#4422,#4423,#4424));
#882=EDGE_LOOP('',(#4425,#4426,#4427,#4428));
#883=EDGE_LOOP('',(#4429,#4430,#4431,#4432));
#884=EDGE_LOOP('',(#4433,#4434,#4435,#4436));
#885=EDGE_LOOP('',(#4437,#4438,#4439,#4440));
#886=EDGE_LOOP('',(#4441,#4442,#4443,#4444));
#887=EDGE_LOOP('',(#4445,#4446,#4447,#4448));
#888=EDGE_LOOP('',(#4449,#4450,#4451,#4452));
#889=EDGE_LOOP('',(#4453,#4454,#4455,#4456));
#890=EDGE_LOOP('',(#4457,#4458,#4459,#4460));
#891=EDGE_LOOP('',(#4461,#4462,#4463,#4464));
#892=EDGE_LOOP('',(#4465,#4466,#4467,#4468));
#893=EDGE_LOOP('',(#4469,#4470,#4471,#4472));
#894=EDGE_LOOP('',(#4473,#4474,#4475,#4476));
#895=EDGE_LOOP('',(#4477,#4478,#4479,#4480));
#896=EDGE_LOOP('',(#4481,#4482,#4483,#4484));
#897=EDGE_LOOP('',(#4485,#4486,#4487,#4488));
#898=EDGE_LOOP('',(#4489,#4490,#4491,#4492));
#899=EDGE_LOOP('',(#4493,#4494,#4495,#4496));
#900=EDGE_LOOP('',(#4497,#4498,#4499,#4500));
#901=EDGE_LOOP('',(#4501,#4502,#4503,#4504));
#902=EDGE_LOOP('',(#4505,#4506,#4507,#4508));
#903=EDGE_LOOP('',(#4509,#4510,#4511,#4512));
#904=EDGE_LOOP('',(#4513,#4514,#4515,#4516));
#905=EDGE_LOOP('',(#4517,#4518,#4519,#4520));
#906=EDGE_LOOP('',(#4521,#4522,#4523,#4524));
#907=EDGE_LOOP('',(#4525,#4526,#4527,#4528));
#908=EDGE_LOOP('',(#4529,#4530,#4531,#4532));
#909=EDGE_LOOP('',(#4533,#4534,#4535,#4536));
#910=EDGE_LOOP('',(#4537,#4538,#4539,#4540));
#911=EDGE_LOOP('',(#4541,#4542,#4543,#4544));
#912=EDGE_LOOP('',(#4545,#4546,#4547,#4548));
#913=EDGE_LOOP('',(#4549,#4550,#4551,#4552));
#914=EDGE_LOOP('',(#4553,#4554,#4555,#4556));
#915=EDGE_LOOP('',(#4557,#4558,#4559,#4560));
#916=EDGE_LOOP('',(#4561,#4562,#4563,#4564));
#917=EDGE_LOOP('',(#4565,#4566,#4567,#4568));
#918=EDGE_LOOP('',(#4569,#4570,#4571,#4572));
#919=EDGE_LOOP('',(#4573,#4574,#4575,#4576));
#920=EDGE_LOOP('',(#4577,#4578,#4579,#4580));
#921=EDGE_LOOP('',(#4581,#4582,#4583,#4584));
#922=EDGE_LOOP('',(#4585,#4586,#4587,#4588));
#923=EDGE_LOOP('',(#4589,#4590,#4591,#4592));
#924=EDGE_LOOP('',(#4593,#4594,#4595,#4596));
#925=EDGE_LOOP('',(#4597,#4598,#4599,#4600));
#926=EDGE_LOOP('',(#4601,#4602,#4603,#4604));
#927=EDGE_LOOP('',(#4605,#4606,#4607,#4608));
#928=EDGE_LOOP('',(#4609,#4610,#4611,#4612));
#929=EDGE_LOOP('',(#4613,#4614,#4615,#4616));
#930=EDGE_LOOP('',(#4617,#4618,#4619,#4620));
#931=EDGE_LOOP('',(#4621,#4622,#4623,#4624));
#932=EDGE_LOOP('',(#4625,#4626,#4627,#4628));
#933=EDGE_LOOP('',(#4629,#4630,#4631,#4632));
#934=EDGE_LOOP('',(#4633,#4634,#4635,#4636));
#935=EDGE_LOOP('',(#4637,#4638,#4639,#4640));
#936=EDGE_LOOP('',(#4641,#4642,#4643,#4644));
#937=EDGE_LOOP('',(#4645,#4646,#4647,#4648));
#938=EDGE_LOOP('',(#4649,#4650,#4651,#4652));
#939=EDGE_LOOP('',(#4653,#4654,#4655,#4656));
#940=EDGE_LOOP('',(#4657,#4658,#4659,#4660));
#941=EDGE_LOOP('',(#4661,#4662,#4663,#4664));
#942=EDGE_LOOP('',(#4665,#4666,#4667,#4668));
#943=EDGE_LOOP('',(#4669,#4670,#4671,#4672,#4673,#4674,#4675,#4676,#4677,
#4678,#4679));
#944=EDGE_LOOP('',(#4680));
#945=EDGE_LOOP('',(#4681,#4682,#4683,#4684));
#946=EDGE_LOOP('',(#4685,#4686,#4687,#4688));
#947=EDGE_LOOP('',(#4689,#4690,#4691,#4692));
#948=EDGE_LOOP('',(#4693,#4694,#4695,#4696));
#949=EDGE_LOOP('',(#4697,#4698,#4699,#4700));
#950=EDGE_LOOP('',(#4701,#4702,#4703,#4704));
#951=EDGE_LOOP('',(#4705,#4706,#4707,#4708));
#952=EDGE_LOOP('',(#4709,#4710,#4711,#4712));
#953=EDGE_LOOP('',(#4713,#4714,#4715,#4716));
#954=EDGE_LOOP('',(#4717,#4718,#4719,#4720,#4721,#4722,#4723,#4724,#4725,
#4726,#4727));
#955=EDGE_LOOP('',(#4728,#4729,#4730,#4731));
#956=EDGE_LOOP('',(#4732,#4733,#4734,#4735));
#957=EDGE_LOOP('',(#4736,#4737,#4738,#4739));
#958=EDGE_LOOP('',(#4740,#4741,#4742,#4743));
#959=EDGE_LOOP('',(#4744,#4745,#4746,#4747));
#960=EDGE_LOOP('',(#4748,#4749,#4750,#4751));
#961=EDGE_LOOP('',(#4752,#4753,#4754,#4755));
#962=EDGE_LOOP('',(#4756,#4757,#4758,#4759));
#963=EDGE_LOOP('',(#4760,#4761,#4762,#4763));
#964=EDGE_LOOP('',(#4764,#4765,#4766,#4767));
#965=EDGE_LOOP('',(#4768,#4769,#4770,#4771,#4772,#4773,#4774,#4775,#4776,
#4777));
#966=EDGE_LOOP('',(#4778,#4779,#4780,#4781,#4782,#4783,#4784,#4785,#4786,
#4787));
#967=EDGE_LOOP('',(#4788,#4789,#4790,#4791));
#968=EDGE_LOOP('',(#4792,#4793,#4794,#4795));
#969=EDGE_LOOP('',(#4796,#4797,#4798,#4799));
#970=EDGE_LOOP('',(#4800,#4801,#4802,#4803));
#971=EDGE_LOOP('',(#4804,#4805,#4806,#4807));
#972=EDGE_LOOP('',(#4808,#4809,#4810,#4811));
#973=EDGE_LOOP('',(#4812,#4813,#4814,#4815));
#974=EDGE_LOOP('',(#4816,#4817,#4818,#4819));
#975=EDGE_LOOP('',(#4820,#4821,#4822,#4823));
#976=EDGE_LOOP('',(#4824,#4825,#4826,#4827));
#977=EDGE_LOOP('',(#4828,#4829,#4830,#4831));
#978=EDGE_LOOP('',(#4832,#4833,#4834,#4835));
#979=EDGE_LOOP('',(#4836,#4837,#4838,#4839));
#980=EDGE_LOOP('',(#4840,#4841,#4842,#4843));
#981=EDGE_LOOP('',(#4844,#4845,#4846,#4847));
#982=EDGE_LOOP('',(#4848,#4849,#4850,#4851));
#983=EDGE_LOOP('',(#4852,#4853,#4854,#4855));
#984=EDGE_LOOP('',(#4856,#4857,#4858,#4859));
#985=EDGE_LOOP('',(#4860,#4861,#4862,#4863));
#986=EDGE_LOOP('',(#4864,#4865,#4866,#4867));
#987=EDGE_LOOP('',(#4868,#4869,#4870,#4871));
#988=EDGE_LOOP('',(#4872,#4873,#4874,#4875));
#989=EDGE_LOOP('',(#4876,#4877,#4878,#4879));
#990=EDGE_LOOP('',(#4880,#4881,#4882,#4883));
#991=EDGE_LOOP('',(#4884,#4885));
#992=EDGE_LOOP('',(#4886,#4887,#4888,#4889));
#993=EDGE_LOOP('',(#4890,#4891,#4892,#4893));
#994=EDGE_LOOP('',(#4894,#4895,#4896,#4897));
#995=EDGE_LOOP('',(#4898,#4899,#4900,#4901,#4902,#4903,#4904,#4905));
#996=EDGE_LOOP('',(#4906,#4907,#4908,#4909,#4910,#4911,#4912,#4913));
#997=EDGE_LOOP('',(#4914,#4915,#4916,#4917));
#998=EDGE_LOOP('',(#4918,#4919,#4920,#4921));
#999=EDGE_LOOP('',(#4922,#4923,#4924,#4925));
#1000=EDGE_LOOP('',(#4926,#4927,#4928,#4929));
#1001=EDGE_LOOP('',(#4930,#4931,#4932,#4933));
#1002=EDGE_LOOP('',(#4934,#4935));
#1003=EDGE_LOOP('',(#4936,#4937,#4938,#4939));
#1004=EDGE_LOOP('',(#4940,#4941,#4942,#4943,#4944,#4945,#4946,#4947));
#1005=EDGE_LOOP('',(#4948,#4949,#4950,#4951));
#1006=EDGE_LOOP('',(#4952,#4953,#4954,#4955));
#1007=EDGE_LOOP('',(#4956,#4957,#4958,#4959,#4960,#4961,#4962,#4963));
#1008=EDGE_LOOP('',(#4964,#4965,#4966,#4967));
#1009=EDGE_LOOP('',(#4968,#4969,#4970,#4971));
#1010=EDGE_LOOP('',(#4972,#4973,#4974,#4975));
#1011=EDGE_LOOP('',(#4976,#4977,#4978,#4979));
#1012=EDGE_LOOP('',(#4980,#4981,#4982,#4983));
#1013=EDGE_LOOP('',(#4984,#4985));
#1014=EDGE_LOOP('',(#4986,#4987,#4988,#4989));
#1015=EDGE_LOOP('',(#4990,#4991,#4992,#4993));
#1016=EDGE_LOOP('',(#4994,#4995,#4996,#4997,#4998,#4999,#5000,#5001));
#1017=EDGE_LOOP('',(#5002,#5003,#5004,#5005));
#1018=EDGE_LOOP('',(#5006,#5007,#5008,#5009,#5010,#5011,#5012,#5013));
#1019=EDGE_LOOP('',(#5014,#5015,#5016,#5017));
#1020=EDGE_LOOP('',(#5018,#5019,#5020,#5021));
#1021=EDGE_LOOP('',(#5022,#5023,#5024,#5025));
#1022=EDGE_LOOP('',(#5026,#5027,#5028,#5029));
#1023=EDGE_LOOP('',(#5030,#5031,#5032,#5033));
#1024=EDGE_LOOP('',(#5034,#5035));
#1025=EDGE_LOOP('',(#5036,#5037,#5038,#5039));
#1026=EDGE_LOOP('',(#5040,#5041,#5042,#5043));
#1027=EDGE_LOOP('',(#5044,#5045,#5046,#5047,#5048,#5049,#5050,#5051));
#1028=EDGE_LOOP('',(#5052,#5053,#5054,#5055));
#1029=EDGE_LOOP('',(#5056,#5057,#5058,#5059,#5060,#5061,#5062,#5063));
#1030=EDGE_LOOP('',(#5064,#5065,#5066,#5067));
#1031=EDGE_LOOP('',(#5068,#5069,#5070,#5071));
#1032=EDGE_LOOP('',(#5072,#5073,#5074,#5075));
#1033=EDGE_LOOP('',(#5076,#5077,#5078,#5079));
#1034=EDGE_LOOP('',(#5080,#5081,#5082,#5083));
#1035=EDGE_LOOP('',(#5084,#5085));
#1036=EDGE_LOOP('',(#5086,#5087,#5088,#5089));
#1037=EDGE_LOOP('',(#5090,#5091,#5092,#5093));
#1038=EDGE_LOOP('',(#5094,#5095,#5096,#5097));
#1039=EDGE_LOOP('',(#5098,#5099,#5100,#5101,#5102,#5103,#5104,#5105));
#1040=EDGE_LOOP('',(#5106,#5107,#5108,#5109,#5110,#5111,#5112,#5113));
#1041=EDGE_LOOP('',(#5114,#5115,#5116,#5117));
#1042=EDGE_LOOP('',(#5118,#5119,#5120,#5121));
#1043=EDGE_LOOP('',(#5122,#5123,#5124,#5125));
#1044=EDGE_LOOP('',(#5126,#5127,#5128,#5129));
#1045=EDGE_LOOP('',(#5130,#5131,#5132,#5133));
#1046=EDGE_LOOP('',(#5134,#5135));
#1047=EDGE_LOOP('',(#5136,#5137,#5138,#5139));
#1048=EDGE_LOOP('',(#5140,#5141,#5142,#5143));
#1049=EDGE_LOOP('',(#5144,#5145,#5146,#5147,#5148,#5149,#5150,#5151));
#1050=EDGE_LOOP('',(#5152,#5153,#5154,#5155));
#1051=EDGE_LOOP('',(#5156,#5157,#5158,#5159,#5160,#5161,#5162,#5163));
#1052=EDGE_LOOP('',(#5164,#5165,#5166,#5167));
#1053=EDGE_LOOP('',(#5168,#5169,#5170,#5171));
#1054=EDGE_LOOP('',(#5172,#5173,#5174,#5175));
#1055=EDGE_LOOP('',(#5176,#5177,#5178,#5179));
#1056=EDGE_LOOP('',(#5180,#5181,#5182,#5183));
#1057=EDGE_LOOP('',(#5184,#5185));
#1058=EDGE_LOOP('',(#5186,#5187,#5188,#5189));
#1059=EDGE_LOOP('',(#5190,#5191,#5192,#5193));
#1060=EDGE_LOOP('',(#5194,#5195,#5196,#5197));
#1061=EDGE_LOOP('',(#5198,#5199,#5200,#5201,#5202,#5203,#5204,#5205));
#1062=EDGE_LOOP('',(#5206,#5207,#5208,#5209));
#1063=EDGE_LOOP('',(#5210,#5211,#5212,#5213,#5214,#5215,#5216,#5217));
#1064=EDGE_LOOP('',(#5218,#5219,#5220,#5221));
#1065=EDGE_LOOP('',(#5222,#5223,#5224,#5225));
#1066=EDGE_LOOP('',(#5226,#5227,#5228,#5229));
#1067=EDGE_LOOP('',(#5230,#5231,#5232,#5233));
#1068=EDGE_LOOP('',(#5234,#5235));
#1069=EDGE_LOOP('',(#5236,#5237,#5238,#5239));
#1070=EDGE_LOOP('',(#5240,#5241,#5242,#5243));
#1071=EDGE_LOOP('',(#5244,#5245,#5246,#5247));
#1072=EDGE_LOOP('',(#5248,#5249,#5250,#5251,#5252,#5253,#5254,#5255));
#1073=EDGE_LOOP('',(#5256,#5257,#5258,#5259));
#1074=EDGE_LOOP('',(#5260,#5261,#5262,#5263,#5264,#5265,#5266,#5267));
#1075=EDGE_LOOP('',(#5268,#5269,#5270,#5271));
#1076=EDGE_LOOP('',(#5272,#5273,#5274,#5275));
#1077=EDGE_LOOP('',(#5276,#5277,#5278,#5279));
#1078=EDGE_LOOP('',(#5280,#5281,#5282,#5283));
#1079=EDGE_LOOP('',(#5284,#5285));
#1080=EDGE_LOOP('',(#5286,#5287,#5288,#5289));
#1081=EDGE_LOOP('',(#5290,#5291,#5292,#5293));
#1082=EDGE_LOOP('',(#5294,#5295,#5296,#5297));
#1083=EDGE_LOOP('',(#5298,#5299,#5300,#5301,#5302,#5303,#5304,#5305));
#1084=EDGE_LOOP('',(#5306,#5307,#5308,#5309));
#1085=EDGE_LOOP('',(#5310,#5311,#5312,#5313,#5314,#5315,#5316,#5317));
#1086=EDGE_LOOP('',(#5318,#5319,#5320,#5321));
#1087=EDGE_LOOP('',(#5322,#5323,#5324,#5325));
#1088=EDGE_LOOP('',(#5326,#5327,#5328,#5329));
#1089=EDGE_LOOP('',(#5330,#5331,#5332,#5333));
#1090=EDGE_LOOP('',(#5334,#5335));
#1091=EDGE_LOOP('',(#5336,#5337,#5338,#5339));
#1092=EDGE_LOOP('',(#5340,#5341,#5342,#5343));
#1093=EDGE_LOOP('',(#5344,#5345,#5346,#5347));
#1094=EDGE_LOOP('',(#5348,#5349,#5350,#5351,#5352,#5353,#5354,#5355));
#1095=EDGE_LOOP('',(#5356,#5357,#5358,#5359));
#1096=EDGE_LOOP('',(#5360,#5361,#5362,#5363,#5364,#5365,#5366,#5367));
#1097=EDGE_LOOP('',(#5368,#5369,#5370,#5371));
#1098=EDGE_LOOP('',(#5372,#5373,#5374,#5375));
#1099=EDGE_LOOP('',(#5376,#5377,#5378,#5379));
#1100=EDGE_LOOP('',(#5380,#5381,#5382,#5383));
#1101=EDGE_LOOP('',(#5384,#5385));
#1102=EDGE_LOOP('',(#5386,#5387,#5388,#5389));
#1103=EDGE_LOOP('',(#5390,#5391,#5392,#5393));
#1104=EDGE_LOOP('',(#5394,#5395,#5396,#5397));
#1105=EDGE_LOOP('',(#5398,#5399,#5400,#5401,#5402,#5403,#5404,#5405));
#1106=EDGE_LOOP('',(#5406,#5407,#5408,#5409));
#1107=EDGE_LOOP('',(#5410,#5411,#5412,#5413,#5414,#5415,#5416,#5417));
#1108=EDGE_LOOP('',(#5418,#5419,#5420,#5421));
#1109=EDGE_LOOP('',(#5422,#5423,#5424,#5425));
#1110=EDGE_LOOP('',(#5426,#5427,#5428,#5429));
#1111=EDGE_LOOP('',(#5430,#5431,#5432,#5433));
#1112=EDGE_LOOP('',(#5434,#5435));
#1113=EDGE_LOOP('',(#5436,#5437,#5438,#5439));
#1114=EDGE_LOOP('',(#5440,#5441,#5442,#5443));
#1115=EDGE_LOOP('',(#5444,#5445,#5446,#5447));
#1116=EDGE_LOOP('',(#5448,#5449,#5450,#5451,#5452,#5453,#5454,#5455));
#1117=EDGE_LOOP('',(#5456,#5457,#5458,#5459));
#1118=EDGE_LOOP('',(#5460,#5461,#5462,#5463,#5464,#5465,#5466,#5467));
#1119=EDGE_LOOP('',(#5468,#5469,#5470,#5471));
#1120=EDGE_LOOP('',(#5472,#5473,#5474,#5475));
#1121=EDGE_LOOP('',(#5476,#5477,#5478,#5479));
#1122=EDGE_LOOP('',(#5480,#5481,#5482,#5483));
#1123=EDGE_LOOP('',(#5484,#5485,#5486,#5487,#5488,#5489,#5490,#5491));
#1124=EDGE_LOOP('',(#5492,#5493,#5494,#5495));
#1125=EDGE_LOOP('',(#5496,#5497,#5498,#5499));
#1126=EDGE_LOOP('',(#5500,#5501,#5502,#5503));
#1127=EDGE_LOOP('',(#5504,#5505,#5506,#5507,#5508,#5509,#5510,#5511));
#1128=EDGE_LOOP('',(#5512,#5513,#5514,#5515));
#1129=EDGE_LOOP('',(#5516,#5517,#5518,#5519));
#1130=EDGE_LOOP('',(#5520,#5521,#5522,#5523));
#1131=EDGE_LOOP('',(#5524,#5525,#5526,#5527));
#1132=EDGE_LOOP('',(#5528,#5529,#5530,#5531));
#1133=EDGE_LOOP('',(#5532,#5533));
#1134=EDGE_LOOP('',(#5534,#5535,#5536,#5537));
#1135=EDGE_LOOP('',(#5538,#5539,#5540,#5541));
#1136=EDGE_LOOP('',(#5542,#5543,#5544,#5545,#5546,#5547,#5548,#5549));
#1137=EDGE_LOOP('',(#5550,#5551,#5552,#5553));
#1138=EDGE_LOOP('',(#5554,#5555,#5556,#5557,#5558,#5559,#5560,#5561));
#1139=EDGE_LOOP('',(#5562,#5563,#5564,#5565));
#1140=EDGE_LOOP('',(#5566,#5567,#5568,#5569));
#1141=EDGE_LOOP('',(#5570,#5571,#5572,#5573));
#1142=EDGE_LOOP('',(#5574,#5575,#5576,#5577));
#1143=EDGE_LOOP('',(#5578,#5579,#5580,#5581));
#1144=EDGE_LOOP('',(#5582,#5583));
#1145=EDGE_LOOP('',(#5584,#5585,#5586,#5587));
#1146=EDGE_LOOP('',(#5588,#5589,#5590,#5591));
#1147=EDGE_LOOP('',(#5592,#5593,#5594,#5595,#5596,#5597,#5598,#5599));
#1148=EDGE_LOOP('',(#5600,#5601,#5602,#5603));
#1149=EDGE_LOOP('',(#5604,#5605,#5606,#5607,#5608,#5609,#5610,#5611));
#1150=EDGE_LOOP('',(#5612,#5613,#5614,#5615));
#1151=EDGE_LOOP('',(#5616,#5617,#5618,#5619));
#1152=EDGE_LOOP('',(#5620,#5621,#5622,#5623));
#1153=EDGE_LOOP('',(#5624,#5625,#5626,#5627));
#1154=EDGE_LOOP('',(#5628,#5629,#5630,#5631));
#1155=EDGE_LOOP('',(#5632,#5633));
#1156=EDGE_LOOP('',(#5634,#5635,#5636,#5637));
#1157=EDGE_LOOP('',(#5638,#5639,#5640,#5641));
#1158=EDGE_LOOP('',(#5642,#5643,#5644,#5645,#5646,#5647,#5648,#5649));
#1159=EDGE_LOOP('',(#5650,#5651,#5652,#5653));
#1160=EDGE_LOOP('',(#5654,#5655,#5656,#5657,#5658,#5659,#5660,#5661));
#1161=EDGE_LOOP('',(#5662,#5663,#5664,#5665));
#1162=EDGE_LOOP('',(#5666,#5667,#5668,#5669));
#1163=EDGE_LOOP('',(#5670,#5671,#5672,#5673));
#1164=EDGE_LOOP('',(#5674,#5675,#5676,#5677));
#1165=EDGE_LOOP('',(#5678,#5679,#5680,#5681));
#1166=EDGE_LOOP('',(#5682,#5683));
#1167=LINE('',#8368,#1826);
#1168=LINE('',#8371,#1827);
#1169=LINE('',#8377,#1828);
#1170=LINE('',#8380,#1829);
#1171=LINE('',#8385,#1830);
#1172=LINE('',#8392,#1831);
#1173=LINE('',#8395,#1832);
#1174=LINE('',#8401,#1833);
#1175=LINE('',#8404,#1834);
#1176=LINE('',#8410,#1835);
#1177=LINE('',#8413,#1836);
#1178=LINE('',#8419,#1837);
#1179=LINE('',#8422,#1838);
#1180=LINE('',#8428,#1839);
#1181=LINE('',#8431,#1840);
#1182=LINE('',#8437,#1841);
#1183=LINE('',#8440,#1842);
#1184=LINE('',#8446,#1843);
#1185=LINE('',#8449,#1844);
#1186=LINE('',#8453,#1845);
#1187=LINE('',#8455,#1846);
#1188=LINE('',#8457,#1847);
#1189=LINE('',#8458,#1848);
#1190=LINE('',#8461,#1849);
#1191=LINE('',#8464,#1850);
#1192=LINE('',#8466,#1851);
#1193=LINE('',#8467,#1852);
#1194=LINE('',#8469,#1853);
#1195=LINE('',#8473,#1854);
#1196=LINE('',#8476,#1855);
#1197=LINE('',#8478,#1856);
#1198=LINE('',#8482,#1857);
#1199=LINE('',#8486,#1858);
#1200=LINE('',#8488,#1859);
#1201=LINE('',#8492,#1860);
#1202=LINE('',#8497,#1861);
#1203=LINE('',#8499,#1862);
#1204=LINE('',#8500,#1863);
#1205=LINE('',#8502,#1864);
#1206=LINE('',#8504,#1865);
#1207=LINE('',#8506,#1866);
#1208=LINE('',#8508,#1867);
#1209=LINE('',#8510,#1868);
#1210=LINE('',#8512,#1869);
#1211=LINE('',#8514,#1870);
#1212=LINE('',#8515,#1871);
#1213=LINE('',#8518,#1872);
#1214=LINE('',#8520,#1873);
#1215=LINE('',#8522,#1874);
#1216=LINE('',#8523,#1875);
#1217=LINE('',#8526,#1876);
#1218=LINE('',#8528,#1877);
#1219=LINE('',#8530,#1878);
#1220=LINE('',#8531,#1879);
#1221=LINE('',#8535,#1880);
#1222=LINE('',#8537,#1881);
#1223=LINE('',#8539,#1882);
#1224=LINE('',#8541,#1883);
#1225=LINE('',#8543,#1884);
#1226=LINE('',#8545,#1885);
#1227=LINE('',#8547,#1886);
#1228=LINE('',#8549,#1887);
#1229=LINE('',#8551,#1888);
#1230=LINE('',#8553,#1889);
#1231=LINE('',#8555,#1890);
#1232=LINE('',#8557,#1891);
#1233=LINE('',#8559,#1892);
#1234=LINE('',#8561,#1893);
#1235=LINE('',#8563,#1894);
#1236=LINE('',#8564,#1895);
#1237=LINE('',#8566,#1896);
#1238=LINE('',#8568,#1897);
#1239=LINE('',#8570,#1898);
#1240=LINE('',#8572,#1899);
#1241=LINE('',#8574,#1900);
#1242=LINE('',#8576,#1901);
#1243=LINE('',#8578,#1902);
#1244=LINE('',#8580,#1903);
#1245=LINE('',#8582,#1904);
#1246=LINE('',#8583,#1905);
#1247=LINE('',#8587,#1906);
#1248=LINE('',#8588,#1907);
#1249=LINE('',#8590,#1908);
#1250=LINE('',#8592,#1909);
#1251=LINE('',#8594,#1910);
#1252=LINE('',#8596,#1911);
#1253=LINE('',#8598,#1912);
#1254=LINE('',#8600,#1913);
#1255=LINE('',#8602,#1914);
#1256=LINE('',#8603,#1915);
#1257=LINE('',#8606,#1916);
#1258=LINE('',#8608,#1917);
#1259=LINE('',#8610,#1918);
#1260=LINE('',#8611,#1919);
#1261=LINE('',#8614,#1920);
#1262=LINE('',#8616,#1921);
#1263=LINE('',#8618,#1922);
#1264=LINE('',#8619,#1923);
#1265=LINE('',#8623,#1924);
#1266=LINE('',#8625,#1925);
#1267=LINE('',#8627,#1926);
#1268=LINE('',#8629,#1927);
#1269=LINE('',#8631,#1928);
#1270=LINE('',#8633,#1929);
#1271=LINE('',#8635,#1930);
#1272=LINE('',#8637,#1931);
#1273=LINE('',#8639,#1932);
#1274=LINE('',#8641,#1933);
#1275=LINE('',#8643,#1934);
#1276=LINE('',#8645,#1935);
#1277=LINE('',#8647,#1936);
#1278=LINE('',#8649,#1937);
#1279=LINE('',#8651,#1938);
#1280=LINE('',#8653,#1939);
#1281=LINE('',#8655,#1940);
#1282=LINE('',#8657,#1941);
#1283=LINE('',#8659,#1942);
#1284=LINE('',#8661,#1943);
#1285=LINE('',#8663,#1944);
#1286=LINE('',#8664,#1945);
#1287=LINE('',#8666,#1946);
#1288=LINE('',#8668,#1947);
#1289=LINE('',#8669,#1948);
#1290=LINE('',#8672,#1949);
#1291=LINE('',#8675,#1950);
#1292=LINE('',#8677,#1951);
#1293=LINE('',#8680,#1952);
#1294=LINE('',#8682,#1953);
#1295=LINE('',#8685,#1954);
#1296=LINE('',#8687,#1955);
#1297=LINE('',#8690,#1956);
#1298=LINE('',#8692,#1957);
#1299=LINE('',#8695,#1958);
#1300=LINE('',#8697,#1959);
#1301=LINE('',#8700,#1960);
#1302=LINE('',#8702,#1961);
#1303=LINE('',#8705,#1962);
#1304=LINE('',#8707,#1963);
#1305=LINE('',#8710,#1964);
#1306=LINE('',#8712,#1965);
#1307=LINE('',#8715,#1966);
#1308=LINE('',#8717,#1967);
#1309=LINE('',#8720,#1968);
#1310=LINE('',#8721,#1969);
#1311=LINE('',#8722,#1970);
#1312=LINE('',#8723,#1971);
#1313=LINE('',#8724,#1972);
#1314=LINE('',#8725,#1973);
#1315=LINE('',#8726,#1974);
#1316=LINE('',#8727,#1975);
#1317=LINE('',#8728,#1976);
#1318=LINE('',#8729,#1977);
#1319=LINE('',#8730,#1978);
#1320=LINE('',#8731,#1979);
#1321=LINE('',#8732,#1980);
#1322=LINE('',#8737,#1981);
#1323=LINE('',#8741,#1982);
#1324=LINE('',#8745,#1983);
#1325=LINE('',#8749,#1984);
#1326=LINE('',#8752,#1985);
#1327=LINE('',#8755,#1986);
#1328=LINE('',#8758,#1987);
#1329=LINE('',#8761,#1988);
#1330=LINE('',#8762,#1989);
#1331=LINE('',#8765,#1990);
#1332=LINE('',#8769,#1991);
#1333=LINE('',#8770,#1992);
#1334=LINE('',#8773,#1993);
#1335=LINE('',#8777,#1994);
#1336=LINE('',#8778,#1995);
#1337=LINE('',#8781,#1996);
#1338=LINE('',#8785,#1997);
#1339=LINE('',#8786,#1998);
#1340=LINE('',#8789,#1999);
#1341=LINE('',#8792,#2000);
#1342=LINE('',#8796,#2001);
#1343=LINE('',#8799,#2002);
#1344=LINE('',#8801,#2003);
#1345=LINE('',#8802,#2004);
#1346=LINE('',#8807,#2005);
#1347=LINE('',#8810,#2006);
#1348=LINE('',#8812,#2007);
#1349=LINE('',#8813,#2008);
#1350=LINE('',#8817,#2009);
#1351=LINE('',#8818,#2010);
#1352=LINE('',#8822,#2011);
#1353=LINE('',#8823,#2012);
#1354=LINE('',#8827,#2013);
#1355=LINE('',#8828,#2014);
#1356=LINE('',#8832,#2015);
#1357=LINE('',#8833,#2016);
#1358=LINE('',#8837,#2017);
#1359=LINE('',#8838,#2018);
#1360=LINE('',#8842,#2019);
#1361=LINE('',#8843,#2020);
#1362=LINE('',#8848,#2021);
#1363=LINE('',#8851,#2022);
#1364=LINE('',#8853,#2023);
#1365=LINE('',#8854,#2024);
#1366=LINE('',#8859,#2025);
#1367=LINE('',#8862,#2026);
#1368=LINE('',#8864,#2027);
#1369=LINE('',#8865,#2028);
#1370=LINE('',#8870,#2029);
#1371=LINE('',#8873,#2030);
#1372=LINE('',#8875,#2031);
#1373=LINE('',#8876,#2032);
#1374=LINE('',#8881,#2033);
#1375=LINE('',#8884,#2034);
#1376=LINE('',#8886,#2035);
#1377=LINE('',#8887,#2036);
#1378=LINE('',#8892,#2037);
#1379=LINE('',#8895,#2038);
#1380=LINE('',#8897,#2039);
#1381=LINE('',#8899,#2040);
#1382=LINE('',#8903,#2041);
#1383=LINE('',#8906,#2042);
#1384=LINE('',#8908,#2043);
#1385=LINE('',#8909,#2044);
#1386=LINE('',#8914,#2045);
#1387=LINE('',#8917,#2046);
#1388=LINE('',#8919,#2047);
#1389=LINE('',#8920,#2048);
#1390=LINE('',#8925,#2049);
#1391=LINE('',#8928,#2050);
#1392=LINE('',#8930,#2051);
#1393=LINE('',#8931,#2052);
#1394=LINE('',#8936,#2053);
#1395=LINE('',#8938,#2054);
#1396=LINE('',#8939,#2055);
#1397=LINE('',#8942,#2056);
#1398=LINE('',#8944,#2057);
#1399=LINE('',#8945,#2058);
#1400=LINE('',#8947,#2059);
#1401=LINE('',#8949,#2060);
#1402=LINE('',#8953,#2061);
#1403=LINE('',#8955,#2062);
#1404=LINE('',#8956,#2063);
#1405=LINE('',#8959,#2064);
#1406=LINE('',#8961,#2065);
#1407=LINE('',#8962,#2066);
#1408=LINE('',#8964,#2067);
#1409=LINE('',#8966,#2068);
#1410=LINE('',#8970,#2069);
#1411=LINE('',#8972,#2070);
#1412=LINE('',#8973,#2071);
#1413=LINE('',#8976,#2072);
#1414=LINE('',#8978,#2073);
#1415=LINE('',#8979,#2074);
#1416=LINE('',#8981,#2075);
#1417=LINE('',#8983,#2076);
#1418=LINE('',#8987,#2077);
#1419=LINE('',#8989,#2078);
#1420=LINE('',#8990,#2079);
#1421=LINE('',#8993,#2080);
#1422=LINE('',#8995,#2081);
#1423=LINE('',#8996,#2082);
#1424=LINE('',#8998,#2083);
#1425=LINE('',#9000,#2084);
#1426=LINE('',#9004,#2085);
#1427=LINE('',#9005,#2086);
#1428=LINE('',#9008,#2087);
#1429=LINE('',#9012,#2088);
#1430=LINE('',#9013,#2089);
#1431=LINE('',#9016,#2090);
#1432=LINE('',#9020,#2091);
#1433=LINE('',#9021,#2092);
#1434=LINE('',#9024,#2093);
#1435=LINE('',#9025,#2094);
#1436=LINE('',#9028,#2095);
#1437=LINE('',#9032,#2096);
#1438=LINE('',#9033,#2097);
#1439=LINE('',#9036,#2098);
#1440=LINE('',#9039,#2099);
#1441=LINE('',#9044,#2100);
#1442=LINE('',#9047,#2101);
#1443=LINE('',#9050,#2102);
#1444=LINE('',#9051,#2103);
#1445=LINE('',#9054,#2104);
#1446=LINE('',#9058,#2105);
#1447=LINE('',#9059,#2106);
#1448=LINE('',#9062,#2107);
#1449=LINE('',#9065,#2108);
#1450=LINE('',#9068,#2109);
#1451=LINE('',#9069,#2110);
#1452=LINE('',#9071,#2111);
#1453=LINE('',#9073,#2112);
#1454=LINE('',#9081,#2113);
#1455=LINE('',#9084,#2114);
#1456=LINE('',#9087,#2115);
#1457=LINE('',#9089,#2116);
#1458=LINE('',#9090,#2117);
#1459=LINE('',#9095,#2118);
#1460=LINE('',#9099,#2119);
#1461=LINE('',#9101,#2120);
#1462=LINE('',#9102,#2121);
#1463=LINE('',#9107,#2122);
#1464=LINE('',#9111,#2123);
#1465=LINE('',#9113,#2124);
#1466=LINE('',#9114,#2125);
#1467=LINE('',#9119,#2126);
#1468=LINE('',#9123,#2127);
#1469=LINE('',#9125,#2128);
#1470=LINE('',#9126,#2129);
#1471=LINE('',#9131,#2130);
#1472=LINE('',#9134,#2131);
#1473=LINE('',#9135,#2132);
#1474=LINE('',#9141,#2133);
#1475=LINE('',#9143,#2134);
#1476=LINE('',#9145,#2135);
#1477=LINE('',#9146,#2136);
#1478=LINE('',#9149,#2137);
#1479=LINE('',#9151,#2138);
#1480=LINE('',#9152,#2139);
#1481=LINE('',#9155,#2140);
#1482=LINE('',#9157,#2141);
#1483=LINE('',#9158,#2142);
#1484=LINE('',#9160,#2143);
#1485=LINE('',#9161,#2144);
#1486=LINE('',#9167,#2145);
#1487=LINE('',#9169,#2146);
#1488=LINE('',#9171,#2147);
#1489=LINE('',#9172,#2148);
#1490=LINE('',#9175,#2149);
#1491=LINE('',#9177,#2150);
#1492=LINE('',#9178,#2151);
#1493=LINE('',#9181,#2152);
#1494=LINE('',#9183,#2153);
#1495=LINE('',#9184,#2154);
#1496=LINE('',#9186,#2155);
#1497=LINE('',#9187,#2156);
#1498=LINE('',#9193,#2157);
#1499=LINE('',#9195,#2158);
#1500=LINE('',#9197,#2159);
#1501=LINE('',#9198,#2160);
#1502=LINE('',#9201,#2161);
#1503=LINE('',#9203,#2162);
#1504=LINE('',#9204,#2163);
#1505=LINE('',#9207,#2164);
#1506=LINE('',#9209,#2165);
#1507=LINE('',#9210,#2166);
#1508=LINE('',#9212,#2167);
#1509=LINE('',#9213,#2168);
#1510=LINE('',#9219,#2169);
#1511=LINE('',#9221,#2170);
#1512=LINE('',#9223,#2171);
#1513=LINE('',#9224,#2172);
#1514=LINE('',#9227,#2173);
#1515=LINE('',#9229,#2174);
#1516=LINE('',#9230,#2175);
#1517=LINE('',#9233,#2176);
#1518=LINE('',#9235,#2177);
#1519=LINE('',#9236,#2178);
#1520=LINE('',#9238,#2179);
#1521=LINE('',#9239,#2180);
#1522=LINE('',#9252,#2181);
#1523=LINE('',#9255,#2182);
#1524=LINE('',#9258,#2183);
#1525=LINE('',#9260,#2184);
#1526=LINE('',#9261,#2185);
#1527=LINE('',#9264,#2186);
#1528=LINE('',#9266,#2187);
#1529=LINE('',#9267,#2188);
#1530=LINE('',#9273,#2189);
#1531=LINE('',#9274,#2190);
#1532=LINE('',#9275,#2191);
#1533=LINE('',#9277,#2192);
#1534=LINE('',#9278,#2193);
#1535=LINE('',#9281,#2194);
#1536=LINE('',#9284,#2195);
#1537=LINE('',#9287,#2196);
#1538=LINE('',#9288,#2197);
#1539=LINE('',#9290,#2198);
#1540=LINE('',#9292,#2199);
#1541=LINE('',#9304,#2200);
#1542=LINE('',#9307,#2201);
#1543=LINE('',#9313,#2202);
#1544=LINE('',#9315,#2203);
#1545=LINE('',#9317,#2204);
#1546=LINE('',#9319,#2205);
#1547=LINE('',#9321,#2206);
#1548=LINE('',#9323,#2207);
#1549=LINE('',#9324,#2208);
#1550=LINE('',#9326,#2209);
#1551=LINE('',#9327,#2210);
#1552=LINE('',#9329,#2211);
#1553=LINE('',#9330,#2212);
#1554=LINE('',#9333,#2213);
#1555=LINE('',#9336,#2214);
#1556=LINE('',#9339,#2215);
#1557=LINE('',#9340,#2216);
#1558=LINE('',#9342,#2217);
#1559=LINE('',#9344,#2218);
#1560=LINE('',#9356,#2219);
#1561=LINE('',#9359,#2220);
#1562=LINE('',#9362,#2221);
#1563=LINE('',#9364,#2222);
#1564=LINE('',#9365,#2223);
#1565=LINE('',#9371,#2224);
#1566=LINE('',#9372,#2225);
#1567=LINE('',#9374,#2226);
#1568=LINE('',#9376,#2227);
#1569=LINE('',#9378,#2228);
#1570=LINE('',#9379,#2229);
#1571=LINE('',#9381,#2230);
#1572=LINE('',#9382,#2231);
#1573=LINE('',#9385,#2232);
#1574=LINE('',#9388,#2233);
#1575=LINE('',#9391,#2234);
#1576=LINE('',#9392,#2235);
#1577=LINE('',#9394,#2236);
#1578=LINE('',#9396,#2237);
#1579=LINE('',#9408,#2238);
#1580=LINE('',#9411,#2239);
#1581=LINE('',#9414,#2240);
#1582=LINE('',#9416,#2241);
#1583=LINE('',#9417,#2242);
#1584=LINE('',#9423,#2243);
#1585=LINE('',#9424,#2244);
#1586=LINE('',#9426,#2245);
#1587=LINE('',#9428,#2246);
#1588=LINE('',#9430,#2247);
#1589=LINE('',#9431,#2248);
#1590=LINE('',#9433,#2249);
#1591=LINE('',#9434,#2250);
#1592=LINE('',#9437,#2251);
#1593=LINE('',#9440,#2252);
#1594=LINE('',#9443,#2253);
#1595=LINE('',#9444,#2254);
#1596=LINE('',#9446,#2255);
#1597=LINE('',#9448,#2256);
#1598=LINE('',#9460,#2257);
#1599=LINE('',#9463,#2258);
#1600=LINE('',#9466,#2259);
#1601=LINE('',#9468,#2260);
#1602=LINE('',#9469,#2261);
#1603=LINE('',#9472,#2262);
#1604=LINE('',#9474,#2263);
#1605=LINE('',#9475,#2264);
#1606=LINE('',#9481,#2265);
#1607=LINE('',#9482,#2266);
#1608=LINE('',#9483,#2267);
#1609=LINE('',#9485,#2268);
#1610=LINE('',#9486,#2269);
#1611=LINE('',#9489,#2270);
#1612=LINE('',#9492,#2271);
#1613=LINE('',#9495,#2272);
#1614=LINE('',#9496,#2273);
#1615=LINE('',#9498,#2274);
#1616=LINE('',#9500,#2275);
#1617=LINE('',#9512,#2276);
#1618=LINE('',#9515,#2277);
#1619=LINE('',#9518,#2278);
#1620=LINE('',#9520,#2279);
#1621=LINE('',#9521,#2280);
#1622=LINE('',#9527,#2281);
#1623=LINE('',#9528,#2282);
#1624=LINE('',#9530,#2283);
#1625=LINE('',#9532,#2284);
#1626=LINE('',#9534,#2285);
#1627=LINE('',#9535,#2286);
#1628=LINE('',#9537,#2287);
#1629=LINE('',#9538,#2288);
#1630=LINE('',#9541,#2289);
#1631=LINE('',#9544,#2290);
#1632=LINE('',#9547,#2291);
#1633=LINE('',#9548,#2292);
#1634=LINE('',#9550,#2293);
#1635=LINE('',#9552,#2294);
#1636=LINE('',#9561,#2295);
#1637=LINE('',#9564,#2296);
#1638=LINE('',#9570,#2297);
#1639=LINE('',#9573,#2298);
#1640=LINE('',#9576,#2299);
#1641=LINE('',#9578,#2300);
#1642=LINE('',#9579,#2301);
#1643=LINE('',#9583,#2302);
#1644=LINE('',#9585,#2303);
#1645=LINE('',#9589,#2304);
#1646=LINE('',#9590,#2305);
#1647=LINE('',#9592,#2306);
#1648=LINE('',#9593,#2307);
#1649=LINE('',#9595,#2308);
#1650=LINE('',#9596,#2309);
#1651=LINE('',#9598,#2310);
#1652=LINE('',#9599,#2311);
#1653=LINE('',#9602,#2312);
#1654=LINE('',#9604,#2313);
#1655=LINE('',#9613,#2314);
#1656=LINE('',#9616,#2315);
#1657=LINE('',#9622,#2316);
#1658=LINE('',#9625,#2317);
#1659=LINE('',#9628,#2318);
#1660=LINE('',#9630,#2319);
#1661=LINE('',#9631,#2320);
#1662=LINE('',#9635,#2321);
#1663=LINE('',#9637,#2322);
#1664=LINE('',#9641,#2323);
#1665=LINE('',#9642,#2324);
#1666=LINE('',#9644,#2325);
#1667=LINE('',#9645,#2326);
#1668=LINE('',#9647,#2327);
#1669=LINE('',#9648,#2328);
#1670=LINE('',#9650,#2329);
#1671=LINE('',#9651,#2330);
#1672=LINE('',#9654,#2331);
#1673=LINE('',#9656,#2332);
#1674=LINE('',#9665,#2333);
#1675=LINE('',#9668,#2334);
#1676=LINE('',#9674,#2335);
#1677=LINE('',#9677,#2336);
#1678=LINE('',#9680,#2337);
#1679=LINE('',#9682,#2338);
#1680=LINE('',#9683,#2339);
#1681=LINE('',#9687,#2340);
#1682=LINE('',#9689,#2341);
#1683=LINE('',#9693,#2342);
#1684=LINE('',#9694,#2343);
#1685=LINE('',#9696,#2344);
#1686=LINE('',#9697,#2345);
#1687=LINE('',#9699,#2346);
#1688=LINE('',#9700,#2347);
#1689=LINE('',#9702,#2348);
#1690=LINE('',#9703,#2349);
#1691=LINE('',#9706,#2350);
#1692=LINE('',#9708,#2351);
#1693=LINE('',#9717,#2352);
#1694=LINE('',#9720,#2353);
#1695=LINE('',#9726,#2354);
#1696=LINE('',#9729,#2355);
#1697=LINE('',#9732,#2356);
#1698=LINE('',#9734,#2357);
#1699=LINE('',#9735,#2358);
#1700=LINE('',#9739,#2359);
#1701=LINE('',#9741,#2360);
#1702=LINE('',#9745,#2361);
#1703=LINE('',#9746,#2362);
#1704=LINE('',#9748,#2363);
#1705=LINE('',#9749,#2364);
#1706=LINE('',#9751,#2365);
#1707=LINE('',#9752,#2366);
#1708=LINE('',#9754,#2367);
#1709=LINE('',#9755,#2368);
#1710=LINE('',#9758,#2369);
#1711=LINE('',#9760,#2370);
#1712=LINE('',#9769,#2371);
#1713=LINE('',#9772,#2372);
#1714=LINE('',#9778,#2373);
#1715=LINE('',#9781,#2374);
#1716=LINE('',#9784,#2375);
#1717=LINE('',#9786,#2376);
#1718=LINE('',#9787,#2377);
#1719=LINE('',#9791,#2378);
#1720=LINE('',#9793,#2379);
#1721=LINE('',#9797,#2380);
#1722=LINE('',#9798,#2381);
#1723=LINE('',#9800,#2382);
#1724=LINE('',#9801,#2383);
#1725=LINE('',#9803,#2384);
#1726=LINE('',#9804,#2385);
#1727=LINE('',#9806,#2386);
#1728=LINE('',#9807,#2387);
#1729=LINE('',#9810,#2388);
#1730=LINE('',#9812,#2389);
#1731=LINE('',#9821,#2390);
#1732=LINE('',#9824,#2391);
#1733=LINE('',#9830,#2392);
#1734=LINE('',#9833,#2393);
#1735=LINE('',#9836,#2394);
#1736=LINE('',#9838,#2395);
#1737=LINE('',#9839,#2396);
#1738=LINE('',#9843,#2397);
#1739=LINE('',#9845,#2398);
#1740=LINE('',#9849,#2399);
#1741=LINE('',#9850,#2400);
#1742=LINE('',#9852,#2401);
#1743=LINE('',#9853,#2402);
#1744=LINE('',#9855,#2403);
#1745=LINE('',#9856,#2404);
#1746=LINE('',#9858,#2405);
#1747=LINE('',#9859,#2406);
#1748=LINE('',#9862,#2407);
#1749=LINE('',#9864,#2408);
#1750=LINE('',#9871,#2409);
#1751=LINE('',#9873,#2410);
#1752=LINE('',#9875,#2411);
#1753=LINE('',#9877,#2412);
#1754=LINE('',#9879,#2413);
#1755=LINE('',#9881,#2414);
#1756=LINE('',#9882,#2415);
#1757=LINE('',#9885,#2416);
#1758=LINE('',#9887,#2417);
#1759=LINE('',#9888,#2418);
#1760=LINE('',#9893,#2419);
#1761=LINE('',#9896,#2420);
#1762=LINE('',#9897,#2421);
#1763=LINE('',#9900,#2422);
#1764=LINE('',#9903,#2423);
#1765=LINE('',#9907,#2424);
#1766=LINE('',#9908,#2425);
#1767=LINE('',#9912,#2426);
#1768=LINE('',#9914,#2427);
#1769=LINE('',#9923,#2428);
#1770=LINE('',#9926,#2429);
#1771=LINE('',#9929,#2430);
#1772=LINE('',#9931,#2431);
#1773=LINE('',#9932,#2432);
#1774=LINE('',#9938,#2433);
#1775=LINE('',#9939,#2434);
#1776=LINE('',#9941,#2435);
#1777=LINE('',#9943,#2436);
#1778=LINE('',#9945,#2437);
#1779=LINE('',#9946,#2438);
#1780=LINE('',#9948,#2439);
#1781=LINE('',#9949,#2440);
#1782=LINE('',#9952,#2441);
#1783=LINE('',#9955,#2442);
#1784=LINE('',#9959,#2443);
#1785=LINE('',#9960,#2444);
#1786=LINE('',#9964,#2445);
#1787=LINE('',#9966,#2446);
#1788=LINE('',#9975,#2447);
#1789=LINE('',#9978,#2448);
#1790=LINE('',#9981,#2449);
#1791=LINE('',#9983,#2450);
#1792=LINE('',#9984,#2451);
#1793=LINE('',#9988,#2452);
#1794=LINE('',#9990,#2453);
#1795=LINE('',#9994,#2454);
#1796=LINE('',#9995,#2455);
#1797=LINE('',#9997,#2456);
#1798=LINE('',#9998,#2457);
#1799=LINE('',#10000,#2458);
#1800=LINE('',#10001,#2459);
#1801=LINE('',#10006,#2460);
#1802=LINE('',#10007,#2461);
#1803=LINE('',#10011,#2462);
#1804=LINE('',#10014,#2463);
#1805=LINE('',#10016,#2464);
#1806=LINE('',#10018,#2465);
#1807=LINE('',#10027,#2466);
#1808=LINE('',#10030,#2467);
#1809=LINE('',#10033,#2468);
#1810=LINE('',#10035,#2469);
#1811=LINE('',#10036,#2470);
#1812=LINE('',#10040,#2471);
#1813=LINE('',#10042,#2472);
#1814=LINE('',#10046,#2473);
#1815=LINE('',#10047,#2474);
#1816=LINE('',#10049,#2475);
#1817=LINE('',#10050,#2476);
#1818=LINE('',#10052,#2477);
#1819=LINE('',#10053,#2478);
#1820=LINE('',#10056,#2479);
#1821=LINE('',#10058,#2480);
#1822=LINE('',#10063,#2481);
#1823=LINE('',#10066,#2482);
#1824=LINE('',#10068,#2483);
#1825=LINE('',#10070,#2484);
#1826=VECTOR('',#6679,1000.);
#1827=VECTOR('',#6682,1000.);
#1828=VECTOR('',#6687,1000.);
#1829=VECTOR('',#6690,1000.);
#1830=VECTOR('',#6695,0.0863636363636362);
#1831=VECTOR('',#6702,1000.);
#1832=VECTOR('',#6705,1000.);
#1833=VECTOR('',#6710,1000.);
#1834=VECTOR('',#6713,1000.);
#1835=VECTOR('',#6718,1000.);
#1836=VECTOR('',#6721,1000.);
#1837=VECTOR('',#6726,1000.);
#1838=VECTOR('',#6729,1000.);
#1839=VECTOR('',#6734,1000.);
#1840=VECTOR('',#6737,1000.);
#1841=VECTOR('',#6742,1000.);
#1842=VECTOR('',#6745,1000.);
#1843=VECTOR('',#6750,1000.);
#1844=VECTOR('',#6753,1000.);
#1845=VECTOR('',#6756,1000.);
#1846=VECTOR('',#6757,1000.);
#1847=VECTOR('',#6758,1000.);
#1848=VECTOR('',#6759,1000.);
#1849=VECTOR('',#6760,1000.);
#1850=VECTOR('',#6763,1000.);
#1851=VECTOR('',#6764,1000.);
#1852=VECTOR('',#6765,1000.);
#1853=VECTOR('',#6766,1000.);
#1854=VECTOR('',#6769,1000.);
#1855=VECTOR('',#6772,1000.);
#1856=VECTOR('',#6773,1000.);
#1857=VECTOR('',#6776,1000.);
#1858=VECTOR('',#6779,1000.);
#1859=VECTOR('',#6780,1000.);
#1860=VECTOR('',#6783,1000.);
#1861=VECTOR('',#6788,1000.);
#1862=VECTOR('',#6789,1000.);
#1863=VECTOR('',#6790,1000.);
#1864=VECTOR('',#6791,1000.);
#1865=VECTOR('',#6792,1000.);
#1866=VECTOR('',#6793,1000.);
#1867=VECTOR('',#6794,1000.);
#1868=VECTOR('',#6795,1000.);
#1869=VECTOR('',#6796,1000.);
#1870=VECTOR('',#6797,1000.);
#1871=VECTOR('',#6798,1000.);
#1872=VECTOR('',#6799,1000.);
#1873=VECTOR('',#6800,1000.);
#1874=VECTOR('',#6801,1000.);
#1875=VECTOR('',#6802,1000.);
#1876=VECTOR('',#6803,1000.);
#1877=VECTOR('',#6804,1000.);
#1878=VECTOR('',#6805,1000.);
#1879=VECTOR('',#6806,1000.);
#1880=VECTOR('',#6809,1000.);
#1881=VECTOR('',#6810,1000.);
#1882=VECTOR('',#6811,1000.);
#1883=VECTOR('',#6812,1000.);
#1884=VECTOR('',#6813,1000.);
#1885=VECTOR('',#6814,1000.);
#1886=VECTOR('',#6815,1000.);
#1887=VECTOR('',#6816,1000.);
#1888=VECTOR('',#6817,1000.);
#1889=VECTOR('',#6818,1000.);
#1890=VECTOR('',#6819,1000.);
#1891=VECTOR('',#6820,1000.);
#1892=VECTOR('',#6821,1000.);
#1893=VECTOR('',#6822,1000.);
#1894=VECTOR('',#6823,1000.);
#1895=VECTOR('',#6824,1000.);
#1896=VECTOR('',#6825,1000.);
#1897=VECTOR('',#6826,1000.);
#1898=VECTOR('',#6827,1000.);
#1899=VECTOR('',#6828,1000.);
#1900=VECTOR('',#6829,1000.);
#1901=VECTOR('',#6830,1000.);
#1902=VECTOR('',#6831,1000.);
#1903=VECTOR('',#6832,1000.);
#1904=VECTOR('',#6833,1000.);
#1905=VECTOR('',#6834,1000.);
#1906=VECTOR('',#6837,1000.);
#1907=VECTOR('',#6838,1000.);
#1908=VECTOR('',#6839,1000.);
#1909=VECTOR('',#6840,1000.);
#1910=VECTOR('',#6841,1000.);
#1911=VECTOR('',#6842,1000.);
#1912=VECTOR('',#6843,1000.);
#1913=VECTOR('',#6844,1000.);
#1914=VECTOR('',#6845,1000.);
#1915=VECTOR('',#6846,1000.);
#1916=VECTOR('',#6847,1000.);
#1917=VECTOR('',#6848,1000.);
#1918=VECTOR('',#6849,1000.);
#1919=VECTOR('',#6850,1000.);
#1920=VECTOR('',#6851,1000.);
#1921=VECTOR('',#6852,1000.);
#1922=VECTOR('',#6853,1000.);
#1923=VECTOR('',#6854,1000.);
#1924=VECTOR('',#6857,1000.);
#1925=VECTOR('',#6858,1000.);
#1926=VECTOR('',#6859,1000.);
#1927=VECTOR('',#6860,1000.);
#1928=VECTOR('',#6861,1000.);
#1929=VECTOR('',#6862,1000.);
#1930=VECTOR('',#6863,1000.);
#1931=VECTOR('',#6864,1000.);
#1932=VECTOR('',#6865,1000.);
#1933=VECTOR('',#6866,1000.);
#1934=VECTOR('',#6867,1000.);
#1935=VECTOR('',#6868,1000.);
#1936=VECTOR('',#6869,1000.);
#1937=VECTOR('',#6870,1000.);
#1938=VECTOR('',#6871,1000.);
#1939=VECTOR('',#6872,1000.);
#1940=VECTOR('',#6873,1000.);
#1941=VECTOR('',#6874,1000.);
#1942=VECTOR('',#6875,1000.);
#1943=VECTOR('',#6876,1000.);
#1944=VECTOR('',#6877,1000.);
#1945=VECTOR('',#6878,1000.);
#1946=VECTOR('',#6879,1000.);
#1947=VECTOR('',#6880,1000.);
#1948=VECTOR('',#6881,1000.);
#1949=VECTOR('',#6884,1000.);
#1950=VECTOR('',#6887,1000.);
#1951=VECTOR('',#6888,1000.);
#1952=VECTOR('',#6891,1000.);
#1953=VECTOR('',#6892,1000.);
#1954=VECTOR('',#6895,1000.);
#1955=VECTOR('',#6896,1000.);
#1956=VECTOR('',#6899,1000.);
#1957=VECTOR('',#6900,1000.);
#1958=VECTOR('',#6903,1000.);
#1959=VECTOR('',#6904,1000.);
#1960=VECTOR('',#6907,1000.);
#1961=VECTOR('',#6908,1000.);
#1962=VECTOR('',#6911,1000.);
#1963=VECTOR('',#6912,1000.);
#1964=VECTOR('',#6915,1000.);
#1965=VECTOR('',#6916,1000.);
#1966=VECTOR('',#6919,1000.);
#1967=VECTOR('',#6920,1000.);
#1968=VECTOR('',#6923,1000.);
#1969=VECTOR('',#6924,1000.);
#1970=VECTOR('',#6925,1000.);
#1971=VECTOR('',#6926,1000.);
#1972=VECTOR('',#6927,1000.);
#1973=VECTOR('',#6928,1000.);
#1974=VECTOR('',#6929,1000.);
#1975=VECTOR('',#6930,1000.);
#1976=VECTOR('',#6931,1000.);
#1977=VECTOR('',#6932,1000.);
#1978=VECTOR('',#6933,1000.);
#1979=VECTOR('',#6934,1000.);
#1980=VECTOR('',#6935,1000.);
#1981=VECTOR('',#6938,1000.);
#1982=VECTOR('',#6941,1000.);
#1983=VECTOR('',#6944,1000.);
#1984=VECTOR('',#6947,1000.);
#1985=VECTOR('',#6950,1000.);
#1986=VECTOR('',#6953,1000.);
#1987=VECTOR('',#6956,1000.);
#1988=VECTOR('',#6959,1000.);
#1989=VECTOR('',#6960,1000.);
#1990=VECTOR('',#6963,1000.);
#1991=VECTOR('',#6968,1000.);
#1992=VECTOR('',#6969,1000.);
#1993=VECTOR('',#6972,1000.);
#1994=VECTOR('',#6977,1000.);
#1995=VECTOR('',#6978,1000.);
#1996=VECTOR('',#6981,1000.);
#1997=VECTOR('',#6986,1000.);
#1998=VECTOR('',#6987,1000.);
#1999=VECTOR('',#6990,1000.);
#2000=VECTOR('',#6995,1000.);
#2001=VECTOR('',#7000,1000.);
#2002=VECTOR('',#7003,1000.);
#2003=VECTOR('',#7006,1000.);
#2004=VECTOR('',#7007,1000.);
#2005=VECTOR('',#7014,1000.);
#2006=VECTOR('',#7017,1000.);
#2007=VECTOR('',#7020,1000.);
#2008=VECTOR('',#7021,1000.);
#2009=VECTOR('',#7028,1000.);
#2010=VECTOR('',#7029,1000.);
#2011=VECTOR('',#7036,1000.);
#2012=VECTOR('',#7037,1000.);
#2013=VECTOR('',#7044,1000.);
#2014=VECTOR('',#7045,1000.);
#2015=VECTOR('',#7052,1000.);
#2016=VECTOR('',#7053,1000.);
#2017=VECTOR('',#7060,1000.);
#2018=VECTOR('',#7061,1000.);
#2019=VECTOR('',#7068,1000.);
#2020=VECTOR('',#7069,1000.);
#2021=VECTOR('',#7076,1000.);
#2022=VECTOR('',#7079,1000.);
#2023=VECTOR('',#7082,1000.);
#2024=VECTOR('',#7083,1000.);
#2025=VECTOR('',#7090,1000.);
#2026=VECTOR('',#7093,1000.);
#2027=VECTOR('',#7096,1000.);
#2028=VECTOR('',#7097,1000.);
#2029=VECTOR('',#7104,1000.);
#2030=VECTOR('',#7107,1000.);
#2031=VECTOR('',#7110,1000.);
#2032=VECTOR('',#7111,1000.);
#2033=VECTOR('',#7118,1000.);
#2034=VECTOR('',#7121,1000.);
#2035=VECTOR('',#7124,1000.);
#2036=VECTOR('',#7125,1000.);
#2037=VECTOR('',#7132,1000.);
#2038=VECTOR('',#7135,1000.);
#2039=VECTOR('',#7138,1000.);
#2040=VECTOR('',#7141,1000.);
#2041=VECTOR('',#7146,1000.);
#2042=VECTOR('',#7149,1000.);
#2043=VECTOR('',#7152,1000.);
#2044=VECTOR('',#7153,1000.);
#2045=VECTOR('',#7160,1000.);
#2046=VECTOR('',#7163,1000.);
#2047=VECTOR('',#7166,1000.);
#2048=VECTOR('',#7167,1000.);
#2049=VECTOR('',#7174,1000.);
#2050=VECTOR('',#7177,1000.);
#2051=VECTOR('',#7180,1000.);
#2052=VECTOR('',#7181,1000.);
#2053=VECTOR('',#7188,1000.);
#2054=VECTOR('',#7189,1000.);
#2055=VECTOR('',#7190,1000.);
#2056=VECTOR('',#7193,1000.);
#2057=VECTOR('',#7194,1000.);
#2058=VECTOR('',#7195,1000.);
#2059=VECTOR('',#7198,1000.);
#2060=VECTOR('',#7201,1000.);
#2061=VECTOR('',#7206,1000.);
#2062=VECTOR('',#7207,1000.);
#2063=VECTOR('',#7208,1000.);
#2064=VECTOR('',#7211,1000.);
#2065=VECTOR('',#7212,1000.);
#2066=VECTOR('',#7213,1000.);
#2067=VECTOR('',#7216,1000.);
#2068=VECTOR('',#7219,1000.);
#2069=VECTOR('',#7224,1000.);
#2070=VECTOR('',#7225,1000.);
#2071=VECTOR('',#7226,1000.);
#2072=VECTOR('',#7229,1000.);
#2073=VECTOR('',#7230,1000.);
#2074=VECTOR('',#7231,1000.);
#2075=VECTOR('',#7234,1000.);
#2076=VECTOR('',#7237,1000.);
#2077=VECTOR('',#7242,1000.);
#2078=VECTOR('',#7243,1000.);
#2079=VECTOR('',#7244,1000.);
#2080=VECTOR('',#7247,1000.);
#2081=VECTOR('',#7248,1000.);
#2082=VECTOR('',#7249,1000.);
#2083=VECTOR('',#7252,1000.);
#2084=VECTOR('',#7255,1000.);
#2085=VECTOR('',#7260,1000.);
#2086=VECTOR('',#7261,1000.);
#2087=VECTOR('',#7264,1000.);
#2088=VECTOR('',#7269,1000.);
#2089=VECTOR('',#7270,1000.);
#2090=VECTOR('',#7273,1000.);
#2091=VECTOR('',#7278,1000.);
#2092=VECTOR('',#7279,1000.);
#2093=VECTOR('',#7282,1000.);
#2094=VECTOR('',#7283,1000.);
#2095=VECTOR('',#7286,1000.);
#2096=VECTOR('',#7291,1000.);
#2097=VECTOR('',#7292,1000.);
#2098=VECTOR('',#7295,1000.);
#2099=VECTOR('',#7300,1000.);
#2100=VECTOR('',#7307,1000.);
#2101=VECTOR('',#7310,1000.);
#2102=VECTOR('',#7313,1000.);
#2103=VECTOR('',#7314,1000.);
#2104=VECTOR('',#7317,1000.);
#2105=VECTOR('',#7322,1000.);
#2106=VECTOR('',#7323,1000.);
#2107=VECTOR('',#7326,1000.);
#2108=VECTOR('',#7331,1000.);
#2109=VECTOR('',#7334,1000.);
#2110=VECTOR('',#7335,1000.);
#2111=VECTOR('',#7338,1000.);
#2112=VECTOR('',#7341,1000.);
#2113=VECTOR('',#7350,1000.);
#2114=VECTOR('',#7353,1000.);
#2115=VECTOR('',#7356,1000.);
#2116=VECTOR('',#7357,1000.);
#2117=VECTOR('',#7358,1000.);
#2118=VECTOR('',#7363,1000.);
#2119=VECTOR('',#7368,1000.);
#2120=VECTOR('',#7369,1000.);
#2121=VECTOR('',#7370,1000.);
#2122=VECTOR('',#7375,1000.);
#2123=VECTOR('',#7380,1000.);
#2124=VECTOR('',#7381,1000.);
#2125=VECTOR('',#7382,1000.);
#2126=VECTOR('',#7387,1000.);
#2127=VECTOR('',#7392,1000.);
#2128=VECTOR('',#7393,1000.);
#2129=VECTOR('',#7394,1000.);
#2130=VECTOR('',#7399,1000.);
#2131=VECTOR('',#7404,1000.);
#2132=VECTOR('',#7405,1000.);
#2133=VECTOR('',#7412,1000.);
#2134=VECTOR('',#7413,1000.);
#2135=VECTOR('',#7414,1000.);
#2136=VECTOR('',#7415,1000.);
#2137=VECTOR('',#7418,1000.);
#2138=VECTOR('',#7419,1000.);
#2139=VECTOR('',#7420,1000.);
#2140=VECTOR('',#7423,1000.);
#2141=VECTOR('',#7424,1000.);
#2142=VECTOR('',#7425,1000.);
#2143=VECTOR('',#7428,1000.);
#2144=VECTOR('',#7429,1000.);
#2145=VECTOR('',#7436,1000.);
#2146=VECTOR('',#7437,1000.);
#2147=VECTOR('',#7438,1000.);
#2148=VECTOR('',#7439,1000.);
#2149=VECTOR('',#7442,1000.);
#2150=VECTOR('',#7443,1000.);
#2151=VECTOR('',#7444,1000.);
#2152=VECTOR('',#7447,1000.);
#2153=VECTOR('',#7448,1000.);
#2154=VECTOR('',#7449,1000.);
#2155=VECTOR('',#7452,1000.);
#2156=VECTOR('',#7453,1000.);
#2157=VECTOR('',#7460,1000.);
#2158=VECTOR('',#7461,1000.);
#2159=VECTOR('',#7462,1000.);
#2160=VECTOR('',#7463,1000.);
#2161=VECTOR('',#7466,1000.);
#2162=VECTOR('',#7467,1000.);
#2163=VECTOR('',#7468,1000.);
#2164=VECTOR('',#7471,1000.);
#2165=VECTOR('',#7472,1000.);
#2166=VECTOR('',#7473,1000.);
#2167=VECTOR('',#7476,1000.);
#2168=VECTOR('',#7477,1000.);
#2169=VECTOR('',#7484,1000.);
#2170=VECTOR('',#7485,1000.);
#2171=VECTOR('',#7486,1000.);
#2172=VECTOR('',#7487,1000.);
#2173=VECTOR('',#7490,1000.);
#2174=VECTOR('',#7491,1000.);
#2175=VECTOR('',#7492,1000.);
#2176=VECTOR('',#7495,1000.);
#2177=VECTOR('',#7496,1000.);
#2178=VECTOR('',#7497,1000.);
#2179=VECTOR('',#7500,1000.);
#2180=VECTOR('',#7501,1000.);
#2181=VECTOR('',#7516,1000.);
#2182=VECTOR('',#7519,1000.);
#2183=VECTOR('',#7522,1000.);
#2184=VECTOR('',#7523,1000.);
#2185=VECTOR('',#7524,1000.);
#2186=VECTOR('',#7527,1000.);
#2187=VECTOR('',#7528,1000.);
#2188=VECTOR('',#7529,1000.);
#2189=VECTOR('',#7534,1000.);
#2190=VECTOR('',#7535,1000.);
#2191=VECTOR('',#7536,1000.);
#2192=VECTOR('',#7537,1000.);
#2193=VECTOR('',#7538,1000.);
#2194=VECTOR('',#7541,1000.);
#2195=VECTOR('',#7544,1000.);
#2196=VECTOR('',#7549,1000.);
#2197=VECTOR('',#7550,1000.);
#2198=VECTOR('',#7553,1000.);
#2199=VECTOR('',#7556,1000.);
#2200=VECTOR('',#7569,1000.);
#2201=VECTOR('',#7572,1000.);
#2202=VECTOR('',#7577,1000.);
#2203=VECTOR('',#7578,1000.);
#2204=VECTOR('',#7579,1000.);
#2205=VECTOR('',#7580,1000.);
#2206=VECTOR('',#7581,1000.);
#2207=VECTOR('',#7582,1000.);
#2208=VECTOR('',#7583,1000.);
#2209=VECTOR('',#7586,1000.);
#2210=VECTOR('',#7587,1000.);
#2211=VECTOR('',#7590,1000.);
#2212=VECTOR('',#7591,1000.);
#2213=VECTOR('',#7594,1000.);
#2214=VECTOR('',#7597,1000.);
#2215=VECTOR('',#7602,1000.);
#2216=VECTOR('',#7603,1000.);
#2217=VECTOR('',#7606,1000.);
#2218=VECTOR('',#7609,1000.);
#2219=VECTOR('',#7622,1000.);
#2220=VECTOR('',#7625,1000.);
#2221=VECTOR('',#7628,1000.);
#2222=VECTOR('',#7629,1000.);
#2223=VECTOR('',#7630,1000.);
#2224=VECTOR('',#7635,1000.);
#2225=VECTOR('',#7636,1000.);
#2226=VECTOR('',#7637,1000.);
#2227=VECTOR('',#7638,1000.);
#2228=VECTOR('',#7639,1000.);
#2229=VECTOR('',#7640,1000.);
#2230=VECTOR('',#7643,1000.);
#2231=VECTOR('',#7644,1000.);
#2232=VECTOR('',#7647,1000.);
#2233=VECTOR('',#7650,1000.);
#2234=VECTOR('',#7655,1000.);
#2235=VECTOR('',#7656,1000.);
#2236=VECTOR('',#7659,1000.);
#2237=VECTOR('',#7662,1000.);
#2238=VECTOR('',#7675,1000.);
#2239=VECTOR('',#7678,1000.);
#2240=VECTOR('',#7681,1000.);
#2241=VECTOR('',#7682,1000.);
#2242=VECTOR('',#7683,1000.);
#2243=VECTOR('',#7688,1000.);
#2244=VECTOR('',#7689,1000.);
#2245=VECTOR('',#7690,1000.);
#2246=VECTOR('',#7691,1000.);
#2247=VECTOR('',#7692,1000.);
#2248=VECTOR('',#7693,1000.);
#2249=VECTOR('',#7696,1000.);
#2250=VECTOR('',#7697,1000.);
#2251=VECTOR('',#7700,1000.);
#2252=VECTOR('',#7703,1000.);
#2253=VECTOR('',#7708,1000.);
#2254=VECTOR('',#7709,1000.);
#2255=VECTOR('',#7712,1000.);
#2256=VECTOR('',#7715,1000.);
#2257=VECTOR('',#7728,1000.);
#2258=VECTOR('',#7731,1000.);
#2259=VECTOR('',#7734,1000.);
#2260=VECTOR('',#7735,1000.);
#2261=VECTOR('',#7736,1000.);
#2262=VECTOR('',#7739,1000.);
#2263=VECTOR('',#7740,1000.);
#2264=VECTOR('',#7741,1000.);
#2265=VECTOR('',#7746,1000.);
#2266=VECTOR('',#7747,1000.);
#2267=VECTOR('',#7748,1000.);
#2268=VECTOR('',#7749,1000.);
#2269=VECTOR('',#7750,1000.);
#2270=VECTOR('',#7753,1000.);
#2271=VECTOR('',#7756,1000.);
#2272=VECTOR('',#7761,1000.);
#2273=VECTOR('',#7762,1000.);
#2274=VECTOR('',#7765,1000.);
#2275=VECTOR('',#7768,1000.);
#2276=VECTOR('',#7781,1000.);
#2277=VECTOR('',#7784,1000.);
#2278=VECTOR('',#7787,1000.);
#2279=VECTOR('',#7788,1000.);
#2280=VECTOR('',#7789,1000.);
#2281=VECTOR('',#7794,1000.);
#2282=VECTOR('',#7795,1000.);
#2283=VECTOR('',#7796,1000.);
#2284=VECTOR('',#7797,1000.);
#2285=VECTOR('',#7798,1000.);
#2286=VECTOR('',#7799,1000.);
#2287=VECTOR('',#7802,1000.);
#2288=VECTOR('',#7803,1000.);
#2289=VECTOR('',#7806,1000.);
#2290=VECTOR('',#7809,1000.);
#2291=VECTOR('',#7814,1000.);
#2292=VECTOR('',#7815,1000.);
#2293=VECTOR('',#7818,1000.);
#2294=VECTOR('',#7821,1000.);
#2295=VECTOR('',#7832,1000.);
#2296=VECTOR('',#7835,1000.);
#2297=VECTOR('',#7840,1000.);
#2298=VECTOR('',#7843,1000.);
#2299=VECTOR('',#7846,1000.);
#2300=VECTOR('',#7847,1000.);
#2301=VECTOR('',#7848,1000.);
#2302=VECTOR('',#7851,1000.);
#2303=VECTOR('',#7852,1000.);
#2304=VECTOR('',#7855,1000.);
#2305=VECTOR('',#7856,1000.);
#2306=VECTOR('',#7857,1000.);
#2307=VECTOR('',#7858,1000.);
#2308=VECTOR('',#7861,1000.);
#2309=VECTOR('',#7862,1000.);
#2310=VECTOR('',#7865,1000.);
#2311=VECTOR('',#7866,1000.);
#2312=VECTOR('',#7871,1000.);
#2313=VECTOR('',#7874,1000.);
#2314=VECTOR('',#7885,1000.);
#2315=VECTOR('',#7888,1000.);
#2316=VECTOR('',#7893,1000.);
#2317=VECTOR('',#7896,1000.);
#2318=VECTOR('',#7899,1000.);
#2319=VECTOR('',#7900,1000.);
#2320=VECTOR('',#7901,1000.);
#2321=VECTOR('',#7904,1000.);
#2322=VECTOR('',#7905,1000.);
#2323=VECTOR('',#7908,1000.);
#2324=VECTOR('',#7909,1000.);
#2325=VECTOR('',#7910,1000.);
#2326=VECTOR('',#7911,1000.);
#2327=VECTOR('',#7914,1000.);
#2328=VECTOR('',#7915,1000.);
#2329=VECTOR('',#7918,1000.);
#2330=VECTOR('',#7919,1000.);
#2331=VECTOR('',#7924,1000.);
#2332=VECTOR('',#7927,1000.);
#2333=VECTOR('',#7938,1000.);
#2334=VECTOR('',#7941,1000.);
#2335=VECTOR('',#7946,1000.);
#2336=VECTOR('',#7949,1000.);
#2337=VECTOR('',#7952,1000.);
#2338=VECTOR('',#7953,1000.);
#2339=VECTOR('',#7954,1000.);
#2340=VECTOR('',#7957,1000.);
#2341=VECTOR('',#7958,1000.);
#2342=VECTOR('',#7961,1000.);
#2343=VECTOR('',#7962,1000.);
#2344=VECTOR('',#7963,1000.);
#2345=VECTOR('',#7964,1000.);
#2346=VECTOR('',#7967,1000.);
#2347=VECTOR('',#7968,1000.);
#2348=VECTOR('',#7971,1000.);
#2349=VECTOR('',#7972,1000.);
#2350=VECTOR('',#7977,1000.);
#2351=VECTOR('',#7980,1000.);
#2352=VECTOR('',#7991,1000.);
#2353=VECTOR('',#7994,1000.);
#2354=VECTOR('',#7999,1000.);
#2355=VECTOR('',#8002,1000.);
#2356=VECTOR('',#8005,1000.);
#2357=VECTOR('',#8006,1000.);
#2358=VECTOR('',#8007,1000.);
#2359=VECTOR('',#8010,1000.);
#2360=VECTOR('',#8011,1000.);
#2361=VECTOR('',#8014,1000.);
#2362=VECTOR('',#8015,1000.);
#2363=VECTOR('',#8016,1000.);
#2364=VECTOR('',#8017,1000.);
#2365=VECTOR('',#8020,1000.);
#2366=VECTOR('',#8021,1000.);
#2367=VECTOR('',#8024,1000.);
#2368=VECTOR('',#8025,1000.);
#2369=VECTOR('',#8030,1000.);
#2370=VECTOR('',#8033,1000.);
#2371=VECTOR('',#8044,1000.);
#2372=VECTOR('',#8047,1000.);
#2373=VECTOR('',#8052,1000.);
#2374=VECTOR('',#8055,1000.);
#2375=VECTOR('',#8058,1000.);
#2376=VECTOR('',#8059,1000.);
#2377=VECTOR('',#8060,1000.);
#2378=VECTOR('',#8063,1000.);
#2379=VECTOR('',#8064,1000.);
#2380=VECTOR('',#8067,1000.);
#2381=VECTOR('',#8068,1000.);
#2382=VECTOR('',#8069,1000.);
#2383=VECTOR('',#8070,1000.);
#2384=VECTOR('',#8073,1000.);
#2385=VECTOR('',#8074,1000.);
#2386=VECTOR('',#8077,1000.);
#2387=VECTOR('',#8078,1000.);
#2388=VECTOR('',#8083,1000.);
#2389=VECTOR('',#8086,1000.);
#2390=VECTOR('',#8097,1000.);
#2391=VECTOR('',#8100,1000.);
#2392=VECTOR('',#8105,1000.);
#2393=VECTOR('',#8108,1000.);
#2394=VECTOR('',#8111,1000.);
#2395=VECTOR('',#8112,1000.);
#2396=VECTOR('',#8113,1000.);
#2397=VECTOR('',#8116,1000.);
#2398=VECTOR('',#8117,1000.);
#2399=VECTOR('',#8120,1000.);
#2400=VECTOR('',#8121,1000.);
#2401=VECTOR('',#8122,1000.);
#2402=VECTOR('',#8123,1000.);
#2403=VECTOR('',#8126,1000.);
#2404=VECTOR('',#8127,1000.);
#2405=VECTOR('',#8130,1000.);
#2406=VECTOR('',#8131,1000.);
#2407=VECTOR('',#8136,1000.);
#2408=VECTOR('',#8139,1000.);
#2409=VECTOR('',#8146,1000.);
#2410=VECTOR('',#8147,1000.);
#2411=VECTOR('',#8148,1000.);
#2412=VECTOR('',#8149,1000.);
#2413=VECTOR('',#8150,1000.);
#2414=VECTOR('',#8151,1000.);
#2415=VECTOR('',#8152,1000.);
#2416=VECTOR('',#8155,1000.);
#2417=VECTOR('',#8156,1000.);
#2418=VECTOR('',#8157,1000.);
#2419=VECTOR('',#8162,1000.);
#2420=VECTOR('',#8167,1000.);
#2421=VECTOR('',#8168,1000.);
#2422=VECTOR('',#8171,1000.);
#2423=VECTOR('',#8174,1000.);
#2424=VECTOR('',#8179,1000.);
#2425=VECTOR('',#8180,1000.);
#2426=VECTOR('',#8185,1000.);
#2427=VECTOR('',#8188,1000.);
#2428=VECTOR('',#8199,1000.);
#2429=VECTOR('',#8202,1000.);
#2430=VECTOR('',#8205,1000.);
#2431=VECTOR('',#8206,1000.);
#2432=VECTOR('',#8207,1000.);
#2433=VECTOR('',#8212,1000.);
#2434=VECTOR('',#8213,1000.);
#2435=VECTOR('',#8214,1000.);
#2436=VECTOR('',#8215,1000.);
#2437=VECTOR('',#8216,1000.);
#2438=VECTOR('',#8217,1000.);
#2439=VECTOR('',#8220,1000.);
#2440=VECTOR('',#8221,1000.);
#2441=VECTOR('',#8224,1000.);
#2442=VECTOR('',#8227,1000.);
#2443=VECTOR('',#8232,1000.);
#2444=VECTOR('',#8233,1000.);
#2445=VECTOR('',#8238,1000.);
#2446=VECTOR('',#8241,1000.);
#2447=VECTOR('',#8252,1000.);
#2448=VECTOR('',#8255,1000.);
#2449=VECTOR('',#8258,1000.);
#2450=VECTOR('',#8259,1000.);
#2451=VECTOR('',#8260,1000.);
#2452=VECTOR('',#8263,1000.);
#2453=VECTOR('',#8264,1000.);
#2454=VECTOR('',#8267,1000.);
#2455=VECTOR('',#8268,1000.);
#2456=VECTOR('',#8269,1000.);
#2457=VECTOR('',#8270,1000.);
#2458=VECTOR('',#8273,1000.);
#2459=VECTOR('',#8274,1000.);
#2460=VECTOR('',#8279,1000.);
#2461=VECTOR('',#8280,1000.);
#2462=VECTOR('',#8285,1000.);
#2463=VECTOR('',#8288,1000.);
#2464=VECTOR('',#8291,1000.);
#2465=VECTOR('',#8294,1000.);
#2466=VECTOR('',#8305,1000.);
#2467=VECTOR('',#8308,1000.);
#2468=VECTOR('',#8311,1000.);
#2469=VECTOR('',#8312,1000.);
#2470=VECTOR('',#8313,1000.);
#2471=VECTOR('',#8316,1000.);
#2472=VECTOR('',#8317,1000.);
#2473=VECTOR('',#8320,1000.);
#2474=VECTOR('',#8321,1000.);
#2475=VECTOR('',#8322,1000.);
#2476=VECTOR('',#8323,1000.);
#2477=VECTOR('',#8326,1000.);
#2478=VECTOR('',#8327,1000.);
#2479=VECTOR('',#8330,1000.);
#2480=VECTOR('',#8331,1000.);
#2481=VECTOR('',#8338,1000.);
#2482=VECTOR('',#8341,1000.);
#2483=VECTOR('',#8344,1000.);
#2484=VECTOR('',#8347,1000.);
#2485=CIRCLE('',#6157,0.0163636363636362);
#2486=CIRCLE('',#6158,0.0163636363636362);
#2487=CIRCLE('',#6160,0.0163636363636361);
#2488=CIRCLE('',#6161,0.0163636363636362);
#2489=CIRCLE('',#6163,0.0863636363636364);
#2490=CIRCLE('',#6164,0.0863636363636362);
#2491=CIRCLE('',#6166,0.1);
#2492=CIRCLE('',#6167,0.1);
#2493=CIRCLE('',#6169,0.125);
#2494=CIRCLE('',#6170,0.125);
#2495=CIRCLE('',#6172,0.125);
#2496=CIRCLE('',#6173,0.125);
#2497=CIRCLE('',#6175,0.125);
#2498=CIRCLE('',#6176,0.125);
#2499=CIRCLE('',#6178,0.125);
#2500=CIRCLE('',#6179,0.125);
#2501=CIRCLE('',#6181,0.125);
#2502=CIRCLE('',#6182,0.125);
#2503=CIRCLE('',#6184,0.125);
#2504=CIRCLE('',#6185,0.125);
#2505=CIRCLE('',#6187,0.0454545454545454);
#2506=CIRCLE('',#6188,0.0454545454545454);
#2507=CIRCLE('',#6189,0.1);
#2508=CIRCLE('',#6190,0.0454545454545454);
#2509=CIRCLE('',#6191,0.0163636363636361);
#2510=CIRCLE('',#6192,0.016363636363636);
#2511=CIRCLE('',#6193,0.0454545454545456);
#2512=CIRCLE('',#6199,0.124999999999999);
#2513=CIRCLE('',#6200,0.124999999999999);
#2514=CIRCLE('',#6201,0.125);
#2515=CIRCLE('',#6202,0.125);
#2516=CIRCLE('',#6203,0.125);
#2517=CIRCLE('',#6204,0.125);
#2518=CIRCLE('',#6205,0.125);
#2519=CIRCLE('',#6206,0.125);
#2520=CIRCLE('',#6207,0.124999999999999);
#2521=CIRCLE('',#6208,0.124999999999999);
#2522=CIRCLE('',#6209,0.2);
#2523=CIRCLE('',#6210,0.08);
#2524=CIRCLE('',#6211,0.08);
#2525=CIRCLE('',#6212,0.08);
#2526=CIRCLE('',#6213,0.08);
#2527=CIRCLE('',#6215,0.2);
#2528=CIRCLE('',#6218,0.08);
#2529=CIRCLE('',#6221,0.08);
#2530=CIRCLE('',#6224,0.08);
#2531=CIRCLE('',#6227,0.08);
#2532=CIRCLE('',#6231,0.125);
#2533=CIRCLE('',#6236,0.125);
#2534=CIRCLE('',#6259,0.125);
#2535=CIRCLE('',#6264,0.125);
#2536=CIRCLE('',#6269,0.125);
#2537=CIRCLE('',#6274,0.125);
#2538=CIRCLE('',#6279,0.124999999999999);
#2539=CIRCLE('',#6284,0.124999999999999);
#2540=CIRCLE('',#6289,0.124999999999999);
#2541=CIRCLE('',#6294,0.124999999999999);
#2542=CIRCLE('',#6320,0.0454545454545456);
#2543=CIRCLE('',#6323,0.016363636363636);
#2544=CIRCLE('',#6327,0.016363636363636);
#2545=CIRCLE('',#6330,0.0454545454545451);
#2546=CIRCLE('',#6335,0.0454545454545454);
#2547=CIRCLE('',#6338,0.1);
#2548=CIRCLE('',#6341,0.0454545454545454);
#2549=CIRCLE('',#6349,0.2);
#2550=CIRCLE('',#6350,0.2);
#2551=CIRCLE('',#6353,0.08);
#2552=CIRCLE('',#6354,0.08);
#2553=CIRCLE('',#6357,0.0799999999999999);
#2554=CIRCLE('',#6358,0.0799999999999999);
#2555=CIRCLE('',#6361,0.08);
#2556=CIRCLE('',#6362,0.08);
#2557=CIRCLE('',#6365,0.08);
#2558=CIRCLE('',#6366,0.08);
#2559=CIRCLE('',#6395,0.09);
#2560=CIRCLE('',#6396,0.09);
#2561=CIRCLE('',#6398,0.125);
#2562=CIRCLE('',#6399,0.125);
#2563=CIRCLE('',#6403,0.09);
#2564=CIRCLE('',#6405,0.09);
#2565=CIRCLE('',#6412,0.09);
#2566=CIRCLE('',#6413,0.09);
#2567=CIRCLE('',#6415,0.125);
#2568=CIRCLE('',#6416,0.125);
#2569=CIRCLE('',#6418,0.09);
#2570=CIRCLE('',#6422,0.09);
#2571=CIRCLE('',#6429,0.09);
#2572=CIRCLE('',#6430,0.09);
#2573=CIRCLE('',#6432,0.125);
#2574=CIRCLE('',#6433,0.125);
#2575=CIRCLE('',#6436,0.09);
#2576=CIRCLE('',#6439,0.09);
#2577=CIRCLE('',#6446,0.09);
#2578=CIRCLE('',#6447,0.09);
#2579=CIRCLE('',#6449,0.125);
#2580=CIRCLE('',#6450,0.125);
#2581=CIRCLE('',#6453,0.09);
#2582=CIRCLE('',#6456,0.09);
#2583=CIRCLE('',#6463,0.09);
#2584=CIRCLE('',#6464,0.09);
#2585=CIRCLE('',#6466,0.125);
#2586=CIRCLE('',#6467,0.125);
#2587=CIRCLE('',#6471,0.09);
#2588=CIRCLE('',#6473,0.09);
#2589=CIRCLE('',#6480,0.09);
#2590=CIRCLE('',#6481,0.09);
#2591=CIRCLE('',#6483,0.125);
#2592=CIRCLE('',#6484,0.125);
#2593=CIRCLE('',#6487,0.09);
#2594=CIRCLE('',#6490,0.09);
#2595=CIRCLE('',#6497,0.09);
#2596=CIRCLE('',#6498,0.09);
#2597=CIRCLE('',#6500,0.09);
#2598=CIRCLE('',#6502,0.125);
#2599=CIRCLE('',#6503,0.125);
#2600=CIRCLE('',#6506,0.09);
#2601=CIRCLE('',#6514,0.09);
#2602=CIRCLE('',#6515,0.09);
#2603=CIRCLE('',#6517,0.09);
#2604=CIRCLE('',#6519,0.125);
#2605=CIRCLE('',#6520,0.125);
#2606=CIRCLE('',#6523,0.09);
#2607=CIRCLE('',#6531,0.09);
#2608=CIRCLE('',#6532,0.09);
#2609=CIRCLE('',#6534,0.09);
#2610=CIRCLE('',#6536,0.125);
#2611=CIRCLE('',#6537,0.125);
#2612=CIRCLE('',#6540,0.09);
#2613=CIRCLE('',#6548,0.09);
#2614=CIRCLE('',#6549,0.09);
#2615=CIRCLE('',#6551,0.09);
#2616=CIRCLE('',#6553,0.125);
#2617=CIRCLE('',#6554,0.125);
#2618=CIRCLE('',#6557,0.09);
#2619=CIRCLE('',#6565,0.09);
#2620=CIRCLE('',#6566,0.09);
#2621=CIRCLE('',#6568,0.09);
#2622=CIRCLE('',#6570,0.125);
#2623=CIRCLE('',#6571,0.125);
#2624=CIRCLE('',#6574,0.09);
#2625=CIRCLE('',#6582,0.09);
#2626=CIRCLE('',#6583,0.09);
#2627=CIRCLE('',#6585,0.09);
#2628=CIRCLE('',#6587,0.125);
#2629=CIRCLE('',#6588,0.125);
#2630=CIRCLE('',#6591,0.09);
#2631=CIRCLE('',#6599,0.09);
#2632=CIRCLE('',#6602,0.124999999999999);
#2633=CIRCLE('',#6603,0.124999999999999);
#2634=CIRCLE('',#6606,0.0899999999999999);
#2635=CIRCLE('',#6610,0.0899999999999999);
#2636=CIRCLE('',#6613,0.09);
#2637=CIRCLE('',#6616,0.124999999999999);
#2638=CIRCLE('',#6617,0.124999999999999);
#2639=CIRCLE('',#6620,0.09);
#2640=CIRCLE('',#6623,0.0899999999999999);
#2641=CIRCLE('',#6627,0.0899999999999999);
#2642=CIRCLE('',#6630,0.09);
#2643=CIRCLE('',#6633,0.124999999999999);
#2644=CIRCLE('',#6634,0.124999999999999);
#2645=CIRCLE('',#6637,0.09);
#2646=CIRCLE('',#6640,0.0899999999999999);
#2647=CIRCLE('',#6643,0.0899999999999999);
#2648=CIRCLE('',#6647,0.09);
#2649=CIRCLE('',#6650,0.124999999999999);
#2650=CIRCLE('',#6651,0.124999999999999);
#2651=CIRCLE('',#6654,0.09);
#2652=CIRCLE('',#6657,0.0899999999999999);
#2653=CIRCLE('',#6660,0.0899999999999999);
#2654=CIRCLE('',#6664,0.09);
#2655=VERTEX_POINT('',#8364);
#2656=VERTEX_POINT('',#8365);
#2657=VERTEX_POINT('',#8367);
#2658=VERTEX_POINT('',#8369);
#2659=VERTEX_POINT('',#8373);
#2660=VERTEX_POINT('',#8374);
#2661=VERTEX_POINT('',#8376);
#2662=VERTEX_POINT('',#8378);
#2663=VERTEX_POINT('',#8382);
#2664=VERTEX_POINT('',#8384);
#2665=VERTEX_POINT('',#8388);
#2666=VERTEX_POINT('',#8389);
#2667=VERTEX_POINT('',#8391);
#2668=VERTEX_POINT('',#8393);
#2669=VERTEX_POINT('',#8397);
#2670=VERTEX_POINT('',#8398);
#2671=VERTEX_POINT('',#8400);
#2672=VERTEX_POINT('',#8402);
#2673=VERTEX_POINT('',#8406);
#2674=VERTEX_POINT('',#8407);
#2675=VERTEX_POINT('',#8409);
#2676=VERTEX_POINT('',#8411);
#2677=VERTEX_POINT('',#8415);
#2678=VERTEX_POINT('',#8416);
#2679=VERTEX_POINT('',#8418);
#2680=VERTEX_POINT('',#8420);
#2681=VERTEX_POINT('',#8424);
#2682=VERTEX_POINT('',#8425);
#2683=VERTEX_POINT('',#8427);
#2684=VERTEX_POINT('',#8429);
#2685=VERTEX_POINT('',#8433);
#2686=VERTEX_POINT('',#8434);
#2687=VERTEX_POINT('',#8436);
#2688=VERTEX_POINT('',#8438);
#2689=VERTEX_POINT('',#8442);
#2690=VERTEX_POINT('',#8443);
#2691=VERTEX_POINT('',#8445);
#2692=VERTEX_POINT('',#8447);
#2693=VERTEX_POINT('',#8451);
#2694=VERTEX_POINT('',#8452);
#2695=VERTEX_POINT('',#8454);
#2696=VERTEX_POINT('',#8456);
#2697=VERTEX_POINT('',#8459);
#2698=VERTEX_POINT('',#8460);
#2699=VERTEX_POINT('',#8462);
#2700=VERTEX_POINT('',#8465);
#2701=VERTEX_POINT('',#8468);
#2702=VERTEX_POINT('',#8470);
#2703=VERTEX_POINT('',#8472);
#2704=VERTEX_POINT('',#8475);
#2705=VERTEX_POINT('',#8477);
#2706=VERTEX_POINT('',#8479);
#2707=VERTEX_POINT('',#8481);
#2708=VERTEX_POINT('',#8483);
#2709=VERTEX_POINT('',#8485);
#2710=VERTEX_POINT('',#8487);
#2711=VERTEX_POINT('',#8489);
#2712=VERTEX_POINT('',#8491);
#2713=VERTEX_POINT('',#8495);
#2714=VERTEX_POINT('',#8496);
#2715=VERTEX_POINT('',#8498);
#2716=VERTEX_POINT('',#8501);
#2717=VERTEX_POINT('',#8503);
#2718=VERTEX_POINT('',#8505);
#2719=VERTEX_POINT('',#8507);
#2720=VERTEX_POINT('',#8509);
#2721=VERTEX_POINT('',#8511);
#2722=VERTEX_POINT('',#8513);
#2723=VERTEX_POINT('',#8516);
#2724=VERTEX_POINT('',#8517);
#2725=VERTEX_POINT('',#8519);
#2726=VERTEX_POINT('',#8521);
#2727=VERTEX_POINT('',#8524);
#2728=VERTEX_POINT('',#8525);
#2729=VERTEX_POINT('',#8527);
#2730=VERTEX_POINT('',#8529);
#2731=VERTEX_POINT('',#8533);
#2732=VERTEX_POINT('',#8534);
#2733=VERTEX_POINT('',#8536);
#2734=VERTEX_POINT('',#8538);
#2735=VERTEX_POINT('',#8540);
#2736=VERTEX_POINT('',#8542);
#2737=VERTEX_POINT('',#8544);
#2738=VERTEX_POINT('',#8546);
#2739=VERTEX_POINT('',#8548);
#2740=VERTEX_POINT('',#8550);
#2741=VERTEX_POINT('',#8552);
#2742=VERTEX_POINT('',#8554);
#2743=VERTEX_POINT('',#8556);
#2744=VERTEX_POINT('',#8558);
#2745=VERTEX_POINT('',#8560);
#2746=VERTEX_POINT('',#8562);
#2747=VERTEX_POINT('',#8565);
#2748=VERTEX_POINT('',#8567);
#2749=VERTEX_POINT('',#8569);
#2750=VERTEX_POINT('',#8571);
#2751=VERTEX_POINT('',#8573);
#2752=VERTEX_POINT('',#8575);
#2753=VERTEX_POINT('',#8577);
#2754=VERTEX_POINT('',#8579);
#2755=VERTEX_POINT('',#8581);
#2756=VERTEX_POINT('',#8585);
#2757=VERTEX_POINT('',#8586);
#2758=VERTEX_POINT('',#8589);
#2759=VERTEX_POINT('',#8591);
#2760=VERTEX_POINT('',#8593);
#2761=VERTEX_POINT('',#8595);
#2762=VERTEX_POINT('',#8597);
#2763=VERTEX_POINT('',#8599);
#2764=VERTEX_POINT('',#8601);
#2765=VERTEX_POINT('',#8604);
#2766=VERTEX_POINT('',#8605);
#2767=VERTEX_POINT('',#8607);
#2768=VERTEX_POINT('',#8609);
#2769=VERTEX_POINT('',#8612);
#2770=VERTEX_POINT('',#8613);
#2771=VERTEX_POINT('',#8615);
#2772=VERTEX_POINT('',#8617);
#2773=VERTEX_POINT('',#8621);
#2774=VERTEX_POINT('',#8622);
#2775=VERTEX_POINT('',#8624);
#2776=VERTEX_POINT('',#8626);
#2777=VERTEX_POINT('',#8628);
#2778=VERTEX_POINT('',#8630);
#2779=VERTEX_POINT('',#8632);
#2780=VERTEX_POINT('',#8634);
#2781=VERTEX_POINT('',#8636);
#2782=VERTEX_POINT('',#8638);
#2783=VERTEX_POINT('',#8640);
#2784=VERTEX_POINT('',#8642);
#2785=VERTEX_POINT('',#8644);
#2786=VERTEX_POINT('',#8646);
#2787=VERTEX_POINT('',#8648);
#2788=VERTEX_POINT('',#8650);
#2789=VERTEX_POINT('',#8652);
#2790=VERTEX_POINT('',#8654);
#2791=VERTEX_POINT('',#8656);
#2792=VERTEX_POINT('',#8658);
#2793=VERTEX_POINT('',#8660);
#2794=VERTEX_POINT('',#8662);
#2795=VERTEX_POINT('',#8665);
#2796=VERTEX_POINT('',#8667);
#2797=VERTEX_POINT('',#8671);
#2798=VERTEX_POINT('',#8673);
#2799=VERTEX_POINT('',#8676);
#2800=VERTEX_POINT('',#8678);
#2801=VERTEX_POINT('',#8681);
#2802=VERTEX_POINT('',#8683);
#2803=VERTEX_POINT('',#8686);
#2804=VERTEX_POINT('',#8688);
#2805=VERTEX_POINT('',#8691);
#2806=VERTEX_POINT('',#8693);
#2807=VERTEX_POINT('',#8696);
#2808=VERTEX_POINT('',#8698);
#2809=VERTEX_POINT('',#8701);
#2810=VERTEX_POINT('',#8703);
#2811=VERTEX_POINT('',#8706);
#2812=VERTEX_POINT('',#8708);
#2813=VERTEX_POINT('',#8711);
#2814=VERTEX_POINT('',#8713);
#2815=VERTEX_POINT('',#8716);
#2816=VERTEX_POINT('',#8718);
#2817=VERTEX_POINT('',#8733);
#2818=VERTEX_POINT('',#8734);
#2819=VERTEX_POINT('',#8736);
#2820=VERTEX_POINT('',#8738);
#2821=VERTEX_POINT('',#8740);
#2822=VERTEX_POINT('',#8742);
#2823=VERTEX_POINT('',#8744);
#2824=VERTEX_POINT('',#8746);
#2825=VERTEX_POINT('',#8748);
#2826=VERTEX_POINT('',#8750);
#2827=VERTEX_POINT('',#8754);
#2828=VERTEX_POINT('',#8756);
#2829=VERTEX_POINT('',#8760);
#2830=VERTEX_POINT('',#8764);
#2831=VERTEX_POINT('',#8768);
#2832=VERTEX_POINT('',#8772);
#2833=VERTEX_POINT('',#8776);
#2834=VERTEX_POINT('',#8780);
#2835=VERTEX_POINT('',#8784);
#2836=VERTEX_POINT('',#8788);
#2837=VERTEX_POINT('',#8795);
#2838=VERTEX_POINT('',#8797);
#2839=VERTEX_POINT('',#8806);
#2840=VERTEX_POINT('',#8808);
#2841=VERTEX_POINT('',#8847);
#2842=VERTEX_POINT('',#8849);
#2843=VERTEX_POINT('',#8858);
#2844=VERTEX_POINT('',#8860);
#2845=VERTEX_POINT('',#8869);
#2846=VERTEX_POINT('',#8871);
#2847=VERTEX_POINT('',#8880);
#2848=VERTEX_POINT('',#8882);
#2849=VERTEX_POINT('',#8891);
#2850=VERTEX_POINT('',#8893);
#2851=VERTEX_POINT('',#8902);
#2852=VERTEX_POINT('',#8904);
#2853=VERTEX_POINT('',#8913);
#2854=VERTEX_POINT('',#8915);
#2855=VERTEX_POINT('',#8924);
#2856=VERTEX_POINT('',#8926);
#2857=VERTEX_POINT('',#8935);
#2858=VERTEX_POINT('',#8937);
#2859=VERTEX_POINT('',#8941);
#2860=VERTEX_POINT('',#8943);
#2861=VERTEX_POINT('',#8952);
#2862=VERTEX_POINT('',#8954);
#2863=VERTEX_POINT('',#8958);
#2864=VERTEX_POINT('',#8960);
#2865=VERTEX_POINT('',#8969);
#2866=VERTEX_POINT('',#8971);
#2867=VERTEX_POINT('',#8975);
#2868=VERTEX_POINT('',#8977);
#2869=VERTEX_POINT('',#8986);
#2870=VERTEX_POINT('',#8988);
#2871=VERTEX_POINT('',#8992);
#2872=VERTEX_POINT('',#8994);
#2873=VERTEX_POINT('',#9003);
#2874=VERTEX_POINT('',#9007);
#2875=VERTEX_POINT('',#9011);
#2876=VERTEX_POINT('',#9015);
#2877=VERTEX_POINT('',#9019);
#2878=VERTEX_POINT('',#9023);
#2879=VERTEX_POINT('',#9027);
#2880=VERTEX_POINT('',#9031);
#2881=VERTEX_POINT('',#9035);
#2882=VERTEX_POINT('',#9043);
#2883=VERTEX_POINT('',#9045);
#2884=VERTEX_POINT('',#9049);
#2885=VERTEX_POINT('',#9053);
#2886=VERTEX_POINT('',#9057);
#2887=VERTEX_POINT('',#9061);
#2888=VERTEX_POINT('',#9067);
#2889=VERTEX_POINT('',#9077);
#2890=VERTEX_POINT('',#9078);
#2891=VERTEX_POINT('',#9080);
#2892=VERTEX_POINT('',#9082);
#2893=VERTEX_POINT('',#9086);
#2894=VERTEX_POINT('',#9088);
#2895=VERTEX_POINT('',#9092);
#2896=VERTEX_POINT('',#9094);
#2897=VERTEX_POINT('',#9098);
#2898=VERTEX_POINT('',#9100);
#2899=VERTEX_POINT('',#9104);
#2900=VERTEX_POINT('',#9106);
#2901=VERTEX_POINT('',#9110);
#2902=VERTEX_POINT('',#9112);
#2903=VERTEX_POINT('',#9116);
#2904=VERTEX_POINT('',#9118);
#2905=VERTEX_POINT('',#9122);
#2906=VERTEX_POINT('',#9124);
#2907=VERTEX_POINT('',#9128);
#2908=VERTEX_POINT('',#9130);
#2909=VERTEX_POINT('',#9139);
#2910=VERTEX_POINT('',#9140);
#2911=VERTEX_POINT('',#9142);
#2912=VERTEX_POINT('',#9144);
#2913=VERTEX_POINT('',#9148);
#2914=VERTEX_POINT('',#9150);
#2915=VERTEX_POINT('',#9154);
#2916=VERTEX_POINT('',#9156);
#2917=VERTEX_POINT('',#9165);
#2918=VERTEX_POINT('',#9166);
#2919=VERTEX_POINT('',#9168);
#2920=VERTEX_POINT('',#9170);
#2921=VERTEX_POINT('',#9174);
#2922=VERTEX_POINT('',#9176);
#2923=VERTEX_POINT('',#9180);
#2924=VERTEX_POINT('',#9182);
#2925=VERTEX_POINT('',#9191);
#2926=VERTEX_POINT('',#9192);
#2927=VERTEX_POINT('',#9194);
#2928=VERTEX_POINT('',#9196);
#2929=VERTEX_POINT('',#9200);
#2930=VERTEX_POINT('',#9202);
#2931=VERTEX_POINT('',#9206);
#2932=VERTEX_POINT('',#9208);
#2933=VERTEX_POINT('',#9217);
#2934=VERTEX_POINT('',#9218);
#2935=VERTEX_POINT('',#9220);
#2936=VERTEX_POINT('',#9222);
#2937=VERTEX_POINT('',#9226);
#2938=VERTEX_POINT('',#9228);
#2939=VERTEX_POINT('',#9232);
#2940=VERTEX_POINT('',#9234);
#2941=VERTEX_POINT('',#9243);
#2942=VERTEX_POINT('',#9244);
#2943=VERTEX_POINT('',#9248);
#2944=VERTEX_POINT('',#9249);
#2945=VERTEX_POINT('',#9251);
#2946=VERTEX_POINT('',#9253);
#2947=VERTEX_POINT('',#9257);
#2948=VERTEX_POINT('',#9259);
#2949=VERTEX_POINT('',#9263);
#2950=VERTEX_POINT('',#9265);
#2951=VERTEX_POINT('',#9269);
#2952=VERTEX_POINT('',#9270);
#2953=VERTEX_POINT('',#9272);
#2954=VERTEX_POINT('',#9276);
#2955=VERTEX_POINT('',#9280);
#2956=VERTEX_POINT('',#9282);
#2957=VERTEX_POINT('',#9295);
#2958=VERTEX_POINT('',#9296);
#2959=VERTEX_POINT('',#9300);
#2960=VERTEX_POINT('',#9301);
#2961=VERTEX_POINT('',#9303);
#2962=VERTEX_POINT('',#9305);
#2963=VERTEX_POINT('',#9309);
#2964=VERTEX_POINT('',#9310);
#2965=VERTEX_POINT('',#9312);
#2966=VERTEX_POINT('',#9314);
#2967=VERTEX_POINT('',#9316);
#2968=VERTEX_POINT('',#9318);
#2969=VERTEX_POINT('',#9320);
#2970=VERTEX_POINT('',#9322);
#2971=VERTEX_POINT('',#9332);
#2972=VERTEX_POINT('',#9334);
#2973=VERTEX_POINT('',#9347);
#2974=VERTEX_POINT('',#9348);
#2975=VERTEX_POINT('',#9352);
#2976=VERTEX_POINT('',#9353);
#2977=VERTEX_POINT('',#9355);
#2978=VERTEX_POINT('',#9357);
#2979=VERTEX_POINT('',#9361);
#2980=VERTEX_POINT('',#9363);
#2981=VERTEX_POINT('',#9367);
#2982=VERTEX_POINT('',#9368);
#2983=VERTEX_POINT('',#9370);
#2984=VERTEX_POINT('',#9373);
#2985=VERTEX_POINT('',#9375);
#2986=VERTEX_POINT('',#9377);
#2987=VERTEX_POINT('',#9384);
#2988=VERTEX_POINT('',#9386);
#2989=VERTEX_POINT('',#9399);
#2990=VERTEX_POINT('',#9400);
#2991=VERTEX_POINT('',#9404);
#2992=VERTEX_POINT('',#9405);
#2993=VERTEX_POINT('',#9407);
#2994=VERTEX_POINT('',#9409);
#2995=VERTEX_POINT('',#9413);
#2996=VERTEX_POINT('',#9415);
#2997=VERTEX_POINT('',#9419);
#2998=VERTEX_POINT('',#9420);
#2999=VERTEX_POINT('',#9422);
#3000=VERTEX_POINT('',#9425);
#3001=VERTEX_POINT('',#9427);
#3002=VERTEX_POINT('',#9429);
#3003=VERTEX_POINT('',#9436);
#3004=VERTEX_POINT('',#9438);
#3005=VERTEX_POINT('',#9451);
#3006=VERTEX_POINT('',#9452);
#3007=VERTEX_POINT('',#9456);
#3008=VERTEX_POINT('',#9457);
#3009=VERTEX_POINT('',#9459);
#3010=VERTEX_POINT('',#9461);
#3011=VERTEX_POINT('',#9465);
#3012=VERTEX_POINT('',#9467);
#3013=VERTEX_POINT('',#9471);
#3014=VERTEX_POINT('',#9473);
#3015=VERTEX_POINT('',#9477);
#3016=VERTEX_POINT('',#9478);
#3017=VERTEX_POINT('',#9480);
#3018=VERTEX_POINT('',#9484);
#3019=VERTEX_POINT('',#9488);
#3020=VERTEX_POINT('',#9490);
#3021=VERTEX_POINT('',#9503);
#3022=VERTEX_POINT('',#9504);
#3023=VERTEX_POINT('',#9508);
#3024=VERTEX_POINT('',#9509);
#3025=VERTEX_POINT('',#9511);
#3026=VERTEX_POINT('',#9513);
#3027=VERTEX_POINT('',#9517);
#3028=VERTEX_POINT('',#9519);
#3029=VERTEX_POINT('',#9523);
#3030=VERTEX_POINT('',#9524);
#3031=VERTEX_POINT('',#9526);
#3032=VERTEX_POINT('',#9529);
#3033=VERTEX_POINT('',#9531);
#3034=VERTEX_POINT('',#9533);
#3035=VERTEX_POINT('',#9540);
#3036=VERTEX_POINT('',#9542);
#3037=VERTEX_POINT('',#9555);
#3038=VERTEX_POINT('',#9556);
#3039=VERTEX_POINT('',#9560);
#3040=VERTEX_POINT('',#9562);
#3041=VERTEX_POINT('',#9566);
#3042=VERTEX_POINT('',#9567);
#3043=VERTEX_POINT('',#9569);
#3044=VERTEX_POINT('',#9571);
#3045=VERTEX_POINT('',#9575);
#3046=VERTEX_POINT('',#9577);
#3047=VERTEX_POINT('',#9581);
#3048=VERTEX_POINT('',#9582);
#3049=VERTEX_POINT('',#9584);
#3050=VERTEX_POINT('',#9586);
#3051=VERTEX_POINT('',#9588);
#3052=VERTEX_POINT('',#9591);
#3053=VERTEX_POINT('',#9607);
#3054=VERTEX_POINT('',#9608);
#3055=VERTEX_POINT('',#9612);
#3056=VERTEX_POINT('',#9614);
#3057=VERTEX_POINT('',#9618);
#3058=VERTEX_POINT('',#9619);
#3059=VERTEX_POINT('',#9621);
#3060=VERTEX_POINT('',#9623);
#3061=VERTEX_POINT('',#9627);
#3062=VERTEX_POINT('',#9629);
#3063=VERTEX_POINT('',#9633);
#3064=VERTEX_POINT('',#9634);
#3065=VERTEX_POINT('',#9636);
#3066=VERTEX_POINT('',#9638);
#3067=VERTEX_POINT('',#9640);
#3068=VERTEX_POINT('',#9643);
#3069=VERTEX_POINT('',#9659);
#3070=VERTEX_POINT('',#9660);
#3071=VERTEX_POINT('',#9664);
#3072=VERTEX_POINT('',#9666);
#3073=VERTEX_POINT('',#9670);
#3074=VERTEX_POINT('',#9671);
#3075=VERTEX_POINT('',#9673);
#3076=VERTEX_POINT('',#9675);
#3077=VERTEX_POINT('',#9679);
#3078=VERTEX_POINT('',#9681);
#3079=VERTEX_POINT('',#9685);
#3080=VERTEX_POINT('',#9686);
#3081=VERTEX_POINT('',#9688);
#3082=VERTEX_POINT('',#9690);
#3083=VERTEX_POINT('',#9692);
#3084=VERTEX_POINT('',#9695);
#3085=VERTEX_POINT('',#9711);
#3086=VERTEX_POINT('',#9712);
#3087=VERTEX_POINT('',#9716);
#3088=VERTEX_POINT('',#9718);
#3089=VERTEX_POINT('',#9722);
#3090=VERTEX_POINT('',#9723);
#3091=VERTEX_POINT('',#9725);
#3092=VERTEX_POINT('',#9727);
#3093=VERTEX_POINT('',#9731);
#3094=VERTEX_POINT('',#9733);
#3095=VERTEX_POINT('',#9737);
#3096=VERTEX_POINT('',#9738);
#3097=VERTEX_POINT('',#9740);
#3098=VERTEX_POINT('',#9742);
#3099=VERTEX_POINT('',#9744);
#3100=VERTEX_POINT('',#9747);
#3101=VERTEX_POINT('',#9763);
#3102=VERTEX_POINT('',#9764);
#3103=VERTEX_POINT('',#9768);
#3104=VERTEX_POINT('',#9770);
#3105=VERTEX_POINT('',#9774);
#3106=VERTEX_POINT('',#9775);
#3107=VERTEX_POINT('',#9777);
#3108=VERTEX_POINT('',#9779);
#3109=VERTEX_POINT('',#9783);
#3110=VERTEX_POINT('',#9785);
#3111=VERTEX_POINT('',#9789);
#3112=VERTEX_POINT('',#9790);
#3113=VERTEX_POINT('',#9792);
#3114=VERTEX_POINT('',#9794);
#3115=VERTEX_POINT('',#9796);
#3116=VERTEX_POINT('',#9799);
#3117=VERTEX_POINT('',#9815);
#3118=VERTEX_POINT('',#9816);
#3119=VERTEX_POINT('',#9820);
#3120=VERTEX_POINT('',#9822);
#3121=VERTEX_POINT('',#9826);
#3122=VERTEX_POINT('',#9827);
#3123=VERTEX_POINT('',#9829);
#3124=VERTEX_POINT('',#9831);
#3125=VERTEX_POINT('',#9835);
#3126=VERTEX_POINT('',#9837);
#3127=VERTEX_POINT('',#9841);
#3128=VERTEX_POINT('',#9842);
#3129=VERTEX_POINT('',#9844);
#3130=VERTEX_POINT('',#9846);
#3131=VERTEX_POINT('',#9848);
#3132=VERTEX_POINT('',#9851);
#3133=VERTEX_POINT('',#9867);
#3134=VERTEX_POINT('',#9868);
#3135=VERTEX_POINT('',#9870);
#3136=VERTEX_POINT('',#9872);
#3137=VERTEX_POINT('',#9874);
#3138=VERTEX_POINT('',#9876);
#3139=VERTEX_POINT('',#9878);
#3140=VERTEX_POINT('',#9880);
#3141=VERTEX_POINT('',#9884);
#3142=VERTEX_POINT('',#9886);
#3143=VERTEX_POINT('',#9890);
#3144=VERTEX_POINT('',#9892);
#3145=VERTEX_POINT('',#9899);
#3146=VERTEX_POINT('',#9901);
#3147=VERTEX_POINT('',#9906);
#3148=VERTEX_POINT('',#9910);
#3149=VERTEX_POINT('',#9919);
#3150=VERTEX_POINT('',#9920);
#3151=VERTEX_POINT('',#9922);
#3152=VERTEX_POINT('',#9924);
#3153=VERTEX_POINT('',#9928);
#3154=VERTEX_POINT('',#9930);
#3155=VERTEX_POINT('',#9934);
#3156=VERTEX_POINT('',#9935);
#3157=VERTEX_POINT('',#9937);
#3158=VERTEX_POINT('',#9940);
#3159=VERTEX_POINT('',#9942);
#3160=VERTEX_POINT('',#9944);
#3161=VERTEX_POINT('',#9951);
#3162=VERTEX_POINT('',#9953);
#3163=VERTEX_POINT('',#9958);
#3164=VERTEX_POINT('',#9962);
#3165=VERTEX_POINT('',#9971);
#3166=VERTEX_POINT('',#9972);
#3167=VERTEX_POINT('',#9974);
#3168=VERTEX_POINT('',#9976);
#3169=VERTEX_POINT('',#9980);
#3170=VERTEX_POINT('',#9982);
#3171=VERTEX_POINT('',#9986);
#3172=VERTEX_POINT('',#9987);
#3173=VERTEX_POINT('',#9989);
#3174=VERTEX_POINT('',#9991);
#3175=VERTEX_POINT('',#9993);
#3176=VERTEX_POINT('',#9996);
#3177=VERTEX_POINT('',#10003);
#3178=VERTEX_POINT('',#10004);
#3179=VERTEX_POINT('',#10010);
#3180=VERTEX_POINT('',#10012);
#3181=VERTEX_POINT('',#10023);
#3182=VERTEX_POINT('',#10024);
#3183=VERTEX_POINT('',#10026);
#3184=VERTEX_POINT('',#10028);
#3185=VERTEX_POINT('',#10032);
#3186=VERTEX_POINT('',#10034);
#3187=VERTEX_POINT('',#10038);
#3188=VERTEX_POINT('',#10039);
#3189=VERTEX_POINT('',#10041);
#3190=VERTEX_POINT('',#10043);
#3191=VERTEX_POINT('',#10045);
#3192=VERTEX_POINT('',#10048);
#3193=VERTEX_POINT('',#10055);
#3194=VERTEX_POINT('',#10057);
#3195=VERTEX_POINT('',#10062);
#3196=VERTEX_POINT('',#10064);
#3197=EDGE_CURVE('',#2655,#2656,#2485,.T.);
#3198=EDGE_CURVE('',#2655,#2657,#1167,.T.);
#3199=EDGE_CURVE('',#2658,#2657,#2486,.T.);
#3200=EDGE_CURVE('',#2656,#2658,#1168,.T.);
#3201=EDGE_CURVE('',#2659,#2660,#2487,.T.);
#3202=EDGE_CURVE('',#2659,#2661,#1169,.T.);
#3203=EDGE_CURVE('',#2662,#2661,#2488,.T.);
#3204=EDGE_CURVE('',#2660,#2662,#1170,.T.);
#3205=EDGE_CURVE('',#2663,#2663,#2489,.T.);
#3206=EDGE_CURVE('',#2663,#2664,#1171,.T.);
#3207=EDGE_CURVE('',#2664,#2664,#2490,.T.);
#3208=EDGE_CURVE('',#2665,#2666,#2491,.T.);
#3209=EDGE_CURVE('',#2665,#2667,#1172,.T.);
#3210=EDGE_CURVE('',#2668,#2667,#2492,.T.);
#3211=EDGE_CURVE('',#2666,#2668,#1173,.T.);
#3212=EDGE_CURVE('',#2669,#2670,#2493,.T.);
#3213=EDGE_CURVE('',#2670,#2671,#1174,.T.);
#3214=EDGE_CURVE('',#2672,#2671,#2494,.T.);
#3215=EDGE_CURVE('',#2669,#2672,#1175,.T.);
#3216=EDGE_CURVE('',#2673,#2674,#2495,.T.);
#3217=EDGE_CURVE('',#2674,#2675,#1176,.T.);
#3218=EDGE_CURVE('',#2676,#2675,#2496,.T.);
#3219=EDGE_CURVE('',#2673,#2676,#1177,.T.);
#3220=EDGE_CURVE('',#2677,#2678,#2497,.T.);
#3221=EDGE_CURVE('',#2678,#2679,#1178,.T.);
#3222=EDGE_CURVE('',#2680,#2679,#2498,.T.);
#3223=EDGE_CURVE('',#2677,#2680,#1179,.T.);
#3224=EDGE_CURVE('',#2681,#2682,#2499,.T.);
#3225=EDGE_CURVE('',#2682,#2683,#1180,.T.);
#3226=EDGE_CURVE('',#2684,#2683,#2500,.T.);
#3227=EDGE_CURVE('',#2681,#2684,#1181,.T.);
#3228=EDGE_CURVE('',#2685,#2686,#2501,.T.);
#3229=EDGE_CURVE('',#2686,#2687,#1182,.T.);
#3230=EDGE_CURVE('',#2688,#2687,#2502,.T.);
#3231=EDGE_CURVE('',#2685,#2688,#1183,.T.);
#3232=EDGE_CURVE('',#2689,#2690,#2503,.T.);
#3233=EDGE_CURVE('',#2690,#2691,#1184,.T.);
#3234=EDGE_CURVE('',#2692,#2691,#2504,.T.);
#3235=EDGE_CURVE('',#2689,#2692,#1185,.T.);
#3236=EDGE_CURVE('',#2693,#2694,#1186,.T.);
#3237=EDGE_CURVE('',#2695,#2693,#1187,.T.);
#3238=EDGE_CURVE('',#2696,#2695,#1188,.T.);
#3239=EDGE_CURVE('',#2694,#2696,#1189,.T.);
#3240=EDGE_CURVE('',#2697,#2698,#1190,.T.);
#3241=EDGE_CURVE('',#2698,#2699,#2505,.T.);
#3242=EDGE_CURVE('',#2699,#2655,#1191,.T.);
#3243=EDGE_CURVE('',#2656,#2700,#1192,.T.);
#3244=EDGE_CURVE('',#2700,#2659,#1193,.T.);
#3245=EDGE_CURVE('',#2660,#2701,#1194,.T.);
#3246=EDGE_CURVE('',#2701,#2702,#2506,.T.);
#3247=EDGE_CURVE('',#2702,#2703,#1195,.T.);
#3248=EDGE_CURVE('',#2703,#2697,#2507,.T.);
#3249=EDGE_CURVE('',#2704,#2665,#1196,.T.);
#3250=EDGE_CURVE('',#2666,#2705,#1197,.T.);
#3251=EDGE_CURVE('',#2705,#2706,#2508,.T.);
#3252=EDGE_CURVE('',#2706,#2707,#1198,.T.);
#3253=EDGE_CURVE('',#2707,#2708,#2509,.T.);
#3254=EDGE_CURVE('',#2708,#2709,#1199,.T.);
#3255=EDGE_CURVE('',#2709,#2710,#1200,.T.);
#3256=EDGE_CURVE('',#2710,#2711,#2510,.T.);
#3257=EDGE_CURVE('',#2711,#2712,#1201,.T.);
#3258=EDGE_CURVE('',#2712,#2704,#2511,.T.);
#3259=EDGE_CURVE('',#2713,#2714,#1202,.T.);
#3260=EDGE_CURVE('',#2715,#2713,#1203,.T.);
#3261=EDGE_CURVE('',#2715,#2693,#1204,.T.);
#3262=EDGE_CURVE('',#2716,#2694,#1205,.T.);
#3263=EDGE_CURVE('',#2717,#2716,#1206,.T.);
#3264=EDGE_CURVE('',#2718,#2717,#1207,.T.);
#3265=EDGE_CURVE('',#2718,#2719,#1208,.T.);
#3266=EDGE_CURVE('',#2720,#2719,#1209,.T.);
#3267=EDGE_CURVE('',#2721,#2720,#1210,.T.);
#3268=EDGE_CURVE('',#2722,#2721,#1211,.T.);
#3269=EDGE_CURVE('',#2714,#2722,#1212,.T.);
#3270=EDGE_CURVE('',#2723,#2724,#1213,.T.);
#3271=EDGE_CURVE('',#2723,#2725,#1214,.T.);
#3272=EDGE_CURVE('',#2725,#2726,#1215,.T.);
#3273=EDGE_CURVE('',#2726,#2724,#1216,.T.);
#3274=EDGE_CURVE('',#2727,#2728,#1217,.T.);
#3275=EDGE_CURVE('',#2727,#2729,#1218,.T.);
#3276=EDGE_CURVE('',#2729,#2730,#1219,.T.);
#3277=EDGE_CURVE('',#2730,#2728,#1220,.T.);
#3278=EDGE_CURVE('',#2731,#2732,#1221,.T.);
#3279=EDGE_CURVE('',#2731,#2733,#1222,.T.);
#3280=EDGE_CURVE('',#2734,#2733,#1223,.T.);
#3281=EDGE_CURVE('',#2735,#2734,#1224,.T.);
#3282=EDGE_CURVE('',#2736,#2735,#1225,.T.);
#3283=EDGE_CURVE('',#2737,#2736,#1226,.T.);
#3284=EDGE_CURVE('',#2738,#2737,#1227,.T.);
#3285=EDGE_CURVE('',#2739,#2738,#1228,.T.);
#3286=EDGE_CURVE('',#2740,#2739,#1229,.T.);
#3287=EDGE_CURVE('',#2741,#2740,#1230,.T.);
#3288=EDGE_CURVE('',#2742,#2741,#1231,.T.);
#3289=EDGE_CURVE('',#2743,#2742,#1232,.T.);
#3290=EDGE_CURVE('',#2744,#2743,#1233,.T.);
#3291=EDGE_CURVE('',#2745,#2744,#1234,.T.);
#3292=EDGE_CURVE('',#2746,#2745,#1235,.T.);
#3293=EDGE_CURVE('',#2716,#2746,#1236,.T.);
#3294=EDGE_CURVE('',#2747,#2696,#1237,.T.);
#3295=EDGE_CURVE('',#2748,#2747,#1238,.T.);
#3296=EDGE_CURVE('',#2749,#2748,#1239,.T.);
#3297=EDGE_CURVE('',#2749,#2750,#1240,.T.);
#3298=EDGE_CURVE('',#2751,#2750,#1241,.T.);
#3299=EDGE_CURVE('',#2752,#2751,#1242,.T.);
#3300=EDGE_CURVE('',#2753,#2752,#1243,.T.);
#3301=EDGE_CURVE('',#2753,#2754,#1244,.T.);
#3302=EDGE_CURVE('',#2755,#2754,#1245,.T.);
#3303=EDGE_CURVE('',#2732,#2755,#1246,.T.);
#3304=EDGE_CURVE('',#2756,#2757,#1247,.T.);
#3305=EDGE_CURVE('',#2747,#2756,#1248,.T.);
#3306=EDGE_CURVE('',#2758,#2695,#1249,.T.);
#3307=EDGE_CURVE('',#2759,#2758,#1250,.T.);
#3308=EDGE_CURVE('',#2760,#2759,#1251,.T.);
#3309=EDGE_CURVE('',#2760,#2761,#1252,.T.);
#3310=EDGE_CURVE('',#2762,#2761,#1253,.T.);
#3311=EDGE_CURVE('',#2763,#2762,#1254,.T.);
#3312=EDGE_CURVE('',#2764,#2763,#1255,.T.);
#3313=EDGE_CURVE('',#2757,#2764,#1256,.T.);
#3314=EDGE_CURVE('',#2765,#2766,#1257,.T.);
#3315=EDGE_CURVE('',#2765,#2767,#1258,.T.);
#3316=EDGE_CURVE('',#2767,#2768,#1259,.T.);
#3317=EDGE_CURVE('',#2768,#2766,#1260,.T.);
#3318=EDGE_CURVE('',#2769,#2770,#1261,.T.);
#3319=EDGE_CURVE('',#2769,#2771,#1262,.T.);
#3320=EDGE_CURVE('',#2771,#2772,#1263,.T.);
#3321=EDGE_CURVE('',#2772,#2770,#1264,.T.);
#3322=EDGE_CURVE('',#2773,#2774,#1265,.T.);
#3323=EDGE_CURVE('',#2775,#2773,#1266,.T.);
#3324=EDGE_CURVE('',#2776,#2775,#1267,.T.);
#3325=EDGE_CURVE('',#2776,#2777,#1268,.T.);
#3326=EDGE_CURVE('',#2778,#2777,#1269,.T.);
#3327=EDGE_CURVE('',#2779,#2778,#1270,.T.);
#3328=EDGE_CURVE('',#2780,#2779,#1271,.T.);
#3329=EDGE_CURVE('',#2780,#2781,#1272,.T.);
#3330=EDGE_CURVE('',#2782,#2781,#1273,.T.);
#3331=EDGE_CURVE('',#2783,#2782,#1274,.T.);
#3332=EDGE_CURVE('',#2784,#2783,#1275,.T.);
#3333=EDGE_CURVE('',#2785,#2784,#1276,.T.);
#3334=EDGE_CURVE('',#2786,#2785,#1277,.T.);
#3335=EDGE_CURVE('',#2787,#2786,#1278,.T.);
#3336=EDGE_CURVE('',#2788,#2787,#1279,.T.);
#3337=EDGE_CURVE('',#2789,#2788,#1280,.T.);
#3338=EDGE_CURVE('',#2790,#2789,#1281,.T.);
#3339=EDGE_CURVE('',#2791,#2790,#1282,.T.);
#3340=EDGE_CURVE('',#2792,#2791,#1283,.T.);
#3341=EDGE_CURVE('',#2793,#2792,#1284,.T.);
#3342=EDGE_CURVE('',#2794,#2793,#1285,.T.);
#3343=EDGE_CURVE('',#2758,#2794,#1286,.T.);
#3344=EDGE_CURVE('',#2795,#2715,#1287,.T.);
#3345=EDGE_CURVE('',#2796,#2795,#1288,.T.);
#3346=EDGE_CURVE('',#2796,#2774,#1289,.T.);
#3347=EDGE_CURVE('',#2797,#2756,#1290,.T.);
#3348=EDGE_CURVE('',#2798,#2797,#2512,.T.);
#3349=EDGE_CURVE('',#2763,#2798,#1291,.T.);
#3350=EDGE_CURVE('',#2799,#2762,#1292,.T.);
#3351=EDGE_CURVE('',#2800,#2799,#2513,.T.);
#3352=EDGE_CURVE('',#2759,#2800,#1293,.T.);
#3353=EDGE_CURVE('',#2801,#2794,#1294,.T.);
#3354=EDGE_CURVE('',#2802,#2801,#2514,.T.);
#3355=EDGE_CURVE('',#2791,#2802,#1295,.T.);
#3356=EDGE_CURVE('',#2803,#2790,#1296,.T.);
#3357=EDGE_CURVE('',#2804,#2803,#2515,.T.);
#3358=EDGE_CURVE('',#2787,#2804,#1297,.T.);
#3359=EDGE_CURVE('',#2805,#2786,#1298,.T.);
#3360=EDGE_CURVE('',#2806,#2805,#2516,.T.);
#3361=EDGE_CURVE('',#2783,#2806,#1299,.T.);
#3362=EDGE_CURVE('',#2807,#2782,#1300,.T.);
#3363=EDGE_CURVE('',#2808,#2807,#2517,.T.);
#3364=EDGE_CURVE('',#2779,#2808,#1301,.T.);
#3365=EDGE_CURVE('',#2809,#2778,#1302,.T.);
#3366=EDGE_CURVE('',#2810,#2809,#2518,.T.);
#3367=EDGE_CURVE('',#2775,#2810,#1303,.T.);
#3368=EDGE_CURVE('',#2811,#2773,#1304,.T.);
#3369=EDGE_CURVE('',#2812,#2811,#2519,.T.);
#3370=EDGE_CURVE('',#2795,#2812,#1305,.T.);
#3371=EDGE_CURVE('',#2813,#2713,#1306,.T.);
#3372=EDGE_CURVE('',#2814,#2813,#2520,.T.);
#3373=EDGE_CURVE('',#2721,#2814,#1307,.T.);
#3374=EDGE_CURVE('',#2815,#2720,#1308,.T.);
#3375=EDGE_CURVE('',#2816,#2815,#2521,.T.);
#3376=EDGE_CURVE('',#2717,#2816,#1309,.T.);
#3377=EDGE_CURVE('',#2678,#2746,#1310,.T.);
#3378=EDGE_CURVE('',#2743,#2677,#1311,.T.);
#3379=EDGE_CURVE('',#2682,#2742,#1312,.T.);
#3380=EDGE_CURVE('',#2739,#2681,#1313,.T.);
#3381=EDGE_CURVE('',#2690,#2738,#1314,.T.);
#3382=EDGE_CURVE('',#2735,#2689,#1315,.T.);
#3383=EDGE_CURVE('',#2670,#2734,#1316,.T.);
#3384=EDGE_CURVE('',#2732,#2669,#1317,.T.);
#3385=EDGE_CURVE('',#2674,#2755,#1318,.T.);
#3386=EDGE_CURVE('',#2752,#2673,#1319,.T.);
#3387=EDGE_CURVE('',#2686,#2751,#1320,.T.);
#3388=EDGE_CURVE('',#2748,#2685,#1321,.T.);
#3389=EDGE_CURVE('',#2817,#2818,#2522,.T.);
#3390=EDGE_CURVE('',#2819,#2817,#1322,.T.);
#3391=EDGE_CURVE('',#2820,#2819,#2523,.T.);
#3392=EDGE_CURVE('',#2821,#2820,#1323,.T.);
#3393=EDGE_CURVE('',#2822,#2821,#2524,.T.);
#3394=EDGE_CURVE('',#2823,#2822,#1324,.T.);
#3395=EDGE_CURVE('',#2824,#2823,#2525,.T.);
#3396=EDGE_CURVE('',#2825,#2824,#1325,.T.);
#3397=EDGE_CURVE('',#2826,#2825,#2526,.T.);
#3398=EDGE_CURVE('',#2818,#2826,#1326,.T.);
#3399=EDGE_CURVE('',#2818,#2827,#1327,.T.);
#3400=EDGE_CURVE('',#2828,#2827,#2527,.T.);
#3401=EDGE_CURVE('',#2817,#2828,#1328,.T.);
#3402=EDGE_CURVE('',#2826,#2829,#1329,.T.);
#3403=EDGE_CURVE('',#2827,#2829,#1330,.T.);
#3404=EDGE_CURVE('',#2825,#2830,#1331,.T.);
#3405=EDGE_CURVE('',#2829,#2830,#2528,.T.);
#3406=EDGE_CURVE('',#2824,#2831,#1332,.T.);
#3407=EDGE_CURVE('',#2830,#2831,#1333,.T.);
#3408=EDGE_CURVE('',#2823,#2832,#1334,.T.);
#3409=EDGE_CURVE('',#2831,#2832,#2529,.T.);
#3410=EDGE_CURVE('',#2822,#2833,#1335,.T.);
#3411=EDGE_CURVE('',#2832,#2833,#1336,.T.);
#3412=EDGE_CURVE('',#2821,#2834,#1337,.T.);
#3413=EDGE_CURVE('',#2833,#2834,#2530,.T.);
#3414=EDGE_CURVE('',#2820,#2835,#1338,.T.);
#3415=EDGE_CURVE('',#2834,#2835,#1339,.T.);
#3416=EDGE_CURVE('',#2819,#2836,#1340,.T.);
#3417=EDGE_CURVE('',#2835,#2836,#2531,.T.);
#3418=EDGE_CURVE('',#2836,#2828,#1341,.T.);
#3419=EDGE_CURVE('',#2776,#2837,#1342,.T.);
#3420=EDGE_CURVE('',#2837,#2838,#2532,.T.);
#3421=EDGE_CURVE('',#2838,#2777,#1343,.T.);
#3422=EDGE_CURVE('',#2809,#2838,#1344,.T.);
#3423=EDGE_CURVE('',#2810,#2837,#1345,.T.);
#3424=EDGE_CURVE('',#2780,#2839,#1346,.T.);
#3425=EDGE_CURVE('',#2839,#2840,#2533,.T.);
#3426=EDGE_CURVE('',#2840,#2781,#1347,.T.);
#3427=EDGE_CURVE('',#2807,#2840,#1348,.T.);
#3428=EDGE_CURVE('',#2808,#2839,#1349,.T.);
#3429=EDGE_CURVE('',#2736,#2692,#1350,.T.);
#3430=EDGE_CURVE('',#2691,#2737,#1351,.T.);
#3431=EDGE_CURVE('',#2749,#2688,#1352,.T.);
#3432=EDGE_CURVE('',#2687,#2750,#1353,.T.);
#3433=EDGE_CURVE('',#2740,#2684,#1354,.T.);
#3434=EDGE_CURVE('',#2683,#2741,#1355,.T.);
#3435=EDGE_CURVE('',#2744,#2680,#1356,.T.);
#3436=EDGE_CURVE('',#2679,#2745,#1357,.T.);
#3437=EDGE_CURVE('',#2753,#2676,#1358,.T.);
#3438=EDGE_CURVE('',#2675,#2754,#1359,.T.);
#3439=EDGE_CURVE('',#2731,#2672,#1360,.T.);
#3440=EDGE_CURVE('',#2671,#2733,#1361,.T.);
#3441=EDGE_CURVE('',#2784,#2841,#1362,.T.);
#3442=EDGE_CURVE('',#2841,#2842,#2534,.T.);
#3443=EDGE_CURVE('',#2842,#2785,#1363,.T.);
#3444=EDGE_CURVE('',#2805,#2842,#1364,.T.);
#3445=EDGE_CURVE('',#2806,#2841,#1365,.T.);
#3446=EDGE_CURVE('',#2788,#2843,#1366,.T.);
#3447=EDGE_CURVE('',#2843,#2844,#2535,.T.);
#3448=EDGE_CURVE('',#2844,#2789,#1367,.T.);
#3449=EDGE_CURVE('',#2803,#2844,#1368,.T.);
#3450=EDGE_CURVE('',#2804,#2843,#1369,.T.);
#3451=EDGE_CURVE('',#2792,#2845,#1370,.T.);
#3452=EDGE_CURVE('',#2845,#2846,#2536,.T.);
#3453=EDGE_CURVE('',#2846,#2793,#1371,.T.);
#3454=EDGE_CURVE('',#2801,#2846,#1372,.T.);
#3455=EDGE_CURVE('',#2802,#2845,#1373,.T.);
#3456=EDGE_CURVE('',#2796,#2847,#1374,.T.);
#3457=EDGE_CURVE('',#2847,#2848,#2537,.T.);
#3458=EDGE_CURVE('',#2848,#2774,#1375,.T.);
#3459=EDGE_CURVE('',#2811,#2848,#1376,.T.);
#3460=EDGE_CURVE('',#2812,#2847,#1377,.T.);
#3461=EDGE_CURVE('',#2718,#2849,#1378,.T.);
#3462=EDGE_CURVE('',#2849,#2850,#2538,.T.);
#3463=EDGE_CURVE('',#2850,#2719,#1379,.T.);
#3464=EDGE_CURVE('',#2816,#2849,#1380,.T.);
#3465=EDGE_CURVE('',#2815,#2850,#1381,.T.);
#3466=EDGE_CURVE('',#2722,#2851,#1382,.T.);
#3467=EDGE_CURVE('',#2851,#2852,#2539,.T.);
#3468=EDGE_CURVE('',#2852,#2714,#1383,.T.);
#3469=EDGE_CURVE('',#2813,#2852,#1384,.T.);
#3470=EDGE_CURVE('',#2814,#2851,#1385,.T.);
#3471=EDGE_CURVE('',#2760,#2853,#1386,.T.);
#3472=EDGE_CURVE('',#2853,#2854,#2540,.T.);
#3473=EDGE_CURVE('',#2854,#2761,#1387,.T.);
#3474=EDGE_CURVE('',#2799,#2854,#1388,.T.);
#3475=EDGE_CURVE('',#2800,#2853,#1389,.T.);
#3476=EDGE_CURVE('',#2764,#2855,#1390,.T.);
#3477=EDGE_CURVE('',#2855,#2856,#2541,.T.);
#3478=EDGE_CURVE('',#2856,#2757,#1391,.T.);
#3479=EDGE_CURVE('',#2797,#2856,#1392,.T.);
#3480=EDGE_CURVE('',#2798,#2855,#1393,.T.);
#3481=EDGE_CURVE('',#2857,#2765,#1394,.T.);
#3482=EDGE_CURVE('',#2857,#2858,#1395,.T.);
#3483=EDGE_CURVE('',#2858,#2767,#1396,.T.);
#3484=EDGE_CURVE('',#2768,#2859,#1397,.T.);
#3485=EDGE_CURVE('',#2860,#2859,#1398,.T.);
#3486=EDGE_CURVE('',#2766,#2860,#1399,.T.);
#3487=EDGE_CURVE('',#2860,#2857,#1400,.T.);
#3488=EDGE_CURVE('',#2859,#2858,#1401,.T.);
#3489=EDGE_CURVE('',#2772,#2861,#1402,.T.);
#3490=EDGE_CURVE('',#2862,#2861,#1403,.T.);
#3491=EDGE_CURVE('',#2770,#2862,#1404,.T.);
#3492=EDGE_CURVE('',#2863,#2769,#1405,.T.);
#3493=EDGE_CURVE('',#2863,#2864,#1406,.T.);
#3494=EDGE_CURVE('',#2864,#2771,#1407,.T.);
#3495=EDGE_CURVE('',#2862,#2863,#1408,.T.);
#3496=EDGE_CURVE('',#2861,#2864,#1409,.T.);
#3497=EDGE_CURVE('',#2865,#2723,#1410,.T.);
#3498=EDGE_CURVE('',#2865,#2866,#1411,.T.);
#3499=EDGE_CURVE('',#2866,#2725,#1412,.T.);
#3500=EDGE_CURVE('',#2726,#2867,#1413,.T.);
#3501=EDGE_CURVE('',#2868,#2867,#1414,.T.);
#3502=EDGE_CURVE('',#2724,#2868,#1415,.T.);
#3503=EDGE_CURVE('',#2868,#2865,#1416,.T.);
#3504=EDGE_CURVE('',#2867,#2866,#1417,.T.);
#3505=EDGE_CURVE('',#2730,#2869,#1418,.T.);
#3506=EDGE_CURVE('',#2870,#2869,#1419,.T.);
#3507=EDGE_CURVE('',#2728,#2870,#1420,.T.);
#3508=EDGE_CURVE('',#2871,#2727,#1421,.T.);
#3509=EDGE_CURVE('',#2871,#2872,#1422,.T.);
#3510=EDGE_CURVE('',#2872,#2729,#1423,.T.);
#3511=EDGE_CURVE('',#2870,#2871,#1424,.T.);
#3512=EDGE_CURVE('',#2869,#2872,#1425,.T.);
#3513=EDGE_CURVE('',#2704,#2873,#1426,.T.);
#3514=EDGE_CURVE('',#2667,#2873,#1427,.T.);
#3515=EDGE_CURVE('',#2712,#2874,#1428,.T.);
#3516=EDGE_CURVE('',#2873,#2874,#2542,.T.);
#3517=EDGE_CURVE('',#2711,#2875,#1429,.T.);
#3518=EDGE_CURVE('',#2874,#2875,#1430,.T.);
#3519=EDGE_CURVE('',#2710,#2876,#1431,.T.);
#3520=EDGE_CURVE('',#2875,#2876,#2543,.T.);
#3521=EDGE_CURVE('',#2709,#2877,#1432,.T.);
#3522=EDGE_CURVE('',#2876,#2877,#1433,.T.);
#3523=EDGE_CURVE('',#2708,#2878,#1434,.T.);
#3524=EDGE_CURVE('',#2877,#2878,#1435,.T.);
#3525=EDGE_CURVE('',#2707,#2879,#1436,.T.);
#3526=EDGE_CURVE('',#2878,#2879,#2544,.T.);
#3527=EDGE_CURVE('',#2706,#2880,#1437,.T.);
#3528=EDGE_CURVE('',#2879,#2880,#1438,.T.);
#3529=EDGE_CURVE('',#2705,#2881,#1439,.T.);
#3530=EDGE_CURVE('',#2880,#2881,#2545,.T.);
#3531=EDGE_CURVE('',#2881,#2668,#1440,.T.);
#3532=EDGE_CURVE('',#2698,#2882,#1441,.T.);
#3533=EDGE_CURVE('',#2883,#2882,#2546,.T.);
#3534=EDGE_CURVE('',#2699,#2883,#1442,.T.);
#3535=EDGE_CURVE('',#2697,#2884,#1443,.T.);
#3536=EDGE_CURVE('',#2882,#2884,#1444,.T.);
#3537=EDGE_CURVE('',#2703,#2885,#1445,.T.);
#3538=EDGE_CURVE('',#2884,#2885,#2547,.T.);
#3539=EDGE_CURVE('',#2702,#2886,#1446,.T.);
#3540=EDGE_CURVE('',#2885,#2886,#1447,.T.);
#3541=EDGE_CURVE('',#2701,#2887,#1448,.T.);
#3542=EDGE_CURVE('',#2886,#2887,#2548,.T.);
#3543=EDGE_CURVE('',#2887,#2662,#1449,.T.);
#3544=EDGE_CURVE('',#2700,#2888,#1450,.T.);
#3545=EDGE_CURVE('',#2661,#2888,#1451,.T.);
#3546=EDGE_CURVE('',#2888,#2658,#1452,.T.);
#3547=EDGE_CURVE('',#2657,#2883,#1453,.T.);
#3548=EDGE_CURVE('',#2889,#2890,#2549,.T.);
#3549=EDGE_CURVE('',#2891,#2890,#1454,.T.);
#3550=EDGE_CURVE('',#2892,#2891,#2550,.T.);
#3551=EDGE_CURVE('',#2892,#2889,#1455,.T.);
#3552=EDGE_CURVE('',#2890,#2893,#1456,.T.);
#3553=EDGE_CURVE('',#2894,#2893,#1457,.T.);
#3554=EDGE_CURVE('',#2891,#2894,#1458,.T.);
#3555=EDGE_CURVE('',#2893,#2895,#2551,.T.);
#3556=EDGE_CURVE('',#2896,#2895,#1459,.T.);
#3557=EDGE_CURVE('',#2894,#2896,#2552,.T.);
#3558=EDGE_CURVE('',#2895,#2897,#1460,.T.);
#3559=EDGE_CURVE('',#2898,#2897,#1461,.T.);
#3560=EDGE_CURVE('',#2896,#2898,#1462,.T.);
#3561=EDGE_CURVE('',#2897,#2899,#2553,.T.);
#3562=EDGE_CURVE('',#2900,#2899,#1463,.T.);
#3563=EDGE_CURVE('',#2898,#2900,#2554,.T.);
#3564=EDGE_CURVE('',#2899,#2901,#1464,.T.);
#3565=EDGE_CURVE('',#2902,#2901,#1465,.T.);
#3566=EDGE_CURVE('',#2900,#2902,#1466,.T.);
#3567=EDGE_CURVE('',#2901,#2903,#2555,.T.);
#3568=EDGE_CURVE('',#2904,#2903,#1467,.T.);
#3569=EDGE_CURVE('',#2902,#2904,#2556,.T.);
#3570=EDGE_CURVE('',#2903,#2905,#1468,.T.);
#3571=EDGE_CURVE('',#2906,#2905,#1469,.T.);
#3572=EDGE_CURVE('',#2904,#2906,#1470,.T.);
#3573=EDGE_CURVE('',#2905,#2907,#2557,.T.);
#3574=EDGE_CURVE('',#2908,#2907,#1471,.T.);
#3575=EDGE_CURVE('',#2906,#2908,#2558,.T.);
#3576=EDGE_CURVE('',#2907,#2889,#1472,.T.);
#3577=EDGE_CURVE('',#2908,#2892,#1473,.T.);
#3578=EDGE_CURVE('',#2909,#2910,#1474,.T.);
#3579=EDGE_CURVE('',#2911,#2909,#1475,.T.);
#3580=EDGE_CURVE('',#2911,#2912,#1476,.T.);
#3581=EDGE_CURVE('',#2912,#2910,#1477,.T.);
#3582=EDGE_CURVE('',#2913,#2909,#1478,.T.);
#3583=EDGE_CURVE('',#2914,#2913,#1479,.T.);
#3584=EDGE_CURVE('',#2914,#2911,#1480,.T.);
#3585=EDGE_CURVE('',#2915,#2913,#1481,.T.);
#3586=EDGE_CURVE('',#2916,#2915,#1482,.T.);
#3587=EDGE_CURVE('',#2916,#2914,#1483,.T.);
#3588=EDGE_CURVE('',#2910,#2915,#1484,.T.);
#3589=EDGE_CURVE('',#2912,#2916,#1485,.T.);
#3590=EDGE_CURVE('',#2917,#2918,#1486,.T.);
#3591=EDGE_CURVE('',#2919,#2917,#1487,.T.);
#3592=EDGE_CURVE('',#2919,#2920,#1488,.T.);
#3593=EDGE_CURVE('',#2920,#2918,#1489,.T.);
#3594=EDGE_CURVE('',#2921,#2917,#1490,.T.);
#3595=EDGE_CURVE('',#2922,#2921,#1491,.T.);
#3596=EDGE_CURVE('',#2922,#2919,#1492,.T.);
#3597=EDGE_CURVE('',#2923,#2921,#1493,.T.);
#3598=EDGE_CURVE('',#2924,#2923,#1494,.T.);
#3599=EDGE_CURVE('',#2924,#2922,#1495,.T.);
#3600=EDGE_CURVE('',#2918,#2923,#1496,.T.);
#3601=EDGE_CURVE('',#2920,#2924,#1497,.T.);
#3602=EDGE_CURVE('',#2925,#2926,#1498,.T.);
#3603=EDGE_CURVE('',#2927,#2925,#1499,.T.);
#3604=EDGE_CURVE('',#2927,#2928,#1500,.T.);
#3605=EDGE_CURVE('',#2928,#2926,#1501,.T.);
#3606=EDGE_CURVE('',#2929,#2925,#1502,.T.);
#3607=EDGE_CURVE('',#2930,#2929,#1503,.T.);
#3608=EDGE_CURVE('',#2930,#2927,#1504,.T.);
#3609=EDGE_CURVE('',#2931,#2929,#1505,.T.);
#3610=EDGE_CURVE('',#2932,#2931,#1506,.T.);
#3611=EDGE_CURVE('',#2932,#2930,#1507,.T.);
#3612=EDGE_CURVE('',#2926,#2931,#1508,.T.);
#3613=EDGE_CURVE('',#2928,#2932,#1509,.T.);
#3614=EDGE_CURVE('',#2933,#2934,#1510,.T.);
#3615=EDGE_CURVE('',#2935,#2933,#1511,.T.);
#3616=EDGE_CURVE('',#2935,#2936,#1512,.T.);
#3617=EDGE_CURVE('',#2936,#2934,#1513,.T.);
#3618=EDGE_CURVE('',#2937,#2933,#1514,.T.);
#3619=EDGE_CURVE('',#2938,#2937,#1515,.T.);
#3620=EDGE_CURVE('',#2938,#2935,#1516,.T.);
#3621=EDGE_CURVE('',#2939,#2937,#1517,.T.);
#3622=EDGE_CURVE('',#2940,#2939,#1518,.T.);
#3623=EDGE_CURVE('',#2940,#2938,#1519,.T.);
#3624=EDGE_CURVE('',#2934,#2939,#1520,.T.);
#3625=EDGE_CURVE('',#2936,#2940,#1521,.T.);
#3626=EDGE_CURVE('',#2941,#2942,#2559,.T.);
#3627=EDGE_CURVE('',#2942,#2941,#2560,.T.);
#3628=EDGE_CURVE('',#2943,#2944,#2561,.T.);
#3629=EDGE_CURVE('',#2943,#2945,#1522,.T.);
#3630=EDGE_CURVE('',#2945,#2946,#2562,.T.);
#3631=EDGE_CURVE('',#2944,#2946,#1523,.T.);
#3632=EDGE_CURVE('',#2947,#2945,#1524,.T.);
#3633=EDGE_CURVE('',#2948,#2943,#1525,.T.);
#3634=EDGE_CURVE('',#2948,#2947,#1526,.T.);
#3635=EDGE_CURVE('',#2946,#2949,#1527,.T.);
#3636=EDGE_CURVE('',#2950,#2949,#1528,.T.);
#3637=EDGE_CURVE('',#2944,#2950,#1529,.T.);
#3638=EDGE_CURVE('',#2951,#2952,#2563,.T.);
#3639=EDGE_CURVE('',#2952,#2953,#1530,.T.);
#3640=EDGE_CURVE('',#2950,#2953,#1531,.T.);
#3641=EDGE_CURVE('',#2949,#2947,#1532,.T.);
#3642=EDGE_CURVE('',#2954,#2948,#1533,.T.);
#3643=EDGE_CURVE('',#2951,#2954,#1534,.T.);
#3644=EDGE_CURVE('',#2955,#2953,#1535,.T.);
#3645=EDGE_CURVE('',#2956,#2955,#2564,.T.);
#3646=EDGE_CURVE('',#2954,#2956,#1536,.T.);
#3647=EDGE_CURVE('',#2952,#2941,#1537,.T.);
#3648=EDGE_CURVE('',#2941,#2955,#1538,.T.);
#3649=EDGE_CURVE('',#2942,#2956,#1539,.T.);
#3650=EDGE_CURVE('',#2942,#2951,#1540,.T.);
#3651=EDGE_CURVE('',#2957,#2958,#2565,.T.);
#3652=EDGE_CURVE('',#2958,#2957,#2566,.T.);
#3653=EDGE_CURVE('',#2959,#2960,#2567,.T.);
#3654=EDGE_CURVE('',#2959,#2961,#1541,.T.);
#3655=EDGE_CURVE('',#2961,#2962,#2568,.T.);
#3656=EDGE_CURVE('',#2960,#2962,#1542,.T.);
#3657=EDGE_CURVE('',#2963,#2964,#2569,.T.);
#3658=EDGE_CURVE('',#2964,#2965,#1543,.T.);
#3659=EDGE_CURVE('',#2966,#2965,#1544,.T.);
#3660=EDGE_CURVE('',#2966,#2967,#1545,.T.);
#3661=EDGE_CURVE('',#2967,#2968,#1546,.T.);
#3662=EDGE_CURVE('',#2969,#2968,#1547,.T.);
#3663=EDGE_CURVE('',#2970,#2969,#1548,.T.);
#3664=EDGE_CURVE('',#2963,#2970,#1549,.T.);
#3665=EDGE_CURVE('',#2968,#2961,#1550,.T.);
#3666=EDGE_CURVE('',#2969,#2959,#1551,.T.);
#3667=EDGE_CURVE('',#2962,#2967,#1552,.T.);
#3668=EDGE_CURVE('',#2960,#2966,#1553,.T.);
#3669=EDGE_CURVE('',#2971,#2965,#1554,.T.);
#3670=EDGE_CURVE('',#2972,#2971,#2570,.T.);
#3671=EDGE_CURVE('',#2970,#2972,#1555,.T.);
#3672=EDGE_CURVE('',#2964,#2957,#1556,.T.);
#3673=EDGE_CURVE('',#2957,#2971,#1557,.T.);
#3674=EDGE_CURVE('',#2958,#2972,#1558,.T.);
#3675=EDGE_CURVE('',#2958,#2963,#1559,.T.);
#3676=EDGE_CURVE('',#2973,#2974,#2571,.T.);
#3677=EDGE_CURVE('',#2974,#2973,#2572,.T.);
#3678=EDGE_CURVE('',#2975,#2976,#2573,.T.);
#3679=EDGE_CURVE('',#2975,#2977,#1560,.T.);
#3680=EDGE_CURVE('',#2977,#2978,#2574,.T.);
#3681=EDGE_CURVE('',#2976,#2978,#1561,.T.);
#3682=EDGE_CURVE('',#2978,#2979,#1562,.T.);
#3683=EDGE_CURVE('',#2980,#2979,#1563,.T.);
#3684=EDGE_CURVE('',#2976,#2980,#1564,.T.);
#3685=EDGE_CURVE('',#2981,#2982,#2575,.T.);
#3686=EDGE_CURVE('',#2982,#2983,#1565,.T.);
#3687=EDGE_CURVE('',#2980,#2983,#1566,.T.);
#3688=EDGE_CURVE('',#2979,#2984,#1567,.T.);
#3689=EDGE_CURVE('',#2985,#2984,#1568,.T.);
#3690=EDGE_CURVE('',#2986,#2985,#1569,.T.);
#3691=EDGE_CURVE('',#2981,#2986,#1570,.T.);
#3692=EDGE_CURVE('',#2984,#2977,#1571,.T.);
#3693=EDGE_CURVE('',#2985,#2975,#1572,.T.);
#3694=EDGE_CURVE('',#2987,#2983,#1573,.T.);
#3695=EDGE_CURVE('',#2988,#2987,#2576,.T.);
#3696=EDGE_CURVE('',#2986,#2988,#1574,.T.);
#3697=EDGE_CURVE('',#2982,#2973,#1575,.T.);
#3698=EDGE_CURVE('',#2973,#2987,#1576,.T.);
#3699=EDGE_CURVE('',#2974,#2988,#1577,.T.);
#3700=EDGE_CURVE('',#2974,#2981,#1578,.T.);
#3701=EDGE_CURVE('',#2989,#2990,#2577,.T.);
#3702=EDGE_CURVE('',#2990,#2989,#2578,.T.);
#3703=EDGE_CURVE('',#2991,#2992,#2579,.T.);
#3704=EDGE_CURVE('',#2991,#2993,#1579,.T.);
#3705=EDGE_CURVE('',#2993,#2994,#2580,.T.);
#3706=EDGE_CURVE('',#2992,#2994,#1580,.T.);
#3707=EDGE_CURVE('',#2994,#2995,#1581,.T.);
#3708=EDGE_CURVE('',#2996,#2995,#1582,.T.);
#3709=EDGE_CURVE('',#2992,#2996,#1583,.T.);
#3710=EDGE_CURVE('',#2997,#2998,#2581,.T.);
#3711=EDGE_CURVE('',#2998,#2999,#1584,.T.);
#3712=EDGE_CURVE('',#2996,#2999,#1585,.T.);
#3713=EDGE_CURVE('',#2995,#3000,#1586,.T.);
#3714=EDGE_CURVE('',#3001,#3000,#1587,.T.);
#3715=EDGE_CURVE('',#3002,#3001,#1588,.T.);
#3716=EDGE_CURVE('',#2997,#3002,#1589,.T.);
#3717=EDGE_CURVE('',#3000,#2993,#1590,.T.);
#3718=EDGE_CURVE('',#3001,#2991,#1591,.T.);
#3719=EDGE_CURVE('',#3003,#2999,#1592,.T.);
#3720=EDGE_CURVE('',#3004,#3003,#2582,.T.);
#3721=EDGE_CURVE('',#3002,#3004,#1593,.T.);
#3722=EDGE_CURVE('',#2998,#2989,#1594,.T.);
#3723=EDGE_CURVE('',#2989,#3003,#1595,.T.);
#3724=EDGE_CURVE('',#2990,#3004,#1596,.T.);
#3725=EDGE_CURVE('',#2990,#2997,#1597,.T.);
#3726=EDGE_CURVE('',#3005,#3006,#2583,.T.);
#3727=EDGE_CURVE('',#3006,#3005,#2584,.T.);
#3728=EDGE_CURVE('',#3007,#3008,#2585,.T.);
#3729=EDGE_CURVE('',#3007,#3009,#1598,.T.);
#3730=EDGE_CURVE('',#3009,#3010,#2586,.T.);
#3731=EDGE_CURVE('',#3008,#3010,#1599,.T.);
#3732=EDGE_CURVE('',#3011,#3009,#1600,.T.);
#3733=EDGE_CURVE('',#3012,#3007,#1601,.T.);
#3734=EDGE_CURVE('',#3012,#3011,#1602,.T.);
#3735=EDGE_CURVE('',#3010,#3013,#1603,.T.);
#3736=EDGE_CURVE('',#3014,#3013,#1604,.T.);
#3737=EDGE_CURVE('',#3008,#3014,#1605,.T.);
#3738=EDGE_CURVE('',#3015,#3016,#2587,.T.);
#3739=EDGE_CURVE('',#3016,#3017,#1606,.T.);
#3740=EDGE_CURVE('',#3014,#3017,#1607,.T.);
#3741=EDGE_CURVE('',#3013,#3011,#1608,.T.);
#3742=EDGE_CURVE('',#3018,#3012,#1609,.T.);
#3743=EDGE_CURVE('',#3015,#3018,#1610,.T.);
#3744=EDGE_CURVE('',#3019,#3017,#1611,.T.);
#3745=EDGE_CURVE('',#3020,#3019,#2588,.T.);
#3746=EDGE_CURVE('',#3018,#3020,#1612,.T.);
#3747=EDGE_CURVE('',#3016,#3005,#1613,.T.);
#3748=EDGE_CURVE('',#3005,#3019,#1614,.T.);
#3749=EDGE_CURVE('',#3006,#3020,#1615,.T.);
#3750=EDGE_CURVE('',#3006,#3015,#1616,.T.);
#3751=EDGE_CURVE('',#3021,#3022,#2589,.T.);
#3752=EDGE_CURVE('',#3022,#3021,#2590,.T.);
#3753=EDGE_CURVE('',#3023,#3024,#2591,.T.);
#3754=EDGE_CURVE('',#3023,#3025,#1617,.T.);
#3755=EDGE_CURVE('',#3025,#3026,#2592,.T.);
#3756=EDGE_CURVE('',#3024,#3026,#1618,.T.);
#3757=EDGE_CURVE('',#3026,#3027,#1619,.T.);
#3758=EDGE_CURVE('',#3028,#3027,#1620,.T.);
#3759=EDGE_CURVE('',#3024,#3028,#1621,.T.);
#3760=EDGE_CURVE('',#3029,#3030,#2593,.T.);
#3761=EDGE_CURVE('',#3030,#3031,#1622,.T.);
#3762=EDGE_CURVE('',#3028,#3031,#1623,.T.);
#3763=EDGE_CURVE('',#3027,#3032,#1624,.T.);
#3764=EDGE_CURVE('',#3033,#3032,#1625,.T.);
#3765=EDGE_CURVE('',#3034,#3033,#1626,.T.);
#3766=EDGE_CURVE('',#3029,#3034,#1627,.T.);
#3767=EDGE_CURVE('',#3032,#3025,#1628,.T.);
#3768=EDGE_CURVE('',#3033,#3023,#1629,.T.);
#3769=EDGE_CURVE('',#3035,#3031,#1630,.T.);
#3770=EDGE_CURVE('',#3036,#3035,#2594,.T.);
#3771=EDGE_CURVE('',#3034,#3036,#1631,.T.);
#3772=EDGE_CURVE('',#3030,#3021,#1632,.T.);
#3773=EDGE_CURVE('',#3021,#3035,#1633,.T.);
#3774=EDGE_CURVE('',#3022,#3036,#1634,.T.);
#3775=EDGE_CURVE('',#3022,#3029,#1635,.T.);
#3776=EDGE_CURVE('',#3037,#3038,#2595,.T.);
#3777=EDGE_CURVE('',#3037,#3038,#2596,.T.);
#3778=EDGE_CURVE('',#3038,#3039,#1636,.T.);
#3779=EDGE_CURVE('',#3039,#3040,#2597,.T.);
#3780=EDGE_CURVE('',#3037,#3040,#1637,.T.);
#3781=EDGE_CURVE('',#3041,#3042,#2598,.T.);
#3782=EDGE_CURVE('',#3043,#3042,#1638,.T.);
#3783=EDGE_CURVE('',#3044,#3043,#2599,.T.);
#3784=EDGE_CURVE('',#3044,#3041,#1639,.T.);
#3785=EDGE_CURVE('',#3042,#3045,#1640,.T.);
#3786=EDGE_CURVE('',#3046,#3045,#1641,.T.);
#3787=EDGE_CURVE('',#3043,#3046,#1642,.T.);
#3788=EDGE_CURVE('',#3047,#3048,#1643,.T.);
#3789=EDGE_CURVE('',#3049,#3047,#1644,.T.);
#3790=EDGE_CURVE('',#3049,#3050,#2600,.T.);
#3791=EDGE_CURVE('',#3050,#3051,#1645,.T.);
#3792=EDGE_CURVE('',#3046,#3051,#1646,.T.);
#3793=EDGE_CURVE('',#3045,#3052,#1647,.T.);
#3794=EDGE_CURVE('',#3048,#3052,#1648,.T.);
#3795=EDGE_CURVE('',#3052,#3041,#1649,.T.);
#3796=EDGE_CURVE('',#3048,#3044,#1650,.T.);
#3797=EDGE_CURVE('',#3047,#3039,#1651,.T.);
#3798=EDGE_CURVE('',#3040,#3051,#1652,.T.);
#3799=EDGE_CURVE('',#3038,#3049,#1653,.T.);
#3800=EDGE_CURVE('',#3050,#3037,#1654,.T.);
#3801=EDGE_CURVE('',#3053,#3054,#2601,.T.);
#3802=EDGE_CURVE('',#3053,#3054,#2602,.T.);
#3803=EDGE_CURVE('',#3054,#3055,#1655,.T.);
#3804=EDGE_CURVE('',#3055,#3056,#2603,.T.);
#3805=EDGE_CURVE('',#3053,#3056,#1656,.T.);
#3806=EDGE_CURVE('',#3057,#3058,#2604,.T.);
#3807=EDGE_CURVE('',#3059,#3058,#1657,.T.);
#3808=EDGE_CURVE('',#3060,#3059,#2605,.T.);
#3809=EDGE_CURVE('',#3060,#3057,#1658,.T.);
#3810=EDGE_CURVE('',#3058,#3061,#1659,.T.);
#3811=EDGE_CURVE('',#3062,#3061,#1660,.T.);
#3812=EDGE_CURVE('',#3059,#3062,#1661,.T.);
#3813=EDGE_CURVE('',#3063,#3064,#1662,.T.);
#3814=EDGE_CURVE('',#3065,#3063,#1663,.T.);
#3815=EDGE_CURVE('',#3065,#3066,#2606,.T.);
#3816=EDGE_CURVE('',#3066,#3067,#1664,.T.);
#3817=EDGE_CURVE('',#3062,#3067,#1665,.T.);
#3818=EDGE_CURVE('',#3061,#3068,#1666,.T.);
#3819=EDGE_CURVE('',#3064,#3068,#1667,.T.);
#3820=EDGE_CURVE('',#3068,#3057,#1668,.T.);
#3821=EDGE_CURVE('',#3064,#3060,#1669,.T.);
#3822=EDGE_CURVE('',#3063,#3055,#1670,.T.);
#3823=EDGE_CURVE('',#3056,#3067,#1671,.T.);
#3824=EDGE_CURVE('',#3054,#3065,#1672,.T.);
#3825=EDGE_CURVE('',#3066,#3053,#1673,.T.);
#3826=EDGE_CURVE('',#3069,#3070,#2607,.T.);
#3827=EDGE_CURVE('',#3069,#3070,#2608,.T.);
#3828=EDGE_CURVE('',#3070,#3071,#1674,.T.);
#3829=EDGE_CURVE('',#3071,#3072,#2609,.T.);
#3830=EDGE_CURVE('',#3069,#3072,#1675,.T.);
#3831=EDGE_CURVE('',#3073,#3074,#2610,.T.);
#3832=EDGE_CURVE('',#3075,#3074,#1676,.T.);
#3833=EDGE_CURVE('',#3076,#3075,#2611,.T.);
#3834=EDGE_CURVE('',#3076,#3073,#1677,.T.);
#3835=EDGE_CURVE('',#3074,#3077,#1678,.T.);
#3836=EDGE_CURVE('',#3078,#3077,#1679,.T.);
#3837=EDGE_CURVE('',#3075,#3078,#1680,.T.);
#3838=EDGE_CURVE('',#3079,#3080,#1681,.T.);
#3839=EDGE_CURVE('',#3081,#3079,#1682,.T.);
#3840=EDGE_CURVE('',#3081,#3082,#2612,.T.);
#3841=EDGE_CURVE('',#3082,#3083,#1683,.T.);
#3842=EDGE_CURVE('',#3078,#3083,#1684,.T.);
#3843=EDGE_CURVE('',#3077,#3084,#1685,.T.);
#3844=EDGE_CURVE('',#3080,#3084,#1686,.T.);
#3845=EDGE_CURVE('',#3084,#3073,#1687,.T.);
#3846=EDGE_CURVE('',#3080,#3076,#1688,.T.);
#3847=EDGE_CURVE('',#3079,#3071,#1689,.T.);
#3848=EDGE_CURVE('',#3072,#3083,#1690,.T.);
#3849=EDGE_CURVE('',#3070,#3081,#1691,.T.);
#3850=EDGE_CURVE('',#3082,#3069,#1692,.T.);
#3851=EDGE_CURVE('',#3085,#3086,#2613,.T.);
#3852=EDGE_CURVE('',#3085,#3086,#2614,.T.);
#3853=EDGE_CURVE('',#3086,#3087,#1693,.T.);
#3854=EDGE_CURVE('',#3087,#3088,#2615,.T.);
#3855=EDGE_CURVE('',#3085,#3088,#1694,.T.);
#3856=EDGE_CURVE('',#3089,#3090,#2616,.T.);
#3857=EDGE_CURVE('',#3091,#3090,#1695,.T.);
#3858=EDGE_CURVE('',#3092,#3091,#2617,.T.);
#3859=EDGE_CURVE('',#3092,#3089,#1696,.T.);
#3860=EDGE_CURVE('',#3090,#3093,#1697,.T.);
#3861=EDGE_CURVE('',#3094,#3093,#1698,.T.);
#3862=EDGE_CURVE('',#3091,#3094,#1699,.T.);
#3863=EDGE_CURVE('',#3095,#3096,#1700,.T.);
#3864=EDGE_CURVE('',#3097,#3095,#1701,.T.);
#3865=EDGE_CURVE('',#3097,#3098,#2618,.T.);
#3866=EDGE_CURVE('',#3098,#3099,#1702,.T.);
#3867=EDGE_CURVE('',#3094,#3099,#1703,.T.);
#3868=EDGE_CURVE('',#3093,#3100,#1704,.T.);
#3869=EDGE_CURVE('',#3096,#3100,#1705,.T.);
#3870=EDGE_CURVE('',#3100,#3089,#1706,.T.);
#3871=EDGE_CURVE('',#3096,#3092,#1707,.T.);
#3872=EDGE_CURVE('',#3095,#3087,#1708,.T.);
#3873=EDGE_CURVE('',#3088,#3099,#1709,.T.);
#3874=EDGE_CURVE('',#3086,#3097,#1710,.T.);
#3875=EDGE_CURVE('',#3098,#3085,#1711,.T.);
#3876=EDGE_CURVE('',#3101,#3102,#2619,.T.);
#3877=EDGE_CURVE('',#3101,#3102,#2620,.T.);
#3878=EDGE_CURVE('',#3102,#3103,#1712,.T.);
#3879=EDGE_CURVE('',#3103,#3104,#2621,.T.);
#3880=EDGE_CURVE('',#3101,#3104,#1713,.T.);
#3881=EDGE_CURVE('',#3105,#3106,#2622,.T.);
#3882=EDGE_CURVE('',#3107,#3106,#1714,.T.);
#3883=EDGE_CURVE('',#3108,#3107,#2623,.T.);
#3884=EDGE_CURVE('',#3108,#3105,#1715,.T.);
#3885=EDGE_CURVE('',#3106,#3109,#1716,.T.);
#3886=EDGE_CURVE('',#3110,#3109,#1717,.T.);
#3887=EDGE_CURVE('',#3107,#3110,#1718,.T.);
#3888=EDGE_CURVE('',#3111,#3112,#1719,.T.);
#3889=EDGE_CURVE('',#3113,#3111,#1720,.T.);
#3890=EDGE_CURVE('',#3113,#3114,#2624,.T.);
#3891=EDGE_CURVE('',#3114,#3115,#1721,.T.);
#3892=EDGE_CURVE('',#3110,#3115,#1722,.T.);
#3893=EDGE_CURVE('',#3109,#3116,#1723,.T.);
#3894=EDGE_CURVE('',#3112,#3116,#1724,.T.);
#3895=EDGE_CURVE('',#3116,#3105,#1725,.T.);
#3896=EDGE_CURVE('',#3112,#3108,#1726,.T.);
#3897=EDGE_CURVE('',#3111,#3103,#1727,.T.);
#3898=EDGE_CURVE('',#3104,#3115,#1728,.T.);
#3899=EDGE_CURVE('',#3102,#3113,#1729,.T.);
#3900=EDGE_CURVE('',#3114,#3101,#1730,.T.);
#3901=EDGE_CURVE('',#3117,#3118,#2625,.T.);
#3902=EDGE_CURVE('',#3117,#3118,#2626,.T.);
#3903=EDGE_CURVE('',#3118,#3119,#1731,.T.);
#3904=EDGE_CURVE('',#3119,#3120,#2627,.T.);
#3905=EDGE_CURVE('',#3117,#3120,#1732,.T.);
#3906=EDGE_CURVE('',#3121,#3122,#2628,.T.);
#3907=EDGE_CURVE('',#3123,#3122,#1733,.T.);
#3908=EDGE_CURVE('',#3124,#3123,#2629,.T.);
#3909=EDGE_CURVE('',#3124,#3121,#1734,.T.);
#3910=EDGE_CURVE('',#3122,#3125,#1735,.T.);
#3911=EDGE_CURVE('',#3126,#3125,#1736,.T.);
#3912=EDGE_CURVE('',#3123,#3126,#1737,.T.);
#3913=EDGE_CURVE('',#3127,#3128,#1738,.T.);
#3914=EDGE_CURVE('',#3129,#3127,#1739,.T.);
#3915=EDGE_CURVE('',#3129,#3130,#2630,.T.);
#3916=EDGE_CURVE('',#3130,#3131,#1740,.T.);
#3917=EDGE_CURVE('',#3126,#3131,#1741,.T.);
#3918=EDGE_CURVE('',#3125,#3132,#1742,.T.);
#3919=EDGE_CURVE('',#3128,#3132,#1743,.T.);
#3920=EDGE_CURVE('',#3132,#3121,#1744,.T.);
#3921=EDGE_CURVE('',#3128,#3124,#1745,.T.);
#3922=EDGE_CURVE('',#3127,#3119,#1746,.T.);
#3923=EDGE_CURVE('',#3120,#3131,#1747,.T.);
#3924=EDGE_CURVE('',#3118,#3129,#1748,.T.);
#3925=EDGE_CURVE('',#3130,#3117,#1749,.T.);
#3926=EDGE_CURVE('',#3133,#3134,#2631,.T.);
#3927=EDGE_CURVE('',#3134,#3135,#1750,.T.);
#3928=EDGE_CURVE('',#3136,#3135,#1751,.T.);
#3929=EDGE_CURVE('',#3136,#3137,#1752,.T.);
#3930=EDGE_CURVE('',#3137,#3138,#1753,.T.);
#3931=EDGE_CURVE('',#3139,#3138,#1754,.T.);
#3932=EDGE_CURVE('',#3140,#3139,#1755,.T.);
#3933=EDGE_CURVE('',#3133,#3140,#1756,.T.);
#3934=EDGE_CURVE('',#3138,#3141,#1757,.T.);
#3935=EDGE_CURVE('',#3142,#3141,#1758,.T.);
#3936=EDGE_CURVE('',#3139,#3142,#1759,.T.);
#3937=EDGE_CURVE('',#3141,#3143,#2632,.T.);
#3938=EDGE_CURVE('',#3144,#3143,#1760,.T.);
#3939=EDGE_CURVE('',#3142,#3144,#2633,.T.);
#3940=EDGE_CURVE('',#3143,#3137,#1761,.T.);
#3941=EDGE_CURVE('',#3144,#3136,#1762,.T.);
#3942=EDGE_CURVE('',#3145,#3135,#1763,.T.);
#3943=EDGE_CURVE('',#3146,#3145,#2634,.T.);
#3944=EDGE_CURVE('',#3140,#3146,#1764,.T.);
#3945=EDGE_CURVE('',#3134,#3147,#1765,.T.);
#3946=EDGE_CURVE('',#3147,#3145,#1766,.T.);
#3947=EDGE_CURVE('',#3147,#3148,#2635,.T.);
#3948=EDGE_CURVE('',#3148,#3146,#1767,.T.);
#3949=EDGE_CURVE('',#3148,#3133,#1768,.T.);
#3950=EDGE_CURVE('',#3147,#3148,#2636,.T.);
#3951=EDGE_CURVE('',#3149,#3150,#2637,.T.);
#3952=EDGE_CURVE('',#3151,#3150,#1769,.T.);
#3953=EDGE_CURVE('',#3152,#3151,#2638,.T.);
#3954=EDGE_CURVE('',#3152,#3149,#1770,.T.);
#3955=EDGE_CURVE('',#3150,#3153,#1771,.T.);
#3956=EDGE_CURVE('',#3154,#3153,#1772,.T.);
#3957=EDGE_CURVE('',#3151,#3154,#1773,.T.);
#3958=EDGE_CURVE('',#3155,#3156,#2639,.T.);
#3959=EDGE_CURVE('',#3156,#3157,#1774,.T.);
#3960=EDGE_CURVE('',#3154,#3157,#1775,.T.);
#3961=EDGE_CURVE('',#3153,#3158,#1776,.T.);
#3962=EDGE_CURVE('',#3159,#3158,#1777,.T.);
#3963=EDGE_CURVE('',#3160,#3159,#1778,.T.);
#3964=EDGE_CURVE('',#3155,#3160,#1779,.T.);
#3965=EDGE_CURVE('',#3158,#3149,#1780,.T.);
#3966=EDGE_CURVE('',#3159,#3152,#1781,.T.);
#3967=EDGE_CURVE('',#3161,#3157,#1782,.T.);
#3968=EDGE_CURVE('',#3162,#3161,#2640,.T.);
#3969=EDGE_CURVE('',#3160,#3162,#1783,.T.);
#3970=EDGE_CURVE('',#3156,#3163,#1784,.T.);
#3971=EDGE_CURVE('',#3163,#3161,#1785,.T.);
#3972=EDGE_CURVE('',#3163,#3164,#2641,.T.);
#3973=EDGE_CURVE('',#3164,#3162,#1786,.T.);
#3974=EDGE_CURVE('',#3164,#3155,#1787,.T.);
#3975=EDGE_CURVE('',#3163,#3164,#2642,.T.);
#3976=EDGE_CURVE('',#3165,#3166,#2643,.T.);
#3977=EDGE_CURVE('',#3167,#3166,#1788,.T.);
#3978=EDGE_CURVE('',#3168,#3167,#2644,.T.);
#3979=EDGE_CURVE('',#3168,#3165,#1789,.T.);
#3980=EDGE_CURVE('',#3166,#3169,#1790,.T.);
#3981=EDGE_CURVE('',#3170,#3169,#1791,.T.);
#3982=EDGE_CURVE('',#3167,#3170,#1792,.T.);
#3983=EDGE_CURVE('',#3171,#3172,#1793,.T.);
#3984=EDGE_CURVE('',#3173,#3171,#1794,.T.);
#3985=EDGE_CURVE('',#3173,#3174,#2645,.T.);
#3986=EDGE_CURVE('',#3174,#3175,#1795,.T.);
#3987=EDGE_CURVE('',#3170,#3175,#1796,.T.);
#3988=EDGE_CURVE('',#3169,#3176,#1797,.T.);
#3989=EDGE_CURVE('',#3172,#3176,#1798,.T.);
#3990=EDGE_CURVE('',#3176,#3165,#1799,.T.);
#3991=EDGE_CURVE('',#3172,#3168,#1800,.T.);
#3992=EDGE_CURVE('',#3177,#3178,#2646,.T.);
#3993=EDGE_CURVE('',#3171,#3177,#1801,.T.);
#3994=EDGE_CURVE('',#3178,#3175,#1802,.T.);
#3995=EDGE_CURVE('',#3179,#3178,#1803,.T.);
#3996=EDGE_CURVE('',#3179,#3180,#2647,.T.);
#3997=EDGE_CURVE('',#3180,#3177,#1804,.T.);
#3998=EDGE_CURVE('',#3180,#3173,#1805,.T.);
#3999=EDGE_CURVE('',#3174,#3179,#1806,.T.);
#4000=EDGE_CURVE('',#3179,#3180,#2648,.T.);
#4001=EDGE_CURVE('',#3181,#3182,#2649,.T.);
#4002=EDGE_CURVE('',#3183,#3182,#1807,.T.);
#4003=EDGE_CURVE('',#3184,#3183,#2650,.T.);
#4004=EDGE_CURVE('',#3184,#3181,#1808,.T.);
#4005=EDGE_CURVE('',#3182,#3185,#1809,.T.);
#4006=EDGE_CURVE('',#3186,#3185,#1810,.T.);
#4007=EDGE_CURVE('',#3183,#3186,#1811,.T.);
#4008=EDGE_CURVE('',#3187,#3188,#1812,.T.);
#4009=EDGE_CURVE('',#3189,#3187,#1813,.T.);
#4010=EDGE_CURVE('',#3189,#3190,#2651,.T.);
#4011=EDGE_CURVE('',#3190,#3191,#1814,.T.);
#4012=EDGE_CURVE('',#3186,#3191,#1815,.T.);
#4013=EDGE_CURVE('',#3185,#3192,#1816,.T.);
#4014=EDGE_CURVE('',#3188,#3192,#1817,.T.);
#4015=EDGE_CURVE('',#3192,#3181,#1818,.T.);
#4016=EDGE_CURVE('',#3188,#3184,#1819,.T.);
#4017=EDGE_CURVE('',#3187,#3193,#1820,.T.);
#4018=EDGE_CURVE('',#3194,#3191,#1821,.T.);
#4019=EDGE_CURVE('',#3193,#3194,#2652,.T.);
#4020=EDGE_CURVE('',#3195,#3194,#1822,.T.);
#4021=EDGE_CURVE('',#3195,#3196,#2653,.T.);
#4022=EDGE_CURVE('',#3196,#3193,#1823,.T.);
#4023=EDGE_CURVE('',#3196,#3189,#1824,.T.);
#4024=EDGE_CURVE('',#3190,#3195,#1825,.T.);
#4025=EDGE_CURVE('',#3195,#3196,#2654,.T.);
#4026=ORIENTED_EDGE('',*,*,#3197,.F.);
#4027=ORIENTED_EDGE('',*,*,#3198,.T.);
#4028=ORIENTED_EDGE('',*,*,#3199,.F.);
#4029=ORIENTED_EDGE('',*,*,#3200,.F.);
#4030=ORIENTED_EDGE('',*,*,#3201,.F.);
#4031=ORIENTED_EDGE('',*,*,#3202,.T.);
#4032=ORIENTED_EDGE('',*,*,#3203,.F.);
#4033=ORIENTED_EDGE('',*,*,#3204,.F.);
#4034=ORIENTED_EDGE('',*,*,#3205,.F.);
#4035=ORIENTED_EDGE('',*,*,#3206,.T.);
#4036=ORIENTED_EDGE('',*,*,#3207,.F.);
#4037=ORIENTED_EDGE('',*,*,#3206,.F.);
#4038=ORIENTED_EDGE('',*,*,#3208,.F.);
#4039=ORIENTED_EDGE('',*,*,#3209,.T.);
#4040=ORIENTED_EDGE('',*,*,#3210,.F.);
#4041=ORIENTED_EDGE('',*,*,#3211,.F.);
#4042=ORIENTED_EDGE('',*,*,#3212,.T.);
#4043=ORIENTED_EDGE('',*,*,#3213,.T.);
#4044=ORIENTED_EDGE('',*,*,#3214,.F.);
#4045=ORIENTED_EDGE('',*,*,#3215,.F.);
#4046=ORIENTED_EDGE('',*,*,#3216,.T.);
#4047=ORIENTED_EDGE('',*,*,#3217,.T.);
#4048=ORIENTED_EDGE('',*,*,#3218,.F.);
#4049=ORIENTED_EDGE('',*,*,#3219,.F.);
#4050=ORIENTED_EDGE('',*,*,#3220,.T.);
#4051=ORIENTED_EDGE('',*,*,#3221,.T.);
#4052=ORIENTED_EDGE('',*,*,#3222,.F.);
#4053=ORIENTED_EDGE('',*,*,#3223,.F.);
#4054=ORIENTED_EDGE('',*,*,#3224,.T.);
#4055=ORIENTED_EDGE('',*,*,#3225,.T.);
#4056=ORIENTED_EDGE('',*,*,#3226,.F.);
#4057=ORIENTED_EDGE('',*,*,#3227,.F.);
#4058=ORIENTED_EDGE('',*,*,#3228,.T.);
#4059=ORIENTED_EDGE('',*,*,#3229,.T.);
#4060=ORIENTED_EDGE('',*,*,#3230,.F.);
#4061=ORIENTED_EDGE('',*,*,#3231,.F.);
#4062=ORIENTED_EDGE('',*,*,#3232,.T.);
#4063=ORIENTED_EDGE('',*,*,#3233,.T.);
#4064=ORIENTED_EDGE('',*,*,#3234,.F.);
#4065=ORIENTED_EDGE('',*,*,#3235,.F.);
#4066=ORIENTED_EDGE('',*,*,#3236,.F.);
#4067=ORIENTED_EDGE('',*,*,#3237,.F.);
#4068=ORIENTED_EDGE('',*,*,#3238,.F.);
#4069=ORIENTED_EDGE('',*,*,#3239,.F.);
#4070=ORIENTED_EDGE('',*,*,#3205,.T.);
#4071=ORIENTED_EDGE('',*,*,#3240,.T.);
#4072=ORIENTED_EDGE('',*,*,#3241,.T.);
#4073=ORIENTED_EDGE('',*,*,#3242,.T.);
#4074=ORIENTED_EDGE('',*,*,#3197,.T.);
#4075=ORIENTED_EDGE('',*,*,#3243,.T.);
#4076=ORIENTED_EDGE('',*,*,#3244,.T.);
#4077=ORIENTED_EDGE('',*,*,#3201,.T.);
#4078=ORIENTED_EDGE('',*,*,#3245,.T.);
#4079=ORIENTED_EDGE('',*,*,#3246,.T.);
#4080=ORIENTED_EDGE('',*,*,#3247,.T.);
#4081=ORIENTED_EDGE('',*,*,#3248,.T.);
#4082=ORIENTED_EDGE('',*,*,#3249,.T.);
#4083=ORIENTED_EDGE('',*,*,#3208,.T.);
#4084=ORIENTED_EDGE('',*,*,#3250,.T.);
#4085=ORIENTED_EDGE('',*,*,#3251,.T.);
#4086=ORIENTED_EDGE('',*,*,#3252,.T.);
#4087=ORIENTED_EDGE('',*,*,#3253,.T.);
#4088=ORIENTED_EDGE('',*,*,#3254,.T.);
#4089=ORIENTED_EDGE('',*,*,#3255,.T.);
#4090=ORIENTED_EDGE('',*,*,#3256,.T.);
#4091=ORIENTED_EDGE('',*,*,#3257,.T.);
#4092=ORIENTED_EDGE('',*,*,#3258,.T.);
#4093=ORIENTED_EDGE('',*,*,#3259,.F.);
#4094=ORIENTED_EDGE('',*,*,#3260,.F.);
#4095=ORIENTED_EDGE('',*,*,#3261,.T.);
#4096=ORIENTED_EDGE('',*,*,#3236,.T.);
#4097=ORIENTED_EDGE('',*,*,#3262,.F.);
#4098=ORIENTED_EDGE('',*,*,#3263,.F.);
#4099=ORIENTED_EDGE('',*,*,#3264,.F.);
#4100=ORIENTED_EDGE('',*,*,#3265,.T.);
#4101=ORIENTED_EDGE('',*,*,#3266,.F.);
#4102=ORIENTED_EDGE('',*,*,#3267,.F.);
#4103=ORIENTED_EDGE('',*,*,#3268,.F.);
#4104=ORIENTED_EDGE('',*,*,#3269,.F.);
#4105=ORIENTED_EDGE('',*,*,#3270,.F.);
#4106=ORIENTED_EDGE('',*,*,#3271,.T.);
#4107=ORIENTED_EDGE('',*,*,#3272,.T.);
#4108=ORIENTED_EDGE('',*,*,#3273,.T.);
#4109=ORIENTED_EDGE('',*,*,#3274,.F.);
#4110=ORIENTED_EDGE('',*,*,#3275,.T.);
#4111=ORIENTED_EDGE('',*,*,#3276,.T.);
#4112=ORIENTED_EDGE('',*,*,#3277,.T.);
#4113=ORIENTED_EDGE('',*,*,#3278,.F.);
#4114=ORIENTED_EDGE('',*,*,#3279,.T.);
#4115=ORIENTED_EDGE('',*,*,#3280,.F.);
#4116=ORIENTED_EDGE('',*,*,#3281,.F.);
#4117=ORIENTED_EDGE('',*,*,#3282,.F.);
#4118=ORIENTED_EDGE('',*,*,#3283,.F.);
#4119=ORIENTED_EDGE('',*,*,#3284,.F.);
#4120=ORIENTED_EDGE('',*,*,#3285,.F.);
#4121=ORIENTED_EDGE('',*,*,#3286,.F.);
#4122=ORIENTED_EDGE('',*,*,#3287,.F.);
#4123=ORIENTED_EDGE('',*,*,#3288,.F.);
#4124=ORIENTED_EDGE('',*,*,#3289,.F.);
#4125=ORIENTED_EDGE('',*,*,#3290,.F.);
#4126=ORIENTED_EDGE('',*,*,#3291,.F.);
#4127=ORIENTED_EDGE('',*,*,#3292,.F.);
#4128=ORIENTED_EDGE('',*,*,#3293,.F.);
#4129=ORIENTED_EDGE('',*,*,#3262,.T.);
#4130=ORIENTED_EDGE('',*,*,#3239,.T.);
#4131=ORIENTED_EDGE('',*,*,#3294,.F.);
#4132=ORIENTED_EDGE('',*,*,#3295,.F.);
#4133=ORIENTED_EDGE('',*,*,#3296,.F.);
#4134=ORIENTED_EDGE('',*,*,#3297,.T.);
#4135=ORIENTED_EDGE('',*,*,#3298,.F.);
#4136=ORIENTED_EDGE('',*,*,#3299,.F.);
#4137=ORIENTED_EDGE('',*,*,#3300,.F.);
#4138=ORIENTED_EDGE('',*,*,#3301,.T.);
#4139=ORIENTED_EDGE('',*,*,#3302,.F.);
#4140=ORIENTED_EDGE('',*,*,#3303,.F.);
#4141=ORIENTED_EDGE('',*,*,#3304,.F.);
#4142=ORIENTED_EDGE('',*,*,#3305,.F.);
#4143=ORIENTED_EDGE('',*,*,#3294,.T.);
#4144=ORIENTED_EDGE('',*,*,#3238,.T.);
#4145=ORIENTED_EDGE('',*,*,#3306,.F.);
#4146=ORIENTED_EDGE('',*,*,#3307,.F.);
#4147=ORIENTED_EDGE('',*,*,#3308,.F.);
#4148=ORIENTED_EDGE('',*,*,#3309,.T.);
#4149=ORIENTED_EDGE('',*,*,#3310,.F.);
#4150=ORIENTED_EDGE('',*,*,#3311,.F.);
#4151=ORIENTED_EDGE('',*,*,#3312,.F.);
#4152=ORIENTED_EDGE('',*,*,#3313,.F.);
#4153=ORIENTED_EDGE('',*,*,#3314,.F.);
#4154=ORIENTED_EDGE('',*,*,#3315,.T.);
#4155=ORIENTED_EDGE('',*,*,#3316,.T.);
#4156=ORIENTED_EDGE('',*,*,#3317,.T.);
#4157=ORIENTED_EDGE('',*,*,#3318,.F.);
#4158=ORIENTED_EDGE('',*,*,#3319,.T.);
#4159=ORIENTED_EDGE('',*,*,#3320,.T.);
#4160=ORIENTED_EDGE('',*,*,#3321,.T.);
#4161=ORIENTED_EDGE('',*,*,#3322,.F.);
#4162=ORIENTED_EDGE('',*,*,#3323,.F.);
#4163=ORIENTED_EDGE('',*,*,#3324,.F.);
#4164=ORIENTED_EDGE('',*,*,#3325,.T.);
#4165=ORIENTED_EDGE('',*,*,#3326,.F.);
#4166=ORIENTED_EDGE('',*,*,#3327,.F.);
#4167=ORIENTED_EDGE('',*,*,#3328,.F.);
#4168=ORIENTED_EDGE('',*,*,#3329,.T.);
#4169=ORIENTED_EDGE('',*,*,#3330,.F.);
#4170=ORIENTED_EDGE('',*,*,#3331,.F.);
#4171=ORIENTED_EDGE('',*,*,#3332,.F.);
#4172=ORIENTED_EDGE('',*,*,#3333,.F.);
#4173=ORIENTED_EDGE('',*,*,#3334,.F.);
#4174=ORIENTED_EDGE('',*,*,#3335,.F.);
#4175=ORIENTED_EDGE('',*,*,#3336,.F.);
#4176=ORIENTED_EDGE('',*,*,#3337,.F.);
#4177=ORIENTED_EDGE('',*,*,#3338,.F.);
#4178=ORIENTED_EDGE('',*,*,#3339,.F.);
#4179=ORIENTED_EDGE('',*,*,#3340,.F.);
#4180=ORIENTED_EDGE('',*,*,#3341,.F.);
#4181=ORIENTED_EDGE('',*,*,#3342,.F.);
#4182=ORIENTED_EDGE('',*,*,#3343,.F.);
#4183=ORIENTED_EDGE('',*,*,#3306,.T.);
#4184=ORIENTED_EDGE('',*,*,#3237,.T.);
#4185=ORIENTED_EDGE('',*,*,#3261,.F.);
#4186=ORIENTED_EDGE('',*,*,#3344,.F.);
#4187=ORIENTED_EDGE('',*,*,#3345,.F.);
#4188=ORIENTED_EDGE('',*,*,#3346,.T.);
#4189=ORIENTED_EDGE('',*,*,#3347,.F.);
#4190=ORIENTED_EDGE('',*,*,#3348,.F.);
#4191=ORIENTED_EDGE('',*,*,#3349,.F.);
#4192=ORIENTED_EDGE('',*,*,#3311,.T.);
#4193=ORIENTED_EDGE('',*,*,#3350,.F.);
#4194=ORIENTED_EDGE('',*,*,#3351,.F.);
#4195=ORIENTED_EDGE('',*,*,#3352,.F.);
#4196=ORIENTED_EDGE('',*,*,#3307,.T.);
#4197=ORIENTED_EDGE('',*,*,#3343,.T.);
#4198=ORIENTED_EDGE('',*,*,#3353,.F.);
#4199=ORIENTED_EDGE('',*,*,#3354,.F.);
#4200=ORIENTED_EDGE('',*,*,#3355,.F.);
#4201=ORIENTED_EDGE('',*,*,#3339,.T.);
#4202=ORIENTED_EDGE('',*,*,#3356,.F.);
#4203=ORIENTED_EDGE('',*,*,#3357,.F.);
#4204=ORIENTED_EDGE('',*,*,#3358,.F.);
#4205=ORIENTED_EDGE('',*,*,#3335,.T.);
#4206=ORIENTED_EDGE('',*,*,#3359,.F.);
#4207=ORIENTED_EDGE('',*,*,#3360,.F.);
#4208=ORIENTED_EDGE('',*,*,#3361,.F.);
#4209=ORIENTED_EDGE('',*,*,#3331,.T.);
#4210=ORIENTED_EDGE('',*,*,#3362,.F.);
#4211=ORIENTED_EDGE('',*,*,#3363,.F.);
#4212=ORIENTED_EDGE('',*,*,#3364,.F.);
#4213=ORIENTED_EDGE('',*,*,#3327,.T.);
#4214=ORIENTED_EDGE('',*,*,#3365,.F.);
#4215=ORIENTED_EDGE('',*,*,#3366,.F.);
#4216=ORIENTED_EDGE('',*,*,#3367,.F.);
#4217=ORIENTED_EDGE('',*,*,#3323,.T.);
#4218=ORIENTED_EDGE('',*,*,#3368,.F.);
#4219=ORIENTED_EDGE('',*,*,#3369,.F.);
#4220=ORIENTED_EDGE('',*,*,#3370,.F.);
#4221=ORIENTED_EDGE('',*,*,#3344,.T.);
#4222=ORIENTED_EDGE('',*,*,#3260,.T.);
#4223=ORIENTED_EDGE('',*,*,#3371,.F.);
#4224=ORIENTED_EDGE('',*,*,#3372,.F.);
#4225=ORIENTED_EDGE('',*,*,#3373,.F.);
#4226=ORIENTED_EDGE('',*,*,#3267,.T.);
#4227=ORIENTED_EDGE('',*,*,#3374,.F.);
#4228=ORIENTED_EDGE('',*,*,#3375,.F.);
#4229=ORIENTED_EDGE('',*,*,#3376,.F.);
#4230=ORIENTED_EDGE('',*,*,#3263,.T.);
#4231=ORIENTED_EDGE('',*,*,#3293,.T.);
#4232=ORIENTED_EDGE('',*,*,#3377,.F.);
#4233=ORIENTED_EDGE('',*,*,#3220,.F.);
#4234=ORIENTED_EDGE('',*,*,#3378,.F.);
#4235=ORIENTED_EDGE('',*,*,#3289,.T.);
#4236=ORIENTED_EDGE('',*,*,#3379,.F.);
#4237=ORIENTED_EDGE('',*,*,#3224,.F.);
#4238=ORIENTED_EDGE('',*,*,#3380,.F.);
#4239=ORIENTED_EDGE('',*,*,#3285,.T.);
#4240=ORIENTED_EDGE('',*,*,#3381,.F.);
#4241=ORIENTED_EDGE('',*,*,#3232,.F.);
#4242=ORIENTED_EDGE('',*,*,#3382,.F.);
#4243=ORIENTED_EDGE('',*,*,#3281,.T.);
#4244=ORIENTED_EDGE('',*,*,#3383,.F.);
#4245=ORIENTED_EDGE('',*,*,#3212,.F.);
#4246=ORIENTED_EDGE('',*,*,#3384,.F.);
#4247=ORIENTED_EDGE('',*,*,#3303,.T.);
#4248=ORIENTED_EDGE('',*,*,#3385,.F.);
#4249=ORIENTED_EDGE('',*,*,#3216,.F.);
#4250=ORIENTED_EDGE('',*,*,#3386,.F.);
#4251=ORIENTED_EDGE('',*,*,#3299,.T.);
#4252=ORIENTED_EDGE('',*,*,#3387,.F.);
#4253=ORIENTED_EDGE('',*,*,#3228,.F.);
#4254=ORIENTED_EDGE('',*,*,#3388,.F.);
#4255=ORIENTED_EDGE('',*,*,#3295,.T.);
#4256=ORIENTED_EDGE('',*,*,#3305,.T.);
#4257=ORIENTED_EDGE('',*,*,#3389,.F.);
#4258=ORIENTED_EDGE('',*,*,#3390,.F.);
#4259=ORIENTED_EDGE('',*,*,#3391,.F.);
#4260=ORIENTED_EDGE('',*,*,#3392,.F.);
#4261=ORIENTED_EDGE('',*,*,#3393,.F.);
#4262=ORIENTED_EDGE('',*,*,#3394,.F.);
#4263=ORIENTED_EDGE('',*,*,#3395,.F.);
#4264=ORIENTED_EDGE('',*,*,#3396,.F.);
#4265=ORIENTED_EDGE('',*,*,#3397,.F.);
#4266=ORIENTED_EDGE('',*,*,#3398,.F.);
#4267=ORIENTED_EDGE('',*,*,#3389,.T.);
#4268=ORIENTED_EDGE('',*,*,#3399,.T.);
#4269=ORIENTED_EDGE('',*,*,#3400,.F.);
#4270=ORIENTED_EDGE('',*,*,#3401,.F.);
#4271=ORIENTED_EDGE('',*,*,#3398,.T.);
#4272=ORIENTED_EDGE('',*,*,#3402,.T.);
#4273=ORIENTED_EDGE('',*,*,#3403,.F.);
#4274=ORIENTED_EDGE('',*,*,#3399,.F.);
#4275=ORIENTED_EDGE('',*,*,#3397,.T.);
#4276=ORIENTED_EDGE('',*,*,#3404,.T.);
#4277=ORIENTED_EDGE('',*,*,#3405,.F.);
#4278=ORIENTED_EDGE('',*,*,#3402,.F.);
#4279=ORIENTED_EDGE('',*,*,#3396,.T.);
#4280=ORIENTED_EDGE('',*,*,#3406,.T.);
#4281=ORIENTED_EDGE('',*,*,#3407,.F.);
#4282=ORIENTED_EDGE('',*,*,#3404,.F.);
#4283=ORIENTED_EDGE('',*,*,#3395,.T.);
#4284=ORIENTED_EDGE('',*,*,#3408,.T.);
#4285=ORIENTED_EDGE('',*,*,#3409,.F.);
#4286=ORIENTED_EDGE('',*,*,#3406,.F.);
#4287=ORIENTED_EDGE('',*,*,#3394,.T.);
#4288=ORIENTED_EDGE('',*,*,#3410,.T.);
#4289=ORIENTED_EDGE('',*,*,#3411,.F.);
#4290=ORIENTED_EDGE('',*,*,#3408,.F.);
#4291=ORIENTED_EDGE('',*,*,#3393,.T.);
#4292=ORIENTED_EDGE('',*,*,#3412,.T.);
#4293=ORIENTED_EDGE('',*,*,#3413,.F.);
#4294=ORIENTED_EDGE('',*,*,#3410,.F.);
#4295=ORIENTED_EDGE('',*,*,#3392,.T.);
#4296=ORIENTED_EDGE('',*,*,#3414,.T.);
#4297=ORIENTED_EDGE('',*,*,#3415,.F.);
#4298=ORIENTED_EDGE('',*,*,#3412,.F.);
#4299=ORIENTED_EDGE('',*,*,#3391,.T.);
#4300=ORIENTED_EDGE('',*,*,#3416,.T.);
#4301=ORIENTED_EDGE('',*,*,#3417,.F.);
#4302=ORIENTED_EDGE('',*,*,#3414,.F.);
#4303=ORIENTED_EDGE('',*,*,#3390,.T.);
#4304=ORIENTED_EDGE('',*,*,#3401,.T.);
#4305=ORIENTED_EDGE('',*,*,#3418,.F.);
#4306=ORIENTED_EDGE('',*,*,#3416,.F.);
#4307=ORIENTED_EDGE('',*,*,#3400,.T.);
#4308=ORIENTED_EDGE('',*,*,#3403,.T.);
#4309=ORIENTED_EDGE('',*,*,#3405,.T.);
#4310=ORIENTED_EDGE('',*,*,#3407,.T.);
#4311=ORIENTED_EDGE('',*,*,#3409,.T.);
#4312=ORIENTED_EDGE('',*,*,#3411,.T.);
#4313=ORIENTED_EDGE('',*,*,#3413,.T.);
#4314=ORIENTED_EDGE('',*,*,#3415,.T.);
#4315=ORIENTED_EDGE('',*,*,#3417,.T.);
#4316=ORIENTED_EDGE('',*,*,#3418,.T.);
#4317=ORIENTED_EDGE('',*,*,#3419,.T.);
#4318=ORIENTED_EDGE('',*,*,#3420,.T.);
#4319=ORIENTED_EDGE('',*,*,#3421,.T.);
#4320=ORIENTED_EDGE('',*,*,#3325,.F.);
#4321=ORIENTED_EDGE('',*,*,#3366,.T.);
#4322=ORIENTED_EDGE('',*,*,#3422,.T.);
#4323=ORIENTED_EDGE('',*,*,#3420,.F.);
#4324=ORIENTED_EDGE('',*,*,#3423,.F.);
#4325=ORIENTED_EDGE('',*,*,#3326,.T.);
#4326=ORIENTED_EDGE('',*,*,#3421,.F.);
#4327=ORIENTED_EDGE('',*,*,#3422,.F.);
#4328=ORIENTED_EDGE('',*,*,#3365,.T.);
#4329=ORIENTED_EDGE('',*,*,#3324,.T.);
#4330=ORIENTED_EDGE('',*,*,#3367,.T.);
#4331=ORIENTED_EDGE('',*,*,#3423,.T.);
#4332=ORIENTED_EDGE('',*,*,#3419,.F.);
#4333=ORIENTED_EDGE('',*,*,#3424,.T.);
#4334=ORIENTED_EDGE('',*,*,#3425,.T.);
#4335=ORIENTED_EDGE('',*,*,#3426,.T.);
#4336=ORIENTED_EDGE('',*,*,#3329,.F.);
#4337=ORIENTED_EDGE('',*,*,#3363,.T.);
#4338=ORIENTED_EDGE('',*,*,#3427,.T.);
#4339=ORIENTED_EDGE('',*,*,#3425,.F.);
#4340=ORIENTED_EDGE('',*,*,#3428,.F.);
#4341=ORIENTED_EDGE('',*,*,#3330,.T.);
#4342=ORIENTED_EDGE('',*,*,#3426,.F.);
#4343=ORIENTED_EDGE('',*,*,#3427,.F.);
#4344=ORIENTED_EDGE('',*,*,#3362,.T.);
#4345=ORIENTED_EDGE('',*,*,#3328,.T.);
#4346=ORIENTED_EDGE('',*,*,#3364,.T.);
#4347=ORIENTED_EDGE('',*,*,#3428,.T.);
#4348=ORIENTED_EDGE('',*,*,#3424,.F.);
#4349=ORIENTED_EDGE('',*,*,#3283,.T.);
#4350=ORIENTED_EDGE('',*,*,#3429,.T.);
#4351=ORIENTED_EDGE('',*,*,#3234,.T.);
#4352=ORIENTED_EDGE('',*,*,#3430,.T.);
#4353=ORIENTED_EDGE('',*,*,#3284,.T.);
#4354=ORIENTED_EDGE('',*,*,#3430,.F.);
#4355=ORIENTED_EDGE('',*,*,#3233,.F.);
#4356=ORIENTED_EDGE('',*,*,#3381,.T.);
#4357=ORIENTED_EDGE('',*,*,#3282,.T.);
#4358=ORIENTED_EDGE('',*,*,#3382,.T.);
#4359=ORIENTED_EDGE('',*,*,#3235,.T.);
#4360=ORIENTED_EDGE('',*,*,#3429,.F.);
#4361=ORIENTED_EDGE('',*,*,#3431,.T.);
#4362=ORIENTED_EDGE('',*,*,#3230,.T.);
#4363=ORIENTED_EDGE('',*,*,#3432,.T.);
#4364=ORIENTED_EDGE('',*,*,#3297,.F.);
#4365=ORIENTED_EDGE('',*,*,#3296,.T.);
#4366=ORIENTED_EDGE('',*,*,#3388,.T.);
#4367=ORIENTED_EDGE('',*,*,#3231,.T.);
#4368=ORIENTED_EDGE('',*,*,#3431,.F.);
#4369=ORIENTED_EDGE('',*,*,#3298,.T.);
#4370=ORIENTED_EDGE('',*,*,#3432,.F.);
#4371=ORIENTED_EDGE('',*,*,#3229,.F.);
#4372=ORIENTED_EDGE('',*,*,#3387,.T.);
#4373=ORIENTED_EDGE('',*,*,#3287,.T.);
#4374=ORIENTED_EDGE('',*,*,#3433,.T.);
#4375=ORIENTED_EDGE('',*,*,#3226,.T.);
#4376=ORIENTED_EDGE('',*,*,#3434,.T.);
#4377=ORIENTED_EDGE('',*,*,#3288,.T.);
#4378=ORIENTED_EDGE('',*,*,#3434,.F.);
#4379=ORIENTED_EDGE('',*,*,#3225,.F.);
#4380=ORIENTED_EDGE('',*,*,#3379,.T.);
#4381=ORIENTED_EDGE('',*,*,#3286,.T.);
#4382=ORIENTED_EDGE('',*,*,#3380,.T.);
#4383=ORIENTED_EDGE('',*,*,#3227,.T.);
#4384=ORIENTED_EDGE('',*,*,#3433,.F.);
#4385=ORIENTED_EDGE('',*,*,#3291,.T.);
#4386=ORIENTED_EDGE('',*,*,#3435,.T.);
#4387=ORIENTED_EDGE('',*,*,#3222,.T.);
#4388=ORIENTED_EDGE('',*,*,#3436,.T.);
#4389=ORIENTED_EDGE('',*,*,#3292,.T.);
#4390=ORIENTED_EDGE('',*,*,#3436,.F.);
#4391=ORIENTED_EDGE('',*,*,#3221,.F.);
#4392=ORIENTED_EDGE('',*,*,#3377,.T.);
#4393=ORIENTED_EDGE('',*,*,#3290,.T.);
#4394=ORIENTED_EDGE('',*,*,#3378,.T.);
#4395=ORIENTED_EDGE('',*,*,#3223,.T.);
#4396=ORIENTED_EDGE('',*,*,#3435,.F.);
#4397=ORIENTED_EDGE('',*,*,#3437,.T.);
#4398=ORIENTED_EDGE('',*,*,#3218,.T.);
#4399=ORIENTED_EDGE('',*,*,#3438,.T.);
#4400=ORIENTED_EDGE('',*,*,#3301,.F.);
#4401=ORIENTED_EDGE('',*,*,#3300,.T.);
#4402=ORIENTED_EDGE('',*,*,#3386,.T.);
#4403=ORIENTED_EDGE('',*,*,#3219,.T.);
#4404=ORIENTED_EDGE('',*,*,#3437,.F.);
#4405=ORIENTED_EDGE('',*,*,#3302,.T.);
#4406=ORIENTED_EDGE('',*,*,#3438,.F.);
#4407=ORIENTED_EDGE('',*,*,#3217,.F.);
#4408=ORIENTED_EDGE('',*,*,#3385,.T.);
#4409=ORIENTED_EDGE('',*,*,#3439,.T.);
#4410=ORIENTED_EDGE('',*,*,#3214,.T.);
#4411=ORIENTED_EDGE('',*,*,#3440,.T.);
#4412=ORIENTED_EDGE('',*,*,#3279,.F.);
#4413=ORIENTED_EDGE('',*,*,#3278,.T.);
#4414=ORIENTED_EDGE('',*,*,#3384,.T.);
#4415=ORIENTED_EDGE('',*,*,#3215,.T.);
#4416=ORIENTED_EDGE('',*,*,#3439,.F.);
#4417=ORIENTED_EDGE('',*,*,#3280,.T.);
#4418=ORIENTED_EDGE('',*,*,#3440,.F.);
#4419=ORIENTED_EDGE('',*,*,#3213,.F.);
#4420=ORIENTED_EDGE('',*,*,#3383,.T.);
#4421=ORIENTED_EDGE('',*,*,#3333,.T.);
#4422=ORIENTED_EDGE('',*,*,#3441,.T.);
#4423=ORIENTED_EDGE('',*,*,#3442,.T.);
#4424=ORIENTED_EDGE('',*,*,#3443,.T.);
#4425=ORIENTED_EDGE('',*,*,#3360,.T.);
#4426=ORIENTED_EDGE('',*,*,#3444,.T.);
#4427=ORIENTED_EDGE('',*,*,#3442,.F.);
#4428=ORIENTED_EDGE('',*,*,#3445,.F.);
#4429=ORIENTED_EDGE('',*,*,#3334,.T.);
#4430=ORIENTED_EDGE('',*,*,#3443,.F.);
#4431=ORIENTED_EDGE('',*,*,#3444,.F.);
#4432=ORIENTED_EDGE('',*,*,#3359,.T.);
#4433=ORIENTED_EDGE('',*,*,#3332,.T.);
#4434=ORIENTED_EDGE('',*,*,#3361,.T.);
#4435=ORIENTED_EDGE('',*,*,#3445,.T.);
#4436=ORIENTED_EDGE('',*,*,#3441,.F.);
#4437=ORIENTED_EDGE('',*,*,#3337,.T.);
#4438=ORIENTED_EDGE('',*,*,#3446,.T.);
#4439=ORIENTED_EDGE('',*,*,#3447,.T.);
#4440=ORIENTED_EDGE('',*,*,#3448,.T.);
#4441=ORIENTED_EDGE('',*,*,#3357,.T.);
#4442=ORIENTED_EDGE('',*,*,#3449,.T.);
#4443=ORIENTED_EDGE('',*,*,#3447,.F.);
#4444=ORIENTED_EDGE('',*,*,#3450,.F.);
#4445=ORIENTED_EDGE('',*,*,#3338,.T.);
#4446=ORIENTED_EDGE('',*,*,#3448,.F.);
#4447=ORIENTED_EDGE('',*,*,#3449,.F.);
#4448=ORIENTED_EDGE('',*,*,#3356,.T.);
#4449=ORIENTED_EDGE('',*,*,#3336,.T.);
#4450=ORIENTED_EDGE('',*,*,#3358,.T.);
#4451=ORIENTED_EDGE('',*,*,#3450,.T.);
#4452=ORIENTED_EDGE('',*,*,#3446,.F.);
#4453=ORIENTED_EDGE('',*,*,#3341,.T.);
#4454=ORIENTED_EDGE('',*,*,#3451,.T.);
#4455=ORIENTED_EDGE('',*,*,#3452,.T.);
#4456=ORIENTED_EDGE('',*,*,#3453,.T.);
#4457=ORIENTED_EDGE('',*,*,#3354,.T.);
#4458=ORIENTED_EDGE('',*,*,#3454,.T.);
#4459=ORIENTED_EDGE('',*,*,#3452,.F.);
#4460=ORIENTED_EDGE('',*,*,#3455,.F.);
#4461=ORIENTED_EDGE('',*,*,#3342,.T.);
#4462=ORIENTED_EDGE('',*,*,#3453,.F.);
#4463=ORIENTED_EDGE('',*,*,#3454,.F.);
#4464=ORIENTED_EDGE('',*,*,#3353,.T.);
#4465=ORIENTED_EDGE('',*,*,#3340,.T.);
#4466=ORIENTED_EDGE('',*,*,#3355,.T.);
#4467=ORIENTED_EDGE('',*,*,#3455,.T.);
#4468=ORIENTED_EDGE('',*,*,#3451,.F.);
#4469=ORIENTED_EDGE('',*,*,#3456,.T.);
#4470=ORIENTED_EDGE('',*,*,#3457,.T.);
#4471=ORIENTED_EDGE('',*,*,#3458,.T.);
#4472=ORIENTED_EDGE('',*,*,#3346,.F.);
#4473=ORIENTED_EDGE('',*,*,#3369,.T.);
#4474=ORIENTED_EDGE('',*,*,#3459,.T.);
#4475=ORIENTED_EDGE('',*,*,#3457,.F.);
#4476=ORIENTED_EDGE('',*,*,#3460,.F.);
#4477=ORIENTED_EDGE('',*,*,#3322,.T.);
#4478=ORIENTED_EDGE('',*,*,#3458,.F.);
#4479=ORIENTED_EDGE('',*,*,#3459,.F.);
#4480=ORIENTED_EDGE('',*,*,#3368,.T.);
#4481=ORIENTED_EDGE('',*,*,#3345,.T.);
#4482=ORIENTED_EDGE('',*,*,#3370,.T.);
#4483=ORIENTED_EDGE('',*,*,#3460,.T.);
#4484=ORIENTED_EDGE('',*,*,#3456,.F.);
#4485=ORIENTED_EDGE('',*,*,#3461,.T.);
#4486=ORIENTED_EDGE('',*,*,#3462,.T.);
#4487=ORIENTED_EDGE('',*,*,#3463,.T.);
#4488=ORIENTED_EDGE('',*,*,#3265,.F.);
#4489=ORIENTED_EDGE('',*,*,#3264,.T.);
#4490=ORIENTED_EDGE('',*,*,#3376,.T.);
#4491=ORIENTED_EDGE('',*,*,#3464,.T.);
#4492=ORIENTED_EDGE('',*,*,#3461,.F.);
#4493=ORIENTED_EDGE('',*,*,#3375,.T.);
#4494=ORIENTED_EDGE('',*,*,#3465,.T.);
#4495=ORIENTED_EDGE('',*,*,#3462,.F.);
#4496=ORIENTED_EDGE('',*,*,#3464,.F.);
#4497=ORIENTED_EDGE('',*,*,#3266,.T.);
#4498=ORIENTED_EDGE('',*,*,#3463,.F.);
#4499=ORIENTED_EDGE('',*,*,#3465,.F.);
#4500=ORIENTED_EDGE('',*,*,#3374,.T.);
#4501=ORIENTED_EDGE('',*,*,#3269,.T.);
#4502=ORIENTED_EDGE('',*,*,#3466,.T.);
#4503=ORIENTED_EDGE('',*,*,#3467,.T.);
#4504=ORIENTED_EDGE('',*,*,#3468,.T.);
#4505=ORIENTED_EDGE('',*,*,#3372,.T.);
#4506=ORIENTED_EDGE('',*,*,#3469,.T.);
#4507=ORIENTED_EDGE('',*,*,#3467,.F.);
#4508=ORIENTED_EDGE('',*,*,#3470,.F.);
#4509=ORIENTED_EDGE('',*,*,#3259,.T.);
#4510=ORIENTED_EDGE('',*,*,#3468,.F.);
#4511=ORIENTED_EDGE('',*,*,#3469,.F.);
#4512=ORIENTED_EDGE('',*,*,#3371,.T.);
#4513=ORIENTED_EDGE('',*,*,#3268,.T.);
#4514=ORIENTED_EDGE('',*,*,#3373,.T.);
#4515=ORIENTED_EDGE('',*,*,#3470,.T.);
#4516=ORIENTED_EDGE('',*,*,#3466,.F.);
#4517=ORIENTED_EDGE('',*,*,#3471,.T.);
#4518=ORIENTED_EDGE('',*,*,#3472,.T.);
#4519=ORIENTED_EDGE('',*,*,#3473,.T.);
#4520=ORIENTED_EDGE('',*,*,#3309,.F.);
#4521=ORIENTED_EDGE('',*,*,#3351,.T.);
#4522=ORIENTED_EDGE('',*,*,#3474,.T.);
#4523=ORIENTED_EDGE('',*,*,#3472,.F.);
#4524=ORIENTED_EDGE('',*,*,#3475,.F.);
#4525=ORIENTED_EDGE('',*,*,#3310,.T.);
#4526=ORIENTED_EDGE('',*,*,#3473,.F.);
#4527=ORIENTED_EDGE('',*,*,#3474,.F.);
#4528=ORIENTED_EDGE('',*,*,#3350,.T.);
#4529=ORIENTED_EDGE('',*,*,#3308,.T.);
#4530=ORIENTED_EDGE('',*,*,#3352,.T.);
#4531=ORIENTED_EDGE('',*,*,#3475,.T.);
#4532=ORIENTED_EDGE('',*,*,#3471,.F.);
#4533=ORIENTED_EDGE('',*,*,#3313,.T.);
#4534=ORIENTED_EDGE('',*,*,#3476,.T.);
#4535=ORIENTED_EDGE('',*,*,#3477,.T.);
#4536=ORIENTED_EDGE('',*,*,#3478,.T.);
#4537=ORIENTED_EDGE('',*,*,#3348,.T.);
#4538=ORIENTED_EDGE('',*,*,#3479,.T.);
#4539=ORIENTED_EDGE('',*,*,#3477,.F.);
#4540=ORIENTED_EDGE('',*,*,#3480,.F.);
#4541=ORIENTED_EDGE('',*,*,#3304,.T.);
#4542=ORIENTED_EDGE('',*,*,#3478,.F.);
#4543=ORIENTED_EDGE('',*,*,#3479,.F.);
#4544=ORIENTED_EDGE('',*,*,#3347,.T.);
#4545=ORIENTED_EDGE('',*,*,#3312,.T.);
#4546=ORIENTED_EDGE('',*,*,#3349,.T.);
#4547=ORIENTED_EDGE('',*,*,#3480,.T.);
#4548=ORIENTED_EDGE('',*,*,#3476,.F.);
#4549=ORIENTED_EDGE('',*,*,#3481,.F.);
#4550=ORIENTED_EDGE('',*,*,#3482,.T.);
#4551=ORIENTED_EDGE('',*,*,#3483,.T.);
#4552=ORIENTED_EDGE('',*,*,#3315,.F.);
#4553=ORIENTED_EDGE('',*,*,#3484,.T.);
#4554=ORIENTED_EDGE('',*,*,#3485,.F.);
#4555=ORIENTED_EDGE('',*,*,#3486,.F.);
#4556=ORIENTED_EDGE('',*,*,#3317,.F.);
#4557=ORIENTED_EDGE('',*,*,#3314,.T.);
#4558=ORIENTED_EDGE('',*,*,#3486,.T.);
#4559=ORIENTED_EDGE('',*,*,#3487,.T.);
#4560=ORIENTED_EDGE('',*,*,#3481,.T.);
#4561=ORIENTED_EDGE('',*,*,#3483,.F.);
#4562=ORIENTED_EDGE('',*,*,#3488,.F.);
#4563=ORIENTED_EDGE('',*,*,#3484,.F.);
#4564=ORIENTED_EDGE('',*,*,#3316,.F.);
#4565=ORIENTED_EDGE('',*,*,#3488,.T.);
#4566=ORIENTED_EDGE('',*,*,#3482,.F.);
#4567=ORIENTED_EDGE('',*,*,#3487,.F.);
#4568=ORIENTED_EDGE('',*,*,#3485,.T.);
#4569=ORIENTED_EDGE('',*,*,#3489,.T.);
#4570=ORIENTED_EDGE('',*,*,#3490,.F.);
#4571=ORIENTED_EDGE('',*,*,#3491,.F.);
#4572=ORIENTED_EDGE('',*,*,#3321,.F.);
#4573=ORIENTED_EDGE('',*,*,#3492,.F.);
#4574=ORIENTED_EDGE('',*,*,#3493,.T.);
#4575=ORIENTED_EDGE('',*,*,#3494,.T.);
#4576=ORIENTED_EDGE('',*,*,#3319,.F.);
#4577=ORIENTED_EDGE('',*,*,#3318,.T.);
#4578=ORIENTED_EDGE('',*,*,#3491,.T.);
#4579=ORIENTED_EDGE('',*,*,#3495,.T.);
#4580=ORIENTED_EDGE('',*,*,#3492,.T.);
#4581=ORIENTED_EDGE('',*,*,#3494,.F.);
#4582=ORIENTED_EDGE('',*,*,#3496,.F.);
#4583=ORIENTED_EDGE('',*,*,#3489,.F.);
#4584=ORIENTED_EDGE('',*,*,#3320,.F.);
#4585=ORIENTED_EDGE('',*,*,#3496,.T.);
#4586=ORIENTED_EDGE('',*,*,#3493,.F.);
#4587=ORIENTED_EDGE('',*,*,#3495,.F.);
#4588=ORIENTED_EDGE('',*,*,#3490,.T.);
#4589=ORIENTED_EDGE('',*,*,#3497,.F.);
#4590=ORIENTED_EDGE('',*,*,#3498,.T.);
#4591=ORIENTED_EDGE('',*,*,#3499,.T.);
#4592=ORIENTED_EDGE('',*,*,#3271,.F.);
#4593=ORIENTED_EDGE('',*,*,#3500,.T.);
#4594=ORIENTED_EDGE('',*,*,#3501,.F.);
#4595=ORIENTED_EDGE('',*,*,#3502,.F.);
#4596=ORIENTED_EDGE('',*,*,#3273,.F.);
#4597=ORIENTED_EDGE('',*,*,#3270,.T.);
#4598=ORIENTED_EDGE('',*,*,#3502,.T.);
#4599=ORIENTED_EDGE('',*,*,#3503,.T.);
#4600=ORIENTED_EDGE('',*,*,#3497,.T.);
#4601=ORIENTED_EDGE('',*,*,#3499,.F.);
#4602=ORIENTED_EDGE('',*,*,#3504,.F.);
#4603=ORIENTED_EDGE('',*,*,#3500,.F.);
#4604=ORIENTED_EDGE('',*,*,#3272,.F.);
#4605=ORIENTED_EDGE('',*,*,#3504,.T.);
#4606=ORIENTED_EDGE('',*,*,#3498,.F.);
#4607=ORIENTED_EDGE('',*,*,#3503,.F.);
#4608=ORIENTED_EDGE('',*,*,#3501,.T.);
#4609=ORIENTED_EDGE('',*,*,#3505,.T.);
#4610=ORIENTED_EDGE('',*,*,#3506,.F.);
#4611=ORIENTED_EDGE('',*,*,#3507,.F.);
#4612=ORIENTED_EDGE('',*,*,#3277,.F.);
#4613=ORIENTED_EDGE('',*,*,#3508,.F.);
#4614=ORIENTED_EDGE('',*,*,#3509,.T.);
#4615=ORIENTED_EDGE('',*,*,#3510,.T.);
#4616=ORIENTED_EDGE('',*,*,#3275,.F.);
#4617=ORIENTED_EDGE('',*,*,#3274,.T.);
#4618=ORIENTED_EDGE('',*,*,#3507,.T.);
#4619=ORIENTED_EDGE('',*,*,#3511,.T.);
#4620=ORIENTED_EDGE('',*,*,#3508,.T.);
#4621=ORIENTED_EDGE('',*,*,#3510,.F.);
#4622=ORIENTED_EDGE('',*,*,#3512,.F.);
#4623=ORIENTED_EDGE('',*,*,#3505,.F.);
#4624=ORIENTED_EDGE('',*,*,#3276,.F.);
#4625=ORIENTED_EDGE('',*,*,#3512,.T.);
#4626=ORIENTED_EDGE('',*,*,#3509,.F.);
#4627=ORIENTED_EDGE('',*,*,#3511,.F.);
#4628=ORIENTED_EDGE('',*,*,#3506,.T.);
#4629=ORIENTED_EDGE('',*,*,#3513,.T.);
#4630=ORIENTED_EDGE('',*,*,#3514,.F.);
#4631=ORIENTED_EDGE('',*,*,#3209,.F.);
#4632=ORIENTED_EDGE('',*,*,#3249,.F.);
#4633=ORIENTED_EDGE('',*,*,#3515,.T.);
#4634=ORIENTED_EDGE('',*,*,#3516,.F.);
#4635=ORIENTED_EDGE('',*,*,#3513,.F.);
#4636=ORIENTED_EDGE('',*,*,#3258,.F.);
#4637=ORIENTED_EDGE('',*,*,#3517,.T.);
#4638=ORIENTED_EDGE('',*,*,#3518,.F.);
#4639=ORIENTED_EDGE('',*,*,#3515,.F.);
#4640=ORIENTED_EDGE('',*,*,#3257,.F.);
#4641=ORIENTED_EDGE('',*,*,#3519,.T.);
#4642=ORIENTED_EDGE('',*,*,#3520,.F.);
#4643=ORIENTED_EDGE('',*,*,#3517,.F.);
#4644=ORIENTED_EDGE('',*,*,#3256,.F.);
#4645=ORIENTED_EDGE('',*,*,#3521,.T.);
#4646=ORIENTED_EDGE('',*,*,#3522,.F.);
#4647=ORIENTED_EDGE('',*,*,#3519,.F.);
#4648=ORIENTED_EDGE('',*,*,#3255,.F.);
#4649=ORIENTED_EDGE('',*,*,#3523,.T.);
#4650=ORIENTED_EDGE('',*,*,#3524,.F.);
#4651=ORIENTED_EDGE('',*,*,#3521,.F.);
#4652=ORIENTED_EDGE('',*,*,#3254,.F.);
#4653=ORIENTED_EDGE('',*,*,#3525,.T.);
#4654=ORIENTED_EDGE('',*,*,#3526,.F.);
#4655=ORIENTED_EDGE('',*,*,#3523,.F.);
#4656=ORIENTED_EDGE('',*,*,#3253,.F.);
#4657=ORIENTED_EDGE('',*,*,#3527,.T.);
#4658=ORIENTED_EDGE('',*,*,#3528,.F.);
#4659=ORIENTED_EDGE('',*,*,#3525,.F.);
#4660=ORIENTED_EDGE('',*,*,#3252,.F.);
#4661=ORIENTED_EDGE('',*,*,#3529,.T.);
#4662=ORIENTED_EDGE('',*,*,#3530,.F.);
#4663=ORIENTED_EDGE('',*,*,#3527,.F.);
#4664=ORIENTED_EDGE('',*,*,#3251,.F.);
#4665=ORIENTED_EDGE('',*,*,#3211,.T.);
#4666=ORIENTED_EDGE('',*,*,#3531,.F.);
#4667=ORIENTED_EDGE('',*,*,#3529,.F.);
#4668=ORIENTED_EDGE('',*,*,#3250,.F.);
#4669=ORIENTED_EDGE('',*,*,#3210,.T.);
#4670=ORIENTED_EDGE('',*,*,#3514,.T.);
#4671=ORIENTED_EDGE('',*,*,#3516,.T.);
#4672=ORIENTED_EDGE('',*,*,#3518,.T.);
#4673=ORIENTED_EDGE('',*,*,#3520,.T.);
#4674=ORIENTED_EDGE('',*,*,#3522,.T.);
#4675=ORIENTED_EDGE('',*,*,#3524,.T.);
#4676=ORIENTED_EDGE('',*,*,#3526,.T.);
#4677=ORIENTED_EDGE('',*,*,#3528,.T.);
#4678=ORIENTED_EDGE('',*,*,#3530,.T.);
#4679=ORIENTED_EDGE('',*,*,#3531,.T.);
#4680=ORIENTED_EDGE('',*,*,#3207,.T.);
#4681=ORIENTED_EDGE('',*,*,#3532,.T.);
#4682=ORIENTED_EDGE('',*,*,#3533,.F.);
#4683=ORIENTED_EDGE('',*,*,#3534,.F.);
#4684=ORIENTED_EDGE('',*,*,#3241,.F.);
#4685=ORIENTED_EDGE('',*,*,#3535,.T.);
#4686=ORIENTED_EDGE('',*,*,#3536,.F.);
#4687=ORIENTED_EDGE('',*,*,#3532,.F.);
#4688=ORIENTED_EDGE('',*,*,#3240,.F.);
#4689=ORIENTED_EDGE('',*,*,#3537,.T.);
#4690=ORIENTED_EDGE('',*,*,#3538,.F.);
#4691=ORIENTED_EDGE('',*,*,#3535,.F.);
#4692=ORIENTED_EDGE('',*,*,#3248,.F.);
#4693=ORIENTED_EDGE('',*,*,#3539,.T.);
#4694=ORIENTED_EDGE('',*,*,#3540,.F.);
#4695=ORIENTED_EDGE('',*,*,#3537,.F.);
#4696=ORIENTED_EDGE('',*,*,#3247,.F.);
#4697=ORIENTED_EDGE('',*,*,#3541,.T.);
#4698=ORIENTED_EDGE('',*,*,#3542,.F.);
#4699=ORIENTED_EDGE('',*,*,#3539,.F.);
#4700=ORIENTED_EDGE('',*,*,#3246,.F.);
#4701=ORIENTED_EDGE('',*,*,#3204,.T.);
#4702=ORIENTED_EDGE('',*,*,#3543,.F.);
#4703=ORIENTED_EDGE('',*,*,#3541,.F.);
#4704=ORIENTED_EDGE('',*,*,#3245,.F.);
#4705=ORIENTED_EDGE('',*,*,#3544,.T.);
#4706=ORIENTED_EDGE('',*,*,#3545,.F.);
#4707=ORIENTED_EDGE('',*,*,#3202,.F.);
#4708=ORIENTED_EDGE('',*,*,#3244,.F.);
#4709=ORIENTED_EDGE('',*,*,#3200,.T.);
#4710=ORIENTED_EDGE('',*,*,#3546,.F.);
#4711=ORIENTED_EDGE('',*,*,#3544,.F.);
#4712=ORIENTED_EDGE('',*,*,#3243,.F.);
#4713=ORIENTED_EDGE('',*,*,#3534,.T.);
#4714=ORIENTED_EDGE('',*,*,#3547,.F.);
#4715=ORIENTED_EDGE('',*,*,#3198,.F.);
#4716=ORIENTED_EDGE('',*,*,#3242,.F.);
#4717=ORIENTED_EDGE('',*,*,#3533,.T.);
#4718=ORIENTED_EDGE('',*,*,#3536,.T.);
#4719=ORIENTED_EDGE('',*,*,#3538,.T.);
#4720=ORIENTED_EDGE('',*,*,#3540,.T.);
#4721=ORIENTED_EDGE('',*,*,#3542,.T.);
#4722=ORIENTED_EDGE('',*,*,#3543,.T.);
#4723=ORIENTED_EDGE('',*,*,#3203,.T.);
#4724=ORIENTED_EDGE('',*,*,#3545,.T.);
#4725=ORIENTED_EDGE('',*,*,#3546,.T.);
#4726=ORIENTED_EDGE('',*,*,#3199,.T.);
#4727=ORIENTED_EDGE('',*,*,#3547,.T.);
#4728=ORIENTED_EDGE('',*,*,#3548,.T.);
#4729=ORIENTED_EDGE('',*,*,#3549,.F.);
#4730=ORIENTED_EDGE('',*,*,#3550,.F.);
#4731=ORIENTED_EDGE('',*,*,#3551,.T.);
#4732=ORIENTED_EDGE('',*,*,#3552,.T.);
#4733=ORIENTED_EDGE('',*,*,#3553,.F.);
#4734=ORIENTED_EDGE('',*,*,#3554,.F.);
#4735=ORIENTED_EDGE('',*,*,#3549,.T.);
#4736=ORIENTED_EDGE('',*,*,#3555,.T.);
#4737=ORIENTED_EDGE('',*,*,#3556,.F.);
#4738=ORIENTED_EDGE('',*,*,#3557,.F.);
#4739=ORIENTED_EDGE('',*,*,#3553,.T.);
#4740=ORIENTED_EDGE('',*,*,#3558,.T.);
#4741=ORIENTED_EDGE('',*,*,#3559,.F.);
#4742=ORIENTED_EDGE('',*,*,#3560,.F.);
#4743=ORIENTED_EDGE('',*,*,#3556,.T.);
#4744=ORIENTED_EDGE('',*,*,#3561,.T.);
#4745=ORIENTED_EDGE('',*,*,#3562,.F.);
#4746=ORIENTED_EDGE('',*,*,#3563,.F.);
#4747=ORIENTED_EDGE('',*,*,#3559,.T.);
#4748=ORIENTED_EDGE('',*,*,#3564,.T.);
#4749=ORIENTED_EDGE('',*,*,#3565,.F.);
#4750=ORIENTED_EDGE('',*,*,#3566,.F.);
#4751=ORIENTED_EDGE('',*,*,#3562,.T.);
#4752=ORIENTED_EDGE('',*,*,#3567,.T.);
#4753=ORIENTED_EDGE('',*,*,#3568,.F.);
#4754=ORIENTED_EDGE('',*,*,#3569,.F.);
#4755=ORIENTED_EDGE('',*,*,#3565,.T.);
#4756=ORIENTED_EDGE('',*,*,#3570,.T.);
#4757=ORIENTED_EDGE('',*,*,#3571,.F.);
#4758=ORIENTED_EDGE('',*,*,#3572,.F.);
#4759=ORIENTED_EDGE('',*,*,#3568,.T.);
#4760=ORIENTED_EDGE('',*,*,#3573,.T.);
#4761=ORIENTED_EDGE('',*,*,#3574,.F.);
#4762=ORIENTED_EDGE('',*,*,#3575,.F.);
#4763=ORIENTED_EDGE('',*,*,#3571,.T.);
#4764=ORIENTED_EDGE('',*,*,#3576,.T.);
#4765=ORIENTED_EDGE('',*,*,#3551,.F.);
#4766=ORIENTED_EDGE('',*,*,#3577,.F.);
#4767=ORIENTED_EDGE('',*,*,#3574,.T.);
#4768=ORIENTED_EDGE('',*,*,#3550,.T.);
#4769=ORIENTED_EDGE('',*,*,#3554,.T.);
#4770=ORIENTED_EDGE('',*,*,#3557,.T.);
#4771=ORIENTED_EDGE('',*,*,#3560,.T.);
#4772=ORIENTED_EDGE('',*,*,#3563,.T.);
#4773=ORIENTED_EDGE('',*,*,#3566,.T.);
#4774=ORIENTED_EDGE('',*,*,#3569,.T.);
#4775=ORIENTED_EDGE('',*,*,#3572,.T.);
#4776=ORIENTED_EDGE('',*,*,#3575,.T.);
#4777=ORIENTED_EDGE('',*,*,#3577,.T.);
#4778=ORIENTED_EDGE('',*,*,#3548,.F.);
#4779=ORIENTED_EDGE('',*,*,#3576,.F.);
#4780=ORIENTED_EDGE('',*,*,#3573,.F.);
#4781=ORIENTED_EDGE('',*,*,#3570,.F.);
#4782=ORIENTED_EDGE('',*,*,#3567,.F.);
#4783=ORIENTED_EDGE('',*,*,#3564,.F.);
#4784=ORIENTED_EDGE('',*,*,#3561,.F.);
#4785=ORIENTED_EDGE('',*,*,#3558,.F.);
#4786=ORIENTED_EDGE('',*,*,#3555,.F.);
#4787=ORIENTED_EDGE('',*,*,#3552,.F.);
#4788=ORIENTED_EDGE('',*,*,#3578,.F.);
#4789=ORIENTED_EDGE('',*,*,#3579,.F.);
#4790=ORIENTED_EDGE('',*,*,#3580,.T.);
#4791=ORIENTED_EDGE('',*,*,#3581,.T.);
#4792=ORIENTED_EDGE('',*,*,#3582,.F.);
#4793=ORIENTED_EDGE('',*,*,#3583,.F.);
#4794=ORIENTED_EDGE('',*,*,#3584,.T.);
#4795=ORIENTED_EDGE('',*,*,#3579,.T.);
#4796=ORIENTED_EDGE('',*,*,#3585,.F.);
#4797=ORIENTED_EDGE('',*,*,#3586,.F.);
#4798=ORIENTED_EDGE('',*,*,#3587,.T.);
#4799=ORIENTED_EDGE('',*,*,#3583,.T.);
#4800=ORIENTED_EDGE('',*,*,#3588,.F.);
#4801=ORIENTED_EDGE('',*,*,#3581,.F.);
#4802=ORIENTED_EDGE('',*,*,#3589,.T.);
#4803=ORIENTED_EDGE('',*,*,#3586,.T.);
#4804=ORIENTED_EDGE('',*,*,#3580,.F.);
#4805=ORIENTED_EDGE('',*,*,#3584,.F.);
#4806=ORIENTED_EDGE('',*,*,#3587,.F.);
#4807=ORIENTED_EDGE('',*,*,#3589,.F.);
#4808=ORIENTED_EDGE('',*,*,#3578,.T.);
#4809=ORIENTED_EDGE('',*,*,#3588,.T.);
#4810=ORIENTED_EDGE('',*,*,#3585,.T.);
#4811=ORIENTED_EDGE('',*,*,#3582,.T.);
#4812=ORIENTED_EDGE('',*,*,#3590,.F.);
#4813=ORIENTED_EDGE('',*,*,#3591,.F.);
#4814=ORIENTED_EDGE('',*,*,#3592,.T.);
#4815=ORIENTED_EDGE('',*,*,#3593,.T.);
#4816=ORIENTED_EDGE('',*,*,#3594,.F.);
#4817=ORIENTED_EDGE('',*,*,#3595,.F.);
#4818=ORIENTED_EDGE('',*,*,#3596,.T.);
#4819=ORIENTED_EDGE('',*,*,#3591,.T.);
#4820=ORIENTED_EDGE('',*,*,#3597,.F.);
#4821=ORIENTED_EDGE('',*,*,#3598,.F.);
#4822=ORIENTED_EDGE('',*,*,#3599,.T.);
#4823=ORIENTED_EDGE('',*,*,#3595,.T.);
#4824=ORIENTED_EDGE('',*,*,#3600,.F.);
#4825=ORIENTED_EDGE('',*,*,#3593,.F.);
#4826=ORIENTED_EDGE('',*,*,#3601,.T.);
#4827=ORIENTED_EDGE('',*,*,#3598,.T.);
#4828=ORIENTED_EDGE('',*,*,#3592,.F.);
#4829=ORIENTED_EDGE('',*,*,#3596,.F.);
#4830=ORIENTED_EDGE('',*,*,#3599,.F.);
#4831=ORIENTED_EDGE('',*,*,#3601,.F.);
#4832=ORIENTED_EDGE('',*,*,#3590,.T.);
#4833=ORIENTED_EDGE('',*,*,#3600,.T.);
#4834=ORIENTED_EDGE('',*,*,#3597,.T.);
#4835=ORIENTED_EDGE('',*,*,#3594,.T.);
#4836=ORIENTED_EDGE('',*,*,#3602,.F.);
#4837=ORIENTED_EDGE('',*,*,#3603,.F.);
#4838=ORIENTED_EDGE('',*,*,#3604,.T.);
#4839=ORIENTED_EDGE('',*,*,#3605,.T.);
#4840=ORIENTED_EDGE('',*,*,#3606,.F.);
#4841=ORIENTED_EDGE('',*,*,#3607,.F.);
#4842=ORIENTED_EDGE('',*,*,#3608,.T.);
#4843=ORIENTED_EDGE('',*,*,#3603,.T.);
#4844=ORIENTED_EDGE('',*,*,#3609,.F.);
#4845=ORIENTED_EDGE('',*,*,#3610,.F.);
#4846=ORIENTED_EDGE('',*,*,#3611,.T.);
#4847=ORIENTED_EDGE('',*,*,#3607,.T.);
#4848=ORIENTED_EDGE('',*,*,#3612,.F.);
#4849=ORIENTED_EDGE('',*,*,#3605,.F.);
#4850=ORIENTED_EDGE('',*,*,#3613,.T.);
#4851=ORIENTED_EDGE('',*,*,#3610,.T.);
#4852=ORIENTED_EDGE('',*,*,#3604,.F.);
#4853=ORIENTED_EDGE('',*,*,#3608,.F.);
#4854=ORIENTED_EDGE('',*,*,#3611,.F.);
#4855=ORIENTED_EDGE('',*,*,#3613,.F.);
#4856=ORIENTED_EDGE('',*,*,#3602,.T.);
#4857=ORIENTED_EDGE('',*,*,#3612,.T.);
#4858=ORIENTED_EDGE('',*,*,#3609,.T.);
#4859=ORIENTED_EDGE('',*,*,#3606,.T.);
#4860=ORIENTED_EDGE('',*,*,#3614,.F.);
#4861=ORIENTED_EDGE('',*,*,#3615,.F.);
#4862=ORIENTED_EDGE('',*,*,#3616,.T.);
#4863=ORIENTED_EDGE('',*,*,#3617,.T.);
#4864=ORIENTED_EDGE('',*,*,#3618,.F.);
#4865=ORIENTED_EDGE('',*,*,#3619,.F.);
#4866=ORIENTED_EDGE('',*,*,#3620,.T.);
#4867=ORIENTED_EDGE('',*,*,#3615,.T.);
#4868=ORIENTED_EDGE('',*,*,#3621,.F.);
#4869=ORIENTED_EDGE('',*,*,#3622,.F.);
#4870=ORIENTED_EDGE('',*,*,#3623,.T.);
#4871=ORIENTED_EDGE('',*,*,#3619,.T.);
#4872=ORIENTED_EDGE('',*,*,#3624,.F.);
#4873=ORIENTED_EDGE('',*,*,#3617,.F.);
#4874=ORIENTED_EDGE('',*,*,#3625,.T.);
#4875=ORIENTED_EDGE('',*,*,#3622,.T.);
#4876=ORIENTED_EDGE('',*,*,#3616,.F.);
#4877=ORIENTED_EDGE('',*,*,#3620,.F.);
#4878=ORIENTED_EDGE('',*,*,#3623,.F.);
#4879=ORIENTED_EDGE('',*,*,#3625,.F.);
#4880=ORIENTED_EDGE('',*,*,#3614,.T.);
#4881=ORIENTED_EDGE('',*,*,#3624,.T.);
#4882=ORIENTED_EDGE('',*,*,#3621,.T.);
#4883=ORIENTED_EDGE('',*,*,#3618,.T.);
#4884=ORIENTED_EDGE('',*,*,#3626,.F.);
#4885=ORIENTED_EDGE('',*,*,#3627,.F.);
#4886=ORIENTED_EDGE('',*,*,#3628,.F.);
#4887=ORIENTED_EDGE('',*,*,#3629,.T.);
#4888=ORIENTED_EDGE('',*,*,#3630,.T.);
#4889=ORIENTED_EDGE('',*,*,#3631,.F.);
#4890=ORIENTED_EDGE('',*,*,#3632,.T.);
#4891=ORIENTED_EDGE('',*,*,#3629,.F.);
#4892=ORIENTED_EDGE('',*,*,#3633,.F.);
#4893=ORIENTED_EDGE('',*,*,#3634,.T.);
#4894=ORIENTED_EDGE('',*,*,#3635,.T.);
#4895=ORIENTED_EDGE('',*,*,#3636,.F.);
#4896=ORIENTED_EDGE('',*,*,#3637,.F.);
#4897=ORIENTED_EDGE('',*,*,#3631,.T.);
#4898=ORIENTED_EDGE('',*,*,#3638,.T.);
#4899=ORIENTED_EDGE('',*,*,#3639,.T.);
#4900=ORIENTED_EDGE('',*,*,#3640,.F.);
#4901=ORIENTED_EDGE('',*,*,#3636,.T.);
#4902=ORIENTED_EDGE('',*,*,#3641,.T.);
#4903=ORIENTED_EDGE('',*,*,#3634,.F.);
#4904=ORIENTED_EDGE('',*,*,#3642,.F.);
#4905=ORIENTED_EDGE('',*,*,#3643,.F.);
#4906=ORIENTED_EDGE('',*,*,#3640,.T.);
#4907=ORIENTED_EDGE('',*,*,#3644,.F.);
#4908=ORIENTED_EDGE('',*,*,#3645,.F.);
#4909=ORIENTED_EDGE('',*,*,#3646,.F.);
#4910=ORIENTED_EDGE('',*,*,#3642,.T.);
#4911=ORIENTED_EDGE('',*,*,#3633,.T.);
#4912=ORIENTED_EDGE('',*,*,#3628,.T.);
#4913=ORIENTED_EDGE('',*,*,#3637,.T.);
#4914=ORIENTED_EDGE('',*,*,#3632,.F.);
#4915=ORIENTED_EDGE('',*,*,#3641,.F.);
#4916=ORIENTED_EDGE('',*,*,#3635,.F.);
#4917=ORIENTED_EDGE('',*,*,#3630,.F.);
#4918=ORIENTED_EDGE('',*,*,#3639,.F.);
#4919=ORIENTED_EDGE('',*,*,#3647,.T.);
#4920=ORIENTED_EDGE('',*,*,#3648,.T.);
#4921=ORIENTED_EDGE('',*,*,#3644,.T.);
#4922=ORIENTED_EDGE('',*,*,#3648,.F.);
#4923=ORIENTED_EDGE('',*,*,#3626,.T.);
#4924=ORIENTED_EDGE('',*,*,#3649,.T.);
#4925=ORIENTED_EDGE('',*,*,#3645,.T.);
#4926=ORIENTED_EDGE('',*,*,#3649,.F.);
#4927=ORIENTED_EDGE('',*,*,#3650,.T.);
#4928=ORIENTED_EDGE('',*,*,#3643,.T.);
#4929=ORIENTED_EDGE('',*,*,#3646,.T.);
#4930=ORIENTED_EDGE('',*,*,#3627,.T.);
#4931=ORIENTED_EDGE('',*,*,#3647,.F.);
#4932=ORIENTED_EDGE('',*,*,#3638,.F.);
#4933=ORIENTED_EDGE('',*,*,#3650,.F.);
#4934=ORIENTED_EDGE('',*,*,#3651,.F.);
#4935=ORIENTED_EDGE('',*,*,#3652,.F.);
#4936=ORIENTED_EDGE('',*,*,#3653,.F.);
#4937=ORIENTED_EDGE('',*,*,#3654,.T.);
#4938=ORIENTED_EDGE('',*,*,#3655,.T.);
#4939=ORIENTED_EDGE('',*,*,#3656,.F.);
#4940=ORIENTED_EDGE('',*,*,#3657,.T.);
#4941=ORIENTED_EDGE('',*,*,#3658,.T.);
#4942=ORIENTED_EDGE('',*,*,#3659,.F.);
#4943=ORIENTED_EDGE('',*,*,#3660,.T.);
#4944=ORIENTED_EDGE('',*,*,#3661,.T.);
#4945=ORIENTED_EDGE('',*,*,#3662,.F.);
#4946=ORIENTED_EDGE('',*,*,#3663,.F.);
#4947=ORIENTED_EDGE('',*,*,#3664,.F.);
#4948=ORIENTED_EDGE('',*,*,#3665,.T.);
#4949=ORIENTED_EDGE('',*,*,#3654,.F.);
#4950=ORIENTED_EDGE('',*,*,#3666,.F.);
#4951=ORIENTED_EDGE('',*,*,#3662,.T.);
#4952=ORIENTED_EDGE('',*,*,#3667,.T.);
#4953=ORIENTED_EDGE('',*,*,#3660,.F.);
#4954=ORIENTED_EDGE('',*,*,#3668,.F.);
#4955=ORIENTED_EDGE('',*,*,#3656,.T.);
#4956=ORIENTED_EDGE('',*,*,#3659,.T.);
#4957=ORIENTED_EDGE('',*,*,#3669,.F.);
#4958=ORIENTED_EDGE('',*,*,#3670,.F.);
#4959=ORIENTED_EDGE('',*,*,#3671,.F.);
#4960=ORIENTED_EDGE('',*,*,#3663,.T.);
#4961=ORIENTED_EDGE('',*,*,#3666,.T.);
#4962=ORIENTED_EDGE('',*,*,#3653,.T.);
#4963=ORIENTED_EDGE('',*,*,#3668,.T.);
#4964=ORIENTED_EDGE('',*,*,#3661,.F.);
#4965=ORIENTED_EDGE('',*,*,#3667,.F.);
#4966=ORIENTED_EDGE('',*,*,#3655,.F.);
#4967=ORIENTED_EDGE('',*,*,#3665,.F.);
#4968=ORIENTED_EDGE('',*,*,#3658,.F.);
#4969=ORIENTED_EDGE('',*,*,#3672,.T.);
#4970=ORIENTED_EDGE('',*,*,#3673,.T.);
#4971=ORIENTED_EDGE('',*,*,#3669,.T.);
#4972=ORIENTED_EDGE('',*,*,#3673,.F.);
#4973=ORIENTED_EDGE('',*,*,#3651,.T.);
#4974=ORIENTED_EDGE('',*,*,#3674,.T.);
#4975=ORIENTED_EDGE('',*,*,#3670,.T.);
#4976=ORIENTED_EDGE('',*,*,#3674,.F.);
#4977=ORIENTED_EDGE('',*,*,#3675,.T.);
#4978=ORIENTED_EDGE('',*,*,#3664,.T.);
#4979=ORIENTED_EDGE('',*,*,#3671,.T.);
#4980=ORIENTED_EDGE('',*,*,#3652,.T.);
#4981=ORIENTED_EDGE('',*,*,#3672,.F.);
#4982=ORIENTED_EDGE('',*,*,#3657,.F.);
#4983=ORIENTED_EDGE('',*,*,#3675,.F.);
#4984=ORIENTED_EDGE('',*,*,#3676,.F.);
#4985=ORIENTED_EDGE('',*,*,#3677,.F.);
#4986=ORIENTED_EDGE('',*,*,#3678,.F.);
#4987=ORIENTED_EDGE('',*,*,#3679,.T.);
#4988=ORIENTED_EDGE('',*,*,#3680,.T.);
#4989=ORIENTED_EDGE('',*,*,#3681,.F.);
#4990=ORIENTED_EDGE('',*,*,#3682,.T.);
#4991=ORIENTED_EDGE('',*,*,#3683,.F.);
#4992=ORIENTED_EDGE('',*,*,#3684,.F.);
#4993=ORIENTED_EDGE('',*,*,#3681,.T.);
#4994=ORIENTED_EDGE('',*,*,#3685,.T.);
#4995=ORIENTED_EDGE('',*,*,#3686,.T.);
#4996=ORIENTED_EDGE('',*,*,#3687,.F.);
#4997=ORIENTED_EDGE('',*,*,#3683,.T.);
#4998=ORIENTED_EDGE('',*,*,#3688,.T.);
#4999=ORIENTED_EDGE('',*,*,#3689,.F.);
#5000=ORIENTED_EDGE('',*,*,#3690,.F.);
#5001=ORIENTED_EDGE('',*,*,#3691,.F.);
#5002=ORIENTED_EDGE('',*,*,#3692,.T.);
#5003=ORIENTED_EDGE('',*,*,#3679,.F.);
#5004=ORIENTED_EDGE('',*,*,#3693,.F.);
#5005=ORIENTED_EDGE('',*,*,#3689,.T.);
#5006=ORIENTED_EDGE('',*,*,#3694,.F.);
#5007=ORIENTED_EDGE('',*,*,#3695,.F.);
#5008=ORIENTED_EDGE('',*,*,#3696,.F.);
#5009=ORIENTED_EDGE('',*,*,#3690,.T.);
#5010=ORIENTED_EDGE('',*,*,#3693,.T.);
#5011=ORIENTED_EDGE('',*,*,#3678,.T.);
#5012=ORIENTED_EDGE('',*,*,#3684,.T.);
#5013=ORIENTED_EDGE('',*,*,#3687,.T.);
#5014=ORIENTED_EDGE('',*,*,#3680,.F.);
#5015=ORIENTED_EDGE('',*,*,#3692,.F.);
#5016=ORIENTED_EDGE('',*,*,#3688,.F.);
#5017=ORIENTED_EDGE('',*,*,#3682,.F.);
#5018=ORIENTED_EDGE('',*,*,#3686,.F.);
#5019=ORIENTED_EDGE('',*,*,#3697,.T.);
#5020=ORIENTED_EDGE('',*,*,#3698,.T.);
#5021=ORIENTED_EDGE('',*,*,#3694,.T.);
#5022=ORIENTED_EDGE('',*,*,#3698,.F.);
#5023=ORIENTED_EDGE('',*,*,#3676,.T.);
#5024=ORIENTED_EDGE('',*,*,#3699,.T.);
#5025=ORIENTED_EDGE('',*,*,#3695,.T.);
#5026=ORIENTED_EDGE('',*,*,#3699,.F.);
#5027=ORIENTED_EDGE('',*,*,#3700,.T.);
#5028=ORIENTED_EDGE('',*,*,#3691,.T.);
#5029=ORIENTED_EDGE('',*,*,#3696,.T.);
#5030=ORIENTED_EDGE('',*,*,#3677,.T.);
#5031=ORIENTED_EDGE('',*,*,#3697,.F.);
#5032=ORIENTED_EDGE('',*,*,#3685,.F.);
#5033=ORIENTED_EDGE('',*,*,#3700,.F.);
#5034=ORIENTED_EDGE('',*,*,#3701,.F.);
#5035=ORIENTED_EDGE('',*,*,#3702,.F.);
#5036=ORIENTED_EDGE('',*,*,#3703,.F.);
#5037=ORIENTED_EDGE('',*,*,#3704,.T.);
#5038=ORIENTED_EDGE('',*,*,#3705,.T.);
#5039=ORIENTED_EDGE('',*,*,#3706,.F.);
#5040=ORIENTED_EDGE('',*,*,#3707,.T.);
#5041=ORIENTED_EDGE('',*,*,#3708,.F.);
#5042=ORIENTED_EDGE('',*,*,#3709,.F.);
#5043=ORIENTED_EDGE('',*,*,#3706,.T.);
#5044=ORIENTED_EDGE('',*,*,#3710,.T.);
#5045=ORIENTED_EDGE('',*,*,#3711,.T.);
#5046=ORIENTED_EDGE('',*,*,#3712,.F.);
#5047=ORIENTED_EDGE('',*,*,#3708,.T.);
#5048=ORIENTED_EDGE('',*,*,#3713,.T.);
#5049=ORIENTED_EDGE('',*,*,#3714,.F.);
#5050=ORIENTED_EDGE('',*,*,#3715,.F.);
#5051=ORIENTED_EDGE('',*,*,#3716,.F.);
#5052=ORIENTED_EDGE('',*,*,#3717,.T.);
#5053=ORIENTED_EDGE('',*,*,#3704,.F.);
#5054=ORIENTED_EDGE('',*,*,#3718,.F.);
#5055=ORIENTED_EDGE('',*,*,#3714,.T.);
#5056=ORIENTED_EDGE('',*,*,#3719,.F.);
#5057=ORIENTED_EDGE('',*,*,#3720,.F.);
#5058=ORIENTED_EDGE('',*,*,#3721,.F.);
#5059=ORIENTED_EDGE('',*,*,#3715,.T.);
#5060=ORIENTED_EDGE('',*,*,#3718,.T.);
#5061=ORIENTED_EDGE('',*,*,#3703,.T.);
#5062=ORIENTED_EDGE('',*,*,#3709,.T.);
#5063=ORIENTED_EDGE('',*,*,#3712,.T.);
#5064=ORIENTED_EDGE('',*,*,#3705,.F.);
#5065=ORIENTED_EDGE('',*,*,#3717,.F.);
#5066=ORIENTED_EDGE('',*,*,#3713,.F.);
#5067=ORIENTED_EDGE('',*,*,#3707,.F.);
#5068=ORIENTED_EDGE('',*,*,#3711,.F.);
#5069=ORIENTED_EDGE('',*,*,#3722,.T.);
#5070=ORIENTED_EDGE('',*,*,#3723,.T.);
#5071=ORIENTED_EDGE('',*,*,#3719,.T.);
#5072=ORIENTED_EDGE('',*,*,#3723,.F.);
#5073=ORIENTED_EDGE('',*,*,#3701,.T.);
#5074=ORIENTED_EDGE('',*,*,#3724,.T.);
#5075=ORIENTED_EDGE('',*,*,#3720,.T.);
#5076=ORIENTED_EDGE('',*,*,#3724,.F.);
#5077=ORIENTED_EDGE('',*,*,#3725,.T.);
#5078=ORIENTED_EDGE('',*,*,#3716,.T.);
#5079=ORIENTED_EDGE('',*,*,#3721,.T.);
#5080=ORIENTED_EDGE('',*,*,#3702,.T.);
#5081=ORIENTED_EDGE('',*,*,#3722,.F.);
#5082=ORIENTED_EDGE('',*,*,#3710,.F.);
#5083=ORIENTED_EDGE('',*,*,#3725,.F.);
#5084=ORIENTED_EDGE('',*,*,#3726,.F.);
#5085=ORIENTED_EDGE('',*,*,#3727,.F.);
#5086=ORIENTED_EDGE('',*,*,#3728,.F.);
#5087=ORIENTED_EDGE('',*,*,#3729,.T.);
#5088=ORIENTED_EDGE('',*,*,#3730,.T.);
#5089=ORIENTED_EDGE('',*,*,#3731,.F.);
#5090=ORIENTED_EDGE('',*,*,#3732,.T.);
#5091=ORIENTED_EDGE('',*,*,#3729,.F.);
#5092=ORIENTED_EDGE('',*,*,#3733,.F.);
#5093=ORIENTED_EDGE('',*,*,#3734,.T.);
#5094=ORIENTED_EDGE('',*,*,#3735,.T.);
#5095=ORIENTED_EDGE('',*,*,#3736,.F.);
#5096=ORIENTED_EDGE('',*,*,#3737,.F.);
#5097=ORIENTED_EDGE('',*,*,#3731,.T.);
#5098=ORIENTED_EDGE('',*,*,#3738,.T.);
#5099=ORIENTED_EDGE('',*,*,#3739,.T.);
#5100=ORIENTED_EDGE('',*,*,#3740,.F.);
#5101=ORIENTED_EDGE('',*,*,#3736,.T.);
#5102=ORIENTED_EDGE('',*,*,#3741,.T.);
#5103=ORIENTED_EDGE('',*,*,#3734,.F.);
#5104=ORIENTED_EDGE('',*,*,#3742,.F.);
#5105=ORIENTED_EDGE('',*,*,#3743,.F.);
#5106=ORIENTED_EDGE('',*,*,#3740,.T.);
#5107=ORIENTED_EDGE('',*,*,#3744,.F.);
#5108=ORIENTED_EDGE('',*,*,#3745,.F.);
#5109=ORIENTED_EDGE('',*,*,#3746,.F.);
#5110=ORIENTED_EDGE('',*,*,#3742,.T.);
#5111=ORIENTED_EDGE('',*,*,#3733,.T.);
#5112=ORIENTED_EDGE('',*,*,#3728,.T.);
#5113=ORIENTED_EDGE('',*,*,#3737,.T.);
#5114=ORIENTED_EDGE('',*,*,#3732,.F.);
#5115=ORIENTED_EDGE('',*,*,#3741,.F.);
#5116=ORIENTED_EDGE('',*,*,#3735,.F.);
#5117=ORIENTED_EDGE('',*,*,#3730,.F.);
#5118=ORIENTED_EDGE('',*,*,#3739,.F.);
#5119=ORIENTED_EDGE('',*,*,#3747,.T.);
#5120=ORIENTED_EDGE('',*,*,#3748,.T.);
#5121=ORIENTED_EDGE('',*,*,#3744,.T.);
#5122=ORIENTED_EDGE('',*,*,#3748,.F.);
#5123=ORIENTED_EDGE('',*,*,#3726,.T.);
#5124=ORIENTED_EDGE('',*,*,#3749,.T.);
#5125=ORIENTED_EDGE('',*,*,#3745,.T.);
#5126=ORIENTED_EDGE('',*,*,#3749,.F.);
#5127=ORIENTED_EDGE('',*,*,#3750,.T.);
#5128=ORIENTED_EDGE('',*,*,#3743,.T.);
#5129=ORIENTED_EDGE('',*,*,#3746,.T.);
#5130=ORIENTED_EDGE('',*,*,#3727,.T.);
#5131=ORIENTED_EDGE('',*,*,#3747,.F.);
#5132=ORIENTED_EDGE('',*,*,#3738,.F.);
#5133=ORIENTED_EDGE('',*,*,#3750,.F.);
#5134=ORIENTED_EDGE('',*,*,#3751,.F.);
#5135=ORIENTED_EDGE('',*,*,#3752,.F.);
#5136=ORIENTED_EDGE('',*,*,#3753,.F.);
#5137=ORIENTED_EDGE('',*,*,#3754,.T.);
#5138=ORIENTED_EDGE('',*,*,#3755,.T.);
#5139=ORIENTED_EDGE('',*,*,#3756,.F.);
#5140=ORIENTED_EDGE('',*,*,#3757,.T.);
#5141=ORIENTED_EDGE('',*,*,#3758,.F.);
#5142=ORIENTED_EDGE('',*,*,#3759,.F.);
#5143=ORIENTED_EDGE('',*,*,#3756,.T.);
#5144=ORIENTED_EDGE('',*,*,#3760,.T.);
#5145=ORIENTED_EDGE('',*,*,#3761,.T.);
#5146=ORIENTED_EDGE('',*,*,#3762,.F.);
#5147=ORIENTED_EDGE('',*,*,#3758,.T.);
#5148=ORIENTED_EDGE('',*,*,#3763,.T.);
#5149=ORIENTED_EDGE('',*,*,#3764,.F.);
#5150=ORIENTED_EDGE('',*,*,#3765,.F.);
#5151=ORIENTED_EDGE('',*,*,#3766,.F.);
#5152=ORIENTED_EDGE('',*,*,#3767,.T.);
#5153=ORIENTED_EDGE('',*,*,#3754,.F.);
#5154=ORIENTED_EDGE('',*,*,#3768,.F.);
#5155=ORIENTED_EDGE('',*,*,#3764,.T.);
#5156=ORIENTED_EDGE('',*,*,#3769,.F.);
#5157=ORIENTED_EDGE('',*,*,#3770,.F.);
#5158=ORIENTED_EDGE('',*,*,#3771,.F.);
#5159=ORIENTED_EDGE('',*,*,#3765,.T.);
#5160=ORIENTED_EDGE('',*,*,#3768,.T.);
#5161=ORIENTED_EDGE('',*,*,#3753,.T.);
#5162=ORIENTED_EDGE('',*,*,#3759,.T.);
#5163=ORIENTED_EDGE('',*,*,#3762,.T.);
#5164=ORIENTED_EDGE('',*,*,#3755,.F.);
#5165=ORIENTED_EDGE('',*,*,#3767,.F.);
#5166=ORIENTED_EDGE('',*,*,#3763,.F.);
#5167=ORIENTED_EDGE('',*,*,#3757,.F.);
#5168=ORIENTED_EDGE('',*,*,#3761,.F.);
#5169=ORIENTED_EDGE('',*,*,#3772,.T.);
#5170=ORIENTED_EDGE('',*,*,#3773,.T.);
#5171=ORIENTED_EDGE('',*,*,#3769,.T.);
#5172=ORIENTED_EDGE('',*,*,#3773,.F.);
#5173=ORIENTED_EDGE('',*,*,#3751,.T.);
#5174=ORIENTED_EDGE('',*,*,#3774,.T.);
#5175=ORIENTED_EDGE('',*,*,#3770,.T.);
#5176=ORIENTED_EDGE('',*,*,#3774,.F.);
#5177=ORIENTED_EDGE('',*,*,#3775,.T.);
#5178=ORIENTED_EDGE('',*,*,#3766,.T.);
#5179=ORIENTED_EDGE('',*,*,#3771,.T.);
#5180=ORIENTED_EDGE('',*,*,#3752,.T.);
#5181=ORIENTED_EDGE('',*,*,#3772,.F.);
#5182=ORIENTED_EDGE('',*,*,#3760,.F.);
#5183=ORIENTED_EDGE('',*,*,#3775,.F.);
#5184=ORIENTED_EDGE('',*,*,#3776,.T.);
#5185=ORIENTED_EDGE('',*,*,#3777,.F.);
#5186=ORIENTED_EDGE('',*,*,#3777,.T.);
#5187=ORIENTED_EDGE('',*,*,#3778,.T.);
#5188=ORIENTED_EDGE('',*,*,#3779,.T.);
#5189=ORIENTED_EDGE('',*,*,#3780,.F.);
#5190=ORIENTED_EDGE('',*,*,#3781,.T.);
#5191=ORIENTED_EDGE('',*,*,#3782,.F.);
#5192=ORIENTED_EDGE('',*,*,#3783,.F.);
#5193=ORIENTED_EDGE('',*,*,#3784,.T.);
#5194=ORIENTED_EDGE('',*,*,#3785,.T.);
#5195=ORIENTED_EDGE('',*,*,#3786,.F.);
#5196=ORIENTED_EDGE('',*,*,#3787,.F.);
#5197=ORIENTED_EDGE('',*,*,#3782,.T.);
#5198=ORIENTED_EDGE('',*,*,#3788,.F.);
#5199=ORIENTED_EDGE('',*,*,#3789,.F.);
#5200=ORIENTED_EDGE('',*,*,#3790,.T.);
#5201=ORIENTED_EDGE('',*,*,#3791,.T.);
#5202=ORIENTED_EDGE('',*,*,#3792,.F.);
#5203=ORIENTED_EDGE('',*,*,#3786,.T.);
#5204=ORIENTED_EDGE('',*,*,#3793,.T.);
#5205=ORIENTED_EDGE('',*,*,#3794,.F.);
#5206=ORIENTED_EDGE('',*,*,#3795,.T.);
#5207=ORIENTED_EDGE('',*,*,#3784,.F.);
#5208=ORIENTED_EDGE('',*,*,#3796,.F.);
#5209=ORIENTED_EDGE('',*,*,#3794,.T.);
#5210=ORIENTED_EDGE('',*,*,#3779,.F.);
#5211=ORIENTED_EDGE('',*,*,#3797,.F.);
#5212=ORIENTED_EDGE('',*,*,#3788,.T.);
#5213=ORIENTED_EDGE('',*,*,#3796,.T.);
#5214=ORIENTED_EDGE('',*,*,#3783,.T.);
#5215=ORIENTED_EDGE('',*,*,#3787,.T.);
#5216=ORIENTED_EDGE('',*,*,#3792,.T.);
#5217=ORIENTED_EDGE('',*,*,#3798,.F.);
#5218=ORIENTED_EDGE('',*,*,#3781,.F.);
#5219=ORIENTED_EDGE('',*,*,#3795,.F.);
#5220=ORIENTED_EDGE('',*,*,#3793,.F.);
#5221=ORIENTED_EDGE('',*,*,#3785,.F.);
#5222=ORIENTED_EDGE('',*,*,#3778,.F.);
#5223=ORIENTED_EDGE('',*,*,#3799,.T.);
#5224=ORIENTED_EDGE('',*,*,#3789,.T.);
#5225=ORIENTED_EDGE('',*,*,#3797,.T.);
#5226=ORIENTED_EDGE('',*,*,#3791,.F.);
#5227=ORIENTED_EDGE('',*,*,#3800,.T.);
#5228=ORIENTED_EDGE('',*,*,#3780,.T.);
#5229=ORIENTED_EDGE('',*,*,#3798,.T.);
#5230=ORIENTED_EDGE('',*,*,#3776,.F.);
#5231=ORIENTED_EDGE('',*,*,#3800,.F.);
#5232=ORIENTED_EDGE('',*,*,#3790,.F.);
#5233=ORIENTED_EDGE('',*,*,#3799,.F.);
#5234=ORIENTED_EDGE('',*,*,#3801,.T.);
#5235=ORIENTED_EDGE('',*,*,#3802,.F.);
#5236=ORIENTED_EDGE('',*,*,#3802,.T.);
#5237=ORIENTED_EDGE('',*,*,#3803,.T.);
#5238=ORIENTED_EDGE('',*,*,#3804,.T.);
#5239=ORIENTED_EDGE('',*,*,#3805,.F.);
#5240=ORIENTED_EDGE('',*,*,#3806,.T.);
#5241=ORIENTED_EDGE('',*,*,#3807,.F.);
#5242=ORIENTED_EDGE('',*,*,#3808,.F.);
#5243=ORIENTED_EDGE('',*,*,#3809,.T.);
#5244=ORIENTED_EDGE('',*,*,#3810,.T.);
#5245=ORIENTED_EDGE('',*,*,#3811,.F.);
#5246=ORIENTED_EDGE('',*,*,#3812,.F.);
#5247=ORIENTED_EDGE('',*,*,#3807,.T.);
#5248=ORIENTED_EDGE('',*,*,#3813,.F.);
#5249=ORIENTED_EDGE('',*,*,#3814,.F.);
#5250=ORIENTED_EDGE('',*,*,#3815,.T.);
#5251=ORIENTED_EDGE('',*,*,#3816,.T.);
#5252=ORIENTED_EDGE('',*,*,#3817,.F.);
#5253=ORIENTED_EDGE('',*,*,#3811,.T.);
#5254=ORIENTED_EDGE('',*,*,#3818,.T.);
#5255=ORIENTED_EDGE('',*,*,#3819,.F.);
#5256=ORIENTED_EDGE('',*,*,#3820,.T.);
#5257=ORIENTED_EDGE('',*,*,#3809,.F.);
#5258=ORIENTED_EDGE('',*,*,#3821,.F.);
#5259=ORIENTED_EDGE('',*,*,#3819,.T.);
#5260=ORIENTED_EDGE('',*,*,#3804,.F.);
#5261=ORIENTED_EDGE('',*,*,#3822,.F.);
#5262=ORIENTED_EDGE('',*,*,#3813,.T.);
#5263=ORIENTED_EDGE('',*,*,#3821,.T.);
#5264=ORIENTED_EDGE('',*,*,#3808,.T.);
#5265=ORIENTED_EDGE('',*,*,#3812,.T.);
#5266=ORIENTED_EDGE('',*,*,#3817,.T.);
#5267=ORIENTED_EDGE('',*,*,#3823,.F.);
#5268=ORIENTED_EDGE('',*,*,#3806,.F.);
#5269=ORIENTED_EDGE('',*,*,#3820,.F.);
#5270=ORIENTED_EDGE('',*,*,#3818,.F.);
#5271=ORIENTED_EDGE('',*,*,#3810,.F.);
#5272=ORIENTED_EDGE('',*,*,#3803,.F.);
#5273=ORIENTED_EDGE('',*,*,#3824,.T.);
#5274=ORIENTED_EDGE('',*,*,#3814,.T.);
#5275=ORIENTED_EDGE('',*,*,#3822,.T.);
#5276=ORIENTED_EDGE('',*,*,#3816,.F.);
#5277=ORIENTED_EDGE('',*,*,#3825,.T.);
#5278=ORIENTED_EDGE('',*,*,#3805,.T.);
#5279=ORIENTED_EDGE('',*,*,#3823,.T.);
#5280=ORIENTED_EDGE('',*,*,#3801,.F.);
#5281=ORIENTED_EDGE('',*,*,#3825,.F.);
#5282=ORIENTED_EDGE('',*,*,#3815,.F.);
#5283=ORIENTED_EDGE('',*,*,#3824,.F.);
#5284=ORIENTED_EDGE('',*,*,#3826,.T.);
#5285=ORIENTED_EDGE('',*,*,#3827,.F.);
#5286=ORIENTED_EDGE('',*,*,#3827,.T.);
#5287=ORIENTED_EDGE('',*,*,#3828,.T.);
#5288=ORIENTED_EDGE('',*,*,#3829,.T.);
#5289=ORIENTED_EDGE('',*,*,#3830,.F.);
#5290=ORIENTED_EDGE('',*,*,#3831,.T.);
#5291=ORIENTED_EDGE('',*,*,#3832,.F.);
#5292=ORIENTED_EDGE('',*,*,#3833,.F.);
#5293=ORIENTED_EDGE('',*,*,#3834,.T.);
#5294=ORIENTED_EDGE('',*,*,#3835,.T.);
#5295=ORIENTED_EDGE('',*,*,#3836,.F.);
#5296=ORIENTED_EDGE('',*,*,#3837,.F.);
#5297=ORIENTED_EDGE('',*,*,#3832,.T.);
#5298=ORIENTED_EDGE('',*,*,#3838,.F.);
#5299=ORIENTED_EDGE('',*,*,#3839,.F.);
#5300=ORIENTED_EDGE('',*,*,#3840,.T.);
#5301=ORIENTED_EDGE('',*,*,#3841,.T.);
#5302=ORIENTED_EDGE('',*,*,#3842,.F.);
#5303=ORIENTED_EDGE('',*,*,#3836,.T.);
#5304=ORIENTED_EDGE('',*,*,#3843,.T.);
#5305=ORIENTED_EDGE('',*,*,#3844,.F.);
#5306=ORIENTED_EDGE('',*,*,#3845,.T.);
#5307=ORIENTED_EDGE('',*,*,#3834,.F.);
#5308=ORIENTED_EDGE('',*,*,#3846,.F.);
#5309=ORIENTED_EDGE('',*,*,#3844,.T.);
#5310=ORIENTED_EDGE('',*,*,#3829,.F.);
#5311=ORIENTED_EDGE('',*,*,#3847,.F.);
#5312=ORIENTED_EDGE('',*,*,#3838,.T.);
#5313=ORIENTED_EDGE('',*,*,#3846,.T.);
#5314=ORIENTED_EDGE('',*,*,#3833,.T.);
#5315=ORIENTED_EDGE('',*,*,#3837,.T.);
#5316=ORIENTED_EDGE('',*,*,#3842,.T.);
#5317=ORIENTED_EDGE('',*,*,#3848,.F.);
#5318=ORIENTED_EDGE('',*,*,#3831,.F.);
#5319=ORIENTED_EDGE('',*,*,#3845,.F.);
#5320=ORIENTED_EDGE('',*,*,#3843,.F.);
#5321=ORIENTED_EDGE('',*,*,#3835,.F.);
#5322=ORIENTED_EDGE('',*,*,#3828,.F.);
#5323=ORIENTED_EDGE('',*,*,#3849,.T.);
#5324=ORIENTED_EDGE('',*,*,#3839,.T.);
#5325=ORIENTED_EDGE('',*,*,#3847,.T.);
#5326=ORIENTED_EDGE('',*,*,#3841,.F.);
#5327=ORIENTED_EDGE('',*,*,#3850,.T.);
#5328=ORIENTED_EDGE('',*,*,#3830,.T.);
#5329=ORIENTED_EDGE('',*,*,#3848,.T.);
#5330=ORIENTED_EDGE('',*,*,#3826,.F.);
#5331=ORIENTED_EDGE('',*,*,#3850,.F.);
#5332=ORIENTED_EDGE('',*,*,#3840,.F.);
#5333=ORIENTED_EDGE('',*,*,#3849,.F.);
#5334=ORIENTED_EDGE('',*,*,#3851,.T.);
#5335=ORIENTED_EDGE('',*,*,#3852,.F.);
#5336=ORIENTED_EDGE('',*,*,#3852,.T.);
#5337=ORIENTED_EDGE('',*,*,#3853,.T.);
#5338=ORIENTED_EDGE('',*,*,#3854,.T.);
#5339=ORIENTED_EDGE('',*,*,#3855,.F.);
#5340=ORIENTED_EDGE('',*,*,#3856,.T.);
#5341=ORIENTED_EDGE('',*,*,#3857,.F.);
#5342=ORIENTED_EDGE('',*,*,#3858,.F.);
#5343=ORIENTED_EDGE('',*,*,#3859,.T.);
#5344=ORIENTED_EDGE('',*,*,#3860,.T.);
#5345=ORIENTED_EDGE('',*,*,#3861,.F.);
#5346=ORIENTED_EDGE('',*,*,#3862,.F.);
#5347=ORIENTED_EDGE('',*,*,#3857,.T.);
#5348=ORIENTED_EDGE('',*,*,#3863,.F.);
#5349=ORIENTED_EDGE('',*,*,#3864,.F.);
#5350=ORIENTED_EDGE('',*,*,#3865,.T.);
#5351=ORIENTED_EDGE('',*,*,#3866,.T.);
#5352=ORIENTED_EDGE('',*,*,#3867,.F.);
#5353=ORIENTED_EDGE('',*,*,#3861,.T.);
#5354=ORIENTED_EDGE('',*,*,#3868,.T.);
#5355=ORIENTED_EDGE('',*,*,#3869,.F.);
#5356=ORIENTED_EDGE('',*,*,#3870,.T.);
#5357=ORIENTED_EDGE('',*,*,#3859,.F.);
#5358=ORIENTED_EDGE('',*,*,#3871,.F.);
#5359=ORIENTED_EDGE('',*,*,#3869,.T.);
#5360=ORIENTED_EDGE('',*,*,#3872,.F.);
#5361=ORIENTED_EDGE('',*,*,#3863,.T.);
#5362=ORIENTED_EDGE('',*,*,#3871,.T.);
#5363=ORIENTED_EDGE('',*,*,#3858,.T.);
#5364=ORIENTED_EDGE('',*,*,#3862,.T.);
#5365=ORIENTED_EDGE('',*,*,#3867,.T.);
#5366=ORIENTED_EDGE('',*,*,#3873,.F.);
#5367=ORIENTED_EDGE('',*,*,#3854,.F.);
#5368=ORIENTED_EDGE('',*,*,#3856,.F.);
#5369=ORIENTED_EDGE('',*,*,#3870,.F.);
#5370=ORIENTED_EDGE('',*,*,#3868,.F.);
#5371=ORIENTED_EDGE('',*,*,#3860,.F.);
#5372=ORIENTED_EDGE('',*,*,#3853,.F.);
#5373=ORIENTED_EDGE('',*,*,#3874,.T.);
#5374=ORIENTED_EDGE('',*,*,#3864,.T.);
#5375=ORIENTED_EDGE('',*,*,#3872,.T.);
#5376=ORIENTED_EDGE('',*,*,#3866,.F.);
#5377=ORIENTED_EDGE('',*,*,#3875,.T.);
#5378=ORIENTED_EDGE('',*,*,#3855,.T.);
#5379=ORIENTED_EDGE('',*,*,#3873,.T.);
#5380=ORIENTED_EDGE('',*,*,#3851,.F.);
#5381=ORIENTED_EDGE('',*,*,#3875,.F.);
#5382=ORIENTED_EDGE('',*,*,#3865,.F.);
#5383=ORIENTED_EDGE('',*,*,#3874,.F.);
#5384=ORIENTED_EDGE('',*,*,#3876,.T.);
#5385=ORIENTED_EDGE('',*,*,#3877,.F.);
#5386=ORIENTED_EDGE('',*,*,#3877,.T.);
#5387=ORIENTED_EDGE('',*,*,#3878,.T.);
#5388=ORIENTED_EDGE('',*,*,#3879,.T.);
#5389=ORIENTED_EDGE('',*,*,#3880,.F.);
#5390=ORIENTED_EDGE('',*,*,#3881,.T.);
#5391=ORIENTED_EDGE('',*,*,#3882,.F.);
#5392=ORIENTED_EDGE('',*,*,#3883,.F.);
#5393=ORIENTED_EDGE('',*,*,#3884,.T.);
#5394=ORIENTED_EDGE('',*,*,#3885,.T.);
#5395=ORIENTED_EDGE('',*,*,#3886,.F.);
#5396=ORIENTED_EDGE('',*,*,#3887,.F.);
#5397=ORIENTED_EDGE('',*,*,#3882,.T.);
#5398=ORIENTED_EDGE('',*,*,#3888,.F.);
#5399=ORIENTED_EDGE('',*,*,#3889,.F.);
#5400=ORIENTED_EDGE('',*,*,#3890,.T.);
#5401=ORIENTED_EDGE('',*,*,#3891,.T.);
#5402=ORIENTED_EDGE('',*,*,#3892,.F.);
#5403=ORIENTED_EDGE('',*,*,#3886,.T.);
#5404=ORIENTED_EDGE('',*,*,#3893,.T.);
#5405=ORIENTED_EDGE('',*,*,#3894,.F.);
#5406=ORIENTED_EDGE('',*,*,#3895,.T.);
#5407=ORIENTED_EDGE('',*,*,#3884,.F.);
#5408=ORIENTED_EDGE('',*,*,#3896,.F.);
#5409=ORIENTED_EDGE('',*,*,#3894,.T.);
#5410=ORIENTED_EDGE('',*,*,#3897,.F.);
#5411=ORIENTED_EDGE('',*,*,#3888,.T.);
#5412=ORIENTED_EDGE('',*,*,#3896,.T.);
#5413=ORIENTED_EDGE('',*,*,#3883,.T.);
#5414=ORIENTED_EDGE('',*,*,#3887,.T.);
#5415=ORIENTED_EDGE('',*,*,#3892,.T.);
#5416=ORIENTED_EDGE('',*,*,#3898,.F.);
#5417=ORIENTED_EDGE('',*,*,#3879,.F.);
#5418=ORIENTED_EDGE('',*,*,#3881,.F.);
#5419=ORIENTED_EDGE('',*,*,#3895,.F.);
#5420=ORIENTED_EDGE('',*,*,#3893,.F.);
#5421=ORIENTED_EDGE('',*,*,#3885,.F.);
#5422=ORIENTED_EDGE('',*,*,#3878,.F.);
#5423=ORIENTED_EDGE('',*,*,#3899,.T.);
#5424=ORIENTED_EDGE('',*,*,#3889,.T.);
#5425=ORIENTED_EDGE('',*,*,#3897,.T.);
#5426=ORIENTED_EDGE('',*,*,#3891,.F.);
#5427=ORIENTED_EDGE('',*,*,#3900,.T.);
#5428=ORIENTED_EDGE('',*,*,#3880,.T.);
#5429=ORIENTED_EDGE('',*,*,#3898,.T.);
#5430=ORIENTED_EDGE('',*,*,#3876,.F.);
#5431=ORIENTED_EDGE('',*,*,#3900,.F.);
#5432=ORIENTED_EDGE('',*,*,#3890,.F.);
#5433=ORIENTED_EDGE('',*,*,#3899,.F.);
#5434=ORIENTED_EDGE('',*,*,#3901,.T.);
#5435=ORIENTED_EDGE('',*,*,#3902,.F.);
#5436=ORIENTED_EDGE('',*,*,#3902,.T.);
#5437=ORIENTED_EDGE('',*,*,#3903,.T.);
#5438=ORIENTED_EDGE('',*,*,#3904,.T.);
#5439=ORIENTED_EDGE('',*,*,#3905,.F.);
#5440=ORIENTED_EDGE('',*,*,#3906,.T.);
#5441=ORIENTED_EDGE('',*,*,#3907,.F.);
#5442=ORIENTED_EDGE('',*,*,#3908,.F.);
#5443=ORIENTED_EDGE('',*,*,#3909,.T.);
#5444=ORIENTED_EDGE('',*,*,#3910,.T.);
#5445=ORIENTED_EDGE('',*,*,#3911,.F.);
#5446=ORIENTED_EDGE('',*,*,#3912,.F.);
#5447=ORIENTED_EDGE('',*,*,#3907,.T.);
#5448=ORIENTED_EDGE('',*,*,#3913,.F.);
#5449=ORIENTED_EDGE('',*,*,#3914,.F.);
#5450=ORIENTED_EDGE('',*,*,#3915,.T.);
#5451=ORIENTED_EDGE('',*,*,#3916,.T.);
#5452=ORIENTED_EDGE('',*,*,#3917,.F.);
#5453=ORIENTED_EDGE('',*,*,#3911,.T.);
#5454=ORIENTED_EDGE('',*,*,#3918,.T.);
#5455=ORIENTED_EDGE('',*,*,#3919,.F.);
#5456=ORIENTED_EDGE('',*,*,#3920,.T.);
#5457=ORIENTED_EDGE('',*,*,#3909,.F.);
#5458=ORIENTED_EDGE('',*,*,#3921,.F.);
#5459=ORIENTED_EDGE('',*,*,#3919,.T.);
#5460=ORIENTED_EDGE('',*,*,#3922,.F.);
#5461=ORIENTED_EDGE('',*,*,#3913,.T.);
#5462=ORIENTED_EDGE('',*,*,#3921,.T.);
#5463=ORIENTED_EDGE('',*,*,#3908,.T.);
#5464=ORIENTED_EDGE('',*,*,#3912,.T.);
#5465=ORIENTED_EDGE('',*,*,#3917,.T.);
#5466=ORIENTED_EDGE('',*,*,#3923,.F.);
#5467=ORIENTED_EDGE('',*,*,#3904,.F.);
#5468=ORIENTED_EDGE('',*,*,#3906,.F.);
#5469=ORIENTED_EDGE('',*,*,#3920,.F.);
#5470=ORIENTED_EDGE('',*,*,#3918,.F.);
#5471=ORIENTED_EDGE('',*,*,#3910,.F.);
#5472=ORIENTED_EDGE('',*,*,#3903,.F.);
#5473=ORIENTED_EDGE('',*,*,#3924,.T.);
#5474=ORIENTED_EDGE('',*,*,#3914,.T.);
#5475=ORIENTED_EDGE('',*,*,#3922,.T.);
#5476=ORIENTED_EDGE('',*,*,#3916,.F.);
#5477=ORIENTED_EDGE('',*,*,#3925,.T.);
#5478=ORIENTED_EDGE('',*,*,#3905,.T.);
#5479=ORIENTED_EDGE('',*,*,#3923,.T.);
#5480=ORIENTED_EDGE('',*,*,#3901,.F.);
#5481=ORIENTED_EDGE('',*,*,#3925,.F.);
#5482=ORIENTED_EDGE('',*,*,#3915,.F.);
#5483=ORIENTED_EDGE('',*,*,#3924,.F.);
#5484=ORIENTED_EDGE('',*,*,#3926,.T.);
#5485=ORIENTED_EDGE('',*,*,#3927,.T.);
#5486=ORIENTED_EDGE('',*,*,#3928,.F.);
#5487=ORIENTED_EDGE('',*,*,#3929,.T.);
#5488=ORIENTED_EDGE('',*,*,#3930,.T.);
#5489=ORIENTED_EDGE('',*,*,#3931,.F.);
#5490=ORIENTED_EDGE('',*,*,#3932,.F.);
#5491=ORIENTED_EDGE('',*,*,#3933,.F.);
#5492=ORIENTED_EDGE('',*,*,#3934,.T.);
#5493=ORIENTED_EDGE('',*,*,#3935,.F.);
#5494=ORIENTED_EDGE('',*,*,#3936,.F.);
#5495=ORIENTED_EDGE('',*,*,#3931,.T.);
#5496=ORIENTED_EDGE('',*,*,#3937,.T.);
#5497=ORIENTED_EDGE('',*,*,#3938,.F.);
#5498=ORIENTED_EDGE('',*,*,#3939,.F.);
#5499=ORIENTED_EDGE('',*,*,#3935,.T.);
#5500=ORIENTED_EDGE('',*,*,#3940,.T.);
#5501=ORIENTED_EDGE('',*,*,#3929,.F.);
#5502=ORIENTED_EDGE('',*,*,#3941,.F.);
#5503=ORIENTED_EDGE('',*,*,#3938,.T.);
#5504=ORIENTED_EDGE('',*,*,#3928,.T.);
#5505=ORIENTED_EDGE('',*,*,#3942,.F.);
#5506=ORIENTED_EDGE('',*,*,#3943,.F.);
#5507=ORIENTED_EDGE('',*,*,#3944,.F.);
#5508=ORIENTED_EDGE('',*,*,#3932,.T.);
#5509=ORIENTED_EDGE('',*,*,#3936,.T.);
#5510=ORIENTED_EDGE('',*,*,#3939,.T.);
#5511=ORIENTED_EDGE('',*,*,#3941,.T.);
#5512=ORIENTED_EDGE('',*,*,#3930,.F.);
#5513=ORIENTED_EDGE('',*,*,#3940,.F.);
#5514=ORIENTED_EDGE('',*,*,#3937,.F.);
#5515=ORIENTED_EDGE('',*,*,#3934,.F.);
#5516=ORIENTED_EDGE('',*,*,#3927,.F.);
#5517=ORIENTED_EDGE('',*,*,#3945,.T.);
#5518=ORIENTED_EDGE('',*,*,#3946,.T.);
#5519=ORIENTED_EDGE('',*,*,#3942,.T.);
#5520=ORIENTED_EDGE('',*,*,#3946,.F.);
#5521=ORIENTED_EDGE('',*,*,#3947,.T.);
#5522=ORIENTED_EDGE('',*,*,#3948,.T.);
#5523=ORIENTED_EDGE('',*,*,#3943,.T.);
#5524=ORIENTED_EDGE('',*,*,#3948,.F.);
#5525=ORIENTED_EDGE('',*,*,#3949,.T.);
#5526=ORIENTED_EDGE('',*,*,#3933,.T.);
#5527=ORIENTED_EDGE('',*,*,#3944,.T.);
#5528=ORIENTED_EDGE('',*,*,#3950,.F.);
#5529=ORIENTED_EDGE('',*,*,#3945,.F.);
#5530=ORIENTED_EDGE('',*,*,#3926,.F.);
#5531=ORIENTED_EDGE('',*,*,#3949,.F.);
#5532=ORIENTED_EDGE('',*,*,#3947,.F.);
#5533=ORIENTED_EDGE('',*,*,#3950,.T.);
#5534=ORIENTED_EDGE('',*,*,#3951,.T.);
#5535=ORIENTED_EDGE('',*,*,#3952,.F.);
#5536=ORIENTED_EDGE('',*,*,#3953,.F.);
#5537=ORIENTED_EDGE('',*,*,#3954,.T.);
#5538=ORIENTED_EDGE('',*,*,#3955,.T.);
#5539=ORIENTED_EDGE('',*,*,#3956,.F.);
#5540=ORIENTED_EDGE('',*,*,#3957,.F.);
#5541=ORIENTED_EDGE('',*,*,#3952,.T.);
#5542=ORIENTED_EDGE('',*,*,#3958,.T.);
#5543=ORIENTED_EDGE('',*,*,#3959,.T.);
#5544=ORIENTED_EDGE('',*,*,#3960,.F.);
#5545=ORIENTED_EDGE('',*,*,#3956,.T.);
#5546=ORIENTED_EDGE('',*,*,#3961,.T.);
#5547=ORIENTED_EDGE('',*,*,#3962,.F.);
#5548=ORIENTED_EDGE('',*,*,#3963,.F.);
#5549=ORIENTED_EDGE('',*,*,#3964,.F.);
#5550=ORIENTED_EDGE('',*,*,#3965,.T.);
#5551=ORIENTED_EDGE('',*,*,#3954,.F.);
#5552=ORIENTED_EDGE('',*,*,#3966,.F.);
#5553=ORIENTED_EDGE('',*,*,#3962,.T.);
#5554=ORIENTED_EDGE('',*,*,#3967,.F.);
#5555=ORIENTED_EDGE('',*,*,#3968,.F.);
#5556=ORIENTED_EDGE('',*,*,#3969,.F.);
#5557=ORIENTED_EDGE('',*,*,#3963,.T.);
#5558=ORIENTED_EDGE('',*,*,#3966,.T.);
#5559=ORIENTED_EDGE('',*,*,#3953,.T.);
#5560=ORIENTED_EDGE('',*,*,#3957,.T.);
#5561=ORIENTED_EDGE('',*,*,#3960,.T.);
#5562=ORIENTED_EDGE('',*,*,#3951,.F.);
#5563=ORIENTED_EDGE('',*,*,#3965,.F.);
#5564=ORIENTED_EDGE('',*,*,#3961,.F.);
#5565=ORIENTED_EDGE('',*,*,#3955,.F.);
#5566=ORIENTED_EDGE('',*,*,#3959,.F.);
#5567=ORIENTED_EDGE('',*,*,#3970,.T.);
#5568=ORIENTED_EDGE('',*,*,#3971,.T.);
#5569=ORIENTED_EDGE('',*,*,#3967,.T.);
#5570=ORIENTED_EDGE('',*,*,#3971,.F.);
#5571=ORIENTED_EDGE('',*,*,#3972,.T.);
#5572=ORIENTED_EDGE('',*,*,#3973,.T.);
#5573=ORIENTED_EDGE('',*,*,#3968,.T.);
#5574=ORIENTED_EDGE('',*,*,#3973,.F.);
#5575=ORIENTED_EDGE('',*,*,#3974,.T.);
#5576=ORIENTED_EDGE('',*,*,#3964,.T.);
#5577=ORIENTED_EDGE('',*,*,#3969,.T.);
#5578=ORIENTED_EDGE('',*,*,#3975,.F.);
#5579=ORIENTED_EDGE('',*,*,#3970,.F.);
#5580=ORIENTED_EDGE('',*,*,#3958,.F.);
#5581=ORIENTED_EDGE('',*,*,#3974,.F.);
#5582=ORIENTED_EDGE('',*,*,#3972,.F.);
#5583=ORIENTED_EDGE('',*,*,#3975,.T.);
#5584=ORIENTED_EDGE('',*,*,#3976,.T.);
#5585=ORIENTED_EDGE('',*,*,#3977,.F.);
#5586=ORIENTED_EDGE('',*,*,#3978,.F.);
#5587=ORIENTED_EDGE('',*,*,#3979,.T.);
#5588=ORIENTED_EDGE('',*,*,#3980,.T.);
#5589=ORIENTED_EDGE('',*,*,#3981,.F.);
#5590=ORIENTED_EDGE('',*,*,#3982,.F.);
#5591=ORIENTED_EDGE('',*,*,#3977,.T.);
#5592=ORIENTED_EDGE('',*,*,#3983,.F.);
#5593=ORIENTED_EDGE('',*,*,#3984,.F.);
#5594=ORIENTED_EDGE('',*,*,#3985,.T.);
#5595=ORIENTED_EDGE('',*,*,#3986,.T.);
#5596=ORIENTED_EDGE('',*,*,#3987,.F.);
#5597=ORIENTED_EDGE('',*,*,#3981,.T.);
#5598=ORIENTED_EDGE('',*,*,#3988,.T.);
#5599=ORIENTED_EDGE('',*,*,#3989,.F.);
#5600=ORIENTED_EDGE('',*,*,#3990,.T.);
#5601=ORIENTED_EDGE('',*,*,#3979,.F.);
#5602=ORIENTED_EDGE('',*,*,#3991,.F.);
#5603=ORIENTED_EDGE('',*,*,#3989,.T.);
#5604=ORIENTED_EDGE('',*,*,#3992,.F.);
#5605=ORIENTED_EDGE('',*,*,#3993,.F.);
#5606=ORIENTED_EDGE('',*,*,#3983,.T.);
#5607=ORIENTED_EDGE('',*,*,#3991,.T.);
#5608=ORIENTED_EDGE('',*,*,#3978,.T.);
#5609=ORIENTED_EDGE('',*,*,#3982,.T.);
#5610=ORIENTED_EDGE('',*,*,#3987,.T.);
#5611=ORIENTED_EDGE('',*,*,#3994,.F.);
#5612=ORIENTED_EDGE('',*,*,#3976,.F.);
#5613=ORIENTED_EDGE('',*,*,#3990,.F.);
#5614=ORIENTED_EDGE('',*,*,#3988,.F.);
#5615=ORIENTED_EDGE('',*,*,#3980,.F.);
#5616=ORIENTED_EDGE('',*,*,#3995,.F.);
#5617=ORIENTED_EDGE('',*,*,#3996,.T.);
#5618=ORIENTED_EDGE('',*,*,#3997,.T.);
#5619=ORIENTED_EDGE('',*,*,#3992,.T.);
#5620=ORIENTED_EDGE('',*,*,#3997,.F.);
#5621=ORIENTED_EDGE('',*,*,#3998,.T.);
#5622=ORIENTED_EDGE('',*,*,#3984,.T.);
#5623=ORIENTED_EDGE('',*,*,#3993,.T.);
#5624=ORIENTED_EDGE('',*,*,#3986,.F.);
#5625=ORIENTED_EDGE('',*,*,#3999,.T.);
#5626=ORIENTED_EDGE('',*,*,#3995,.T.);
#5627=ORIENTED_EDGE('',*,*,#3994,.T.);
#5628=ORIENTED_EDGE('',*,*,#4000,.F.);
#5629=ORIENTED_EDGE('',*,*,#3999,.F.);
#5630=ORIENTED_EDGE('',*,*,#3985,.F.);
#5631=ORIENTED_EDGE('',*,*,#3998,.F.);
#5632=ORIENTED_EDGE('',*,*,#3996,.F.);
#5633=ORIENTED_EDGE('',*,*,#4000,.T.);
#5634=ORIENTED_EDGE('',*,*,#4001,.T.);
#5635=ORIENTED_EDGE('',*,*,#4002,.F.);
#5636=ORIENTED_EDGE('',*,*,#4003,.F.);
#5637=ORIENTED_EDGE('',*,*,#4004,.T.);
#5638=ORIENTED_EDGE('',*,*,#4005,.T.);
#5639=ORIENTED_EDGE('',*,*,#4006,.F.);
#5640=ORIENTED_EDGE('',*,*,#4007,.F.);
#5641=ORIENTED_EDGE('',*,*,#4002,.T.);
#5642=ORIENTED_EDGE('',*,*,#4008,.F.);
#5643=ORIENTED_EDGE('',*,*,#4009,.F.);
#5644=ORIENTED_EDGE('',*,*,#4010,.T.);
#5645=ORIENTED_EDGE('',*,*,#4011,.T.);
#5646=ORIENTED_EDGE('',*,*,#4012,.F.);
#5647=ORIENTED_EDGE('',*,*,#4006,.T.);
#5648=ORIENTED_EDGE('',*,*,#4013,.T.);
#5649=ORIENTED_EDGE('',*,*,#4014,.F.);
#5650=ORIENTED_EDGE('',*,*,#4015,.T.);
#5651=ORIENTED_EDGE('',*,*,#4004,.F.);
#5652=ORIENTED_EDGE('',*,*,#4016,.F.);
#5653=ORIENTED_EDGE('',*,*,#4014,.T.);
#5654=ORIENTED_EDGE('',*,*,#4017,.F.);
#5655=ORIENTED_EDGE('',*,*,#4008,.T.);
#5656=ORIENTED_EDGE('',*,*,#4016,.T.);
#5657=ORIENTED_EDGE('',*,*,#4003,.T.);
#5658=ORIENTED_EDGE('',*,*,#4007,.T.);
#5659=ORIENTED_EDGE('',*,*,#4012,.T.);
#5660=ORIENTED_EDGE('',*,*,#4018,.F.);
#5661=ORIENTED_EDGE('',*,*,#4019,.F.);
#5662=ORIENTED_EDGE('',*,*,#4001,.F.);
#5663=ORIENTED_EDGE('',*,*,#4015,.F.);
#5664=ORIENTED_EDGE('',*,*,#4013,.F.);
#5665=ORIENTED_EDGE('',*,*,#4005,.F.);
#5666=ORIENTED_EDGE('',*,*,#4020,.F.);
#5667=ORIENTED_EDGE('',*,*,#4021,.T.);
#5668=ORIENTED_EDGE('',*,*,#4022,.T.);
#5669=ORIENTED_EDGE('',*,*,#4019,.T.);
#5670=ORIENTED_EDGE('',*,*,#4022,.F.);
#5671=ORIENTED_EDGE('',*,*,#4023,.T.);
#5672=ORIENTED_EDGE('',*,*,#4009,.T.);
#5673=ORIENTED_EDGE('',*,*,#4017,.T.);
#5674=ORIENTED_EDGE('',*,*,#4011,.F.);
#5675=ORIENTED_EDGE('',*,*,#4024,.T.);
#5676=ORIENTED_EDGE('',*,*,#4020,.T.);
#5677=ORIENTED_EDGE('',*,*,#4018,.T.);
#5678=ORIENTED_EDGE('',*,*,#4025,.F.);
#5679=ORIENTED_EDGE('',*,*,#4024,.F.);
#5680=ORIENTED_EDGE('',*,*,#4010,.F.);
#5681=ORIENTED_EDGE('',*,*,#4023,.F.);
#5682=ORIENTED_EDGE('',*,*,#4021,.F.);
#5683=ORIENTED_EDGE('',*,*,#4025,.T.);
#5684=CYLINDRICAL_SURFACE('',#6156,0.0163636363636362);
#5685=CYLINDRICAL_SURFACE('',#6159,0.0163636363636362);
#5686=CYLINDRICAL_SURFACE('',#6162,0.0863636363636362);
#5687=CYLINDRICAL_SURFACE('',#6165,0.1);
#5688=CYLINDRICAL_SURFACE('',#6168,0.125);
#5689=CYLINDRICAL_SURFACE('',#6171,0.125);
#5690=CYLINDRICAL_SURFACE('',#6174,0.125);
#5691=CYLINDRICAL_SURFACE('',#6177,0.125);
#5692=CYLINDRICAL_SURFACE('',#6180,0.125);
#5693=CYLINDRICAL_SURFACE('',#6183,0.125);
#5694=CYLINDRICAL_SURFACE('',#6214,0.2);
#5695=CYLINDRICAL_SURFACE('',#6217,0.08);
#5696=CYLINDRICAL_SURFACE('',#6220,0.08);
#5697=CYLINDRICAL_SURFACE('',#6223,0.08);
#5698=CYLINDRICAL_SURFACE('',#6226,0.08);
#5699=CYLINDRICAL_SURFACE('',#6232,0.125);
#5700=CYLINDRICAL_SURFACE('',#6237,0.125);
#5701=CYLINDRICAL_SURFACE('',#6260,0.125);
#5702=CYLINDRICAL_SURFACE('',#6265,0.125);
#5703=CYLINDRICAL_SURFACE('',#6270,0.125);
#5704=CYLINDRICAL_SURFACE('',#6275,0.125);
#5705=CYLINDRICAL_SURFACE('',#6281,0.124999999999999);
#5706=CYLINDRICAL_SURFACE('',#6285,0.124999999999999);
#5707=CYLINDRICAL_SURFACE('',#6290,0.124999999999999);
#5708=CYLINDRICAL_SURFACE('',#6295,0.124999999999999);
#5709=CYLINDRICAL_SURFACE('',#6319,0.0454545454545456);
#5710=CYLINDRICAL_SURFACE('',#6322,0.016363636363636);
#5711=CYLINDRICAL_SURFACE('',#6326,0.016363636363636);
#5712=CYLINDRICAL_SURFACE('',#6329,0.0454545454545451);
#5713=CYLINDRICAL_SURFACE('',#6334,0.0454545454545454);
#5714=CYLINDRICAL_SURFACE('',#6337,0.1);
#5715=CYLINDRICAL_SURFACE('',#6340,0.0454545454545454);
#5716=CYLINDRICAL_SURFACE('',#6348,0.2);
#5717=CYLINDRICAL_SURFACE('',#6352,0.08);
#5718=CYLINDRICAL_SURFACE('',#6356,0.08);
#5719=CYLINDRICAL_SURFACE('',#6360,0.0799999999999999);
#5720=CYLINDRICAL_SURFACE('',#6364,0.0799999999999999);
#5721=CYLINDRICAL_SURFACE('',#6397,0.125);
#5722=CYLINDRICAL_SURFACE('',#6408,0.09);
#5723=CYLINDRICAL_SURFACE('',#6410,0.09);
#5724=CYLINDRICAL_SURFACE('',#6414,0.125);
#5725=CYLINDRICAL_SURFACE('',#6425,0.09);
#5726=CYLINDRICAL_SURFACE('',#6427,0.09);
#5727=CYLINDRICAL_SURFACE('',#6431,0.125);
#5728=CYLINDRICAL_SURFACE('',#6442,0.09);
#5729=CYLINDRICAL_SURFACE('',#6444,0.09);
#5730=CYLINDRICAL_SURFACE('',#6448,0.125);
#5731=CYLINDRICAL_SURFACE('',#6459,0.09);
#5732=CYLINDRICAL_SURFACE('',#6461,0.09);
#5733=CYLINDRICAL_SURFACE('',#6465,0.125);
#5734=CYLINDRICAL_SURFACE('',#6476,0.09);
#5735=CYLINDRICAL_SURFACE('',#6478,0.09);
#5736=CYLINDRICAL_SURFACE('',#6482,0.125);
#5737=CYLINDRICAL_SURFACE('',#6493,0.09);
#5738=CYLINDRICAL_SURFACE('',#6495,0.09);
#5739=CYLINDRICAL_SURFACE('',#6499,0.09);
#5740=CYLINDRICAL_SURFACE('',#6501,0.125);
#5741=CYLINDRICAL_SURFACE('',#6512,0.09);
#5742=CYLINDRICAL_SURFACE('',#6516,0.09);
#5743=CYLINDRICAL_SURFACE('',#6518,0.125);
#5744=CYLINDRICAL_SURFACE('',#6529,0.09);
#5745=CYLINDRICAL_SURFACE('',#6533,0.09);
#5746=CYLINDRICAL_SURFACE('',#6535,0.125);
#5747=CYLINDRICAL_SURFACE('',#6546,0.09);
#5748=CYLINDRICAL_SURFACE('',#6550,0.09);
#5749=CYLINDRICAL_SURFACE('',#6552,0.125);
#5750=CYLINDRICAL_SURFACE('',#6563,0.09);
#5751=CYLINDRICAL_SURFACE('',#6567,0.09);
#5752=CYLINDRICAL_SURFACE('',#6569,0.125);
#5753=CYLINDRICAL_SURFACE('',#6580,0.09);
#5754=CYLINDRICAL_SURFACE('',#6584,0.09);
#5755=CYLINDRICAL_SURFACE('',#6586,0.125);
#5756=CYLINDRICAL_SURFACE('',#6597,0.09);
#5757=CYLINDRICAL_SURFACE('',#6601,0.124999999999999);
#5758=CYLINDRICAL_SURFACE('',#6609,0.0899999999999999);
#5759=CYLINDRICAL_SURFACE('',#6612,0.09);
#5760=CYLINDRICAL_SURFACE('',#6615,0.124999999999999);
#5761=CYLINDRICAL_SURFACE('',#6626,0.0899999999999999);
#5762=CYLINDRICAL_SURFACE('',#6629,0.09);
#5763=CYLINDRICAL_SURFACE('',#6632,0.124999999999999);
#5764=CYLINDRICAL_SURFACE('',#6642,0.0899999999999999);
#5765=CYLINDRICAL_SURFACE('',#6646,0.09);
#5766=CYLINDRICAL_SURFACE('',#6649,0.124999999999999);
#5767=CYLINDRICAL_SURFACE('',#6659,0.0899999999999999);
#5768=CYLINDRICAL_SURFACE('',#6663,0.09);
#5769=ADVANCED_FACE('',(#481),#5684,.F.);
#5770=ADVANCED_FACE('',(#482),#5685,.F.);
#5771=ADVANCED_FACE('',(#483),#5686,.F.);
#5772=ADVANCED_FACE('',(#484),#5687,.F.);
#5773=ADVANCED_FACE('',(#485),#5688,.F.);
#5774=ADVANCED_FACE('',(#486),#5689,.F.);
#5775=ADVANCED_FACE('',(#487),#5690,.F.);
#5776=ADVANCED_FACE('',(#488),#5691,.F.);
#5777=ADVANCED_FACE('',(#489),#5692,.F.);
#5778=ADVANCED_FACE('',(#490),#5693,.F.);
#5779=ADVANCED_FACE('',(#491,#235,#236,#237),#243,.T.);
#5780=ADVANCED_FACE('',(#492,#238,#239),#244,.F.);
#5781=ADVANCED_FACE('',(#493),#245,.F.);
#5782=ADVANCED_FACE('',(#494,#240,#241),#246,.F.);
#5783=ADVANCED_FACE('',(#495),#247,.F.);
#5784=ADVANCED_FACE('',(#496,#242),#248,.F.);
#5785=ADVANCED_FACE('',(#497),#5694,.T.);
#5786=ADVANCED_FACE('',(#498),#249,.T.);
#5787=ADVANCED_FACE('',(#499),#5695,.F.);
#5788=ADVANCED_FACE('',(#500),#250,.T.);
#5789=ADVANCED_FACE('',(#501),#5696,.F.);
#5790=ADVANCED_FACE('',(#502),#251,.T.);
#5791=ADVANCED_FACE('',(#503),#5697,.F.);
#5792=ADVANCED_FACE('',(#504),#252,.T.);
#5793=ADVANCED_FACE('',(#505),#5698,.F.);
#5794=ADVANCED_FACE('',(#506),#253,.T.);
#5795=ADVANCED_FACE('',(#507),#254,.T.);
#5796=ADVANCED_FACE('',(#508),#255,.F.);
#5797=ADVANCED_FACE('',(#509),#5699,.F.);
#5798=ADVANCED_FACE('',(#510),#256,.T.);
#5799=ADVANCED_FACE('',(#511),#257,.T.);
#5800=ADVANCED_FACE('',(#512),#258,.F.);
#5801=ADVANCED_FACE('',(#513),#5700,.F.);
#5802=ADVANCED_FACE('',(#514),#259,.T.);
#5803=ADVANCED_FACE('',(#515),#260,.T.);
#5804=ADVANCED_FACE('',(#516),#261,.T.);
#5805=ADVANCED_FACE('',(#517),#262,.T.);
#5806=ADVANCED_FACE('',(#518),#263,.T.);
#5807=ADVANCED_FACE('',(#519),#264,.F.);
#5808=ADVANCED_FACE('',(#520),#265,.T.);
#5809=ADVANCED_FACE('',(#521),#266,.T.);
#5810=ADVANCED_FACE('',(#522),#267,.T.);
#5811=ADVANCED_FACE('',(#523),#268,.T.);
#5812=ADVANCED_FACE('',(#524),#269,.T.);
#5813=ADVANCED_FACE('',(#525),#270,.T.);
#5814=ADVANCED_FACE('',(#526),#271,.T.);
#5815=ADVANCED_FACE('',(#527),#272,.T.);
#5816=ADVANCED_FACE('',(#528),#273,.F.);
#5817=ADVANCED_FACE('',(#529),#274,.T.);
#5818=ADVANCED_FACE('',(#530),#275,.T.);
#5819=ADVANCED_FACE('',(#531),#276,.F.);
#5820=ADVANCED_FACE('',(#532),#277,.T.);
#5821=ADVANCED_FACE('',(#533),#278,.T.);
#5822=ADVANCED_FACE('',(#534),#279,.T.);
#5823=ADVANCED_FACE('',(#535),#5701,.F.);
#5824=ADVANCED_FACE('',(#536),#280,.T.);
#5825=ADVANCED_FACE('',(#537),#281,.T.);
#5826=ADVANCED_FACE('',(#538),#282,.T.);
#5827=ADVANCED_FACE('',(#539),#5702,.F.);
#5828=ADVANCED_FACE('',(#540),#283,.T.);
#5829=ADVANCED_FACE('',(#541),#284,.T.);
#5830=ADVANCED_FACE('',(#542),#285,.T.);
#5831=ADVANCED_FACE('',(#543),#5703,.F.);
#5832=ADVANCED_FACE('',(#544),#286,.T.);
#5833=ADVANCED_FACE('',(#545),#287,.T.);
#5834=ADVANCED_FACE('',(#546),#288,.F.);
#5835=ADVANCED_FACE('',(#547),#5704,.F.);
#5836=ADVANCED_FACE('',(#548),#289,.T.);
#5837=ADVANCED_FACE('',(#549),#290,.T.);
#5838=ADVANCED_FACE('',(#550),#291,.F.);
#5839=ADVANCED_FACE('',(#551),#292,.T.);
#5840=ADVANCED_FACE('',(#552),#5705,.F.);
#5841=ADVANCED_FACE('',(#553),#293,.T.);
#5842=ADVANCED_FACE('',(#554),#294,.T.);
#5843=ADVANCED_FACE('',(#555),#5706,.F.);
#5844=ADVANCED_FACE('',(#556),#295,.T.);
#5845=ADVANCED_FACE('',(#557),#296,.T.);
#5846=ADVANCED_FACE('',(#558),#297,.F.);
#5847=ADVANCED_FACE('',(#559),#5707,.F.);
#5848=ADVANCED_FACE('',(#560),#298,.T.);
#5849=ADVANCED_FACE('',(#561),#299,.T.);
#5850=ADVANCED_FACE('',(#562),#300,.T.);
#5851=ADVANCED_FACE('',(#563),#5708,.F.);
#5852=ADVANCED_FACE('',(#564),#301,.T.);
#5853=ADVANCED_FACE('',(#565),#302,.T.);
#5854=ADVANCED_FACE('',(#566),#303,.F.);
#5855=ADVANCED_FACE('',(#567),#304,.F.);
#5856=ADVANCED_FACE('',(#568),#305,.T.);
#5857=ADVANCED_FACE('',(#569),#306,.F.);
#5858=ADVANCED_FACE('',(#570),#307,.F.);
#5859=ADVANCED_FACE('',(#571),#308,.F.);
#5860=ADVANCED_FACE('',(#572),#309,.F.);
#5861=ADVANCED_FACE('',(#573),#310,.T.);
#5862=ADVANCED_FACE('',(#574),#311,.F.);
#5863=ADVANCED_FACE('',(#575),#312,.F.);
#5864=ADVANCED_FACE('',(#576),#313,.F.);
#5865=ADVANCED_FACE('',(#577),#314,.F.);
#5866=ADVANCED_FACE('',(#578),#315,.T.);
#5867=ADVANCED_FACE('',(#579),#316,.F.);
#5868=ADVANCED_FACE('',(#580),#317,.F.);
#5869=ADVANCED_FACE('',(#581),#318,.F.);
#5870=ADVANCED_FACE('',(#582),#319,.F.);
#5871=ADVANCED_FACE('',(#583),#320,.T.);
#5872=ADVANCED_FACE('',(#584),#321,.F.);
#5873=ADVANCED_FACE('',(#585),#322,.F.);
#5874=ADVANCED_FACE('',(#586),#323,.T.);
#5875=ADVANCED_FACE('',(#587),#5709,.F.);
#5876=ADVANCED_FACE('',(#588),#324,.T.);
#5877=ADVANCED_FACE('',(#589),#5710,.F.);
#5878=ADVANCED_FACE('',(#590),#325,.T.);
#5879=ADVANCED_FACE('',(#591),#326,.T.);
#5880=ADVANCED_FACE('',(#592),#5711,.F.);
#5881=ADVANCED_FACE('',(#593),#327,.T.);
#5882=ADVANCED_FACE('',(#594),#5712,.F.);
#5883=ADVANCED_FACE('',(#595),#328,.T.);
#5884=ADVANCED_FACE('',(#596),#329,.F.);
#5885=ADVANCED_FACE('',(#597),#330,.T.);
#5886=ADVANCED_FACE('',(#598),#5713,.F.);
#5887=ADVANCED_FACE('',(#599),#331,.T.);
#5888=ADVANCED_FACE('',(#600),#5714,.F.);
#5889=ADVANCED_FACE('',(#601),#332,.T.);
#5890=ADVANCED_FACE('',(#602),#5715,.F.);
#5891=ADVANCED_FACE('',(#603),#333,.T.);
#5892=ADVANCED_FACE('',(#604),#334,.T.);
#5893=ADVANCED_FACE('',(#605),#335,.T.);
#5894=ADVANCED_FACE('',(#606),#336,.T.);
#5895=ADVANCED_FACE('',(#607),#337,.T.);
#5896=ADVANCED_FACE('',(#608),#5716,.F.);
#5897=ADVANCED_FACE('',(#609),#338,.F.);
#5898=ADVANCED_FACE('',(#610),#5717,.T.);
#5899=ADVANCED_FACE('',(#611),#339,.F.);
#5900=ADVANCED_FACE('',(#612),#5718,.T.);
#5901=ADVANCED_FACE('',(#613),#340,.F.);
#5902=ADVANCED_FACE('',(#614),#5719,.T.);
#5903=ADVANCED_FACE('',(#615),#341,.F.);
#5904=ADVANCED_FACE('',(#616),#5720,.T.);
#5905=ADVANCED_FACE('',(#617),#342,.F.);
#5906=ADVANCED_FACE('',(#618),#343,.T.);
#5907=ADVANCED_FACE('',(#619),#344,.F.);
#5908=ADVANCED_FACE('',(#620),#345,.T.);
#5909=ADVANCED_FACE('',(#621),#346,.T.);
#5910=ADVANCED_FACE('',(#622),#347,.T.);
#5911=ADVANCED_FACE('',(#623),#348,.T.);
#5912=ADVANCED_FACE('',(#624),#349,.F.);
#5913=ADVANCED_FACE('',(#625),#350,.T.);
#5914=ADVANCED_FACE('',(#626),#351,.T.);
#5915=ADVANCED_FACE('',(#627),#352,.T.);
#5916=ADVANCED_FACE('',(#628),#353,.T.);
#5917=ADVANCED_FACE('',(#629),#354,.T.);
#5918=ADVANCED_FACE('',(#630),#355,.F.);
#5919=ADVANCED_FACE('',(#631),#356,.T.);
#5920=ADVANCED_FACE('',(#632),#357,.T.);
#5921=ADVANCED_FACE('',(#633),#358,.T.);
#5922=ADVANCED_FACE('',(#634),#359,.T.);
#5923=ADVANCED_FACE('',(#635),#360,.T.);
#5924=ADVANCED_FACE('',(#636),#361,.F.);
#5925=ADVANCED_FACE('',(#637),#362,.T.);
#5926=ADVANCED_FACE('',(#638),#363,.T.);
#5927=ADVANCED_FACE('',(#639),#364,.T.);
#5928=ADVANCED_FACE('',(#640),#365,.T.);
#5929=ADVANCED_FACE('',(#641),#366,.T.);
#5930=ADVANCED_FACE('',(#642),#367,.F.);
#5931=ADVANCED_FACE('',(#643),#368,.T.);
#5932=ADVANCED_FACE('',(#644),#23,.F.);
#5933=ADVANCED_FACE('',(#645),#5721,.T.);
#5934=ADVANCED_FACE('',(#646),#369,.F.);
#5935=ADVANCED_FACE('',(#647),#370,.F.);
#5936=ADVANCED_FACE('',(#648),#371,.F.);
#5937=ADVANCED_FACE('',(#649),#372,.F.);
#5938=ADVANCED_FACE('',(#650),#373,.T.);
#5939=ADVANCED_FACE('',(#651),#374,.F.);
#5940=ADVANCED_FACE('',(#652),#5722,.F.);
#5941=ADVANCED_FACE('',(#653),#375,.F.);
#5942=ADVANCED_FACE('',(#654),#5723,.F.);
#5943=ADVANCED_FACE('',(#655),#24,.F.);
#5944=ADVANCED_FACE('',(#656),#5724,.T.);
#5945=ADVANCED_FACE('',(#657),#376,.F.);
#5946=ADVANCED_FACE('',(#658),#377,.F.);
#5947=ADVANCED_FACE('',(#659),#378,.F.);
#5948=ADVANCED_FACE('',(#660),#379,.F.);
#5949=ADVANCED_FACE('',(#661),#380,.T.);
#5950=ADVANCED_FACE('',(#662),#381,.F.);
#5951=ADVANCED_FACE('',(#663),#5725,.F.);
#5952=ADVANCED_FACE('',(#664),#382,.F.);
#5953=ADVANCED_FACE('',(#665),#5726,.F.);
#5954=ADVANCED_FACE('',(#666),#25,.F.);
#5955=ADVANCED_FACE('',(#667),#5727,.T.);
#5956=ADVANCED_FACE('',(#668),#383,.F.);
#5957=ADVANCED_FACE('',(#669),#384,.F.);
#5958=ADVANCED_FACE('',(#670),#385,.F.);
#5959=ADVANCED_FACE('',(#671),#386,.T.);
#5960=ADVANCED_FACE('',(#672),#387,.F.);
#5961=ADVANCED_FACE('',(#673),#388,.F.);
#5962=ADVANCED_FACE('',(#674),#5728,.F.);
#5963=ADVANCED_FACE('',(#675),#389,.F.);
#5964=ADVANCED_FACE('',(#676),#5729,.F.);
#5965=ADVANCED_FACE('',(#677),#26,.F.);
#5966=ADVANCED_FACE('',(#678),#5730,.T.);
#5967=ADVANCED_FACE('',(#679),#390,.F.);
#5968=ADVANCED_FACE('',(#680),#391,.F.);
#5969=ADVANCED_FACE('',(#681),#392,.F.);
#5970=ADVANCED_FACE('',(#682),#393,.T.);
#5971=ADVANCED_FACE('',(#683),#394,.F.);
#5972=ADVANCED_FACE('',(#684),#395,.F.);
#5973=ADVANCED_FACE('',(#685),#5731,.F.);
#5974=ADVANCED_FACE('',(#686),#396,.F.);
#5975=ADVANCED_FACE('',(#687),#5732,.F.);
#5976=ADVANCED_FACE('',(#688),#27,.F.);
#5977=ADVANCED_FACE('',(#689),#5733,.T.);
#5978=ADVANCED_FACE('',(#690),#397,.F.);
#5979=ADVANCED_FACE('',(#691),#398,.F.);
#5980=ADVANCED_FACE('',(#692),#399,.F.);
#5981=ADVANCED_FACE('',(#693),#400,.F.);
#5982=ADVANCED_FACE('',(#694),#401,.T.);
#5983=ADVANCED_FACE('',(#695),#402,.F.);
#5984=ADVANCED_FACE('',(#696),#5734,.F.);
#5985=ADVANCED_FACE('',(#697),#403,.F.);
#5986=ADVANCED_FACE('',(#698),#5735,.F.);
#5987=ADVANCED_FACE('',(#699),#28,.F.);
#5988=ADVANCED_FACE('',(#700),#5736,.T.);
#5989=ADVANCED_FACE('',(#701),#404,.F.);
#5990=ADVANCED_FACE('',(#702),#405,.F.);
#5991=ADVANCED_FACE('',(#703),#406,.F.);
#5992=ADVANCED_FACE('',(#704),#407,.T.);
#5993=ADVANCED_FACE('',(#705),#408,.F.);
#5994=ADVANCED_FACE('',(#706),#409,.F.);
#5995=ADVANCED_FACE('',(#707),#5737,.F.);
#5996=ADVANCED_FACE('',(#708),#410,.F.);
#5997=ADVANCED_FACE('',(#709),#5738,.F.);
#5998=ADVANCED_FACE('',(#710),#29,.F.);
#5999=ADVANCED_FACE('',(#711),#5739,.F.);
#6000=ADVANCED_FACE('',(#712),#5740,.T.);
#6001=ADVANCED_FACE('',(#713),#411,.F.);
#6002=ADVANCED_FACE('',(#714),#412,.F.);
#6003=ADVANCED_FACE('',(#715),#413,.F.);
#6004=ADVANCED_FACE('',(#716),#414,.F.);
#6005=ADVANCED_FACE('',(#717),#415,.T.);
#6006=ADVANCED_FACE('',(#718),#416,.F.);
#6007=ADVANCED_FACE('',(#719),#417,.F.);
#6008=ADVANCED_FACE('',(#720),#5741,.F.);
#6009=ADVANCED_FACE('',(#721),#30,.F.);
#6010=ADVANCED_FACE('',(#722),#5742,.F.);
#6011=ADVANCED_FACE('',(#723),#5743,.T.);
#6012=ADVANCED_FACE('',(#724),#418,.F.);
#6013=ADVANCED_FACE('',(#725),#419,.F.);
#6014=ADVANCED_FACE('',(#726),#420,.F.);
#6015=ADVANCED_FACE('',(#727),#421,.F.);
#6016=ADVANCED_FACE('',(#728),#422,.T.);
#6017=ADVANCED_FACE('',(#729),#423,.F.);
#6018=ADVANCED_FACE('',(#730),#424,.F.);
#6019=ADVANCED_FACE('',(#731),#5744,.F.);
#6020=ADVANCED_FACE('',(#732),#31,.F.);
#6021=ADVANCED_FACE('',(#733),#5745,.F.);
#6022=ADVANCED_FACE('',(#734),#5746,.T.);
#6023=ADVANCED_FACE('',(#735),#425,.F.);
#6024=ADVANCED_FACE('',(#736),#426,.F.);
#6025=ADVANCED_FACE('',(#737),#427,.F.);
#6026=ADVANCED_FACE('',(#738),#428,.F.);
#6027=ADVANCED_FACE('',(#739),#429,.T.);
#6028=ADVANCED_FACE('',(#740),#430,.F.);
#6029=ADVANCED_FACE('',(#741),#431,.F.);
#6030=ADVANCED_FACE('',(#742),#5747,.F.);
#6031=ADVANCED_FACE('',(#743),#32,.F.);
#6032=ADVANCED_FACE('',(#744),#5748,.F.);
#6033=ADVANCED_FACE('',(#745),#5749,.T.);
#6034=ADVANCED_FACE('',(#746),#432,.F.);
#6035=ADVANCED_FACE('',(#747),#433,.F.);
#6036=ADVANCED_FACE('',(#748),#434,.F.);
#6037=ADVANCED_FACE('',(#749),#435,.T.);
#6038=ADVANCED_FACE('',(#750),#436,.F.);
#6039=ADVANCED_FACE('',(#751),#437,.F.);
#6040=ADVANCED_FACE('',(#752),#438,.F.);
#6041=ADVANCED_FACE('',(#753),#5750,.F.);
#6042=ADVANCED_FACE('',(#754),#33,.F.);
#6043=ADVANCED_FACE('',(#755),#5751,.F.);
#6044=ADVANCED_FACE('',(#756),#5752,.T.);
#6045=ADVANCED_FACE('',(#757),#439,.F.);
#6046=ADVANCED_FACE('',(#758),#440,.F.);
#6047=ADVANCED_FACE('',(#759),#441,.F.);
#6048=ADVANCED_FACE('',(#760),#442,.T.);
#6049=ADVANCED_FACE('',(#761),#443,.F.);
#6050=ADVANCED_FACE('',(#762),#444,.F.);
#6051=ADVANCED_FACE('',(#763),#445,.F.);
#6052=ADVANCED_FACE('',(#764),#5753,.F.);
#6053=ADVANCED_FACE('',(#765),#34,.F.);
#6054=ADVANCED_FACE('',(#766),#5754,.F.);
#6055=ADVANCED_FACE('',(#767),#5755,.T.);
#6056=ADVANCED_FACE('',(#768),#446,.F.);
#6057=ADVANCED_FACE('',(#769),#447,.F.);
#6058=ADVANCED_FACE('',(#770),#448,.F.);
#6059=ADVANCED_FACE('',(#771),#449,.T.);
#6060=ADVANCED_FACE('',(#772),#450,.F.);
#6061=ADVANCED_FACE('',(#773),#451,.F.);
#6062=ADVANCED_FACE('',(#774),#452,.F.);
#6063=ADVANCED_FACE('',(#775),#5756,.F.);
#6064=ADVANCED_FACE('',(#776),#453,.F.);
#6065=ADVANCED_FACE('',(#777),#454,.F.);
#6066=ADVANCED_FACE('',(#778),#5757,.T.);
#6067=ADVANCED_FACE('',(#779),#455,.F.);
#6068=ADVANCED_FACE('',(#780),#456,.F.);
#6069=ADVANCED_FACE('',(#781),#457,.T.);
#6070=ADVANCED_FACE('',(#782),#458,.F.);
#6071=ADVANCED_FACE('',(#783),#5758,.F.);
#6072=ADVANCED_FACE('',(#784),#459,.F.);
#6073=ADVANCED_FACE('',(#785),#5759,.F.);
#6074=ADVANCED_FACE('',(#786),#35,.F.);
#6075=ADVANCED_FACE('',(#787),#5760,.T.);
#6076=ADVANCED_FACE('',(#788),#460,.F.);
#6077=ADVANCED_FACE('',(#789),#461,.F.);
#6078=ADVANCED_FACE('',(#790),#462,.F.);
#6079=ADVANCED_FACE('',(#791),#463,.T.);
#6080=ADVANCED_FACE('',(#792),#464,.F.);
#6081=ADVANCED_FACE('',(#793),#465,.F.);
#6082=ADVANCED_FACE('',(#794),#5761,.F.);
#6083=ADVANCED_FACE('',(#795),#466,.F.);
#6084=ADVANCED_FACE('',(#796),#5762,.F.);
#6085=ADVANCED_FACE('',(#797),#36,.F.);
#6086=ADVANCED_FACE('',(#798),#5763,.T.);
#6087=ADVANCED_FACE('',(#799),#467,.F.);
#6088=ADVANCED_FACE('',(#800),#468,.F.);
#6089=ADVANCED_FACE('',(#801),#469,.F.);
#6090=ADVANCED_FACE('',(#802),#470,.F.);
#6091=ADVANCED_FACE('',(#803),#471,.T.);
#6092=ADVANCED_FACE('',(#804),#5764,.F.);
#6093=ADVANCED_FACE('',(#805),#472,.F.);
#6094=ADVANCED_FACE('',(#806),#473,.F.);
#6095=ADVANCED_FACE('',(#807),#5765,.F.);
#6096=ADVANCED_FACE('',(#808),#37,.F.);
#6097=ADVANCED_FACE('',(#809),#5766,.T.);
#6098=ADVANCED_FACE('',(#810),#474,.F.);
#6099=ADVANCED_FACE('',(#811),#475,.F.);
#6100=ADVANCED_FACE('',(#812),#476,.F.);
#6101=ADVANCED_FACE('',(#813),#477,.T.);
#6102=ADVANCED_FACE('',(#814),#478,.F.);
#6103=ADVANCED_FACE('',(#815),#5767,.F.);
#6104=ADVANCED_FACE('',(#816),#479,.F.);
#6105=ADVANCED_FACE('',(#817),#480,.F.);
#6106=ADVANCED_FACE('',(#818),#5768,.F.);
#6107=ADVANCED_FACE('',(#819),#38,.F.);
#6108=CLOSED_SHELL('',(#5769,#5770,#5771,#5772,#5773,#5774,#5775,#5776,
#5777,#5778,#5779,#5780,#5781,#5782,#5783,#5784,#5785,#5786,#5787,#5788,
#5789,#5790,#5791,#5792,#5793,#5794,#5795,#5796,#5797,#5798,#5799,#5800,
#5801,#5802,#5803,#5804,#5805,#5806,#5807,#5808,#5809,#5810,#5811,#5812,
#5813,#5814,#5815,#5816,#5817,#5818,#5819,#5820,#5821,#5822,#5823,#5824,
#5825,#5826,#5827,#5828,#5829,#5830,#5831,#5832,#5833,#5834,#5835,#5836,
#5837,#5838,#5839,#5840,#5841,#5842,#5843,#5844,#5845,#5846,#5847,#5848,
#5849,#5850,#5851,#5852,#5853,#5854,#5855,#5856,#5857,#5858,#5859,#5860,
#5861,#5862,#5863,#5864,#5865,#5866,#5867,#5868,#5869,#5870,#5871,#5872,
#5873,#5874,#5875,#5876,#5877,#5878,#5879,#5880,#5881,#5882,#5883,#5884,
#5885,#5886,#5887,#5888,#5889,#5890,#5891,#5892,#5893,#5894,#5895));
#6109=CLOSED_SHELL('',(#5896,#5897,#5898,#5899,#5900,#5901,#5902,#5903,
#5904,#5905,#5906,#5907));
#6110=CLOSED_SHELL('',(#5908,#5909,#5910,#5911,#5912,#5913));
#6111=CLOSED_SHELL('',(#5914,#5915,#5916,#5917,#5918,#5919));
#6112=CLOSED_SHELL('',(#5920,#5921,#5922,#5923,#5924,#5925));
#6113=CLOSED_SHELL('',(#5926,#5927,#5928,#5929,#5930,#5931));
#6114=CLOSED_SHELL('',(#5932,#5933,#5934,#5935,#5936,#5937,#5938,#5939,
#5940,#5941,#5942));
#6115=CLOSED_SHELL('',(#5943,#5944,#5945,#5946,#5947,#5948,#5949,#5950,
#5951,#5952,#5953));
#6116=CLOSED_SHELL('',(#5954,#5955,#5956,#5957,#5958,#5959,#5960,#5961,
#5962,#5963,#5964));
#6117=CLOSED_SHELL('',(#5965,#5966,#5967,#5968,#5969,#5970,#5971,#5972,
#5973,#5974,#5975));
#6118=CLOSED_SHELL('',(#5976,#5977,#5978,#5979,#5980,#5981,#5982,#5983,
#5984,#5985,#5986));
#6119=CLOSED_SHELL('',(#5987,#5988,#5989,#5990,#5991,#5992,#5993,#5994,
#5995,#5996,#5997));
#6120=CLOSED_SHELL('',(#5998,#5999,#6000,#6001,#6002,#6003,#6004,#6005,
#6006,#6007,#6008));
#6121=CLOSED_SHELL('',(#6009,#6010,#6011,#6012,#6013,#6014,#6015,#6016,
#6017,#6018,#6019));
#6122=CLOSED_SHELL('',(#6020,#6021,#6022,#6023,#6024,#6025,#6026,#6027,
#6028,#6029,#6030));
#6123=CLOSED_SHELL('',(#6031,#6032,#6033,#6034,#6035,#6036,#6037,#6038,
#6039,#6040,#6041));
#6124=CLOSED_SHELL('',(#6042,#6043,#6044,#6045,#6046,#6047,#6048,#6049,
#6050,#6051,#6052));
#6125=CLOSED_SHELL('',(#6053,#6054,#6055,#6056,#6057,#6058,#6059,#6060,
#6061,#6062,#6063));
#6126=CLOSED_SHELL('',(#6064,#6065,#6066,#6067,#6068,#6069,#6070,#6071,
#6072,#6073,#6074));
#6127=CLOSED_SHELL('',(#6075,#6076,#6077,#6078,#6079,#6080,#6081,#6082,
#6083,#6084,#6085));
#6128=CLOSED_SHELL('',(#6086,#6087,#6088,#6089,#6090,#6091,#6092,#6093,
#6094,#6095,#6096));
#6129=CLOSED_SHELL('',(#6097,#6098,#6099,#6100,#6101,#6102,#6103,#6104,
#6105,#6106,#6107));
#6130=DERIVED_UNIT_ELEMENT(#6134,1.);
#6131=DERIVED_UNIT_ELEMENT(#10088,-3.);
#6132=DERIVED_UNIT_ELEMENT(#6134,1.);
#6133=DERIVED_UNIT_ELEMENT(#10088,-3.);
#6134=(
MASS_UNIT()
NAMED_UNIT(*)
SI_UNIT(.KILO.,.GRAM.)
);
#6135=DERIVED_UNIT((#6130,#6131));
#6136=DERIVED_UNIT((#6132,#6133));
#6137=MEASURE_REPRESENTATION_ITEM('density measure',
POSITIVE_RATIO_MEASURE(7850.),#6135);
#6138=MEASURE_REPRESENTATION_ITEM('density measure',
POSITIVE_RATIO_MEASURE(7850.),#6136);
#6139=PROPERTY_DEFINITION_REPRESENTATION(#6149,#6143);
#6140=PROPERTY_DEFINITION_REPRESENTATION(#6150,#6144);
#6141=PROPERTY_DEFINITION_REPRESENTATION(#6151,#6145);
#6142=PROPERTY_DEFINITION_REPRESENTATION(#6152,#6146);
#6143=REPRESENTATION('material name',(#6147),#10084);
#6144=REPRESENTATION('density',(#6137),#10084);
#6145=REPRESENTATION('material name',(#6148),#10085);
#6146=REPRESENTATION('density',(#6138),#10085);
#6147=DESCRIPTIVE_REPRESENTATION_ITEM('Steel','Steel');
#6148=DESCRIPTIVE_REPRESENTATION_ITEM('Steel','Steel');
#6149=PROPERTY_DEFINITION('material property','material name',#10109);
#6150=PROPERTY_DEFINITION('material property','density of part',#10109);
#6151=PROPERTY_DEFINITION('material property','material name',#10110);
#6152=PROPERTY_DEFINITION('material property','density of part',#10110);
#6153=AXIS2_PLACEMENT_3D('',#8360,#6669,#6670);
#6154=AXIS2_PLACEMENT_3D('',#8361,#6671,#6672);
#6155=AXIS2_PLACEMENT_3D('',#8362,#6673,#6674);
#6156=AXIS2_PLACEMENT_3D('',#8363,#6675,#6676);
#6157=AXIS2_PLACEMENT_3D('',#8366,#6677,#6678);
#6158=AXIS2_PLACEMENT_3D('',#8370,#6680,#6681);
#6159=AXIS2_PLACEMENT_3D('',#8372,#6683,#6684);
#6160=AXIS2_PLACEMENT_3D('',#8375,#6685,#6686);
#6161=AXIS2_PLACEMENT_3D('',#8379,#6688,#6689);
#6162=AXIS2_PLACEMENT_3D('',#8381,#6691,#6692);
#6163=AXIS2_PLACEMENT_3D('',#8383,#6693,#6694);
#6164=AXIS2_PLACEMENT_3D('',#8386,#6696,#6697);
#6165=AXIS2_PLACEMENT_3D('',#8387,#6698,#6699);
#6166=AXIS2_PLACEMENT_3D('',#8390,#6700,#6701);
#6167=AXIS2_PLACEMENT_3D('',#8394,#6703,#6704);
#6168=AXIS2_PLACEMENT_3D('',#8396,#6706,#6707);
#6169=AXIS2_PLACEMENT_3D('',#8399,#6708,#6709);
#6170=AXIS2_PLACEMENT_3D('',#8403,#6711,#6712);
#6171=AXIS2_PLACEMENT_3D('',#8405,#6714,#6715);
#6172=AXIS2_PLACEMENT_3D('',#8408,#6716,#6717);
#6173=AXIS2_PLACEMENT_3D('',#8412,#6719,#6720);
#6174=AXIS2_PLACEMENT_3D('',#8414,#6722,#6723);
#6175=AXIS2_PLACEMENT_3D('',#8417,#6724,#6725);
#6176=AXIS2_PLACEMENT_3D('',#8421,#6727,#6728);
#6177=AXIS2_PLACEMENT_3D('',#8423,#6730,#6731);
#6178=AXIS2_PLACEMENT_3D('',#8426,#6732,#6733);
#6179=AXIS2_PLACEMENT_3D('',#8430,#6735,#6736);
#6180=AXIS2_PLACEMENT_3D('',#8432,#6738,#6739);
#6181=AXIS2_PLACEMENT_3D('',#8435,#6740,#6741);
#6182=AXIS2_PLACEMENT_3D('',#8439,#6743,#6744);
#6183=AXIS2_PLACEMENT_3D('',#8441,#6746,#6747);
#6184=AXIS2_PLACEMENT_3D('',#8444,#6748,#6749);
#6185=AXIS2_PLACEMENT_3D('',#8448,#6751,#6752);
#6186=AXIS2_PLACEMENT_3D('',#8450,#6754,#6755);
#6187=AXIS2_PLACEMENT_3D('',#8463,#6761,#6762);
#6188=AXIS2_PLACEMENT_3D('',#8471,#6767,#6768);
#6189=AXIS2_PLACEMENT_3D('',#8474,#6770,#6771);
#6190=AXIS2_PLACEMENT_3D('',#8480,#6774,#6775);
#6191=AXIS2_PLACEMENT_3D('',#8484,#6777,#6778);
#6192=AXIS2_PLACEMENT_3D('',#8490,#6781,#6782);
#6193=AXIS2_PLACEMENT_3D('',#8493,#6784,#6785);
#6194=AXIS2_PLACEMENT_3D('',#8494,#6786,#6787);
#6195=AXIS2_PLACEMENT_3D('',#8532,#6807,#6808);
#6196=AXIS2_PLACEMENT_3D('',#8584,#6835,#6836);
#6197=AXIS2_PLACEMENT_3D('',#8620,#6855,#6856);
#6198=AXIS2_PLACEMENT_3D('',#8670,#6882,#6883);
#6199=AXIS2_PLACEMENT_3D('',#8674,#6885,#6886);
#6200=AXIS2_PLACEMENT_3D('',#8679,#6889,#6890);
#6201=AXIS2_PLACEMENT_3D('',#8684,#6893,#6894);
#6202=AXIS2_PLACEMENT_3D('',#8689,#6897,#6898);
#6203=AXIS2_PLACEMENT_3D('',#8694,#6901,#6902);
#6204=AXIS2_PLACEMENT_3D('',#8699,#6905,#6906);
#6205=AXIS2_PLACEMENT_3D('',#8704,#6909,#6910);
#6206=AXIS2_PLACEMENT_3D('',#8709,#6913,#6914);
#6207=AXIS2_PLACEMENT_3D('',#8714,#6917,#6918);
#6208=AXIS2_PLACEMENT_3D('',#8719,#6921,#6922);
#6209=AXIS2_PLACEMENT_3D('',#8735,#6936,#6937);
#6210=AXIS2_PLACEMENT_3D('',#8739,#6939,#6940);
#6211=AXIS2_PLACEMENT_3D('',#8743,#6942,#6943);
#6212=AXIS2_PLACEMENT_3D('',#8747,#6945,#6946);
#6213=AXIS2_PLACEMENT_3D('',#8751,#6948,#6949);
#6214=AXIS2_PLACEMENT_3D('',#8753,#6951,#6952);
#6215=AXIS2_PLACEMENT_3D('',#8757,#6954,#6955);
#6216=AXIS2_PLACEMENT_3D('',#8759,#6957,#6958);
#6217=AXIS2_PLACEMENT_3D('',#8763,#6961,#6962);
#6218=AXIS2_PLACEMENT_3D('',#8766,#6964,#6965);
#6219=AXIS2_PLACEMENT_3D('',#8767,#6966,#6967);
#6220=AXIS2_PLACEMENT_3D('',#8771,#6970,#6971);
#6221=AXIS2_PLACEMENT_3D('',#8774,#6973,#6974);
#6222=AXIS2_PLACEMENT_3D('',#8775,#6975,#6976);
#6223=AXIS2_PLACEMENT_3D('',#8779,#6979,#6980);
#6224=AXIS2_PLACEMENT_3D('',#8782,#6982,#6983);
#6225=AXIS2_PLACEMENT_3D('',#8783,#6984,#6985);
#6226=AXIS2_PLACEMENT_3D('',#8787,#6988,#6989);
#6227=AXIS2_PLACEMENT_3D('',#8790,#6991,#6992);
#6228=AXIS2_PLACEMENT_3D('',#8791,#6993,#6994);
#6229=AXIS2_PLACEMENT_3D('',#8793,#6996,#6997);
#6230=AXIS2_PLACEMENT_3D('',#8794,#6998,#6999);
#6231=AXIS2_PLACEMENT_3D('',#8798,#7001,#7002);
#6232=AXIS2_PLACEMENT_3D('',#8800,#7004,#7005);
#6233=AXIS2_PLACEMENT_3D('',#8803,#7008,#7009);
#6234=AXIS2_PLACEMENT_3D('',#8804,#7010,#7011);
#6235=AXIS2_PLACEMENT_3D('',#8805,#7012,#7013);
#6236=AXIS2_PLACEMENT_3D('',#8809,#7015,#7016);
#6237=AXIS2_PLACEMENT_3D('',#8811,#7018,#7019);
#6238=AXIS2_PLACEMENT_3D('',#8814,#7022,#7023);
#6239=AXIS2_PLACEMENT_3D('',#8815,#7024,#7025);
#6240=AXIS2_PLACEMENT_3D('',#8816,#7026,#7027);
#6241=AXIS2_PLACEMENT_3D('',#8819,#7030,#7031);
#6242=AXIS2_PLACEMENT_3D('',#8820,#7032,#7033);
#6243=AXIS2_PLACEMENT_3D('',#8821,#7034,#7035);
#6244=AXIS2_PLACEMENT_3D('',#8824,#7038,#7039);
#6245=AXIS2_PLACEMENT_3D('',#8825,#7040,#7041);
#6246=AXIS2_PLACEMENT_3D('',#8826,#7042,#7043);
#6247=AXIS2_PLACEMENT_3D('',#8829,#7046,#7047);
#6248=AXIS2_PLACEMENT_3D('',#8830,#7048,#7049);
#6249=AXIS2_PLACEMENT_3D('',#8831,#7050,#7051);
#6250=AXIS2_PLACEMENT_3D('',#8834,#7054,#7055);
#6251=AXIS2_PLACEMENT_3D('',#8835,#7056,#7057);
#6252=AXIS2_PLACEMENT_3D('',#8836,#7058,#7059);
#6253=AXIS2_PLACEMENT_3D('',#8839,#7062,#7063);
#6254=AXIS2_PLACEMENT_3D('',#8840,#7064,#7065);
#6255=AXIS2_PLACEMENT_3D('',#8841,#7066,#7067);
#6256=AXIS2_PLACEMENT_3D('',#8844,#7070,#7071);
#6257=AXIS2_PLACEMENT_3D('',#8845,#7072,#7073);
#6258=AXIS2_PLACEMENT_3D('',#8846,#7074,#7075);
#6259=AXIS2_PLACEMENT_3D('',#8850,#7077,#7078);
#6260=AXIS2_PLACEMENT_3D('',#8852,#7080,#7081);
#6261=AXIS2_PLACEMENT_3D('',#8855,#7084,#7085);
#6262=AXIS2_PLACEMENT_3D('',#8856,#7086,#7087);
#6263=AXIS2_PLACEMENT_3D('',#8857,#7088,#7089);
#6264=AXIS2_PLACEMENT_3D('',#8861,#7091,#7092);
#6265=AXIS2_PLACEMENT_3D('',#8863,#7094,#7095);
#6266=AXIS2_PLACEMENT_3D('',#8866,#7098,#7099);
#6267=AXIS2_PLACEMENT_3D('',#8867,#7100,#7101);
#6268=AXIS2_PLACEMENT_3D('',#8868,#7102,#7103);
#6269=AXIS2_PLACEMENT_3D('',#8872,#7105,#7106);
#6270=AXIS2_PLACEMENT_3D('',#8874,#7108,#7109);
#6271=AXIS2_PLACEMENT_3D('',#8877,#7112,#7113);
#6272=AXIS2_PLACEMENT_3D('',#8878,#7114,#7115);
#6273=AXIS2_PLACEMENT_3D('',#8879,#7116,#7117);
#6274=AXIS2_PLACEMENT_3D('',#8883,#7119,#7120);
#6275=AXIS2_PLACEMENT_3D('',#8885,#7122,#7123);
#6276=AXIS2_PLACEMENT_3D('',#8888,#7126,#7127);
#6277=AXIS2_PLACEMENT_3D('',#8889,#7128,#7129);
#6278=AXIS2_PLACEMENT_3D('',#8890,#7130,#7131);
#6279=AXIS2_PLACEMENT_3D('',#8894,#7133,#7134);
#6280=AXIS2_PLACEMENT_3D('',#8896,#7136,#7137);
#6281=AXIS2_PLACEMENT_3D('',#8898,#7139,#7140);
#6282=AXIS2_PLACEMENT_3D('',#8900,#7142,#7143);
#6283=AXIS2_PLACEMENT_3D('',#8901,#7144,#7145);
#6284=AXIS2_PLACEMENT_3D('',#8905,#7147,#7148);
#6285=AXIS2_PLACEMENT_3D('',#8907,#7150,#7151);
#6286=AXIS2_PLACEMENT_3D('',#8910,#7154,#7155);
#6287=AXIS2_PLACEMENT_3D('',#8911,#7156,#7157);
#6288=AXIS2_PLACEMENT_3D('',#8912,#7158,#7159);
#6289=AXIS2_PLACEMENT_3D('',#8916,#7161,#7162);
#6290=AXIS2_PLACEMENT_3D('',#8918,#7164,#7165);
#6291=AXIS2_PLACEMENT_3D('',#8921,#7168,#7169);
#6292=AXIS2_PLACEMENT_3D('',#8922,#7170,#7171);
#6293=AXIS2_PLACEMENT_3D('',#8923,#7172,#7173);
#6294=AXIS2_PLACEMENT_3D('',#8927,#7175,#7176);
#6295=AXIS2_PLACEMENT_3D('',#8929,#7178,#7179);
#6296=AXIS2_PLACEMENT_3D('',#8932,#7182,#7183);
#6297=AXIS2_PLACEMENT_3D('',#8933,#7184,#7185);
#6298=AXIS2_PLACEMENT_3D('',#8934,#7186,#7187);
#6299=AXIS2_PLACEMENT_3D('',#8940,#7191,#7192);
#6300=AXIS2_PLACEMENT_3D('',#8946,#7196,#7197);
#6301=AXIS2_PLACEMENT_3D('',#8948,#7199,#7200);
#6302=AXIS2_PLACEMENT_3D('',#8950,#7202,#7203);
#6303=AXIS2_PLACEMENT_3D('',#8951,#7204,#7205);
#6304=AXIS2_PLACEMENT_3D('',#8957,#7209,#7210);
#6305=AXIS2_PLACEMENT_3D('',#8963,#7214,#7215);
#6306=AXIS2_PLACEMENT_3D('',#8965,#7217,#7218);
#6307=AXIS2_PLACEMENT_3D('',#8967,#7220,#7221);
#6308=AXIS2_PLACEMENT_3D('',#8968,#7222,#7223);
#6309=AXIS2_PLACEMENT_3D('',#8974,#7227,#7228);
#6310=AXIS2_PLACEMENT_3D('',#8980,#7232,#7233);
#6311=AXIS2_PLACEMENT_3D('',#8982,#7235,#7236);
#6312=AXIS2_PLACEMENT_3D('',#8984,#7238,#7239);
#6313=AXIS2_PLACEMENT_3D('',#8985,#7240,#7241);
#6314=AXIS2_PLACEMENT_3D('',#8991,#7245,#7246);
#6315=AXIS2_PLACEMENT_3D('',#8997,#7250,#7251);
#6316=AXIS2_PLACEMENT_3D('',#8999,#7253,#7254);
#6317=AXIS2_PLACEMENT_3D('',#9001,#7256,#7257);
#6318=AXIS2_PLACEMENT_3D('',#9002,#7258,#7259);
#6319=AXIS2_PLACEMENT_3D('',#9006,#7262,#7263);
#6320=AXIS2_PLACEMENT_3D('',#9009,#7265,#7266);
#6321=AXIS2_PLACEMENT_3D('',#9010,#7267,#7268);
#6322=AXIS2_PLACEMENT_3D('',#9014,#7271,#7272);
#6323=AXIS2_PLACEMENT_3D('',#9017,#7274,#7275);
#6324=AXIS2_PLACEMENT_3D('',#9018,#7276,#7277);
#6325=AXIS2_PLACEMENT_3D('',#9022,#7280,#7281);
#6326=AXIS2_PLACEMENT_3D('',#9026,#7284,#7285);
#6327=AXIS2_PLACEMENT_3D('',#9029,#7287,#7288);
#6328=AXIS2_PLACEMENT_3D('',#9030,#7289,#7290);
#6329=AXIS2_PLACEMENT_3D('',#9034,#7293,#7294);
#6330=AXIS2_PLACEMENT_3D('',#9037,#7296,#7297);
#6331=AXIS2_PLACEMENT_3D('',#9038,#7298,#7299);
#6332=AXIS2_PLACEMENT_3D('',#9040,#7301,#7302);
#6333=AXIS2_PLACEMENT_3D('',#9041,#7303,#7304);
#6334=AXIS2_PLACEMENT_3D('',#9042,#7305,#7306);
#6335=AXIS2_PLACEMENT_3D('',#9046,#7308,#7309);
#6336=AXIS2_PLACEMENT_3D('',#9048,#7311,#7312);
#6337=AXIS2_PLACEMENT_3D('',#9052,#7315,#7316);
#6338=AXIS2_PLACEMENT_3D('',#9055,#7318,#7319);
#6339=AXIS2_PLACEMENT_3D('',#9056,#7320,#7321);
#6340=AXIS2_PLACEMENT_3D('',#9060,#7324,#7325);
#6341=AXIS2_PLACEMENT_3D('',#9063,#7327,#7328);
#6342=AXIS2_PLACEMENT_3D('',#9064,#7329,#7330);
#6343=AXIS2_PLACEMENT_3D('',#9066,#7332,#7333);
#6344=AXIS2_PLACEMENT_3D('',#9070,#7336,#7337);
#6345=AXIS2_PLACEMENT_3D('',#9072,#7339,#7340);
#6346=AXIS2_PLACEMENT_3D('',#9074,#7342,#7343);
#6347=AXIS2_PLACEMENT_3D('',#9075,#7344,#7345);
#6348=AXIS2_PLACEMENT_3D('',#9076,#7346,#7347);
#6349=AXIS2_PLACEMENT_3D('',#9079,#7348,#7349);
#6350=AXIS2_PLACEMENT_3D('',#9083,#7351,#7352);
#6351=AXIS2_PLACEMENT_3D('',#9085,#7354,#7355);
#6352=AXIS2_PLACEMENT_3D('',#9091,#7359,#7360);
#6353=AXIS2_PLACEMENT_3D('',#9093,#7361,#7362);
#6354=AXIS2_PLACEMENT_3D('',#9096,#7364,#7365);
#6355=AXIS2_PLACEMENT_3D('',#9097,#7366,#7367);
#6356=AXIS2_PLACEMENT_3D('',#9103,#7371,#7372);
#6357=AXIS2_PLACEMENT_3D('',#9105,#7373,#7374);
#6358=AXIS2_PLACEMENT_3D('',#9108,#7376,#7377);
#6359=AXIS2_PLACEMENT_3D('',#9109,#7378,#7379);
#6360=AXIS2_PLACEMENT_3D('',#9115,#7383,#7384);
#6361=AXIS2_PLACEMENT_3D('',#9117,#7385,#7386);
#6362=AXIS2_PLACEMENT_3D('',#9120,#7388,#7389);
#6363=AXIS2_PLACEMENT_3D('',#9121,#7390,#7391);
#6364=AXIS2_PLACEMENT_3D('',#9127,#7395,#7396);
#6365=AXIS2_PLACEMENT_3D('',#9129,#7397,#7398);
#6366=AXIS2_PLACEMENT_3D('',#9132,#7400,#7401);
#6367=AXIS2_PLACEMENT_3D('',#9133,#7402,#7403);
#6368=AXIS2_PLACEMENT_3D('',#9136,#7406,#7407);
#6369=AXIS2_PLACEMENT_3D('',#9137,#7408,#7409);
#6370=AXIS2_PLACEMENT_3D('',#9138,#7410,#7411);
#6371=AXIS2_PLACEMENT_3D('',#9147,#7416,#7417);
#6372=AXIS2_PLACEMENT_3D('',#9153,#7421,#7422);
#6373=AXIS2_PLACEMENT_3D('',#9159,#7426,#7427);
#6374=AXIS2_PLACEMENT_3D('',#9162,#7430,#7431);
#6375=AXIS2_PLACEMENT_3D('',#9163,#7432,#7433);
#6376=AXIS2_PLACEMENT_3D('',#9164,#7434,#7435);
#6377=AXIS2_PLACEMENT_3D('',#9173,#7440,#7441);
#6378=AXIS2_PLACEMENT_3D('',#9179,#7445,#7446);
#6379=AXIS2_PLACEMENT_3D('',#9185,#7450,#7451);
#6380=AXIS2_PLACEMENT_3D('',#9188,#7454,#7455);
#6381=AXIS2_PLACEMENT_3D('',#9189,#7456,#7457);
#6382=AXIS2_PLACEMENT_3D('',#9190,#7458,#7459);
#6383=AXIS2_PLACEMENT_3D('',#9199,#7464,#7465);
#6384=AXIS2_PLACEMENT_3D('',#9205,#7469,#7470);
#6385=AXIS2_PLACEMENT_3D('',#9211,#7474,#7475);
#6386=AXIS2_PLACEMENT_3D('',#9214,#7478,#7479);
#6387=AXIS2_PLACEMENT_3D('',#9215,#7480,#7481);
#6388=AXIS2_PLACEMENT_3D('',#9216,#7482,#7483);
#6389=AXIS2_PLACEMENT_3D('',#9225,#7488,#7489);
#6390=AXIS2_PLACEMENT_3D('',#9231,#7493,#7494);
#6391=AXIS2_PLACEMENT_3D('',#9237,#7498,#7499);
#6392=AXIS2_PLACEMENT_3D('',#9240,#7502,#7503);
#6393=AXIS2_PLACEMENT_3D('',#9241,#7504,#7505);
#6394=AXIS2_PLACEMENT_3D('',#9242,#7506,#7507);
#6395=AXIS2_PLACEMENT_3D('',#9245,#7508,#7509);
#6396=AXIS2_PLACEMENT_3D('',#9246,#7510,#7511);
#6397=AXIS2_PLACEMENT_3D('',#9247,#7512,#7513);
#6398=AXIS2_PLACEMENT_3D('',#9250,#7514,#7515);
#6399=AXIS2_PLACEMENT_3D('',#9254,#7517,#7518);
#6400=AXIS2_PLACEMENT_3D('',#9256,#7520,#7521);
#6401=AXIS2_PLACEMENT_3D('',#9262,#7525,#7526);
#6402=AXIS2_PLACEMENT_3D('',#9268,#7530,#7531);
#6403=AXIS2_PLACEMENT_3D('',#9271,#7532,#7533);
#6404=AXIS2_PLACEMENT_3D('',#9279,#7539,#7540);
#6405=AXIS2_PLACEMENT_3D('',#9283,#7542,#7543);
#6406=AXIS2_PLACEMENT_3D('',#9285,#7545,#7546);
#6407=AXIS2_PLACEMENT_3D('',#9286,#7547,#7548);
#6408=AXIS2_PLACEMENT_3D('',#9289,#7551,#7552);
#6409=AXIS2_PLACEMENT_3D('',#9291,#7554,#7555);
#6410=AXIS2_PLACEMENT_3D('',#9293,#7557,#7558);
#6411=AXIS2_PLACEMENT_3D('',#9294,#7559,#7560);
#6412=AXIS2_PLACEMENT_3D('',#9297,#7561,#7562);
#6413=AXIS2_PLACEMENT_3D('',#9298,#7563,#7564);
#6414=AXIS2_PLACEMENT_3D('',#9299,#7565,#7566);
#6415=AXIS2_PLACEMENT_3D('',#9302,#7567,#7568);
#6416=AXIS2_PLACEMENT_3D('',#9306,#7570,#7571);
#6417=AXIS2_PLACEMENT_3D('',#9308,#7573,#7574);
#6418=AXIS2_PLACEMENT_3D('',#9311,#7575,#7576);
#6419=AXIS2_PLACEMENT_3D('',#9325,#7584,#7585);
#6420=AXIS2_PLACEMENT_3D('',#9328,#7588,#7589);
#6421=AXIS2_PLACEMENT_3D('',#9331,#7592,#7593);
#6422=AXIS2_PLACEMENT_3D('',#9335,#7595,#7596);
#6423=AXIS2_PLACEMENT_3D('',#9337,#7598,#7599);
#6424=AXIS2_PLACEMENT_3D('',#9338,#7600,#7601);
#6425=AXIS2_PLACEMENT_3D('',#9341,#7604,#7605);
#6426=AXIS2_PLACEMENT_3D('',#9343,#7607,#7608);
#6427=AXIS2_PLACEMENT_3D('',#9345,#7610,#7611);
#6428=AXIS2_PLACEMENT_3D('',#9346,#7612,#7613);
#6429=AXIS2_PLACEMENT_3D('',#9349,#7614,#7615);
#6430=AXIS2_PLACEMENT_3D('',#9350,#7616,#7617);
#6431=AXIS2_PLACEMENT_3D('',#9351,#7618,#7619);
#6432=AXIS2_PLACEMENT_3D('',#9354,#7620,#7621);
#6433=AXIS2_PLACEMENT_3D('',#9358,#7623,#7624);
#6434=AXIS2_PLACEMENT_3D('',#9360,#7626,#7627);
#6435=AXIS2_PLACEMENT_3D('',#9366,#7631,#7632);
#6436=AXIS2_PLACEMENT_3D('',#9369,#7633,#7634);
#6437=AXIS2_PLACEMENT_3D('',#9380,#7641,#7642);
#6438=AXIS2_PLACEMENT_3D('',#9383,#7645,#7646);
#6439=AXIS2_PLACEMENT_3D('',#9387,#7648,#7649);
#6440=AXIS2_PLACEMENT_3D('',#9389,#7651,#7652);
#6441=AXIS2_PLACEMENT_3D('',#9390,#7653,#7654);
#6442=AXIS2_PLACEMENT_3D('',#9393,#7657,#7658);
#6443=AXIS2_PLACEMENT_3D('',#9395,#7660,#7661);
#6444=AXIS2_PLACEMENT_3D('',#9397,#7663,#7664);
#6445=AXIS2_PLACEMENT_3D('',#9398,#7665,#7666);
#6446=AXIS2_PLACEMENT_3D('',#9401,#7667,#7668);
#6447=AXIS2_PLACEMENT_3D('',#9402,#7669,#7670);
#6448=AXIS2_PLACEMENT_3D('',#9403,#7671,#7672);
#6449=AXIS2_PLACEMENT_3D('',#9406,#7673,#7674);
#6450=AXIS2_PLACEMENT_3D('',#9410,#7676,#7677);
#6451=AXIS2_PLACEMENT_3D('',#9412,#7679,#7680);
#6452=AXIS2_PLACEMENT_3D('',#9418,#7684,#7685);
#6453=AXIS2_PLACEMENT_3D('',#9421,#7686,#7687);
#6454=AXIS2_PLACEMENT_3D('',#9432,#7694,#7695);
#6455=AXIS2_PLACEMENT_3D('',#9435,#7698,#7699);
#6456=AXIS2_PLACEMENT_3D('',#9439,#7701,#7702);
#6457=AXIS2_PLACEMENT_3D('',#9441,#7704,#7705);
#6458=AXIS2_PLACEMENT_3D('',#9442,#7706,#7707);
#6459=AXIS2_PLACEMENT_3D('',#9445,#7710,#7711);
#6460=AXIS2_PLACEMENT_3D('',#9447,#7713,#7714);
#6461=AXIS2_PLACEMENT_3D('',#9449,#7716,#7717);
#6462=AXIS2_PLACEMENT_3D('',#9450,#7718,#7719);
#6463=AXIS2_PLACEMENT_3D('',#9453,#7720,#7721);
#6464=AXIS2_PLACEMENT_3D('',#9454,#7722,#7723);
#6465=AXIS2_PLACEMENT_3D('',#9455,#7724,#7725);
#6466=AXIS2_PLACEMENT_3D('',#9458,#7726,#7727);
#6467=AXIS2_PLACEMENT_3D('',#9462,#7729,#7730);
#6468=AXIS2_PLACEMENT_3D('',#9464,#7732,#7733);
#6469=AXIS2_PLACEMENT_3D('',#9470,#7737,#7738);
#6470=AXIS2_PLACEMENT_3D('',#9476,#7742,#7743);
#6471=AXIS2_PLACEMENT_3D('',#9479,#7744,#7745);
#6472=AXIS2_PLACEMENT_3D('',#9487,#7751,#7752);
#6473=AXIS2_PLACEMENT_3D('',#9491,#7754,#7755);
#6474=AXIS2_PLACEMENT_3D('',#9493,#7757,#7758);
#6475=AXIS2_PLACEMENT_3D('',#9494,#7759,#7760);
#6476=AXIS2_PLACEMENT_3D('',#9497,#7763,#7764);
#6477=AXIS2_PLACEMENT_3D('',#9499,#7766,#7767);
#6478=AXIS2_PLACEMENT_3D('',#9501,#7769,#7770);
#6479=AXIS2_PLACEMENT_3D('',#9502,#7771,#7772);
#6480=AXIS2_PLACEMENT_3D('',#9505,#7773,#7774);
#6481=AXIS2_PLACEMENT_3D('',#9506,#7775,#7776);
#6482=AXIS2_PLACEMENT_3D('',#9507,#7777,#7778);
#6483=AXIS2_PLACEMENT_3D('',#9510,#7779,#7780);
#6484=AXIS2_PLACEMENT_3D('',#9514,#7782,#7783);
#6485=AXIS2_PLACEMENT_3D('',#9516,#7785,#7786);
#6486=AXIS2_PLACEMENT_3D('',#9522,#7790,#7791);
#6487=AXIS2_PLACEMENT_3D('',#9525,#7792,#7793);
#6488=AXIS2_PLACEMENT_3D('',#9536,#7800,#7801);
#6489=AXIS2_PLACEMENT_3D('',#9539,#7804,#7805);
#6490=AXIS2_PLACEMENT_3D('',#9543,#7807,#7808);
#6491=AXIS2_PLACEMENT_3D('',#9545,#7810,#7811);
#6492=AXIS2_PLACEMENT_3D('',#9546,#7812,#7813);
#6493=AXIS2_PLACEMENT_3D('',#9549,#7816,#7817);
#6494=AXIS2_PLACEMENT_3D('',#9551,#7819,#7820);
#6495=AXIS2_PLACEMENT_3D('',#9553,#7822,#7823);
#6496=AXIS2_PLACEMENT_3D('',#9554,#7824,#7825);
#6497=AXIS2_PLACEMENT_3D('',#9557,#7826,#7827);
#6498=AXIS2_PLACEMENT_3D('',#9558,#7828,#7829);
#6499=AXIS2_PLACEMENT_3D('',#9559,#7830,#7831);
#6500=AXIS2_PLACEMENT_3D('',#9563,#7833,#7834);
#6501=AXIS2_PLACEMENT_3D('',#9565,#7836,#7837);
#6502=AXIS2_PLACEMENT_3D('',#9568,#7838,#7839);
#6503=AXIS2_PLACEMENT_3D('',#9572,#7841,#7842);
#6504=AXIS2_PLACEMENT_3D('',#9574,#7844,#7845);
#6505=AXIS2_PLACEMENT_3D('',#9580,#7849,#7850);
#6506=AXIS2_PLACEMENT_3D('',#9587,#7853,#7854);
#6507=AXIS2_PLACEMENT_3D('',#9594,#7859,#7860);
#6508=AXIS2_PLACEMENT_3D('',#9597,#7863,#7864);
#6509=AXIS2_PLACEMENT_3D('',#9600,#7867,#7868);
#6510=AXIS2_PLACEMENT_3D('',#9601,#7869,#7870);
#6511=AXIS2_PLACEMENT_3D('',#9603,#7872,#7873);
#6512=AXIS2_PLACEMENT_3D('',#9605,#7875,#7876);
#6513=AXIS2_PLACEMENT_3D('',#9606,#7877,#7878);
#6514=AXIS2_PLACEMENT_3D('',#9609,#7879,#7880);
#6515=AXIS2_PLACEMENT_3D('',#9610,#7881,#7882);
#6516=AXIS2_PLACEMENT_3D('',#9611,#7883,#7884);
#6517=AXIS2_PLACEMENT_3D('',#9615,#7886,#7887);
#6518=AXIS2_PLACEMENT_3D('',#9617,#7889,#7890);
#6519=AXIS2_PLACEMENT_3D('',#9620,#7891,#7892);
#6520=AXIS2_PLACEMENT_3D('',#9624,#7894,#7895);
#6521=AXIS2_PLACEMENT_3D('',#9626,#7897,#7898);
#6522=AXIS2_PLACEMENT_3D('',#9632,#7902,#7903);
#6523=AXIS2_PLACEMENT_3D('',#9639,#7906,#7907);
#6524=AXIS2_PLACEMENT_3D('',#9646,#7912,#7913);
#6525=AXIS2_PLACEMENT_3D('',#9649,#7916,#7917);
#6526=AXIS2_PLACEMENT_3D('',#9652,#7920,#7921);
#6527=AXIS2_PLACEMENT_3D('',#9653,#7922,#7923);
#6528=AXIS2_PLACEMENT_3D('',#9655,#7925,#7926);
#6529=AXIS2_PLACEMENT_3D('',#9657,#7928,#7929);
#6530=AXIS2_PLACEMENT_3D('',#9658,#7930,#7931);
#6531=AXIS2_PLACEMENT_3D('',#9661,#7932,#7933);
#6532=AXIS2_PLACEMENT_3D('',#9662,#7934,#7935);
#6533=AXIS2_PLACEMENT_3D('',#9663,#7936,#7937);
#6534=AXIS2_PLACEMENT_3D('',#9667,#7939,#7940);
#6535=AXIS2_PLACEMENT_3D('',#9669,#7942,#7943);
#6536=AXIS2_PLACEMENT_3D('',#9672,#7944,#7945);
#6537=AXIS2_PLACEMENT_3D('',#9676,#7947,#7948);
#6538=AXIS2_PLACEMENT_3D('',#9678,#7950,#7951);
#6539=AXIS2_PLACEMENT_3D('',#9684,#7955,#7956);
#6540=AXIS2_PLACEMENT_3D('',#9691,#7959,#7960);
#6541=AXIS2_PLACEMENT_3D('',#9698,#7965,#7966);
#6542=AXIS2_PLACEMENT_3D('',#9701,#7969,#7970);
#6543=AXIS2_PLACEMENT_3D('',#9704,#7973,#7974);
#6544=AXIS2_PLACEMENT_3D('',#9705,#7975,#7976);
#6545=AXIS2_PLACEMENT_3D('',#9707,#7978,#7979);
#6546=AXIS2_PLACEMENT_3D('',#9709,#7981,#7982);
#6547=AXIS2_PLACEMENT_3D('',#9710,#7983,#7984);
#6548=AXIS2_PLACEMENT_3D('',#9713,#7985,#7986);
#6549=AXIS2_PLACEMENT_3D('',#9714,#7987,#7988);
#6550=AXIS2_PLACEMENT_3D('',#9715,#7989,#7990);
#6551=AXIS2_PLACEMENT_3D('',#9719,#7992,#7993);
#6552=AXIS2_PLACEMENT_3D('',#9721,#7995,#7996);
#6553=AXIS2_PLACEMENT_3D('',#9724,#7997,#7998);
#6554=AXIS2_PLACEMENT_3D('',#9728,#8000,#8001);
#6555=AXIS2_PLACEMENT_3D('',#9730,#8003,#8004);
#6556=AXIS2_PLACEMENT_3D('',#9736,#8008,#8009);
#6557=AXIS2_PLACEMENT_3D('',#9743,#8012,#8013);
#6558=AXIS2_PLACEMENT_3D('',#9750,#8018,#8019);
#6559=AXIS2_PLACEMENT_3D('',#9753,#8022,#8023);
#6560=AXIS2_PLACEMENT_3D('',#9756,#8026,#8027);
#6561=AXIS2_PLACEMENT_3D('',#9757,#8028,#8029);
#6562=AXIS2_PLACEMENT_3D('',#9759,#8031,#8032);
#6563=AXIS2_PLACEMENT_3D('',#9761,#8034,#8035);
#6564=AXIS2_PLACEMENT_3D('',#9762,#8036,#8037);
#6565=AXIS2_PLACEMENT_3D('',#9765,#8038,#8039);
#6566=AXIS2_PLACEMENT_3D('',#9766,#8040,#8041);
#6567=AXIS2_PLACEMENT_3D('',#9767,#8042,#8043);
#6568=AXIS2_PLACEMENT_3D('',#9771,#8045,#8046);
#6569=AXIS2_PLACEMENT_3D('',#9773,#8048,#8049);
#6570=AXIS2_PLACEMENT_3D('',#9776,#8050,#8051);
#6571=AXIS2_PLACEMENT_3D('',#9780,#8053,#8054);
#6572=AXIS2_PLACEMENT_3D('',#9782,#8056,#8057);
#6573=AXIS2_PLACEMENT_3D('',#9788,#8061,#8062);
#6574=AXIS2_PLACEMENT_3D('',#9795,#8065,#8066);
#6575=AXIS2_PLACEMENT_3D('',#9802,#8071,#8072);
#6576=AXIS2_PLACEMENT_3D('',#9805,#8075,#8076);
#6577=AXIS2_PLACEMENT_3D('',#9808,#8079,#8080);
#6578=AXIS2_PLACEMENT_3D('',#9809,#8081,#8082);
#6579=AXIS2_PLACEMENT_3D('',#9811,#8084,#8085);
#6580=AXIS2_PLACEMENT_3D('',#9813,#8087,#8088);
#6581=AXIS2_PLACEMENT_3D('',#9814,#8089,#8090);
#6582=AXIS2_PLACEMENT_3D('',#9817,#8091,#8092);
#6583=AXIS2_PLACEMENT_3D('',#9818,#8093,#8094);
#6584=AXIS2_PLACEMENT_3D('',#9819,#8095,#8096);
#6585=AXIS2_PLACEMENT_3D('',#9823,#8098,#8099);
#6586=AXIS2_PLACEMENT_3D('',#9825,#8101,#8102);
#6587=AXIS2_PLACEMENT_3D('',#9828,#8103,#8104);
#6588=AXIS2_PLACEMENT_3D('',#9832,#8106,#8107);
#6589=AXIS2_PLACEMENT_3D('',#9834,#8109,#8110);
#6590=AXIS2_PLACEMENT_3D('',#9840,#8114,#8115);
#6591=AXIS2_PLACEMENT_3D('',#9847,#8118,#8119);
#6592=AXIS2_PLACEMENT_3D('',#9854,#8124,#8125);
#6593=AXIS2_PLACEMENT_3D('',#9857,#8128,#8129);
#6594=AXIS2_PLACEMENT_3D('',#9860,#8132,#8133);
#6595=AXIS2_PLACEMENT_3D('',#9861,#8134,#8135);
#6596=AXIS2_PLACEMENT_3D('',#9863,#8137,#8138);
#6597=AXIS2_PLACEMENT_3D('',#9865,#8140,#8141);
#6598=AXIS2_PLACEMENT_3D('',#9866,#8142,#8143);
#6599=AXIS2_PLACEMENT_3D('',#9869,#8144,#8145);
#6600=AXIS2_PLACEMENT_3D('',#9883,#8153,#8154);
#6601=AXIS2_PLACEMENT_3D('',#9889,#8158,#8159);
#6602=AXIS2_PLACEMENT_3D('',#9891,#8160,#8161);
#6603=AXIS2_PLACEMENT_3D('',#9894,#8163,#8164);
#6604=AXIS2_PLACEMENT_3D('',#9895,#8165,#8166);
#6605=AXIS2_PLACEMENT_3D('',#9898,#8169,#8170);
#6606=AXIS2_PLACEMENT_3D('',#9902,#8172,#8173);
#6607=AXIS2_PLACEMENT_3D('',#9904,#8175,#8176);
#6608=AXIS2_PLACEMENT_3D('',#9905,#8177,#8178);
#6609=AXIS2_PLACEMENT_3D('',#9909,#8181,#8182);
#6610=AXIS2_PLACEMENT_3D('',#9911,#8183,#8184);
#6611=AXIS2_PLACEMENT_3D('',#9913,#8186,#8187);
#6612=AXIS2_PLACEMENT_3D('',#9915,#8189,#8190);
#6613=AXIS2_PLACEMENT_3D('',#9916,#8191,#8192);
#6614=AXIS2_PLACEMENT_3D('',#9917,#8193,#8194);
#6615=AXIS2_PLACEMENT_3D('',#9918,#8195,#8196);
#6616=AXIS2_PLACEMENT_3D('',#9921,#8197,#8198);
#6617=AXIS2_PLACEMENT_3D('',#9925,#8200,#8201);
#6618=AXIS2_PLACEMENT_3D('',#9927,#8203,#8204);
#6619=AXIS2_PLACEMENT_3D('',#9933,#8208,#8209);
#6620=AXIS2_PLACEMENT_3D('',#9936,#8210,#8211);
#6621=AXIS2_PLACEMENT_3D('',#9947,#8218,#8219);
#6622=AXIS2_PLACEMENT_3D('',#9950,#8222,#8223);
#6623=AXIS2_PLACEMENT_3D('',#9954,#8225,#8226);
#6624=AXIS2_PLACEMENT_3D('',#9956,#8228,#8229);
#6625=AXIS2_PLACEMENT_3D('',#9957,#8230,#8231);
#6626=AXIS2_PLACEMENT_3D('',#9961,#8234,#8235);
#6627=AXIS2_PLACEMENT_3D('',#9963,#8236,#8237);
#6628=AXIS2_PLACEMENT_3D('',#9965,#8239,#8240);
#6629=AXIS2_PLACEMENT_3D('',#9967,#8242,#8243);
#6630=AXIS2_PLACEMENT_3D('',#9968,#8244,#8245);
#6631=AXIS2_PLACEMENT_3D('',#9969,#8246,#8247);
#6632=AXIS2_PLACEMENT_3D('',#9970,#8248,#8249);
#6633=AXIS2_PLACEMENT_3D('',#9973,#8250,#8251);
#6634=AXIS2_PLACEMENT_3D('',#9977,#8253,#8254);
#6635=AXIS2_PLACEMENT_3D('',#9979,#8256,#8257);
#6636=AXIS2_PLACEMENT_3D('',#9985,#8261,#8262);
#6637=AXIS2_PLACEMENT_3D('',#9992,#8265,#8266);
#6638=AXIS2_PLACEMENT_3D('',#9999,#8271,#8272);
#6639=AXIS2_PLACEMENT_3D('',#10002,#8275,#8276);
#6640=AXIS2_PLACEMENT_3D('',#10005,#8277,#8278);
#6641=AXIS2_PLACEMENT_3D('',#10008,#8281,#8282);
#6642=AXIS2_PLACEMENT_3D('',#10009,#8283,#8284);
#6643=AXIS2_PLACEMENT_3D('',#10013,#8286,#8287);
#6644=AXIS2_PLACEMENT_3D('',#10015,#8289,#8290);
#6645=AXIS2_PLACEMENT_3D('',#10017,#8292,#8293);
#6646=AXIS2_PLACEMENT_3D('',#10019,#8295,#8296);
#6647=AXIS2_PLACEMENT_3D('',#10020,#8297,#8298);
#6648=AXIS2_PLACEMENT_3D('',#10021,#8299,#8300);
#6649=AXIS2_PLACEMENT_3D('',#10022,#8301,#8302);
#6650=AXIS2_PLACEMENT_3D('',#10025,#8303,#8304);
#6651=AXIS2_PLACEMENT_3D('',#10029,#8306,#8307);
#6652=AXIS2_PLACEMENT_3D('',#10031,#8309,#8310);
#6653=AXIS2_PLACEMENT_3D('',#10037,#8314,#8315);
#6654=AXIS2_PLACEMENT_3D('',#10044,#8318,#8319);
#6655=AXIS2_PLACEMENT_3D('',#10051,#8324,#8325);
#6656=AXIS2_PLACEMENT_3D('',#10054,#8328,#8329);
#6657=AXIS2_PLACEMENT_3D('',#10059,#8332,#8333);
#6658=AXIS2_PLACEMENT_3D('',#10060,#8334,#8335);
#6659=AXIS2_PLACEMENT_3D('',#10061,#8336,#8337);
#6660=AXIS2_PLACEMENT_3D('',#10065,#8339,#8340);
#6661=AXIS2_PLACEMENT_3D('',#10067,#8342,#8343);
#6662=AXIS2_PLACEMENT_3D('',#10069,#8345,#8346);
#6663=AXIS2_PLACEMENT_3D('',#10071,#8348,#8349);
#6664=AXIS2_PLACEMENT_3D('',#10072,#8350,#8351);
#6665=AXIS2_PLACEMENT_3D('',#10073,#8352,#8353);
#6666=AXIS2_PLACEMENT_3D('',#10074,#8354,#8355);
#6667=AXIS2_PLACEMENT_3D('',#10075,#8356,#8357);
#6668=AXIS2_PLACEMENT_3D('',#10076,#8358,#8359);
#6669=DIRECTION('axis',(0.,0.,1.));
#6670=DIRECTION('refdir',(1.,0.,0.));
#6671=DIRECTION('axis',(0.,0.,1.));
#6672=DIRECTION('refdir',(1.,0.,0.));
#6673=DIRECTION('axis',(0.,0.,1.));
#6674=DIRECTION('refdir',(1.,0.,0.));
#6675=DIRECTION('center_axis',(0.,1.,3.49148133884313E-15));
#6676=DIRECTION('ref_axis',(-1.,0.,0.));
#6677=DIRECTION('center_axis',(0.,1.,0.));
#6678=DIRECTION('ref_axis',(-2.65027197718682E-14,0.,-1.));
#6679=DIRECTION('',(0.,1.,3.49148133884313E-15));
#6680=DIRECTION('center_axis',(0.,-1.,-3.49148133884313E-15));
#6681=DIRECTION('ref_axis',(-1.,0.,0.));
#6682=DIRECTION('',(0.,1.,3.49148133884313E-15));
#6683=DIRECTION('center_axis',(0.,1.,3.49148133884313E-15));
#6684=DIRECTION('ref_axis',(-1.,0.,0.));
#6685=DIRECTION('center_axis',(0.,1.,0.));
#6686=DIRECTION('ref_axis',(0.,0.,-1.));
#6687=DIRECTION('',(0.,1.,3.49148133884313E-15));
#6688=DIRECTION('center_axis',(0.,-1.,-3.49148133884313E-15));
#6689=DIRECTION('ref_axis',(1.,0.,0.));
#6690=DIRECTION('',(0.,1.,3.49148133884313E-15));
#6691=DIRECTION('center_axis',(0.,1.,3.49148133884313E-15));
#6692=DIRECTION('ref_axis',(-1.,0.,0.));
#6693=DIRECTION('center_axis',(0.,1.,0.));
#6694=DIRECTION('ref_axis',(0.,0.,-1.));
#6695=DIRECTION('',(0.,1.,3.49148133884313E-15));
#6696=DIRECTION('center_axis',(0.,-1.,-3.49148133884313E-15));
#6697=DIRECTION('ref_axis',(1.,0.,0.));
#6698=DIRECTION('center_axis',(0.,1.,3.49148133884313E-15));
#6699=DIRECTION('ref_axis',(-1.,0.,0.));
#6700=DIRECTION('center_axis',(0.,1.,0.));
#6701=DIRECTION('ref_axis',(-2.168404344971E-15,0.,-1.));
#6702=DIRECTION('',(0.,1.,3.49148133884313E-15));
#6703=DIRECTION('center_axis',(0.,-1.,-3.49148133884313E-15));
#6704=DIRECTION('ref_axis',(-1.,0.,0.));
#6705=DIRECTION('',(0.,1.,3.49148133884313E-15));
#6706=DIRECTION('center_axis',(0.,-1.,0.));
#6707=DIRECTION('ref_axis',(0.,0.,-1.));
#6708=DIRECTION('center_axis',(0.,1.,0.));
#6709=DIRECTION('ref_axis',(0.,0.,-1.));
#6710=DIRECTION('',(0.,-1.,0.));
#6711=DIRECTION('center_axis',(0.,1.,0.));
#6712=DIRECTION('ref_axis',(0.,0.,-1.));
#6713=DIRECTION('',(0.,-1.,0.));
#6714=DIRECTION('center_axis',(0.,-1.,0.));
#6715=DIRECTION('ref_axis',(0.,0.,-1.));
#6716=DIRECTION('center_axis',(0.,1.,0.));
#6717=DIRECTION('ref_axis',(0.,0.,-1.));
#6718=DIRECTION('',(0.,-1.,0.));
#6719=DIRECTION('center_axis',(0.,1.,0.));
#6720=DIRECTION('ref_axis',(0.,0.,-1.));
#6721=DIRECTION('',(0.,-1.,0.));
#6722=DIRECTION('center_axis',(0.,-1.,0.));
#6723=DIRECTION('ref_axis',(0.,0.,-1.));
#6724=DIRECTION('center_axis',(0.,1.,0.));
#6725=DIRECTION('ref_axis',(0.,0.,-1.));
#6726=DIRECTION('',(0.,-1.,0.));
#6727=DIRECTION('center_axis',(0.,1.,0.));
#6728=DIRECTION('ref_axis',(0.,0.,1.));
#6729=DIRECTION('',(0.,-1.,0.));
#6730=DIRECTION('center_axis',(0.,-1.,0.));
#6731=DIRECTION('ref_axis',(0.,0.,-1.));
#6732=DIRECTION('center_axis',(0.,1.,0.));
#6733=DIRECTION('ref_axis',(0.,0.,-1.));
#6734=DIRECTION('',(0.,-1.,0.));
#6735=DIRECTION('center_axis',(0.,1.,0.));
#6736=DIRECTION('ref_axis',(0.,0.,1.));
#6737=DIRECTION('',(0.,-1.,0.));
#6738=DIRECTION('center_axis',(0.,-1.,0.));
#6739=DIRECTION('ref_axis',(0.,0.,-1.));
#6740=DIRECTION('center_axis',(0.,1.,0.));
#6741=DIRECTION('ref_axis',(0.,0.,-1.));
#6742=DIRECTION('',(0.,-1.,0.));
#6743=DIRECTION('center_axis',(0.,1.,0.));
#6744=DIRECTION('ref_axis',(0.,0.,-1.));
#6745=DIRECTION('',(0.,-1.,0.));
#6746=DIRECTION('center_axis',(0.,-1.,0.));
#6747=DIRECTION('ref_axis',(0.,0.,-1.));
#6748=DIRECTION('center_axis',(0.,1.,0.));
#6749=DIRECTION('ref_axis',(0.,0.,-1.));
#6750=DIRECTION('',(0.,-1.,0.));
#6751=DIRECTION('center_axis',(0.,1.,0.));
#6752=DIRECTION('ref_axis',(0.,0.,1.));
#6753=DIRECTION('',(0.,-1.,0.));
#6754=DIRECTION('center_axis',(0.,-1.,0.));
#6755=DIRECTION('ref_axis',(0.,0.,-1.));
#6756=DIRECTION('',(0.,0.,1.));
#6757=DIRECTION('',(-1.,0.,0.));
#6758=DIRECTION('',(0.,0.,-1.));
#6759=DIRECTION('',(1.,0.,0.));
#6760=DIRECTION('',(-0.456285835671038,0.,-0.889833263126291));
#6761=DIRECTION('center_axis',(0.,1.,0.));
#6762=DIRECTION('ref_axis',(0.,0.,-1.));
#6763=DIRECTION('',(-1.,0.,0.));
#6764=DIRECTION('',(0.456285835671037,0.,0.889833263126291));
#6765=DIRECTION('',(-0.456285835671037,0.,0.889833263126291));
#6766=DIRECTION('',(1.,0.,0.));
#6767=DIRECTION('center_axis',(0.,1.,0.));
#6768=DIRECTION('ref_axis',(0.,0.,-1.));
#6769=DIRECTION('',(0.456285835671038,0.,-0.889833263126291));
#6770=DIRECTION('center_axis',(0.,1.,0.));
#6771=DIRECTION('ref_axis',(-1.0842021724855E-14,0.,-1.));
#6772=DIRECTION('',(-0.456285835671038,0.,0.889833263126291));
#6773=DIRECTION('',(0.456285835671038,0.,0.889833263126291));
#6774=DIRECTION('center_axis',(0.,1.,0.));
#6775=DIRECTION('ref_axis',(0.,0.,-1.));
#6776=DIRECTION('',(1.,0.,0.));
#6777=DIRECTION('center_axis',(0.,1.,0.));
#6778=DIRECTION('ref_axis',(0.,0.,-1.));
#6779=DIRECTION('',(-0.456285835671036,0.,-0.889833263126292));
#6780=DIRECTION('',(0.456285835671036,0.,-0.889833263126292));
#6781=DIRECTION('center_axis',(0.,1.,0.));
#6782=DIRECTION('ref_axis',(5.3005439543737E-14,0.,-1.));
#6783=DIRECTION('',(-1.,0.,0.));
#6784=DIRECTION('center_axis',(0.,1.,0.));
#6785=DIRECTION('ref_axis',(0.,0.,-1.));
#6786=DIRECTION('center_axis',(1.,0.,0.));
#6787=DIRECTION('ref_axis',(0.,0.,-1.));
#6788=DIRECTION('',(0.,-1.,0.));
#6789=DIRECTION('',(0.,0.,1.));
#6790=DIRECTION('',(0.,-1.,0.));
#6791=DIRECTION('',(0.,-1.,0.));
#6792=DIRECTION('',(0.,0.,1.));
#6793=DIRECTION('',(0.,1.,0.));
#6794=DIRECTION('',(0.,0.,-1.));
#6795=DIRECTION('',(0.,-1.,0.));
#6796=DIRECTION('',(0.,0.,1.));
#6797=DIRECTION('',(0.,1.,0.));
#6798=DIRECTION('',(0.,0.,1.));
#6799=DIRECTION('',(0.,0.,-1.));
#6800=DIRECTION('',(0.,-1.,0.));
#6801=DIRECTION('',(0.,0.,-1.));
#6802=DIRECTION('',(0.,1.,0.));
#6803=DIRECTION('',(0.,0.,-1.));
#6804=DIRECTION('',(0.,-1.,0.));
#6805=DIRECTION('',(0.,0.,-1.));
#6806=DIRECTION('',(0.,1.,0.));
#6807=DIRECTION('center_axis',(0.,0.,-1.));
#6808=DIRECTION('ref_axis',(-1.,0.,0.));
#6809=DIRECTION('',(0.,1.,0.));
#6810=DIRECTION('',(-1.,0.,0.));
#6811=DIRECTION('',(0.,-1.,0.));
#6812=DIRECTION('',(1.,0.,0.));
#6813=DIRECTION('',(0.,1.,0.));
#6814=DIRECTION('',(1.,0.,0.));
#6815=DIRECTION('',(0.,-1.,0.));
#6816=DIRECTION('',(1.,0.,0.));
#6817=DIRECTION('',(0.,1.,0.));
#6818=DIRECTION('',(1.,0.,0.));
#6819=DIRECTION('',(0.,-1.,0.));
#6820=DIRECTION('',(1.,0.,0.));
#6821=DIRECTION('',(0.,1.,0.));
#6822=DIRECTION('',(1.,0.,0.));
#6823=DIRECTION('',(0.,-1.,0.));
#6824=DIRECTION('',(1.,0.,0.));
#6825=DIRECTION('',(0.,-1.,0.));
#6826=DIRECTION('',(1.,0.,0.));
#6827=DIRECTION('',(0.,1.,0.));
#6828=DIRECTION('',(-1.,0.,0.));
#6829=DIRECTION('',(0.,-1.,0.));
#6830=DIRECTION('',(1.,0.,0.));
#6831=DIRECTION('',(0.,1.,0.));
#6832=DIRECTION('',(-1.,0.,0.));
#6833=DIRECTION('',(0.,-1.,0.));
#6834=DIRECTION('',(1.,0.,0.));
#6835=DIRECTION('center_axis',(-1.,0.,0.));
#6836=DIRECTION('ref_axis',(0.,0.,1.));
#6837=DIRECTION('',(0.,-1.,0.));
#6838=DIRECTION('',(0.,0.,-1.));
#6839=DIRECTION('',(0.,-1.,0.));
#6840=DIRECTION('',(0.,0.,-1.));
#6841=DIRECTION('',(0.,1.,0.));
#6842=DIRECTION('',(0.,0.,1.));
#6843=DIRECTION('',(0.,-1.,0.));
#6844=DIRECTION('',(0.,0.,-1.));
#6845=DIRECTION('',(0.,1.,0.));
#6846=DIRECTION('',(0.,0.,-1.));
#6847=DIRECTION('',(0.,0.,1.));
#6848=DIRECTION('',(0.,-1.,0.));
#6849=DIRECTION('',(0.,0.,1.));
#6850=DIRECTION('',(0.,1.,0.));
#6851=DIRECTION('',(0.,0.,1.));
#6852=DIRECTION('',(0.,-1.,0.));
#6853=DIRECTION('',(0.,0.,1.));
#6854=DIRECTION('',(0.,1.,0.));
#6855=DIRECTION('center_axis',(0.,0.,1.));
#6856=DIRECTION('ref_axis',(1.,0.,0.));
#6857=DIRECTION('',(0.,-1.,0.));
#6858=DIRECTION('',(-1.,0.,0.));
#6859=DIRECTION('',(0.,1.,0.));
#6860=DIRECTION('',(1.,0.,0.));
#6861=DIRECTION('',(0.,-1.,0.));
#6862=DIRECTION('',(-1.,0.,0.));
#6863=DIRECTION('',(0.,1.,0.));
#6864=DIRECTION('',(1.,0.,0.));
#6865=DIRECTION('',(0.,-1.,0.));
#6866=DIRECTION('',(-1.,0.,0.));
#6867=DIRECTION('',(0.,1.,0.));
#6868=DIRECTION('',(-1.,0.,0.));
#6869=DIRECTION('',(0.,-1.,0.));
#6870=DIRECTION('',(-1.,0.,0.));
#6871=DIRECTION('',(0.,1.,0.));
#6872=DIRECTION('',(-1.,0.,0.));
#6873=DIRECTION('',(0.,-1.,0.));
#6874=DIRECTION('',(-1.,0.,0.));
#6875=DIRECTION('',(0.,1.,0.));
#6876=DIRECTION('',(-1.,0.,0.));
#6877=DIRECTION('',(0.,-1.,0.));
#6878=DIRECTION('',(-1.,0.,0.));
#6879=DIRECTION('',(-1.,0.,0.));
#6880=DIRECTION('',(0.,1.,0.));
#6881=DIRECTION('',(1.,0.,0.));
#6882=DIRECTION('center_axis',(0.,-1.,0.));
#6883=DIRECTION('ref_axis',(0.,0.,-1.));
#6884=DIRECTION('',(1.,0.,0.));
#6885=DIRECTION('center_axis',(0.,1.,0.));
#6886=DIRECTION('ref_axis',(0.,0.,-1.));
#6887=DIRECTION('',(-1.,0.,0.));
#6888=DIRECTION('',(1.,0.,0.));
#6889=DIRECTION('center_axis',(0.,1.,0.));
#6890=DIRECTION('ref_axis',(0.,0.,-1.));
#6891=DIRECTION('',(-1.,0.,0.));
#6892=DIRECTION('',(0.,0.,-1.));
#6893=DIRECTION('center_axis',(0.,1.,0.));
#6894=DIRECTION('ref_axis',(0.,0.,-1.));
#6895=DIRECTION('',(0.,0.,1.));
#6896=DIRECTION('',(0.,0.,-1.));
#6897=DIRECTION('center_axis',(0.,1.,0.));
#6898=DIRECTION('ref_axis',(0.,0.,-1.));
#6899=DIRECTION('',(0.,0.,1.));
#6900=DIRECTION('',(0.,0.,-1.));
#6901=DIRECTION('center_axis',(0.,1.,0.));
#6902=DIRECTION('ref_axis',(0.,0.,-1.));
#6903=DIRECTION('',(0.,0.,1.));
#6904=DIRECTION('',(0.,0.,-1.));
#6905=DIRECTION('center_axis',(0.,1.,0.));
#6906=DIRECTION('ref_axis',(0.,0.,-1.));
#6907=DIRECTION('',(0.,0.,1.));
#6908=DIRECTION('',(0.,0.,-1.));
#6909=DIRECTION('center_axis',(0.,1.,0.));
#6910=DIRECTION('ref_axis',(0.,0.,-1.));
#6911=DIRECTION('',(0.,0.,1.));
#6912=DIRECTION('',(0.,0.,-1.));
#6913=DIRECTION('center_axis',(0.,1.,0.));
#6914=DIRECTION('ref_axis',(0.,0.,-1.));
#6915=DIRECTION('',(0.,0.,1.));
#6916=DIRECTION('',(-1.,0.,0.));
#6917=DIRECTION('center_axis',(0.,1.,0.));
#6918=DIRECTION('ref_axis',(0.,0.,-1.));
#6919=DIRECTION('',(1.,0.,0.));
#6920=DIRECTION('',(-1.,0.,0.));
#6921=DIRECTION('center_axis',(0.,1.,0.));
#6922=DIRECTION('ref_axis',(0.,0.,-1.));
#6923=DIRECTION('',(1.,0.,0.));
#6924=DIRECTION('',(0.,0.,1.));
#6925=DIRECTION('',(0.,0.,-1.));
#6926=DIRECTION('',(0.,0.,1.));
#6927=DIRECTION('',(0.,0.,-1.));
#6928=DIRECTION('',(0.,0.,1.));
#6929=DIRECTION('',(0.,0.,-1.));
#6930=DIRECTION('',(0.,0.,1.));
#6931=DIRECTION('',(0.,0.,-1.));
#6932=DIRECTION('',(0.,0.,1.));
#6933=DIRECTION('',(0.,0.,-1.));
#6934=DIRECTION('',(0.,0.,1.));
#6935=DIRECTION('',(0.,0.,-1.));
#6936=DIRECTION('center_axis',(0.,-1.,0.));
#6937=DIRECTION('ref_axis',(0.,0.,-1.));
#6938=DIRECTION('',(0.,0.,-1.));
#6939=DIRECTION('center_axis',(0.,1.,0.));
#6940=DIRECTION('ref_axis',(0.,0.,-1.));
#6941=DIRECTION('',(1.,0.,1.17848062226685E-16));
#6942=DIRECTION('center_axis',(0.,1.,0.));
#6943=DIRECTION('ref_axis',(0.,0.,-1.));
#6944=DIRECTION('',(0.,0.,1.));
#6945=DIRECTION('center_axis',(0.,1.,0.));
#6946=DIRECTION('ref_axis',(0.,0.,-1.));
#6947=DIRECTION('',(-1.,0.,1.17848062226685E-16));
#6948=DIRECTION('center_axis',(0.,1.,0.));
#6949=DIRECTION('ref_axis',(0.,0.,-1.));
#6950=DIRECTION('',(1.03257349760524E-15,0.,-1.));
#6951=DIRECTION('center_axis',(0.,-1.,0.));
#6952=DIRECTION('ref_axis',(0.,0.,-1.));
#6953=DIRECTION('',(0.,-1.,0.));
#6954=DIRECTION('center_axis',(0.,-1.,0.));
#6955=DIRECTION('ref_axis',(0.,0.,1.));
#6956=DIRECTION('',(0.,-1.,0.));
#6957=DIRECTION('center_axis',(-1.,0.,-1.03257349760524E-15));
#6958=DIRECTION('ref_axis',(-1.03257349760524E-15,0.,1.));
#6959=DIRECTION('',(0.,-1.,0.));
#6960=DIRECTION('',(1.03257349760524E-15,0.,-1.));
#6961=DIRECTION('center_axis',(0.,-1.,0.));
#6962=DIRECTION('ref_axis',(0.,0.,-1.));
#6963=DIRECTION('',(0.,-1.,0.));
#6964=DIRECTION('center_axis',(0.,1.,0.));
#6965=DIRECTION('ref_axis',(0.,0.,-1.));
#6966=DIRECTION('center_axis',(1.17848062226685E-16,0.,1.));
#6967=DIRECTION('ref_axis',(1.,0.,-1.17848062226685E-16));
#6968=DIRECTION('',(0.,-1.,0.));
#6969=DIRECTION('',(-1.,0.,1.17848062226685E-16));
#6970=DIRECTION('center_axis',(0.,-1.,0.));
#6971=DIRECTION('ref_axis',(0.,0.,-1.));
#6972=DIRECTION('',(0.,-1.,0.));
#6973=DIRECTION('center_axis',(0.,1.,0.));
#6974=DIRECTION('ref_axis',(0.,0.,1.));
#6975=DIRECTION('center_axis',(1.,0.,0.));
#6976=DIRECTION('ref_axis',(0.,0.,-1.));
#6977=DIRECTION('',(0.,-1.,0.));
#6978=DIRECTION('',(0.,0.,1.));
#6979=DIRECTION('center_axis',(0.,-1.,0.));
#6980=DIRECTION('ref_axis',(0.,0.,-1.));
#6981=DIRECTION('',(0.,-1.,0.));
#6982=DIRECTION('center_axis',(0.,1.,0.));
#6983=DIRECTION('ref_axis',(0.,0.,1.));
#6984=DIRECTION('center_axis',(1.17848062226685E-16,0.,-1.));
#6985=DIRECTION('ref_axis',(-1.,0.,-1.17848062226685E-16));
#6986=DIRECTION('',(0.,-1.,0.));
#6987=DIRECTION('',(1.,0.,1.17848062226685E-16));
#6988=DIRECTION('center_axis',(0.,-1.,0.));
#6989=DIRECTION('ref_axis',(0.,0.,-1.));
#6990=DIRECTION('',(0.,-1.,0.));
#6991=DIRECTION('center_axis',(0.,1.,0.));
#6992=DIRECTION('ref_axis',(0.,0.,1.));
#6993=DIRECTION('center_axis',(-1.,0.,0.));
#6994=DIRECTION('ref_axis',(0.,0.,1.));
#6995=DIRECTION('',(0.,0.,-1.));
#6996=DIRECTION('center_axis',(0.,1.,0.));
#6997=DIRECTION('ref_axis',(0.,0.,1.));
#6998=DIRECTION('center_axis',(0.,-1.,0.));
#6999=DIRECTION('ref_axis',(0.,0.,-1.));
#7000=DIRECTION('',(0.,0.,1.));
#7001=DIRECTION('center_axis',(0.,1.,0.));
#7002=DIRECTION('ref_axis',(0.,0.,-1.));
#7003=DIRECTION('',(0.,0.,-1.));
#7004=DIRECTION('center_axis',(0.,-1.,0.));
#7005=DIRECTION('ref_axis',(1.22464679914735E-16,0.,1.));
#7006=DIRECTION('',(0.,-1.,0.));
#7007=DIRECTION('',(0.,-1.,0.));
#7008=DIRECTION('center_axis',(-1.,0.,0.));
#7009=DIRECTION('ref_axis',(0.,0.,1.));
#7010=DIRECTION('center_axis',(1.,0.,0.));
#7011=DIRECTION('ref_axis',(0.,0.,-1.));
#7012=DIRECTION('center_axis',(0.,-1.,0.));
#7013=DIRECTION('ref_axis',(0.,0.,-1.));
#7014=DIRECTION('',(0.,0.,1.));
#7015=DIRECTION('center_axis',(0.,1.,0.));
#7016=DIRECTION('ref_axis',(0.,0.,-1.));
#7017=DIRECTION('',(0.,0.,-1.));
#7018=DIRECTION('center_axis',(0.,-1.,0.));
#7019=DIRECTION('ref_axis',(1.22464679914735E-16,0.,1.));
#7020=DIRECTION('',(0.,-1.,0.));
#7021=DIRECTION('',(0.,-1.,0.));
#7022=DIRECTION('center_axis',(-1.,0.,0.));
#7023=DIRECTION('ref_axis',(0.,0.,1.));
#7024=DIRECTION('center_axis',(1.,0.,0.));
#7025=DIRECTION('ref_axis',(0.,0.,-1.));
#7026=DIRECTION('center_axis',(0.,1.,0.));
#7027=DIRECTION('ref_axis',(0.,0.,1.));
#7028=DIRECTION('',(0.,0.,-1.));
#7029=DIRECTION('',(0.,0.,1.));
#7030=DIRECTION('center_axis',(1.,0.,0.));
#7031=DIRECTION('ref_axis',(0.,0.,-1.));
#7032=DIRECTION('center_axis',(-1.,0.,0.));
#7033=DIRECTION('ref_axis',(0.,0.,1.));
#7034=DIRECTION('center_axis',(0.,-1.,0.));
#7035=DIRECTION('ref_axis',(0.,0.,-1.));
#7036=DIRECTION('',(0.,0.,-1.));
#7037=DIRECTION('',(0.,0.,1.));
#7038=DIRECTION('center_axis',(-1.,0.,0.));
#7039=DIRECTION('ref_axis',(0.,0.,1.));
#7040=DIRECTION('center_axis',(1.,0.,0.));
#7041=DIRECTION('ref_axis',(0.,0.,-1.));
#7042=DIRECTION('center_axis',(0.,1.,0.));
#7043=DIRECTION('ref_axis',(0.,0.,1.));
#7044=DIRECTION('',(0.,0.,-1.));
#7045=DIRECTION('',(0.,0.,1.));
#7046=DIRECTION('center_axis',(1.,0.,0.));
#7047=DIRECTION('ref_axis',(0.,0.,-1.));
#7048=DIRECTION('center_axis',(-1.,0.,0.));
#7049=DIRECTION('ref_axis',(0.,0.,1.));
#7050=DIRECTION('center_axis',(0.,1.,0.));
#7051=DIRECTION('ref_axis',(0.,0.,1.));
#7052=DIRECTION('',(0.,0.,-1.));
#7053=DIRECTION('',(0.,0.,1.));
#7054=DIRECTION('center_axis',(1.,0.,0.));
#7055=DIRECTION('ref_axis',(0.,0.,-1.));
#7056=DIRECTION('center_axis',(-1.,0.,0.));
#7057=DIRECTION('ref_axis',(0.,0.,1.));
#7058=DIRECTION('center_axis',(0.,-1.,0.));
#7059=DIRECTION('ref_axis',(0.,0.,-1.));
#7060=DIRECTION('',(0.,0.,-1.));
#7061=DIRECTION('',(0.,0.,1.));
#7062=DIRECTION('center_axis',(-1.,0.,0.));
#7063=DIRECTION('ref_axis',(0.,0.,1.));
#7064=DIRECTION('center_axis',(1.,0.,0.));
#7065=DIRECTION('ref_axis',(0.,0.,-1.));
#7066=DIRECTION('center_axis',(0.,-1.,0.));
#7067=DIRECTION('ref_axis',(0.,0.,-1.));
#7068=DIRECTION('',(0.,0.,-1.));
#7069=DIRECTION('',(0.,0.,1.));
#7070=DIRECTION('center_axis',(-1.,0.,0.));
#7071=DIRECTION('ref_axis',(0.,0.,1.));
#7072=DIRECTION('center_axis',(1.,0.,0.));
#7073=DIRECTION('ref_axis',(0.,0.,-1.));
#7074=DIRECTION('center_axis',(0.,1.,0.));
#7075=DIRECTION('ref_axis',(0.,0.,1.));
#7076=DIRECTION('',(0.,0.,1.));
#7077=DIRECTION('center_axis',(0.,1.,0.));
#7078=DIRECTION('ref_axis',(0.,0.,1.));
#7079=DIRECTION('',(0.,0.,-1.));
#7080=DIRECTION('center_axis',(0.,-1.,0.));
#7081=DIRECTION('ref_axis',(1.22464679914735E-16,0.,1.));
#7082=DIRECTION('',(0.,-1.,0.));
#7083=DIRECTION('',(0.,-1.,0.));
#7084=DIRECTION('center_axis',(-1.,0.,0.));
#7085=DIRECTION('ref_axis',(0.,0.,1.));
#7086=DIRECTION('center_axis',(1.,0.,0.));
#7087=DIRECTION('ref_axis',(0.,0.,-1.));
#7088=DIRECTION('center_axis',(0.,1.,0.));
#7089=DIRECTION('ref_axis',(0.,0.,1.));
#7090=DIRECTION('',(0.,0.,1.));
#7091=DIRECTION('center_axis',(0.,1.,0.));
#7092=DIRECTION('ref_axis',(0.,0.,1.));
#7093=DIRECTION('',(0.,0.,-1.));
#7094=DIRECTION('center_axis',(0.,-1.,0.));
#7095=DIRECTION('ref_axis',(1.22464679914735E-16,0.,1.));
#7096=DIRECTION('',(0.,-1.,0.));
#7097=DIRECTION('',(0.,-1.,0.));
#7098=DIRECTION('center_axis',(-1.,0.,0.));
#7099=DIRECTION('ref_axis',(0.,0.,1.));
#7100=DIRECTION('center_axis',(1.,0.,0.));
#7101=DIRECTION('ref_axis',(0.,0.,-1.));
#7102=DIRECTION('center_axis',(0.,1.,0.));
#7103=DIRECTION('ref_axis',(0.,0.,1.));
#7104=DIRECTION('',(0.,0.,1.));
#7105=DIRECTION('center_axis',(0.,1.,0.));
#7106=DIRECTION('ref_axis',(0.,0.,1.));
#7107=DIRECTION('',(0.,0.,-1.));
#7108=DIRECTION('center_axis',(0.,-1.,0.));
#7109=DIRECTION('ref_axis',(1.22464679914735E-16,0.,1.));
#7110=DIRECTION('',(0.,-1.,0.));
#7111=DIRECTION('',(0.,-1.,0.));
#7112=DIRECTION('center_axis',(-1.,0.,0.));
#7113=DIRECTION('ref_axis',(0.,0.,1.));
#7114=DIRECTION('center_axis',(1.,0.,0.));
#7115=DIRECTION('ref_axis',(0.,0.,-1.));
#7116=DIRECTION('center_axis',(0.,-1.,0.));
#7117=DIRECTION('ref_axis',(0.,0.,-1.));
#7118=DIRECTION('',(0.,0.,1.));
#7119=DIRECTION('center_axis',(0.,1.,0.));
#7120=DIRECTION('ref_axis',(0.,0.,-1.));
#7121=DIRECTION('',(0.,0.,-1.));
#7122=DIRECTION('center_axis',(0.,-1.,0.));
#7123=DIRECTION('ref_axis',(1.22464679914735E-16,0.,1.));
#7124=DIRECTION('',(0.,-1.,0.));
#7125=DIRECTION('',(0.,-1.,0.));
#7126=DIRECTION('center_axis',(-1.,0.,0.));
#7127=DIRECTION('ref_axis',(0.,0.,1.));
#7128=DIRECTION('center_axis',(1.,0.,0.));
#7129=DIRECTION('ref_axis',(0.,0.,-1.));
#7130=DIRECTION('center_axis',(0.,-1.,0.));
#7131=DIRECTION('ref_axis',(0.,0.,-1.));
#7132=DIRECTION('',(1.,0.,0.));
#7133=DIRECTION('center_axis',(0.,1.,0.));
#7134=DIRECTION('ref_axis',(0.,0.,-1.));
#7135=DIRECTION('',(-1.,0.,0.));
#7136=DIRECTION('center_axis',(0.,0.,-1.));
#7137=DIRECTION('ref_axis',(-1.,0.,0.));
#7138=DIRECTION('',(0.,-1.,0.));
#7139=DIRECTION('center_axis',(0.,-1.,0.));
#7140=DIRECTION('ref_axis',(0.,0.,-1.));
#7141=DIRECTION('',(0.,-1.,0.));
#7142=DIRECTION('center_axis',(0.,0.,1.));
#7143=DIRECTION('ref_axis',(1.,0.,0.));
#7144=DIRECTION('center_axis',(0.,1.,0.));
#7145=DIRECTION('ref_axis',(0.,0.,1.));
#7146=DIRECTION('',(1.,0.,0.));
#7147=DIRECTION('center_axis',(0.,1.,0.));
#7148=DIRECTION('ref_axis',(0.,0.,1.));
#7149=DIRECTION('',(-1.,0.,0.));
#7150=DIRECTION('center_axis',(0.,-1.,0.));
#7151=DIRECTION('ref_axis',(0.,0.,-1.));
#7152=DIRECTION('',(0.,-1.,0.));
#7153=DIRECTION('',(0.,-1.,0.));
#7154=DIRECTION('center_axis',(0.,0.,1.));
#7155=DIRECTION('ref_axis',(1.,0.,0.));
#7156=DIRECTION('center_axis',(0.,0.,-1.));
#7157=DIRECTION('ref_axis',(-1.,0.,0.));
#7158=DIRECTION('center_axis',(0.,-1.,0.));
#7159=DIRECTION('ref_axis',(0.,0.,-1.));
#7160=DIRECTION('',(-1.,0.,0.));
#7161=DIRECTION('center_axis',(0.,1.,0.));
#7162=DIRECTION('ref_axis',(0.,0.,-1.));
#7163=DIRECTION('',(1.,0.,0.));
#7164=DIRECTION('center_axis',(0.,-1.,0.));
#7165=DIRECTION('ref_axis',(0.,0.,-1.));
#7166=DIRECTION('',(0.,-1.,0.));
#7167=DIRECTION('',(0.,-1.,0.));
#7168=DIRECTION('center_axis',(0.,0.,-1.));
#7169=DIRECTION('ref_axis',(-1.,0.,0.));
#7170=DIRECTION('center_axis',(0.,0.,1.));
#7171=DIRECTION('ref_axis',(1.,0.,0.));
#7172=DIRECTION('center_axis',(0.,1.,0.));
#7173=DIRECTION('ref_axis',(0.,0.,1.));
#7174=DIRECTION('',(-1.,0.,0.));
#7175=DIRECTION('center_axis',(0.,1.,0.));
#7176=DIRECTION('ref_axis',(0.,0.,1.));
#7177=DIRECTION('',(1.,0.,0.));
#7178=DIRECTION('center_axis',(0.,-1.,0.));
#7179=DIRECTION('ref_axis',(0.,0.,-1.));
#7180=DIRECTION('',(0.,-1.,0.));
#7181=DIRECTION('',(0.,-1.,0.));
#7182=DIRECTION('center_axis',(0.,0.,-1.));
#7183=DIRECTION('ref_axis',(-1.,0.,0.));
#7184=DIRECTION('center_axis',(0.,0.,1.));
#7185=DIRECTION('ref_axis',(1.,0.,0.));
#7186=DIRECTION('center_axis',(0.,0.,-1.));
#7187=DIRECTION('ref_axis',(-1.,0.,0.));
#7188=DIRECTION('',(1.,0.,0.));
#7189=DIRECTION('',(0.,-1.,0.));
#7190=DIRECTION('',(1.,0.,0.));
#7191=DIRECTION('center_axis',(0.,0.,1.));
#7192=DIRECTION('ref_axis',(1.,0.,0.));
#7193=DIRECTION('',(-1.,0.,0.));
#7194=DIRECTION('',(0.,-1.,0.));
#7195=DIRECTION('',(-1.,0.,0.));
#7196=DIRECTION('center_axis',(0.,-1.,0.));
#7197=DIRECTION('ref_axis',(0.,0.,-1.));
#7198=DIRECTION('',(0.,0.,-1.));
#7199=DIRECTION('center_axis',(0.,-1.,0.));
#7200=DIRECTION('ref_axis',(0.,0.,-1.));
#7201=DIRECTION('',(0.,0.,-1.));
#7202=DIRECTION('center_axis',(-1.,0.,0.));
#7203=DIRECTION('ref_axis',(0.,0.,1.));
#7204=DIRECTION('center_axis',(0.,0.,1.));
#7205=DIRECTION('ref_axis',(1.,0.,0.));
#7206=DIRECTION('',(-1.,0.,0.));
#7207=DIRECTION('',(0.,-1.,0.));
#7208=DIRECTION('',(-1.,0.,0.));
#7209=DIRECTION('center_axis',(0.,0.,-1.));
#7210=DIRECTION('ref_axis',(-1.,0.,0.));
#7211=DIRECTION('',(1.,0.,0.));
#7212=DIRECTION('',(0.,-1.,0.));
#7213=DIRECTION('',(1.,0.,0.));
#7214=DIRECTION('center_axis',(0.,-1.,0.));
#7215=DIRECTION('ref_axis',(0.,0.,-1.));
#7216=DIRECTION('',(0.,0.,-1.));
#7217=DIRECTION('center_axis',(0.,-1.,0.));
#7218=DIRECTION('ref_axis',(0.,0.,-1.));
#7219=DIRECTION('',(0.,0.,-1.));
#7220=DIRECTION('center_axis',(-1.,0.,0.));
#7221=DIRECTION('ref_axis',(0.,0.,1.));
#7222=DIRECTION('center_axis',(0.,0.,1.));
#7223=DIRECTION('ref_axis',(1.,0.,0.));
#7224=DIRECTION('',(-1.,0.,0.));
#7225=DIRECTION('',(0.,-1.,0.));
#7226=DIRECTION('',(-1.,0.,0.));
#7227=DIRECTION('center_axis',(0.,0.,-1.));
#7228=DIRECTION('ref_axis',(-1.,0.,0.));
#7229=DIRECTION('',(1.,0.,0.));
#7230=DIRECTION('',(0.,-1.,0.));
#7231=DIRECTION('',(1.,0.,0.));
#7232=DIRECTION('center_axis',(0.,-1.,0.));
#7233=DIRECTION('ref_axis',(0.,0.,-1.));
#7234=DIRECTION('',(0.,0.,1.));
#7235=DIRECTION('center_axis',(0.,-1.,0.));
#7236=DIRECTION('ref_axis',(0.,0.,-1.));
#7237=DIRECTION('',(0.,0.,1.));
#7238=DIRECTION('center_axis',(1.,0.,0.));
#7239=DIRECTION('ref_axis',(0.,0.,-1.));
#7240=DIRECTION('center_axis',(0.,0.,-1.));
#7241=DIRECTION('ref_axis',(-1.,0.,0.));
#7242=DIRECTION('',(1.,0.,0.));
#7243=DIRECTION('',(0.,-1.,0.));
#7244=DIRECTION('',(1.,0.,0.));
#7245=DIRECTION('center_axis',(0.,0.,1.));
#7246=DIRECTION('ref_axis',(1.,0.,0.));
#7247=DIRECTION('',(-1.,0.,0.));
#7248=DIRECTION('',(0.,-1.,0.));
#7249=DIRECTION('',(-1.,0.,0.));
#7250=DIRECTION('center_axis',(0.,-1.,0.));
#7251=DIRECTION('ref_axis',(0.,0.,-1.));
#7252=DIRECTION('',(0.,0.,1.));
#7253=DIRECTION('center_axis',(0.,-1.,0.));
#7254=DIRECTION('ref_axis',(0.,0.,-1.));
#7255=DIRECTION('',(0.,0.,1.));
#7256=DIRECTION('center_axis',(1.,0.,0.));
#7257=DIRECTION('ref_axis',(0.,0.,-1.));
#7258=DIRECTION('center_axis',(0.889833263126291,-1.59311348042387E-15,
0.456285835671038));
#7259=DIRECTION('ref_axis',(-0.456285835671038,-3.10683623288734E-15,0.889833263126291));
#7260=DIRECTION('',(0.,1.,3.49148133884313E-15));
#7261=DIRECTION('',(0.456285835671038,3.10683623288734E-15,-0.889833263126291));
#7262=DIRECTION('center_axis',(0.,1.,3.49148133884313E-15));
#7263=DIRECTION('ref_axis',(-1.,0.,0.));
#7264=DIRECTION('',(0.,1.,3.49148133884313E-15));
#7265=DIRECTION('center_axis',(0.,-1.,-3.49148133884313E-15));
#7266=DIRECTION('ref_axis',(-1.,0.,0.));
#7267=DIRECTION('center_axis',(0.,-3.49148133884313E-15,1.));
#7268=DIRECTION('ref_axis',(0.,-1.,-3.49148133884313E-15));
#7269=DIRECTION('',(0.,1.,3.49148133884313E-15));
#7270=DIRECTION('',(1.,0.,0.));
#7271=DIRECTION('center_axis',(0.,1.,3.49148133884313E-15));
#7272=DIRECTION('ref_axis',(0.853312907341446,1.82045543091978E-15,-0.521399158193115));
#7273=DIRECTION('',(0.,1.,3.49148133884313E-15));
#7274=DIRECTION('center_axis',(0.,-1.,-3.49148133884313E-15));
#7275=DIRECTION('ref_axis',(1.,0.,0.));
#7276=DIRECTION('center_axis',(-0.889833263126292,1.59311348042387E-15,
-0.456285835671036));
#7277=DIRECTION('ref_axis',(0.456285835671036,3.10683623288734E-15,-0.889833263126292));
#7278=DIRECTION('',(0.,1.,3.49148133884313E-15));
#7279=DIRECTION('',(-0.456285835671036,-3.10683623288734E-15,0.889833263126292));
#7280=DIRECTION('center_axis',(-0.889833263126292,-1.59311348042387E-15,
0.456285835671036));
#7281=DIRECTION('ref_axis',(-0.456285835671036,3.10683623288734E-15,-0.889833263126292));
#7282=DIRECTION('',(0.,1.,3.49148133884313E-15));
#7283=DIRECTION('',(0.456285835671036,-3.10683623288734E-15,0.889833263126292));
#7284=DIRECTION('center_axis',(0.,1.,3.49148133884313E-15));
#7285=DIRECTION('ref_axis',(0.853312907341448,-1.82045543091977E-15,0.521399158193111));
#7286=DIRECTION('',(0.,1.,3.49148133884313E-15));
#7287=DIRECTION('center_axis',(0.,-1.,-3.49148133884313E-15));
#7288=DIRECTION('ref_axis',(-1.,0.,0.));
#7289=DIRECTION('center_axis',(0.,3.49148133884313E-15,-1.));
#7290=DIRECTION('ref_axis',(0.,1.,3.49148133884313E-15));
#7291=DIRECTION('',(0.,1.,3.49148133884313E-15));
#7292=DIRECTION('',(-1.,0.,0.));
#7293=DIRECTION('center_axis',(0.,1.,3.49148133884313E-15));
#7294=DIRECTION('ref_axis',(-1.,0.,0.));
#7295=DIRECTION('',(0.,1.,3.49148133884313E-15));
#7296=DIRECTION('center_axis',(0.,-1.,-3.49148133884313E-15));
#7297=DIRECTION('ref_axis',(1.,0.,0.));
#7298=DIRECTION('center_axis',(0.889833263126291,1.59311348042387E-15,-0.456285835671038));
#7299=DIRECTION('ref_axis',(0.456285835671038,-3.10683623288734E-15,0.889833263126291));
#7300=DIRECTION('',(-0.456285835671038,3.10683623288734E-15,-0.889833263126291));
#7301=DIRECTION('center_axis',(0.,1.,3.49148133884313E-15));
#7302=DIRECTION('ref_axis',(-1.,0.,0.));
#7303=DIRECTION('center_axis',(0.,-1.,-3.49148133884313E-15));
#7304=DIRECTION('ref_axis',(1.,0.,0.));
#7305=DIRECTION('center_axis',(0.,1.,3.49148133884313E-15));
#7306=DIRECTION('ref_axis',(-1.,0.,0.));
#7307=DIRECTION('',(0.,1.,3.49148133884313E-15));
#7308=DIRECTION('center_axis',(0.,-1.,-3.49148133884313E-15));
#7309=DIRECTION('ref_axis',(1.,0.,0.));
#7310=DIRECTION('',(0.,1.,3.49148133884313E-15));
#7311=DIRECTION('center_axis',(-0.889833263126291,-1.59311348042387E-15,
0.456285835671038));
#7312=DIRECTION('ref_axis',(-0.456285835671038,3.10683623288734E-15,-0.889833263126291));
#7313=DIRECTION('',(0.,1.,3.49148133884313E-15));
#7314=DIRECTION('',(0.456285835671038,-3.10683623288734E-15,0.889833263126291));
#7315=DIRECTION('center_axis',(0.,1.,3.49148133884313E-15));
#7316=DIRECTION('ref_axis',(1.,5.77453361130265E-30,-1.65389215948552E-15));
#7317=DIRECTION('',(0.,1.,3.49148133884313E-15));
#7318=DIRECTION('center_axis',(0.,-1.,-3.49148133884313E-15));
#7319=DIRECTION('ref_axis',(1.,0.,0.));
#7320=DIRECTION('center_axis',(-0.889833263126291,1.59311348042387E-15,
-0.456285835671038));
#7321=DIRECTION('ref_axis',(0.456285835671038,3.10683623288734E-15,-0.889833263126291));
#7322=DIRECTION('',(0.,1.,3.49148133884313E-15));
#7323=DIRECTION('',(-0.456285835671038,-3.10683623288734E-15,0.889833263126291));
#7324=DIRECTION('center_axis',(0.,1.,3.49148133884313E-15));
#7325=DIRECTION('ref_axis',(-1.,0.,0.));
#7326=DIRECTION('',(0.,1.,3.49148133884313E-15));
#7327=DIRECTION('center_axis',(0.,-1.,-3.49148133884313E-15));
#7328=DIRECTION('ref_axis',(-1.,0.,0.));
#7329=DIRECTION('center_axis',(0.,3.49148133884313E-15,-1.));
#7330=DIRECTION('ref_axis',(0.,1.,3.49148133884313E-15));
#7331=DIRECTION('',(-1.,0.,0.));
#7332=DIRECTION('center_axis',(0.889833263126291,-1.59311348042387E-15,
0.456285835671037));
#7333=DIRECTION('ref_axis',(-0.456285835671037,-3.10683623288734E-15,0.889833263126291));
#7334=DIRECTION('',(0.,1.,3.49148133884313E-15));
#7335=DIRECTION('',(0.456285835671037,3.10683623288734E-15,-0.889833263126291));
#7336=DIRECTION('center_axis',(0.889833263126291,1.59311348042387E-15,-0.456285835671037));
#7337=DIRECTION('ref_axis',(0.456285835671037,-3.10683623288734E-15,0.889833263126291));
#7338=DIRECTION('',(-0.456285835671037,3.10683623288734E-15,-0.889833263126291));
#7339=DIRECTION('center_axis',(0.,-3.49148133884313E-15,1.));
#7340=DIRECTION('ref_axis',(0.,-1.,-3.49148133884313E-15));
#7341=DIRECTION('',(1.,0.,0.));
#7342=DIRECTION('center_axis',(0.,-1.,-3.49148133884313E-15));
#7343=DIRECTION('ref_axis',(1.,0.,0.));
#7344=DIRECTION('axis',(0.,0.,1.));
#7345=DIRECTION('refdir',(1.,0.,0.));
#7346=DIRECTION('center_axis',(0.,-1.,0.));
#7347=DIRECTION('ref_axis',(0.,0.,-1.));
#7348=DIRECTION('center_axis',(0.,-1.,0.));
#7349=DIRECTION('ref_axis',(0.,0.,1.));
#7350=DIRECTION('',(0.,-1.,0.));
#7351=DIRECTION('center_axis',(0.,-1.,0.));
#7352=DIRECTION('ref_axis',(0.,0.,1.));
#7353=DIRECTION('',(0.,-1.,0.));
#7354=DIRECTION('center_axis',(-1.,0.,-1.03257349760524E-15));
#7355=DIRECTION('ref_axis',(-1.03257349760524E-15,0.,1.));
#7356=DIRECTION('',(1.03257349760524E-15,0.,-1.));
#7357=DIRECTION('',(0.,-1.,0.));
#7358=DIRECTION('',(1.03257349760524E-15,0.,-1.));
#7359=DIRECTION('center_axis',(0.,-1.,0.));
#7360=DIRECTION('ref_axis',(0.,0.,-1.));
#7361=DIRECTION('center_axis',(0.,1.,0.));
#7362=DIRECTION('ref_axis',(0.,0.,-1.));
#7363=DIRECTION('',(0.,-1.,0.));
#7364=DIRECTION('center_axis',(0.,1.,0.));
#7365=DIRECTION('ref_axis',(0.,0.,-1.));
#7366=DIRECTION('center_axis',(1.17848062226685E-16,0.,1.));
#7367=DIRECTION('ref_axis',(1.,0.,-1.17848062226685E-16));
#7368=DIRECTION('',(-1.,0.,1.17848062226685E-16));
#7369=DIRECTION('',(0.,-1.,0.));
#7370=DIRECTION('',(-1.,0.,1.17848062226685E-16));
#7371=DIRECTION('center_axis',(0.,-1.,0.));
#7372=DIRECTION('ref_axis',(0.,0.,-1.));
#7373=DIRECTION('center_axis',(0.,1.,0.));
#7374=DIRECTION('ref_axis',(0.,0.,1.));
#7375=DIRECTION('',(0.,-1.,0.));
#7376=DIRECTION('center_axis',(0.,1.,0.));
#7377=DIRECTION('ref_axis',(0.,0.,1.));
#7378=DIRECTION('center_axis',(1.,0.,0.));
#7379=DIRECTION('ref_axis',(0.,0.,-1.));
#7380=DIRECTION('',(0.,0.,1.));
#7381=DIRECTION('',(0.,-1.,0.));
#7382=DIRECTION('',(0.,0.,1.));
#7383=DIRECTION('center_axis',(0.,-1.,0.));
#7384=DIRECTION('ref_axis',(0.,0.,-1.));
#7385=DIRECTION('center_axis',(0.,1.,0.));
#7386=DIRECTION('ref_axis',(0.,0.,1.));
#7387=DIRECTION('',(0.,-1.,0.));
#7388=DIRECTION('center_axis',(0.,1.,0.));
#7389=DIRECTION('ref_axis',(0.,0.,1.));
#7390=DIRECTION('center_axis',(1.17848062226685E-16,0.,-1.));
#7391=DIRECTION('ref_axis',(-1.,0.,-1.17848062226685E-16));
#7392=DIRECTION('',(1.,0.,1.17848062226685E-16));
#7393=DIRECTION('',(0.,-1.,0.));
#7394=DIRECTION('',(1.,0.,1.17848062226685E-16));
#7395=DIRECTION('center_axis',(0.,-1.,0.));
#7396=DIRECTION('ref_axis',(0.,0.,-1.));
#7397=DIRECTION('center_axis',(0.,1.,0.));
#7398=DIRECTION('ref_axis',(0.,0.,1.));
#7399=DIRECTION('',(0.,-1.,0.));
#7400=DIRECTION('center_axis',(0.,1.,0.));
#7401=DIRECTION('ref_axis',(0.,0.,1.));
#7402=DIRECTION('center_axis',(-1.,0.,0.));
#7403=DIRECTION('ref_axis',(0.,0.,1.));
#7404=DIRECTION('',(0.,0.,-1.));
#7405=DIRECTION('',(0.,0.,-1.));
#7406=DIRECTION('center_axis',(0.,1.,0.));
#7407=DIRECTION('ref_axis',(0.,0.,1.));
#7408=DIRECTION('center_axis',(0.,1.,0.));
#7409=DIRECTION('ref_axis',(0.,0.,1.));
#7410=DIRECTION('center_axis',(1.,0.,0.));
#7411=DIRECTION('ref_axis',(0.,0.,-1.));
#7412=DIRECTION('',(0.,0.,1.));
#7413=DIRECTION('',(0.,-1.,0.));
#7414=DIRECTION('',(0.,0.,1.));
#7415=DIRECTION('',(0.,-1.,0.));
#7416=DIRECTION('center_axis',(0.,0.,-1.));
#7417=DIRECTION('ref_axis',(-1.,0.,0.));
#7418=DIRECTION('',(1.,0.,0.));
#7419=DIRECTION('',(0.,-1.,0.));
#7420=DIRECTION('',(1.,0.,0.));
#7421=DIRECTION('center_axis',(-1.,0.,0.));
#7422=DIRECTION('ref_axis',(0.,0.,1.));
#7423=DIRECTION('',(0.,0.,-1.));
#7424=DIRECTION('',(0.,-1.,0.));
#7425=DIRECTION('',(0.,0.,-1.));
#7426=DIRECTION('center_axis',(0.,0.,1.));
#7427=DIRECTION('ref_axis',(1.,0.,0.));
#7428=DIRECTION('',(-1.,0.,0.));
#7429=DIRECTION('',(-1.,0.,0.));
#7430=DIRECTION('center_axis',(0.,-1.,0.));
#7431=DIRECTION('ref_axis',(0.,0.,-1.));
#7432=DIRECTION('center_axis',(0.,-1.,0.));
#7433=DIRECTION('ref_axis',(0.,0.,-1.));
#7434=DIRECTION('center_axis',(0.,0.,1.));
#7435=DIRECTION('ref_axis',(1.,0.,0.));
#7436=DIRECTION('',(-1.,0.,0.));
#7437=DIRECTION('',(0.,-1.,0.));
#7438=DIRECTION('',(-1.,0.,0.));
#7439=DIRECTION('',(0.,-1.,0.));
#7440=DIRECTION('center_axis',(1.,0.,0.));
#7441=DIRECTION('ref_axis',(0.,0.,-1.));
#7442=DIRECTION('',(0.,0.,1.));
#7443=DIRECTION('',(0.,-1.,0.));
#7444=DIRECTION('',(0.,0.,1.));
#7445=DIRECTION('center_axis',(0.,0.,-1.));
#7446=DIRECTION('ref_axis',(-1.,0.,0.));
#7447=DIRECTION('',(1.,0.,0.));
#7448=DIRECTION('',(0.,-1.,0.));
#7449=DIRECTION('',(1.,0.,0.));
#7450=DIRECTION('center_axis',(-1.,0.,0.));
#7451=DIRECTION('ref_axis',(0.,0.,1.));
#7452=DIRECTION('',(0.,0.,-1.));
#7453=DIRECTION('',(0.,0.,-1.));
#7454=DIRECTION('center_axis',(0.,-1.,0.));
#7455=DIRECTION('ref_axis',(0.,0.,-1.));
#7456=DIRECTION('center_axis',(0.,-1.,0.));
#7457=DIRECTION('ref_axis',(0.,0.,-1.));
#7458=DIRECTION('center_axis',(-1.,0.,0.));
#7459=DIRECTION('ref_axis',(0.,0.,1.));
#7460=DIRECTION('',(0.,0.,-1.));
#7461=DIRECTION('',(0.,-1.,0.));
#7462=DIRECTION('',(0.,0.,-1.));
#7463=DIRECTION('',(0.,-1.,0.));
#7464=DIRECTION('center_axis',(0.,0.,1.));
#7465=DIRECTION('ref_axis',(1.,0.,0.));
#7466=DIRECTION('',(-1.,0.,0.));
#7467=DIRECTION('',(0.,-1.,0.));
#7468=DIRECTION('',(-1.,0.,0.));
#7469=DIRECTION('center_axis',(1.,0.,0.));
#7470=DIRECTION('ref_axis',(0.,0.,-1.));
#7471=DIRECTION('',(0.,0.,1.));
#7472=DIRECTION('',(0.,-1.,0.));
#7473=DIRECTION('',(0.,0.,1.));
#7474=DIRECTION('center_axis',(0.,0.,-1.));
#7475=DIRECTION('ref_axis',(-1.,0.,0.));
#7476=DIRECTION('',(1.,0.,0.));
#7477=DIRECTION('',(1.,0.,0.));
#7478=DIRECTION('center_axis',(0.,-1.,0.));
#7479=DIRECTION('ref_axis',(0.,0.,-1.));
#7480=DIRECTION('center_axis',(0.,-1.,0.));
#7481=DIRECTION('ref_axis',(0.,0.,-1.));
#7482=DIRECTION('center_axis',(0.,0.,-1.));
#7483=DIRECTION('ref_axis',(-1.,0.,0.));
#7484=DIRECTION('',(1.,0.,0.));
#7485=DIRECTION('',(0.,-1.,0.));
#7486=DIRECTION('',(1.,0.,0.));
#7487=DIRECTION('',(0.,-1.,0.));
#7488=DIRECTION('center_axis',(-1.,0.,0.));
#7489=DIRECTION('ref_axis',(0.,0.,1.));
#7490=DIRECTION('',(0.,0.,-1.));
#7491=DIRECTION('',(0.,-1.,0.));
#7492=DIRECTION('',(0.,0.,-1.));
#7493=DIRECTION('center_axis',(0.,0.,1.));
#7494=DIRECTION('ref_axis',(1.,0.,0.));
#7495=DIRECTION('',(-1.,0.,0.));
#7496=DIRECTION('',(0.,-1.,0.));
#7497=DIRECTION('',(-1.,0.,0.));
#7498=DIRECTION('center_axis',(1.,0.,0.));
#7499=DIRECTION('ref_axis',(0.,0.,-1.));
#7500=DIRECTION('',(0.,0.,1.));
#7501=DIRECTION('',(0.,0.,1.));
#7502=DIRECTION('center_axis',(0.,-1.,0.));
#7503=DIRECTION('ref_axis',(0.,0.,-1.));
#7504=DIRECTION('center_axis',(0.,-1.,0.));
#7505=DIRECTION('ref_axis',(0.,0.,-1.));
#7506=DIRECTION('center_axis',(1.,0.,0.));
#7507=DIRECTION('ref_axis',(0.,0.,-1.));
#7508=DIRECTION('center_axis',(0.,-1.,0.));
#7509=DIRECTION('ref_axis',(0.,0.,1.));
#7510=DIRECTION('center_axis',(0.,0.,-1.));
#7511=DIRECTION('ref_axis',(-1.,0.,0.));
#7512=DIRECTION('center_axis',(0.,-1.,0.));
#7513=DIRECTION('ref_axis',(0.,0.,-1.));
#7514=DIRECTION('center_axis',(0.,1.,0.));
#7515=DIRECTION('ref_axis',(0.,0.,-1.));
#7516=DIRECTION('',(0.,-1.,0.));
#7517=DIRECTION('center_axis',(0.,1.,0.));
#7518=DIRECTION('ref_axis',(0.,0.,-1.));
#7519=DIRECTION('',(0.,-1.,0.));
#7520=DIRECTION('center_axis',(-1.,0.,0.));
#7521=DIRECTION('ref_axis',(0.,0.,1.));
#7522=DIRECTION('',(0.,0.,-1.));
#7523=DIRECTION('',(0.,0.,-1.));
#7524=DIRECTION('',(0.,-1.,0.));
#7525=DIRECTION('center_axis',(1.,0.,0.));
#7526=DIRECTION('ref_axis',(0.,0.,-1.));
#7527=DIRECTION('',(0.,0.,1.));
#7528=DIRECTION('',(0.,-1.,0.));
#7529=DIRECTION('',(0.,0.,1.));
#7530=DIRECTION('center_axis',(0.,0.,-1.));
#7531=DIRECTION('ref_axis',(-1.,0.,0.));
#7532=DIRECTION('center_axis',(0.,0.,-1.));
#7533=DIRECTION('ref_axis',(-1.,0.,0.));
#7534=DIRECTION('',(0.,1.,0.));
#7535=DIRECTION('',(1.,0.,0.));
#7536=DIRECTION('',(1.,0.,0.));
#7537=DIRECTION('',(1.,0.,0.));
#7538=DIRECTION('',(0.,1.,0.));
#7539=DIRECTION('center_axis',(0.,-1.,0.));
#7540=DIRECTION('ref_axis',(0.,0.,-1.));
#7541=DIRECTION('',(0.,0.,1.));
#7542=DIRECTION('center_axis',(0.,1.,0.));
#7543=DIRECTION('ref_axis',(0.,0.,-1.));
#7544=DIRECTION('',(0.,0.,-1.));
#7545=DIRECTION('center_axis',(0.,-1.,0.));
#7546=DIRECTION('ref_axis',(0.,0.,-1.));
#7547=DIRECTION('center_axis',(-1.,0.,0.));
#7548=DIRECTION('ref_axis',(0.,0.,1.));
#7549=DIRECTION('',(0.,0.,-1.));
#7550=DIRECTION('',(0.,1.,0.));
#7551=DIRECTION('center_axis',(0.,1.,0.));
#7552=DIRECTION('ref_axis',(-1.22464679914735E-16,0.,-1.));
#7553=DIRECTION('',(0.,1.,0.));
#7554=DIRECTION('center_axis',(1.,0.,0.));
#7555=DIRECTION('ref_axis',(0.,0.,-1.));
#7556=DIRECTION('',(0.,0.,1.));
#7557=DIRECTION('center_axis',(0.,0.,-1.));
#7558=DIRECTION('ref_axis',(-1.,0.,0.));
#7559=DIRECTION('center_axis',(1.,0.,0.));
#7560=DIRECTION('ref_axis',(0.,0.,-1.));
#7561=DIRECTION('center_axis',(0.,-1.,0.));
#7562=DIRECTION('ref_axis',(0.,0.,1.));
#7563=DIRECTION('center_axis',(0.,0.,-1.));
#7564=DIRECTION('ref_axis',(-1.,0.,0.));
#7565=DIRECTION('center_axis',(0.,-1.,0.));
#7566=DIRECTION('ref_axis',(0.,0.,-1.));
#7567=DIRECTION('center_axis',(0.,1.,0.));
#7568=DIRECTION('ref_axis',(0.,0.,-1.));
#7569=DIRECTION('',(0.,-1.,0.));
#7570=DIRECTION('center_axis',(0.,1.,0.));
#7571=DIRECTION('ref_axis',(0.,0.,-1.));
#7572=DIRECTION('',(0.,-1.,0.));
#7573=DIRECTION('center_axis',(0.,0.,-1.));
#7574=DIRECTION('ref_axis',(-1.,0.,0.));
#7575=DIRECTION('center_axis',(0.,0.,-1.));
#7576=DIRECTION('ref_axis',(-1.,0.,0.));
#7577=DIRECTION('',(0.,1.,0.));
#7578=DIRECTION('',(1.,0.,0.));
#7579=DIRECTION('',(0.,-1.,0.));
#7580=DIRECTION('',(1.,0.,0.));
#7581=DIRECTION('',(0.,-1.,0.));
#7582=DIRECTION('',(1.,0.,0.));
#7583=DIRECTION('',(0.,1.,0.));
#7584=DIRECTION('center_axis',(-1.,0.,0.));
#7585=DIRECTION('ref_axis',(0.,0.,1.));
#7586=DIRECTION('',(0.,0.,-1.));
#7587=DIRECTION('',(0.,0.,-1.));
#7588=DIRECTION('center_axis',(1.,0.,0.));
#7589=DIRECTION('ref_axis',(0.,0.,-1.));
#7590=DIRECTION('',(0.,0.,1.));
#7591=DIRECTION('',(0.,0.,1.));
#7592=DIRECTION('center_axis',(0.,-1.,0.));
#7593=DIRECTION('ref_axis',(0.,0.,-1.));
#7594=DIRECTION('',(0.,0.,1.));
#7595=DIRECTION('center_axis',(0.,1.,0.));
#7596=DIRECTION('ref_axis',(0.,0.,-1.));
#7597=DIRECTION('',(0.,0.,-1.));
#7598=DIRECTION('center_axis',(0.,-1.,0.));
#7599=DIRECTION('ref_axis',(0.,0.,-1.));
#7600=DIRECTION('center_axis',(-1.,0.,0.));
#7601=DIRECTION('ref_axis',(0.,0.,1.));
#7602=DIRECTION('',(0.,0.,-1.));
#7603=DIRECTION('',(0.,1.,0.));
#7604=DIRECTION('center_axis',(0.,1.,0.));
#7605=DIRECTION('ref_axis',(-1.22464679914735E-16,0.,-1.));
#7606=DIRECTION('',(0.,1.,0.));
#7607=DIRECTION('center_axis',(1.,0.,0.));
#7608=DIRECTION('ref_axis',(0.,0.,-1.));
#7609=DIRECTION('',(0.,0.,1.));
#7610=DIRECTION('center_axis',(0.,0.,-1.));
#7611=DIRECTION('ref_axis',(-1.,0.,0.));
#7612=DIRECTION('center_axis',(1.,0.,0.));
#7613=DIRECTION('ref_axis',(0.,0.,-1.));
#7614=DIRECTION('center_axis',(0.,-1.,0.));
#7615=DIRECTION('ref_axis',(0.,0.,1.));
#7616=DIRECTION('center_axis',(0.,0.,-1.));
#7617=DIRECTION('ref_axis',(-1.,0.,0.));
#7618=DIRECTION('center_axis',(0.,-1.,0.));
#7619=DIRECTION('ref_axis',(0.,0.,-1.));
#7620=DIRECTION('center_axis',(0.,1.,0.));
#7621=DIRECTION('ref_axis',(0.,0.,1.));
#7622=DIRECTION('',(0.,-1.,0.));
#7623=DIRECTION('center_axis',(0.,1.,0.));
#7624=DIRECTION('ref_axis',(0.,0.,1.));
#7625=DIRECTION('',(0.,-1.,0.));
#7626=DIRECTION('center_axis',(1.,0.,0.));
#7627=DIRECTION('ref_axis',(0.,0.,-1.));
#7628=DIRECTION('',(0.,0.,1.));
#7629=DIRECTION('',(0.,-1.,0.));
#7630=DIRECTION('',(0.,0.,1.));
#7631=DIRECTION('center_axis',(0.,0.,-1.));
#7632=DIRECTION('ref_axis',(-1.,0.,0.));
#7633=DIRECTION('center_axis',(0.,0.,-1.));
#7634=DIRECTION('ref_axis',(-1.,0.,0.));
#7635=DIRECTION('',(0.,1.,0.));
#7636=DIRECTION('',(1.,0.,0.));
#7637=DIRECTION('',(1.,0.,0.));
#7638=DIRECTION('',(0.,-1.,0.));
#7639=DIRECTION('',(1.,0.,0.));
#7640=DIRECTION('',(0.,1.,0.));
#7641=DIRECTION('center_axis',(-1.,0.,0.));
#7642=DIRECTION('ref_axis',(0.,0.,1.));
#7643=DIRECTION('',(0.,0.,-1.));
#7644=DIRECTION('',(0.,0.,-1.));
#7645=DIRECTION('center_axis',(0.,1.,0.));
#7646=DIRECTION('ref_axis',(0.,0.,1.));
#7647=DIRECTION('',(0.,0.,1.));
#7648=DIRECTION('center_axis',(0.,1.,0.));
#7649=DIRECTION('ref_axis',(0.,0.,-1.));
#7650=DIRECTION('',(0.,0.,-1.));
#7651=DIRECTION('center_axis',(0.,1.,0.));
#7652=DIRECTION('ref_axis',(0.,0.,1.));
#7653=DIRECTION('center_axis',(-1.,0.,0.));
#7654=DIRECTION('ref_axis',(0.,0.,1.));
#7655=DIRECTION('',(0.,0.,-1.));
#7656=DIRECTION('',(0.,1.,0.));
#7657=DIRECTION('center_axis',(0.,1.,0.));
#7658=DIRECTION('ref_axis',(-1.22464679914735E-16,0.,-1.));
#7659=DIRECTION('',(0.,1.,0.));
#7660=DIRECTION('center_axis',(1.,0.,0.));
#7661=DIRECTION('ref_axis',(0.,0.,-1.));
#7662=DIRECTION('',(0.,0.,1.));
#7663=DIRECTION('center_axis',(0.,0.,-1.));
#7664=DIRECTION('ref_axis',(-1.,0.,0.));
#7665=DIRECTION('center_axis',(1.,0.,0.));
#7666=DIRECTION('ref_axis',(0.,0.,-1.));
#7667=DIRECTION('center_axis',(0.,-1.,0.));
#7668=DIRECTION('ref_axis',(0.,0.,1.));
#7669=DIRECTION('center_axis',(0.,0.,-1.));
#7670=DIRECTION('ref_axis',(-1.,0.,0.));
#7671=DIRECTION('center_axis',(0.,-1.,0.));
#7672=DIRECTION('ref_axis',(0.,0.,-1.));
#7673=DIRECTION('center_axis',(0.,1.,0.));
#7674=DIRECTION('ref_axis',(0.,0.,1.));
#7675=DIRECTION('',(0.,-1.,0.));
#7676=DIRECTION('center_axis',(0.,1.,0.));
#7677=DIRECTION('ref_axis',(0.,0.,1.));
#7678=DIRECTION('',(0.,-1.,0.));
#7679=DIRECTION('center_axis',(1.,0.,0.));
#7680=DIRECTION('ref_axis',(0.,0.,-1.));
#7681=DIRECTION('',(0.,0.,1.));
#7682=DIRECTION('',(0.,-1.,0.));
#7683=DIRECTION('',(0.,0.,1.));
#7684=DIRECTION('center_axis',(0.,0.,-1.));
#7685=DIRECTION('ref_axis',(-1.,0.,0.));
#7686=DIRECTION('center_axis',(0.,0.,-1.));
#7687=DIRECTION('ref_axis',(-1.,0.,0.));
#7688=DIRECTION('',(0.,1.,0.));
#7689=DIRECTION('',(1.,0.,0.));
#7690=DIRECTION('',(1.,0.,0.));
#7691=DIRECTION('',(0.,-1.,0.));
#7692=DIRECTION('',(1.,0.,0.));
#7693=DIRECTION('',(0.,1.,0.));
#7694=DIRECTION('center_axis',(-1.,0.,0.));
#7695=DIRECTION('ref_axis',(0.,0.,1.));
#7696=DIRECTION('',(0.,0.,-1.));
#7697=DIRECTION('',(0.,0.,-1.));
#7698=DIRECTION('center_axis',(0.,1.,0.));
#7699=DIRECTION('ref_axis',(0.,0.,1.));
#7700=DIRECTION('',(0.,0.,1.));
#7701=DIRECTION('center_axis',(0.,1.,0.));
#7702=DIRECTION('ref_axis',(0.,0.,-1.));
#7703=DIRECTION('',(0.,0.,-1.));
#7704=DIRECTION('center_axis',(0.,1.,0.));
#7705=DIRECTION('ref_axis',(0.,0.,1.));
#7706=DIRECTION('center_axis',(-1.,0.,0.));
#7707=DIRECTION('ref_axis',(0.,0.,1.));
#7708=DIRECTION('',(0.,0.,-1.));
#7709=DIRECTION('',(0.,1.,0.));
#7710=DIRECTION('center_axis',(0.,1.,0.));
#7711=DIRECTION('ref_axis',(-1.22464679914735E-16,0.,-1.));
#7712=DIRECTION('',(0.,1.,0.));
#7713=DIRECTION('center_axis',(1.,0.,0.));
#7714=DIRECTION('ref_axis',(0.,0.,-1.));
#7715=DIRECTION('',(0.,0.,1.));
#7716=DIRECTION('center_axis',(0.,0.,-1.));
#7717=DIRECTION('ref_axis',(-1.,0.,0.));
#7718=DIRECTION('center_axis',(1.,0.,0.));
#7719=DIRECTION('ref_axis',(0.,0.,-1.));
#7720=DIRECTION('center_axis',(0.,-1.,0.));
#7721=DIRECTION('ref_axis',(0.,0.,1.));
#7722=DIRECTION('center_axis',(0.,0.,-1.));
#7723=DIRECTION('ref_axis',(-1.,0.,0.));
#7724=DIRECTION('center_axis',(0.,-1.,0.));
#7725=DIRECTION('ref_axis',(0.,0.,-1.));
#7726=DIRECTION('center_axis',(0.,1.,0.));
#7727=DIRECTION('ref_axis',(0.,0.,-1.));
#7728=DIRECTION('',(0.,-1.,0.));
#7729=DIRECTION('center_axis',(0.,1.,0.));
#7730=DIRECTION('ref_axis',(0.,0.,-1.));
#7731=DIRECTION('',(0.,-1.,0.));
#7732=DIRECTION('center_axis',(-1.,0.,0.));
#7733=DIRECTION('ref_axis',(0.,0.,1.));
#7734=DIRECTION('',(0.,0.,-1.));
#7735=DIRECTION('',(0.,0.,-1.));
#7736=DIRECTION('',(0.,-1.,0.));
#7737=DIRECTION('center_axis',(1.,0.,0.));
#7738=DIRECTION('ref_axis',(0.,0.,-1.));
#7739=DIRECTION('',(0.,0.,1.));
#7740=DIRECTION('',(0.,-1.,0.));
#7741=DIRECTION('',(0.,0.,1.));
#7742=DIRECTION('center_axis',(0.,0.,-1.));
#7743=DIRECTION('ref_axis',(-1.,0.,0.));
#7744=DIRECTION('center_axis',(0.,0.,-1.));
#7745=DIRECTION('ref_axis',(-1.,0.,0.));
#7746=DIRECTION('',(0.,1.,0.));
#7747=DIRECTION('',(1.,0.,0.));
#7748=DIRECTION('',(1.,0.,0.));
#7749=DIRECTION('',(1.,0.,0.));
#7750=DIRECTION('',(0.,1.,0.));
#7751=DIRECTION('center_axis',(0.,-1.,0.));
#7752=DIRECTION('ref_axis',(0.,0.,-1.));
#7753=DIRECTION('',(0.,0.,1.));
#7754=DIRECTION('center_axis',(0.,1.,0.));
#7755=DIRECTION('ref_axis',(0.,0.,-1.));
#7756=DIRECTION('',(0.,0.,-1.));
#7757=DIRECTION('center_axis',(0.,-1.,0.));
#7758=DIRECTION('ref_axis',(0.,0.,-1.));
#7759=DIRECTION('center_axis',(-1.,0.,0.));
#7760=DIRECTION('ref_axis',(0.,0.,1.));
#7761=DIRECTION('',(0.,0.,-1.));
#7762=DIRECTION('',(0.,1.,0.));
#7763=DIRECTION('center_axis',(0.,1.,0.));
#7764=DIRECTION('ref_axis',(-1.22464679914735E-16,0.,-1.));
#7765=DIRECTION('',(0.,1.,0.));
#7766=DIRECTION('center_axis',(1.,0.,0.));
#7767=DIRECTION('ref_axis',(0.,0.,-1.));
#7768=DIRECTION('',(0.,0.,1.));
#7769=DIRECTION('center_axis',(0.,0.,-1.));
#7770=DIRECTION('ref_axis',(-1.,0.,0.));
#7771=DIRECTION('center_axis',(1.,0.,0.));
#7772=DIRECTION('ref_axis',(0.,0.,-1.));
#7773=DIRECTION('center_axis',(0.,-1.,0.));
#7774=DIRECTION('ref_axis',(0.,0.,1.));
#7775=DIRECTION('center_axis',(0.,0.,-1.));
#7776=DIRECTION('ref_axis',(-1.,0.,0.));
#7777=DIRECTION('center_axis',(0.,-1.,0.));
#7778=DIRECTION('ref_axis',(0.,0.,-1.));
#7779=DIRECTION('center_axis',(0.,1.,0.));
#7780=DIRECTION('ref_axis',(0.,0.,1.));
#7781=DIRECTION('',(0.,-1.,0.));
#7782=DIRECTION('center_axis',(0.,1.,0.));
#7783=DIRECTION('ref_axis',(0.,0.,1.));
#7784=DIRECTION('',(0.,-1.,0.));
#7785=DIRECTION('center_axis',(1.,0.,0.));
#7786=DIRECTION('ref_axis',(0.,0.,-1.));
#7787=DIRECTION('',(0.,0.,1.));
#7788=DIRECTION('',(0.,-1.,0.));
#7789=DIRECTION('',(0.,0.,1.));
#7790=DIRECTION('center_axis',(0.,0.,-1.));
#7791=DIRECTION('ref_axis',(-1.,0.,0.));
#7792=DIRECTION('center_axis',(0.,0.,-1.));
#7793=DIRECTION('ref_axis',(-1.,0.,0.));
#7794=DIRECTION('',(0.,1.,0.));
#7795=DIRECTION('',(1.,0.,0.));
#7796=DIRECTION('',(1.,0.,0.));
#7797=DIRECTION('',(0.,-1.,0.));
#7798=DIRECTION('',(1.,0.,0.));
#7799=DIRECTION('',(0.,1.,0.));
#7800=DIRECTION('center_axis',(-1.,0.,0.));
#7801=DIRECTION('ref_axis',(0.,0.,1.));
#7802=DIRECTION('',(0.,0.,-1.));
#7803=DIRECTION('',(0.,0.,-1.));
#7804=DIRECTION('center_axis',(0.,1.,0.));
#7805=DIRECTION('ref_axis',(0.,0.,1.));
#7806=DIRECTION('',(0.,0.,1.));
#7807=DIRECTION('center_axis',(0.,1.,0.));
#7808=DIRECTION('ref_axis',(0.,0.,-1.));
#7809=DIRECTION('',(0.,0.,-1.));
#7810=DIRECTION('center_axis',(0.,1.,0.));
#7811=DIRECTION('ref_axis',(0.,0.,1.));
#7812=DIRECTION('center_axis',(-1.,0.,0.));
#7813=DIRECTION('ref_axis',(0.,0.,1.));
#7814=DIRECTION('',(0.,0.,-1.));
#7815=DIRECTION('',(0.,1.,0.));
#7816=DIRECTION('center_axis',(0.,1.,0.));
#7817=DIRECTION('ref_axis',(-1.22464679914735E-16,0.,-1.));
#7818=DIRECTION('',(0.,1.,0.));
#7819=DIRECTION('center_axis',(1.,0.,0.));
#7820=DIRECTION('ref_axis',(0.,0.,-1.));
#7821=DIRECTION('',(0.,0.,1.));
#7822=DIRECTION('center_axis',(0.,0.,-1.));
#7823=DIRECTION('ref_axis',(-1.,0.,0.));
#7824=DIRECTION('center_axis',(1.,0.,0.));
#7825=DIRECTION('ref_axis',(0.,0.,1.));
#7826=DIRECTION('center_axis',(0.,0.,-1.));
#7827=DIRECTION('ref_axis',(-1.,0.,0.));
#7828=DIRECTION('center_axis',(0.,-1.,0.));
#7829=DIRECTION('ref_axis',(0.,0.,1.));
#7830=DIRECTION('center_axis',(0.,1.,0.));
#7831=DIRECTION('ref_axis',(0.,0.,1.));
#7832=DIRECTION('',(0.,1.,0.));
#7833=DIRECTION('center_axis',(0.,1.,0.));
#7834=DIRECTION('ref_axis',(0.,0.,1.));
#7835=DIRECTION('',(0.,1.,0.));
#7836=DIRECTION('center_axis',(0.,-1.,0.));
#7837=DIRECTION('ref_axis',(1.22464679914735E-16,0.,1.));
#7838=DIRECTION('center_axis',(0.,1.,0.));
#7839=DIRECTION('ref_axis',(0.,0.,-1.));
#7840=DIRECTION('',(0.,-1.,0.));
#7841=DIRECTION('center_axis',(0.,1.,0.));
#7842=DIRECTION('ref_axis',(0.,0.,-1.));
#7843=DIRECTION('',(0.,-1.,0.));
#7844=DIRECTION('center_axis',(-1.,0.,0.));
#7845=DIRECTION('ref_axis',(0.,0.,1.));
#7846=DIRECTION('',(0.,0.,-1.));
#7847=DIRECTION('',(0.,-1.,0.));
#7848=DIRECTION('',(0.,0.,-1.));
#7849=DIRECTION('center_axis',(0.,0.,1.));
#7850=DIRECTION('ref_axis',(1.,0.,0.));
#7851=DIRECTION('',(-1.,0.,0.));
#7852=DIRECTION('',(0.,1.,0.));
#7853=DIRECTION('center_axis',(0.,0.,1.));
#7854=DIRECTION('ref_axis',(1.,0.,0.));
#7855=DIRECTION('',(0.,1.,0.));
#7856=DIRECTION('',(-1.,0.,0.));
#7857=DIRECTION('',(-1.,0.,0.));
#7858=DIRECTION('',(0.,-1.,0.));
#7859=DIRECTION('center_axis',(1.,0.,0.));
#7860=DIRECTION('ref_axis',(0.,0.,-1.));
#7861=DIRECTION('',(0.,0.,1.));
#7862=DIRECTION('',(0.,0.,1.));
#7863=DIRECTION('center_axis',(0.,-1.,0.));
#7864=DIRECTION('ref_axis',(0.,0.,-1.));
#7865=DIRECTION('',(0.,0.,1.));
#7866=DIRECTION('',(0.,0.,-1.));
#7867=DIRECTION('center_axis',(0.,-1.,0.));
#7868=DIRECTION('ref_axis',(0.,0.,-1.));
#7869=DIRECTION('center_axis',(-1.,0.,0.));
#7870=DIRECTION('ref_axis',(0.,0.,1.));
#7871=DIRECTION('',(0.,0.,-1.));
#7872=DIRECTION('center_axis',(1.,0.,0.));
#7873=DIRECTION('ref_axis',(0.,0.,-1.));
#7874=DIRECTION('',(0.,0.,1.));
#7875=DIRECTION('center_axis',(0.,0.,-1.));
#7876=DIRECTION('ref_axis',(-1.,0.,0.));
#7877=DIRECTION('center_axis',(1.,0.,0.));
#7878=DIRECTION('ref_axis',(0.,0.,1.));
#7879=DIRECTION('center_axis',(0.,0.,-1.));
#7880=DIRECTION('ref_axis',(-1.,0.,0.));
#7881=DIRECTION('center_axis',(0.,-1.,0.));
#7882=DIRECTION('ref_axis',(0.,0.,1.));
#7883=DIRECTION('center_axis',(0.,1.,0.));
#7884=DIRECTION('ref_axis',(0.,0.,1.));
#7885=DIRECTION('',(0.,1.,0.));
#7886=DIRECTION('center_axis',(0.,1.,0.));
#7887=DIRECTION('ref_axis',(0.,0.,1.));
#7888=DIRECTION('',(0.,1.,0.));
#7889=DIRECTION('center_axis',(0.,-1.,0.));
#7890=DIRECTION('ref_axis',(1.22464679914735E-16,0.,1.));
#7891=DIRECTION('center_axis',(0.,1.,0.));
#7892=DIRECTION('ref_axis',(0.,0.,-1.));
#7893=DIRECTION('',(0.,-1.,0.));
#7894=DIRECTION('center_axis',(0.,1.,0.));
#7895=DIRECTION('ref_axis',(0.,0.,-1.));
#7896=DIRECTION('',(0.,-1.,0.));
#7897=DIRECTION('center_axis',(-1.,0.,0.));
#7898=DIRECTION('ref_axis',(0.,0.,1.));
#7899=DIRECTION('',(0.,0.,-1.));
#7900=DIRECTION('',(0.,-1.,0.));
#7901=DIRECTION('',(0.,0.,-1.));
#7902=DIRECTION('center_axis',(0.,0.,1.));
#7903=DIRECTION('ref_axis',(1.,0.,0.));
#7904=DIRECTION('',(-1.,0.,0.));
#7905=DIRECTION('',(0.,1.,0.));
#7906=DIRECTION('center_axis',(0.,0.,1.));
#7907=DIRECTION('ref_axis',(1.,0.,0.));
#7908=DIRECTION('',(0.,1.,0.));
#7909=DIRECTION('',(-1.,0.,0.));
#7910=DIRECTION('',(-1.,0.,0.));
#7911=DIRECTION('',(0.,-1.,0.));
#7912=DIRECTION('center_axis',(1.,0.,0.));
#7913=DIRECTION('ref_axis',(0.,0.,-1.));
#7914=DIRECTION('',(0.,0.,1.));
#7915=DIRECTION('',(0.,0.,1.));
#7916=DIRECTION('center_axis',(0.,-1.,0.));
#7917=DIRECTION('ref_axis',(0.,0.,-1.));
#7918=DIRECTION('',(0.,0.,1.));
#7919=DIRECTION('',(0.,0.,-1.));
#7920=DIRECTION('center_axis',(0.,-1.,0.));
#7921=DIRECTION('ref_axis',(0.,0.,-1.));
#7922=DIRECTION('center_axis',(-1.,0.,0.));
#7923=DIRECTION('ref_axis',(0.,0.,1.));
#7924=DIRECTION('',(0.,0.,-1.));
#7925=DIRECTION('center_axis',(1.,0.,0.));
#7926=DIRECTION('ref_axis',(0.,0.,-1.));
#7927=DIRECTION('',(0.,0.,1.));
#7928=DIRECTION('center_axis',(0.,0.,-1.));
#7929=DIRECTION('ref_axis',(-1.,0.,0.));
#7930=DIRECTION('center_axis',(1.,0.,0.));
#7931=DIRECTION('ref_axis',(0.,0.,1.));
#7932=DIRECTION('center_axis',(0.,0.,-1.));
#7933=DIRECTION('ref_axis',(-1.,0.,0.));
#7934=DIRECTION('center_axis',(0.,-1.,0.));
#7935=DIRECTION('ref_axis',(0.,0.,1.));
#7936=DIRECTION('center_axis',(0.,1.,0.));
#7937=DIRECTION('ref_axis',(0.,0.,1.));
#7938=DIRECTION('',(0.,1.,0.));
#7939=DIRECTION('center_axis',(0.,1.,0.));
#7940=DIRECTION('ref_axis',(0.,0.,1.));
#7941=DIRECTION('',(0.,1.,0.));
#7942=DIRECTION('center_axis',(0.,-1.,0.));
#7943=DIRECTION('ref_axis',(1.22464679914735E-16,0.,1.));
#7944=DIRECTION('center_axis',(0.,1.,0.));
#7945=DIRECTION('ref_axis',(0.,0.,-1.));
#7946=DIRECTION('',(0.,-1.,0.));
#7947=DIRECTION('center_axis',(0.,1.,0.));
#7948=DIRECTION('ref_axis',(0.,0.,-1.));
#7949=DIRECTION('',(0.,-1.,0.));
#7950=DIRECTION('center_axis',(-1.,0.,0.));
#7951=DIRECTION('ref_axis',(0.,0.,1.));
#7952=DIRECTION('',(0.,0.,-1.));
#7953=DIRECTION('',(0.,-1.,0.));
#7954=DIRECTION('',(0.,0.,-1.));
#7955=DIRECTION('center_axis',(0.,0.,1.));
#7956=DIRECTION('ref_axis',(1.,0.,0.));
#7957=DIRECTION('',(-1.,0.,0.));
#7958=DIRECTION('',(0.,1.,0.));
#7959=DIRECTION('center_axis',(0.,0.,1.));
#7960=DIRECTION('ref_axis',(1.,0.,0.));
#7961=DIRECTION('',(0.,1.,0.));
#7962=DIRECTION('',(-1.,0.,0.));
#7963=DIRECTION('',(-1.,0.,0.));
#7964=DIRECTION('',(0.,-1.,0.));
#7965=DIRECTION('center_axis',(1.,0.,0.));
#7966=DIRECTION('ref_axis',(0.,0.,-1.));
#7967=DIRECTION('',(0.,0.,1.));
#7968=DIRECTION('',(0.,0.,1.));
#7969=DIRECTION('center_axis',(0.,-1.,0.));
#7970=DIRECTION('ref_axis',(0.,0.,-1.));
#7971=DIRECTION('',(0.,0.,1.));
#7972=DIRECTION('',(0.,0.,-1.));
#7973=DIRECTION('center_axis',(0.,-1.,0.));
#7974=DIRECTION('ref_axis',(0.,0.,-1.));
#7975=DIRECTION('center_axis',(-1.,0.,0.));
#7976=DIRECTION('ref_axis',(0.,0.,1.));
#7977=DIRECTION('',(0.,0.,-1.));
#7978=DIRECTION('center_axis',(1.,0.,0.));
#7979=DIRECTION('ref_axis',(0.,0.,-1.));
#7980=DIRECTION('',(0.,0.,1.));
#7981=DIRECTION('center_axis',(0.,0.,-1.));
#7982=DIRECTION('ref_axis',(-1.,0.,0.));
#7983=DIRECTION('center_axis',(1.,0.,0.));
#7984=DIRECTION('ref_axis',(0.,0.,1.));
#7985=DIRECTION('center_axis',(0.,0.,-1.));
#7986=DIRECTION('ref_axis',(-1.,0.,0.));
#7987=DIRECTION('center_axis',(0.,-1.,0.));
#7988=DIRECTION('ref_axis',(0.,0.,1.));
#7989=DIRECTION('center_axis',(0.,1.,0.));
#7990=DIRECTION('ref_axis',(0.,0.,1.));
#7991=DIRECTION('',(0.,1.,0.));
#7992=DIRECTION('center_axis',(0.,1.,0.));
#7993=DIRECTION('ref_axis',(0.,0.,1.));
#7994=DIRECTION('',(0.,1.,0.));
#7995=DIRECTION('center_axis',(0.,-1.,0.));
#7996=DIRECTION('ref_axis',(1.22464679914735E-16,0.,1.));
#7997=DIRECTION('center_axis',(0.,1.,0.));
#7998=DIRECTION('ref_axis',(0.,0.,1.));
#7999=DIRECTION('',(0.,-1.,0.));
#8000=DIRECTION('center_axis',(0.,1.,0.));
#8001=DIRECTION('ref_axis',(0.,0.,1.));
#8002=DIRECTION('',(0.,-1.,0.));
#8003=DIRECTION('center_axis',(-1.,0.,0.));
#8004=DIRECTION('ref_axis',(0.,0.,1.));
#8005=DIRECTION('',(0.,0.,-1.));
#8006=DIRECTION('',(0.,-1.,0.));
#8007=DIRECTION('',(0.,0.,-1.));
#8008=DIRECTION('center_axis',(0.,0.,1.));
#8009=DIRECTION('ref_axis',(1.,0.,0.));
#8010=DIRECTION('',(-1.,0.,0.));
#8011=DIRECTION('',(0.,1.,0.));
#8012=DIRECTION('center_axis',(0.,0.,1.));
#8013=DIRECTION('ref_axis',(1.,0.,0.));
#8014=DIRECTION('',(0.,1.,0.));
#8015=DIRECTION('',(-1.,0.,0.));
#8016=DIRECTION('',(-1.,0.,0.));
#8017=DIRECTION('',(0.,-1.,0.));
#8018=DIRECTION('center_axis',(1.,0.,0.));
#8019=DIRECTION('ref_axis',(0.,0.,-1.));
#8020=DIRECTION('',(0.,0.,1.));
#8021=DIRECTION('',(0.,0.,1.));
#8022=DIRECTION('center_axis',(0.,1.,0.));
#8023=DIRECTION('ref_axis',(0.,0.,1.));
#8024=DIRECTION('',(0.,0.,1.));
#8025=DIRECTION('',(0.,0.,-1.));
#8026=DIRECTION('center_axis',(0.,1.,0.));
#8027=DIRECTION('ref_axis',(0.,0.,1.));
#8028=DIRECTION('center_axis',(-1.,0.,0.));
#8029=DIRECTION('ref_axis',(0.,0.,1.));
#8030=DIRECTION('',(0.,0.,-1.));
#8031=DIRECTION('center_axis',(1.,0.,0.));
#8032=DIRECTION('ref_axis',(0.,0.,-1.));
#8033=DIRECTION('',(0.,0.,1.));
#8034=DIRECTION('center_axis',(0.,0.,-1.));
#8035=DIRECTION('ref_axis',(-1.,0.,0.));
#8036=DIRECTION('center_axis',(1.,0.,0.));
#8037=DIRECTION('ref_axis',(0.,0.,1.));
#8038=DIRECTION('center_axis',(0.,0.,-1.));
#8039=DIRECTION('ref_axis',(-1.,0.,0.));
#8040=DIRECTION('center_axis',(0.,-1.,0.));
#8041=DIRECTION('ref_axis',(0.,0.,1.));
#8042=DIRECTION('center_axis',(0.,1.,0.));
#8043=DIRECTION('ref_axis',(0.,0.,1.));
#8044=DIRECTION('',(0.,1.,0.));
#8045=DIRECTION('center_axis',(0.,1.,0.));
#8046=DIRECTION('ref_axis',(0.,0.,1.));
#8047=DIRECTION('',(0.,1.,0.));
#8048=DIRECTION('center_axis',(0.,-1.,0.));
#8049=DIRECTION('ref_axis',(1.22464679914735E-16,0.,1.));
#8050=DIRECTION('center_axis',(0.,1.,0.));
#8051=DIRECTION('ref_axis',(0.,0.,1.));
#8052=DIRECTION('',(0.,-1.,0.));
#8053=DIRECTION('center_axis',(0.,1.,0.));
#8054=DIRECTION('ref_axis',(0.,0.,1.));
#8055=DIRECTION('',(0.,-1.,0.));
#8056=DIRECTION('center_axis',(-1.,0.,0.));
#8057=DIRECTION('ref_axis',(0.,0.,1.));
#8058=DIRECTION('',(0.,0.,-1.));
#8059=DIRECTION('',(0.,-1.,0.));
#8060=DIRECTION('',(0.,0.,-1.));
#8061=DIRECTION('center_axis',(0.,0.,1.));
#8062=DIRECTION('ref_axis',(1.,0.,0.));
#8063=DIRECTION('',(-1.,0.,0.));
#8064=DIRECTION('',(0.,1.,0.));
#8065=DIRECTION('center_axis',(0.,0.,1.));
#8066=DIRECTION('ref_axis',(1.,0.,0.));
#8067=DIRECTION('',(0.,1.,0.));
#8068=DIRECTION('',(-1.,0.,0.));
#8069=DIRECTION('',(-1.,0.,0.));
#8070=DIRECTION('',(0.,-1.,0.));
#8071=DIRECTION('center_axis',(1.,0.,0.));
#8072=DIRECTION('ref_axis',(0.,0.,-1.));
#8073=DIRECTION('',(0.,0.,1.));
#8074=DIRECTION('',(0.,0.,1.));
#8075=DIRECTION('center_axis',(0.,1.,0.));
#8076=DIRECTION('ref_axis',(0.,0.,1.));
#8077=DIRECTION('',(0.,0.,1.));
#8078=DIRECTION('',(0.,0.,-1.));
#8079=DIRECTION('center_axis',(0.,1.,0.));
#8080=DIRECTION('ref_axis',(0.,0.,1.));
#8081=DIRECTION('center_axis',(-1.,0.,0.));
#8082=DIRECTION('ref_axis',(0.,0.,1.));
#8083=DIRECTION('',(0.,0.,-1.));
#8084=DIRECTION('center_axis',(1.,0.,0.));
#8085=DIRECTION('ref_axis',(0.,0.,-1.));
#8086=DIRECTION('',(0.,0.,1.));
#8087=DIRECTION('center_axis',(0.,0.,-1.));
#8088=DIRECTION('ref_axis',(-1.,0.,0.));
#8089=DIRECTION('center_axis',(1.,0.,0.));
#8090=DIRECTION('ref_axis',(0.,0.,1.));
#8091=DIRECTION('center_axis',(0.,0.,-1.));
#8092=DIRECTION('ref_axis',(-1.,0.,0.));
#8093=DIRECTION('center_axis',(0.,-1.,0.));
#8094=DIRECTION('ref_axis',(0.,0.,1.));
#8095=DIRECTION('center_axis',(0.,1.,0.));
#8096=DIRECTION('ref_axis',(0.,0.,1.));
#8097=DIRECTION('',(0.,1.,0.));
#8098=DIRECTION('center_axis',(0.,1.,0.));
#8099=DIRECTION('ref_axis',(0.,0.,1.));
#8100=DIRECTION('',(0.,1.,0.));
#8101=DIRECTION('center_axis',(0.,-1.,0.));
#8102=DIRECTION('ref_axis',(1.22464679914735E-16,0.,1.));
#8103=DIRECTION('center_axis',(0.,1.,0.));
#8104=DIRECTION('ref_axis',(0.,0.,1.));
#8105=DIRECTION('',(0.,-1.,0.));
#8106=DIRECTION('center_axis',(0.,1.,0.));
#8107=DIRECTION('ref_axis',(0.,0.,1.));
#8108=DIRECTION('',(0.,-1.,0.));
#8109=DIRECTION('center_axis',(-1.,0.,0.));
#8110=DIRECTION('ref_axis',(0.,0.,1.));
#8111=DIRECTION('',(0.,0.,-1.));
#8112=DIRECTION('',(0.,-1.,0.));
#8113=DIRECTION('',(0.,0.,-1.));
#8114=DIRECTION('center_axis',(0.,0.,1.));
#8115=DIRECTION('ref_axis',(1.,0.,0.));
#8116=DIRECTION('',(-1.,0.,0.));
#8117=DIRECTION('',(0.,1.,0.));
#8118=DIRECTION('center_axis',(0.,0.,1.));
#8119=DIRECTION('ref_axis',(1.,0.,0.));
#8120=DIRECTION('',(0.,1.,0.));
#8121=DIRECTION('',(-1.,0.,0.));
#8122=DIRECTION('',(-1.,0.,0.));
#8123=DIRECTION('',(0.,-1.,0.));
#8124=DIRECTION('center_axis',(1.,0.,0.));
#8125=DIRECTION('ref_axis',(0.,0.,-1.));
#8126=DIRECTION('',(0.,0.,1.));
#8127=DIRECTION('',(0.,0.,1.));
#8128=DIRECTION('center_axis',(0.,1.,0.));
#8129=DIRECTION('ref_axis',(0.,0.,1.));
#8130=DIRECTION('',(0.,0.,1.));
#8131=DIRECTION('',(0.,0.,-1.));
#8132=DIRECTION('center_axis',(0.,1.,0.));
#8133=DIRECTION('ref_axis',(0.,0.,1.));
#8134=DIRECTION('center_axis',(-1.,0.,0.));
#8135=DIRECTION('ref_axis',(0.,0.,1.));
#8136=DIRECTION('',(0.,0.,-1.));
#8137=DIRECTION('center_axis',(1.,0.,0.));
#8138=DIRECTION('ref_axis',(0.,0.,-1.));
#8139=DIRECTION('',(0.,0.,1.));
#8140=DIRECTION('center_axis',(0.,0.,-1.));
#8141=DIRECTION('ref_axis',(-1.,0.,0.));
#8142=DIRECTION('center_axis',(1.,0.,0.));
#8143=DIRECTION('ref_axis',(0.,0.,-1.));
#8144=DIRECTION('center_axis',(1.,0.,0.));
#8145=DIRECTION('ref_axis',(0.,0.,-1.));
#8146=DIRECTION('',(0.,1.,0.));
#8147=DIRECTION('',(0.,0.,1.));
#8148=DIRECTION('',(0.,-1.,0.));
#8149=DIRECTION('',(0.,0.,1.));
#8150=DIRECTION('',(0.,-1.,0.));
#8151=DIRECTION('',(0.,0.,1.));
#8152=DIRECTION('',(0.,1.,0.));
#8153=DIRECTION('center_axis',(0.,0.,-1.));
#8154=DIRECTION('ref_axis',(-1.,0.,0.));
#8155=DIRECTION('',(1.,0.,0.));
#8156=DIRECTION('',(0.,-1.,0.));
#8157=DIRECTION('',(1.,0.,0.));
#8158=DIRECTION('center_axis',(0.,-1.,0.));
#8159=DIRECTION('ref_axis',(0.,0.,-1.));
#8160=DIRECTION('center_axis',(0.,1.,0.));
#8161=DIRECTION('ref_axis',(0.,0.,-1.));
#8162=DIRECTION('',(0.,-1.,0.));
#8163=DIRECTION('center_axis',(0.,1.,0.));
#8164=DIRECTION('ref_axis',(0.,0.,-1.));
#8165=DIRECTION('center_axis',(0.,0.,1.));
#8166=DIRECTION('ref_axis',(1.,0.,0.));
#8167=DIRECTION('',(-1.,0.,0.));
#8168=DIRECTION('',(-1.,0.,0.));
#8169=DIRECTION('center_axis',(0.,-1.,0.));
#8170=DIRECTION('ref_axis',(0.,0.,-1.));
#8171=DIRECTION('',(-1.,0.,0.));
#8172=DIRECTION('center_axis',(0.,1.,0.));
#8173=DIRECTION('ref_axis',(0.,0.,-1.));
#8174=DIRECTION('',(1.,0.,-9.42784497813464E-15));
#8175=DIRECTION('center_axis',(0.,-1.,0.));
#8176=DIRECTION('ref_axis',(0.,0.,-1.));
#8177=DIRECTION('center_axis',(0.,0.,-1.));
#8178=DIRECTION('ref_axis',(-1.,0.,0.));
#8179=DIRECTION('',(1.,0.,0.));
#8180=DIRECTION('',(0.,1.,0.));
#8181=DIRECTION('center_axis',(0.,1.,0.));
#8182=DIRECTION('ref_axis',(0.,0.,1.));
#8183=DIRECTION('center_axis',(0.,-1.,0.));
#8184=DIRECTION('ref_axis',(0.,0.,1.));
#8185=DIRECTION('',(0.,1.,0.));
#8186=DIRECTION('center_axis',(9.42784497813464E-15,0.,1.));
#8187=DIRECTION('ref_axis',(1.,0.,-9.42784497813464E-15));
#8188=DIRECTION('',(-1.,0.,9.42784497813464E-15));
#8189=DIRECTION('center_axis',(1.,0.,0.));
#8190=DIRECTION('ref_axis',(0.,0.,-1.));
#8191=DIRECTION('center_axis',(-1.,0.,0.));
#8192=DIRECTION('ref_axis',(0.,0.,1.));
#8193=DIRECTION('center_axis',(0.,0.,1.));
#8194=DIRECTION('ref_axis',(1.,0.,0.));
#8195=DIRECTION('center_axis',(0.,-1.,0.));
#8196=DIRECTION('ref_axis',(0.,0.,-1.));
#8197=DIRECTION('center_axis',(0.,1.,0.));
#8198=DIRECTION('ref_axis',(0.,0.,1.));
#8199=DIRECTION('',(0.,-1.,0.));
#8200=DIRECTION('center_axis',(0.,1.,0.));
#8201=DIRECTION('ref_axis',(0.,0.,1.));
#8202=DIRECTION('',(0.,-1.,0.));
#8203=DIRECTION('center_axis',(0.,0.,1.));
#8204=DIRECTION('ref_axis',(1.,0.,0.));
#8205=DIRECTION('',(-1.,0.,0.));
#8206=DIRECTION('',(0.,-1.,0.));
#8207=DIRECTION('',(-1.,0.,0.));
#8208=DIRECTION('center_axis',(1.,0.,0.));
#8209=DIRECTION('ref_axis',(0.,0.,-1.));
#8210=DIRECTION('center_axis',(1.,0.,0.));
#8211=DIRECTION('ref_axis',(0.,0.,-1.));
#8212=DIRECTION('',(0.,1.,0.));
#8213=DIRECTION('',(0.,0.,1.));
#8214=DIRECTION('',(0.,0.,1.));
#8215=DIRECTION('',(0.,-1.,0.));
#8216=DIRECTION('',(0.,0.,1.));
#8217=DIRECTION('',(0.,1.,0.));
#8218=DIRECTION('center_axis',(0.,0.,-1.));
#8219=DIRECTION('ref_axis',(-1.,0.,0.));
#8220=DIRECTION('',(1.,0.,0.));
#8221=DIRECTION('',(1.,0.,0.));
#8222=DIRECTION('center_axis',(0.,1.,0.));
#8223=DIRECTION('ref_axis',(0.,0.,1.));
#8224=DIRECTION('',(-1.,0.,0.));
#8225=DIRECTION('center_axis',(0.,1.,0.));
#8226=DIRECTION('ref_axis',(0.,0.,-1.));
#8227=DIRECTION('',(1.,0.,-9.42784497813464E-15));
#8228=DIRECTION('center_axis',(0.,1.,0.));
#8229=DIRECTION('ref_axis',(0.,0.,1.));
#8230=DIRECTION('center_axis',(0.,0.,-1.));
#8231=DIRECTION('ref_axis',(-1.,0.,0.));
#8232=DIRECTION('',(1.,0.,0.));
#8233=DIRECTION('',(0.,1.,0.));
#8234=DIRECTION('center_axis',(0.,1.,0.));
#8235=DIRECTION('ref_axis',(0.,0.,1.));
#8236=DIRECTION('center_axis',(0.,-1.,0.));
#8237=DIRECTION('ref_axis',(0.,0.,1.));
#8238=DIRECTION('',(0.,1.,0.));
#8239=DIRECTION('center_axis',(9.42784497813464E-15,0.,1.));
#8240=DIRECTION('ref_axis',(1.,0.,-9.42784497813464E-15));
#8241=DIRECTION('',(-1.,0.,9.42784497813464E-15));
#8242=DIRECTION('center_axis',(1.,0.,0.));
#8243=DIRECTION('ref_axis',(0.,0.,-1.));
#8244=DIRECTION('center_axis',(-1.,0.,0.));
#8245=DIRECTION('ref_axis',(0.,0.,1.));
#8246=DIRECTION('center_axis',(0.,0.,1.));
#8247=DIRECTION('ref_axis',(1.,0.,0.));
#8248=DIRECTION('center_axis',(0.,-1.,0.));
#8249=DIRECTION('ref_axis',(0.,0.,-1.));
#8250=DIRECTION('center_axis',(0.,1.,0.));
#8251=DIRECTION('ref_axis',(0.,0.,-1.));
#8252=DIRECTION('',(0.,-1.,0.));
#8253=DIRECTION('center_axis',(0.,1.,0.));
#8254=DIRECTION('ref_axis',(0.,0.,-1.));
#8255=DIRECTION('',(0.,-1.,0.));
#8256=DIRECTION('center_axis',(0.,0.,-1.));
#8257=DIRECTION('ref_axis',(-1.,0.,0.));
#8258=DIRECTION('',(1.,0.,0.));
#8259=DIRECTION('',(0.,-1.,0.));
#8260=DIRECTION('',(1.,0.,0.));
#8261=DIRECTION('center_axis',(-1.,0.,0.));
#8262=DIRECTION('ref_axis',(0.,0.,1.));
#8263=DIRECTION('',(0.,0.,-1.));
#8264=DIRECTION('',(0.,1.,0.));
#8265=DIRECTION('center_axis',(-1.,0.,0.));
#8266=DIRECTION('ref_axis',(0.,0.,1.));
#8267=DIRECTION('',(0.,1.,0.));
#8268=DIRECTION('',(0.,0.,-1.));
#8269=DIRECTION('',(0.,0.,-1.));
#8270=DIRECTION('',(0.,-1.,0.));
#8271=DIRECTION('center_axis',(0.,0.,1.));
#8272=DIRECTION('ref_axis',(1.,0.,0.));
#8273=DIRECTION('',(-1.,0.,0.));
#8274=DIRECTION('',(-1.,0.,0.));
#8275=DIRECTION('center_axis',(0.,-1.,0.));
#8276=DIRECTION('ref_axis',(0.,0.,-1.));
#8277=DIRECTION('center_axis',(0.,1.,0.));
#8278=DIRECTION('ref_axis',(0.,0.,1.));
#8279=DIRECTION('',(-1.,0.,0.));
#8280=DIRECTION('',(1.,0.,9.42784497813464E-15));
#8281=DIRECTION('center_axis',(0.,-1.,0.));
#8282=DIRECTION('ref_axis',(0.,0.,-1.));
#8283=DIRECTION('center_axis',(0.,1.,0.));
#8284=DIRECTION('ref_axis',(0.,0.,1.));
#8285=DIRECTION('',(0.,1.,0.));
#8286=DIRECTION('center_axis',(0.,-1.,0.));
#8287=DIRECTION('ref_axis',(0.,0.,1.));
#8288=DIRECTION('',(0.,1.,0.));
#8289=DIRECTION('center_axis',(0.,0.,-1.));
#8290=DIRECTION('ref_axis',(-1.,0.,0.));
#8291=DIRECTION('',(1.,0.,0.));
#8292=DIRECTION('center_axis',(-9.42784497813464E-15,0.,1.));
#8293=DIRECTION('ref_axis',(1.,0.,9.42784497813464E-15));
#8294=DIRECTION('',(-1.,0.,-9.42784497813464E-15));
#8295=DIRECTION('center_axis',(1.,0.,9.42784497813464E-15));
#8296=DIRECTION('ref_axis',(9.42784497813464E-15,0.,-1.));
#8297=DIRECTION('center_axis',(1.,0.,9.63735264431559E-15));
#8298=DIRECTION('ref_axis',(9.63735264431559E-15,0.,-1.));
#8299=DIRECTION('center_axis',(0.,0.,1.));
#8300=DIRECTION('ref_axis',(1.,0.,0.));
#8301=DIRECTION('center_axis',(0.,-1.,0.));
#8302=DIRECTION('ref_axis',(0.,0.,-1.));
#8303=DIRECTION('center_axis',(0.,1.,0.));
#8304=DIRECTION('ref_axis',(0.,0.,1.));
#8305=DIRECTION('',(0.,-1.,0.));
#8306=DIRECTION('center_axis',(0.,1.,0.));
#8307=DIRECTION('ref_axis',(0.,0.,1.));
#8308=DIRECTION('',(0.,-1.,0.));
#8309=DIRECTION('center_axis',(0.,0.,-1.));
#8310=DIRECTION('ref_axis',(-1.,0.,0.));
#8311=DIRECTION('',(1.,0.,0.));
#8312=DIRECTION('',(0.,-1.,0.));
#8313=DIRECTION('',(1.,0.,0.));
#8314=DIRECTION('center_axis',(-1.,0.,0.));
#8315=DIRECTION('ref_axis',(0.,0.,1.));
#8316=DIRECTION('',(0.,0.,-1.));
#8317=DIRECTION('',(0.,1.,0.));
#8318=DIRECTION('center_axis',(-1.,0.,0.));
#8319=DIRECTION('ref_axis',(0.,0.,1.));
#8320=DIRECTION('',(0.,1.,0.));
#8321=DIRECTION('',(0.,0.,-1.));
#8322=DIRECTION('',(0.,0.,-1.));
#8323=DIRECTION('',(0.,-1.,0.));
#8324=DIRECTION('center_axis',(0.,0.,1.));
#8325=DIRECTION('ref_axis',(1.,0.,0.));
#8326=DIRECTION('',(-1.,0.,0.));
#8327=DIRECTION('',(-1.,0.,0.));
#8328=DIRECTION('center_axis',(0.,1.,0.));
#8329=DIRECTION('ref_axis',(0.,0.,1.));
#8330=DIRECTION('',(-1.,0.,0.));
#8331=DIRECTION('',(1.,0.,9.42784497813464E-15));
#8332=DIRECTION('center_axis',(0.,1.,0.));
#8333=DIRECTION('ref_axis',(0.,0.,1.));
#8334=DIRECTION('center_axis',(0.,1.,0.));
#8335=DIRECTION('ref_axis',(0.,0.,1.));
#8336=DIRECTION('center_axis',(0.,1.,0.));
#8337=DIRECTION('ref_axis',(0.,0.,1.));
#8338=DIRECTION('',(0.,1.,0.));
#8339=DIRECTION('center_axis',(0.,-1.,0.));
#8340=DIRECTION('ref_axis',(0.,0.,1.));
#8341=DIRECTION('',(0.,1.,0.));
#8342=DIRECTION('center_axis',(0.,0.,-1.));
#8343=DIRECTION('ref_axis',(-1.,0.,0.));
#8344=DIRECTION('',(1.,0.,0.));
#8345=DIRECTION('center_axis',(-9.42784497813464E-15,0.,1.));
#8346=DIRECTION('ref_axis',(1.,0.,9.42784497813464E-15));
#8347=DIRECTION('',(-1.,0.,-9.42784497813464E-15));
#8348=DIRECTION('center_axis',(1.,0.,9.42784497813464E-15));
#8349=DIRECTION('ref_axis',(9.42784497813464E-15,0.,-1.));
#8350=DIRECTION('center_axis',(1.,0.,9.63735264431559E-15));
#8351=DIRECTION('ref_axis',(9.63735264431559E-15,0.,-1.));
#8352=DIRECTION('center_axis',(0.,0.,1.));
#8353=DIRECTION('ref_axis',(1.,0.,0.));
#8354=DIRECTION('',(-4.81482486096814E-33,0.,1.));
#8355=DIRECTION('',(1.,4.93038065763132E-32,1.90667064494336E-32));
#8356=DIRECTION('',(-4.81482486096814E-33,0.,1.));
#8357=DIRECTION('',(1.,4.93038065763132E-32,1.90667064494336E-32));
#8358=DIRECTION('',(-1.,-1.11022302462516E-16,1.2490009027033E-16));
#8359=DIRECTION('',(-1.11022302462515E-16,0.999999999999999,-2.35922392732846E-16));
#8360=CARTESIAN_POINT('',(0.,0.,0.));
#8361=CARTESIAN_POINT('',(0.,0.,0.));
#8362=CARTESIAN_POINT('',(0.,0.,0.));
#8363=CARTESIAN_POINT('Origin',(1.25867468400094,-0.0800000000000069,-1.81750909247823));
#8364=CARTESIAN_POINT('',(1.25867468400094,0.,-1.83387272884187));
#8365=CARTESIAN_POINT('',(1.24411377605888,0.,-1.81004259698543));
#8366=CARTESIAN_POINT('Origin',(1.25867468400094,0.,-1.81750909247823));
#8367=CARTESIAN_POINT('',(1.25867468400094,0.0199999999999932,-1.83387272884187));
#8368=CARTESIAN_POINT('',(1.25867468400094,-0.0800000000000068,-1.83387272884187));
#8369=CARTESIAN_POINT('',(1.24411377605888,0.0199999999999931,-1.81004259698543));
#8370=CARTESIAN_POINT('Origin',(1.25867468400094,0.0199999999999932,-1.81750909247823));
#8371=CARTESIAN_POINT('',(1.24411377605888,-0.0800000000000069,-1.81004259698543));
#8372=CARTESIAN_POINT('Origin',(1.25867468400094,-0.0800000000000108,-0.701145456114592));
#8373=CARTESIAN_POINT('',(1.24411377605888,0.,-0.708611951607391));
#8374=CARTESIAN_POINT('',(1.25867468400094,0.,-0.684781819750956));
#8375=CARTESIAN_POINT('Origin',(1.25867468400094,0.,-0.701145456114592));
#8376=CARTESIAN_POINT('',(1.24411377605888,0.0199999999999893,-0.708611951607391));
#8377=CARTESIAN_POINT('',(1.24411377605888,-0.0800000000000107,-0.708611951607391));
#8378=CARTESIAN_POINT('',(1.25867468400094,0.0199999999999892,-0.684781819750956));
#8379=CARTESIAN_POINT('Origin',(1.25867468400094,0.0199999999999893,-0.701145456114592));
#8380=CARTESIAN_POINT('',(1.25867468400094,-0.0800000000000108,-0.684781819750956));
#8381=CARTESIAN_POINT('Origin',(2.43559871518094,-0.0800000000000071,-1.74750909247823));
#8382=CARTESIAN_POINT('',(2.52196235154457,-2.94902990916057E-16,-1.74750909247823));
#8383=CARTESIAN_POINT('Origin',(2.43559871518094,0.,-1.74750909247823));
#8384=CARTESIAN_POINT('',(2.52196235154457,0.0199999999999929,-1.74750909247823));
#8385=CARTESIAN_POINT('',(2.52196235154457,-0.0800000000000071,-1.74750909247823));
#8386=CARTESIAN_POINT('Origin',(2.43559871518094,0.0199999999999929,-1.74750909247823));
#8387=CARTESIAN_POINT('Origin',(1.87092367514867,-0.0800000000000088,-1.25932727429641));
#8388=CARTESIAN_POINT('',(1.78194034883604,0.,-1.30495585786351));
#8389=CARTESIAN_POINT('',(1.78194034883604,0.,-1.21369869072931));
#8390=CARTESIAN_POINT('Origin',(1.87092367514867,0.,-1.25932727429641));
#8391=CARTESIAN_POINT('',(1.78194034883604,0.0199999999999914,-1.30495585786351));
#8392=CARTESIAN_POINT('',(1.78194034883604,-0.0800000000000086,-1.30495585786351));
#8393=CARTESIAN_POINT('',(1.78194034883604,0.019999999999991,-1.21369869072931));
#8394=CARTESIAN_POINT('Origin',(1.87092367514867,0.0199999999999912,-1.25932727429641));
#8395=CARTESIAN_POINT('',(1.78194034883604,-0.080000000000009,-1.21369869072931));
#8396=CARTESIAN_POINT('Origin',(1.9995,0.85,-0.2745));
#8397=CARTESIAN_POINT('',(2.1245,0.825,-0.2745));
#8398=CARTESIAN_POINT('',(1.8745,0.825,-0.2745));
#8399=CARTESIAN_POINT('Origin',(1.9995,0.825,-0.2745));
#8400=CARTESIAN_POINT('',(1.8745,0.65,-0.2745));
#8401=CARTESIAN_POINT('',(1.8745,0.85,-0.2745));
#8402=CARTESIAN_POINT('',(2.1245,0.65,-0.2745));
#8403=CARTESIAN_POINT('Origin',(1.9995,0.65,-0.2745));
#8404=CARTESIAN_POINT('',(2.1245,0.85,-0.2745));
#8405=CARTESIAN_POINT('Origin',(2.4995,0.85,-0.2745));
#8406=CARTESIAN_POINT('',(2.6245,0.825,-0.2745));
#8407=CARTESIAN_POINT('',(2.3745,0.825,-0.2745));
#8408=CARTESIAN_POINT('Origin',(2.4995,0.825,-0.2745));
#8409=CARTESIAN_POINT('',(2.3745,0.65,-0.2745));
#8410=CARTESIAN_POINT('',(2.3745,0.85,-0.2745));
#8411=CARTESIAN_POINT('',(2.6245,0.65,-0.2745));
#8412=CARTESIAN_POINT('Origin',(2.4995,0.65,-0.2745));
#8413=CARTESIAN_POINT('',(2.6245,0.85,-0.2745));
#8414=CARTESIAN_POINT('Origin',(0.4995,0.85,-0.2745));
#8415=CARTESIAN_POINT('',(0.6245,0.825,-0.2745));
#8416=CARTESIAN_POINT('',(0.3745,0.825,-0.2745));
#8417=CARTESIAN_POINT('Origin',(0.4995,0.825,-0.2745));
#8418=CARTESIAN_POINT('',(0.3745,0.65,-0.2745));
#8419=CARTESIAN_POINT('',(0.3745,0.85,-0.2745));
#8420=CARTESIAN_POINT('',(0.6245,0.65,-0.2745));
#8421=CARTESIAN_POINT('Origin',(0.4995,0.65,-0.2745));
#8422=CARTESIAN_POINT('',(0.6245,0.85,-0.2745));
#8423=CARTESIAN_POINT('Origin',(0.9995,0.85,-0.2745));
#8424=CARTESIAN_POINT('',(1.1245,0.825,-0.2745));
#8425=CARTESIAN_POINT('',(0.8745,0.825,-0.2745));
#8426=CARTESIAN_POINT('Origin',(0.9995,0.825,-0.2745));
#8427=CARTESIAN_POINT('',(0.8745,0.65,-0.2745));
#8428=CARTESIAN_POINT('',(0.8745,0.85,-0.2745));
#8429=CARTESIAN_POINT('',(1.1245,0.65,-0.2745));
#8430=CARTESIAN_POINT('Origin',(0.9995,0.65,-0.2745));
#8431=CARTESIAN_POINT('',(1.1245,0.85,-0.2745));
#8432=CARTESIAN_POINT('Origin',(2.9995,0.85,-0.2745));
#8433=CARTESIAN_POINT('',(3.1245,0.825,-0.2745));
#8434=CARTESIAN_POINT('',(2.8745,0.825,-0.2745));
#8435=CARTESIAN_POINT('Origin',(2.9995,0.825,-0.2745));
#8436=CARTESIAN_POINT('',(2.8745,0.65,-0.2745));
#8437=CARTESIAN_POINT('',(2.8745,0.85,-0.2745));
#8438=CARTESIAN_POINT('',(3.1245,0.65,-0.2745));
#8439=CARTESIAN_POINT('Origin',(2.9995,0.65,-0.2745));
#8440=CARTESIAN_POINT('',(3.1245,0.85,-0.2745));
#8441=CARTESIAN_POINT('Origin',(1.4995,0.85,-0.2745));
#8442=CARTESIAN_POINT('',(1.6245,0.825,-0.2745));
#8443=CARTESIAN_POINT('',(1.3745,0.825,-0.2745));
#8444=CARTESIAN_POINT('Origin',(1.4995,0.825,-0.2745));
#8445=CARTESIAN_POINT('',(1.3745,0.65,-0.2745));
#8446=CARTESIAN_POINT('',(1.3745,0.85,-0.2745));
#8447=CARTESIAN_POINT('',(1.6245,0.65,-0.2745));
#8448=CARTESIAN_POINT('Origin',(1.4995,0.65,-0.2745));
#8449=CARTESIAN_POINT('',(1.6245,0.85,-0.2745));
#8450=CARTESIAN_POINT('Origin',(0.,0.,0.));
#8451=CARTESIAN_POINT('',(0.,0.,-2.499));
#8452=CARTESIAN_POINT('',(0.,0.,0.));
#8453=CARTESIAN_POINT('',(0.,0.,0.));
#8454=CARTESIAN_POINT('',(3.499,0.,-2.499));
#8455=CARTESIAN_POINT('',(0.,0.,-2.499));
#8456=CARTESIAN_POINT('',(3.499,0.,0.));
#8457=CARTESIAN_POINT('',(3.499,0.,0.));
#8458=CARTESIAN_POINT('',(0.,0.,0.));
#8459=CARTESIAN_POINT('',(1.70743889970765,0.,-1.30495585786351));
#8460=CARTESIAN_POINT('',(1.44889551858702,0.,-1.80915844864509));
#8461=CARTESIAN_POINT('',(1.88179162369424,0.,-0.964939049996184));
#8462=CARTESIAN_POINT('',(1.40844855208128,0.,-1.83387272884187));
#8463=CARTESIAN_POINT('Origin',(1.40844855208128,0.,-1.78841818338732));
#8464=CARTESIAN_POINT('',(0.,0.,-1.83387272884187));
#8465=CARTESIAN_POINT('',(1.52650780609003,0.,-1.25932727429641));
#8466=CARTESIAN_POINT('',(1.72000375767128,0.,-0.881977988965083));
#8467=CARTESIAN_POINT('',(0.697383884118159,0.,0.357602262732233));
#8468=CARTESIAN_POINT('',(1.40844855208128,0.,-0.684781819750956));
#8469=CARTESIAN_POINT('',(0.,0.,-0.684781819750956));
#8470=CARTESIAN_POINT('',(1.44889551858702,0.,-0.709496099947727));
#8471=CARTESIAN_POINT('Origin',(1.40844855208128,0.,-0.730236365205501));
#8472=CARTESIAN_POINT('',(1.70743889970765,0.,-1.21369869072931));
#8473=CARTESIAN_POINT('',(0.859171750141119,0.,0.44056332376333));
#8474=CARTESIAN_POINT('Origin',(1.61845557339503,0.,-1.25932727429641));
#8475=CARTESIAN_POINT('',(2.04048372995667,0.,-1.80915844864509));
#8476=CARTESIAN_POINT('',(0.881110157513078,0.,0.451812829660465));
#8477=CARTESIAN_POINT('',(2.04048372995667,0.,-0.709496099947727));
#8478=CARTESIAN_POINT('',(1.9037300310662,0.,-0.976188555893318));
#8479=CARTESIAN_POINT('',(2.08093069646241,0.,-0.684781819750956));
#8480=CARTESIAN_POINT('Origin',(2.08093069646241,0.,-0.730236365205501));
#8481=CARTESIAN_POINT('',(2.23070456454275,0.,-0.684781819750956));
#8482=CARTESIAN_POINT('',(0.,0.,-0.684781819750956));
#8483=CARTESIAN_POINT('',(2.24526547248482,0.,-0.70861195160739));
#8484=CARTESIAN_POINT('Origin',(2.23070456454275,0.,-0.701145456114592));
#8485=CARTESIAN_POINT('',(1.96287144245366,0.,-1.25932727429641));
#8486=CARTESIAN_POINT('',(2.06551789708917,0.,-1.05914961692441));
#8487=CARTESIAN_POINT('',(2.24526547248482,0.,-1.81004259698543));
#8488=CARTESIAN_POINT('',(1.04289802353604,0.,0.534773890691563));
#8489=CARTESIAN_POINT('',(2.23070456454275,0.,-1.83387272884187));
#8490=CARTESIAN_POINT('Origin',(2.23070456454275,0.,-1.81750909247823));
#8491=CARTESIAN_POINT('',(2.08093069646241,0.,-1.83387272884187));
#8492=CARTESIAN_POINT('',(0.,0.,-1.83387272884187));
#8493=CARTESIAN_POINT('Origin',(2.08093069646241,0.,-1.78841818338732));
#8494=CARTESIAN_POINT('Origin',(0.,0.825,0.));
#8495=CARTESIAN_POINT('',(0.,0.825,-1.6245));
#8496=CARTESIAN_POINT('',(0.,0.65,-1.6245));
#8497=CARTESIAN_POINT('',(0.,0.825,-1.6245));
#8498=CARTESIAN_POINT('',(0.,0.825,-2.499));
#8499=CARTESIAN_POINT('',(0.,0.825,0.));
#8500=CARTESIAN_POINT('',(0.,0.825,-2.499));
#8501=CARTESIAN_POINT('',(0.,0.825,0.));
#8502=CARTESIAN_POINT('',(0.,0.825,0.));
#8503=CARTESIAN_POINT('',(0.,0.825,-0.8745));
#8504=CARTESIAN_POINT('',(0.,0.825,0.));
#8505=CARTESIAN_POINT('',(0.,0.65,-0.8745));
#8506=CARTESIAN_POINT('',(0.,0.825,-0.8745));
#8507=CARTESIAN_POINT('',(0.,0.65,-1.1245));
#8508=CARTESIAN_POINT('',(0.,0.65,0.));
#8509=CARTESIAN_POINT('',(0.,0.825,-1.1245));
#8510=CARTESIAN_POINT('',(0.,0.825,-1.1245));
#8511=CARTESIAN_POINT('',(0.,0.825,-1.3745));
#8512=CARTESIAN_POINT('',(0.,0.825,0.));
#8513=CARTESIAN_POINT('',(0.,0.65,-1.3745));
#8514=CARTESIAN_POINT('',(0.,0.825,-1.3745));
#8515=CARTESIAN_POINT('',(0.,0.65,0.));
#8516=CARTESIAN_POINT('',(0.,0.75,-0.3995));
#8517=CARTESIAN_POINT('',(0.,0.75,-0.554689307225229));
#8518=CARTESIAN_POINT('',(0.,0.75,0.));
#8519=CARTESIAN_POINT('',(0.,0.65,-0.3995));
#8520=CARTESIAN_POINT('',(0.,0.825,-0.3995));
#8521=CARTESIAN_POINT('',(0.,0.65,-0.554689307225229));
#8522=CARTESIAN_POINT('',(0.,0.65,0.));
#8523=CARTESIAN_POINT('',(0.,0.825,-0.554689307225229));
#8524=CARTESIAN_POINT('',(0.,0.75,-1.94431069277477));
#8525=CARTESIAN_POINT('',(0.,0.75,-2.0995));
#8526=CARTESIAN_POINT('',(0.,0.75,0.));
#8527=CARTESIAN_POINT('',(0.,0.65,-1.94431069277477));
#8528=CARTESIAN_POINT('',(0.,0.825,-1.94431069277477));
#8529=CARTESIAN_POINT('',(0.,0.65,-2.0995));
#8530=CARTESIAN_POINT('',(0.,0.65,0.));
#8531=CARTESIAN_POINT('',(0.,0.825,-2.0995));
#8532=CARTESIAN_POINT('Origin',(0.,0.825,0.));
#8533=CARTESIAN_POINT('',(2.1245,0.65,0.));
#8534=CARTESIAN_POINT('',(2.1245,0.825,0.));
#8535=CARTESIAN_POINT('',(2.1245,0.825,0.));
#8536=CARTESIAN_POINT('',(1.8745,0.65,0.));
#8537=CARTESIAN_POINT('',(0.,0.65,0.));
#8538=CARTESIAN_POINT('',(1.8745,0.825,0.));
#8539=CARTESIAN_POINT('',(1.8745,0.825,0.));
#8540=CARTESIAN_POINT('',(1.6245,0.825,0.));
#8541=CARTESIAN_POINT('',(0.,0.825,0.));
#8542=CARTESIAN_POINT('',(1.6245,0.65,0.));
#8543=CARTESIAN_POINT('',(1.6245,0.825,0.));
#8544=CARTESIAN_POINT('',(1.3745,0.65,0.));
#8545=CARTESIAN_POINT('',(0.,0.65,0.));
#8546=CARTESIAN_POINT('',(1.3745,0.825,0.));
#8547=CARTESIAN_POINT('',(1.3745,0.825,0.));
#8548=CARTESIAN_POINT('',(1.1245,0.825,0.));
#8549=CARTESIAN_POINT('',(0.,0.825,0.));
#8550=CARTESIAN_POINT('',(1.1245,0.65,0.));
#8551=CARTESIAN_POINT('',(1.1245,0.825,0.));
#8552=CARTESIAN_POINT('',(0.8745,0.65,0.));
#8553=CARTESIAN_POINT('',(0.,0.65,0.));
#8554=CARTESIAN_POINT('',(0.8745,0.825,0.));
#8555=CARTESIAN_POINT('',(0.8745,0.825,0.));
#8556=CARTESIAN_POINT('',(0.624499999999999,0.825,0.));
#8557=CARTESIAN_POINT('',(0.,0.825,0.));
#8558=CARTESIAN_POINT('',(0.6245,0.65,0.));
#8559=CARTESIAN_POINT('',(0.6245,0.825,0.));
#8560=CARTESIAN_POINT('',(0.3745,0.65,0.));
#8561=CARTESIAN_POINT('',(0.,0.65,0.));
#8562=CARTESIAN_POINT('',(0.3745,0.825,0.));
#8563=CARTESIAN_POINT('',(0.3745,0.825,0.));
#8564=CARTESIAN_POINT('',(0.,0.825,0.));
#8565=CARTESIAN_POINT('',(3.499,0.825,0.));
#8566=CARTESIAN_POINT('',(3.499,0.825,0.));
#8567=CARTESIAN_POINT('',(3.1245,0.825,0.));
#8568=CARTESIAN_POINT('',(0.,0.825,0.));
#8569=CARTESIAN_POINT('',(3.1245,0.65,0.));
#8570=CARTESIAN_POINT('',(3.1245,0.825,0.));
#8571=CARTESIAN_POINT('',(2.8745,0.65,0.));
#8572=CARTESIAN_POINT('',(0.,0.65,0.));
#8573=CARTESIAN_POINT('',(2.8745,0.825,0.));
#8574=CARTESIAN_POINT('',(2.8745,0.825,0.));
#8575=CARTESIAN_POINT('',(2.6245,0.825,0.));
#8576=CARTESIAN_POINT('',(0.,0.825,0.));
#8577=CARTESIAN_POINT('',(2.6245,0.65,0.));
#8578=CARTESIAN_POINT('',(2.6245,0.825,0.));
#8579=CARTESIAN_POINT('',(2.3745,0.65,0.));
#8580=CARTESIAN_POINT('',(0.,0.65,0.));
#8581=CARTESIAN_POINT('',(2.3745,0.825,0.));
#8582=CARTESIAN_POINT('',(2.3745,0.825,0.));
#8583=CARTESIAN_POINT('',(0.,0.825,0.));
#8584=CARTESIAN_POINT('Origin',(3.499,0.825,0.));
#8585=CARTESIAN_POINT('',(3.499,0.825,-0.8745));
#8586=CARTESIAN_POINT('',(3.499,0.65,-0.8745));
#8587=CARTESIAN_POINT('',(3.499,0.825,-0.8745));
#8588=CARTESIAN_POINT('',(3.499,0.825,0.));
#8589=CARTESIAN_POINT('',(3.499,0.825,-2.499));
#8590=CARTESIAN_POINT('',(3.499,0.825,-2.499));
#8591=CARTESIAN_POINT('',(3.499,0.825,-1.6245));
#8592=CARTESIAN_POINT('',(3.499,0.825,0.));
#8593=CARTESIAN_POINT('',(3.499,0.65,-1.6245));
#8594=CARTESIAN_POINT('',(3.499,0.825,-1.6245));
#8595=CARTESIAN_POINT('',(3.499,0.65,-1.3745));
#8596=CARTESIAN_POINT('',(3.499,0.65,0.));
#8597=CARTESIAN_POINT('',(3.499,0.825,-1.3745));
#8598=CARTESIAN_POINT('',(3.499,0.825,-1.3745));
#8599=CARTESIAN_POINT('',(3.499,0.825,-1.1245));
#8600=CARTESIAN_POINT('',(3.499,0.825,0.));
#8601=CARTESIAN_POINT('',(3.499,0.65,-1.1245));
#8602=CARTESIAN_POINT('',(3.499,0.825,-1.1245));
#8603=CARTESIAN_POINT('',(3.499,0.65,0.));
#8604=CARTESIAN_POINT('',(3.499,0.75,-2.0995));
#8605=CARTESIAN_POINT('',(3.499,0.75,-1.94431069277477));
#8606=CARTESIAN_POINT('',(3.499,0.75,0.));
#8607=CARTESIAN_POINT('',(3.499,0.65,-2.0995));
#8608=CARTESIAN_POINT('',(3.499,0.825,-2.0995));
#8609=CARTESIAN_POINT('',(3.499,0.65,-1.94431069277477));
#8610=CARTESIAN_POINT('',(3.499,0.65,0.));
#8611=CARTESIAN_POINT('',(3.499,0.825,-1.94431069277477));
#8612=CARTESIAN_POINT('',(3.499,0.75,-0.554689307225229));
#8613=CARTESIAN_POINT('',(3.499,0.75,-0.3995));
#8614=CARTESIAN_POINT('',(3.499,0.75,0.));
#8615=CARTESIAN_POINT('',(3.499,0.65,-0.554689307225229));
#8616=CARTESIAN_POINT('',(3.499,0.825,-0.554689307225229));
#8617=CARTESIAN_POINT('',(3.499,0.65,-0.3995));
#8618=CARTESIAN_POINT('',(3.499,0.65,0.));
#8619=CARTESIAN_POINT('',(3.499,0.825,-0.3995));
#8620=CARTESIAN_POINT('Origin',(0.,0.825,-2.499));
#8621=CARTESIAN_POINT('',(0.624499999999998,0.825,-2.499));
#8622=CARTESIAN_POINT('',(0.624499999999998,0.65,-2.499));
#8623=CARTESIAN_POINT('',(0.624499999999998,0.825,-2.499));
#8624=CARTESIAN_POINT('',(0.874499999999998,0.825,-2.499));
#8625=CARTESIAN_POINT('',(0.,0.825,-2.499));
#8626=CARTESIAN_POINT('',(0.874499999999998,0.65,-2.499));
#8627=CARTESIAN_POINT('',(0.874499999999998,0.825,-2.499));
#8628=CARTESIAN_POINT('',(1.1245,0.65,-2.499));
#8629=CARTESIAN_POINT('',(0.,0.65,-2.499));
#8630=CARTESIAN_POINT('',(1.1245,0.825,-2.499));
#8631=CARTESIAN_POINT('',(1.1245,0.825,-2.499));
#8632=CARTESIAN_POINT('',(1.3745,0.825,-2.499));
#8633=CARTESIAN_POINT('',(0.,0.825,-2.499));
#8634=CARTESIAN_POINT('',(1.3745,0.65,-2.499));
#8635=CARTESIAN_POINT('',(1.3745,0.825,-2.499));
#8636=CARTESIAN_POINT('',(1.6245,0.65,-2.499));
#8637=CARTESIAN_POINT('',(0.,0.65,-2.499));
#8638=CARTESIAN_POINT('',(1.6245,0.825,-2.499));
#8639=CARTESIAN_POINT('',(1.6245,0.825,-2.499));
#8640=CARTESIAN_POINT('',(1.8745,0.825,-2.499));
#8641=CARTESIAN_POINT('',(0.,0.825,-2.499));
#8642=CARTESIAN_POINT('',(1.8745,0.65,-2.499));
#8643=CARTESIAN_POINT('',(1.8745,0.825,-2.499));
#8644=CARTESIAN_POINT('',(2.1245,0.65,-2.499));
#8645=CARTESIAN_POINT('',(0.,0.65,-2.499));
#8646=CARTESIAN_POINT('',(2.1245,0.825,-2.499));
#8647=CARTESIAN_POINT('',(2.1245,0.825,-2.499));
#8648=CARTESIAN_POINT('',(2.3745,0.825,-2.499));
#8649=CARTESIAN_POINT('',(0.,0.825,-2.499));
#8650=CARTESIAN_POINT('',(2.3745,0.65,-2.499));
#8651=CARTESIAN_POINT('',(2.3745,0.825,-2.499));
#8652=CARTESIAN_POINT('',(2.6245,0.65,-2.499));
#8653=CARTESIAN_POINT('',(0.,0.65,-2.499));
#8654=CARTESIAN_POINT('',(2.6245,0.825,-2.499));
#8655=CARTESIAN_POINT('',(2.6245,0.825,-2.499));
#8656=CARTESIAN_POINT('',(2.8745,0.825,-2.499));
#8657=CARTESIAN_POINT('',(0.,0.825,-2.499));
#8658=CARTESIAN_POINT('',(2.8745,0.65,-2.499));
#8659=CARTESIAN_POINT('',(2.8745,0.825,-2.499));
#8660=CARTESIAN_POINT('',(3.1245,0.65,-2.499));
#8661=CARTESIAN_POINT('',(0.,0.65,-2.499));
#8662=CARTESIAN_POINT('',(3.1245,0.825,-2.499));
#8663=CARTESIAN_POINT('',(3.1245,0.825,-2.499));
#8664=CARTESIAN_POINT('',(0.,0.825,-2.499));
#8665=CARTESIAN_POINT('',(0.374499999999998,0.825,-2.499));
#8666=CARTESIAN_POINT('',(0.,0.825,-2.499));
#8667=CARTESIAN_POINT('',(0.374499999999998,0.65,-2.499));
#8668=CARTESIAN_POINT('',(0.374499999999998,0.825,-2.499));
#8669=CARTESIAN_POINT('',(0.,0.65,-2.499));
#8670=CARTESIAN_POINT('Origin',(0.,0.825,0.));
#8671=CARTESIAN_POINT('',(3.2245,0.825,-0.8745));
#8672=CARTESIAN_POINT('',(0.,0.825,-0.8745));
#8673=CARTESIAN_POINT('',(3.2245,0.825,-1.1245));
#8674=CARTESIAN_POINT('Origin',(3.2245,0.825,-0.9995));
#8675=CARTESIAN_POINT('',(0.,0.825,-1.1245));
#8676=CARTESIAN_POINT('',(3.2245,0.825,-1.3745));
#8677=CARTESIAN_POINT('',(0.,0.825,-1.3745));
#8678=CARTESIAN_POINT('',(3.2245,0.825,-1.6245));
#8679=CARTESIAN_POINT('Origin',(3.2245,0.825,-1.4995));
#8680=CARTESIAN_POINT('',(0.,0.825,-1.6245));
#8681=CARTESIAN_POINT('',(3.1245,0.825,-2.2245));
#8682=CARTESIAN_POINT('',(3.1245,0.825,0.));
#8683=CARTESIAN_POINT('',(2.8745,0.825,-2.2245));
#8684=CARTESIAN_POINT('Origin',(2.9995,0.825,-2.2245));
#8685=CARTESIAN_POINT('',(2.8745,0.825,0.));
#8686=CARTESIAN_POINT('',(2.6245,0.825,-2.2245));
#8687=CARTESIAN_POINT('',(2.6245,0.825,0.));
#8688=CARTESIAN_POINT('',(2.3745,0.825,-2.2245));
#8689=CARTESIAN_POINT('Origin',(2.4995,0.825,-2.2245));
#8690=CARTESIAN_POINT('',(2.3745,0.825,0.));
#8691=CARTESIAN_POINT('',(2.1245,0.825,-2.2245));
#8692=CARTESIAN_POINT('',(2.1245,0.825,0.));
#8693=CARTESIAN_POINT('',(1.8745,0.825,-2.2245));
#8694=CARTESIAN_POINT('Origin',(1.9995,0.825,-2.2245));
#8695=CARTESIAN_POINT('',(1.8745,0.825,0.));
#8696=CARTESIAN_POINT('',(1.6245,0.825,-2.2245));
#8697=CARTESIAN_POINT('',(1.6245,0.825,0.));
#8698=CARTESIAN_POINT('',(1.3745,0.825,-2.2245));
#8699=CARTESIAN_POINT('Origin',(1.4995,0.825,-2.2245));
#8700=CARTESIAN_POINT('',(1.3745,0.825,0.));
#8701=CARTESIAN_POINT('',(1.1245,0.825,-2.2245));
#8702=CARTESIAN_POINT('',(1.1245,0.825,0.));
#8703=CARTESIAN_POINT('',(0.874499999999998,0.825,-2.2245));
#8704=CARTESIAN_POINT('Origin',(0.999499999999998,0.825,-2.2245));
#8705=CARTESIAN_POINT('',(0.874499999999998,0.825,0.));
#8706=CARTESIAN_POINT('',(0.624499999999998,0.825,-2.2245));
#8707=CARTESIAN_POINT('',(0.624499999999998,0.825,0.));
#8708=CARTESIAN_POINT('',(0.374499999999998,0.825,-2.2245));
#8709=CARTESIAN_POINT('Origin',(0.499499999999998,0.825,-2.2245));
#8710=CARTESIAN_POINT('',(0.374499999999998,0.825,0.));
#8711=CARTESIAN_POINT('',(0.274500000000005,0.825,-1.6245));
#8712=CARTESIAN_POINT('',(0.,0.825,-1.6245));
#8713=CARTESIAN_POINT('',(0.274500000000005,0.825,-1.3745));
#8714=CARTESIAN_POINT('Origin',(0.274500000000005,0.825,-1.4995));
#8715=CARTESIAN_POINT('',(0.,0.825,-1.3745));
#8716=CARTESIAN_POINT('',(0.274500000000005,0.825,-1.1245));
#8717=CARTESIAN_POINT('',(0.,0.825,-1.1245));
#8718=CARTESIAN_POINT('',(0.274500000000005,0.825,-0.8745));
#8719=CARTESIAN_POINT('Origin',(0.274500000000005,0.825,-0.9995));
#8720=CARTESIAN_POINT('',(0.,0.825,-0.8745));
#8721=CARTESIAN_POINT('',(0.3745,0.825,0.));
#8722=CARTESIAN_POINT('',(0.6245,0.825,0.));
#8723=CARTESIAN_POINT('',(0.8745,0.825,0.));
#8724=CARTESIAN_POINT('',(1.1245,0.825,0.));
#8725=CARTESIAN_POINT('',(1.3745,0.825,0.));
#8726=CARTESIAN_POINT('',(1.6245,0.825,0.));
#8727=CARTESIAN_POINT('',(1.8745,0.825,0.));
#8728=CARTESIAN_POINT('',(2.1245,0.825,0.));
#8729=CARTESIAN_POINT('',(2.3745,0.825,0.));
#8730=CARTESIAN_POINT('',(2.6245,0.825,0.));
#8731=CARTESIAN_POINT('',(2.8745,0.825,0.));
#8732=CARTESIAN_POINT('',(3.1245,0.825,0.));
#8733=CARTESIAN_POINT('',(2.7495,0.825,-0.8495));
#8734=CARTESIAN_POINT('',(2.7495,0.825,-1.2495));
#8735=CARTESIAN_POINT('Origin',(2.7495,0.825,-1.0495));
#8736=CARTESIAN_POINT('',(2.7495,0.825,-0.8295));
#8737=CARTESIAN_POINT('',(2.7495,0.825,0.));
#8738=CARTESIAN_POINT('',(2.6695,0.825,-0.749499999999999));
#8739=CARTESIAN_POINT('Origin',(2.6695,0.825,-0.8295));
#8740=CARTESIAN_POINT('',(0.8295,0.825,-0.7495));
#8741=CARTESIAN_POINT('',(8.83271226389006E-17,0.825,-0.7495));
#8742=CARTESIAN_POINT('',(0.7495,0.825,-0.8295));
#8743=CARTESIAN_POINT('Origin',(0.8295,0.825,-0.8295));
#8744=CARTESIAN_POINT('',(0.7495,0.825,-1.6695));
#8745=CARTESIAN_POINT('',(0.7495,0.825,0.));
#8746=CARTESIAN_POINT('',(0.8295,0.825,-1.7495));
#8747=CARTESIAN_POINT('Origin',(0.8295,0.825,-1.6695));
#8748=CARTESIAN_POINT('',(2.6695,0.825,-1.7495));
#8749=CARTESIAN_POINT('',(-2.06175184865586E-16,0.825,-1.7495));
#8750=CARTESIAN_POINT('',(2.7495,0.825,-1.6695));
#8751=CARTESIAN_POINT('Origin',(2.6695,0.825,-1.6695));
#8752=CARTESIAN_POINT('',(2.7495,0.825,2.83906083166561E-15));
#8753=CARTESIAN_POINT('Origin',(2.7495,0.85,-1.0495));
#8754=CARTESIAN_POINT('',(2.7495,0.65,-1.2495));
#8755=CARTESIAN_POINT('',(2.7495,0.85,-1.2495));
#8756=CARTESIAN_POINT('',(2.7495,0.65,-0.8495));
#8757=CARTESIAN_POINT('Origin',(2.7495,0.65,-1.0495));
#8758=CARTESIAN_POINT('',(2.7495,0.85,-0.8495));
#8759=CARTESIAN_POINT('Origin',(2.7495,0.85,-1.6695));
#8760=CARTESIAN_POINT('',(2.7495,0.65,-1.6695));
#8761=CARTESIAN_POINT('',(2.7495,0.85,-1.6695));
#8762=CARTESIAN_POINT('',(2.7495,0.65,-1.6695));
#8763=CARTESIAN_POINT('Origin',(2.6695,0.85,-1.6695));
#8764=CARTESIAN_POINT('',(2.6695,0.65,-1.7495));
#8765=CARTESIAN_POINT('',(2.6695,0.85,-1.7495));
#8766=CARTESIAN_POINT('Origin',(2.6695,0.65,-1.6695));
#8767=CARTESIAN_POINT('Origin',(0.8295,0.85,-1.7495));
#8768=CARTESIAN_POINT('',(0.8295,0.65,-1.7495));
#8769=CARTESIAN_POINT('',(0.8295,0.85,-1.7495));
#8770=CARTESIAN_POINT('',(0.8295,0.65,-1.7495));
#8771=CARTESIAN_POINT('Origin',(0.8295,0.85,-1.6695));
#8772=CARTESIAN_POINT('',(0.7495,0.65,-1.6695));
#8773=CARTESIAN_POINT('',(0.7495,0.85,-1.6695));
#8774=CARTESIAN_POINT('Origin',(0.8295,0.65,-1.6695));
#8775=CARTESIAN_POINT('Origin',(0.7495,0.85,-1.6695));
#8776=CARTESIAN_POINT('',(0.7495,0.65,-0.8295));
#8777=CARTESIAN_POINT('',(0.7495,0.85,-0.8295));
#8778=CARTESIAN_POINT('',(0.7495,0.65,-1.6695));
#8779=CARTESIAN_POINT('Origin',(0.8295,0.85,-0.8295));
#8780=CARTESIAN_POINT('',(0.8295,0.65,-0.7495));
#8781=CARTESIAN_POINT('',(0.8295,0.85,-0.7495));
#8782=CARTESIAN_POINT('Origin',(0.8295,0.65,-0.8295));
#8783=CARTESIAN_POINT('Origin',(0.8295,0.85,-0.7495));
#8784=CARTESIAN_POINT('',(2.6695,0.65,-0.749499999999999));
#8785=CARTESIAN_POINT('',(2.6695,0.85,-0.749499999999999));
#8786=CARTESIAN_POINT('',(0.8295,0.65,-0.7495));
#8787=CARTESIAN_POINT('Origin',(2.6695,0.85,-0.8295));
#8788=CARTESIAN_POINT('',(2.7495,0.65,-0.8295));
#8789=CARTESIAN_POINT('',(2.7495,0.85,-0.8295));
#8790=CARTESIAN_POINT('Origin',(2.6695,0.65,-0.8295));
#8791=CARTESIAN_POINT('Origin',(2.7495,0.85,-0.8495));
#8792=CARTESIAN_POINT('',(2.7495,0.65,-0.8495));
#8793=CARTESIAN_POINT('Origin',(2.7495,0.65,-1.0495));
#8794=CARTESIAN_POINT('Origin',(0.999499999999998,0.65,-2.2245));
#8795=CARTESIAN_POINT('',(0.874499999999998,0.65,-2.2245));
#8796=CARTESIAN_POINT('',(0.874499999999998,0.65,-2.2245));
#8797=CARTESIAN_POINT('',(1.1245,0.65,-2.2245));
#8798=CARTESIAN_POINT('Origin',(0.999499999999998,0.65,-2.2245));
#8799=CARTESIAN_POINT('',(1.1245,0.65,-2.4995));
#8800=CARTESIAN_POINT('Origin',(0.999499999999998,0.85,-2.2245));
#8801=CARTESIAN_POINT('',(1.1245,0.85,-2.2245));
#8802=CARTESIAN_POINT('',(0.874499999999998,0.85,-2.2245));
#8803=CARTESIAN_POINT('Origin',(1.1245,0.85,-2.4995));
#8804=CARTESIAN_POINT('Origin',(0.874499999999998,0.85,-2.2245));
#8805=CARTESIAN_POINT('Origin',(1.4995,0.65,-2.2245));
#8806=CARTESIAN_POINT('',(1.3745,0.65,-2.2245));
#8807=CARTESIAN_POINT('',(1.3745,0.65,-2.2245));
#8808=CARTESIAN_POINT('',(1.6245,0.65,-2.2245));
#8809=CARTESIAN_POINT('Origin',(1.4995,0.65,-2.2245));
#8810=CARTESIAN_POINT('',(1.6245,0.65,-2.4995));
#8811=CARTESIAN_POINT('Origin',(1.4995,0.85,-2.2245));
#8812=CARTESIAN_POINT('',(1.6245,0.85,-2.2245));
#8813=CARTESIAN_POINT('',(1.3745,0.85,-2.2245));
#8814=CARTESIAN_POINT('Origin',(1.6245,0.85,-2.4995));
#8815=CARTESIAN_POINT('Origin',(1.3745,0.85,-2.2245));
#8816=CARTESIAN_POINT('Origin',(1.4995,0.65,-0.2745));
#8817=CARTESIAN_POINT('',(1.6245,0.65,0.000500000000000283));
#8818=CARTESIAN_POINT('',(1.3745,0.65,-0.2745));
#8819=CARTESIAN_POINT('Origin',(1.3745,0.85,-0.2745));
#8820=CARTESIAN_POINT('Origin',(1.6245,0.85,0.000500000000000283));
#8821=CARTESIAN_POINT('Origin',(2.9995,0.65,-0.2745));
#8822=CARTESIAN_POINT('',(3.1245,0.65,-0.2745));
#8823=CARTESIAN_POINT('',(2.8745,0.65,0.000500000000000283));
#8824=CARTESIAN_POINT('Origin',(3.1245,0.85,-0.2745));
#8825=CARTESIAN_POINT('Origin',(2.8745,0.85,0.000500000000000283));
#8826=CARTESIAN_POINT('Origin',(0.9995,0.65,-0.2745));
#8827=CARTESIAN_POINT('',(1.1245,0.65,0.000500000000000283));
#8828=CARTESIAN_POINT('',(0.8745,0.65,-0.2745));
#8829=CARTESIAN_POINT('Origin',(0.8745,0.85,-0.2745));
#8830=CARTESIAN_POINT('Origin',(1.1245,0.85,0.000500000000000283));
#8831=CARTESIAN_POINT('Origin',(0.4995,0.65,-0.2745));
#8832=CARTESIAN_POINT('',(0.6245,0.65,0.000500000000000283));
#8833=CARTESIAN_POINT('',(0.3745,0.65,-0.2745));
#8834=CARTESIAN_POINT('Origin',(0.3745,0.85,-0.2745));
#8835=CARTESIAN_POINT('Origin',(0.6245,0.85,0.000500000000000283));
#8836=CARTESIAN_POINT('Origin',(2.4995,0.65,-0.2745));
#8837=CARTESIAN_POINT('',(2.6245,0.65,-0.2745));
#8838=CARTESIAN_POINT('',(2.3745,0.65,0.000500000000000283));
#8839=CARTESIAN_POINT('Origin',(2.6245,0.85,-0.2745));
#8840=CARTESIAN_POINT('Origin',(2.3745,0.85,0.000500000000000283));
#8841=CARTESIAN_POINT('Origin',(1.9995,0.65,-0.2745));
#8842=CARTESIAN_POINT('',(2.1245,0.65,-0.2745));
#8843=CARTESIAN_POINT('',(1.8745,0.65,0.000500000000000283));
#8844=CARTESIAN_POINT('Origin',(2.1245,0.85,-0.2745));
#8845=CARTESIAN_POINT('Origin',(1.8745,0.85,0.000500000000000283));
#8846=CARTESIAN_POINT('Origin',(1.9995,0.65,-2.2245));
#8847=CARTESIAN_POINT('',(1.8745,0.65,-2.2245));
#8848=CARTESIAN_POINT('',(1.8745,0.65,-2.4995));
#8849=CARTESIAN_POINT('',(2.1245,0.65,-2.2245));
#8850=CARTESIAN_POINT('Origin',(1.9995,0.65,-2.2245));
#8851=CARTESIAN_POINT('',(2.1245,0.65,-2.2245));
#8852=CARTESIAN_POINT('Origin',(1.9995,0.85,-2.2245));
#8853=CARTESIAN_POINT('',(2.1245,0.85,-2.2245));
#8854=CARTESIAN_POINT('',(1.8745,0.85,-2.2245));
#8855=CARTESIAN_POINT('Origin',(2.1245,0.85,-2.2245));
#8856=CARTESIAN_POINT('Origin',(1.8745,0.85,-2.4995));
#8857=CARTESIAN_POINT('Origin',(2.4995,0.65,-2.2245));
#8858=CARTESIAN_POINT('',(2.3745,0.65,-2.2245));
#8859=CARTESIAN_POINT('',(2.3745,0.65,-2.4995));
#8860=CARTESIAN_POINT('',(2.6245,0.65,-2.2245));
#8861=CARTESIAN_POINT('Origin',(2.4995,0.65,-2.2245));
#8862=CARTESIAN_POINT('',(2.6245,0.65,-2.2245));
#8863=CARTESIAN_POINT('Origin',(2.4995,0.85,-2.2245));
#8864=CARTESIAN_POINT('',(2.6245,0.85,-2.2245));
#8865=CARTESIAN_POINT('',(2.3745,0.85,-2.2245));
#8866=CARTESIAN_POINT('Origin',(2.6245,0.85,-2.2245));
#8867=CARTESIAN_POINT('Origin',(2.3745,0.85,-2.4995));
#8868=CARTESIAN_POINT('Origin',(2.9995,0.65,-2.2245));
#8869=CARTESIAN_POINT('',(2.8745,0.65,-2.2245));
#8870=CARTESIAN_POINT('',(2.8745,0.65,-2.4995));
#8871=CARTESIAN_POINT('',(3.1245,0.65,-2.2245));
#8872=CARTESIAN_POINT('Origin',(2.9995,0.65,-2.2245));
#8873=CARTESIAN_POINT('',(3.1245,0.65,-2.2245));
#8874=CARTESIAN_POINT('Origin',(2.9995,0.85,-2.2245));
#8875=CARTESIAN_POINT('',(3.1245,0.85,-2.2245));
#8876=CARTESIAN_POINT('',(2.8745,0.85,-2.2245));
#8877=CARTESIAN_POINT('Origin',(3.1245,0.85,-2.2245));
#8878=CARTESIAN_POINT('Origin',(2.8745,0.85,-2.4995));
#8879=CARTESIAN_POINT('Origin',(0.499499999999998,0.65,-2.2245));
#8880=CARTESIAN_POINT('',(0.374499999999998,0.65,-2.2245));
#8881=CARTESIAN_POINT('',(0.374499999999998,0.65,-2.2245));
#8882=CARTESIAN_POINT('',(0.624499999999998,0.65,-2.2245));
#8883=CARTESIAN_POINT('Origin',(0.499499999999998,0.65,-2.2245));
#8884=CARTESIAN_POINT('',(0.624499999999998,0.65,-2.4995));
#8885=CARTESIAN_POINT('Origin',(0.499499999999998,0.85,-2.2245));
#8886=CARTESIAN_POINT('',(0.624499999999998,0.85,-2.2245));
#8887=CARTESIAN_POINT('',(0.374499999999998,0.85,-2.2245));
#8888=CARTESIAN_POINT('Origin',(0.624499999999998,0.85,-2.4995));
#8889=CARTESIAN_POINT('Origin',(0.374499999999998,0.85,-2.2245));
#8890=CARTESIAN_POINT('Origin',(0.274500000000005,0.65,-0.9995));
#8891=CARTESIAN_POINT('',(0.274500000000005,0.65,-0.8745));
#8892=CARTESIAN_POINT('',(0.274500000000005,0.65,-0.8745));
#8893=CARTESIAN_POINT('',(0.274500000000005,0.65,-1.1245));
#8894=CARTESIAN_POINT('Origin',(0.274500000000005,0.65,-0.9995));
#8895=CARTESIAN_POINT('',(-0.000499999999999633,0.65,-1.1245));
#8896=CARTESIAN_POINT('Origin',(0.274500000000005,0.85,-0.8745));
#8897=CARTESIAN_POINT('',(0.274500000000005,0.85,-0.8745));
#8898=CARTESIAN_POINT('Origin',(0.274500000000005,0.85,-0.9995));
#8899=CARTESIAN_POINT('',(0.274500000000005,0.85,-1.1245));
#8900=CARTESIAN_POINT('Origin',(-0.000499999999999633,0.85,-1.1245));
#8901=CARTESIAN_POINT('Origin',(0.274500000000005,0.65,-1.4995));
#8902=CARTESIAN_POINT('',(0.274500000000005,0.65,-1.3745));
#8903=CARTESIAN_POINT('',(-0.000499999999999633,0.65,-1.3745));
#8904=CARTESIAN_POINT('',(0.274500000000005,0.65,-1.6245));
#8905=CARTESIAN_POINT('Origin',(0.274500000000005,0.65,-1.4995));
#8906=CARTESIAN_POINT('',(0.274500000000005,0.65,-1.6245));
#8907=CARTESIAN_POINT('Origin',(0.274500000000005,0.85,-1.4995));
#8908=CARTESIAN_POINT('',(0.274500000000005,0.85,-1.6245));
#8909=CARTESIAN_POINT('',(0.274500000000005,0.85,-1.3745));
#8910=CARTESIAN_POINT('Origin',(0.274500000000005,0.85,-1.6245));
#8911=CARTESIAN_POINT('Origin',(-0.000499999999999633,0.85,-1.3745));
#8912=CARTESIAN_POINT('Origin',(3.2245,0.65,-1.4995));
#8913=CARTESIAN_POINT('',(3.2245,0.65,-1.6245));
#8914=CARTESIAN_POINT('',(3.2245,0.65,-1.6245));
#8915=CARTESIAN_POINT('',(3.2245,0.65,-1.3745));
#8916=CARTESIAN_POINT('Origin',(3.2245,0.65,-1.4995));
#8917=CARTESIAN_POINT('',(3.4995,0.65,-1.3745));
#8918=CARTESIAN_POINT('Origin',(3.2245,0.85,-1.4995));
#8919=CARTESIAN_POINT('',(3.2245,0.85,-1.3745));
#8920=CARTESIAN_POINT('',(3.2245,0.85,-1.6245));
#8921=CARTESIAN_POINT('Origin',(3.4995,0.85,-1.3745));
#8922=CARTESIAN_POINT('Origin',(3.2245,0.85,-1.6245));
#8923=CARTESIAN_POINT('Origin',(3.2245,0.65,-0.9995));
#8924=CARTESIAN_POINT('',(3.2245,0.65,-1.1245));
#8925=CARTESIAN_POINT('',(3.4995,0.65,-1.1245));
#8926=CARTESIAN_POINT('',(3.2245,0.65,-0.8745));
#8927=CARTESIAN_POINT('Origin',(3.2245,0.65,-0.9995));
#8928=CARTESIAN_POINT('',(3.2245,0.65,-0.8745));
#8929=CARTESIAN_POINT('Origin',(3.2245,0.85,-0.9995));
#8930=CARTESIAN_POINT('',(3.2245,0.85,-0.8745));
#8931=CARTESIAN_POINT('',(3.2245,0.85,-1.1245));
#8932=CARTESIAN_POINT('Origin',(3.2245,0.85,-0.8745));
#8933=CARTESIAN_POINT('Origin',(3.4995,0.85,-1.1245));
#8934=CARTESIAN_POINT('Origin',(3.39571814019538,0.75,-2.0995));
#8935=CARTESIAN_POINT('',(3.39571814019538,0.75,-2.0995));
#8936=CARTESIAN_POINT('',(3.39571814019538,0.75,-2.0995));
#8937=CARTESIAN_POINT('',(3.39571814019538,0.65,-2.0995));
#8938=CARTESIAN_POINT('',(3.39571814019538,0.75,-2.0995));
#8939=CARTESIAN_POINT('',(3.39571814019538,0.65,-2.0995));
#8940=CARTESIAN_POINT('Origin',(3.39571814019538,0.75,-1.94431069277477));
#8941=CARTESIAN_POINT('',(3.39571814019538,0.65,-1.94431069277477));
#8942=CARTESIAN_POINT('',(3.39571814019538,0.65,-1.94431069277477));
#8943=CARTESIAN_POINT('',(3.39571814019538,0.75,-1.94431069277477));
#8944=CARTESIAN_POINT('',(3.39571814019538,0.75,-1.94431069277477));
#8945=CARTESIAN_POINT('',(3.39571814019538,0.75,-1.94431069277477));
#8946=CARTESIAN_POINT('Origin',(1.7495,0.75,-1.2495));
#8947=CARTESIAN_POINT('',(3.39571814019538,0.75,-2.0995));
#8948=CARTESIAN_POINT('Origin',(1.7495,0.65,-1.2495));
#8949=CARTESIAN_POINT('',(3.39571814019538,0.65,-2.0995));
#8950=CARTESIAN_POINT('Origin',(3.39571814019538,0.75,-2.0995));
#8951=CARTESIAN_POINT('Origin',(3.39571814019538,0.75,-0.3995));
#8952=CARTESIAN_POINT('',(3.39571814019538,0.65,-0.3995));
#8953=CARTESIAN_POINT('',(3.39571814019538,0.65,-0.3995));
#8954=CARTESIAN_POINT('',(3.39571814019538,0.75,-0.3995));
#8955=CARTESIAN_POINT('',(3.39571814019538,0.75,-0.3995));
#8956=CARTESIAN_POINT('',(3.39571814019538,0.75,-0.3995));
#8957=CARTESIAN_POINT('Origin',(3.39571814019538,0.75,-0.554689307225229));
#8958=CARTESIAN_POINT('',(3.39571814019538,0.75,-0.554689307225229));
#8959=CARTESIAN_POINT('',(3.39571814019538,0.75,-0.554689307225229));
#8960=CARTESIAN_POINT('',(3.39571814019538,0.65,-0.554689307225229));
#8961=CARTESIAN_POINT('',(3.39571814019538,0.75,-0.554689307225229));
#8962=CARTESIAN_POINT('',(3.39571814019538,0.65,-0.554689307225229));
#8963=CARTESIAN_POINT('Origin',(1.7495,0.75,-1.2495));
#8964=CARTESIAN_POINT('',(3.39571814019538,0.75,-0.3995));
#8965=CARTESIAN_POINT('Origin',(1.7495,0.65,-1.2495));
#8966=CARTESIAN_POINT('',(3.39571814019538,0.65,-0.3995));
#8967=CARTESIAN_POINT('Origin',(3.39571814019538,0.75,-0.3995));
#8968=CARTESIAN_POINT('Origin',(0.103281859804617,0.75,-0.3995));
#8969=CARTESIAN_POINT('',(0.103281859804617,0.75,-0.3995));
#8970=CARTESIAN_POINT('',(0.103281859804617,0.75,-0.3995));
#8971=CARTESIAN_POINT('',(0.103281859804617,0.65,-0.3995));
#8972=CARTESIAN_POINT('',(0.103281859804617,0.75,-0.3995));
#8973=CARTESIAN_POINT('',(0.103281859804617,0.65,-0.3995));
#8974=CARTESIAN_POINT('Origin',(0.103281859804617,0.75,-0.554689307225229));
#8975=CARTESIAN_POINT('',(0.103281859804617,0.65,-0.554689307225229));
#8976=CARTESIAN_POINT('',(0.103281859804617,0.65,-0.554689307225229));
#8977=CARTESIAN_POINT('',(0.103281859804617,0.75,-0.554689307225229));
#8978=CARTESIAN_POINT('',(0.103281859804617,0.75,-0.554689307225229));
#8979=CARTESIAN_POINT('',(0.103281859804617,0.75,-0.554689307225229));
#8980=CARTESIAN_POINT('Origin',(1.7495,0.75,-1.2495));
#8981=CARTESIAN_POINT('',(0.103281859804617,0.75,-0.3995));
#8982=CARTESIAN_POINT('Origin',(1.7495,0.65,-1.2495));
#8983=CARTESIAN_POINT('',(0.103281859804617,0.65,-0.3995));
#8984=CARTESIAN_POINT('Origin',(0.103281859804617,0.75,-0.3995));
#8985=CARTESIAN_POINT('Origin',(0.103281859804617,0.75,-2.0995));
#8986=CARTESIAN_POINT('',(0.103281859804617,0.65,-2.0995));
#8987=CARTESIAN_POINT('',(0.103281859804617,0.65,-2.0995));
#8988=CARTESIAN_POINT('',(0.103281859804617,0.75,-2.0995));
#8989=CARTESIAN_POINT('',(0.103281859804617,0.75,-2.0995));
#8990=CARTESIAN_POINT('',(0.103281859804617,0.75,-2.0995));
#8991=CARTESIAN_POINT('Origin',(0.103281859804617,0.75,-1.94431069277477));
#8992=CARTESIAN_POINT('',(0.103281859804617,0.75,-1.94431069277477));
#8993=CARTESIAN_POINT('',(0.103281859804617,0.75,-1.94431069277477));
#8994=CARTESIAN_POINT('',(0.103281859804617,0.65,-1.94431069277477));
#8995=CARTESIAN_POINT('',(0.103281859804617,0.75,-1.94431069277477));
#8996=CARTESIAN_POINT('',(0.103281859804617,0.65,-1.94431069277477));
#8997=CARTESIAN_POINT('Origin',(1.7495,0.75,-1.2495));
#8998=CARTESIAN_POINT('',(0.103281859804617,0.75,-2.0995));
#8999=CARTESIAN_POINT('Origin',(1.7495,0.65,-1.2495));
#9000=CARTESIAN_POINT('',(0.103281859804617,0.65,-2.0995));
#9001=CARTESIAN_POINT('Origin',(0.103281859804617,0.75,-2.0995));
#9002=CARTESIAN_POINT('Origin',(2.04048372995667,-0.0800000000000069,-1.80915844864509));
#9003=CARTESIAN_POINT('',(2.04048372995667,0.0199999999999931,-1.80915844864509));
#9004=CARTESIAN_POINT('',(2.04048372995667,-0.0800000000000069,-1.80915844864509));
#9005=CARTESIAN_POINT('',(2.04048372995667,0.0199999999999931,-1.80915844864509));
#9006=CARTESIAN_POINT('Origin',(2.08093069646241,-0.0800000000000069,-1.78841818338732));
#9007=CARTESIAN_POINT('',(2.08093069646241,0.0199999999999932,-1.83387272884187));
#9008=CARTESIAN_POINT('',(2.08093069646241,-0.0800000000000068,-1.83387272884187));
#9009=CARTESIAN_POINT('Origin',(2.08093069646241,0.0199999999999931,-1.78841818338732));
#9010=CARTESIAN_POINT('Origin',(2.23070456454275,-0.0800000000000068,-1.83387272884187));
#9011=CARTESIAN_POINT('',(2.23070456454275,0.0199999999999932,-1.83387272884187));
#9012=CARTESIAN_POINT('',(2.23070456454275,-0.0800000000000068,-1.83387272884187));
#9013=CARTESIAN_POINT('',(2.23070456454275,0.0199999999999932,-1.83387272884187));
#9014=CARTESIAN_POINT('Origin',(2.23070456454275,-0.0800000000000069,-1.81750909247823));
#9015=CARTESIAN_POINT('',(2.24526547248482,0.0199999999999931,-1.81004259698543));
#9016=CARTESIAN_POINT('',(2.24526547248482,-0.0800000000000069,-1.81004259698543));
#9017=CARTESIAN_POINT('Origin',(2.23070456454275,0.0199999999999932,-1.81750909247823));
#9018=CARTESIAN_POINT('Origin',(1.96287144245366,-0.0800000000000088,-1.25932727429641));
#9019=CARTESIAN_POINT('',(1.96287144245366,0.0199999999999912,-1.25932727429641));
#9020=CARTESIAN_POINT('',(1.96287144245366,-0.0800000000000088,-1.25932727429641));
#9021=CARTESIAN_POINT('',(1.96287144245366,0.0199999999999912,-1.25932727429641));
#9022=CARTESIAN_POINT('Origin',(1.96287144245366,-0.0800000000000088,-1.25932727429641));
#9023=CARTESIAN_POINT('',(2.24526547248482,0.0199999999999893,-0.70861195160739));
#9024=CARTESIAN_POINT('',(2.24526547248482,-0.0800000000000107,-0.708611951607391));
#9025=CARTESIAN_POINT('',(1.96287144245366,0.0199999999999912,-1.25932727429641));
#9026=CARTESIAN_POINT('Origin',(2.23070456454275,-0.0800000000000108,-0.701145456114592));
#9027=CARTESIAN_POINT('',(2.23070456454275,0.0199999999999892,-0.684781819750956));
#9028=CARTESIAN_POINT('',(2.23070456454275,-0.0800000000000108,-0.684781819750956));
#9029=CARTESIAN_POINT('Origin',(2.23070456454275,0.0199999999999893,-0.701145456114592));
#9030=CARTESIAN_POINT('Origin',(2.23070456454275,-0.0800000000000108,-0.684781819750956));
#9031=CARTESIAN_POINT('',(2.08093069646241,0.0199999999999892,-0.684781819750956));
#9032=CARTESIAN_POINT('',(2.08093069646241,-0.0800000000000108,-0.684781819750956));
#9033=CARTESIAN_POINT('',(2.23070456454275,0.0199999999999892,-0.684781819750956));
#9034=CARTESIAN_POINT('Origin',(2.08093069646241,-0.0800000000000106,-0.730236365205501));
#9035=CARTESIAN_POINT('',(2.04048372995667,0.0199999999999893,-0.709496099947727));
#9036=CARTESIAN_POINT('',(2.04048372995667,-0.0800000000000107,-0.709496099947727));
#9037=CARTESIAN_POINT('Origin',(2.08093069646241,0.0199999999999894,-0.730236365205501));
#9038=CARTESIAN_POINT('Origin',(2.04048372995667,-0.0800000000000107,-0.709496099947727));
#9039=CARTESIAN_POINT('',(2.04048372995667,0.0199999999999893,-0.709496099947727));
#9040=CARTESIAN_POINT('Origin',(1.87092367514867,0.0199999999999912,-1.25932727429641));
#9041=CARTESIAN_POINT('Origin',(2.43559871518094,0.0199999999999929,-1.74750909247823));
#9042=CARTESIAN_POINT('Origin',(1.40844855208128,-0.0800000000000069,-1.78841818338732));
#9043=CARTESIAN_POINT('',(1.44889551858702,0.0199999999999931,-1.80915844864509));
#9044=CARTESIAN_POINT('',(1.44889551858702,-0.0800000000000069,-1.80915844864509));
#9045=CARTESIAN_POINT('',(1.40844855208128,0.0199999999999932,-1.83387272884187));
#9046=CARTESIAN_POINT('Origin',(1.40844855208128,0.0199999999999931,-1.78841818338732));
#9047=CARTESIAN_POINT('',(1.40844855208128,-0.0800000000000068,-1.83387272884187));
#9048=CARTESIAN_POINT('Origin',(1.44889551858702,-0.0800000000000069,-1.80915844864509));
#9049=CARTESIAN_POINT('',(1.70743889970765,0.0199999999999914,-1.30495585786351));
#9050=CARTESIAN_POINT('',(1.70743889970765,-0.0800000000000086,-1.30495585786351));
#9051=CARTESIAN_POINT('',(1.44889551858702,0.0199999999999931,-1.80915844864509));
#9052=CARTESIAN_POINT('Origin',(1.61845557339503,-0.0800000000000088,-1.25932727429641));
#9053=CARTESIAN_POINT('',(1.70743889970765,0.019999999999991,-1.21369869072931));
#9054=CARTESIAN_POINT('',(1.70743889970765,-0.080000000000009,-1.21369869072931));
#9055=CARTESIAN_POINT('Origin',(1.61845557339503,0.0199999999999912,-1.25932727429641));
#9056=CARTESIAN_POINT('Origin',(1.44889551858702,-0.0800000000000107,-0.709496099947727));
#9057=CARTESIAN_POINT('',(1.44889551858702,0.0199999999999893,-0.709496099947727));
#9058=CARTESIAN_POINT('',(1.44889551858702,-0.0800000000000107,-0.709496099947727));
#9059=CARTESIAN_POINT('',(1.44889551858702,0.0199999999999893,-0.709496099947727));
#9060=CARTESIAN_POINT('Origin',(1.40844855208128,-0.0800000000000106,-0.730236365205502));
#9061=CARTESIAN_POINT('',(1.40844855208128,0.0199999999999892,-0.684781819750956));
#9062=CARTESIAN_POINT('',(1.40844855208128,-0.0800000000000108,-0.684781819750956));
#9063=CARTESIAN_POINT('Origin',(1.40844855208128,0.0199999999999894,-0.730236365205501));
#9064=CARTESIAN_POINT('Origin',(1.25867468400094,-0.0800000000000108,-0.684781819750956));
#9065=CARTESIAN_POINT('',(1.25867468400094,0.0199999999999892,-0.684781819750956));
#9066=CARTESIAN_POINT('Origin',(1.52650780609003,-0.0800000000000088,-1.25932727429641));
#9067=CARTESIAN_POINT('',(1.52650780609003,0.0199999999999912,-1.25932727429641));
#9068=CARTESIAN_POINT('',(1.52650780609003,-0.0800000000000088,-1.25932727429641));
#9069=CARTESIAN_POINT('',(1.52650780609003,0.0199999999999912,-1.25932727429641));
#9070=CARTESIAN_POINT('Origin',(1.52650780609003,-0.0800000000000088,-1.25932727429641));
#9071=CARTESIAN_POINT('',(1.52650780609003,0.0199999999999912,-1.25932727429641));
#9072=CARTESIAN_POINT('Origin',(1.25867468400094,-0.0800000000000068,-1.83387272884187));
#9073=CARTESIAN_POINT('',(1.25867468400094,0.0199999999999932,-1.83387272884187));
#9074=CARTESIAN_POINT('Origin',(1.40844855208128,0.0199999999999931,-1.78841818338732));
#9075=CARTESIAN_POINT('',(0.,0.,0.));
#9076=CARTESIAN_POINT('Origin',(1.,0.2,0.2));
#9077=CARTESIAN_POINT('',(1.,0.,0.4));
#9078=CARTESIAN_POINT('',(1.,0.,-4.33680868994202E-16));
#9079=CARTESIAN_POINT('Origin',(1.,0.,0.2));
#9080=CARTESIAN_POINT('',(1.,0.2,-4.33680868994202E-16));
#9081=CARTESIAN_POINT('',(1.,0.2,-4.33680868994202E-16));
#9082=CARTESIAN_POINT('',(1.,0.2,0.4));
#9083=CARTESIAN_POINT('Origin',(1.,0.2,0.2));
#9084=CARTESIAN_POINT('',(1.,0.2,0.4));
#9085=CARTESIAN_POINT('Origin',(1.,0.2,-0.42));
#9086=CARTESIAN_POINT('',(1.,0.,-0.42));
#9087=CARTESIAN_POINT('',(1.,0.,-0.42));
#9088=CARTESIAN_POINT('',(1.,0.2,-0.42));
#9089=CARTESIAN_POINT('',(1.,0.2,-0.42));
#9090=CARTESIAN_POINT('',(1.,0.2,-0.42));
#9091=CARTESIAN_POINT('Origin',(0.920000000000001,0.2,-0.42));
#9092=CARTESIAN_POINT('',(0.920000000000001,0.,-0.5));
#9093=CARTESIAN_POINT('Origin',(0.920000000000001,0.,-0.42));
#9094=CARTESIAN_POINT('',(0.920000000000001,0.2,-0.5));
#9095=CARTESIAN_POINT('',(0.920000000000001,0.2,-0.5));
#9096=CARTESIAN_POINT('Origin',(0.920000000000001,0.2,-0.42));
#9097=CARTESIAN_POINT('Origin',(-0.92,0.2,-0.5));
#9098=CARTESIAN_POINT('',(-0.92,0.,-0.5));
#9099=CARTESIAN_POINT('',(-0.92,0.,-0.5));
#9100=CARTESIAN_POINT('',(-0.92,0.2,-0.5));
#9101=CARTESIAN_POINT('',(-0.92,0.2,-0.5));
#9102=CARTESIAN_POINT('',(-0.92,0.2,-0.5));
#9103=CARTESIAN_POINT('Origin',(-0.92,0.2,-0.42));
#9104=CARTESIAN_POINT('',(-1.,0.,-0.42));
#9105=CARTESIAN_POINT('Origin',(-0.92,0.,-0.42));
#9106=CARTESIAN_POINT('',(-1.,0.2,-0.42));
#9107=CARTESIAN_POINT('',(-1.,0.2,-0.42));
#9108=CARTESIAN_POINT('Origin',(-0.92,0.2,-0.42));
#9109=CARTESIAN_POINT('Origin',(-1.,0.2,-0.42));
#9110=CARTESIAN_POINT('',(-1.,0.,0.42));
#9111=CARTESIAN_POINT('',(-1.,0.,-0.42));
#9112=CARTESIAN_POINT('',(-1.,0.2,0.42));
#9113=CARTESIAN_POINT('',(-1.,0.2,0.42));
#9114=CARTESIAN_POINT('',(-1.,0.2,-0.42));
#9115=CARTESIAN_POINT('Origin',(-0.92,0.2,0.42));
#9116=CARTESIAN_POINT('',(-0.92,0.,0.5));
#9117=CARTESIAN_POINT('Origin',(-0.92,0.,0.42));
#9118=CARTESIAN_POINT('',(-0.92,0.2,0.5));
#9119=CARTESIAN_POINT('',(-0.92,0.2,0.5));
#9120=CARTESIAN_POINT('Origin',(-0.92,0.2,0.42));
#9121=CARTESIAN_POINT('Origin',(-0.92,0.2,0.5));
#9122=CARTESIAN_POINT('',(0.920000000000001,0.,0.5));
#9123=CARTESIAN_POINT('',(-0.92,0.,0.5));
#9124=CARTESIAN_POINT('',(0.920000000000001,0.2,0.5));
#9125=CARTESIAN_POINT('',(0.920000000000001,0.2,0.5));
#9126=CARTESIAN_POINT('',(-0.92,0.2,0.5));
#9127=CARTESIAN_POINT('Origin',(0.920000000000001,0.2,0.42));
#9128=CARTESIAN_POINT('',(1.,0.,0.42));
#9129=CARTESIAN_POINT('Origin',(0.920000000000001,0.,0.42));
#9130=CARTESIAN_POINT('',(1.,0.2,0.42));
#9131=CARTESIAN_POINT('',(1.,0.2,0.42));
#9132=CARTESIAN_POINT('Origin',(0.920000000000001,0.2,0.42));
#9133=CARTESIAN_POINT('Origin',(1.,0.2,0.4));
#9134=CARTESIAN_POINT('',(1.,0.,0.4));
#9135=CARTESIAN_POINT('',(1.,0.2,0.4));
#9136=CARTESIAN_POINT('Origin',(1.,0.2,0.2));
#9137=CARTESIAN_POINT('Origin',(1.,0.,0.2));
#9138=CARTESIAN_POINT('Origin',(-1.64621814019538,0.1,-0.85));
#9139=CARTESIAN_POINT('',(-1.64621814019538,0.,-0.85));
#9140=CARTESIAN_POINT('',(-1.64621814019538,0.,-0.694810692774771));
#9141=CARTESIAN_POINT('',(-1.64621814019538,0.,-0.85));
#9142=CARTESIAN_POINT('',(-1.64621814019538,0.1,-0.85));
#9143=CARTESIAN_POINT('',(-1.64621814019538,0.1,-0.85));
#9144=CARTESIAN_POINT('',(-1.64621814019538,0.1,-0.694810692774771));
#9145=CARTESIAN_POINT('',(-1.64621814019538,0.1,-0.85));
#9146=CARTESIAN_POINT('',(-1.64621814019538,0.1,-0.694810692774771));
#9147=CARTESIAN_POINT('Origin',(-1.64621814019538,0.1,-0.85));
#9148=CARTESIAN_POINT('',(-1.75,0.,-0.85));
#9149=CARTESIAN_POINT('',(-1.64621814019538,0.,-0.85));
#9150=CARTESIAN_POINT('',(-1.75,0.1,-0.85));
#9151=CARTESIAN_POINT('',(-1.75,0.1,-0.85));
#9152=CARTESIAN_POINT('',(-1.64621814019538,0.1,-0.85));
#9153=CARTESIAN_POINT('Origin',(-1.75,0.1,-0.85));
#9154=CARTESIAN_POINT('',(-1.75,0.,-0.694810692774771));
#9155=CARTESIAN_POINT('',(-1.75,0.,-0.85));
#9156=CARTESIAN_POINT('',(-1.75,0.1,-0.694810692774771));
#9157=CARTESIAN_POINT('',(-1.75,0.1,-0.694810692774771));
#9158=CARTESIAN_POINT('',(-1.75,0.1,-0.85));
#9159=CARTESIAN_POINT('Origin',(-1.64621814019538,0.1,-0.694810692774771));
#9160=CARTESIAN_POINT('',(-1.64621814019538,0.,-0.694810692774771));
#9161=CARTESIAN_POINT('',(-1.64621814019538,0.1,-0.694810692774771));
#9162=CARTESIAN_POINT('Origin',(0.,0.1,0.));
#9163=CARTESIAN_POINT('Origin',(0.,0.,0.));
#9164=CARTESIAN_POINT('Origin',(-1.64621814019538,0.1,0.85));
#9165=CARTESIAN_POINT('',(-1.64621814019538,0.,0.85));
#9166=CARTESIAN_POINT('',(-1.75,0.,0.85));
#9167=CARTESIAN_POINT('',(-1.64621814019538,0.,0.85));
#9168=CARTESIAN_POINT('',(-1.64621814019538,0.1,0.85));
#9169=CARTESIAN_POINT('',(-1.64621814019538,0.1,0.85));
#9170=CARTESIAN_POINT('',(-1.75,0.1,0.85));
#9171=CARTESIAN_POINT('',(-1.64621814019538,0.1,0.85));
#9172=CARTESIAN_POINT('',(-1.75,0.1,0.85));
#9173=CARTESIAN_POINT('Origin',(-1.64621814019538,0.1,0.85));
#9174=CARTESIAN_POINT('',(-1.64621814019538,0.,0.694810692774771));
#9175=CARTESIAN_POINT('',(-1.64621814019538,0.,0.85));
#9176=CARTESIAN_POINT('',(-1.64621814019538,0.1,0.694810692774771));
#9177=CARTESIAN_POINT('',(-1.64621814019538,0.1,0.694810692774771));
#9178=CARTESIAN_POINT('',(-1.64621814019538,0.1,0.85));
#9179=CARTESIAN_POINT('Origin',(-1.64621814019538,0.1,0.694810692774771));
#9180=CARTESIAN_POINT('',(-1.75,0.,0.694810692774771));
#9181=CARTESIAN_POINT('',(-1.64621814019538,0.,0.694810692774771));
#9182=CARTESIAN_POINT('',(-1.75,0.1,0.694810692774771));
#9183=CARTESIAN_POINT('',(-1.75,0.1,0.694810692774771));
#9184=CARTESIAN_POINT('',(-1.64621814019538,0.1,0.694810692774771));
#9185=CARTESIAN_POINT('Origin',(-1.75,0.1,0.85));
#9186=CARTESIAN_POINT('',(-1.75,0.,0.85));
#9187=CARTESIAN_POINT('',(-1.75,0.1,0.85));
#9188=CARTESIAN_POINT('Origin',(0.,0.1,0.));
#9189=CARTESIAN_POINT('Origin',(0.,0.,0.));
#9190=CARTESIAN_POINT('Origin',(1.64621814019538,0.1,0.85));
#9191=CARTESIAN_POINT('',(1.64621814019538,0.,0.85));
#9192=CARTESIAN_POINT('',(1.64621814019538,0.,0.694810692774771));
#9193=CARTESIAN_POINT('',(1.64621814019538,0.,0.85));
#9194=CARTESIAN_POINT('',(1.64621814019538,0.1,0.85));
#9195=CARTESIAN_POINT('',(1.64621814019538,0.1,0.85));
#9196=CARTESIAN_POINT('',(1.64621814019538,0.1,0.694810692774771));
#9197=CARTESIAN_POINT('',(1.64621814019538,0.1,0.85));
#9198=CARTESIAN_POINT('',(1.64621814019538,0.1,0.694810692774771));
#9199=CARTESIAN_POINT('Origin',(1.64621814019538,0.1,0.85));
#9200=CARTESIAN_POINT('',(1.75,0.,0.85));
#9201=CARTESIAN_POINT('',(1.64621814019538,0.,0.85));
#9202=CARTESIAN_POINT('',(1.75,0.1,0.85));
#9203=CARTESIAN_POINT('',(1.75,0.1,0.85));
#9204=CARTESIAN_POINT('',(1.64621814019538,0.1,0.85));
#9205=CARTESIAN_POINT('Origin',(1.75,0.1,0.85));
#9206=CARTESIAN_POINT('',(1.75,0.,0.694810692774771));
#9207=CARTESIAN_POINT('',(1.75,0.,0.85));
#9208=CARTESIAN_POINT('',(1.75,0.1,0.694810692774771));
#9209=CARTESIAN_POINT('',(1.75,0.1,0.694810692774771));
#9210=CARTESIAN_POINT('',(1.75,0.1,0.85));
#9211=CARTESIAN_POINT('Origin',(1.64621814019538,0.1,0.694810692774771));
#9212=CARTESIAN_POINT('',(1.64621814019538,0.,0.694810692774771));
#9213=CARTESIAN_POINT('',(1.64621814019538,0.1,0.694810692774771));
#9214=CARTESIAN_POINT('Origin',(0.,0.1,0.));
#9215=CARTESIAN_POINT('Origin',(0.,0.,0.));
#9216=CARTESIAN_POINT('Origin',(1.64621814019538,0.1,-0.85));
#9217=CARTESIAN_POINT('',(1.64621814019538,0.,-0.85));
#9218=CARTESIAN_POINT('',(1.75,0.,-0.85));
#9219=CARTESIAN_POINT('',(1.64621814019538,0.,-0.85));
#9220=CARTESIAN_POINT('',(1.64621814019538,0.1,-0.85));
#9221=CARTESIAN_POINT('',(1.64621814019538,0.1,-0.85));
#9222=CARTESIAN_POINT('',(1.75,0.1,-0.85));
#9223=CARTESIAN_POINT('',(1.64621814019538,0.1,-0.85));
#9224=CARTESIAN_POINT('',(1.75,0.1,-0.85));
#9225=CARTESIAN_POINT('Origin',(1.64621814019538,0.1,-0.85));
#9226=CARTESIAN_POINT('',(1.64621814019538,0.,-0.694810692774771));
#9227=CARTESIAN_POINT('',(1.64621814019538,0.,-0.85));
#9228=CARTESIAN_POINT('',(1.64621814019538,0.1,-0.694810692774771));
#9229=CARTESIAN_POINT('',(1.64621814019538,0.1,-0.694810692774771));
#9230=CARTESIAN_POINT('',(1.64621814019538,0.1,-0.85));
#9231=CARTESIAN_POINT('Origin',(1.64621814019538,0.1,-0.694810692774771));
#9232=CARTESIAN_POINT('',(1.75,0.,-0.694810692774771));
#9233=CARTESIAN_POINT('',(1.64621814019538,0.,-0.694810692774771));
#9234=CARTESIAN_POINT('',(1.75,0.1,-0.694810692774771));
#9235=CARTESIAN_POINT('',(1.75,0.1,-0.694810692774771));
#9236=CARTESIAN_POINT('',(1.64621814019538,0.1,-0.694810692774771));
#9237=CARTESIAN_POINT('Origin',(1.75,0.1,-0.85));
#9238=CARTESIAN_POINT('',(1.75,0.,-0.85));
#9239=CARTESIAN_POINT('',(1.75,0.1,-0.85));
#9240=CARTESIAN_POINT('Origin',(0.,0.1,0.));
#9241=CARTESIAN_POINT('Origin',(0.,0.,0.));
#9242=CARTESIAN_POINT('Origin',(0.25,0.19,1.227));
#9243=CARTESIAN_POINT('',(0.16,0.19,1.227));
#9244=CARTESIAN_POINT('',(0.34,0.19,1.227));
#9245=CARTESIAN_POINT('Origin',(0.25,0.19,1.227));
#9246=CARTESIAN_POINT('Origin',(0.25,0.19,1.227));
#9247=CARTESIAN_POINT('Origin',(0.25,0.2,0.975));
#9248=CARTESIAN_POINT('',(0.375,0.2,0.975));
#9249=CARTESIAN_POINT('',(0.125,0.2,0.975));
#9250=CARTESIAN_POINT('Origin',(0.25,0.2,0.975));
#9251=CARTESIAN_POINT('',(0.375,0.,0.975));
#9252=CARTESIAN_POINT('',(0.375,0.2,0.975));
#9253=CARTESIAN_POINT('',(0.125,0.,0.975));
#9254=CARTESIAN_POINT('Origin',(0.25,0.,0.975));
#9255=CARTESIAN_POINT('',(0.125,0.2,0.975));
#9256=CARTESIAN_POINT('Origin',(0.375,0.2,0.975));
#9257=CARTESIAN_POINT('',(0.375,0.,1.25));
#9258=CARTESIAN_POINT('',(0.375,0.,0.975));
#9259=CARTESIAN_POINT('',(0.375,0.2,1.25));
#9260=CARTESIAN_POINT('',(0.375,0.2,0.975));
#9261=CARTESIAN_POINT('',(0.375,0.2,1.25));
#9262=CARTESIAN_POINT('Origin',(0.125,0.2,1.25));
#9263=CARTESIAN_POINT('',(0.125,0.,1.25));
#9264=CARTESIAN_POINT('',(0.125,0.,1.25));
#9265=CARTESIAN_POINT('',(0.125,0.2,1.25));
#9266=CARTESIAN_POINT('',(0.125,0.2,1.25));
#9267=CARTESIAN_POINT('',(0.125,0.2,1.25));
#9268=CARTESIAN_POINT('Origin',(0.375,0.2,1.25));
#9269=CARTESIAN_POINT('',(0.34,0.19,1.25));
#9270=CARTESIAN_POINT('',(0.16,0.19,1.25));
#9271=CARTESIAN_POINT('Origin',(0.25,0.19,1.25));
#9272=CARTESIAN_POINT('',(0.16,0.2,1.25));
#9273=CARTESIAN_POINT('',(0.16,0.1,1.25));
#9274=CARTESIAN_POINT('',(0.375,0.2,1.25));
#9275=CARTESIAN_POINT('',(0.375,0.,1.25));
#9276=CARTESIAN_POINT('',(0.34,0.2,1.25));
#9277=CARTESIAN_POINT('',(0.375,0.2,1.25));
#9278=CARTESIAN_POINT('',(0.34,0.1,1.25));
#9279=CARTESIAN_POINT('Origin',(0.25,0.2,0.975));
#9280=CARTESIAN_POINT('',(0.16,0.2,1.227));
#9281=CARTESIAN_POINT('',(0.16,0.2,1.25));
#9282=CARTESIAN_POINT('',(0.34,0.2,1.227));
#9283=CARTESIAN_POINT('Origin',(0.25,0.2,1.227));
#9284=CARTESIAN_POINT('',(0.34,0.2,1.25));
#9285=CARTESIAN_POINT('Origin',(0.25,0.,0.975));
#9286=CARTESIAN_POINT('Origin',(0.16,0.1,1.25));
#9287=CARTESIAN_POINT('',(0.16,0.19,1.227));
#9288=CARTESIAN_POINT('',(0.16,0.1,1.227));
#9289=CARTESIAN_POINT('Origin',(0.25,0.1,1.227));
#9290=CARTESIAN_POINT('',(0.34,0.1,1.227));
#9291=CARTESIAN_POINT('Origin',(0.34,0.1,1.25));
#9292=CARTESIAN_POINT('',(0.34,0.19,1.25));
#9293=CARTESIAN_POINT('Origin',(0.25,0.19,1.227));
#9294=CARTESIAN_POINT('Origin',(0.75,0.19,1.227));
#9295=CARTESIAN_POINT('',(0.66,0.19,1.227));
#9296=CARTESIAN_POINT('',(0.84,0.19,1.227));
#9297=CARTESIAN_POINT('Origin',(0.75,0.19,1.227));
#9298=CARTESIAN_POINT('Origin',(0.75,0.19,1.227));
#9299=CARTESIAN_POINT('Origin',(0.750000000000001,0.2,0.975));
#9300=CARTESIAN_POINT('',(0.875,0.2,0.975));
#9301=CARTESIAN_POINT('',(0.625,0.2,0.975));
#9302=CARTESIAN_POINT('Origin',(0.750000000000001,0.2,0.975));
#9303=CARTESIAN_POINT('',(0.875,0.,0.975));
#9304=CARTESIAN_POINT('',(0.875,0.2,0.975));
#9305=CARTESIAN_POINT('',(0.625,0.,0.975));
#9306=CARTESIAN_POINT('Origin',(0.750000000000001,0.,0.975));
#9307=CARTESIAN_POINT('',(0.625,0.2,0.975));
#9308=CARTESIAN_POINT('Origin',(0.875,0.2,1.25));
#9309=CARTESIAN_POINT('',(0.84,0.19,1.25));
#9310=CARTESIAN_POINT('',(0.66,0.19,1.25));
#9311=CARTESIAN_POINT('Origin',(0.75,0.19,1.25));
#9312=CARTESIAN_POINT('',(0.66,0.2,1.25));
#9313=CARTESIAN_POINT('',(0.66,0.1,1.25));
#9314=CARTESIAN_POINT('',(0.625,0.2,1.25));
#9315=CARTESIAN_POINT('',(0.875,0.2,1.25));
#9316=CARTESIAN_POINT('',(0.625,0.,1.25));
#9317=CARTESIAN_POINT('',(0.625,0.2,1.25));
#9318=CARTESIAN_POINT('',(0.875,0.,1.25));
#9319=CARTESIAN_POINT('',(0.875,0.,1.25));
#9320=CARTESIAN_POINT('',(0.875,0.2,1.25));
#9321=CARTESIAN_POINT('',(0.875,0.2,1.25));
#9322=CARTESIAN_POINT('',(0.84,0.2,1.25));
#9323=CARTESIAN_POINT('',(0.875,0.2,1.25));
#9324=CARTESIAN_POINT('',(0.84,0.1,1.25));
#9325=CARTESIAN_POINT('Origin',(0.875,0.2,0.975));
#9326=CARTESIAN_POINT('',(0.875,0.,0.975));
#9327=CARTESIAN_POINT('',(0.875,0.2,0.975));
#9328=CARTESIAN_POINT('Origin',(0.625,0.2,1.25));
#9329=CARTESIAN_POINT('',(0.625,0.,1.25));
#9330=CARTESIAN_POINT('',(0.625,0.2,1.25));
#9331=CARTESIAN_POINT('Origin',(0.750000000000001,0.2,0.975));
#9332=CARTESIAN_POINT('',(0.66,0.2,1.227));
#9333=CARTESIAN_POINT('',(0.66,0.2,1.25));
#9334=CARTESIAN_POINT('',(0.84,0.2,1.227));
#9335=CARTESIAN_POINT('Origin',(0.75,0.2,1.227));
#9336=CARTESIAN_POINT('',(0.84,0.2,1.25));
#9337=CARTESIAN_POINT('Origin',(0.750000000000001,0.,0.975));
#9338=CARTESIAN_POINT('Origin',(0.66,0.1,1.25));
#9339=CARTESIAN_POINT('',(0.66,0.19,1.227));
#9340=CARTESIAN_POINT('',(0.66,0.1,1.227));
#9341=CARTESIAN_POINT('Origin',(0.75,0.1,1.227));
#9342=CARTESIAN_POINT('',(0.84,0.1,1.227));
#9343=CARTESIAN_POINT('Origin',(0.84,0.1,1.25));
#9344=CARTESIAN_POINT('',(0.84,0.19,1.25));
#9345=CARTESIAN_POINT('Origin',(0.75,0.19,1.227));
#9346=CARTESIAN_POINT('Origin',(-1.25,0.19,1.227));
#9347=CARTESIAN_POINT('',(-1.34,0.19,1.227));
#9348=CARTESIAN_POINT('',(-1.16,0.19,1.227));
#9349=CARTESIAN_POINT('Origin',(-1.25,0.19,1.227));
#9350=CARTESIAN_POINT('Origin',(-1.25,0.19,1.227));
#9351=CARTESIAN_POINT('Origin',(-1.25,0.2,0.975));
#9352=CARTESIAN_POINT('',(-1.125,0.2,0.975));
#9353=CARTESIAN_POINT('',(-1.375,0.2,0.975));
#9354=CARTESIAN_POINT('Origin',(-1.25,0.2,0.975));
#9355=CARTESIAN_POINT('',(-1.125,0.,0.975));
#9356=CARTESIAN_POINT('',(-1.125,0.2,0.975));
#9357=CARTESIAN_POINT('',(-1.375,0.,0.975));
#9358=CARTESIAN_POINT('Origin',(-1.25,0.,0.975));
#9359=CARTESIAN_POINT('',(-1.375,0.2,0.975));
#9360=CARTESIAN_POINT('Origin',(-1.375,0.2,0.975));
#9361=CARTESIAN_POINT('',(-1.375,0.,1.25));
#9362=CARTESIAN_POINT('',(-1.375,0.,0.975));
#9363=CARTESIAN_POINT('',(-1.375,0.2,1.25));
#9364=CARTESIAN_POINT('',(-1.375,0.2,1.25));
#9365=CARTESIAN_POINT('',(-1.375,0.2,0.975));
#9366=CARTESIAN_POINT('Origin',(-1.375,0.2,1.25));
#9367=CARTESIAN_POINT('',(-1.16,0.19,1.25));
#9368=CARTESIAN_POINT('',(-1.34,0.19,1.25));
#9369=CARTESIAN_POINT('Origin',(-1.25,0.19,1.25));
#9370=CARTESIAN_POINT('',(-1.34,0.2,1.25));
#9371=CARTESIAN_POINT('',(-1.34,0.1,1.25));
#9372=CARTESIAN_POINT('',(-1.375,0.2,1.25));
#9373=CARTESIAN_POINT('',(-1.125,0.,1.25));
#9374=CARTESIAN_POINT('',(-1.375,0.,1.25));
#9375=CARTESIAN_POINT('',(-1.125,0.2,1.25));
#9376=CARTESIAN_POINT('',(-1.125,0.2,1.25));
#9377=CARTESIAN_POINT('',(-1.16,0.2,1.25));
#9378=CARTESIAN_POINT('',(-1.375,0.2,1.25));
#9379=CARTESIAN_POINT('',(-1.16,0.1,1.25));
#9380=CARTESIAN_POINT('Origin',(-1.125,0.2,1.25));
#9381=CARTESIAN_POINT('',(-1.125,0.,1.25));
#9382=CARTESIAN_POINT('',(-1.125,0.2,1.25));
#9383=CARTESIAN_POINT('Origin',(-1.25,0.2,0.975));
#9384=CARTESIAN_POINT('',(-1.34,0.2,1.227));
#9385=CARTESIAN_POINT('',(-1.34,0.2,1.25));
#9386=CARTESIAN_POINT('',(-1.16,0.2,1.227));
#9387=CARTESIAN_POINT('Origin',(-1.25,0.2,1.227));
#9388=CARTESIAN_POINT('',(-1.16,0.2,1.25));
#9389=CARTESIAN_POINT('Origin',(-1.25,0.,0.975));
#9390=CARTESIAN_POINT('Origin',(-1.34,0.1,1.25));
#9391=CARTESIAN_POINT('',(-1.34,0.19,1.227));
#9392=CARTESIAN_POINT('',(-1.34,0.1,1.227));
#9393=CARTESIAN_POINT('Origin',(-1.25,0.1,1.227));
#9394=CARTESIAN_POINT('',(-1.16,0.1,1.227));
#9395=CARTESIAN_POINT('Origin',(-1.16,0.1,1.25));
#9396=CARTESIAN_POINT('',(-1.16,0.19,1.25));
#9397=CARTESIAN_POINT('Origin',(-1.25,0.19,1.227));
#9398=CARTESIAN_POINT('Origin',(-0.750000000000001,0.19,1.227));
#9399=CARTESIAN_POINT('',(-0.840000000000001,0.19,1.227));
#9400=CARTESIAN_POINT('',(-0.66,0.19,1.227));
#9401=CARTESIAN_POINT('Origin',(-0.750000000000001,0.19,1.227));
#9402=CARTESIAN_POINT('Origin',(-0.750000000000001,0.19,1.227));
#9403=CARTESIAN_POINT('Origin',(-0.750000000000001,0.2,0.975));
#9404=CARTESIAN_POINT('',(-0.625,0.2,0.975));
#9405=CARTESIAN_POINT('',(-0.875,0.2,0.975));
#9406=CARTESIAN_POINT('Origin',(-0.750000000000001,0.2,0.975));
#9407=CARTESIAN_POINT('',(-0.625,0.,0.975));
#9408=CARTESIAN_POINT('',(-0.625,0.2,0.975));
#9409=CARTESIAN_POINT('',(-0.875,0.,0.975));
#9410=CARTESIAN_POINT('Origin',(-0.750000000000001,0.,0.975));
#9411=CARTESIAN_POINT('',(-0.875,0.2,0.975));
#9412=CARTESIAN_POINT('Origin',(-0.875,0.2,0.975));
#9413=CARTESIAN_POINT('',(-0.875,0.,1.25));
#9414=CARTESIAN_POINT('',(-0.875,0.,0.975));
#9415=CARTESIAN_POINT('',(-0.875,0.2,1.25));
#9416=CARTESIAN_POINT('',(-0.875,0.2,1.25));
#9417=CARTESIAN_POINT('',(-0.875,0.2,0.975));
#9418=CARTESIAN_POINT('Origin',(-0.875,0.2,1.25));
#9419=CARTESIAN_POINT('',(-0.66,0.19,1.25));
#9420=CARTESIAN_POINT('',(-0.840000000000001,0.19,1.25));
#9421=CARTESIAN_POINT('Origin',(-0.750000000000001,0.19,1.25));
#9422=CARTESIAN_POINT('',(-0.840000000000001,0.2,1.25));
#9423=CARTESIAN_POINT('',(-0.840000000000001,0.1,1.25));
#9424=CARTESIAN_POINT('',(-0.875,0.2,1.25));
#9425=CARTESIAN_POINT('',(-0.625,0.,1.25));
#9426=CARTESIAN_POINT('',(-0.875,0.,1.25));
#9427=CARTESIAN_POINT('',(-0.625,0.2,1.25));
#9428=CARTESIAN_POINT('',(-0.625,0.2,1.25));
#9429=CARTESIAN_POINT('',(-0.66,0.2,1.25));
#9430=CARTESIAN_POINT('',(-0.875,0.2,1.25));
#9431=CARTESIAN_POINT('',(-0.66,0.1,1.25));
#9432=CARTESIAN_POINT('Origin',(-0.625,0.2,1.25));
#9433=CARTESIAN_POINT('',(-0.625,0.,1.25));
#9434=CARTESIAN_POINT('',(-0.625,0.2,1.25));
#9435=CARTESIAN_POINT('Origin',(-0.750000000000001,0.2,0.975));
#9436=CARTESIAN_POINT('',(-0.840000000000001,0.2,1.227));
#9437=CARTESIAN_POINT('',(-0.840000000000001,0.2,1.25));
#9438=CARTESIAN_POINT('',(-0.66,0.2,1.227));
#9439=CARTESIAN_POINT('Origin',(-0.750000000000001,0.2,1.227));
#9440=CARTESIAN_POINT('',(-0.66,0.2,1.25));
#9441=CARTESIAN_POINT('Origin',(-0.750000000000001,0.,0.975));
#9442=CARTESIAN_POINT('Origin',(-0.840000000000001,0.1,1.25));
#9443=CARTESIAN_POINT('',(-0.840000000000001,0.19,1.227));
#9444=CARTESIAN_POINT('',(-0.840000000000001,0.1,1.227));
#9445=CARTESIAN_POINT('Origin',(-0.750000000000001,0.1,1.227));
#9446=CARTESIAN_POINT('',(-0.66,0.1,1.227));
#9447=CARTESIAN_POINT('Origin',(-0.66,0.1,1.25));
#9448=CARTESIAN_POINT('',(-0.66,0.19,1.25));
#9449=CARTESIAN_POINT('Origin',(-0.750000000000001,0.19,1.227));
#9450=CARTESIAN_POINT('Origin',(1.25,0.19,1.227));
#9451=CARTESIAN_POINT('',(1.16,0.19,1.227));
#9452=CARTESIAN_POINT('',(1.34,0.19,1.227));
#9453=CARTESIAN_POINT('Origin',(1.25,0.19,1.227));
#9454=CARTESIAN_POINT('Origin',(1.25,0.19,1.227));
#9455=CARTESIAN_POINT('Origin',(1.25,0.2,0.975));
#9456=CARTESIAN_POINT('',(1.375,0.2,0.975));
#9457=CARTESIAN_POINT('',(1.125,0.2,0.975));
#9458=CARTESIAN_POINT('Origin',(1.25,0.2,0.975));
#9459=CARTESIAN_POINT('',(1.375,0.,0.975));
#9460=CARTESIAN_POINT('',(1.375,0.2,0.975));
#9461=CARTESIAN_POINT('',(1.125,0.,0.975));
#9462=CARTESIAN_POINT('Origin',(1.25,0.,0.975));
#9463=CARTESIAN_POINT('',(1.125,0.2,0.975));
#9464=CARTESIAN_POINT('Origin',(1.375,0.2,0.975));
#9465=CARTESIAN_POINT('',(1.375,0.,1.25));
#9466=CARTESIAN_POINT('',(1.375,0.,0.975));
#9467=CARTESIAN_POINT('',(1.375,0.2,1.25));
#9468=CARTESIAN_POINT('',(1.375,0.2,0.975));
#9469=CARTESIAN_POINT('',(1.375,0.2,1.25));
#9470=CARTESIAN_POINT('Origin',(1.125,0.2,1.25));
#9471=CARTESIAN_POINT('',(1.125,0.,1.25));
#9472=CARTESIAN_POINT('',(1.125,0.,1.25));
#9473=CARTESIAN_POINT('',(1.125,0.2,1.25));
#9474=CARTESIAN_POINT('',(1.125,0.2,1.25));
#9475=CARTESIAN_POINT('',(1.125,0.2,1.25));
#9476=CARTESIAN_POINT('Origin',(1.375,0.2,1.25));
#9477=CARTESIAN_POINT('',(1.34,0.19,1.25));
#9478=CARTESIAN_POINT('',(1.16,0.19,1.25));
#9479=CARTESIAN_POINT('Origin',(1.25,0.19,1.25));
#9480=CARTESIAN_POINT('',(1.16,0.2,1.25));
#9481=CARTESIAN_POINT('',(1.16,0.1,1.25));
#9482=CARTESIAN_POINT('',(1.375,0.2,1.25));
#9483=CARTESIAN_POINT('',(1.375,0.,1.25));
#9484=CARTESIAN_POINT('',(1.34,0.2,1.25));
#9485=CARTESIAN_POINT('',(1.375,0.2,1.25));
#9486=CARTESIAN_POINT('',(1.34,0.1,1.25));
#9487=CARTESIAN_POINT('Origin',(1.25,0.2,0.975));
#9488=CARTESIAN_POINT('',(1.16,0.2,1.227));
#9489=CARTESIAN_POINT('',(1.16,0.2,1.25));
#9490=CARTESIAN_POINT('',(1.34,0.2,1.227));
#9491=CARTESIAN_POINT('Origin',(1.25,0.2,1.227));
#9492=CARTESIAN_POINT('',(1.34,0.2,1.25));
#9493=CARTESIAN_POINT('Origin',(1.25,0.,0.975));
#9494=CARTESIAN_POINT('Origin',(1.16,0.1,1.25));
#9495=CARTESIAN_POINT('',(1.16,0.19,1.227));
#9496=CARTESIAN_POINT('',(1.16,0.1,1.227));
#9497=CARTESIAN_POINT('Origin',(1.25,0.1,1.227));
#9498=CARTESIAN_POINT('',(1.34,0.1,1.227));
#9499=CARTESIAN_POINT('Origin',(1.34,0.1,1.25));
#9500=CARTESIAN_POINT('',(1.34,0.19,1.25));
#9501=CARTESIAN_POINT('Origin',(1.25,0.19,1.227));
#9502=CARTESIAN_POINT('Origin',(-0.25,0.19,1.227));
#9503=CARTESIAN_POINT('',(-0.340000000000001,0.19,1.227));
#9504=CARTESIAN_POINT('',(-0.16,0.19,1.227));
#9505=CARTESIAN_POINT('Origin',(-0.25,0.19,1.227));
#9506=CARTESIAN_POINT('Origin',(-0.25,0.19,1.227));
#9507=CARTESIAN_POINT('Origin',(-0.25,0.2,0.975));
#9508=CARTESIAN_POINT('',(-0.125,0.2,0.975));
#9509=CARTESIAN_POINT('',(-0.375,0.2,0.975));
#9510=CARTESIAN_POINT('Origin',(-0.25,0.2,0.975));
#9511=CARTESIAN_POINT('',(-0.125,0.,0.975));
#9512=CARTESIAN_POINT('',(-0.125,0.2,0.975));
#9513=CARTESIAN_POINT('',(-0.375,0.,0.975));
#9514=CARTESIAN_POINT('Origin',(-0.25,0.,0.975));
#9515=CARTESIAN_POINT('',(-0.375,0.2,0.975));
#9516=CARTESIAN_POINT('Origin',(-0.375,0.2,0.975));
#9517=CARTESIAN_POINT('',(-0.375,0.,1.25));
#9518=CARTESIAN_POINT('',(-0.375,0.,0.975));
#9519=CARTESIAN_POINT('',(-0.375,0.2,1.25));
#9520=CARTESIAN_POINT('',(-0.375,0.2,1.25));
#9521=CARTESIAN_POINT('',(-0.375,0.2,0.975));
#9522=CARTESIAN_POINT('Origin',(-0.375,0.2,1.25));
#9523=CARTESIAN_POINT('',(-0.16,0.19,1.25));
#9524=CARTESIAN_POINT('',(-0.340000000000001,0.19,1.25));
#9525=CARTESIAN_POINT('Origin',(-0.25,0.19,1.25));
#9526=CARTESIAN_POINT('',(-0.340000000000001,0.2,1.25));
#9527=CARTESIAN_POINT('',(-0.340000000000001,0.1,1.25));
#9528=CARTESIAN_POINT('',(-0.375,0.2,1.25));
#9529=CARTESIAN_POINT('',(-0.125,0.,1.25));
#9530=CARTESIAN_POINT('',(-0.375,0.,1.25));
#9531=CARTESIAN_POINT('',(-0.125,0.2,1.25));
#9532=CARTESIAN_POINT('',(-0.125,0.2,1.25));
#9533=CARTESIAN_POINT('',(-0.16,0.2,1.25));
#9534=CARTESIAN_POINT('',(-0.375,0.2,1.25));
#9535=CARTESIAN_POINT('',(-0.16,0.1,1.25));
#9536=CARTESIAN_POINT('Origin',(-0.125,0.2,1.25));
#9537=CARTESIAN_POINT('',(-0.125,0.,1.25));
#9538=CARTESIAN_POINT('',(-0.125,0.2,1.25));
#9539=CARTESIAN_POINT('Origin',(-0.25,0.2,0.975));
#9540=CARTESIAN_POINT('',(-0.340000000000001,0.2,1.227));
#9541=CARTESIAN_POINT('',(-0.340000000000001,0.2,1.25));
#9542=CARTESIAN_POINT('',(-0.16,0.2,1.227));
#9543=CARTESIAN_POINT('Origin',(-0.25,0.2,1.227));
#9544=CARTESIAN_POINT('',(-0.16,0.2,1.25));
#9545=CARTESIAN_POINT('Origin',(-0.25,0.,0.975));
#9546=CARTESIAN_POINT('Origin',(-0.340000000000001,0.1,1.25));
#9547=CARTESIAN_POINT('',(-0.340000000000001,0.19,1.227));
#9548=CARTESIAN_POINT('',(-0.340000000000001,0.1,1.227));
#9549=CARTESIAN_POINT('Origin',(-0.25,0.1,1.227));
#9550=CARTESIAN_POINT('',(-0.16,0.1,1.227));
#9551=CARTESIAN_POINT('Origin',(-0.16,0.1,1.25));
#9552=CARTESIAN_POINT('',(-0.16,0.19,1.25));
#9553=CARTESIAN_POINT('Origin',(-0.25,0.19,1.227));
#9554=CARTESIAN_POINT('Origin',(-0.25,0.19,-1.227));
#9555=CARTESIAN_POINT('',(-0.16,0.19,-1.227));
#9556=CARTESIAN_POINT('',(-0.34,0.19,-1.227));
#9557=CARTESIAN_POINT('Origin',(-0.25,0.19,-1.227));
#9558=CARTESIAN_POINT('Origin',(-0.25,0.19,-1.227));
#9559=CARTESIAN_POINT('Origin',(-0.25,0.1,-1.227));
#9560=CARTESIAN_POINT('',(-0.34,0.2,-1.227));
#9561=CARTESIAN_POINT('',(-0.34,0.1,-1.227));
#9562=CARTESIAN_POINT('',(-0.16,0.2,-1.227));
#9563=CARTESIAN_POINT('Origin',(-0.25,0.2,-1.227));
#9564=CARTESIAN_POINT('',(-0.16,0.1,-1.227));
#9565=CARTESIAN_POINT('Origin',(-0.250000000000002,0.2,-0.975));
#9566=CARTESIAN_POINT('',(-0.375000000000002,0.,-0.975));
#9567=CARTESIAN_POINT('',(-0.125000000000002,0.,-0.975));
#9568=CARTESIAN_POINT('Origin',(-0.250000000000002,0.,-0.975));
#9569=CARTESIAN_POINT('',(-0.125000000000002,0.2,-0.975));
#9570=CARTESIAN_POINT('',(-0.125000000000002,0.2,-0.975));
#9571=CARTESIAN_POINT('',(-0.375000000000002,0.2,-0.975));
#9572=CARTESIAN_POINT('Origin',(-0.250000000000002,0.2,-0.975));
#9573=CARTESIAN_POINT('',(-0.375000000000002,0.2,-0.975));
#9574=CARTESIAN_POINT('Origin',(-0.125000000000002,0.2,-1.25));
#9575=CARTESIAN_POINT('',(-0.125000000000002,0.,-1.25));
#9576=CARTESIAN_POINT('',(-0.125000000000002,0.,-1.25));
#9577=CARTESIAN_POINT('',(-0.125000000000002,0.2,-1.25));
#9578=CARTESIAN_POINT('',(-0.125000000000002,0.2,-1.25));
#9579=CARTESIAN_POINT('',(-0.125000000000002,0.2,-1.25));
#9580=CARTESIAN_POINT('Origin',(-0.375000000000002,0.2,-1.25));
#9581=CARTESIAN_POINT('',(-0.34,0.2,-1.25));
#9582=CARTESIAN_POINT('',(-0.375000000000002,0.2,-1.25));
#9583=CARTESIAN_POINT('',(-0.375000000000002,0.2,-1.25));
#9584=CARTESIAN_POINT('',(-0.34,0.19,-1.25));
#9585=CARTESIAN_POINT('',(-0.34,0.1,-1.25));
#9586=CARTESIAN_POINT('',(-0.16,0.19,-1.25));
#9587=CARTESIAN_POINT('Origin',(-0.25,0.19,-1.25));
#9588=CARTESIAN_POINT('',(-0.16,0.2,-1.25));
#9589=CARTESIAN_POINT('',(-0.16,0.1,-1.25));
#9590=CARTESIAN_POINT('',(-0.375000000000002,0.2,-1.25));
#9591=CARTESIAN_POINT('',(-0.375000000000002,0.,-1.25));
#9592=CARTESIAN_POINT('',(-0.375000000000002,0.,-1.25));
#9593=CARTESIAN_POINT('',(-0.375000000000002,0.2,-1.25));
#9594=CARTESIAN_POINT('Origin',(-0.375000000000002,0.2,-0.975));
#9595=CARTESIAN_POINT('',(-0.375000000000002,0.,-0.975));
#9596=CARTESIAN_POINT('',(-0.375000000000002,0.2,-0.975));
#9597=CARTESIAN_POINT('Origin',(-0.250000000000002,0.2,-0.975));
#9598=CARTESIAN_POINT('',(-0.34,0.2,-1.25));
#9599=CARTESIAN_POINT('',(-0.16,0.2,-1.25));
#9600=CARTESIAN_POINT('Origin',(-0.250000000000002,0.,-0.975));
#9601=CARTESIAN_POINT('Origin',(-0.34,0.1,-1.25));
#9602=CARTESIAN_POINT('',(-0.34,0.19,-1.25));
#9603=CARTESIAN_POINT('Origin',(-0.16,0.1,-1.25));
#9604=CARTESIAN_POINT('',(-0.16,0.19,-1.25));
#9605=CARTESIAN_POINT('Origin',(-0.25,0.19,-1.227));
#9606=CARTESIAN_POINT('Origin',(-0.75,0.19,-1.227));
#9607=CARTESIAN_POINT('',(-0.66,0.19,-1.227));
#9608=CARTESIAN_POINT('',(-0.84,0.19,-1.227));
#9609=CARTESIAN_POINT('Origin',(-0.75,0.19,-1.227));
#9610=CARTESIAN_POINT('Origin',(-0.75,0.19,-1.227));
#9611=CARTESIAN_POINT('Origin',(-0.75,0.1,-1.227));
#9612=CARTESIAN_POINT('',(-0.84,0.2,-1.227));
#9613=CARTESIAN_POINT('',(-0.84,0.1,-1.227));
#9614=CARTESIAN_POINT('',(-0.66,0.2,-1.227));
#9615=CARTESIAN_POINT('Origin',(-0.75,0.2,-1.227));
#9616=CARTESIAN_POINT('',(-0.66,0.1,-1.227));
#9617=CARTESIAN_POINT('Origin',(-0.750000000000002,0.2,-0.975));
#9618=CARTESIAN_POINT('',(-0.875000000000002,0.,-0.975));
#9619=CARTESIAN_POINT('',(-0.625000000000002,0.,-0.975));
#9620=CARTESIAN_POINT('Origin',(-0.750000000000002,0.,-0.975));
#9621=CARTESIAN_POINT('',(-0.625000000000002,0.2,-0.975));
#9622=CARTESIAN_POINT('',(-0.625000000000002,0.2,-0.975));
#9623=CARTESIAN_POINT('',(-0.875000000000002,0.2,-0.975));
#9624=CARTESIAN_POINT('Origin',(-0.750000000000002,0.2,-0.975));
#9625=CARTESIAN_POINT('',(-0.875000000000002,0.2,-0.975));
#9626=CARTESIAN_POINT('Origin',(-0.625000000000002,0.2,-1.25));
#9627=CARTESIAN_POINT('',(-0.625000000000002,0.,-1.25));
#9628=CARTESIAN_POINT('',(-0.625000000000002,0.,-1.25));
#9629=CARTESIAN_POINT('',(-0.625000000000002,0.2,-1.25));
#9630=CARTESIAN_POINT('',(-0.625000000000002,0.2,-1.25));
#9631=CARTESIAN_POINT('',(-0.625000000000002,0.2,-1.25));
#9632=CARTESIAN_POINT('Origin',(-0.875000000000002,0.2,-1.25));
#9633=CARTESIAN_POINT('',(-0.84,0.2,-1.25));
#9634=CARTESIAN_POINT('',(-0.875000000000002,0.2,-1.25));
#9635=CARTESIAN_POINT('',(-0.875000000000002,0.2,-1.25));
#9636=CARTESIAN_POINT('',(-0.84,0.19,-1.25));
#9637=CARTESIAN_POINT('',(-0.84,0.1,-1.25));
#9638=CARTESIAN_POINT('',(-0.66,0.19,-1.25));
#9639=CARTESIAN_POINT('Origin',(-0.75,0.19,-1.25));
#9640=CARTESIAN_POINT('',(-0.66,0.2,-1.25));
#9641=CARTESIAN_POINT('',(-0.66,0.1,-1.25));
#9642=CARTESIAN_POINT('',(-0.875000000000002,0.2,-1.25));
#9643=CARTESIAN_POINT('',(-0.875000000000002,0.,-1.25));
#9644=CARTESIAN_POINT('',(-0.875000000000002,0.,-1.25));
#9645=CARTESIAN_POINT('',(-0.875000000000002,0.2,-1.25));
#9646=CARTESIAN_POINT('Origin',(-0.875000000000002,0.2,-0.975));
#9647=CARTESIAN_POINT('',(-0.875000000000002,0.,-0.975));
#9648=CARTESIAN_POINT('',(-0.875000000000002,0.2,-0.975));
#9649=CARTESIAN_POINT('Origin',(-0.750000000000002,0.2,-0.975));
#9650=CARTESIAN_POINT('',(-0.84,0.2,-1.25));
#9651=CARTESIAN_POINT('',(-0.66,0.2,-1.25));
#9652=CARTESIAN_POINT('Origin',(-0.750000000000002,0.,-0.975));
#9653=CARTESIAN_POINT('Origin',(-0.84,0.1,-1.25));
#9654=CARTESIAN_POINT('',(-0.84,0.19,-1.25));
#9655=CARTESIAN_POINT('Origin',(-0.66,0.1,-1.25));
#9656=CARTESIAN_POINT('',(-0.66,0.19,-1.25));
#9657=CARTESIAN_POINT('Origin',(-0.75,0.19,-1.227));
#9658=CARTESIAN_POINT('Origin',(-1.25,0.19,-1.227));
#9659=CARTESIAN_POINT('',(-1.16,0.19,-1.227));
#9660=CARTESIAN_POINT('',(-1.34,0.19,-1.227));
#9661=CARTESIAN_POINT('Origin',(-1.25,0.19,-1.227));
#9662=CARTESIAN_POINT('Origin',(-1.25,0.19,-1.227));
#9663=CARTESIAN_POINT('Origin',(-1.25,0.1,-1.227));
#9664=CARTESIAN_POINT('',(-1.34,0.2,-1.227));
#9665=CARTESIAN_POINT('',(-1.34,0.1,-1.227));
#9666=CARTESIAN_POINT('',(-1.16,0.2,-1.227));
#9667=CARTESIAN_POINT('Origin',(-1.25,0.2,-1.227));
#9668=CARTESIAN_POINT('',(-1.16,0.1,-1.227));
#9669=CARTESIAN_POINT('Origin',(-1.25,0.2,-0.975));
#9670=CARTESIAN_POINT('',(-1.375,0.,-0.975));
#9671=CARTESIAN_POINT('',(-1.125,0.,-0.975));
#9672=CARTESIAN_POINT('Origin',(-1.25,0.,-0.975));
#9673=CARTESIAN_POINT('',(-1.125,0.2,-0.975));
#9674=CARTESIAN_POINT('',(-1.125,0.2,-0.975));
#9675=CARTESIAN_POINT('',(-1.375,0.2,-0.975));
#9676=CARTESIAN_POINT('Origin',(-1.25,0.2,-0.975));
#9677=CARTESIAN_POINT('',(-1.375,0.2,-0.975));
#9678=CARTESIAN_POINT('Origin',(-1.125,0.2,-1.25));
#9679=CARTESIAN_POINT('',(-1.125,0.,-1.25));
#9680=CARTESIAN_POINT('',(-1.125,0.,-1.25));
#9681=CARTESIAN_POINT('',(-1.125,0.2,-1.25));
#9682=CARTESIAN_POINT('',(-1.125,0.2,-1.25));
#9683=CARTESIAN_POINT('',(-1.125,0.2,-1.25));
#9684=CARTESIAN_POINT('Origin',(-1.375,0.2,-1.25));
#9685=CARTESIAN_POINT('',(-1.34,0.2,-1.25));
#9686=CARTESIAN_POINT('',(-1.375,0.2,-1.25));
#9687=CARTESIAN_POINT('',(-1.375,0.2,-1.25));
#9688=CARTESIAN_POINT('',(-1.34,0.19,-1.25));
#9689=CARTESIAN_POINT('',(-1.34,0.1,-1.25));
#9690=CARTESIAN_POINT('',(-1.16,0.19,-1.25));
#9691=CARTESIAN_POINT('Origin',(-1.25,0.19,-1.25));
#9692=CARTESIAN_POINT('',(-1.16,0.2,-1.25));
#9693=CARTESIAN_POINT('',(-1.16,0.1,-1.25));
#9694=CARTESIAN_POINT('',(-1.375,0.2,-1.25));
#9695=CARTESIAN_POINT('',(-1.375,0.,-1.25));
#9696=CARTESIAN_POINT('',(-1.375,0.,-1.25));
#9697=CARTESIAN_POINT('',(-1.375,0.2,-1.25));
#9698=CARTESIAN_POINT('Origin',(-1.375,0.2,-0.975));
#9699=CARTESIAN_POINT('',(-1.375,0.,-0.975));
#9700=CARTESIAN_POINT('',(-1.375,0.2,-0.975));
#9701=CARTESIAN_POINT('Origin',(-1.25,0.2,-0.975));
#9702=CARTESIAN_POINT('',(-1.34,0.2,-1.25));
#9703=CARTESIAN_POINT('',(-1.16,0.2,-1.25));
#9704=CARTESIAN_POINT('Origin',(-1.25,0.,-0.975));
#9705=CARTESIAN_POINT('Origin',(-1.34,0.1,-1.25));
#9706=CARTESIAN_POINT('',(-1.34,0.19,-1.25));
#9707=CARTESIAN_POINT('Origin',(-1.16,0.1,-1.25));
#9708=CARTESIAN_POINT('',(-1.16,0.19,-1.25));
#9709=CARTESIAN_POINT('Origin',(-1.25,0.19,-1.227));
#9710=CARTESIAN_POINT('Origin',(1.25,0.19,-1.227));
#9711=CARTESIAN_POINT('',(1.34,0.19,-1.227));
#9712=CARTESIAN_POINT('',(1.16,0.19,-1.227));
#9713=CARTESIAN_POINT('Origin',(1.25,0.19,-1.227));
#9714=CARTESIAN_POINT('Origin',(1.25,0.19,-1.227));
#9715=CARTESIAN_POINT('Origin',(1.25,0.1,-1.227));
#9716=CARTESIAN_POINT('',(1.16,0.2,-1.227));
#9717=CARTESIAN_POINT('',(1.16,0.1,-1.227));
#9718=CARTESIAN_POINT('',(1.34,0.2,-1.227));
#9719=CARTESIAN_POINT('Origin',(1.25,0.2,-1.227));
#9720=CARTESIAN_POINT('',(1.34,0.1,-1.227));
#9721=CARTESIAN_POINT('Origin',(1.25,0.2,-0.975));
#9722=CARTESIAN_POINT('',(1.125,0.,-0.975));
#9723=CARTESIAN_POINT('',(1.375,0.,-0.975));
#9724=CARTESIAN_POINT('Origin',(1.25,0.,-0.975));
#9725=CARTESIAN_POINT('',(1.375,0.2,-0.975));
#9726=CARTESIAN_POINT('',(1.375,0.2,-0.975));
#9727=CARTESIAN_POINT('',(1.125,0.2,-0.975));
#9728=CARTESIAN_POINT('Origin',(1.25,0.2,-0.975));
#9729=CARTESIAN_POINT('',(1.125,0.2,-0.975));
#9730=CARTESIAN_POINT('Origin',(1.375,0.2,-0.975));
#9731=CARTESIAN_POINT('',(1.375,0.,-1.25));
#9732=CARTESIAN_POINT('',(1.375,0.,-0.975));
#9733=CARTESIAN_POINT('',(1.375,0.2,-1.25));
#9734=CARTESIAN_POINT('',(1.375,0.2,-1.25));
#9735=CARTESIAN_POINT('',(1.375,0.2,-0.975));
#9736=CARTESIAN_POINT('Origin',(1.375,0.2,-1.25));
#9737=CARTESIAN_POINT('',(1.16,0.2,-1.25));
#9738=CARTESIAN_POINT('',(1.125,0.2,-1.25));
#9739=CARTESIAN_POINT('',(1.375,0.2,-1.25));
#9740=CARTESIAN_POINT('',(1.16,0.19,-1.25));
#9741=CARTESIAN_POINT('',(1.16,0.1,-1.25));
#9742=CARTESIAN_POINT('',(1.34,0.19,-1.25));
#9743=CARTESIAN_POINT('Origin',(1.25,0.19,-1.25));
#9744=CARTESIAN_POINT('',(1.34,0.2,-1.25));
#9745=CARTESIAN_POINT('',(1.34,0.1,-1.25));
#9746=CARTESIAN_POINT('',(1.375,0.2,-1.25));
#9747=CARTESIAN_POINT('',(1.125,0.,-1.25));
#9748=CARTESIAN_POINT('',(1.375,0.,-1.25));
#9749=CARTESIAN_POINT('',(1.125,0.2,-1.25));
#9750=CARTESIAN_POINT('Origin',(1.125,0.2,-1.25));
#9751=CARTESIAN_POINT('',(1.125,0.,-1.25));
#9752=CARTESIAN_POINT('',(1.125,0.2,-1.25));
#9753=CARTESIAN_POINT('Origin',(1.25,0.2,-0.975));
#9754=CARTESIAN_POINT('',(1.16,0.2,-1.25));
#9755=CARTESIAN_POINT('',(1.34,0.2,-1.25));
#9756=CARTESIAN_POINT('Origin',(1.25,0.,-0.975));
#9757=CARTESIAN_POINT('Origin',(1.16,0.1,-1.25));
#9758=CARTESIAN_POINT('',(1.16,0.19,-1.25));
#9759=CARTESIAN_POINT('Origin',(1.34,0.1,-1.25));
#9760=CARTESIAN_POINT('',(1.34,0.19,-1.25));
#9761=CARTESIAN_POINT('Origin',(1.25,0.19,-1.227));
#9762=CARTESIAN_POINT('Origin',(0.749999999999999,0.19,-1.227));
#9763=CARTESIAN_POINT('',(0.839999999999999,0.19,-1.227));
#9764=CARTESIAN_POINT('',(0.659999999999999,0.19,-1.227));
#9765=CARTESIAN_POINT('Origin',(0.749999999999999,0.19,-1.227));
#9766=CARTESIAN_POINT('Origin',(0.749999999999999,0.19,-1.227));
#9767=CARTESIAN_POINT('Origin',(0.749999999999999,0.1,-1.227));
#9768=CARTESIAN_POINT('',(0.659999999999999,0.2,-1.227));
#9769=CARTESIAN_POINT('',(0.659999999999999,0.1,-1.227));
#9770=CARTESIAN_POINT('',(0.839999999999999,0.2,-1.227));
#9771=CARTESIAN_POINT('Origin',(0.749999999999999,0.2,-1.227));
#9772=CARTESIAN_POINT('',(0.839999999999999,0.1,-1.227));
#9773=CARTESIAN_POINT('Origin',(0.749999999999997,0.2,-0.975));
#9774=CARTESIAN_POINT('',(0.624999999999997,0.,-0.975));
#9775=CARTESIAN_POINT('',(0.874999999999997,0.,-0.975));
#9776=CARTESIAN_POINT('Origin',(0.749999999999997,0.,-0.975));
#9777=CARTESIAN_POINT('',(0.874999999999997,0.2,-0.975));
#9778=CARTESIAN_POINT('',(0.874999999999997,0.2,-0.975));
#9779=CARTESIAN_POINT('',(0.624999999999997,0.2,-0.975));
#9780=CARTESIAN_POINT('Origin',(0.749999999999997,0.2,-0.975));
#9781=CARTESIAN_POINT('',(0.624999999999997,0.2,-0.975));
#9782=CARTESIAN_POINT('Origin',(0.874999999999997,0.2,-0.975));
#9783=CARTESIAN_POINT('',(0.874999999999997,0.,-1.25));
#9784=CARTESIAN_POINT('',(0.874999999999997,0.,-0.975));
#9785=CARTESIAN_POINT('',(0.874999999999997,0.2,-1.25));
#9786=CARTESIAN_POINT('',(0.874999999999997,0.2,-1.25));
#9787=CARTESIAN_POINT('',(0.874999999999997,0.2,-0.975));
#9788=CARTESIAN_POINT('Origin',(0.874999999999997,0.2,-1.25));
#9789=CARTESIAN_POINT('',(0.659999999999999,0.2,-1.25));
#9790=CARTESIAN_POINT('',(0.624999999999997,0.2,-1.25));
#9791=CARTESIAN_POINT('',(0.874999999999997,0.2,-1.25));
#9792=CARTESIAN_POINT('',(0.659999999999999,0.19,-1.25));
#9793=CARTESIAN_POINT('',(0.659999999999999,0.1,-1.25));
#9794=CARTESIAN_POINT('',(0.839999999999999,0.19,-1.25));
#9795=CARTESIAN_POINT('Origin',(0.749999999999999,0.19,-1.25));
#9796=CARTESIAN_POINT('',(0.839999999999999,0.2,-1.25));
#9797=CARTESIAN_POINT('',(0.839999999999999,0.1,-1.25));
#9798=CARTESIAN_POINT('',(0.874999999999997,0.2,-1.25));
#9799=CARTESIAN_POINT('',(0.624999999999997,0.,-1.25));
#9800=CARTESIAN_POINT('',(0.874999999999997,0.,-1.25));
#9801=CARTESIAN_POINT('',(0.624999999999997,0.2,-1.25));
#9802=CARTESIAN_POINT('Origin',(0.624999999999997,0.2,-1.25));
#9803=CARTESIAN_POINT('',(0.624999999999997,0.,-1.25));
#9804=CARTESIAN_POINT('',(0.624999999999997,0.2,-1.25));
#9805=CARTESIAN_POINT('Origin',(0.749999999999997,0.2,-0.975));
#9806=CARTESIAN_POINT('',(0.659999999999999,0.2,-1.25));
#9807=CARTESIAN_POINT('',(0.839999999999999,0.2,-1.25));
#9808=CARTESIAN_POINT('Origin',(0.749999999999997,0.,-0.975));
#9809=CARTESIAN_POINT('Origin',(0.659999999999999,0.1,-1.25));
#9810=CARTESIAN_POINT('',(0.659999999999999,0.19,-1.25));
#9811=CARTESIAN_POINT('Origin',(0.839999999999999,0.1,-1.25));
#9812=CARTESIAN_POINT('',(0.839999999999999,0.19,-1.25));
#9813=CARTESIAN_POINT('Origin',(0.749999999999999,0.19,-1.227));
#9814=CARTESIAN_POINT('Origin',(0.249999999999999,0.19,-1.227));
#9815=CARTESIAN_POINT('',(0.339999999999999,0.19,-1.227));
#9816=CARTESIAN_POINT('',(0.159999999999999,0.19,-1.227));
#9817=CARTESIAN_POINT('Origin',(0.249999999999999,0.19,-1.227));
#9818=CARTESIAN_POINT('Origin',(0.249999999999999,0.19,-1.227));
#9819=CARTESIAN_POINT('Origin',(0.249999999999999,0.1,-1.227));
#9820=CARTESIAN_POINT('',(0.159999999999999,0.2,-1.227));
#9821=CARTESIAN_POINT('',(0.159999999999999,0.1,-1.227));
#9822=CARTESIAN_POINT('',(0.339999999999999,0.2,-1.227));
#9823=CARTESIAN_POINT('Origin',(0.249999999999999,0.2,-1.227));
#9824=CARTESIAN_POINT('',(0.339999999999999,0.1,-1.227));
#9825=CARTESIAN_POINT('Origin',(0.249999999999999,0.2,-0.975));
#9826=CARTESIAN_POINT('',(0.124999999999999,0.,-0.975));
#9827=CARTESIAN_POINT('',(0.374999999999999,0.,-0.975));
#9828=CARTESIAN_POINT('Origin',(0.249999999999999,0.,-0.975));
#9829=CARTESIAN_POINT('',(0.374999999999999,0.2,-0.975));
#9830=CARTESIAN_POINT('',(0.374999999999999,0.2,-0.975));
#9831=CARTESIAN_POINT('',(0.124999999999999,0.2,-0.975));
#9832=CARTESIAN_POINT('Origin',(0.249999999999999,0.2,-0.975));
#9833=CARTESIAN_POINT('',(0.124999999999999,0.2,-0.975));
#9834=CARTESIAN_POINT('Origin',(0.374999999999999,0.2,-0.975));
#9835=CARTESIAN_POINT('',(0.374999999999999,0.,-1.25));
#9836=CARTESIAN_POINT('',(0.374999999999999,0.,-0.975));
#9837=CARTESIAN_POINT('',(0.374999999999999,0.2,-1.25));
#9838=CARTESIAN_POINT('',(0.374999999999999,0.2,-1.25));
#9839=CARTESIAN_POINT('',(0.374999999999999,0.2,-0.975));
#9840=CARTESIAN_POINT('Origin',(0.374999999999999,0.2,-1.25));
#9841=CARTESIAN_POINT('',(0.159999999999999,0.2,-1.25));
#9842=CARTESIAN_POINT('',(0.124999999999999,0.2,-1.25));
#9843=CARTESIAN_POINT('',(0.374999999999999,0.2,-1.25));
#9844=CARTESIAN_POINT('',(0.159999999999999,0.19,-1.25));
#9845=CARTESIAN_POINT('',(0.159999999999999,0.1,-1.25));
#9846=CARTESIAN_POINT('',(0.339999999999999,0.19,-1.25));
#9847=CARTESIAN_POINT('Origin',(0.249999999999999,0.19,-1.25));
#9848=CARTESIAN_POINT('',(0.339999999999999,0.2,-1.25));
#9849=CARTESIAN_POINT('',(0.339999999999999,0.1,-1.25));
#9850=CARTESIAN_POINT('',(0.374999999999999,0.2,-1.25));
#9851=CARTESIAN_POINT('',(0.124999999999999,0.,-1.25));
#9852=CARTESIAN_POINT('',(0.374999999999999,0.,-1.25));
#9853=CARTESIAN_POINT('',(0.124999999999999,0.2,-1.25));
#9854=CARTESIAN_POINT('Origin',(0.124999999999999,0.2,-1.25));
#9855=CARTESIAN_POINT('',(0.124999999999999,0.,-1.25));
#9856=CARTESIAN_POINT('',(0.124999999999999,0.2,-1.25));
#9857=CARTESIAN_POINT('Origin',(0.249999999999999,0.2,-0.975));
#9858=CARTESIAN_POINT('',(0.159999999999999,0.2,-1.25));
#9859=CARTESIAN_POINT('',(0.339999999999999,0.2,-1.25));
#9860=CARTESIAN_POINT('Origin',(0.249999999999999,0.,-0.975));
#9861=CARTESIAN_POINT('Origin',(0.159999999999999,0.1,-1.25));
#9862=CARTESIAN_POINT('',(0.159999999999999,0.19,-1.25));
#9863=CARTESIAN_POINT('Origin',(0.339999999999999,0.1,-1.25));
#9864=CARTESIAN_POINT('',(0.339999999999999,0.19,-1.25));
#9865=CARTESIAN_POINT('Origin',(0.249999999999999,0.19,-1.227));
#9866=CARTESIAN_POINT('Origin',(-1.75,0.2,0.374999999999999));
#9867=CARTESIAN_POINT('',(-1.75,0.19,0.34));
#9868=CARTESIAN_POINT('',(-1.75,0.19,0.16));
#9869=CARTESIAN_POINT('Origin',(-1.75,0.19,0.25));
#9870=CARTESIAN_POINT('',(-1.75,0.2,0.16));
#9871=CARTESIAN_POINT('',(-1.75,0.1,0.16));
#9872=CARTESIAN_POINT('',(-1.75,0.2,0.125000000000001));
#9873=CARTESIAN_POINT('',(-1.75,0.2,0.374999999999999));
#9874=CARTESIAN_POINT('',(-1.75,0.,0.125000000000001));
#9875=CARTESIAN_POINT('',(-1.75,0.2,0.125000000000001));
#9876=CARTESIAN_POINT('',(-1.75,0.,0.374999999999999));
#9877=CARTESIAN_POINT('',(-1.75,0.,0.374999999999999));
#9878=CARTESIAN_POINT('',(-1.75,0.2,0.374999999999999));
#9879=CARTESIAN_POINT('',(-1.75,0.2,0.374999999999999));
#9880=CARTESIAN_POINT('',(-1.75,0.2,0.34));
#9881=CARTESIAN_POINT('',(-1.75,0.2,0.374999999999999));
#9882=CARTESIAN_POINT('',(-1.75,0.1,0.34));
#9883=CARTESIAN_POINT('Origin',(-1.475,0.2,0.374999999999999));
#9884=CARTESIAN_POINT('',(-1.475,0.,0.374999999999999));
#9885=CARTESIAN_POINT('',(-1.475,0.,0.374999999999999));
#9886=CARTESIAN_POINT('',(-1.475,0.2,0.374999999999999));
#9887=CARTESIAN_POINT('',(-1.475,0.2,0.374999999999999));
#9888=CARTESIAN_POINT('',(-1.475,0.2,0.374999999999999));
#9889=CARTESIAN_POINT('Origin',(-1.475,0.2,0.25));
#9890=CARTESIAN_POINT('',(-1.475,0.,0.125000000000001));
#9891=CARTESIAN_POINT('Origin',(-1.475,0.,0.25));
#9892=CARTESIAN_POINT('',(-1.475,0.2,0.125000000000001));
#9893=CARTESIAN_POINT('',(-1.475,0.2,0.125000000000001));
#9894=CARTESIAN_POINT('Origin',(-1.475,0.2,0.25));
#9895=CARTESIAN_POINT('Origin',(-1.75,0.2,0.125000000000001));
#9896=CARTESIAN_POINT('',(-1.75,0.,0.125000000000001));
#9897=CARTESIAN_POINT('',(-1.75,0.2,0.125000000000001));
#9898=CARTESIAN_POINT('Origin',(-1.475,0.2,0.25));
#9899=CARTESIAN_POINT('',(-1.727,0.2,0.16));
#9900=CARTESIAN_POINT('',(-1.75,0.2,0.16));
#9901=CARTESIAN_POINT('',(-1.727,0.2,0.34));
#9902=CARTESIAN_POINT('Origin',(-1.727,0.2,0.25));
#9903=CARTESIAN_POINT('',(-1.75,0.2,0.34));
#9904=CARTESIAN_POINT('Origin',(-1.475,0.,0.25));
#9905=CARTESIAN_POINT('Origin',(-1.75,0.1,0.16));
#9906=CARTESIAN_POINT('',(-1.727,0.19,0.16));
#9907=CARTESIAN_POINT('',(-1.727,0.19,0.16));
#9908=CARTESIAN_POINT('',(-1.727,0.1,0.16));
#9909=CARTESIAN_POINT('Origin',(-1.727,0.1,0.25));
#9910=CARTESIAN_POINT('',(-1.727,0.19,0.34));
#9911=CARTESIAN_POINT('Origin',(-1.727,0.19,0.25));
#9912=CARTESIAN_POINT('',(-1.727,0.1,0.34));
#9913=CARTESIAN_POINT('Origin',(-1.75,0.1,0.34));
#9914=CARTESIAN_POINT('',(-1.75,0.19,0.34));
#9915=CARTESIAN_POINT('Origin',(-1.727,0.19,0.25));
#9916=CARTESIAN_POINT('Origin',(-1.727,0.19,0.25));
#9917=CARTESIAN_POINT('Origin',(-1.727,0.19,0.25));
#9918=CARTESIAN_POINT('Origin',(-1.475,0.2,-0.25));
#9919=CARTESIAN_POINT('',(-1.475,0.,-0.125000000000001));
#9920=CARTESIAN_POINT('',(-1.475,0.,-0.374999999999999));
#9921=CARTESIAN_POINT('Origin',(-1.475,0.,-0.25));
#9922=CARTESIAN_POINT('',(-1.475,0.2,-0.374999999999999));
#9923=CARTESIAN_POINT('',(-1.475,0.2,-0.374999999999999));
#9924=CARTESIAN_POINT('',(-1.475,0.2,-0.125000000000001));
#9925=CARTESIAN_POINT('Origin',(-1.475,0.2,-0.25));
#9926=CARTESIAN_POINT('',(-1.475,0.2,-0.125000000000001));
#9927=CARTESIAN_POINT('Origin',(-1.475,0.2,-0.374999999999999));
#9928=CARTESIAN_POINT('',(-1.75,0.,-0.374999999999999));
#9929=CARTESIAN_POINT('',(-1.475,0.,-0.374999999999999));
#9930=CARTESIAN_POINT('',(-1.75,0.2,-0.374999999999999));
#9931=CARTESIAN_POINT('',(-1.75,0.2,-0.374999999999999));
#9932=CARTESIAN_POINT('',(-1.475,0.2,-0.374999999999999));
#9933=CARTESIAN_POINT('Origin',(-1.75,0.2,-0.374999999999999));
#9934=CARTESIAN_POINT('',(-1.75,0.19,-0.16));
#9935=CARTESIAN_POINT('',(-1.75,0.19,-0.34));
#9936=CARTESIAN_POINT('Origin',(-1.75,0.19,-0.25));
#9937=CARTESIAN_POINT('',(-1.75,0.2,-0.34));
#9938=CARTESIAN_POINT('',(-1.75,0.1,-0.34));
#9939=CARTESIAN_POINT('',(-1.75,0.2,-0.374999999999999));
#9940=CARTESIAN_POINT('',(-1.75,0.,-0.125000000000001));
#9941=CARTESIAN_POINT('',(-1.75,0.,-0.374999999999999));
#9942=CARTESIAN_POINT('',(-1.75,0.2,-0.125000000000001));
#9943=CARTESIAN_POINT('',(-1.75,0.2,-0.125000000000001));
#9944=CARTESIAN_POINT('',(-1.75,0.2,-0.16));
#9945=CARTESIAN_POINT('',(-1.75,0.2,-0.374999999999999));
#9946=CARTESIAN_POINT('',(-1.75,0.1,-0.16));
#9947=CARTESIAN_POINT('Origin',(-1.75,0.2,-0.125000000000001));
#9948=CARTESIAN_POINT('',(-1.75,0.,-0.125000000000001));
#9949=CARTESIAN_POINT('',(-1.75,0.2,-0.125000000000001));
#9950=CARTESIAN_POINT('Origin',(-1.475,0.2,-0.25));
#9951=CARTESIAN_POINT('',(-1.727,0.2,-0.34));
#9952=CARTESIAN_POINT('',(-1.75,0.2,-0.34));
#9953=CARTESIAN_POINT('',(-1.727,0.2,-0.16));
#9954=CARTESIAN_POINT('Origin',(-1.727,0.2,-0.25));
#9955=CARTESIAN_POINT('',(-1.75,0.2,-0.16));
#9956=CARTESIAN_POINT('Origin',(-1.475,0.,-0.25));
#9957=CARTESIAN_POINT('Origin',(-1.75,0.1,-0.34));
#9958=CARTESIAN_POINT('',(-1.727,0.19,-0.34));
#9959=CARTESIAN_POINT('',(-1.727,0.19,-0.34));
#9960=CARTESIAN_POINT('',(-1.727,0.1,-0.34));
#9961=CARTESIAN_POINT('Origin',(-1.727,0.1,-0.25));
#9962=CARTESIAN_POINT('',(-1.727,0.19,-0.16));
#9963=CARTESIAN_POINT('Origin',(-1.727,0.19,-0.25));
#9964=CARTESIAN_POINT('',(-1.727,0.1,-0.16));
#9965=CARTESIAN_POINT('Origin',(-1.75,0.1,-0.16));
#9966=CARTESIAN_POINT('',(-1.75,0.19,-0.16));
#9967=CARTESIAN_POINT('Origin',(-1.727,0.19,-0.25));
#9968=CARTESIAN_POINT('Origin',(-1.727,0.19,-0.25));
#9969=CARTESIAN_POINT('Origin',(-1.727,0.19,-0.25));
#9970=CARTESIAN_POINT('Origin',(1.475,0.2,-0.25));
#9971=CARTESIAN_POINT('',(1.475,0.,-0.374999999999999));
#9972=CARTESIAN_POINT('',(1.475,0.,-0.125000000000001));
#9973=CARTESIAN_POINT('Origin',(1.475,0.,-0.25));
#9974=CARTESIAN_POINT('',(1.475,0.2,-0.125000000000001));
#9975=CARTESIAN_POINT('',(1.475,0.2,-0.125000000000001));
#9976=CARTESIAN_POINT('',(1.475,0.2,-0.374999999999999));
#9977=CARTESIAN_POINT('Origin',(1.475,0.2,-0.25));
#9978=CARTESIAN_POINT('',(1.475,0.2,-0.374999999999999));
#9979=CARTESIAN_POINT('Origin',(1.75,0.2,-0.125000000000001));
#9980=CARTESIAN_POINT('',(1.75,0.,-0.125000000000001));
#9981=CARTESIAN_POINT('',(1.75,0.,-0.125000000000001));
#9982=CARTESIAN_POINT('',(1.75,0.2,-0.125000000000001));
#9983=CARTESIAN_POINT('',(1.75,0.2,-0.125000000000001));
#9984=CARTESIAN_POINT('',(1.75,0.2,-0.125000000000001));
#9985=CARTESIAN_POINT('Origin',(1.75,0.2,-0.374999999999999));
#9986=CARTESIAN_POINT('',(1.75,0.2,-0.34));
#9987=CARTESIAN_POINT('',(1.75,0.2,-0.374999999999999));
#9988=CARTESIAN_POINT('',(1.75,0.2,-0.374999999999999));
#9989=CARTESIAN_POINT('',(1.75,0.19,-0.34));
#9990=CARTESIAN_POINT('',(1.75,0.1,-0.34));
#9991=CARTESIAN_POINT('',(1.75,0.19,-0.16));
#9992=CARTESIAN_POINT('Origin',(1.75,0.19,-0.25));
#9993=CARTESIAN_POINT('',(1.75,0.2,-0.16));
#9994=CARTESIAN_POINT('',(1.75,0.1,-0.16));
#9995=CARTESIAN_POINT('',(1.75,0.2,-0.374999999999999));
#9996=CARTESIAN_POINT('',(1.75,0.,-0.374999999999999));
#9997=CARTESIAN_POINT('',(1.75,0.,-0.374999999999999));
#9998=CARTESIAN_POINT('',(1.75,0.2,-0.374999999999999));
#9999=CARTESIAN_POINT('Origin',(1.475,0.2,-0.374999999999999));
#10000=CARTESIAN_POINT('',(1.475,0.,-0.374999999999999));
#10001=CARTESIAN_POINT('',(1.475,0.2,-0.374999999999999));
#10002=CARTESIAN_POINT('Origin',(1.475,0.2,-0.25));
#10003=CARTESIAN_POINT('',(1.727,0.2,-0.34));
#10004=CARTESIAN_POINT('',(1.727,0.2,-0.16));
#10005=CARTESIAN_POINT('Origin',(1.727,0.2,-0.25));
#10006=CARTESIAN_POINT('',(1.75,0.2,-0.34));
#10007=CARTESIAN_POINT('',(1.75,0.2,-0.16));
#10008=CARTESIAN_POINT('Origin',(1.475,0.,-0.25));
#10009=CARTESIAN_POINT('Origin',(1.727,0.1,-0.25));
#10010=CARTESIAN_POINT('',(1.727,0.19,-0.16));
#10011=CARTESIAN_POINT('',(1.727,0.1,-0.16));
#10012=CARTESIAN_POINT('',(1.727,0.19,-0.34));
#10013=CARTESIAN_POINT('Origin',(1.727,0.19,-0.25));
#10014=CARTESIAN_POINT('',(1.727,0.1,-0.34));
#10015=CARTESIAN_POINT('Origin',(1.75,0.1,-0.34));
#10016=CARTESIAN_POINT('',(1.75,0.19,-0.34));
#10017=CARTESIAN_POINT('Origin',(1.75,0.1,-0.16));
#10018=CARTESIAN_POINT('',(1.75,0.19,-0.16));
#10019=CARTESIAN_POINT('Origin',(1.727,0.19,-0.25));
#10020=CARTESIAN_POINT('Origin',(1.727,0.19,-0.25));
#10021=CARTESIAN_POINT('Origin',(1.727,0.19,-0.25));
#10022=CARTESIAN_POINT('Origin',(1.475,0.2,0.25));
#10023=CARTESIAN_POINT('',(1.475,0.,0.125000000000001));
#10024=CARTESIAN_POINT('',(1.475,0.,0.374999999999999));
#10025=CARTESIAN_POINT('Origin',(1.475,0.,0.25));
#10026=CARTESIAN_POINT('',(1.475,0.2,0.374999999999999));
#10027=CARTESIAN_POINT('',(1.475,0.2,0.374999999999999));
#10028=CARTESIAN_POINT('',(1.475,0.2,0.125000000000001));
#10029=CARTESIAN_POINT('Origin',(1.475,0.2,0.25));
#10030=CARTESIAN_POINT('',(1.475,0.2,0.125000000000001));
#10031=CARTESIAN_POINT('Origin',(1.475,0.2,0.374999999999999));
#10032=CARTESIAN_POINT('',(1.75,0.,0.374999999999999));
#10033=CARTESIAN_POINT('',(1.475,0.,0.374999999999999));
#10034=CARTESIAN_POINT('',(1.75,0.2,0.374999999999999));
#10035=CARTESIAN_POINT('',(1.75,0.2,0.374999999999999));
#10036=CARTESIAN_POINT('',(1.475,0.2,0.374999999999999));
#10037=CARTESIAN_POINT('Origin',(1.75,0.2,0.374999999999999));
#10038=CARTESIAN_POINT('',(1.75,0.2,0.16));
#10039=CARTESIAN_POINT('',(1.75,0.2,0.125000000000001));
#10040=CARTESIAN_POINT('',(1.75,0.2,0.374999999999999));
#10041=CARTESIAN_POINT('',(1.75,0.19,0.16));
#10042=CARTESIAN_POINT('',(1.75,0.1,0.16));
#10043=CARTESIAN_POINT('',(1.75,0.19,0.34));
#10044=CARTESIAN_POINT('Origin',(1.75,0.19,0.25));
#10045=CARTESIAN_POINT('',(1.75,0.2,0.34));
#10046=CARTESIAN_POINT('',(1.75,0.1,0.34));
#10047=CARTESIAN_POINT('',(1.75,0.2,0.374999999999999));
#10048=CARTESIAN_POINT('',(1.75,0.,0.125000000000001));
#10049=CARTESIAN_POINT('',(1.75,0.,0.374999999999999));
#10050=CARTESIAN_POINT('',(1.75,0.2,0.125000000000001));
#10051=CARTESIAN_POINT('Origin',(1.75,0.2,0.125000000000001));
#10052=CARTESIAN_POINT('',(1.75,0.,0.125000000000001));
#10053=CARTESIAN_POINT('',(1.75,0.2,0.125000000000001));
#10054=CARTESIAN_POINT('Origin',(1.475,0.2,0.25));
#10055=CARTESIAN_POINT('',(1.727,0.2,0.16));
#10056=CARTESIAN_POINT('',(1.75,0.2,0.16));
#10057=CARTESIAN_POINT('',(1.727,0.2,0.34));
#10058=CARTESIAN_POINT('',(1.75,0.2,0.34));
#10059=CARTESIAN_POINT('Origin',(1.727,0.2,0.25));
#10060=CARTESIAN_POINT('Origin',(1.475,0.,0.25));
#10061=CARTESIAN_POINT('Origin',(1.727,0.1,0.25));
#10062=CARTESIAN_POINT('',(1.727,0.19,0.34));
#10063=CARTESIAN_POINT('',(1.727,0.1,0.34));
#10064=CARTESIAN_POINT('',(1.727,0.19,0.16));
#10065=CARTESIAN_POINT('Origin',(1.727,0.19,0.25));
#10066=CARTESIAN_POINT('',(1.727,0.1,0.16));
#10067=CARTESIAN_POINT('Origin',(1.75,0.1,0.16));
#10068=CARTESIAN_POINT('',(1.75,0.19,0.16));
#10069=CARTESIAN_POINT('Origin',(1.75,0.1,0.34));
#10070=CARTESIAN_POINT('',(1.75,0.19,0.34));
#10071=CARTESIAN_POINT('Origin',(1.727,0.19,0.25));
#10072=CARTESIAN_POINT('Origin',(1.727,0.19,0.25));
#10073=CARTESIAN_POINT('Origin',(1.727,0.19,0.25));
#10074=CARTESIAN_POINT('',(-0.436583104613449,1.20480224574638,3.84546776137981));
#10075=CARTESIAN_POINT('',(1.31291689538655,1.85480224574638,2.59596776137981));
#10076=CARTESIAN_POINT('',(2.59596776137982,-1.31291689538655,2.05480224574638));
#10077=UNCERTAINTY_MEASURE_WITH_UNIT(LENGTH_MEASURE(0.01),#10087,
'DISTANCE_ACCURACY_VALUE',
'Maximum model space distance between geometric entities at asserted c
onnectivities');
#10078=UNCERTAINTY_MEASURE_WITH_UNIT(LENGTH_MEASURE(0.01),#10087,
'DISTANCE_ACCURACY_VALUE',
'Maximum model space distance between geometric entities at asserted c
onnectivities');
#10079=UNCERTAINTY_MEASURE_WITH_UNIT(LENGTH_MEASURE(0.01),#10087,
'DISTANCE_ACCURACY_VALUE',
'Maximum model space distance between geometric entities at asserted c
onnectivities');
#10080=UNCERTAINTY_MEASURE_WITH_UNIT(LENGTH_MEASURE(0.01),#10087,
'DISTANCE_ACCURACY_VALUE',
'Maximum model space distance between geometric entities at asserted c
onnectivities');
#10081=UNCERTAINTY_MEASURE_WITH_UNIT(LENGTH_MEASURE(0.01),#10087,
'DISTANCE_ACCURACY_VALUE',
'Maximum model space distance between geometric entities at asserted c
onnectivities');
#10082=(
GEOMETRIC_REPRESENTATION_CONTEXT(3)
GLOBAL_UNCERTAINTY_ASSIGNED_CONTEXT((#10077))
GLOBAL_UNIT_ASSIGNED_CONTEXT((#10087,#10089,#10090))
REPRESENTATION_CONTEXT('','3D')
);
#10083=(
GEOMETRIC_REPRESENTATION_CONTEXT(3)
GLOBAL_UNCERTAINTY_ASSIGNED_CONTEXT((#10078))
GLOBAL_UNIT_ASSIGNED_CONTEXT((#10087,#10089,#10090))
REPRESENTATION_CONTEXT('','3D')
);
#10084=(
GEOMETRIC_REPRESENTATION_CONTEXT(3)
GLOBAL_UNCERTAINTY_ASSIGNED_CONTEXT((#10079))
GLOBAL_UNIT_ASSIGNED_CONTEXT((#10087,#10089,#10090))
REPRESENTATION_CONTEXT('','3D')
);
#10085=(
GEOMETRIC_REPRESENTATION_CONTEXT(3)
GLOBAL_UNCERTAINTY_ASSIGNED_CONTEXT((#10080))
GLOBAL_UNIT_ASSIGNED_CONTEXT((#10087,#10089,#10090))
REPRESENTATION_CONTEXT('','3D')
);
#10086=(
GEOMETRIC_REPRESENTATION_CONTEXT(3)
GLOBAL_UNCERTAINTY_ASSIGNED_CONTEXT((#10081))
GLOBAL_UNIT_ASSIGNED_CONTEXT((#10087,#10089,#10090))
REPRESENTATION_CONTEXT('','3D')
);
#10087=(
LENGTH_UNIT()
NAMED_UNIT(*)
SI_UNIT(.MILLI.,.METRE.)
);
#10088=(
LENGTH_UNIT()
NAMED_UNIT(*)
SI_UNIT($,.METRE.)
);
#10089=(
NAMED_UNIT(*)
PLANE_ANGLE_UNIT()
SI_UNIT($,.RADIAN.)
);
#10090=(
NAMED_UNIT(*)
SI_UNIT($,.STERADIAN.)
SOLID_ANGLE_UNIT()
);
#10091=SHAPE_DEFINITION_REPRESENTATION(#10095,#10102);
#10092=SHAPE_DEFINITION_REPRESENTATION(#10096,#10103);
#10093=SHAPE_DEFINITION_REPRESENTATION(#10097,#10104);
#10094=SHAPE_DEFINITION_REPRESENTATION(#10098,#10105);
#10095=PRODUCT_DEFINITION_SHAPE('',$,#10107);
#10096=PRODUCT_DEFINITION_SHAPE('',$,#10108);
#10097=PRODUCT_DEFINITION_SHAPE('',$,#10109);
#10098=PRODUCT_DEFINITION_SHAPE('',$,#10110);
#10099=PRODUCT_DEFINITION_SHAPE($,$,#20);
#10100=PRODUCT_DEFINITION_SHAPE($,$,#21);
#10101=PRODUCT_DEFINITION_SHAPE($,$,#22);
#10102=SHAPE_REPRESENTATION('',(#6153,#6668),#10082);
#10103=SHAPE_REPRESENTATION('',(#6154,#6666,#6667),#10083);
#10104=SHAPE_REPRESENTATION('',(#6155),#10084);
#10105=SHAPE_REPRESENTATION('',(#6347),#10085);
#10106=PRODUCT_DEFINITION_CONTEXT('part definition',#10120,'design');
#10107=PRODUCT_DEFINITION('SOT763-1','(Unsaved)',#10111,#10106);
#10108=PRODUCT_DEFINITION('2026-09-22-22-26-08-172',' SOT763-1',#10112,
#10106);
#10109=PRODUCT_DEFINITION('SOT763-1 Mold Body','SOT763-1 Mold Body',#10113,
#10106);
#10110=PRODUCT_DEFINITION('SOT763-1 LF','SOT763-1 LF',#10114,#10106);
#10111=PRODUCT_DEFINITION_FORMATION('',$,#10122);
#10112=PRODUCT_DEFINITION_FORMATION('',$,#10123);
#10113=PRODUCT_DEFINITION_FORMATION('',$,#10124);
#10114=PRODUCT_DEFINITION_FORMATION('',$,#10125);
#10115=PRODUCT_RELATED_PRODUCT_CATEGORY('(Unsaved)','(Unsaved)',(#10122));
#10116=PRODUCT_RELATED_PRODUCT_CATEGORY(' SOT763-1',' SOT763-1',(#10123));
#10117=PRODUCT_RELATED_PRODUCT_CATEGORY('SOT763-1 Mold Body',
'SOT763-1 Mold Body',(#10124));
#10118=PRODUCT_RELATED_PRODUCT_CATEGORY('SOT763-1 LF','SOT763-1 LF',(#10125));
#10119=APPLICATION_PROTOCOL_DEFINITION('international standard',
'automotive_design',2009,#10120);
#10120=APPLICATION_CONTEXT(
'Core Data for Automotive Mechanical Design Process');
#10121=PRODUCT_CONTEXT('part definition',#10120,'mechanical');
#10122=PRODUCT('SOT763-1','(Unsaved)',
'3D model for products with SOT763-1 package',(#10121));
#10123=PRODUCT('2026-09-22-22-26-08-172',' SOT763-1',$,(#10121));
#10124=PRODUCT('SOT763-1 Mold Body','SOT763-1 Mold Body',$,(#10121));
#10125=PRODUCT('SOT763-1 LF','SOT763-1 LF',$,(#10121));
#10126=PRESENTATION_STYLE_ASSIGNMENT((#10131));
#10127=PRESENTATION_STYLE_ASSIGNMENT((#10132));
#10128=PRESENTATION_STYLE_ASSIGNMENT((#10133));
#10129=PRESENTATION_STYLE_ASSIGNMENT((#10134));
#10130=PRESENTATION_STYLE_ASSIGNMENT((#10135));
#10131=SURFACE_STYLE_USAGE(.BOTH.,#10136);
#10132=SURFACE_STYLE_USAGE(.BOTH.,#10137);
#10133=SURFACE_STYLE_USAGE(.BOTH.,#10138);
#10134=SURFACE_STYLE_USAGE(.BOTH.,#10139);
#10135=SURFACE_STYLE_USAGE(.BOTH.,#10140);
#10136=SURFACE_SIDE_STYLE('',(#10141));
#10137=SURFACE_SIDE_STYLE('',(#10142));
#10138=SURFACE_SIDE_STYLE('',(#10143));
#10139=SURFACE_SIDE_STYLE('',(#10144));
#10140=SURFACE_SIDE_STYLE('',(#10145));
#10141=SURFACE_STYLE_FILL_AREA(#10146);
#10142=SURFACE_STYLE_FILL_AREA(#10147);
#10143=SURFACE_STYLE_FILL_AREA(#10148);
#10144=SURFACE_STYLE_FILL_AREA(#10149);
#10145=SURFACE_STYLE_FILL_AREA(#10150);
#10146=FILL_AREA_STYLE('Steel - Satin',(#10151));
#10147=FILL_AREA_STYLE('Opaque(76,76,76)',(#10152));
#10148=FILL_AREA_STYLE('Opaque(202,209,238)',(#10153));
#10149=FILL_AREA_STYLE('Opaque(214,120,94)',(#10154));
#10150=FILL_AREA_STYLE('Opaque(196,196,196)',(#10155));
#10151=FILL_AREA_STYLE_COLOUR('Steel - Satin',#10156);
#10152=FILL_AREA_STYLE_COLOUR('Opaque(76,76,76)',#10157);
#10153=FILL_AREA_STYLE_COLOUR('Opaque(202,209,238)',#10158);
#10154=FILL_AREA_STYLE_COLOUR('Opaque(214,120,94)',#10159);
#10155=FILL_AREA_STYLE_COLOUR('Opaque(196,196,196)',#10160);
#10156=COLOUR_RGB('Steel - Satin',0.627450980392157,0.627450980392157,0.627450980392157);
#10157=COLOUR_RGB('Opaque(76,76,76)',0.298039215686275,0.298039215686275,
0.298039215686275);
#10158=COLOUR_RGB('Opaque(202,209,238)',0.792156862745098,0.819607843137255,
0.933333333333333);
#10159=COLOUR_RGB('Opaque(214,120,94)',0.83921568627451,0.470588235294118,
0.368627450980392);
#10160=COLOUR_RGB('Opaque(196,196,196)',0.768627450980392,0.768627450980392,
0.768627450980392);
ENDSEC;
END-ISO-10303-21;
