ISO-10303-21;
HEADER;
/* Generated by software containing ST-Developer
 * from STEP Tools, Inc. (www.steptools.com) 
 */

FILE_DESCRIPTION(
/* description */ ('STEP AP214'),
/* implementation_level */ '2;1');

FILE_NAME(
/* name */ 'SW_Alps_SKSNLP.step',
/* time_stamp */ '2026-09-21T06:53:10+01:00',
/* author */ (''),
/* organization */ (''),
/* preprocessor_version */ 'ST-DEVELOPER v20.2',
/* originating_system */ 'Autodesk Translation Framework v15.15.0.0',
/* authorisation */ '');

FILE_SCHEMA (('AUTOMOTIVE_DESIGN { 1 0 10303 214 3 1 1 }'));
ENDSEC;

DATA;
#10=MECHANICAL_DESIGN_GEOMETRIC_PRESENTATION_REPRESENTATION('',(#101,#102,
#103,#104,#105,#106,#107,#108,#109,#110,#111,#112,#113,#114,#115,#116,#117,
#118,#119,#120,#121,#122,#123,#124,#125,#126,#127,#128,#129,#130,#131,#132,
#133,#134,#135,#136,#137,#138,#139,#140,#141,#142,#143,#144,#145,#146,#147,
#148,#149,#150,#151,#152,#153,#154,#155,#156,#157,#158,#159,#160,#161,#162,
#163,#164,#165,#166,#167,#168,#169,#170,#171,#172,#173,#174,#175,#176,#177,
#178,#179,#180,#181,#182,#183,#184,#185,#186,#187,#188,#189,#190,#191,#192,
#193,#194,#195,#196,#197,#198,#199,#200,#201,#202,#203,#204,#205,#206,#207,
#208,#209,#210,#211,#212,#213,#214,#215,#216,#217,#218,#219,#220,#221,#222,
#223,#224,#225,#226,#227,#228,#229,#230,#231,#232,#233,#234,#235,#236,#237,
#238,#239,#240,#241,#242,#243,#244,#245,#246,#247,#248,#249,#250,#251,#252,
#253,#254,#255,#256,#257,#258,#259,#260,#261,#262,#263,#264,#265,#266,#267,
#268,#269,#270,#271,#272,#273,#274,#275,#276,#277,#278,#279,#280,#281,#282,
#283,#284,#285,#286,#287,#288,#289,#290,#291,#292,#293,#294,#295,#296,#297,
#298,#299,#300,#301,#302,#303,#304,#305,#306,#307,#308,#309,#310,#311,#312,
#313,#314,#315,#316,#317,#318,#319,#320,#321,#322,#323,#324,#325,#326,#327,
#328,#329,#330,#331,#332,#333,#334,#335,#336,#337,#338,#339,#340,#341,#342,
#343,#344,#345,#346,#347,#348,#349,#350,#351,#352,#353,#354,#355,#356,#357,
#358,#359,#360,#361,#362,#363,#364,#365,#366,#367,#368,#369,#370,#371,#372,
#373,#374,#375,#376,#377,#378,#379,#380,#381,#382,#383,#384,#385,#386,#387,
#388,#389,#390,#391,#392,#393,#394,#395,#396,#397,#398,#399,#400,#401,#402,
#403,#404,#405,#406,#407,#408,#409,#410,#411,#412,#413,#414,#415,#416,#417,
#418,#419,#420,#421,#422,#423,#424,#425,#426,#427,#428,#429,#430,#431,#432,
#433,#434,#435,#436,#437,#438,#439,#440,#441,#442,#443,#444,#445,#446,#447,
#448,#449,#450,#451,#452,#453,#454,#455,#456,#457,#458,#459,#460,#461,#462,
#463,#464,#465,#466,#467,#468,#469,#470,#471,#472,#473,#474,#475,#476,#477,
#478,#479,#480,#481,#482,#483,#484,#485,#486,#487,#488,#489,#490,#491,#492,
#493,#494,#495,#496,#497,#498,#499,#500,#501,#502,#503,#504,#505,#506,#507,
#508,#509,#510,#511,#512,#513,#514,#515,#516,#517,#518,#519,#520,#521,#522,
#523,#524,#525,#526,#527,#528,#529,#530,#531,#532),#17503);
#11=ITEM_DEFINED_TRANSFORMATION($,$,#10527,#11444);
#12=ITEM_DEFINED_TRANSFORMATION($,$,#10589,#11445);
#13=ITEM_DEFINED_TRANSFORMATION($,$,#10526,#11446);
#14=(
REPRESENTATION_RELATIONSHIP($,$,#17521,#17520)
REPRESENTATION_RELATIONSHIP_WITH_TRANSFORMATION(#11)
SHAPE_REPRESENTATION_RELATIONSHIP()
);
#15=(
REPRESENTATION_RELATIONSHIP($,$,#17522,#17520)
REPRESENTATION_RELATIONSHIP_WITH_TRANSFORMATION(#12)
SHAPE_REPRESENTATION_RELATIONSHIP()
);
#16=(
REPRESENTATION_RELATIONSHIP($,$,#17520,#17519)
REPRESENTATION_RELATIONSHIP_WITH_TRANSFORMATION(#13)
SHAPE_REPRESENTATION_RELATIONSHIP()
);
#17=CONTEXT_DEPENDENT_SHAPE_REPRESENTATION(#14,#17516);
#18=CONTEXT_DEPENDENT_SHAPE_REPRESENTATION(#15,#17517);
#19=CONTEXT_DEPENDENT_SHAPE_REPRESENTATION(#16,#17518);
#20=NEXT_ASSEMBLY_USAGE_OCCURRENCE(
'072BA0205A02_S__X2_4e2d629c304d30e230c730eb7528_X0__3:1',
'072BA0205A02_S__X2_4e2d629c304d30e230c730eb7528_X0__3:1',
'072BA0205A02_S__X2_4e2d629c304d30e230c730eb7528_X0__3:1',#17525,#17526,
'072BA0205A02_S__X2_4e2d629c304d30e230c730eb7528_X0__3:1');
#21=NEXT_ASSEMBLY_USAGE_OCCURRENCE('Part2_default_3:1',
'Part2_default_3:1','Part2_default_3:1',#17525,#17527,
'Part2_default_3:1');
#22=NEXT_ASSEMBLY_USAGE_OCCURRENCE('SKSNLP:1','SKSNLP:1','SKSNLP:1',#17524,
#17525,'SKSNLP:1');
#23=(
BOUNDED_CURVE()
B_SPLINE_CURVE(2,(#17433,#17434,#17435),.UNSPECIFIED.,.F.,.F.)
B_SPLINE_CURVE_WITH_KNOTS((3,3),(0.106253164230388,0.196529743024157),
 .UNSPECIFIED.)
CURVE()
GEOMETRIC_REPRESENTATION_ITEM()
RATIONAL_B_SPLINE_CURVE((1.,1.,1.))
REPRESENTATION_ITEM('')
);
#24=(
BOUNDED_CURVE()
B_SPLINE_CURVE(2,(#17447,#17448,#17449),.UNSPECIFIED.,.F.,.F.)
B_SPLINE_CURVE_WITH_KNOTS((3,3),(-0.195611776122336,-0.106250240383121),
 .UNSPECIFIED.)
CURVE()
GEOMETRIC_REPRESENTATION_ITEM()
RATIONAL_B_SPLINE_CURVE((1.,1.,1.))
REPRESENTATION_ITEM('')
);
#25=FACE_BOUND('',#1380,.T.);
#26=FACE_BOUND('',#1474,.T.);
#27=FACE_BOUND('',#1475,.T.);
#28=FACE_BOUND('',#1476,.T.);
#29=B_SPLINE_CURVE_WITH_KNOTS('',3,(#15208,#15209,#15210,#15211,#15212,
#15213),.UNSPECIFIED.,.F.,.F.,(4,2,4),(-0.00036137158599984,-0.000180685591607567,
0.),.UNSPECIFIED.);
#30=B_SPLINE_CURVE_WITH_KNOTS('',3,(#15214,#15215,#15216,#15217,#15218,
#15219),.UNSPECIFIED.,.F.,.F.,(4,2,4),(-0.000120496671218033,-6.02483366228162E-5,
0.),.UNSPECIFIED.);
#31=B_SPLINE_CURVE_WITH_KNOTS('',3,(#15361,#15362,#15363,#15364,#15365,
#15366),.UNSPECIFIED.,.F.,.F.,(4,2,4),(0.,0.000180685591593715,0.000361371585958195),
 .UNSPECIFIED.);
#32=B_SPLINE_CURVE_WITH_KNOTS('',3,(#15369,#15370,#15371,#15372,#15373,
#15374),.UNSPECIFIED.,.F.,.F.,(4,2,4),(0.,6.02483366216898E-5,0.000120496671215409),
 .UNSPECIFIED.);
#33=B_SPLINE_CURVE_WITH_KNOTS('',3,(#17208,#17209,#17210,#17211),
 .UNSPECIFIED.,.F.,.F.,(4,4),(0.000587386252715051,1.),.UNSPECIFIED.);
#34=B_SPLINE_CURVE_WITH_KNOTS('',3,(#17213,#17214,#17215,#17216),
 .UNSPECIFIED.,.F.,.F.,(4,4),(0.,1.),.UNSPECIFIED.);
#35=B_SPLINE_CURVE_WITH_KNOTS('',3,(#17218,#17219,#17220,#17221),
 .UNSPECIFIED.,.F.,.F.,(4,4),(0.,1.),.UNSPECIFIED.);
#36=B_SPLINE_CURVE_WITH_KNOTS('',3,(#17223,#17224,#17225,#17226),
 .UNSPECIFIED.,.F.,.F.,(4,4),(0.,1.),.UNSPECIFIED.);
#37=B_SPLINE_CURVE_WITH_KNOTS('',3,(#17262,#17263,#17264,#17265,#17266,
#17267,#17268,#17269,#17270,#17271,#17272,#17273),.UNSPECIFIED.,.F.,.F.,
(4,2,2,2,2,4),(-0.122592010936167,-0.11341810324442,-0.102780465965904,
-0.0931287097071871,-0.0834769534484705,-0.0829026798098901),
 .UNSPECIFIED.);
#38=B_SPLINE_CURVE_WITH_KNOTS('',3,(#17281,#17282,#17283,#17284,#17285,
#17286,#17287,#17288,#17289,#17290,#17291,#17292),.UNSPECIFIED.,.F.,.F.,
(4,2,2,2,2,4),(-0.086562033441653,-0.0859877598029782,-0.0763360035442612,
-0.0666842472855441,-0.0560466100070281,-0.0544822428677354),
 .UNSPECIFIED.);
#39=B_SPLINE_CURVE_WITH_KNOTS('',3,(#17427,#17428,#17429,#17430),
 .UNSPECIFIED.,.F.,.F.,(4,4),(1.47778297689269E-15,0.000654880968729399),
 .UNSPECIFIED.);
#40=B_SPLINE_CURVE_WITH_KNOTS('',3,(#17454,#17455,#17456,#17457),
 .UNSPECIFIED.,.F.,.F.,(4,4),(5.96388040136852E-16,0.000654880968727164),
 .UNSPECIFIED.);
#41=B_SPLINE_SURFACE_WITH_KNOTS('',1,3,((#15197,#15198,#15199,#15200),(#15201,
#15202,#15203,#15204)),.UNSPECIFIED.,.F.,.F.,.F.,(2,2),(4,4),(0.,1.),(0.,
1.),.UNSPECIFIED.);
#42=B_SPLINE_SURFACE_WITH_KNOTS('',1,3,((#15352,#15353,#15354,#15355),(#15356,
#15357,#15358,#15359)),.UNSPECIFIED.,.F.,.F.,.F.,(2,2),(4,4),(0.,1.),(0.,
1.),.UNSPECIFIED.);
#43=(
BOUNDED_SURFACE()
B_SPLINE_SURFACE(3,2,((#15023,#15024,#15025),(#15026,#15027,#15028),(#15029,
#15030,#15031),(#15032,#15033,#15034)),.UNSPECIFIED.,.F.,.F.,.F.)
B_SPLINE_SURFACE_WITH_KNOTS((4,4),(3,3),(5.49900597855614,6.28318530717959),
(0.,1.),.UNSPECIFIED.)
GEOMETRIC_REPRESENTATION_ITEM()
RATIONAL_B_SPLINE_SURFACE(((1.,0.724352378592791,1.),(1.,0.728818269049334,
1.),(1.,0.731370866966448,1.),(1.,0.731347607452349,1.)))
REPRESENTATION_ITEM('')
SURFACE()
);
#44=(
BOUNDED_SURFACE()
B_SPLINE_SURFACE(3,2,((#15044,#15045,#15046),(#15047,#15048,#15049),(#15050,
#15051,#15052),(#15053,#15054,#15055)),.UNSPECIFIED.,.F.,.F.,.F.)
B_SPLINE_SURFACE_WITH_KNOTS((4,4),(3,3),(-8.88178419700125E-16,0.78417932862345),
(0.,1.),.UNSPECIFIED.)
GEOMETRIC_REPRESENTATION_ITEM()
RATIONAL_B_SPLINE_SURFACE(((1.,0.73134760745235,1.),(1.,0.731370866966447,
1.),(1.,0.728818269049335,1.),(1.,0.724352378592791,1.)))
REPRESENTATION_ITEM('')
SURFACE()
);
#45=(
BOUNDED_SURFACE()
B_SPLINE_SURFACE(3,2,((#15059,#15060,#15061),(#15062,#15063,#15064),(#15065,
#15066,#15067),(#15068,#15069,#15070)),.UNSPECIFIED.,.F.,.F.,.F.)
B_SPLINE_SURFACE_WITH_KNOTS((4,4),(3,3),(5.49900597855614,6.28318530717959),
(0.,1.),.UNSPECIFIED.)
GEOMETRIC_REPRESENTATION_ITEM()
RATIONAL_B_SPLINE_SURFACE(((1.,0.724352378592791,1.),(1.,0.728818269049332,
1.),(1.,0.731370866966445,1.),(1.,0.731347607452352,1.)))
REPRESENTATION_ITEM('')
SURFACE()
);
#46=(
BOUNDED_SURFACE()
B_SPLINE_SURFACE(3,2,((#15078,#15079,#15080),(#15081,#15082,#15083),(#15084,
#15085,#15086),(#15087,#15088,#15089)),.UNSPECIFIED.,.F.,.F.,.F.)
B_SPLINE_SURFACE_WITH_KNOTS((4,4),(3,3),(6.77626357803441E-16,0.78417932862345),
(0.,1.),.UNSPECIFIED.)
GEOMETRIC_REPRESENTATION_ITEM()
RATIONAL_B_SPLINE_SURFACE(((1.,0.73134760745235,1.),(1.,0.731370866966447,
1.),(1.,0.728818269049331,1.),(1.,0.724352378592791,1.)))
REPRESENTATION_ITEM('')
SURFACE()
);
#47=(
BOUNDED_SURFACE()
B_SPLINE_SURFACE(3,2,((#15093,#15094,#15095),(#15096,#15097,#15098),(#15099,
#15100,#15101),(#15102,#15103,#15104)),.UNSPECIFIED.,.F.,.F.,.F.)
B_SPLINE_SURFACE_WITH_KNOTS((4,4),(3,3),(5.49900597855613,6.28318530717959),
(0.,1.),.UNSPECIFIED.)
GEOMETRIC_REPRESENTATION_ITEM()
RATIONAL_B_SPLINE_SURFACE(((1.,0.724352378592791,1.),(1.,0.728818269049334,
1.),(1.,0.731370866966447,1.),(1.,0.73134760745235,1.)))
REPRESENTATION_ITEM('')
SURFACE()
);
#48=(
BOUNDED_SURFACE()
B_SPLINE_SURFACE(3,2,((#15112,#15113,#15114),(#15115,#15116,#15117),(#15118,
#15119,#15120),(#15121,#15122,#15123)),.UNSPECIFIED.,.F.,.F.,.F.)
B_SPLINE_SURFACE_WITH_KNOTS((4,4),(3,3),(-8.88178419700125E-16,0.78417932862345),
(0.,1.),.UNSPECIFIED.)
GEOMETRIC_REPRESENTATION_ITEM()
RATIONAL_B_SPLINE_SURFACE(((1.,0.731347607452352,1.),(1.,0.731370866966448,
1.),(1.,0.728818269049332,1.),(1.,0.724352378592791,1.)))
REPRESENTATION_ITEM('')
SURFACE()
);
#49=(
BOUNDED_SURFACE()
B_SPLINE_SURFACE(3,2,((#15127,#15128,#15129),(#15130,#15131,#15132),(#15133,
#15134,#15135),(#15136,#15137,#15138)),.UNSPECIFIED.,.F.,.F.,.F.)
B_SPLINE_SURFACE_WITH_KNOTS((4,4),(3,3),(5.49900597855614,6.28318530717959),
(0.,1.),.UNSPECIFIED.)
GEOMETRIC_REPRESENTATION_ITEM()
RATIONAL_B_SPLINE_SURFACE(((1.,0.724352378592791,1.),(1.,0.728818269049329,
1.),(1.,0.731370866966448,1.),(1.,0.731347607452351,1.)))
REPRESENTATION_ITEM('')
SURFACE()
);
#50=(
BOUNDED_SURFACE()
B_SPLINE_SURFACE(3,2,((#15146,#15147,#15148),(#15149,#15150,#15151),(#15152,
#15153,#15154),(#15155,#15156,#15157)),.UNSPECIFIED.,.F.,.F.,.F.)
B_SPLINE_SURFACE_WITH_KNOTS((4,4),(3,3),(7.45388993583785E-16,0.78417932862345),
(0.,1.),.UNSPECIFIED.)
GEOMETRIC_REPRESENTATION_ITEM()
RATIONAL_B_SPLINE_SURFACE(((1.,0.731347607452349,1.),(1.,0.73137086696645,
1.),(1.,0.728818269049329,1.),(1.,0.724352378592791,1.)))
REPRESENTATION_ITEM('')
SURFACE()
);
#51=ELLIPSE('',#10681,0.0928805881227213,0.0855221439621089);
#52=ELLIPSE('',#10682,0.0928805881165529,0.0855221439436341);
#53=ELLIPSE('',#10685,0.0928805881225157,0.0855221439617158);
#54=ELLIPSE('',#10686,0.0928805881163272,0.0855221439432333);
#55=ELLIPSE('',#10690,0.0928805881227162,0.085522143962119);
#56=ELLIPSE('',#10691,0.0928805881157963,0.0855221439421897);
#57=ELLIPSE('',#10693,0.0928805881227493,0.0855221439621773);
#58=ELLIPSE('',#10694,0.0928805881163293,0.0855221439432446);
#59=ELLIPSE('',#10710,0.200121908859764,0.2);
#60=ELLIPSE('',#10711,0.200121908859764,0.2);
#61=ELLIPSE('',#10713,0.200121908859764,0.2);
#62=ELLIPSE('',#10714,0.200121908859764,0.2);
#63=ELLIPSE('',#10729,0.1902005822906,0.1);
#64=ELLIPSE('',#10731,0.14142135623731,0.1);
#65=ELLIPSE('',#10738,0.14142135623731,0.1);
#66=ELLIPSE('',#10744,0.1902005822906,0.1);
#67=ELLIPSE('',#10752,0.18548553862038,0.169902447521754);
#68=ELLIPSE('',#10758,0.185485538619655,0.169902447520385);
#69=ELLIPSE('',#10759,0.185485538619677,0.169902447520428);
#70=ELLIPSE('',#10764,0.185485538619956,0.169902447520927);
#71=ELLIPSE('',#10765,0.185485538619907,0.169902447520815);
#72=ELLIPSE('',#10770,0.18548553861963,0.169902447520304);
#73=ELLIPSE('',#10771,0.185485538619587,0.169902447520247);
#74=ELLIPSE('',#10775,0.185485538619633,0.169902447520331);
#75=ELLIPSE('',#11264,0.177436419130392,0.1);
#76=ELLIPSE('',#11267,0.177436419130392,0.1);
#77=ELLIPSE('',#11269,0.177436419130392,0.1);
#78=ELLIPSE('',#11344,0.177436419130392,0.1);
#79=ELLIPSE('',#11346,0.177436419130392,0.1);
#80=ELLIPSE('',#11351,0.177436419130393,0.1);
#81=ELLIPSE('',#11366,0.302455434635961,0.3);
#82=ELLIPSE('',#11410,0.302455434636269,0.300000000000487);
#83=SPHERICAL_SURFACE('',#10640,0.0999999999999948);
#84=SPHERICAL_SURFACE('',#10645,0.0999999999999977);
#85=SPHERICAL_SURFACE('',#10649,0.0999999999999978);
#86=SPHERICAL_SURFACE('',#10653,0.0999999999999938);
#87=CONICAL_SURFACE('',#10624,0.289999999988104,0.0748598477107669);
#88=CONICAL_SURFACE('',#10631,0.289999999988254,0.0748598477107669);
#89=CONICAL_SURFACE('',#10636,0.274999999976237,0.785398163397448);
#90=CONICAL_SURFACE('',#10638,0.275000000004809,0.785398163397448);
#91=CONICAL_SURFACE('',#11425,1.2787397971649,0.0872664626012791);
#92=CONICAL_SURFACE('',#11428,0.332611056126745,0.0872664625934441);
#93=CONICAL_SURFACE('',#11431,1.27839112377607,0.0872664626020567);
#94=ORIENTED_CLOSED_SHELL('',*,#10499,.F.);
#95=ORIENTED_CLOSED_SHELL('',*,#10500,.F.);
#96=BREP_WITH_VOIDS('Body1',#10501,(#94,#95));
#97=SHAPE_REPRESENTATION_RELATIONSHIP('SRR','None',#17521,#99);
#98=SHAPE_REPRESENTATION_RELATIONSHIP('SRR','None',#17522,#100);
#99=ADVANCED_BREP_SHAPE_REPRESENTATION('',(#533),#17501);
#100=ADVANCED_BREP_SHAPE_REPRESENTATION('',(#96),#17502);
#101=STYLED_ITEM('',(#17544),#533);
#102=STYLED_ITEM('',(#17544),#10033);
#103=STYLED_ITEM('',(#17544),#10034);
#104=STYLED_ITEM('',(#17545),#10035);
#105=STYLED_ITEM('',(#17545),#10036);
#106=STYLED_ITEM('',(#17545),#10037);
#107=STYLED_ITEM('',(#17545),#10038);
#108=STYLED_ITEM('',(#17545),#10039);
#109=STYLED_ITEM('',(#17546),#10040);
#110=STYLED_ITEM('',(#17546),#10041);
#111=STYLED_ITEM('',(#17546),#10042);
#112=STYLED_ITEM('',(#17546),#10043);
#113=STYLED_ITEM('',(#17546),#10044);
#114=STYLED_ITEM('',(#17544),#10045);
#115=STYLED_ITEM('',(#17544),#10046);
#116=STYLED_ITEM('',(#17544),#10047);
#117=STYLED_ITEM('',(#17544),#10048);
#118=STYLED_ITEM('',(#17544),#10049);
#119=STYLED_ITEM('',(#17544),#10050);
#120=STYLED_ITEM('',(#17544),#10051);
#121=STYLED_ITEM('',(#17544),#10052);
#122=STYLED_ITEM('',(#17544),#10053);
#123=STYLED_ITEM('',(#17544),#10054);
#124=STYLED_ITEM('',(#17546),#10055);
#125=STYLED_ITEM('',(#17546),#10056);
#126=STYLED_ITEM('',(#17546),#10057);
#127=STYLED_ITEM('',(#17546),#10058);
#128=STYLED_ITEM('',(#17546),#10059);
#129=STYLED_ITEM('',(#17546),#10060);
#130=STYLED_ITEM('',(#17546),#10061);
#131=STYLED_ITEM('',(#17546),#10062);
#132=STYLED_ITEM('',(#17545),#10063);
#133=STYLED_ITEM('',(#17545),#10064);
#134=STYLED_ITEM('',(#17544),#10065);
#135=STYLED_ITEM('',(#17544),#10066);
#136=STYLED_ITEM('',(#17544),#10067);
#137=STYLED_ITEM('',(#17544),#10068);
#138=STYLED_ITEM('',(#17546),#10069);
#139=STYLED_ITEM('',(#17546),#10070);
#140=STYLED_ITEM('',(#17546),#10071);
#141=STYLED_ITEM('',(#17546),#10072);
#142=STYLED_ITEM('',(#17545),#10073);
#143=STYLED_ITEM('',(#17545),#10074);
#144=STYLED_ITEM('',(#17545),#10075);
#145=STYLED_ITEM('',(#17544),#10076);
#146=STYLED_ITEM('',(#17544),#10077);
#147=STYLED_ITEM('',(#17544),#10078);
#148=STYLED_ITEM('',(#17544),#10079);
#149=STYLED_ITEM('',(#17544),#10080);
#150=STYLED_ITEM('',(#17544),#10081);
#151=STYLED_ITEM('',(#17544),#10082);
#152=STYLED_ITEM('',(#17544),#10083);
#153=STYLED_ITEM('',(#17544),#10084);
#154=STYLED_ITEM('',(#17544),#10085);
#155=STYLED_ITEM('',(#17544),#10086);
#156=STYLED_ITEM('',(#17544),#10087);
#157=STYLED_ITEM('',(#17544),#10088);
#158=STYLED_ITEM('',(#17544),#10089);
#159=STYLED_ITEM('',(#17546),#10090);
#160=STYLED_ITEM('',(#17546),#10091);
#161=STYLED_ITEM('',(#17546),#10092);
#162=STYLED_ITEM('',(#17546),#10093);
#163=STYLED_ITEM('',(#17546),#10094);
#164=STYLED_ITEM('',(#17546),#10095);
#165=STYLED_ITEM('',(#17546),#10096);
#166=STYLED_ITEM('',(#17546),#10097);
#167=STYLED_ITEM('',(#17546),#10098);
#168=STYLED_ITEM('',(#17546),#10099);
#169=STYLED_ITEM('',(#17546),#10100);
#170=STYLED_ITEM('',(#17546),#10101);
#171=STYLED_ITEM('',(#17544),#10102);
#172=STYLED_ITEM('',(#17544),#10103);
#173=STYLED_ITEM('',(#17545),#10104);
#174=STYLED_ITEM('',(#17544),#10105);
#175=STYLED_ITEM('',(#17544),#10106);
#176=STYLED_ITEM('',(#17544),#10107);
#177=STYLED_ITEM('',(#17544),#10108);
#178=STYLED_ITEM('',(#17545),#10110);
#179=STYLED_ITEM('',(#17545),#10111);
#180=STYLED_ITEM('',(#17545),#10112);
#181=STYLED_ITEM('',(#17544),#10113);
#182=STYLED_ITEM('',(#17544),#10114);
#183=STYLED_ITEM('',(#17545),#10115);
#184=STYLED_ITEM('',(#17545),#10116);
#185=STYLED_ITEM('',(#17544),#10117);
#186=STYLED_ITEM('',(#17544),#10118);
#187=STYLED_ITEM('',(#17545),#10119);
#188=STYLED_ITEM('',(#17544),#10120);
#189=STYLED_ITEM('',(#17545),#10121);
#190=STYLED_ITEM('',(#17545),#10122);
#191=STYLED_ITEM('',(#17545),#10123);
#192=STYLED_ITEM('',(#17545),#10124);
#193=STYLED_ITEM('',(#17544),#10125);
#194=STYLED_ITEM('',(#17544),#10126);
#195=STYLED_ITEM('',(#17544),#10127);
#196=STYLED_ITEM('',(#17544),#10128);
#197=STYLED_ITEM('',(#17544),#10130);
#198=STYLED_ITEM('',(#17546),#10131);
#199=STYLED_ITEM('',(#17544),#10132);
#200=STYLED_ITEM('',(#17544),#10133);
#201=STYLED_ITEM('',(#17544),#10134);
#202=STYLED_ITEM('',(#17544),#10135);
#203=STYLED_ITEM('',(#17544),#10136);
#204=STYLED_ITEM('',(#17544),#10137);
#205=STYLED_ITEM('',(#17544),#10138);
#206=STYLED_ITEM('',(#17544),#10139);
#207=STYLED_ITEM('',(#17544),#10140);
#208=STYLED_ITEM('',(#17544),#10141);
#209=STYLED_ITEM('',(#17544),#10142);
#210=STYLED_ITEM('',(#17544),#10143);
#211=STYLED_ITEM('',(#17544),#10144);
#212=STYLED_ITEM('',(#17544),#10145);
#213=STYLED_ITEM('',(#17544),#10146);
#214=STYLED_ITEM('',(#17544),#10147);
#215=STYLED_ITEM('',(#17544),#10148);
#216=STYLED_ITEM('',(#17544),#10149);
#217=STYLED_ITEM('',(#17544),#10150);
#218=STYLED_ITEM('',(#17544),#10151);
#219=STYLED_ITEM('',(#17544),#10152);
#220=STYLED_ITEM('',(#17544),#10153);
#221=STYLED_ITEM('',(#17545),#10154);
#222=STYLED_ITEM('',(#17545),#10155);
#223=STYLED_ITEM('',(#17545),#10156);
#224=STYLED_ITEM('',(#17545),#10157);
#225=STYLED_ITEM('',(#17545),#10158);
#226=STYLED_ITEM('',(#17545),#10159);
#227=STYLED_ITEM('',(#17545),#10160);
#228=STYLED_ITEM('',(#17545),#10161);
#229=STYLED_ITEM('',(#17545),#10162);
#230=STYLED_ITEM('',(#17545),#10163);
#231=STYLED_ITEM('',(#17545),#10164);
#232=STYLED_ITEM('',(#17545),#10165);
#233=STYLED_ITEM('',(#17545),#10166);
#234=STYLED_ITEM('',(#17544),#10167);
#235=STYLED_ITEM('',(#17544),#10168);
#236=STYLED_ITEM('',(#17544),#10169);
#237=STYLED_ITEM('',(#17544),#10170);
#238=STYLED_ITEM('',(#17544),#10171);
#239=STYLED_ITEM('',(#17544),#10172);
#240=STYLED_ITEM('',(#17544),#10173);
#241=STYLED_ITEM('',(#17544),#10174);
#242=STYLED_ITEM('',(#17544),#10175);
#243=STYLED_ITEM('',(#17544),#10176);
#244=STYLED_ITEM('',(#17544),#10177);
#245=STYLED_ITEM('',(#17544),#10178);
#246=STYLED_ITEM('',(#17544),#10179);
#247=STYLED_ITEM('',(#17544),#10180);
#248=STYLED_ITEM('',(#17544),#10181);
#249=STYLED_ITEM('',(#17544),#10182);
#250=STYLED_ITEM('',(#17544),#10183);
#251=STYLED_ITEM('',(#17544),#10184);
#252=STYLED_ITEM('',(#17544),#10185);
#253=STYLED_ITEM('',(#17544),#10186);
#254=STYLED_ITEM('',(#17544),#10187);
#255=STYLED_ITEM('',(#17544),#10188);
#256=STYLED_ITEM('',(#17544),#10189);
#257=STYLED_ITEM('',(#17544),#10190);
#258=STYLED_ITEM('',(#17544),#10191);
#259=STYLED_ITEM('',(#17544),#10192);
#260=STYLED_ITEM('',(#17544),#10193);
#261=STYLED_ITEM('',(#17544),#10194);
#262=STYLED_ITEM('',(#17544),#10195);
#263=STYLED_ITEM('',(#17544),#10196);
#264=STYLED_ITEM('',(#17544),#10197);
#265=STYLED_ITEM('',(#17544),#10198);
#266=STYLED_ITEM('',(#17545),#10199);
#267=STYLED_ITEM('',(#17545),#10200);
#268=STYLED_ITEM('',(#17545),#10201);
#269=STYLED_ITEM('',(#17545),#10202);
#270=STYLED_ITEM('',(#17545),#10203);
#271=STYLED_ITEM('',(#17545),#10204);
#272=STYLED_ITEM('',(#17544),#10205);
#273=STYLED_ITEM('',(#17544),#10206);
#274=STYLED_ITEM('',(#17544),#10207);
#275=STYLED_ITEM('',(#17544),#10208);
#276=STYLED_ITEM('',(#17544),#10209);
#277=STYLED_ITEM('',(#17544),#10210);
#278=STYLED_ITEM('',(#17544),#10211);
#279=STYLED_ITEM('',(#17544),#10212);
#280=STYLED_ITEM('',(#17544),#10213);
#281=STYLED_ITEM('',(#17544),#10214);
#282=STYLED_ITEM('',(#17544),#10215);
#283=STYLED_ITEM('',(#17544),#10216);
#284=STYLED_ITEM('',(#17544),#10217);
#285=STYLED_ITEM('',(#17545),#10218);
#286=STYLED_ITEM('',(#17545),#10219);
#287=STYLED_ITEM('',(#17544),#10220);
#288=STYLED_ITEM('',(#17544),#10221);
#289=STYLED_ITEM('',(#17544),#10222);
#290=STYLED_ITEM('',(#17544),#10223);
#291=STYLED_ITEM('',(#17544),#10224);
#292=STYLED_ITEM('',(#17545),#10225);
#293=STYLED_ITEM('',(#17544),#10226);
#294=STYLED_ITEM('',(#17544),#10227);
#295=STYLED_ITEM('',(#17544),#10228);
#296=STYLED_ITEM('',(#17544),#10229);
#297=STYLED_ITEM('',(#17544),#10230);
#298=STYLED_ITEM('',(#17544),#10231);
#299=STYLED_ITEM('',(#17544),#10232);
#300=STYLED_ITEM('',(#17544),#10233);
#301=STYLED_ITEM('',(#17544),#10234);
#302=STYLED_ITEM('',(#17545),#10235);
#303=STYLED_ITEM('',(#17544),#10236);
#304=STYLED_ITEM('',(#17544),#10237);
#305=STYLED_ITEM('',(#17544),#10238);
#306=STYLED_ITEM('',(#17544),#10239);
#307=STYLED_ITEM('',(#17544),#10240);
#308=STYLED_ITEM('',(#17544),#10241);
#309=STYLED_ITEM('',(#17544),#10242);
#310=STYLED_ITEM('',(#17544),#10243);
#311=STYLED_ITEM('',(#17544),#10244);
#312=STYLED_ITEM('',(#17544),#10245);
#313=STYLED_ITEM('',(#17544),#10246);
#314=STYLED_ITEM('',(#17544),#10247);
#315=STYLED_ITEM('',(#17544),#10248);
#316=STYLED_ITEM('',(#17544),#10249);
#317=STYLED_ITEM('',(#17544),#10250);
#318=STYLED_ITEM('',(#17544),#10251);
#319=STYLED_ITEM('',(#17544),#10252);
#320=STYLED_ITEM('',(#17544),#10253);
#321=STYLED_ITEM('',(#17545),#10254);
#322=STYLED_ITEM('',(#17545),#10255);
#323=STYLED_ITEM('',(#17544),#10256);
#324=STYLED_ITEM('',(#17544),#10257);
#325=STYLED_ITEM('',(#17544),#10258);
#326=STYLED_ITEM('',(#17544),#10259);
#327=STYLED_ITEM('',(#17544),#10260);
#328=STYLED_ITEM('',(#17545),#10261);
#329=STYLED_ITEM('',(#17545),#10262);
#330=STYLED_ITEM('',(#17545),#10263);
#331=STYLED_ITEM('',(#17545),#10264);
#332=STYLED_ITEM('',(#17545),#10265);
#333=STYLED_ITEM('',(#17545),#10267);
#334=STYLED_ITEM('',(#17544),#10268);
#335=STYLED_ITEM('',(#17544),#10269);
#336=STYLED_ITEM('',(#17545),#10271);
#337=STYLED_ITEM('',(#17544),#10272);
#338=STYLED_ITEM('',(#17544),#10273);
#339=STYLED_ITEM('',(#17545),#10274);
#340=STYLED_ITEM('',(#17545),#10275);
#341=STYLED_ITEM('',(#17545),#10276);
#342=STYLED_ITEM('',(#17545),#10277);
#343=STYLED_ITEM('',(#17544),#10278);
#344=STYLED_ITEM('',(#17544),#10279);
#345=STYLED_ITEM('',(#17544),#10280);
#346=STYLED_ITEM('',(#17544),#10281);
#347=STYLED_ITEM('',(#17544),#10282);
#348=STYLED_ITEM('',(#17544),#10283);
#349=STYLED_ITEM('',(#17544),#10284);
#350=STYLED_ITEM('',(#17544),#10285);
#351=STYLED_ITEM('',(#17544),#10286);
#352=STYLED_ITEM('',(#17544),#10287);
#353=STYLED_ITEM('',(#17544),#10288);
#354=STYLED_ITEM('',(#17544),#10289);
#355=STYLED_ITEM('',(#17544),#10290);
#356=STYLED_ITEM('',(#17544),#10291);
#357=STYLED_ITEM('',(#17544),#10292);
#358=STYLED_ITEM('',(#17544),#10293);
#359=STYLED_ITEM('',(#17544),#10294);
#360=STYLED_ITEM('',(#17544),#10295);
#361=STYLED_ITEM('',(#17544),#10296);
#362=STYLED_ITEM('',(#17545),#10297);
#363=STYLED_ITEM('',(#17545),#10298);
#364=STYLED_ITEM('',(#17544),#10299);
#365=STYLED_ITEM('',(#17544),#10300);
#366=STYLED_ITEM('',(#17544),#10301);
#367=STYLED_ITEM('',(#17544),#10302);
#368=STYLED_ITEM('',(#17544),#10303);
#369=STYLED_ITEM('',(#17544),#10304);
#370=STYLED_ITEM('',(#17544),#10306);
#371=STYLED_ITEM('',(#17544),#10307);
#372=STYLED_ITEM('',(#17544),#10308);
#373=STYLED_ITEM('',(#17545),#10310);
#374=STYLED_ITEM('',(#17544),#10311);
#375=STYLED_ITEM('',(#17544),#10312);
#376=STYLED_ITEM('',(#17544),#10313);
#377=STYLED_ITEM('',(#17544),#10314);
#378=STYLED_ITEM('',(#17544),#10316);
#379=STYLED_ITEM('',(#17544),#10317);
#380=STYLED_ITEM('',(#17544),#10318);
#381=STYLED_ITEM('',(#17544),#10319);
#382=STYLED_ITEM('',(#17544),#10320);
#383=STYLED_ITEM('',(#17544),#10321);
#384=STYLED_ITEM('',(#17544),#10322);
#385=STYLED_ITEM('',(#17544),#10323);
#386=STYLED_ITEM('',(#17544),#10324);
#387=STYLED_ITEM('',(#17545),#10325);
#388=STYLED_ITEM('',(#17545),#10326);
#389=STYLED_ITEM('',(#17545),#10327);
#390=STYLED_ITEM('',(#17545),#10328);
#391=STYLED_ITEM('',(#17545),#10329);
#392=STYLED_ITEM('',(#17545),#10330);
#393=STYLED_ITEM('',(#17545),#10331);
#394=STYLED_ITEM('',(#17545),#10333);
#395=STYLED_ITEM('',(#17545),#10335);
#396=STYLED_ITEM('',(#17545),#10336);
#397=STYLED_ITEM('',(#17545),#10337);
#398=STYLED_ITEM('',(#17544),#10338);
#399=STYLED_ITEM('',(#17544),#10339);
#400=STYLED_ITEM('',(#17544),#10340);
#401=STYLED_ITEM('',(#17544),#10341);
#402=STYLED_ITEM('',(#17544),#10342);
#403=STYLED_ITEM('',(#17544),#10343);
#404=STYLED_ITEM('',(#17544),#10344);
#405=STYLED_ITEM('',(#17545),#10345);
#406=STYLED_ITEM('',(#17545),#10346);
#407=STYLED_ITEM('',(#17544),#10347);
#408=STYLED_ITEM('',(#17544),#10348);
#409=STYLED_ITEM('',(#17544),#10349);
#410=STYLED_ITEM('',(#17544),#10350);
#411=STYLED_ITEM('',(#17544),#10351);
#412=STYLED_ITEM('',(#17544),#10352);
#413=STYLED_ITEM('',(#17544),#10353);
#414=STYLED_ITEM('',(#17544),#10354);
#415=STYLED_ITEM('',(#17544),#10355);
#416=STYLED_ITEM('',(#17544),#10356);
#417=STYLED_ITEM('',(#17544),#10358);
#418=STYLED_ITEM('',(#17544),#10359);
#419=STYLED_ITEM('',(#17544),#10360);
#420=STYLED_ITEM('',(#17544),#10361);
#421=STYLED_ITEM('',(#17544),#10362);
#422=STYLED_ITEM('',(#17544),#10363);
#423=STYLED_ITEM('',(#17545),#10364);
#424=STYLED_ITEM('',(#17545),#10365);
#425=STYLED_ITEM('',(#17544),#10367);
#426=STYLED_ITEM('',(#17545),#10368);
#427=STYLED_ITEM('',(#17545),#10369);
#428=STYLED_ITEM('',(#17544),#10370);
#429=STYLED_ITEM('',(#17545),#10371);
#430=STYLED_ITEM('',(#17545),#10372);
#431=STYLED_ITEM('',(#17545),#10373);
#432=STYLED_ITEM('',(#17545),#10374);
#433=STYLED_ITEM('',(#17545),#10375);
#434=STYLED_ITEM('',(#17545),#10376);
#435=STYLED_ITEM('',(#17545),#10377);
#436=STYLED_ITEM('',(#17544),#10378);
#437=STYLED_ITEM('',(#17544),#10379);
#438=STYLED_ITEM('',(#17544),#10380);
#439=STYLED_ITEM('',(#17544),#10381);
#440=STYLED_ITEM('',(#17544),#10382);
#441=STYLED_ITEM('',(#17544),#10383);
#442=STYLED_ITEM('',(#17544),#10384);
#443=STYLED_ITEM('',(#17545),#10386);
#444=STYLED_ITEM('',(#17545),#10387);
#445=STYLED_ITEM('',(#17545),#10388);
#446=STYLED_ITEM('',(#17545),#10390);
#447=STYLED_ITEM('',(#17545),#10391);
#448=STYLED_ITEM('',(#17545),#10392);
#449=STYLED_ITEM('',(#17545),#10393);
#450=STYLED_ITEM('',(#17545),#10397);
#451=STYLED_ITEM('',(#17545),#10398);
#452=STYLED_ITEM('',(#17545),#10399);
#453=STYLED_ITEM('',(#17545),#10404);
#454=STYLED_ITEM('',(#17545),#10405);
#455=STYLED_ITEM('',(#17545),#10406);
#456=STYLED_ITEM('',(#17545),#10407);
#457=STYLED_ITEM('',(#17545),#10408);
#458=STYLED_ITEM('',(#17545),#10409);
#459=STYLED_ITEM('',(#17545),#10417);
#460=STYLED_ITEM('',(#17545),#10418);
#461=STYLED_ITEM('',(#17545),#10419);
#462=STYLED_ITEM('',(#17545),#10420);
#463=STYLED_ITEM('',(#17544),#10421);
#464=STYLED_ITEM('',(#17545),#10422);
#465=STYLED_ITEM('',(#17545),#10424);
#466=STYLED_ITEM('',(#17544),#10425);
#467=STYLED_ITEM('',(#17544),#10426);
#468=STYLED_ITEM('',(#17544),#10427);
#469=STYLED_ITEM('',(#17544),#10428);
#470=STYLED_ITEM('',(#17544),#10429);
#471=STYLED_ITEM('',(#17544),#10431);
#472=STYLED_ITEM('',(#17544),#10432);
#473=STYLED_ITEM('',(#17544),#10433);
#474=STYLED_ITEM('',(#17545),#10434);
#475=STYLED_ITEM('',(#17545),#10435);
#476=STYLED_ITEM('',(#17545),#10436);
#477=STYLED_ITEM('',(#17545),#10437);
#478=STYLED_ITEM('',(#17545),#10438);
#479=STYLED_ITEM('',(#17545),#10439);
#480=STYLED_ITEM('',(#17545),#10440);
#481=STYLED_ITEM('',(#17545),#10441);
#482=STYLED_ITEM('',(#17545),#10442);
#483=STYLED_ITEM('',(#17545),#10443);
#484=STYLED_ITEM('',(#17545),#10444);
#485=STYLED_ITEM('',(#17545),#10445);
#486=STYLED_ITEM('',(#17545),#10447);
#487=STYLED_ITEM('',(#17545),#10450);
#488=STYLED_ITEM('',(#17545),#10451);
#489=STYLED_ITEM('',(#17545),#10452);
#490=STYLED_ITEM('',(#17545),#10453);
#491=STYLED_ITEM('',(#17545),#10454);
#492=STYLED_ITEM('',(#17545),#10455);
#493=STYLED_ITEM('',(#17545),#10456);
#494=STYLED_ITEM('',(#17545),#10457);
#495=STYLED_ITEM('',(#17545),#10458);
#496=STYLED_ITEM('',(#17545),#10461);
#497=STYLED_ITEM('',(#17545),#10462);
#498=STYLED_ITEM('',(#17545),#10463);
#499=STYLED_ITEM('',(#17545),#10464);
#500=STYLED_ITEM('',(#17545),#10465);
#501=STYLED_ITEM('',(#17545),#10467);
#502=STYLED_ITEM('',(#17545),#10468);
#503=STYLED_ITEM('',(#17545),#10469);
#504=STYLED_ITEM('',(#17545),#10470);
#505=STYLED_ITEM('',(#17545),#10471);
#506=STYLED_ITEM('',(#17545),#10472);
#507=STYLED_ITEM('',(#17545),#10473);
#508=STYLED_ITEM('',(#17545),#10474);
#509=STYLED_ITEM('',(#17545),#10475);
#510=STYLED_ITEM('',(#17545),#10476);
#511=STYLED_ITEM('',(#17545),#10477);
#512=STYLED_ITEM('',(#17545),#10478);
#513=STYLED_ITEM('',(#17545),#10479);
#514=STYLED_ITEM('',(#17545),#10480);
#515=STYLED_ITEM('',(#17545),#10481);
#516=STYLED_ITEM('',(#17545),#10482);
#517=STYLED_ITEM('',(#17545),#10483);
#518=STYLED_ITEM('',(#17545),#10484);
#519=STYLED_ITEM('',(#17545),#10485);
#520=STYLED_ITEM('',(#17545),#10486);
#521=STYLED_ITEM('',(#17545),#10487);
#522=STYLED_ITEM('',(#17545),#10488);
#523=STYLED_ITEM('',(#17545),#10489);
#524=STYLED_ITEM('',(#17545),#10490);
#525=STYLED_ITEM('',(#17545),#10491);
#526=STYLED_ITEM('',(#17545),#10492);
#527=STYLED_ITEM('',(#17545),#10493);
#528=STYLED_ITEM('',(#17545),#10494);
#529=STYLED_ITEM('',(#17545),#10495);
#530=STYLED_ITEM('',(#17545),#10496);
#531=STYLED_ITEM('',(#17545),#10497);
#532=STYLED_ITEM('',(#17544),#96);
#533=MANIFOLD_SOLID_BREP('Body1',#10498);
#534=CYLINDRICAL_SURFACE('',#10538,0.0499999999999999);
#535=CYLINDRICAL_SURFACE('',#10542,0.1);
#536=CYLINDRICAL_SURFACE('',#10544,0.1);
#537=CYLINDRICAL_SURFACE('',#10549,0.25);
#538=CYLINDRICAL_SURFACE('',#10551,0.1);
#539=CYLINDRICAL_SURFACE('',#10556,0.25);
#540=CYLINDRICAL_SURFACE('',#10566,0.05);
#541=CYLINDRICAL_SURFACE('',#10568,0.1);
#542=CYLINDRICAL_SURFACE('',#10570,0.0999999999999998);
#543=CYLINDRICAL_SURFACE('',#10572,0.0999999999999998);
#544=CYLINDRICAL_SURFACE('',#10575,0.0999999999999998);
#545=CYLINDRICAL_SURFACE('',#10578,0.1);
#546=CYLINDRICAL_SURFACE('',#10581,0.1);
#547=CYLINDRICAL_SURFACE('',#10584,0.1);
#548=CYLINDRICAL_SURFACE('',#10599,0.02);
#549=CYLINDRICAL_SURFACE('',#10600,0.02);
#550=CYLINDRICAL_SURFACE('',#10611,0.02);
#551=CYLINDRICAL_SURFACE('',#10612,0.02);
#552=CYLINDRICAL_SURFACE('',#10614,0.31);
#553=CYLINDRICAL_SURFACE('',#10619,0.31);
#554=CYLINDRICAL_SURFACE('',#10629,0.29);
#555=CYLINDRICAL_SURFACE('',#10657,0.2);
#556=CYLINDRICAL_SURFACE('',#10661,0.0500000000000001);
#557=CYLINDRICAL_SURFACE('',#10665,0.05);
#558=CYLINDRICAL_SURFACE('',#10668,0.05);
#559=CYLINDRICAL_SURFACE('',#10672,0.0500000000000001);
#560=CYLINDRICAL_SURFACE('',#10676,0.2);
#561=CYLINDRICAL_SURFACE('',#10679,0.0999999999999998);
#562=CYLINDRICAL_SURFACE('',#10680,0.1);
#563=CYLINDRICAL_SURFACE('',#10683,0.0999999999999998);
#564=CYLINDRICAL_SURFACE('',#10684,0.1);
#565=CYLINDRICAL_SURFACE('',#10687,0.1);
#566=CYLINDRICAL_SURFACE('',#10688,0.0999999999999998);
#567=CYLINDRICAL_SURFACE('',#10689,0.1);
#568=CYLINDRICAL_SURFACE('',#10692,0.1);
#569=CYLINDRICAL_SURFACE('',#10716,0.3);
#570=CYLINDRICAL_SURFACE('',#10719,0.0999999999999998);
#571=CYLINDRICAL_SURFACE('',#10722,0.1);
#572=CYLINDRICAL_SURFACE('',#10726,0.1);
#573=CYLINDRICAL_SURFACE('',#10732,0.1);
#574=CYLINDRICAL_SURFACE('',#10734,0.3);
#575=CYLINDRICAL_SURFACE('',#10739,0.0999999999999998);
#576=CYLINDRICAL_SURFACE('',#10742,0.1);
#577=CYLINDRICAL_SURFACE('',#10747,0.1);
#578=CYLINDRICAL_SURFACE('',#10750,0.1);
#579=CYLINDRICAL_SURFACE('',#10755,0.1);
#580=CYLINDRICAL_SURFACE('',#10761,0.1);
#581=CYLINDRICAL_SURFACE('',#10767,0.1);
#582=CYLINDRICAL_SURFACE('',#10773,0.1);
#583=CYLINDRICAL_SURFACE('',#10818,0.25);
#584=CYLINDRICAL_SURFACE('',#10821,0.0999999999999998);
#585=CYLINDRICAL_SURFACE('',#10824,0.1);
#586=CYLINDRICAL_SURFACE('',#10828,0.3);
#587=CYLINDRICAL_SURFACE('',#10832,0.1);
#588=CYLINDRICAL_SURFACE('',#10837,0.0500000000000001);
#589=CYLINDRICAL_SURFACE('',#10840,0.1);
#590=CYLINDRICAL_SURFACE('',#10843,0.299999999999999);
#591=CYLINDRICAL_SURFACE('',#10846,0.1);
#592=CYLINDRICAL_SURFACE('',#10850,0.1);
#593=CYLINDRICAL_SURFACE('',#10854,0.1);
#594=CYLINDRICAL_SURFACE('',#10871,0.29);
#595=CYLINDRICAL_SURFACE('',#10872,0.2);
#596=CYLINDRICAL_SURFACE('',#10873,0.2);
#597=CYLINDRICAL_SURFACE('',#10874,0.0999999999999998);
#598=CYLINDRICAL_SURFACE('',#10876,0.25);
#599=CYLINDRICAL_SURFACE('',#10879,0.1);
#600=CYLINDRICAL_SURFACE('',#10883,0.1);
#601=CYLINDRICAL_SURFACE('',#10887,0.1);
#602=CYLINDRICAL_SURFACE('',#10892,0.3);
#603=CYLINDRICAL_SURFACE('',#10893,0.1);
#604=CYLINDRICAL_SURFACE('',#10898,0.0500000000000001);
#605=CYLINDRICAL_SURFACE('',#10901,0.1);
#606=CYLINDRICAL_SURFACE('',#10905,0.3);
#607=CYLINDRICAL_SURFACE('',#10909,0.1);
#608=CYLINDRICAL_SURFACE('',#10914,0.2);
#609=CYLINDRICAL_SURFACE('',#10917,0.2);
#610=CYLINDRICAL_SURFACE('',#10920,0.2);
#611=CYLINDRICAL_SURFACE('',#10923,0.2);
#612=CYLINDRICAL_SURFACE('',#10926,0.300000000000001);
#613=CYLINDRICAL_SURFACE('',#10929,0.3);
#614=CYLINDRICAL_SURFACE('',#10933,0.200000000000001);
#615=CYLINDRICAL_SURFACE('',#10936,0.2);
#616=CYLINDRICAL_SURFACE('',#10940,0.3);
#617=CYLINDRICAL_SURFACE('',#10945,0.1);
#618=CYLINDRICAL_SURFACE('',#10948,0.2);
#619=CYLINDRICAL_SURFACE('',#10949,0.1);
#620=CYLINDRICAL_SURFACE('',#10953,0.1);
#621=CYLINDRICAL_SURFACE('',#10956,0.1);
#622=CYLINDRICAL_SURFACE('',#10959,0.1);
#623=CYLINDRICAL_SURFACE('',#10964,0.1);
#624=CYLINDRICAL_SURFACE('',#10973,0.1);
#625=CYLINDRICAL_SURFACE('',#10977,0.3);
#626=CYLINDRICAL_SURFACE('',#11009,0.1);
#627=CYLINDRICAL_SURFACE('',#11014,0.1);
#628=CYLINDRICAL_SURFACE('',#11017,0.1);
#629=CYLINDRICAL_SURFACE('',#11020,0.1);
#630=CYLINDRICAL_SURFACE('',#11024,0.1);
#631=CYLINDRICAL_SURFACE('',#11027,0.2);
#632=CYLINDRICAL_SURFACE('',#11031,0.3);
#633=CYLINDRICAL_SURFACE('',#11035,0.0999999999999998);
#634=CYLINDRICAL_SURFACE('',#11038,0.0999999999999998);
#635=CYLINDRICAL_SURFACE('',#11040,0.0999999999999998);
#636=CYLINDRICAL_SURFACE('',#11044,0.1);
#637=CYLINDRICAL_SURFACE('',#11047,0.1);
#638=CYLINDRICAL_SURFACE('',#11049,0.399999999999999);
#639=CYLINDRICAL_SURFACE('',#11052,0.2);
#640=CYLINDRICAL_SURFACE('',#11055,0.0999999999999998);
#641=CYLINDRICAL_SURFACE('',#11063,0.1);
#642=CYLINDRICAL_SURFACE('',#11066,0.1);
#643=CYLINDRICAL_SURFACE('',#11070,0.2);
#644=CYLINDRICAL_SURFACE('',#11073,0.200000000000001);
#645=CYLINDRICAL_SURFACE('',#11077,0.1);
#646=CYLINDRICAL_SURFACE('',#11080,0.1);
#647=CYLINDRICAL_SURFACE('',#11084,0.1);
#648=CYLINDRICAL_SURFACE('',#11087,0.1);
#649=CYLINDRICAL_SURFACE('',#11090,0.25);
#650=CYLINDRICAL_SURFACE('',#11094,0.25);
#651=CYLINDRICAL_SURFACE('',#11097,0.3);
#652=CYLINDRICAL_SURFACE('',#11101,0.0999999999999996);
#653=CYLINDRICAL_SURFACE('',#11104,0.2);
#654=CYLINDRICAL_SURFACE('',#11107,0.399999999999999);
#655=CYLINDRICAL_SURFACE('',#11109,0.1);
#656=CYLINDRICAL_SURFACE('',#11113,0.1);
#657=CYLINDRICAL_SURFACE('',#11116,0.0999999999999998);
#658=CYLINDRICAL_SURFACE('',#11118,0.0999999999999998);
#659=CYLINDRICAL_SURFACE('',#11121,0.0999999999999998);
#660=CYLINDRICAL_SURFACE('',#11129,0.0999999999999998);
#661=CYLINDRICAL_SURFACE('',#11135,0.0999999999999998);
#662=CYLINDRICAL_SURFACE('',#11138,0.0999999999999998);
#663=CYLINDRICAL_SURFACE('',#11143,0.1);
#664=CYLINDRICAL_SURFACE('',#11147,0.0999999999999998);
#665=CYLINDRICAL_SURFACE('',#11151,0.1);
#666=CYLINDRICAL_SURFACE('',#11156,0.25);
#667=CYLINDRICAL_SURFACE('',#11161,0.0500000000000001);
#668=CYLINDRICAL_SURFACE('',#11164,0.1);
#669=CYLINDRICAL_SURFACE('',#11167,0.1);
#670=CYLINDRICAL_SURFACE('',#11171,0.1);
#671=CYLINDRICAL_SURFACE('',#11174,0.1);
#672=CYLINDRICAL_SURFACE('',#11194,0.0999999999999998);
#673=CYLINDRICAL_SURFACE('',#11196,0.0999999999999998);
#674=CYLINDRICAL_SURFACE('',#11201,0.1);
#675=CYLINDRICAL_SURFACE('',#11208,0.25);
#676=CYLINDRICAL_SURFACE('',#11212,0.1);
#677=CYLINDRICAL_SURFACE('',#11215,0.1);
#678=CYLINDRICAL_SURFACE('',#11220,0.0499999999999999);
#679=CYLINDRICAL_SURFACE('',#11223,0.1);
#680=CYLINDRICAL_SURFACE('',#11226,0.1);
#681=CYLINDRICAL_SURFACE('',#11233,0.1);
#682=CYLINDRICAL_SURFACE('',#11236,0.1);
#683=CYLINDRICAL_SURFACE('',#11240,0.0999999999999998);
#684=CYLINDRICAL_SURFACE('',#11250,0.1);
#685=CYLINDRICAL_SURFACE('',#11263,0.1);
#686=CYLINDRICAL_SURFACE('',#11266,0.1);
#687=CYLINDRICAL_SURFACE('',#11268,0.1);
#688=CYLINDRICAL_SURFACE('',#11274,0.05);
#689=CYLINDRICAL_SURFACE('',#11282,0.0999999999999994);
#690=CYLINDRICAL_SURFACE('',#11284,0.0999999999999994);
#691=CYLINDRICAL_SURFACE('',#11291,0.25);
#692=CYLINDRICAL_SURFACE('',#11295,0.25);
#693=CYLINDRICAL_SURFACE('',#11296,0.25);
#694=CYLINDRICAL_SURFACE('',#11299,0.0499999999999999);
#695=CYLINDRICAL_SURFACE('',#11302,0.25);
#696=CYLINDRICAL_SURFACE('',#11305,0.1);
#697=CYLINDRICAL_SURFACE('',#11309,0.05);
#698=CYLINDRICAL_SURFACE('',#11310,0.1);
#699=CYLINDRICAL_SURFACE('',#11313,0.1);
#700=CYLINDRICAL_SURFACE('',#11317,0.1);
#701=CYLINDRICAL_SURFACE('',#11321,0.1);
#702=CYLINDRICAL_SURFACE('',#11325,0.1);
#703=CYLINDRICAL_SURFACE('',#11329,0.1);
#704=CYLINDRICAL_SURFACE('',#11333,0.1);
#705=CYLINDRICAL_SURFACE('',#11342,0.1);
#706=CYLINDRICAL_SURFACE('',#11345,0.1);
#707=CYLINDRICAL_SURFACE('',#11349,0.1);
#708=CYLINDRICAL_SURFACE('',#11372,0.0499999999999997);
#709=CYLINDRICAL_SURFACE('',#11377,0.25);
#710=CYLINDRICAL_SURFACE('',#11382,0.25);
#711=CYLINDRICAL_SURFACE('',#11384,0.25);
#712=CYLINDRICAL_SURFACE('',#11389,0.1);
#713=CYLINDRICAL_SURFACE('',#11394,0.25);
#714=CYLINDRICAL_SURFACE('',#11400,0.0499999999999997);
#715=CYLINDRICAL_SURFACE('',#11412,0.1);
#716=CYLINDRICAL_SURFACE('',#11416,0.3);
#717=CYLINDRICAL_SURFACE('',#11440,0.3);
#718=FACE_OUTER_BOUND('',#1232,.T.);
#719=FACE_OUTER_BOUND('',#1233,.T.);
#720=FACE_OUTER_BOUND('',#1234,.T.);
#721=FACE_OUTER_BOUND('',#1235,.T.);
#722=FACE_OUTER_BOUND('',#1236,.T.);
#723=FACE_OUTER_BOUND('',#1237,.T.);
#724=FACE_OUTER_BOUND('',#1238,.T.);
#725=FACE_OUTER_BOUND('',#1239,.T.);
#726=FACE_OUTER_BOUND('',#1240,.T.);
#727=FACE_OUTER_BOUND('',#1241,.T.);
#728=FACE_OUTER_BOUND('',#1242,.T.);
#729=FACE_OUTER_BOUND('',#1243,.T.);
#730=FACE_OUTER_BOUND('',#1244,.T.);
#731=FACE_OUTER_BOUND('',#1245,.T.);
#732=FACE_OUTER_BOUND('',#1246,.T.);
#733=FACE_OUTER_BOUND('',#1247,.T.);
#734=FACE_OUTER_BOUND('',#1248,.T.);
#735=FACE_OUTER_BOUND('',#1249,.T.);
#736=FACE_OUTER_BOUND('',#1250,.T.);
#737=FACE_OUTER_BOUND('',#1251,.T.);
#738=FACE_OUTER_BOUND('',#1252,.T.);
#739=FACE_OUTER_BOUND('',#1253,.T.);
#740=FACE_OUTER_BOUND('',#1254,.T.);
#741=FACE_OUTER_BOUND('',#1255,.T.);
#742=FACE_OUTER_BOUND('',#1256,.T.);
#743=FACE_OUTER_BOUND('',#1257,.T.);
#744=FACE_OUTER_BOUND('',#1258,.T.);
#745=FACE_OUTER_BOUND('',#1259,.T.);
#746=FACE_OUTER_BOUND('',#1260,.T.);
#747=FACE_OUTER_BOUND('',#1261,.T.);
#748=FACE_OUTER_BOUND('',#1262,.T.);
#749=FACE_OUTER_BOUND('',#1263,.T.);
#750=FACE_OUTER_BOUND('',#1264,.T.);
#751=FACE_OUTER_BOUND('',#1265,.T.);
#752=FACE_OUTER_BOUND('',#1266,.T.);
#753=FACE_OUTER_BOUND('',#1267,.T.);
#754=FACE_OUTER_BOUND('',#1268,.T.);
#755=FACE_OUTER_BOUND('',#1269,.T.);
#756=FACE_OUTER_BOUND('',#1270,.T.);
#757=FACE_OUTER_BOUND('',#1271,.T.);
#758=FACE_OUTER_BOUND('',#1272,.T.);
#759=FACE_OUTER_BOUND('',#1273,.T.);
#760=FACE_OUTER_BOUND('',#1274,.T.);
#761=FACE_OUTER_BOUND('',#1275,.T.);
#762=FACE_OUTER_BOUND('',#1276,.T.);
#763=FACE_OUTER_BOUND('',#1277,.T.);
#764=FACE_OUTER_BOUND('',#1278,.T.);
#765=FACE_OUTER_BOUND('',#1279,.T.);
#766=FACE_OUTER_BOUND('',#1280,.T.);
#767=FACE_OUTER_BOUND('',#1281,.T.);
#768=FACE_OUTER_BOUND('',#1282,.T.);
#769=FACE_OUTER_BOUND('',#1283,.T.);
#770=FACE_OUTER_BOUND('',#1284,.T.);
#771=FACE_OUTER_BOUND('',#1285,.T.);
#772=FACE_OUTER_BOUND('',#1286,.T.);
#773=FACE_OUTER_BOUND('',#1287,.T.);
#774=FACE_OUTER_BOUND('',#1288,.T.);
#775=FACE_OUTER_BOUND('',#1289,.T.);
#776=FACE_OUTER_BOUND('',#1290,.T.);
#777=FACE_OUTER_BOUND('',#1291,.T.);
#778=FACE_OUTER_BOUND('',#1292,.T.);
#779=FACE_OUTER_BOUND('',#1293,.T.);
#780=FACE_OUTER_BOUND('',#1294,.T.);
#781=FACE_OUTER_BOUND('',#1295,.T.);
#782=FACE_OUTER_BOUND('',#1296,.T.);
#783=FACE_OUTER_BOUND('',#1297,.T.);
#784=FACE_OUTER_BOUND('',#1298,.T.);
#785=FACE_OUTER_BOUND('',#1299,.T.);
#786=FACE_OUTER_BOUND('',#1300,.T.);
#787=FACE_OUTER_BOUND('',#1301,.T.);
#788=FACE_OUTER_BOUND('',#1302,.T.);
#789=FACE_OUTER_BOUND('',#1303,.T.);
#790=FACE_OUTER_BOUND('',#1304,.T.);
#791=FACE_OUTER_BOUND('',#1305,.T.);
#792=FACE_OUTER_BOUND('',#1306,.T.);
#793=FACE_OUTER_BOUND('',#1307,.T.);
#794=FACE_OUTER_BOUND('',#1308,.T.);
#795=FACE_OUTER_BOUND('',#1309,.T.);
#796=FACE_OUTER_BOUND('',#1310,.T.);
#797=FACE_OUTER_BOUND('',#1311,.T.);
#798=FACE_OUTER_BOUND('',#1312,.T.);
#799=FACE_OUTER_BOUND('',#1313,.T.);
#800=FACE_OUTER_BOUND('',#1314,.T.);
#801=FACE_OUTER_BOUND('',#1315,.T.);
#802=FACE_OUTER_BOUND('',#1316,.T.);
#803=FACE_OUTER_BOUND('',#1317,.T.);
#804=FACE_OUTER_BOUND('',#1318,.T.);
#805=FACE_OUTER_BOUND('',#1319,.T.);
#806=FACE_OUTER_BOUND('',#1320,.T.);
#807=FACE_OUTER_BOUND('',#1321,.T.);
#808=FACE_OUTER_BOUND('',#1322,.T.);
#809=FACE_OUTER_BOUND('',#1323,.T.);
#810=FACE_OUTER_BOUND('',#1324,.T.);
#811=FACE_OUTER_BOUND('',#1325,.T.);
#812=FACE_OUTER_BOUND('',#1326,.T.);
#813=FACE_OUTER_BOUND('',#1327,.T.);
#814=FACE_OUTER_BOUND('',#1328,.T.);
#815=FACE_OUTER_BOUND('',#1329,.T.);
#816=FACE_OUTER_BOUND('',#1330,.T.);
#817=FACE_OUTER_BOUND('',#1331,.T.);
#818=FACE_OUTER_BOUND('',#1332,.T.);
#819=FACE_OUTER_BOUND('',#1333,.T.);
#820=FACE_OUTER_BOUND('',#1334,.T.);
#821=FACE_OUTER_BOUND('',#1335,.T.);
#822=FACE_OUTER_BOUND('',#1336,.T.);
#823=FACE_OUTER_BOUND('',#1337,.T.);
#824=FACE_OUTER_BOUND('',#1338,.T.);
#825=FACE_OUTER_BOUND('',#1339,.T.);
#826=FACE_OUTER_BOUND('',#1340,.T.);
#827=FACE_OUTER_BOUND('',#1341,.T.);
#828=FACE_OUTER_BOUND('',#1342,.T.);
#829=FACE_OUTER_BOUND('',#1343,.T.);
#830=FACE_OUTER_BOUND('',#1344,.T.);
#831=FACE_OUTER_BOUND('',#1345,.T.);
#832=FACE_OUTER_BOUND('',#1346,.T.);
#833=FACE_OUTER_BOUND('',#1347,.T.);
#834=FACE_OUTER_BOUND('',#1348,.T.);
#835=FACE_OUTER_BOUND('',#1349,.T.);
#836=FACE_OUTER_BOUND('',#1350,.T.);
#837=FACE_OUTER_BOUND('',#1351,.T.);
#838=FACE_OUTER_BOUND('',#1352,.T.);
#839=FACE_OUTER_BOUND('',#1353,.T.);
#840=FACE_OUTER_BOUND('',#1354,.T.);
#841=FACE_OUTER_BOUND('',#1355,.T.);
#842=FACE_OUTER_BOUND('',#1356,.T.);
#843=FACE_OUTER_BOUND('',#1357,.T.);
#844=FACE_OUTER_BOUND('',#1358,.T.);
#845=FACE_OUTER_BOUND('',#1359,.T.);
#846=FACE_OUTER_BOUND('',#1360,.T.);
#847=FACE_OUTER_BOUND('',#1361,.T.);
#848=FACE_OUTER_BOUND('',#1362,.T.);
#849=FACE_OUTER_BOUND('',#1363,.T.);
#850=FACE_OUTER_BOUND('',#1364,.T.);
#851=FACE_OUTER_BOUND('',#1365,.T.);
#852=FACE_OUTER_BOUND('',#1366,.T.);
#853=FACE_OUTER_BOUND('',#1367,.T.);
#854=FACE_OUTER_BOUND('',#1368,.T.);
#855=FACE_OUTER_BOUND('',#1369,.T.);
#856=FACE_OUTER_BOUND('',#1370,.T.);
#857=FACE_OUTER_BOUND('',#1371,.T.);
#858=FACE_OUTER_BOUND('',#1372,.T.);
#859=FACE_OUTER_BOUND('',#1373,.T.);
#860=FACE_OUTER_BOUND('',#1374,.T.);
#861=FACE_OUTER_BOUND('',#1375,.T.);
#862=FACE_OUTER_BOUND('',#1376,.T.);
#863=FACE_OUTER_BOUND('',#1377,.T.);
#864=FACE_OUTER_BOUND('',#1378,.T.);
#865=FACE_OUTER_BOUND('',#1379,.T.);
#866=FACE_OUTER_BOUND('',#1381,.T.);
#867=FACE_OUTER_BOUND('',#1382,.T.);
#868=FACE_OUTER_BOUND('',#1383,.T.);
#869=FACE_OUTER_BOUND('',#1384,.T.);
#870=FACE_OUTER_BOUND('',#1385,.T.);
#871=FACE_OUTER_BOUND('',#1386,.T.);
#872=FACE_OUTER_BOUND('',#1387,.T.);
#873=FACE_OUTER_BOUND('',#1388,.T.);
#874=FACE_OUTER_BOUND('',#1389,.T.);
#875=FACE_OUTER_BOUND('',#1390,.T.);
#876=FACE_OUTER_BOUND('',#1391,.T.);
#877=FACE_OUTER_BOUND('',#1392,.T.);
#878=FACE_OUTER_BOUND('',#1393,.T.);
#879=FACE_OUTER_BOUND('',#1394,.T.);
#880=FACE_OUTER_BOUND('',#1395,.T.);
#881=FACE_OUTER_BOUND('',#1396,.T.);
#882=FACE_OUTER_BOUND('',#1397,.T.);
#883=FACE_OUTER_BOUND('',#1398,.T.);
#884=FACE_OUTER_BOUND('',#1399,.T.);
#885=FACE_OUTER_BOUND('',#1400,.T.);
#886=FACE_OUTER_BOUND('',#1401,.T.);
#887=FACE_OUTER_BOUND('',#1402,.T.);
#888=FACE_OUTER_BOUND('',#1403,.T.);
#889=FACE_OUTER_BOUND('',#1404,.T.);
#890=FACE_OUTER_BOUND('',#1405,.T.);
#891=FACE_OUTER_BOUND('',#1406,.T.);
#892=FACE_OUTER_BOUND('',#1407,.T.);
#893=FACE_OUTER_BOUND('',#1408,.T.);
#894=FACE_OUTER_BOUND('',#1409,.T.);
#895=FACE_OUTER_BOUND('',#1410,.T.);
#896=FACE_OUTER_BOUND('',#1411,.T.);
#897=FACE_OUTER_BOUND('',#1412,.T.);
#898=FACE_OUTER_BOUND('',#1413,.T.);
#899=FACE_OUTER_BOUND('',#1414,.T.);
#900=FACE_OUTER_BOUND('',#1415,.T.);
#901=FACE_OUTER_BOUND('',#1416,.T.);
#902=FACE_OUTER_BOUND('',#1417,.T.);
#903=FACE_OUTER_BOUND('',#1418,.T.);
#904=FACE_OUTER_BOUND('',#1419,.T.);
#905=FACE_OUTER_BOUND('',#1420,.T.);
#906=FACE_OUTER_BOUND('',#1421,.T.);
#907=FACE_OUTER_BOUND('',#1422,.T.);
#908=FACE_OUTER_BOUND('',#1423,.T.);
#909=FACE_OUTER_BOUND('',#1424,.T.);
#910=FACE_OUTER_BOUND('',#1425,.T.);
#911=FACE_OUTER_BOUND('',#1426,.T.);
#912=FACE_OUTER_BOUND('',#1427,.T.);
#913=FACE_OUTER_BOUND('',#1428,.T.);
#914=FACE_OUTER_BOUND('',#1429,.T.);
#915=FACE_OUTER_BOUND('',#1430,.T.);
#916=FACE_OUTER_BOUND('',#1431,.T.);
#917=FACE_OUTER_BOUND('',#1432,.T.);
#918=FACE_OUTER_BOUND('',#1433,.T.);
#919=FACE_OUTER_BOUND('',#1434,.T.);
#920=FACE_OUTER_BOUND('',#1435,.T.);
#921=FACE_OUTER_BOUND('',#1436,.T.);
#922=FACE_OUTER_BOUND('',#1437,.T.);
#923=FACE_OUTER_BOUND('',#1438,.T.);
#924=FACE_OUTER_BOUND('',#1439,.T.);
#925=FACE_OUTER_BOUND('',#1440,.T.);
#926=FACE_OUTER_BOUND('',#1441,.T.);
#927=FACE_OUTER_BOUND('',#1442,.T.);
#928=FACE_OUTER_BOUND('',#1443,.T.);
#929=FACE_OUTER_BOUND('',#1444,.T.);
#930=FACE_OUTER_BOUND('',#1445,.T.);
#931=FACE_OUTER_BOUND('',#1446,.T.);
#932=FACE_OUTER_BOUND('',#1447,.T.);
#933=FACE_OUTER_BOUND('',#1448,.T.);
#934=FACE_OUTER_BOUND('',#1449,.T.);
#935=FACE_OUTER_BOUND('',#1450,.T.);
#936=FACE_OUTER_BOUND('',#1451,.T.);
#937=FACE_OUTER_BOUND('',#1452,.T.);
#938=FACE_OUTER_BOUND('',#1453,.T.);
#939=FACE_OUTER_BOUND('',#1454,.T.);
#940=FACE_OUTER_BOUND('',#1455,.T.);
#941=FACE_OUTER_BOUND('',#1456,.T.);
#942=FACE_OUTER_BOUND('',#1457,.T.);
#943=FACE_OUTER_BOUND('',#1458,.T.);
#944=FACE_OUTER_BOUND('',#1459,.T.);
#945=FACE_OUTER_BOUND('',#1460,.T.);
#946=FACE_OUTER_BOUND('',#1461,.T.);
#947=FACE_OUTER_BOUND('',#1462,.T.);
#948=FACE_OUTER_BOUND('',#1463,.T.);
#949=FACE_OUTER_BOUND('',#1464,.T.);
#950=FACE_OUTER_BOUND('',#1465,.T.);
#951=FACE_OUTER_BOUND('',#1466,.T.);
#952=FACE_OUTER_BOUND('',#1467,.T.);
#953=FACE_OUTER_BOUND('',#1468,.T.);
#954=FACE_OUTER_BOUND('',#1469,.T.);
#955=FACE_OUTER_BOUND('',#1470,.T.);
#956=FACE_OUTER_BOUND('',#1471,.T.);
#957=FACE_OUTER_BOUND('',#1472,.T.);
#958=FACE_OUTER_BOUND('',#1473,.T.);
#959=FACE_OUTER_BOUND('',#1477,.T.);
#960=FACE_OUTER_BOUND('',#1478,.T.);
#961=FACE_OUTER_BOUND('',#1479,.T.);
#962=FACE_OUTER_BOUND('',#1480,.T.);
#963=FACE_OUTER_BOUND('',#1481,.T.);
#964=FACE_OUTER_BOUND('',#1482,.T.);
#965=FACE_OUTER_BOUND('',#1483,.T.);
#966=FACE_OUTER_BOUND('',#1484,.T.);
#967=FACE_OUTER_BOUND('',#1485,.T.);
#968=FACE_OUTER_BOUND('',#1486,.T.);
#969=FACE_OUTER_BOUND('',#1487,.T.);
#970=FACE_OUTER_BOUND('',#1488,.T.);
#971=FACE_OUTER_BOUND('',#1489,.T.);
#972=FACE_OUTER_BOUND('',#1490,.T.);
#973=FACE_OUTER_BOUND('',#1491,.T.);
#974=FACE_OUTER_BOUND('',#1492,.T.);
#975=FACE_OUTER_BOUND('',#1493,.T.);
#976=FACE_OUTER_BOUND('',#1494,.T.);
#977=FACE_OUTER_BOUND('',#1495,.T.);
#978=FACE_OUTER_BOUND('',#1496,.T.);
#979=FACE_OUTER_BOUND('',#1497,.T.);
#980=FACE_OUTER_BOUND('',#1498,.T.);
#981=FACE_OUTER_BOUND('',#1499,.T.);
#982=FACE_OUTER_BOUND('',#1500,.T.);
#983=FACE_OUTER_BOUND('',#1501,.T.);
#984=FACE_OUTER_BOUND('',#1502,.T.);
#985=FACE_OUTER_BOUND('',#1503,.T.);
#986=FACE_OUTER_BOUND('',#1504,.T.);
#987=FACE_OUTER_BOUND('',#1505,.T.);
#988=FACE_OUTER_BOUND('',#1506,.T.);
#989=FACE_OUTER_BOUND('',#1507,.T.);
#990=FACE_OUTER_BOUND('',#1508,.T.);
#991=FACE_OUTER_BOUND('',#1509,.T.);
#992=FACE_OUTER_BOUND('',#1510,.T.);
#993=FACE_OUTER_BOUND('',#1511,.T.);
#994=FACE_OUTER_BOUND('',#1512,.T.);
#995=FACE_OUTER_BOUND('',#1513,.T.);
#996=FACE_OUTER_BOUND('',#1514,.T.);
#997=FACE_OUTER_BOUND('',#1515,.T.);
#998=FACE_OUTER_BOUND('',#1516,.T.);
#999=FACE_OUTER_BOUND('',#1517,.T.);
#1000=FACE_OUTER_BOUND('',#1518,.T.);
#1001=FACE_OUTER_BOUND('',#1519,.T.);
#1002=FACE_OUTER_BOUND('',#1520,.T.);
#1003=FACE_OUTER_BOUND('',#1521,.T.);
#1004=FACE_OUTER_BOUND('',#1522,.T.);
#1005=FACE_OUTER_BOUND('',#1523,.T.);
#1006=FACE_OUTER_BOUND('',#1524,.T.);
#1007=FACE_OUTER_BOUND('',#1525,.T.);
#1008=FACE_OUTER_BOUND('',#1526,.T.);
#1009=FACE_OUTER_BOUND('',#1527,.T.);
#1010=FACE_OUTER_BOUND('',#1528,.T.);
#1011=FACE_OUTER_BOUND('',#1529,.T.);
#1012=FACE_OUTER_BOUND('',#1530,.T.);
#1013=FACE_OUTER_BOUND('',#1531,.T.);
#1014=FACE_OUTER_BOUND('',#1532,.T.);
#1015=FACE_OUTER_BOUND('',#1533,.T.);
#1016=FACE_OUTER_BOUND('',#1534,.T.);
#1017=FACE_OUTER_BOUND('',#1535,.T.);
#1018=FACE_OUTER_BOUND('',#1536,.T.);
#1019=FACE_OUTER_BOUND('',#1537,.T.);
#1020=FACE_OUTER_BOUND('',#1538,.T.);
#1021=FACE_OUTER_BOUND('',#1539,.T.);
#1022=FACE_OUTER_BOUND('',#1540,.T.);
#1023=FACE_OUTER_BOUND('',#1541,.T.);
#1024=FACE_OUTER_BOUND('',#1542,.T.);
#1025=FACE_OUTER_BOUND('',#1543,.T.);
#1026=FACE_OUTER_BOUND('',#1544,.T.);
#1027=FACE_OUTER_BOUND('',#1545,.T.);
#1028=FACE_OUTER_BOUND('',#1546,.T.);
#1029=FACE_OUTER_BOUND('',#1547,.T.);
#1030=FACE_OUTER_BOUND('',#1548,.T.);
#1031=FACE_OUTER_BOUND('',#1549,.T.);
#1032=FACE_OUTER_BOUND('',#1550,.T.);
#1033=FACE_OUTER_BOUND('',#1551,.T.);
#1034=FACE_OUTER_BOUND('',#1552,.T.);
#1035=FACE_OUTER_BOUND('',#1553,.T.);
#1036=FACE_OUTER_BOUND('',#1554,.T.);
#1037=FACE_OUTER_BOUND('',#1555,.T.);
#1038=FACE_OUTER_BOUND('',#1556,.T.);
#1039=FACE_OUTER_BOUND('',#1557,.T.);
#1040=FACE_OUTER_BOUND('',#1558,.T.);
#1041=FACE_OUTER_BOUND('',#1559,.T.);
#1042=FACE_OUTER_BOUND('',#1560,.T.);
#1043=FACE_OUTER_BOUND('',#1561,.T.);
#1044=FACE_OUTER_BOUND('',#1562,.T.);
#1045=FACE_OUTER_BOUND('',#1563,.T.);
#1046=FACE_OUTER_BOUND('',#1564,.T.);
#1047=FACE_OUTER_BOUND('',#1565,.T.);
#1048=FACE_OUTER_BOUND('',#1566,.T.);
#1049=FACE_OUTER_BOUND('',#1567,.T.);
#1050=FACE_OUTER_BOUND('',#1568,.T.);
#1051=FACE_OUTER_BOUND('',#1569,.T.);
#1052=FACE_OUTER_BOUND('',#1570,.T.);
#1053=FACE_OUTER_BOUND('',#1571,.T.);
#1054=FACE_OUTER_BOUND('',#1572,.T.);
#1055=FACE_OUTER_BOUND('',#1573,.T.);
#1056=FACE_OUTER_BOUND('',#1574,.T.);
#1057=FACE_OUTER_BOUND('',#1575,.T.);
#1058=FACE_OUTER_BOUND('',#1576,.T.);
#1059=FACE_OUTER_BOUND('',#1577,.T.);
#1060=FACE_OUTER_BOUND('',#1578,.T.);
#1061=FACE_OUTER_BOUND('',#1579,.T.);
#1062=FACE_OUTER_BOUND('',#1580,.T.);
#1063=FACE_OUTER_BOUND('',#1581,.T.);
#1064=FACE_OUTER_BOUND('',#1582,.T.);
#1065=FACE_OUTER_BOUND('',#1583,.T.);
#1066=FACE_OUTER_BOUND('',#1584,.T.);
#1067=FACE_OUTER_BOUND('',#1585,.T.);
#1068=FACE_OUTER_BOUND('',#1586,.T.);
#1069=FACE_OUTER_BOUND('',#1587,.T.);
#1070=FACE_OUTER_BOUND('',#1588,.T.);
#1071=FACE_OUTER_BOUND('',#1589,.T.);
#1072=FACE_OUTER_BOUND('',#1590,.T.);
#1073=FACE_OUTER_BOUND('',#1591,.T.);
#1074=FACE_OUTER_BOUND('',#1592,.T.);
#1075=FACE_OUTER_BOUND('',#1593,.T.);
#1076=FACE_OUTER_BOUND('',#1594,.T.);
#1077=FACE_OUTER_BOUND('',#1595,.T.);
#1078=FACE_OUTER_BOUND('',#1596,.T.);
#1079=FACE_OUTER_BOUND('',#1597,.T.);
#1080=FACE_OUTER_BOUND('',#1598,.T.);
#1081=FACE_OUTER_BOUND('',#1599,.T.);
#1082=FACE_OUTER_BOUND('',#1600,.T.);
#1083=FACE_OUTER_BOUND('',#1601,.T.);
#1084=FACE_OUTER_BOUND('',#1602,.T.);
#1085=FACE_OUTER_BOUND('',#1603,.T.);
#1086=FACE_OUTER_BOUND('',#1604,.T.);
#1087=FACE_OUTER_BOUND('',#1605,.T.);
#1088=FACE_OUTER_BOUND('',#1606,.T.);
#1089=FACE_OUTER_BOUND('',#1607,.T.);
#1090=FACE_OUTER_BOUND('',#1608,.T.);
#1091=FACE_OUTER_BOUND('',#1609,.T.);
#1092=FACE_OUTER_BOUND('',#1610,.T.);
#1093=FACE_OUTER_BOUND('',#1611,.T.);
#1094=FACE_OUTER_BOUND('',#1612,.T.);
#1095=FACE_OUTER_BOUND('',#1613,.T.);
#1096=FACE_OUTER_BOUND('',#1614,.T.);
#1097=FACE_OUTER_BOUND('',#1615,.T.);
#1098=FACE_OUTER_BOUND('',#1616,.T.);
#1099=FACE_OUTER_BOUND('',#1617,.T.);
#1100=FACE_OUTER_BOUND('',#1618,.T.);
#1101=FACE_OUTER_BOUND('',#1619,.T.);
#1102=FACE_OUTER_BOUND('',#1620,.T.);
#1103=FACE_OUTER_BOUND('',#1621,.T.);
#1104=FACE_OUTER_BOUND('',#1622,.T.);
#1105=FACE_OUTER_BOUND('',#1623,.T.);
#1106=FACE_OUTER_BOUND('',#1624,.T.);
#1107=FACE_OUTER_BOUND('',#1625,.T.);
#1108=FACE_OUTER_BOUND('',#1626,.T.);
#1109=FACE_OUTER_BOUND('',#1627,.T.);
#1110=FACE_OUTER_BOUND('',#1628,.T.);
#1111=FACE_OUTER_BOUND('',#1629,.T.);
#1112=FACE_OUTER_BOUND('',#1630,.T.);
#1113=FACE_OUTER_BOUND('',#1631,.T.);
#1114=FACE_OUTER_BOUND('',#1632,.T.);
#1115=FACE_OUTER_BOUND('',#1633,.T.);
#1116=FACE_OUTER_BOUND('',#1634,.T.);
#1117=FACE_OUTER_BOUND('',#1635,.T.);
#1118=FACE_OUTER_BOUND('',#1636,.T.);
#1119=FACE_OUTER_BOUND('',#1637,.T.);
#1120=FACE_OUTER_BOUND('',#1638,.T.);
#1121=FACE_OUTER_BOUND('',#1639,.T.);
#1122=FACE_OUTER_BOUND('',#1640,.T.);
#1123=FACE_OUTER_BOUND('',#1641,.T.);
#1124=FACE_OUTER_BOUND('',#1642,.T.);
#1125=FACE_OUTER_BOUND('',#1643,.T.);
#1126=FACE_OUTER_BOUND('',#1644,.T.);
#1127=FACE_OUTER_BOUND('',#1645,.T.);
#1128=FACE_OUTER_BOUND('',#1646,.T.);
#1129=FACE_OUTER_BOUND('',#1647,.T.);
#1130=FACE_OUTER_BOUND('',#1648,.T.);
#1131=FACE_OUTER_BOUND('',#1649,.T.);
#1132=FACE_OUTER_BOUND('',#1650,.T.);
#1133=FACE_OUTER_BOUND('',#1651,.T.);
#1134=FACE_OUTER_BOUND('',#1652,.T.);
#1135=FACE_OUTER_BOUND('',#1653,.T.);
#1136=FACE_OUTER_BOUND('',#1654,.T.);
#1137=FACE_OUTER_BOUND('',#1655,.T.);
#1138=FACE_OUTER_BOUND('',#1656,.T.);
#1139=FACE_OUTER_BOUND('',#1657,.T.);
#1140=FACE_OUTER_BOUND('',#1658,.T.);
#1141=FACE_OUTER_BOUND('',#1659,.T.);
#1142=FACE_OUTER_BOUND('',#1660,.T.);
#1143=FACE_OUTER_BOUND('',#1661,.T.);
#1144=FACE_OUTER_BOUND('',#1662,.T.);
#1145=FACE_OUTER_BOUND('',#1663,.T.);
#1146=FACE_OUTER_BOUND('',#1664,.T.);
#1147=FACE_OUTER_BOUND('',#1665,.T.);
#1148=FACE_OUTER_BOUND('',#1666,.T.);
#1149=FACE_OUTER_BOUND('',#1667,.T.);
#1150=FACE_OUTER_BOUND('',#1668,.T.);
#1151=FACE_OUTER_BOUND('',#1669,.T.);
#1152=FACE_OUTER_BOUND('',#1670,.T.);
#1153=FACE_OUTER_BOUND('',#1671,.T.);
#1154=FACE_OUTER_BOUND('',#1672,.T.);
#1155=FACE_OUTER_BOUND('',#1673,.T.);
#1156=FACE_OUTER_BOUND('',#1674,.T.);
#1157=FACE_OUTER_BOUND('',#1675,.T.);
#1158=FACE_OUTER_BOUND('',#1676,.T.);
#1159=FACE_OUTER_BOUND('',#1677,.T.);
#1160=FACE_OUTER_BOUND('',#1678,.T.);
#1161=FACE_OUTER_BOUND('',#1679,.T.);
#1162=FACE_OUTER_BOUND('',#1680,.T.);
#1163=FACE_OUTER_BOUND('',#1681,.T.);
#1164=FACE_OUTER_BOUND('',#1682,.T.);
#1165=FACE_OUTER_BOUND('',#1683,.T.);
#1166=FACE_OUTER_BOUND('',#1684,.T.);
#1167=FACE_OUTER_BOUND('',#1685,.T.);
#1168=FACE_OUTER_BOUND('',#1686,.T.);
#1169=FACE_OUTER_BOUND('',#1687,.T.);
#1170=FACE_OUTER_BOUND('',#1688,.T.);
#1171=FACE_OUTER_BOUND('',#1689,.T.);
#1172=FACE_OUTER_BOUND('',#1690,.T.);
#1173=FACE_OUTER_BOUND('',#1691,.T.);
#1174=FACE_OUTER_BOUND('',#1692,.T.);
#1175=FACE_OUTER_BOUND('',#1693,.T.);
#1176=FACE_OUTER_BOUND('',#1694,.T.);
#1177=FACE_OUTER_BOUND('',#1695,.T.);
#1178=FACE_OUTER_BOUND('',#1696,.T.);
#1179=FACE_OUTER_BOUND('',#1697,.T.);
#1180=FACE_OUTER_BOUND('',#1698,.T.);
#1181=FACE_OUTER_BOUND('',#1699,.T.);
#1182=FACE_OUTER_BOUND('',#1700,.T.);
#1183=FACE_OUTER_BOUND('',#1701,.T.);
#1184=FACE_OUTER_BOUND('',#1702,.T.);
#1185=FACE_OUTER_BOUND('',#1703,.T.);
#1186=FACE_OUTER_BOUND('',#1704,.T.);
#1187=FACE_OUTER_BOUND('',#1705,.T.);
#1188=FACE_OUTER_BOUND('',#1706,.T.);
#1189=FACE_OUTER_BOUND('',#1707,.T.);
#1190=FACE_OUTER_BOUND('',#1708,.T.);
#1191=FACE_OUTER_BOUND('',#1709,.T.);
#1192=FACE_OUTER_BOUND('',#1710,.T.);
#1193=FACE_OUTER_BOUND('',#1711,.T.);
#1194=FACE_OUTER_BOUND('',#1712,.T.);
#1195=FACE_OUTER_BOUND('',#1713,.T.);
#1196=FACE_OUTER_BOUND('',#1714,.T.);
#1197=FACE_OUTER_BOUND('',#1715,.T.);
#1198=FACE_OUTER_BOUND('',#1716,.T.);
#1199=FACE_OUTER_BOUND('',#1717,.T.);
#1200=FACE_OUTER_BOUND('',#1718,.T.);
#1201=FACE_OUTER_BOUND('',#1719,.T.);
#1202=FACE_OUTER_BOUND('',#1720,.T.);
#1203=FACE_OUTER_BOUND('',#1721,.T.);
#1204=FACE_OUTER_BOUND('',#1722,.T.);
#1205=FACE_OUTER_BOUND('',#1723,.T.);
#1206=FACE_OUTER_BOUND('',#1724,.T.);
#1207=FACE_OUTER_BOUND('',#1725,.T.);
#1208=FACE_OUTER_BOUND('',#1726,.T.);
#1209=FACE_OUTER_BOUND('',#1727,.T.);
#1210=FACE_OUTER_BOUND('',#1728,.T.);
#1211=FACE_OUTER_BOUND('',#1729,.T.);
#1212=FACE_OUTER_BOUND('',#1730,.T.);
#1213=FACE_OUTER_BOUND('',#1731,.T.);
#1214=FACE_OUTER_BOUND('',#1732,.T.);
#1215=FACE_OUTER_BOUND('',#1733,.T.);
#1216=FACE_OUTER_BOUND('',#1734,.T.);
#1217=FACE_OUTER_BOUND('',#1735,.T.);
#1218=FACE_OUTER_BOUND('',#1736,.T.);
#1219=FACE_OUTER_BOUND('',#1737,.T.);
#1220=FACE_OUTER_BOUND('',#1738,.T.);
#1221=FACE_OUTER_BOUND('',#1739,.T.);
#1222=FACE_OUTER_BOUND('',#1740,.T.);
#1223=FACE_OUTER_BOUND('',#1741,.T.);
#1224=FACE_OUTER_BOUND('',#1742,.T.);
#1225=FACE_OUTER_BOUND('',#1743,.T.);
#1226=FACE_OUTER_BOUND('',#1744,.T.);
#1227=FACE_OUTER_BOUND('',#1745,.T.);
#1228=FACE_OUTER_BOUND('',#1746,.T.);
#1229=FACE_OUTER_BOUND('',#1747,.T.);
#1230=FACE_OUTER_BOUND('',#1748,.T.);
#1231=FACE_OUTER_BOUND('',#1749,.T.);
#1232=EDGE_LOOP('',(#6705,#6706,#6707,#6708,#6709,#6710,#6711));
#1233=EDGE_LOOP('',(#6712,#6713,#6714,#6715));
#1234=EDGE_LOOP('',(#6716,#6717,#6718,#6719));
#1235=EDGE_LOOP('',(#6720,#6721,#6722,#6723,#6724,#6725,#6726,#6727,#6728,
#6729,#6730,#6731));
#1236=EDGE_LOOP('',(#6732,#6733,#6734,#6735));
#1237=EDGE_LOOP('',(#6736,#6737,#6738,#6739,#6740,#6741,#6742,#6743));
#1238=EDGE_LOOP('',(#6744,#6745,#6746,#6747));
#1239=EDGE_LOOP('',(#6748,#6749,#6750,#6751));
#1240=EDGE_LOOP('',(#6752,#6753,#6754,#6755,#6756,#6757,#6758));
#1241=EDGE_LOOP('',(#6759,#6760,#6761,#6762,#6763,#6764,#6765));
#1242=EDGE_LOOP('',(#6766,#6767,#6768,#6769));
#1243=EDGE_LOOP('',(#6770,#6771,#6772,#6773));
#1244=EDGE_LOOP('',(#6774,#6775,#6776,#6777));
#1245=EDGE_LOOP('',(#6778,#6779,#6780,#6781,#6782,#6783,#6784,#6785));
#1246=EDGE_LOOP('',(#6786,#6787,#6788,#6789));
#1247=EDGE_LOOP('',(#6790,#6791,#6792,#6793,#6794,#6795,#6796));
#1248=EDGE_LOOP('',(#6797,#6798,#6799,#6800,#6801,#6802,#6803,#6804,#6805,
#6806,#6807,#6808,#6809,#6810,#6811,#6812,#6813));
#1249=EDGE_LOOP('',(#6814,#6815,#6816,#6817));
#1250=EDGE_LOOP('',(#6818,#6819,#6820,#6821));
#1251=EDGE_LOOP('',(#6822,#6823,#6824,#6825));
#1252=EDGE_LOOP('',(#6826,#6827,#6828,#6829));
#1253=EDGE_LOOP('',(#6830,#6831,#6832,#6833));
#1254=EDGE_LOOP('',(#6834,#6835,#6836,#6837));
#1255=EDGE_LOOP('',(#6838,#6839,#6840,#6841));
#1256=EDGE_LOOP('',(#6842,#6843,#6844,#6845));
#1257=EDGE_LOOP('',(#6846,#6847,#6848,#6849));
#1258=EDGE_LOOP('',(#6850,#6851,#6852,#6853));
#1259=EDGE_LOOP('',(#6854,#6855,#6856,#6857));
#1260=EDGE_LOOP('',(#6858,#6859,#6860,#6861));
#1261=EDGE_LOOP('',(#6862,#6863,#6864,#6865));
#1262=EDGE_LOOP('',(#6866,#6867,#6868,#6869));
#1263=EDGE_LOOP('',(#6870,#6871,#6872,#6873));
#1264=EDGE_LOOP('',(#6874,#6875,#6876,#6877,#6878,#6879,#6880,#6881,#6882,
#6883,#6884,#6885,#6886,#6887,#6888,#6889,#6890));
#1265=EDGE_LOOP('',(#6891,#6892,#6893,#6894));
#1266=EDGE_LOOP('',(#6895,#6896,#6897,#6898));
#1267=EDGE_LOOP('',(#6899,#6900,#6901,#6902,#6903,#6904));
#1268=EDGE_LOOP('',(#6905,#6906,#6907,#6908));
#1269=EDGE_LOOP('',(#6909,#6910,#6911,#6912,#6913,#6914));
#1270=EDGE_LOOP('',(#6915,#6916,#6917,#6918));
#1271=EDGE_LOOP('',(#6919,#6920,#6921,#6922));
#1272=EDGE_LOOP('',(#6923,#6924,#6925,#6926));
#1273=EDGE_LOOP('',(#6927,#6928,#6929,#6930));
#1274=EDGE_LOOP('',(#6931,#6932,#6933,#6934));
#1275=EDGE_LOOP('',(#6935,#6936,#6937,#6938,#6939,#6940));
#1276=EDGE_LOOP('',(#6941,#6942,#6943,#6944));
#1277=EDGE_LOOP('',(#6945,#6946,#6947,#6948,#6949,#6950));
#1278=EDGE_LOOP('',(#6951,#6952,#6953,#6954));
#1279=EDGE_LOOP('',(#6955,#6956,#6957,#6958));
#1280=EDGE_LOOP('',(#6959,#6960,#6961,#6962));
#1281=EDGE_LOOP('',(#6963,#6964,#6965,#6966,#6967,#6968));
#1282=EDGE_LOOP('',(#6969,#6970,#6971,#6972,#6973,#6974));
#1283=EDGE_LOOP('',(#6975,#6976,#6977,#6978,#6979,#6980));
#1284=EDGE_LOOP('',(#6981,#6982,#6983,#6984,#6985));
#1285=EDGE_LOOP('',(#6986,#6987,#6988,#6989,#6990,#6991));
#1286=EDGE_LOOP('',(#6992,#6993,#6994,#6995));
#1287=EDGE_LOOP('',(#6996,#6997,#6998,#6999));
#1288=EDGE_LOOP('',(#7000,#7001,#7002));
#1289=EDGE_LOOP('',(#7003,#7004,#7005,#7006));
#1290=EDGE_LOOP('',(#7007,#7008,#7009));
#1291=EDGE_LOOP('',(#7010,#7011,#7012));
#1292=EDGE_LOOP('',(#7013,#7014,#7015));
#1293=EDGE_LOOP('',(#7016,#7017,#7018,#7019));
#1294=EDGE_LOOP('',(#7020,#7021,#7022,#7023));
#1295=EDGE_LOOP('',(#7024,#7025,#7026,#7027));
#1296=EDGE_LOOP('',(#7028,#7029,#7030,#7031));
#1297=EDGE_LOOP('',(#7032,#7033,#7034,#7035));
#1298=EDGE_LOOP('',(#7036,#7037,#7038,#7039));
#1299=EDGE_LOOP('',(#7040,#7041,#7042,#7043));
#1300=EDGE_LOOP('',(#7044,#7045,#7046,#7047));
#1301=EDGE_LOOP('',(#7048,#7049,#7050,#7051));
#1302=EDGE_LOOP('',(#7052,#7053,#7054,#7055));
#1303=EDGE_LOOP('',(#7056,#7057,#7058,#7059));
#1304=EDGE_LOOP('',(#7060,#7061,#7062,#7063,#7064));
#1305=EDGE_LOOP('',(#7065,#7066,#7067,#7068));
#1306=EDGE_LOOP('',(#7069,#7070,#7071,#7072,#7073));
#1307=EDGE_LOOP('',(#7074,#7075,#7076,#7077));
#1308=EDGE_LOOP('',(#7078,#7079,#7080,#7081));
#1309=EDGE_LOOP('',(#7082,#7083,#7084,#7085,#7086));
#1310=EDGE_LOOP('',(#7087,#7088,#7089,#7090,#7091));
#1311=EDGE_LOOP('',(#7092,#7093,#7094,#7095,#7096,#7097));
#1312=EDGE_LOOP('',(#7098,#7099,#7100,#7101,#7102,#7103));
#1313=EDGE_LOOP('',(#7104,#7105,#7106,#7107,#7108,#7109,#7110,#7111));
#1314=EDGE_LOOP('',(#7112,#7113,#7114,#7115,#7116,#7117,#7118,#7119));
#1315=EDGE_LOOP('',(#7120,#7121,#7122,#7123,#7124,#7125,#7126,#7127));
#1316=EDGE_LOOP('',(#7128,#7129,#7130,#7131,#7132,#7133,#7134,#7135));
#1317=EDGE_LOOP('',(#7136,#7137,#7138,#7139));
#1318=EDGE_LOOP('',(#7140,#7141,#7142,#7143));
#1319=EDGE_LOOP('',(#7144,#7145,#7146,#7147));
#1320=EDGE_LOOP('',(#7148,#7149,#7150,#7151));
#1321=EDGE_LOOP('',(#7152,#7153,#7154,#7155,#7156,#7157,#7158,#7159,#7160,
#7161,#7162,#7163,#7164,#7165));
#1322=EDGE_LOOP('',(#7166,#7167,#7168,#7169,#7170,#7171,#7172,#7173,#7174,
#7175,#7176,#7177,#7178,#7179));
#1323=EDGE_LOOP('',(#7180));
#1324=EDGE_LOOP('',(#7181,#7182,#7183,#7184));
#1325=EDGE_LOOP('',(#7185,#7186,#7187,#7188));
#1326=EDGE_LOOP('',(#7189,#7190,#7191,#7192));
#1327=EDGE_LOOP('',(#7193,#7194,#7195,#7196));
#1328=EDGE_LOOP('',(#7197,#7198,#7199,#7200,#7201));
#1329=EDGE_LOOP('',(#7202,#7203,#7204,#7205));
#1330=EDGE_LOOP('',(#7206,#7207,#7208,#7209));
#1331=EDGE_LOOP('',(#7210,#7211,#7212,#7213));
#1332=EDGE_LOOP('',(#7214,#7215,#7216,#7217));
#1333=EDGE_LOOP('',(#7218,#7219,#7220,#7221));
#1334=EDGE_LOOP('',(#7222,#7223,#7224,#7225,#7226));
#1335=EDGE_LOOP('',(#7227,#7228,#7229,#7230));
#1336=EDGE_LOOP('',(#7231,#7232,#7233,#7234));
#1337=EDGE_LOOP('',(#7235,#7236,#7237,#7238));
#1338=EDGE_LOOP('',(#7239,#7240,#7241,#7242));
#1339=EDGE_LOOP('',(#7243,#7244,#7245,#7246));
#1340=EDGE_LOOP('',(#7247,#7248,#7249,#7250));
#1341=EDGE_LOOP('',(#7251,#7252,#7253,#7254));
#1342=EDGE_LOOP('',(#7255,#7256,#7257,#7258));
#1343=EDGE_LOOP('',(#7259,#7260,#7261,#7262));
#1344=EDGE_LOOP('',(#7263,#7264,#7265,#7266));
#1345=EDGE_LOOP('',(#7267,#7268,#7269,#7270));
#1346=EDGE_LOOP('',(#7271,#7272,#7273,#7274));
#1347=EDGE_LOOP('',(#7275,#7276,#7277,#7278));
#1348=EDGE_LOOP('',(#7279,#7280,#7281,#7282));
#1349=EDGE_LOOP('',(#7283,#7284,#7285,#7286));
#1350=EDGE_LOOP('',(#7287,#7288,#7289,#7290));
#1351=EDGE_LOOP('',(#7291,#7292,#7293,#7294));
#1352=EDGE_LOOP('',(#7295));
#1353=EDGE_LOOP('',(#7296,#7297,#7298,#7299,#7300,#7301,#7302,#7303));
#1354=EDGE_LOOP('',(#7304,#7305,#7306,#7307));
#1355=EDGE_LOOP('',(#7308,#7309,#7310,#7311));
#1356=EDGE_LOOP('',(#7312,#7313,#7314,#7315,#7316,#7317,#7318,#7319,#7320,
#7321));
#1357=EDGE_LOOP('',(#7322,#7323,#7324,#7325));
#1358=EDGE_LOOP('',(#7326,#7327,#7328,#7329,#7330));
#1359=EDGE_LOOP('',(#7331,#7332,#7333,#7334,#7335,#7336));
#1360=EDGE_LOOP('',(#7337,#7338,#7339,#7340));
#1361=EDGE_LOOP('',(#7341,#7342,#7343,#7344,#7345,#7346));
#1362=EDGE_LOOP('',(#7347,#7348,#7349,#7350,#7351,#7352));
#1363=EDGE_LOOP('',(#7353,#7354,#7355,#7356,#7357,#7358,#7359));
#1364=EDGE_LOOP('',(#7360,#7361,#7362,#7363));
#1365=EDGE_LOOP('',(#7364,#7365,#7366,#7367,#7368,#7369));
#1366=EDGE_LOOP('',(#7370,#7371,#7372,#7373,#7374,#7375,#7376,#7377,#7378,
#7379));
#1367=EDGE_LOOP('',(#7380,#7381,#7382,#7383,#7384,#7385,#7386));
#1368=EDGE_LOOP('',(#7387,#7388,#7389,#7390,#7391,#7392));
#1369=EDGE_LOOP('',(#7393,#7394,#7395,#7396,#7397));
#1370=EDGE_LOOP('',(#7398,#7399,#7400,#7401,#7402,#7403));
#1371=EDGE_LOOP('',(#7404,#7405,#7406,#7407));
#1372=EDGE_LOOP('',(#7408,#7409,#7410,#7411));
#1373=EDGE_LOOP('',(#7412,#7413,#7414,#7415));
#1374=EDGE_LOOP('',(#7416,#7417,#7418,#7419,#7420,#7421,#7422,#7423));
#1375=EDGE_LOOP('',(#7424,#7425,#7426,#7427,#7428,#7429,#7430,#7431,#7432,
#7433));
#1376=EDGE_LOOP('',(#7434,#7435,#7436,#7437));
#1377=EDGE_LOOP('',(#7438,#7439,#7440,#7441));
#1378=EDGE_LOOP('',(#7442,#7443,#7444,#7445,#7446,#7447,#7448,#7449,#7450,
#7451));
#1379=EDGE_LOOP('',(#7452,#7453,#7454,#7455,#7456,#7457,#7458,#7459));
#1380=EDGE_LOOP('',(#7460,#7461,#7462,#7463,#7464,#7465,#7466,#7467,#7468,
#7469,#7470,#7471));
#1381=EDGE_LOOP('',(#7472,#7473,#7474,#7475,#7476,#7477));
#1382=EDGE_LOOP('',(#7478,#7479,#7480,#7481,#7482,#7483));
#1383=EDGE_LOOP('',(#7484,#7485,#7486,#7487));
#1384=EDGE_LOOP('',(#7488,#7489,#7490,#7491,#7492));
#1385=EDGE_LOOP('',(#7493,#7494,#7495,#7496));
#1386=EDGE_LOOP('',(#7497,#7498,#7499,#7500));
#1387=EDGE_LOOP('',(#7501,#7502,#7503,#7504));
#1388=EDGE_LOOP('',(#7505,#7506,#7507,#7508));
#1389=EDGE_LOOP('',(#7509,#7510,#7511,#7512));
#1390=EDGE_LOOP('',(#7513,#7514,#7515,#7516));
#1391=EDGE_LOOP('',(#7517,#7518,#7519,#7520,#7521,#7522,#7523,#7524));
#1392=EDGE_LOOP('',(#7525,#7526,#7527,#7528));
#1393=EDGE_LOOP('',(#7529,#7530,#7531,#7532,#7533,#7534,#7535,#7536));
#1394=EDGE_LOOP('',(#7537,#7538,#7539,#7540));
#1395=EDGE_LOOP('',(#7541,#7542,#7543,#7544,#7545));
#1396=EDGE_LOOP('',(#7546,#7547,#7548,#7549,#7550,#7551,#7552,#7553,#7554,
#7555,#7556,#7557));
#1397=EDGE_LOOP('',(#7558,#7559,#7560,#7561));
#1398=EDGE_LOOP('',(#7562,#7563,#7564,#7565));
#1399=EDGE_LOOP('',(#7566,#7567,#7568,#7569));
#1400=EDGE_LOOP('',(#7570,#7571,#7572,#7573));
#1401=EDGE_LOOP('',(#7574,#7575,#7576,#7577));
#1402=EDGE_LOOP('',(#7578,#7579,#7580,#7581));
#1403=EDGE_LOOP('',(#7582,#7583,#7584,#7585,#7586,#7587));
#1404=EDGE_LOOP('',(#7588,#7589,#7590,#7591,#7592));
#1405=EDGE_LOOP('',(#7593,#7594,#7595,#7596));
#1406=EDGE_LOOP('',(#7597,#7598,#7599,#7600,#7601,#7602,#7603));
#1407=EDGE_LOOP('',(#7604,#7605,#7606,#7607,#7608,#7609,#7610,#7611,#7612));
#1408=EDGE_LOOP('',(#7613,#7614,#7615,#7616,#7617,#7618));
#1409=EDGE_LOOP('',(#7619,#7620,#7621,#7622,#7623,#7624,#7625,#7626,#7627));
#1410=EDGE_LOOP('',(#7628,#7629,#7630,#7631,#7632,#7633,#7634));
#1411=EDGE_LOOP('',(#7635,#7636,#7637,#7638));
#1412=EDGE_LOOP('',(#7639,#7640,#7641,#7642,#7643));
#1413=EDGE_LOOP('',(#7644,#7645,#7646,#7647,#7648,#7649));
#1414=EDGE_LOOP('',(#7650,#7651,#7652,#7653,#7654,#7655));
#1415=EDGE_LOOP('',(#7656,#7657,#7658,#7659));
#1416=EDGE_LOOP('',(#7660,#7661,#7662,#7663));
#1417=EDGE_LOOP('',(#7664,#7665,#7666,#7667));
#1418=EDGE_LOOP('',(#7668,#7669,#7670,#7671,#7672));
#1419=EDGE_LOOP('',(#7673,#7674,#7675,#7676));
#1420=EDGE_LOOP('',(#7677,#7678,#7679,#7680));
#1421=EDGE_LOOP('',(#7681,#7682,#7683,#7684));
#1422=EDGE_LOOP('',(#7685,#7686,#7687,#7688));
#1423=EDGE_LOOP('',(#7689,#7690,#7691,#7692));
#1424=EDGE_LOOP('',(#7693,#7694,#7695,#7696));
#1425=EDGE_LOOP('',(#7697,#7698,#7699,#7700,#7701,#7702,#7703,#7704,#7705,
#7706,#7707,#7708));
#1426=EDGE_LOOP('',(#7709,#7710,#7711,#7712,#7713));
#1427=EDGE_LOOP('',(#7714,#7715,#7716,#7717));
#1428=EDGE_LOOP('',(#7718,#7719,#7720,#7721,#7722,#7723,#7724,#7725));
#1429=EDGE_LOOP('',(#7726,#7727,#7728,#7729));
#1430=EDGE_LOOP('',(#7730,#7731,#7732,#7733,#7734,#7735,#7736,#7737));
#1431=EDGE_LOOP('',(#7738,#7739,#7740,#7741));
#1432=EDGE_LOOP('',(#7742,#7743,#7744,#7745));
#1433=EDGE_LOOP('',(#7746,#7747,#7748,#7749));
#1434=EDGE_LOOP('',(#7750,#7751,#7752,#7753));
#1435=EDGE_LOOP('',(#7754,#7755,#7756,#7757));
#1436=EDGE_LOOP('',(#7758,#7759,#7760,#7761));
#1437=EDGE_LOOP('',(#7762,#7763,#7764,#7765));
#1438=EDGE_LOOP('',(#7766,#7767,#7768,#7769));
#1439=EDGE_LOOP('',(#7770,#7771,#7772,#7773));
#1440=EDGE_LOOP('',(#7774,#7775,#7776,#7777));
#1441=EDGE_LOOP('',(#7778,#7779,#7780,#7781));
#1442=EDGE_LOOP('',(#7782,#7783,#7784,#7785));
#1443=EDGE_LOOP('',(#7786,#7787,#7788,#7789));
#1444=EDGE_LOOP('',(#7790,#7791,#7792,#7793));
#1445=EDGE_LOOP('',(#7794,#7795,#7796,#7797));
#1446=EDGE_LOOP('',(#7798,#7799,#7800,#7801));
#1447=EDGE_LOOP('',(#7802,#7803,#7804,#7805));
#1448=EDGE_LOOP('',(#7806,#7807,#7808,#7809));
#1449=EDGE_LOOP('',(#7810,#7811,#7812,#7813));
#1450=EDGE_LOOP('',(#7814,#7815,#7816,#7817));
#1451=EDGE_LOOP('',(#7818,#7819,#7820,#7821));
#1452=EDGE_LOOP('',(#7822,#7823,#7824,#7825));
#1453=EDGE_LOOP('',(#7826,#7827,#7828,#7829,#7830));
#1454=EDGE_LOOP('',(#7831,#7832,#7833,#7834));
#1455=EDGE_LOOP('',(#7835,#7836,#7837,#7838,#7839,#7840,#7841,#7842,#7843,
#7844,#7845,#7846,#7847,#7848,#7849,#7850,#7851,#7852,#7853,#7854,#7855,
#7856));
#1456=EDGE_LOOP('',(#7857,#7858,#7859,#7860));
#1457=EDGE_LOOP('',(#7861,#7862,#7863,#7864,#7865,#7866,#7867,#7868,#7869,
#7870,#7871,#7872,#7873,#7874,#7875,#7876,#7877,#7878,#7879,#7880,#7881,
#7882));
#1458=EDGE_LOOP('',(#7883,#7884,#7885,#7886));
#1459=EDGE_LOOP('',(#7887,#7888,#7889,#7890));
#1460=EDGE_LOOP('',(#7891,#7892,#7893,#7894));
#1461=EDGE_LOOP('',(#7895,#7896,#7897,#7898));
#1462=EDGE_LOOP('',(#7899,#7900,#7901,#7902));
#1463=EDGE_LOOP('',(#7903,#7904,#7905,#7906));
#1464=EDGE_LOOP('',(#7907,#7908,#7909,#7910));
#1465=EDGE_LOOP('',(#7911,#7912,#7913,#7914));
#1466=EDGE_LOOP('',(#7915,#7916,#7917,#7918));
#1467=EDGE_LOOP('',(#7919,#7920,#7921,#7922,#7923,#7924,#7925,#7926,#7927,
#7928,#7929,#7930,#7931,#7932,#7933,#7934,#7935,#7936,#7937,#7938,#7939,
#7940,#7941));
#1468=EDGE_LOOP('',(#7942,#7943,#7944,#7945,#7946,#7947,#7948,#7949,#7950,
#7951,#7952,#7953,#7954,#7955,#7956,#7957,#7958,#7959,#7960,#7961,#7962,
#7963));
#1469=EDGE_LOOP('',(#7964,#7965,#7966,#7967));
#1470=EDGE_LOOP('',(#7968,#7969,#7970,#7971,#7972,#7973,#7974,#7975,#7976,
#7977,#7978,#7979,#7980,#7981,#7982,#7983,#7984,#7985,#7986,#7987,#7988,
#7989));
#1471=EDGE_LOOP('',(#7990,#7991,#7992,#7993));
#1472=EDGE_LOOP('',(#7994,#7995,#7996,#7997,#7998,#7999,#8000,#8001,#8002,
#8003,#8004,#8005,#8006,#8007,#8008,#8009,#8010,#8011,#8012,#8013,#8014,
#8015));
#1473=EDGE_LOOP('',(#8016,#8017,#8018,#8019,#8020,#8021,#8022,#8023,#8024,
#8025,#8026,#8027,#8028,#8029,#8030,#8031,#8032,#8033,#8034,#8035,#8036,
#8037,#8038,#8039,#8040,#8041,#8042,#8043,#8044,#8045,#8046,#8047,#8048,
#8049,#8050,#8051,#8052,#8053,#8054,#8055,#8056,#8057,#8058,#8059,#8060,
#8061,#8062,#8063,#8064,#8065,#8066,#8067,#8068,#8069,#8070,#8071,#8072,
#8073,#8074,#8075,#8076,#8077,#8078,#8079,#8080,#8081));
#1474=EDGE_LOOP('',(#8082,#8083,#8084,#8085,#8086,#8087,#8088,#8089));
#1475=EDGE_LOOP('',(#8090));
#1476=EDGE_LOOP('',(#8091));
#1477=EDGE_LOOP('',(#8092,#8093,#8094,#8095,#8096));
#1478=EDGE_LOOP('',(#8097,#8098,#8099,#8100));
#1479=EDGE_LOOP('',(#8101,#8102,#8103,#8104));
#1480=EDGE_LOOP('',(#8105,#8106,#8107,#8108));
#1481=EDGE_LOOP('',(#8109,#8110,#8111,#8112));
#1482=EDGE_LOOP('',(#8113,#8114,#8115,#8116));
#1483=EDGE_LOOP('',(#8117,#8118,#8119,#8120));
#1484=EDGE_LOOP('',(#8121,#8122,#8123,#8124));
#1485=EDGE_LOOP('',(#8125,#8126,#8127,#8128));
#1486=EDGE_LOOP('',(#8129,#8130,#8131,#8132));
#1487=EDGE_LOOP('',(#8133,#8134,#8135,#8136,#8137,#8138,#8139,#8140,#8141,
#8142,#8143,#8144,#8145,#8146,#8147,#8148,#8149,#8150));
#1488=EDGE_LOOP('',(#8151,#8152,#8153,#8154));
#1489=EDGE_LOOP('',(#8155,#8156,#8157,#8158));
#1490=EDGE_LOOP('',(#8159,#8160,#8161,#8162));
#1491=EDGE_LOOP('',(#8163,#8164,#8165,#8166));
#1492=EDGE_LOOP('',(#8167,#8168,#8169,#8170));
#1493=EDGE_LOOP('',(#8171,#8172,#8173,#8174));
#1494=EDGE_LOOP('',(#8175,#8176,#8177,#8178,#8179,#8180,#8181,#8182));
#1495=EDGE_LOOP('',(#8183,#8184,#8185,#8186));
#1496=EDGE_LOOP('',(#8187,#8188,#8189,#8190,#8191,#8192,#8193,#8194));
#1497=EDGE_LOOP('',(#8195,#8196,#8197,#8198));
#1498=EDGE_LOOP('',(#8199,#8200,#8201,#8202));
#1499=EDGE_LOOP('',(#8203,#8204,#8205,#8206));
#1500=EDGE_LOOP('',(#8207,#8208,#8209,#8210));
#1501=EDGE_LOOP('',(#8211,#8212,#8213,#8214));
#1502=EDGE_LOOP('',(#8215,#8216,#8217,#8218));
#1503=EDGE_LOOP('',(#8219,#8220,#8221,#8222));
#1504=EDGE_LOOP('',(#8223,#8224,#8225,#8226,#8227,#8228,#8229,#8230,#8231,
#8232,#8233,#8234,#8235,#8236));
#1505=EDGE_LOOP('',(#8237,#8238,#8239,#8240,#8241,#8242,#8243,#8244,#8245,
#8246,#8247,#8248,#8249,#8250));
#1506=EDGE_LOOP('',(#8251,#8252,#8253,#8254,#8255,#8256,#8257,#8258,#8259));
#1507=EDGE_LOOP('',(#8260,#8261,#8262,#8263,#8264,#8265,#8266,#8267,#8268));
#1508=EDGE_LOOP('',(#8269,#8270,#8271,#8272,#8273,#8274,#8275));
#1509=EDGE_LOOP('',(#8276,#8277,#8278,#8279));
#1510=EDGE_LOOP('',(#8280,#8281,#8282,#8283));
#1511=EDGE_LOOP('',(#8284,#8285,#8286,#8287));
#1512=EDGE_LOOP('',(#8288,#8289,#8290,#8291,#8292));
#1513=EDGE_LOOP('',(#8293,#8294,#8295,#8296));
#1514=EDGE_LOOP('',(#8297,#8298,#8299,#8300));
#1515=EDGE_LOOP('',(#8301,#8302,#8303,#8304));
#1516=EDGE_LOOP('',(#8305,#8306,#8307,#8308));
#1517=EDGE_LOOP('',(#8309,#8310,#8311,#8312));
#1518=EDGE_LOOP('',(#8313,#8314,#8315,#8316));
#1519=EDGE_LOOP('',(#8317,#8318,#8319,#8320));
#1520=EDGE_LOOP('',(#8321,#8322,#8323,#8324));
#1521=EDGE_LOOP('',(#8325,#8326,#8327,#8328,#8329,#8330,#8331));
#1522=EDGE_LOOP('',(#8332,#8333,#8334,#8335));
#1523=EDGE_LOOP('',(#8336,#8337,#8338,#8339));
#1524=EDGE_LOOP('',(#8340,#8341,#8342,#8343));
#1525=EDGE_LOOP('',(#8344,#8345,#8346,#8347));
#1526=EDGE_LOOP('',(#8348,#8349,#8350,#8351));
#1527=EDGE_LOOP('',(#8352,#8353,#8354,#8355,#8356,#8357));
#1528=EDGE_LOOP('',(#8358,#8359,#8360,#8361));
#1529=EDGE_LOOP('',(#8362,#8363,#8364,#8365));
#1530=EDGE_LOOP('',(#8366,#8367,#8368,#8369));
#1531=EDGE_LOOP('',(#8370,#8371,#8372,#8373));
#1532=EDGE_LOOP('',(#8374,#8375,#8376,#8377));
#1533=EDGE_LOOP('',(#8378,#8379,#8380,#8381));
#1534=EDGE_LOOP('',(#8382,#8383,#8384,#8385));
#1535=EDGE_LOOP('',(#8386,#8387,#8388,#8389));
#1536=EDGE_LOOP('',(#8390,#8391,#8392,#8393));
#1537=EDGE_LOOP('',(#8394,#8395,#8396,#8397));
#1538=EDGE_LOOP('',(#8398,#8399,#8400,#8401,#8402,#8403,#8404,#8405));
#1539=EDGE_LOOP('',(#8406,#8407,#8408,#8409));
#1540=EDGE_LOOP('',(#8410,#8411,#8412,#8413,#8414,#8415,#8416,#8417));
#1541=EDGE_LOOP('',(#8418,#8419,#8420,#8421));
#1542=EDGE_LOOP('',(#8422,#8423,#8424,#8425));
#1543=EDGE_LOOP('',(#8426,#8427,#8428,#8429));
#1544=EDGE_LOOP('',(#8430,#8431,#8432,#8433));
#1545=EDGE_LOOP('',(#8434,#8435,#8436,#8437));
#1546=EDGE_LOOP('',(#8438,#8439,#8440,#8441,#8442));
#1547=EDGE_LOOP('',(#8443,#8444,#8445,#8446,#8447,#8448,#8449,#8450,#8451,
#8452,#8453,#8454,#8455,#8456));
#1548=EDGE_LOOP('',(#8457,#8458,#8459,#8460,#8461,#8462,#8463,#8464,#8465,
#8466,#8467,#8468,#8469,#8470));
#1549=EDGE_LOOP('',(#8471,#8472,#8473,#8474));
#1550=EDGE_LOOP('',(#8475,#8476,#8477,#8478));
#1551=EDGE_LOOP('',(#8479,#8480,#8481,#8482,#8483,#8484));
#1552=EDGE_LOOP('',(#8485,#8486,#8487,#8488,#8489,#8490,#8491,#8492));
#1553=EDGE_LOOP('',(#8493,#8494,#8495,#8496));
#1554=EDGE_LOOP('',(#8497,#8498,#8499,#8500,#8501,#8502,#8503,#8504,#8505));
#1555=EDGE_LOOP('',(#8506,#8507,#8508,#8509));
#1556=EDGE_LOOP('',(#8510,#8511,#8512,#8513,#8514));
#1557=EDGE_LOOP('',(#8515,#8516,#8517,#8518));
#1558=EDGE_LOOP('',(#8519,#8520,#8521,#8522,#8523,#8524,#8525,#8526,#8527,
#8528,#8529,#8530,#8531,#8532,#8533,#8534,#8535,#8536,#8537,#8538,#8539,
#8540,#8541,#8542,#8543));
#1559=EDGE_LOOP('',(#8544,#8545,#8546,#8547));
#1560=EDGE_LOOP('',(#8548,#8549,#8550,#8551,#8552,#8553,#8554));
#1561=EDGE_LOOP('',(#8555,#8556,#8557,#8558));
#1562=EDGE_LOOP('',(#8559,#8560,#8561,#8562));
#1563=EDGE_LOOP('',(#8563,#8564,#8565,#8566,#8567));
#1564=EDGE_LOOP('',(#8568,#8569,#8570,#8571));
#1565=EDGE_LOOP('',(#8572,#8573,#8574,#8575));
#1566=EDGE_LOOP('',(#8576,#8577,#8578,#8579));
#1567=EDGE_LOOP('',(#8580,#8581,#8582,#8583,#8584));
#1568=EDGE_LOOP('',(#8585,#8586,#8587,#8588));
#1569=EDGE_LOOP('',(#8589,#8590,#8591,#8592,#8593,#8594,#8595,#8596));
#1570=EDGE_LOOP('',(#8597,#8598,#8599,#8600));
#1571=EDGE_LOOP('',(#8601,#8602,#8603,#8604,#8605,#8606,#8607,#8608));
#1572=EDGE_LOOP('',(#8609,#8610,#8611,#8612));
#1573=EDGE_LOOP('',(#8613,#8614,#8615,#8616));
#1574=EDGE_LOOP('',(#8617,#8618,#8619,#8620));
#1575=EDGE_LOOP('',(#8621,#8622,#8623,#8624));
#1576=EDGE_LOOP('',(#8625,#8626,#8627,#8628));
#1577=EDGE_LOOP('',(#8629,#8630,#8631,#8632));
#1578=EDGE_LOOP('',(#8633,#8634,#8635,#8636));
#1579=EDGE_LOOP('',(#8637,#8638,#8639,#8640,#8641,#8642,#8643,#8644,#8645,
#8646,#8647,#8648));
#1580=EDGE_LOOP('',(#8649,#8650,#8651,#8652));
#1581=EDGE_LOOP('',(#8653,#8654,#8655,#8656,#8657,#8658,#8659,#8660,#8661,
#8662,#8663,#8664,#8665,#8666));
#1582=EDGE_LOOP('',(#8667,#8668,#8669,#8670));
#1583=EDGE_LOOP('',(#8671,#8672,#8673,#8674,#8675,#8676,#8677,#8678,#8679,
#8680,#8681,#8682));
#1584=EDGE_LOOP('',(#8683,#8684,#8685,#8686));
#1585=EDGE_LOOP('',(#8687,#8688,#8689,#8690));
#1586=EDGE_LOOP('',(#8691,#8692,#8693,#8694,#8695,#8696,#8697));
#1587=EDGE_LOOP('',(#8698,#8699,#8700,#8701));
#1588=EDGE_LOOP('',(#8702,#8703,#8704,#8705));
#1589=EDGE_LOOP('',(#8706,#8707,#8708,#8709,#8710,#8711,#8712,#8713));
#1590=EDGE_LOOP('',(#8714,#8715,#8716,#8717,#8718));
#1591=EDGE_LOOP('',(#8719,#8720,#8721,#8722));
#1592=EDGE_LOOP('',(#8723,#8724,#8725,#8726));
#1593=EDGE_LOOP('',(#8727,#8728,#8729,#8730,#8731,#8732,#8733,#8734));
#1594=EDGE_LOOP('',(#8735,#8736,#8737,#8738,#8739,#8740,#8741,#8742,#8743));
#1595=EDGE_LOOP('',(#8744,#8745,#8746,#8747,#8748,#8749));
#1596=EDGE_LOOP('',(#8750,#8751,#8752,#8753,#8754,#8755,#8756,#8757,#8758,
#8759,#8760,#8761,#8762,#8763,#8764,#8765,#8766,#8767,#8768,#8769,#8770,
#8771,#8772,#8773));
#1597=EDGE_LOOP('',(#8774,#8775,#8776,#8777));
#1598=EDGE_LOOP('',(#8778,#8779,#8780,#8781));
#1599=EDGE_LOOP('',(#8782,#8783,#8784,#8785));
#1600=EDGE_LOOP('',(#8786,#8787,#8788,#8789));
#1601=EDGE_LOOP('',(#8790,#8791,#8792,#8793));
#1602=EDGE_LOOP('',(#8794,#8795,#8796,#8797));
#1603=EDGE_LOOP('',(#8798,#8799,#8800,#8801,#8802,#8803,#8804,#8805));
#1604=EDGE_LOOP('',(#8806,#8807,#8808,#8809));
#1605=EDGE_LOOP('',(#8810,#8811,#8812,#8813,#8814,#8815,#8816,#8817));
#1606=EDGE_LOOP('',(#8818,#8819,#8820,#8821));
#1607=EDGE_LOOP('',(#8822,#8823,#8824,#8825));
#1608=EDGE_LOOP('',(#8826,#8827,#8828,#8829,#8830));
#1609=EDGE_LOOP('',(#8831,#8832,#8833,#8834));
#1610=EDGE_LOOP('',(#8835,#8836,#8837,#8838,#8839,#8840,#8841));
#1611=EDGE_LOOP('',(#8842,#8843,#8844,#8845));
#1612=EDGE_LOOP('',(#8846,#8847,#8848,#8849));
#1613=EDGE_LOOP('',(#8850,#8851,#8852,#8853));
#1614=EDGE_LOOP('',(#8854,#8855,#8856,#8857));
#1615=EDGE_LOOP('',(#8858,#8859,#8860,#8861,#8862));
#1616=EDGE_LOOP('',(#8863,#8864,#8865,#8866));
#1617=EDGE_LOOP('',(#8867,#8868,#8869,#8870));
#1618=EDGE_LOOP('',(#8871,#8872,#8873));
#1619=EDGE_LOOP('',(#8874,#8875,#8876,#8877,#8878));
#1620=EDGE_LOOP('',(#8879,#8880,#8881,#8882,#8883));
#1621=EDGE_LOOP('',(#8884,#8885,#8886));
#1622=EDGE_LOOP('',(#8887,#8888,#8889,#8890,#8891));
#1623=EDGE_LOOP('',(#8892,#8893,#8894,#8895,#8896));
#1624=EDGE_LOOP('',(#8897,#8898,#8899,#8900,#8901));
#1625=EDGE_LOOP('',(#8902,#8903,#8904,#8905));
#1626=EDGE_LOOP('',(#8906,#8907,#8908,#8909,#8910));
#1627=EDGE_LOOP('',(#8911,#8912,#8913,#8914));
#1628=EDGE_LOOP('',(#8915,#8916,#8917,#8918,#8919,#8920,#8921,#8922,#8923,
#8924,#8925,#8926));
#1629=EDGE_LOOP('',(#8927,#8928,#8929,#8930,#8931));
#1630=EDGE_LOOP('',(#8932,#8933,#8934));
#1631=EDGE_LOOP('',(#8935,#8936,#8937,#8938,#8939,#8940,#8941,#8942,#8943,
#8944,#8945,#8946,#8947,#8948,#8949,#8950,#8951));
#1632=EDGE_LOOP('',(#8952,#8953,#8954,#8955,#8956,#8957,#8958,#8959,#8960,
#8961,#8962,#8963));
#1633=EDGE_LOOP('',(#8964,#8965,#8966,#8967,#8968));
#1634=EDGE_LOOP('',(#8969,#8970,#8971,#8972));
#1635=EDGE_LOOP('',(#8973,#8974,#8975,#8976));
#1636=EDGE_LOOP('',(#8977,#8978,#8979,#8980));
#1637=EDGE_LOOP('',(#8981,#8982,#8983,#8984));
#1638=EDGE_LOOP('',(#8985,#8986,#8987,#8988));
#1639=EDGE_LOOP('',(#8989,#8990,#8991,#8992,#8993,#8994));
#1640=EDGE_LOOP('',(#8995,#8996,#8997,#8998));
#1641=EDGE_LOOP('',(#8999,#9000));
#1642=EDGE_LOOP('',(#9001,#9002,#9003,#9004));
#1643=EDGE_LOOP('',(#9005,#9006,#9007,#9008));
#1644=EDGE_LOOP('',(#9009,#9010,#9011,#9012));
#1645=EDGE_LOOP('',(#9013,#9014,#9015,#9016,#9017,#9018,#9019,#9020));
#1646=EDGE_LOOP('',(#9021,#9022,#9023,#9024));
#1647=EDGE_LOOP('',(#9025,#9026,#9027,#9028));
#1648=EDGE_LOOP('',(#9029,#9030,#9031,#9032));
#1649=EDGE_LOOP('',(#9033,#9034,#9035,#9036));
#1650=EDGE_LOOP('',(#9037,#9038,#9039,#9040,#9041,#9042,#9043));
#1651=EDGE_LOOP('',(#9044,#9045,#9046,#9047,#9048));
#1652=EDGE_LOOP('',(#9049,#9050,#9051,#9052));
#1653=EDGE_LOOP('',(#9053,#9054,#9055,#9056,#9057,#9058,#9059));
#1654=EDGE_LOOP('',(#9060,#9061,#9062,#9063));
#1655=EDGE_LOOP('',(#9064,#9065,#9066,#9067));
#1656=EDGE_LOOP('',(#9068,#9069,#9070,#9071));
#1657=EDGE_LOOP('',(#9072,#9073,#9074,#9075));
#1658=EDGE_LOOP('',(#9076,#9077,#9078,#9079));
#1659=EDGE_LOOP('',(#9080,#9081,#9082,#9083));
#1660=EDGE_LOOP('',(#9084,#9085,#9086,#9087));
#1661=EDGE_LOOP('',(#9088,#9089,#9090,#9091,#9092,#9093,#9094,#9095,#9096,
#9097,#9098,#9099));
#1662=EDGE_LOOP('',(#9100,#9101,#9102,#9103));
#1663=EDGE_LOOP('',(#9104,#9105,#9106,#9107));
#1664=EDGE_LOOP('',(#9108,#9109,#9110,#9111));
#1665=EDGE_LOOP('',(#9112,#9113,#9114,#9115));
#1666=EDGE_LOOP('',(#9116,#9117,#9118,#9119));
#1667=EDGE_LOOP('',(#9120,#9121,#9122,#9123));
#1668=EDGE_LOOP('',(#9124,#9125,#9126,#9127));
#1669=EDGE_LOOP('',(#9128,#9129,#9130,#9131,#9132));
#1670=EDGE_LOOP('',(#9133,#9134,#9135,#9136));
#1671=EDGE_LOOP('',(#9137,#9138,#9139,#9140,#9141));
#1672=EDGE_LOOP('',(#9142,#9143,#9144,#9145,#9146));
#1673=EDGE_LOOP('',(#9147,#9148,#9149,#9150,#9151));
#1674=EDGE_LOOP('',(#9152,#9153,#9154));
#1675=EDGE_LOOP('',(#9155,#9156,#9157,#9158,#9159));
#1676=EDGE_LOOP('',(#9160,#9161,#9162,#9163,#9164));
#1677=EDGE_LOOP('',(#9165,#9166,#9167));
#1678=EDGE_LOOP('',(#9168,#9169,#9170,#9171));
#1679=EDGE_LOOP('',(#9172,#9173,#9174,#9175));
#1680=EDGE_LOOP('',(#9176,#9177,#9178,#9179));
#1681=EDGE_LOOP('',(#9180,#9181,#9182,#9183,#9184));
#1682=EDGE_LOOP('',(#9185,#9186,#9187));
#1683=EDGE_LOOP('',(#9188,#9189,#9190,#9191,#9192,#9193,#9194,#9195,#9196,
#9197,#9198,#9199,#9200,#9201,#9202,#9203,#9204));
#1684=EDGE_LOOP('',(#9205,#9206,#9207,#9208,#9209,#9210,#9211,#9212,#9213,
#9214,#9215,#9216));
#1685=EDGE_LOOP('',(#9217,#9218,#9219,#9220,#9221));
#1686=EDGE_LOOP('',(#9222,#9223,#9224,#9225,#9226));
#1687=EDGE_LOOP('',(#9227,#9228,#9229,#9230,#9231,#9232,#9233,#9234,#9235,
#9236,#9237,#9238));
#1688=EDGE_LOOP('',(#9239,#9240,#9241,#9242));
#1689=EDGE_LOOP('',(#9243,#9244,#9245,#9246,#9247,#9248));
#1690=EDGE_LOOP('',(#9249,#9250,#9251,#9252));
#1691=EDGE_LOOP('',(#9253,#9254,#9255,#9256,#9257,#9258));
#1692=EDGE_LOOP('',(#9259,#9260,#9261,#9262,#9263,#9264,#9265,#9266,#9267,
#9268));
#1693=EDGE_LOOP('',(#9269,#9270,#9271,#9272,#9273));
#1694=EDGE_LOOP('',(#9274,#9275,#9276,#9277,#9278,#9279,#9280));
#1695=EDGE_LOOP('',(#9281,#9282,#9283,#9284,#9285));
#1696=EDGE_LOOP('',(#9286,#9287,#9288,#9289,#9290,#9291,#9292,#9293,#9294,
#9295,#9296));
#1697=EDGE_LOOP('',(#9297,#9298,#9299,#9300,#9301,#9302,#9303,#9304,#9305,
#9306,#9307,#9308));
#1698=EDGE_LOOP('',(#9309,#9310,#9311,#9312));
#1699=EDGE_LOOP('',(#9313,#9314,#9315,#9316,#9317,#9318,#9319));
#1700=EDGE_LOOP('',(#9320,#9321));
#1701=EDGE_LOOP('',(#9322,#9323,#9324,#9325,#9326,#9327,#9328,#9329,#9330,
#9331,#9332,#9333,#9334,#9335));
#1702=EDGE_LOOP('',(#9336,#9337,#9338,#9339,#9340));
#1703=EDGE_LOOP('',(#9341,#9342,#9343,#9344,#9345,#9346,#9347,#9348,#9349,
#9350,#9351,#9352,#9353,#9354,#9355,#9356,#9357,#9358,#9359,#9360,#9361,
#9362,#9363,#9364,#9365,#9366,#9367,#9368,#9369,#9370));
#1704=EDGE_LOOP('',(#9371,#9372,#9373,#9374));
#1705=EDGE_LOOP('',(#9375,#9376,#9377,#9378,#9379));
#1706=EDGE_LOOP('',(#9380,#9381,#9382,#9383,#9384,#9385,#9386,#9387,#9388));
#1707=EDGE_LOOP('',(#9389,#9390,#9391,#9392));
#1708=EDGE_LOOP('',(#9393,#9394,#9395,#9396));
#1709=EDGE_LOOP('',(#9397,#9398,#9399,#9400,#9401,#9402,#9403,#9404));
#1710=EDGE_LOOP('',(#9405,#9406,#9407,#9408));
#1711=EDGE_LOOP('',(#9409,#9410,#9411,#9412));
#1712=EDGE_LOOP('',(#9413,#9414,#9415,#9416,#9417,#9418,#9419,#9420,#9421,
#9422,#9423,#9424,#9425,#9426,#9427,#9428,#9429));
#1713=EDGE_LOOP('',(#9430,#9431,#9432,#9433));
#1714=EDGE_LOOP('',(#9434,#9435,#9436,#9437,#9438));
#1715=EDGE_LOOP('',(#9439,#9440,#9441,#9442));
#1716=EDGE_LOOP('',(#9443,#9444,#9445,#9446));
#1717=EDGE_LOOP('',(#9447,#9448,#9449,#9450,#9451,#9452,#9453,#9454,#9455));
#1718=EDGE_LOOP('',(#9456,#9457,#9458,#9459,#9460,#9461,#9462,#9463,#9464,
#9465,#9466));
#1719=EDGE_LOOP('',(#9467,#9468,#9469,#9470,#9471));
#1720=EDGE_LOOP('',(#9472,#9473,#9474,#9475,#9476,#9477,#9478));
#1721=EDGE_LOOP('',(#9479,#9480,#9481,#9482,#9483));
#1722=EDGE_LOOP('',(#9484,#9485,#9486,#9487,#9488,#9489,#9490,#9491,#9492,
#9493,#9494,#9495));
#1723=EDGE_LOOP('',(#9496,#9497,#9498,#9499,#9500,#9501,#9502,#9503,#9504,
#9505));
#1724=EDGE_LOOP('',(#9506,#9507,#9508,#9509,#9510,#9511,#9512,#9513,#9514,
#9515,#9516));
#1725=EDGE_LOOP('',(#9517,#9518,#9519,#9520,#9521,#9522,#9523,#9524));
#1726=EDGE_LOOP('',(#9525,#9526,#9527,#9528,#9529));
#1727=EDGE_LOOP('',(#9530,#9531,#9532,#9533));
#1728=EDGE_LOOP('',(#9534,#9535,#9536,#9537,#9538));
#1729=EDGE_LOOP('',(#9539,#9540,#9541,#9542,#9543,#9544,#9545,#9546));
#1730=EDGE_LOOP('',(#9547,#9548,#9549,#9550));
#1731=EDGE_LOOP('',(#9551,#9552,#9553,#9554,#9555));
#1732=EDGE_LOOP('',(#9556,#9557,#9558,#9559,#9560,#9561,#9562,#9563,#9564));
#1733=EDGE_LOOP('',(#9565,#9566,#9567,#9568,#9569,#9570));
#1734=EDGE_LOOP('',(#9571,#9572,#9573,#9574));
#1735=EDGE_LOOP('',(#9575,#9576,#9577,#9578,#9579));
#1736=EDGE_LOOP('',(#9580,#9581,#9582,#9583));
#1737=EDGE_LOOP('',(#9584,#9585,#9586,#9587));
#1738=EDGE_LOOP('',(#9588,#9589,#9590,#9591,#9592));
#1739=EDGE_LOOP('',(#9593,#9594,#9595,#9596));
#1740=EDGE_LOOP('',(#9597,#9598,#9599,#9600));
#1741=EDGE_LOOP('',(#9601,#9602,#9603,#9604,#9605,#9606));
#1742=EDGE_LOOP('',(#9607,#9608,#9609,#9610,#9611,#9612,#9613,#9614));
#1743=EDGE_LOOP('',(#9615,#9616,#9617,#9618,#9619,#9620,#9621,#9622,#9623));
#1744=EDGE_LOOP('',(#9624,#9625,#9626,#9627,#9628));
#1745=EDGE_LOOP('',(#9629,#9630,#9631,#9632,#9633,#9634,#9635,#9636));
#1746=EDGE_LOOP('',(#9637,#9638,#9639,#9640,#9641));
#1747=EDGE_LOOP('',(#9642,#9643,#9644,#9645));
#1748=EDGE_LOOP('',(#9646,#9647,#9648,#9649,#9650));
#1749=EDGE_LOOP('',(#9651,#9652,#9653,#9654,#9655,#9656,#9657,#9658,#9659,
#9660,#9661,#9662,#9663,#9664,#9665,#9666,#9667,#9668,#9669,#9670,#9671,
#9672,#9673,#9674));
#1750=CIRCLE('',#10529,0.1);
#1751=CIRCLE('',#10530,0.1);
#1752=CIRCLE('',#10534,0.0499999999999999);
#1753=CIRCLE('',#10535,0.25);
#1754=CIRCLE('',#10536,0.05);
#1755=CIRCLE('',#10537,0.25);
#1756=CIRCLE('',#10539,0.0499999999999999);
#1757=CIRCLE('',#10541,0.25);
#1758=CIRCLE('',#10543,0.1);
#1759=CIRCLE('',#10545,0.1);
#1760=CIRCLE('',#10548,0.1);
#1761=CIRCLE('',#10552,0.1);
#1762=CIRCLE('',#10554,0.05);
#1763=CIRCLE('',#10555,0.25);
#1764=CIRCLE('',#10559,0.1);
#1765=CIRCLE('',#10560,0.1);
#1766=CIRCLE('',#10561,0.1);
#1767=CIRCLE('',#10562,0.1);
#1768=CIRCLE('',#10563,0.0999999999999998);
#1769=CIRCLE('',#10564,0.0999999999999998);
#1770=CIRCLE('',#10565,0.0999999999999998);
#1771=CIRCLE('',#10569,0.1);
#1772=CIRCLE('',#10571,0.0999999999999998);
#1773=CIRCLE('',#10573,0.0999999999999998);
#1774=CIRCLE('',#10576,0.0999999999999998);
#1775=CIRCLE('',#10579,0.1);
#1776=CIRCLE('',#10582,0.1);
#1777=CIRCLE('',#10585,0.1);
#1778=CIRCLE('',#10593,0.0199999999999989);
#1779=CIRCLE('',#10594,0.0199999999999992);
#1780=CIRCLE('',#10597,0.0199999999999992);
#1781=CIRCLE('',#10598,0.0199999999999989);
#1782=CIRCLE('',#10605,0.0199999999999989);
#1783=CIRCLE('',#10606,0.0199999999999992);
#1784=CIRCLE('',#10609,0.0199999999999992);
#1785=CIRCLE('',#10610,0.0199999999999989);
#1786=CIRCLE('',#10615,0.310000000000002);
#1787=CIRCLE('',#10616,0.31);
#1788=CIRCLE('',#10617,0.31);
#1789=CIRCLE('',#10618,0.31);
#1790=CIRCLE('',#10620,0.309999999999999);
#1791=CIRCLE('',#10621,0.309999999999999);
#1792=CIRCLE('',#10622,0.31);
#1793=CIRCLE('',#10623,0.309999999999999);
#1794=CIRCLE('',#10625,0.289999999996204);
#1795=CIRCLE('',#10626,0.28999999999521);
#1796=CIRCLE('',#10627,0.274999999997554);
#1797=CIRCLE('',#10628,0.28999999999521);
#1798=CIRCLE('',#10630,0.289999999999997);
#1799=CIRCLE('',#10632,0.29);
#1800=CIRCLE('',#10633,0.28999999999644);
#1801=CIRCLE('',#10634,0.274999999997703);
#1802=CIRCLE('',#10635,0.28999999999644);
#1803=CIRCLE('',#10637,0.2249999999364);
#1804=CIRCLE('',#10639,0.224999999959243);
#1805=CIRCLE('',#10641,0.0999999999999998);
#1806=CIRCLE('',#10642,0.100000000000001);
#1807=CIRCLE('',#10643,0.0999999999999998);
#1808=CIRCLE('',#10646,0.0999999999999998);
#1809=CIRCLE('',#10647,0.0999999999999997);
#1810=CIRCLE('',#10648,0.1);
#1811=CIRCLE('',#10650,0.1);
#1812=CIRCLE('',#10651,0.100000000000001);
#1813=CIRCLE('',#10652,0.0999999999999998);
#1814=CIRCLE('',#10654,0.0999999999999998);
#1815=CIRCLE('',#10655,0.0999999999999998);
#1816=CIRCLE('',#10656,0.0999999999999995);
#1817=CIRCLE('',#10658,0.200000000000001);
#1818=CIRCLE('',#10659,0.200000000000001);
#1819=CIRCLE('',#10662,0.0499999999999918);
#1820=CIRCLE('',#10663,0.0500000000000032);
#1821=CIRCLE('',#10666,0.0500000000000016);
#1822=CIRCLE('',#10667,0.0500000000000014);
#1823=CIRCLE('',#10669,0.0500000000000011);
#1824=CIRCLE('',#10670,0.0500000000000017);
#1825=CIRCLE('',#10673,0.0500000000003373);
#1826=CIRCLE('',#10674,0.0499999999999685);
#1827=CIRCLE('',#10677,0.2);
#1828=CIRCLE('',#10678,0.200000000000001);
#1829=CIRCLE('',#10696,0.200000000000005);
#1830=CIRCLE('',#10697,0.199999999999996);
#1831=CIRCLE('',#10699,0.199999999999999);
#1832=CIRCLE('',#10700,0.199999999999998);
#1833=CIRCLE('',#10717,0.299999999999999);
#1834=CIRCLE('',#10718,0.300000000000001);
#1835=CIRCLE('',#10720,0.100000000000002);
#1836=CIRCLE('',#10721,0.100000000000002);
#1837=CIRCLE('',#10723,0.0999999999999994);
#1838=CIRCLE('',#10724,0.100000000000001);
#1839=CIRCLE('',#10727,0.100000000000002);
#1840=CIRCLE('',#10728,0.1);
#1841=CIRCLE('',#10733,0.1);
#1842=CIRCLE('',#10735,0.3);
#1843=CIRCLE('',#10736,0.299999999999999);
#1844=CIRCLE('',#10740,0.100000000000001);
#1845=CIRCLE('',#10741,0.0999999999999995);
#1846=CIRCLE('',#10743,0.100000000000001);
#1847=CIRCLE('',#10745,0.100000000000002);
#1848=CIRCLE('',#10748,0.099999999999999);
#1849=CIRCLE('',#10749,0.100000000000001);
#1850=CIRCLE('',#10751,0.1);
#1851=CIRCLE('',#10753,0.1);
#1852=CIRCLE('',#10754,0.0999999999999995);
#1853=CIRCLE('',#10756,0.1);
#1854=CIRCLE('',#10757,0.100000000000001);
#1855=CIRCLE('',#10760,0.1);
#1856=CIRCLE('',#10762,0.0999999999999998);
#1857=CIRCLE('',#10763,0.1);
#1858=CIRCLE('',#10766,0.1);
#1859=CIRCLE('',#10768,0.1);
#1860=CIRCLE('',#10769,0.1);
#1861=CIRCLE('',#10772,0.1);
#1862=CIRCLE('',#10774,0.1);
#1863=CIRCLE('',#10783,0.1);
#1864=CIRCLE('',#10784,0.3);
#1865=CIRCLE('',#10803,0.3);
#1866=CIRCLE('',#10804,0.0999999999999997);
#1867=CIRCLE('',#10808,0.2);
#1868=CIRCLE('',#10809,0.2);
#1869=CIRCLE('',#10810,0.199999999999999);
#1870=CIRCLE('',#10811,0.2);
#1871=CIRCLE('',#10813,0.2);
#1872=CIRCLE('',#10814,0.2);
#1873=CIRCLE('',#10816,0.2);
#1874=CIRCLE('',#10817,0.2);
#1875=CIRCLE('',#10819,0.249999999999999);
#1876=CIRCLE('',#10820,0.250000000000004);
#1877=CIRCLE('',#10822,0.0999999999999994);
#1878=CIRCLE('',#10825,0.0999999999999956);
#1879=CIRCLE('',#10826,0.0999999999999956);
#1880=CIRCLE('',#10829,0.300000000000001);
#1881=CIRCLE('',#10830,0.300000000000001);
#1882=CIRCLE('',#10833,0.1);
#1883=CIRCLE('',#10834,0.1);
#1884=CIRCLE('',#10836,0.049999999999998);
#1885=CIRCLE('',#10838,0.0499999999999995);
#1886=CIRCLE('',#10841,0.0999999999999997);
#1887=CIRCLE('',#10842,0.1);
#1888=CIRCLE('',#10844,0.299999999999999);
#1889=CIRCLE('',#10847,0.1);
#1890=CIRCLE('',#10848,0.099999999999999);
#1891=CIRCLE('',#10851,0.1);
#1892=CIRCLE('',#10852,0.0999999999999999);
#1893=CIRCLE('',#10855,0.1);
#1894=CIRCLE('',#10856,0.1);
#1895=CIRCLE('',#10870,0.289999999999995);
#1896=CIRCLE('',#10875,0.1);
#1897=CIRCLE('',#10877,0.249999999999997);
#1898=CIRCLE('',#10878,0.250000000000004);
#1899=CIRCLE('',#10880,0.1);
#1900=CIRCLE('',#10881,0.0999999999999998);
#1901=CIRCLE('',#10884,0.099999999999999);
#1902=CIRCLE('',#10885,0.1);
#1903=CIRCLE('',#10888,0.100000000000001);
#1904=CIRCLE('',#10889,0.0999999999999996);
#1905=CIRCLE('',#10891,0.3);
#1906=CIRCLE('',#10894,0.099999999999999);
#1907=CIRCLE('',#10895,0.099999999999999);
#1908=CIRCLE('',#10897,0.0499999999999999);
#1909=CIRCLE('',#10899,0.0499999999999989);
#1910=CIRCLE('',#10902,0.0999999999999999);
#1911=CIRCLE('',#10903,0.0999999999999999);
#1912=CIRCLE('',#10906,0.3);
#1913=CIRCLE('',#10907,0.300000000000001);
#1914=CIRCLE('',#10910,0.0999999999999945);
#1915=CIRCLE('',#10911,0.0999999999999956);
#1916=CIRCLE('',#10915,0.2);
#1917=CIRCLE('',#10918,0.2);
#1918=CIRCLE('',#10921,0.2);
#1919=CIRCLE('',#10924,0.2);
#1920=CIRCLE('',#10927,0.300000000000001);
#1921=CIRCLE('',#10928,0.300000000000001);
#1922=CIRCLE('',#10930,0.299999999999998);
#1923=CIRCLE('',#10931,0.299999999999998);
#1924=CIRCLE('',#10934,0.199999999999999);
#1925=CIRCLE('',#10937,0.199999999999995);
#1926=CIRCLE('',#10941,0.3);
#1927=CIRCLE('',#10942,0.3);
#1928=CIRCLE('',#10944,0.1);
#1929=CIRCLE('',#10946,0.1);
#1930=CIRCLE('',#10950,0.100000000000001);
#1931=CIRCLE('',#10951,0.1);
#1932=CIRCLE('',#10954,0.0999999999999991);
#1933=CIRCLE('',#10955,0.1);
#1934=CIRCLE('',#10957,0.099999999999999);
#1935=CIRCLE('',#10958,0.099999999999999);
#1936=CIRCLE('',#10960,0.1);
#1937=CIRCLE('',#10961,0.0999999999999999);
#1938=CIRCLE('',#10965,0.1);
#1939=CIRCLE('',#10966,0.0999999999999996);
#1940=CIRCLE('',#10968,0.0499999999999999);
#1941=CIRCLE('',#10969,0.250000000000001);
#1942=CIRCLE('',#10971,0.25);
#1943=CIRCLE('',#10972,0.049999999999999);
#1944=CIRCLE('',#10974,0.100000000000001);
#1945=CIRCLE('',#10975,0.0999999999999998);
#1946=CIRCLE('',#10978,0.3);
#1947=CIRCLE('',#10979,0.3);
#1948=CIRCLE('',#10982,0.1);
#1949=CIRCLE('',#10983,0.1);
#1950=CIRCLE('',#10984,0.100000000000001);
#1951=CIRCLE('',#10985,0.100000000000001);
#1952=CIRCLE('',#10986,0.0999999999999997);
#1953=CIRCLE('',#10987,0.100000000000001);
#1954=CIRCLE('',#10988,0.100000000000002);
#1955=CIRCLE('',#10989,0.100000000000001);
#1956=CIRCLE('',#10990,0.100000000000001);
#1957=CIRCLE('',#10991,0.1);
#1958=CIRCLE('',#10992,0.100000000000003);
#1959=CIRCLE('',#10993,0.400000000000003);
#1960=CIRCLE('',#10994,0.2);
#1961=CIRCLE('',#10995,0.100000000002075);
#1962=CIRCLE('',#10996,0.099999999999999);
#1963=CIRCLE('',#10997,0.0999999999999998);
#1964=CIRCLE('',#10998,0.0999999999999994);
#1965=CIRCLE('',#10999,0.0999999999999998);
#1966=CIRCLE('',#11000,0.0999999999999997);
#1967=CIRCLE('',#11001,0.100000000000001);
#1968=CIRCLE('',#11002,0.1);
#1969=CIRCLE('',#11003,0.0999999999999998);
#1970=CIRCLE('',#11004,0.0999999999962661);
#1971=CIRCLE('',#11005,0.2);
#1972=CIRCLE('',#11006,0.400000000000003);
#1973=CIRCLE('',#11007,0.100000000000003);
#1974=CIRCLE('',#11010,0.1);
#1975=CIRCLE('',#11011,0.1);
#1976=CIRCLE('',#11015,0.1);
#1977=CIRCLE('',#11016,0.1);
#1978=CIRCLE('',#11018,0.100000000000002);
#1979=CIRCLE('',#11019,0.0999999999999992);
#1980=CIRCLE('',#11021,0.1);
#1981=CIRCLE('',#11022,0.1);
#1982=CIRCLE('',#11025,0.1);
#1983=CIRCLE('',#11026,0.0999999999999997);
#1984=CIRCLE('',#11029,0.0999999999999977);
#1985=CIRCLE('',#11030,0.0999999999999995);
#1986=CIRCLE('',#11032,0.299999999999999);
#1987=CIRCLE('',#11033,0.299999999999999);
#1988=CIRCLE('',#11036,0.1);
#1989=CIRCLE('',#11039,0.100000000000001);
#1990=CIRCLE('',#11041,0.1);
#1991=CIRCLE('',#11043,0.0999999999999995);
#1992=CIRCLE('',#11045,0.0999999999999995);
#1993=CIRCLE('',#11048,0.100000000000003);
#1994=CIRCLE('',#11050,0.400000000000003);
#1995=CIRCLE('',#11053,0.199999999999998);
#1996=CIRCLE('',#11056,0.100000000002075);
#1997=CIRCLE('',#11064,0.100000000000001);
#1998=CIRCLE('',#11067,0.100000000000001);
#1999=CIRCLE('',#11071,0.200000000000005);
#2000=CIRCLE('',#11074,0.199999999999996);
#2001=CIRCLE('',#11078,0.0999999999999993);
#2002=CIRCLE('',#11079,0.0999999999999989);
#2003=CIRCLE('',#11081,0.099999999999999);
#2004=CIRCLE('',#11085,0.0999999999999984);
#2005=CIRCLE('',#11086,0.0999999999999987);
#2006=CIRCLE('',#11088,0.100000000000001);
#2007=CIRCLE('',#11091,0.249999999999999);
#2008=CIRCLE('',#11092,0.249999999999999);
#2009=CIRCLE('',#11095,0.250000000000001);
#2010=CIRCLE('',#11098,0.3);
#2011=CIRCLE('',#11099,0.3);
#2012=CIRCLE('',#11102,0.0999999999962661);
#2013=CIRCLE('',#11105,0.199999999999999);
#2014=CIRCLE('',#11108,0.399999999999999);
#2015=CIRCLE('',#11110,0.100000000000003);
#2016=CIRCLE('',#11112,0.0999999999999995);
#2017=CIRCLE('',#11114,0.1);
#2018=CIRCLE('',#11117,0.1);
#2019=CIRCLE('',#11119,0.100000000000002);
#2020=CIRCLE('',#11122,0.0999999999999998);
#2021=CIRCLE('',#11130,0.100000000000003);
#2022=CIRCLE('',#11131,0.100000000015958);
#2023=CIRCLE('',#11132,0.0999999999934059);
#2024=CIRCLE('',#11134,0.1);
#2025=CIRCLE('',#11136,0.1);
#2026=CIRCLE('',#11139,0.0999999999999998);
#2027=CIRCLE('',#11144,0.0999999999999993);
#2028=CIRCLE('',#11148,0.0999999999999979);
#2029=CIRCLE('',#11152,0.100000000000001);
#2030=CIRCLE('',#11155,0.0999999999999998);
#2031=CIRCLE('',#11157,0.25);
#2032=CIRCLE('',#11158,0.250000000000003);
#2033=CIRCLE('',#11160,0.0499999999999967);
#2034=CIRCLE('',#11162,0.0499999999999963);
#2035=CIRCLE('',#11165,0.0999999999999979);
#2036=CIRCLE('',#11166,0.0999999999999999);
#2037=CIRCLE('',#11168,0.0999999999999986);
#2038=CIRCLE('',#11169,0.0999999999999996);
#2039=CIRCLE('',#11172,0.100000000000001);
#2040=CIRCLE('',#11173,0.1);
#2041=CIRCLE('',#11175,0.100000000000002);
#2042=CIRCLE('',#11176,0.100000000000001);
#2043=CIRCLE('',#11187,0.1);
#2044=CIRCLE('',#11188,0.1);
#2045=CIRCLE('',#11192,0.05);
#2046=CIRCLE('',#11195,0.1);
#2047=CIRCLE('',#11197,0.0999999999999998);
#2048=CIRCLE('',#11198,0.1);
#2049=CIRCLE('',#11202,0.100000000002877);
#2050=CIRCLE('',#11203,0.100000000000003);
#2051=CIRCLE('',#11204,0.100000000049693);
#2052=CIRCLE('',#11209,0.249999999999999);
#2053=CIRCLE('',#11210,0.249999999999996);
#2054=CIRCLE('',#11213,0.1);
#2055=CIRCLE('',#11214,0.0999999999999994);
#2056=CIRCLE('',#11216,0.1);
#2057=CIRCLE('',#11217,0.0999999999999992);
#2058=CIRCLE('',#11219,0.0500000000000037);
#2059=CIRCLE('',#11221,0.0499999999999992);
#2060=CIRCLE('',#11224,0.100000000000001);
#2061=CIRCLE('',#11225,0.0999999999999995);
#2062=CIRCLE('',#11227,0.1);
#2063=CIRCLE('',#11228,0.1);
#2064=CIRCLE('',#11230,0.100000000000001);
#2065=CIRCLE('',#11234,0.0999999999999997);
#2066=CIRCLE('',#11237,0.1);
#2067=CIRCLE('',#11241,0.0999999999999996);
#2068=CIRCLE('',#11251,0.1);
#2069=CIRCLE('',#11258,0.0999999999999998);
#2070=CIRCLE('',#11259,0.0999999999999998);
#2071=CIRCLE('',#11260,0.0999999999999973);
#2072=CIRCLE('',#11262,0.0999999999767723);
#2073=CIRCLE('',#11271,0.250000000000001);
#2074=CIRCLE('',#11272,0.250000000000001);
#2075=CIRCLE('',#11275,0.0500000000000002);
#2076=CIRCLE('',#11276,0.05);
#2077=CIRCLE('',#11278,0.0499999999999997);
#2078=CIRCLE('',#11280,0.249999999999999);
#2079=CIRCLE('',#11281,0.250000000000001);
#2080=CIRCLE('',#11283,0.100000000000001);
#2081=CIRCLE('',#11285,0.100000000000001);
#2082=CIRCLE('',#11292,0.25);
#2083=CIRCLE('',#11294,0.249999999999999);
#2084=CIRCLE('',#11298,0.100000000000001);
#2085=CIRCLE('',#11300,0.05);
#2086=CIRCLE('',#11301,0.0499999999999989);
#2087=CIRCLE('',#11303,0.25);
#2088=CIRCLE('',#11304,0.25);
#2089=CIRCLE('',#11306,0.1);
#2090=CIRCLE('',#11307,0.1);
#2091=CIRCLE('',#11311,0.100000000000001);
#2092=CIRCLE('',#11312,0.1);
#2093=CIRCLE('',#11314,0.100000000000001);
#2094=CIRCLE('',#11315,0.1);
#2095=CIRCLE('',#11318,0.0999999999999993);
#2096=CIRCLE('',#11319,0.0999999999999993);
#2097=CIRCLE('',#11322,0.0999999999999977);
#2098=CIRCLE('',#11323,0.0999999999999977);
#2099=CIRCLE('',#11326,0.100000000000001);
#2100=CIRCLE('',#11327,0.100000000000001);
#2101=CIRCLE('',#11330,0.0999999999999998);
#2102=CIRCLE('',#11331,0.1);
#2103=CIRCLE('',#11334,0.1);
#2104=CIRCLE('',#11343,0.1);
#2105=CIRCLE('',#11347,0.100000000000004);
#2106=CIRCLE('',#11350,0.100000000033969);
#2107=CIRCLE('',#11352,0.100000000000001);
#2108=CIRCLE('',#11361,0.0999999999999986);
#2109=CIRCLE('',#11364,0.0999999999999995);
#2110=CIRCLE('',#11373,0.0500000000000008);
#2111=CIRCLE('',#11378,0.25);
#2112=CIRCLE('',#11380,0.332611056131176);
#2113=CIRCLE('',#11381,1.27873979716987);
#2114=CIRCLE('',#11383,0.25);
#2115=CIRCLE('',#11385,0.25);
#2116=CIRCLE('',#11386,0.502564016308017);
#2117=CIRCLE('',#11388,0.0500000000000012);
#2118=CIRCLE('',#11390,0.100005737893694);
#2119=CIRCLE('',#11393,0.249999999999999);
#2120=CIRCLE('',#11395,0.25);
#2121=CIRCLE('',#11401,0.0499999999999997);
#2122=CIRCLE('',#11413,0.1);
#2123=CIRCLE('',#11414,0.1);
#2124=CIRCLE('',#11417,0.3);
#2125=CIRCLE('',#11426,1.199999999995);
#2126=CIRCLE('',#11429,0.253871258963947);
#2127=CIRCLE('',#11432,1.199999999995);
#2128=CIRCLE('',#11441,0.3);
#2129=LINE('',#14357,#3189);
#2130=LINE('',#14359,#3190);
#2131=LINE('',#14365,#3191);
#2132=LINE('',#14367,#3192);
#2133=LINE('',#14368,#3193);
#2134=LINE('',#14371,#3194);
#2135=LINE('',#14373,#3195);
#2136=LINE('',#14374,#3196);
#2137=LINE('',#14377,#3197);
#2138=LINE('',#14378,#3198);
#2139=LINE('',#14381,#3199);
#2140=LINE('',#14385,#3200);
#2141=LINE('',#14389,#3201);
#2142=LINE('',#14391,#3202);
#2143=LINE('',#14393,#3203);
#2144=LINE('',#14397,#3204);
#2145=LINE('',#14402,#3205);
#2146=LINE('',#14405,#3206);
#2147=LINE('',#14407,#3207);
#2148=LINE('',#14411,#3208);
#2149=LINE('',#14413,#3209);
#2150=LINE('',#14414,#3210);
#2151=LINE('',#14417,#3211);
#2152=LINE('',#14422,#3212);
#2153=LINE('',#14425,#3213);
#2154=LINE('',#14429,#3214);
#2155=LINE('',#14430,#3215);
#2156=LINE('',#14432,#3216);
#2157=LINE('',#14435,#3217);
#2158=LINE('',#14436,#3218);
#2159=LINE('',#14440,#3219);
#2160=LINE('',#14443,#3220);
#2161=LINE('',#14447,#3221);
#2162=LINE('',#14449,#3222);
#2163=LINE('',#14451,#3223);
#2164=LINE('',#14454,#3224);
#2165=LINE('',#14456,#3225);
#2166=LINE('',#14461,#3226);
#2167=LINE('',#14463,#3227);
#2168=LINE('',#14465,#3228);
#2169=LINE('',#14469,#3229);
#2170=LINE('',#14473,#3230);
#2171=LINE('',#14477,#3231);
#2172=LINE('',#14481,#3232);
#2173=LINE('',#14486,#3233);
#2174=LINE('',#14489,#3234);
#2175=LINE('',#14491,#3235);
#2176=LINE('',#14492,#3236);
#2177=LINE('',#14498,#3237);
#2178=LINE('',#14501,#3238);
#2179=LINE('',#14505,#3239);
#2180=LINE('',#14506,#3240);
#2181=LINE('',#14509,#3241);
#2182=LINE('',#14513,#3242);
#2183=LINE('',#14514,#3243);
#2184=LINE('',#14517,#3244);
#2185=LINE('',#14521,#3245);
#2186=LINE('',#14522,#3246);
#2187=LINE('',#14525,#3247);
#2188=LINE('',#14529,#3248);
#2189=LINE('',#14530,#3249);
#2190=LINE('',#14534,#3250);
#2191=LINE('',#14537,#3251);
#2192=LINE('',#14538,#3252);
#2193=LINE('',#14540,#3253);
#2194=LINE('',#14546,#3254);
#2195=LINE('',#14548,#3255);
#2196=LINE('',#14550,#3256);
#2197=LINE('',#14551,#3257);
#2198=LINE('',#14554,#3258);
#2199=LINE('',#14556,#3259);
#2200=LINE('',#14557,#3260);
#2201=LINE('',#14560,#3261);
#2202=LINE('',#14564,#3262);
#2203=LINE('',#14568,#3263);
#2204=LINE('',#14569,#3264);
#2205=LINE('',#14574,#3265);
#2206=LINE('',#14577,#3266);
#2207=LINE('',#14579,#3267);
#2208=LINE('',#14584,#3268);
#2209=LINE('',#14586,#3269);
#2210=LINE('',#14588,#3270);
#2211=LINE('',#14589,#3271);
#2212=LINE('',#14592,#3272);
#2213=LINE('',#14594,#3273);
#2214=LINE('',#14595,#3274);
#2215=LINE('',#14598,#3275);
#2216=LINE('',#14602,#3276);
#2217=LINE('',#14606,#3277);
#2218=LINE('',#14607,#3278);
#2219=LINE('',#14612,#3279);
#2220=LINE('',#14615,#3280);
#2221=LINE('',#14617,#3281);
#2222=LINE('',#14626,#3282);
#2223=LINE('',#14636,#3283);
#2224=LINE('',#14646,#3284);
#2225=LINE('',#14653,#3285);
#2226=LINE('',#14654,#3286);
#2227=LINE('',#14662,#3287);
#2228=LINE('',#14667,#3288);
#2229=LINE('',#14671,#3289);
#2230=LINE('',#14683,#3290);
#2231=LINE('',#14685,#3291);
#2232=LINE('',#14686,#3292);
#2233=LINE('',#14687,#3293);
#2234=LINE('',#14711,#3294);
#2235=LINE('',#14714,#3295);
#2236=LINE('',#14718,#3296);
#2237=LINE('',#14719,#3297);
#2238=LINE('',#14720,#3298);
#2239=LINE('',#14726,#3299);
#2240=LINE('',#14730,#3300);
#2241=LINE('',#14731,#3301);
#2242=LINE('',#14732,#3302);
#2243=LINE('',#14738,#3303);
#2244=LINE('',#14744,#3304);
#2245=LINE('',#14747,#3305);
#2246=LINE('',#14751,#3306);
#2247=LINE('',#14752,#3307);
#2248=LINE('',#14753,#3308);
#2249=LINE('',#14759,#3309);
#2250=LINE('',#14763,#3310);
#2251=LINE('',#14764,#3311);
#2252=LINE('',#14765,#3312);
#2253=LINE('',#14771,#3313);
#2254=LINE('',#14773,#3314);
#2255=LINE('',#14778,#3315);
#2256=LINE('',#14780,#3316);
#2257=LINE('',#14783,#3317);
#2258=LINE('',#14788,#3318);
#2259=LINE('',#14790,#3319);
#2260=LINE('',#14793,#3320);
#2261=LINE('',#14795,#3321);
#2262=LINE('',#14800,#3322);
#2263=LINE('',#14802,#3323);
#2264=LINE('',#14808,#3324);
#2265=LINE('',#14810,#3325);
#2266=LINE('',#14815,#3326);
#2267=LINE('',#14819,#3327);
#2268=LINE('',#14823,#3328);
#2269=LINE('',#14824,#3329);
#2270=LINE('',#14828,#3330);
#2271=LINE('',#14832,#3331);
#2272=LINE('',#14836,#3332);
#2273=LINE('',#14837,#3333);
#2274=LINE('',#14840,#3334);
#2275=LINE('',#14842,#3335);
#2276=LINE('',#14843,#3336);
#2277=LINE('',#14846,#3337);
#2278=LINE('',#14848,#3338);
#2279=LINE('',#14849,#3339);
#2280=LINE('',#14852,#3340);
#2281=LINE('',#14854,#3341);
#2282=LINE('',#14855,#3342);
#2283=LINE('',#14858,#3343);
#2284=LINE('',#14860,#3344);
#2285=LINE('',#14861,#3345);
#2286=LINE('',#14863,#3346);
#2287=LINE('',#14865,#3347);
#2288=LINE('',#14867,#3348);
#2289=LINE('',#14869,#3349);
#2290=LINE('',#14873,#3350);
#2291=LINE('',#14875,#3351);
#2292=LINE('',#14877,#3352);
#2293=LINE('',#14878,#3353);
#2294=LINE('',#14880,#3354);
#2295=LINE('',#14882,#3355);
#2296=LINE('',#14884,#3356);
#2297=LINE('',#14886,#3357);
#2298=LINE('',#14888,#3358);
#2299=LINE('',#14892,#3359);
#2300=LINE('',#14895,#3360);
#2301=LINE('',#14899,#3361);
#2302=LINE('',#14903,#3362);
#2303=LINE('',#14907,#3363);
#2304=LINE('',#14909,#3364);
#2305=LINE('',#14911,#3365);
#2306=LINE('',#14913,#3366);
#2307=LINE('',#14914,#3367);
#2308=LINE('',#14916,#3368);
#2309=LINE('',#14918,#3369);
#2310=LINE('',#14920,#3370);
#2311=LINE('',#14921,#3371);
#2312=LINE('',#14927,#3372);
#2313=LINE('',#14934,#3373);
#2314=LINE('',#14938,#3374);
#2315=LINE('',#14942,#3375);
#2316=LINE('',#14947,#3376);
#2317=LINE('',#14948,#3377);
#2318=LINE('',#14949,#3378);
#2319=LINE('',#14957,#3379);
#2320=LINE('',#14961,#3380);
#2321=LINE('',#14965,#3381);
#2322=LINE('',#14966,#3382);
#2323=LINE('',#14971,#3383);
#2324=LINE('',#14972,#3384);
#2325=LINE('',#14977,#3385);
#2326=LINE('',#14982,#3386);
#2327=LINE('',#14984,#3387);
#2328=LINE('',#14986,#3388);
#2329=LINE('',#14993,#3389);
#2330=LINE('',#14997,#3390);
#2331=LINE('',#15001,#3391);
#2332=LINE('',#15008,#3392);
#2333=LINE('',#15009,#3393);
#2334=LINE('',#15010,#3394);
#2335=LINE('',#15014,#3395);
#2336=LINE('',#15021,#3396);
#2337=LINE('',#15022,#3397);
#2338=LINE('',#15042,#3398);
#2339=LINE('',#15076,#3399);
#2340=LINE('',#15110,#3400);
#2341=LINE('',#15144,#3401);
#2342=LINE('',#15161,#3402);
#2343=LINE('',#15163,#3403);
#2344=LINE('',#15164,#3404);
#2345=LINE('',#15167,#3405);
#2346=LINE('',#15169,#3406);
#2347=LINE('',#15170,#3407);
#2348=LINE('',#15173,#3408);
#2349=LINE('',#15175,#3409);
#2350=LINE('',#15177,#3410);
#2351=LINE('',#15178,#3411);
#2352=LINE('',#15182,#3412);
#2353=LINE('',#15183,#3413);
#2354=LINE('',#15184,#3414);
#2355=LINE('',#15188,#3415);
#2356=LINE('',#15189,#3416);
#2357=LINE('',#15190,#3417);
#2358=LINE('',#15195,#3418);
#2359=LINE('',#15207,#3419);
#2360=LINE('',#15223,#3420);
#2361=LINE('',#15225,#3421);
#2362=LINE('',#15227,#3422);
#2363=LINE('',#15229,#3423);
#2364=LINE('',#15230,#3424);
#2365=LINE('',#15233,#3425);
#2366=LINE('',#15235,#3426);
#2367=LINE('',#15237,#3427);
#2368=LINE('',#15239,#3428);
#2369=LINE('',#15240,#3429);
#2370=LINE('',#15243,#3430);
#2371=LINE('',#15245,#3431);
#2372=LINE('',#15246,#3432);
#2373=LINE('',#15250,#3433);
#2374=LINE('',#15252,#3434);
#2375=LINE('',#15253,#3435);
#2376=LINE('',#15254,#3436);
#2377=LINE('',#15257,#3437);
#2378=LINE('',#15258,#3438);
#2379=LINE('',#15259,#3439);
#2380=LINE('',#15262,#3440);
#2381=LINE('',#15263,#3441);
#2382=LINE('',#15264,#3442);
#2383=LINE('',#15267,#3443);
#2384=LINE('',#15269,#3444);
#2385=LINE('',#15270,#3445);
#2386=LINE('',#15273,#3446);
#2387=LINE('',#15275,#3447);
#2388=LINE('',#15276,#3448);
#2389=LINE('',#15280,#3449);
#2390=LINE('',#15281,#3450);
#2391=LINE('',#15283,#3451);
#2392=LINE('',#15285,#3452);
#2393=LINE('',#15286,#3453);
#2394=LINE('',#15287,#3454);
#2395=LINE('',#15291,#3455);
#2396=LINE('',#15292,#3456);
#2397=LINE('',#15294,#3457);
#2398=LINE('',#15295,#3458);
#2399=LINE('',#15298,#3459);
#2400=LINE('',#15299,#3460);
#2401=LINE('',#15302,#3461);
#2402=LINE('',#15304,#3462);
#2403=LINE('',#15306,#3463);
#2404=LINE('',#15307,#3464);
#2405=LINE('',#15311,#3465);
#2406=LINE('',#15313,#3466);
#2407=LINE('',#15314,#3467);
#2408=LINE('',#15315,#3468);
#2409=LINE('',#15318,#3469);
#2410=LINE('',#15320,#3470);
#2411=LINE('',#15321,#3471);
#2412=LINE('',#15324,#3472);
#2413=LINE('',#15326,#3473);
#2414=LINE('',#15327,#3474);
#2415=LINE('',#15331,#3475);
#2416=LINE('',#15332,#3476);
#2417=LINE('',#15333,#3477);
#2418=LINE('',#15336,#3478);
#2419=LINE('',#15338,#3479);
#2420=LINE('',#15339,#3480);
#2421=LINE('',#15345,#3481);
#2422=LINE('',#15347,#3482);
#2423=LINE('',#15350,#3483);
#2424=LINE('',#15351,#3484);
#2425=LINE('',#15368,#3485);
#2426=LINE('',#15376,#3486);
#2427=LINE('',#15378,#3487);
#2428=LINE('',#15380,#3488);
#2429=LINE('',#15381,#3489);
#2430=LINE('',#15387,#3490);
#2431=LINE('',#15391,#3491);
#2432=LINE('',#15395,#3492);
#2433=LINE('',#15398,#3493);
#2434=LINE('',#15402,#3494);
#2435=LINE('',#15407,#3495);
#2436=LINE('',#15408,#3496);
#2437=LINE('',#15412,#3497);
#2438=LINE('',#15417,#3498);
#2439=LINE('',#15418,#3499);
#2440=LINE('',#15423,#3500);
#2441=LINE('',#15428,#3501);
#2442=LINE('',#15432,#3502);
#2443=LINE('',#15434,#3503);
#2444=LINE('',#15436,#3504);
#2445=LINE('',#15437,#3505);
#2446=LINE('',#15443,#3506);
#2447=LINE('',#15446,#3507);
#2448=LINE('',#15450,#3508);
#2449=LINE('',#15451,#3509);
#2450=LINE('',#15452,#3510);
#2451=LINE('',#15458,#3511);
#2452=LINE('',#15462,#3512);
#2453=LINE('',#15463,#3513);
#2454=LINE('',#15464,#3514);
#2455=LINE('',#15468,#3515);
#2456=LINE('',#15473,#3516);
#2457=LINE('',#15475,#3517);
#2458=LINE('',#15479,#3518);
#2459=LINE('',#15483,#3519);
#2460=LINE('',#15484,#3520);
#2461=LINE('',#15485,#3521);
#2462=LINE('',#15491,#3522);
#2463=LINE('',#15496,#3523);
#2464=LINE('',#15497,#3524);
#2465=LINE('',#15498,#3525);
#2466=LINE('',#15502,#3526);
#2467=LINE('',#15508,#3527);
#2468=LINE('',#15509,#3528);
#2469=LINE('',#15510,#3529);
#2470=LINE('',#15514,#3530);
#2471=LINE('',#15520,#3531);
#2472=LINE('',#15521,#3532);
#2473=LINE('',#15522,#3533);
#2474=LINE('',#15528,#3534);
#2475=LINE('',#15530,#3535);
#2476=LINE('',#15531,#3536);
#2477=LINE('',#15534,#3537);
#2478=LINE('',#15536,#3538);
#2479=LINE('',#15537,#3539);
#2480=LINE('',#15540,#3540);
#2481=LINE('',#15541,#3541);
#2482=LINE('',#15544,#3542);
#2483=LINE('',#15545,#3543);
#2484=LINE('',#15548,#3544);
#2485=LINE('',#15549,#3545);
#2486=LINE('',#15552,#3546);
#2487=LINE('',#15553,#3547);
#2488=LINE('',#15555,#3548);
#2489=LINE('',#15556,#3549);
#2490=LINE('',#15559,#3550);
#2491=LINE('',#15561,#3551);
#2492=LINE('',#15562,#3552);
#2493=LINE('',#15565,#3553);
#2494=LINE('',#15566,#3554);
#2495=LINE('',#15569,#3555);
#2496=LINE('',#15570,#3556);
#2497=LINE('',#15573,#3557);
#2498=LINE('',#15574,#3558);
#2499=LINE('',#15577,#3559);
#2500=LINE('',#15578,#3560);
#2501=LINE('',#15583,#3561);
#2502=LINE('',#15584,#3562);
#2503=LINE('',#15586,#3563);
#2504=LINE('',#15587,#3564);
#2505=LINE('',#15589,#3565);
#2506=LINE('',#15591,#3566);
#2507=LINE('',#15595,#3567);
#2508=LINE('',#15600,#3568);
#2509=LINE('',#15607,#3569);
#2510=LINE('',#15610,#3570);
#2511=LINE('',#15614,#3571);
#2512=LINE('',#15615,#3572);
#2513=LINE('',#15616,#3573);
#2514=LINE('',#15620,#3574);
#2515=LINE('',#15626,#3575);
#2516=LINE('',#15627,#3576);
#2517=LINE('',#15628,#3577);
#2518=LINE('',#15632,#3578);
#2519=LINE('',#15637,#3579);
#2520=LINE('',#15639,#3580);
#2521=LINE('',#15641,#3581);
#2522=LINE('',#15646,#3582);
#2523=LINE('',#15650,#3583);
#2524=LINE('',#15652,#3584);
#2525=LINE('',#15656,#3585);
#2526=LINE('',#15659,#3586);
#2527=LINE('',#15661,#3587);
#2528=LINE('',#15662,#3588);
#2529=LINE('',#15666,#3589);
#2530=LINE('',#15672,#3590);
#2531=LINE('',#15673,#3591);
#2532=LINE('',#15674,#3592);
#2533=LINE('',#15680,#3593);
#2534=LINE('',#15684,#3594);
#2535=LINE('',#15685,#3595);
#2536=LINE('',#15686,#3596);
#2537=LINE('',#15692,#3597);
#2538=LINE('',#15696,#3598);
#2539=LINE('',#15698,#3599);
#2540=LINE('',#15700,#3600);
#2541=LINE('',#15701,#3601);
#2542=LINE('',#15703,#3602);
#2543=LINE('',#15704,#3603);
#2544=LINE('',#15707,#3604);
#2545=LINE('',#15710,#3605);
#2546=LINE('',#15713,#3606);
#2547=LINE('',#15714,#3607);
#2548=LINE('',#15717,#3608);
#2549=LINE('',#15721,#3609);
#2550=LINE('',#15722,#3610);
#2551=LINE('',#15725,#3611);
#2552=LINE('',#15729,#3612);
#2553=LINE('',#15730,#3613);
#2554=LINE('',#15733,#3614);
#2555=LINE('',#15736,#3615);
#2556=LINE('',#15741,#3616);
#2557=LINE('',#15747,#3617);
#2558=LINE('',#15751,#3618);
#2559=LINE('',#15752,#3619);
#2560=LINE('',#15756,#3620);
#2561=LINE('',#15759,#3621);
#2562=LINE('',#15760,#3622);
#2563=LINE('',#15764,#3623);
#2564=LINE('',#15766,#3624);
#2565=LINE('',#15768,#3625);
#2566=LINE('',#15769,#3626);
#2567=LINE('',#15773,#3627);
#2568=LINE('',#15777,#3628);
#2569=LINE('',#15782,#3629);
#2570=LINE('',#15783,#3630);
#2571=LINE('',#15786,#3631);
#2572=LINE('',#15790,#3632);
#2573=LINE('',#15792,#3633);
#2574=LINE('',#15793,#3634);
#2575=LINE('',#15795,#3635);
#2576=LINE('',#15799,#3636);
#2577=LINE('',#15803,#3637);
#2578=LINE('',#15808,#3638);
#2579=LINE('',#15809,#3639);
#2580=LINE('',#15810,#3640);
#2581=LINE('',#15814,#3641);
#2582=LINE('',#15822,#3642);
#2583=LINE('',#15828,#3643);
#2584=LINE('',#15831,#3644);
#2585=LINE('',#15835,#3645);
#2586=LINE('',#15836,#3646);
#2587=LINE('',#15837,#3647);
#2588=LINE('',#15841,#3648);
#2589=LINE('',#15842,#3649);
#2590=LINE('',#15843,#3650);
#2591=LINE('',#15847,#3651);
#2592=LINE('',#15855,#3652);
#2593=LINE('',#15857,#3653);
#2594=LINE('',#15861,#3654);
#2595=LINE('',#15863,#3655);
#2596=LINE('',#15864,#3656);
#2597=LINE('',#15865,#3657);
#2598=LINE('',#15866,#3658);
#2599=LINE('',#15868,#3659);
#2600=LINE('',#15870,#3660);
#2601=LINE('',#15872,#3661);
#2602=LINE('',#15874,#3662);
#2603=LINE('',#15875,#3663);
#2604=LINE('',#15881,#3664);
#2605=LINE('',#15885,#3665);
#2606=LINE('',#15887,#3666);
#2607=LINE('',#15889,#3667);
#2608=LINE('',#15891,#3668);
#2609=LINE('',#15892,#3669);
#2610=LINE('',#15894,#3670);
#2611=LINE('',#15896,#3671);
#2612=LINE('',#15897,#3672);
#2613=LINE('',#15902,#3673);
#2614=LINE('',#15906,#3674);
#2615=LINE('',#15908,#3675);
#2616=LINE('',#15909,#3676);
#2617=LINE('',#15914,#3677);
#2618=LINE('',#15918,#3678);
#2619=LINE('',#15920,#3679);
#2620=LINE('',#15921,#3680);
#2621=LINE('',#15924,#3681);
#2622=LINE('',#15926,#3682);
#2623=LINE('',#15932,#3683);
#2624=LINE('',#15936,#3684);
#2625=LINE('',#15938,#3685);
#2626=LINE('',#15942,#3686);
#2627=LINE('',#15945,#3687);
#2628=LINE('',#15947,#3688);
#2629=LINE('',#15951,#3689);
#2630=LINE('',#15955,#3690);
#2631=LINE('',#15957,#3691);
#2632=LINE('',#15961,#3692);
#2633=LINE('',#15966,#3693);
#2634=LINE('',#15968,#3694);
#2635=LINE('',#15974,#3695);
#2636=LINE('',#15978,#3696);
#2637=LINE('',#15982,#3697);
#2638=LINE('',#15986,#3698);
#2639=LINE('',#15988,#3699);
#2640=LINE('',#15990,#3700);
#2641=LINE('',#15994,#3701);
#2642=LINE('',#15996,#3702);
#2643=LINE('',#15998,#3703);
#2644=LINE('',#16002,#3704);
#2645=LINE('',#16005,#3705);
#2646=LINE('',#16007,#3706);
#2647=LINE('',#16011,#3707);
#2648=LINE('',#16015,#3708);
#2649=LINE('',#16017,#3709);
#2650=LINE('',#16019,#3710);
#2651=LINE('',#16023,#3711);
#2652=LINE('',#16025,#3712);
#2653=LINE('',#16027,#3713);
#2654=LINE('',#16031,#3714);
#2655=LINE('',#16035,#3715);
#2656=LINE('',#16039,#3716);
#2657=LINE('',#16047,#3717);
#2658=LINE('',#16051,#3718);
#2659=LINE('',#16056,#3719);
#2660=LINE('',#16057,#3720);
#2661=LINE('',#16058,#3721);
#2662=LINE('',#16062,#3722);
#2663=LINE('',#16063,#3723);
#2664=LINE('',#16064,#3724);
#2665=LINE('',#16070,#3725);
#2666=LINE('',#16076,#3726);
#2667=LINE('',#16079,#3727);
#2668=LINE('',#16083,#3728);
#2669=LINE('',#16089,#3729);
#2670=LINE('',#16090,#3730);
#2671=LINE('',#16091,#3731);
#2672=LINE('',#16095,#3732);
#2673=LINE('',#16099,#3733);
#2674=LINE('',#16102,#3734);
#2675=LINE('',#16106,#3735);
#2676=LINE('',#16108,#3736);
#2677=LINE('',#16110,#3737);
#2678=LINE('',#16112,#3738);
#2679=LINE('',#16114,#3739);
#2680=LINE('',#16116,#3740);
#2681=LINE('',#16118,#3741);
#2682=LINE('',#16121,#3742);
#2683=LINE('',#16125,#3743);
#2684=LINE('',#16131,#3744);
#2685=LINE('',#16132,#3745);
#2686=LINE('',#16133,#3746);
#2687=LINE('',#16137,#3747);
#2688=LINE('',#16140,#3748);
#2689=LINE('',#16141,#3749);
#2690=LINE('',#16145,#3750);
#2691=LINE('',#16149,#3751);
#2692=LINE('',#16152,#3752);
#2693=LINE('',#16156,#3753);
#2694=LINE('',#16160,#3754);
#2695=LINE('',#16161,#3755);
#2696=LINE('',#16165,#3756);
#2697=LINE('',#16169,#3757);
#2698=LINE('',#16172,#3758);
#2699=LINE('',#16173,#3759);
#2700=LINE('',#16176,#3760);
#2701=LINE('',#16180,#3761);
#2702=LINE('',#16181,#3762);
#2703=LINE('',#16184,#3763);
#2704=LINE('',#16188,#3764);
#2705=LINE('',#16189,#3765);
#2706=LINE('',#16192,#3766);
#2707=LINE('',#16194,#3767);
#2708=LINE('',#16195,#3768);
#2709=LINE('',#16196,#3769);
#2710=LINE('',#16197,#3770);
#2711=LINE('',#16200,#3771);
#2712=LINE('',#16202,#3772);
#2713=LINE('',#16204,#3773);
#2714=LINE('',#16205,#3774);
#2715=LINE('',#16207,#3775);
#2716=LINE('',#16208,#3776);
#2717=LINE('',#16212,#3777);
#2718=LINE('',#16213,#3778);
#2719=LINE('',#16215,#3779);
#2720=LINE('',#16217,#3780);
#2721=LINE('',#16219,#3781);
#2722=LINE('',#16221,#3782);
#2723=LINE('',#16223,#3783);
#2724=LINE('',#16224,#3784);
#2725=LINE('',#16228,#3785);
#2726=LINE('',#16230,#3786);
#2727=LINE('',#16232,#3787);
#2728=LINE('',#16234,#3788);
#2729=LINE('',#16236,#3789);
#2730=LINE('',#16237,#3790);
#2731=LINE('',#16239,#3791);
#2732=LINE('',#16240,#3792);
#2733=LINE('',#16243,#3793);
#2734=LINE('',#16244,#3794);
#2735=LINE('',#16247,#3795);
#2736=LINE('',#16251,#3796);
#2737=LINE('',#16252,#3797);
#2738=LINE('',#16256,#3798);
#2739=LINE('',#16258,#3799);
#2740=LINE('',#16259,#3800);
#2741=LINE('',#16262,#3801);
#2742=LINE('',#16263,#3802);
#2743=LINE('',#16267,#3803);
#2744=LINE('',#16270,#3804);
#2745=LINE('',#16271,#3805);
#2746=LINE('',#16275,#3806);
#2747=LINE('',#16277,#3807);
#2748=LINE('',#16280,#3808);
#2749=LINE('',#16282,#3809);
#2750=LINE('',#16283,#3810);
#2751=LINE('',#16288,#3811);
#2752=LINE('',#16292,#3812);
#2753=LINE('',#16294,#3813);
#2754=LINE('',#16297,#3814);
#2755=LINE('',#16300,#3815);
#2756=LINE('',#16302,#3816);
#2757=LINE('',#16303,#3817);
#2758=LINE('',#16309,#3818);
#2759=LINE('',#16312,#3819);
#2760=LINE('',#16315,#3820);
#2761=LINE('',#16317,#3821);
#2762=LINE('',#16323,#3822);
#2763=LINE('',#16326,#3823);
#2764=LINE('',#16329,#3824);
#2765=LINE('',#16330,#3825);
#2766=LINE('',#16331,#3826);
#2767=LINE('',#16335,#3827);
#2768=LINE('',#16338,#3828);
#2769=LINE('',#16339,#3829);
#2770=LINE('',#16343,#3830);
#2771=LINE('',#16348,#3831);
#2772=LINE('',#16350,#3832);
#2773=LINE('',#16351,#3833);
#2774=LINE('',#16354,#3834);
#2775=LINE('',#16358,#3835);
#2776=LINE('',#16359,#3836);
#2777=LINE('',#16362,#3837);
#2778=LINE('',#16366,#3838);
#2779=LINE('',#16367,#3839);
#2780=LINE('',#16371,#3840);
#2781=LINE('',#16375,#3841);
#2782=LINE('',#16378,#3842);
#2783=LINE('',#16382,#3843);
#2784=LINE('',#16386,#3844);
#2785=LINE('',#16387,#3845);
#2786=LINE('',#16391,#3846);
#2787=LINE('',#16395,#3847);
#2788=LINE('',#16398,#3848);
#2789=LINE('',#16399,#3849);
#2790=LINE('',#16403,#3850);
#2791=LINE('',#16406,#3851);
#2792=LINE('',#16407,#3852);
#2793=LINE('',#16409,#3853);
#2794=LINE('',#16410,#3854);
#2795=LINE('',#16413,#3855);
#2796=LINE('',#16415,#3856);
#2797=LINE('',#16416,#3857);
#2798=LINE('',#16417,#3858);
#2799=LINE('',#16418,#3859);
#2800=LINE('',#16421,#3860);
#2801=LINE('',#16423,#3861);
#2802=LINE('',#16425,#3862);
#2803=LINE('',#16426,#3863);
#2804=LINE('',#16428,#3864);
#2805=LINE('',#16429,#3865);
#2806=LINE('',#16432,#3866);
#2807=LINE('',#16434,#3867);
#2808=LINE('',#16435,#3868);
#2809=LINE('',#16438,#3869);
#2810=LINE('',#16440,#3870);
#2811=LINE('',#16441,#3871);
#2812=LINE('',#16448,#3872);
#2813=LINE('',#16452,#3873);
#2814=LINE('',#16457,#3874);
#2815=LINE('',#16460,#3875);
#2816=LINE('',#16462,#3876);
#2817=LINE('',#16463,#3877);
#2818=LINE('',#16467,#3878);
#2819=LINE('',#16470,#3879);
#2820=LINE('',#16472,#3880);
#2821=LINE('',#16473,#3881);
#2822=LINE('',#16477,#3882);
#2823=LINE('',#16478,#3883);
#2824=LINE('',#16479,#3884);
#2825=LINE('',#16481,#3885);
#2826=LINE('',#16484,#3886);
#2827=LINE('',#16486,#3887);
#2828=LINE('',#16489,#3888);
#2829=LINE('',#16492,#3889);
#2830=LINE('',#16493,#3890);
#2831=LINE('',#16497,#3891);
#2832=LINE('',#16500,#3892);
#2833=LINE('',#16502,#3893);
#2834=LINE('',#16503,#3894);
#2835=LINE('',#16506,#3895);
#2836=LINE('',#16507,#3896);
#2837=LINE('',#16510,#3897);
#2838=LINE('',#16513,#3898);
#2839=LINE('',#16516,#3899);
#2840=LINE('',#16519,#3900);
#2841=LINE('',#16525,#3901);
#2842=LINE('',#16529,#3902);
#2843=LINE('',#16531,#3903);
#2844=LINE('',#16533,#3904);
#2845=LINE('',#16536,#3905);
#2846=LINE('',#16541,#3906);
#2847=LINE('',#16542,#3907);
#2848=LINE('',#16543,#3908);
#2849=LINE('',#16547,#3909);
#2850=LINE('',#16555,#3910);
#2851=LINE('',#16559,#3911);
#2852=LINE('',#16560,#3912);
#2853=LINE('',#16561,#3913);
#2854=LINE('',#16567,#3914);
#2855=LINE('',#16572,#3915);
#2856=LINE('',#16576,#3916);
#2857=LINE('',#16578,#3917);
#2858=LINE('',#16579,#3918);
#2859=LINE('',#16582,#3919);
#2860=LINE('',#16584,#3920);
#2861=LINE('',#16585,#3921);
#2862=LINE('',#16588,#3922);
#2863=LINE('',#16589,#3923);
#2864=LINE('',#16592,#3924);
#2865=LINE('',#16593,#3925);
#2866=LINE('',#16596,#3926);
#2867=LINE('',#16597,#3927);
#2868=LINE('',#16600,#3928);
#2869=LINE('',#16601,#3929);
#2870=LINE('',#16603,#3930);
#2871=LINE('',#16607,#3931);
#2872=LINE('',#16608,#3932);
#2873=LINE('',#16609,#3933);
#2874=LINE('',#16612,#3934);
#2875=LINE('',#16614,#3935);
#2876=LINE('',#16615,#3936);
#2877=LINE('',#16619,#3937);
#2878=LINE('',#16621,#3938);
#2879=LINE('',#16626,#3939);
#2880=LINE('',#16627,#3940);
#2881=LINE('',#16631,#3941);
#2882=LINE('',#16632,#3942);
#2883=LINE('',#16633,#3943);
#2884=LINE('',#16636,#3944);
#2885=LINE('',#16637,#3945);
#2886=LINE('',#16641,#3946);
#2887=LINE('',#16644,#3947);
#2888=LINE('',#16646,#3948);
#2889=LINE('',#16648,#3949);
#2890=LINE('',#16649,#3950);
#2891=LINE('',#16653,#3951);
#2892=LINE('',#16659,#3952);
#2893=LINE('',#16662,#3953);
#2894=LINE('',#16663,#3954);
#2895=LINE('',#16666,#3955);
#2896=LINE('',#16667,#3956);
#2897=LINE('',#16676,#3957);
#2898=LINE('',#16678,#3958);
#2899=LINE('',#16679,#3959);
#2900=LINE('',#16682,#3960);
#2901=LINE('',#16683,#3961);
#2902=LINE('',#16686,#3962);
#2903=LINE('',#16687,#3963);
#2904=LINE('',#16692,#3964);
#2905=LINE('',#16697,#3965);
#2906=LINE('',#16699,#3966);
#2907=LINE('',#16701,#3967);
#2908=LINE('',#16702,#3968);
#2909=LINE('',#16708,#3969);
#2910=LINE('',#16712,#3970);
#2911=LINE('',#16717,#3971);
#2912=LINE('',#16719,#3972);
#2913=LINE('',#16722,#3973);
#2914=LINE('',#16726,#3974);
#2915=LINE('',#16728,#3975);
#2916=LINE('',#16729,#3976);
#2917=LINE('',#16733,#3977);
#2918=LINE('',#16740,#3978);
#2919=LINE('',#16746,#3979);
#2920=LINE('',#16748,#3980);
#2921=LINE('',#16749,#3981);
#2922=LINE('',#16752,#3982);
#2923=LINE('',#16753,#3983);
#2924=LINE('',#16756,#3984);
#2925=LINE('',#16757,#3985);
#2926=LINE('',#16760,#3986);
#2927=LINE('',#16764,#3987);
#2928=LINE('',#16765,#3988);
#2929=LINE('',#16768,#3989);
#2930=LINE('',#16772,#3990);
#2931=LINE('',#16773,#3991);
#2932=LINE('',#16775,#3992);
#2933=LINE('',#16778,#3993);
#2934=LINE('',#16782,#3994);
#2935=LINE('',#16784,#3995);
#2936=LINE('',#16785,#3996);
#2937=LINE('',#16789,#3997);
#2938=LINE('',#16791,#3998);
#2939=LINE('',#16792,#3999);
#2940=LINE('',#16795,#4000);
#2941=LINE('',#16796,#4001);
#2942=LINE('',#16797,#4002);
#2943=LINE('',#16800,#4003);
#2944=LINE('',#16801,#4004);
#2945=LINE('',#16804,#4005);
#2946=LINE('',#16805,#4006);
#2947=LINE('',#16807,#4007);
#2948=LINE('',#16810,#4008);
#2949=LINE('',#16811,#4009);
#2950=LINE('',#16813,#4010);
#2951=LINE('',#16816,#4011);
#2952=LINE('',#16819,#4012);
#2953=LINE('',#16822,#4013);
#2954=LINE('',#16823,#4014);
#2955=LINE('',#16826,#4015);
#2956=LINE('',#16827,#4016);
#2957=LINE('',#16830,#4017);
#2958=LINE('',#16831,#4018);
#2959=LINE('',#16834,#4019);
#2960=LINE('',#16835,#4020);
#2961=LINE('',#16839,#4021);
#2962=LINE('',#16841,#4022);
#2963=LINE('',#16842,#4023);
#2964=LINE('',#16845,#4024);
#2965=LINE('',#16846,#4025);
#2966=LINE('',#16852,#4026);
#2967=LINE('',#16856,#4027);
#2968=LINE('',#16859,#4028);
#2969=LINE('',#16862,#4029);
#2970=LINE('',#16866,#4030);
#2971=LINE('',#16867,#4031);
#2972=LINE('',#16871,#4032);
#2973=LINE('',#16877,#4033);
#2974=LINE('',#16879,#4034);
#2975=LINE('',#16885,#4035);
#2976=LINE('',#16887,#4036);
#2977=LINE('',#16888,#4037);
#2978=LINE('',#16891,#4038);
#2979=LINE('',#16895,#4039);
#2980=LINE('',#16899,#4040);
#2981=LINE('',#16902,#4041);
#2982=LINE('',#16910,#4042);
#2983=LINE('',#16912,#4043);
#2984=LINE('',#16917,#4044);
#2985=LINE('',#16919,#4045);
#2986=LINE('',#16921,#4046);
#2987=LINE('',#16924,#4047);
#2988=LINE('',#16925,#4048);
#2989=LINE('',#16928,#4049);
#2990=LINE('',#16929,#4050);
#2991=LINE('',#16931,#4051);
#2992=LINE('',#16935,#4052);
#2993=LINE('',#16939,#4053);
#2994=LINE('',#16940,#4054);
#2995=LINE('',#16943,#4055);
#2996=LINE('',#16944,#4056);
#2997=LINE('',#16946,#4057);
#2998=LINE('',#16947,#4058);
#2999=LINE('',#16951,#4059);
#3000=LINE('',#16953,#4060);
#3001=LINE('',#16955,#4061);
#3002=LINE('',#16957,#4062);
#3003=LINE('',#16959,#4063);
#3004=LINE('',#16961,#4064);
#3005=LINE('',#16971,#4065);
#3006=LINE('',#16977,#4066);
#3007=LINE('',#16980,#4067);
#3008=LINE('',#16983,#4068);
#3009=LINE('',#16984,#4069);
#3010=LINE('',#16986,#4070);
#3011=LINE('',#16992,#4071);
#3012=LINE('',#16995,#4072);
#3013=LINE('',#16999,#4073);
#3014=LINE('',#17003,#4074);
#3015=LINE('',#17004,#4075);
#3016=LINE('',#17008,#4076);
#3017=LINE('',#17012,#4077);
#3018=LINE('',#17016,#4078);
#3019=LINE('',#17018,#4079);
#3020=LINE('',#17019,#4080);
#3021=LINE('',#17024,#4081);
#3022=LINE('',#17029,#4082);
#3023=LINE('',#17030,#4083);
#3024=LINE('',#17031,#4084);
#3025=LINE('',#17036,#4085);
#3026=LINE('',#17041,#4086);
#3027=LINE('',#17042,#4087);
#3028=LINE('',#17043,#4088);
#3029=LINE('',#17048,#4089);
#3030=LINE('',#17052,#4090);
#3031=LINE('',#17053,#4091);
#3032=LINE('',#17054,#4092);
#3033=LINE('',#17057,#4093);
#3034=LINE('',#17060,#4094);
#3035=LINE('',#17064,#4095);
#3036=LINE('',#17065,#4096);
#3037=LINE('',#17066,#4097);
#3038=LINE('',#17068,#4098);
#3039=LINE('',#17070,#4099);
#3040=LINE('',#17073,#4100);
#3041=LINE('',#17074,#4101);
#3042=LINE('',#17077,#4102);
#3043=LINE('',#17078,#4103);
#3044=LINE('',#17080,#4104);
#3045=LINE('',#17084,#4105);
#3046=LINE('',#17086,#4106);
#3047=LINE('',#17087,#4107);
#3048=LINE('',#17092,#4108);
#3049=LINE('',#17099,#4109);
#3050=LINE('',#17102,#4110);
#3051=LINE('',#17104,#4111);
#3052=LINE('',#17105,#4112);
#3053=LINE('',#17114,#4113);
#3054=LINE('',#17116,#4114);
#3055=LINE('',#17117,#4115);
#3056=LINE('',#17120,#4116);
#3057=LINE('',#17121,#4117);
#3058=LINE('',#17122,#4118);
#3059=LINE('',#17126,#4119);
#3060=LINE('',#17127,#4120);
#3061=LINE('',#17128,#4121);
#3062=LINE('',#17130,#4122);
#3063=LINE('',#17133,#4123);
#3064=LINE('',#17135,#4124);
#3065=LINE('',#17136,#4125);
#3066=LINE('',#17139,#4126);
#3067=LINE('',#17140,#4127);
#3068=LINE('',#17142,#4128);
#3069=LINE('',#17147,#4129);
#3070=LINE('',#17148,#4130);
#3071=LINE('',#17151,#4131);
#3072=LINE('',#17152,#4132);
#3073=LINE('',#17156,#4133);
#3074=LINE('',#17160,#4134);
#3075=LINE('',#17162,#4135);
#3076=LINE('',#17163,#4136);
#3077=LINE('',#17165,#4137);
#3078=LINE('',#17167,#4138);
#3079=LINE('',#17172,#4139);
#3080=LINE('',#17173,#4140);
#3081=LINE('',#17174,#4141);
#3082=LINE('',#17176,#4142);
#3083=LINE('',#17179,#4143);
#3084=LINE('',#17180,#4144);
#3085=LINE('',#17183,#4145);
#3086=LINE('',#17184,#4146);
#3087=LINE('',#17186,#4147);
#3088=LINE('',#17187,#4148);
#3089=LINE('',#17190,#4149);
#3090=LINE('',#17191,#4150);
#3091=LINE('',#17194,#4151);
#3092=LINE('',#17197,#4152);
#3093=LINE('',#17200,#4153);
#3094=LINE('',#17201,#4154);
#3095=LINE('',#17204,#4155);
#3096=LINE('',#17205,#4156);
#3097=LINE('',#17228,#4157);
#3098=LINE('',#17229,#4158);
#3099=LINE('',#17232,#4159);
#3100=LINE('',#17234,#4160);
#3101=LINE('',#17237,#4161);
#3102=LINE('',#17240,#4162);
#3103=LINE('',#17242,#4163);
#3104=LINE('',#17244,#4164);
#3105=LINE('',#17246,#4165);
#3106=LINE('',#17248,#4166);
#3107=LINE('',#17252,#4167);
#3108=LINE('',#17256,#4168);
#3109=LINE('',#17257,#4169);
#3110=LINE('',#17274,#4170);
#3111=LINE('',#17279,#4171);
#3112=LINE('',#17295,#4172);
#3113=LINE('',#17297,#4173);
#3114=LINE('',#17301,#4174);
#3115=LINE('',#17303,#4175);
#3116=LINE('',#17304,#4176);
#3117=LINE('',#17308,#4177);
#3118=LINE('',#17311,#4178);
#3119=LINE('',#17312,#4179);
#3120=LINE('',#17315,#4180);
#3121=LINE('',#17319,#4181);
#3122=LINE('',#17323,#4182);
#3123=LINE('',#17325,#4183);
#3124=LINE('',#17326,#4184);
#3125=LINE('',#17329,#4185);
#3126=LINE('',#17330,#4186);
#3127=LINE('',#17333,#4187);
#3128=LINE('',#17334,#4188);
#3129=LINE('',#17337,#4189);
#3130=LINE('',#17338,#4190);
#3131=LINE('',#17341,#4191);
#3132=LINE('',#17345,#4192);
#3133=LINE('',#17346,#4193);
#3134=LINE('',#17349,#4194);
#3135=LINE('',#17350,#4195);
#3136=LINE('',#17353,#4196);
#3137=LINE('',#17354,#4197);
#3138=LINE('',#17357,#4198);
#3139=LINE('',#17358,#4199);
#3140=LINE('',#17361,#4200);
#3141=LINE('',#17362,#4201);
#3142=LINE('',#17364,#4202);
#3143=LINE('',#17368,#4203);
#3144=LINE('',#17370,#4204);
#3145=LINE('',#17371,#4205);
#3146=LINE('',#17373,#4206);
#3147=LINE('',#17374,#4207);
#3148=LINE('',#17377,#4208);
#3149=LINE('',#17379,#4209);
#3150=LINE('',#17382,#4210);
#3151=LINE('',#17385,#4211);
#3152=LINE('',#17386,#4212);
#3153=LINE('',#17387,#4213);
#3154=LINE('',#17393,#4214);
#3155=LINE('',#17396,#4215);
#3156=LINE('',#17397,#4216);
#3157=LINE('',#17401,#4217);
#3158=LINE('',#17404,#4218);
#3159=LINE('',#17405,#4219);
#3160=LINE('',#17408,#4220);
#3161=LINE('',#17409,#4221);
#3162=LINE('',#17412,#4222);
#3163=LINE('',#17413,#4223);
#3164=LINE('',#17415,#4224);
#3165=LINE('',#17418,#4225);
#3166=LINE('',#17419,#4226);
#3167=LINE('',#17422,#4227);
#3168=LINE('',#17423,#4228);
#3169=LINE('',#17426,#4229);
#3170=LINE('',#17439,#4230);
#3171=LINE('',#17440,#4231);
#3172=LINE('',#17443,#4232);
#3173=LINE('',#17450,#4233);
#3174=LINE('',#17460,#4234);
#3175=LINE('',#17461,#4235);
#3176=LINE('',#17464,#4236);
#3177=LINE('',#17465,#4237);
#3178=LINE('',#17467,#4238);
#3179=LINE('',#17470,#4239);
#3180=LINE('',#17471,#4240);
#3181=LINE('',#17474,#4241);
#3182=LINE('',#17475,#4242);
#3183=LINE('',#17478,#4243);
#3184=LINE('',#17479,#4244);
#3185=LINE('',#17482,#4245);
#3186=LINE('',#17483,#4246);
#3187=LINE('',#17486,#4247);
#3188=LINE('',#17489,#4248);
#3189=VECTOR('',#11455,1000.);
#3190=VECTOR('',#11456,1000.);
#3191=VECTOR('',#11461,1000.);
#3192=VECTOR('',#11462,1000.);
#3193=VECTOR('',#11463,1000.);
#3194=VECTOR('',#11466,1000.);
#3195=VECTOR('',#11467,1000.);
#3196=VECTOR('',#11468,1000.);
#3197=VECTOR('',#11471,1000.);
#3198=VECTOR('',#11472,1000.);
#3199=VECTOR('',#11475,1000.);
#3200=VECTOR('',#11478,1000.);
#3201=VECTOR('',#11481,1000.);
#3202=VECTOR('',#11482,1000.);
#3203=VECTOR('',#11483,1000.);
#3204=VECTOR('',#11486,1000.);
#3205=VECTOR('',#11493,1000.);
#3206=VECTOR('',#11496,1000.);
#3207=VECTOR('',#11497,1000.);
#3208=VECTOR('',#11500,1000.);
#3209=VECTOR('',#11501,1000.);
#3210=VECTOR('',#11502,1000.);
#3211=VECTOR('',#11505,1000.);
#3212=VECTOR('',#11514,1000.);
#3213=VECTOR('',#11517,1000.);
#3214=VECTOR('',#11520,1000.);
#3215=VECTOR('',#11521,1000.);
#3216=VECTOR('',#11524,1000.);
#3217=VECTOR('',#11527,1000.);
#3218=VECTOR('',#11528,1000.);
#3219=VECTOR('',#11533,1000.);
#3220=VECTOR('',#11536,1000.);
#3221=VECTOR('',#11539,1000.);
#3222=VECTOR('',#11540,1000.);
#3223=VECTOR('',#11541,1000.);
#3224=VECTOR('',#11546,1000.);
#3225=VECTOR('',#11549,1000.);
#3226=VECTOR('',#11554,1000.);
#3227=VECTOR('',#11555,1000.);
#3228=VECTOR('',#11556,1000.);
#3229=VECTOR('',#11559,1000.);
#3230=VECTOR('',#11562,1000.);
#3231=VECTOR('',#11565,1000.);
#3232=VECTOR('',#11568,1000.);
#3233=VECTOR('',#11575,1000.);
#3234=VECTOR('',#11578,1000.);
#3235=VECTOR('',#11579,1000.);
#3236=VECTOR('',#11580,1000.);
#3237=VECTOR('',#11589,1000.);
#3238=VECTOR('',#11592,1000.);
#3239=VECTOR('',#11597,1000.);
#3240=VECTOR('',#11598,1000.);
#3241=VECTOR('',#11601,1000.);
#3242=VECTOR('',#11606,1000.);
#3243=VECTOR('',#11607,1000.);
#3244=VECTOR('',#11610,1000.);
#3245=VECTOR('',#11615,1000.);
#3246=VECTOR('',#11616,1000.);
#3247=VECTOR('',#11619,1000.);
#3248=VECTOR('',#11624,1000.);
#3249=VECTOR('',#11625,1000.);
#3250=VECTOR('',#11630,1000.);
#3251=VECTOR('',#11633,1000.);
#3252=VECTOR('',#11634,1000.);
#3253=VECTOR('',#11637,1000.);
#3254=VECTOR('',#11644,1000.);
#3255=VECTOR('',#11645,1000.);
#3256=VECTOR('',#11646,1000.);
#3257=VECTOR('',#11647,1000.);
#3258=VECTOR('',#11650,1000.);
#3259=VECTOR('',#11651,1000.);
#3260=VECTOR('',#11652,1000.);
#3261=VECTOR('',#11655,1000.);
#3262=VECTOR('',#11658,1000.);
#3263=VECTOR('',#11663,1000.);
#3264=VECTOR('',#11664,1000.);
#3265=VECTOR('',#11669,1000.);
#3266=VECTOR('',#11674,1000.);
#3267=VECTOR('',#11677,1000.);
#3268=VECTOR('',#11682,1000.);
#3269=VECTOR('',#11683,1000.);
#3270=VECTOR('',#11684,1000.);
#3271=VECTOR('',#11685,1000.);
#3272=VECTOR('',#11688,1000.);
#3273=VECTOR('',#11689,1000.);
#3274=VECTOR('',#11690,1000.);
#3275=VECTOR('',#11693,1000.);
#3276=VECTOR('',#11696,1000.);
#3277=VECTOR('',#11701,1000.);
#3278=VECTOR('',#11702,1000.);
#3279=VECTOR('',#11707,1000.);
#3280=VECTOR('',#11712,1000.);
#3281=VECTOR('',#11715,1000.);
#3282=VECTOR('',#11724,0.31);
#3283=VECTOR('',#11735,0.31);
#3284=VECTOR('',#11746,0.289999999988104);
#3285=VECTOR('',#11755,1000.);
#3286=VECTOR('',#11756,1000.);
#3287=VECTOR('',#11763,0.289999999988254);
#3288=VECTOR('',#11770,0.274999999976237);
#3289=VECTOR('',#11775,0.275000000004809);
#3290=VECTOR('',#11788,1000.);
#3291=VECTOR('',#11789,1000.);
#3292=VECTOR('',#11790,1000.);
#3293=VECTOR('',#11791,1000.);
#3294=VECTOR('',#11820,1000.);
#3295=VECTOR('',#11823,1000.);
#3296=VECTOR('',#11826,1000.);
#3297=VECTOR('',#11827,1000.);
#3298=VECTOR('',#11828,1000.);
#3299=VECTOR('',#11835,1000.);
#3300=VECTOR('',#11838,1000.);
#3301=VECTOR('',#11839,1000.);
#3302=VECTOR('',#11840,1000.);
#3303=VECTOR('',#11847,1000.);
#3304=VECTOR('',#11852,1000.);
#3305=VECTOR('',#11855,1000.);
#3306=VECTOR('',#11858,1000.);
#3307=VECTOR('',#11859,1000.);
#3308=VECTOR('',#11860,1000.);
#3309=VECTOR('',#11867,1000.);
#3310=VECTOR('',#11870,1000.);
#3311=VECTOR('',#11871,1000.);
#3312=VECTOR('',#11872,1000.);
#3313=VECTOR('',#11879,1000.);
#3314=VECTOR('',#11882,1000.);
#3315=VECTOR('',#11887,1000.);
#3316=VECTOR('',#11888,1000.);
#3317=VECTOR('',#11893,1000.);
#3318=VECTOR('',#11898,1000.);
#3319=VECTOR('',#11899,1000.);
#3320=VECTOR('',#11904,1000.);
#3321=VECTOR('',#11907,1000.);
#3322=VECTOR('',#11912,1000.);
#3323=VECTOR('',#11913,1000.);
#3324=VECTOR('',#11920,1000.);
#3325=VECTOR('',#11921,1000.);
#3326=VECTOR('',#11926,1000.);
#3327=VECTOR('',#11929,1000.);
#3328=VECTOR('',#11932,1000.);
#3329=VECTOR('',#11933,1000.);
#3330=VECTOR('',#11936,1000.);
#3331=VECTOR('',#11939,1000.);
#3332=VECTOR('',#11942,1000.);
#3333=VECTOR('',#11943,1000.);
#3334=VECTOR('',#11946,1000.);
#3335=VECTOR('',#11947,1000.);
#3336=VECTOR('',#11948,1000.);
#3337=VECTOR('',#11951,1000.);
#3338=VECTOR('',#11952,1000.);
#3339=VECTOR('',#11953,1000.);
#3340=VECTOR('',#11956,1000.);
#3341=VECTOR('',#11957,1000.);
#3342=VECTOR('',#11958,1000.);
#3343=VECTOR('',#11961,1000.);
#3344=VECTOR('',#11962,1000.);
#3345=VECTOR('',#11963,1000.);
#3346=VECTOR('',#11966,1000.);
#3347=VECTOR('',#11969,1000.);
#3348=VECTOR('',#11972,1000.);
#3349=VECTOR('',#11975,1000.);
#3350=VECTOR('',#11978,1000.);
#3351=VECTOR('',#11979,1000.);
#3352=VECTOR('',#11980,1000.);
#3353=VECTOR('',#11981,1000.);
#3354=VECTOR('',#11982,1000.);
#3355=VECTOR('',#11983,1000.);
#3356=VECTOR('',#11984,1000.);
#3357=VECTOR('',#11985,1000.);
#3358=VECTOR('',#11986,1000.);
#3359=VECTOR('',#11989,1000.);
#3360=VECTOR('',#11992,1000.);
#3361=VECTOR('',#11995,1000.);
#3362=VECTOR('',#11998,1000.);
#3363=VECTOR('',#12001,1000.);
#3364=VECTOR('',#12002,1000.);
#3365=VECTOR('',#12003,1000.);
#3366=VECTOR('',#12004,1000.);
#3367=VECTOR('',#12005,1000.);
#3368=VECTOR('',#12006,1000.);
#3369=VECTOR('',#12007,1000.);
#3370=VECTOR('',#12008,1000.);
#3371=VECTOR('',#12009,1000.);
#3372=VECTOR('',#12016,1000.);
#3373=VECTOR('',#12025,1000.);
#3374=VECTOR('',#12028,1000.);
#3375=VECTOR('',#12031,1000.);
#3376=VECTOR('',#12036,1000.);
#3377=VECTOR('',#12037,1000.);
#3378=VECTOR('',#12038,1000.);
#3379=VECTOR('',#12047,1000.);
#3380=VECTOR('',#12050,1000.);
#3381=VECTOR('',#12053,1000.);
#3382=VECTOR('',#12054,1000.);
#3383=VECTOR('',#12059,1000.);
#3384=VECTOR('',#12060,1000.);
#3385=VECTOR('',#12065,1000.);
#3386=VECTOR('',#12070,1000.);
#3387=VECTOR('',#12071,1000.);
#3388=VECTOR('',#12072,1000.);
#3389=VECTOR('',#12081,1000.);
#3390=VECTOR('',#12084,1000.);
#3391=VECTOR('',#12087,1000.);
#3392=VECTOR('',#12094,1000.);
#3393=VECTOR('',#12095,1000.);
#3394=VECTOR('',#12096,1000.);
#3395=VECTOR('',#12099,1000.);
#3396=VECTOR('',#12108,1000.);
#3397=VECTOR('',#12109,1000.);
#3398=VECTOR('',#12118,1000.);
#3399=VECTOR('',#12131,1000.);
#3400=VECTOR('',#12144,1000.);
#3401=VECTOR('',#12157,1000.);
#3402=VECTOR('',#12164,1000.);
#3403=VECTOR('',#12165,1000.);
#3404=VECTOR('',#12166,1000.);
#3405=VECTOR('',#12169,1000.);
#3406=VECTOR('',#12170,1000.);
#3407=VECTOR('',#12171,1000.);
#3408=VECTOR('',#12176,1000.);
#3409=VECTOR('',#12177,1000.);
#3410=VECTOR('',#12178,1000.);
#3411=VECTOR('',#12179,1000.);
#3412=VECTOR('',#12182,1000.);
#3413=VECTOR('',#12183,1000.);
#3414=VECTOR('',#12184,1000.);
#3415=VECTOR('',#12187,1000.);
#3416=VECTOR('',#12188,1000.);
#3417=VECTOR('',#12189,1000.);
#3418=VECTOR('',#12194,1000.);
#3419=VECTOR('',#12197,1000.);
#3420=VECTOR('',#12200,1000.);
#3421=VECTOR('',#12201,1000.);
#3422=VECTOR('',#12202,1000.);
#3423=VECTOR('',#12203,1000.);
#3424=VECTOR('',#12204,1000.);
#3425=VECTOR('',#12207,1000.);
#3426=VECTOR('',#12208,1000.);
#3427=VECTOR('',#12209,1000.);
#3428=VECTOR('',#12210,1000.);
#3429=VECTOR('',#12211,1000.);
#3430=VECTOR('',#12214,1000.);
#3431=VECTOR('',#12215,1000.);
#3432=VECTOR('',#12216,1000.);
#3433=VECTOR('',#12219,1000.);
#3434=VECTOR('',#12220,1000.);
#3435=VECTOR('',#12221,1000.);
#3436=VECTOR('',#12222,1000.);
#3437=VECTOR('',#12225,1000.);
#3438=VECTOR('',#12226,1000.);
#3439=VECTOR('',#12227,1000.);
#3440=VECTOR('',#12230,1000.);
#3441=VECTOR('',#12231,1000.);
#3442=VECTOR('',#12232,1000.);
#3443=VECTOR('',#12235,1000.);
#3444=VECTOR('',#12236,1000.);
#3445=VECTOR('',#12237,1000.);
#3446=VECTOR('',#12240,1000.);
#3447=VECTOR('',#12241,1000.);
#3448=VECTOR('',#12242,1000.);
#3449=VECTOR('',#12245,1000.);
#3450=VECTOR('',#12246,1000.);
#3451=VECTOR('',#12247,1000.);
#3452=VECTOR('',#12248,1000.);
#3453=VECTOR('',#12249,1000.);
#3454=VECTOR('',#12250,1000.);
#3455=VECTOR('',#12253,1000.);
#3456=VECTOR('',#12254,1000.);
#3457=VECTOR('',#12255,1000.);
#3458=VECTOR('',#12256,1000.);
#3459=VECTOR('',#12259,1000.);
#3460=VECTOR('',#12260,1000.);
#3461=VECTOR('',#12263,1000.);
#3462=VECTOR('',#12264,1000.);
#3463=VECTOR('',#12265,1000.);
#3464=VECTOR('',#12266,1000.);
#3465=VECTOR('',#12269,1000.);
#3466=VECTOR('',#12270,1000.);
#3467=VECTOR('',#12271,1000.);
#3468=VECTOR('',#12272,1000.);
#3469=VECTOR('',#12275,1000.);
#3470=VECTOR('',#12276,1000.);
#3471=VECTOR('',#12277,1000.);
#3472=VECTOR('',#12280,1000.);
#3473=VECTOR('',#12281,1000.);
#3474=VECTOR('',#12282,1000.);
#3475=VECTOR('',#12285,1000.);
#3476=VECTOR('',#12286,1000.);
#3477=VECTOR('',#12287,1000.);
#3478=VECTOR('',#12290,1000.);
#3479=VECTOR('',#12291,1000.);
#3480=VECTOR('',#12292,1000.);
#3481=VECTOR('',#12297,1000.);
#3482=VECTOR('',#12300,1000.);
#3483=VECTOR('',#12303,1000.);
#3484=VECTOR('',#12304,1000.);
#3485=VECTOR('',#12305,1000.);
#3486=VECTOR('',#12308,1000.);
#3487=VECTOR('',#12309,1000.);
#3488=VECTOR('',#12310,1000.);
#3489=VECTOR('',#12311,1000.);
#3490=VECTOR('',#12316,1000.);
#3491=VECTOR('',#12319,1000.);
#3492=VECTOR('',#12322,1000.);
#3493=VECTOR('',#12325,1000.);
#3494=VECTOR('',#12328,1000.);
#3495=VECTOR('',#12333,1000.);
#3496=VECTOR('',#12334,1000.);
#3497=VECTOR('',#12337,1000.);
#3498=VECTOR('',#12342,1000.);
#3499=VECTOR('',#12343,1000.);
#3500=VECTOR('',#12348,1000.);
#3501=VECTOR('',#12355,1000.);
#3502=VECTOR('',#12358,1000.);
#3503=VECTOR('',#12359,1000.);
#3504=VECTOR('',#12360,1000.);
#3505=VECTOR('',#12361,1000.);
#3506=VECTOR('',#12366,1000.);
#3507=VECTOR('',#12369,1000.);
#3508=VECTOR('',#12372,1000.);
#3509=VECTOR('',#12373,1000.);
#3510=VECTOR('',#12374,1000.);
#3511=VECTOR('',#12381,1000.);
#3512=VECTOR('',#12384,1000.);
#3513=VECTOR('',#12385,1000.);
#3514=VECTOR('',#12386,1000.);
#3515=VECTOR('',#12389,1000.);
#3516=VECTOR('',#12396,1000.);
#3517=VECTOR('',#12399,1000.);
#3518=VECTOR('',#12404,1000.);
#3519=VECTOR('',#12407,1000.);
#3520=VECTOR('',#12408,1000.);
#3521=VECTOR('',#12409,1000.);
#3522=VECTOR('',#12418,1000.);
#3523=VECTOR('',#12423,1000.);
#3524=VECTOR('',#12424,1000.);
#3525=VECTOR('',#12425,1000.);
#3526=VECTOR('',#12428,1000.);
#3527=VECTOR('',#12435,1000.);
#3528=VECTOR('',#12436,1000.);
#3529=VECTOR('',#12437,1000.);
#3530=VECTOR('',#12440,1000.);
#3531=VECTOR('',#12447,1000.);
#3532=VECTOR('',#12448,1000.);
#3533=VECTOR('',#12449,1000.);
#3534=VECTOR('',#12456,1000.);
#3535=VECTOR('',#12459,1000.);
#3536=VECTOR('',#12460,1000.);
#3537=VECTOR('',#12463,1000.);
#3538=VECTOR('',#12464,1000.);
#3539=VECTOR('',#12465,1000.);
#3540=VECTOR('',#12468,1000.);
#3541=VECTOR('',#12469,1000.);
#3542=VECTOR('',#12472,1000.);
#3543=VECTOR('',#12473,1000.);
#3544=VECTOR('',#12476,1000.);
#3545=VECTOR('',#12477,1000.);
#3546=VECTOR('',#12480,1000.);
#3547=VECTOR('',#12481,1000.);
#3548=VECTOR('',#12484,1000.);
#3549=VECTOR('',#12485,1000.);
#3550=VECTOR('',#12488,1000.);
#3551=VECTOR('',#12489,1000.);
#3552=VECTOR('',#12490,1000.);
#3553=VECTOR('',#12493,1000.);
#3554=VECTOR('',#12494,1000.);
#3555=VECTOR('',#12497,1000.);
#3556=VECTOR('',#12498,1000.);
#3557=VECTOR('',#12501,1000.);
#3558=VECTOR('',#12502,1000.);
#3559=VECTOR('',#12505,1000.);
#3560=VECTOR('',#12506,1000.);
#3561=VECTOR('',#12511,1000.);
#3562=VECTOR('',#12512,1000.);
#3563=VECTOR('',#12515,1000.);
#3564=VECTOR('',#12516,1000.);
#3565=VECTOR('',#12519,1000.);
#3566=VECTOR('',#12522,1000.);
#3567=VECTOR('',#12527,1000.);
#3568=VECTOR('',#12532,1000.);
#3569=VECTOR('',#12539,1000.);
#3570=VECTOR('',#12542,1000.);
#3571=VECTOR('',#12545,1000.);
#3572=VECTOR('',#12546,1000.);
#3573=VECTOR('',#12547,1000.);
#3574=VECTOR('',#12550,1000.);
#3575=VECTOR('',#12557,1000.);
#3576=VECTOR('',#12558,1000.);
#3577=VECTOR('',#12559,1000.);
#3578=VECTOR('',#12562,1000.);
#3579=VECTOR('',#12569,1000.);
#3580=VECTOR('',#12572,1000.);
#3581=VECTOR('',#12575,1000.);
#3582=VECTOR('',#12580,1000.);
#3583=VECTOR('',#12585,1000.);
#3584=VECTOR('',#12588,1000.);
#3585=VECTOR('',#12593,10.);
#3586=VECTOR('',#12596,1000.);
#3587=VECTOR('',#12597,1000.);
#3588=VECTOR('',#12598,1000.);
#3589=VECTOR('',#12601,1000.);
#3590=VECTOR('',#12608,1000.);
#3591=VECTOR('',#12609,1000.);
#3592=VECTOR('',#12610,1000.);
#3593=VECTOR('',#12617,1000.);
#3594=VECTOR('',#12620,1000.);
#3595=VECTOR('',#12621,1000.);
#3596=VECTOR('',#12622,1000.);
#3597=VECTOR('',#12629,1000.);
#3598=VECTOR('',#12632,1000.);
#3599=VECTOR('',#12633,1000.);
#3600=VECTOR('',#12634,1000.);
#3601=VECTOR('',#12635,1000.);
#3602=VECTOR('',#12638,1000.);
#3603=VECTOR('',#12639,1000.);
#3604=VECTOR('',#12642,1000.);
#3605=VECTOR('',#12645,1000.);
#3606=VECTOR('',#12648,1000.);
#3607=VECTOR('',#12649,1000.);
#3608=VECTOR('',#12652,1000.);
#3609=VECTOR('',#12657,1000.);
#3610=VECTOR('',#12658,1000.);
#3611=VECTOR('',#12661,1000.);
#3612=VECTOR('',#12666,1000.);
#3613=VECTOR('',#12667,1000.);
#3614=VECTOR('',#12670,1000.);
#3615=VECTOR('',#12675,1000.);
#3616=VECTOR('',#12680,1000.);
#3617=VECTOR('',#12687,1000.);
#3618=VECTOR('',#12692,1000.);
#3619=VECTOR('',#12693,1000.);
#3620=VECTOR('',#12698,1000.);
#3621=VECTOR('',#12701,1000.);
#3622=VECTOR('',#12702,1000.);
#3623=VECTOR('',#12707,1000.);
#3624=VECTOR('',#12710,1000.);
#3625=VECTOR('',#12713,1000.);
#3626=VECTOR('',#12714,1000.);
#3627=VECTOR('',#12717,1000.);
#3628=VECTOR('',#12720,1000.);
#3629=VECTOR('',#12727,1000.);
#3630=VECTOR('',#12728,1000.);
#3631=VECTOR('',#12731,1000.);
#3632=VECTOR('',#12736,1000.);
#3633=VECTOR('',#12737,1000.);
#3634=VECTOR('',#12738,1000.);
#3635=VECTOR('',#12741,1000.);
#3636=VECTOR('',#12744,1000.);
#3637=VECTOR('',#12747,1000.);
#3638=VECTOR('',#12752,1000.);
#3639=VECTOR('',#12753,1000.);
#3640=VECTOR('',#12754,1000.);
#3641=VECTOR('',#12757,1000.);
#3642=VECTOR('',#12768,1000.);
#3643=VECTOR('',#12773,1000.);
#3644=VECTOR('',#12776,1000.);
#3645=VECTOR('',#12779,1000.);
#3646=VECTOR('',#12780,1000.);
#3647=VECTOR('',#12781,1000.);
#3648=VECTOR('',#12784,1000.);
#3649=VECTOR('',#12785,1000.);
#3650=VECTOR('',#12786,1000.);
#3651=VECTOR('',#12789,1000.);
#3652=VECTOR('',#12798,1000.);
#3653=VECTOR('',#12799,1000.);
#3654=VECTOR('',#12802,1000.);
#3655=VECTOR('',#12803,1000.);
#3656=VECTOR('',#12804,1000.);
#3657=VECTOR('',#12805,1000.);
#3658=VECTOR('',#12806,1000.);
#3659=VECTOR('',#12807,1000.);
#3660=VECTOR('',#12808,1000.);
#3661=VECTOR('',#12809,1000.);
#3662=VECTOR('',#12810,1000.);
#3663=VECTOR('',#12811,1000.);
#3664=VECTOR('',#12816,1000.);
#3665=VECTOR('',#12819,1000.);
#3666=VECTOR('',#12820,1000.);
#3667=VECTOR('',#12821,1000.);
#3668=VECTOR('',#12822,1000.);
#3669=VECTOR('',#12823,1000.);
#3670=VECTOR('',#12824,1000.);
#3671=VECTOR('',#12825,1000.);
#3672=VECTOR('',#12826,1000.);
#3673=VECTOR('',#12831,1000.);
#3674=VECTOR('',#12836,1000.);
#3675=VECTOR('',#12837,1000.);
#3676=VECTOR('',#12838,1000.);
#3677=VECTOR('',#12843,1000.);
#3678=VECTOR('',#12848,1000.);
#3679=VECTOR('',#12849,1000.);
#3680=VECTOR('',#12850,1000.);
#3681=VECTOR('',#12853,1000.);
#3682=VECTOR('',#12854,1000.);
#3683=VECTOR('',#12859,1000.);
#3684=VECTOR('',#12862,1000.);
#3685=VECTOR('',#12863,1000.);
#3686=VECTOR('',#12866,1000.);
#3687=VECTOR('',#12869,1000.);
#3688=VECTOR('',#12870,1000.);
#3689=VECTOR('',#12873,1000.);
#3690=VECTOR('',#12876,1000.);
#3691=VECTOR('',#12877,1000.);
#3692=VECTOR('',#12880,1000.);
#3693=VECTOR('',#12885,1000.);
#3694=VECTOR('',#12886,1000.);
#3695=VECTOR('',#12891,1000.);
#3696=VECTOR('',#12894,1000.);
#3697=VECTOR('',#12897,1000.);
#3698=VECTOR('',#12900,1000.);
#3699=VECTOR('',#12901,1000.);
#3700=VECTOR('',#12902,1000.);
#3701=VECTOR('',#12905,1000.);
#3702=VECTOR('',#12906,1000.);
#3703=VECTOR('',#12907,1000.);
#3704=VECTOR('',#12910,1000.);
#3705=VECTOR('',#12913,1000.);
#3706=VECTOR('',#12914,1000.);
#3707=VECTOR('',#12917,1000.);
#3708=VECTOR('',#12920,1000.);
#3709=VECTOR('',#12921,1000.);
#3710=VECTOR('',#12922,1000.);
#3711=VECTOR('',#12925,1000.);
#3712=VECTOR('',#12926,1000.);
#3713=VECTOR('',#12927,1000.);
#3714=VECTOR('',#12930,1000.);
#3715=VECTOR('',#12933,1000.);
#3716=VECTOR('',#12936,1000.);
#3717=VECTOR('',#12945,1000.);
#3718=VECTOR('',#12948,1000.);
#3719=VECTOR('',#12953,1000.);
#3720=VECTOR('',#12954,1000.);
#3721=VECTOR('',#12955,1000.);
#3722=VECTOR('',#12958,1000.);
#3723=VECTOR('',#12959,1000.);
#3724=VECTOR('',#12960,1000.);
#3725=VECTOR('',#12967,1000.);
#3726=VECTOR('',#12972,1000.);
#3727=VECTOR('',#12975,1000.);
#3728=VECTOR('',#12978,1000.);
#3729=VECTOR('',#12985,1000.);
#3730=VECTOR('',#12986,1000.);
#3731=VECTOR('',#12987,1000.);
#3732=VECTOR('',#12990,1000.);
#3733=VECTOR('',#12997,1000.);
#3734=VECTOR('',#13000,1000.);
#3735=VECTOR('',#13003,1000.);
#3736=VECTOR('',#13004,1000.);
#3737=VECTOR('',#13005,1000.);
#3738=VECTOR('',#13006,1000.);
#3739=VECTOR('',#13007,1000.);
#3740=VECTOR('',#13008,1000.);
#3741=VECTOR('',#13009,1000.);
#3742=VECTOR('',#13012,1000.);
#3743=VECTOR('',#13015,1000.);
#3744=VECTOR('',#13022,1000.);
#3745=VECTOR('',#13023,1000.);
#3746=VECTOR('',#13024,1000.);
#3747=VECTOR('',#13029,1000.);
#3748=VECTOR('',#13032,1000.);
#3749=VECTOR('',#13033,1000.);
#3750=VECTOR('',#13038,1000.);
#3751=VECTOR('',#13043,1000.);
#3752=VECTOR('',#13046,1000.);
#3753=VECTOR('',#13051,1000.);
#3754=VECTOR('',#13056,1000.);
#3755=VECTOR('',#13057,1000.);
#3756=VECTOR('',#13062,1000.);
#3757=VECTOR('',#13067,1000.);
#3758=VECTOR('',#13070,1000.);
#3759=VECTOR('',#13071,1000.);
#3760=VECTOR('',#13074,1000.);
#3761=VECTOR('',#13079,1000.);
#3762=VECTOR('',#13080,1000.);
#3763=VECTOR('',#13083,1000.);
#3764=VECTOR('',#13088,1000.);
#3765=VECTOR('',#13089,1000.);
#3766=VECTOR('',#13092,1000.);
#3767=VECTOR('',#13093,1000.);
#3768=VECTOR('',#13094,1000.);
#3769=VECTOR('',#13095,1000.);
#3770=VECTOR('',#13096,1000.);
#3771=VECTOR('',#13099,1000.);
#3772=VECTOR('',#13100,1000.);
#3773=VECTOR('',#13101,1000.);
#3774=VECTOR('',#13102,1000.);
#3775=VECTOR('',#13103,1000.);
#3776=VECTOR('',#13104,1000.);
#3777=VECTOR('',#13107,1000.);
#3778=VECTOR('',#13108,1000.);
#3779=VECTOR('',#13109,1000.);
#3780=VECTOR('',#13110,1000.);
#3781=VECTOR('',#13111,1000.);
#3782=VECTOR('',#13112,1000.);
#3783=VECTOR('',#13113,1000.);
#3784=VECTOR('',#13114,1000.);
#3785=VECTOR('',#13117,1000.);
#3786=VECTOR('',#13118,1000.);
#3787=VECTOR('',#13119,1000.);
#3788=VECTOR('',#13120,1000.);
#3789=VECTOR('',#13121,1000.);
#3790=VECTOR('',#13122,1000.);
#3791=VECTOR('',#13123,1000.);
#3792=VECTOR('',#13124,1000.);
#3793=VECTOR('',#13127,1000.);
#3794=VECTOR('',#13128,1000.);
#3795=VECTOR('',#13131,1000.);
#3796=VECTOR('',#13136,1000.);
#3797=VECTOR('',#13137,1000.);
#3798=VECTOR('',#13142,1000.);
#3799=VECTOR('',#13145,1000.);
#3800=VECTOR('',#13146,1000.);
#3801=VECTOR('',#13149,1000.);
#3802=VECTOR('',#13150,1000.);
#3803=VECTOR('',#13155,1000.);
#3804=VECTOR('',#13158,1000.);
#3805=VECTOR('',#13159,1000.);
#3806=VECTOR('',#13164,1000.);
#3807=VECTOR('',#13167,1000.);
#3808=VECTOR('',#13170,1000.);
#3809=VECTOR('',#13171,1000.);
#3810=VECTOR('',#13172,1000.);
#3811=VECTOR('',#13177,1000.);
#3812=VECTOR('',#13182,1000.);
#3813=VECTOR('',#13183,1000.);
#3814=VECTOR('',#13188,1000.);
#3815=VECTOR('',#13191,1000.);
#3816=VECTOR('',#13192,1000.);
#3817=VECTOR('',#13193,1000.);
#3818=VECTOR('',#13200,1000.);
#3819=VECTOR('',#13203,1000.);
#3820=VECTOR('',#13206,1000.);
#3821=VECTOR('',#13209,1000.);
#3822=VECTOR('',#13214,1000.);
#3823=VECTOR('',#13217,1000.);
#3824=VECTOR('',#13220,1000.);
#3825=VECTOR('',#13221,1000.);
#3826=VECTOR('',#13222,1000.);
#3827=VECTOR('',#13227,1000.);
#3828=VECTOR('',#13230,1000.);
#3829=VECTOR('',#13231,1000.);
#3830=VECTOR('',#13234,1000.);
#3831=VECTOR('',#13241,1000.);
#3832=VECTOR('',#13242,1000.);
#3833=VECTOR('',#13243,1000.);
#3834=VECTOR('',#13246,1000.);
#3835=VECTOR('',#13251,1000.);
#3836=VECTOR('',#13252,1000.);
#3837=VECTOR('',#13255,1000.);
#3838=VECTOR('',#13260,1000.);
#3839=VECTOR('',#13261,1000.);
#3840=VECTOR('',#13266,1000.);
#3841=VECTOR('',#13271,1000.);
#3842=VECTOR('',#13274,1000.);
#3843=VECTOR('',#13279,1000.);
#3844=VECTOR('',#13284,1000.);
#3845=VECTOR('',#13285,1000.);
#3846=VECTOR('',#13290,1000.);
#3847=VECTOR('',#13295,1000.);
#3848=VECTOR('',#13298,1000.);
#3849=VECTOR('',#13299,1000.);
#3850=VECTOR('',#13304,1000.);
#3851=VECTOR('',#13307,1000.);
#3852=VECTOR('',#13308,1000.);
#3853=VECTOR('',#13311,1000.);
#3854=VECTOR('',#13312,1000.);
#3855=VECTOR('',#13315,1000.);
#3856=VECTOR('',#13316,1000.);
#3857=VECTOR('',#13317,1000.);
#3858=VECTOR('',#13318,1000.);
#3859=VECTOR('',#13319,1000.);
#3860=VECTOR('',#13322,1000.);
#3861=VECTOR('',#13323,1000.);
#3862=VECTOR('',#13324,1000.);
#3863=VECTOR('',#13325,1000.);
#3864=VECTOR('',#13326,1000.);
#3865=VECTOR('',#13327,1000.);
#3866=VECTOR('',#13330,1000.);
#3867=VECTOR('',#13331,1000.);
#3868=VECTOR('',#13332,1000.);
#3869=VECTOR('',#13335,1000.);
#3870=VECTOR('',#13336,1000.);
#3871=VECTOR('',#13337,1000.);
#3872=VECTOR('',#13344,1000.);
#3873=VECTOR('',#13349,1000.);
#3874=VECTOR('',#13356,1000.);
#3875=VECTOR('',#13359,1000.);
#3876=VECTOR('',#13360,1000.);
#3877=VECTOR('',#13361,1000.);
#3878=VECTOR('',#13366,1000.);
#3879=VECTOR('',#13369,1000.);
#3880=VECTOR('',#13370,1000.);
#3881=VECTOR('',#13371,1000.);
#3882=VECTOR('',#13374,1000.);
#3883=VECTOR('',#13375,1000.);
#3884=VECTOR('',#13376,1000.);
#3885=VECTOR('',#13379,1000.);
#3886=VECTOR('',#13382,1000.);
#3887=VECTOR('',#13383,1000.);
#3888=VECTOR('',#13388,1000.);
#3889=VECTOR('',#13391,1000.);
#3890=VECTOR('',#13392,1000.);
#3891=VECTOR('',#13397,1000.);
#3892=VECTOR('',#13400,1000.);
#3893=VECTOR('',#13401,1000.);
#3894=VECTOR('',#13402,1000.);
#3895=VECTOR('',#13405,1000.);
#3896=VECTOR('',#13406,1000.);
#3897=VECTOR('',#13409,1000.);
#3898=VECTOR('',#13414,1000.);
#3899=VECTOR('',#13417,1000.);
#3900=VECTOR('',#13420,1000.);
#3901=VECTOR('',#13427,1000.);
#3902=VECTOR('',#13430,1000.);
#3903=VECTOR('',#13431,1000.);
#3904=VECTOR('',#13434,1000.);
#3905=VECTOR('',#13437,1000.);
#3906=VECTOR('',#13442,1000.);
#3907=VECTOR('',#13443,1000.);
#3908=VECTOR('',#13444,1000.);
#3909=VECTOR('',#13447,1000.);
#3910=VECTOR('',#13458,1000.);
#3911=VECTOR('',#13461,1000.);
#3912=VECTOR('',#13462,1000.);
#3913=VECTOR('',#13463,1000.);
#3914=VECTOR('',#13470,1000.);
#3915=VECTOR('',#13475,1000.);
#3916=VECTOR('',#13480,1000.);
#3917=VECTOR('',#13481,1000.);
#3918=VECTOR('',#13482,1000.);
#3919=VECTOR('',#13485,1000.);
#3920=VECTOR('',#13486,1000.);
#3921=VECTOR('',#13487,1000.);
#3922=VECTOR('',#13490,1000.);
#3923=VECTOR('',#13491,1000.);
#3924=VECTOR('',#13494,1000.);
#3925=VECTOR('',#13495,1000.);
#3926=VECTOR('',#13498,1000.);
#3927=VECTOR('',#13499,1000.);
#3928=VECTOR('',#13502,1000.);
#3929=VECTOR('',#13503,1000.);
#3930=VECTOR('',#13506,1000.);
#3931=VECTOR('',#13509,1000.);
#3932=VECTOR('',#13510,1000.);
#3933=VECTOR('',#13511,1000.);
#3934=VECTOR('',#13514,1000.);
#3935=VECTOR('',#13515,1000.);
#3936=VECTOR('',#13516,1000.);
#3937=VECTOR('',#13519,1000.);
#3938=VECTOR('',#13520,1000.);
#3939=VECTOR('',#13525,1000.);
#3940=VECTOR('',#13526,1000.);
#3941=VECTOR('',#13529,1000.);
#3942=VECTOR('',#13530,1000.);
#3943=VECTOR('',#13531,1000.);
#3944=VECTOR('',#13534,1000.);
#3945=VECTOR('',#13535,1000.);
#3946=VECTOR('',#13540,1000.);
#3947=VECTOR('',#13543,1000.);
#3948=VECTOR('',#13544,1000.);
#3949=VECTOR('',#13545,1000.);
#3950=VECTOR('',#13546,1000.);
#3951=VECTOR('',#13551,1000.);
#3952=VECTOR('',#13558,1000.);
#3953=VECTOR('',#13561,1000.);
#3954=VECTOR('',#13562,1000.);
#3955=VECTOR('',#13565,1000.);
#3956=VECTOR('',#13566,1000.);
#3957=VECTOR('',#13577,1000.);
#3958=VECTOR('',#13578,1000.);
#3959=VECTOR('',#13579,1000.);
#3960=VECTOR('',#13582,1000.);
#3961=VECTOR('',#13583,1000.);
#3962=VECTOR('',#13586,1000.);
#3963=VECTOR('',#13587,1000.);
#3964=VECTOR('',#13592,1000.);
#3965=VECTOR('',#13597,1000.);
#3966=VECTOR('',#13598,1000.);
#3967=VECTOR('',#13599,1000.);
#3968=VECTOR('',#13600,1000.);
#3969=VECTOR('',#13607,1000.);
#3970=VECTOR('',#13610,1000.);
#3971=VECTOR('',#13617,1000.);
#3972=VECTOR('',#13620,1000.);
#3973=VECTOR('',#13623,1000.);
#3974=VECTOR('',#13628,1000.);
#3975=VECTOR('',#13629,1000.);
#3976=VECTOR('',#13630,1000.);
#3977=VECTOR('',#13633,1000.);
#3978=VECTOR('',#13642,1000.);
#3979=VECTOR('',#13649,1000.);
#3980=VECTOR('',#13650,1000.);
#3981=VECTOR('',#13651,1000.);
#3982=VECTOR('',#13654,1000.);
#3983=VECTOR('',#13655,1000.);
#3984=VECTOR('',#13658,1000.);
#3985=VECTOR('',#13659,1000.);
#3986=VECTOR('',#13662,1000.);
#3987=VECTOR('',#13667,1000.);
#3988=VECTOR('',#13668,1000.);
#3989=VECTOR('',#13671,1000.);
#3990=VECTOR('',#13676,1000.);
#3991=VECTOR('',#13677,1000.);
#3992=VECTOR('',#13680,1000.);
#3993=VECTOR('',#13683,1000.);
#3994=VECTOR('',#13688,1000.);
#3995=VECTOR('',#13689,1000.);
#3996=VECTOR('',#13690,1000.);
#3997=VECTOR('',#13693,1000.);
#3998=VECTOR('',#13694,1000.);
#3999=VECTOR('',#13695,1000.);
#4000=VECTOR('',#13698,1000.);
#4001=VECTOR('',#13699,1000.);
#4002=VECTOR('',#13700,1000.);
#4003=VECTOR('',#13703,1000.);
#4004=VECTOR('',#13704,1000.);
#4005=VECTOR('',#13707,1000.);
#4006=VECTOR('',#13708,1000.);
#4007=VECTOR('',#13711,1000.);
#4008=VECTOR('',#13714,1000.);
#4009=VECTOR('',#13715,1000.);
#4010=VECTOR('',#13718,1000.);
#4011=VECTOR('',#13721,1000.);
#4012=VECTOR('',#13724,1000.);
#4013=VECTOR('',#13727,1000.);
#4014=VECTOR('',#13728,1000.);
#4015=VECTOR('',#13731,1000.);
#4016=VECTOR('',#13732,1000.);
#4017=VECTOR('',#13735,1000.);
#4018=VECTOR('',#13736,1000.);
#4019=VECTOR('',#13739,1000.);
#4020=VECTOR('',#13740,1000.);
#4021=VECTOR('',#13743,1000.);
#4022=VECTOR('',#13744,1000.);
#4023=VECTOR('',#13745,1000.);
#4024=VECTOR('',#13748,1000.);
#4025=VECTOR('',#13749,1000.);
#4026=VECTOR('',#13754,1000.);
#4027=VECTOR('',#13759,1000.);
#4028=VECTOR('',#13762,1000.);
#4029=VECTOR('',#13765,1000.);
#4030=VECTOR('',#13770,1000.);
#4031=VECTOR('',#13771,1000.);
#4032=VECTOR('',#13776,1000.);
#4033=VECTOR('',#13783,10.);
#4034=VECTOR('',#13784,1000.);
#4035=VECTOR('',#13791,1000.);
#4036=VECTOR('',#13792,1000.);
#4037=VECTOR('',#13793,1000.);
#4038=VECTOR('',#13796,1000.);
#4039=VECTOR('',#13799,1000.);
#4040=VECTOR('',#13804,1000.);
#4041=VECTOR('',#13807,1000.);
#4042=VECTOR('',#13816,1000.);
#4043=VECTOR('',#13817,1000.);
#4044=VECTOR('',#13824,1000.);
#4045=VECTOR('',#13827,1000.);
#4046=VECTOR('',#13830,1000.);
#4047=VECTOR('',#13833,1000.);
#4048=VECTOR('',#13834,1000.);
#4049=VECTOR('',#13837,1000.);
#4050=VECTOR('',#13838,1000.);
#4051=VECTOR('',#13841,1000.);
#4052=VECTOR('',#13846,1000.);
#4053=VECTOR('',#13851,1000.);
#4054=VECTOR('',#13852,1000.);
#4055=VECTOR('',#13855,10.);
#4056=VECTOR('',#13856,1000.);
#4057=VECTOR('',#13859,1000.);
#4058=VECTOR('',#13860,1000.);
#4059=VECTOR('',#13863,1000.);
#4060=VECTOR('',#13864,1000.);
#4061=VECTOR('',#13865,1000.);
#4062=VECTOR('',#13866,1000.);
#4063=VECTOR('',#13867,1000.);
#4064=VECTOR('',#13868,1000.);
#4065=VECTOR('',#13883,1000.);
#4066=VECTOR('',#13888,1000.);
#4067=VECTOR('',#13891,1000.);
#4068=VECTOR('',#13894,1000.);
#4069=VECTOR('',#13895,1000.);
#4070=VECTOR('',#13898,1000.);
#4071=VECTOR('',#13903,1000.);
#4072=VECTOR('',#13906,1000.);
#4073=VECTOR('',#13909,1000.);
#4074=VECTOR('',#13916,1000.);
#4075=VECTOR('',#13917,1000.);
#4076=VECTOR('',#13920,1000.);
#4077=VECTOR('',#13923,1000.);
#4078=VECTOR('',#13928,1000.);
#4079=VECTOR('',#13929,1000.);
#4080=VECTOR('',#13930,1000.);
#4081=VECTOR('',#13935,1000.);
#4082=VECTOR('',#13940,1000.);
#4083=VECTOR('',#13941,1000.);
#4084=VECTOR('',#13942,1000.);
#4085=VECTOR('',#13947,1000.);
#4086=VECTOR('',#13952,1000.);
#4087=VECTOR('',#13953,1000.);
#4088=VECTOR('',#13954,1000.);
#4089=VECTOR('',#13959,1000.);
#4090=VECTOR('',#13964,1000.);
#4091=VECTOR('',#13965,1000.);
#4092=VECTOR('',#13966,1000.);
#4093=VECTOR('',#13969,1000.);
#4094=VECTOR('',#13972,1000.);
#4095=VECTOR('',#13975,1000.);
#4096=VECTOR('',#13976,1000.);
#4097=VECTOR('',#13977,1000.);
#4098=VECTOR('',#13980,1000.);
#4099=VECTOR('',#13983,1000.);
#4100=VECTOR('',#13986,1000.);
#4101=VECTOR('',#13987,1000.);
#4102=VECTOR('',#13990,1000.);
#4103=VECTOR('',#13991,1000.);
#4104=VECTOR('',#13994,1000.);
#4105=VECTOR('',#13997,1000.);
#4106=VECTOR('',#13998,1000.);
#4107=VECTOR('',#13999,1000.);
#4108=VECTOR('',#14004,1000.);
#4109=VECTOR('',#14013,1000.);
#4110=VECTOR('',#14016,1000.);
#4111=VECTOR('',#14017,1000.);
#4112=VECTOR('',#14018,1000.);
#4113=VECTOR('',#14029,1000.);
#4114=VECTOR('',#14030,1000.);
#4115=VECTOR('',#14031,1000.);
#4116=VECTOR('',#14034,1000.);
#4117=VECTOR('',#14035,1000.);
#4118=VECTOR('',#14036,1000.);
#4119=VECTOR('',#14039,1000.);
#4120=VECTOR('',#14040,1000.);
#4121=VECTOR('',#14041,1000.);
#4122=VECTOR('',#14044,1000.);
#4123=VECTOR('',#14047,1000.);
#4124=VECTOR('',#14048,1000.);
#4125=VECTOR('',#14049,1000.);
#4126=VECTOR('',#14052,1000.);
#4127=VECTOR('',#14053,1000.);
#4128=VECTOR('',#14056,1000.);
#4129=VECTOR('',#14061,1000.);
#4130=VECTOR('',#14062,1000.);
#4131=VECTOR('',#14065,1000.);
#4132=VECTOR('',#14066,1000.);
#4133=VECTOR('',#14071,1000.);
#4134=VECTOR('',#14074,1000.);
#4135=VECTOR('',#14075,1000.);
#4136=VECTOR('',#14076,1000.);
#4137=VECTOR('',#14077,1000.);
#4138=VECTOR('',#14078,1000.);
#4139=VECTOR('',#14083,1000.);
#4140=VECTOR('',#14084,1000.);
#4141=VECTOR('',#14085,1000.);
#4142=VECTOR('',#14088,1000.);
#4143=VECTOR('',#14091,1000.);
#4144=VECTOR('',#14092,1000.);
#4145=VECTOR('',#14095,1000.);
#4146=VECTOR('',#14096,1000.);
#4147=VECTOR('',#14097,1000.);
#4148=VECTOR('',#14098,1000.);
#4149=VECTOR('',#14101,1000.);
#4150=VECTOR('',#14102,1000.);
#4151=VECTOR('',#14105,1000.);
#4152=VECTOR('',#14108,1000.);
#4153=VECTOR('',#14111,1000.);
#4154=VECTOR('',#14112,1000.);
#4155=VECTOR('',#14115,10.);
#4156=VECTOR('',#14116,10.);
#4157=VECTOR('',#14119,1000.);
#4158=VECTOR('',#14120,1000.);
#4159=VECTOR('',#14123,10.);
#4160=VECTOR('',#14124,1000.);
#4161=VECTOR('',#14127,1000.);
#4162=VECTOR('',#14130,1000.);
#4163=VECTOR('',#14131,1000.);
#4164=VECTOR('',#14132,1000.);
#4165=VECTOR('',#14133,1000.);
#4166=VECTOR('',#14134,1000.);
#4167=VECTOR('',#14137,1000.);
#4168=VECTOR('',#14140,1000.);
#4169=VECTOR('',#14141,1000.);
#4170=VECTOR('',#14146,1000.);
#4171=VECTOR('',#14151,1000.);
#4172=VECTOR('',#14156,1000.);
#4173=VECTOR('',#14157,1000.);
#4174=VECTOR('',#14160,1000.);
#4175=VECTOR('',#14161,1000.);
#4176=VECTOR('',#14162,1000.);
#4177=VECTOR('',#14167,1000.);
#4178=VECTOR('',#14170,1000.);
#4179=VECTOR('',#14171,1000.);
#4180=VECTOR('',#14174,1000.);
#4181=VECTOR('',#14179,1000.);
#4182=VECTOR('',#14184,1000.);
#4183=VECTOR('',#14185,1000.);
#4184=VECTOR('',#14186,1000.);
#4185=VECTOR('',#14189,1000.);
#4186=VECTOR('',#14190,1000.);
#4187=VECTOR('',#14193,1000.);
#4188=VECTOR('',#14194,1000.);
#4189=VECTOR('',#14197,1000.);
#4190=VECTOR('',#14198,1000.);
#4191=VECTOR('',#14201,10.);
#4192=VECTOR('',#14206,1000.);
#4193=VECTOR('',#14207,1000.);
#4194=VECTOR('',#14210,1000.);
#4195=VECTOR('',#14211,1000.);
#4196=VECTOR('',#14214,1000.);
#4197=VECTOR('',#14215,1000.);
#4198=VECTOR('',#14218,1000.);
#4199=VECTOR('',#14219,1000.);
#4200=VECTOR('',#14222,1000.);
#4201=VECTOR('',#14223,1000.);
#4202=VECTOR('',#14226,1000.);
#4203=VECTOR('',#14229,1000.);
#4204=VECTOR('',#14230,1000.);
#4205=VECTOR('',#14231,1000.);
#4206=VECTOR('',#14232,1000.);
#4207=VECTOR('',#14233,1000.);
#4208=VECTOR('',#14236,1000.);
#4209=VECTOR('',#14237,1000.);
#4210=VECTOR('',#14240,1000.);
#4211=VECTOR('',#14243,1000.);
#4212=VECTOR('',#14244,1000.);
#4213=VECTOR('',#14245,1000.);
#4214=VECTOR('',#14252,1000.);
#4215=VECTOR('',#14255,1000.);
#4216=VECTOR('',#14256,1000.);
#4217=VECTOR('',#14261,1000.);
#4218=VECTOR('',#14264,1000.);
#4219=VECTOR('',#14265,1000.);
#4220=VECTOR('',#14268,1000.);
#4221=VECTOR('',#14269,1000.);
#4222=VECTOR('',#14272,1000.);
#4223=VECTOR('',#14273,1000.);
#4224=VECTOR('',#14276,1000.);
#4225=VECTOR('',#14279,1000.);
#4226=VECTOR('',#14280,1000.);
#4227=VECTOR('',#14283,1000.);
#4228=VECTOR('',#14284,1000.);
#4229=VECTOR('',#14287,1000.);
#4230=VECTOR('',#14294,1000.);
#4231=VECTOR('',#14295,1000.);
#4232=VECTOR('',#14298,1000.);
#4233=VECTOR('',#14303,1000.);
#4234=VECTOR('',#14310,1000.);
#4235=VECTOR('',#14311,1000.);
#4236=VECTOR('',#14314,1000.);
#4237=VECTOR('',#14315,1000.);
#4238=VECTOR('',#14318,1000.);
#4239=VECTOR('',#14321,1000.);
#4240=VECTOR('',#14322,1000.);
#4241=VECTOR('',#14325,1000.);
#4242=VECTOR('',#14326,1000.);
#4243=VECTOR('',#14329,1000.);
#4244=VECTOR('',#14330,1000.);
#4245=VECTOR('',#14333,1000.);
#4246=VECTOR('',#14334,1000.);
#4247=VECTOR('',#14337,1000.);
#4248=VECTOR('',#14342,1000.);
#4249=VERTEX_POINT('',#14355);
#4250=VERTEX_POINT('',#14356);
#4251=VERTEX_POINT('',#14358);
#4252=VERTEX_POINT('',#14360);
#4253=VERTEX_POINT('',#14362);
#4254=VERTEX_POINT('',#14364);
#4255=VERTEX_POINT('',#14366);
#4256=VERTEX_POINT('',#14370);
#4257=VERTEX_POINT('',#14372);
#4258=VERTEX_POINT('',#14376);
#4259=VERTEX_POINT('',#14380);
#4260=VERTEX_POINT('',#14382);
#4261=VERTEX_POINT('',#14384);
#4262=VERTEX_POINT('',#14386);
#4263=VERTEX_POINT('',#14388);
#4264=VERTEX_POINT('',#14390);
#4265=VERTEX_POINT('',#14392);
#4266=VERTEX_POINT('',#14394);
#4267=VERTEX_POINT('',#14396);
#4268=VERTEX_POINT('',#14400);
#4269=VERTEX_POINT('',#14404);
#4270=VERTEX_POINT('',#14406);
#4271=VERTEX_POINT('',#14408);
#4272=VERTEX_POINT('',#14410);
#4273=VERTEX_POINT('',#14412);
#4274=VERTEX_POINT('',#14416);
#4275=VERTEX_POINT('',#14424);
#4276=VERTEX_POINT('',#14426);
#4277=VERTEX_POINT('',#14428);
#4278=VERTEX_POINT('',#14434);
#4279=VERTEX_POINT('',#14438);
#4280=VERTEX_POINT('',#14442);
#4281=VERTEX_POINT('',#14444);
#4282=VERTEX_POINT('',#14446);
#4283=VERTEX_POINT('',#14448);
#4284=VERTEX_POINT('',#14450);
#4285=VERTEX_POINT('',#14458);
#4286=VERTEX_POINT('',#14460);
#4287=VERTEX_POINT('',#14462);
#4288=VERTEX_POINT('',#14464);
#4289=VERTEX_POINT('',#14466);
#4290=VERTEX_POINT('',#14468);
#4291=VERTEX_POINT('',#14470);
#4292=VERTEX_POINT('',#14472);
#4293=VERTEX_POINT('',#14474);
#4294=VERTEX_POINT('',#14476);
#4295=VERTEX_POINT('',#14478);
#4296=VERTEX_POINT('',#14480);
#4297=VERTEX_POINT('',#14482);
#4298=VERTEX_POINT('',#14488);
#4299=VERTEX_POINT('',#14490);
#4300=VERTEX_POINT('',#14496);
#4301=VERTEX_POINT('',#14500);
#4302=VERTEX_POINT('',#14504);
#4303=VERTEX_POINT('',#14508);
#4304=VERTEX_POINT('',#14512);
#4305=VERTEX_POINT('',#14516);
#4306=VERTEX_POINT('',#14520);
#4307=VERTEX_POINT('',#14524);
#4308=VERTEX_POINT('',#14528);
#4309=VERTEX_POINT('',#14532);
#4310=VERTEX_POINT('',#14536);
#4311=VERTEX_POINT('',#14544);
#4312=VERTEX_POINT('',#14545);
#4313=VERTEX_POINT('',#14547);
#4314=VERTEX_POINT('',#14549);
#4315=VERTEX_POINT('',#14553);
#4316=VERTEX_POINT('',#14555);
#4317=VERTEX_POINT('',#14559);
#4318=VERTEX_POINT('',#14561);
#4319=VERTEX_POINT('',#14563);
#4320=VERTEX_POINT('',#14567);
#4321=VERTEX_POINT('',#14571);
#4322=VERTEX_POINT('',#14573);
#4323=VERTEX_POINT('',#14582);
#4324=VERTEX_POINT('',#14583);
#4325=VERTEX_POINT('',#14585);
#4326=VERTEX_POINT('',#14587);
#4327=VERTEX_POINT('',#14591);
#4328=VERTEX_POINT('',#14593);
#4329=VERTEX_POINT('',#14597);
#4330=VERTEX_POINT('',#14599);
#4331=VERTEX_POINT('',#14601);
#4332=VERTEX_POINT('',#14605);
#4333=VERTEX_POINT('',#14609);
#4334=VERTEX_POINT('',#14611);
#4335=VERTEX_POINT('',#14620);
#4336=VERTEX_POINT('',#14621);
#4337=VERTEX_POINT('',#14623);
#4338=VERTEX_POINT('',#14625);
#4339=VERTEX_POINT('',#14630);
#4340=VERTEX_POINT('',#14631);
#4341=VERTEX_POINT('',#14633);
#4342=VERTEX_POINT('',#14635);
#4343=VERTEX_POINT('',#14640);
#4344=VERTEX_POINT('',#14641);
#4345=VERTEX_POINT('',#14643);
#4346=VERTEX_POINT('',#14645);
#4347=VERTEX_POINT('',#14650);
#4348=VERTEX_POINT('',#14651);
#4349=VERTEX_POINT('',#14656);
#4350=VERTEX_POINT('',#14657);
#4351=VERTEX_POINT('',#14659);
#4352=VERTEX_POINT('',#14661);
#4353=VERTEX_POINT('',#14666);
#4354=VERTEX_POINT('',#14670);
#4355=VERTEX_POINT('',#14674);
#4356=VERTEX_POINT('',#14675);
#4357=VERTEX_POINT('',#14677);
#4358=VERTEX_POINT('',#14681);
#4359=VERTEX_POINT('',#14682);
#4360=VERTEX_POINT('',#14684);
#4361=VERTEX_POINT('',#14689);
#4362=VERTEX_POINT('',#14691);
#4363=VERTEX_POINT('',#14695);
#4364=VERTEX_POINT('',#14697);
#4365=VERTEX_POINT('',#14701);
#4366=VERTEX_POINT('',#14703);
#4367=VERTEX_POINT('',#14707);
#4368=VERTEX_POINT('',#14708);
#4369=VERTEX_POINT('',#14710);
#4370=VERTEX_POINT('',#14712);
#4371=VERTEX_POINT('',#14716);
#4372=VERTEX_POINT('',#14717);
#4373=VERTEX_POINT('',#14722);
#4374=VERTEX_POINT('',#14724);
#4375=VERTEX_POINT('',#14728);
#4376=VERTEX_POINT('',#14729);
#4377=VERTEX_POINT('',#14734);
#4378=VERTEX_POINT('',#14736);
#4379=VERTEX_POINT('',#14740);
#4380=VERTEX_POINT('',#14741);
#4381=VERTEX_POINT('',#14743);
#4382=VERTEX_POINT('',#14745);
#4383=VERTEX_POINT('',#14749);
#4384=VERTEX_POINT('',#14750);
#4385=VERTEX_POINT('',#14755);
#4386=VERTEX_POINT('',#14757);
#4387=VERTEX_POINT('',#14761);
#4388=VERTEX_POINT('',#14762);
#4389=VERTEX_POINT('',#14767);
#4390=VERTEX_POINT('',#14769);
#4391=VERTEX_POINT('',#14775);
#4392=VERTEX_POINT('',#14776);
#4393=VERTEX_POINT('',#14779);
#4394=VERTEX_POINT('',#14785);
#4395=VERTEX_POINT('',#14786);
#4396=VERTEX_POINT('',#14789);
#4397=VERTEX_POINT('',#14797);
#4398=VERTEX_POINT('',#14798);
#4399=VERTEX_POINT('',#14801);
#4400=VERTEX_POINT('',#14805);
#4401=VERTEX_POINT('',#14806);
#4402=VERTEX_POINT('',#14809);
#4403=VERTEX_POINT('',#14813);
#4404=VERTEX_POINT('',#14814);
#4405=VERTEX_POINT('',#14816);
#4406=VERTEX_POINT('',#14818);
#4407=VERTEX_POINT('',#14820);
#4408=VERTEX_POINT('',#14822);
#4409=VERTEX_POINT('',#14826);
#4410=VERTEX_POINT('',#14827);
#4411=VERTEX_POINT('',#14829);
#4412=VERTEX_POINT('',#14831);
#4413=VERTEX_POINT('',#14833);
#4414=VERTEX_POINT('',#14835);
#4415=VERTEX_POINT('',#14839);
#4416=VERTEX_POINT('',#14841);
#4417=VERTEX_POINT('',#14845);
#4418=VERTEX_POINT('',#14847);
#4419=VERTEX_POINT('',#14851);
#4420=VERTEX_POINT('',#14853);
#4421=VERTEX_POINT('',#14857);
#4422=VERTEX_POINT('',#14859);
#4423=VERTEX_POINT('',#14871);
#4424=VERTEX_POINT('',#14872);
#4425=VERTEX_POINT('',#14874);
#4426=VERTEX_POINT('',#14876);
#4427=VERTEX_POINT('',#14879);
#4428=VERTEX_POINT('',#14881);
#4429=VERTEX_POINT('',#14883);
#4430=VERTEX_POINT('',#14885);
#4431=VERTEX_POINT('',#14887);
#4432=VERTEX_POINT('',#14889);
#4433=VERTEX_POINT('',#14891);
#4434=VERTEX_POINT('',#14893);
#4435=VERTEX_POINT('',#14897);
#4436=VERTEX_POINT('',#14898);
#4437=VERTEX_POINT('',#14900);
#4438=VERTEX_POINT('',#14902);
#4439=VERTEX_POINT('',#14904);
#4440=VERTEX_POINT('',#14906);
#4441=VERTEX_POINT('',#14908);
#4442=VERTEX_POINT('',#14910);
#4443=VERTEX_POINT('',#14912);
#4444=VERTEX_POINT('',#14915);
#4445=VERTEX_POINT('',#14917);
#4446=VERTEX_POINT('',#14919);
#4447=VERTEX_POINT('',#14924);
#4448=VERTEX_POINT('',#14926);
#4449=VERTEX_POINT('',#14930);
#4450=VERTEX_POINT('',#14932);
#4451=VERTEX_POINT('',#14936);
#4452=VERTEX_POINT('',#14937);
#4453=VERTEX_POINT('',#14939);
#4454=VERTEX_POINT('',#14941);
#4455=VERTEX_POINT('',#14945);
#4456=VERTEX_POINT('',#14946);
#4457=VERTEX_POINT('',#14951);
#4458=VERTEX_POINT('',#14953);
#4459=VERTEX_POINT('',#14955);
#4460=VERTEX_POINT('',#14959);
#4461=VERTEX_POINT('',#14960);
#4462=VERTEX_POINT('',#14962);
#4463=VERTEX_POINT('',#14964);
#4464=VERTEX_POINT('',#14968);
#4465=VERTEX_POINT('',#14969);
#4466=VERTEX_POINT('',#14974);
#4467=VERTEX_POINT('',#14976);
#4468=VERTEX_POINT('',#14980);
#4469=VERTEX_POINT('',#14981);
#4470=VERTEX_POINT('',#14983);
#4471=VERTEX_POINT('',#14985);
#4472=VERTEX_POINT('',#14989);
#4473=VERTEX_POINT('',#14991);
#4474=VERTEX_POINT('',#14995);
#4475=VERTEX_POINT('',#14996);
#4476=VERTEX_POINT('',#14998);
#4477=VERTEX_POINT('',#15000);
#4478=VERTEX_POINT('',#15002);
#4479=VERTEX_POINT('',#15006);
#4480=VERTEX_POINT('',#15007);
#4481=VERTEX_POINT('',#15012);
#4482=VERTEX_POINT('',#15013);
#4483=VERTEX_POINT('',#15018);
#4484=VERTEX_POINT('',#15019);
#4485=VERTEX_POINT('',#15035);
#4486=VERTEX_POINT('',#15036);
#4487=VERTEX_POINT('',#15041);
#4488=VERTEX_POINT('',#15056);
#4489=VERTEX_POINT('',#15071);
#4490=VERTEX_POINT('',#15075);
#4491=VERTEX_POINT('',#15090);
#4492=VERTEX_POINT('',#15105);
#4493=VERTEX_POINT('',#15109);
#4494=VERTEX_POINT('',#15124);
#4495=VERTEX_POINT('',#15139);
#4496=VERTEX_POINT('',#15143);
#4497=VERTEX_POINT('',#15160);
#4498=VERTEX_POINT('',#15162);
#4499=VERTEX_POINT('',#15166);
#4500=VERTEX_POINT('',#15168);
#4501=VERTEX_POINT('',#15174);
#4502=VERTEX_POINT('',#15176);
#4503=VERTEX_POINT('',#15180);
#4504=VERTEX_POINT('',#15181);
#4505=VERTEX_POINT('',#15186);
#4506=VERTEX_POINT('',#15187);
#4507=VERTEX_POINT('',#15192);
#4508=VERTEX_POINT('',#15194);
#4509=VERTEX_POINT('',#15205);
#4510=VERTEX_POINT('',#15206);
#4511=VERTEX_POINT('',#15221);
#4512=VERTEX_POINT('',#15222);
#4513=VERTEX_POINT('',#15224);
#4514=VERTEX_POINT('',#15226);
#4515=VERTEX_POINT('',#15228);
#4516=VERTEX_POINT('',#15232);
#4517=VERTEX_POINT('',#15234);
#4518=VERTEX_POINT('',#15236);
#4519=VERTEX_POINT('',#15238);
#4520=VERTEX_POINT('',#15242);
#4521=VERTEX_POINT('',#15244);
#4522=VERTEX_POINT('',#15248);
#4523=VERTEX_POINT('',#15249);
#4524=VERTEX_POINT('',#15251);
#4525=VERTEX_POINT('',#15256);
#4526=VERTEX_POINT('',#15261);
#4527=VERTEX_POINT('',#15266);
#4528=VERTEX_POINT('',#15268);
#4529=VERTEX_POINT('',#15272);
#4530=VERTEX_POINT('',#15274);
#4531=VERTEX_POINT('',#15278);
#4532=VERTEX_POINT('',#15279);
#4533=VERTEX_POINT('',#15282);
#4534=VERTEX_POINT('',#15284);
#4535=VERTEX_POINT('',#15289);
#4536=VERTEX_POINT('',#15290);
#4537=VERTEX_POINT('',#15293);
#4538=VERTEX_POINT('',#15297);
#4539=VERTEX_POINT('',#15301);
#4540=VERTEX_POINT('',#15303);
#4541=VERTEX_POINT('',#15305);
#4542=VERTEX_POINT('',#15309);
#4543=VERTEX_POINT('',#15310);
#4544=VERTEX_POINT('',#15312);
#4545=VERTEX_POINT('',#15317);
#4546=VERTEX_POINT('',#15319);
#4547=VERTEX_POINT('',#15323);
#4548=VERTEX_POINT('',#15325);
#4549=VERTEX_POINT('',#15329);
#4550=VERTEX_POINT('',#15330);
#4551=VERTEX_POINT('',#15335);
#4552=VERTEX_POINT('',#15337);
#4553=VERTEX_POINT('',#15341);
#4554=VERTEX_POINT('',#15342);
#4555=VERTEX_POINT('',#15344);
#4556=VERTEX_POINT('',#15349);
#4557=VERTEX_POINT('',#15360);
#4558=VERTEX_POINT('',#15367);
#4559=VERTEX_POINT('',#15377);
#4560=VERTEX_POINT('',#15379);
#4561=VERTEX_POINT('',#15383);
#4562=VERTEX_POINT('',#15384);
#4563=VERTEX_POINT('',#15386);
#4564=VERTEX_POINT('',#15388);
#4565=VERTEX_POINT('',#15390);
#4566=VERTEX_POINT('',#15392);
#4567=VERTEX_POINT('',#15394);
#4568=VERTEX_POINT('',#15396);
#4569=VERTEX_POINT('',#15400);
#4570=VERTEX_POINT('',#15401);
#4571=VERTEX_POINT('',#15404);
#4572=VERTEX_POINT('',#15406);
#4573=VERTEX_POINT('',#15410);
#4574=VERTEX_POINT('',#15411);
#4575=VERTEX_POINT('',#15414);
#4576=VERTEX_POINT('',#15416);
#4577=VERTEX_POINT('',#15420);
#4578=VERTEX_POINT('',#15422);
#4579=VERTEX_POINT('',#15426);
#4580=VERTEX_POINT('',#15430);
#4581=VERTEX_POINT('',#15431);
#4582=VERTEX_POINT('',#15433);
#4583=VERTEX_POINT('',#15435);
#4584=VERTEX_POINT('',#15439);
#4585=VERTEX_POINT('',#15440);
#4586=VERTEX_POINT('',#15442);
#4587=VERTEX_POINT('',#15444);
#4588=VERTEX_POINT('',#15448);
#4589=VERTEX_POINT('',#15449);
#4590=VERTEX_POINT('',#15454);
#4591=VERTEX_POINT('',#15456);
#4592=VERTEX_POINT('',#15460);
#4593=VERTEX_POINT('',#15461);
#4594=VERTEX_POINT('',#15466);
#4595=VERTEX_POINT('',#15467);
#4596=VERTEX_POINT('',#15472);
#4597=VERTEX_POINT('',#15477);
#4598=VERTEX_POINT('',#15481);
#4599=VERTEX_POINT('',#15482);
#4600=VERTEX_POINT('',#15490);
#4601=VERTEX_POINT('',#15494);
#4602=VERTEX_POINT('',#15495);
#4603=VERTEX_POINT('',#15500);
#4604=VERTEX_POINT('',#15501);
#4605=VERTEX_POINT('',#15506);
#4606=VERTEX_POINT('',#15507);
#4607=VERTEX_POINT('',#15512);
#4608=VERTEX_POINT('',#15513);
#4609=VERTEX_POINT('',#15518);
#4610=VERTEX_POINT('',#15519);
#4611=VERTEX_POINT('',#15524);
#4612=VERTEX_POINT('',#15526);
#4613=VERTEX_POINT('',#15533);
#4614=VERTEX_POINT('',#15535);
#4615=VERTEX_POINT('',#15539);
#4616=VERTEX_POINT('',#15543);
#4617=VERTEX_POINT('',#15547);
#4618=VERTEX_POINT('',#15551);
#4619=VERTEX_POINT('',#15558);
#4620=VERTEX_POINT('',#15560);
#4621=VERTEX_POINT('',#15564);
#4622=VERTEX_POINT('',#15568);
#4623=VERTEX_POINT('',#15572);
#4624=VERTEX_POINT('',#15576);
#4625=VERTEX_POINT('',#15580);
#4626=VERTEX_POINT('',#15581);
#4627=VERTEX_POINT('',#15593);
#4628=VERTEX_POINT('',#15597);
#4629=VERTEX_POINT('',#15599);
#4630=VERTEX_POINT('',#15603);
#4631=VERTEX_POINT('',#15604);
#4632=VERTEX_POINT('',#15606);
#4633=VERTEX_POINT('',#15608);
#4634=VERTEX_POINT('',#15612);
#4635=VERTEX_POINT('',#15613);
#4636=VERTEX_POINT('',#15618);
#4637=VERTEX_POINT('',#15619);
#4638=VERTEX_POINT('',#15624);
#4639=VERTEX_POINT('',#15625);
#4640=VERTEX_POINT('',#15630);
#4641=VERTEX_POINT('',#15631);
#4642=VERTEX_POINT('',#15636);
#4643=VERTEX_POINT('',#15643);
#4644=VERTEX_POINT('',#15645);
#4645=VERTEX_POINT('',#15649);
#4646=VERTEX_POINT('',#15654);
#4647=VERTEX_POINT('',#15658);
#4648=VERTEX_POINT('',#15660);
#4649=VERTEX_POINT('',#15664);
#4650=VERTEX_POINT('',#15665);
#4651=VERTEX_POINT('',#15670);
#4652=VERTEX_POINT('',#15671);
#4653=VERTEX_POINT('',#15676);
#4654=VERTEX_POINT('',#15678);
#4655=VERTEX_POINT('',#15682);
#4656=VERTEX_POINT('',#15683);
#4657=VERTEX_POINT('',#15688);
#4658=VERTEX_POINT('',#15690);
#4659=VERTEX_POINT('',#15694);
#4660=VERTEX_POINT('',#15695);
#4661=VERTEX_POINT('',#15697);
#4662=VERTEX_POINT('',#15699);
#4663=VERTEX_POINT('',#15706);
#4664=VERTEX_POINT('',#15708);
#4665=VERTEX_POINT('',#15712);
#4666=VERTEX_POINT('',#15716);
#4667=VERTEX_POINT('',#15720);
#4668=VERTEX_POINT('',#15724);
#4669=VERTEX_POINT('',#15728);
#4670=VERTEX_POINT('',#15732);
#4671=VERTEX_POINT('',#15738);
#4672=VERTEX_POINT('',#15740);
#4673=VERTEX_POINT('',#15744);
#4674=VERTEX_POINT('',#15746);
#4675=VERTEX_POINT('',#15750);
#4676=VERTEX_POINT('',#15754);
#4677=VERTEX_POINT('',#15758);
#4678=VERTEX_POINT('',#15762);
#4679=VERTEX_POINT('',#15771);
#4680=VERTEX_POINT('',#15772);
#4681=VERTEX_POINT('',#15774);
#4682=VERTEX_POINT('',#15776);
#4683=VERTEX_POINT('',#15780);
#4684=VERTEX_POINT('',#15785);
#4685=VERTEX_POINT('',#15789);
#4686=VERTEX_POINT('',#15791);
#4687=VERTEX_POINT('',#15797);
#4688=VERTEX_POINT('',#15798);
#4689=VERTEX_POINT('',#15800);
#4690=VERTEX_POINT('',#15802);
#4691=VERTEX_POINT('',#15806);
#4692=VERTEX_POINT('',#15807);
#4693=VERTEX_POINT('',#15812);
#4694=VERTEX_POINT('',#15813);
#4695=VERTEX_POINT('',#15818);
#4696=VERTEX_POINT('',#15820);
#4697=VERTEX_POINT('',#15824);
#4698=VERTEX_POINT('',#15825);
#4699=VERTEX_POINT('',#15827);
#4700=VERTEX_POINT('',#15829);
#4701=VERTEX_POINT('',#15833);
#4702=VERTEX_POINT('',#15834);
#4703=VERTEX_POINT('',#15839);
#4704=VERTEX_POINT('',#15840);
#4705=VERTEX_POINT('',#15845);
#4706=VERTEX_POINT('',#15846);
#4707=VERTEX_POINT('',#15851);
#4708=VERTEX_POINT('',#15852);
#4709=VERTEX_POINT('',#15854);
#4710=VERTEX_POINT('',#15856);
#4711=VERTEX_POINT('',#15858);
#4712=VERTEX_POINT('',#15860);
#4713=VERTEX_POINT('',#15862);
#4714=VERTEX_POINT('',#15867);
#4715=VERTEX_POINT('',#15869);
#4716=VERTEX_POINT('',#15871);
#4717=VERTEX_POINT('',#15873);
#4718=VERTEX_POINT('',#15877);
#4719=VERTEX_POINT('',#15878);
#4720=VERTEX_POINT('',#15880);
#4721=VERTEX_POINT('',#15882);
#4722=VERTEX_POINT('',#15884);
#4723=VERTEX_POINT('',#15886);
#4724=VERTEX_POINT('',#15888);
#4725=VERTEX_POINT('',#15890);
#4726=VERTEX_POINT('',#15893);
#4727=VERTEX_POINT('',#15895);
#4728=VERTEX_POINT('',#15899);
#4729=VERTEX_POINT('',#15901);
#4730=VERTEX_POINT('',#15905);
#4731=VERTEX_POINT('',#15907);
#4732=VERTEX_POINT('',#15911);
#4733=VERTEX_POINT('',#15913);
#4734=VERTEX_POINT('',#15917);
#4735=VERTEX_POINT('',#15919);
#4736=VERTEX_POINT('',#15923);
#4737=VERTEX_POINT('',#15925);
#4738=VERTEX_POINT('',#15927);
#4739=VERTEX_POINT('',#15929);
#4740=VERTEX_POINT('',#15931);
#4741=VERTEX_POINT('',#15933);
#4742=VERTEX_POINT('',#15935);
#4743=VERTEX_POINT('',#15937);
#4744=VERTEX_POINT('',#15939);
#4745=VERTEX_POINT('',#15941);
#4746=VERTEX_POINT('',#15943);
#4747=VERTEX_POINT('',#15946);
#4748=VERTEX_POINT('',#15948);
#4749=VERTEX_POINT('',#15950);
#4750=VERTEX_POINT('',#15952);
#4751=VERTEX_POINT('',#15954);
#4752=VERTEX_POINT('',#15956);
#4753=VERTEX_POINT('',#15958);
#4754=VERTEX_POINT('',#15960);
#4755=VERTEX_POINT('',#15962);
#4756=VERTEX_POINT('',#15964);
#4757=VERTEX_POINT('',#15967);
#4758=VERTEX_POINT('',#15969);
#4759=VERTEX_POINT('',#15971);
#4760=VERTEX_POINT('',#15973);
#4761=VERTEX_POINT('',#15975);
#4762=VERTEX_POINT('',#15977);
#4763=VERTEX_POINT('',#15979);
#4764=VERTEX_POINT('',#15981);
#4765=VERTEX_POINT('',#15983);
#4766=VERTEX_POINT('',#15985);
#4767=VERTEX_POINT('',#15987);
#4768=VERTEX_POINT('',#15989);
#4769=VERTEX_POINT('',#15991);
#4770=VERTEX_POINT('',#15993);
#4771=VERTEX_POINT('',#15995);
#4772=VERTEX_POINT('',#15997);
#4773=VERTEX_POINT('',#15999);
#4774=VERTEX_POINT('',#16001);
#4775=VERTEX_POINT('',#16003);
#4776=VERTEX_POINT('',#16006);
#4777=VERTEX_POINT('',#16008);
#4778=VERTEX_POINT('',#16010);
#4779=VERTEX_POINT('',#16012);
#4780=VERTEX_POINT('',#16014);
#4781=VERTEX_POINT('',#16016);
#4782=VERTEX_POINT('',#16018);
#4783=VERTEX_POINT('',#16020);
#4784=VERTEX_POINT('',#16022);
#4785=VERTEX_POINT('',#16024);
#4786=VERTEX_POINT('',#16026);
#4787=VERTEX_POINT('',#16028);
#4788=VERTEX_POINT('',#16030);
#4789=VERTEX_POINT('',#16032);
#4790=VERTEX_POINT('',#16034);
#4791=VERTEX_POINT('',#16036);
#4792=VERTEX_POINT('',#16038);
#4793=VERTEX_POINT('',#16040);
#4794=VERTEX_POINT('',#16045);
#4795=VERTEX_POINT('',#16046);
#4796=VERTEX_POINT('',#16048);
#4797=VERTEX_POINT('',#16050);
#4798=VERTEX_POINT('',#16054);
#4799=VERTEX_POINT('',#16055);
#4800=VERTEX_POINT('',#16060);
#4801=VERTEX_POINT('',#16061);
#4802=VERTEX_POINT('',#16066);
#4803=VERTEX_POINT('',#16068);
#4804=VERTEX_POINT('',#16072);
#4805=VERTEX_POINT('',#16073);
#4806=VERTEX_POINT('',#16075);
#4807=VERTEX_POINT('',#16077);
#4808=VERTEX_POINT('',#16081);
#4809=VERTEX_POINT('',#16082);
#4810=VERTEX_POINT('',#16087);
#4811=VERTEX_POINT('',#16088);
#4812=VERTEX_POINT('',#16093);
#4813=VERTEX_POINT('',#16094);
#4814=VERTEX_POINT('',#16101);
#4815=VERTEX_POINT('',#16103);
#4816=VERTEX_POINT('',#16105);
#4817=VERTEX_POINT('',#16107);
#4818=VERTEX_POINT('',#16109);
#4819=VERTEX_POINT('',#16111);
#4820=VERTEX_POINT('',#16113);
#4821=VERTEX_POINT('',#16115);
#4822=VERTEX_POINT('',#16117);
#4823=VERTEX_POINT('',#16119);
#4824=VERTEX_POINT('',#16123);
#4825=VERTEX_POINT('',#16124);
#4826=VERTEX_POINT('',#16129);
#4827=VERTEX_POINT('',#16130);
#4828=VERTEX_POINT('',#16135);
#4829=VERTEX_POINT('',#16139);
#4830=VERTEX_POINT('',#16143);
#4831=VERTEX_POINT('',#16147);
#4832=VERTEX_POINT('',#16151);
#4833=VERTEX_POINT('',#16155);
#4834=VERTEX_POINT('',#16159);
#4835=VERTEX_POINT('',#16163);
#4836=VERTEX_POINT('',#16167);
#4837=VERTEX_POINT('',#16171);
#4838=VERTEX_POINT('',#16175);
#4839=VERTEX_POINT('',#16179);
#4840=VERTEX_POINT('',#16183);
#4841=VERTEX_POINT('',#16187);
#4842=VERTEX_POINT('',#16191);
#4843=VERTEX_POINT('',#16193);
#4844=VERTEX_POINT('',#16199);
#4845=VERTEX_POINT('',#16201);
#4846=VERTEX_POINT('',#16203);
#4847=VERTEX_POINT('',#16206);
#4848=VERTEX_POINT('',#16210);
#4849=VERTEX_POINT('',#16211);
#4850=VERTEX_POINT('',#16214);
#4851=VERTEX_POINT('',#16216);
#4852=VERTEX_POINT('',#16218);
#4853=VERTEX_POINT('',#16220);
#4854=VERTEX_POINT('',#16222);
#4855=VERTEX_POINT('',#16226);
#4856=VERTEX_POINT('',#16227);
#4857=VERTEX_POINT('',#16229);
#4858=VERTEX_POINT('',#16231);
#4859=VERTEX_POINT('',#16233);
#4860=VERTEX_POINT('',#16235);
#4861=VERTEX_POINT('',#16238);
#4862=VERTEX_POINT('',#16242);
#4863=VERTEX_POINT('',#16246);
#4864=VERTEX_POINT('',#16250);
#4865=VERTEX_POINT('',#16254);
#4866=VERTEX_POINT('',#16261);
#4867=VERTEX_POINT('',#16265);
#4868=VERTEX_POINT('',#16269);
#4869=VERTEX_POINT('',#16273);
#4870=VERTEX_POINT('',#16279);
#4871=VERTEX_POINT('',#16281);
#4872=VERTEX_POINT('',#16285);
#4873=VERTEX_POINT('',#16287);
#4874=VERTEX_POINT('',#16291);
#4875=VERTEX_POINT('',#16293);
#4876=VERTEX_POINT('',#16299);
#4877=VERTEX_POINT('',#16301);
#4878=VERTEX_POINT('',#16305);
#4879=VERTEX_POINT('',#16307);
#4880=VERTEX_POINT('',#16311);
#4881=VERTEX_POINT('',#16313);
#4882=VERTEX_POINT('',#16319);
#4883=VERTEX_POINT('',#16320);
#4884=VERTEX_POINT('',#16322);
#4885=VERTEX_POINT('',#16324);
#4886=VERTEX_POINT('',#16328);
#4887=VERTEX_POINT('',#16333);
#4888=VERTEX_POINT('',#16337);
#4889=VERTEX_POINT('',#16341);
#4890=VERTEX_POINT('',#16342);
#4891=VERTEX_POINT('',#16347);
#4892=VERTEX_POINT('',#16349);
#4893=VERTEX_POINT('',#16353);
#4894=VERTEX_POINT('',#16357);
#4895=VERTEX_POINT('',#16361);
#4896=VERTEX_POINT('',#16365);
#4897=VERTEX_POINT('',#16369);
#4898=VERTEX_POINT('',#16373);
#4899=VERTEX_POINT('',#16377);
#4900=VERTEX_POINT('',#16381);
#4901=VERTEX_POINT('',#16385);
#4902=VERTEX_POINT('',#16389);
#4903=VERTEX_POINT('',#16393);
#4904=VERTEX_POINT('',#16397);
#4905=VERTEX_POINT('',#16401);
#4906=VERTEX_POINT('',#16405);
#4907=VERTEX_POINT('',#16412);
#4908=VERTEX_POINT('',#16414);
#4909=VERTEX_POINT('',#16420);
#4910=VERTEX_POINT('',#16422);
#4911=VERTEX_POINT('',#16424);
#4912=VERTEX_POINT('',#16427);
#4913=VERTEX_POINT('',#16431);
#4914=VERTEX_POINT('',#16433);
#4915=VERTEX_POINT('',#16437);
#4916=VERTEX_POINT('',#16439);
#4917=VERTEX_POINT('',#16443);
#4918=VERTEX_POINT('',#16444);
#4919=VERTEX_POINT('',#16446);
#4920=VERTEX_POINT('',#16451);
#4921=VERTEX_POINT('',#16455);
#4922=VERTEX_POINT('',#16459);
#4923=VERTEX_POINT('',#16461);
#4924=VERTEX_POINT('',#16465);
#4925=VERTEX_POINT('',#16469);
#4926=VERTEX_POINT('',#16471);
#4927=VERTEX_POINT('',#16475);
#4928=VERTEX_POINT('',#16476);
#4929=VERTEX_POINT('',#16483);
#4930=VERTEX_POINT('',#16485);
#4931=VERTEX_POINT('',#16491);
#4932=VERTEX_POINT('',#16495);
#4933=VERTEX_POINT('',#16499);
#4934=VERTEX_POINT('',#16501);
#4935=VERTEX_POINT('',#16505);
#4936=VERTEX_POINT('',#16509);
#4937=VERTEX_POINT('',#16515);
#4938=VERTEX_POINT('',#16517);
#4939=VERTEX_POINT('',#16521);
#4940=VERTEX_POINT('',#16523);
#4941=VERTEX_POINT('',#16527);
#4942=VERTEX_POINT('',#16528);
#4943=VERTEX_POINT('',#16530);
#4944=VERTEX_POINT('',#16535);
#4945=VERTEX_POINT('',#16539);
#4946=VERTEX_POINT('',#16540);
#4947=VERTEX_POINT('',#16545);
#4948=VERTEX_POINT('',#16546);
#4949=VERTEX_POINT('',#16551);
#4950=VERTEX_POINT('',#16553);
#4951=VERTEX_POINT('',#16557);
#4952=VERTEX_POINT('',#16558);
#4953=VERTEX_POINT('',#16563);
#4954=VERTEX_POINT('',#16565);
#4955=VERTEX_POINT('',#16569);
#4956=VERTEX_POINT('',#16571);
#4957=VERTEX_POINT('',#16575);
#4958=VERTEX_POINT('',#16577);
#4959=VERTEX_POINT('',#16581);
#4960=VERTEX_POINT('',#16583);
#4961=VERTEX_POINT('',#16587);
#4962=VERTEX_POINT('',#16591);
#4963=VERTEX_POINT('',#16595);
#4964=VERTEX_POINT('',#16599);
#4965=VERTEX_POINT('',#16605);
#4966=VERTEX_POINT('',#16606);
#4967=VERTEX_POINT('',#16611);
#4968=VERTEX_POINT('',#16613);
#4969=VERTEX_POINT('',#16617);
#4970=VERTEX_POINT('',#16618);
#4971=VERTEX_POINT('',#16620);
#4972=VERTEX_POINT('',#16622);
#4973=VERTEX_POINT('',#16624);
#4974=VERTEX_POINT('',#16629);
#4975=VERTEX_POINT('',#16630);
#4976=VERTEX_POINT('',#16635);
#4977=VERTEX_POINT('',#16639);
#4978=VERTEX_POINT('',#16643);
#4979=VERTEX_POINT('',#16645);
#4980=VERTEX_POINT('',#16647);
#4981=VERTEX_POINT('',#16651);
#4982=VERTEX_POINT('',#16655);
#4983=VERTEX_POINT('',#16657);
#4984=VERTEX_POINT('',#16661);
#4985=VERTEX_POINT('',#16665);
#4986=VERTEX_POINT('',#16669);
#4987=VERTEX_POINT('',#16671);
#4988=VERTEX_POINT('',#16675);
#4989=VERTEX_POINT('',#16677);
#4990=VERTEX_POINT('',#16681);
#4991=VERTEX_POINT('',#16685);
#4992=VERTEX_POINT('',#16689);
#4993=VERTEX_POINT('',#16691);
#4994=VERTEX_POINT('',#16695);
#4995=VERTEX_POINT('',#16696);
#4996=VERTEX_POINT('',#16698);
#4997=VERTEX_POINT('',#16700);
#4998=VERTEX_POINT('',#16704);
#4999=VERTEX_POINT('',#16706);
#5000=VERTEX_POINT('',#16710);
#5001=VERTEX_POINT('',#16711);
#5002=VERTEX_POINT('',#16716);
#5003=VERTEX_POINT('',#16721);
#5004=VERTEX_POINT('',#16725);
#5005=VERTEX_POINT('',#16727);
#5006=VERTEX_POINT('',#16731);
#5007=VERTEX_POINT('',#16732);
#5008=VERTEX_POINT('',#16737);
#5009=VERTEX_POINT('',#16739);
#5010=VERTEX_POINT('',#16743);
#5011=VERTEX_POINT('',#16744);
#5012=VERTEX_POINT('',#16747);
#5013=VERTEX_POINT('',#16751);
#5014=VERTEX_POINT('',#16755);
#5015=VERTEX_POINT('',#16759);
#5016=VERTEX_POINT('',#16763);
#5017=VERTEX_POINT('',#16767);
#5018=VERTEX_POINT('',#16771);
#5019=VERTEX_POINT('',#16777);
#5020=VERTEX_POINT('',#16781);
#5021=VERTEX_POINT('',#16783);
#5022=VERTEX_POINT('',#16787);
#5023=VERTEX_POINT('',#16788);
#5024=VERTEX_POINT('',#16790);
#5025=VERTEX_POINT('',#16794);
#5026=VERTEX_POINT('',#16799);
#5027=VERTEX_POINT('',#16803);
#5028=VERTEX_POINT('',#16809);
#5029=VERTEX_POINT('',#16815);
#5030=VERTEX_POINT('',#16817);
#5031=VERTEX_POINT('',#16821);
#5032=VERTEX_POINT('',#16825);
#5033=VERTEX_POINT('',#16829);
#5034=VERTEX_POINT('',#16833);
#5035=VERTEX_POINT('',#16837);
#5036=VERTEX_POINT('',#16838);
#5037=VERTEX_POINT('',#16840);
#5038=VERTEX_POINT('',#16844);
#5039=VERTEX_POINT('',#16847);
#5040=VERTEX_POINT('',#16849);
#5041=VERTEX_POINT('',#16851);
#5042=VERTEX_POINT('',#16855);
#5043=VERTEX_POINT('',#16857);
#5044=VERTEX_POINT('',#16861);
#5045=VERTEX_POINT('',#16865);
#5046=VERTEX_POINT('',#16869);
#5047=VERTEX_POINT('',#16875);
#5048=VERTEX_POINT('',#16876);
#5049=VERTEX_POINT('',#16878);
#5050=VERTEX_POINT('',#16880);
#5051=VERTEX_POINT('',#16884);
#5052=VERTEX_POINT('',#16886);
#5053=VERTEX_POINT('',#16890);
#5054=VERTEX_POINT('',#16892);
#5055=VERTEX_POINT('',#16894);
#5056=VERTEX_POINT('',#16898);
#5057=VERTEX_POINT('',#16900);
#5058=VERTEX_POINT('',#16904);
#5059=VERTEX_POINT('',#16905);
#5060=VERTEX_POINT('',#16909);
#5061=VERTEX_POINT('',#16911);
#5062=VERTEX_POINT('',#16915);
#5063=VERTEX_POINT('',#16923);
#5064=VERTEX_POINT('',#16927);
#5065=VERTEX_POINT('',#16933);
#5066=VERTEX_POINT('',#16937);
#5067=VERTEX_POINT('',#16942);
#5068=VERTEX_POINT('',#16949);
#5069=VERTEX_POINT('',#16950);
#5070=VERTEX_POINT('',#16952);
#5071=VERTEX_POINT('',#16954);
#5072=VERTEX_POINT('',#16956);
#5073=VERTEX_POINT('',#16958);
#5074=VERTEX_POINT('',#16960);
#5075=VERTEX_POINT('',#16967);
#5076=VERTEX_POINT('',#16969);
#5077=VERTEX_POINT('',#16973);
#5078=VERTEX_POINT('',#16974);
#5079=VERTEX_POINT('',#16976);
#5080=VERTEX_POINT('',#16978);
#5081=VERTEX_POINT('',#16982);
#5082=VERTEX_POINT('',#16988);
#5083=VERTEX_POINT('',#16989);
#5084=VERTEX_POINT('',#16991);
#5085=VERTEX_POINT('',#16993);
#5086=VERTEX_POINT('',#16997);
#5087=VERTEX_POINT('',#16998);
#5088=VERTEX_POINT('',#17006);
#5089=VERTEX_POINT('',#17007);
#5090=VERTEX_POINT('',#17009);
#5091=VERTEX_POINT('',#17011);
#5092=VERTEX_POINT('',#17015);
#5093=VERTEX_POINT('',#17017);
#5094=VERTEX_POINT('',#17021);
#5095=VERTEX_POINT('',#17023);
#5096=VERTEX_POINT('',#17027);
#5097=VERTEX_POINT('',#17028);
#5098=VERTEX_POINT('',#17033);
#5099=VERTEX_POINT('',#17035);
#5100=VERTEX_POINT('',#17039);
#5101=VERTEX_POINT('',#17040);
#5102=VERTEX_POINT('',#17045);
#5103=VERTEX_POINT('',#17047);
#5104=VERTEX_POINT('',#17051);
#5105=VERTEX_POINT('',#17056);
#5106=VERTEX_POINT('',#17058);
#5107=VERTEX_POINT('',#17062);
#5108=VERTEX_POINT('',#17063);
#5109=VERTEX_POINT('',#17072);
#5110=VERTEX_POINT('',#17076);
#5111=VERTEX_POINT('',#17082);
#5112=VERTEX_POINT('',#17083);
#5113=VERTEX_POINT('',#17085);
#5114=VERTEX_POINT('',#17089);
#5115=VERTEX_POINT('',#17091);
#5116=VERTEX_POINT('',#17095);
#5117=VERTEX_POINT('',#17097);
#5118=VERTEX_POINT('',#17101);
#5119=VERTEX_POINT('',#17103);
#5120=VERTEX_POINT('',#17107);
#5121=VERTEX_POINT('',#17112);
#5122=VERTEX_POINT('',#17113);
#5123=VERTEX_POINT('',#17115);
#5124=VERTEX_POINT('',#17119);
#5125=VERTEX_POINT('',#17124);
#5126=VERTEX_POINT('',#17125);
#5127=VERTEX_POINT('',#17132);
#5128=VERTEX_POINT('',#17134);
#5129=VERTEX_POINT('',#17138);
#5130=VERTEX_POINT('',#17144);
#5131=VERTEX_POINT('',#17145);
#5132=VERTEX_POINT('',#17150);
#5133=VERTEX_POINT('',#17154);
#5134=VERTEX_POINT('',#17158);
#5135=VERTEX_POINT('',#17159);
#5136=VERTEX_POINT('',#17161);
#5137=VERTEX_POINT('',#17164);
#5138=VERTEX_POINT('',#17166);
#5139=VERTEX_POINT('',#17170);
#5140=VERTEX_POINT('',#17171);
#5141=VERTEX_POINT('',#17178);
#5142=VERTEX_POINT('',#17182);
#5143=VERTEX_POINT('',#17185);
#5144=VERTEX_POINT('',#17189);
#5145=VERTEX_POINT('',#17193);
#5146=VERTEX_POINT('',#17195);
#5147=VERTEX_POINT('',#17199);
#5148=VERTEX_POINT('',#17203);
#5149=VERTEX_POINT('',#17207);
#5150=VERTEX_POINT('',#17212);
#5151=VERTEX_POINT('',#17217);
#5152=VERTEX_POINT('',#17222);
#5153=VERTEX_POINT('',#17227);
#5154=VERTEX_POINT('',#17231);
#5155=VERTEX_POINT('',#17233);
#5156=VERTEX_POINT('',#17235);
#5157=VERTEX_POINT('',#17239);
#5158=VERTEX_POINT('',#17241);
#5159=VERTEX_POINT('',#17243);
#5160=VERTEX_POINT('',#17245);
#5161=VERTEX_POINT('',#17247);
#5162=VERTEX_POINT('',#17249);
#5163=VERTEX_POINT('',#17251);
#5164=VERTEX_POINT('',#17253);
#5165=VERTEX_POINT('',#17255);
#5166=VERTEX_POINT('',#17259);
#5167=VERTEX_POINT('',#17261);
#5168=VERTEX_POINT('',#17276);
#5169=VERTEX_POINT('',#17278);
#5170=VERTEX_POINT('',#17280);
#5171=VERTEX_POINT('',#17296);
#5172=VERTEX_POINT('',#17298);
#5173=VERTEX_POINT('',#17300);
#5174=VERTEX_POINT('',#17302);
#5175=VERTEX_POINT('',#17306);
#5176=VERTEX_POINT('',#17310);
#5177=VERTEX_POINT('',#17314);
#5178=VERTEX_POINT('',#17318);
#5179=VERTEX_POINT('',#17322);
#5180=VERTEX_POINT('',#17324);
#5181=VERTEX_POINT('',#17328);
#5182=VERTEX_POINT('',#17332);
#5183=VERTEX_POINT('',#17336);
#5184=VERTEX_POINT('',#17340);
#5185=VERTEX_POINT('',#17344);
#5186=VERTEX_POINT('',#17348);
#5187=VERTEX_POINT('',#17352);
#5188=VERTEX_POINT('',#17356);
#5189=VERTEX_POINT('',#17360);
#5190=VERTEX_POINT('',#17366);
#5191=VERTEX_POINT('',#17367);
#5192=VERTEX_POINT('',#17369);
#5193=VERTEX_POINT('',#17372);
#5194=VERTEX_POINT('',#17376);
#5195=VERTEX_POINT('',#17378);
#5196=VERTEX_POINT('',#17380);
#5197=VERTEX_POINT('',#17384);
#5198=VERTEX_POINT('',#17389);
#5199=VERTEX_POINT('',#17391);
#5200=VERTEX_POINT('',#17395);
#5201=VERTEX_POINT('',#17399);
#5202=VERTEX_POINT('',#17403);
#5203=VERTEX_POINT('',#17407);
#5204=VERTEX_POINT('',#17411);
#5205=VERTEX_POINT('',#17417);
#5206=VERTEX_POINT('',#17421);
#5207=VERTEX_POINT('',#17425);
#5208=VERTEX_POINT('',#17432);
#5209=VERTEX_POINT('',#17438);
#5210=VERTEX_POINT('',#17442);
#5211=VERTEX_POINT('',#17446);
#5212=VERTEX_POINT('',#17452);
#5213=VERTEX_POINT('',#17459);
#5214=VERTEX_POINT('',#17463);
#5215=VERTEX_POINT('',#17469);
#5216=VERTEX_POINT('',#17473);
#5217=VERTEX_POINT('',#17477);
#5218=VERTEX_POINT('',#17481);
#5219=VERTEX_POINT('',#17485);
#5220=EDGE_CURVE('',#4249,#4250,#2129,.T.);
#5221=EDGE_CURVE('',#4250,#4251,#2130,.T.);
#5222=EDGE_CURVE('',#4251,#4252,#1750,.T.);
#5223=EDGE_CURVE('',#4252,#4253,#1751,.T.);
#5224=EDGE_CURVE('',#4253,#4254,#2131,.T.);
#5225=EDGE_CURVE('',#4254,#4255,#2132,.T.);
#5226=EDGE_CURVE('',#4255,#4249,#2133,.T.);
#5227=EDGE_CURVE('',#4251,#4256,#2134,.T.);
#5228=EDGE_CURVE('',#4257,#4250,#2135,.T.);
#5229=EDGE_CURVE('',#4256,#4257,#2136,.T.);
#5230=EDGE_CURVE('',#4258,#4249,#2137,.T.);
#5231=EDGE_CURVE('',#4257,#4258,#2138,.T.);
#5232=EDGE_CURVE('',#4258,#4259,#2139,.T.);
#5233=EDGE_CURVE('',#4255,#4260,#1752,.T.);
#5234=EDGE_CURVE('',#4260,#4261,#2140,.T.);
#5235=EDGE_CURVE('',#4262,#4261,#1753,.T.);
#5236=EDGE_CURVE('',#4263,#4262,#2141,.T.);
#5237=EDGE_CURVE('',#4264,#4263,#2142,.T.);
#5238=EDGE_CURVE('',#4264,#4265,#2143,.T.);
#5239=EDGE_CURVE('',#4266,#4265,#1754,.T.);
#5240=EDGE_CURVE('',#4267,#4266,#2144,.T.);
#5241=EDGE_CURVE('',#4267,#4259,#1755,.T.);
#5242=EDGE_CURVE('',#4268,#4254,#1756,.T.);
#5243=EDGE_CURVE('',#4260,#4268,#2145,.T.);
#5244=EDGE_CURVE('',#4269,#4253,#2146,.T.);
#5245=EDGE_CURVE('',#4270,#4269,#2147,.T.);
#5246=EDGE_CURVE('',#4271,#4270,#1757,.T.);
#5247=EDGE_CURVE('',#4272,#4271,#2148,.T.);
#5248=EDGE_CURVE('',#4273,#4272,#2149,.T.);
#5249=EDGE_CURVE('',#4273,#4268,#2150,.T.);
#5250=EDGE_CURVE('',#4252,#4274,#2151,.T.);
#5251=EDGE_CURVE('',#4274,#4269,#1758,.T.);
#5252=EDGE_CURVE('',#4274,#4256,#1759,.T.);
#5253=EDGE_CURVE('',#4270,#4259,#2152,.T.);
#5254=EDGE_CURVE('',#4275,#4273,#2153,.T.);
#5255=EDGE_CURVE('',#4276,#4275,#1760,.T.);
#5256=EDGE_CURVE('',#4277,#4276,#2154,.T.);
#5257=EDGE_CURVE('',#4261,#4277,#2155,.T.);
#5258=EDGE_CURVE('',#4267,#4271,#2156,.T.);
#5259=EDGE_CURVE('',#4278,#4272,#2157,.T.);
#5260=EDGE_CURVE('',#4275,#4278,#2158,.T.);
#5261=EDGE_CURVE('',#4279,#4278,#1761,.T.);
#5262=EDGE_CURVE('',#4276,#4279,#2159,.T.);
#5263=EDGE_CURVE('',#4280,#4279,#2160,.T.);
#5264=EDGE_CURVE('',#4280,#4281,#1762,.T.);
#5265=EDGE_CURVE('',#4281,#4282,#2161,.T.);
#5266=EDGE_CURVE('',#4283,#4282,#2162,.T.);
#5267=EDGE_CURVE('',#4284,#4283,#2163,.T.);
#5268=EDGE_CURVE('',#4277,#4284,#1763,.T.);
#5269=EDGE_CURVE('',#4284,#4262,#2164,.T.);
#5270=EDGE_CURVE('',#4266,#4280,#2165,.T.);
#5271=EDGE_CURVE('',#4283,#4285,#1764,.T.);
#5272=EDGE_CURVE('',#4285,#4286,#2166,.T.);
#5273=EDGE_CURVE('',#4286,#4287,#2167,.T.);
#5274=EDGE_CURVE('',#4287,#4288,#2168,.T.);
#5275=EDGE_CURVE('',#4288,#4289,#1765,.T.);
#5276=EDGE_CURVE('',#4289,#4290,#2169,.T.);
#5277=EDGE_CURVE('',#4290,#4291,#1766,.T.);
#5278=EDGE_CURVE('',#4291,#4292,#2170,.T.);
#5279=EDGE_CURVE('',#4292,#4293,#1767,.T.);
#5280=EDGE_CURVE('',#4293,#4294,#2171,.T.);
#5281=EDGE_CURVE('',#4294,#4295,#1768,.T.);
#5282=EDGE_CURVE('',#4295,#4296,#2172,.T.);
#5283=EDGE_CURVE('',#4296,#4297,#1769,.T.);
#5284=EDGE_CURVE('',#4297,#4263,#1770,.T.);
#5285=EDGE_CURVE('',#4265,#4281,#2173,.T.);
#5286=EDGE_CURVE('',#4286,#4298,#2174,.T.);
#5287=EDGE_CURVE('',#4299,#4285,#2175,.T.);
#5288=EDGE_CURVE('',#4299,#4298,#2176,.T.);
#5289=EDGE_CURVE('',#4282,#4299,#1771,.T.);
#5290=EDGE_CURVE('',#4300,#4264,#1772,.T.);
#5291=EDGE_CURVE('',#4297,#4300,#2177,.T.);
#5292=EDGE_CURVE('',#4301,#4296,#2178,.T.);
#5293=EDGE_CURVE('',#4301,#4300,#1773,.T.);
#5294=EDGE_CURVE('',#4302,#4301,#2179,.T.);
#5295=EDGE_CURVE('',#4295,#4302,#2180,.T.);
#5296=EDGE_CURVE('',#4294,#4303,#2181,.T.);
#5297=EDGE_CURVE('',#4303,#4302,#1774,.T.);
#5298=EDGE_CURVE('',#4304,#4303,#2182,.T.);
#5299=EDGE_CURVE('',#4293,#4304,#2183,.T.);
#5300=EDGE_CURVE('',#4305,#4292,#2184,.T.);
#5301=EDGE_CURVE('',#4305,#4304,#1775,.T.);
#5302=EDGE_CURVE('',#4306,#4305,#2185,.T.);
#5303=EDGE_CURVE('',#4291,#4306,#2186,.T.);
#5304=EDGE_CURVE('',#4307,#4290,#2187,.T.);
#5305=EDGE_CURVE('',#4307,#4306,#1776,.T.);
#5306=EDGE_CURVE('',#4308,#4289,#2188,.T.);
#5307=EDGE_CURVE('',#4308,#4307,#2189,.T.);
#5308=EDGE_CURVE('',#4309,#4308,#1777,.T.);
#5309=EDGE_CURVE('',#4288,#4309,#2190,.T.);
#5310=EDGE_CURVE('',#4310,#4309,#2191,.T.);
#5311=EDGE_CURVE('',#4310,#4287,#2192,.T.);
#5312=EDGE_CURVE('',#4310,#4298,#2193,.T.);
#5313=EDGE_CURVE('',#4311,#4312,#2194,.T.);
#5314=EDGE_CURVE('',#4312,#4313,#2195,.T.);
#5315=EDGE_CURVE('',#4313,#4314,#2196,.T.);
#5316=EDGE_CURVE('',#4314,#4311,#2197,.T.);
#5317=EDGE_CURVE('',#4313,#4315,#2198,.T.);
#5318=EDGE_CURVE('',#4316,#4312,#2199,.T.);
#5319=EDGE_CURVE('',#4315,#4316,#2200,.T.);
#5320=EDGE_CURVE('',#4317,#4311,#2201,.T.);
#5321=EDGE_CURVE('',#4318,#4317,#1778,.T.);
#5322=EDGE_CURVE('',#4319,#4318,#2202,.T.);
#5323=EDGE_CURVE('',#4316,#4319,#1779,.T.);
#5324=EDGE_CURVE('',#4320,#4314,#2203,.T.);
#5325=EDGE_CURVE('',#4317,#4320,#2204,.T.);
#5326=EDGE_CURVE('',#4315,#4321,#1780,.T.);
#5327=EDGE_CURVE('',#4321,#4322,#2205,.T.);
#5328=EDGE_CURVE('',#4322,#4320,#1781,.T.);
#5329=EDGE_CURVE('',#4321,#4319,#2206,.T.);
#5330=EDGE_CURVE('',#4318,#4322,#2207,.T.);
#5331=EDGE_CURVE('',#4323,#4324,#2208,.T.);
#5332=EDGE_CURVE('',#4324,#4325,#2209,.T.);
#5333=EDGE_CURVE('',#4325,#4326,#2210,.T.);
#5334=EDGE_CURVE('',#4326,#4323,#2211,.T.);
#5335=EDGE_CURVE('',#4325,#4327,#2212,.T.);
#5336=EDGE_CURVE('',#4328,#4324,#2213,.T.);
#5337=EDGE_CURVE('',#4327,#4328,#2214,.T.);
#5338=EDGE_CURVE('',#4329,#4323,#2215,.T.);
#5339=EDGE_CURVE('',#4330,#4329,#1782,.T.);
#5340=EDGE_CURVE('',#4331,#4330,#2216,.T.);
#5341=EDGE_CURVE('',#4328,#4331,#1783,.T.);
#5342=EDGE_CURVE('',#4332,#4326,#2217,.T.);
#5343=EDGE_CURVE('',#4329,#4332,#2218,.T.);
#5344=EDGE_CURVE('',#4327,#4333,#1784,.T.);
#5345=EDGE_CURVE('',#4333,#4334,#2219,.T.);
#5346=EDGE_CURVE('',#4334,#4332,#1785,.T.);
#5347=EDGE_CURVE('',#4333,#4331,#2220,.T.);
#5348=EDGE_CURVE('',#4330,#4334,#2221,.T.);
#5349=EDGE_CURVE('',#4335,#4336,#1786,.T.);
#5350=EDGE_CURVE('',#4337,#4336,#1787,.T.);
#5351=EDGE_CURVE('',#4337,#4338,#2222,.T.);
#5352=EDGE_CURVE('',#4338,#4338,#1788,.T.);
#5353=EDGE_CURVE('',#4335,#4337,#1789,.T.);
#5354=EDGE_CURVE('',#4339,#4340,#1790,.T.);
#5355=EDGE_CURVE('',#4339,#4341,#1791,.T.);
#5356=EDGE_CURVE('',#4341,#4342,#2223,.T.);
#5357=EDGE_CURVE('',#4342,#4342,#1792,.T.);
#5358=EDGE_CURVE('',#4341,#4340,#1793,.T.);
#5359=EDGE_CURVE('',#4343,#4344,#1794,.T.);
#5360=EDGE_CURVE('',#4344,#4345,#1795,.T.);
#5361=EDGE_CURVE('',#4345,#4346,#2224,.T.);
#5362=EDGE_CURVE('',#4346,#4346,#1796,.T.);
#5363=EDGE_CURVE('',#4345,#4343,#1797,.T.);
#5364=EDGE_CURVE('',#4347,#4348,#1798,.T.);
#5365=EDGE_CURVE('',#4347,#4343,#2225,.T.);
#5366=EDGE_CURVE('',#4344,#4348,#2226,.T.);
#5367=EDGE_CURVE('',#4349,#4350,#1799,.T.);
#5368=EDGE_CURVE('',#4349,#4351,#1800,.T.);
#5369=EDGE_CURVE('',#4351,#4352,#2227,.T.);
#5370=EDGE_CURVE('',#4352,#4352,#1801,.T.);
#5371=EDGE_CURVE('',#4351,#4350,#1802,.T.);
#5372=EDGE_CURVE('',#4346,#4353,#2228,.T.);
#5373=EDGE_CURVE('',#4353,#4353,#1803,.T.);
#5374=EDGE_CURVE('',#4352,#4354,#2229,.T.);
#5375=EDGE_CURVE('',#4354,#4354,#1804,.T.);
#5376=EDGE_CURVE('',#4355,#4356,#1805,.T.);
#5377=EDGE_CURVE('',#4357,#4355,#1806,.T.);
#5378=EDGE_CURVE('',#4356,#4357,#1807,.T.);
#5379=EDGE_CURVE('',#4358,#4359,#2230,.T.);
#5380=EDGE_CURVE('',#4360,#4358,#2231,.T.);
#5381=EDGE_CURVE('',#4356,#4360,#2232,.T.);
#5382=EDGE_CURVE('',#4359,#4356,#2233,.T.);
#5383=EDGE_CURVE('',#4361,#4359,#1808,.T.);
#5384=EDGE_CURVE('',#4362,#4361,#1809,.T.);
#5385=EDGE_CURVE('',#4359,#4362,#1810,.T.);
#5386=EDGE_CURVE('',#4363,#4358,#1811,.T.);
#5387=EDGE_CURVE('',#4364,#4363,#1812,.T.);
#5388=EDGE_CURVE('',#4358,#4364,#1813,.T.);
#5389=EDGE_CURVE('',#4360,#4365,#1814,.T.);
#5390=EDGE_CURVE('',#4366,#4360,#1815,.T.);
#5391=EDGE_CURVE('',#4365,#4366,#1816,.T.);
#5392=EDGE_CURVE('',#4367,#4368,#1817,.T.);
#5393=EDGE_CURVE('',#4367,#4369,#2234,.T.);
#5394=EDGE_CURVE('',#4369,#4370,#1818,.T.);
#5395=EDGE_CURVE('',#4370,#4368,#2235,.T.);
#5396=EDGE_CURVE('',#4371,#4372,#2236,.T.);
#5397=EDGE_CURVE('',#4368,#4371,#2237,.T.);
#5398=EDGE_CURVE('',#4370,#4372,#2238,.T.);
#5399=EDGE_CURVE('',#4371,#4373,#1819,.T.);
#5400=EDGE_CURVE('',#4372,#4374,#1820,.T.);
#5401=EDGE_CURVE('',#4374,#4373,#2239,.T.);
#5402=EDGE_CURVE('',#4375,#4376,#2240,.T.);
#5403=EDGE_CURVE('',#4373,#4375,#2241,.T.);
#5404=EDGE_CURVE('',#4374,#4376,#2242,.T.);
#5405=EDGE_CURVE('',#4375,#4377,#1821,.T.);
#5406=EDGE_CURVE('',#4376,#4378,#1822,.T.);
#5407=EDGE_CURVE('',#4378,#4377,#2243,.T.);
#5408=EDGE_CURVE('',#4379,#4380,#1823,.T.);
#5409=EDGE_CURVE('',#4379,#4381,#2244,.T.);
#5410=EDGE_CURVE('',#4381,#4382,#1824,.T.);
#5411=EDGE_CURVE('',#4382,#4380,#2245,.T.);
#5412=EDGE_CURVE('',#4383,#4384,#2246,.T.);
#5413=EDGE_CURVE('',#4380,#4383,#2247,.T.);
#5414=EDGE_CURVE('',#4382,#4384,#2248,.T.);
#5415=EDGE_CURVE('',#4383,#4385,#1825,.T.);
#5416=EDGE_CURVE('',#4384,#4386,#1826,.T.);
#5417=EDGE_CURVE('',#4386,#4385,#2249,.T.);
#5418=EDGE_CURVE('',#4387,#4388,#2250,.T.);
#5419=EDGE_CURVE('',#4385,#4387,#2251,.T.);
#5420=EDGE_CURVE('',#4386,#4388,#2252,.T.);
#5421=EDGE_CURVE('',#4387,#4389,#1827,.T.);
#5422=EDGE_CURVE('',#4388,#4390,#1828,.T.);
#5423=EDGE_CURVE('',#4390,#4389,#2253,.T.);
#5424=EDGE_CURVE('',#4355,#4365,#2254,.T.);
#5425=EDGE_CURVE('',#4391,#4392,#51,.T.);
#5426=EDGE_CURVE('',#4357,#4392,#2255,.T.);
#5427=EDGE_CURVE('',#4393,#4355,#2256,.T.);
#5428=EDGE_CURVE('',#4393,#4391,#52,.T.);
#5429=EDGE_CURVE('',#4361,#4357,#2257,.T.);
#5430=EDGE_CURVE('',#4394,#4395,#53,.T.);
#5431=EDGE_CURVE('',#4362,#4395,#2258,.T.);
#5432=EDGE_CURVE('',#4396,#4361,#2259,.T.);
#5433=EDGE_CURVE('',#4396,#4394,#54,.T.);
#5434=EDGE_CURVE('',#4363,#4362,#2260,.T.);
#5435=EDGE_CURVE('',#4366,#4364,#2261,.T.);
#5436=EDGE_CURVE('',#4397,#4398,#55,.T.);
#5437=EDGE_CURVE('',#4364,#4398,#2262,.T.);
#5438=EDGE_CURVE('',#4399,#4363,#2263,.T.);
#5439=EDGE_CURVE('',#4399,#4397,#56,.T.);
#5440=EDGE_CURVE('',#4400,#4401,#57,.T.);
#5441=EDGE_CURVE('',#4365,#4401,#2264,.T.);
#5442=EDGE_CURVE('',#4402,#4366,#2265,.T.);
#5443=EDGE_CURVE('',#4402,#4400,#58,.T.);
#5444=EDGE_CURVE('',#4403,#4404,#2266,.T.);
#5445=EDGE_CURVE('',#4405,#4403,#1829,.T.);
#5446=EDGE_CURVE('',#4406,#4405,#2267,.T.);
#5447=EDGE_CURVE('',#4407,#4406,#1830,.T.);
#5448=EDGE_CURVE('',#4408,#4407,#2268,.T.);
#5449=EDGE_CURVE('',#4408,#4404,#2269,.T.);
#5450=EDGE_CURVE('',#4409,#4410,#2270,.T.);
#5451=EDGE_CURVE('',#4411,#4409,#1831,.T.);
#5452=EDGE_CURVE('',#4412,#4411,#2271,.T.);
#5453=EDGE_CURVE('',#4413,#4412,#1832,.T.);
#5454=EDGE_CURVE('',#4414,#4413,#2272,.T.);
#5455=EDGE_CURVE('',#4414,#4410,#2273,.T.);
#5456=EDGE_CURVE('',#4377,#4415,#2274,.T.);
#5457=EDGE_CURVE('',#4416,#4415,#2275,.T.);
#5458=EDGE_CURVE('',#4416,#4367,#2276,.T.);
#5459=EDGE_CURVE('',#4378,#4417,#2277,.T.);
#5460=EDGE_CURVE('',#4418,#4369,#2278,.T.);
#5461=EDGE_CURVE('',#4418,#4417,#2279,.T.);
#5462=EDGE_CURVE('',#4389,#4419,#2280,.T.);
#5463=EDGE_CURVE('',#4420,#4419,#2281,.T.);
#5464=EDGE_CURVE('',#4420,#4379,#2282,.T.);
#5465=EDGE_CURVE('',#4390,#4421,#2283,.T.);
#5466=EDGE_CURVE('',#4422,#4381,#2284,.T.);
#5467=EDGE_CURVE('',#4422,#4421,#2285,.T.);
#5468=EDGE_CURVE('',#4401,#4393,#2286,.T.);
#5469=EDGE_CURVE('',#4392,#4396,#2287,.T.);
#5470=EDGE_CURVE('',#4395,#4399,#2288,.T.);
#5471=EDGE_CURVE('',#4398,#4402,#2289,.T.);
#5472=EDGE_CURVE('',#4423,#4424,#2290,.T.);
#5473=EDGE_CURVE('',#4425,#4423,#2291,.T.);
#5474=EDGE_CURVE('',#4426,#4425,#2292,.T.);
#5475=EDGE_CURVE('',#4404,#4426,#2293,.T.);
#5476=EDGE_CURVE('',#4427,#4408,#2294,.T.);
#5477=EDGE_CURVE('',#4428,#4427,#2295,.T.);
#5478=EDGE_CURVE('',#4429,#4428,#2296,.T.);
#5479=EDGE_CURVE('',#4430,#4429,#2297,.T.);
#5480=EDGE_CURVE('',#4431,#4430,#2298,.T.);
#5481=EDGE_CURVE('',#4432,#4431,#59,.T.);
#5482=EDGE_CURVE('',#4432,#4433,#2299,.T.);
#5483=EDGE_CURVE('',#4434,#4433,#60,.T.);
#5484=EDGE_CURVE('',#4424,#4434,#2300,.T.);
#5485=EDGE_CURVE('',#4435,#4436,#2301,.T.);
#5486=EDGE_CURVE('',#4437,#4435,#61,.T.);
#5487=EDGE_CURVE('',#4437,#4438,#2302,.T.);
#5488=EDGE_CURVE('',#4439,#4438,#62,.T.);
#5489=EDGE_CURVE('',#4440,#4439,#2303,.T.);
#5490=EDGE_CURVE('',#4441,#4440,#2304,.T.);
#5491=EDGE_CURVE('',#4442,#4441,#2305,.T.);
#5492=EDGE_CURVE('',#4443,#4442,#2306,.T.);
#5493=EDGE_CURVE('',#4410,#4443,#2307,.T.);
#5494=EDGE_CURVE('',#4444,#4414,#2308,.T.);
#5495=EDGE_CURVE('',#4445,#4444,#2309,.T.);
#5496=EDGE_CURVE('',#4446,#4445,#2310,.T.);
#5497=EDGE_CURVE('',#4436,#4446,#2311,.T.);
#5498=EDGE_CURVE('',#4415,#4447,#1833,.T.);
#5499=EDGE_CURVE('',#4448,#4447,#2312,.T.);
#5500=EDGE_CURVE('',#4448,#4416,#1834,.T.);
#5501=EDGE_CURVE('',#4417,#4449,#1835,.T.);
#5502=EDGE_CURVE('',#4450,#4418,#1836,.T.);
#5503=EDGE_CURVE('',#4450,#4449,#2313,.T.);
#5504=EDGE_CURVE('',#4451,#4452,#2314,.T.);
#5505=EDGE_CURVE('',#4453,#4452,#1837,.T.);
#5506=EDGE_CURVE('',#4454,#4453,#2315,.T.);
#5507=EDGE_CURVE('',#4454,#4451,#1838,.T.);
#5508=EDGE_CURVE('',#4455,#4456,#2316,.T.);
#5509=EDGE_CURVE('',#4452,#4455,#2317,.T.);
#5510=EDGE_CURVE('',#4451,#4456,#2318,.T.);
#5511=EDGE_CURVE('',#4455,#4457,#1839,.T.);
#5512=EDGE_CURVE('',#4456,#4458,#1840,.T.);
#5513=EDGE_CURVE('',#4459,#4458,#63,.T.);
#5514=EDGE_CURVE('',#4459,#4457,#2319,.T.);
#5515=EDGE_CURVE('',#4460,#4461,#2320,.T.);
#5516=EDGE_CURVE('',#4462,#4461,#64,.T.);
#5517=EDGE_CURVE('',#4463,#4462,#2321,.T.);
#5518=EDGE_CURVE('',#4463,#4460,#2322,.T.);
#5519=EDGE_CURVE('',#4464,#4465,#1841,.T.);
#5520=EDGE_CURVE('',#4465,#4462,#2323,.T.);
#5521=EDGE_CURVE('',#4461,#4464,#2324,.T.);
#5522=EDGE_CURVE('',#4419,#4466,#1842,.T.);
#5523=EDGE_CURVE('',#4467,#4466,#2325,.T.);
#5524=EDGE_CURVE('',#4467,#4420,#1843,.T.);
#5525=EDGE_CURVE('',#4468,#4469,#2326,.T.);
#5526=EDGE_CURVE('',#4469,#4470,#2327,.T.);
#5527=EDGE_CURVE('',#4471,#4470,#2328,.T.);
#5528=EDGE_CURVE('',#4468,#4471,#65,.T.);
#5529=EDGE_CURVE('',#4421,#4472,#1844,.T.);
#5530=EDGE_CURVE('',#4473,#4422,#1845,.T.);
#5531=EDGE_CURVE('',#4473,#4472,#2329,.T.);
#5532=EDGE_CURVE('',#4474,#4475,#2330,.T.);
#5533=EDGE_CURVE('',#4476,#4475,#1846,.T.);
#5534=EDGE_CURVE('',#4476,#4477,#2331,.T.);
#5535=EDGE_CURVE('',#4478,#4477,#66,.T.);
#5536=EDGE_CURVE('',#4478,#4474,#1847,.T.);
#5537=EDGE_CURVE('',#4479,#4480,#2332,.T.);
#5538=EDGE_CURVE('',#4475,#4480,#2333,.T.);
#5539=EDGE_CURVE('',#4474,#4479,#2334,.T.);
#5540=EDGE_CURVE('',#4481,#4482,#2335,.T.);
#5541=EDGE_CURVE('',#4480,#4482,#1848,.T.);
#5542=EDGE_CURVE('',#4479,#4481,#1849,.T.);
#5543=EDGE_CURVE('',#4483,#4484,#1850,.T.);
#5544=EDGE_CURVE('',#4484,#4468,#2336,.T.);
#5545=EDGE_CURVE('',#4471,#4483,#2337,.T.);
#5546=EDGE_CURVE('',#4485,#4486,#67,.T.);
#5547=EDGE_CURVE('',#4486,#4401,#1851,.T.);
#5548=EDGE_CURVE('',#4400,#4485,#1852,.T.);
#5549=EDGE_CURVE('',#4486,#4487,#2338,.T.);
#5550=EDGE_CURVE('',#4487,#4393,#1853,.T.);
#5551=EDGE_CURVE('',#4488,#4391,#1854,.T.);
#5552=EDGE_CURVE('',#4487,#4488,#68,.T.);
#5553=EDGE_CURVE('',#4488,#4489,#69,.T.);
#5554=EDGE_CURVE('',#4489,#4392,#1855,.T.);
#5555=EDGE_CURVE('',#4489,#4490,#2339,.T.);
#5556=EDGE_CURVE('',#4490,#4396,#1856,.T.);
#5557=EDGE_CURVE('',#4491,#4394,#1857,.T.);
#5558=EDGE_CURVE('',#4490,#4491,#70,.T.);
#5559=EDGE_CURVE('',#4491,#4492,#71,.T.);
#5560=EDGE_CURVE('',#4492,#4395,#1858,.T.);
#5561=EDGE_CURVE('',#4492,#4493,#2340,.T.);
#5562=EDGE_CURVE('',#4493,#4399,#1859,.T.);
#5563=EDGE_CURVE('',#4494,#4397,#1860,.T.);
#5564=EDGE_CURVE('',#4493,#4494,#72,.T.);
#5565=EDGE_CURVE('',#4494,#4495,#73,.T.);
#5566=EDGE_CURVE('',#4495,#4398,#1861,.T.);
#5567=EDGE_CURVE('',#4495,#4496,#2341,.T.);
#5568=EDGE_CURVE('',#4496,#4402,#1862,.T.);
#5569=EDGE_CURVE('',#4496,#4485,#74,.T.);
#5570=EDGE_CURVE('',#4497,#4432,#2342,.T.);
#5571=EDGE_CURVE('',#4497,#4498,#2343,.T.);
#5572=EDGE_CURVE('',#4433,#4498,#2344,.T.);
#5573=EDGE_CURVE('',#4499,#4437,#2345,.T.);
#5574=EDGE_CURVE('',#4499,#4500,#2346,.T.);
#5575=EDGE_CURVE('',#4438,#4500,#2347,.T.);
#5576=EDGE_CURVE('',#4457,#4463,#2348,.T.);
#5577=EDGE_CURVE('',#4462,#4501,#2349,.T.);
#5578=EDGE_CURVE('',#4502,#4501,#2350,.T.);
#5579=EDGE_CURVE('',#4502,#4453,#2351,.T.);
#5580=EDGE_CURVE('',#4503,#4504,#2352,.T.);
#5581=EDGE_CURVE('',#4504,#4448,#2353,.T.);
#5582=EDGE_CURVE('',#4447,#4503,#2354,.T.);
#5583=EDGE_CURVE('',#4505,#4506,#2355,.T.);
#5584=EDGE_CURVE('',#4449,#4505,#2356,.T.);
#5585=EDGE_CURVE('',#4506,#4450,#2357,.T.);
#5586=EDGE_CURVE('',#4504,#4507,#1863,.T.);
#5587=EDGE_CURVE('',#4508,#4507,#2358,.T.);
#5588=EDGE_CURVE('',#4506,#4508,#1864,.T.);
#5589=EDGE_CURVE('',#4509,#4510,#2359,.T.);
#5590=EDGE_CURVE('',#4508,#4510,#29,.T.);
#5591=EDGE_CURVE('',#4507,#4509,#30,.T.);
#5592=EDGE_CURVE('',#4511,#4512,#2360,.T.);
#5593=EDGE_CURVE('',#4511,#4513,#2361,.T.);
#5594=EDGE_CURVE('',#4513,#4514,#2362,.T.);
#5595=EDGE_CURVE('',#4515,#4514,#2363,.T.);
#5596=EDGE_CURVE('',#4512,#4515,#2364,.T.);
#5597=EDGE_CURVE('',#4516,#4515,#2365,.T.);
#5598=EDGE_CURVE('',#4516,#4517,#2366,.T.);
#5599=EDGE_CURVE('',#4518,#4517,#2367,.T.);
#5600=EDGE_CURVE('',#4518,#4519,#2368,.T.);
#5601=EDGE_CURVE('',#4512,#4519,#2369,.T.);
#5602=EDGE_CURVE('',#4520,#4518,#2370,.T.);
#5603=EDGE_CURVE('',#4517,#4521,#2371,.T.);
#5604=EDGE_CURVE('',#4520,#4521,#2372,.T.);
#5605=EDGE_CURVE('',#4522,#4523,#2373,.T.);
#5606=EDGE_CURVE('',#4523,#4524,#2374,.T.);
#5607=EDGE_CURVE('',#4524,#4469,#2375,.T.);
#5608=EDGE_CURVE('',#4484,#4522,#2376,.T.);
#5609=EDGE_CURVE('',#4477,#4525,#2377,.T.);
#5610=EDGE_CURVE('',#4470,#4476,#2378,.T.);
#5611=EDGE_CURVE('',#4524,#4525,#2379,.T.);
#5612=EDGE_CURVE('',#4526,#4478,#2380,.T.);
#5613=EDGE_CURVE('',#4525,#4516,#2381,.T.);
#5614=EDGE_CURVE('',#4514,#4526,#2382,.T.);
#5615=EDGE_CURVE('',#4527,#4520,#2383,.T.);
#5616=EDGE_CURVE('',#4521,#4528,#2384,.T.);
#5617=EDGE_CURVE('',#4527,#4528,#2385,.T.);
#5618=EDGE_CURVE('',#4529,#4459,#2386,.T.);
#5619=EDGE_CURVE('',#4529,#4530,#2387,.T.);
#5620=EDGE_CURVE('',#4530,#4460,#2388,.T.);
#5621=EDGE_CURVE('',#4531,#4532,#2389,.T.);
#5622=EDGE_CURVE('',#4458,#4532,#2390,.T.);
#5623=EDGE_CURVE('',#4533,#4454,#2391,.T.);
#5624=EDGE_CURVE('',#4533,#4534,#2392,.T.);
#5625=EDGE_CURVE('',#4465,#4534,#2393,.T.);
#5626=EDGE_CURVE('',#4464,#4531,#2394,.T.);
#5627=EDGE_CURVE('',#4535,#4536,#2395,.T.);
#5628=EDGE_CURVE('',#4535,#4529,#2396,.T.);
#5629=EDGE_CURVE('',#4532,#4537,#2397,.T.);
#5630=EDGE_CURVE('',#4537,#4536,#2398,.T.);
#5631=EDGE_CURVE('',#4538,#4531,#2399,.T.);
#5632=EDGE_CURVE('',#4530,#4538,#2400,.T.);
#5633=EDGE_CURVE('',#4537,#4539,#2401,.T.);
#5634=EDGE_CURVE('',#4539,#4540,#2402,.T.);
#5635=EDGE_CURVE('',#4541,#4540,#2403,.T.);
#5636=EDGE_CURVE('',#4536,#4541,#2404,.T.);
#5637=EDGE_CURVE('',#4542,#4543,#2405,.T.);
#5638=EDGE_CURVE('',#4544,#4543,#2406,.T.);
#5639=EDGE_CURVE('',#4544,#4535,#2407,.T.);
#5640=EDGE_CURVE('',#4542,#4541,#2408,.T.);
#5641=EDGE_CURVE('',#4543,#4545,#2409,.T.);
#5642=EDGE_CURVE('',#4546,#4545,#2410,.T.);
#5643=EDGE_CURVE('',#4546,#4544,#2411,.T.);
#5644=EDGE_CURVE('',#4545,#4547,#2412,.T.);
#5645=EDGE_CURVE('',#4548,#4547,#2413,.T.);
#5646=EDGE_CURVE('',#4548,#4546,#2414,.T.);
#5647=EDGE_CURVE('',#4549,#4550,#2415,.T.);
#5648=EDGE_CURVE('',#4550,#4467,#2416,.T.);
#5649=EDGE_CURVE('',#4466,#4549,#2417,.T.);
#5650=EDGE_CURVE('',#4482,#4551,#2418,.T.);
#5651=EDGE_CURVE('',#4552,#4551,#2419,.T.);
#5652=EDGE_CURVE('',#4552,#4471,#2420,.T.);
#5653=EDGE_CURVE('',#4553,#4554,#1865,.T.);
#5654=EDGE_CURVE('',#4553,#4555,#2421,.T.);
#5655=EDGE_CURVE('',#4555,#4549,#1866,.T.);
#5656=EDGE_CURVE('',#4472,#4554,#2422,.T.);
#5657=EDGE_CURVE('',#4556,#4473,#2423,.T.);
#5658=EDGE_CURVE('',#4554,#4556,#2424,.T.);
#5659=EDGE_CURVE('',#4557,#4553,#31,.T.);
#5660=EDGE_CURVE('',#4557,#4558,#2425,.T.);
#5661=EDGE_CURVE('',#4558,#4555,#32,.T.);
#5662=EDGE_CURVE('',#4526,#4522,#2426,.T.);
#5663=EDGE_CURVE('',#4559,#4483,#2427,.T.);
#5664=EDGE_CURVE('',#4559,#4560,#2428,.T.);
#5665=EDGE_CURVE('',#4481,#4560,#2429,.T.);
#5666=EDGE_CURVE('',#4561,#4562,#1867,.T.);
#5667=EDGE_CURVE('',#4562,#4563,#2430,.T.);
#5668=EDGE_CURVE('',#4563,#4564,#1868,.T.);
#5669=EDGE_CURVE('',#4564,#4565,#2431,.T.);
#5670=EDGE_CURVE('',#4565,#4566,#1869,.T.);
#5671=EDGE_CURVE('',#4567,#4566,#2432,.T.);
#5672=EDGE_CURVE('',#4568,#4567,#1870,.T.);
#5673=EDGE_CURVE('',#4568,#4561,#2433,.T.);
#5674=EDGE_CURVE('',#4569,#4570,#2434,.T.);
#5675=EDGE_CURVE('',#4498,#4569,#1871,.T.);
#5676=EDGE_CURVE('',#4571,#4497,#1872,.T.);
#5677=EDGE_CURVE('',#4572,#4571,#2435,.T.);
#5678=EDGE_CURVE('',#4570,#4572,#2436,.T.);
#5679=EDGE_CURVE('',#4573,#4574,#2437,.T.);
#5680=EDGE_CURVE('',#4500,#4573,#1873,.T.);
#5681=EDGE_CURVE('',#4575,#4499,#1874,.T.);
#5682=EDGE_CURVE('',#4576,#4575,#2438,.T.);
#5683=EDGE_CURVE('',#4574,#4576,#2439,.T.);
#5684=EDGE_CURVE('',#4501,#4577,#1875,.T.);
#5685=EDGE_CURVE('',#4578,#4577,#2440,.T.);
#5686=EDGE_CURVE('',#4578,#4502,#1876,.T.);
#5687=EDGE_CURVE('',#4579,#4503,#1877,.T.);
#5688=EDGE_CURVE('',#4509,#4579,#2441,.T.);
#5689=EDGE_CURVE('',#4580,#4581,#2442,.T.);
#5690=EDGE_CURVE('',#4581,#4582,#2443,.T.);
#5691=EDGE_CURVE('',#4582,#4583,#2444,.T.);
#5692=EDGE_CURVE('',#4580,#4583,#2445,.T.);
#5693=EDGE_CURVE('',#4584,#4585,#1878,.T.);
#5694=EDGE_CURVE('',#4584,#4586,#2446,.T.);
#5695=EDGE_CURVE('',#4586,#4587,#1879,.T.);
#5696=EDGE_CURVE('',#4587,#4585,#2447,.T.);
#5697=EDGE_CURVE('',#4588,#4589,#2448,.T.);
#5698=EDGE_CURVE('',#4585,#4588,#2449,.T.);
#5699=EDGE_CURVE('',#4587,#4589,#2450,.T.);
#5700=EDGE_CURVE('',#4588,#4590,#1880,.T.);
#5701=EDGE_CURVE('',#4589,#4591,#1881,.T.);
#5702=EDGE_CURVE('',#4591,#4590,#2451,.T.);
#5703=EDGE_CURVE('',#4592,#4593,#2452,.T.);
#5704=EDGE_CURVE('',#4590,#4593,#2453,.T.);
#5705=EDGE_CURVE('',#4591,#4592,#2454,.T.);
#5706=EDGE_CURVE('',#4594,#4595,#2455,.T.);
#5707=EDGE_CURVE('',#4593,#4595,#1882,.T.);
#5708=EDGE_CURVE('',#4592,#4594,#1883,.T.);
#5709=EDGE_CURVE('',#4594,#4596,#2456,.T.);
#5710=EDGE_CURVE('',#4596,#4533,#1884,.T.);
#5711=EDGE_CURVE('',#4595,#4578,#2457,.T.);
#5712=EDGE_CURVE('',#4534,#4597,#1885,.T.);
#5713=EDGE_CURVE('',#4596,#4597,#2458,.T.);
#5714=EDGE_CURVE('',#4598,#4599,#2459,.T.);
#5715=EDGE_CURVE('',#4577,#4599,#2460,.T.);
#5716=EDGE_CURVE('',#4597,#4598,#2461,.T.);
#5717=EDGE_CURVE('',#4598,#4510,#1886,.T.);
#5718=EDGE_CURVE('',#4599,#4509,#1887,.T.);
#5719=EDGE_CURVE('',#4510,#4600,#2462,.T.);
#5720=EDGE_CURVE('',#4600,#4505,#1888,.T.);
#5721=EDGE_CURVE('',#4601,#4602,#2463,.T.);
#5722=EDGE_CURVE('',#4579,#4602,#2464,.T.);
#5723=EDGE_CURVE('',#4600,#4601,#2465,.T.);
#5724=EDGE_CURVE('',#4603,#4604,#2466,.T.);
#5725=EDGE_CURVE('',#4602,#4604,#1889,.T.);
#5726=EDGE_CURVE('',#4601,#4603,#1890,.T.);
#5727=EDGE_CURVE('',#4605,#4606,#2467,.T.);
#5728=EDGE_CURVE('',#4604,#4606,#2468,.T.);
#5729=EDGE_CURVE('',#4603,#4605,#2469,.T.);
#5730=EDGE_CURVE('',#4607,#4608,#2470,.T.);
#5731=EDGE_CURVE('',#4606,#4608,#1891,.T.);
#5732=EDGE_CURVE('',#4605,#4607,#1892,.T.);
#5733=EDGE_CURVE('',#4609,#4610,#2471,.T.);
#5734=EDGE_CURVE('',#4608,#4609,#2472,.T.);
#5735=EDGE_CURVE('',#4607,#4610,#2473,.T.);
#5736=EDGE_CURVE('',#4609,#4611,#1893,.T.);
#5737=EDGE_CURVE('',#4610,#4612,#1894,.T.);
#5738=EDGE_CURVE('',#4612,#4611,#2474,.T.);
#5739=EDGE_CURVE('',#4612,#4581,#2475,.T.);
#5740=EDGE_CURVE('',#4611,#4580,#2476,.T.);
#5741=EDGE_CURVE('',#4613,#4527,#2477,.T.);
#5742=EDGE_CURVE('',#4613,#4614,#2478,.T.);
#5743=EDGE_CURVE('',#4519,#4614,#2479,.T.);
#5744=EDGE_CURVE('',#4614,#4615,#2480,.T.);
#5745=EDGE_CURVE('',#4615,#4511,#2481,.T.);
#5746=EDGE_CURVE('',#4616,#4513,#2482,.T.);
#5747=EDGE_CURVE('',#4615,#4616,#2483,.T.);
#5748=EDGE_CURVE('',#4616,#4617,#2484,.T.);
#5749=EDGE_CURVE('',#4617,#4523,#2485,.T.);
#5750=EDGE_CURVE('',#4617,#4618,#2486,.T.);
#5751=EDGE_CURVE('',#4528,#4618,#2487,.T.);
#5752=EDGE_CURVE('',#4618,#4347,#2488,.T.);
#5753=EDGE_CURVE('',#4348,#4613,#2489,.T.);
#5754=EDGE_CURVE('',#4619,#4548,#2490,.T.);
#5755=EDGE_CURVE('',#4619,#4620,#2491,.T.);
#5756=EDGE_CURVE('',#4620,#4538,#2492,.T.);
#5757=EDGE_CURVE('',#4620,#4621,#2493,.T.);
#5758=EDGE_CURVE('',#4621,#4539,#2494,.T.);
#5759=EDGE_CURVE('',#4540,#4622,#2495,.T.);
#5760=EDGE_CURVE('',#4621,#4622,#2496,.T.);
#5761=EDGE_CURVE('',#4622,#4623,#2497,.T.);
#5762=EDGE_CURVE('',#4623,#4542,#2498,.T.);
#5763=EDGE_CURVE('',#4623,#4624,#2499,.T.);
#5764=EDGE_CURVE('',#4547,#4624,#2500,.T.);
#5765=EDGE_CURVE('',#4625,#4626,#1895,.T.);
#5766=EDGE_CURVE('',#4626,#4619,#2501,.T.);
#5767=EDGE_CURVE('',#4624,#4625,#2502,.T.);
#5768=EDGE_CURVE('',#4625,#4349,#2503,.T.);
#5769=EDGE_CURVE('',#4350,#4626,#2504,.T.);
#5770=EDGE_CURVE('',#4431,#4571,#2505,.T.);
#5771=EDGE_CURVE('',#4569,#4434,#2506,.T.);
#5772=EDGE_CURVE('',#4550,#4627,#1896,.T.);
#5773=EDGE_CURVE('',#4627,#4558,#2507,.T.);
#5774=EDGE_CURVE('',#4551,#4628,#1897,.T.);
#5775=EDGE_CURVE('',#4629,#4628,#2508,.T.);
#5776=EDGE_CURVE('',#4629,#4552,#1898,.T.);
#5777=EDGE_CURVE('',#4630,#4631,#1899,.T.);
#5778=EDGE_CURVE('',#4630,#4632,#2509,.T.);
#5779=EDGE_CURVE('',#4632,#4633,#1900,.T.);
#5780=EDGE_CURVE('',#4633,#4631,#2510,.T.);
#5781=EDGE_CURVE('',#4634,#4635,#2511,.T.);
#5782=EDGE_CURVE('',#4631,#4635,#2512,.T.);
#5783=EDGE_CURVE('',#4633,#4634,#2513,.T.);
#5784=EDGE_CURVE('',#4636,#4637,#2514,.T.);
#5785=EDGE_CURVE('',#4635,#4637,#1901,.T.);
#5786=EDGE_CURVE('',#4634,#4636,#1902,.T.);
#5787=EDGE_CURVE('',#4638,#4639,#2515,.T.);
#5788=EDGE_CURVE('',#4637,#4639,#2516,.T.);
#5789=EDGE_CURVE('',#4636,#4638,#2517,.T.);
#5790=EDGE_CURVE('',#4640,#4641,#2518,.T.);
#5791=EDGE_CURVE('',#4639,#4641,#1903,.T.);
#5792=EDGE_CURVE('',#4638,#4640,#1904,.T.);
#5793=EDGE_CURVE('',#4640,#4642,#2519,.T.);
#5794=EDGE_CURVE('',#4556,#4642,#1905,.T.);
#5795=EDGE_CURVE('',#4641,#4627,#2520,.T.);
#5796=EDGE_CURVE('',#4642,#4557,#2521,.T.);
#5797=EDGE_CURVE('',#4557,#4643,#1906,.T.);
#5798=EDGE_CURVE('',#4643,#4644,#2522,.T.);
#5799=EDGE_CURVE('',#4558,#4644,#1907,.T.);
#5800=EDGE_CURVE('',#4643,#4645,#2523,.T.);
#5801=EDGE_CURVE('',#4645,#4559,#1908,.T.);
#5802=EDGE_CURVE('',#4644,#4629,#2524,.T.);
#5803=EDGE_CURVE('',#4560,#4646,#1909,.T.);
#5804=EDGE_CURVE('',#4645,#4646,#2525,.T.);
#5805=EDGE_CURVE('',#4628,#4647,#2526,.T.);
#5806=EDGE_CURVE('',#4646,#4648,#2527,.T.);
#5807=EDGE_CURVE('',#4648,#4647,#2528,.T.);
#5808=EDGE_CURVE('',#4649,#4650,#2529,.T.);
#5809=EDGE_CURVE('',#4647,#4650,#1910,.T.);
#5810=EDGE_CURVE('',#4648,#4649,#1911,.T.);
#5811=EDGE_CURVE('',#4651,#4652,#2530,.T.);
#5812=EDGE_CURVE('',#4650,#4651,#2531,.T.);
#5813=EDGE_CURVE('',#4649,#4652,#2532,.T.);
#5814=EDGE_CURVE('',#4651,#4653,#1912,.T.);
#5815=EDGE_CURVE('',#4652,#4654,#1913,.T.);
#5816=EDGE_CURVE('',#4654,#4653,#2533,.T.);
#5817=EDGE_CURVE('',#4655,#4656,#2534,.T.);
#5818=EDGE_CURVE('',#4653,#4655,#2535,.T.);
#5819=EDGE_CURVE('',#4654,#4656,#2536,.T.);
#5820=EDGE_CURVE('',#4655,#4657,#1914,.T.);
#5821=EDGE_CURVE('',#4656,#4658,#1915,.T.);
#5822=EDGE_CURVE('',#4658,#4657,#2537,.T.);
#5823=EDGE_CURVE('',#4659,#4660,#2538,.T.);
#5824=EDGE_CURVE('',#4660,#4661,#2539,.T.);
#5825=EDGE_CURVE('',#4661,#4662,#2540,.T.);
#5826=EDGE_CURVE('',#4659,#4662,#2541,.T.);
#5827=EDGE_CURVE('',#4661,#4632,#2542,.T.);
#5828=EDGE_CURVE('',#4662,#4630,#2543,.T.);
#5829=EDGE_CURVE('',#4565,#4663,#2544,.T.);
#5830=EDGE_CURVE('',#4664,#4663,#1916,.T.);
#5831=EDGE_CURVE('',#4664,#4566,#2545,.T.);
#5832=EDGE_CURVE('',#4564,#4665,#2546,.T.);
#5833=EDGE_CURVE('',#4663,#4665,#2547,.T.);
#5834=EDGE_CURVE('',#4563,#4666,#2548,.T.);
#5835=EDGE_CURVE('',#4665,#4666,#1917,.T.);
#5836=EDGE_CURVE('',#4562,#4667,#2549,.T.);
#5837=EDGE_CURVE('',#4666,#4667,#2550,.T.);
#5838=EDGE_CURVE('',#4561,#4668,#2551,.T.);
#5839=EDGE_CURVE('',#4667,#4668,#1918,.T.);
#5840=EDGE_CURVE('',#4568,#4669,#2552,.T.);
#5841=EDGE_CURVE('',#4668,#4669,#2553,.T.);
#5842=EDGE_CURVE('',#4567,#4670,#2554,.T.);
#5843=EDGE_CURVE('',#4669,#4670,#1919,.T.);
#5844=EDGE_CURVE('',#4670,#4664,#2555,.T.);
#5845=EDGE_CURVE('',#4572,#4671,#1920,.T.);
#5846=EDGE_CURVE('',#4672,#4671,#2556,.T.);
#5847=EDGE_CURVE('',#4672,#4570,#1921,.T.);
#5848=EDGE_CURVE('',#4576,#4673,#1922,.T.);
#5849=EDGE_CURVE('',#4674,#4673,#2557,.T.);
#5850=EDGE_CURVE('',#4674,#4574,#1923,.T.);
#5851=EDGE_CURVE('',#4443,#4675,#2558,.T.);
#5852=EDGE_CURVE('',#4409,#4675,#2559,.T.);
#5853=EDGE_CURVE('',#4675,#4676,#1924,.T.);
#5854=EDGE_CURVE('',#4676,#4411,#2560,.T.);
#5855=EDGE_CURVE('',#4412,#4677,#2561,.T.);
#5856=EDGE_CURVE('',#4676,#4677,#2562,.T.);
#5857=EDGE_CURVE('',#4677,#4678,#1925,.T.);
#5858=EDGE_CURVE('',#4678,#4413,#2563,.T.);
#5859=EDGE_CURVE('',#4678,#4444,#2564,.T.);
#5860=EDGE_CURVE('',#4340,#4350,#2565,.T.);
#5861=EDGE_CURVE('',#4349,#4339,#2566,.T.);
#5862=EDGE_CURVE('',#4679,#4680,#2567,.T.);
#5863=EDGE_CURVE('',#4681,#4679,#1926,.T.);
#5864=EDGE_CURVE('',#4682,#4681,#2568,.T.);
#5865=EDGE_CURVE('',#4682,#4680,#1927,.T.);
#5866=EDGE_CURVE('',#4583,#4683,#1928,.T.);
#5867=EDGE_CURVE('',#4679,#4683,#2569,.T.);
#5868=EDGE_CURVE('',#4680,#4584,#2570,.T.);
#5869=EDGE_CURVE('',#4683,#4684,#2571,.T.);
#5870=EDGE_CURVE('',#4582,#4684,#1929,.T.);
#5871=EDGE_CURVE('',#4685,#4586,#2572,.T.);
#5872=EDGE_CURVE('',#4685,#4686,#2573,.T.);
#5873=EDGE_CURVE('',#4684,#4686,#2574,.T.);
#5874=EDGE_CURVE('',#4573,#4439,#2575,.T.);
#5875=EDGE_CURVE('',#4687,#4688,#2576,.T.);
#5876=EDGE_CURVE('',#4689,#4688,#1930,.T.);
#5877=EDGE_CURVE('',#4690,#4689,#2577,.T.);
#5878=EDGE_CURVE('',#4690,#4687,#1931,.T.);
#5879=EDGE_CURVE('',#4691,#4692,#2578,.T.);
#5880=EDGE_CURVE('',#4688,#4692,#2579,.T.);
#5881=EDGE_CURVE('',#4687,#4691,#2580,.T.);
#5882=EDGE_CURVE('',#4693,#4694,#2581,.T.);
#5883=EDGE_CURVE('',#4692,#4693,#1932,.T.);
#5884=EDGE_CURVE('',#4691,#4694,#1933,.T.);
#5885=EDGE_CURVE('',#4693,#4695,#1934,.T.);
#5886=EDGE_CURVE('',#4694,#4696,#1935,.T.);
#5887=EDGE_CURVE('',#4696,#4695,#2582,.T.);
#5888=EDGE_CURVE('',#4697,#4698,#1936,.T.);
#5889=EDGE_CURVE('',#4697,#4699,#2583,.T.);
#5890=EDGE_CURVE('',#4699,#4700,#1937,.T.);
#5891=EDGE_CURVE('',#4700,#4698,#2584,.T.);
#5892=EDGE_CURVE('',#4701,#4702,#2585,.T.);
#5893=EDGE_CURVE('',#4698,#4702,#2586,.T.);
#5894=EDGE_CURVE('',#4700,#4701,#2587,.T.);
#5895=EDGE_CURVE('',#4703,#4704,#2588,.T.);
#5896=EDGE_CURVE('',#4702,#4704,#2589,.T.);
#5897=EDGE_CURVE('',#4701,#4703,#2590,.T.);
#5898=EDGE_CURVE('',#4705,#4706,#2591,.T.);
#5899=EDGE_CURVE('',#4704,#4706,#1938,.T.);
#5900=EDGE_CURVE('',#4703,#4705,#1939,.T.);
#5901=EDGE_CURVE('',#4707,#4708,#1940,.T.);
#5902=EDGE_CURVE('',#4709,#4707,#2592,.T.);
#5903=EDGE_CURVE('',#4710,#4709,#2593,.T.);
#5904=EDGE_CURVE('',#4711,#4710,#1941,.T.);
#5905=EDGE_CURVE('',#4712,#4711,#2594,.T.);
#5906=EDGE_CURVE('',#4712,#4713,#2595,.T.);
#5907=EDGE_CURVE('',#4335,#4713,#2596,.T.);
#5908=EDGE_CURVE('',#4335,#4343,#2597,.T.);
#5909=EDGE_CURVE('',#4344,#4336,#2598,.T.);
#5910=EDGE_CURVE('',#4714,#4336,#2599,.T.);
#5911=EDGE_CURVE('',#4715,#4714,#2600,.T.);
#5912=EDGE_CURVE('',#4716,#4715,#2601,.T.);
#5913=EDGE_CURVE('',#4717,#4716,#2602,.T.);
#5914=EDGE_CURVE('',#4708,#4717,#2603,.T.);
#5915=EDGE_CURVE('',#4718,#4719,#1942,.T.);
#5916=EDGE_CURVE('',#4720,#4718,#2604,.T.);
#5917=EDGE_CURVE('',#4721,#4720,#1943,.T.);
#5918=EDGE_CURVE('',#4722,#4721,#2605,.T.);
#5919=EDGE_CURVE('',#4723,#4722,#2606,.T.);
#5920=EDGE_CURVE('',#4724,#4723,#2607,.T.);
#5921=EDGE_CURVE('',#4725,#4724,#2608,.T.);
#5922=EDGE_CURVE('',#4339,#4725,#2609,.T.);
#5923=EDGE_CURVE('',#4726,#4340,#2610,.T.);
#5924=EDGE_CURVE('',#4726,#4727,#2611,.T.);
#5925=EDGE_CURVE('',#4719,#4727,#2612,.T.);
#5926=EDGE_CURVE('',#4728,#4659,#1944,.T.);
#5927=EDGE_CURVE('',#4729,#4728,#2613,.T.);
#5928=EDGE_CURVE('',#4729,#4660,#1945,.T.);
#5929=EDGE_CURVE('',#4728,#4730,#2614,.T.);
#5930=EDGE_CURVE('',#4657,#4731,#2615,.T.);
#5931=EDGE_CURVE('',#4730,#4731,#2616,.T.);
#5932=EDGE_CURVE('',#4732,#4731,#1946,.T.);
#5933=EDGE_CURVE('',#4733,#4732,#2617,.T.);
#5934=EDGE_CURVE('',#4730,#4733,#1947,.T.);
#5935=EDGE_CURVE('',#4734,#4729,#2618,.T.);
#5936=EDGE_CURVE('',#4734,#4735,#2619,.T.);
#5937=EDGE_CURVE('',#4658,#4735,#2620,.T.);
#5938=EDGE_CURVE('',#4733,#4736,#2621,.T.);
#5939=EDGE_CURVE('',#4732,#4737,#2622,.T.);
#5940=EDGE_CURVE('',#4738,#4737,#1948,.T.);
#5941=EDGE_CURVE('',#4738,#4739,#1949,.T.);
#5942=EDGE_CURVE('',#4739,#4740,#2623,.T.);
#5943=EDGE_CURVE('',#4740,#4741,#1950,.T.);
#5944=EDGE_CURVE('',#4741,#4742,#2624,.T.);
#5945=EDGE_CURVE('',#4742,#4743,#2625,.T.);
#5946=EDGE_CURVE('',#4743,#4744,#1951,.T.);
#5947=EDGE_CURVE('',#4744,#4745,#2626,.T.);
#5948=EDGE_CURVE('',#4745,#4746,#1952,.T.);
#5949=EDGE_CURVE('',#4746,#4672,#2627,.T.);
#5950=EDGE_CURVE('',#4671,#4747,#2628,.T.);
#5951=EDGE_CURVE('',#4747,#4748,#1953,.T.);
#5952=EDGE_CURVE('',#4748,#4749,#2629,.T.);
#5953=EDGE_CURVE('',#4749,#4750,#1954,.T.);
#5954=EDGE_CURVE('',#4750,#4751,#2630,.T.);
#5955=EDGE_CURVE('',#4751,#4752,#2631,.T.);
#5956=EDGE_CURVE('',#4752,#4753,#1955,.T.);
#5957=EDGE_CURVE('',#4753,#4754,#2632,.T.);
#5958=EDGE_CURVE('',#4754,#4755,#1956,.T.);
#5959=EDGE_CURVE('',#4756,#4755,#1957,.T.);
#5960=EDGE_CURVE('',#4756,#4682,#2633,.T.);
#5961=EDGE_CURVE('',#4757,#4681,#2634,.T.);
#5962=EDGE_CURVE('',#4757,#4758,#1958,.T.);
#5963=EDGE_CURVE('',#4759,#4758,#1959,.T.);
#5964=EDGE_CURVE('',#4760,#4759,#2635,.T.);
#5965=EDGE_CURVE('',#4760,#4761,#1960,.T.);
#5966=EDGE_CURVE('',#4762,#4761,#2636,.T.);
#5967=EDGE_CURVE('',#4762,#4763,#1961,.T.);
#5968=EDGE_CURVE('',#4763,#4764,#2637,.T.);
#5969=EDGE_CURVE('',#4764,#4765,#1962,.T.);
#5970=EDGE_CURVE('',#4765,#4766,#2638,.T.);
#5971=EDGE_CURVE('',#4767,#4766,#2639,.T.);
#5972=EDGE_CURVE('',#4767,#4768,#2640,.T.);
#5973=EDGE_CURVE('',#4768,#4769,#1963,.T.);
#5974=EDGE_CURVE('',#4769,#4770,#2641,.T.);
#5975=EDGE_CURVE('',#4770,#4771,#2642,.T.);
#5976=EDGE_CURVE('',#4771,#4772,#2643,.T.);
#5977=EDGE_CURVE('',#4772,#4773,#1964,.T.);
#5978=EDGE_CURVE('',#4773,#4774,#2644,.T.);
#5979=EDGE_CURVE('',#4774,#4775,#1965,.T.);
#5980=EDGE_CURVE('',#4775,#4674,#2645,.T.);
#5981=EDGE_CURVE('',#4673,#4776,#2646,.T.);
#5982=EDGE_CURVE('',#4776,#4777,#1966,.T.);
#5983=EDGE_CURVE('',#4777,#4778,#2647,.T.);
#5984=EDGE_CURVE('',#4778,#4779,#1967,.T.);
#5985=EDGE_CURVE('',#4779,#4780,#2648,.T.);
#5986=EDGE_CURVE('',#4780,#4781,#2649,.T.);
#5987=EDGE_CURVE('',#4781,#4782,#2650,.T.);
#5988=EDGE_CURVE('',#4782,#4783,#1968,.T.);
#5989=EDGE_CURVE('',#4783,#4784,#2651,.T.);
#5990=EDGE_CURVE('',#4785,#4784,#2652,.T.);
#5991=EDGE_CURVE('',#4785,#4786,#2653,.T.);
#5992=EDGE_CURVE('',#4786,#4787,#1969,.T.);
#5993=EDGE_CURVE('',#4787,#4788,#2654,.T.);
#5994=EDGE_CURVE('',#4788,#4789,#1970,.T.);
#5995=EDGE_CURVE('',#4790,#4789,#2655,.T.);
#5996=EDGE_CURVE('',#4790,#4791,#1971,.T.);
#5997=EDGE_CURVE('',#4792,#4791,#2656,.T.);
#5998=EDGE_CURVE('',#4793,#4792,#1972,.T.);
#5999=EDGE_CURVE('',#4793,#4736,#1973,.T.);
#6000=EDGE_CURVE('',#4794,#4795,#2657,.T.);
#6001=EDGE_CURVE('',#4796,#4795,#1974,.T.);
#6002=EDGE_CURVE('',#4796,#4797,#2658,.T.);
#6003=EDGE_CURVE('',#4797,#4794,#1975,.T.);
#6004=EDGE_CURVE('',#4798,#4799,#2659,.T.);
#6005=EDGE_CURVE('',#4795,#4799,#2660,.T.);
#6006=EDGE_CURVE('',#4794,#4798,#2661,.T.);
#6007=EDGE_CURVE('',#4800,#4801,#2662,.T.);
#6008=EDGE_CURVE('',#4799,#4800,#2663,.T.);
#6009=EDGE_CURVE('',#4798,#4801,#2664,.T.);
#6010=EDGE_CURVE('',#4800,#4802,#1976,.T.);
#6011=EDGE_CURVE('',#4801,#4803,#1977,.T.);
#6012=EDGE_CURVE('',#4803,#4802,#2665,.T.);
#6013=EDGE_CURVE('',#4804,#4805,#1978,.T.);
#6014=EDGE_CURVE('',#4804,#4806,#2666,.T.);
#6015=EDGE_CURVE('',#4806,#4807,#1979,.T.);
#6016=EDGE_CURVE('',#4807,#4805,#2667,.T.);
#6017=EDGE_CURVE('',#4808,#4809,#2668,.T.);
#6018=EDGE_CURVE('',#4805,#4809,#1980,.T.);
#6019=EDGE_CURVE('',#4807,#4808,#1981,.T.);
#6020=EDGE_CURVE('',#4810,#4811,#2669,.T.);
#6021=EDGE_CURVE('',#4809,#4811,#2670,.T.);
#6022=EDGE_CURVE('',#4808,#4810,#2671,.T.);
#6023=EDGE_CURVE('',#4812,#4813,#2672,.T.);
#6024=EDGE_CURVE('',#4811,#4813,#1982,.T.);
#6025=EDGE_CURVE('',#4810,#4812,#1983,.T.);
#6026=EDGE_CURVE('',#4435,#4575,#2673,.T.);
#6027=EDGE_CURVE('',#4814,#4442,#2674,.T.);
#6028=EDGE_CURVE('',#4815,#4814,#1984,.T.);
#6029=EDGE_CURVE('',#4816,#4815,#2675,.T.);
#6030=EDGE_CURVE('',#4817,#4816,#2676,.T.);
#6031=EDGE_CURVE('',#4818,#4817,#2677,.T.);
#6032=EDGE_CURVE('',#4818,#4819,#2678,.T.);
#6033=EDGE_CURVE('',#4820,#4819,#2679,.T.);
#6034=EDGE_CURVE('',#4821,#4820,#2680,.T.);
#6035=EDGE_CURVE('',#4822,#4821,#2681,.T.);
#6036=EDGE_CURVE('',#4823,#4822,#1985,.T.);
#6037=EDGE_CURVE('',#4445,#4823,#2682,.T.);
#6038=EDGE_CURVE('',#4824,#4825,#2683,.T.);
#6039=EDGE_CURVE('',#4767,#4824,#1986,.T.);
#6040=EDGE_CURVE('',#4766,#4825,#1987,.T.);
#6041=EDGE_CURVE('',#4826,#4827,#2684,.T.);
#6042=EDGE_CURVE('',#4827,#4752,#2685,.T.);
#6043=EDGE_CURVE('',#4751,#4826,#2686,.T.);
#6044=EDGE_CURVE('',#4827,#4828,#1988,.T.);
#6045=EDGE_CURVE('',#4828,#4753,#2687,.T.);
#6046=EDGE_CURVE('',#4828,#4829,#2688,.T.);
#6047=EDGE_CURVE('',#4829,#4754,#2689,.T.);
#6048=EDGE_CURVE('',#4829,#4830,#1989,.T.);
#6049=EDGE_CURVE('',#4755,#4830,#2690,.T.);
#6050=EDGE_CURVE('',#4830,#4831,#1990,.T.);
#6051=EDGE_CURVE('',#4831,#4756,#2691,.T.);
#6052=EDGE_CURVE('',#4831,#4832,#2692,.T.);
#6053=EDGE_CURVE('',#4832,#4685,#1991,.T.);
#6054=EDGE_CURVE('',#4832,#4833,#2693,.T.);
#6055=EDGE_CURVE('',#4686,#4833,#1992,.T.);
#6056=EDGE_CURVE('',#4833,#4834,#2694,.T.);
#6057=EDGE_CURVE('',#4834,#4757,#2695,.T.);
#6058=EDGE_CURVE('',#4834,#4835,#1993,.T.);
#6059=EDGE_CURVE('',#4758,#4835,#2696,.T.);
#6060=EDGE_CURVE('',#4835,#4836,#1994,.T.);
#6061=EDGE_CURVE('',#4759,#4836,#2697,.T.);
#6062=EDGE_CURVE('',#4836,#4837,#2698,.T.);
#6063=EDGE_CURVE('',#4837,#4760,#2699,.T.);
#6064=EDGE_CURVE('',#4761,#4838,#2700,.T.);
#6065=EDGE_CURVE('',#4837,#4838,#1995,.T.);
#6066=EDGE_CURVE('',#4838,#4839,#2701,.T.);
#6067=EDGE_CURVE('',#4839,#4762,#2702,.T.);
#6068=EDGE_CURVE('',#4840,#4763,#2703,.T.);
#6069=EDGE_CURVE('',#4839,#4840,#1996,.T.);
#6070=EDGE_CURVE('',#4841,#4764,#2704,.T.);
#6071=EDGE_CURVE('',#4840,#4841,#2705,.T.);
#6072=EDGE_CURVE('',#4706,#4842,#2706,.T.);
#6073=EDGE_CURVE('',#4843,#4842,#2707,.T.);
#6074=EDGE_CURVE('',#4843,#4689,#2708,.T.);
#6075=EDGE_CURVE('',#4695,#4824,#2709,.T.);
#6076=EDGE_CURVE('',#4825,#4697,#2710,.T.);
#6077=EDGE_CURVE('',#4705,#4844,#2711,.T.);
#6078=EDGE_CURVE('',#4845,#4699,#2712,.T.);
#6079=EDGE_CURVE('',#4845,#4846,#2713,.T.);
#6080=EDGE_CURVE('',#4696,#4846,#2714,.T.);
#6081=EDGE_CURVE('',#4847,#4690,#2715,.T.);
#6082=EDGE_CURVE('',#4847,#4844,#2716,.T.);
#6083=EDGE_CURVE('',#4848,#4849,#2717,.T.);
#6084=EDGE_CURVE('',#4713,#4848,#2718,.T.);
#6085=EDGE_CURVE('',#4712,#4850,#2719,.T.);
#6086=EDGE_CURVE('',#4851,#4850,#2720,.T.);
#6087=EDGE_CURVE('',#4852,#4851,#2721,.T.);
#6088=EDGE_CURVE('',#4853,#4852,#2722,.T.);
#6089=EDGE_CURVE('',#4854,#4853,#2723,.T.);
#6090=EDGE_CURVE('',#4849,#4854,#2724,.T.);
#6091=EDGE_CURVE('',#4855,#4856,#2725,.T.);
#6092=EDGE_CURVE('',#4857,#4855,#2726,.T.);
#6093=EDGE_CURVE('',#4858,#4857,#2727,.T.);
#6094=EDGE_CURVE('',#4859,#4858,#2728,.T.);
#6095=EDGE_CURVE('',#4860,#4859,#2729,.T.);
#6096=EDGE_CURVE('',#4727,#4860,#2730,.T.);
#6097=EDGE_CURVE('',#4726,#4861,#2731,.T.);
#6098=EDGE_CURVE('',#4856,#4861,#2732,.T.);
#6099=EDGE_CURVE('',#4430,#4862,#2733,.T.);
#6100=EDGE_CURVE('',#4862,#4747,#2734,.T.);
#6101=EDGE_CURVE('',#4863,#4748,#2735,.T.);
#6102=EDGE_CURVE('',#4862,#4863,#1997,.T.);
#6103=EDGE_CURVE('',#4864,#4749,#2736,.T.);
#6104=EDGE_CURVE('',#4863,#4864,#2737,.T.);
#6105=EDGE_CURVE('',#4864,#4865,#1998,.T.);
#6106=EDGE_CURVE('',#4865,#4750,#2738,.T.);
#6107=EDGE_CURVE('',#4865,#4861,#2739,.T.);
#6108=EDGE_CURVE('',#4861,#4826,#2740,.T.);
#6109=EDGE_CURVE('',#4426,#4866,#2741,.T.);
#6110=EDGE_CURVE('',#4403,#4866,#2742,.T.);
#6111=EDGE_CURVE('',#4866,#4867,#1999,.T.);
#6112=EDGE_CURVE('',#4867,#4405,#2743,.T.);
#6113=EDGE_CURVE('',#4406,#4868,#2744,.T.);
#6114=EDGE_CURVE('',#4867,#4868,#2745,.T.);
#6115=EDGE_CURVE('',#4868,#4869,#2000,.T.);
#6116=EDGE_CURVE('',#4869,#4407,#2746,.T.);
#6117=EDGE_CURVE('',#4869,#4427,#2747,.T.);
#6118=EDGE_CURVE('',#4428,#4870,#2748,.T.);
#6119=EDGE_CURVE('',#4871,#4870,#2749,.T.);
#6120=EDGE_CURVE('',#4871,#4429,#2750,.T.);
#6121=EDGE_CURVE('',#4870,#4872,#2001,.T.);
#6122=EDGE_CURVE('',#4872,#4873,#2751,.T.);
#6123=EDGE_CURVE('',#4873,#4871,#2002,.T.);
#6124=EDGE_CURVE('',#4874,#4746,#2752,.T.);
#6125=EDGE_CURVE('',#4745,#4875,#2753,.T.);
#6126=EDGE_CURVE('',#4875,#4874,#2003,.T.);
#6127=EDGE_CURVE('',#4874,#4424,#2754,.T.);
#6128=EDGE_CURVE('',#4423,#4876,#2755,.T.);
#6129=EDGE_CURVE('',#4877,#4876,#2756,.T.);
#6130=EDGE_CURVE('',#4877,#4425,#2757,.T.);
#6131=EDGE_CURVE('',#4878,#4877,#2004,.T.);
#6132=EDGE_CURVE('',#4876,#4879,#2005,.T.);
#6133=EDGE_CURVE('',#4879,#4878,#2758,.T.);
#6134=EDGE_CURVE('',#4743,#4880,#2759,.T.);
#6135=EDGE_CURVE('',#4880,#4881,#2006,.T.);
#6136=EDGE_CURVE('',#4881,#4744,#2760,.T.);
#6137=EDGE_CURVE('',#4881,#4875,#2761,.T.);
#6138=EDGE_CURVE('',#4882,#4883,#2007,.T.);
#6139=EDGE_CURVE('',#4883,#4884,#2762,.T.);
#6140=EDGE_CURVE('',#4885,#4884,#2008,.T.);
#6141=EDGE_CURVE('',#4885,#4882,#2763,.T.);
#6142=EDGE_CURVE('',#4886,#4711,#2764,.T.);
#6143=EDGE_CURVE('',#4884,#4886,#2765,.T.);
#6144=EDGE_CURVE('',#4850,#4883,#2766,.T.);
#6145=EDGE_CURVE('',#4886,#4887,#2009,.T.);
#6146=EDGE_CURVE('',#4710,#4887,#2767,.T.);
#6147=EDGE_CURVE('',#4709,#4888,#2768,.T.);
#6148=EDGE_CURVE('',#4887,#4888,#2769,.T.);
#6149=EDGE_CURVE('',#4889,#4890,#2770,.T.);
#6150=EDGE_CURVE('',#4889,#4785,#2010,.T.);
#6151=EDGE_CURVE('',#4890,#4784,#2011,.T.);
#6152=EDGE_CURVE('',#4891,#4788,#2771,.T.);
#6153=EDGE_CURVE('',#4787,#4892,#2772,.T.);
#6154=EDGE_CURVE('',#4892,#4891,#2773,.T.);
#6155=EDGE_CURVE('',#4789,#4893,#2774,.T.);
#6156=EDGE_CURVE('',#4891,#4893,#2012,.T.);
#6157=EDGE_CURVE('',#4893,#4894,#2775,.T.);
#6158=EDGE_CURVE('',#4894,#4790,#2776,.T.);
#6159=EDGE_CURVE('',#4791,#4895,#2777,.T.);
#6160=EDGE_CURVE('',#4894,#4895,#2013,.T.);
#6161=EDGE_CURVE('',#4895,#4896,#2778,.T.);
#6162=EDGE_CURVE('',#4792,#4896,#2779,.T.);
#6163=EDGE_CURVE('',#4896,#4897,#2014,.T.);
#6164=EDGE_CURVE('',#4897,#4793,#2780,.T.);
#6165=EDGE_CURVE('',#4897,#4898,#2015,.T.);
#6166=EDGE_CURVE('',#4736,#4898,#2781,.T.);
#6167=EDGE_CURVE('',#4898,#4899,#2782,.T.);
#6168=EDGE_CURVE('',#4899,#4734,#2016,.T.);
#6169=EDGE_CURVE('',#4899,#4900,#2783,.T.);
#6170=EDGE_CURVE('',#4735,#4900,#2017,.T.);
#6171=EDGE_CURVE('',#4737,#4901,#2784,.T.);
#6172=EDGE_CURVE('',#4900,#4901,#2785,.T.);
#6173=EDGE_CURVE('',#4901,#4902,#2018,.T.);
#6174=EDGE_CURVE('',#4902,#4738,#2786,.T.);
#6175=EDGE_CURVE('',#4902,#4903,#2019,.T.);
#6176=EDGE_CURVE('',#4903,#4739,#2787,.T.);
#6177=EDGE_CURVE('',#4903,#4904,#2788,.T.);
#6178=EDGE_CURVE('',#4904,#4740,#2789,.T.);
#6179=EDGE_CURVE('',#4904,#4905,#2020,.T.);
#6180=EDGE_CURVE('',#4905,#4741,#2790,.T.);
#6181=EDGE_CURVE('',#4905,#4906,#2791,.T.);
#6182=EDGE_CURVE('',#4906,#4742,#2792,.T.);
#6183=EDGE_CURVE('',#4906,#4848,#2793,.T.);
#6184=EDGE_CURVE('',#4848,#4880,#2794,.T.);
#6185=EDGE_CURVE('',#4813,#4907,#2795,.T.);
#6186=EDGE_CURVE('',#4908,#4907,#2796,.T.);
#6187=EDGE_CURVE('',#4908,#4796,#2797,.T.);
#6188=EDGE_CURVE('',#4802,#4889,#2798,.T.);
#6189=EDGE_CURVE('',#4890,#4804,#2799,.T.);
#6190=EDGE_CURVE('',#4812,#4909,#2800,.T.);
#6191=EDGE_CURVE('',#4910,#4806,#2801,.T.);
#6192=EDGE_CURVE('',#4910,#4911,#2802,.T.);
#6193=EDGE_CURVE('',#4803,#4911,#2803,.T.);
#6194=EDGE_CURVE('',#4912,#4797,#2804,.T.);
#6195=EDGE_CURVE('',#4912,#4909,#2805,.T.);
#6196=EDGE_CURVE('',#4913,#4818,#2806,.T.);
#6197=EDGE_CURVE('',#4913,#4914,#2807,.T.);
#6198=EDGE_CURVE('',#4819,#4914,#2808,.T.);
#6199=EDGE_CURVE('',#4915,#4724,#2809,.T.);
#6200=EDGE_CURVE('',#4915,#4916,#2810,.T.);
#6201=EDGE_CURVE('',#4916,#4725,#2811,.T.);
#6202=EDGE_CURVE('',#4917,#4918,#2021,.T.);
#6203=EDGE_CURVE('',#4918,#4919,#2022,.T.);
#6204=EDGE_CURVE('',#4765,#4919,#2812,.T.);
#6205=EDGE_CURVE('',#4841,#4917,#2023,.T.);
#6206=EDGE_CURVE('',#4919,#4920,#2813,.T.);
#6207=EDGE_CURVE('',#4920,#4845,#2024,.T.);
#6208=EDGE_CURVE('',#4846,#4921,#2025,.T.);
#6209=EDGE_CURVE('',#4920,#4921,#2814,.T.);
#6210=EDGE_CURVE('',#4921,#4922,#2815,.T.);
#6211=EDGE_CURVE('',#4922,#4923,#2816,.T.);
#6212=EDGE_CURVE('',#4923,#4768,#2817,.T.);
#6213=EDGE_CURVE('',#4923,#4924,#2026,.T.);
#6214=EDGE_CURVE('',#4924,#4769,#2818,.T.);
#6215=EDGE_CURVE('',#4924,#4925,#2819,.T.);
#6216=EDGE_CURVE('',#4925,#4926,#2820,.T.);
#6217=EDGE_CURVE('',#4926,#4770,#2821,.T.);
#6218=EDGE_CURVE('',#4927,#4928,#2822,.T.);
#6219=EDGE_CURVE('',#4928,#4916,#2823,.T.);
#6220=EDGE_CURVE('',#4927,#4915,#2824,.T.);
#6221=EDGE_CURVE('',#4928,#4917,#2825,.T.);
#6222=EDGE_CURVE('',#4929,#4775,#2826,.T.);
#6223=EDGE_CURVE('',#4774,#4930,#2827,.T.);
#6224=EDGE_CURVE('',#4930,#4929,#2027,.T.);
#6225=EDGE_CURVE('',#4929,#4440,#2828,.T.);
#6226=EDGE_CURVE('',#4441,#4931,#2829,.T.);
#6227=EDGE_CURVE('',#4814,#4931,#2830,.T.);
#6228=EDGE_CURVE('',#4931,#4932,#2028,.T.);
#6229=EDGE_CURVE('',#4932,#4815,#2831,.T.);
#6230=EDGE_CURVE('',#4926,#4933,#2832,.T.);
#6231=EDGE_CURVE('',#4933,#4934,#2833,.T.);
#6232=EDGE_CURVE('',#4934,#4771,#2834,.T.);
#6233=EDGE_CURVE('',#4934,#4935,#2835,.T.);
#6234=EDGE_CURVE('',#4935,#4772,#2836,.T.);
#6235=EDGE_CURVE('',#4936,#4773,#2837,.T.);
#6236=EDGE_CURVE('',#4935,#4936,#2029,.T.);
#6237=EDGE_CURVE('',#4936,#4930,#2838,.T.);
#6238=EDGE_CURVE('',#4925,#4937,#2839,.T.);
#6239=EDGE_CURVE('',#4937,#4938,#2030,.T.);
#6240=EDGE_CURVE('',#4938,#4933,#2840,.T.);
#6241=EDGE_CURVE('',#4939,#4843,#2031,.T.);
#6242=EDGE_CURVE('',#4842,#4940,#2032,.T.);
#6243=EDGE_CURVE('',#4939,#4940,#2841,.T.);
#6244=EDGE_CURVE('',#4941,#4942,#2842,.T.);
#6245=EDGE_CURVE('',#4942,#4943,#2843,.T.);
#6246=EDGE_CURVE('',#4943,#4847,#2033,.T.);
#6247=EDGE_CURVE('',#4941,#4939,#2844,.T.);
#6248=EDGE_CURVE('',#4943,#4944,#2845,.T.);
#6249=EDGE_CURVE('',#4844,#4944,#2034,.T.);
#6250=EDGE_CURVE('',#4945,#4946,#2846,.T.);
#6251=EDGE_CURVE('',#4940,#4946,#2847,.T.);
#6252=EDGE_CURVE('',#4944,#4945,#2848,.T.);
#6253=EDGE_CURVE('',#4947,#4948,#2849,.T.);
#6254=EDGE_CURVE('',#4946,#4947,#2035,.T.);
#6255=EDGE_CURVE('',#4945,#4948,#2036,.T.);
#6256=EDGE_CURVE('',#4947,#4949,#2037,.T.);
#6257=EDGE_CURVE('',#4948,#4950,#2038,.T.);
#6258=EDGE_CURVE('',#4950,#4949,#2850,.T.);
#6259=EDGE_CURVE('',#4951,#4952,#2851,.T.);
#6260=EDGE_CURVE('',#4949,#4951,#2852,.T.);
#6261=EDGE_CURVE('',#4950,#4952,#2853,.T.);
#6262=EDGE_CURVE('',#4951,#4953,#2039,.T.);
#6263=EDGE_CURVE('',#4952,#4954,#2040,.T.);
#6264=EDGE_CURVE('',#4954,#4953,#2854,.T.);
#6265=EDGE_CURVE('',#4955,#4941,#2041,.T.);
#6266=EDGE_CURVE('',#4956,#4955,#2855,.T.);
#6267=EDGE_CURVE('',#4956,#4942,#2042,.T.);
#6268=EDGE_CURVE('',#4957,#4849,#2856,.T.);
#6269=EDGE_CURVE('',#4854,#4958,#2857,.T.);
#6270=EDGE_CURVE('',#4957,#4958,#2858,.T.);
#6271=EDGE_CURVE('',#4856,#4959,#2859,.T.);
#6272=EDGE_CURVE('',#4960,#4959,#2860,.T.);
#6273=EDGE_CURVE('',#4960,#4855,#2861,.T.);
#6274=EDGE_CURVE('',#4873,#4961,#2862,.T.);
#6275=EDGE_CURVE('',#4959,#4961,#2863,.T.);
#6276=EDGE_CURVE('',#4872,#4962,#2864,.T.);
#6277=EDGE_CURVE('',#4961,#4962,#2865,.T.);
#6278=EDGE_CURVE('',#4878,#4963,#2866,.T.);
#6279=EDGE_CURVE('',#4962,#4963,#2867,.T.);
#6280=EDGE_CURVE('',#4963,#4964,#2868,.T.);
#6281=EDGE_CURVE('',#4879,#4964,#2869,.T.);
#6282=EDGE_CURVE('',#4964,#4957,#2870,.T.);
#6283=EDGE_CURVE('',#4965,#4966,#2871,.T.);
#6284=EDGE_CURVE('',#4966,#4859,#2872,.T.);
#6285=EDGE_CURVE('',#4858,#4965,#2873,.T.);
#6286=EDGE_CURVE('',#4967,#4720,#2874,.T.);
#6287=EDGE_CURVE('',#4968,#4718,#2875,.T.);
#6288=EDGE_CURVE('',#4967,#4968,#2876,.T.);
#6289=EDGE_CURVE('',#4969,#4970,#2877,.T.);
#6290=EDGE_CURVE('',#4971,#4969,#2878,.T.);
#6291=EDGE_CURVE('',#4971,#4972,#2043,.T.);
#6292=EDGE_CURVE('',#4973,#4972,#2044,.T.);
#6293=EDGE_CURVE('',#4852,#4973,#2879,.T.);
#6294=EDGE_CURVE('',#4970,#4851,#2880,.T.);
#6295=EDGE_CURVE('',#4974,#4975,#2881,.T.);
#6296=EDGE_CURVE('',#4882,#4975,#2882,.T.);
#6297=EDGE_CURVE('',#4974,#4885,#2883,.T.);
#6298=EDGE_CURVE('',#4707,#4976,#2884,.T.);
#6299=EDGE_CURVE('',#4888,#4976,#2885,.T.);
#6300=EDGE_CURVE('',#4976,#4977,#2045,.T.);
#6301=EDGE_CURVE('',#4977,#4974,#2886,.T.);
#6302=EDGE_CURVE('',#4781,#4978,#2887,.T.);
#6303=EDGE_CURVE('',#4978,#4979,#2888,.T.);
#6304=EDGE_CURVE('',#4979,#4980,#2889,.T.);
#6305=EDGE_CURVE('',#4980,#4782,#2890,.T.);
#6306=EDGE_CURVE('',#4980,#4981,#2046,.T.);
#6307=EDGE_CURVE('',#4783,#4981,#2891,.T.);
#6308=EDGE_CURVE('',#4911,#4982,#2047,.T.);
#6309=EDGE_CURVE('',#4983,#4910,#2048,.T.);
#6310=EDGE_CURVE('',#4983,#4982,#2892,.T.);
#6311=EDGE_CURVE('',#4984,#4786,#2893,.T.);
#6312=EDGE_CURVE('',#4982,#4984,#2894,.T.);
#6313=EDGE_CURVE('',#4981,#4985,#2895,.T.);
#6314=EDGE_CURVE('',#4985,#4983,#2896,.T.);
#6315=EDGE_CURVE('',#4984,#4986,#2049,.T.);
#6316=EDGE_CURVE('',#4986,#4987,#2050,.T.);
#6317=EDGE_CURVE('',#4987,#4892,#2051,.T.);
#6318=EDGE_CURVE('',#4988,#4714,#2897,.T.);
#6319=EDGE_CURVE('',#4987,#4989,#2898,.T.);
#6320=EDGE_CURVE('',#4989,#4988,#2899,.T.);
#6321=EDGE_CURVE('',#4988,#4990,#2900,.T.);
#6322=EDGE_CURVE('',#4715,#4990,#2901,.T.);
#6323=EDGE_CURVE('',#4989,#4991,#2902,.T.);
#6324=EDGE_CURVE('',#4990,#4991,#2903,.T.);
#6325=EDGE_CURVE('',#4907,#4992,#2052,.T.);
#6326=EDGE_CURVE('',#4993,#4992,#2904,.T.);
#6327=EDGE_CURVE('',#4993,#4908,#2053,.T.);
#6328=EDGE_CURVE('',#4994,#4995,#2905,.T.);
#6329=EDGE_CURVE('',#4996,#4994,#2906,.T.);
#6330=EDGE_CURVE('',#4997,#4996,#2907,.T.);
#6331=EDGE_CURVE('',#4997,#4995,#2908,.T.);
#6332=EDGE_CURVE('',#4994,#4998,#2054,.T.);
#6333=EDGE_CURVE('',#4995,#4999,#2055,.T.);
#6334=EDGE_CURVE('',#4999,#4998,#2909,.T.);
#6335=EDGE_CURVE('',#5000,#5001,#2910,.T.);
#6336=EDGE_CURVE('',#4998,#5001,#2056,.T.);
#6337=EDGE_CURVE('',#4999,#5000,#2057,.T.);
#6338=EDGE_CURVE('',#5000,#5002,#2911,.T.);
#6339=EDGE_CURVE('',#5002,#4912,#2058,.T.);
#6340=EDGE_CURVE('',#5001,#4993,#2912,.T.);
#6341=EDGE_CURVE('',#5002,#5003,#2913,.T.);
#6342=EDGE_CURVE('',#4909,#5003,#2059,.T.);
#6343=EDGE_CURVE('',#4992,#5004,#2914,.T.);
#6344=EDGE_CURVE('',#5003,#5005,#2915,.T.);
#6345=EDGE_CURVE('',#5005,#5004,#2916,.T.);
#6346=EDGE_CURVE('',#5006,#5007,#2917,.T.);
#6347=EDGE_CURVE('',#5004,#5006,#2060,.T.);
#6348=EDGE_CURVE('',#5005,#5007,#2061,.T.);
#6349=EDGE_CURVE('',#5008,#4996,#2062,.T.);
#6350=EDGE_CURVE('',#5008,#5009,#2918,.T.);
#6351=EDGE_CURVE('',#5009,#4997,#2063,.T.);
#6352=EDGE_CURVE('',#5010,#5011,#2064,.T.);
#6353=EDGE_CURVE('',#5011,#4979,#2919,.T.);
#6354=EDGE_CURVE('',#4978,#5012,#2920,.T.);
#6355=EDGE_CURVE('',#5012,#5010,#2921,.T.);
#6356=EDGE_CURVE('',#5013,#4823,#2922,.T.);
#6357=EDGE_CURVE('',#5013,#4446,#2923,.T.);
#6358=EDGE_CURVE('',#4436,#5014,#2924,.T.);
#6359=EDGE_CURVE('',#5014,#4776,#2925,.T.);
#6360=EDGE_CURVE('',#5015,#4777,#2926,.T.);
#6361=EDGE_CURVE('',#5014,#5015,#2065,.T.);
#6362=EDGE_CURVE('',#5016,#4778,#2927,.T.);
#6363=EDGE_CURVE('',#5015,#5016,#2928,.T.);
#6364=EDGE_CURVE('',#5017,#4779,#2929,.T.);
#6365=EDGE_CURVE('',#5016,#5017,#2066,.T.);
#6366=EDGE_CURVE('',#5017,#5018,#2930,.T.);
#6367=EDGE_CURVE('',#5018,#4780,#2931,.T.);
#6368=EDGE_CURVE('',#5018,#5012,#2932,.T.);
#6369=EDGE_CURVE('',#4822,#5019,#2933,.T.);
#6370=EDGE_CURVE('',#5019,#5013,#2067,.T.);
#6371=EDGE_CURVE('',#5020,#4914,#2934,.T.);
#6372=EDGE_CURVE('',#5021,#4913,#2935,.T.);
#6373=EDGE_CURVE('',#5021,#5020,#2936,.T.);
#6374=EDGE_CURVE('',#5022,#5023,#2937,.T.);
#6375=EDGE_CURVE('',#5024,#5022,#2938,.T.);
#6376=EDGE_CURVE('',#5024,#5023,#2939,.T.);
#6377=EDGE_CURVE('',#5023,#5025,#2940,.T.);
#6378=EDGE_CURVE('',#4953,#5024,#2941,.T.);
#6379=EDGE_CURVE('',#4954,#5025,#2942,.T.);
#6380=EDGE_CURVE('',#4723,#5026,#2943,.T.);
#6381=EDGE_CURVE('',#5026,#4927,#2944,.T.);
#6382=EDGE_CURVE('',#4917,#5027,#2945,.T.);
#6383=EDGE_CURVE('',#5027,#4918,#2946,.T.);
#6384=EDGE_CURVE('',#4918,#4922,#2947,.T.);
#6385=EDGE_CURVE('',#4922,#5028,#2948,.T.);
#6386=EDGE_CURVE('',#5028,#4925,#2949,.T.);
#6387=EDGE_CURVE('',#5026,#5027,#2950,.T.);
#6388=EDGE_CURVE('',#4937,#5029,#2951,.T.);
#6389=EDGE_CURVE('',#5030,#5029,#2068,.T.);
#6390=EDGE_CURVE('',#5030,#4938,#2952,.T.);
#6391=EDGE_CURVE('',#5028,#5031,#2953,.T.);
#6392=EDGE_CURVE('',#5029,#5031,#2954,.T.);
#6393=EDGE_CURVE('',#4816,#5032,#2955,.T.);
#6394=EDGE_CURVE('',#4932,#5032,#2956,.T.);
#6395=EDGE_CURVE('',#4933,#5033,#2957,.T.);
#6396=EDGE_CURVE('',#5032,#5033,#2958,.T.);
#6397=EDGE_CURVE('',#5034,#5030,#2959,.T.);
#6398=EDGE_CURVE('',#5033,#5034,#2960,.T.);
#6399=EDGE_CURVE('',#5035,#5036,#2961,.T.);
#6400=EDGE_CURVE('',#5037,#5035,#2962,.T.);
#6401=EDGE_CURVE('',#5036,#5037,#2963,.T.);
#6402=EDGE_CURVE('',#5038,#5022,#2964,.T.);
#6403=EDGE_CURVE('',#5036,#5038,#2965,.T.);
#6404=EDGE_CURVE('',#5039,#5037,#2069,.T.);
#6405=EDGE_CURVE('',#5039,#5040,#2070,.T.);
#6406=EDGE_CURVE('',#5040,#5041,#2966,.T.);
#6407=EDGE_CURVE('',#4955,#5041,#2071,.T.);
#6408=EDGE_CURVE('',#5025,#5042,#2967,.T.);
#6409=EDGE_CURVE('',#5043,#4956,#2072,.T.);
#6410=EDGE_CURVE('',#5042,#5043,#2968,.T.);
#6411=EDGE_CURVE('',#5041,#5044,#2969,.T.);
#6412=EDGE_CURVE('',#5043,#5044,#75,.T.);
#6413=EDGE_CURVE('',#5044,#5045,#2970,.T.);
#6414=EDGE_CURVE('',#5040,#5045,#2971,.T.);
#6415=EDGE_CURVE('',#5045,#5046,#76,.T.);
#6416=EDGE_CURVE('',#5046,#5039,#2972,.T.);
#6417=EDGE_CURVE('',#5046,#5035,#77,.T.);
#6418=EDGE_CURVE('',#5047,#5048,#2973,.T.);
#6419=EDGE_CURVE('',#5048,#5049,#2974,.T.);
#6420=EDGE_CURVE('',#5050,#5049,#2073,.T.);
#6421=EDGE_CURVE('',#5047,#5050,#2074,.T.);
#6422=EDGE_CURVE('',#5049,#5051,#2975,.T.);
#6423=EDGE_CURVE('',#5048,#5052,#2976,.T.);
#6424=EDGE_CURVE('',#5051,#5052,#2977,.T.);
#6425=EDGE_CURVE('',#4721,#5053,#2978,.T.);
#6426=EDGE_CURVE('',#5054,#4967,#2075,.T.);
#6427=EDGE_CURVE('',#5054,#5055,#2979,.T.);
#6428=EDGE_CURVE('',#5053,#5055,#2076,.T.);
#6429=EDGE_CURVE('',#5055,#5056,#2980,.T.);
#6430=EDGE_CURVE('',#5056,#5057,#2077,.T.);
#6431=EDGE_CURVE('',#5053,#5057,#2981,.T.);
#6432=EDGE_CURVE('',#5058,#5059,#2078,.T.);
#6433=EDGE_CURVE('',#5059,#5058,#2079,.T.);
#6434=EDGE_CURVE('',#4972,#5060,#2982,.T.);
#6435=EDGE_CURVE('',#5061,#4971,#2983,.T.);
#6436=EDGE_CURVE('',#5061,#5060,#2080,.T.);
#6437=EDGE_CURVE('',#5060,#5062,#2081,.T.);
#6438=EDGE_CURVE('',#4973,#5062,#2984,.T.);
#6439=EDGE_CURVE('',#5062,#4853,#2985,.T.);
#6440=EDGE_CURVE('',#4958,#4960,#2986,.T.);
#6441=EDGE_CURVE('',#4857,#5063,#2987,.T.);
#6442=EDGE_CURVE('',#5063,#4965,#2988,.T.);
#6443=EDGE_CURVE('',#5063,#5064,#2989,.T.);
#6444=EDGE_CURVE('',#5064,#4966,#2990,.T.);
#6445=EDGE_CURVE('',#5064,#4860,#2991,.T.);
#6446=EDGE_CURVE('',#4968,#5065,#2082,.T.);
#6447=EDGE_CURVE('',#4719,#5065,#2992,.T.);
#6448=EDGE_CURVE('',#5051,#5066,#2083,.T.);
#6449=EDGE_CURVE('',#5052,#5054,#2993,.T.);
#6450=EDGE_CURVE('',#5065,#5066,#2994,.T.);
#6451=EDGE_CURVE('',#5067,#5050,#2995,.T.);
#6452=EDGE_CURVE('',#5066,#5067,#2996,.T.);
#6453=EDGE_CURVE('',#5050,#5059,#2997,.T.);
#6454=EDGE_CURVE('',#5047,#5058,#2998,.T.);
#6455=EDGE_CURVE('',#5068,#5069,#2999,.T.);
#6456=EDGE_CURVE('',#5070,#5068,#3000,.T.);
#6457=EDGE_CURVE('',#5071,#5070,#3001,.T.);
#6458=EDGE_CURVE('',#5071,#5072,#3002,.T.);
#6459=EDGE_CURVE('',#5072,#5073,#3003,.T.);
#6460=EDGE_CURVE('',#5074,#5073,#3004,.T.);
#6461=EDGE_CURVE('',#5069,#5074,#2084,.T.);
#6462=EDGE_CURVE('',#4970,#5071,#2085,.T.);
#6463=EDGE_CURVE('',#4969,#5070,#2086,.T.);
#6464=EDGE_CURVE('',#5075,#5073,#2087,.T.);
#6465=EDGE_CURVE('',#5076,#5072,#2088,.T.);
#6466=EDGE_CURVE('',#5076,#5075,#3005,.T.);
#6467=EDGE_CURVE('',#5077,#5078,#2089,.T.);
#6468=EDGE_CURVE('',#5077,#5079,#3006,.T.);
#6469=EDGE_CURVE('',#5079,#5080,#2090,.T.);
#6470=EDGE_CURVE('',#5078,#5080,#3007,.T.);
#6471=EDGE_CURVE('',#5081,#4977,#3008,.T.);
#6472=EDGE_CURVE('',#4975,#5081,#3009,.T.);
#6473=EDGE_CURVE('',#4977,#4708,#3010,.T.);
#6474=EDGE_CURVE('',#5082,#5083,#2091,.T.);
#6475=EDGE_CURVE('',#5083,#5084,#3011,.T.);
#6476=EDGE_CURVE('',#5085,#5084,#2092,.T.);
#6477=EDGE_CURVE('',#5085,#5082,#3012,.T.);
#6478=EDGE_CURVE('',#5086,#5087,#3013,.T.);
#6479=EDGE_CURVE('',#5084,#5086,#2093,.T.);
#6480=EDGE_CURVE('',#5083,#5087,#2094,.T.);
#6481=EDGE_CURVE('',#5086,#5081,#3014,.T.);
#6482=EDGE_CURVE('',#5087,#5076,#3015,.T.);
#6483=EDGE_CURVE('',#5088,#5089,#3016,.T.);
#6484=EDGE_CURVE('',#5090,#5088,#2095,.T.);
#6485=EDGE_CURVE('',#5091,#5090,#3017,.T.);
#6486=EDGE_CURVE('',#5091,#5089,#2096,.T.);
#6487=EDGE_CURVE('',#5088,#5092,#3018,.T.);
#6488=EDGE_CURVE('',#5089,#5093,#3019,.T.);
#6489=EDGE_CURVE('',#5092,#5093,#3020,.T.);
#6490=EDGE_CURVE('',#5093,#5094,#2097,.T.);
#6491=EDGE_CURVE('',#5094,#5095,#3021,.T.);
#6492=EDGE_CURVE('',#5092,#5095,#2098,.T.);
#6493=EDGE_CURVE('',#5096,#5097,#3022,.T.);
#6494=EDGE_CURVE('',#5095,#5096,#3023,.T.);
#6495=EDGE_CURVE('',#5094,#5097,#3024,.T.);
#6496=EDGE_CURVE('',#5097,#5098,#2099,.T.);
#6497=EDGE_CURVE('',#5098,#5099,#3025,.T.);
#6498=EDGE_CURVE('',#5096,#5099,#2100,.T.);
#6499=EDGE_CURVE('',#5100,#5101,#3026,.T.);
#6500=EDGE_CURVE('',#5099,#5101,#3027,.T.);
#6501=EDGE_CURVE('',#5098,#5100,#3028,.T.);
#6502=EDGE_CURVE('',#5100,#5102,#2101,.T.);
#6503=EDGE_CURVE('',#5102,#5103,#3029,.T.);
#6504=EDGE_CURVE('',#5101,#5103,#2102,.T.);
#6505=EDGE_CURVE('',#5104,#5085,#3030,.T.);
#6506=EDGE_CURVE('',#5103,#5104,#3031,.T.);
#6507=EDGE_CURVE('',#5102,#5082,#3032,.T.);
#6508=EDGE_CURVE('',#5010,#5105,#3033,.T.);
#6509=EDGE_CURVE('',#5106,#5105,#2103,.T.);
#6510=EDGE_CURVE('',#5106,#5011,#3034,.T.);
#6511=EDGE_CURVE('',#5107,#5108,#3035,.T.);
#6512=EDGE_CURVE('',#5108,#4979,#3036,.T.);
#6513=EDGE_CURVE('',#5107,#5106,#3037,.T.);
#6514=EDGE_CURVE('',#5108,#4985,#3038,.T.);
#6515=EDGE_CURVE('',#4985,#4986,#3039,.T.);
#6516=EDGE_CURVE('',#4986,#5109,#3040,.T.);
#6517=EDGE_CURVE('',#5109,#4987,#3041,.T.);
#6518=EDGE_CURVE('',#4991,#5110,#3042,.T.);
#6519=EDGE_CURVE('',#5109,#5110,#3043,.T.);
#6520=EDGE_CURVE('',#5110,#4716,#3044,.T.);
#6521=EDGE_CURVE('',#5111,#5112,#3045,.T.);
#6522=EDGE_CURVE('',#5113,#5111,#3046,.T.);
#6523=EDGE_CURVE('',#5112,#5113,#3047,.T.);
#6524=EDGE_CURVE('',#5114,#5113,#2104,.T.);
#6525=EDGE_CURVE('',#5114,#5115,#3048,.T.);
#6526=EDGE_CURVE('',#5112,#5115,#78,.T.);
#6527=EDGE_CURVE('',#5115,#5116,#79,.T.);
#6528=EDGE_CURVE('',#5117,#5114,#2105,.T.);
#6529=EDGE_CURVE('',#5117,#5116,#3049,.T.);
#6530=EDGE_CURVE('',#5116,#5118,#3050,.T.);
#6531=EDGE_CURVE('',#5119,#5117,#3051,.T.);
#6532=EDGE_CURVE('',#5118,#5119,#3052,.T.);
#6533=EDGE_CURVE('',#5007,#5120,#2106,.T.);
#6534=EDGE_CURVE('',#5118,#5120,#80,.T.);
#6535=EDGE_CURVE('',#5006,#5119,#2107,.T.);
#6536=EDGE_CURVE('',#5121,#5122,#3053,.T.);
#6537=EDGE_CURVE('',#5121,#5123,#3054,.T.);
#6538=EDGE_CURVE('',#5122,#5123,#3055,.T.);
#6539=EDGE_CURVE('',#5124,#5111,#3056,.T.);
#6540=EDGE_CURVE('',#5122,#5124,#3057,.T.);
#6541=EDGE_CURVE('',#5123,#5008,#3058,.T.);
#6542=EDGE_CURVE('',#5125,#5126,#3059,.T.);
#6543=EDGE_CURVE('',#5120,#5125,#3060,.T.);
#6544=EDGE_CURVE('',#5009,#5126,#3061,.T.);
#6545=EDGE_CURVE('',#5126,#5121,#3062,.T.);
#6546=EDGE_CURVE('',#5012,#5127,#3063,.T.);
#6547=EDGE_CURVE('',#5128,#5127,#3064,.T.);
#6548=EDGE_CURVE('',#5105,#5128,#3065,.T.);
#6549=EDGE_CURVE('',#5019,#5129,#3066,.T.);
#6550=EDGE_CURVE('',#5127,#5129,#3067,.T.);
#6551=EDGE_CURVE('',#5129,#4821,#3068,.T.);
#6552=EDGE_CURVE('',#5130,#5131,#2108,.T.);
#6553=EDGE_CURVE('',#4820,#5130,#3069,.T.);
#6554=EDGE_CURVE('',#5020,#5131,#3070,.T.);
#6555=EDGE_CURVE('',#5021,#5132,#3071,.T.);
#6556=EDGE_CURVE('',#5131,#5132,#3072,.T.);
#6557=EDGE_CURVE('',#5132,#5133,#2109,.T.);
#6558=EDGE_CURVE('',#5133,#4817,#3073,.T.);
#6559=EDGE_CURVE('',#5134,#5135,#3074,.T.);
#6560=EDGE_CURVE('',#5136,#5135,#3075,.T.);
#6561=EDGE_CURVE('',#5038,#5136,#3076,.T.);
#6562=EDGE_CURVE('',#5137,#5042,#3077,.T.);
#6563=EDGE_CURVE('',#5137,#5138,#3078,.T.);
#6564=EDGE_CURVE('',#5138,#5134,#81,.T.);
#6565=EDGE_CURVE('',#5139,#5140,#3079,.T.);
#6566=EDGE_CURVE('',#5140,#5026,#3080,.T.);
#6567=EDGE_CURVE('',#5139,#4722,#3081,.T.);
#6568=EDGE_CURVE('',#5140,#5031,#3082,.T.);
#6569=EDGE_CURVE('',#5031,#5141,#3083,.T.);
#6570=EDGE_CURVE('',#5034,#5141,#3084,.T.);
#6571=EDGE_CURVE('',#5135,#5142,#3085,.T.);
#6572=EDGE_CURVE('',#5133,#5142,#3086,.T.);
#6573=EDGE_CURVE('',#5141,#5143,#3087,.T.);
#6574=EDGE_CURVE('',#5136,#5143,#3088,.T.);
#6575=EDGE_CURVE('',#5143,#5144,#3089,.T.);
#6576=EDGE_CURVE('',#5144,#5137,#3090,.T.);
#6577=EDGE_CURVE('',#5056,#5145,#3091,.T.);
#6578=EDGE_CURVE('',#5145,#5146,#2110,.T.);
#6579=EDGE_CURVE('',#5057,#5146,#3092,.T.);
#6580=EDGE_CURVE('',#5146,#5147,#3093,.T.);
#6581=EDGE_CURVE('',#5147,#5139,#3094,.T.);
#6582=EDGE_CURVE('',#5058,#5148,#3095,.T.);
#6583=EDGE_CURVE('',#5058,#5148,#3096,.T.);
#6584=EDGE_CURVE('',#5148,#5149,#33,.T.);
#6585=EDGE_CURVE('',#5149,#5150,#34,.T.);
#6586=EDGE_CURVE('',#5150,#5151,#35,.T.);
#6587=EDGE_CURVE('',#5151,#5152,#36,.T.);
#6588=EDGE_CURVE('',#5152,#5153,#3097,.T.);
#6589=EDGE_CURVE('',#5153,#5145,#3098,.T.);
#6590=EDGE_CURVE('',#5059,#5154,#3099,.T.);
#6591=EDGE_CURVE('',#5154,#5155,#3100,.T.);
#6592=EDGE_CURVE('',#5156,#5155,#2111,.T.);
#6593=EDGE_CURVE('',#5156,#5058,#3101,.T.);
#6594=EDGE_CURVE('',#5157,#5061,#3102,.T.);
#6595=EDGE_CURVE('',#5158,#5157,#3103,.T.);
#6596=EDGE_CURVE('',#5159,#5158,#3104,.T.);
#6597=EDGE_CURVE('',#5160,#5159,#3105,.T.);
#6598=EDGE_CURVE('',#5161,#5160,#3106,.T.);
#6599=EDGE_CURVE('',#5162,#5161,#2112,.T.);
#6600=EDGE_CURVE('',#5163,#5162,#3107,.T.);
#6601=EDGE_CURVE('',#5163,#5164,#2113,.T.);
#6602=EDGE_CURVE('',#5165,#5164,#3108,.T.);
#6603=EDGE_CURVE('',#5155,#5165,#3109,.T.);
#6604=EDGE_CURVE('',#5165,#5166,#2114,.T.);
#6605=EDGE_CURVE('',#5164,#5167,#37,.T.);
#6606=EDGE_CURVE('',#5167,#5166,#3110,.T.);
#6607=EDGE_CURVE('',#5159,#5168,#2115,.T.);
#6608=EDGE_CURVE('',#5168,#5169,#3111,.T.);
#6609=EDGE_CURVE('',#5169,#5170,#38,.T.);
#6610=EDGE_CURVE('',#5160,#5170,#2116,.T.);
#6611=EDGE_CURVE('',#5075,#5079,#3112,.T.);
#6612=EDGE_CURVE('',#5171,#5077,#3113,.T.);
#6613=EDGE_CURVE('',#5171,#5172,#2117,.T.);
#6614=EDGE_CURVE('',#5172,#5173,#3114,.T.);
#6615=EDGE_CURVE('',#5173,#5174,#3115,.T.);
#6616=EDGE_CURVE('',#5074,#5174,#3116,.T.);
#6617=EDGE_CURVE('',#5174,#5175,#2118,.T.);
#6618=EDGE_CURVE('',#5069,#5175,#3117,.T.);
#6619=EDGE_CURVE('',#5175,#5176,#3118,.T.);
#6620=EDGE_CURVE('',#5068,#5176,#3119,.T.);
#6621=EDGE_CURVE('',#5176,#5177,#3120,.T.);
#6622=EDGE_CURVE('',#5157,#5177,#2119,.T.);
#6623=EDGE_CURVE('',#5177,#5178,#3121,.T.);
#6624=EDGE_CURVE('',#5178,#5158,#2120,.T.);
#6625=EDGE_CURVE('',#5179,#5091,#3122,.T.);
#6626=EDGE_CURVE('',#5180,#5090,#3123,.T.);
#6627=EDGE_CURVE('',#5180,#5179,#3124,.T.);
#6628=EDGE_CURVE('',#5179,#5181,#3125,.T.);
#6629=EDGE_CURVE('',#5080,#5181,#3126,.T.);
#6630=EDGE_CURVE('',#5181,#5182,#3127,.T.);
#6631=EDGE_CURVE('',#5078,#5182,#3128,.T.);
#6632=EDGE_CURVE('',#5182,#5183,#3129,.T.);
#6633=EDGE_CURVE('',#5183,#5171,#3130,.T.);
#6634=EDGE_CURVE('',#5184,#5172,#3131,.T.);
#6635=EDGE_CURVE('',#5183,#5184,#2121,.T.);
#6636=EDGE_CURVE('',#5184,#5185,#3132,.T.);
#6637=EDGE_CURVE('',#5185,#5173,#3133,.T.);
#6638=EDGE_CURVE('',#4717,#5186,#3134,.T.);
#6639=EDGE_CURVE('',#5186,#5104,#3135,.T.);
#6640=EDGE_CURVE('',#5104,#5187,#3136,.T.);
#6641=EDGE_CURVE('',#5187,#5180,#3137,.T.);
#6642=EDGE_CURVE('',#5188,#5128,#3138,.T.);
#6643=EDGE_CURVE('',#5188,#5107,#3139,.T.);
#6644=EDGE_CURVE('',#5107,#5189,#3140,.T.);
#6645=EDGE_CURVE('',#5189,#5110,#3141,.T.);
#6646=EDGE_CURVE('',#5189,#5186,#3142,.T.);
#6647=EDGE_CURVE('',#5190,#5191,#3143,.T.);
#6648=EDGE_CURVE('',#5192,#5191,#3144,.T.);
#6649=EDGE_CURVE('',#5124,#5192,#3145,.T.);
#6650=EDGE_CURVE('',#5193,#5125,#3146,.T.);
#6651=EDGE_CURVE('',#5193,#5190,#3147,.T.);
#6652=EDGE_CURVE('',#5194,#5192,#3148,.T.);
#6653=EDGE_CURVE('',#5194,#5195,#3149,.T.);
#6654=EDGE_CURVE('',#5195,#5196,#82,.T.);
#6655=EDGE_CURVE('',#5196,#5193,#3150,.T.);
#6656=EDGE_CURVE('',#5197,#5130,#3151,.T.);
#6657=EDGE_CURVE('',#5197,#5194,#3152,.T.);
#6658=EDGE_CURVE('',#5191,#5188,#3153,.T.);
#6659=EDGE_CURVE('',#5198,#5197,#2122,.T.);
#6660=EDGE_CURVE('',#5142,#5199,#2123,.T.);
#6661=EDGE_CURVE('',#5198,#5199,#3154,.T.);
#6662=EDGE_CURVE('',#5134,#5200,#3155,.T.);
#6663=EDGE_CURVE('',#5199,#5200,#3156,.T.);
#6664=EDGE_CURVE('',#5200,#5201,#2124,.T.);
#6665=EDGE_CURVE('',#5138,#5201,#3157,.T.);
#6666=EDGE_CURVE('',#5201,#5202,#3158,.T.);
#6667=EDGE_CURVE('',#5144,#5202,#3159,.T.);
#6668=EDGE_CURVE('',#5202,#5203,#3160,.T.);
#6669=EDGE_CURVE('',#5139,#5203,#3161,.T.);
#6670=EDGE_CURVE('',#5147,#5204,#3162,.T.);
#6671=EDGE_CURVE('',#5203,#5204,#3163,.T.);
#6672=EDGE_CURVE('',#5204,#5153,#3164,.T.);
#6673=EDGE_CURVE('',#5153,#5205,#3165,.T.);
#6674=EDGE_CURVE('',#5205,#5156,#3166,.T.);
#6675=EDGE_CURVE('',#5166,#5206,#3167,.T.);
#6676=EDGE_CURVE('',#5205,#5206,#3168,.T.);
#6677=EDGE_CURVE('',#5206,#5207,#3169,.T.);
#6678=EDGE_CURVE('',#5167,#5207,#39,.T.);
#6679=EDGE_CURVE('',#5208,#5163,#23,.T.);
#6680=EDGE_CURVE('',#5207,#5208,#2125,.T.);
#6681=EDGE_CURVE('',#5208,#5209,#3170,.T.);
#6682=EDGE_CURVE('',#5162,#5209,#3171,.T.);
#6683=EDGE_CURVE('',#5210,#5161,#3172,.T.);
#6684=EDGE_CURVE('',#5209,#5210,#2126,.T.);
#6685=EDGE_CURVE('',#5170,#5211,#24,.T.);
#6686=EDGE_CURVE('',#5210,#5211,#3173,.T.);
#6687=EDGE_CURVE('',#5211,#5212,#2127,.T.);
#6688=EDGE_CURVE('',#5169,#5212,#40,.T.);
#6689=EDGE_CURVE('',#5168,#5213,#3174,.T.);
#6690=EDGE_CURVE('',#5212,#5213,#3175,.T.);
#6691=EDGE_CURVE('',#5213,#5214,#3176,.T.);
#6692=EDGE_CURVE('',#5178,#5214,#3177,.T.);
#6693=EDGE_CURVE('',#5214,#5185,#3178,.T.);
#6694=EDGE_CURVE('',#5187,#5215,#3179,.T.);
#6695=EDGE_CURVE('',#5185,#5215,#3180,.T.);
#6696=EDGE_CURVE('',#5186,#5216,#3181,.T.);
#6697=EDGE_CURVE('',#5215,#5216,#3182,.T.);
#6698=EDGE_CURVE('',#5190,#5217,#3183,.T.);
#6699=EDGE_CURVE('',#5216,#5217,#3184,.T.);
#6700=EDGE_CURVE('',#5196,#5218,#3185,.T.);
#6701=EDGE_CURVE('',#5217,#5218,#3186,.T.);
#6702=EDGE_CURVE('',#5195,#5219,#3187,.T.);
#6703=EDGE_CURVE('',#5218,#5219,#2128,.T.);
#6704=EDGE_CURVE('',#5219,#5198,#3188,.T.);
#6705=ORIENTED_EDGE('',*,*,#5220,.T.);
#6706=ORIENTED_EDGE('',*,*,#5221,.T.);
#6707=ORIENTED_EDGE('',*,*,#5222,.T.);
#6708=ORIENTED_EDGE('',*,*,#5223,.T.);
#6709=ORIENTED_EDGE('',*,*,#5224,.T.);
#6710=ORIENTED_EDGE('',*,*,#5225,.T.);
#6711=ORIENTED_EDGE('',*,*,#5226,.T.);
#6712=ORIENTED_EDGE('',*,*,#5227,.F.);
#6713=ORIENTED_EDGE('',*,*,#5221,.F.);
#6714=ORIENTED_EDGE('',*,*,#5228,.F.);
#6715=ORIENTED_EDGE('',*,*,#5229,.F.);
#6716=ORIENTED_EDGE('',*,*,#5230,.F.);
#6717=ORIENTED_EDGE('',*,*,#5231,.F.);
#6718=ORIENTED_EDGE('',*,*,#5228,.T.);
#6719=ORIENTED_EDGE('',*,*,#5220,.F.);
#6720=ORIENTED_EDGE('',*,*,#5232,.F.);
#6721=ORIENTED_EDGE('',*,*,#5230,.T.);
#6722=ORIENTED_EDGE('',*,*,#5226,.F.);
#6723=ORIENTED_EDGE('',*,*,#5233,.T.);
#6724=ORIENTED_EDGE('',*,*,#5234,.T.);
#6725=ORIENTED_EDGE('',*,*,#5235,.F.);
#6726=ORIENTED_EDGE('',*,*,#5236,.F.);
#6727=ORIENTED_EDGE('',*,*,#5237,.F.);
#6728=ORIENTED_EDGE('',*,*,#5238,.T.);
#6729=ORIENTED_EDGE('',*,*,#5239,.F.);
#6730=ORIENTED_EDGE('',*,*,#5240,.F.);
#6731=ORIENTED_EDGE('',*,*,#5241,.T.);
#6732=ORIENTED_EDGE('',*,*,#5233,.F.);
#6733=ORIENTED_EDGE('',*,*,#5225,.F.);
#6734=ORIENTED_EDGE('',*,*,#5242,.F.);
#6735=ORIENTED_EDGE('',*,*,#5243,.F.);
#6736=ORIENTED_EDGE('',*,*,#5244,.F.);
#6737=ORIENTED_EDGE('',*,*,#5245,.F.);
#6738=ORIENTED_EDGE('',*,*,#5246,.F.);
#6739=ORIENTED_EDGE('',*,*,#5247,.F.);
#6740=ORIENTED_EDGE('',*,*,#5248,.F.);
#6741=ORIENTED_EDGE('',*,*,#5249,.T.);
#6742=ORIENTED_EDGE('',*,*,#5242,.T.);
#6743=ORIENTED_EDGE('',*,*,#5224,.F.);
#6744=ORIENTED_EDGE('',*,*,#5223,.F.);
#6745=ORIENTED_EDGE('',*,*,#5250,.T.);
#6746=ORIENTED_EDGE('',*,*,#5251,.T.);
#6747=ORIENTED_EDGE('',*,*,#5244,.T.);
#6748=ORIENTED_EDGE('',*,*,#5250,.F.);
#6749=ORIENTED_EDGE('',*,*,#5222,.F.);
#6750=ORIENTED_EDGE('',*,*,#5227,.T.);
#6751=ORIENTED_EDGE('',*,*,#5252,.F.);
#6752=ORIENTED_EDGE('',*,*,#5251,.F.);
#6753=ORIENTED_EDGE('',*,*,#5252,.T.);
#6754=ORIENTED_EDGE('',*,*,#5229,.T.);
#6755=ORIENTED_EDGE('',*,*,#5231,.T.);
#6756=ORIENTED_EDGE('',*,*,#5232,.T.);
#6757=ORIENTED_EDGE('',*,*,#5253,.F.);
#6758=ORIENTED_EDGE('',*,*,#5245,.T.);
#6759=ORIENTED_EDGE('',*,*,#5249,.F.);
#6760=ORIENTED_EDGE('',*,*,#5254,.F.);
#6761=ORIENTED_EDGE('',*,*,#5255,.F.);
#6762=ORIENTED_EDGE('',*,*,#5256,.F.);
#6763=ORIENTED_EDGE('',*,*,#5257,.F.);
#6764=ORIENTED_EDGE('',*,*,#5234,.F.);
#6765=ORIENTED_EDGE('',*,*,#5243,.T.);
#6766=ORIENTED_EDGE('',*,*,#5253,.T.);
#6767=ORIENTED_EDGE('',*,*,#5241,.F.);
#6768=ORIENTED_EDGE('',*,*,#5258,.T.);
#6769=ORIENTED_EDGE('',*,*,#5246,.T.);
#6770=ORIENTED_EDGE('',*,*,#5259,.F.);
#6771=ORIENTED_EDGE('',*,*,#5260,.F.);
#6772=ORIENTED_EDGE('',*,*,#5254,.T.);
#6773=ORIENTED_EDGE('',*,*,#5248,.T.);
#6774=ORIENTED_EDGE('',*,*,#5260,.T.);
#6775=ORIENTED_EDGE('',*,*,#5261,.F.);
#6776=ORIENTED_EDGE('',*,*,#5262,.F.);
#6777=ORIENTED_EDGE('',*,*,#5255,.T.);
#6778=ORIENTED_EDGE('',*,*,#5262,.T.);
#6779=ORIENTED_EDGE('',*,*,#5263,.F.);
#6780=ORIENTED_EDGE('',*,*,#5264,.T.);
#6781=ORIENTED_EDGE('',*,*,#5265,.T.);
#6782=ORIENTED_EDGE('',*,*,#5266,.F.);
#6783=ORIENTED_EDGE('',*,*,#5267,.F.);
#6784=ORIENTED_EDGE('',*,*,#5268,.F.);
#6785=ORIENTED_EDGE('',*,*,#5256,.T.);
#6786=ORIENTED_EDGE('',*,*,#5257,.T.);
#6787=ORIENTED_EDGE('',*,*,#5268,.T.);
#6788=ORIENTED_EDGE('',*,*,#5269,.T.);
#6789=ORIENTED_EDGE('',*,*,#5235,.T.);
#6790=ORIENTED_EDGE('',*,*,#5247,.T.);
#6791=ORIENTED_EDGE('',*,*,#5258,.F.);
#6792=ORIENTED_EDGE('',*,*,#5240,.T.);
#6793=ORIENTED_EDGE('',*,*,#5270,.T.);
#6794=ORIENTED_EDGE('',*,*,#5263,.T.);
#6795=ORIENTED_EDGE('',*,*,#5261,.T.);
#6796=ORIENTED_EDGE('',*,*,#5259,.T.);
#6797=ORIENTED_EDGE('',*,*,#5271,.T.);
#6798=ORIENTED_EDGE('',*,*,#5272,.T.);
#6799=ORIENTED_EDGE('',*,*,#5273,.T.);
#6800=ORIENTED_EDGE('',*,*,#5274,.T.);
#6801=ORIENTED_EDGE('',*,*,#5275,.T.);
#6802=ORIENTED_EDGE('',*,*,#5276,.T.);
#6803=ORIENTED_EDGE('',*,*,#5277,.T.);
#6804=ORIENTED_EDGE('',*,*,#5278,.T.);
#6805=ORIENTED_EDGE('',*,*,#5279,.T.);
#6806=ORIENTED_EDGE('',*,*,#5280,.T.);
#6807=ORIENTED_EDGE('',*,*,#5281,.T.);
#6808=ORIENTED_EDGE('',*,*,#5282,.T.);
#6809=ORIENTED_EDGE('',*,*,#5283,.T.);
#6810=ORIENTED_EDGE('',*,*,#5284,.T.);
#6811=ORIENTED_EDGE('',*,*,#5236,.T.);
#6812=ORIENTED_EDGE('',*,*,#5269,.F.);
#6813=ORIENTED_EDGE('',*,*,#5267,.T.);
#6814=ORIENTED_EDGE('',*,*,#5264,.F.);
#6815=ORIENTED_EDGE('',*,*,#5270,.F.);
#6816=ORIENTED_EDGE('',*,*,#5239,.T.);
#6817=ORIENTED_EDGE('',*,*,#5285,.T.);
#6818=ORIENTED_EDGE('',*,*,#5286,.F.);
#6819=ORIENTED_EDGE('',*,*,#5272,.F.);
#6820=ORIENTED_EDGE('',*,*,#5287,.F.);
#6821=ORIENTED_EDGE('',*,*,#5288,.T.);
#6822=ORIENTED_EDGE('',*,*,#5266,.T.);
#6823=ORIENTED_EDGE('',*,*,#5289,.T.);
#6824=ORIENTED_EDGE('',*,*,#5287,.T.);
#6825=ORIENTED_EDGE('',*,*,#5271,.F.);
#6826=ORIENTED_EDGE('',*,*,#5290,.T.);
#6827=ORIENTED_EDGE('',*,*,#5237,.T.);
#6828=ORIENTED_EDGE('',*,*,#5284,.F.);
#6829=ORIENTED_EDGE('',*,*,#5291,.T.);
#6830=ORIENTED_EDGE('',*,*,#5291,.F.);
#6831=ORIENTED_EDGE('',*,*,#5283,.F.);
#6832=ORIENTED_EDGE('',*,*,#5292,.F.);
#6833=ORIENTED_EDGE('',*,*,#5293,.T.);
#6834=ORIENTED_EDGE('',*,*,#5294,.T.);
#6835=ORIENTED_EDGE('',*,*,#5292,.T.);
#6836=ORIENTED_EDGE('',*,*,#5282,.F.);
#6837=ORIENTED_EDGE('',*,*,#5295,.T.);
#6838=ORIENTED_EDGE('',*,*,#5281,.F.);
#6839=ORIENTED_EDGE('',*,*,#5296,.T.);
#6840=ORIENTED_EDGE('',*,*,#5297,.T.);
#6841=ORIENTED_EDGE('',*,*,#5295,.F.);
#6842=ORIENTED_EDGE('',*,*,#5298,.T.);
#6843=ORIENTED_EDGE('',*,*,#5296,.F.);
#6844=ORIENTED_EDGE('',*,*,#5280,.F.);
#6845=ORIENTED_EDGE('',*,*,#5299,.T.);
#6846=ORIENTED_EDGE('',*,*,#5299,.F.);
#6847=ORIENTED_EDGE('',*,*,#5279,.F.);
#6848=ORIENTED_EDGE('',*,*,#5300,.F.);
#6849=ORIENTED_EDGE('',*,*,#5301,.T.);
#6850=ORIENTED_EDGE('',*,*,#5302,.T.);
#6851=ORIENTED_EDGE('',*,*,#5300,.T.);
#6852=ORIENTED_EDGE('',*,*,#5278,.F.);
#6853=ORIENTED_EDGE('',*,*,#5303,.T.);
#6854=ORIENTED_EDGE('',*,*,#5303,.F.);
#6855=ORIENTED_EDGE('',*,*,#5277,.F.);
#6856=ORIENTED_EDGE('',*,*,#5304,.F.);
#6857=ORIENTED_EDGE('',*,*,#5305,.T.);
#6858=ORIENTED_EDGE('',*,*,#5306,.F.);
#6859=ORIENTED_EDGE('',*,*,#5307,.T.);
#6860=ORIENTED_EDGE('',*,*,#5304,.T.);
#6861=ORIENTED_EDGE('',*,*,#5276,.F.);
#6862=ORIENTED_EDGE('',*,*,#5308,.T.);
#6863=ORIENTED_EDGE('',*,*,#5306,.T.);
#6864=ORIENTED_EDGE('',*,*,#5275,.F.);
#6865=ORIENTED_EDGE('',*,*,#5309,.T.);
#6866=ORIENTED_EDGE('',*,*,#5310,.T.);
#6867=ORIENTED_EDGE('',*,*,#5309,.F.);
#6868=ORIENTED_EDGE('',*,*,#5274,.F.);
#6869=ORIENTED_EDGE('',*,*,#5311,.F.);
#6870=ORIENTED_EDGE('',*,*,#5311,.T.);
#6871=ORIENTED_EDGE('',*,*,#5273,.F.);
#6872=ORIENTED_EDGE('',*,*,#5286,.T.);
#6873=ORIENTED_EDGE('',*,*,#5312,.F.);
#6874=ORIENTED_EDGE('',*,*,#5312,.T.);
#6875=ORIENTED_EDGE('',*,*,#5288,.F.);
#6876=ORIENTED_EDGE('',*,*,#5289,.F.);
#6877=ORIENTED_EDGE('',*,*,#5265,.F.);
#6878=ORIENTED_EDGE('',*,*,#5285,.F.);
#6879=ORIENTED_EDGE('',*,*,#5238,.F.);
#6880=ORIENTED_EDGE('',*,*,#5290,.F.);
#6881=ORIENTED_EDGE('',*,*,#5293,.F.);
#6882=ORIENTED_EDGE('',*,*,#5294,.F.);
#6883=ORIENTED_EDGE('',*,*,#5297,.F.);
#6884=ORIENTED_EDGE('',*,*,#5298,.F.);
#6885=ORIENTED_EDGE('',*,*,#5301,.F.);
#6886=ORIENTED_EDGE('',*,*,#5302,.F.);
#6887=ORIENTED_EDGE('',*,*,#5305,.F.);
#6888=ORIENTED_EDGE('',*,*,#5307,.F.);
#6889=ORIENTED_EDGE('',*,*,#5308,.F.);
#6890=ORIENTED_EDGE('',*,*,#5310,.F.);
#6891=ORIENTED_EDGE('',*,*,#5313,.T.);
#6892=ORIENTED_EDGE('',*,*,#5314,.T.);
#6893=ORIENTED_EDGE('',*,*,#5315,.T.);
#6894=ORIENTED_EDGE('',*,*,#5316,.T.);
#6895=ORIENTED_EDGE('',*,*,#5317,.F.);
#6896=ORIENTED_EDGE('',*,*,#5314,.F.);
#6897=ORIENTED_EDGE('',*,*,#5318,.F.);
#6898=ORIENTED_EDGE('',*,*,#5319,.F.);
#6899=ORIENTED_EDGE('',*,*,#5313,.F.);
#6900=ORIENTED_EDGE('',*,*,#5320,.F.);
#6901=ORIENTED_EDGE('',*,*,#5321,.F.);
#6902=ORIENTED_EDGE('',*,*,#5322,.F.);
#6903=ORIENTED_EDGE('',*,*,#5323,.F.);
#6904=ORIENTED_EDGE('',*,*,#5318,.T.);
#6905=ORIENTED_EDGE('',*,*,#5324,.F.);
#6906=ORIENTED_EDGE('',*,*,#5325,.F.);
#6907=ORIENTED_EDGE('',*,*,#5320,.T.);
#6908=ORIENTED_EDGE('',*,*,#5316,.F.);
#6909=ORIENTED_EDGE('',*,*,#5324,.T.);
#6910=ORIENTED_EDGE('',*,*,#5315,.F.);
#6911=ORIENTED_EDGE('',*,*,#5317,.T.);
#6912=ORIENTED_EDGE('',*,*,#5326,.T.);
#6913=ORIENTED_EDGE('',*,*,#5327,.T.);
#6914=ORIENTED_EDGE('',*,*,#5328,.T.);
#6915=ORIENTED_EDGE('',*,*,#5326,.F.);
#6916=ORIENTED_EDGE('',*,*,#5319,.T.);
#6917=ORIENTED_EDGE('',*,*,#5323,.T.);
#6918=ORIENTED_EDGE('',*,*,#5329,.F.);
#6919=ORIENTED_EDGE('',*,*,#5328,.F.);
#6920=ORIENTED_EDGE('',*,*,#5330,.F.);
#6921=ORIENTED_EDGE('',*,*,#5321,.T.);
#6922=ORIENTED_EDGE('',*,*,#5325,.T.);
#6923=ORIENTED_EDGE('',*,*,#5327,.F.);
#6924=ORIENTED_EDGE('',*,*,#5329,.T.);
#6925=ORIENTED_EDGE('',*,*,#5322,.T.);
#6926=ORIENTED_EDGE('',*,*,#5330,.T.);
#6927=ORIENTED_EDGE('',*,*,#5331,.T.);
#6928=ORIENTED_EDGE('',*,*,#5332,.T.);
#6929=ORIENTED_EDGE('',*,*,#5333,.T.);
#6930=ORIENTED_EDGE('',*,*,#5334,.T.);
#6931=ORIENTED_EDGE('',*,*,#5335,.F.);
#6932=ORIENTED_EDGE('',*,*,#5332,.F.);
#6933=ORIENTED_EDGE('',*,*,#5336,.F.);
#6934=ORIENTED_EDGE('',*,*,#5337,.F.);
#6935=ORIENTED_EDGE('',*,*,#5331,.F.);
#6936=ORIENTED_EDGE('',*,*,#5338,.F.);
#6937=ORIENTED_EDGE('',*,*,#5339,.F.);
#6938=ORIENTED_EDGE('',*,*,#5340,.F.);
#6939=ORIENTED_EDGE('',*,*,#5341,.F.);
#6940=ORIENTED_EDGE('',*,*,#5336,.T.);
#6941=ORIENTED_EDGE('',*,*,#5342,.F.);
#6942=ORIENTED_EDGE('',*,*,#5343,.F.);
#6943=ORIENTED_EDGE('',*,*,#5338,.T.);
#6944=ORIENTED_EDGE('',*,*,#5334,.F.);
#6945=ORIENTED_EDGE('',*,*,#5342,.T.);
#6946=ORIENTED_EDGE('',*,*,#5333,.F.);
#6947=ORIENTED_EDGE('',*,*,#5335,.T.);
#6948=ORIENTED_EDGE('',*,*,#5344,.T.);
#6949=ORIENTED_EDGE('',*,*,#5345,.T.);
#6950=ORIENTED_EDGE('',*,*,#5346,.T.);
#6951=ORIENTED_EDGE('',*,*,#5344,.F.);
#6952=ORIENTED_EDGE('',*,*,#5337,.T.);
#6953=ORIENTED_EDGE('',*,*,#5341,.T.);
#6954=ORIENTED_EDGE('',*,*,#5347,.F.);
#6955=ORIENTED_EDGE('',*,*,#5346,.F.);
#6956=ORIENTED_EDGE('',*,*,#5348,.F.);
#6957=ORIENTED_EDGE('',*,*,#5339,.T.);
#6958=ORIENTED_EDGE('',*,*,#5343,.T.);
#6959=ORIENTED_EDGE('',*,*,#5345,.F.);
#6960=ORIENTED_EDGE('',*,*,#5347,.T.);
#6961=ORIENTED_EDGE('',*,*,#5340,.T.);
#6962=ORIENTED_EDGE('',*,*,#5348,.T.);
#6963=ORIENTED_EDGE('',*,*,#5349,.T.);
#6964=ORIENTED_EDGE('',*,*,#5350,.F.);
#6965=ORIENTED_EDGE('',*,*,#5351,.T.);
#6966=ORIENTED_EDGE('',*,*,#5352,.F.);
#6967=ORIENTED_EDGE('',*,*,#5351,.F.);
#6968=ORIENTED_EDGE('',*,*,#5353,.F.);
#6969=ORIENTED_EDGE('',*,*,#5354,.F.);
#6970=ORIENTED_EDGE('',*,*,#5355,.T.);
#6971=ORIENTED_EDGE('',*,*,#5356,.T.);
#6972=ORIENTED_EDGE('',*,*,#5357,.F.);
#6973=ORIENTED_EDGE('',*,*,#5356,.F.);
#6974=ORIENTED_EDGE('',*,*,#5358,.T.);
#6975=ORIENTED_EDGE('',*,*,#5359,.T.);
#6976=ORIENTED_EDGE('',*,*,#5360,.T.);
#6977=ORIENTED_EDGE('',*,*,#5361,.T.);
#6978=ORIENTED_EDGE('',*,*,#5362,.T.);
#6979=ORIENTED_EDGE('',*,*,#5361,.F.);
#6980=ORIENTED_EDGE('',*,*,#5363,.T.);
#6981=ORIENTED_EDGE('',*,*,#5364,.F.);
#6982=ORIENTED_EDGE('',*,*,#5365,.T.);
#6983=ORIENTED_EDGE('',*,*,#5363,.F.);
#6984=ORIENTED_EDGE('',*,*,#5360,.F.);
#6985=ORIENTED_EDGE('',*,*,#5366,.T.);
#6986=ORIENTED_EDGE('',*,*,#5367,.F.);
#6987=ORIENTED_EDGE('',*,*,#5368,.T.);
#6988=ORIENTED_EDGE('',*,*,#5369,.T.);
#6989=ORIENTED_EDGE('',*,*,#5370,.T.);
#6990=ORIENTED_EDGE('',*,*,#5369,.F.);
#6991=ORIENTED_EDGE('',*,*,#5371,.T.);
#6992=ORIENTED_EDGE('',*,*,#5362,.F.);
#6993=ORIENTED_EDGE('',*,*,#5372,.T.);
#6994=ORIENTED_EDGE('',*,*,#5373,.T.);
#6995=ORIENTED_EDGE('',*,*,#5372,.F.);
#6996=ORIENTED_EDGE('',*,*,#5370,.F.);
#6997=ORIENTED_EDGE('',*,*,#5374,.T.);
#6998=ORIENTED_EDGE('',*,*,#5375,.T.);
#6999=ORIENTED_EDGE('',*,*,#5374,.F.);
#7000=ORIENTED_EDGE('',*,*,#5376,.F.);
#7001=ORIENTED_EDGE('',*,*,#5377,.F.);
#7002=ORIENTED_EDGE('',*,*,#5378,.F.);
#7003=ORIENTED_EDGE('',*,*,#5379,.F.);
#7004=ORIENTED_EDGE('',*,*,#5380,.F.);
#7005=ORIENTED_EDGE('',*,*,#5381,.F.);
#7006=ORIENTED_EDGE('',*,*,#5382,.F.);
#7007=ORIENTED_EDGE('',*,*,#5383,.F.);
#7008=ORIENTED_EDGE('',*,*,#5384,.F.);
#7009=ORIENTED_EDGE('',*,*,#5385,.F.);
#7010=ORIENTED_EDGE('',*,*,#5386,.F.);
#7011=ORIENTED_EDGE('',*,*,#5387,.F.);
#7012=ORIENTED_EDGE('',*,*,#5388,.F.);
#7013=ORIENTED_EDGE('',*,*,#5389,.F.);
#7014=ORIENTED_EDGE('',*,*,#5390,.F.);
#7015=ORIENTED_EDGE('',*,*,#5391,.F.);
#7016=ORIENTED_EDGE('',*,*,#5392,.F.);
#7017=ORIENTED_EDGE('',*,*,#5393,.T.);
#7018=ORIENTED_EDGE('',*,*,#5394,.T.);
#7019=ORIENTED_EDGE('',*,*,#5395,.T.);
#7020=ORIENTED_EDGE('',*,*,#5396,.F.);
#7021=ORIENTED_EDGE('',*,*,#5397,.F.);
#7022=ORIENTED_EDGE('',*,*,#5395,.F.);
#7023=ORIENTED_EDGE('',*,*,#5398,.T.);
#7024=ORIENTED_EDGE('',*,*,#5399,.F.);
#7025=ORIENTED_EDGE('',*,*,#5396,.T.);
#7026=ORIENTED_EDGE('',*,*,#5400,.T.);
#7027=ORIENTED_EDGE('',*,*,#5401,.T.);
#7028=ORIENTED_EDGE('',*,*,#5402,.F.);
#7029=ORIENTED_EDGE('',*,*,#5403,.F.);
#7030=ORIENTED_EDGE('',*,*,#5401,.F.);
#7031=ORIENTED_EDGE('',*,*,#5404,.T.);
#7032=ORIENTED_EDGE('',*,*,#5405,.F.);
#7033=ORIENTED_EDGE('',*,*,#5402,.T.);
#7034=ORIENTED_EDGE('',*,*,#5406,.T.);
#7035=ORIENTED_EDGE('',*,*,#5407,.T.);
#7036=ORIENTED_EDGE('',*,*,#5408,.F.);
#7037=ORIENTED_EDGE('',*,*,#5409,.T.);
#7038=ORIENTED_EDGE('',*,*,#5410,.T.);
#7039=ORIENTED_EDGE('',*,*,#5411,.T.);
#7040=ORIENTED_EDGE('',*,*,#5412,.F.);
#7041=ORIENTED_EDGE('',*,*,#5413,.F.);
#7042=ORIENTED_EDGE('',*,*,#5411,.F.);
#7043=ORIENTED_EDGE('',*,*,#5414,.T.);
#7044=ORIENTED_EDGE('',*,*,#5415,.F.);
#7045=ORIENTED_EDGE('',*,*,#5412,.T.);
#7046=ORIENTED_EDGE('',*,*,#5416,.T.);
#7047=ORIENTED_EDGE('',*,*,#5417,.T.);
#7048=ORIENTED_EDGE('',*,*,#5418,.F.);
#7049=ORIENTED_EDGE('',*,*,#5419,.F.);
#7050=ORIENTED_EDGE('',*,*,#5417,.F.);
#7051=ORIENTED_EDGE('',*,*,#5420,.T.);
#7052=ORIENTED_EDGE('',*,*,#5421,.F.);
#7053=ORIENTED_EDGE('',*,*,#5418,.T.);
#7054=ORIENTED_EDGE('',*,*,#5422,.T.);
#7055=ORIENTED_EDGE('',*,*,#5423,.T.);
#7056=ORIENTED_EDGE('',*,*,#5389,.T.);
#7057=ORIENTED_EDGE('',*,*,#5424,.F.);
#7058=ORIENTED_EDGE('',*,*,#5376,.T.);
#7059=ORIENTED_EDGE('',*,*,#5381,.T.);
#7060=ORIENTED_EDGE('',*,*,#5425,.T.);
#7061=ORIENTED_EDGE('',*,*,#5426,.F.);
#7062=ORIENTED_EDGE('',*,*,#5377,.T.);
#7063=ORIENTED_EDGE('',*,*,#5427,.F.);
#7064=ORIENTED_EDGE('',*,*,#5428,.T.);
#7065=ORIENTED_EDGE('',*,*,#5383,.T.);
#7066=ORIENTED_EDGE('',*,*,#5382,.T.);
#7067=ORIENTED_EDGE('',*,*,#5378,.T.);
#7068=ORIENTED_EDGE('',*,*,#5429,.F.);
#7069=ORIENTED_EDGE('',*,*,#5430,.T.);
#7070=ORIENTED_EDGE('',*,*,#5431,.F.);
#7071=ORIENTED_EDGE('',*,*,#5384,.T.);
#7072=ORIENTED_EDGE('',*,*,#5432,.F.);
#7073=ORIENTED_EDGE('',*,*,#5433,.T.);
#7074=ORIENTED_EDGE('',*,*,#5385,.T.);
#7075=ORIENTED_EDGE('',*,*,#5434,.F.);
#7076=ORIENTED_EDGE('',*,*,#5386,.T.);
#7077=ORIENTED_EDGE('',*,*,#5379,.T.);
#7078=ORIENTED_EDGE('',*,*,#5388,.T.);
#7079=ORIENTED_EDGE('',*,*,#5435,.F.);
#7080=ORIENTED_EDGE('',*,*,#5390,.T.);
#7081=ORIENTED_EDGE('',*,*,#5380,.T.);
#7082=ORIENTED_EDGE('',*,*,#5436,.T.);
#7083=ORIENTED_EDGE('',*,*,#5437,.F.);
#7084=ORIENTED_EDGE('',*,*,#5387,.T.);
#7085=ORIENTED_EDGE('',*,*,#5438,.F.);
#7086=ORIENTED_EDGE('',*,*,#5439,.T.);
#7087=ORIENTED_EDGE('',*,*,#5440,.T.);
#7088=ORIENTED_EDGE('',*,*,#5441,.F.);
#7089=ORIENTED_EDGE('',*,*,#5391,.T.);
#7090=ORIENTED_EDGE('',*,*,#5442,.F.);
#7091=ORIENTED_EDGE('',*,*,#5443,.T.);
#7092=ORIENTED_EDGE('',*,*,#5444,.F.);
#7093=ORIENTED_EDGE('',*,*,#5445,.F.);
#7094=ORIENTED_EDGE('',*,*,#5446,.F.);
#7095=ORIENTED_EDGE('',*,*,#5447,.F.);
#7096=ORIENTED_EDGE('',*,*,#5448,.F.);
#7097=ORIENTED_EDGE('',*,*,#5449,.T.);
#7098=ORIENTED_EDGE('',*,*,#5450,.F.);
#7099=ORIENTED_EDGE('',*,*,#5451,.F.);
#7100=ORIENTED_EDGE('',*,*,#5452,.F.);
#7101=ORIENTED_EDGE('',*,*,#5453,.F.);
#7102=ORIENTED_EDGE('',*,*,#5454,.F.);
#7103=ORIENTED_EDGE('',*,*,#5455,.T.);
#7104=ORIENTED_EDGE('',*,*,#5456,.T.);
#7105=ORIENTED_EDGE('',*,*,#5457,.F.);
#7106=ORIENTED_EDGE('',*,*,#5458,.T.);
#7107=ORIENTED_EDGE('',*,*,#5392,.T.);
#7108=ORIENTED_EDGE('',*,*,#5397,.T.);
#7109=ORIENTED_EDGE('',*,*,#5399,.T.);
#7110=ORIENTED_EDGE('',*,*,#5403,.T.);
#7111=ORIENTED_EDGE('',*,*,#5405,.T.);
#7112=ORIENTED_EDGE('',*,*,#5459,.F.);
#7113=ORIENTED_EDGE('',*,*,#5406,.F.);
#7114=ORIENTED_EDGE('',*,*,#5404,.F.);
#7115=ORIENTED_EDGE('',*,*,#5400,.F.);
#7116=ORIENTED_EDGE('',*,*,#5398,.F.);
#7117=ORIENTED_EDGE('',*,*,#5394,.F.);
#7118=ORIENTED_EDGE('',*,*,#5460,.F.);
#7119=ORIENTED_EDGE('',*,*,#5461,.T.);
#7120=ORIENTED_EDGE('',*,*,#5419,.T.);
#7121=ORIENTED_EDGE('',*,*,#5421,.T.);
#7122=ORIENTED_EDGE('',*,*,#5462,.T.);
#7123=ORIENTED_EDGE('',*,*,#5463,.F.);
#7124=ORIENTED_EDGE('',*,*,#5464,.T.);
#7125=ORIENTED_EDGE('',*,*,#5408,.T.);
#7126=ORIENTED_EDGE('',*,*,#5413,.T.);
#7127=ORIENTED_EDGE('',*,*,#5415,.T.);
#7128=ORIENTED_EDGE('',*,*,#5465,.F.);
#7129=ORIENTED_EDGE('',*,*,#5422,.F.);
#7130=ORIENTED_EDGE('',*,*,#5420,.F.);
#7131=ORIENTED_EDGE('',*,*,#5416,.F.);
#7132=ORIENTED_EDGE('',*,*,#5414,.F.);
#7133=ORIENTED_EDGE('',*,*,#5410,.F.);
#7134=ORIENTED_EDGE('',*,*,#5466,.F.);
#7135=ORIENTED_EDGE('',*,*,#5467,.T.);
#7136=ORIENTED_EDGE('',*,*,#5468,.T.);
#7137=ORIENTED_EDGE('',*,*,#5427,.T.);
#7138=ORIENTED_EDGE('',*,*,#5424,.T.);
#7139=ORIENTED_EDGE('',*,*,#5441,.T.);
#7140=ORIENTED_EDGE('',*,*,#5432,.T.);
#7141=ORIENTED_EDGE('',*,*,#5429,.T.);
#7142=ORIENTED_EDGE('',*,*,#5426,.T.);
#7143=ORIENTED_EDGE('',*,*,#5469,.T.);
#7144=ORIENTED_EDGE('',*,*,#5438,.T.);
#7145=ORIENTED_EDGE('',*,*,#5434,.T.);
#7146=ORIENTED_EDGE('',*,*,#5431,.T.);
#7147=ORIENTED_EDGE('',*,*,#5470,.T.);
#7148=ORIENTED_EDGE('',*,*,#5471,.T.);
#7149=ORIENTED_EDGE('',*,*,#5442,.T.);
#7150=ORIENTED_EDGE('',*,*,#5435,.T.);
#7151=ORIENTED_EDGE('',*,*,#5437,.T.);
#7152=ORIENTED_EDGE('',*,*,#5472,.F.);
#7153=ORIENTED_EDGE('',*,*,#5473,.F.);
#7154=ORIENTED_EDGE('',*,*,#5474,.F.);
#7155=ORIENTED_EDGE('',*,*,#5475,.F.);
#7156=ORIENTED_EDGE('',*,*,#5449,.F.);
#7157=ORIENTED_EDGE('',*,*,#5476,.F.);
#7158=ORIENTED_EDGE('',*,*,#5477,.F.);
#7159=ORIENTED_EDGE('',*,*,#5478,.F.);
#7160=ORIENTED_EDGE('',*,*,#5479,.F.);
#7161=ORIENTED_EDGE('',*,*,#5480,.F.);
#7162=ORIENTED_EDGE('',*,*,#5481,.F.);
#7163=ORIENTED_EDGE('',*,*,#5482,.T.);
#7164=ORIENTED_EDGE('',*,*,#5483,.F.);
#7165=ORIENTED_EDGE('',*,*,#5484,.F.);
#7166=ORIENTED_EDGE('',*,*,#5485,.F.);
#7167=ORIENTED_EDGE('',*,*,#5486,.F.);
#7168=ORIENTED_EDGE('',*,*,#5487,.T.);
#7169=ORIENTED_EDGE('',*,*,#5488,.F.);
#7170=ORIENTED_EDGE('',*,*,#5489,.F.);
#7171=ORIENTED_EDGE('',*,*,#5490,.F.);
#7172=ORIENTED_EDGE('',*,*,#5491,.F.);
#7173=ORIENTED_EDGE('',*,*,#5492,.F.);
#7174=ORIENTED_EDGE('',*,*,#5493,.F.);
#7175=ORIENTED_EDGE('',*,*,#5455,.F.);
#7176=ORIENTED_EDGE('',*,*,#5494,.F.);
#7177=ORIENTED_EDGE('',*,*,#5495,.F.);
#7178=ORIENTED_EDGE('',*,*,#5496,.F.);
#7179=ORIENTED_EDGE('',*,*,#5497,.F.);
#7180=ORIENTED_EDGE('',*,*,#5375,.F.);
#7181=ORIENTED_EDGE('',*,*,#5457,.T.);
#7182=ORIENTED_EDGE('',*,*,#5498,.T.);
#7183=ORIENTED_EDGE('',*,*,#5499,.F.);
#7184=ORIENTED_EDGE('',*,*,#5500,.T.);
#7185=ORIENTED_EDGE('',*,*,#5501,.F.);
#7186=ORIENTED_EDGE('',*,*,#5461,.F.);
#7187=ORIENTED_EDGE('',*,*,#5502,.F.);
#7188=ORIENTED_EDGE('',*,*,#5503,.T.);
#7189=ORIENTED_EDGE('',*,*,#5504,.T.);
#7190=ORIENTED_EDGE('',*,*,#5505,.F.);
#7191=ORIENTED_EDGE('',*,*,#5506,.F.);
#7192=ORIENTED_EDGE('',*,*,#5507,.T.);
#7193=ORIENTED_EDGE('',*,*,#5508,.F.);
#7194=ORIENTED_EDGE('',*,*,#5509,.F.);
#7195=ORIENTED_EDGE('',*,*,#5504,.F.);
#7196=ORIENTED_EDGE('',*,*,#5510,.T.);
#7197=ORIENTED_EDGE('',*,*,#5511,.F.);
#7198=ORIENTED_EDGE('',*,*,#5508,.T.);
#7199=ORIENTED_EDGE('',*,*,#5512,.T.);
#7200=ORIENTED_EDGE('',*,*,#5513,.F.);
#7201=ORIENTED_EDGE('',*,*,#5514,.T.);
#7202=ORIENTED_EDGE('',*,*,#5515,.T.);
#7203=ORIENTED_EDGE('',*,*,#5516,.F.);
#7204=ORIENTED_EDGE('',*,*,#5517,.F.);
#7205=ORIENTED_EDGE('',*,*,#5518,.T.);
#7206=ORIENTED_EDGE('',*,*,#5519,.T.);
#7207=ORIENTED_EDGE('',*,*,#5520,.T.);
#7208=ORIENTED_EDGE('',*,*,#5516,.T.);
#7209=ORIENTED_EDGE('',*,*,#5521,.T.);
#7210=ORIENTED_EDGE('',*,*,#5463,.T.);
#7211=ORIENTED_EDGE('',*,*,#5522,.T.);
#7212=ORIENTED_EDGE('',*,*,#5523,.F.);
#7213=ORIENTED_EDGE('',*,*,#5524,.T.);
#7214=ORIENTED_EDGE('',*,*,#5525,.T.);
#7215=ORIENTED_EDGE('',*,*,#5526,.T.);
#7216=ORIENTED_EDGE('',*,*,#5527,.F.);
#7217=ORIENTED_EDGE('',*,*,#5528,.F.);
#7218=ORIENTED_EDGE('',*,*,#5529,.F.);
#7219=ORIENTED_EDGE('',*,*,#5467,.F.);
#7220=ORIENTED_EDGE('',*,*,#5530,.F.);
#7221=ORIENTED_EDGE('',*,*,#5531,.T.);
#7222=ORIENTED_EDGE('',*,*,#5532,.T.);
#7223=ORIENTED_EDGE('',*,*,#5533,.F.);
#7224=ORIENTED_EDGE('',*,*,#5534,.T.);
#7225=ORIENTED_EDGE('',*,*,#5535,.F.);
#7226=ORIENTED_EDGE('',*,*,#5536,.T.);
#7227=ORIENTED_EDGE('',*,*,#5537,.T.);
#7228=ORIENTED_EDGE('',*,*,#5538,.F.);
#7229=ORIENTED_EDGE('',*,*,#5532,.F.);
#7230=ORIENTED_EDGE('',*,*,#5539,.T.);
#7231=ORIENTED_EDGE('',*,*,#5540,.T.);
#7232=ORIENTED_EDGE('',*,*,#5541,.F.);
#7233=ORIENTED_EDGE('',*,*,#5537,.F.);
#7234=ORIENTED_EDGE('',*,*,#5542,.T.);
#7235=ORIENTED_EDGE('',*,*,#5543,.T.);
#7236=ORIENTED_EDGE('',*,*,#5544,.T.);
#7237=ORIENTED_EDGE('',*,*,#5528,.T.);
#7238=ORIENTED_EDGE('',*,*,#5545,.T.);
#7239=ORIENTED_EDGE('',*,*,#5546,.T.);
#7240=ORIENTED_EDGE('',*,*,#5547,.T.);
#7241=ORIENTED_EDGE('',*,*,#5440,.F.);
#7242=ORIENTED_EDGE('',*,*,#5548,.T.);
#7243=ORIENTED_EDGE('',*,*,#5549,.T.);
#7244=ORIENTED_EDGE('',*,*,#5550,.T.);
#7245=ORIENTED_EDGE('',*,*,#5468,.F.);
#7246=ORIENTED_EDGE('',*,*,#5547,.F.);
#7247=ORIENTED_EDGE('',*,*,#5551,.T.);
#7248=ORIENTED_EDGE('',*,*,#5428,.F.);
#7249=ORIENTED_EDGE('',*,*,#5550,.F.);
#7250=ORIENTED_EDGE('',*,*,#5552,.T.);
#7251=ORIENTED_EDGE('',*,*,#5553,.T.);
#7252=ORIENTED_EDGE('',*,*,#5554,.T.);
#7253=ORIENTED_EDGE('',*,*,#5425,.F.);
#7254=ORIENTED_EDGE('',*,*,#5551,.F.);
#7255=ORIENTED_EDGE('',*,*,#5555,.T.);
#7256=ORIENTED_EDGE('',*,*,#5556,.T.);
#7257=ORIENTED_EDGE('',*,*,#5469,.F.);
#7258=ORIENTED_EDGE('',*,*,#5554,.F.);
#7259=ORIENTED_EDGE('',*,*,#5557,.T.);
#7260=ORIENTED_EDGE('',*,*,#5433,.F.);
#7261=ORIENTED_EDGE('',*,*,#5556,.F.);
#7262=ORIENTED_EDGE('',*,*,#5558,.T.);
#7263=ORIENTED_EDGE('',*,*,#5559,.T.);
#7264=ORIENTED_EDGE('',*,*,#5560,.T.);
#7265=ORIENTED_EDGE('',*,*,#5430,.F.);
#7266=ORIENTED_EDGE('',*,*,#5557,.F.);
#7267=ORIENTED_EDGE('',*,*,#5561,.T.);
#7268=ORIENTED_EDGE('',*,*,#5562,.T.);
#7269=ORIENTED_EDGE('',*,*,#5470,.F.);
#7270=ORIENTED_EDGE('',*,*,#5560,.F.);
#7271=ORIENTED_EDGE('',*,*,#5563,.T.);
#7272=ORIENTED_EDGE('',*,*,#5439,.F.);
#7273=ORIENTED_EDGE('',*,*,#5562,.F.);
#7274=ORIENTED_EDGE('',*,*,#5564,.T.);
#7275=ORIENTED_EDGE('',*,*,#5565,.T.);
#7276=ORIENTED_EDGE('',*,*,#5566,.T.);
#7277=ORIENTED_EDGE('',*,*,#5436,.F.);
#7278=ORIENTED_EDGE('',*,*,#5563,.F.);
#7279=ORIENTED_EDGE('',*,*,#5471,.F.);
#7280=ORIENTED_EDGE('',*,*,#5566,.F.);
#7281=ORIENTED_EDGE('',*,*,#5567,.T.);
#7282=ORIENTED_EDGE('',*,*,#5568,.T.);
#7283=ORIENTED_EDGE('',*,*,#5548,.F.);
#7284=ORIENTED_EDGE('',*,*,#5443,.F.);
#7285=ORIENTED_EDGE('',*,*,#5568,.F.);
#7286=ORIENTED_EDGE('',*,*,#5569,.T.);
#7287=ORIENTED_EDGE('',*,*,#5570,.F.);
#7288=ORIENTED_EDGE('',*,*,#5571,.T.);
#7289=ORIENTED_EDGE('',*,*,#5572,.F.);
#7290=ORIENTED_EDGE('',*,*,#5482,.F.);
#7291=ORIENTED_EDGE('',*,*,#5573,.F.);
#7292=ORIENTED_EDGE('',*,*,#5574,.T.);
#7293=ORIENTED_EDGE('',*,*,#5575,.F.);
#7294=ORIENTED_EDGE('',*,*,#5487,.F.);
#7295=ORIENTED_EDGE('',*,*,#5373,.F.);
#7296=ORIENTED_EDGE('',*,*,#5576,.T.);
#7297=ORIENTED_EDGE('',*,*,#5517,.T.);
#7298=ORIENTED_EDGE('',*,*,#5577,.T.);
#7299=ORIENTED_EDGE('',*,*,#5578,.F.);
#7300=ORIENTED_EDGE('',*,*,#5579,.T.);
#7301=ORIENTED_EDGE('',*,*,#5505,.T.);
#7302=ORIENTED_EDGE('',*,*,#5509,.T.);
#7303=ORIENTED_EDGE('',*,*,#5511,.T.);
#7304=ORIENTED_EDGE('',*,*,#5580,.T.);
#7305=ORIENTED_EDGE('',*,*,#5581,.T.);
#7306=ORIENTED_EDGE('',*,*,#5499,.T.);
#7307=ORIENTED_EDGE('',*,*,#5582,.T.);
#7308=ORIENTED_EDGE('',*,*,#5583,.F.);
#7309=ORIENTED_EDGE('',*,*,#5584,.F.);
#7310=ORIENTED_EDGE('',*,*,#5503,.F.);
#7311=ORIENTED_EDGE('',*,*,#5585,.F.);
#7312=ORIENTED_EDGE('',*,*,#5586,.T.);
#7313=ORIENTED_EDGE('',*,*,#5587,.F.);
#7314=ORIENTED_EDGE('',*,*,#5588,.F.);
#7315=ORIENTED_EDGE('',*,*,#5585,.T.);
#7316=ORIENTED_EDGE('',*,*,#5502,.T.);
#7317=ORIENTED_EDGE('',*,*,#5460,.T.);
#7318=ORIENTED_EDGE('',*,*,#5393,.F.);
#7319=ORIENTED_EDGE('',*,*,#5458,.F.);
#7320=ORIENTED_EDGE('',*,*,#5500,.F.);
#7321=ORIENTED_EDGE('',*,*,#5581,.F.);
#7322=ORIENTED_EDGE('',*,*,#5589,.T.);
#7323=ORIENTED_EDGE('',*,*,#5590,.F.);
#7324=ORIENTED_EDGE('',*,*,#5587,.T.);
#7325=ORIENTED_EDGE('',*,*,#5591,.T.);
#7326=ORIENTED_EDGE('',*,*,#5592,.F.);
#7327=ORIENTED_EDGE('',*,*,#5593,.T.);
#7328=ORIENTED_EDGE('',*,*,#5594,.T.);
#7329=ORIENTED_EDGE('',*,*,#5595,.F.);
#7330=ORIENTED_EDGE('',*,*,#5596,.F.);
#7331=ORIENTED_EDGE('',*,*,#5596,.T.);
#7332=ORIENTED_EDGE('',*,*,#5597,.F.);
#7333=ORIENTED_EDGE('',*,*,#5598,.T.);
#7334=ORIENTED_EDGE('',*,*,#5599,.F.);
#7335=ORIENTED_EDGE('',*,*,#5600,.T.);
#7336=ORIENTED_EDGE('',*,*,#5601,.F.);
#7337=ORIENTED_EDGE('',*,*,#5602,.T.);
#7338=ORIENTED_EDGE('',*,*,#5599,.T.);
#7339=ORIENTED_EDGE('',*,*,#5603,.T.);
#7340=ORIENTED_EDGE('',*,*,#5604,.F.);
#7341=ORIENTED_EDGE('',*,*,#5605,.T.);
#7342=ORIENTED_EDGE('',*,*,#5606,.T.);
#7343=ORIENTED_EDGE('',*,*,#5607,.T.);
#7344=ORIENTED_EDGE('',*,*,#5525,.F.);
#7345=ORIENTED_EDGE('',*,*,#5544,.F.);
#7346=ORIENTED_EDGE('',*,*,#5608,.T.);
#7347=ORIENTED_EDGE('',*,*,#5609,.F.);
#7348=ORIENTED_EDGE('',*,*,#5534,.F.);
#7349=ORIENTED_EDGE('',*,*,#5610,.F.);
#7350=ORIENTED_EDGE('',*,*,#5526,.F.);
#7351=ORIENTED_EDGE('',*,*,#5607,.F.);
#7352=ORIENTED_EDGE('',*,*,#5611,.T.);
#7353=ORIENTED_EDGE('',*,*,#5612,.T.);
#7354=ORIENTED_EDGE('',*,*,#5535,.T.);
#7355=ORIENTED_EDGE('',*,*,#5609,.T.);
#7356=ORIENTED_EDGE('',*,*,#5613,.T.);
#7357=ORIENTED_EDGE('',*,*,#5597,.T.);
#7358=ORIENTED_EDGE('',*,*,#5595,.T.);
#7359=ORIENTED_EDGE('',*,*,#5614,.T.);
#7360=ORIENTED_EDGE('',*,*,#5615,.T.);
#7361=ORIENTED_EDGE('',*,*,#5604,.T.);
#7362=ORIENTED_EDGE('',*,*,#5616,.T.);
#7363=ORIENTED_EDGE('',*,*,#5617,.F.);
#7364=ORIENTED_EDGE('',*,*,#5618,.F.);
#7365=ORIENTED_EDGE('',*,*,#5619,.T.);
#7366=ORIENTED_EDGE('',*,*,#5620,.T.);
#7367=ORIENTED_EDGE('',*,*,#5518,.F.);
#7368=ORIENTED_EDGE('',*,*,#5576,.F.);
#7369=ORIENTED_EDGE('',*,*,#5514,.F.);
#7370=ORIENTED_EDGE('',*,*,#5621,.T.);
#7371=ORIENTED_EDGE('',*,*,#5622,.F.);
#7372=ORIENTED_EDGE('',*,*,#5512,.F.);
#7373=ORIENTED_EDGE('',*,*,#5510,.F.);
#7374=ORIENTED_EDGE('',*,*,#5507,.F.);
#7375=ORIENTED_EDGE('',*,*,#5623,.F.);
#7376=ORIENTED_EDGE('',*,*,#5624,.T.);
#7377=ORIENTED_EDGE('',*,*,#5625,.F.);
#7378=ORIENTED_EDGE('',*,*,#5519,.F.);
#7379=ORIENTED_EDGE('',*,*,#5626,.T.);
#7380=ORIENTED_EDGE('',*,*,#5627,.F.);
#7381=ORIENTED_EDGE('',*,*,#5628,.T.);
#7382=ORIENTED_EDGE('',*,*,#5618,.T.);
#7383=ORIENTED_EDGE('',*,*,#5513,.T.);
#7384=ORIENTED_EDGE('',*,*,#5622,.T.);
#7385=ORIENTED_EDGE('',*,*,#5629,.T.);
#7386=ORIENTED_EDGE('',*,*,#5630,.T.);
#7387=ORIENTED_EDGE('',*,*,#5631,.T.);
#7388=ORIENTED_EDGE('',*,*,#5626,.F.);
#7389=ORIENTED_EDGE('',*,*,#5521,.F.);
#7390=ORIENTED_EDGE('',*,*,#5515,.F.);
#7391=ORIENTED_EDGE('',*,*,#5620,.F.);
#7392=ORIENTED_EDGE('',*,*,#5632,.T.);
#7393=ORIENTED_EDGE('',*,*,#5630,.F.);
#7394=ORIENTED_EDGE('',*,*,#5633,.T.);
#7395=ORIENTED_EDGE('',*,*,#5634,.T.);
#7396=ORIENTED_EDGE('',*,*,#5635,.F.);
#7397=ORIENTED_EDGE('',*,*,#5636,.F.);
#7398=ORIENTED_EDGE('',*,*,#5637,.T.);
#7399=ORIENTED_EDGE('',*,*,#5638,.F.);
#7400=ORIENTED_EDGE('',*,*,#5639,.T.);
#7401=ORIENTED_EDGE('',*,*,#5627,.T.);
#7402=ORIENTED_EDGE('',*,*,#5636,.T.);
#7403=ORIENTED_EDGE('',*,*,#5640,.F.);
#7404=ORIENTED_EDGE('',*,*,#5641,.T.);
#7405=ORIENTED_EDGE('',*,*,#5642,.F.);
#7406=ORIENTED_EDGE('',*,*,#5643,.T.);
#7407=ORIENTED_EDGE('',*,*,#5638,.T.);
#7408=ORIENTED_EDGE('',*,*,#5644,.T.);
#7409=ORIENTED_EDGE('',*,*,#5645,.F.);
#7410=ORIENTED_EDGE('',*,*,#5646,.T.);
#7411=ORIENTED_EDGE('',*,*,#5642,.T.);
#7412=ORIENTED_EDGE('',*,*,#5647,.T.);
#7413=ORIENTED_EDGE('',*,*,#5648,.T.);
#7414=ORIENTED_EDGE('',*,*,#5523,.T.);
#7415=ORIENTED_EDGE('',*,*,#5649,.T.);
#7416=ORIENTED_EDGE('',*,*,#5650,.T.);
#7417=ORIENTED_EDGE('',*,*,#5651,.F.);
#7418=ORIENTED_EDGE('',*,*,#5652,.T.);
#7419=ORIENTED_EDGE('',*,*,#5527,.T.);
#7420=ORIENTED_EDGE('',*,*,#5610,.T.);
#7421=ORIENTED_EDGE('',*,*,#5533,.T.);
#7422=ORIENTED_EDGE('',*,*,#5538,.T.);
#7423=ORIENTED_EDGE('',*,*,#5541,.T.);
#7424=ORIENTED_EDGE('',*,*,#5653,.F.);
#7425=ORIENTED_EDGE('',*,*,#5654,.T.);
#7426=ORIENTED_EDGE('',*,*,#5655,.T.);
#7427=ORIENTED_EDGE('',*,*,#5649,.F.);
#7428=ORIENTED_EDGE('',*,*,#5522,.F.);
#7429=ORIENTED_EDGE('',*,*,#5462,.F.);
#7430=ORIENTED_EDGE('',*,*,#5423,.F.);
#7431=ORIENTED_EDGE('',*,*,#5465,.T.);
#7432=ORIENTED_EDGE('',*,*,#5529,.T.);
#7433=ORIENTED_EDGE('',*,*,#5656,.T.);
#7434=ORIENTED_EDGE('',*,*,#5531,.F.);
#7435=ORIENTED_EDGE('',*,*,#5657,.F.);
#7436=ORIENTED_EDGE('',*,*,#5658,.F.);
#7437=ORIENTED_EDGE('',*,*,#5656,.F.);
#7438=ORIENTED_EDGE('',*,*,#5659,.F.);
#7439=ORIENTED_EDGE('',*,*,#5660,.T.);
#7440=ORIENTED_EDGE('',*,*,#5661,.T.);
#7441=ORIENTED_EDGE('',*,*,#5654,.F.);
#7442=ORIENTED_EDGE('',*,*,#5662,.T.);
#7443=ORIENTED_EDGE('',*,*,#5608,.F.);
#7444=ORIENTED_EDGE('',*,*,#5543,.F.);
#7445=ORIENTED_EDGE('',*,*,#5663,.F.);
#7446=ORIENTED_EDGE('',*,*,#5664,.T.);
#7447=ORIENTED_EDGE('',*,*,#5665,.F.);
#7448=ORIENTED_EDGE('',*,*,#5542,.F.);
#7449=ORIENTED_EDGE('',*,*,#5539,.F.);
#7450=ORIENTED_EDGE('',*,*,#5536,.F.);
#7451=ORIENTED_EDGE('',*,*,#5612,.F.);
#7452=ORIENTED_EDGE('',*,*,#5666,.T.);
#7453=ORIENTED_EDGE('',*,*,#5667,.T.);
#7454=ORIENTED_EDGE('',*,*,#5668,.T.);
#7455=ORIENTED_EDGE('',*,*,#5669,.T.);
#7456=ORIENTED_EDGE('',*,*,#5670,.T.);
#7457=ORIENTED_EDGE('',*,*,#5671,.F.);
#7458=ORIENTED_EDGE('',*,*,#5672,.F.);
#7459=ORIENTED_EDGE('',*,*,#5673,.T.);
#7460=ORIENTED_EDGE('',*,*,#5567,.F.);
#7461=ORIENTED_EDGE('',*,*,#5565,.F.);
#7462=ORIENTED_EDGE('',*,*,#5564,.F.);
#7463=ORIENTED_EDGE('',*,*,#5561,.F.);
#7464=ORIENTED_EDGE('',*,*,#5559,.F.);
#7465=ORIENTED_EDGE('',*,*,#5558,.F.);
#7466=ORIENTED_EDGE('',*,*,#5555,.F.);
#7467=ORIENTED_EDGE('',*,*,#5553,.F.);
#7468=ORIENTED_EDGE('',*,*,#5552,.F.);
#7469=ORIENTED_EDGE('',*,*,#5549,.F.);
#7470=ORIENTED_EDGE('',*,*,#5546,.F.);
#7471=ORIENTED_EDGE('',*,*,#5569,.F.);
#7472=ORIENTED_EDGE('',*,*,#5674,.F.);
#7473=ORIENTED_EDGE('',*,*,#5675,.F.);
#7474=ORIENTED_EDGE('',*,*,#5571,.F.);
#7475=ORIENTED_EDGE('',*,*,#5676,.F.);
#7476=ORIENTED_EDGE('',*,*,#5677,.F.);
#7477=ORIENTED_EDGE('',*,*,#5678,.F.);
#7478=ORIENTED_EDGE('',*,*,#5679,.F.);
#7479=ORIENTED_EDGE('',*,*,#5680,.F.);
#7480=ORIENTED_EDGE('',*,*,#5574,.F.);
#7481=ORIENTED_EDGE('',*,*,#5681,.F.);
#7482=ORIENTED_EDGE('',*,*,#5682,.F.);
#7483=ORIENTED_EDGE('',*,*,#5683,.F.);
#7484=ORIENTED_EDGE('',*,*,#5578,.T.);
#7485=ORIENTED_EDGE('',*,*,#5684,.T.);
#7486=ORIENTED_EDGE('',*,*,#5685,.F.);
#7487=ORIENTED_EDGE('',*,*,#5686,.T.);
#7488=ORIENTED_EDGE('',*,*,#5591,.F.);
#7489=ORIENTED_EDGE('',*,*,#5586,.F.);
#7490=ORIENTED_EDGE('',*,*,#5580,.F.);
#7491=ORIENTED_EDGE('',*,*,#5687,.F.);
#7492=ORIENTED_EDGE('',*,*,#5688,.F.);
#7493=ORIENTED_EDGE('',*,*,#5689,.T.);
#7494=ORIENTED_EDGE('',*,*,#5690,.T.);
#7495=ORIENTED_EDGE('',*,*,#5691,.T.);
#7496=ORIENTED_EDGE('',*,*,#5692,.F.);
#7497=ORIENTED_EDGE('',*,*,#5693,.F.);
#7498=ORIENTED_EDGE('',*,*,#5694,.T.);
#7499=ORIENTED_EDGE('',*,*,#5695,.T.);
#7500=ORIENTED_EDGE('',*,*,#5696,.T.);
#7501=ORIENTED_EDGE('',*,*,#5697,.F.);
#7502=ORIENTED_EDGE('',*,*,#5698,.F.);
#7503=ORIENTED_EDGE('',*,*,#5696,.F.);
#7504=ORIENTED_EDGE('',*,*,#5699,.T.);
#7505=ORIENTED_EDGE('',*,*,#5700,.F.);
#7506=ORIENTED_EDGE('',*,*,#5697,.T.);
#7507=ORIENTED_EDGE('',*,*,#5701,.T.);
#7508=ORIENTED_EDGE('',*,*,#5702,.T.);
#7509=ORIENTED_EDGE('',*,*,#5703,.T.);
#7510=ORIENTED_EDGE('',*,*,#5704,.F.);
#7511=ORIENTED_EDGE('',*,*,#5702,.F.);
#7512=ORIENTED_EDGE('',*,*,#5705,.T.);
#7513=ORIENTED_EDGE('',*,*,#5706,.T.);
#7514=ORIENTED_EDGE('',*,*,#5707,.F.);
#7515=ORIENTED_EDGE('',*,*,#5703,.F.);
#7516=ORIENTED_EDGE('',*,*,#5708,.T.);
#7517=ORIENTED_EDGE('',*,*,#5706,.F.);
#7518=ORIENTED_EDGE('',*,*,#5709,.T.);
#7519=ORIENTED_EDGE('',*,*,#5710,.T.);
#7520=ORIENTED_EDGE('',*,*,#5623,.T.);
#7521=ORIENTED_EDGE('',*,*,#5506,.T.);
#7522=ORIENTED_EDGE('',*,*,#5579,.F.);
#7523=ORIENTED_EDGE('',*,*,#5686,.F.);
#7524=ORIENTED_EDGE('',*,*,#5711,.F.);
#7525=ORIENTED_EDGE('',*,*,#5712,.F.);
#7526=ORIENTED_EDGE('',*,*,#5624,.F.);
#7527=ORIENTED_EDGE('',*,*,#5710,.F.);
#7528=ORIENTED_EDGE('',*,*,#5713,.T.);
#7529=ORIENTED_EDGE('',*,*,#5714,.T.);
#7530=ORIENTED_EDGE('',*,*,#5715,.F.);
#7531=ORIENTED_EDGE('',*,*,#5684,.F.);
#7532=ORIENTED_EDGE('',*,*,#5577,.F.);
#7533=ORIENTED_EDGE('',*,*,#5520,.F.);
#7534=ORIENTED_EDGE('',*,*,#5625,.T.);
#7535=ORIENTED_EDGE('',*,*,#5712,.T.);
#7536=ORIENTED_EDGE('',*,*,#5716,.T.);
#7537=ORIENTED_EDGE('',*,*,#5714,.F.);
#7538=ORIENTED_EDGE('',*,*,#5717,.T.);
#7539=ORIENTED_EDGE('',*,*,#5589,.F.);
#7540=ORIENTED_EDGE('',*,*,#5718,.F.);
#7541=ORIENTED_EDGE('',*,*,#5588,.T.);
#7542=ORIENTED_EDGE('',*,*,#5590,.T.);
#7543=ORIENTED_EDGE('',*,*,#5719,.T.);
#7544=ORIENTED_EDGE('',*,*,#5720,.T.);
#7545=ORIENTED_EDGE('',*,*,#5583,.T.);
#7546=ORIENTED_EDGE('',*,*,#5721,.T.);
#7547=ORIENTED_EDGE('',*,*,#5722,.F.);
#7548=ORIENTED_EDGE('',*,*,#5687,.T.);
#7549=ORIENTED_EDGE('',*,*,#5582,.F.);
#7550=ORIENTED_EDGE('',*,*,#5498,.F.);
#7551=ORIENTED_EDGE('',*,*,#5456,.F.);
#7552=ORIENTED_EDGE('',*,*,#5407,.F.);
#7553=ORIENTED_EDGE('',*,*,#5459,.T.);
#7554=ORIENTED_EDGE('',*,*,#5501,.T.);
#7555=ORIENTED_EDGE('',*,*,#5584,.T.);
#7556=ORIENTED_EDGE('',*,*,#5720,.F.);
#7557=ORIENTED_EDGE('',*,*,#5723,.T.);
#7558=ORIENTED_EDGE('',*,*,#5724,.T.);
#7559=ORIENTED_EDGE('',*,*,#5725,.F.);
#7560=ORIENTED_EDGE('',*,*,#5721,.F.);
#7561=ORIENTED_EDGE('',*,*,#5726,.T.);
#7562=ORIENTED_EDGE('',*,*,#5727,.T.);
#7563=ORIENTED_EDGE('',*,*,#5728,.F.);
#7564=ORIENTED_EDGE('',*,*,#5724,.F.);
#7565=ORIENTED_EDGE('',*,*,#5729,.T.);
#7566=ORIENTED_EDGE('',*,*,#5730,.T.);
#7567=ORIENTED_EDGE('',*,*,#5731,.F.);
#7568=ORIENTED_EDGE('',*,*,#5727,.F.);
#7569=ORIENTED_EDGE('',*,*,#5732,.T.);
#7570=ORIENTED_EDGE('',*,*,#5733,.F.);
#7571=ORIENTED_EDGE('',*,*,#5734,.F.);
#7572=ORIENTED_EDGE('',*,*,#5730,.F.);
#7573=ORIENTED_EDGE('',*,*,#5735,.T.);
#7574=ORIENTED_EDGE('',*,*,#5736,.F.);
#7575=ORIENTED_EDGE('',*,*,#5733,.T.);
#7576=ORIENTED_EDGE('',*,*,#5737,.T.);
#7577=ORIENTED_EDGE('',*,*,#5738,.T.);
#7578=ORIENTED_EDGE('',*,*,#5738,.F.);
#7579=ORIENTED_EDGE('',*,*,#5739,.T.);
#7580=ORIENTED_EDGE('',*,*,#5689,.F.);
#7581=ORIENTED_EDGE('',*,*,#5740,.F.);
#7582=ORIENTED_EDGE('',*,*,#5600,.F.);
#7583=ORIENTED_EDGE('',*,*,#5602,.F.);
#7584=ORIENTED_EDGE('',*,*,#5615,.F.);
#7585=ORIENTED_EDGE('',*,*,#5741,.F.);
#7586=ORIENTED_EDGE('',*,*,#5742,.T.);
#7587=ORIENTED_EDGE('',*,*,#5743,.F.);
#7588=ORIENTED_EDGE('',*,*,#5592,.T.);
#7589=ORIENTED_EDGE('',*,*,#5601,.T.);
#7590=ORIENTED_EDGE('',*,*,#5743,.T.);
#7591=ORIENTED_EDGE('',*,*,#5744,.T.);
#7592=ORIENTED_EDGE('',*,*,#5745,.T.);
#7593=ORIENTED_EDGE('',*,*,#5746,.T.);
#7594=ORIENTED_EDGE('',*,*,#5593,.F.);
#7595=ORIENTED_EDGE('',*,*,#5745,.F.);
#7596=ORIENTED_EDGE('',*,*,#5747,.T.);
#7597=ORIENTED_EDGE('',*,*,#5662,.F.);
#7598=ORIENTED_EDGE('',*,*,#5614,.F.);
#7599=ORIENTED_EDGE('',*,*,#5594,.F.);
#7600=ORIENTED_EDGE('',*,*,#5746,.F.);
#7601=ORIENTED_EDGE('',*,*,#5748,.T.);
#7602=ORIENTED_EDGE('',*,*,#5749,.T.);
#7603=ORIENTED_EDGE('',*,*,#5605,.F.);
#7604=ORIENTED_EDGE('',*,*,#5611,.F.);
#7605=ORIENTED_EDGE('',*,*,#5606,.F.);
#7606=ORIENTED_EDGE('',*,*,#5749,.F.);
#7607=ORIENTED_EDGE('',*,*,#5750,.T.);
#7608=ORIENTED_EDGE('',*,*,#5751,.F.);
#7609=ORIENTED_EDGE('',*,*,#5616,.F.);
#7610=ORIENTED_EDGE('',*,*,#5603,.F.);
#7611=ORIENTED_EDGE('',*,*,#5598,.F.);
#7612=ORIENTED_EDGE('',*,*,#5613,.F.);
#7613=ORIENTED_EDGE('',*,*,#5741,.T.);
#7614=ORIENTED_EDGE('',*,*,#5617,.T.);
#7615=ORIENTED_EDGE('',*,*,#5751,.T.);
#7616=ORIENTED_EDGE('',*,*,#5752,.T.);
#7617=ORIENTED_EDGE('',*,*,#5364,.T.);
#7618=ORIENTED_EDGE('',*,*,#5753,.T.);
#7619=ORIENTED_EDGE('',*,*,#5619,.F.);
#7620=ORIENTED_EDGE('',*,*,#5628,.F.);
#7621=ORIENTED_EDGE('',*,*,#5639,.F.);
#7622=ORIENTED_EDGE('',*,*,#5643,.F.);
#7623=ORIENTED_EDGE('',*,*,#5646,.F.);
#7624=ORIENTED_EDGE('',*,*,#5754,.F.);
#7625=ORIENTED_EDGE('',*,*,#5755,.T.);
#7626=ORIENTED_EDGE('',*,*,#5756,.T.);
#7627=ORIENTED_EDGE('',*,*,#5632,.F.);
#7628=ORIENTED_EDGE('',*,*,#5756,.F.);
#7629=ORIENTED_EDGE('',*,*,#5757,.T.);
#7630=ORIENTED_EDGE('',*,*,#5758,.T.);
#7631=ORIENTED_EDGE('',*,*,#5633,.F.);
#7632=ORIENTED_EDGE('',*,*,#5629,.F.);
#7633=ORIENTED_EDGE('',*,*,#5621,.F.);
#7634=ORIENTED_EDGE('',*,*,#5631,.F.);
#7635=ORIENTED_EDGE('',*,*,#5759,.F.);
#7636=ORIENTED_EDGE('',*,*,#5634,.F.);
#7637=ORIENTED_EDGE('',*,*,#5758,.F.);
#7638=ORIENTED_EDGE('',*,*,#5760,.T.);
#7639=ORIENTED_EDGE('',*,*,#5759,.T.);
#7640=ORIENTED_EDGE('',*,*,#5761,.T.);
#7641=ORIENTED_EDGE('',*,*,#5762,.T.);
#7642=ORIENTED_EDGE('',*,*,#5640,.T.);
#7643=ORIENTED_EDGE('',*,*,#5635,.T.);
#7644=ORIENTED_EDGE('',*,*,#5763,.T.);
#7645=ORIENTED_EDGE('',*,*,#5764,.F.);
#7646=ORIENTED_EDGE('',*,*,#5644,.F.);
#7647=ORIENTED_EDGE('',*,*,#5641,.F.);
#7648=ORIENTED_EDGE('',*,*,#5637,.F.);
#7649=ORIENTED_EDGE('',*,*,#5762,.F.);
#7650=ORIENTED_EDGE('',*,*,#5765,.T.);
#7651=ORIENTED_EDGE('',*,*,#5766,.T.);
#7652=ORIENTED_EDGE('',*,*,#5754,.T.);
#7653=ORIENTED_EDGE('',*,*,#5645,.T.);
#7654=ORIENTED_EDGE('',*,*,#5764,.T.);
#7655=ORIENTED_EDGE('',*,*,#5767,.T.);
#7656=ORIENTED_EDGE('',*,*,#5768,.T.);
#7657=ORIENTED_EDGE('',*,*,#5367,.T.);
#7658=ORIENTED_EDGE('',*,*,#5769,.T.);
#7659=ORIENTED_EDGE('',*,*,#5765,.F.);
#7660=ORIENTED_EDGE('',*,*,#5676,.T.);
#7661=ORIENTED_EDGE('',*,*,#5570,.T.);
#7662=ORIENTED_EDGE('',*,*,#5481,.T.);
#7663=ORIENTED_EDGE('',*,*,#5770,.T.);
#7664=ORIENTED_EDGE('',*,*,#5675,.T.);
#7665=ORIENTED_EDGE('',*,*,#5771,.T.);
#7666=ORIENTED_EDGE('',*,*,#5483,.T.);
#7667=ORIENTED_EDGE('',*,*,#5572,.T.);
#7668=ORIENTED_EDGE('',*,*,#5772,.F.);
#7669=ORIENTED_EDGE('',*,*,#5647,.F.);
#7670=ORIENTED_EDGE('',*,*,#5655,.F.);
#7671=ORIENTED_EDGE('',*,*,#5661,.F.);
#7672=ORIENTED_EDGE('',*,*,#5773,.F.);
#7673=ORIENTED_EDGE('',*,*,#5651,.T.);
#7674=ORIENTED_EDGE('',*,*,#5774,.T.);
#7675=ORIENTED_EDGE('',*,*,#5775,.F.);
#7676=ORIENTED_EDGE('',*,*,#5776,.T.);
#7677=ORIENTED_EDGE('',*,*,#5777,.F.);
#7678=ORIENTED_EDGE('',*,*,#5778,.T.);
#7679=ORIENTED_EDGE('',*,*,#5779,.T.);
#7680=ORIENTED_EDGE('',*,*,#5780,.T.);
#7681=ORIENTED_EDGE('',*,*,#5781,.T.);
#7682=ORIENTED_EDGE('',*,*,#5782,.F.);
#7683=ORIENTED_EDGE('',*,*,#5780,.F.);
#7684=ORIENTED_EDGE('',*,*,#5783,.T.);
#7685=ORIENTED_EDGE('',*,*,#5784,.T.);
#7686=ORIENTED_EDGE('',*,*,#5785,.F.);
#7687=ORIENTED_EDGE('',*,*,#5781,.F.);
#7688=ORIENTED_EDGE('',*,*,#5786,.T.);
#7689=ORIENTED_EDGE('',*,*,#5787,.T.);
#7690=ORIENTED_EDGE('',*,*,#5788,.F.);
#7691=ORIENTED_EDGE('',*,*,#5784,.F.);
#7692=ORIENTED_EDGE('',*,*,#5789,.T.);
#7693=ORIENTED_EDGE('',*,*,#5790,.T.);
#7694=ORIENTED_EDGE('',*,*,#5791,.F.);
#7695=ORIENTED_EDGE('',*,*,#5787,.F.);
#7696=ORIENTED_EDGE('',*,*,#5792,.T.);
#7697=ORIENTED_EDGE('',*,*,#5793,.T.);
#7698=ORIENTED_EDGE('',*,*,#5794,.F.);
#7699=ORIENTED_EDGE('',*,*,#5657,.T.);
#7700=ORIENTED_EDGE('',*,*,#5530,.T.);
#7701=ORIENTED_EDGE('',*,*,#5466,.T.);
#7702=ORIENTED_EDGE('',*,*,#5409,.F.);
#7703=ORIENTED_EDGE('',*,*,#5464,.F.);
#7704=ORIENTED_EDGE('',*,*,#5524,.F.);
#7705=ORIENTED_EDGE('',*,*,#5648,.F.);
#7706=ORIENTED_EDGE('',*,*,#5772,.T.);
#7707=ORIENTED_EDGE('',*,*,#5795,.F.);
#7708=ORIENTED_EDGE('',*,*,#5790,.F.);
#7709=ORIENTED_EDGE('',*,*,#5658,.T.);
#7710=ORIENTED_EDGE('',*,*,#5794,.T.);
#7711=ORIENTED_EDGE('',*,*,#5796,.T.);
#7712=ORIENTED_EDGE('',*,*,#5659,.T.);
#7713=ORIENTED_EDGE('',*,*,#5653,.T.);
#7714=ORIENTED_EDGE('',*,*,#5660,.F.);
#7715=ORIENTED_EDGE('',*,*,#5797,.T.);
#7716=ORIENTED_EDGE('',*,*,#5798,.T.);
#7717=ORIENTED_EDGE('',*,*,#5799,.F.);
#7718=ORIENTED_EDGE('',*,*,#5800,.T.);
#7719=ORIENTED_EDGE('',*,*,#5801,.T.);
#7720=ORIENTED_EDGE('',*,*,#5663,.T.);
#7721=ORIENTED_EDGE('',*,*,#5545,.F.);
#7722=ORIENTED_EDGE('',*,*,#5652,.F.);
#7723=ORIENTED_EDGE('',*,*,#5776,.F.);
#7724=ORIENTED_EDGE('',*,*,#5802,.F.);
#7725=ORIENTED_EDGE('',*,*,#5798,.F.);
#7726=ORIENTED_EDGE('',*,*,#5803,.F.);
#7727=ORIENTED_EDGE('',*,*,#5664,.F.);
#7728=ORIENTED_EDGE('',*,*,#5801,.F.);
#7729=ORIENTED_EDGE('',*,*,#5804,.T.);
#7730=ORIENTED_EDGE('',*,*,#5805,.F.);
#7731=ORIENTED_EDGE('',*,*,#5774,.F.);
#7732=ORIENTED_EDGE('',*,*,#5650,.F.);
#7733=ORIENTED_EDGE('',*,*,#5540,.F.);
#7734=ORIENTED_EDGE('',*,*,#5665,.T.);
#7735=ORIENTED_EDGE('',*,*,#5803,.T.);
#7736=ORIENTED_EDGE('',*,*,#5806,.T.);
#7737=ORIENTED_EDGE('',*,*,#5807,.T.);
#7738=ORIENTED_EDGE('',*,*,#5808,.T.);
#7739=ORIENTED_EDGE('',*,*,#5809,.F.);
#7740=ORIENTED_EDGE('',*,*,#5807,.F.);
#7741=ORIENTED_EDGE('',*,*,#5810,.T.);
#7742=ORIENTED_EDGE('',*,*,#5811,.F.);
#7743=ORIENTED_EDGE('',*,*,#5812,.F.);
#7744=ORIENTED_EDGE('',*,*,#5808,.F.);
#7745=ORIENTED_EDGE('',*,*,#5813,.T.);
#7746=ORIENTED_EDGE('',*,*,#5814,.F.);
#7747=ORIENTED_EDGE('',*,*,#5811,.T.);
#7748=ORIENTED_EDGE('',*,*,#5815,.T.);
#7749=ORIENTED_EDGE('',*,*,#5816,.T.);
#7750=ORIENTED_EDGE('',*,*,#5817,.F.);
#7751=ORIENTED_EDGE('',*,*,#5818,.F.);
#7752=ORIENTED_EDGE('',*,*,#5816,.F.);
#7753=ORIENTED_EDGE('',*,*,#5819,.T.);
#7754=ORIENTED_EDGE('',*,*,#5820,.F.);
#7755=ORIENTED_EDGE('',*,*,#5817,.T.);
#7756=ORIENTED_EDGE('',*,*,#5821,.T.);
#7757=ORIENTED_EDGE('',*,*,#5822,.T.);
#7758=ORIENTED_EDGE('',*,*,#5823,.T.);
#7759=ORIENTED_EDGE('',*,*,#5824,.T.);
#7760=ORIENTED_EDGE('',*,*,#5825,.T.);
#7761=ORIENTED_EDGE('',*,*,#5826,.F.);
#7762=ORIENTED_EDGE('',*,*,#5825,.F.);
#7763=ORIENTED_EDGE('',*,*,#5827,.T.);
#7764=ORIENTED_EDGE('',*,*,#5778,.F.);
#7765=ORIENTED_EDGE('',*,*,#5828,.F.);
#7766=ORIENTED_EDGE('',*,*,#5829,.T.);
#7767=ORIENTED_EDGE('',*,*,#5830,.F.);
#7768=ORIENTED_EDGE('',*,*,#5831,.T.);
#7769=ORIENTED_EDGE('',*,*,#5670,.F.);
#7770=ORIENTED_EDGE('',*,*,#5832,.T.);
#7771=ORIENTED_EDGE('',*,*,#5833,.F.);
#7772=ORIENTED_EDGE('',*,*,#5829,.F.);
#7773=ORIENTED_EDGE('',*,*,#5669,.F.);
#7774=ORIENTED_EDGE('',*,*,#5834,.T.);
#7775=ORIENTED_EDGE('',*,*,#5835,.F.);
#7776=ORIENTED_EDGE('',*,*,#5832,.F.);
#7777=ORIENTED_EDGE('',*,*,#5668,.F.);
#7778=ORIENTED_EDGE('',*,*,#5836,.T.);
#7779=ORIENTED_EDGE('',*,*,#5837,.F.);
#7780=ORIENTED_EDGE('',*,*,#5834,.F.);
#7781=ORIENTED_EDGE('',*,*,#5667,.F.);
#7782=ORIENTED_EDGE('',*,*,#5838,.T.);
#7783=ORIENTED_EDGE('',*,*,#5839,.F.);
#7784=ORIENTED_EDGE('',*,*,#5836,.F.);
#7785=ORIENTED_EDGE('',*,*,#5666,.F.);
#7786=ORIENTED_EDGE('',*,*,#5840,.T.);
#7787=ORIENTED_EDGE('',*,*,#5841,.F.);
#7788=ORIENTED_EDGE('',*,*,#5838,.F.);
#7789=ORIENTED_EDGE('',*,*,#5673,.F.);
#7790=ORIENTED_EDGE('',*,*,#5842,.T.);
#7791=ORIENTED_EDGE('',*,*,#5843,.F.);
#7792=ORIENTED_EDGE('',*,*,#5840,.F.);
#7793=ORIENTED_EDGE('',*,*,#5672,.T.);
#7794=ORIENTED_EDGE('',*,*,#5831,.F.);
#7795=ORIENTED_EDGE('',*,*,#5844,.F.);
#7796=ORIENTED_EDGE('',*,*,#5842,.F.);
#7797=ORIENTED_EDGE('',*,*,#5671,.T.);
#7798=ORIENTED_EDGE('',*,*,#5678,.T.);
#7799=ORIENTED_EDGE('',*,*,#5845,.T.);
#7800=ORIENTED_EDGE('',*,*,#5846,.F.);
#7801=ORIENTED_EDGE('',*,*,#5847,.T.);
#7802=ORIENTED_EDGE('',*,*,#5683,.T.);
#7803=ORIENTED_EDGE('',*,*,#5848,.T.);
#7804=ORIENTED_EDGE('',*,*,#5849,.F.);
#7805=ORIENTED_EDGE('',*,*,#5850,.T.);
#7806=ORIENTED_EDGE('',*,*,#5851,.T.);
#7807=ORIENTED_EDGE('',*,*,#5852,.F.);
#7808=ORIENTED_EDGE('',*,*,#5450,.T.);
#7809=ORIENTED_EDGE('',*,*,#5493,.T.);
#7810=ORIENTED_EDGE('',*,*,#5451,.T.);
#7811=ORIENTED_EDGE('',*,*,#5852,.T.);
#7812=ORIENTED_EDGE('',*,*,#5853,.T.);
#7813=ORIENTED_EDGE('',*,*,#5854,.T.);
#7814=ORIENTED_EDGE('',*,*,#5855,.F.);
#7815=ORIENTED_EDGE('',*,*,#5452,.T.);
#7816=ORIENTED_EDGE('',*,*,#5854,.F.);
#7817=ORIENTED_EDGE('',*,*,#5856,.T.);
#7818=ORIENTED_EDGE('',*,*,#5453,.T.);
#7819=ORIENTED_EDGE('',*,*,#5855,.T.);
#7820=ORIENTED_EDGE('',*,*,#5857,.T.);
#7821=ORIENTED_EDGE('',*,*,#5858,.T.);
#7822=ORIENTED_EDGE('',*,*,#5454,.T.);
#7823=ORIENTED_EDGE('',*,*,#5858,.F.);
#7824=ORIENTED_EDGE('',*,*,#5859,.T.);
#7825=ORIENTED_EDGE('',*,*,#5494,.T.);
#7826=ORIENTED_EDGE('',*,*,#5860,.T.);
#7827=ORIENTED_EDGE('',*,*,#5371,.F.);
#7828=ORIENTED_EDGE('',*,*,#5368,.F.);
#7829=ORIENTED_EDGE('',*,*,#5861,.T.);
#7830=ORIENTED_EDGE('',*,*,#5354,.T.);
#7831=ORIENTED_EDGE('',*,*,#5862,.F.);
#7832=ORIENTED_EDGE('',*,*,#5863,.F.);
#7833=ORIENTED_EDGE('',*,*,#5864,.F.);
#7834=ORIENTED_EDGE('',*,*,#5865,.T.);
#7835=ORIENTED_EDGE('',*,*,#5736,.T.);
#7836=ORIENTED_EDGE('',*,*,#5740,.T.);
#7837=ORIENTED_EDGE('',*,*,#5692,.T.);
#7838=ORIENTED_EDGE('',*,*,#5866,.T.);
#7839=ORIENTED_EDGE('',*,*,#5867,.F.);
#7840=ORIENTED_EDGE('',*,*,#5862,.T.);
#7841=ORIENTED_EDGE('',*,*,#5868,.T.);
#7842=ORIENTED_EDGE('',*,*,#5693,.T.);
#7843=ORIENTED_EDGE('',*,*,#5698,.T.);
#7844=ORIENTED_EDGE('',*,*,#5700,.T.);
#7845=ORIENTED_EDGE('',*,*,#5704,.T.);
#7846=ORIENTED_EDGE('',*,*,#5707,.T.);
#7847=ORIENTED_EDGE('',*,*,#5711,.T.);
#7848=ORIENTED_EDGE('',*,*,#5685,.T.);
#7849=ORIENTED_EDGE('',*,*,#5715,.T.);
#7850=ORIENTED_EDGE('',*,*,#5718,.T.);
#7851=ORIENTED_EDGE('',*,*,#5688,.T.);
#7852=ORIENTED_EDGE('',*,*,#5722,.T.);
#7853=ORIENTED_EDGE('',*,*,#5725,.T.);
#7854=ORIENTED_EDGE('',*,*,#5728,.T.);
#7855=ORIENTED_EDGE('',*,*,#5731,.T.);
#7856=ORIENTED_EDGE('',*,*,#5734,.T.);
#7857=ORIENTED_EDGE('',*,*,#5869,.F.);
#7858=ORIENTED_EDGE('',*,*,#5866,.F.);
#7859=ORIENTED_EDGE('',*,*,#5691,.F.);
#7860=ORIENTED_EDGE('',*,*,#5870,.T.);
#7861=ORIENTED_EDGE('',*,*,#5737,.F.);
#7862=ORIENTED_EDGE('',*,*,#5735,.F.);
#7863=ORIENTED_EDGE('',*,*,#5732,.F.);
#7864=ORIENTED_EDGE('',*,*,#5729,.F.);
#7865=ORIENTED_EDGE('',*,*,#5726,.F.);
#7866=ORIENTED_EDGE('',*,*,#5723,.F.);
#7867=ORIENTED_EDGE('',*,*,#5719,.F.);
#7868=ORIENTED_EDGE('',*,*,#5717,.F.);
#7869=ORIENTED_EDGE('',*,*,#5716,.F.);
#7870=ORIENTED_EDGE('',*,*,#5713,.F.);
#7871=ORIENTED_EDGE('',*,*,#5709,.F.);
#7872=ORIENTED_EDGE('',*,*,#5708,.F.);
#7873=ORIENTED_EDGE('',*,*,#5705,.F.);
#7874=ORIENTED_EDGE('',*,*,#5701,.F.);
#7875=ORIENTED_EDGE('',*,*,#5699,.F.);
#7876=ORIENTED_EDGE('',*,*,#5695,.F.);
#7877=ORIENTED_EDGE('',*,*,#5871,.F.);
#7878=ORIENTED_EDGE('',*,*,#5872,.T.);
#7879=ORIENTED_EDGE('',*,*,#5873,.F.);
#7880=ORIENTED_EDGE('',*,*,#5870,.F.);
#7881=ORIENTED_EDGE('',*,*,#5690,.F.);
#7882=ORIENTED_EDGE('',*,*,#5739,.F.);
#7883=ORIENTED_EDGE('',*,*,#5680,.T.);
#7884=ORIENTED_EDGE('',*,*,#5874,.T.);
#7885=ORIENTED_EDGE('',*,*,#5488,.T.);
#7886=ORIENTED_EDGE('',*,*,#5575,.T.);
#7887=ORIENTED_EDGE('',*,*,#5875,.T.);
#7888=ORIENTED_EDGE('',*,*,#5876,.F.);
#7889=ORIENTED_EDGE('',*,*,#5877,.F.);
#7890=ORIENTED_EDGE('',*,*,#5878,.T.);
#7891=ORIENTED_EDGE('',*,*,#5879,.T.);
#7892=ORIENTED_EDGE('',*,*,#5880,.F.);
#7893=ORIENTED_EDGE('',*,*,#5875,.F.);
#7894=ORIENTED_EDGE('',*,*,#5881,.T.);
#7895=ORIENTED_EDGE('',*,*,#5882,.F.);
#7896=ORIENTED_EDGE('',*,*,#5883,.F.);
#7897=ORIENTED_EDGE('',*,*,#5879,.F.);
#7898=ORIENTED_EDGE('',*,*,#5884,.T.);
#7899=ORIENTED_EDGE('',*,*,#5885,.F.);
#7900=ORIENTED_EDGE('',*,*,#5882,.T.);
#7901=ORIENTED_EDGE('',*,*,#5886,.T.);
#7902=ORIENTED_EDGE('',*,*,#5887,.T.);
#7903=ORIENTED_EDGE('',*,*,#5888,.F.);
#7904=ORIENTED_EDGE('',*,*,#5889,.T.);
#7905=ORIENTED_EDGE('',*,*,#5890,.T.);
#7906=ORIENTED_EDGE('',*,*,#5891,.T.);
#7907=ORIENTED_EDGE('',*,*,#5892,.T.);
#7908=ORIENTED_EDGE('',*,*,#5893,.F.);
#7909=ORIENTED_EDGE('',*,*,#5891,.F.);
#7910=ORIENTED_EDGE('',*,*,#5894,.T.);
#7911=ORIENTED_EDGE('',*,*,#5895,.T.);
#7912=ORIENTED_EDGE('',*,*,#5896,.F.);
#7913=ORIENTED_EDGE('',*,*,#5892,.F.);
#7914=ORIENTED_EDGE('',*,*,#5897,.T.);
#7915=ORIENTED_EDGE('',*,*,#5898,.T.);
#7916=ORIENTED_EDGE('',*,*,#5899,.F.);
#7917=ORIENTED_EDGE('',*,*,#5895,.F.);
#7918=ORIENTED_EDGE('',*,*,#5900,.T.);
#7919=ORIENTED_EDGE('',*,*,#5901,.F.);
#7920=ORIENTED_EDGE('',*,*,#5902,.F.);
#7921=ORIENTED_EDGE('',*,*,#5903,.F.);
#7922=ORIENTED_EDGE('',*,*,#5904,.F.);
#7923=ORIENTED_EDGE('',*,*,#5905,.F.);
#7924=ORIENTED_EDGE('',*,*,#5906,.T.);
#7925=ORIENTED_EDGE('',*,*,#5907,.F.);
#7926=ORIENTED_EDGE('',*,*,#5908,.T.);
#7927=ORIENTED_EDGE('',*,*,#5365,.F.);
#7928=ORIENTED_EDGE('',*,*,#5752,.F.);
#7929=ORIENTED_EDGE('',*,*,#5750,.F.);
#7930=ORIENTED_EDGE('',*,*,#5748,.F.);
#7931=ORIENTED_EDGE('',*,*,#5747,.F.);
#7932=ORIENTED_EDGE('',*,*,#5744,.F.);
#7933=ORIENTED_EDGE('',*,*,#5742,.F.);
#7934=ORIENTED_EDGE('',*,*,#5753,.F.);
#7935=ORIENTED_EDGE('',*,*,#5366,.F.);
#7936=ORIENTED_EDGE('',*,*,#5909,.T.);
#7937=ORIENTED_EDGE('',*,*,#5910,.F.);
#7938=ORIENTED_EDGE('',*,*,#5911,.F.);
#7939=ORIENTED_EDGE('',*,*,#5912,.F.);
#7940=ORIENTED_EDGE('',*,*,#5913,.F.);
#7941=ORIENTED_EDGE('',*,*,#5914,.F.);
#7942=ORIENTED_EDGE('',*,*,#5915,.F.);
#7943=ORIENTED_EDGE('',*,*,#5916,.F.);
#7944=ORIENTED_EDGE('',*,*,#5917,.F.);
#7945=ORIENTED_EDGE('',*,*,#5918,.F.);
#7946=ORIENTED_EDGE('',*,*,#5919,.F.);
#7947=ORIENTED_EDGE('',*,*,#5920,.F.);
#7948=ORIENTED_EDGE('',*,*,#5921,.F.);
#7949=ORIENTED_EDGE('',*,*,#5922,.F.);
#7950=ORIENTED_EDGE('',*,*,#5861,.F.);
#7951=ORIENTED_EDGE('',*,*,#5768,.F.);
#7952=ORIENTED_EDGE('',*,*,#5767,.F.);
#7953=ORIENTED_EDGE('',*,*,#5763,.F.);
#7954=ORIENTED_EDGE('',*,*,#5761,.F.);
#7955=ORIENTED_EDGE('',*,*,#5760,.F.);
#7956=ORIENTED_EDGE('',*,*,#5757,.F.);
#7957=ORIENTED_EDGE('',*,*,#5755,.F.);
#7958=ORIENTED_EDGE('',*,*,#5766,.F.);
#7959=ORIENTED_EDGE('',*,*,#5769,.F.);
#7960=ORIENTED_EDGE('',*,*,#5860,.F.);
#7961=ORIENTED_EDGE('',*,*,#5923,.F.);
#7962=ORIENTED_EDGE('',*,*,#5924,.T.);
#7963=ORIENTED_EDGE('',*,*,#5925,.F.);
#7964=ORIENTED_EDGE('',*,*,#5823,.F.);
#7965=ORIENTED_EDGE('',*,*,#5926,.F.);
#7966=ORIENTED_EDGE('',*,*,#5927,.F.);
#7967=ORIENTED_EDGE('',*,*,#5928,.T.);
#7968=ORIENTED_EDGE('',*,*,#5929,.F.);
#7969=ORIENTED_EDGE('',*,*,#5926,.T.);
#7970=ORIENTED_EDGE('',*,*,#5826,.T.);
#7971=ORIENTED_EDGE('',*,*,#5828,.T.);
#7972=ORIENTED_EDGE('',*,*,#5777,.T.);
#7973=ORIENTED_EDGE('',*,*,#5782,.T.);
#7974=ORIENTED_EDGE('',*,*,#5785,.T.);
#7975=ORIENTED_EDGE('',*,*,#5788,.T.);
#7976=ORIENTED_EDGE('',*,*,#5791,.T.);
#7977=ORIENTED_EDGE('',*,*,#5795,.T.);
#7978=ORIENTED_EDGE('',*,*,#5773,.T.);
#7979=ORIENTED_EDGE('',*,*,#5799,.T.);
#7980=ORIENTED_EDGE('',*,*,#5802,.T.);
#7981=ORIENTED_EDGE('',*,*,#5775,.T.);
#7982=ORIENTED_EDGE('',*,*,#5805,.T.);
#7983=ORIENTED_EDGE('',*,*,#5809,.T.);
#7984=ORIENTED_EDGE('',*,*,#5812,.T.);
#7985=ORIENTED_EDGE('',*,*,#5814,.T.);
#7986=ORIENTED_EDGE('',*,*,#5818,.T.);
#7987=ORIENTED_EDGE('',*,*,#5820,.T.);
#7988=ORIENTED_EDGE('',*,*,#5930,.T.);
#7989=ORIENTED_EDGE('',*,*,#5931,.F.);
#7990=ORIENTED_EDGE('',*,*,#5931,.T.);
#7991=ORIENTED_EDGE('',*,*,#5932,.F.);
#7992=ORIENTED_EDGE('',*,*,#5933,.F.);
#7993=ORIENTED_EDGE('',*,*,#5934,.F.);
#7994=ORIENTED_EDGE('',*,*,#5824,.F.);
#7995=ORIENTED_EDGE('',*,*,#5928,.F.);
#7996=ORIENTED_EDGE('',*,*,#5935,.F.);
#7997=ORIENTED_EDGE('',*,*,#5936,.T.);
#7998=ORIENTED_EDGE('',*,*,#5937,.F.);
#7999=ORIENTED_EDGE('',*,*,#5821,.F.);
#8000=ORIENTED_EDGE('',*,*,#5819,.F.);
#8001=ORIENTED_EDGE('',*,*,#5815,.F.);
#8002=ORIENTED_EDGE('',*,*,#5813,.F.);
#8003=ORIENTED_EDGE('',*,*,#5810,.F.);
#8004=ORIENTED_EDGE('',*,*,#5806,.F.);
#8005=ORIENTED_EDGE('',*,*,#5804,.F.);
#8006=ORIENTED_EDGE('',*,*,#5800,.F.);
#8007=ORIENTED_EDGE('',*,*,#5797,.F.);
#8008=ORIENTED_EDGE('',*,*,#5796,.F.);
#8009=ORIENTED_EDGE('',*,*,#5793,.F.);
#8010=ORIENTED_EDGE('',*,*,#5792,.F.);
#8011=ORIENTED_EDGE('',*,*,#5789,.F.);
#8012=ORIENTED_EDGE('',*,*,#5786,.F.);
#8013=ORIENTED_EDGE('',*,*,#5783,.F.);
#8014=ORIENTED_EDGE('',*,*,#5779,.F.);
#8015=ORIENTED_EDGE('',*,*,#5827,.F.);
#8016=ORIENTED_EDGE('',*,*,#5938,.F.);
#8017=ORIENTED_EDGE('',*,*,#5933,.T.);
#8018=ORIENTED_EDGE('',*,*,#5939,.T.);
#8019=ORIENTED_EDGE('',*,*,#5940,.F.);
#8020=ORIENTED_EDGE('',*,*,#5941,.T.);
#8021=ORIENTED_EDGE('',*,*,#5942,.T.);
#8022=ORIENTED_EDGE('',*,*,#5943,.T.);
#8023=ORIENTED_EDGE('',*,*,#5944,.T.);
#8024=ORIENTED_EDGE('',*,*,#5945,.T.);
#8025=ORIENTED_EDGE('',*,*,#5946,.T.);
#8026=ORIENTED_EDGE('',*,*,#5947,.T.);
#8027=ORIENTED_EDGE('',*,*,#5948,.T.);
#8028=ORIENTED_EDGE('',*,*,#5949,.T.);
#8029=ORIENTED_EDGE('',*,*,#5846,.T.);
#8030=ORIENTED_EDGE('',*,*,#5950,.T.);
#8031=ORIENTED_EDGE('',*,*,#5951,.T.);
#8032=ORIENTED_EDGE('',*,*,#5952,.T.);
#8033=ORIENTED_EDGE('',*,*,#5953,.T.);
#8034=ORIENTED_EDGE('',*,*,#5954,.T.);
#8035=ORIENTED_EDGE('',*,*,#5955,.T.);
#8036=ORIENTED_EDGE('',*,*,#5956,.T.);
#8037=ORIENTED_EDGE('',*,*,#5957,.T.);
#8038=ORIENTED_EDGE('',*,*,#5958,.T.);
#8039=ORIENTED_EDGE('',*,*,#5959,.F.);
#8040=ORIENTED_EDGE('',*,*,#5960,.T.);
#8041=ORIENTED_EDGE('',*,*,#5864,.T.);
#8042=ORIENTED_EDGE('',*,*,#5961,.F.);
#8043=ORIENTED_EDGE('',*,*,#5962,.T.);
#8044=ORIENTED_EDGE('',*,*,#5963,.F.);
#8045=ORIENTED_EDGE('',*,*,#5964,.F.);
#8046=ORIENTED_EDGE('',*,*,#5965,.T.);
#8047=ORIENTED_EDGE('',*,*,#5966,.F.);
#8048=ORIENTED_EDGE('',*,*,#5967,.T.);
#8049=ORIENTED_EDGE('',*,*,#5968,.T.);
#8050=ORIENTED_EDGE('',*,*,#5969,.T.);
#8051=ORIENTED_EDGE('',*,*,#5970,.T.);
#8052=ORIENTED_EDGE('',*,*,#5971,.F.);
#8053=ORIENTED_EDGE('',*,*,#5972,.T.);
#8054=ORIENTED_EDGE('',*,*,#5973,.T.);
#8055=ORIENTED_EDGE('',*,*,#5974,.T.);
#8056=ORIENTED_EDGE('',*,*,#5975,.T.);
#8057=ORIENTED_EDGE('',*,*,#5976,.T.);
#8058=ORIENTED_EDGE('',*,*,#5977,.T.);
#8059=ORIENTED_EDGE('',*,*,#5978,.T.);
#8060=ORIENTED_EDGE('',*,*,#5979,.T.);
#8061=ORIENTED_EDGE('',*,*,#5980,.T.);
#8062=ORIENTED_EDGE('',*,*,#5849,.T.);
#8063=ORIENTED_EDGE('',*,*,#5981,.T.);
#8064=ORIENTED_EDGE('',*,*,#5982,.T.);
#8065=ORIENTED_EDGE('',*,*,#5983,.T.);
#8066=ORIENTED_EDGE('',*,*,#5984,.T.);
#8067=ORIENTED_EDGE('',*,*,#5985,.T.);
#8068=ORIENTED_EDGE('',*,*,#5986,.T.);
#8069=ORIENTED_EDGE('',*,*,#5987,.T.);
#8070=ORIENTED_EDGE('',*,*,#5988,.T.);
#8071=ORIENTED_EDGE('',*,*,#5989,.T.);
#8072=ORIENTED_EDGE('',*,*,#5990,.F.);
#8073=ORIENTED_EDGE('',*,*,#5991,.T.);
#8074=ORIENTED_EDGE('',*,*,#5992,.T.);
#8075=ORIENTED_EDGE('',*,*,#5993,.T.);
#8076=ORIENTED_EDGE('',*,*,#5994,.T.);
#8077=ORIENTED_EDGE('',*,*,#5995,.F.);
#8078=ORIENTED_EDGE('',*,*,#5996,.T.);
#8079=ORIENTED_EDGE('',*,*,#5997,.F.);
#8080=ORIENTED_EDGE('',*,*,#5998,.F.);
#8081=ORIENTED_EDGE('',*,*,#5999,.T.);
#8082=ORIENTED_EDGE('',*,*,#5843,.T.);
#8083=ORIENTED_EDGE('',*,*,#5844,.T.);
#8084=ORIENTED_EDGE('',*,*,#5830,.T.);
#8085=ORIENTED_EDGE('',*,*,#5833,.T.);
#8086=ORIENTED_EDGE('',*,*,#5835,.T.);
#8087=ORIENTED_EDGE('',*,*,#5837,.T.);
#8088=ORIENTED_EDGE('',*,*,#5839,.T.);
#8089=ORIENTED_EDGE('',*,*,#5841,.T.);
#8090=ORIENTED_EDGE('',*,*,#5357,.T.);
#8091=ORIENTED_EDGE('',*,*,#5352,.T.);
#8092=ORIENTED_EDGE('',*,*,#5353,.T.);
#8093=ORIENTED_EDGE('',*,*,#5350,.T.);
#8094=ORIENTED_EDGE('',*,*,#5909,.F.);
#8095=ORIENTED_EDGE('',*,*,#5359,.F.);
#8096=ORIENTED_EDGE('',*,*,#5908,.F.);
#8097=ORIENTED_EDGE('',*,*,#6000,.T.);
#8098=ORIENTED_EDGE('',*,*,#6001,.F.);
#8099=ORIENTED_EDGE('',*,*,#6002,.T.);
#8100=ORIENTED_EDGE('',*,*,#6003,.T.);
#8101=ORIENTED_EDGE('',*,*,#6004,.T.);
#8102=ORIENTED_EDGE('',*,*,#6005,.F.);
#8103=ORIENTED_EDGE('',*,*,#6000,.F.);
#8104=ORIENTED_EDGE('',*,*,#6006,.T.);
#8105=ORIENTED_EDGE('',*,*,#6007,.F.);
#8106=ORIENTED_EDGE('',*,*,#6008,.F.);
#8107=ORIENTED_EDGE('',*,*,#6004,.F.);
#8108=ORIENTED_EDGE('',*,*,#6009,.T.);
#8109=ORIENTED_EDGE('',*,*,#6010,.F.);
#8110=ORIENTED_EDGE('',*,*,#6007,.T.);
#8111=ORIENTED_EDGE('',*,*,#6011,.T.);
#8112=ORIENTED_EDGE('',*,*,#6012,.T.);
#8113=ORIENTED_EDGE('',*,*,#6013,.F.);
#8114=ORIENTED_EDGE('',*,*,#6014,.T.);
#8115=ORIENTED_EDGE('',*,*,#6015,.T.);
#8116=ORIENTED_EDGE('',*,*,#6016,.T.);
#8117=ORIENTED_EDGE('',*,*,#6017,.T.);
#8118=ORIENTED_EDGE('',*,*,#6018,.F.);
#8119=ORIENTED_EDGE('',*,*,#6016,.F.);
#8120=ORIENTED_EDGE('',*,*,#6019,.T.);
#8121=ORIENTED_EDGE('',*,*,#6020,.T.);
#8122=ORIENTED_EDGE('',*,*,#6021,.F.);
#8123=ORIENTED_EDGE('',*,*,#6017,.F.);
#8124=ORIENTED_EDGE('',*,*,#6022,.T.);
#8125=ORIENTED_EDGE('',*,*,#6023,.T.);
#8126=ORIENTED_EDGE('',*,*,#6024,.F.);
#8127=ORIENTED_EDGE('',*,*,#6020,.F.);
#8128=ORIENTED_EDGE('',*,*,#6025,.T.);
#8129=ORIENTED_EDGE('',*,*,#5681,.T.);
#8130=ORIENTED_EDGE('',*,*,#5573,.T.);
#8131=ORIENTED_EDGE('',*,*,#5486,.T.);
#8132=ORIENTED_EDGE('',*,*,#6026,.T.);
#8133=ORIENTED_EDGE('',*,*,#6027,.F.);
#8134=ORIENTED_EDGE('',*,*,#6028,.F.);
#8135=ORIENTED_EDGE('',*,*,#6029,.F.);
#8136=ORIENTED_EDGE('',*,*,#6030,.F.);
#8137=ORIENTED_EDGE('',*,*,#6031,.F.);
#8138=ORIENTED_EDGE('',*,*,#6032,.T.);
#8139=ORIENTED_EDGE('',*,*,#6033,.F.);
#8140=ORIENTED_EDGE('',*,*,#6034,.F.);
#8141=ORIENTED_EDGE('',*,*,#6035,.F.);
#8142=ORIENTED_EDGE('',*,*,#6036,.F.);
#8143=ORIENTED_EDGE('',*,*,#6037,.F.);
#8144=ORIENTED_EDGE('',*,*,#5495,.T.);
#8145=ORIENTED_EDGE('',*,*,#5859,.F.);
#8146=ORIENTED_EDGE('',*,*,#5857,.F.);
#8147=ORIENTED_EDGE('',*,*,#5856,.F.);
#8148=ORIENTED_EDGE('',*,*,#5853,.F.);
#8149=ORIENTED_EDGE('',*,*,#5851,.F.);
#8150=ORIENTED_EDGE('',*,*,#5492,.T.);
#8151=ORIENTED_EDGE('',*,*,#6038,.F.);
#8152=ORIENTED_EDGE('',*,*,#6039,.F.);
#8153=ORIENTED_EDGE('',*,*,#5971,.T.);
#8154=ORIENTED_EDGE('',*,*,#6040,.T.);
#8155=ORIENTED_EDGE('',*,*,#6041,.T.);
#8156=ORIENTED_EDGE('',*,*,#6042,.T.);
#8157=ORIENTED_EDGE('',*,*,#5955,.F.);
#8158=ORIENTED_EDGE('',*,*,#6043,.T.);
#8159=ORIENTED_EDGE('',*,*,#6044,.T.);
#8160=ORIENTED_EDGE('',*,*,#6045,.T.);
#8161=ORIENTED_EDGE('',*,*,#5956,.F.);
#8162=ORIENTED_EDGE('',*,*,#6042,.F.);
#8163=ORIENTED_EDGE('',*,*,#6046,.T.);
#8164=ORIENTED_EDGE('',*,*,#6047,.T.);
#8165=ORIENTED_EDGE('',*,*,#5957,.F.);
#8166=ORIENTED_EDGE('',*,*,#6045,.F.);
#8167=ORIENTED_EDGE('',*,*,#6047,.F.);
#8168=ORIENTED_EDGE('',*,*,#6048,.T.);
#8169=ORIENTED_EDGE('',*,*,#6049,.F.);
#8170=ORIENTED_EDGE('',*,*,#5958,.F.);
#8171=ORIENTED_EDGE('',*,*,#6050,.T.);
#8172=ORIENTED_EDGE('',*,*,#6051,.T.);
#8173=ORIENTED_EDGE('',*,*,#5959,.T.);
#8174=ORIENTED_EDGE('',*,*,#6049,.T.);
#8175=ORIENTED_EDGE('',*,*,#6052,.T.);
#8176=ORIENTED_EDGE('',*,*,#6053,.T.);
#8177=ORIENTED_EDGE('',*,*,#5871,.T.);
#8178=ORIENTED_EDGE('',*,*,#5694,.F.);
#8179=ORIENTED_EDGE('',*,*,#5868,.F.);
#8180=ORIENTED_EDGE('',*,*,#5865,.F.);
#8181=ORIENTED_EDGE('',*,*,#5960,.F.);
#8182=ORIENTED_EDGE('',*,*,#6051,.F.);
#8183=ORIENTED_EDGE('',*,*,#5872,.F.);
#8184=ORIENTED_EDGE('',*,*,#6053,.F.);
#8185=ORIENTED_EDGE('',*,*,#6054,.T.);
#8186=ORIENTED_EDGE('',*,*,#6055,.F.);
#8187=ORIENTED_EDGE('',*,*,#6056,.T.);
#8188=ORIENTED_EDGE('',*,*,#6057,.T.);
#8189=ORIENTED_EDGE('',*,*,#5961,.T.);
#8190=ORIENTED_EDGE('',*,*,#5863,.T.);
#8191=ORIENTED_EDGE('',*,*,#5867,.T.);
#8192=ORIENTED_EDGE('',*,*,#5869,.T.);
#8193=ORIENTED_EDGE('',*,*,#5873,.T.);
#8194=ORIENTED_EDGE('',*,*,#6055,.T.);
#8195=ORIENTED_EDGE('',*,*,#6057,.F.);
#8196=ORIENTED_EDGE('',*,*,#6058,.T.);
#8197=ORIENTED_EDGE('',*,*,#6059,.F.);
#8198=ORIENTED_EDGE('',*,*,#5962,.F.);
#8199=ORIENTED_EDGE('',*,*,#6060,.T.);
#8200=ORIENTED_EDGE('',*,*,#6061,.F.);
#8201=ORIENTED_EDGE('',*,*,#5963,.T.);
#8202=ORIENTED_EDGE('',*,*,#6059,.T.);
#8203=ORIENTED_EDGE('',*,*,#5964,.T.);
#8204=ORIENTED_EDGE('',*,*,#6061,.T.);
#8205=ORIENTED_EDGE('',*,*,#6062,.T.);
#8206=ORIENTED_EDGE('',*,*,#6063,.T.);
#8207=ORIENTED_EDGE('',*,*,#6064,.F.);
#8208=ORIENTED_EDGE('',*,*,#5965,.F.);
#8209=ORIENTED_EDGE('',*,*,#6063,.F.);
#8210=ORIENTED_EDGE('',*,*,#6065,.T.);
#8211=ORIENTED_EDGE('',*,*,#5966,.T.);
#8212=ORIENTED_EDGE('',*,*,#6064,.T.);
#8213=ORIENTED_EDGE('',*,*,#6066,.T.);
#8214=ORIENTED_EDGE('',*,*,#6067,.T.);
#8215=ORIENTED_EDGE('',*,*,#6068,.T.);
#8216=ORIENTED_EDGE('',*,*,#5967,.F.);
#8217=ORIENTED_EDGE('',*,*,#6067,.F.);
#8218=ORIENTED_EDGE('',*,*,#6069,.T.);
#8219=ORIENTED_EDGE('',*,*,#6070,.T.);
#8220=ORIENTED_EDGE('',*,*,#5968,.F.);
#8221=ORIENTED_EDGE('',*,*,#6068,.F.);
#8222=ORIENTED_EDGE('',*,*,#6071,.T.);
#8223=ORIENTED_EDGE('',*,*,#6072,.T.);
#8224=ORIENTED_EDGE('',*,*,#6073,.F.);
#8225=ORIENTED_EDGE('',*,*,#6074,.T.);
#8226=ORIENTED_EDGE('',*,*,#5876,.T.);
#8227=ORIENTED_EDGE('',*,*,#5880,.T.);
#8228=ORIENTED_EDGE('',*,*,#5883,.T.);
#8229=ORIENTED_EDGE('',*,*,#5885,.T.);
#8230=ORIENTED_EDGE('',*,*,#6075,.T.);
#8231=ORIENTED_EDGE('',*,*,#6038,.T.);
#8232=ORIENTED_EDGE('',*,*,#6076,.T.);
#8233=ORIENTED_EDGE('',*,*,#5888,.T.);
#8234=ORIENTED_EDGE('',*,*,#5893,.T.);
#8235=ORIENTED_EDGE('',*,*,#5896,.T.);
#8236=ORIENTED_EDGE('',*,*,#5899,.T.);
#8237=ORIENTED_EDGE('',*,*,#6077,.F.);
#8238=ORIENTED_EDGE('',*,*,#5900,.F.);
#8239=ORIENTED_EDGE('',*,*,#5897,.F.);
#8240=ORIENTED_EDGE('',*,*,#5894,.F.);
#8241=ORIENTED_EDGE('',*,*,#5890,.F.);
#8242=ORIENTED_EDGE('',*,*,#6078,.F.);
#8243=ORIENTED_EDGE('',*,*,#6079,.T.);
#8244=ORIENTED_EDGE('',*,*,#6080,.F.);
#8245=ORIENTED_EDGE('',*,*,#5886,.F.);
#8246=ORIENTED_EDGE('',*,*,#5884,.F.);
#8247=ORIENTED_EDGE('',*,*,#5881,.F.);
#8248=ORIENTED_EDGE('',*,*,#5878,.F.);
#8249=ORIENTED_EDGE('',*,*,#6081,.F.);
#8250=ORIENTED_EDGE('',*,*,#6082,.T.);
#8251=ORIENTED_EDGE('',*,*,#6083,.F.);
#8252=ORIENTED_EDGE('',*,*,#6084,.F.);
#8253=ORIENTED_EDGE('',*,*,#5906,.F.);
#8254=ORIENTED_EDGE('',*,*,#6085,.T.);
#8255=ORIENTED_EDGE('',*,*,#6086,.F.);
#8256=ORIENTED_EDGE('',*,*,#6087,.F.);
#8257=ORIENTED_EDGE('',*,*,#6088,.F.);
#8258=ORIENTED_EDGE('',*,*,#6089,.F.);
#8259=ORIENTED_EDGE('',*,*,#6090,.F.);
#8260=ORIENTED_EDGE('',*,*,#6091,.F.);
#8261=ORIENTED_EDGE('',*,*,#6092,.F.);
#8262=ORIENTED_EDGE('',*,*,#6093,.F.);
#8263=ORIENTED_EDGE('',*,*,#6094,.F.);
#8264=ORIENTED_EDGE('',*,*,#6095,.F.);
#8265=ORIENTED_EDGE('',*,*,#6096,.F.);
#8266=ORIENTED_EDGE('',*,*,#5924,.F.);
#8267=ORIENTED_EDGE('',*,*,#6097,.T.);
#8268=ORIENTED_EDGE('',*,*,#6098,.F.);
#8269=ORIENTED_EDGE('',*,*,#6099,.T.);
#8270=ORIENTED_EDGE('',*,*,#6100,.T.);
#8271=ORIENTED_EDGE('',*,*,#5950,.F.);
#8272=ORIENTED_EDGE('',*,*,#5845,.F.);
#8273=ORIENTED_EDGE('',*,*,#5677,.T.);
#8274=ORIENTED_EDGE('',*,*,#5770,.F.);
#8275=ORIENTED_EDGE('',*,*,#5480,.T.);
#8276=ORIENTED_EDGE('',*,*,#6101,.T.);
#8277=ORIENTED_EDGE('',*,*,#5951,.F.);
#8278=ORIENTED_EDGE('',*,*,#6100,.F.);
#8279=ORIENTED_EDGE('',*,*,#6102,.T.);
#8280=ORIENTED_EDGE('',*,*,#6103,.T.);
#8281=ORIENTED_EDGE('',*,*,#5952,.F.);
#8282=ORIENTED_EDGE('',*,*,#6101,.F.);
#8283=ORIENTED_EDGE('',*,*,#6104,.T.);
#8284=ORIENTED_EDGE('',*,*,#6103,.F.);
#8285=ORIENTED_EDGE('',*,*,#6105,.T.);
#8286=ORIENTED_EDGE('',*,*,#6106,.T.);
#8287=ORIENTED_EDGE('',*,*,#5953,.F.);
#8288=ORIENTED_EDGE('',*,*,#6106,.F.);
#8289=ORIENTED_EDGE('',*,*,#6107,.T.);
#8290=ORIENTED_EDGE('',*,*,#6108,.T.);
#8291=ORIENTED_EDGE('',*,*,#6043,.F.);
#8292=ORIENTED_EDGE('',*,*,#5954,.F.);
#8293=ORIENTED_EDGE('',*,*,#6109,.T.);
#8294=ORIENTED_EDGE('',*,*,#6110,.F.);
#8295=ORIENTED_EDGE('',*,*,#5444,.T.);
#8296=ORIENTED_EDGE('',*,*,#5475,.T.);
#8297=ORIENTED_EDGE('',*,*,#5445,.T.);
#8298=ORIENTED_EDGE('',*,*,#6110,.T.);
#8299=ORIENTED_EDGE('',*,*,#6111,.T.);
#8300=ORIENTED_EDGE('',*,*,#6112,.T.);
#8301=ORIENTED_EDGE('',*,*,#6113,.F.);
#8302=ORIENTED_EDGE('',*,*,#5446,.T.);
#8303=ORIENTED_EDGE('',*,*,#6112,.F.);
#8304=ORIENTED_EDGE('',*,*,#6114,.T.);
#8305=ORIENTED_EDGE('',*,*,#5447,.T.);
#8306=ORIENTED_EDGE('',*,*,#6113,.T.);
#8307=ORIENTED_EDGE('',*,*,#6115,.T.);
#8308=ORIENTED_EDGE('',*,*,#6116,.T.);
#8309=ORIENTED_EDGE('',*,*,#5448,.T.);
#8310=ORIENTED_EDGE('',*,*,#6116,.F.);
#8311=ORIENTED_EDGE('',*,*,#6117,.T.);
#8312=ORIENTED_EDGE('',*,*,#5476,.T.);
#8313=ORIENTED_EDGE('',*,*,#6118,.T.);
#8314=ORIENTED_EDGE('',*,*,#6119,.F.);
#8315=ORIENTED_EDGE('',*,*,#6120,.T.);
#8316=ORIENTED_EDGE('',*,*,#5478,.T.);
#8317=ORIENTED_EDGE('',*,*,#6121,.T.);
#8318=ORIENTED_EDGE('',*,*,#6122,.T.);
#8319=ORIENTED_EDGE('',*,*,#6123,.T.);
#8320=ORIENTED_EDGE('',*,*,#6119,.T.);
#8321=ORIENTED_EDGE('',*,*,#6124,.T.);
#8322=ORIENTED_EDGE('',*,*,#5948,.F.);
#8323=ORIENTED_EDGE('',*,*,#6125,.T.);
#8324=ORIENTED_EDGE('',*,*,#6126,.T.);
#8325=ORIENTED_EDGE('',*,*,#5484,.T.);
#8326=ORIENTED_EDGE('',*,*,#5771,.F.);
#8327=ORIENTED_EDGE('',*,*,#5674,.T.);
#8328=ORIENTED_EDGE('',*,*,#5847,.F.);
#8329=ORIENTED_EDGE('',*,*,#5949,.F.);
#8330=ORIENTED_EDGE('',*,*,#6124,.F.);
#8331=ORIENTED_EDGE('',*,*,#6127,.T.);
#8332=ORIENTED_EDGE('',*,*,#6128,.T.);
#8333=ORIENTED_EDGE('',*,*,#6129,.F.);
#8334=ORIENTED_EDGE('',*,*,#6130,.T.);
#8335=ORIENTED_EDGE('',*,*,#5473,.T.);
#8336=ORIENTED_EDGE('',*,*,#6131,.T.);
#8337=ORIENTED_EDGE('',*,*,#6129,.T.);
#8338=ORIENTED_EDGE('',*,*,#6132,.T.);
#8339=ORIENTED_EDGE('',*,*,#6133,.T.);
#8340=ORIENTED_EDGE('',*,*,#6134,.T.);
#8341=ORIENTED_EDGE('',*,*,#6135,.T.);
#8342=ORIENTED_EDGE('',*,*,#6136,.T.);
#8343=ORIENTED_EDGE('',*,*,#5946,.F.);
#8344=ORIENTED_EDGE('',*,*,#6125,.F.);
#8345=ORIENTED_EDGE('',*,*,#5947,.F.);
#8346=ORIENTED_EDGE('',*,*,#6136,.F.);
#8347=ORIENTED_EDGE('',*,*,#6137,.T.);
#8348=ORIENTED_EDGE('',*,*,#6138,.T.);
#8349=ORIENTED_EDGE('',*,*,#6139,.T.);
#8350=ORIENTED_EDGE('',*,*,#6140,.F.);
#8351=ORIENTED_EDGE('',*,*,#6141,.T.);
#8352=ORIENTED_EDGE('',*,*,#6142,.F.);
#8353=ORIENTED_EDGE('',*,*,#6143,.F.);
#8354=ORIENTED_EDGE('',*,*,#6139,.F.);
#8355=ORIENTED_EDGE('',*,*,#6144,.F.);
#8356=ORIENTED_EDGE('',*,*,#6085,.F.);
#8357=ORIENTED_EDGE('',*,*,#5905,.T.);
#8358=ORIENTED_EDGE('',*,*,#6145,.F.);
#8359=ORIENTED_EDGE('',*,*,#6142,.T.);
#8360=ORIENTED_EDGE('',*,*,#5904,.T.);
#8361=ORIENTED_EDGE('',*,*,#6146,.T.);
#8362=ORIENTED_EDGE('',*,*,#6147,.T.);
#8363=ORIENTED_EDGE('',*,*,#6148,.F.);
#8364=ORIENTED_EDGE('',*,*,#6146,.F.);
#8365=ORIENTED_EDGE('',*,*,#5903,.T.);
#8366=ORIENTED_EDGE('',*,*,#6149,.F.);
#8367=ORIENTED_EDGE('',*,*,#6150,.T.);
#8368=ORIENTED_EDGE('',*,*,#5990,.T.);
#8369=ORIENTED_EDGE('',*,*,#6151,.F.);
#8370=ORIENTED_EDGE('',*,*,#6152,.T.);
#8371=ORIENTED_EDGE('',*,*,#5993,.F.);
#8372=ORIENTED_EDGE('',*,*,#6153,.T.);
#8373=ORIENTED_EDGE('',*,*,#6154,.T.);
#8374=ORIENTED_EDGE('',*,*,#6155,.F.);
#8375=ORIENTED_EDGE('',*,*,#5994,.F.);
#8376=ORIENTED_EDGE('',*,*,#6152,.F.);
#8377=ORIENTED_EDGE('',*,*,#6156,.T.);
#8378=ORIENTED_EDGE('',*,*,#5995,.T.);
#8379=ORIENTED_EDGE('',*,*,#6155,.T.);
#8380=ORIENTED_EDGE('',*,*,#6157,.T.);
#8381=ORIENTED_EDGE('',*,*,#6158,.T.);
#8382=ORIENTED_EDGE('',*,*,#6159,.F.);
#8383=ORIENTED_EDGE('',*,*,#5996,.F.);
#8384=ORIENTED_EDGE('',*,*,#6158,.F.);
#8385=ORIENTED_EDGE('',*,*,#6160,.T.);
#8386=ORIENTED_EDGE('',*,*,#5997,.T.);
#8387=ORIENTED_EDGE('',*,*,#6159,.T.);
#8388=ORIENTED_EDGE('',*,*,#6161,.T.);
#8389=ORIENTED_EDGE('',*,*,#6162,.F.);
#8390=ORIENTED_EDGE('',*,*,#6163,.T.);
#8391=ORIENTED_EDGE('',*,*,#6164,.T.);
#8392=ORIENTED_EDGE('',*,*,#5998,.T.);
#8393=ORIENTED_EDGE('',*,*,#6162,.T.);
#8394=ORIENTED_EDGE('',*,*,#6164,.F.);
#8395=ORIENTED_EDGE('',*,*,#6165,.T.);
#8396=ORIENTED_EDGE('',*,*,#6166,.F.);
#8397=ORIENTED_EDGE('',*,*,#5999,.F.);
#8398=ORIENTED_EDGE('',*,*,#5929,.T.);
#8399=ORIENTED_EDGE('',*,*,#5934,.T.);
#8400=ORIENTED_EDGE('',*,*,#5938,.T.);
#8401=ORIENTED_EDGE('',*,*,#6166,.T.);
#8402=ORIENTED_EDGE('',*,*,#6167,.T.);
#8403=ORIENTED_EDGE('',*,*,#6168,.T.);
#8404=ORIENTED_EDGE('',*,*,#5935,.T.);
#8405=ORIENTED_EDGE('',*,*,#5927,.T.);
#8406=ORIENTED_EDGE('',*,*,#6169,.T.);
#8407=ORIENTED_EDGE('',*,*,#6170,.F.);
#8408=ORIENTED_EDGE('',*,*,#5936,.F.);
#8409=ORIENTED_EDGE('',*,*,#6168,.F.);
#8410=ORIENTED_EDGE('',*,*,#6171,.F.);
#8411=ORIENTED_EDGE('',*,*,#5939,.F.);
#8412=ORIENTED_EDGE('',*,*,#5932,.T.);
#8413=ORIENTED_EDGE('',*,*,#5930,.F.);
#8414=ORIENTED_EDGE('',*,*,#5822,.F.);
#8415=ORIENTED_EDGE('',*,*,#5937,.T.);
#8416=ORIENTED_EDGE('',*,*,#6170,.T.);
#8417=ORIENTED_EDGE('',*,*,#6172,.T.);
#8418=ORIENTED_EDGE('',*,*,#6173,.T.);
#8419=ORIENTED_EDGE('',*,*,#6174,.T.);
#8420=ORIENTED_EDGE('',*,*,#5940,.T.);
#8421=ORIENTED_EDGE('',*,*,#6171,.T.);
#8422=ORIENTED_EDGE('',*,*,#6174,.F.);
#8423=ORIENTED_EDGE('',*,*,#6175,.T.);
#8424=ORIENTED_EDGE('',*,*,#6176,.T.);
#8425=ORIENTED_EDGE('',*,*,#5941,.F.);
#8426=ORIENTED_EDGE('',*,*,#5942,.F.);
#8427=ORIENTED_EDGE('',*,*,#6176,.F.);
#8428=ORIENTED_EDGE('',*,*,#6177,.T.);
#8429=ORIENTED_EDGE('',*,*,#6178,.T.);
#8430=ORIENTED_EDGE('',*,*,#5943,.F.);
#8431=ORIENTED_EDGE('',*,*,#6178,.F.);
#8432=ORIENTED_EDGE('',*,*,#6179,.T.);
#8433=ORIENTED_EDGE('',*,*,#6180,.T.);
#8434=ORIENTED_EDGE('',*,*,#5944,.F.);
#8435=ORIENTED_EDGE('',*,*,#6180,.F.);
#8436=ORIENTED_EDGE('',*,*,#6181,.T.);
#8437=ORIENTED_EDGE('',*,*,#6182,.T.);
#8438=ORIENTED_EDGE('',*,*,#6182,.F.);
#8439=ORIENTED_EDGE('',*,*,#6183,.T.);
#8440=ORIENTED_EDGE('',*,*,#6184,.T.);
#8441=ORIENTED_EDGE('',*,*,#6134,.F.);
#8442=ORIENTED_EDGE('',*,*,#5945,.F.);
#8443=ORIENTED_EDGE('',*,*,#6021,.T.);
#8444=ORIENTED_EDGE('',*,*,#6024,.T.);
#8445=ORIENTED_EDGE('',*,*,#6185,.T.);
#8446=ORIENTED_EDGE('',*,*,#6186,.F.);
#8447=ORIENTED_EDGE('',*,*,#6187,.T.);
#8448=ORIENTED_EDGE('',*,*,#6001,.T.);
#8449=ORIENTED_EDGE('',*,*,#6005,.T.);
#8450=ORIENTED_EDGE('',*,*,#6008,.T.);
#8451=ORIENTED_EDGE('',*,*,#6010,.T.);
#8452=ORIENTED_EDGE('',*,*,#6188,.T.);
#8453=ORIENTED_EDGE('',*,*,#6149,.T.);
#8454=ORIENTED_EDGE('',*,*,#6189,.T.);
#8455=ORIENTED_EDGE('',*,*,#6013,.T.);
#8456=ORIENTED_EDGE('',*,*,#6018,.T.);
#8457=ORIENTED_EDGE('',*,*,#6190,.F.);
#8458=ORIENTED_EDGE('',*,*,#6025,.F.);
#8459=ORIENTED_EDGE('',*,*,#6022,.F.);
#8460=ORIENTED_EDGE('',*,*,#6019,.F.);
#8461=ORIENTED_EDGE('',*,*,#6015,.F.);
#8462=ORIENTED_EDGE('',*,*,#6191,.F.);
#8463=ORIENTED_EDGE('',*,*,#6192,.T.);
#8464=ORIENTED_EDGE('',*,*,#6193,.F.);
#8465=ORIENTED_EDGE('',*,*,#6011,.F.);
#8466=ORIENTED_EDGE('',*,*,#6009,.F.);
#8467=ORIENTED_EDGE('',*,*,#6006,.F.);
#8468=ORIENTED_EDGE('',*,*,#6003,.F.);
#8469=ORIENTED_EDGE('',*,*,#6194,.F.);
#8470=ORIENTED_EDGE('',*,*,#6195,.T.);
#8471=ORIENTED_EDGE('',*,*,#6032,.F.);
#8472=ORIENTED_EDGE('',*,*,#6196,.F.);
#8473=ORIENTED_EDGE('',*,*,#6197,.T.);
#8474=ORIENTED_EDGE('',*,*,#6198,.F.);
#8475=ORIENTED_EDGE('',*,*,#5921,.T.);
#8476=ORIENTED_EDGE('',*,*,#6199,.F.);
#8477=ORIENTED_EDGE('',*,*,#6200,.T.);
#8478=ORIENTED_EDGE('',*,*,#6201,.T.);
#8479=ORIENTED_EDGE('',*,*,#6202,.T.);
#8480=ORIENTED_EDGE('',*,*,#6203,.T.);
#8481=ORIENTED_EDGE('',*,*,#6204,.F.);
#8482=ORIENTED_EDGE('',*,*,#5969,.F.);
#8483=ORIENTED_EDGE('',*,*,#6070,.F.);
#8484=ORIENTED_EDGE('',*,*,#6205,.T.);
#8485=ORIENTED_EDGE('',*,*,#6204,.T.);
#8486=ORIENTED_EDGE('',*,*,#6206,.T.);
#8487=ORIENTED_EDGE('',*,*,#6207,.T.);
#8488=ORIENTED_EDGE('',*,*,#6078,.T.);
#8489=ORIENTED_EDGE('',*,*,#5889,.F.);
#8490=ORIENTED_EDGE('',*,*,#6076,.F.);
#8491=ORIENTED_EDGE('',*,*,#6040,.F.);
#8492=ORIENTED_EDGE('',*,*,#5970,.F.);
#8493=ORIENTED_EDGE('',*,*,#6208,.F.);
#8494=ORIENTED_EDGE('',*,*,#6079,.F.);
#8495=ORIENTED_EDGE('',*,*,#6207,.F.);
#8496=ORIENTED_EDGE('',*,*,#6209,.T.);
#8497=ORIENTED_EDGE('',*,*,#6208,.T.);
#8498=ORIENTED_EDGE('',*,*,#6210,.T.);
#8499=ORIENTED_EDGE('',*,*,#6211,.T.);
#8500=ORIENTED_EDGE('',*,*,#6212,.T.);
#8501=ORIENTED_EDGE('',*,*,#5972,.F.);
#8502=ORIENTED_EDGE('',*,*,#6039,.T.);
#8503=ORIENTED_EDGE('',*,*,#6075,.F.);
#8504=ORIENTED_EDGE('',*,*,#5887,.F.);
#8505=ORIENTED_EDGE('',*,*,#6080,.T.);
#8506=ORIENTED_EDGE('',*,*,#6212,.F.);
#8507=ORIENTED_EDGE('',*,*,#6213,.T.);
#8508=ORIENTED_EDGE('',*,*,#6214,.T.);
#8509=ORIENTED_EDGE('',*,*,#5973,.F.);
#8510=ORIENTED_EDGE('',*,*,#6214,.F.);
#8511=ORIENTED_EDGE('',*,*,#6215,.T.);
#8512=ORIENTED_EDGE('',*,*,#6216,.T.);
#8513=ORIENTED_EDGE('',*,*,#6217,.T.);
#8514=ORIENTED_EDGE('',*,*,#5974,.F.);
#8515=ORIENTED_EDGE('',*,*,#6218,.T.);
#8516=ORIENTED_EDGE('',*,*,#6219,.T.);
#8517=ORIENTED_EDGE('',*,*,#6200,.F.);
#8518=ORIENTED_EDGE('',*,*,#6220,.F.);
#8519=ORIENTED_EDGE('',*,*,#6221,.T.);
#8520=ORIENTED_EDGE('',*,*,#6205,.F.);
#8521=ORIENTED_EDGE('',*,*,#6071,.F.);
#8522=ORIENTED_EDGE('',*,*,#6069,.F.);
#8523=ORIENTED_EDGE('',*,*,#6066,.F.);
#8524=ORIENTED_EDGE('',*,*,#6065,.F.);
#8525=ORIENTED_EDGE('',*,*,#6062,.F.);
#8526=ORIENTED_EDGE('',*,*,#6060,.F.);
#8527=ORIENTED_EDGE('',*,*,#6058,.F.);
#8528=ORIENTED_EDGE('',*,*,#6056,.F.);
#8529=ORIENTED_EDGE('',*,*,#6054,.F.);
#8530=ORIENTED_EDGE('',*,*,#6052,.F.);
#8531=ORIENTED_EDGE('',*,*,#6050,.F.);
#8532=ORIENTED_EDGE('',*,*,#6048,.F.);
#8533=ORIENTED_EDGE('',*,*,#6046,.F.);
#8534=ORIENTED_EDGE('',*,*,#6044,.F.);
#8535=ORIENTED_EDGE('',*,*,#6041,.F.);
#8536=ORIENTED_EDGE('',*,*,#6108,.F.);
#8537=ORIENTED_EDGE('',*,*,#6097,.F.);
#8538=ORIENTED_EDGE('',*,*,#5923,.T.);
#8539=ORIENTED_EDGE('',*,*,#5358,.F.);
#8540=ORIENTED_EDGE('',*,*,#5355,.F.);
#8541=ORIENTED_EDGE('',*,*,#5922,.T.);
#8542=ORIENTED_EDGE('',*,*,#6201,.F.);
#8543=ORIENTED_EDGE('',*,*,#6219,.F.);
#8544=ORIENTED_EDGE('',*,*,#6222,.T.);
#8545=ORIENTED_EDGE('',*,*,#5979,.F.);
#8546=ORIENTED_EDGE('',*,*,#6223,.T.);
#8547=ORIENTED_EDGE('',*,*,#6224,.T.);
#8548=ORIENTED_EDGE('',*,*,#6225,.T.);
#8549=ORIENTED_EDGE('',*,*,#5489,.T.);
#8550=ORIENTED_EDGE('',*,*,#5874,.F.);
#8551=ORIENTED_EDGE('',*,*,#5679,.T.);
#8552=ORIENTED_EDGE('',*,*,#5850,.F.);
#8553=ORIENTED_EDGE('',*,*,#5980,.F.);
#8554=ORIENTED_EDGE('',*,*,#6222,.F.);
#8555=ORIENTED_EDGE('',*,*,#6226,.T.);
#8556=ORIENTED_EDGE('',*,*,#6227,.F.);
#8557=ORIENTED_EDGE('',*,*,#6027,.T.);
#8558=ORIENTED_EDGE('',*,*,#5491,.T.);
#8559=ORIENTED_EDGE('',*,*,#6028,.T.);
#8560=ORIENTED_EDGE('',*,*,#6227,.T.);
#8561=ORIENTED_EDGE('',*,*,#6228,.T.);
#8562=ORIENTED_EDGE('',*,*,#6229,.T.);
#8563=ORIENTED_EDGE('',*,*,#6230,.T.);
#8564=ORIENTED_EDGE('',*,*,#6231,.T.);
#8565=ORIENTED_EDGE('',*,*,#6232,.T.);
#8566=ORIENTED_EDGE('',*,*,#5975,.F.);
#8567=ORIENTED_EDGE('',*,*,#6217,.F.);
#8568=ORIENTED_EDGE('',*,*,#6233,.T.);
#8569=ORIENTED_EDGE('',*,*,#6234,.T.);
#8570=ORIENTED_EDGE('',*,*,#5976,.F.);
#8571=ORIENTED_EDGE('',*,*,#6232,.F.);
#8572=ORIENTED_EDGE('',*,*,#6235,.T.);
#8573=ORIENTED_EDGE('',*,*,#5977,.F.);
#8574=ORIENTED_EDGE('',*,*,#6234,.F.);
#8575=ORIENTED_EDGE('',*,*,#6236,.T.);
#8576=ORIENTED_EDGE('',*,*,#6223,.F.);
#8577=ORIENTED_EDGE('',*,*,#5978,.F.);
#8578=ORIENTED_EDGE('',*,*,#6235,.F.);
#8579=ORIENTED_EDGE('',*,*,#6237,.T.);
#8580=ORIENTED_EDGE('',*,*,#6238,.T.);
#8581=ORIENTED_EDGE('',*,*,#6239,.T.);
#8582=ORIENTED_EDGE('',*,*,#6240,.T.);
#8583=ORIENTED_EDGE('',*,*,#6230,.F.);
#8584=ORIENTED_EDGE('',*,*,#6216,.F.);
#8585=ORIENTED_EDGE('',*,*,#6241,.T.);
#8586=ORIENTED_EDGE('',*,*,#6073,.T.);
#8587=ORIENTED_EDGE('',*,*,#6242,.T.);
#8588=ORIENTED_EDGE('',*,*,#6243,.F.);
#8589=ORIENTED_EDGE('',*,*,#6244,.T.);
#8590=ORIENTED_EDGE('',*,*,#6245,.T.);
#8591=ORIENTED_EDGE('',*,*,#6246,.T.);
#8592=ORIENTED_EDGE('',*,*,#6081,.T.);
#8593=ORIENTED_EDGE('',*,*,#5877,.T.);
#8594=ORIENTED_EDGE('',*,*,#6074,.F.);
#8595=ORIENTED_EDGE('',*,*,#6241,.F.);
#8596=ORIENTED_EDGE('',*,*,#6247,.F.);
#8597=ORIENTED_EDGE('',*,*,#6082,.F.);
#8598=ORIENTED_EDGE('',*,*,#6246,.F.);
#8599=ORIENTED_EDGE('',*,*,#6248,.T.);
#8600=ORIENTED_EDGE('',*,*,#6249,.F.);
#8601=ORIENTED_EDGE('',*,*,#6250,.T.);
#8602=ORIENTED_EDGE('',*,*,#6251,.F.);
#8603=ORIENTED_EDGE('',*,*,#6242,.F.);
#8604=ORIENTED_EDGE('',*,*,#6072,.F.);
#8605=ORIENTED_EDGE('',*,*,#5898,.F.);
#8606=ORIENTED_EDGE('',*,*,#6077,.T.);
#8607=ORIENTED_EDGE('',*,*,#6249,.T.);
#8608=ORIENTED_EDGE('',*,*,#6252,.T.);
#8609=ORIENTED_EDGE('',*,*,#6253,.F.);
#8610=ORIENTED_EDGE('',*,*,#6254,.F.);
#8611=ORIENTED_EDGE('',*,*,#6250,.F.);
#8612=ORIENTED_EDGE('',*,*,#6255,.T.);
#8613=ORIENTED_EDGE('',*,*,#6256,.F.);
#8614=ORIENTED_EDGE('',*,*,#6253,.T.);
#8615=ORIENTED_EDGE('',*,*,#6257,.T.);
#8616=ORIENTED_EDGE('',*,*,#6258,.T.);
#8617=ORIENTED_EDGE('',*,*,#6259,.F.);
#8618=ORIENTED_EDGE('',*,*,#6260,.F.);
#8619=ORIENTED_EDGE('',*,*,#6258,.F.);
#8620=ORIENTED_EDGE('',*,*,#6261,.T.);
#8621=ORIENTED_EDGE('',*,*,#6262,.F.);
#8622=ORIENTED_EDGE('',*,*,#6259,.T.);
#8623=ORIENTED_EDGE('',*,*,#6263,.T.);
#8624=ORIENTED_EDGE('',*,*,#6264,.T.);
#8625=ORIENTED_EDGE('',*,*,#6244,.F.);
#8626=ORIENTED_EDGE('',*,*,#6265,.F.);
#8627=ORIENTED_EDGE('',*,*,#6266,.F.);
#8628=ORIENTED_EDGE('',*,*,#6267,.T.);
#8629=ORIENTED_EDGE('',*,*,#6268,.T.);
#8630=ORIENTED_EDGE('',*,*,#6090,.T.);
#8631=ORIENTED_EDGE('',*,*,#6269,.T.);
#8632=ORIENTED_EDGE('',*,*,#6270,.F.);
#8633=ORIENTED_EDGE('',*,*,#6271,.T.);
#8634=ORIENTED_EDGE('',*,*,#6272,.F.);
#8635=ORIENTED_EDGE('',*,*,#6273,.T.);
#8636=ORIENTED_EDGE('',*,*,#6091,.T.);
#8637=ORIENTED_EDGE('',*,*,#6105,.F.);
#8638=ORIENTED_EDGE('',*,*,#6104,.F.);
#8639=ORIENTED_EDGE('',*,*,#6102,.F.);
#8640=ORIENTED_EDGE('',*,*,#6099,.F.);
#8641=ORIENTED_EDGE('',*,*,#5479,.T.);
#8642=ORIENTED_EDGE('',*,*,#6120,.F.);
#8643=ORIENTED_EDGE('',*,*,#6123,.F.);
#8644=ORIENTED_EDGE('',*,*,#6274,.T.);
#8645=ORIENTED_EDGE('',*,*,#6275,.F.);
#8646=ORIENTED_EDGE('',*,*,#6271,.F.);
#8647=ORIENTED_EDGE('',*,*,#6098,.T.);
#8648=ORIENTED_EDGE('',*,*,#6107,.F.);
#8649=ORIENTED_EDGE('',*,*,#6122,.F.);
#8650=ORIENTED_EDGE('',*,*,#6276,.T.);
#8651=ORIENTED_EDGE('',*,*,#6277,.F.);
#8652=ORIENTED_EDGE('',*,*,#6274,.F.);
#8653=ORIENTED_EDGE('',*,*,#6130,.F.);
#8654=ORIENTED_EDGE('',*,*,#6131,.F.);
#8655=ORIENTED_EDGE('',*,*,#6278,.T.);
#8656=ORIENTED_EDGE('',*,*,#6279,.F.);
#8657=ORIENTED_EDGE('',*,*,#6276,.F.);
#8658=ORIENTED_EDGE('',*,*,#6121,.F.);
#8659=ORIENTED_EDGE('',*,*,#6118,.F.);
#8660=ORIENTED_EDGE('',*,*,#5477,.T.);
#8661=ORIENTED_EDGE('',*,*,#6117,.F.);
#8662=ORIENTED_EDGE('',*,*,#6115,.F.);
#8663=ORIENTED_EDGE('',*,*,#6114,.F.);
#8664=ORIENTED_EDGE('',*,*,#6111,.F.);
#8665=ORIENTED_EDGE('',*,*,#6109,.F.);
#8666=ORIENTED_EDGE('',*,*,#5474,.T.);
#8667=ORIENTED_EDGE('',*,*,#6280,.F.);
#8668=ORIENTED_EDGE('',*,*,#6278,.F.);
#8669=ORIENTED_EDGE('',*,*,#6133,.F.);
#8670=ORIENTED_EDGE('',*,*,#6281,.T.);
#8671=ORIENTED_EDGE('',*,*,#6135,.F.);
#8672=ORIENTED_EDGE('',*,*,#6184,.F.);
#8673=ORIENTED_EDGE('',*,*,#6083,.T.);
#8674=ORIENTED_EDGE('',*,*,#6268,.F.);
#8675=ORIENTED_EDGE('',*,*,#6282,.F.);
#8676=ORIENTED_EDGE('',*,*,#6281,.F.);
#8677=ORIENTED_EDGE('',*,*,#6132,.F.);
#8678=ORIENTED_EDGE('',*,*,#6128,.F.);
#8679=ORIENTED_EDGE('',*,*,#5472,.T.);
#8680=ORIENTED_EDGE('',*,*,#6127,.F.);
#8681=ORIENTED_EDGE('',*,*,#6126,.F.);
#8682=ORIENTED_EDGE('',*,*,#6137,.F.);
#8683=ORIENTED_EDGE('',*,*,#6283,.T.);
#8684=ORIENTED_EDGE('',*,*,#6284,.T.);
#8685=ORIENTED_EDGE('',*,*,#6094,.T.);
#8686=ORIENTED_EDGE('',*,*,#6285,.T.);
#8687=ORIENTED_EDGE('',*,*,#6286,.T.);
#8688=ORIENTED_EDGE('',*,*,#5916,.T.);
#8689=ORIENTED_EDGE('',*,*,#6287,.F.);
#8690=ORIENTED_EDGE('',*,*,#6288,.F.);
#8691=ORIENTED_EDGE('',*,*,#6289,.F.);
#8692=ORIENTED_EDGE('',*,*,#6290,.F.);
#8693=ORIENTED_EDGE('',*,*,#6291,.T.);
#8694=ORIENTED_EDGE('',*,*,#6292,.F.);
#8695=ORIENTED_EDGE('',*,*,#6293,.F.);
#8696=ORIENTED_EDGE('',*,*,#6087,.T.);
#8697=ORIENTED_EDGE('',*,*,#6294,.F.);
#8698=ORIENTED_EDGE('',*,*,#6295,.T.);
#8699=ORIENTED_EDGE('',*,*,#6296,.F.);
#8700=ORIENTED_EDGE('',*,*,#6141,.F.);
#8701=ORIENTED_EDGE('',*,*,#6297,.F.);
#8702=ORIENTED_EDGE('',*,*,#6298,.T.);
#8703=ORIENTED_EDGE('',*,*,#6299,.F.);
#8704=ORIENTED_EDGE('',*,*,#6147,.F.);
#8705=ORIENTED_EDGE('',*,*,#5902,.T.);
#8706=ORIENTED_EDGE('',*,*,#6145,.T.);
#8707=ORIENTED_EDGE('',*,*,#6148,.T.);
#8708=ORIENTED_EDGE('',*,*,#6299,.T.);
#8709=ORIENTED_EDGE('',*,*,#6300,.T.);
#8710=ORIENTED_EDGE('',*,*,#6301,.T.);
#8711=ORIENTED_EDGE('',*,*,#6297,.T.);
#8712=ORIENTED_EDGE('',*,*,#6140,.T.);
#8713=ORIENTED_EDGE('',*,*,#6143,.T.);
#8714=ORIENTED_EDGE('',*,*,#6302,.T.);
#8715=ORIENTED_EDGE('',*,*,#6303,.T.);
#8716=ORIENTED_EDGE('',*,*,#6304,.T.);
#8717=ORIENTED_EDGE('',*,*,#6305,.T.);
#8718=ORIENTED_EDGE('',*,*,#5987,.F.);
#8719=ORIENTED_EDGE('',*,*,#6305,.F.);
#8720=ORIENTED_EDGE('',*,*,#6306,.T.);
#8721=ORIENTED_EDGE('',*,*,#6307,.F.);
#8722=ORIENTED_EDGE('',*,*,#5988,.F.);
#8723=ORIENTED_EDGE('',*,*,#6308,.F.);
#8724=ORIENTED_EDGE('',*,*,#6192,.F.);
#8725=ORIENTED_EDGE('',*,*,#6309,.F.);
#8726=ORIENTED_EDGE('',*,*,#6310,.T.);
#8727=ORIENTED_EDGE('',*,*,#6311,.T.);
#8728=ORIENTED_EDGE('',*,*,#5991,.F.);
#8729=ORIENTED_EDGE('',*,*,#6150,.F.);
#8730=ORIENTED_EDGE('',*,*,#6188,.F.);
#8731=ORIENTED_EDGE('',*,*,#6012,.F.);
#8732=ORIENTED_EDGE('',*,*,#6193,.T.);
#8733=ORIENTED_EDGE('',*,*,#6308,.T.);
#8734=ORIENTED_EDGE('',*,*,#6312,.T.);
#8735=ORIENTED_EDGE('',*,*,#5989,.F.);
#8736=ORIENTED_EDGE('',*,*,#6307,.T.);
#8737=ORIENTED_EDGE('',*,*,#6313,.T.);
#8738=ORIENTED_EDGE('',*,*,#6314,.T.);
#8739=ORIENTED_EDGE('',*,*,#6309,.T.);
#8740=ORIENTED_EDGE('',*,*,#6191,.T.);
#8741=ORIENTED_EDGE('',*,*,#6014,.F.);
#8742=ORIENTED_EDGE('',*,*,#6189,.F.);
#8743=ORIENTED_EDGE('',*,*,#6151,.T.);
#8744=ORIENTED_EDGE('',*,*,#6153,.F.);
#8745=ORIENTED_EDGE('',*,*,#5992,.F.);
#8746=ORIENTED_EDGE('',*,*,#6311,.F.);
#8747=ORIENTED_EDGE('',*,*,#6315,.T.);
#8748=ORIENTED_EDGE('',*,*,#6316,.T.);
#8749=ORIENTED_EDGE('',*,*,#6317,.T.);
#8750=ORIENTED_EDGE('',*,*,#6318,.T.);
#8751=ORIENTED_EDGE('',*,*,#5910,.T.);
#8752=ORIENTED_EDGE('',*,*,#5349,.F.);
#8753=ORIENTED_EDGE('',*,*,#5907,.T.);
#8754=ORIENTED_EDGE('',*,*,#6084,.T.);
#8755=ORIENTED_EDGE('',*,*,#6183,.F.);
#8756=ORIENTED_EDGE('',*,*,#6181,.F.);
#8757=ORIENTED_EDGE('',*,*,#6179,.F.);
#8758=ORIENTED_EDGE('',*,*,#6177,.F.);
#8759=ORIENTED_EDGE('',*,*,#6175,.F.);
#8760=ORIENTED_EDGE('',*,*,#6173,.F.);
#8761=ORIENTED_EDGE('',*,*,#6172,.F.);
#8762=ORIENTED_EDGE('',*,*,#6169,.F.);
#8763=ORIENTED_EDGE('',*,*,#6167,.F.);
#8764=ORIENTED_EDGE('',*,*,#6165,.F.);
#8765=ORIENTED_EDGE('',*,*,#6163,.F.);
#8766=ORIENTED_EDGE('',*,*,#6161,.F.);
#8767=ORIENTED_EDGE('',*,*,#6160,.F.);
#8768=ORIENTED_EDGE('',*,*,#6157,.F.);
#8769=ORIENTED_EDGE('',*,*,#6156,.F.);
#8770=ORIENTED_EDGE('',*,*,#6154,.F.);
#8771=ORIENTED_EDGE('',*,*,#6317,.F.);
#8772=ORIENTED_EDGE('',*,*,#6319,.T.);
#8773=ORIENTED_EDGE('',*,*,#6320,.T.);
#8774=ORIENTED_EDGE('',*,*,#6321,.T.);
#8775=ORIENTED_EDGE('',*,*,#6322,.F.);
#8776=ORIENTED_EDGE('',*,*,#5911,.T.);
#8777=ORIENTED_EDGE('',*,*,#6318,.F.);
#8778=ORIENTED_EDGE('',*,*,#6323,.T.);
#8779=ORIENTED_EDGE('',*,*,#6324,.F.);
#8780=ORIENTED_EDGE('',*,*,#6321,.F.);
#8781=ORIENTED_EDGE('',*,*,#6320,.F.);
#8782=ORIENTED_EDGE('',*,*,#6325,.T.);
#8783=ORIENTED_EDGE('',*,*,#6326,.F.);
#8784=ORIENTED_EDGE('',*,*,#6327,.T.);
#8785=ORIENTED_EDGE('',*,*,#6186,.T.);
#8786=ORIENTED_EDGE('',*,*,#6328,.F.);
#8787=ORIENTED_EDGE('',*,*,#6329,.F.);
#8788=ORIENTED_EDGE('',*,*,#6330,.F.);
#8789=ORIENTED_EDGE('',*,*,#6331,.T.);
#8790=ORIENTED_EDGE('',*,*,#6332,.F.);
#8791=ORIENTED_EDGE('',*,*,#6328,.T.);
#8792=ORIENTED_EDGE('',*,*,#6333,.T.);
#8793=ORIENTED_EDGE('',*,*,#6334,.T.);
#8794=ORIENTED_EDGE('',*,*,#6335,.T.);
#8795=ORIENTED_EDGE('',*,*,#6336,.F.);
#8796=ORIENTED_EDGE('',*,*,#6334,.F.);
#8797=ORIENTED_EDGE('',*,*,#6337,.T.);
#8798=ORIENTED_EDGE('',*,*,#6338,.T.);
#8799=ORIENTED_EDGE('',*,*,#6339,.T.);
#8800=ORIENTED_EDGE('',*,*,#6194,.T.);
#8801=ORIENTED_EDGE('',*,*,#6002,.F.);
#8802=ORIENTED_EDGE('',*,*,#6187,.F.);
#8803=ORIENTED_EDGE('',*,*,#6327,.F.);
#8804=ORIENTED_EDGE('',*,*,#6340,.F.);
#8805=ORIENTED_EDGE('',*,*,#6335,.F.);
#8806=ORIENTED_EDGE('',*,*,#6341,.T.);
#8807=ORIENTED_EDGE('',*,*,#6342,.F.);
#8808=ORIENTED_EDGE('',*,*,#6195,.F.);
#8809=ORIENTED_EDGE('',*,*,#6339,.F.);
#8810=ORIENTED_EDGE('',*,*,#6343,.F.);
#8811=ORIENTED_EDGE('',*,*,#6325,.F.);
#8812=ORIENTED_EDGE('',*,*,#6185,.F.);
#8813=ORIENTED_EDGE('',*,*,#6023,.F.);
#8814=ORIENTED_EDGE('',*,*,#6190,.T.);
#8815=ORIENTED_EDGE('',*,*,#6342,.T.);
#8816=ORIENTED_EDGE('',*,*,#6344,.T.);
#8817=ORIENTED_EDGE('',*,*,#6345,.T.);
#8818=ORIENTED_EDGE('',*,*,#6346,.F.);
#8819=ORIENTED_EDGE('',*,*,#6347,.F.);
#8820=ORIENTED_EDGE('',*,*,#6345,.F.);
#8821=ORIENTED_EDGE('',*,*,#6348,.T.);
#8822=ORIENTED_EDGE('',*,*,#6349,.F.);
#8823=ORIENTED_EDGE('',*,*,#6350,.T.);
#8824=ORIENTED_EDGE('',*,*,#6351,.T.);
#8825=ORIENTED_EDGE('',*,*,#6330,.T.);
#8826=ORIENTED_EDGE('',*,*,#6352,.T.);
#8827=ORIENTED_EDGE('',*,*,#6353,.T.);
#8828=ORIENTED_EDGE('',*,*,#6303,.F.);
#8829=ORIENTED_EDGE('',*,*,#6354,.T.);
#8830=ORIENTED_EDGE('',*,*,#6355,.T.);
#8831=ORIENTED_EDGE('',*,*,#6037,.T.);
#8832=ORIENTED_EDGE('',*,*,#6356,.F.);
#8833=ORIENTED_EDGE('',*,*,#6357,.T.);
#8834=ORIENTED_EDGE('',*,*,#5496,.T.);
#8835=ORIENTED_EDGE('',*,*,#6358,.T.);
#8836=ORIENTED_EDGE('',*,*,#6359,.T.);
#8837=ORIENTED_EDGE('',*,*,#5981,.F.);
#8838=ORIENTED_EDGE('',*,*,#5848,.F.);
#8839=ORIENTED_EDGE('',*,*,#5682,.T.);
#8840=ORIENTED_EDGE('',*,*,#6026,.F.);
#8841=ORIENTED_EDGE('',*,*,#5485,.T.);
#8842=ORIENTED_EDGE('',*,*,#6360,.T.);
#8843=ORIENTED_EDGE('',*,*,#5982,.F.);
#8844=ORIENTED_EDGE('',*,*,#6359,.F.);
#8845=ORIENTED_EDGE('',*,*,#6361,.T.);
#8846=ORIENTED_EDGE('',*,*,#6362,.T.);
#8847=ORIENTED_EDGE('',*,*,#5983,.F.);
#8848=ORIENTED_EDGE('',*,*,#6360,.F.);
#8849=ORIENTED_EDGE('',*,*,#6363,.T.);
#8850=ORIENTED_EDGE('',*,*,#6364,.T.);
#8851=ORIENTED_EDGE('',*,*,#5984,.F.);
#8852=ORIENTED_EDGE('',*,*,#6362,.F.);
#8853=ORIENTED_EDGE('',*,*,#6365,.T.);
#8854=ORIENTED_EDGE('',*,*,#5985,.F.);
#8855=ORIENTED_EDGE('',*,*,#6364,.F.);
#8856=ORIENTED_EDGE('',*,*,#6366,.T.);
#8857=ORIENTED_EDGE('',*,*,#6367,.T.);
#8858=ORIENTED_EDGE('',*,*,#5986,.F.);
#8859=ORIENTED_EDGE('',*,*,#6367,.F.);
#8860=ORIENTED_EDGE('',*,*,#6368,.T.);
#8861=ORIENTED_EDGE('',*,*,#6354,.F.);
#8862=ORIENTED_EDGE('',*,*,#6302,.F.);
#8863=ORIENTED_EDGE('',*,*,#6036,.T.);
#8864=ORIENTED_EDGE('',*,*,#6369,.T.);
#8865=ORIENTED_EDGE('',*,*,#6370,.T.);
#8866=ORIENTED_EDGE('',*,*,#6356,.T.);
#8867=ORIENTED_EDGE('',*,*,#6371,.T.);
#8868=ORIENTED_EDGE('',*,*,#6197,.F.);
#8869=ORIENTED_EDGE('',*,*,#6372,.F.);
#8870=ORIENTED_EDGE('',*,*,#6373,.T.);
#8871=ORIENTED_EDGE('',*,*,#6374,.F.);
#8872=ORIENTED_EDGE('',*,*,#6375,.F.);
#8873=ORIENTED_EDGE('',*,*,#6376,.T.);
#8874=ORIENTED_EDGE('',*,*,#6377,.F.);
#8875=ORIENTED_EDGE('',*,*,#6376,.F.);
#8876=ORIENTED_EDGE('',*,*,#6378,.F.);
#8877=ORIENTED_EDGE('',*,*,#6264,.F.);
#8878=ORIENTED_EDGE('',*,*,#6379,.T.);
#8879=ORIENTED_EDGE('',*,*,#5920,.T.);
#8880=ORIENTED_EDGE('',*,*,#6380,.T.);
#8881=ORIENTED_EDGE('',*,*,#6381,.T.);
#8882=ORIENTED_EDGE('',*,*,#6220,.T.);
#8883=ORIENTED_EDGE('',*,*,#6199,.T.);
#8884=ORIENTED_EDGE('',*,*,#6382,.T.);
#8885=ORIENTED_EDGE('',*,*,#6383,.T.);
#8886=ORIENTED_EDGE('',*,*,#6202,.F.);
#8887=ORIENTED_EDGE('',*,*,#6210,.F.);
#8888=ORIENTED_EDGE('',*,*,#6209,.F.);
#8889=ORIENTED_EDGE('',*,*,#6206,.F.);
#8890=ORIENTED_EDGE('',*,*,#6203,.F.);
#8891=ORIENTED_EDGE('',*,*,#6384,.T.);
#8892=ORIENTED_EDGE('',*,*,#6213,.F.);
#8893=ORIENTED_EDGE('',*,*,#6211,.F.);
#8894=ORIENTED_EDGE('',*,*,#6385,.T.);
#8895=ORIENTED_EDGE('',*,*,#6386,.T.);
#8896=ORIENTED_EDGE('',*,*,#6215,.F.);
#8897=ORIENTED_EDGE('',*,*,#6382,.F.);
#8898=ORIENTED_EDGE('',*,*,#6221,.F.);
#8899=ORIENTED_EDGE('',*,*,#6218,.F.);
#8900=ORIENTED_EDGE('',*,*,#6381,.F.);
#8901=ORIENTED_EDGE('',*,*,#6387,.T.);
#8902=ORIENTED_EDGE('',*,*,#6388,.T.);
#8903=ORIENTED_EDGE('',*,*,#6389,.F.);
#8904=ORIENTED_EDGE('',*,*,#6390,.T.);
#8905=ORIENTED_EDGE('',*,*,#6239,.F.);
#8906=ORIENTED_EDGE('',*,*,#6388,.F.);
#8907=ORIENTED_EDGE('',*,*,#6238,.F.);
#8908=ORIENTED_EDGE('',*,*,#6386,.F.);
#8909=ORIENTED_EDGE('',*,*,#6391,.T.);
#8910=ORIENTED_EDGE('',*,*,#6392,.F.);
#8911=ORIENTED_EDGE('',*,*,#6393,.F.);
#8912=ORIENTED_EDGE('',*,*,#6029,.T.);
#8913=ORIENTED_EDGE('',*,*,#6229,.F.);
#8914=ORIENTED_EDGE('',*,*,#6394,.T.);
#8915=ORIENTED_EDGE('',*,*,#6236,.F.);
#8916=ORIENTED_EDGE('',*,*,#6233,.F.);
#8917=ORIENTED_EDGE('',*,*,#6231,.F.);
#8918=ORIENTED_EDGE('',*,*,#6395,.T.);
#8919=ORIENTED_EDGE('',*,*,#6396,.F.);
#8920=ORIENTED_EDGE('',*,*,#6394,.F.);
#8921=ORIENTED_EDGE('',*,*,#6228,.F.);
#8922=ORIENTED_EDGE('',*,*,#6226,.F.);
#8923=ORIENTED_EDGE('',*,*,#5490,.T.);
#8924=ORIENTED_EDGE('',*,*,#6225,.F.);
#8925=ORIENTED_EDGE('',*,*,#6224,.F.);
#8926=ORIENTED_EDGE('',*,*,#6237,.F.);
#8927=ORIENTED_EDGE('',*,*,#6390,.F.);
#8928=ORIENTED_EDGE('',*,*,#6397,.F.);
#8929=ORIENTED_EDGE('',*,*,#6398,.F.);
#8930=ORIENTED_EDGE('',*,*,#6395,.F.);
#8931=ORIENTED_EDGE('',*,*,#6240,.F.);
#8932=ORIENTED_EDGE('',*,*,#6399,.F.);
#8933=ORIENTED_EDGE('',*,*,#6400,.F.);
#8934=ORIENTED_EDGE('',*,*,#6401,.F.);
#8935=ORIENTED_EDGE('',*,*,#6378,.T.);
#8936=ORIENTED_EDGE('',*,*,#6375,.T.);
#8937=ORIENTED_EDGE('',*,*,#6402,.F.);
#8938=ORIENTED_EDGE('',*,*,#6403,.F.);
#8939=ORIENTED_EDGE('',*,*,#6401,.T.);
#8940=ORIENTED_EDGE('',*,*,#6404,.F.);
#8941=ORIENTED_EDGE('',*,*,#6405,.T.);
#8942=ORIENTED_EDGE('',*,*,#6406,.T.);
#8943=ORIENTED_EDGE('',*,*,#6407,.F.);
#8944=ORIENTED_EDGE('',*,*,#6265,.T.);
#8945=ORIENTED_EDGE('',*,*,#6247,.T.);
#8946=ORIENTED_EDGE('',*,*,#6243,.T.);
#8947=ORIENTED_EDGE('',*,*,#6251,.T.);
#8948=ORIENTED_EDGE('',*,*,#6254,.T.);
#8949=ORIENTED_EDGE('',*,*,#6256,.T.);
#8950=ORIENTED_EDGE('',*,*,#6260,.T.);
#8951=ORIENTED_EDGE('',*,*,#6262,.T.);
#8952=ORIENTED_EDGE('',*,*,#6408,.F.);
#8953=ORIENTED_EDGE('',*,*,#6379,.F.);
#8954=ORIENTED_EDGE('',*,*,#6263,.F.);
#8955=ORIENTED_EDGE('',*,*,#6261,.F.);
#8956=ORIENTED_EDGE('',*,*,#6257,.F.);
#8957=ORIENTED_EDGE('',*,*,#6255,.F.);
#8958=ORIENTED_EDGE('',*,*,#6252,.F.);
#8959=ORIENTED_EDGE('',*,*,#6248,.F.);
#8960=ORIENTED_EDGE('',*,*,#6245,.F.);
#8961=ORIENTED_EDGE('',*,*,#6267,.F.);
#8962=ORIENTED_EDGE('',*,*,#6409,.F.);
#8963=ORIENTED_EDGE('',*,*,#6410,.F.);
#8964=ORIENTED_EDGE('',*,*,#6407,.T.);
#8965=ORIENTED_EDGE('',*,*,#6411,.T.);
#8966=ORIENTED_EDGE('',*,*,#6412,.F.);
#8967=ORIENTED_EDGE('',*,*,#6409,.T.);
#8968=ORIENTED_EDGE('',*,*,#6266,.T.);
#8969=ORIENTED_EDGE('',*,*,#6413,.F.);
#8970=ORIENTED_EDGE('',*,*,#6411,.F.);
#8971=ORIENTED_EDGE('',*,*,#6406,.F.);
#8972=ORIENTED_EDGE('',*,*,#6414,.T.);
#8973=ORIENTED_EDGE('',*,*,#6415,.F.);
#8974=ORIENTED_EDGE('',*,*,#6414,.F.);
#8975=ORIENTED_EDGE('',*,*,#6405,.F.);
#8976=ORIENTED_EDGE('',*,*,#6416,.F.);
#8977=ORIENTED_EDGE('',*,*,#6416,.T.);
#8978=ORIENTED_EDGE('',*,*,#6404,.T.);
#8979=ORIENTED_EDGE('',*,*,#6400,.T.);
#8980=ORIENTED_EDGE('',*,*,#6417,.F.);
#8981=ORIENTED_EDGE('',*,*,#6418,.T.);
#8982=ORIENTED_EDGE('',*,*,#6419,.T.);
#8983=ORIENTED_EDGE('',*,*,#6420,.F.);
#8984=ORIENTED_EDGE('',*,*,#6421,.F.);
#8985=ORIENTED_EDGE('',*,*,#6422,.F.);
#8986=ORIENTED_EDGE('',*,*,#6419,.F.);
#8987=ORIENTED_EDGE('',*,*,#6423,.T.);
#8988=ORIENTED_EDGE('',*,*,#6424,.F.);
#8989=ORIENTED_EDGE('',*,*,#6425,.F.);
#8990=ORIENTED_EDGE('',*,*,#5917,.T.);
#8991=ORIENTED_EDGE('',*,*,#6286,.F.);
#8992=ORIENTED_EDGE('',*,*,#6426,.F.);
#8993=ORIENTED_EDGE('',*,*,#6427,.T.);
#8994=ORIENTED_EDGE('',*,*,#6428,.F.);
#8995=ORIENTED_EDGE('',*,*,#6428,.T.);
#8996=ORIENTED_EDGE('',*,*,#6429,.T.);
#8997=ORIENTED_EDGE('',*,*,#6430,.T.);
#8998=ORIENTED_EDGE('',*,*,#6431,.F.);
#8999=ORIENTED_EDGE('',*,*,#6432,.F.);
#9000=ORIENTED_EDGE('',*,*,#6433,.F.);
#9001=ORIENTED_EDGE('',*,*,#6434,.F.);
#9002=ORIENTED_EDGE('',*,*,#6291,.F.);
#9003=ORIENTED_EDGE('',*,*,#6435,.F.);
#9004=ORIENTED_EDGE('',*,*,#6436,.T.);
#9005=ORIENTED_EDGE('',*,*,#6292,.T.);
#9006=ORIENTED_EDGE('',*,*,#6434,.T.);
#9007=ORIENTED_EDGE('',*,*,#6437,.T.);
#9008=ORIENTED_EDGE('',*,*,#6438,.F.);
#9009=ORIENTED_EDGE('',*,*,#6438,.T.);
#9010=ORIENTED_EDGE('',*,*,#6439,.T.);
#9011=ORIENTED_EDGE('',*,*,#6088,.T.);
#9012=ORIENTED_EDGE('',*,*,#6293,.T.);
#9013=ORIENTED_EDGE('',*,*,#6280,.T.);
#9014=ORIENTED_EDGE('',*,*,#6282,.T.);
#9015=ORIENTED_EDGE('',*,*,#6270,.T.);
#9016=ORIENTED_EDGE('',*,*,#6440,.T.);
#9017=ORIENTED_EDGE('',*,*,#6272,.T.);
#9018=ORIENTED_EDGE('',*,*,#6275,.T.);
#9019=ORIENTED_EDGE('',*,*,#6277,.T.);
#9020=ORIENTED_EDGE('',*,*,#6279,.T.);
#9021=ORIENTED_EDGE('',*,*,#6093,.T.);
#9022=ORIENTED_EDGE('',*,*,#6441,.T.);
#9023=ORIENTED_EDGE('',*,*,#6442,.T.);
#9024=ORIENTED_EDGE('',*,*,#6285,.F.);
#9025=ORIENTED_EDGE('',*,*,#6442,.F.);
#9026=ORIENTED_EDGE('',*,*,#6443,.T.);
#9027=ORIENTED_EDGE('',*,*,#6444,.T.);
#9028=ORIENTED_EDGE('',*,*,#6283,.F.);
#9029=ORIENTED_EDGE('',*,*,#6095,.T.);
#9030=ORIENTED_EDGE('',*,*,#6284,.F.);
#9031=ORIENTED_EDGE('',*,*,#6444,.F.);
#9032=ORIENTED_EDGE('',*,*,#6445,.T.);
#9033=ORIENTED_EDGE('',*,*,#6446,.F.);
#9034=ORIENTED_EDGE('',*,*,#6287,.T.);
#9035=ORIENTED_EDGE('',*,*,#5915,.T.);
#9036=ORIENTED_EDGE('',*,*,#6447,.T.);
#9037=ORIENTED_EDGE('',*,*,#6448,.F.);
#9038=ORIENTED_EDGE('',*,*,#6424,.T.);
#9039=ORIENTED_EDGE('',*,*,#6449,.T.);
#9040=ORIENTED_EDGE('',*,*,#6426,.T.);
#9041=ORIENTED_EDGE('',*,*,#6288,.T.);
#9042=ORIENTED_EDGE('',*,*,#6446,.T.);
#9043=ORIENTED_EDGE('',*,*,#6450,.T.);
#9044=ORIENTED_EDGE('',*,*,#6451,.T.);
#9045=ORIENTED_EDGE('',*,*,#6420,.T.);
#9046=ORIENTED_EDGE('',*,*,#6422,.T.);
#9047=ORIENTED_EDGE('',*,*,#6448,.T.);
#9048=ORIENTED_EDGE('',*,*,#6452,.T.);
#9049=ORIENTED_EDGE('',*,*,#6453,.T.);
#9050=ORIENTED_EDGE('',*,*,#6433,.T.);
#9051=ORIENTED_EDGE('',*,*,#6454,.F.);
#9052=ORIENTED_EDGE('',*,*,#6421,.T.);
#9053=ORIENTED_EDGE('',*,*,#6455,.F.);
#9054=ORIENTED_EDGE('',*,*,#6456,.F.);
#9055=ORIENTED_EDGE('',*,*,#6457,.F.);
#9056=ORIENTED_EDGE('',*,*,#6458,.T.);
#9057=ORIENTED_EDGE('',*,*,#6459,.T.);
#9058=ORIENTED_EDGE('',*,*,#6460,.F.);
#9059=ORIENTED_EDGE('',*,*,#6461,.F.);
#9060=ORIENTED_EDGE('',*,*,#6289,.T.);
#9061=ORIENTED_EDGE('',*,*,#6462,.T.);
#9062=ORIENTED_EDGE('',*,*,#6457,.T.);
#9063=ORIENTED_EDGE('',*,*,#6463,.F.);
#9064=ORIENTED_EDGE('',*,*,#6464,.T.);
#9065=ORIENTED_EDGE('',*,*,#6459,.F.);
#9066=ORIENTED_EDGE('',*,*,#6465,.F.);
#9067=ORIENTED_EDGE('',*,*,#6466,.T.);
#9068=ORIENTED_EDGE('',*,*,#6467,.F.);
#9069=ORIENTED_EDGE('',*,*,#6468,.T.);
#9070=ORIENTED_EDGE('',*,*,#6469,.T.);
#9071=ORIENTED_EDGE('',*,*,#6470,.F.);
#9072=ORIENTED_EDGE('',*,*,#6471,.F.);
#9073=ORIENTED_EDGE('',*,*,#6472,.F.);
#9074=ORIENTED_EDGE('',*,*,#6295,.F.);
#9075=ORIENTED_EDGE('',*,*,#6301,.F.);
#9076=ORIENTED_EDGE('',*,*,#6298,.F.);
#9077=ORIENTED_EDGE('',*,*,#5901,.T.);
#9078=ORIENTED_EDGE('',*,*,#6473,.F.);
#9079=ORIENTED_EDGE('',*,*,#6300,.F.);
#9080=ORIENTED_EDGE('',*,*,#6474,.T.);
#9081=ORIENTED_EDGE('',*,*,#6475,.T.);
#9082=ORIENTED_EDGE('',*,*,#6476,.F.);
#9083=ORIENTED_EDGE('',*,*,#6477,.T.);
#9084=ORIENTED_EDGE('',*,*,#6478,.F.);
#9085=ORIENTED_EDGE('',*,*,#6479,.F.);
#9086=ORIENTED_EDGE('',*,*,#6475,.F.);
#9087=ORIENTED_EDGE('',*,*,#6480,.T.);
#9088=ORIENTED_EDGE('',*,*,#6465,.T.);
#9089=ORIENTED_EDGE('',*,*,#6458,.F.);
#9090=ORIENTED_EDGE('',*,*,#6462,.F.);
#9091=ORIENTED_EDGE('',*,*,#6294,.T.);
#9092=ORIENTED_EDGE('',*,*,#6086,.T.);
#9093=ORIENTED_EDGE('',*,*,#6144,.T.);
#9094=ORIENTED_EDGE('',*,*,#6138,.F.);
#9095=ORIENTED_EDGE('',*,*,#6296,.T.);
#9096=ORIENTED_EDGE('',*,*,#6472,.T.);
#9097=ORIENTED_EDGE('',*,*,#6481,.F.);
#9098=ORIENTED_EDGE('',*,*,#6478,.T.);
#9099=ORIENTED_EDGE('',*,*,#6482,.T.);
#9100=ORIENTED_EDGE('',*,*,#6483,.F.);
#9101=ORIENTED_EDGE('',*,*,#6484,.F.);
#9102=ORIENTED_EDGE('',*,*,#6485,.F.);
#9103=ORIENTED_EDGE('',*,*,#6486,.T.);
#9104=ORIENTED_EDGE('',*,*,#6487,.F.);
#9105=ORIENTED_EDGE('',*,*,#6483,.T.);
#9106=ORIENTED_EDGE('',*,*,#6488,.T.);
#9107=ORIENTED_EDGE('',*,*,#6489,.F.);
#9108=ORIENTED_EDGE('',*,*,#6490,.T.);
#9109=ORIENTED_EDGE('',*,*,#6491,.T.);
#9110=ORIENTED_EDGE('',*,*,#6492,.F.);
#9111=ORIENTED_EDGE('',*,*,#6489,.T.);
#9112=ORIENTED_EDGE('',*,*,#6493,.F.);
#9113=ORIENTED_EDGE('',*,*,#6494,.F.);
#9114=ORIENTED_EDGE('',*,*,#6491,.F.);
#9115=ORIENTED_EDGE('',*,*,#6495,.T.);
#9116=ORIENTED_EDGE('',*,*,#6496,.T.);
#9117=ORIENTED_EDGE('',*,*,#6497,.T.);
#9118=ORIENTED_EDGE('',*,*,#6498,.F.);
#9119=ORIENTED_EDGE('',*,*,#6493,.T.);
#9120=ORIENTED_EDGE('',*,*,#6499,.T.);
#9121=ORIENTED_EDGE('',*,*,#6500,.F.);
#9122=ORIENTED_EDGE('',*,*,#6497,.F.);
#9123=ORIENTED_EDGE('',*,*,#6501,.T.);
#9124=ORIENTED_EDGE('',*,*,#6499,.F.);
#9125=ORIENTED_EDGE('',*,*,#6502,.T.);
#9126=ORIENTED_EDGE('',*,*,#6503,.T.);
#9127=ORIENTED_EDGE('',*,*,#6504,.F.);
#9128=ORIENTED_EDGE('',*,*,#6477,.F.);
#9129=ORIENTED_EDGE('',*,*,#6505,.F.);
#9130=ORIENTED_EDGE('',*,*,#6506,.F.);
#9131=ORIENTED_EDGE('',*,*,#6503,.F.);
#9132=ORIENTED_EDGE('',*,*,#6507,.T.);
#9133=ORIENTED_EDGE('',*,*,#6508,.T.);
#9134=ORIENTED_EDGE('',*,*,#6509,.F.);
#9135=ORIENTED_EDGE('',*,*,#6510,.T.);
#9136=ORIENTED_EDGE('',*,*,#6352,.F.);
#9137=ORIENTED_EDGE('',*,*,#6511,.T.);
#9138=ORIENTED_EDGE('',*,*,#6512,.T.);
#9139=ORIENTED_EDGE('',*,*,#6353,.F.);
#9140=ORIENTED_EDGE('',*,*,#6510,.F.);
#9141=ORIENTED_EDGE('',*,*,#6513,.F.);
#9142=ORIENTED_EDGE('',*,*,#6304,.F.);
#9143=ORIENTED_EDGE('',*,*,#6512,.F.);
#9144=ORIENTED_EDGE('',*,*,#6514,.T.);
#9145=ORIENTED_EDGE('',*,*,#6313,.F.);
#9146=ORIENTED_EDGE('',*,*,#6306,.F.);
#9147=ORIENTED_EDGE('',*,*,#6515,.T.);
#9148=ORIENTED_EDGE('',*,*,#6315,.F.);
#9149=ORIENTED_EDGE('',*,*,#6312,.F.);
#9150=ORIENTED_EDGE('',*,*,#6310,.F.);
#9151=ORIENTED_EDGE('',*,*,#6314,.F.);
#9152=ORIENTED_EDGE('',*,*,#6316,.F.);
#9153=ORIENTED_EDGE('',*,*,#6516,.T.);
#9154=ORIENTED_EDGE('',*,*,#6517,.T.);
#9155=ORIENTED_EDGE('',*,*,#6518,.F.);
#9156=ORIENTED_EDGE('',*,*,#6323,.F.);
#9157=ORIENTED_EDGE('',*,*,#6319,.F.);
#9158=ORIENTED_EDGE('',*,*,#6517,.F.);
#9159=ORIENTED_EDGE('',*,*,#6519,.T.);
#9160=ORIENTED_EDGE('',*,*,#6322,.T.);
#9161=ORIENTED_EDGE('',*,*,#6324,.T.);
#9162=ORIENTED_EDGE('',*,*,#6518,.T.);
#9163=ORIENTED_EDGE('',*,*,#6520,.T.);
#9164=ORIENTED_EDGE('',*,*,#5912,.T.);
#9165=ORIENTED_EDGE('',*,*,#6521,.F.);
#9166=ORIENTED_EDGE('',*,*,#6522,.F.);
#9167=ORIENTED_EDGE('',*,*,#6523,.F.);
#9168=ORIENTED_EDGE('',*,*,#6523,.T.);
#9169=ORIENTED_EDGE('',*,*,#6524,.F.);
#9170=ORIENTED_EDGE('',*,*,#6525,.T.);
#9171=ORIENTED_EDGE('',*,*,#6526,.F.);
#9172=ORIENTED_EDGE('',*,*,#6527,.F.);
#9173=ORIENTED_EDGE('',*,*,#6525,.F.);
#9174=ORIENTED_EDGE('',*,*,#6528,.F.);
#9175=ORIENTED_EDGE('',*,*,#6529,.T.);
#9176=ORIENTED_EDGE('',*,*,#6530,.F.);
#9177=ORIENTED_EDGE('',*,*,#6529,.F.);
#9178=ORIENTED_EDGE('',*,*,#6531,.F.);
#9179=ORIENTED_EDGE('',*,*,#6532,.F.);
#9180=ORIENTED_EDGE('',*,*,#6346,.T.);
#9181=ORIENTED_EDGE('',*,*,#6533,.T.);
#9182=ORIENTED_EDGE('',*,*,#6534,.F.);
#9183=ORIENTED_EDGE('',*,*,#6532,.T.);
#9184=ORIENTED_EDGE('',*,*,#6535,.F.);
#9185=ORIENTED_EDGE('',*,*,#6536,.F.);
#9186=ORIENTED_EDGE('',*,*,#6537,.T.);
#9187=ORIENTED_EDGE('',*,*,#6538,.F.);
#9188=ORIENTED_EDGE('',*,*,#6522,.T.);
#9189=ORIENTED_EDGE('',*,*,#6539,.F.);
#9190=ORIENTED_EDGE('',*,*,#6540,.F.);
#9191=ORIENTED_EDGE('',*,*,#6538,.T.);
#9192=ORIENTED_EDGE('',*,*,#6541,.T.);
#9193=ORIENTED_EDGE('',*,*,#6349,.T.);
#9194=ORIENTED_EDGE('',*,*,#6329,.T.);
#9195=ORIENTED_EDGE('',*,*,#6332,.T.);
#9196=ORIENTED_EDGE('',*,*,#6336,.T.);
#9197=ORIENTED_EDGE('',*,*,#6340,.T.);
#9198=ORIENTED_EDGE('',*,*,#6326,.T.);
#9199=ORIENTED_EDGE('',*,*,#6343,.T.);
#9200=ORIENTED_EDGE('',*,*,#6347,.T.);
#9201=ORIENTED_EDGE('',*,*,#6535,.T.);
#9202=ORIENTED_EDGE('',*,*,#6531,.T.);
#9203=ORIENTED_EDGE('',*,*,#6528,.T.);
#9204=ORIENTED_EDGE('',*,*,#6524,.T.);
#9205=ORIENTED_EDGE('',*,*,#6542,.F.);
#9206=ORIENTED_EDGE('',*,*,#6543,.F.);
#9207=ORIENTED_EDGE('',*,*,#6533,.F.);
#9208=ORIENTED_EDGE('',*,*,#6348,.F.);
#9209=ORIENTED_EDGE('',*,*,#6344,.F.);
#9210=ORIENTED_EDGE('',*,*,#6341,.F.);
#9211=ORIENTED_EDGE('',*,*,#6338,.F.);
#9212=ORIENTED_EDGE('',*,*,#6337,.F.);
#9213=ORIENTED_EDGE('',*,*,#6333,.F.);
#9214=ORIENTED_EDGE('',*,*,#6331,.F.);
#9215=ORIENTED_EDGE('',*,*,#6351,.F.);
#9216=ORIENTED_EDGE('',*,*,#6544,.T.);
#9217=ORIENTED_EDGE('',*,*,#6545,.F.);
#9218=ORIENTED_EDGE('',*,*,#6544,.F.);
#9219=ORIENTED_EDGE('',*,*,#6350,.F.);
#9220=ORIENTED_EDGE('',*,*,#6541,.F.);
#9221=ORIENTED_EDGE('',*,*,#6537,.F.);
#9222=ORIENTED_EDGE('',*,*,#6546,.T.);
#9223=ORIENTED_EDGE('',*,*,#6547,.F.);
#9224=ORIENTED_EDGE('',*,*,#6548,.F.);
#9225=ORIENTED_EDGE('',*,*,#6508,.F.);
#9226=ORIENTED_EDGE('',*,*,#6355,.F.);
#9227=ORIENTED_EDGE('',*,*,#6368,.F.);
#9228=ORIENTED_EDGE('',*,*,#6366,.F.);
#9229=ORIENTED_EDGE('',*,*,#6365,.F.);
#9230=ORIENTED_EDGE('',*,*,#6363,.F.);
#9231=ORIENTED_EDGE('',*,*,#6361,.F.);
#9232=ORIENTED_EDGE('',*,*,#6358,.F.);
#9233=ORIENTED_EDGE('',*,*,#5497,.T.);
#9234=ORIENTED_EDGE('',*,*,#6357,.F.);
#9235=ORIENTED_EDGE('',*,*,#6370,.F.);
#9236=ORIENTED_EDGE('',*,*,#6549,.T.);
#9237=ORIENTED_EDGE('',*,*,#6550,.F.);
#9238=ORIENTED_EDGE('',*,*,#6546,.F.);
#9239=ORIENTED_EDGE('',*,*,#6369,.F.);
#9240=ORIENTED_EDGE('',*,*,#6035,.T.);
#9241=ORIENTED_EDGE('',*,*,#6551,.F.);
#9242=ORIENTED_EDGE('',*,*,#6549,.F.);
#9243=ORIENTED_EDGE('',*,*,#6552,.F.);
#9244=ORIENTED_EDGE('',*,*,#6553,.F.);
#9245=ORIENTED_EDGE('',*,*,#6033,.T.);
#9246=ORIENTED_EDGE('',*,*,#6198,.T.);
#9247=ORIENTED_EDGE('',*,*,#6371,.F.);
#9248=ORIENTED_EDGE('',*,*,#6554,.T.);
#9249=ORIENTED_EDGE('',*,*,#6373,.F.);
#9250=ORIENTED_EDGE('',*,*,#6555,.T.);
#9251=ORIENTED_EDGE('',*,*,#6556,.F.);
#9252=ORIENTED_EDGE('',*,*,#6554,.F.);
#9253=ORIENTED_EDGE('',*,*,#6557,.F.);
#9254=ORIENTED_EDGE('',*,*,#6555,.F.);
#9255=ORIENTED_EDGE('',*,*,#6372,.T.);
#9256=ORIENTED_EDGE('',*,*,#6196,.T.);
#9257=ORIENTED_EDGE('',*,*,#6031,.T.);
#9258=ORIENTED_EDGE('',*,*,#6558,.F.);
#9259=ORIENTED_EDGE('',*,*,#6559,.T.);
#9260=ORIENTED_EDGE('',*,*,#6560,.F.);
#9261=ORIENTED_EDGE('',*,*,#6561,.F.);
#9262=ORIENTED_EDGE('',*,*,#6402,.T.);
#9263=ORIENTED_EDGE('',*,*,#6374,.T.);
#9264=ORIENTED_EDGE('',*,*,#6377,.T.);
#9265=ORIENTED_EDGE('',*,*,#6408,.T.);
#9266=ORIENTED_EDGE('',*,*,#6562,.F.);
#9267=ORIENTED_EDGE('',*,*,#6563,.T.);
#9268=ORIENTED_EDGE('',*,*,#6564,.T.);
#9269=ORIENTED_EDGE('',*,*,#6565,.T.);
#9270=ORIENTED_EDGE('',*,*,#6566,.T.);
#9271=ORIENTED_EDGE('',*,*,#6380,.F.);
#9272=ORIENTED_EDGE('',*,*,#5919,.T.);
#9273=ORIENTED_EDGE('',*,*,#6567,.F.);
#9274=ORIENTED_EDGE('',*,*,#6566,.F.);
#9275=ORIENTED_EDGE('',*,*,#6568,.T.);
#9276=ORIENTED_EDGE('',*,*,#6391,.F.);
#9277=ORIENTED_EDGE('',*,*,#6385,.F.);
#9278=ORIENTED_EDGE('',*,*,#6384,.F.);
#9279=ORIENTED_EDGE('',*,*,#6383,.F.);
#9280=ORIENTED_EDGE('',*,*,#6387,.F.);
#9281=ORIENTED_EDGE('',*,*,#6389,.T.);
#9282=ORIENTED_EDGE('',*,*,#6392,.T.);
#9283=ORIENTED_EDGE('',*,*,#6569,.T.);
#9284=ORIENTED_EDGE('',*,*,#6570,.F.);
#9285=ORIENTED_EDGE('',*,*,#6397,.T.);
#9286=ORIENTED_EDGE('',*,*,#6571,.T.);
#9287=ORIENTED_EDGE('',*,*,#6572,.F.);
#9288=ORIENTED_EDGE('',*,*,#6558,.T.);
#9289=ORIENTED_EDGE('',*,*,#6030,.T.);
#9290=ORIENTED_EDGE('',*,*,#6393,.T.);
#9291=ORIENTED_EDGE('',*,*,#6396,.T.);
#9292=ORIENTED_EDGE('',*,*,#6398,.T.);
#9293=ORIENTED_EDGE('',*,*,#6570,.T.);
#9294=ORIENTED_EDGE('',*,*,#6573,.T.);
#9295=ORIENTED_EDGE('',*,*,#6574,.F.);
#9296=ORIENTED_EDGE('',*,*,#6560,.T.);
#9297=ORIENTED_EDGE('',*,*,#6415,.T.);
#9298=ORIENTED_EDGE('',*,*,#6417,.T.);
#9299=ORIENTED_EDGE('',*,*,#6399,.T.);
#9300=ORIENTED_EDGE('',*,*,#6403,.T.);
#9301=ORIENTED_EDGE('',*,*,#6561,.T.);
#9302=ORIENTED_EDGE('',*,*,#6574,.T.);
#9303=ORIENTED_EDGE('',*,*,#6575,.T.);
#9304=ORIENTED_EDGE('',*,*,#6576,.T.);
#9305=ORIENTED_EDGE('',*,*,#6562,.T.);
#9306=ORIENTED_EDGE('',*,*,#6410,.T.);
#9307=ORIENTED_EDGE('',*,*,#6412,.T.);
#9308=ORIENTED_EDGE('',*,*,#6413,.T.);
#9309=ORIENTED_EDGE('',*,*,#6430,.F.);
#9310=ORIENTED_EDGE('',*,*,#6577,.T.);
#9311=ORIENTED_EDGE('',*,*,#6578,.T.);
#9312=ORIENTED_EDGE('',*,*,#6579,.F.);
#9313=ORIENTED_EDGE('',*,*,#5918,.T.);
#9314=ORIENTED_EDGE('',*,*,#6425,.T.);
#9315=ORIENTED_EDGE('',*,*,#6431,.T.);
#9316=ORIENTED_EDGE('',*,*,#6579,.T.);
#9317=ORIENTED_EDGE('',*,*,#6580,.T.);
#9318=ORIENTED_EDGE('',*,*,#6581,.T.);
#9319=ORIENTED_EDGE('',*,*,#6567,.T.);
#9320=ORIENTED_EDGE('',*,*,#6582,.T.);
#9321=ORIENTED_EDGE('',*,*,#6583,.F.);
#9322=ORIENTED_EDGE('',*,*,#6577,.F.);
#9323=ORIENTED_EDGE('',*,*,#6429,.F.);
#9324=ORIENTED_EDGE('',*,*,#6427,.F.);
#9325=ORIENTED_EDGE('',*,*,#6449,.F.);
#9326=ORIENTED_EDGE('',*,*,#6423,.F.);
#9327=ORIENTED_EDGE('',*,*,#6418,.F.);
#9328=ORIENTED_EDGE('',*,*,#6454,.T.);
#9329=ORIENTED_EDGE('',*,*,#6583,.T.);
#9330=ORIENTED_EDGE('',*,*,#6584,.T.);
#9331=ORIENTED_EDGE('',*,*,#6585,.T.);
#9332=ORIENTED_EDGE('',*,*,#6586,.T.);
#9333=ORIENTED_EDGE('',*,*,#6587,.T.);
#9334=ORIENTED_EDGE('',*,*,#6588,.T.);
#9335=ORIENTED_EDGE('',*,*,#6589,.T.);
#9336=ORIENTED_EDGE('',*,*,#6432,.T.);
#9337=ORIENTED_EDGE('',*,*,#6590,.T.);
#9338=ORIENTED_EDGE('',*,*,#6591,.T.);
#9339=ORIENTED_EDGE('',*,*,#6592,.F.);
#9340=ORIENTED_EDGE('',*,*,#6593,.T.);
#9341=ORIENTED_EDGE('',*,*,#6590,.F.);
#9342=ORIENTED_EDGE('',*,*,#6453,.F.);
#9343=ORIENTED_EDGE('',*,*,#6451,.F.);
#9344=ORIENTED_EDGE('',*,*,#6452,.F.);
#9345=ORIENTED_EDGE('',*,*,#6450,.F.);
#9346=ORIENTED_EDGE('',*,*,#6447,.F.);
#9347=ORIENTED_EDGE('',*,*,#5925,.T.);
#9348=ORIENTED_EDGE('',*,*,#6096,.T.);
#9349=ORIENTED_EDGE('',*,*,#6445,.F.);
#9350=ORIENTED_EDGE('',*,*,#6443,.F.);
#9351=ORIENTED_EDGE('',*,*,#6441,.F.);
#9352=ORIENTED_EDGE('',*,*,#6092,.T.);
#9353=ORIENTED_EDGE('',*,*,#6273,.F.);
#9354=ORIENTED_EDGE('',*,*,#6440,.F.);
#9355=ORIENTED_EDGE('',*,*,#6269,.F.);
#9356=ORIENTED_EDGE('',*,*,#6089,.T.);
#9357=ORIENTED_EDGE('',*,*,#6439,.F.);
#9358=ORIENTED_EDGE('',*,*,#6437,.F.);
#9359=ORIENTED_EDGE('',*,*,#6436,.F.);
#9360=ORIENTED_EDGE('',*,*,#6594,.F.);
#9361=ORIENTED_EDGE('',*,*,#6595,.F.);
#9362=ORIENTED_EDGE('',*,*,#6596,.F.);
#9363=ORIENTED_EDGE('',*,*,#6597,.F.);
#9364=ORIENTED_EDGE('',*,*,#6598,.F.);
#9365=ORIENTED_EDGE('',*,*,#6599,.F.);
#9366=ORIENTED_EDGE('',*,*,#6600,.F.);
#9367=ORIENTED_EDGE('',*,*,#6601,.T.);
#9368=ORIENTED_EDGE('',*,*,#6602,.F.);
#9369=ORIENTED_EDGE('',*,*,#6603,.F.);
#9370=ORIENTED_EDGE('',*,*,#6591,.F.);
#9371=ORIENTED_EDGE('',*,*,#6604,.F.);
#9372=ORIENTED_EDGE('',*,*,#6602,.T.);
#9373=ORIENTED_EDGE('',*,*,#6605,.T.);
#9374=ORIENTED_EDGE('',*,*,#6606,.T.);
#9375=ORIENTED_EDGE('',*,*,#6607,.T.);
#9376=ORIENTED_EDGE('',*,*,#6608,.T.);
#9377=ORIENTED_EDGE('',*,*,#6609,.T.);
#9378=ORIENTED_EDGE('',*,*,#6610,.F.);
#9379=ORIENTED_EDGE('',*,*,#6597,.T.);
#9380=ORIENTED_EDGE('',*,*,#6460,.T.);
#9381=ORIENTED_EDGE('',*,*,#6464,.F.);
#9382=ORIENTED_EDGE('',*,*,#6611,.T.);
#9383=ORIENTED_EDGE('',*,*,#6468,.F.);
#9384=ORIENTED_EDGE('',*,*,#6612,.F.);
#9385=ORIENTED_EDGE('',*,*,#6613,.T.);
#9386=ORIENTED_EDGE('',*,*,#6614,.T.);
#9387=ORIENTED_EDGE('',*,*,#6615,.T.);
#9388=ORIENTED_EDGE('',*,*,#6616,.F.);
#9389=ORIENTED_EDGE('',*,*,#6461,.T.);
#9390=ORIENTED_EDGE('',*,*,#6616,.T.);
#9391=ORIENTED_EDGE('',*,*,#6617,.T.);
#9392=ORIENTED_EDGE('',*,*,#6618,.F.);
#9393=ORIENTED_EDGE('',*,*,#6455,.T.);
#9394=ORIENTED_EDGE('',*,*,#6618,.T.);
#9395=ORIENTED_EDGE('',*,*,#6619,.T.);
#9396=ORIENTED_EDGE('',*,*,#6620,.F.);
#9397=ORIENTED_EDGE('',*,*,#6463,.T.);
#9398=ORIENTED_EDGE('',*,*,#6456,.T.);
#9399=ORIENTED_EDGE('',*,*,#6620,.T.);
#9400=ORIENTED_EDGE('',*,*,#6621,.T.);
#9401=ORIENTED_EDGE('',*,*,#6622,.F.);
#9402=ORIENTED_EDGE('',*,*,#6594,.T.);
#9403=ORIENTED_EDGE('',*,*,#6435,.T.);
#9404=ORIENTED_EDGE('',*,*,#6290,.T.);
#9405=ORIENTED_EDGE('',*,*,#6622,.T.);
#9406=ORIENTED_EDGE('',*,*,#6623,.T.);
#9407=ORIENTED_EDGE('',*,*,#6624,.T.);
#9408=ORIENTED_EDGE('',*,*,#6595,.T.);
#9409=ORIENTED_EDGE('',*,*,#6625,.T.);
#9410=ORIENTED_EDGE('',*,*,#6485,.T.);
#9411=ORIENTED_EDGE('',*,*,#6626,.F.);
#9412=ORIENTED_EDGE('',*,*,#6627,.T.);
#9413=ORIENTED_EDGE('',*,*,#6628,.T.);
#9414=ORIENTED_EDGE('',*,*,#6629,.F.);
#9415=ORIENTED_EDGE('',*,*,#6469,.F.);
#9416=ORIENTED_EDGE('',*,*,#6611,.F.);
#9417=ORIENTED_EDGE('',*,*,#6466,.F.);
#9418=ORIENTED_EDGE('',*,*,#6482,.F.);
#9419=ORIENTED_EDGE('',*,*,#6480,.F.);
#9420=ORIENTED_EDGE('',*,*,#6474,.F.);
#9421=ORIENTED_EDGE('',*,*,#6507,.F.);
#9422=ORIENTED_EDGE('',*,*,#6502,.F.);
#9423=ORIENTED_EDGE('',*,*,#6501,.F.);
#9424=ORIENTED_EDGE('',*,*,#6496,.F.);
#9425=ORIENTED_EDGE('',*,*,#6495,.F.);
#9426=ORIENTED_EDGE('',*,*,#6490,.F.);
#9427=ORIENTED_EDGE('',*,*,#6488,.F.);
#9428=ORIENTED_EDGE('',*,*,#6486,.F.);
#9429=ORIENTED_EDGE('',*,*,#6625,.F.);
#9430=ORIENTED_EDGE('',*,*,#6470,.T.);
#9431=ORIENTED_EDGE('',*,*,#6629,.T.);
#9432=ORIENTED_EDGE('',*,*,#6630,.T.);
#9433=ORIENTED_EDGE('',*,*,#6631,.F.);
#9434=ORIENTED_EDGE('',*,*,#6467,.T.);
#9435=ORIENTED_EDGE('',*,*,#6631,.T.);
#9436=ORIENTED_EDGE('',*,*,#6632,.T.);
#9437=ORIENTED_EDGE('',*,*,#6633,.T.);
#9438=ORIENTED_EDGE('',*,*,#6612,.T.);
#9439=ORIENTED_EDGE('',*,*,#6634,.T.);
#9440=ORIENTED_EDGE('',*,*,#6613,.F.);
#9441=ORIENTED_EDGE('',*,*,#6633,.F.);
#9442=ORIENTED_EDGE('',*,*,#6635,.T.);
#9443=ORIENTED_EDGE('',*,*,#6634,.F.);
#9444=ORIENTED_EDGE('',*,*,#6636,.T.);
#9445=ORIENTED_EDGE('',*,*,#6637,.T.);
#9446=ORIENTED_EDGE('',*,*,#6614,.F.);
#9447=ORIENTED_EDGE('',*,*,#6479,.T.);
#9448=ORIENTED_EDGE('',*,*,#6481,.T.);
#9449=ORIENTED_EDGE('',*,*,#6471,.T.);
#9450=ORIENTED_EDGE('',*,*,#6473,.T.);
#9451=ORIENTED_EDGE('',*,*,#5914,.T.);
#9452=ORIENTED_EDGE('',*,*,#6638,.T.);
#9453=ORIENTED_EDGE('',*,*,#6639,.T.);
#9454=ORIENTED_EDGE('',*,*,#6505,.T.);
#9455=ORIENTED_EDGE('',*,*,#6476,.T.);
#9456=ORIENTED_EDGE('',*,*,#6506,.T.);
#9457=ORIENTED_EDGE('',*,*,#6640,.T.);
#9458=ORIENTED_EDGE('',*,*,#6641,.T.);
#9459=ORIENTED_EDGE('',*,*,#6626,.T.);
#9460=ORIENTED_EDGE('',*,*,#6484,.T.);
#9461=ORIENTED_EDGE('',*,*,#6487,.T.);
#9462=ORIENTED_EDGE('',*,*,#6492,.T.);
#9463=ORIENTED_EDGE('',*,*,#6494,.T.);
#9464=ORIENTED_EDGE('',*,*,#6498,.T.);
#9465=ORIENTED_EDGE('',*,*,#6500,.T.);
#9466=ORIENTED_EDGE('',*,*,#6504,.T.);
#9467=ORIENTED_EDGE('',*,*,#6548,.T.);
#9468=ORIENTED_EDGE('',*,*,#6642,.F.);
#9469=ORIENTED_EDGE('',*,*,#6643,.T.);
#9470=ORIENTED_EDGE('',*,*,#6513,.T.);
#9471=ORIENTED_EDGE('',*,*,#6509,.T.);
#9472=ORIENTED_EDGE('',*,*,#6516,.F.);
#9473=ORIENTED_EDGE('',*,*,#6515,.F.);
#9474=ORIENTED_EDGE('',*,*,#6514,.F.);
#9475=ORIENTED_EDGE('',*,*,#6511,.F.);
#9476=ORIENTED_EDGE('',*,*,#6644,.T.);
#9477=ORIENTED_EDGE('',*,*,#6645,.T.);
#9478=ORIENTED_EDGE('',*,*,#6519,.F.);
#9479=ORIENTED_EDGE('',*,*,#5913,.T.);
#9480=ORIENTED_EDGE('',*,*,#6520,.F.);
#9481=ORIENTED_EDGE('',*,*,#6645,.F.);
#9482=ORIENTED_EDGE('',*,*,#6646,.T.);
#9483=ORIENTED_EDGE('',*,*,#6638,.F.);
#9484=ORIENTED_EDGE('',*,*,#6647,.T.);
#9485=ORIENTED_EDGE('',*,*,#6648,.F.);
#9486=ORIENTED_EDGE('',*,*,#6649,.F.);
#9487=ORIENTED_EDGE('',*,*,#6539,.T.);
#9488=ORIENTED_EDGE('',*,*,#6521,.T.);
#9489=ORIENTED_EDGE('',*,*,#6526,.T.);
#9490=ORIENTED_EDGE('',*,*,#6527,.T.);
#9491=ORIENTED_EDGE('',*,*,#6530,.T.);
#9492=ORIENTED_EDGE('',*,*,#6534,.T.);
#9493=ORIENTED_EDGE('',*,*,#6543,.T.);
#9494=ORIENTED_EDGE('',*,*,#6650,.F.);
#9495=ORIENTED_EDGE('',*,*,#6651,.T.);
#9496=ORIENTED_EDGE('',*,*,#6542,.T.);
#9497=ORIENTED_EDGE('',*,*,#6545,.T.);
#9498=ORIENTED_EDGE('',*,*,#6536,.T.);
#9499=ORIENTED_EDGE('',*,*,#6540,.T.);
#9500=ORIENTED_EDGE('',*,*,#6649,.T.);
#9501=ORIENTED_EDGE('',*,*,#6652,.F.);
#9502=ORIENTED_EDGE('',*,*,#6653,.T.);
#9503=ORIENTED_EDGE('',*,*,#6654,.T.);
#9504=ORIENTED_EDGE('',*,*,#6655,.T.);
#9505=ORIENTED_EDGE('',*,*,#6650,.T.);
#9506=ORIENTED_EDGE('',*,*,#6551,.T.);
#9507=ORIENTED_EDGE('',*,*,#6034,.T.);
#9508=ORIENTED_EDGE('',*,*,#6553,.T.);
#9509=ORIENTED_EDGE('',*,*,#6656,.F.);
#9510=ORIENTED_EDGE('',*,*,#6657,.T.);
#9511=ORIENTED_EDGE('',*,*,#6652,.T.);
#9512=ORIENTED_EDGE('',*,*,#6648,.T.);
#9513=ORIENTED_EDGE('',*,*,#6658,.T.);
#9514=ORIENTED_EDGE('',*,*,#6642,.T.);
#9515=ORIENTED_EDGE('',*,*,#6547,.T.);
#9516=ORIENTED_EDGE('',*,*,#6550,.T.);
#9517=ORIENTED_EDGE('',*,*,#6659,.T.);
#9518=ORIENTED_EDGE('',*,*,#6656,.T.);
#9519=ORIENTED_EDGE('',*,*,#6552,.T.);
#9520=ORIENTED_EDGE('',*,*,#6556,.T.);
#9521=ORIENTED_EDGE('',*,*,#6557,.T.);
#9522=ORIENTED_EDGE('',*,*,#6572,.T.);
#9523=ORIENTED_EDGE('',*,*,#6660,.T.);
#9524=ORIENTED_EDGE('',*,*,#6661,.F.);
#9525=ORIENTED_EDGE('',*,*,#6660,.F.);
#9526=ORIENTED_EDGE('',*,*,#6571,.F.);
#9527=ORIENTED_EDGE('',*,*,#6559,.F.);
#9528=ORIENTED_EDGE('',*,*,#6662,.T.);
#9529=ORIENTED_EDGE('',*,*,#6663,.F.);
#9530=ORIENTED_EDGE('',*,*,#6664,.F.);
#9531=ORIENTED_EDGE('',*,*,#6662,.F.);
#9532=ORIENTED_EDGE('',*,*,#6564,.F.);
#9533=ORIENTED_EDGE('',*,*,#6665,.T.);
#9534=ORIENTED_EDGE('',*,*,#6666,.F.);
#9535=ORIENTED_EDGE('',*,*,#6665,.F.);
#9536=ORIENTED_EDGE('',*,*,#6563,.F.);
#9537=ORIENTED_EDGE('',*,*,#6576,.F.);
#9538=ORIENTED_EDGE('',*,*,#6667,.T.);
#9539=ORIENTED_EDGE('',*,*,#6668,.F.);
#9540=ORIENTED_EDGE('',*,*,#6667,.F.);
#9541=ORIENTED_EDGE('',*,*,#6575,.F.);
#9542=ORIENTED_EDGE('',*,*,#6573,.F.);
#9543=ORIENTED_EDGE('',*,*,#6569,.F.);
#9544=ORIENTED_EDGE('',*,*,#6568,.F.);
#9545=ORIENTED_EDGE('',*,*,#6565,.F.);
#9546=ORIENTED_EDGE('',*,*,#6669,.T.);
#9547=ORIENTED_EDGE('',*,*,#6670,.T.);
#9548=ORIENTED_EDGE('',*,*,#6671,.F.);
#9549=ORIENTED_EDGE('',*,*,#6669,.F.);
#9550=ORIENTED_EDGE('',*,*,#6581,.F.);
#9551=ORIENTED_EDGE('',*,*,#6578,.F.);
#9552=ORIENTED_EDGE('',*,*,#6589,.F.);
#9553=ORIENTED_EDGE('',*,*,#6672,.F.);
#9554=ORIENTED_EDGE('',*,*,#6670,.F.);
#9555=ORIENTED_EDGE('',*,*,#6580,.F.);
#9556=ORIENTED_EDGE('',*,*,#6673,.F.);
#9557=ORIENTED_EDGE('',*,*,#6588,.F.);
#9558=ORIENTED_EDGE('',*,*,#6587,.F.);
#9559=ORIENTED_EDGE('',*,*,#6586,.F.);
#9560=ORIENTED_EDGE('',*,*,#6585,.F.);
#9561=ORIENTED_EDGE('',*,*,#6584,.F.);
#9562=ORIENTED_EDGE('',*,*,#6582,.F.);
#9563=ORIENTED_EDGE('',*,*,#6593,.F.);
#9564=ORIENTED_EDGE('',*,*,#6674,.F.);
#9565=ORIENTED_EDGE('',*,*,#6675,.T.);
#9566=ORIENTED_EDGE('',*,*,#6676,.F.);
#9567=ORIENTED_EDGE('',*,*,#6674,.T.);
#9568=ORIENTED_EDGE('',*,*,#6592,.T.);
#9569=ORIENTED_EDGE('',*,*,#6603,.T.);
#9570=ORIENTED_EDGE('',*,*,#6604,.T.);
#9571=ORIENTED_EDGE('',*,*,#6677,.F.);
#9572=ORIENTED_EDGE('',*,*,#6675,.F.);
#9573=ORIENTED_EDGE('',*,*,#6606,.F.);
#9574=ORIENTED_EDGE('',*,*,#6678,.T.);
#9575=ORIENTED_EDGE('',*,*,#6605,.F.);
#9576=ORIENTED_EDGE('',*,*,#6601,.F.);
#9577=ORIENTED_EDGE('',*,*,#6679,.F.);
#9578=ORIENTED_EDGE('',*,*,#6680,.F.);
#9579=ORIENTED_EDGE('',*,*,#6678,.F.);
#9580=ORIENTED_EDGE('',*,*,#6681,.F.);
#9581=ORIENTED_EDGE('',*,*,#6679,.T.);
#9582=ORIENTED_EDGE('',*,*,#6600,.T.);
#9583=ORIENTED_EDGE('',*,*,#6682,.T.);
#9584=ORIENTED_EDGE('',*,*,#6682,.F.);
#9585=ORIENTED_EDGE('',*,*,#6599,.T.);
#9586=ORIENTED_EDGE('',*,*,#6683,.F.);
#9587=ORIENTED_EDGE('',*,*,#6684,.F.);
#9588=ORIENTED_EDGE('',*,*,#6683,.T.);
#9589=ORIENTED_EDGE('',*,*,#6598,.T.);
#9590=ORIENTED_EDGE('',*,*,#6610,.T.);
#9591=ORIENTED_EDGE('',*,*,#6685,.T.);
#9592=ORIENTED_EDGE('',*,*,#6686,.F.);
#9593=ORIENTED_EDGE('',*,*,#6687,.F.);
#9594=ORIENTED_EDGE('',*,*,#6685,.F.);
#9595=ORIENTED_EDGE('',*,*,#6609,.F.);
#9596=ORIENTED_EDGE('',*,*,#6688,.T.);
#9597=ORIENTED_EDGE('',*,*,#6608,.F.);
#9598=ORIENTED_EDGE('',*,*,#6689,.T.);
#9599=ORIENTED_EDGE('',*,*,#6690,.F.);
#9600=ORIENTED_EDGE('',*,*,#6688,.F.);
#9601=ORIENTED_EDGE('',*,*,#6691,.F.);
#9602=ORIENTED_EDGE('',*,*,#6689,.F.);
#9603=ORIENTED_EDGE('',*,*,#6607,.F.);
#9604=ORIENTED_EDGE('',*,*,#6596,.T.);
#9605=ORIENTED_EDGE('',*,*,#6624,.F.);
#9606=ORIENTED_EDGE('',*,*,#6692,.T.);
#9607=ORIENTED_EDGE('',*,*,#6692,.F.);
#9608=ORIENTED_EDGE('',*,*,#6623,.F.);
#9609=ORIENTED_EDGE('',*,*,#6621,.F.);
#9610=ORIENTED_EDGE('',*,*,#6619,.F.);
#9611=ORIENTED_EDGE('',*,*,#6617,.F.);
#9612=ORIENTED_EDGE('',*,*,#6615,.F.);
#9613=ORIENTED_EDGE('',*,*,#6637,.F.);
#9614=ORIENTED_EDGE('',*,*,#6693,.F.);
#9615=ORIENTED_EDGE('',*,*,#6635,.F.);
#9616=ORIENTED_EDGE('',*,*,#6632,.F.);
#9617=ORIENTED_EDGE('',*,*,#6630,.F.);
#9618=ORIENTED_EDGE('',*,*,#6628,.F.);
#9619=ORIENTED_EDGE('',*,*,#6627,.F.);
#9620=ORIENTED_EDGE('',*,*,#6641,.F.);
#9621=ORIENTED_EDGE('',*,*,#6694,.T.);
#9622=ORIENTED_EDGE('',*,*,#6695,.F.);
#9623=ORIENTED_EDGE('',*,*,#6636,.F.);
#9624=ORIENTED_EDGE('',*,*,#6694,.F.);
#9625=ORIENTED_EDGE('',*,*,#6640,.F.);
#9626=ORIENTED_EDGE('',*,*,#6639,.F.);
#9627=ORIENTED_EDGE('',*,*,#6696,.T.);
#9628=ORIENTED_EDGE('',*,*,#6697,.F.);
#9629=ORIENTED_EDGE('',*,*,#6646,.F.);
#9630=ORIENTED_EDGE('',*,*,#6644,.F.);
#9631=ORIENTED_EDGE('',*,*,#6643,.F.);
#9632=ORIENTED_EDGE('',*,*,#6658,.F.);
#9633=ORIENTED_EDGE('',*,*,#6647,.F.);
#9634=ORIENTED_EDGE('',*,*,#6698,.T.);
#9635=ORIENTED_EDGE('',*,*,#6699,.F.);
#9636=ORIENTED_EDGE('',*,*,#6696,.F.);
#9637=ORIENTED_EDGE('',*,*,#6651,.F.);
#9638=ORIENTED_EDGE('',*,*,#6655,.F.);
#9639=ORIENTED_EDGE('',*,*,#6700,.T.);
#9640=ORIENTED_EDGE('',*,*,#6701,.F.);
#9641=ORIENTED_EDGE('',*,*,#6698,.F.);
#9642=ORIENTED_EDGE('',*,*,#6654,.F.);
#9643=ORIENTED_EDGE('',*,*,#6702,.T.);
#9644=ORIENTED_EDGE('',*,*,#6703,.F.);
#9645=ORIENTED_EDGE('',*,*,#6700,.F.);
#9646=ORIENTED_EDGE('',*,*,#6659,.F.);
#9647=ORIENTED_EDGE('',*,*,#6704,.F.);
#9648=ORIENTED_EDGE('',*,*,#6702,.F.);
#9649=ORIENTED_EDGE('',*,*,#6653,.F.);
#9650=ORIENTED_EDGE('',*,*,#6657,.F.);
#9651=ORIENTED_EDGE('',*,*,#6703,.T.);
#9652=ORIENTED_EDGE('',*,*,#6704,.T.);
#9653=ORIENTED_EDGE('',*,*,#6661,.T.);
#9654=ORIENTED_EDGE('',*,*,#6663,.T.);
#9655=ORIENTED_EDGE('',*,*,#6664,.T.);
#9656=ORIENTED_EDGE('',*,*,#6666,.T.);
#9657=ORIENTED_EDGE('',*,*,#6668,.T.);
#9658=ORIENTED_EDGE('',*,*,#6671,.T.);
#9659=ORIENTED_EDGE('',*,*,#6672,.T.);
#9660=ORIENTED_EDGE('',*,*,#6673,.T.);
#9661=ORIENTED_EDGE('',*,*,#6676,.T.);
#9662=ORIENTED_EDGE('',*,*,#6677,.T.);
#9663=ORIENTED_EDGE('',*,*,#6680,.T.);
#9664=ORIENTED_EDGE('',*,*,#6681,.T.);
#9665=ORIENTED_EDGE('',*,*,#6684,.T.);
#9666=ORIENTED_EDGE('',*,*,#6686,.T.);
#9667=ORIENTED_EDGE('',*,*,#6687,.T.);
#9668=ORIENTED_EDGE('',*,*,#6690,.T.);
#9669=ORIENTED_EDGE('',*,*,#6691,.T.);
#9670=ORIENTED_EDGE('',*,*,#6693,.T.);
#9671=ORIENTED_EDGE('',*,*,#6695,.T.);
#9672=ORIENTED_EDGE('',*,*,#6697,.T.);
#9673=ORIENTED_EDGE('',*,*,#6699,.T.);
#9674=ORIENTED_EDGE('',*,*,#6701,.T.);
#9675=PLANE('',#10528);
#9676=PLANE('',#10531);
#9677=PLANE('',#10532);
#9678=PLANE('',#10533);
#9679=PLANE('',#10540);
#9680=PLANE('',#10546);
#9681=PLANE('',#10547);
#9682=PLANE('',#10550);
#9683=PLANE('',#10553);
#9684=PLANE('',#10557);
#9685=PLANE('',#10558);
#9686=PLANE('',#10567);
#9687=PLANE('',#10574);
#9688=PLANE('',#10577);
#9689=PLANE('',#10580);
#9690=PLANE('',#10583);
#9691=PLANE('',#10586);
#9692=PLANE('',#10587);
#9693=PLANE('',#10588);
#9694=PLANE('',#10590);
#9695=PLANE('',#10591);
#9696=PLANE('',#10592);
#9697=PLANE('',#10595);
#9698=PLANE('',#10596);
#9699=PLANE('',#10601);
#9700=PLANE('',#10602);
#9701=PLANE('',#10603);
#9702=PLANE('',#10604);
#9703=PLANE('',#10607);
#9704=PLANE('',#10608);
#9705=PLANE('',#10613);
#9706=PLANE('',#10644);
#9707=PLANE('',#10660);
#9708=PLANE('',#10664);
#9709=PLANE('',#10671);
#9710=PLANE('',#10675);
#9711=PLANE('',#10695);
#9712=PLANE('',#10698);
#9713=PLANE('',#10701);
#9714=PLANE('',#10702);
#9715=PLANE('',#10703);
#9716=PLANE('',#10704);
#9717=PLANE('',#10705);
#9718=PLANE('',#10706);
#9719=PLANE('',#10707);
#9720=PLANE('',#10708);
#9721=PLANE('',#10709);
#9722=PLANE('',#10712);
#9723=PLANE('',#10715);
#9724=PLANE('',#10725);
#9725=PLANE('',#10730);
#9726=PLANE('',#10737);
#9727=PLANE('',#10746);
#9728=PLANE('',#10776);
#9729=PLANE('',#10777);
#9730=PLANE('',#10778);
#9731=PLANE('',#10779);
#9732=PLANE('',#10780);
#9733=PLANE('',#10781);
#9734=PLANE('',#10782);
#9735=PLANE('',#10785);
#9736=PLANE('',#10786);
#9737=PLANE('',#10787);
#9738=PLANE('',#10788);
#9739=PLANE('',#10789);
#9740=PLANE('',#10790);
#9741=PLANE('',#10791);
#9742=PLANE('',#10792);
#9743=PLANE('',#10793);
#9744=PLANE('',#10794);
#9745=PLANE('',#10795);
#9746=PLANE('',#10796);
#9747=PLANE('',#10797);
#9748=PLANE('',#10798);
#9749=PLANE('',#10799);
#9750=PLANE('',#10800);
#9751=PLANE('',#10801);
#9752=PLANE('',#10802);
#9753=PLANE('',#10805);
#9754=PLANE('',#10806);
#9755=PLANE('',#10807);
#9756=PLANE('',#10812);
#9757=PLANE('',#10815);
#9758=PLANE('',#10823);
#9759=PLANE('',#10827);
#9760=PLANE('',#10831);
#9761=PLANE('',#10835);
#9762=PLANE('',#10839);
#9763=PLANE('',#10845);
#9764=PLANE('',#10849);
#9765=PLANE('',#10853);
#9766=PLANE('',#10857);
#9767=PLANE('',#10858);
#9768=PLANE('',#10859);
#9769=PLANE('',#10860);
#9770=PLANE('',#10861);
#9771=PLANE('',#10862);
#9772=PLANE('',#10863);
#9773=PLANE('',#10864);
#9774=PLANE('',#10865);
#9775=PLANE('',#10866);
#9776=PLANE('',#10867);
#9777=PLANE('',#10868);
#9778=PLANE('',#10869);
#9779=PLANE('',#10882);
#9780=PLANE('',#10886);
#9781=PLANE('',#10890);
#9782=PLANE('',#10896);
#9783=PLANE('',#10900);
#9784=PLANE('',#10904);
#9785=PLANE('',#10908);
#9786=PLANE('',#10912);
#9787=PLANE('',#10913);
#9788=PLANE('',#10916);
#9789=PLANE('',#10919);
#9790=PLANE('',#10922);
#9791=PLANE('',#10925);
#9792=PLANE('',#10932);
#9793=PLANE('',#10935);
#9794=PLANE('',#10938);
#9795=PLANE('',#10939);
#9796=PLANE('',#10943);
#9797=PLANE('',#10947);
#9798=PLANE('',#10952);
#9799=PLANE('',#10962);
#9800=PLANE('',#10963);
#9801=PLANE('',#10967);
#9802=PLANE('',#10970);
#9803=PLANE('',#10976);
#9804=PLANE('',#10980);
#9805=PLANE('',#10981);
#9806=PLANE('',#11008);
#9807=PLANE('',#11012);
#9808=PLANE('',#11013);
#9809=PLANE('',#11023);
#9810=PLANE('',#11028);
#9811=PLANE('',#11034);
#9812=PLANE('',#11037);
#9813=PLANE('',#11042);
#9814=PLANE('',#11046);
#9815=PLANE('',#11051);
#9816=PLANE('',#11054);
#9817=PLANE('',#11057);
#9818=PLANE('',#11058);
#9819=PLANE('',#11059);
#9820=PLANE('',#11060);
#9821=PLANE('',#11061);
#9822=PLANE('',#11062);
#9823=PLANE('',#11065);
#9824=PLANE('',#11068);
#9825=PLANE('',#11069);
#9826=PLANE('',#11072);
#9827=PLANE('',#11075);
#9828=PLANE('',#11076);
#9829=PLANE('',#11082);
#9830=PLANE('',#11083);
#9831=PLANE('',#11089);
#9832=PLANE('',#11093);
#9833=PLANE('',#11096);
#9834=PLANE('',#11100);
#9835=PLANE('',#11103);
#9836=PLANE('',#11106);
#9837=PLANE('',#11111);
#9838=PLANE('',#11115);
#9839=PLANE('',#11120);
#9840=PLANE('',#11123);
#9841=PLANE('',#11124);
#9842=PLANE('',#11125);
#9843=PLANE('',#11126);
#9844=PLANE('',#11127);
#9845=PLANE('',#11128);
#9846=PLANE('',#11133);
#9847=PLANE('',#11137);
#9848=PLANE('',#11140);
#9849=PLANE('',#11141);
#9850=PLANE('',#11142);
#9851=PLANE('',#11145);
#9852=PLANE('',#11146);
#9853=PLANE('',#11149);
#9854=PLANE('',#11150);
#9855=PLANE('',#11153);
#9856=PLANE('',#11154);
#9857=PLANE('',#11159);
#9858=PLANE('',#11163);
#9859=PLANE('',#11170);
#9860=PLANE('',#11177);
#9861=PLANE('',#11178);
#9862=PLANE('',#11179);
#9863=PLANE('',#11180);
#9864=PLANE('',#11181);
#9865=PLANE('',#11182);
#9866=PLANE('',#11183);
#9867=PLANE('',#11184);
#9868=PLANE('',#11185);
#9869=PLANE('',#11186);
#9870=PLANE('',#11189);
#9871=PLANE('',#11190);
#9872=PLANE('',#11191);
#9873=PLANE('',#11193);
#9874=PLANE('',#11199);
#9875=PLANE('',#11200);
#9876=PLANE('',#11205);
#9877=PLANE('',#11206);
#9878=PLANE('',#11207);
#9879=PLANE('',#11211);
#9880=PLANE('',#11218);
#9881=PLANE('',#11222);
#9882=PLANE('',#11229);
#9883=PLANE('',#11231);
#9884=PLANE('',#11232);
#9885=PLANE('',#11235);
#9886=PLANE('',#11238);
#9887=PLANE('',#11239);
#9888=PLANE('',#11242);
#9889=PLANE('',#11243);
#9890=PLANE('',#11244);
#9891=PLANE('',#11245);
#9892=PLANE('',#11246);
#9893=PLANE('',#11247);
#9894=PLANE('',#11248);
#9895=PLANE('',#11249);
#9896=PLANE('',#11252);
#9897=PLANE('',#11253);
#9898=PLANE('',#11254);
#9899=PLANE('',#11255);
#9900=PLANE('',#11256);
#9901=PLANE('',#11257);
#9902=PLANE('',#11261);
#9903=PLANE('',#11265);
#9904=PLANE('',#11270);
#9905=PLANE('',#11273);
#9906=PLANE('',#11277);
#9907=PLANE('',#11279);
#9908=PLANE('',#11286);
#9909=PLANE('',#11287);
#9910=PLANE('',#11288);
#9911=PLANE('',#11289);
#9912=PLANE('',#11290);
#9913=PLANE('',#11293);
#9914=PLANE('',#11297);
#9915=PLANE('',#11308);
#9916=PLANE('',#11316);
#9917=PLANE('',#11320);
#9918=PLANE('',#11324);
#9919=PLANE('',#11328);
#9920=PLANE('',#11332);
#9921=PLANE('',#11335);
#9922=PLANE('',#11336);
#9923=PLANE('',#11337);
#9924=PLANE('',#11338);
#9925=PLANE('',#11339);
#9926=PLANE('',#11340);
#9927=PLANE('',#11341);
#9928=PLANE('',#11348);
#9929=PLANE('',#11353);
#9930=PLANE('',#11354);
#9931=PLANE('',#11355);
#9932=PLANE('',#11356);
#9933=PLANE('',#11357);
#9934=PLANE('',#11358);
#9935=PLANE('',#11359);
#9936=PLANE('',#11360);
#9937=PLANE('',#11362);
#9938=PLANE('',#11363);
#9939=PLANE('',#11365);
#9940=PLANE('',#11367);
#9941=PLANE('',#11368);
#9942=PLANE('',#11369);
#9943=PLANE('',#11370);
#9944=PLANE('',#11371);
#9945=PLANE('',#11374);
#9946=PLANE('',#11375);
#9947=PLANE('',#11376);
#9948=PLANE('',#11379);
#9949=PLANE('',#11387);
#9950=PLANE('',#11391);
#9951=PLANE('',#11392);
#9952=PLANE('',#11396);
#9953=PLANE('',#11397);
#9954=PLANE('',#11398);
#9955=PLANE('',#11399);
#9956=PLANE('',#11402);
#9957=PLANE('',#11403);
#9958=PLANE('',#11404);
#9959=PLANE('',#11405);
#9960=PLANE('',#11406);
#9961=PLANE('',#11407);
#9962=PLANE('',#11408);
#9963=PLANE('',#11409);
#9964=PLANE('',#11411);
#9965=PLANE('',#11415);
#9966=PLANE('',#11418);
#9967=PLANE('',#11419);
#9968=PLANE('',#11420);
#9969=PLANE('',#11421);
#9970=PLANE('',#11422);
#9971=PLANE('',#11423);
#9972=PLANE('',#11424);
#9973=PLANE('',#11427);
#9974=PLANE('',#11430);
#9975=PLANE('',#11433);
#9976=PLANE('',#11434);
#9977=PLANE('',#11435);
#9978=PLANE('',#11436);
#9979=PLANE('',#11437);
#9980=PLANE('',#11438);
#9981=PLANE('',#11439);
#9982=PLANE('',#11442);
#9983=PLANE('',#11443);
#9984=ADVANCED_FACE('',(#718),#9675,.T.);
#9985=ADVANCED_FACE('',(#719),#9676,.F.);
#9986=ADVANCED_FACE('',(#720),#9677,.F.);
#9987=ADVANCED_FACE('',(#721),#9678,.F.);
#9988=ADVANCED_FACE('',(#722),#534,.F.);
#9989=ADVANCED_FACE('',(#723),#9679,.F.);
#9990=ADVANCED_FACE('',(#724),#535,.T.);
#9991=ADVANCED_FACE('',(#725),#536,.F.);
#9992=ADVANCED_FACE('',(#726),#9680,.F.);
#9993=ADVANCED_FACE('',(#727),#9681,.F.);
#9994=ADVANCED_FACE('',(#728),#537,.T.);
#9995=ADVANCED_FACE('',(#729),#9682,.F.);
#9996=ADVANCED_FACE('',(#730),#538,.F.);
#9997=ADVANCED_FACE('',(#731),#9683,.F.);
#9998=ADVANCED_FACE('',(#732),#539,.T.);
#9999=ADVANCED_FACE('',(#733),#9684,.T.);
#10000=ADVANCED_FACE('',(#734),#9685,.T.);
#10001=ADVANCED_FACE('',(#735),#540,.F.);
#10002=ADVANCED_FACE('',(#736),#9686,.F.);
#10003=ADVANCED_FACE('',(#737),#541,.F.);
#10004=ADVANCED_FACE('',(#738),#542,.T.);
#10005=ADVANCED_FACE('',(#739),#543,.F.);
#10006=ADVANCED_FACE('',(#740),#9687,.T.);
#10007=ADVANCED_FACE('',(#741),#544,.T.);
#10008=ADVANCED_FACE('',(#742),#9688,.T.);
#10009=ADVANCED_FACE('',(#743),#545,.F.);
#10010=ADVANCED_FACE('',(#744),#9689,.T.);
#10011=ADVANCED_FACE('',(#745),#546,.F.);
#10012=ADVANCED_FACE('',(#746),#9690,.F.);
#10013=ADVANCED_FACE('',(#747),#547,.T.);
#10014=ADVANCED_FACE('',(#748),#9691,.F.);
#10015=ADVANCED_FACE('',(#749),#9692,.F.);
#10016=ADVANCED_FACE('',(#750),#9693,.F.);
#10017=ADVANCED_FACE('',(#751),#9694,.T.);
#10018=ADVANCED_FACE('',(#752),#9695,.F.);
#10019=ADVANCED_FACE('',(#753),#9696,.F.);
#10020=ADVANCED_FACE('',(#754),#9697,.F.);
#10021=ADVANCED_FACE('',(#755),#9698,.T.);
#10022=ADVANCED_FACE('',(#756),#548,.F.);
#10023=ADVANCED_FACE('',(#757),#549,.F.);
#10024=ADVANCED_FACE('',(#758),#9699,.F.);
#10025=ADVANCED_FACE('',(#759),#9700,.T.);
#10026=ADVANCED_FACE('',(#760),#9701,.F.);
#10027=ADVANCED_FACE('',(#761),#9702,.F.);
#10028=ADVANCED_FACE('',(#762),#9703,.F.);
#10029=ADVANCED_FACE('',(#763),#9704,.T.);
#10030=ADVANCED_FACE('',(#764),#550,.F.);
#10031=ADVANCED_FACE('',(#765),#551,.F.);
#10032=ADVANCED_FACE('',(#766),#9705,.F.);
#10033=ADVANCED_FACE('',(#767),#552,.F.);
#10034=ADVANCED_FACE('',(#768),#553,.F.);
#10035=ADVANCED_FACE('',(#769),#87,.T.);
#10036=ADVANCED_FACE('',(#770),#554,.T.);
#10037=ADVANCED_FACE('',(#771),#88,.T.);
#10038=ADVANCED_FACE('',(#772),#89,.T.);
#10039=ADVANCED_FACE('',(#773),#90,.T.);
#10040=ADVANCED_FACE('',(#774),#83,.T.);
#10041=ADVANCED_FACE('',(#775),#9706,.F.);
#10042=ADVANCED_FACE('',(#776),#84,.T.);
#10043=ADVANCED_FACE('',(#777),#85,.T.);
#10044=ADVANCED_FACE('',(#778),#86,.T.);
#10045=ADVANCED_FACE('',(#779),#555,.T.);
#10046=ADVANCED_FACE('',(#780),#9707,.F.);
#10047=ADVANCED_FACE('',(#781),#556,.T.);
#10048=ADVANCED_FACE('',(#782),#9708,.F.);
#10049=ADVANCED_FACE('',(#783),#557,.T.);
#10050=ADVANCED_FACE('',(#784),#558,.T.);
#10051=ADVANCED_FACE('',(#785),#9709,.F.);
#10052=ADVANCED_FACE('',(#786),#559,.T.);
#10053=ADVANCED_FACE('',(#787),#9710,.F.);
#10054=ADVANCED_FACE('',(#788),#560,.T.);
#10055=ADVANCED_FACE('',(#789),#561,.T.);
#10056=ADVANCED_FACE('',(#790),#562,.T.);
#10057=ADVANCED_FACE('',(#791),#563,.T.);
#10058=ADVANCED_FACE('',(#792),#564,.T.);
#10059=ADVANCED_FACE('',(#793),#565,.T.);
#10060=ADVANCED_FACE('',(#794),#566,.T.);
#10061=ADVANCED_FACE('',(#795),#567,.T.);
#10062=ADVANCED_FACE('',(#796),#568,.T.);
#10063=ADVANCED_FACE('',(#797),#9711,.F.);
#10064=ADVANCED_FACE('',(#798),#9712,.F.);
#10065=ADVANCED_FACE('',(#799),#9713,.T.);
#10066=ADVANCED_FACE('',(#800),#9714,.F.);
#10067=ADVANCED_FACE('',(#801),#9715,.T.);
#10068=ADVANCED_FACE('',(#802),#9716,.F.);
#10069=ADVANCED_FACE('',(#803),#9717,.T.);
#10070=ADVANCED_FACE('',(#804),#9718,.T.);
#10071=ADVANCED_FACE('',(#805),#9719,.T.);
#10072=ADVANCED_FACE('',(#806),#9720,.T.);
#10073=ADVANCED_FACE('',(#807),#9721,.F.);
#10074=ADVANCED_FACE('',(#808),#9722,.F.);
#10075=ADVANCED_FACE('',(#809),#9723,.F.);
#10076=ADVANCED_FACE('',(#810),#569,.T.);
#10077=ADVANCED_FACE('',(#811),#570,.F.);
#10078=ADVANCED_FACE('',(#812),#571,.F.);
#10079=ADVANCED_FACE('',(#813),#9724,.F.);
#10080=ADVANCED_FACE('',(#814),#572,.T.);
#10081=ADVANCED_FACE('',(#815),#9725,.T.);
#10082=ADVANCED_FACE('',(#816),#573,.T.);
#10083=ADVANCED_FACE('',(#817),#574,.T.);
#10084=ADVANCED_FACE('',(#818),#9726,.T.);
#10085=ADVANCED_FACE('',(#819),#575,.F.);
#10086=ADVANCED_FACE('',(#820),#576,.T.);
#10087=ADVANCED_FACE('',(#821),#9727,.F.);
#10088=ADVANCED_FACE('',(#822),#577,.F.);
#10089=ADVANCED_FACE('',(#823),#578,.T.);
#10090=ADVANCED_FACE('',(#824),#43,.F.);
#10091=ADVANCED_FACE('',(#825),#579,.F.);
#10092=ADVANCED_FACE('',(#826),#44,.F.);
#10093=ADVANCED_FACE('',(#827),#45,.F.);
#10094=ADVANCED_FACE('',(#828),#580,.F.);
#10095=ADVANCED_FACE('',(#829),#46,.F.);
#10096=ADVANCED_FACE('',(#830),#47,.F.);
#10097=ADVANCED_FACE('',(#831),#581,.F.);
#10098=ADVANCED_FACE('',(#832),#48,.F.);
#10099=ADVANCED_FACE('',(#833),#49,.F.);
#10100=ADVANCED_FACE('',(#834),#582,.F.);
#10101=ADVANCED_FACE('',(#835),#50,.F.);
#10102=ADVANCED_FACE('',(#836),#9728,.F.);
#10103=ADVANCED_FACE('',(#837),#9729,.F.);
#10104=ADVANCED_FACE('',(#838),#9730,.F.);
#10105=ADVANCED_FACE('',(#839),#9731,.T.);
#10106=ADVANCED_FACE('',(#840),#9732,.T.);
#10107=ADVANCED_FACE('',(#841),#9733,.F.);
#10108=ADVANCED_FACE('',(#842),#9734,.F.);
#10109=ADVANCED_FACE('',(#843),#41,.T.);
#10110=ADVANCED_FACE('',(#844),#9735,.F.);
#10111=ADVANCED_FACE('',(#845),#9736,.T.);
#10112=ADVANCED_FACE('',(#846),#9737,.T.);
#10113=ADVANCED_FACE('',(#847),#9738,.F.);
#10114=ADVANCED_FACE('',(#848),#9739,.F.);
#10115=ADVANCED_FACE('',(#849),#9740,.T.);
#10116=ADVANCED_FACE('',(#850),#9741,.T.);
#10117=ADVANCED_FACE('',(#851),#9742,.F.);
#10118=ADVANCED_FACE('',(#852),#9743,.F.);
#10119=ADVANCED_FACE('',(#853),#9744,.T.);
#10120=ADVANCED_FACE('',(#854),#9745,.F.);
#10121=ADVANCED_FACE('',(#855),#9746,.F.);
#10122=ADVANCED_FACE('',(#856),#9747,.T.);
#10123=ADVANCED_FACE('',(#857),#9748,.T.);
#10124=ADVANCED_FACE('',(#858),#9749,.T.);
#10125=ADVANCED_FACE('',(#859),#9750,.T.);
#10126=ADVANCED_FACE('',(#860),#9751,.T.);
#10127=ADVANCED_FACE('',(#861),#9752,.F.);
#10128=ADVANCED_FACE('',(#862),#9753,.F.);
#10129=ADVANCED_FACE('',(#863),#42,.F.);
#10130=ADVANCED_FACE('',(#864),#9754,.F.);
#10131=ADVANCED_FACE('',(#865,#25),#9755,.F.);
#10132=ADVANCED_FACE('',(#866),#9756,.F.);
#10133=ADVANCED_FACE('',(#867),#9757,.F.);
#10134=ADVANCED_FACE('',(#868),#583,.T.);
#10135=ADVANCED_FACE('',(#869),#584,.F.);
#10136=ADVANCED_FACE('',(#870),#9758,.F.);
#10137=ADVANCED_FACE('',(#871),#585,.T.);
#10138=ADVANCED_FACE('',(#872),#9759,.F.);
#10139=ADVANCED_FACE('',(#873),#586,.T.);
#10140=ADVANCED_FACE('',(#874),#9760,.F.);
#10141=ADVANCED_FACE('',(#875),#587,.F.);
#10142=ADVANCED_FACE('',(#876),#9761,.F.);
#10143=ADVANCED_FACE('',(#877),#588,.F.);
#10144=ADVANCED_FACE('',(#878),#9762,.F.);
#10145=ADVANCED_FACE('',(#879),#589,.F.);
#10146=ADVANCED_FACE('',(#880),#590,.T.);
#10147=ADVANCED_FACE('',(#881),#9763,.F.);
#10148=ADVANCED_FACE('',(#882),#591,.F.);
#10149=ADVANCED_FACE('',(#883),#9764,.F.);
#10150=ADVANCED_FACE('',(#884),#592,.F.);
#10151=ADVANCED_FACE('',(#885),#9765,.F.);
#10152=ADVANCED_FACE('',(#886),#593,.T.);
#10153=ADVANCED_FACE('',(#887),#9766,.F.);
#10154=ADVANCED_FACE('',(#888),#9767,.F.);
#10155=ADVANCED_FACE('',(#889),#9768,.T.);
#10156=ADVANCED_FACE('',(#890),#9769,.F.);
#10157=ADVANCED_FACE('',(#891),#9770,.F.);
#10158=ADVANCED_FACE('',(#892),#9771,.F.);
#10159=ADVANCED_FACE('',(#893),#9772,.T.);
#10160=ADVANCED_FACE('',(#894),#9773,.F.);
#10161=ADVANCED_FACE('',(#895),#9774,.F.);
#10162=ADVANCED_FACE('',(#896),#9775,.F.);
#10163=ADVANCED_FACE('',(#897),#9776,.T.);
#10164=ADVANCED_FACE('',(#898),#9777,.F.);
#10165=ADVANCED_FACE('',(#899),#9778,.T.);
#10166=ADVANCED_FACE('',(#900),#594,.T.);
#10167=ADVANCED_FACE('',(#901),#595,.T.);
#10168=ADVANCED_FACE('',(#902),#596,.T.);
#10169=ADVANCED_FACE('',(#903),#597,.F.);
#10170=ADVANCED_FACE('',(#904),#598,.T.);
#10171=ADVANCED_FACE('',(#905),#599,.T.);
#10172=ADVANCED_FACE('',(#906),#9779,.F.);
#10173=ADVANCED_FACE('',(#907),#600,.F.);
#10174=ADVANCED_FACE('',(#908),#9780,.F.);
#10175=ADVANCED_FACE('',(#909),#601,.F.);
#10176=ADVANCED_FACE('',(#910),#9781,.F.);
#10177=ADVANCED_FACE('',(#911),#602,.T.);
#10178=ADVANCED_FACE('',(#912),#603,.F.);
#10179=ADVANCED_FACE('',(#913),#9782,.F.);
#10180=ADVANCED_FACE('',(#914),#604,.F.);
#10181=ADVANCED_FACE('',(#915),#9783,.F.);
#10182=ADVANCED_FACE('',(#916),#605,.F.);
#10183=ADVANCED_FACE('',(#917),#9784,.F.);
#10184=ADVANCED_FACE('',(#918),#606,.T.);
#10185=ADVANCED_FACE('',(#919),#9785,.F.);
#10186=ADVANCED_FACE('',(#920),#607,.T.);
#10187=ADVANCED_FACE('',(#921),#9786,.F.);
#10188=ADVANCED_FACE('',(#922),#9787,.F.);
#10189=ADVANCED_FACE('',(#923),#608,.F.);
#10190=ADVANCED_FACE('',(#924),#9788,.F.);
#10191=ADVANCED_FACE('',(#925),#609,.F.);
#10192=ADVANCED_FACE('',(#926),#9789,.F.);
#10193=ADVANCED_FACE('',(#927),#610,.F.);
#10194=ADVANCED_FACE('',(#928),#9790,.F.);
#10195=ADVANCED_FACE('',(#929),#611,.F.);
#10196=ADVANCED_FACE('',(#930),#9791,.F.);
#10197=ADVANCED_FACE('',(#931),#612,.T.);
#10198=ADVANCED_FACE('',(#932),#613,.T.);
#10199=ADVANCED_FACE('',(#933),#9792,.F.);
#10200=ADVANCED_FACE('',(#934),#614,.T.);
#10201=ADVANCED_FACE('',(#935),#9793,.F.);
#10202=ADVANCED_FACE('',(#936),#615,.T.);
#10203=ADVANCED_FACE('',(#937),#9794,.F.);
#10204=ADVANCED_FACE('',(#938),#9795,.F.);
#10205=ADVANCED_FACE('',(#939),#616,.T.);
#10206=ADVANCED_FACE('',(#940),#9796,.T.);
#10207=ADVANCED_FACE('',(#941),#617,.F.);
#10208=ADVANCED_FACE('',(#942),#9797,.F.);
#10209=ADVANCED_FACE('',(#943),#618,.T.);
#10210=ADVANCED_FACE('',(#944),#619,.F.);
#10211=ADVANCED_FACE('',(#945),#9798,.F.);
#10212=ADVANCED_FACE('',(#946),#620,.F.);
#10213=ADVANCED_FACE('',(#947),#621,.T.);
#10214=ADVANCED_FACE('',(#948),#622,.T.);
#10215=ADVANCED_FACE('',(#949),#9799,.F.);
#10216=ADVANCED_FACE('',(#950),#9800,.F.);
#10217=ADVANCED_FACE('',(#951),#623,.F.);
#10218=ADVANCED_FACE('',(#952),#9801,.F.);
#10219=ADVANCED_FACE('',(#953),#9802,.F.);
#10220=ADVANCED_FACE('',(#954),#624,.F.);
#10221=ADVANCED_FACE('',(#955),#9803,.T.);
#10222=ADVANCED_FACE('',(#956),#625,.T.);
#10223=ADVANCED_FACE('',(#957),#9804,.F.);
#10224=ADVANCED_FACE('',(#958,#26,#27,#28),#9805,.T.);
#10225=ADVANCED_FACE('',(#959),#9806,.F.);
#10226=ADVANCED_FACE('',(#960),#626,.F.);
#10227=ADVANCED_FACE('',(#961),#9807,.F.);
#10228=ADVANCED_FACE('',(#962),#9808,.F.);
#10229=ADVANCED_FACE('',(#963),#627,.T.);
#10230=ADVANCED_FACE('',(#964),#628,.T.);
#10231=ADVANCED_FACE('',(#965),#629,.F.);
#10232=ADVANCED_FACE('',(#966),#9809,.F.);
#10233=ADVANCED_FACE('',(#967),#630,.F.);
#10234=ADVANCED_FACE('',(#968),#631,.T.);
#10235=ADVANCED_FACE('',(#969),#9810,.F.);
#10236=ADVANCED_FACE('',(#970),#632,.T.);
#10237=ADVANCED_FACE('',(#971),#9811,.F.);
#10238=ADVANCED_FACE('',(#972),#633,.F.);
#10239=ADVANCED_FACE('',(#973),#9812,.F.);
#10240=ADVANCED_FACE('',(#974),#634,.F.);
#10241=ADVANCED_FACE('',(#975),#635,.T.);
#10242=ADVANCED_FACE('',(#976),#9813,.F.);
#10243=ADVANCED_FACE('',(#977),#636,.F.);
#10244=ADVANCED_FACE('',(#978),#9814,.T.);
#10245=ADVANCED_FACE('',(#979),#637,.F.);
#10246=ADVANCED_FACE('',(#980),#638,.T.);
#10247=ADVANCED_FACE('',(#981),#9815,.T.);
#10248=ADVANCED_FACE('',(#982),#639,.F.);
#10249=ADVANCED_FACE('',(#983),#9816,.T.);
#10250=ADVANCED_FACE('',(#984),#640,.F.);
#10251=ADVANCED_FACE('',(#985),#9817,.F.);
#10252=ADVANCED_FACE('',(#986),#9818,.T.);
#10253=ADVANCED_FACE('',(#987),#9819,.F.);
#10254=ADVANCED_FACE('',(#988),#9820,.F.);
#10255=ADVANCED_FACE('',(#989),#9821,.F.);
#10256=ADVANCED_FACE('',(#990),#9822,.F.);
#10257=ADVANCED_FACE('',(#991),#641,.F.);
#10258=ADVANCED_FACE('',(#992),#9823,.F.);
#10259=ADVANCED_FACE('',(#993),#642,.F.);
#10260=ADVANCED_FACE('',(#994),#9824,.F.);
#10261=ADVANCED_FACE('',(#995),#9825,.F.);
#10262=ADVANCED_FACE('',(#996),#643,.T.);
#10263=ADVANCED_FACE('',(#997),#9826,.F.);
#10264=ADVANCED_FACE('',(#998),#644,.T.);
#10265=ADVANCED_FACE('',(#999),#9827,.F.);
#10266=ADVANCED_FACE('',(#1000),#9828,.F.);
#10267=ADVANCED_FACE('',(#1001),#645,.T.);
#10268=ADVANCED_FACE('',(#1002),#646,.F.);
#10269=ADVANCED_FACE('',(#1003),#9829,.F.);
#10270=ADVANCED_FACE('',(#1004),#9830,.F.);
#10271=ADVANCED_FACE('',(#1005),#647,.T.);
#10272=ADVANCED_FACE('',(#1006),#648,.F.);
#10273=ADVANCED_FACE('',(#1007),#9831,.F.);
#10274=ADVANCED_FACE('',(#1008),#649,.T.);
#10275=ADVANCED_FACE('',(#1009),#9832,.F.);
#10276=ADVANCED_FACE('',(#1010),#650,.T.);
#10277=ADVANCED_FACE('',(#1011),#9833,.F.);
#10278=ADVANCED_FACE('',(#1012),#651,.T.);
#10279=ADVANCED_FACE('',(#1013),#9834,.F.);
#10280=ADVANCED_FACE('',(#1014),#652,.F.);
#10281=ADVANCED_FACE('',(#1015),#9835,.T.);
#10282=ADVANCED_FACE('',(#1016),#653,.F.);
#10283=ADVANCED_FACE('',(#1017),#9836,.T.);
#10284=ADVANCED_FACE('',(#1018),#654,.T.);
#10285=ADVANCED_FACE('',(#1019),#655,.F.);
#10286=ADVANCED_FACE('',(#1020),#9837,.T.);
#10287=ADVANCED_FACE('',(#1021),#656,.F.);
#10288=ADVANCED_FACE('',(#1022),#9838,.F.);
#10289=ADVANCED_FACE('',(#1023),#657,.T.);
#10290=ADVANCED_FACE('',(#1024),#658,.F.);
#10291=ADVANCED_FACE('',(#1025),#9839,.F.);
#10292=ADVANCED_FACE('',(#1026),#659,.F.);
#10293=ADVANCED_FACE('',(#1027),#9840,.F.);
#10294=ADVANCED_FACE('',(#1028),#9841,.F.);
#10295=ADVANCED_FACE('',(#1029),#9842,.T.);
#10296=ADVANCED_FACE('',(#1030),#9843,.F.);
#10297=ADVANCED_FACE('',(#1031),#9844,.F.);
#10298=ADVANCED_FACE('',(#1032),#9845,.F.);
#10299=ADVANCED_FACE('',(#1033),#660,.F.);
#10300=ADVANCED_FACE('',(#1034),#9846,.T.);
#10301=ADVANCED_FACE('',(#1035),#661,.F.);
#10302=ADVANCED_FACE('',(#1036),#9847,.T.);
#10303=ADVANCED_FACE('',(#1037),#662,.F.);
#10304=ADVANCED_FACE('',(#1038),#9848,.F.);
#10305=ADVANCED_FACE('',(#1039),#9849,.F.);
#10306=ADVANCED_FACE('',(#1040),#9850,.F.);
#10307=ADVANCED_FACE('',(#1041),#663,.F.);
#10308=ADVANCED_FACE('',(#1042),#9851,.F.);
#10309=ADVANCED_FACE('',(#1043),#9852,.F.);
#10310=ADVANCED_FACE('',(#1044),#664,.T.);
#10311=ADVANCED_FACE('',(#1045),#9853,.F.);
#10312=ADVANCED_FACE('',(#1046),#9854,.F.);
#10313=ADVANCED_FACE('',(#1047),#665,.F.);
#10314=ADVANCED_FACE('',(#1048),#9855,.F.);
#10315=ADVANCED_FACE('',(#1049),#9856,.F.);
#10316=ADVANCED_FACE('',(#1050),#666,.T.);
#10317=ADVANCED_FACE('',(#1051),#9857,.F.);
#10318=ADVANCED_FACE('',(#1052),#667,.F.);
#10319=ADVANCED_FACE('',(#1053),#9858,.F.);
#10320=ADVANCED_FACE('',(#1054),#668,.F.);
#10321=ADVANCED_FACE('',(#1055),#669,.T.);
#10322=ADVANCED_FACE('',(#1056),#9859,.F.);
#10323=ADVANCED_FACE('',(#1057),#670,.T.);
#10324=ADVANCED_FACE('',(#1058),#671,.F.);
#10325=ADVANCED_FACE('',(#1059),#9860,.T.);
#10326=ADVANCED_FACE('',(#1060),#9861,.T.);
#10327=ADVANCED_FACE('',(#1061),#9862,.F.);
#10328=ADVANCED_FACE('',(#1062),#9863,.F.);
#10329=ADVANCED_FACE('',(#1063),#9864,.F.);
#10330=ADVANCED_FACE('',(#1064),#9865,.F.);
#10331=ADVANCED_FACE('',(#1065),#9866,.F.);
#10332=ADVANCED_FACE('',(#1066),#9867,.T.);
#10333=ADVANCED_FACE('',(#1067),#9868,.F.);
#10334=ADVANCED_FACE('',(#1068),#9869,.F.);
#10335=ADVANCED_FACE('',(#1069),#9870,.F.);
#10336=ADVANCED_FACE('',(#1070),#9871,.F.);
#10337=ADVANCED_FACE('',(#1071),#9872,.T.);
#10338=ADVANCED_FACE('',(#1072),#9873,.F.);
#10339=ADVANCED_FACE('',(#1073),#672,.F.);
#10340=ADVANCED_FACE('',(#1074),#673,.F.);
#10341=ADVANCED_FACE('',(#1075),#9874,.T.);
#10342=ADVANCED_FACE('',(#1076),#9875,.T.);
#10343=ADVANCED_FACE('',(#1077),#674,.F.);
#10344=ADVANCED_FACE('',(#1078),#9876,.F.);
#10345=ADVANCED_FACE('',(#1079),#9877,.F.);
#10346=ADVANCED_FACE('',(#1080),#9878,.F.);
#10347=ADVANCED_FACE('',(#1081),#675,.T.);
#10348=ADVANCED_FACE('',(#1082),#9879,.F.);
#10349=ADVANCED_FACE('',(#1083),#676,.T.);
#10350=ADVANCED_FACE('',(#1084),#677,.F.);
#10351=ADVANCED_FACE('',(#1085),#9880,.F.);
#10352=ADVANCED_FACE('',(#1086),#678,.F.);
#10353=ADVANCED_FACE('',(#1087),#9881,.F.);
#10354=ADVANCED_FACE('',(#1088),#679,.F.);
#10355=ADVANCED_FACE('',(#1089),#680,.T.);
#10356=ADVANCED_FACE('',(#1090),#9882,.F.);
#10357=ADVANCED_FACE('',(#1091),#9883,.F.);
#10358=ADVANCED_FACE('',(#1092),#9884,.F.);
#10359=ADVANCED_FACE('',(#1093),#681,.F.);
#10360=ADVANCED_FACE('',(#1094),#9885,.F.);
#10361=ADVANCED_FACE('',(#1095),#682,.F.);
#10362=ADVANCED_FACE('',(#1096),#9886,.F.);
#10363=ADVANCED_FACE('',(#1097),#9887,.F.);
#10364=ADVANCED_FACE('',(#1098),#683,.T.);
#10365=ADVANCED_FACE('',(#1099),#9888,.F.);
#10366=ADVANCED_FACE('',(#1100),#9889,.F.);
#10367=ADVANCED_FACE('',(#1101),#9890,.F.);
#10368=ADVANCED_FACE('',(#1102),#9891,.T.);
#10369=ADVANCED_FACE('',(#1103),#9892,.F.);
#10370=ADVANCED_FACE('',(#1104),#9893,.F.);
#10371=ADVANCED_FACE('',(#1105),#9894,.F.);
#10372=ADVANCED_FACE('',(#1106),#9895,.F.);
#10373=ADVANCED_FACE('',(#1107),#684,.F.);
#10374=ADVANCED_FACE('',(#1108),#9896,.F.);
#10375=ADVANCED_FACE('',(#1109),#9897,.F.);
#10376=ADVANCED_FACE('',(#1110),#9898,.F.);
#10377=ADVANCED_FACE('',(#1111),#9899,.F.);
#10378=ADVANCED_FACE('',(#1112),#9900,.F.);
#10379=ADVANCED_FACE('',(#1113),#9901,.T.);
#10380=ADVANCED_FACE('',(#1114),#9902,.F.);
#10381=ADVANCED_FACE('',(#1115),#685,.T.);
#10382=ADVANCED_FACE('',(#1116),#9903,.F.);
#10383=ADVANCED_FACE('',(#1117),#686,.F.);
#10384=ADVANCED_FACE('',(#1118),#687,.T.);
#10385=ADVANCED_FACE('',(#1119),#9904,.F.);
#10386=ADVANCED_FACE('',(#1120),#9905,.F.);
#10387=ADVANCED_FACE('',(#1121),#688,.F.);
#10388=ADVANCED_FACE('',(#1122),#9906,.T.);
#10389=ADVANCED_FACE('',(#1123),#9907,.T.);
#10390=ADVANCED_FACE('',(#1124),#689,.F.);
#10391=ADVANCED_FACE('',(#1125),#690,.T.);
#10392=ADVANCED_FACE('',(#1126),#9908,.T.);
#10393=ADVANCED_FACE('',(#1127),#9909,.T.);
#10394=ADVANCED_FACE('',(#1128),#9910,.F.);
#10395=ADVANCED_FACE('',(#1129),#9911,.F.);
#10396=ADVANCED_FACE('',(#1130),#9912,.F.);
#10397=ADVANCED_FACE('',(#1131),#691,.T.);
#10398=ADVANCED_FACE('',(#1132),#9913,.T.);
#10399=ADVANCED_FACE('',(#1133),#692,.T.);
#10400=ADVANCED_FACE('',(#1134),#693,.T.);
#10401=ADVANCED_FACE('',(#1135),#9914,.T.);
#10402=ADVANCED_FACE('',(#1136),#694,.T.);
#10403=ADVANCED_FACE('',(#1137),#695,.F.);
#10404=ADVANCED_FACE('',(#1138),#696,.T.);
#10405=ADVANCED_FACE('',(#1139),#9915,.F.);
#10406=ADVANCED_FACE('',(#1140),#697,.F.);
#10407=ADVANCED_FACE('',(#1141),#698,.T.);
#10408=ADVANCED_FACE('',(#1142),#699,.F.);
#10409=ADVANCED_FACE('',(#1143),#9916,.T.);
#10410=ADVANCED_FACE('',(#1144),#700,.F.);
#10411=ADVANCED_FACE('',(#1145),#9917,.T.);
#10412=ADVANCED_FACE('',(#1146),#701,.T.);
#10413=ADVANCED_FACE('',(#1147),#9918,.F.);
#10414=ADVANCED_FACE('',(#1148),#702,.T.);
#10415=ADVANCED_FACE('',(#1149),#9919,.F.);
#10416=ADVANCED_FACE('',(#1150),#703,.F.);
#10417=ADVANCED_FACE('',(#1151),#9920,.F.);
#10418=ADVANCED_FACE('',(#1152),#704,.F.);
#10419=ADVANCED_FACE('',(#1153),#9921,.F.);
#10420=ADVANCED_FACE('',(#1154),#9922,.F.);
#10421=ADVANCED_FACE('',(#1155),#9923,.F.);
#10422=ADVANCED_FACE('',(#1156),#9924,.F.);
#10423=ADVANCED_FACE('',(#1157),#9925,.F.);
#10424=ADVANCED_FACE('',(#1158),#9926,.T.);
#10425=ADVANCED_FACE('',(#1159),#9927,.F.);
#10426=ADVANCED_FACE('',(#1160),#705,.T.);
#10427=ADVANCED_FACE('',(#1161),#706,.F.);
#10428=ADVANCED_FACE('',(#1162),#9928,.F.);
#10429=ADVANCED_FACE('',(#1163),#707,.T.);
#10430=ADVANCED_FACE('',(#1164),#9929,.F.);
#10431=ADVANCED_FACE('',(#1165),#9930,.T.);
#10432=ADVANCED_FACE('',(#1166),#9931,.F.);
#10433=ADVANCED_FACE('',(#1167),#9932,.F.);
#10434=ADVANCED_FACE('',(#1168),#9933,.F.);
#10435=ADVANCED_FACE('',(#1169),#9934,.F.);
#10436=ADVANCED_FACE('',(#1170),#9935,.F.);
#10437=ADVANCED_FACE('',(#1171),#9936,.F.);
#10438=ADVANCED_FACE('',(#1172),#9937,.F.);
#10439=ADVANCED_FACE('',(#1173),#9938,.F.);
#10440=ADVANCED_FACE('',(#1174),#9939,.T.);
#10441=ADVANCED_FACE('',(#1175),#9940,.F.);
#10442=ADVANCED_FACE('',(#1176),#9941,.F.);
#10443=ADVANCED_FACE('',(#1177),#9942,.T.);
#10444=ADVANCED_FACE('',(#1178),#9943,.T.);
#10445=ADVANCED_FACE('',(#1179),#9944,.T.);
#10446=ADVANCED_FACE('',(#1180),#708,.F.);
#10447=ADVANCED_FACE('',(#1181),#9945,.T.);
#10448=ADVANCED_FACE('',(#1182),#9946,.F.);
#10449=ADVANCED_FACE('',(#1183),#9947,.F.);
#10450=ADVANCED_FACE('',(#1184),#709,.T.);
#10451=ADVANCED_FACE('',(#1185),#9948,.F.);
#10452=ADVANCED_FACE('',(#1186),#710,.T.);
#10453=ADVANCED_FACE('',(#1187),#711,.T.);
#10454=ADVANCED_FACE('',(#1188),#9949,.T.);
#10455=ADVANCED_FACE('',(#1189),#712,.T.);
#10456=ADVANCED_FACE('',(#1190),#9950,.T.);
#10457=ADVANCED_FACE('',(#1191),#9951,.T.);
#10458=ADVANCED_FACE('',(#1192),#713,.T.);
#10459=ADVANCED_FACE('',(#1193),#9952,.T.);
#10460=ADVANCED_FACE('',(#1194),#9953,.F.);
#10461=ADVANCED_FACE('',(#1195),#9954,.T.);
#10462=ADVANCED_FACE('',(#1196),#9955,.T.);
#10463=ADVANCED_FACE('',(#1197),#714,.F.);
#10464=ADVANCED_FACE('',(#1198),#9956,.F.);
#10465=ADVANCED_FACE('',(#1199),#9957,.T.);
#10466=ADVANCED_FACE('',(#1200),#9958,.T.);
#10467=ADVANCED_FACE('',(#1201),#9959,.T.);
#10468=ADVANCED_FACE('',(#1202),#9960,.F.);
#10469=ADVANCED_FACE('',(#1203),#9961,.F.);
#10470=ADVANCED_FACE('',(#1204),#9962,.T.);
#10471=ADVANCED_FACE('',(#1205),#9963,.T.);
#10472=ADVANCED_FACE('',(#1206),#9964,.T.);
#10473=ADVANCED_FACE('',(#1207),#715,.T.);
#10474=ADVANCED_FACE('',(#1208),#9965,.F.);
#10475=ADVANCED_FACE('',(#1209),#716,.F.);
#10476=ADVANCED_FACE('',(#1210),#9966,.F.);
#10477=ADVANCED_FACE('',(#1211),#9967,.F.);
#10478=ADVANCED_FACE('',(#1212),#9968,.F.);
#10479=ADVANCED_FACE('',(#1213),#9969,.F.);
#10480=ADVANCED_FACE('',(#1214),#9970,.F.);
#10481=ADVANCED_FACE('',(#1215),#9971,.T.);
#10482=ADVANCED_FACE('',(#1216),#9972,.F.);
#10483=ADVANCED_FACE('',(#1217),#91,.F.);
#10484=ADVANCED_FACE('',(#1218),#9973,.T.);
#10485=ADVANCED_FACE('',(#1219),#92,.F.);
#10486=ADVANCED_FACE('',(#1220),#9974,.T.);
#10487=ADVANCED_FACE('',(#1221),#93,.F.);
#10488=ADVANCED_FACE('',(#1222),#9975,.F.);
#10489=ADVANCED_FACE('',(#1223),#9976,.F.);
#10490=ADVANCED_FACE('',(#1224),#9977,.F.);
#10491=ADVANCED_FACE('',(#1225),#9978,.F.);
#10492=ADVANCED_FACE('',(#1226),#9979,.F.);
#10493=ADVANCED_FACE('',(#1227),#9980,.F.);
#10494=ADVANCED_FACE('',(#1228),#9981,.F.);
#10495=ADVANCED_FACE('',(#1229),#717,.F.);
#10496=ADVANCED_FACE('',(#1230),#9982,.F.);
#10497=ADVANCED_FACE('',(#1231),#9983,.T.);
#10498=CLOSED_SHELL('',(#9984,#9985,#9986,#9987,#9988,#9989,#9990,#9991,
#9992,#9993,#9994,#9995,#9996,#9997,#9998,#9999,#10000,#10001,#10002,#10003,
#10004,#10005,#10006,#10007,#10008,#10009,#10010,#10011,#10012,#10013,#10014,
#10015,#10016));
#10499=CLOSED_SHELL('',(#10017,#10018,#10019,#10020,#10021,#10022,#10023,
#10024));
#10500=CLOSED_SHELL('',(#10025,#10026,#10027,#10028,#10029,#10030,#10031,
#10032));
#10501=CLOSED_SHELL('',(#10033,#10034,#10035,#10036,#10037,#10038,#10039,
#10040,#10041,#10042,#10043,#10044,#10045,#10046,#10047,#10048,#10049,#10050,
#10051,#10052,#10053,#10054,#10055,#10056,#10057,#10058,#10059,#10060,#10061,
#10062,#10063,#10064,#10065,#10066,#10067,#10068,#10069,#10070,#10071,#10072,
#10073,#10074,#10075,#10076,#10077,#10078,#10079,#10080,#10081,#10082,#10083,
#10084,#10085,#10086,#10087,#10088,#10089,#10090,#10091,#10092,#10093,#10094,
#10095,#10096,#10097,#10098,#10099,#10100,#10101,#10102,#10103,#10104,#10105,
#10106,#10107,#10108,#10109,#10110,#10111,#10112,#10113,#10114,#10115,#10116,
#10117,#10118,#10119,#10120,#10121,#10122,#10123,#10124,#10125,#10126,#10127,
#10128,#10129,#10130,#10131,#10132,#10133,#10134,#10135,#10136,#10137,#10138,
#10139,#10140,#10141,#10142,#10143,#10144,#10145,#10146,#10147,#10148,#10149,
#10150,#10151,#10152,#10153,#10154,#10155,#10156,#10157,#10158,#10159,#10160,
#10161,#10162,#10163,#10164,#10165,#10166,#10167,#10168,#10169,#10170,#10171,
#10172,#10173,#10174,#10175,#10176,#10177,#10178,#10179,#10180,#10181,#10182,
#10183,#10184,#10185,#10186,#10187,#10188,#10189,#10190,#10191,#10192,#10193,
#10194,#10195,#10196,#10197,#10198,#10199,#10200,#10201,#10202,#10203,#10204,
#10205,#10206,#10207,#10208,#10209,#10210,#10211,#10212,#10213,#10214,#10215,
#10216,#10217,#10218,#10219,#10220,#10221,#10222,#10223,#10224,#10225,#10226,
#10227,#10228,#10229,#10230,#10231,#10232,#10233,#10234,#10235,#10236,#10237,
#10238,#10239,#10240,#10241,#10242,#10243,#10244,#10245,#10246,#10247,#10248,
#10249,#10250,#10251,#10252,#10253,#10254,#10255,#10256,#10257,#10258,#10259,
#10260,#10261,#10262,#10263,#10264,#10265,#10266,#10267,#10268,#10269,#10270,
#10271,#10272,#10273,#10274,#10275,#10276,#10277,#10278,#10279,#10280,#10281,
#10282,#10283,#10284,#10285,#10286,#10287,#10288,#10289,#10290,#10291,#10292,
#10293,#10294,#10295,#10296,#10297,#10298,#10299,#10300,#10301,#10302,#10303,
#10304,#10305,#10306,#10307,#10308,#10309,#10310,#10311,#10312,#10313,#10314,
#10315,#10316,#10317,#10318,#10319,#10320,#10321,#10322,#10323,#10324,#10325,
#10326,#10327,#10328,#10329,#10330,#10331,#10332,#10333,#10334,#10335,#10336,
#10337,#10338,#10339,#10340,#10341,#10342,#10343,#10344,#10345,#10346,#10347,
#10348,#10349,#10350,#10351,#10352,#10353,#10354,#10355,#10356,#10357,#10358,
#10359,#10360,#10361,#10362,#10363,#10364,#10365,#10366,#10367,#10368,#10369,
#10370,#10371,#10372,#10373,#10374,#10375,#10376,#10377,#10378,#10379,#10380,
#10381,#10382,#10383,#10384,#10385,#10386,#10387,#10388,#10389,#10390,#10391,
#10392,#10393,#10394,#10395,#10396,#10397,#10398,#10399,#10400,#10401,#10402,
#10403,#10404,#10405,#10406,#10407,#10408,#10409,#10410,#10411,#10412,#10413,
#10414,#10415,#10416,#10417,#10418,#10419,#10420,#10421,#10422,#10423,#10424,
#10425,#10426,#10427,#10428,#10429,#10430,#10431,#10432,#10433,#10434,#10435,
#10436,#10437,#10438,#10439,#10440,#10441,#10442,#10443,#10444,#10445,#10446,
#10447,#10448,#10449,#10450,#10451,#10452,#10453,#10454,#10455,#10456,#10457,
#10458,#10459,#10460,#10461,#10462,#10463,#10464,#10465,#10466,#10467,#10468,
#10469,#10470,#10471,#10472,#10473,#10474,#10475,#10476,#10477,#10478,#10479,
#10480,#10481,#10482,#10483,#10484,#10485,#10486,#10487,#10488,#10489,#10490,
#10491,#10492,#10493,#10494,#10495,#10496,#10497));
#10502=DERIVED_UNIT_ELEMENT(#10506,1.);
#10503=DERIVED_UNIT_ELEMENT(#17505,-3.);
#10504=DERIVED_UNIT_ELEMENT(#10506,1.);
#10505=DERIVED_UNIT_ELEMENT(#17505,-3.);
#10506=(
MASS_UNIT()
NAMED_UNIT(*)
SI_UNIT(.KILO.,.GRAM.)
);
#10507=DERIVED_UNIT((#10502,#10503));
#10508=DERIVED_UNIT((#10504,#10505));
#10509=MEASURE_REPRESENTATION_ITEM('density measure',
POSITIVE_RATIO_MEASURE(7850.),#10507);
#10510=MEASURE_REPRESENTATION_ITEM('density measure',
POSITIVE_RATIO_MEASURE(7850.),#10508);
#10511=PROPERTY_DEFINITION_REPRESENTATION(#10521,#10515);
#10512=PROPERTY_DEFINITION_REPRESENTATION(#10522,#10516);
#10513=PROPERTY_DEFINITION_REPRESENTATION(#10523,#10517);
#10514=PROPERTY_DEFINITION_REPRESENTATION(#10524,#10518);
#10515=REPRESENTATION('material name',(#10519),#17501);
#10516=REPRESENTATION('density',(#10509),#17501);
#10517=REPRESENTATION('material name',(#10520),#17502);
#10518=REPRESENTATION('density',(#10510),#17502);
#10519=DESCRIPTIVE_REPRESENTATION_ITEM('Steel','Steel');
#10520=DESCRIPTIVE_REPRESENTATION_ITEM('Steel','Steel');
#10521=PROPERTY_DEFINITION('material property','material name',#17526);
#10522=PROPERTY_DEFINITION('material property','density of part',#17526);
#10523=PROPERTY_DEFINITION('material property','material name',#17527);
#10524=PROPERTY_DEFINITION('material property','density of part',#17527);
#10525=AXIS2_PLACEMENT_3D('',#14351,#11447,#11448);
#10526=AXIS2_PLACEMENT_3D('',#14352,#11449,#11450);
#10527=AXIS2_PLACEMENT_3D('',#14353,#11451,#11452);
#10528=AXIS2_PLACEMENT_3D('',#14354,#11453,#11454);
#10529=AXIS2_PLACEMENT_3D('',#14361,#11457,#11458);
#10530=AXIS2_PLACEMENT_3D('',#14363,#11459,#11460);
#10531=AXIS2_PLACEMENT_3D('',#14369,#11464,#11465);
#10532=AXIS2_PLACEMENT_3D('',#14375,#11469,#11470);
#10533=AXIS2_PLACEMENT_3D('',#14379,#11473,#11474);
#10534=AXIS2_PLACEMENT_3D('',#14383,#11476,#11477);
#10535=AXIS2_PLACEMENT_3D('',#14387,#11479,#11480);
#10536=AXIS2_PLACEMENT_3D('',#14395,#11484,#11485);
#10537=AXIS2_PLACEMENT_3D('',#14398,#11487,#11488);
#10538=AXIS2_PLACEMENT_3D('',#14399,#11489,#11490);
#10539=AXIS2_PLACEMENT_3D('',#14401,#11491,#11492);
#10540=AXIS2_PLACEMENT_3D('',#14403,#11494,#11495);
#10541=AXIS2_PLACEMENT_3D('',#14409,#11498,#11499);
#10542=AXIS2_PLACEMENT_3D('',#14415,#11503,#11504);
#10543=AXIS2_PLACEMENT_3D('',#14418,#11506,#11507);
#10544=AXIS2_PLACEMENT_3D('',#14419,#11508,#11509);
#10545=AXIS2_PLACEMENT_3D('',#14420,#11510,#11511);
#10546=AXIS2_PLACEMENT_3D('',#14421,#11512,#11513);
#10547=AXIS2_PLACEMENT_3D('',#14423,#11515,#11516);
#10548=AXIS2_PLACEMENT_3D('',#14427,#11518,#11519);
#10549=AXIS2_PLACEMENT_3D('',#14431,#11522,#11523);
#10550=AXIS2_PLACEMENT_3D('',#14433,#11525,#11526);
#10551=AXIS2_PLACEMENT_3D('',#14437,#11529,#11530);
#10552=AXIS2_PLACEMENT_3D('',#14439,#11531,#11532);
#10553=AXIS2_PLACEMENT_3D('',#14441,#11534,#11535);
#10554=AXIS2_PLACEMENT_3D('',#14445,#11537,#11538);
#10555=AXIS2_PLACEMENT_3D('',#14452,#11542,#11543);
#10556=AXIS2_PLACEMENT_3D('',#14453,#11544,#11545);
#10557=AXIS2_PLACEMENT_3D('',#14455,#11547,#11548);
#10558=AXIS2_PLACEMENT_3D('',#14457,#11550,#11551);
#10559=AXIS2_PLACEMENT_3D('',#14459,#11552,#11553);
#10560=AXIS2_PLACEMENT_3D('',#14467,#11557,#11558);
#10561=AXIS2_PLACEMENT_3D('',#14471,#11560,#11561);
#10562=AXIS2_PLACEMENT_3D('',#14475,#11563,#11564);
#10563=AXIS2_PLACEMENT_3D('',#14479,#11566,#11567);
#10564=AXIS2_PLACEMENT_3D('',#14483,#11569,#11570);
#10565=AXIS2_PLACEMENT_3D('',#14484,#11571,#11572);
#10566=AXIS2_PLACEMENT_3D('',#14485,#11573,#11574);
#10567=AXIS2_PLACEMENT_3D('',#14487,#11576,#11577);
#10568=AXIS2_PLACEMENT_3D('',#14493,#11581,#11582);
#10569=AXIS2_PLACEMENT_3D('',#14494,#11583,#11584);
#10570=AXIS2_PLACEMENT_3D('',#14495,#11585,#11586);
#10571=AXIS2_PLACEMENT_3D('',#14497,#11587,#11588);
#10572=AXIS2_PLACEMENT_3D('',#14499,#11590,#11591);
#10573=AXIS2_PLACEMENT_3D('',#14502,#11593,#11594);
#10574=AXIS2_PLACEMENT_3D('',#14503,#11595,#11596);
#10575=AXIS2_PLACEMENT_3D('',#14507,#11599,#11600);
#10576=AXIS2_PLACEMENT_3D('',#14510,#11602,#11603);
#10577=AXIS2_PLACEMENT_3D('',#14511,#11604,#11605);
#10578=AXIS2_PLACEMENT_3D('',#14515,#11608,#11609);
#10579=AXIS2_PLACEMENT_3D('',#14518,#11611,#11612);
#10580=AXIS2_PLACEMENT_3D('',#14519,#11613,#11614);
#10581=AXIS2_PLACEMENT_3D('',#14523,#11617,#11618);
#10582=AXIS2_PLACEMENT_3D('',#14526,#11620,#11621);
#10583=AXIS2_PLACEMENT_3D('',#14527,#11622,#11623);
#10584=AXIS2_PLACEMENT_3D('',#14531,#11626,#11627);
#10585=AXIS2_PLACEMENT_3D('',#14533,#11628,#11629);
#10586=AXIS2_PLACEMENT_3D('',#14535,#11631,#11632);
#10587=AXIS2_PLACEMENT_3D('',#14539,#11635,#11636);
#10588=AXIS2_PLACEMENT_3D('',#14541,#11638,#11639);
#10589=AXIS2_PLACEMENT_3D('',#14542,#11640,#11641);
#10590=AXIS2_PLACEMENT_3D('',#14543,#11642,#11643);
#10591=AXIS2_PLACEMENT_3D('',#14552,#11648,#11649);
#10592=AXIS2_PLACEMENT_3D('',#14558,#11653,#11654);
#10593=AXIS2_PLACEMENT_3D('',#14562,#11656,#11657);
#10594=AXIS2_PLACEMENT_3D('',#14565,#11659,#11660);
#10595=AXIS2_PLACEMENT_3D('',#14566,#11661,#11662);
#10596=AXIS2_PLACEMENT_3D('',#14570,#11665,#11666);
#10597=AXIS2_PLACEMENT_3D('',#14572,#11667,#11668);
#10598=AXIS2_PLACEMENT_3D('',#14575,#11670,#11671);
#10599=AXIS2_PLACEMENT_3D('',#14576,#11672,#11673);
#10600=AXIS2_PLACEMENT_3D('',#14578,#11675,#11676);
#10601=AXIS2_PLACEMENT_3D('',#14580,#11678,#11679);
#10602=AXIS2_PLACEMENT_3D('',#14581,#11680,#11681);
#10603=AXIS2_PLACEMENT_3D('',#14590,#11686,#11687);
#10604=AXIS2_PLACEMENT_3D('',#14596,#11691,#11692);
#10605=AXIS2_PLACEMENT_3D('',#14600,#11694,#11695);
#10606=AXIS2_PLACEMENT_3D('',#14603,#11697,#11698);
#10607=AXIS2_PLACEMENT_3D('',#14604,#11699,#11700);
#10608=AXIS2_PLACEMENT_3D('',#14608,#11703,#11704);
#10609=AXIS2_PLACEMENT_3D('',#14610,#11705,#11706);
#10610=AXIS2_PLACEMENT_3D('',#14613,#11708,#11709);
#10611=AXIS2_PLACEMENT_3D('',#14614,#11710,#11711);
#10612=AXIS2_PLACEMENT_3D('',#14616,#11713,#11714);
#10613=AXIS2_PLACEMENT_3D('',#14618,#11716,#11717);
#10614=AXIS2_PLACEMENT_3D('',#14619,#11718,#11719);
#10615=AXIS2_PLACEMENT_3D('',#14622,#11720,#11721);
#10616=AXIS2_PLACEMENT_3D('',#14624,#11722,#11723);
#10617=AXIS2_PLACEMENT_3D('',#14627,#11725,#11726);
#10618=AXIS2_PLACEMENT_3D('',#14628,#11727,#11728);
#10619=AXIS2_PLACEMENT_3D('',#14629,#11729,#11730);
#10620=AXIS2_PLACEMENT_3D('',#14632,#11731,#11732);
#10621=AXIS2_PLACEMENT_3D('',#14634,#11733,#11734);
#10622=AXIS2_PLACEMENT_3D('',#14637,#11736,#11737);
#10623=AXIS2_PLACEMENT_3D('',#14638,#11738,#11739);
#10624=AXIS2_PLACEMENT_3D('',#14639,#11740,#11741);
#10625=AXIS2_PLACEMENT_3D('',#14642,#11742,#11743);
#10626=AXIS2_PLACEMENT_3D('',#14644,#11744,#11745);
#10627=AXIS2_PLACEMENT_3D('',#14647,#11747,#11748);
#10628=AXIS2_PLACEMENT_3D('',#14648,#11749,#11750);
#10629=AXIS2_PLACEMENT_3D('',#14649,#11751,#11752);
#10630=AXIS2_PLACEMENT_3D('',#14652,#11753,#11754);
#10631=AXIS2_PLACEMENT_3D('',#14655,#11757,#11758);
#10632=AXIS2_PLACEMENT_3D('',#14658,#11759,#11760);
#10633=AXIS2_PLACEMENT_3D('',#14660,#11761,#11762);
#10634=AXIS2_PLACEMENT_3D('',#14663,#11764,#11765);
#10635=AXIS2_PLACEMENT_3D('',#14664,#11766,#11767);
#10636=AXIS2_PLACEMENT_3D('',#14665,#11768,#11769);
#10637=AXIS2_PLACEMENT_3D('',#14668,#11771,#11772);
#10638=AXIS2_PLACEMENT_3D('',#14669,#11773,#11774);
#10639=AXIS2_PLACEMENT_3D('',#14672,#11776,#11777);
#10640=AXIS2_PLACEMENT_3D('',#14673,#11778,#11779);
#10641=AXIS2_PLACEMENT_3D('',#14676,#11780,#11781);
#10642=AXIS2_PLACEMENT_3D('',#14678,#11782,#11783);
#10643=AXIS2_PLACEMENT_3D('',#14679,#11784,#11785);
#10644=AXIS2_PLACEMENT_3D('',#14680,#11786,#11787);
#10645=AXIS2_PLACEMENT_3D('',#14688,#11792,#11793);
#10646=AXIS2_PLACEMENT_3D('',#14690,#11794,#11795);
#10647=AXIS2_PLACEMENT_3D('',#14692,#11796,#11797);
#10648=AXIS2_PLACEMENT_3D('',#14693,#11798,#11799);
#10649=AXIS2_PLACEMENT_3D('',#14694,#11800,#11801);
#10650=AXIS2_PLACEMENT_3D('',#14696,#11802,#11803);
#10651=AXIS2_PLACEMENT_3D('',#14698,#11804,#11805);
#10652=AXIS2_PLACEMENT_3D('',#14699,#11806,#11807);
#10653=AXIS2_PLACEMENT_3D('',#14700,#11808,#11809);
#10654=AXIS2_PLACEMENT_3D('',#14702,#11810,#11811);
#10655=AXIS2_PLACEMENT_3D('',#14704,#11812,#11813);
#10656=AXIS2_PLACEMENT_3D('',#14705,#11814,#11815);
#10657=AXIS2_PLACEMENT_3D('',#14706,#11816,#11817);
#10658=AXIS2_PLACEMENT_3D('',#14709,#11818,#11819);
#10659=AXIS2_PLACEMENT_3D('',#14713,#11821,#11822);
#10660=AXIS2_PLACEMENT_3D('',#14715,#11824,#11825);
#10661=AXIS2_PLACEMENT_3D('',#14721,#11829,#11830);
#10662=AXIS2_PLACEMENT_3D('',#14723,#11831,#11832);
#10663=AXIS2_PLACEMENT_3D('',#14725,#11833,#11834);
#10664=AXIS2_PLACEMENT_3D('',#14727,#11836,#11837);
#10665=AXIS2_PLACEMENT_3D('',#14733,#11841,#11842);
#10666=AXIS2_PLACEMENT_3D('',#14735,#11843,#11844);
#10667=AXIS2_PLACEMENT_3D('',#14737,#11845,#11846);
#10668=AXIS2_PLACEMENT_3D('',#14739,#11848,#11849);
#10669=AXIS2_PLACEMENT_3D('',#14742,#11850,#11851);
#10670=AXIS2_PLACEMENT_3D('',#14746,#11853,#11854);
#10671=AXIS2_PLACEMENT_3D('',#14748,#11856,#11857);
#10672=AXIS2_PLACEMENT_3D('',#14754,#11861,#11862);
#10673=AXIS2_PLACEMENT_3D('',#14756,#11863,#11864);
#10674=AXIS2_PLACEMENT_3D('',#14758,#11865,#11866);
#10675=AXIS2_PLACEMENT_3D('',#14760,#11868,#11869);
#10676=AXIS2_PLACEMENT_3D('',#14766,#11873,#11874);
#10677=AXIS2_PLACEMENT_3D('',#14768,#11875,#11876);
#10678=AXIS2_PLACEMENT_3D('',#14770,#11877,#11878);
#10679=AXIS2_PLACEMENT_3D('',#14772,#11880,#11881);
#10680=AXIS2_PLACEMENT_3D('',#14774,#11883,#11884);
#10681=AXIS2_PLACEMENT_3D('',#14777,#11885,#11886);
#10682=AXIS2_PLACEMENT_3D('',#14781,#11889,#11890);
#10683=AXIS2_PLACEMENT_3D('',#14782,#11891,#11892);
#10684=AXIS2_PLACEMENT_3D('',#14784,#11894,#11895);
#10685=AXIS2_PLACEMENT_3D('',#14787,#11896,#11897);
#10686=AXIS2_PLACEMENT_3D('',#14791,#11900,#11901);
#10687=AXIS2_PLACEMENT_3D('',#14792,#11902,#11903);
#10688=AXIS2_PLACEMENT_3D('',#14794,#11905,#11906);
#10689=AXIS2_PLACEMENT_3D('',#14796,#11908,#11909);
#10690=AXIS2_PLACEMENT_3D('',#14799,#11910,#11911);
#10691=AXIS2_PLACEMENT_3D('',#14803,#11914,#11915);
#10692=AXIS2_PLACEMENT_3D('',#14804,#11916,#11917);
#10693=AXIS2_PLACEMENT_3D('',#14807,#11918,#11919);
#10694=AXIS2_PLACEMENT_3D('',#14811,#11922,#11923);
#10695=AXIS2_PLACEMENT_3D('',#14812,#11924,#11925);
#10696=AXIS2_PLACEMENT_3D('',#14817,#11927,#11928);
#10697=AXIS2_PLACEMENT_3D('',#14821,#11930,#11931);
#10698=AXIS2_PLACEMENT_3D('',#14825,#11934,#11935);
#10699=AXIS2_PLACEMENT_3D('',#14830,#11937,#11938);
#10700=AXIS2_PLACEMENT_3D('',#14834,#11940,#11941);
#10701=AXIS2_PLACEMENT_3D('',#14838,#11944,#11945);
#10702=AXIS2_PLACEMENT_3D('',#14844,#11949,#11950);
#10703=AXIS2_PLACEMENT_3D('',#14850,#11954,#11955);
#10704=AXIS2_PLACEMENT_3D('',#14856,#11959,#11960);
#10705=AXIS2_PLACEMENT_3D('',#14862,#11964,#11965);
#10706=AXIS2_PLACEMENT_3D('',#14864,#11967,#11968);
#10707=AXIS2_PLACEMENT_3D('',#14866,#11970,#11971);
#10708=AXIS2_PLACEMENT_3D('',#14868,#11973,#11974);
#10709=AXIS2_PLACEMENT_3D('',#14870,#11976,#11977);
#10710=AXIS2_PLACEMENT_3D('',#14890,#11987,#11988);
#10711=AXIS2_PLACEMENT_3D('',#14894,#11990,#11991);
#10712=AXIS2_PLACEMENT_3D('',#14896,#11993,#11994);
#10713=AXIS2_PLACEMENT_3D('',#14901,#11996,#11997);
#10714=AXIS2_PLACEMENT_3D('',#14905,#11999,#12000);
#10715=AXIS2_PLACEMENT_3D('',#14922,#12010,#12011);
#10716=AXIS2_PLACEMENT_3D('',#14923,#12012,#12013);
#10717=AXIS2_PLACEMENT_3D('',#14925,#12014,#12015);
#10718=AXIS2_PLACEMENT_3D('',#14928,#12017,#12018);
#10719=AXIS2_PLACEMENT_3D('',#14929,#12019,#12020);
#10720=AXIS2_PLACEMENT_3D('',#14931,#12021,#12022);
#10721=AXIS2_PLACEMENT_3D('',#14933,#12023,#12024);
#10722=AXIS2_PLACEMENT_3D('',#14935,#12026,#12027);
#10723=AXIS2_PLACEMENT_3D('',#14940,#12029,#12030);
#10724=AXIS2_PLACEMENT_3D('',#14943,#12032,#12033);
#10725=AXIS2_PLACEMENT_3D('',#14944,#12034,#12035);
#10726=AXIS2_PLACEMENT_3D('',#14950,#12039,#12040);
#10727=AXIS2_PLACEMENT_3D('',#14952,#12041,#12042);
#10728=AXIS2_PLACEMENT_3D('',#14954,#12043,#12044);
#10729=AXIS2_PLACEMENT_3D('',#14956,#12045,#12046);
#10730=AXIS2_PLACEMENT_3D('',#14958,#12048,#12049);
#10731=AXIS2_PLACEMENT_3D('',#14963,#12051,#12052);
#10732=AXIS2_PLACEMENT_3D('',#14967,#12055,#12056);
#10733=AXIS2_PLACEMENT_3D('',#14970,#12057,#12058);
#10734=AXIS2_PLACEMENT_3D('',#14973,#12061,#12062);
#10735=AXIS2_PLACEMENT_3D('',#14975,#12063,#12064);
#10736=AXIS2_PLACEMENT_3D('',#14978,#12066,#12067);
#10737=AXIS2_PLACEMENT_3D('',#14979,#12068,#12069);
#10738=AXIS2_PLACEMENT_3D('',#14987,#12073,#12074);
#10739=AXIS2_PLACEMENT_3D('',#14988,#12075,#12076);
#10740=AXIS2_PLACEMENT_3D('',#14990,#12077,#12078);
#10741=AXIS2_PLACEMENT_3D('',#14992,#12079,#12080);
#10742=AXIS2_PLACEMENT_3D('',#14994,#12082,#12083);
#10743=AXIS2_PLACEMENT_3D('',#14999,#12085,#12086);
#10744=AXIS2_PLACEMENT_3D('',#15003,#12088,#12089);
#10745=AXIS2_PLACEMENT_3D('',#15004,#12090,#12091);
#10746=AXIS2_PLACEMENT_3D('',#15005,#12092,#12093);
#10747=AXIS2_PLACEMENT_3D('',#15011,#12097,#12098);
#10748=AXIS2_PLACEMENT_3D('',#15015,#12100,#12101);
#10749=AXIS2_PLACEMENT_3D('',#15016,#12102,#12103);
#10750=AXIS2_PLACEMENT_3D('',#15017,#12104,#12105);
#10751=AXIS2_PLACEMENT_3D('',#15020,#12106,#12107);
#10752=AXIS2_PLACEMENT_3D('',#15037,#12110,#12111);
#10753=AXIS2_PLACEMENT_3D('',#15038,#12112,#12113);
#10754=AXIS2_PLACEMENT_3D('',#15039,#12114,#12115);
#10755=AXIS2_PLACEMENT_3D('',#15040,#12116,#12117);
#10756=AXIS2_PLACEMENT_3D('',#15043,#12119,#12120);
#10757=AXIS2_PLACEMENT_3D('',#15057,#12121,#12122);
#10758=AXIS2_PLACEMENT_3D('',#15058,#12123,#12124);
#10759=AXIS2_PLACEMENT_3D('',#15072,#12125,#12126);
#10760=AXIS2_PLACEMENT_3D('',#15073,#12127,#12128);
#10761=AXIS2_PLACEMENT_3D('',#15074,#12129,#12130);
#10762=AXIS2_PLACEMENT_3D('',#15077,#12132,#12133);
#10763=AXIS2_PLACEMENT_3D('',#15091,#12134,#12135);
#10764=AXIS2_PLACEMENT_3D('',#15092,#12136,#12137);
#10765=AXIS2_PLACEMENT_3D('',#15106,#12138,#12139);
#10766=AXIS2_PLACEMENT_3D('',#15107,#12140,#12141);
#10767=AXIS2_PLACEMENT_3D('',#15108,#12142,#12143);
#10768=AXIS2_PLACEMENT_3D('',#15111,#12145,#12146);
#10769=AXIS2_PLACEMENT_3D('',#15125,#12147,#12148);
#10770=AXIS2_PLACEMENT_3D('',#15126,#12149,#12150);
#10771=AXIS2_PLACEMENT_3D('',#15140,#12151,#12152);
#10772=AXIS2_PLACEMENT_3D('',#15141,#12153,#12154);
#10773=AXIS2_PLACEMENT_3D('',#15142,#12155,#12156);
#10774=AXIS2_PLACEMENT_3D('',#15145,#12158,#12159);
#10775=AXIS2_PLACEMENT_3D('',#15158,#12160,#12161);
#10776=AXIS2_PLACEMENT_3D('',#15159,#12162,#12163);
#10777=AXIS2_PLACEMENT_3D('',#15165,#12167,#12168);
#10778=AXIS2_PLACEMENT_3D('',#15171,#12172,#12173);
#10779=AXIS2_PLACEMENT_3D('',#15172,#12174,#12175);
#10780=AXIS2_PLACEMENT_3D('',#15179,#12180,#12181);
#10781=AXIS2_PLACEMENT_3D('',#15185,#12185,#12186);
#10782=AXIS2_PLACEMENT_3D('',#15191,#12190,#12191);
#10783=AXIS2_PLACEMENT_3D('',#15193,#12192,#12193);
#10784=AXIS2_PLACEMENT_3D('',#15196,#12195,#12196);
#10785=AXIS2_PLACEMENT_3D('',#15220,#12198,#12199);
#10786=AXIS2_PLACEMENT_3D('',#15231,#12205,#12206);
#10787=AXIS2_PLACEMENT_3D('',#15241,#12212,#12213);
#10788=AXIS2_PLACEMENT_3D('',#15247,#12217,#12218);
#10789=AXIS2_PLACEMENT_3D('',#15255,#12223,#12224);
#10790=AXIS2_PLACEMENT_3D('',#15260,#12228,#12229);
#10791=AXIS2_PLACEMENT_3D('',#15265,#12233,#12234);
#10792=AXIS2_PLACEMENT_3D('',#15271,#12238,#12239);
#10793=AXIS2_PLACEMENT_3D('',#15277,#12243,#12244);
#10794=AXIS2_PLACEMENT_3D('',#15288,#12251,#12252);
#10795=AXIS2_PLACEMENT_3D('',#15296,#12257,#12258);
#10796=AXIS2_PLACEMENT_3D('',#15300,#12261,#12262);
#10797=AXIS2_PLACEMENT_3D('',#15308,#12267,#12268);
#10798=AXIS2_PLACEMENT_3D('',#15316,#12273,#12274);
#10799=AXIS2_PLACEMENT_3D('',#15322,#12278,#12279);
#10800=AXIS2_PLACEMENT_3D('',#15328,#12283,#12284);
#10801=AXIS2_PLACEMENT_3D('',#15334,#12288,#12289);
#10802=AXIS2_PLACEMENT_3D('',#15340,#12293,#12294);
#10803=AXIS2_PLACEMENT_3D('',#15343,#12295,#12296);
#10804=AXIS2_PLACEMENT_3D('',#15346,#12298,#12299);
#10805=AXIS2_PLACEMENT_3D('',#15348,#12301,#12302);
#10806=AXIS2_PLACEMENT_3D('',#15375,#12306,#12307);
#10807=AXIS2_PLACEMENT_3D('',#15382,#12312,#12313);
#10808=AXIS2_PLACEMENT_3D('',#15385,#12314,#12315);
#10809=AXIS2_PLACEMENT_3D('',#15389,#12317,#12318);
#10810=AXIS2_PLACEMENT_3D('',#15393,#12320,#12321);
#10811=AXIS2_PLACEMENT_3D('',#15397,#12323,#12324);
#10812=AXIS2_PLACEMENT_3D('',#15399,#12326,#12327);
#10813=AXIS2_PLACEMENT_3D('',#15403,#12329,#12330);
#10814=AXIS2_PLACEMENT_3D('',#15405,#12331,#12332);
#10815=AXIS2_PLACEMENT_3D('',#15409,#12335,#12336);
#10816=AXIS2_PLACEMENT_3D('',#15413,#12338,#12339);
#10817=AXIS2_PLACEMENT_3D('',#15415,#12340,#12341);
#10818=AXIS2_PLACEMENT_3D('',#15419,#12344,#12345);
#10819=AXIS2_PLACEMENT_3D('',#15421,#12346,#12347);
#10820=AXIS2_PLACEMENT_3D('',#15424,#12349,#12350);
#10821=AXIS2_PLACEMENT_3D('',#15425,#12351,#12352);
#10822=AXIS2_PLACEMENT_3D('',#15427,#12353,#12354);
#10823=AXIS2_PLACEMENT_3D('',#15429,#12356,#12357);
#10824=AXIS2_PLACEMENT_3D('',#15438,#12362,#12363);
#10825=AXIS2_PLACEMENT_3D('',#15441,#12364,#12365);
#10826=AXIS2_PLACEMENT_3D('',#15445,#12367,#12368);
#10827=AXIS2_PLACEMENT_3D('',#15447,#12370,#12371);
#10828=AXIS2_PLACEMENT_3D('',#15453,#12375,#12376);
#10829=AXIS2_PLACEMENT_3D('',#15455,#12377,#12378);
#10830=AXIS2_PLACEMENT_3D('',#15457,#12379,#12380);
#10831=AXIS2_PLACEMENT_3D('',#15459,#12382,#12383);
#10832=AXIS2_PLACEMENT_3D('',#15465,#12387,#12388);
#10833=AXIS2_PLACEMENT_3D('',#15469,#12390,#12391);
#10834=AXIS2_PLACEMENT_3D('',#15470,#12392,#12393);
#10835=AXIS2_PLACEMENT_3D('',#15471,#12394,#12395);
#10836=AXIS2_PLACEMENT_3D('',#15474,#12397,#12398);
#10837=AXIS2_PLACEMENT_3D('',#15476,#12400,#12401);
#10838=AXIS2_PLACEMENT_3D('',#15478,#12402,#12403);
#10839=AXIS2_PLACEMENT_3D('',#15480,#12405,#12406);
#10840=AXIS2_PLACEMENT_3D('',#15486,#12410,#12411);
#10841=AXIS2_PLACEMENT_3D('',#15487,#12412,#12413);
#10842=AXIS2_PLACEMENT_3D('',#15488,#12414,#12415);
#10843=AXIS2_PLACEMENT_3D('',#15489,#12416,#12417);
#10844=AXIS2_PLACEMENT_3D('',#15492,#12419,#12420);
#10845=AXIS2_PLACEMENT_3D('',#15493,#12421,#12422);
#10846=AXIS2_PLACEMENT_3D('',#15499,#12426,#12427);
#10847=AXIS2_PLACEMENT_3D('',#15503,#12429,#12430);
#10848=AXIS2_PLACEMENT_3D('',#15504,#12431,#12432);
#10849=AXIS2_PLACEMENT_3D('',#15505,#12433,#12434);
#10850=AXIS2_PLACEMENT_3D('',#15511,#12438,#12439);
#10851=AXIS2_PLACEMENT_3D('',#15515,#12441,#12442);
#10852=AXIS2_PLACEMENT_3D('',#15516,#12443,#12444);
#10853=AXIS2_PLACEMENT_3D('',#15517,#12445,#12446);
#10854=AXIS2_PLACEMENT_3D('',#15523,#12450,#12451);
#10855=AXIS2_PLACEMENT_3D('',#15525,#12452,#12453);
#10856=AXIS2_PLACEMENT_3D('',#15527,#12454,#12455);
#10857=AXIS2_PLACEMENT_3D('',#15529,#12457,#12458);
#10858=AXIS2_PLACEMENT_3D('',#15532,#12461,#12462);
#10859=AXIS2_PLACEMENT_3D('',#15538,#12466,#12467);
#10860=AXIS2_PLACEMENT_3D('',#15542,#12470,#12471);
#10861=AXIS2_PLACEMENT_3D('',#15546,#12474,#12475);
#10862=AXIS2_PLACEMENT_3D('',#15550,#12478,#12479);
#10863=AXIS2_PLACEMENT_3D('',#15554,#12482,#12483);
#10864=AXIS2_PLACEMENT_3D('',#15557,#12486,#12487);
#10865=AXIS2_PLACEMENT_3D('',#15563,#12491,#12492);
#10866=AXIS2_PLACEMENT_3D('',#15567,#12495,#12496);
#10867=AXIS2_PLACEMENT_3D('',#15571,#12499,#12500);
#10868=AXIS2_PLACEMENT_3D('',#15575,#12503,#12504);
#10869=AXIS2_PLACEMENT_3D('',#15579,#12507,#12508);
#10870=AXIS2_PLACEMENT_3D('',#15582,#12509,#12510);
#10871=AXIS2_PLACEMENT_3D('',#15585,#12513,#12514);
#10872=AXIS2_PLACEMENT_3D('',#15588,#12517,#12518);
#10873=AXIS2_PLACEMENT_3D('',#15590,#12520,#12521);
#10874=AXIS2_PLACEMENT_3D('',#15592,#12523,#12524);
#10875=AXIS2_PLACEMENT_3D('',#15594,#12525,#12526);
#10876=AXIS2_PLACEMENT_3D('',#15596,#12528,#12529);
#10877=AXIS2_PLACEMENT_3D('',#15598,#12530,#12531);
#10878=AXIS2_PLACEMENT_3D('',#15601,#12533,#12534);
#10879=AXIS2_PLACEMENT_3D('',#15602,#12535,#12536);
#10880=AXIS2_PLACEMENT_3D('',#15605,#12537,#12538);
#10881=AXIS2_PLACEMENT_3D('',#15609,#12540,#12541);
#10882=AXIS2_PLACEMENT_3D('',#15611,#12543,#12544);
#10883=AXIS2_PLACEMENT_3D('',#15617,#12548,#12549);
#10884=AXIS2_PLACEMENT_3D('',#15621,#12551,#12552);
#10885=AXIS2_PLACEMENT_3D('',#15622,#12553,#12554);
#10886=AXIS2_PLACEMENT_3D('',#15623,#12555,#12556);
#10887=AXIS2_PLACEMENT_3D('',#15629,#12560,#12561);
#10888=AXIS2_PLACEMENT_3D('',#15633,#12563,#12564);
#10889=AXIS2_PLACEMENT_3D('',#15634,#12565,#12566);
#10890=AXIS2_PLACEMENT_3D('',#15635,#12567,#12568);
#10891=AXIS2_PLACEMENT_3D('',#15638,#12570,#12571);
#10892=AXIS2_PLACEMENT_3D('',#15640,#12573,#12574);
#10893=AXIS2_PLACEMENT_3D('',#15642,#12576,#12577);
#10894=AXIS2_PLACEMENT_3D('',#15644,#12578,#12579);
#10895=AXIS2_PLACEMENT_3D('',#15647,#12581,#12582);
#10896=AXIS2_PLACEMENT_3D('',#15648,#12583,#12584);
#10897=AXIS2_PLACEMENT_3D('',#15651,#12586,#12587);
#10898=AXIS2_PLACEMENT_3D('',#15653,#12589,#12590);
#10899=AXIS2_PLACEMENT_3D('',#15655,#12591,#12592);
#10900=AXIS2_PLACEMENT_3D('',#15657,#12594,#12595);
#10901=AXIS2_PLACEMENT_3D('',#15663,#12599,#12600);
#10902=AXIS2_PLACEMENT_3D('',#15667,#12602,#12603);
#10903=AXIS2_PLACEMENT_3D('',#15668,#12604,#12605);
#10904=AXIS2_PLACEMENT_3D('',#15669,#12606,#12607);
#10905=AXIS2_PLACEMENT_3D('',#15675,#12611,#12612);
#10906=AXIS2_PLACEMENT_3D('',#15677,#12613,#12614);
#10907=AXIS2_PLACEMENT_3D('',#15679,#12615,#12616);
#10908=AXIS2_PLACEMENT_3D('',#15681,#12618,#12619);
#10909=AXIS2_PLACEMENT_3D('',#15687,#12623,#12624);
#10910=AXIS2_PLACEMENT_3D('',#15689,#12625,#12626);
#10911=AXIS2_PLACEMENT_3D('',#15691,#12627,#12628);
#10912=AXIS2_PLACEMENT_3D('',#15693,#12630,#12631);
#10913=AXIS2_PLACEMENT_3D('',#15702,#12636,#12637);
#10914=AXIS2_PLACEMENT_3D('',#15705,#12640,#12641);
#10915=AXIS2_PLACEMENT_3D('',#15709,#12643,#12644);
#10916=AXIS2_PLACEMENT_3D('',#15711,#12646,#12647);
#10917=AXIS2_PLACEMENT_3D('',#15715,#12650,#12651);
#10918=AXIS2_PLACEMENT_3D('',#15718,#12653,#12654);
#10919=AXIS2_PLACEMENT_3D('',#15719,#12655,#12656);
#10920=AXIS2_PLACEMENT_3D('',#15723,#12659,#12660);
#10921=AXIS2_PLACEMENT_3D('',#15726,#12662,#12663);
#10922=AXIS2_PLACEMENT_3D('',#15727,#12664,#12665);
#10923=AXIS2_PLACEMENT_3D('',#15731,#12668,#12669);
#10924=AXIS2_PLACEMENT_3D('',#15734,#12671,#12672);
#10925=AXIS2_PLACEMENT_3D('',#15735,#12673,#12674);
#10926=AXIS2_PLACEMENT_3D('',#15737,#12676,#12677);
#10927=AXIS2_PLACEMENT_3D('',#15739,#12678,#12679);
#10928=AXIS2_PLACEMENT_3D('',#15742,#12681,#12682);
#10929=AXIS2_PLACEMENT_3D('',#15743,#12683,#12684);
#10930=AXIS2_PLACEMENT_3D('',#15745,#12685,#12686);
#10931=AXIS2_PLACEMENT_3D('',#15748,#12688,#12689);
#10932=AXIS2_PLACEMENT_3D('',#15749,#12690,#12691);
#10933=AXIS2_PLACEMENT_3D('',#15753,#12694,#12695);
#10934=AXIS2_PLACEMENT_3D('',#15755,#12696,#12697);
#10935=AXIS2_PLACEMENT_3D('',#15757,#12699,#12700);
#10936=AXIS2_PLACEMENT_3D('',#15761,#12703,#12704);
#10937=AXIS2_PLACEMENT_3D('',#15763,#12705,#12706);
#10938=AXIS2_PLACEMENT_3D('',#15765,#12708,#12709);
#10939=AXIS2_PLACEMENT_3D('',#15767,#12711,#12712);
#10940=AXIS2_PLACEMENT_3D('',#15770,#12715,#12716);
#10941=AXIS2_PLACEMENT_3D('',#15775,#12718,#12719);
#10942=AXIS2_PLACEMENT_3D('',#15778,#12721,#12722);
#10943=AXIS2_PLACEMENT_3D('',#15779,#12723,#12724);
#10944=AXIS2_PLACEMENT_3D('',#15781,#12725,#12726);
#10945=AXIS2_PLACEMENT_3D('',#15784,#12729,#12730);
#10946=AXIS2_PLACEMENT_3D('',#15787,#12732,#12733);
#10947=AXIS2_PLACEMENT_3D('',#15788,#12734,#12735);
#10948=AXIS2_PLACEMENT_3D('',#15794,#12739,#12740);
#10949=AXIS2_PLACEMENT_3D('',#15796,#12742,#12743);
#10950=AXIS2_PLACEMENT_3D('',#15801,#12745,#12746);
#10951=AXIS2_PLACEMENT_3D('',#15804,#12748,#12749);
#10952=AXIS2_PLACEMENT_3D('',#15805,#12750,#12751);
#10953=AXIS2_PLACEMENT_3D('',#15811,#12755,#12756);
#10954=AXIS2_PLACEMENT_3D('',#15815,#12758,#12759);
#10955=AXIS2_PLACEMENT_3D('',#15816,#12760,#12761);
#10956=AXIS2_PLACEMENT_3D('',#15817,#12762,#12763);
#10957=AXIS2_PLACEMENT_3D('',#15819,#12764,#12765);
#10958=AXIS2_PLACEMENT_3D('',#15821,#12766,#12767);
#10959=AXIS2_PLACEMENT_3D('',#15823,#12769,#12770);
#10960=AXIS2_PLACEMENT_3D('',#15826,#12771,#12772);
#10961=AXIS2_PLACEMENT_3D('',#15830,#12774,#12775);
#10962=AXIS2_PLACEMENT_3D('',#15832,#12777,#12778);
#10963=AXIS2_PLACEMENT_3D('',#15838,#12782,#12783);
#10964=AXIS2_PLACEMENT_3D('',#15844,#12787,#12788);
#10965=AXIS2_PLACEMENT_3D('',#15848,#12790,#12791);
#10966=AXIS2_PLACEMENT_3D('',#15849,#12792,#12793);
#10967=AXIS2_PLACEMENT_3D('',#15850,#12794,#12795);
#10968=AXIS2_PLACEMENT_3D('',#15853,#12796,#12797);
#10969=AXIS2_PLACEMENT_3D('',#15859,#12800,#12801);
#10970=AXIS2_PLACEMENT_3D('',#15876,#12812,#12813);
#10971=AXIS2_PLACEMENT_3D('',#15879,#12814,#12815);
#10972=AXIS2_PLACEMENT_3D('',#15883,#12817,#12818);
#10973=AXIS2_PLACEMENT_3D('',#15898,#12827,#12828);
#10974=AXIS2_PLACEMENT_3D('',#15900,#12829,#12830);
#10975=AXIS2_PLACEMENT_3D('',#15903,#12832,#12833);
#10976=AXIS2_PLACEMENT_3D('',#15904,#12834,#12835);
#10977=AXIS2_PLACEMENT_3D('',#15910,#12839,#12840);
#10978=AXIS2_PLACEMENT_3D('',#15912,#12841,#12842);
#10979=AXIS2_PLACEMENT_3D('',#15915,#12844,#12845);
#10980=AXIS2_PLACEMENT_3D('',#15916,#12846,#12847);
#10981=AXIS2_PLACEMENT_3D('',#15922,#12851,#12852);
#10982=AXIS2_PLACEMENT_3D('',#15928,#12855,#12856);
#10983=AXIS2_PLACEMENT_3D('',#15930,#12857,#12858);
#10984=AXIS2_PLACEMENT_3D('',#15934,#12860,#12861);
#10985=AXIS2_PLACEMENT_3D('',#15940,#12864,#12865);
#10986=AXIS2_PLACEMENT_3D('',#15944,#12867,#12868);
#10987=AXIS2_PLACEMENT_3D('',#15949,#12871,#12872);
#10988=AXIS2_PLACEMENT_3D('',#15953,#12874,#12875);
#10989=AXIS2_PLACEMENT_3D('',#15959,#12878,#12879);
#10990=AXIS2_PLACEMENT_3D('',#15963,#12881,#12882);
#10991=AXIS2_PLACEMENT_3D('',#15965,#12883,#12884);
#10992=AXIS2_PLACEMENT_3D('',#15970,#12887,#12888);
#10993=AXIS2_PLACEMENT_3D('',#15972,#12889,#12890);
#10994=AXIS2_PLACEMENT_3D('',#15976,#12892,#12893);
#10995=AXIS2_PLACEMENT_3D('',#15980,#12895,#12896);
#10996=AXIS2_PLACEMENT_3D('',#15984,#12898,#12899);
#10997=AXIS2_PLACEMENT_3D('',#15992,#12903,#12904);
#10998=AXIS2_PLACEMENT_3D('',#16000,#12908,#12909);
#10999=AXIS2_PLACEMENT_3D('',#16004,#12911,#12912);
#11000=AXIS2_PLACEMENT_3D('',#16009,#12915,#12916);
#11001=AXIS2_PLACEMENT_3D('',#16013,#12918,#12919);
#11002=AXIS2_PLACEMENT_3D('',#16021,#12923,#12924);
#11003=AXIS2_PLACEMENT_3D('',#16029,#12928,#12929);
#11004=AXIS2_PLACEMENT_3D('',#16033,#12931,#12932);
#11005=AXIS2_PLACEMENT_3D('',#16037,#12934,#12935);
#11006=AXIS2_PLACEMENT_3D('',#16041,#12937,#12938);
#11007=AXIS2_PLACEMENT_3D('',#16042,#12939,#12940);
#11008=AXIS2_PLACEMENT_3D('',#16043,#12941,#12942);
#11009=AXIS2_PLACEMENT_3D('',#16044,#12943,#12944);
#11010=AXIS2_PLACEMENT_3D('',#16049,#12946,#12947);
#11011=AXIS2_PLACEMENT_3D('',#16052,#12949,#12950);
#11012=AXIS2_PLACEMENT_3D('',#16053,#12951,#12952);
#11013=AXIS2_PLACEMENT_3D('',#16059,#12956,#12957);
#11014=AXIS2_PLACEMENT_3D('',#16065,#12961,#12962);
#11015=AXIS2_PLACEMENT_3D('',#16067,#12963,#12964);
#11016=AXIS2_PLACEMENT_3D('',#16069,#12965,#12966);
#11017=AXIS2_PLACEMENT_3D('',#16071,#12968,#12969);
#11018=AXIS2_PLACEMENT_3D('',#16074,#12970,#12971);
#11019=AXIS2_PLACEMENT_3D('',#16078,#12973,#12974);
#11020=AXIS2_PLACEMENT_3D('',#16080,#12976,#12977);
#11021=AXIS2_PLACEMENT_3D('',#16084,#12979,#12980);
#11022=AXIS2_PLACEMENT_3D('',#16085,#12981,#12982);
#11023=AXIS2_PLACEMENT_3D('',#16086,#12983,#12984);
#11024=AXIS2_PLACEMENT_3D('',#16092,#12988,#12989);
#11025=AXIS2_PLACEMENT_3D('',#16096,#12991,#12992);
#11026=AXIS2_PLACEMENT_3D('',#16097,#12993,#12994);
#11027=AXIS2_PLACEMENT_3D('',#16098,#12995,#12996);
#11028=AXIS2_PLACEMENT_3D('',#16100,#12998,#12999);
#11029=AXIS2_PLACEMENT_3D('',#16104,#13001,#13002);
#11030=AXIS2_PLACEMENT_3D('',#16120,#13010,#13011);
#11031=AXIS2_PLACEMENT_3D('',#16122,#13013,#13014);
#11032=AXIS2_PLACEMENT_3D('',#16126,#13016,#13017);
#11033=AXIS2_PLACEMENT_3D('',#16127,#13018,#13019);
#11034=AXIS2_PLACEMENT_3D('',#16128,#13020,#13021);
#11035=AXIS2_PLACEMENT_3D('',#16134,#13025,#13026);
#11036=AXIS2_PLACEMENT_3D('',#16136,#13027,#13028);
#11037=AXIS2_PLACEMENT_3D('',#16138,#13030,#13031);
#11038=AXIS2_PLACEMENT_3D('',#16142,#13034,#13035);
#11039=AXIS2_PLACEMENT_3D('',#16144,#13036,#13037);
#11040=AXIS2_PLACEMENT_3D('',#16146,#13039,#13040);
#11041=AXIS2_PLACEMENT_3D('',#16148,#13041,#13042);
#11042=AXIS2_PLACEMENT_3D('',#16150,#13044,#13045);
#11043=AXIS2_PLACEMENT_3D('',#16153,#13047,#13048);
#11044=AXIS2_PLACEMENT_3D('',#16154,#13049,#13050);
#11045=AXIS2_PLACEMENT_3D('',#16157,#13052,#13053);
#11046=AXIS2_PLACEMENT_3D('',#16158,#13054,#13055);
#11047=AXIS2_PLACEMENT_3D('',#16162,#13058,#13059);
#11048=AXIS2_PLACEMENT_3D('',#16164,#13060,#13061);
#11049=AXIS2_PLACEMENT_3D('',#16166,#13063,#13064);
#11050=AXIS2_PLACEMENT_3D('',#16168,#13065,#13066);
#11051=AXIS2_PLACEMENT_3D('',#16170,#13068,#13069);
#11052=AXIS2_PLACEMENT_3D('',#16174,#13072,#13073);
#11053=AXIS2_PLACEMENT_3D('',#16177,#13075,#13076);
#11054=AXIS2_PLACEMENT_3D('',#16178,#13077,#13078);
#11055=AXIS2_PLACEMENT_3D('',#16182,#13081,#13082);
#11056=AXIS2_PLACEMENT_3D('',#16185,#13084,#13085);
#11057=AXIS2_PLACEMENT_3D('',#16186,#13086,#13087);
#11058=AXIS2_PLACEMENT_3D('',#16190,#13090,#13091);
#11059=AXIS2_PLACEMENT_3D('',#16198,#13097,#13098);
#11060=AXIS2_PLACEMENT_3D('',#16209,#13105,#13106);
#11061=AXIS2_PLACEMENT_3D('',#16225,#13115,#13116);
#11062=AXIS2_PLACEMENT_3D('',#16241,#13125,#13126);
#11063=AXIS2_PLACEMENT_3D('',#16245,#13129,#13130);
#11064=AXIS2_PLACEMENT_3D('',#16248,#13132,#13133);
#11065=AXIS2_PLACEMENT_3D('',#16249,#13134,#13135);
#11066=AXIS2_PLACEMENT_3D('',#16253,#13138,#13139);
#11067=AXIS2_PLACEMENT_3D('',#16255,#13140,#13141);
#11068=AXIS2_PLACEMENT_3D('',#16257,#13143,#13144);
#11069=AXIS2_PLACEMENT_3D('',#16260,#13147,#13148);
#11070=AXIS2_PLACEMENT_3D('',#16264,#13151,#13152);
#11071=AXIS2_PLACEMENT_3D('',#16266,#13153,#13154);
#11072=AXIS2_PLACEMENT_3D('',#16268,#13156,#13157);
#11073=AXIS2_PLACEMENT_3D('',#16272,#13160,#13161);
#11074=AXIS2_PLACEMENT_3D('',#16274,#13162,#13163);
#11075=AXIS2_PLACEMENT_3D('',#16276,#13165,#13166);
#11076=AXIS2_PLACEMENT_3D('',#16278,#13168,#13169);
#11077=AXIS2_PLACEMENT_3D('',#16284,#13173,#13174);
#11078=AXIS2_PLACEMENT_3D('',#16286,#13175,#13176);
#11079=AXIS2_PLACEMENT_3D('',#16289,#13178,#13179);
#11080=AXIS2_PLACEMENT_3D('',#16290,#13180,#13181);
#11081=AXIS2_PLACEMENT_3D('',#16295,#13184,#13185);
#11082=AXIS2_PLACEMENT_3D('',#16296,#13186,#13187);
#11083=AXIS2_PLACEMENT_3D('',#16298,#13189,#13190);
#11084=AXIS2_PLACEMENT_3D('',#16304,#13194,#13195);
#11085=AXIS2_PLACEMENT_3D('',#16306,#13196,#13197);
#11086=AXIS2_PLACEMENT_3D('',#16308,#13198,#13199);
#11087=AXIS2_PLACEMENT_3D('',#16310,#13201,#13202);
#11088=AXIS2_PLACEMENT_3D('',#16314,#13204,#13205);
#11089=AXIS2_PLACEMENT_3D('',#16316,#13207,#13208);
#11090=AXIS2_PLACEMENT_3D('',#16318,#13210,#13211);
#11091=AXIS2_PLACEMENT_3D('',#16321,#13212,#13213);
#11092=AXIS2_PLACEMENT_3D('',#16325,#13215,#13216);
#11093=AXIS2_PLACEMENT_3D('',#16327,#13218,#13219);
#11094=AXIS2_PLACEMENT_3D('',#16332,#13223,#13224);
#11095=AXIS2_PLACEMENT_3D('',#16334,#13225,#13226);
#11096=AXIS2_PLACEMENT_3D('',#16336,#13228,#13229);
#11097=AXIS2_PLACEMENT_3D('',#16340,#13232,#13233);
#11098=AXIS2_PLACEMENT_3D('',#16344,#13235,#13236);
#11099=AXIS2_PLACEMENT_3D('',#16345,#13237,#13238);
#11100=AXIS2_PLACEMENT_3D('',#16346,#13239,#13240);
#11101=AXIS2_PLACEMENT_3D('',#16352,#13244,#13245);
#11102=AXIS2_PLACEMENT_3D('',#16355,#13247,#13248);
#11103=AXIS2_PLACEMENT_3D('',#16356,#13249,#13250);
#11104=AXIS2_PLACEMENT_3D('',#16360,#13253,#13254);
#11105=AXIS2_PLACEMENT_3D('',#16363,#13256,#13257);
#11106=AXIS2_PLACEMENT_3D('',#16364,#13258,#13259);
#11107=AXIS2_PLACEMENT_3D('',#16368,#13262,#13263);
#11108=AXIS2_PLACEMENT_3D('',#16370,#13264,#13265);
#11109=AXIS2_PLACEMENT_3D('',#16372,#13267,#13268);
#11110=AXIS2_PLACEMENT_3D('',#16374,#13269,#13270);
#11111=AXIS2_PLACEMENT_3D('',#16376,#13272,#13273);
#11112=AXIS2_PLACEMENT_3D('',#16379,#13275,#13276);
#11113=AXIS2_PLACEMENT_3D('',#16380,#13277,#13278);
#11114=AXIS2_PLACEMENT_3D('',#16383,#13280,#13281);
#11115=AXIS2_PLACEMENT_3D('',#16384,#13282,#13283);
#11116=AXIS2_PLACEMENT_3D('',#16388,#13286,#13287);
#11117=AXIS2_PLACEMENT_3D('',#16390,#13288,#13289);
#11118=AXIS2_PLACEMENT_3D('',#16392,#13291,#13292);
#11119=AXIS2_PLACEMENT_3D('',#16394,#13293,#13294);
#11120=AXIS2_PLACEMENT_3D('',#16396,#13296,#13297);
#11121=AXIS2_PLACEMENT_3D('',#16400,#13300,#13301);
#11122=AXIS2_PLACEMENT_3D('',#16402,#13302,#13303);
#11123=AXIS2_PLACEMENT_3D('',#16404,#13305,#13306);
#11124=AXIS2_PLACEMENT_3D('',#16408,#13309,#13310);
#11125=AXIS2_PLACEMENT_3D('',#16411,#13313,#13314);
#11126=AXIS2_PLACEMENT_3D('',#16419,#13320,#13321);
#11127=AXIS2_PLACEMENT_3D('',#16430,#13328,#13329);
#11128=AXIS2_PLACEMENT_3D('',#16436,#13333,#13334);
#11129=AXIS2_PLACEMENT_3D('',#16442,#13338,#13339);
#11130=AXIS2_PLACEMENT_3D('',#16445,#13340,#13341);
#11131=AXIS2_PLACEMENT_3D('',#16447,#13342,#13343);
#11132=AXIS2_PLACEMENT_3D('',#16449,#13345,#13346);
#11133=AXIS2_PLACEMENT_3D('',#16450,#13347,#13348);
#11134=AXIS2_PLACEMENT_3D('',#16453,#13350,#13351);
#11135=AXIS2_PLACEMENT_3D('',#16454,#13352,#13353);
#11136=AXIS2_PLACEMENT_3D('',#16456,#13354,#13355);
#11137=AXIS2_PLACEMENT_3D('',#16458,#13357,#13358);
#11138=AXIS2_PLACEMENT_3D('',#16464,#13362,#13363);
#11139=AXIS2_PLACEMENT_3D('',#16466,#13364,#13365);
#11140=AXIS2_PLACEMENT_3D('',#16468,#13367,#13368);
#11141=AXIS2_PLACEMENT_3D('',#16474,#13372,#13373);
#11142=AXIS2_PLACEMENT_3D('',#16480,#13377,#13378);
#11143=AXIS2_PLACEMENT_3D('',#16482,#13380,#13381);
#11144=AXIS2_PLACEMENT_3D('',#16487,#13384,#13385);
#11145=AXIS2_PLACEMENT_3D('',#16488,#13386,#13387);
#11146=AXIS2_PLACEMENT_3D('',#16490,#13389,#13390);
#11147=AXIS2_PLACEMENT_3D('',#16494,#13393,#13394);
#11148=AXIS2_PLACEMENT_3D('',#16496,#13395,#13396);
#11149=AXIS2_PLACEMENT_3D('',#16498,#13398,#13399);
#11150=AXIS2_PLACEMENT_3D('',#16504,#13403,#13404);
#11151=AXIS2_PLACEMENT_3D('',#16508,#13407,#13408);
#11152=AXIS2_PLACEMENT_3D('',#16511,#13410,#13411);
#11153=AXIS2_PLACEMENT_3D('',#16512,#13412,#13413);
#11154=AXIS2_PLACEMENT_3D('',#16514,#13415,#13416);
#11155=AXIS2_PLACEMENT_3D('',#16518,#13418,#13419);
#11156=AXIS2_PLACEMENT_3D('',#16520,#13421,#13422);
#11157=AXIS2_PLACEMENT_3D('',#16522,#13423,#13424);
#11158=AXIS2_PLACEMENT_3D('',#16524,#13425,#13426);
#11159=AXIS2_PLACEMENT_3D('',#16526,#13428,#13429);
#11160=AXIS2_PLACEMENT_3D('',#16532,#13432,#13433);
#11161=AXIS2_PLACEMENT_3D('',#16534,#13435,#13436);
#11162=AXIS2_PLACEMENT_3D('',#16537,#13438,#13439);
#11163=AXIS2_PLACEMENT_3D('',#16538,#13440,#13441);
#11164=AXIS2_PLACEMENT_3D('',#16544,#13445,#13446);
#11165=AXIS2_PLACEMENT_3D('',#16548,#13448,#13449);
#11166=AXIS2_PLACEMENT_3D('',#16549,#13450,#13451);
#11167=AXIS2_PLACEMENT_3D('',#16550,#13452,#13453);
#11168=AXIS2_PLACEMENT_3D('',#16552,#13454,#13455);
#11169=AXIS2_PLACEMENT_3D('',#16554,#13456,#13457);
#11170=AXIS2_PLACEMENT_3D('',#16556,#13459,#13460);
#11171=AXIS2_PLACEMENT_3D('',#16562,#13464,#13465);
#11172=AXIS2_PLACEMENT_3D('',#16564,#13466,#13467);
#11173=AXIS2_PLACEMENT_3D('',#16566,#13468,#13469);
#11174=AXIS2_PLACEMENT_3D('',#16568,#13471,#13472);
#11175=AXIS2_PLACEMENT_3D('',#16570,#13473,#13474);
#11176=AXIS2_PLACEMENT_3D('',#16573,#13476,#13477);
#11177=AXIS2_PLACEMENT_3D('',#16574,#13478,#13479);
#11178=AXIS2_PLACEMENT_3D('',#16580,#13483,#13484);
#11179=AXIS2_PLACEMENT_3D('',#16586,#13488,#13489);
#11180=AXIS2_PLACEMENT_3D('',#16590,#13492,#13493);
#11181=AXIS2_PLACEMENT_3D('',#16594,#13496,#13497);
#11182=AXIS2_PLACEMENT_3D('',#16598,#13500,#13501);
#11183=AXIS2_PLACEMENT_3D('',#16602,#13504,#13505);
#11184=AXIS2_PLACEMENT_3D('',#16604,#13507,#13508);
#11185=AXIS2_PLACEMENT_3D('',#16610,#13512,#13513);
#11186=AXIS2_PLACEMENT_3D('',#16616,#13517,#13518);
#11187=AXIS2_PLACEMENT_3D('',#16623,#13521,#13522);
#11188=AXIS2_PLACEMENT_3D('',#16625,#13523,#13524);
#11189=AXIS2_PLACEMENT_3D('',#16628,#13527,#13528);
#11190=AXIS2_PLACEMENT_3D('',#16634,#13532,#13533);
#11191=AXIS2_PLACEMENT_3D('',#16638,#13536,#13537);
#11192=AXIS2_PLACEMENT_3D('',#16640,#13538,#13539);
#11193=AXIS2_PLACEMENT_3D('',#16642,#13541,#13542);
#11194=AXIS2_PLACEMENT_3D('',#16650,#13547,#13548);
#11195=AXIS2_PLACEMENT_3D('',#16652,#13549,#13550);
#11196=AXIS2_PLACEMENT_3D('',#16654,#13552,#13553);
#11197=AXIS2_PLACEMENT_3D('',#16656,#13554,#13555);
#11198=AXIS2_PLACEMENT_3D('',#16658,#13556,#13557);
#11199=AXIS2_PLACEMENT_3D('',#16660,#13559,#13560);
#11200=AXIS2_PLACEMENT_3D('',#16664,#13563,#13564);
#11201=AXIS2_PLACEMENT_3D('',#16668,#13567,#13568);
#11202=AXIS2_PLACEMENT_3D('',#16670,#13569,#13570);
#11203=AXIS2_PLACEMENT_3D('',#16672,#13571,#13572);
#11204=AXIS2_PLACEMENT_3D('',#16673,#13573,#13574);
#11205=AXIS2_PLACEMENT_3D('',#16674,#13575,#13576);
#11206=AXIS2_PLACEMENT_3D('',#16680,#13580,#13581);
#11207=AXIS2_PLACEMENT_3D('',#16684,#13584,#13585);
#11208=AXIS2_PLACEMENT_3D('',#16688,#13588,#13589);
#11209=AXIS2_PLACEMENT_3D('',#16690,#13590,#13591);
#11210=AXIS2_PLACEMENT_3D('',#16693,#13593,#13594);
#11211=AXIS2_PLACEMENT_3D('',#16694,#13595,#13596);
#11212=AXIS2_PLACEMENT_3D('',#16703,#13601,#13602);
#11213=AXIS2_PLACEMENT_3D('',#16705,#13603,#13604);
#11214=AXIS2_PLACEMENT_3D('',#16707,#13605,#13606);
#11215=AXIS2_PLACEMENT_3D('',#16709,#13608,#13609);
#11216=AXIS2_PLACEMENT_3D('',#16713,#13611,#13612);
#11217=AXIS2_PLACEMENT_3D('',#16714,#13613,#13614);
#11218=AXIS2_PLACEMENT_3D('',#16715,#13615,#13616);
#11219=AXIS2_PLACEMENT_3D('',#16718,#13618,#13619);
#11220=AXIS2_PLACEMENT_3D('',#16720,#13621,#13622);
#11221=AXIS2_PLACEMENT_3D('',#16723,#13624,#13625);
#11222=AXIS2_PLACEMENT_3D('',#16724,#13626,#13627);
#11223=AXIS2_PLACEMENT_3D('',#16730,#13631,#13632);
#11224=AXIS2_PLACEMENT_3D('',#16734,#13634,#13635);
#11225=AXIS2_PLACEMENT_3D('',#16735,#13636,#13637);
#11226=AXIS2_PLACEMENT_3D('',#16736,#13638,#13639);
#11227=AXIS2_PLACEMENT_3D('',#16738,#13640,#13641);
#11228=AXIS2_PLACEMENT_3D('',#16741,#13643,#13644);
#11229=AXIS2_PLACEMENT_3D('',#16742,#13645,#13646);
#11230=AXIS2_PLACEMENT_3D('',#16745,#13647,#13648);
#11231=AXIS2_PLACEMENT_3D('',#16750,#13652,#13653);
#11232=AXIS2_PLACEMENT_3D('',#16754,#13656,#13657);
#11233=AXIS2_PLACEMENT_3D('',#16758,#13660,#13661);
#11234=AXIS2_PLACEMENT_3D('',#16761,#13663,#13664);
#11235=AXIS2_PLACEMENT_3D('',#16762,#13665,#13666);
#11236=AXIS2_PLACEMENT_3D('',#16766,#13669,#13670);
#11237=AXIS2_PLACEMENT_3D('',#16769,#13672,#13673);
#11238=AXIS2_PLACEMENT_3D('',#16770,#13674,#13675);
#11239=AXIS2_PLACEMENT_3D('',#16774,#13678,#13679);
#11240=AXIS2_PLACEMENT_3D('',#16776,#13681,#13682);
#11241=AXIS2_PLACEMENT_3D('',#16779,#13684,#13685);
#11242=AXIS2_PLACEMENT_3D('',#16780,#13686,#13687);
#11243=AXIS2_PLACEMENT_3D('',#16786,#13691,#13692);
#11244=AXIS2_PLACEMENT_3D('',#16793,#13696,#13697);
#11245=AXIS2_PLACEMENT_3D('',#16798,#13701,#13702);
#11246=AXIS2_PLACEMENT_3D('',#16802,#13705,#13706);
#11247=AXIS2_PLACEMENT_3D('',#16806,#13709,#13710);
#11248=AXIS2_PLACEMENT_3D('',#16808,#13712,#13713);
#11249=AXIS2_PLACEMENT_3D('',#16812,#13716,#13717);
#11250=AXIS2_PLACEMENT_3D('',#16814,#13719,#13720);
#11251=AXIS2_PLACEMENT_3D('',#16818,#13722,#13723);
#11252=AXIS2_PLACEMENT_3D('',#16820,#13725,#13726);
#11253=AXIS2_PLACEMENT_3D('',#16824,#13729,#13730);
#11254=AXIS2_PLACEMENT_3D('',#16828,#13733,#13734);
#11255=AXIS2_PLACEMENT_3D('',#16832,#13737,#13738);
#11256=AXIS2_PLACEMENT_3D('',#16836,#13741,#13742);
#11257=AXIS2_PLACEMENT_3D('',#16843,#13746,#13747);
#11258=AXIS2_PLACEMENT_3D('',#16848,#13750,#13751);
#11259=AXIS2_PLACEMENT_3D('',#16850,#13752,#13753);
#11260=AXIS2_PLACEMENT_3D('',#16853,#13755,#13756);
#11261=AXIS2_PLACEMENT_3D('',#16854,#13757,#13758);
#11262=AXIS2_PLACEMENT_3D('',#16858,#13760,#13761);
#11263=AXIS2_PLACEMENT_3D('',#16860,#13763,#13764);
#11264=AXIS2_PLACEMENT_3D('',#16863,#13766,#13767);
#11265=AXIS2_PLACEMENT_3D('',#16864,#13768,#13769);
#11266=AXIS2_PLACEMENT_3D('',#16868,#13772,#13773);
#11267=AXIS2_PLACEMENT_3D('',#16870,#13774,#13775);
#11268=AXIS2_PLACEMENT_3D('',#16872,#13777,#13778);
#11269=AXIS2_PLACEMENT_3D('',#16873,#13779,#13780);
#11270=AXIS2_PLACEMENT_3D('',#16874,#13781,#13782);
#11271=AXIS2_PLACEMENT_3D('',#16881,#13785,#13786);
#11272=AXIS2_PLACEMENT_3D('',#16882,#13787,#13788);
#11273=AXIS2_PLACEMENT_3D('',#16883,#13789,#13790);
#11274=AXIS2_PLACEMENT_3D('',#16889,#13794,#13795);
#11275=AXIS2_PLACEMENT_3D('',#16893,#13797,#13798);
#11276=AXIS2_PLACEMENT_3D('',#16896,#13800,#13801);
#11277=AXIS2_PLACEMENT_3D('',#16897,#13802,#13803);
#11278=AXIS2_PLACEMENT_3D('',#16901,#13805,#13806);
#11279=AXIS2_PLACEMENT_3D('',#16903,#13808,#13809);
#11280=AXIS2_PLACEMENT_3D('',#16906,#13810,#13811);
#11281=AXIS2_PLACEMENT_3D('',#16907,#13812,#13813);
#11282=AXIS2_PLACEMENT_3D('',#16908,#13814,#13815);
#11283=AXIS2_PLACEMENT_3D('',#16913,#13818,#13819);
#11284=AXIS2_PLACEMENT_3D('',#16914,#13820,#13821);
#11285=AXIS2_PLACEMENT_3D('',#16916,#13822,#13823);
#11286=AXIS2_PLACEMENT_3D('',#16918,#13825,#13826);
#11287=AXIS2_PLACEMENT_3D('',#16920,#13828,#13829);
#11288=AXIS2_PLACEMENT_3D('',#16922,#13831,#13832);
#11289=AXIS2_PLACEMENT_3D('',#16926,#13835,#13836);
#11290=AXIS2_PLACEMENT_3D('',#16930,#13839,#13840);
#11291=AXIS2_PLACEMENT_3D('',#16932,#13842,#13843);
#11292=AXIS2_PLACEMENT_3D('',#16934,#13844,#13845);
#11293=AXIS2_PLACEMENT_3D('',#16936,#13847,#13848);
#11294=AXIS2_PLACEMENT_3D('',#16938,#13849,#13850);
#11295=AXIS2_PLACEMENT_3D('',#16941,#13853,#13854);
#11296=AXIS2_PLACEMENT_3D('',#16945,#13857,#13858);
#11297=AXIS2_PLACEMENT_3D('',#16948,#13861,#13862);
#11298=AXIS2_PLACEMENT_3D('',#16962,#13869,#13870);
#11299=AXIS2_PLACEMENT_3D('',#16963,#13871,#13872);
#11300=AXIS2_PLACEMENT_3D('',#16964,#13873,#13874);
#11301=AXIS2_PLACEMENT_3D('',#16965,#13875,#13876);
#11302=AXIS2_PLACEMENT_3D('',#16966,#13877,#13878);
#11303=AXIS2_PLACEMENT_3D('',#16968,#13879,#13880);
#11304=AXIS2_PLACEMENT_3D('',#16970,#13881,#13882);
#11305=AXIS2_PLACEMENT_3D('',#16972,#13884,#13885);
#11306=AXIS2_PLACEMENT_3D('',#16975,#13886,#13887);
#11307=AXIS2_PLACEMENT_3D('',#16979,#13889,#13890);
#11308=AXIS2_PLACEMENT_3D('',#16981,#13892,#13893);
#11309=AXIS2_PLACEMENT_3D('',#16985,#13896,#13897);
#11310=AXIS2_PLACEMENT_3D('',#16987,#13899,#13900);
#11311=AXIS2_PLACEMENT_3D('',#16990,#13901,#13902);
#11312=AXIS2_PLACEMENT_3D('',#16994,#13904,#13905);
#11313=AXIS2_PLACEMENT_3D('',#16996,#13907,#13908);
#11314=AXIS2_PLACEMENT_3D('',#17000,#13910,#13911);
#11315=AXIS2_PLACEMENT_3D('',#17001,#13912,#13913);
#11316=AXIS2_PLACEMENT_3D('',#17002,#13914,#13915);
#11317=AXIS2_PLACEMENT_3D('',#17005,#13918,#13919);
#11318=AXIS2_PLACEMENT_3D('',#17010,#13921,#13922);
#11319=AXIS2_PLACEMENT_3D('',#17013,#13924,#13925);
#11320=AXIS2_PLACEMENT_3D('',#17014,#13926,#13927);
#11321=AXIS2_PLACEMENT_3D('',#17020,#13931,#13932);
#11322=AXIS2_PLACEMENT_3D('',#17022,#13933,#13934);
#11323=AXIS2_PLACEMENT_3D('',#17025,#13936,#13937);
#11324=AXIS2_PLACEMENT_3D('',#17026,#13938,#13939);
#11325=AXIS2_PLACEMENT_3D('',#17032,#13943,#13944);
#11326=AXIS2_PLACEMENT_3D('',#17034,#13945,#13946);
#11327=AXIS2_PLACEMENT_3D('',#17037,#13948,#13949);
#11328=AXIS2_PLACEMENT_3D('',#17038,#13950,#13951);
#11329=AXIS2_PLACEMENT_3D('',#17044,#13955,#13956);
#11330=AXIS2_PLACEMENT_3D('',#17046,#13957,#13958);
#11331=AXIS2_PLACEMENT_3D('',#17049,#13960,#13961);
#11332=AXIS2_PLACEMENT_3D('',#17050,#13962,#13963);
#11333=AXIS2_PLACEMENT_3D('',#17055,#13967,#13968);
#11334=AXIS2_PLACEMENT_3D('',#17059,#13970,#13971);
#11335=AXIS2_PLACEMENT_3D('',#17061,#13973,#13974);
#11336=AXIS2_PLACEMENT_3D('',#17067,#13978,#13979);
#11337=AXIS2_PLACEMENT_3D('',#17069,#13981,#13982);
#11338=AXIS2_PLACEMENT_3D('',#17071,#13984,#13985);
#11339=AXIS2_PLACEMENT_3D('',#17075,#13988,#13989);
#11340=AXIS2_PLACEMENT_3D('',#17079,#13992,#13993);
#11341=AXIS2_PLACEMENT_3D('',#17081,#13995,#13996);
#11342=AXIS2_PLACEMENT_3D('',#17088,#14000,#14001);
#11343=AXIS2_PLACEMENT_3D('',#17090,#14002,#14003);
#11344=AXIS2_PLACEMENT_3D('',#17093,#14005,#14006);
#11345=AXIS2_PLACEMENT_3D('',#17094,#14007,#14008);
#11346=AXIS2_PLACEMENT_3D('',#17096,#14009,#14010);
#11347=AXIS2_PLACEMENT_3D('',#17098,#14011,#14012);
#11348=AXIS2_PLACEMENT_3D('',#17100,#14014,#14015);
#11349=AXIS2_PLACEMENT_3D('',#17106,#14019,#14020);
#11350=AXIS2_PLACEMENT_3D('',#17108,#14021,#14022);
#11351=AXIS2_PLACEMENT_3D('',#17109,#14023,#14024);
#11352=AXIS2_PLACEMENT_3D('',#17110,#14025,#14026);
#11353=AXIS2_PLACEMENT_3D('',#17111,#14027,#14028);
#11354=AXIS2_PLACEMENT_3D('',#17118,#14032,#14033);
#11355=AXIS2_PLACEMENT_3D('',#17123,#14037,#14038);
#11356=AXIS2_PLACEMENT_3D('',#17129,#14042,#14043);
#11357=AXIS2_PLACEMENT_3D('',#17131,#14045,#14046);
#11358=AXIS2_PLACEMENT_3D('',#17137,#14050,#14051);
#11359=AXIS2_PLACEMENT_3D('',#17141,#14054,#14055);
#11360=AXIS2_PLACEMENT_3D('',#17143,#14057,#14058);
#11361=AXIS2_PLACEMENT_3D('',#17146,#14059,#14060);
#11362=AXIS2_PLACEMENT_3D('',#17149,#14063,#14064);
#11363=AXIS2_PLACEMENT_3D('',#17153,#14067,#14068);
#11364=AXIS2_PLACEMENT_3D('',#17155,#14069,#14070);
#11365=AXIS2_PLACEMENT_3D('',#17157,#14072,#14073);
#11366=AXIS2_PLACEMENT_3D('',#17168,#14079,#14080);
#11367=AXIS2_PLACEMENT_3D('',#17169,#14081,#14082);
#11368=AXIS2_PLACEMENT_3D('',#17175,#14086,#14087);
#11369=AXIS2_PLACEMENT_3D('',#17177,#14089,#14090);
#11370=AXIS2_PLACEMENT_3D('',#17181,#14093,#14094);
#11371=AXIS2_PLACEMENT_3D('',#17188,#14099,#14100);
#11372=AXIS2_PLACEMENT_3D('',#17192,#14103,#14104);
#11373=AXIS2_PLACEMENT_3D('',#17196,#14106,#14107);
#11374=AXIS2_PLACEMENT_3D('',#17198,#14109,#14110);
#11375=AXIS2_PLACEMENT_3D('',#17202,#14113,#14114);
#11376=AXIS2_PLACEMENT_3D('',#17206,#14117,#14118);
#11377=AXIS2_PLACEMENT_3D('',#17230,#14121,#14122);
#11378=AXIS2_PLACEMENT_3D('',#17236,#14125,#14126);
#11379=AXIS2_PLACEMENT_3D('',#17238,#14128,#14129);
#11380=AXIS2_PLACEMENT_3D('',#17250,#14135,#14136);
#11381=AXIS2_PLACEMENT_3D('',#17254,#14138,#14139);
#11382=AXIS2_PLACEMENT_3D('',#17258,#14142,#14143);
#11383=AXIS2_PLACEMENT_3D('',#17260,#14144,#14145);
#11384=AXIS2_PLACEMENT_3D('',#17275,#14147,#14148);
#11385=AXIS2_PLACEMENT_3D('',#17277,#14149,#14150);
#11386=AXIS2_PLACEMENT_3D('',#17293,#14152,#14153);
#11387=AXIS2_PLACEMENT_3D('',#17294,#14154,#14155);
#11388=AXIS2_PLACEMENT_3D('',#17299,#14158,#14159);
#11389=AXIS2_PLACEMENT_3D('',#17305,#14163,#14164);
#11390=AXIS2_PLACEMENT_3D('',#17307,#14165,#14166);
#11391=AXIS2_PLACEMENT_3D('',#17309,#14168,#14169);
#11392=AXIS2_PLACEMENT_3D('',#17313,#14172,#14173);
#11393=AXIS2_PLACEMENT_3D('',#17316,#14175,#14176);
#11394=AXIS2_PLACEMENT_3D('',#17317,#14177,#14178);
#11395=AXIS2_PLACEMENT_3D('',#17320,#14180,#14181);
#11396=AXIS2_PLACEMENT_3D('',#17321,#14182,#14183);
#11397=AXIS2_PLACEMENT_3D('',#17327,#14187,#14188);
#11398=AXIS2_PLACEMENT_3D('',#17331,#14191,#14192);
#11399=AXIS2_PLACEMENT_3D('',#17335,#14195,#14196);
#11400=AXIS2_PLACEMENT_3D('',#17339,#14199,#14200);
#11401=AXIS2_PLACEMENT_3D('',#17342,#14202,#14203);
#11402=AXIS2_PLACEMENT_3D('',#17343,#14204,#14205);
#11403=AXIS2_PLACEMENT_3D('',#17347,#14208,#14209);
#11404=AXIS2_PLACEMENT_3D('',#17351,#14212,#14213);
#11405=AXIS2_PLACEMENT_3D('',#17355,#14216,#14217);
#11406=AXIS2_PLACEMENT_3D('',#17359,#14220,#14221);
#11407=AXIS2_PLACEMENT_3D('',#17363,#14224,#14225);
#11408=AXIS2_PLACEMENT_3D('',#17365,#14227,#14228);
#11409=AXIS2_PLACEMENT_3D('',#17375,#14234,#14235);
#11410=AXIS2_PLACEMENT_3D('',#17381,#14238,#14239);
#11411=AXIS2_PLACEMENT_3D('',#17383,#14241,#14242);
#11412=AXIS2_PLACEMENT_3D('',#17388,#14246,#14247);
#11413=AXIS2_PLACEMENT_3D('',#17390,#14248,#14249);
#11414=AXIS2_PLACEMENT_3D('',#17392,#14250,#14251);
#11415=AXIS2_PLACEMENT_3D('',#17394,#14253,#14254);
#11416=AXIS2_PLACEMENT_3D('',#17398,#14257,#14258);
#11417=AXIS2_PLACEMENT_3D('',#17400,#14259,#14260);
#11418=AXIS2_PLACEMENT_3D('',#17402,#14262,#14263);
#11419=AXIS2_PLACEMENT_3D('',#17406,#14266,#14267);
#11420=AXIS2_PLACEMENT_3D('',#17410,#14270,#14271);
#11421=AXIS2_PLACEMENT_3D('',#17414,#14274,#14275);
#11422=AXIS2_PLACEMENT_3D('',#17416,#14277,#14278);
#11423=AXIS2_PLACEMENT_3D('',#17420,#14281,#14282);
#11424=AXIS2_PLACEMENT_3D('',#17424,#14285,#14286);
#11425=AXIS2_PLACEMENT_3D('',#17431,#14288,#14289);
#11426=AXIS2_PLACEMENT_3D('',#17436,#14290,#14291);
#11427=AXIS2_PLACEMENT_3D('',#17437,#14292,#14293);
#11428=AXIS2_PLACEMENT_3D('',#17441,#14296,#14297);
#11429=AXIS2_PLACEMENT_3D('',#17444,#14299,#14300);
#11430=AXIS2_PLACEMENT_3D('',#17445,#14301,#14302);
#11431=AXIS2_PLACEMENT_3D('',#17451,#14304,#14305);
#11432=AXIS2_PLACEMENT_3D('',#17453,#14306,#14307);
#11433=AXIS2_PLACEMENT_3D('',#17458,#14308,#14309);
#11434=AXIS2_PLACEMENT_3D('',#17462,#14312,#14313);
#11435=AXIS2_PLACEMENT_3D('',#17466,#14316,#14317);
#11436=AXIS2_PLACEMENT_3D('',#17468,#14319,#14320);
#11437=AXIS2_PLACEMENT_3D('',#17472,#14323,#14324);
#11438=AXIS2_PLACEMENT_3D('',#17476,#14327,#14328);
#11439=AXIS2_PLACEMENT_3D('',#17480,#14331,#14332);
#11440=AXIS2_PLACEMENT_3D('',#17484,#14335,#14336);
#11441=AXIS2_PLACEMENT_3D('',#17487,#14338,#14339);
#11442=AXIS2_PLACEMENT_3D('',#17488,#14340,#14341);
#11443=AXIS2_PLACEMENT_3D('',#17490,#14343,#14344);
#11444=AXIS2_PLACEMENT_3D('',#17491,#14345,#14346);
#11445=AXIS2_PLACEMENT_3D('',#17492,#14347,#14348);
#11446=AXIS2_PLACEMENT_3D('',#17493,#14349,#14350);
#11447=DIRECTION('axis',(0.,0.,1.));
#11448=DIRECTION('refdir',(1.,0.,0.));
#11449=DIRECTION('axis',(0.,0.,1.));
#11450=DIRECTION('refdir',(1.,0.,0.));
#11451=DIRECTION('axis',(0.,0.,1.));
#11452=DIRECTION('refdir',(1.,0.,0.));
#11453=DIRECTION('center_axis',(0.,0.,1.));
#11454=DIRECTION('ref_axis',(1.,0.,0.));
#11455=DIRECTION('',(-1.,0.,0.));
#11456=DIRECTION('',(0.,-1.,0.));
#11457=DIRECTION('center_axis',(0.,1.51604541074172E-20,-1.));
#11458=DIRECTION('ref_axis',(0.,1.,1.51604541074172E-20));
#11459=DIRECTION('center_axis',(0.,-1.51604541074172E-20,1.));
#11460=DIRECTION('ref_axis',(0.,1.,1.51604541074172E-20));
#11461=DIRECTION('',(0.,-1.,0.));
#11462=DIRECTION('',(1.,0.,0.));
#11463=DIRECTION('',(0.,1.,0.));
#11464=DIRECTION('center_axis',(1.,0.,0.));
#11465=DIRECTION('ref_axis',(0.,0.,-1.));
#11466=DIRECTION('',(0.,0.,-1.));
#11467=DIRECTION('',(0.,0.,1.));
#11468=DIRECTION('',(0.,1.,0.));
#11469=DIRECTION('center_axis',(0.,-1.,-1.51604541074172E-20));
#11470=DIRECTION('ref_axis',(0.,1.51604541074172E-20,-1.));
#11471=DIRECTION('',(0.,-1.51604541074172E-20,1.));
#11472=DIRECTION('',(1.,0.,0.));
#11473=DIRECTION('center_axis',(-1.,0.,0.));
#11474=DIRECTION('ref_axis',(0.,0.,1.));
#11475=DIRECTION('',(0.,-1.,0.));
#11476=DIRECTION('center_axis',(-1.,0.,0.));
#11477=DIRECTION('ref_axis',(0.,0.,1.));
#11478=DIRECTION('',(0.,-3.49149852156349E-15,1.));
#11479=DIRECTION('center_axis',(-1.,0.,0.));
#11480=DIRECTION('ref_axis',(0.,-8.67361737988404E-16,-1.));
#11481=DIRECTION('',(0.,1.,0.));
#11482=DIRECTION('',(0.,0.,1.));
#11483=DIRECTION('',(0.,1.,0.));
#11484=DIRECTION('center_axis',(1.,0.,0.));
#11485=DIRECTION('ref_axis',(0.,0.,-1.));
#11486=DIRECTION('',(0.,0.,1.));
#11487=DIRECTION('center_axis',(1.,0.,0.));
#11488=DIRECTION('ref_axis',(0.,0.,1.));
#11489=DIRECTION('center_axis',(-1.,0.,0.));
#11490=DIRECTION('ref_axis',(0.,0.,1.));
#11491=DIRECTION('center_axis',(1.,0.,0.));
#11492=DIRECTION('ref_axis',(0.,0.,1.));
#11493=DIRECTION('',(-1.,0.,0.));
#11494=DIRECTION('center_axis',(1.,0.,0.));
#11495=DIRECTION('ref_axis',(0.,0.,-1.));
#11496=DIRECTION('',(0.,0.,1.));
#11497=DIRECTION('',(0.,1.,0.));
#11498=DIRECTION('center_axis',(1.,0.,0.));
#11499=DIRECTION('ref_axis',(0.,0.,1.));
#11500=DIRECTION('',(0.,0.,-1.));
#11501=DIRECTION('',(0.,-1.,0.));
#11502=DIRECTION('',(0.,3.49149852156349E-15,-1.));
#11503=DIRECTION('center_axis',(0.,1.51604541074172E-20,-1.));
#11504=DIRECTION('ref_axis',(0.,1.,1.51604541074172E-20));
#11505=DIRECTION('',(0.,1.51604541074172E-20,-1.));
#11506=DIRECTION('center_axis',(0.,-1.51604541074172E-20,1.));
#11507=DIRECTION('ref_axis',(0.,1.,1.51604541074172E-20));
#11508=DIRECTION('center_axis',(0.,1.51604541074172E-20,-1.));
#11509=DIRECTION('ref_axis',(0.,1.,1.51604541074172E-20));
#11510=DIRECTION('center_axis',(0.,-1.51604541074172E-20,1.));
#11511=DIRECTION('ref_axis',(-4.33680868994202E-15,1.,1.51604541074172E-20));
#11512=DIRECTION('center_axis',(0.,0.,1.));
#11513=DIRECTION('ref_axis',(1.,0.,0.));
#11514=DIRECTION('',(1.,0.,0.));
#11515=DIRECTION('center_axis',(0.,-1.,-3.49149852156349E-15));
#11516=DIRECTION('ref_axis',(0.,3.49149852156349E-15,-1.));
#11517=DIRECTION('',(-0.707106781186551,2.43147590507913E-15,-0.707106781186544));
#11518=DIRECTION('center_axis',(0.,1.,3.49148336110938E-15));
#11519=DIRECTION('ref_axis',(0.,-3.49148336110938E-15,1.));
#11520=DIRECTION('',(0.,3.49149852156349E-15,-1.));
#11521=DIRECTION('',(-1.,0.,0.));
#11522=DIRECTION('center_axis',(-1.,0.,0.));
#11523=DIRECTION('ref_axis',(0.,0.,1.));
#11524=DIRECTION('',(-1.,0.,0.));
#11525=DIRECTION('center_axis',(0.707106781186544,2.46885156104046E-15,
-0.707106781186551));
#11526=DIRECTION('ref_axis',(-0.707106781186551,0.,-0.707106781186544));
#11527=DIRECTION('',(-0.707106781186551,0.,-0.707106781186544));
#11528=DIRECTION('',(1.74574168055469E-15,-1.,-1.74574168055471E-15));
#11529=DIRECTION('center_axis',(0.,1.,3.49148336110938E-15));
#11530=DIRECTION('ref_axis',(0.,-3.49148336110938E-15,1.));
#11531=DIRECTION('center_axis',(0.,1.,3.49148336110938E-15));
#11532=DIRECTION('ref_axis',(0.,-3.49148336110938E-15,1.));
#11533=DIRECTION('',(0.,-1.,-3.49148336110938E-15));
#11534=DIRECTION('center_axis',(1.,0.,0.));
#11535=DIRECTION('ref_axis',(0.,0.,-1.));
#11536=DIRECTION('',(0.,0.,-1.));
#11537=DIRECTION('center_axis',(1.,0.,0.));
#11538=DIRECTION('ref_axis',(0.,0.,-1.));
#11539=DIRECTION('',(0.,-1.,0.));
#11540=DIRECTION('',(0.,0.,-1.));
#11541=DIRECTION('',(0.,-1.,0.));
#11542=DIRECTION('center_axis',(1.,0.,0.));
#11543=DIRECTION('ref_axis',(0.,0.,-1.));
#11544=DIRECTION('center_axis',(1.,0.,0.));
#11545=DIRECTION('ref_axis',(0.,0.,-1.));
#11546=DIRECTION('',(1.,0.,0.));
#11547=DIRECTION('center_axis',(0.,-1.,-3.49149852156349E-15));
#11548=DIRECTION('ref_axis',(0.,3.49149852156349E-15,-1.));
#11549=DIRECTION('',(-1.,0.,0.));
#11550=DIRECTION('center_axis',(0.,0.,1.));
#11551=DIRECTION('ref_axis',(1.,0.,0.));
#11552=DIRECTION('center_axis',(0.,0.,-1.));
#11553=DIRECTION('ref_axis',(1.,-1.0842021724855E-15,0.));
#11554=DIRECTION('',(-1.,0.,0.));
#11555=DIRECTION('',(0.,-1.,0.));
#11556=DIRECTION('',(0.707106781186549,0.707106781186546,0.));
#11557=DIRECTION('center_axis',(0.,0.,1.));
#11558=DIRECTION('ref_axis',(-1.,0.,0.));
#11559=DIRECTION('',(0.,1.,0.));
#11560=DIRECTION('center_axis',(0.,0.,-1.));
#11561=DIRECTION('ref_axis',(1.,0.,0.));
#11562=DIRECTION('',(0.707106781186546,0.707106781186549,0.));
#11563=DIRECTION('center_axis',(0.,0.,-1.));
#11564=DIRECTION('ref_axis',(-1.,0.,0.));
#11565=DIRECTION('',(1.,0.,0.));
#11566=DIRECTION('center_axis',(0.,0.,1.));
#11567=DIRECTION('ref_axis',(1.,0.,0.));
#11568=DIRECTION('',(0.,1.,0.));
#11569=DIRECTION('center_axis',(0.,0.,-1.));
#11570=DIRECTION('ref_axis',(1.,1.08420217248551E-15,0.));
#11571=DIRECTION('center_axis',(0.,0.,1.));
#11572=DIRECTION('ref_axis',(1.,0.,0.));
#11573=DIRECTION('center_axis',(1.,0.,0.));
#11574=DIRECTION('ref_axis',(0.,0.,-1.));
#11575=DIRECTION('',(-1.,0.,0.));
#11576=DIRECTION('center_axis',(0.,-1.,0.));
#11577=DIRECTION('ref_axis',(0.,0.,-1.));
#11578=DIRECTION('',(0.,0.,-1.));
#11579=DIRECTION('',(0.,0.,1.));
#11580=DIRECTION('',(-1.,0.,0.));
#11581=DIRECTION('center_axis',(0.,0.,1.));
#11582=DIRECTION('ref_axis',(1.,0.,0.));
#11583=DIRECTION('center_axis',(0.,0.,-1.));
#11584=DIRECTION('ref_axis',(1.,-1.0842021724855E-15,0.));
#11585=DIRECTION('center_axis',(0.,0.,1.));
#11586=DIRECTION('ref_axis',(1.,0.,0.));
#11587=DIRECTION('center_axis',(0.,0.,1.));
#11588=DIRECTION('ref_axis',(1.,0.,0.));
#11589=DIRECTION('',(0.,0.,-1.));
#11590=DIRECTION('center_axis',(0.,0.,1.));
#11591=DIRECTION('ref_axis',(1.,0.,0.));
#11592=DIRECTION('',(0.,0.,1.));
#11593=DIRECTION('center_axis',(0.,0.,-1.));
#11594=DIRECTION('ref_axis',(1.,1.08420217248551E-15,0.));
#11595=DIRECTION('center_axis',(1.,0.,0.));
#11596=DIRECTION('ref_axis',(0.,0.,-1.));
#11597=DIRECTION('',(0.,1.,0.));
#11598=DIRECTION('',(0.,0.,-1.));
#11599=DIRECTION('center_axis',(0.,0.,1.));
#11600=DIRECTION('ref_axis',(1.,0.,0.));
#11601=DIRECTION('',(0.,0.,-1.));
#11602=DIRECTION('center_axis',(0.,0.,1.));
#11603=DIRECTION('ref_axis',(1.,0.,0.));
#11604=DIRECTION('center_axis',(0.,-1.,0.));
#11605=DIRECTION('ref_axis',(0.,0.,-1.));
#11606=DIRECTION('',(1.,0.,0.));
#11607=DIRECTION('',(0.,0.,-1.));
#11608=DIRECTION('center_axis',(0.,0.,-1.));
#11609=DIRECTION('ref_axis',(-1.,0.,0.));
#11610=DIRECTION('',(0.,0.,1.));
#11611=DIRECTION('center_axis',(0.,0.,-1.));
#11612=DIRECTION('ref_axis',(-1.,0.,0.));
#11613=DIRECTION('center_axis',(0.707106781186549,-0.707106781186546,0.));
#11614=DIRECTION('ref_axis',(0.707106781186546,0.707106781186549,0.));
#11615=DIRECTION('',(0.707106781186546,0.707106781186549,0.));
#11616=DIRECTION('',(0.,0.,-1.));
#11617=DIRECTION('center_axis',(0.,0.,1.));
#11618=DIRECTION('ref_axis',(1.,0.,0.));
#11619=DIRECTION('',(0.,0.,1.));
#11620=DIRECTION('center_axis',(0.,0.,-1.));
#11621=DIRECTION('ref_axis',(1.,0.,0.));
#11622=DIRECTION('center_axis',(-1.,0.,0.));
#11623=DIRECTION('ref_axis',(0.,0.,1.));
#11624=DIRECTION('',(0.,0.,1.));
#11625=DIRECTION('',(0.,1.,0.));
#11626=DIRECTION('center_axis',(0.,0.,-1.));
#11627=DIRECTION('ref_axis',(-1.,0.,0.));
#11628=DIRECTION('center_axis',(0.,0.,1.));
#11629=DIRECTION('ref_axis',(-1.,0.,0.));
#11630=DIRECTION('',(0.,0.,-1.));
#11631=DIRECTION('center_axis',(-0.707106781186547,0.707106781186548,0.));
#11632=DIRECTION('ref_axis',(-0.707106781186548,-0.707106781186547,0.));
#11633=DIRECTION('',(0.707106781186548,0.707106781186548,0.));
#11634=DIRECTION('',(0.,0.,1.));
#11635=DIRECTION('center_axis',(1.,-1.23908819712629E-16,-1.73472347597681E-18));
#11636=DIRECTION('ref_axis',(1.23908819712629E-16,1.,0.));
#11637=DIRECTION('',(1.23908819712629E-16,1.,0.));
#11638=DIRECTION('center_axis',(0.,0.,1.));
#11639=DIRECTION('ref_axis',(1.,0.,0.));
#11640=DIRECTION('axis',(0.,0.,1.));
#11641=DIRECTION('refdir',(1.,0.,0.));
#11642=DIRECTION('center_axis',(1.73472347597681E-18,-3.34360398490639E-19,
-1.));
#11643=DIRECTION('ref_axis',(-1.,0.,-1.73472347597681E-18));
#11644=DIRECTION('',(-5.80022832698672E-37,-1.,3.34360398490639E-19));
#11645=DIRECTION('',(-1.,0.,-1.73472347597681E-18));
#11646=DIRECTION('',(5.80022832698672E-37,1.,-3.34360398490639E-19));
#11647=DIRECTION('',(1.,0.,1.73472347597681E-18));
#11648=DIRECTION('center_axis',(0.,-1.,0.));
#11649=DIRECTION('ref_axis',(0.,0.,-1.));
#11650=DIRECTION('',(0.,0.,-1.));
#11651=DIRECTION('',(0.,0.,1.));
#11652=DIRECTION('',(1.,0.,0.));
#11653=DIRECTION('center_axis',(1.,0.,0.));
#11654=DIRECTION('ref_axis',(0.,0.,-1.));
#11655=DIRECTION('',(0.,0.,1.));
#11656=DIRECTION('center_axis',(1.,0.,0.));
#11657=DIRECTION('ref_axis',(0.,1.,4.25007251614341E-14));
#11658=DIRECTION('',(0.,1.,0.));
#11659=DIRECTION('center_axis',(1.,0.,0.));
#11660=DIRECTION('ref_axis',(0.,5.55111512312602E-14,-1.));
#11661=DIRECTION('center_axis',(0.,1.,0.));
#11662=DIRECTION('ref_axis',(0.,0.,1.));
#11663=DIRECTION('',(0.,0.,1.));
#11664=DIRECTION('',(-1.,0.,0.));
#11665=DIRECTION('center_axis',(1.,6.67201336914156E-17,0.));
#11666=DIRECTION('ref_axis',(-6.67201336914156E-17,1.,0.));
#11667=DIRECTION('center_axis',(1.,-1.9626155733546E-14,-4.73817313491749E-14));
#11668=DIRECTION('ref_axis',(-4.85722573273526E-14,5.55111512312602E-14,
-1.));
#11669=DIRECTION('',(-6.67201336914157E-17,1.,0.));
#11670=DIRECTION('center_axis',(1.,0.,0.));
#11671=DIRECTION('ref_axis',(0.,1.,4.25007251614341E-14));
#11672=DIRECTION('center_axis',(1.,0.,0.));
#11673=DIRECTION('ref_axis',(0.,0.,-1.));
#11674=DIRECTION('',(1.,0.,0.));
#11675=DIRECTION('center_axis',(1.,0.,0.));
#11676=DIRECTION('ref_axis',(0.,0.,-1.));
#11677=DIRECTION('',(-1.,0.,0.));
#11678=DIRECTION('center_axis',(0.,0.,-1.));
#11679=DIRECTION('ref_axis',(-1.,0.,0.));
#11680=DIRECTION('center_axis',(1.73472347597681E-18,-3.34360398490639E-19,
-1.));
#11681=DIRECTION('ref_axis',(-1.,0.,-1.73472347597681E-18));
#11682=DIRECTION('',(5.80022832698672E-37,1.,-3.34360398490639E-19));
#11683=DIRECTION('',(1.,0.,1.73472347597681E-18));
#11684=DIRECTION('',(-5.80022832698672E-37,-1.,3.34360398490639E-19));
#11685=DIRECTION('',(-1.,0.,-1.73472347597681E-18));
#11686=DIRECTION('center_axis',(0.,1.,0.));
#11687=DIRECTION('ref_axis',(0.,0.,1.));
#11688=DIRECTION('',(0.,0.,-1.));
#11689=DIRECTION('',(0.,0.,1.));
#11690=DIRECTION('',(-1.,0.,0.));
#11691=DIRECTION('center_axis',(-1.,0.,0.));
#11692=DIRECTION('ref_axis',(0.,0.,1.));
#11693=DIRECTION('',(0.,0.,1.));
#11694=DIRECTION('center_axis',(-1.,0.,0.));
#11695=DIRECTION('ref_axis',(0.,-1.,4.25007251614341E-14));
#11696=DIRECTION('',(0.,-1.,0.));
#11697=DIRECTION('center_axis',(-1.,0.,0.));
#11698=DIRECTION('ref_axis',(0.,-5.55111512312602E-14,-1.));
#11699=DIRECTION('center_axis',(0.,-1.,0.));
#11700=DIRECTION('ref_axis',(0.,0.,-1.));
#11701=DIRECTION('',(0.,0.,1.));
#11702=DIRECTION('',(1.,0.,0.));
#11703=DIRECTION('center_axis',(-1.,-6.67201336914156E-17,0.));
#11704=DIRECTION('ref_axis',(6.67201336914156E-17,-1.,0.));
#11705=DIRECTION('center_axis',(-1.,0.,0.));
#11706=DIRECTION('ref_axis',(0.,-5.55111512312602E-14,-1.));
#11707=DIRECTION('',(6.67201336914157E-17,-1.,0.));
#11708=DIRECTION('center_axis',(-1.,0.,0.));
#11709=DIRECTION('ref_axis',(0.,-1.,4.25007251614341E-14));
#11710=DIRECTION('center_axis',(1.,0.,0.));
#11711=DIRECTION('ref_axis',(0.,0.,-1.));
#11712=DIRECTION('',(-1.,0.,0.));
#11713=DIRECTION('center_axis',(1.,0.,0.));
#11714=DIRECTION('ref_axis',(0.,0.,-1.));
#11715=DIRECTION('',(1.,0.,0.));
#11716=DIRECTION('center_axis',(0.,0.,-1.));
#11717=DIRECTION('ref_axis',(-1.,0.,0.));
#11718=DIRECTION('center_axis',(0.,0.,1.));
#11719=DIRECTION('ref_axis',(1.,0.,0.));
#11720=DIRECTION('center_axis',(0.,0.,-1.));
#11721=DIRECTION('ref_axis',(0.548387096774198,-0.836224606246173,0.));
#11722=DIRECTION('center_axis',(0.,0.,1.));
#11723=DIRECTION('ref_axis',(0.548387096774196,-0.836224606246174,0.));
#11724=DIRECTION('',(0.,0.,1.));
#11725=DIRECTION('center_axis',(0.,0.,-1.));
#11726=DIRECTION('ref_axis',(-1.,0.,0.));
#11727=DIRECTION('center_axis',(0.,0.,1.));
#11728=DIRECTION('ref_axis',(0.548387096774196,-0.836224606246174,0.));
#11729=DIRECTION('center_axis',(0.,0.,1.));
#11730=DIRECTION('ref_axis',(1.,0.,0.));
#11731=DIRECTION('center_axis',(0.,0.,1.));
#11732=DIRECTION('ref_axis',(1.,3.58136459556503E-15,0.));
#11733=DIRECTION('center_axis',(0.,0.,-1.));
#11734=DIRECTION('ref_axis',(-1.,0.,0.));
#11735=DIRECTION('',(0.,0.,1.));
#11736=DIRECTION('center_axis',(0.,8.95341148891254E-16,-1.));
#11737=DIRECTION('ref_axis',(-1.,0.,0.));
#11738=DIRECTION('center_axis',(0.,0.,-1.));
#11739=DIRECTION('ref_axis',(-1.,0.,0.));
#11740=DIRECTION('center_axis',(0.,0.,-1.));
#11741=DIRECTION('ref_axis',(-1.,0.,0.));
#11742=DIRECTION('center_axis',(4.30890955104902E-11,2.20079243749623E-11,
1.));
#11743=DIRECTION('ref_axis',(-1.,-1.65002111593002E-12,4.30890955106064E-11));
#11744=DIRECTION('center_axis',(0.,0.,1.));
#11745=DIRECTION('ref_axis',(-1.,2.990902544837E-15,0.));
#11746=DIRECTION('',(-0.0747899482416342,9.15912707225136E-18,0.997199309888457));
#11747=DIRECTION('center_axis',(0.,0.,-1.));
#11748=DIRECTION('ref_axis',(-1.,0.,0.));
#11749=DIRECTION('center_axis',(0.,0.,1.));
#11750=DIRECTION('ref_axis',(-1.,2.990902544837E-15,0.));
#11751=DIRECTION('center_axis',(0.,0.,1.));
#11752=DIRECTION('ref_axis',(1.,0.,0.));
#11753=DIRECTION('center_axis',(0.,0.,-1.));
#11754=DIRECTION('ref_axis',(0.586206896551719,-0.810161387894537,0.));
#11755=DIRECTION('',(0.,0.,1.));
#11756=DIRECTION('',(0.,0.,-1.));
#11757=DIRECTION('center_axis',(0.,0.,-1.));
#11758=DIRECTION('ref_axis',(-1.,0.,0.));
#11759=DIRECTION('center_axis',(0.,0.,-1.));
#11760=DIRECTION('ref_axis',(1.,0.,0.));
#11761=DIRECTION('center_axis',(-4.70413937692657E-11,2.40265761975906E-11,
1.));
#11762=DIRECTION('ref_axis',(-0.586206896550266,0.810161387895588,-4.7041393769404E-11));
#11763=DIRECTION('',(-0.0747899482416342,9.15912707225136E-18,0.997199309888456));
#11764=DIRECTION('center_axis',(0.,0.,-1.));
#11765=DIRECTION('ref_axis',(1.,0.,0.));
#11766=DIRECTION('center_axis',(-4.70413937692657E-11,2.40265761975906E-11,
1.));
#11767=DIRECTION('ref_axis',(-0.586206896550266,0.810161387895588,-4.7041393769404E-11));
#11768=DIRECTION('center_axis',(0.,0.,-1.));
#11769=DIRECTION('ref_axis',(-1.,0.,0.));
#11770=DIRECTION('',(-0.707106781186548,8.65956056235493E-17,0.707106781186548));
#11771=DIRECTION('center_axis',(-5.14495853473805E-12,-3.08395311177126E-16,
-1.));
#11772=DIRECTION('ref_axis',(1.,0.,-5.14465013945334E-12));
#11773=DIRECTION('center_axis',(0.,0.,-1.));
#11774=DIRECTION('ref_axis',(-1.,0.,0.));
#11775=DIRECTION('',(-0.707106781186547,8.65956056235493E-17,0.707106781186547));
#11776=DIRECTION('center_axis',(5.07865354801082E-12,-2.57897134154873E-23,
-1.));
#11777=DIRECTION('ref_axis',(1.,0.,5.07865354801082E-12));
#11778=DIRECTION('center_axis',(0.,0.,1.));
#11779=DIRECTION('ref_axis',(1.,0.,0.));
#11780=DIRECTION('center_axis',(-1.,0.,0.));
#11781=DIRECTION('ref_axis',(0.,0.,1.));
#11782=DIRECTION('center_axis',(0.0493126693931118,-0.0493126693931087,
-0.997565296747362));
#11783=DIRECTION('ref_axis',(1.66533453693771E-14,-0.998780422748766,0.0493727367460666));
#11784=DIRECTION('center_axis',(0.,1.,0.));
#11785=DIRECTION('ref_axis',(-1.08420217248551E-15,0.,-1.));
#11786=DIRECTION('center_axis',(0.,0.,-1.));
#11787=DIRECTION('ref_axis',(-1.,0.,0.));
#11788=DIRECTION('',(1.,-9.18815400411445E-17,0.));
#11789=DIRECTION('',(0.,1.,0.));
#11790=DIRECTION('',(-1.,0.,0.));
#11791=DIRECTION('',(0.,-1.,0.));
#11792=DIRECTION('center_axis',(0.,0.,1.));
#11793=DIRECTION('ref_axis',(1.,0.,0.));
#11794=DIRECTION('center_axis',(0.,-1.,0.));
#11795=DIRECTION('ref_axis',(0.,0.,-1.));
#11796=DIRECTION('center_axis',(0.0493126693931128,0.0493126693931031,-0.997565296747362));
#11797=DIRECTION('ref_axis',(0.998780422748766,-2.22044604925032E-14,0.0493727367460702));
#11798=DIRECTION('center_axis',(-1.,9.18815400411445E-17,0.));
#11799=DIRECTION('ref_axis',(9.18815400411445E-17,1.,0.));
#11800=DIRECTION('center_axis',(0.,0.,1.));
#11801=DIRECTION('ref_axis',(1.,0.,0.));
#11802=DIRECTION('center_axis',(1.,-9.18815400411445E-17,0.));
#11803=DIRECTION('ref_axis',(9.18815400411445E-17,1.,0.));
#11804=DIRECTION('center_axis',(-0.049312669393106,0.0493126693931054,-0.997565296747362));
#11805=DIRECTION('ref_axis',(-8.32667268468856E-15,0.998780422748766,0.0493727367460638));
#11806=DIRECTION('center_axis',(0.,-1.,0.));
#11807=DIRECTION('ref_axis',(0.,0.,1.));
#11808=DIRECTION('center_axis',(0.,0.,1.));
#11809=DIRECTION('ref_axis',(1.,0.,0.));
#11810=DIRECTION('center_axis',(1.,0.,0.));
#11811=DIRECTION('ref_axis',(0.,0.,1.));
#11812=DIRECTION('center_axis',(0.,1.,0.));
#11813=DIRECTION('ref_axis',(0.,0.,1.));
#11814=DIRECTION('center_axis',(-0.0493126693931146,-0.0493126693931092,
-0.997565296747361));
#11815=DIRECTION('ref_axis',(-0.998780422748766,1.11022302462516E-14,0.0493727367460731));
#11816=DIRECTION('center_axis',(1.,-1.11022302462512E-16,-3.49148133884313E-15));
#11817=DIRECTION('ref_axis',(-3.49148133884313E-15,-9.38501888535346E-32,
-1.));
#11818=DIRECTION('center_axis',(-1.,1.73268085632542E-14,2.287792368638E-14));
#11819=DIRECTION('ref_axis',(-1.66533453693772E-14,-1.,-4.16333634234431E-15));
#11820=DIRECTION('',(1.,0.,-3.49148133884313E-15));
#11821=DIRECTION('center_axis',(-1.,1.96261557335473E-15,4.73817313491763E-15));
#11822=DIRECTION('ref_axis',(-2.77555756156287E-15,-1.,-6.24500451351647E-15));
#11823=DIRECTION('',(-1.,1.11022302462524E-16,0.));
#11824=DIRECTION('center_axis',(1.11022302462524E-16,1.,-3.94430452610506E-31));
#11825=DIRECTION('ref_axis',(-1.,1.11022302462524E-16,0.));
#11826=DIRECTION('',(1.,-1.11022302462512E-16,-3.49148133884313E-15));
#11827=DIRECTION('',(3.49148133884313E-15,0.,1.));
#11828=DIRECTION('',(3.49148133884313E-15,0.,1.));
#11829=DIRECTION('center_axis',(1.,-1.11022302462512E-16,-3.49148133884313E-15));
#11830=DIRECTION('ref_axis',(-3.49148133884313E-15,3.8763229724326E-31,
-1.));
#11831=DIRECTION('center_axis',(-1.,0.,0.));
#11832=DIRECTION('ref_axis',(0.,0.,-1.));
#11833=DIRECTION('center_axis',(-1.,1.08173653259913E-13,-1.7554167342885E-14));
#11834=DIRECTION('ref_axis',(1.7554167342885E-14,0.,-1.));
#11835=DIRECTION('',(-1.,-1.58560236300808E-15,1.18920177225606E-15));
#11836=DIRECTION('center_axis',(-1.9820029537601E-15,0.8,-0.6));
#11837=DIRECTION('ref_axis',(0.,0.6,0.8));
#11838=DIRECTION('',(1.,-1.11022302462512E-16,-3.49148133884313E-15));
#11839=DIRECTION('',(3.46944695195361E-15,0.600000000000002,0.799999999999998));
#11840=DIRECTION('',(2.60208521396521E-15,0.599999999999999,0.800000000000001));
#11841=DIRECTION('center_axis',(1.,-1.11022302462512E-16,-3.49148133884313E-15));
#11842=DIRECTION('ref_axis',(-3.49148133884313E-15,3.8763229724326E-31,
-1.));
#11843=DIRECTION('center_axis',(-1.,0.,0.));
#11844=DIRECTION('ref_axis',(0.,-2.22044604925024E-14,1.));
#11845=DIRECTION('center_axis',(-1.,0.,0.));
#11846=DIRECTION('ref_axis',(0.,-2.22044604925025E-14,1.));
#11847=DIRECTION('',(-1.,0.,3.49148133884313E-15));
#11848=DIRECTION('center_axis',(-1.,-1.11022302462512E-16,-3.49148133884313E-15));
#11849=DIRECTION('ref_axis',(-3.49148133884313E-15,-3.8763229724326E-31,
1.));
#11850=DIRECTION('center_axis',(1.,0.,0.));
#11851=DIRECTION('ref_axis',(0.,-0.799999999999983,0.600000000000023));
#11852=DIRECTION('',(-1.,0.,-3.49148133884313E-15));
#11853=DIRECTION('center_axis',(1.,0.,0.));
#11854=DIRECTION('ref_axis',(0.,-0.799999999999996,0.600000000000005));
#11855=DIRECTION('',(1.,-1.58560236300808E-15,1.18920177225606E-15));
#11856=DIRECTION('center_axis',(1.9820029537601E-15,0.8,-0.6));
#11857=DIRECTION('ref_axis',(0.,0.6,0.8));
#11858=DIRECTION('',(-1.,-1.11022302462512E-16,-3.49148133884313E-15));
#11859=DIRECTION('',(2.60208521396521E-15,-0.600000000000002,-0.799999999999998));
#11860=DIRECTION('',(2.60208521396521E-15,-0.599999999999999,-0.800000000000001));
#11861=DIRECTION('center_axis',(-1.,-1.11022302462512E-16,-3.49148133884313E-15));
#11862=DIRECTION('ref_axis',(-3.49148133884313E-15,-3.8763229724326E-31,
1.));
#11863=DIRECTION('center_axis',(1.,0.,0.));
#11864=DIRECTION('ref_axis',(0.,1.,0.));
#11865=DIRECTION('center_axis',(1.,1.08173653259913E-13,-1.75541673428853E-14));
#11866=DIRECTION('ref_axis',(1.75541673428853E-14,0.,1.));
#11867=DIRECTION('',(1.,1.11022302462524E-16,0.));
#11868=DIRECTION('center_axis',(-1.11022302462524E-16,1.,-3.94430452610506E-31));
#11869=DIRECTION('ref_axis',(-1.,-1.11022302462524E-16,0.));
#11870=DIRECTION('',(-1.,-1.11022302462512E-16,-3.49148133884313E-15));
#11871=DIRECTION('',(3.49148133884313E-15,0.,-1.));
#11872=DIRECTION('',(3.49148133884313E-15,0.,-1.));
#11873=DIRECTION('center_axis',(-1.,-1.11022302462512E-16,-3.49148133884313E-15));
#11874=DIRECTION('ref_axis',(-3.49148133884313E-15,9.38501888535345E-32,
1.));
#11875=DIRECTION('center_axis',(1.,1.06260198549818E-14,1.61771349781076E-14));
#11876=DIRECTION('ref_axis',(1.66533453693773E-14,0.,-1.));
#11877=DIRECTION('center_axis',(1.,-2.77555756156291E-15,2.77555756156287E-15));
#11878=DIRECTION('ref_axis',(2.77555756156288E-15,-5.55111512312575E-15,
-1.));
#11879=DIRECTION('',(1.,0.,3.49148133884313E-15));
#11880=DIRECTION('center_axis',(-1.,0.,0.));
#11881=DIRECTION('ref_axis',(0.,0.,1.));
#11882=DIRECTION('',(-1.,0.,0.));
#11883=DIRECTION('center_axis',(0.0493126693931108,-0.0493126693931108,
-0.997565296747362));
#11884=DIRECTION('ref_axis',(-0.998780422748766,-1.04083408558608E-17,-0.0493727367460687));
#11885=DIRECTION('center_axis',(0.0488376165969173,-0.048837616710911,0.997612036013565));
#11886=DIRECTION('ref_axis',(-0.345320320158634,-0.938036215290346,-0.0290161211967152));
#11887=DIRECTION('',(0.0493126693931108,-0.0493126693931105,-0.997565296747362));
#11888=DIRECTION('',(-0.0493126693931108,0.0493126693931111,0.997565296747362));
#11889=DIRECTION('center_axis',(0.0488376162279724,-0.048837615973741,0.997612036067714));
#11890=DIRECTION('ref_axis',(0.938036215298672,0.345320320156136,-0.0290161209572823));
#11891=DIRECTION('center_axis',(0.,-1.,0.));
#11892=DIRECTION('ref_axis',(0.,0.,-1.));
#11893=DIRECTION('',(0.,-1.,0.));
#11894=DIRECTION('center_axis',(0.0493126693931108,0.0493126693931108,-0.997565296747362));
#11895=DIRECTION('ref_axis',(-0.998780422748766,1.04083408558608E-17,-0.0493727367460687));
#11896=DIRECTION('center_axis',(0.0488376167108915,0.0488376165968647,0.997612036013569));
#11897=DIRECTION('ref_axis',(0.938036215290635,-0.345320320157845,-0.0290161211967677));
#11898=DIRECTION('',(0.0493126693931111,0.0493126693931111,-0.997565296747361));
#11899=DIRECTION('',(-0.0493126693931108,-0.0493126693931105,0.997565296747362));
#11900=DIRECTION('center_axis',(0.0488376159738717,0.0488376162280643,0.997612036067704));
#11901=DIRECTION('ref_axis',(0.345320320163159,-0.938036215296099,0.0290161209568541));
#11902=DIRECTION('center_axis',(1.,-9.18815400411445E-17,0.));
#11903=DIRECTION('ref_axis',(9.18815400411445E-17,1.,0.));
#11904=DIRECTION('',(1.,-9.16575634307835E-17,-4.53091054548281E-18));
#11905=DIRECTION('center_axis',(0.,1.,0.));
#11906=DIRECTION('ref_axis',(0.,0.,1.));
#11907=DIRECTION('',(0.,1.,0.));
#11908=DIRECTION('center_axis',(-0.0493126693931108,0.0493126693931108,
-0.997565296747362));
#11909=DIRECTION('ref_axis',(1.0842021724855E-17,0.998780422748766,0.0493727367460687));
#11910=DIRECTION('center_axis',(-0.0488376165968868,0.0488376167108931,
0.997612036013568));
#11911=DIRECTION('ref_axis',(-0.345320320156433,-0.938036215291152,0.029016121196856));
#11912=DIRECTION('',(-0.0493126693931108,0.0493126693931117,-0.997565296747361));
#11913=DIRECTION('',(0.0493126693931108,-0.0493126693931111,0.997565296747362));
#11914=DIRECTION('center_axis',(-0.0488376162279204,0.0488376159736679,
0.997612036067721));
#11915=DIRECTION('ref_axis',(0.938036215295649,0.345320320164396,0.0290161209567062));
#11916=DIRECTION('center_axis',(-0.0493126693931108,-0.0493126693931108,
-0.997565296747362));
#11917=DIRECTION('ref_axis',(-0.998780422748766,1.04083408558608E-17,0.0493727367460687));
#11918=DIRECTION('center_axis',(-0.0488376167108982,-0.048837616596893,
0.997612036013567));
#11919=DIRECTION('ref_axis',(0.938036215290469,-0.345320320158298,0.029016121196734));
#11920=DIRECTION('',(-0.0493126693931108,-0.0493126693931111,-0.997565296747362));
#11921=DIRECTION('',(0.0493126693931108,0.0493126693931105,0.997565296747362));
#11922=DIRECTION('center_axis',(-0.0488376159737965,-0.0488376162280009,
0.99761203606771));
#11923=DIRECTION('ref_axis',(0.345320320162072,-0.938036215296499,-0.0290161209568931));
#11924=DIRECTION('center_axis',(1.73472347597681E-18,-3.34360398490639E-19,
-1.));
#11925=DIRECTION('ref_axis',(-1.,0.,-1.73472347597681E-18));
#11926=DIRECTION('',(0.70710678118655,-0.707106781186546,5.32570539006274E-18));
#11927=DIRECTION('center_axis',(0.,0.,-1.));
#11928=DIRECTION('ref_axis',(0.707106781186544,0.707106781186551,0.));
#11929=DIRECTION('',(1.,0.,1.73472347597681E-18));
#11930=DIRECTION('center_axis',(0.,0.,-1.));
#11931=DIRECTION('ref_axis',(9.02056207507959E-15,1.,0.));
#11932=DIRECTION('',(0.707106781186551,0.707106781186544,0.));
#11933=DIRECTION('',(1.,0.,0.));
#11934=DIRECTION('center_axis',(1.73472347597681E-18,-3.34360398490639E-19,
-1.));
#11935=DIRECTION('ref_axis',(-1.,0.,-1.73472347597681E-18));
#11936=DIRECTION('',(-0.70710678118655,0.707106781186545,0.));
#11937=DIRECTION('center_axis',(2.01703699708853E-17,3.01870919335213E-17,
-1.));
#11938=DIRECTION('ref_axis',(-0.707106781186553,-0.707106781186542,-3.79470760369928E-17));
#11939=DIRECTION('',(-1.,0.,-1.73472347597681E-18));
#11940=DIRECTION('center_axis',(0.,0.,-1.));
#11941=DIRECTION('ref_axis',(-2.46330733588709E-14,-1.,0.));
#11942=DIRECTION('',(-0.707106781186547,-0.707106781186548,-5.32570539006264E-18));
#11943=DIRECTION('',(-1.,0.,0.));
#11944=DIRECTION('center_axis',(-1.,1.11022302462512E-16,3.49148133884313E-15));
#11945=DIRECTION('ref_axis',(3.49148133884313E-15,0.,1.));
#11946=DIRECTION('',(1.11022302462512E-16,1.,-3.8763229724326E-31));
#11947=DIRECTION('',(3.49148133884313E-15,0.,1.));
#11948=DIRECTION('',(-1.11022302462512E-16,-1.,3.8763229724326E-31));
#11949=DIRECTION('center_axis',(-1.,1.11022302462512E-16,3.49148133884313E-15));
#11950=DIRECTION('ref_axis',(3.49148133884313E-15,0.,1.));
#11951=DIRECTION('',(1.11022302462512E-16,1.,-3.8763229724326E-31));
#11952=DIRECTION('',(-1.11022302462512E-16,-1.,3.8763229724326E-31));
#11953=DIRECTION('',(3.49148133884313E-15,0.,1.));
#11954=DIRECTION('center_axis',(1.,1.11022302462512E-16,3.49148133884313E-15));
#11955=DIRECTION('ref_axis',(3.49148133884313E-15,0.,-1.));
#11956=DIRECTION('',(-1.11022302462512E-16,1.,-3.8763229724326E-31));
#11957=DIRECTION('',(3.49148133884313E-15,0.,-1.));
#11958=DIRECTION('',(1.11022302462512E-16,-1.,3.8763229724326E-31));
#11959=DIRECTION('center_axis',(1.,1.11022302462512E-16,3.49148133884313E-15));
#11960=DIRECTION('ref_axis',(3.49148133884313E-15,0.,-1.));
#11961=DIRECTION('',(-1.11022302462512E-16,1.,-3.8763229724326E-31));
#11962=DIRECTION('',(1.11022302462512E-16,-1.,3.8763229724326E-31));
#11963=DIRECTION('',(3.49148133884313E-15,0.,-1.));
#11964=DIRECTION('center_axis',(0.,-0.998780422748766,0.0493727367460687));
#11965=DIRECTION('ref_axis',(0.,-0.0493727367460687,-0.998780422748766));
#11966=DIRECTION('',(1.,0.,0.));
#11967=DIRECTION('center_axis',(0.998780422748766,0.,0.0493727367460687));
#11968=DIRECTION('ref_axis',(0.0493727367460687,0.,-0.998780422748766));
#11969=DIRECTION('',(0.,1.,0.));
#11970=DIRECTION('center_axis',(9.17694834051019E-17,0.998780422748766,
0.0493727367460687));
#11971=DIRECTION('ref_axis',(0.,-0.0493727367460687,0.998780422748766));
#11972=DIRECTION('',(-1.,9.18815400411445E-17,0.));
#11973=DIRECTION('center_axis',(-0.998780422748766,0.,0.0493727367460687));
#11974=DIRECTION('ref_axis',(0.0493727367460687,0.,0.998780422748766));
#11975=DIRECTION('',(0.,-1.,0.));
#11976=DIRECTION('center_axis',(0.,-1.,0.));
#11977=DIRECTION('ref_axis',(0.,0.,-1.));
#11978=DIRECTION('',(-1.,0.,0.));
#11979=DIRECTION('',(0.,0.,1.));
#11980=DIRECTION('',(1.,0.,0.));
#11981=DIRECTION('',(0.,0.,-1.));
#11982=DIRECTION('',(0.,0.,1.));
#11983=DIRECTION('',(1.,0.,0.));
#11984=DIRECTION('',(0.,0.,-1.));
#11985=DIRECTION('',(-1.,0.,0.));
#11986=DIRECTION('',(0.,0.,1.));
#11987=DIRECTION('center_axis',(0.,1.,0.));
#11988=DIRECTION('ref_axis',(0.,0.,-1.));
#11989=DIRECTION('',(1.,0.,0.));
#11990=DIRECTION('center_axis',(0.,1.,0.));
#11991=DIRECTION('ref_axis',(0.,0.,-1.));
#11992=DIRECTION('',(0.,0.,-1.));
#11993=DIRECTION('center_axis',(0.,1.,0.));
#11994=DIRECTION('ref_axis',(0.,0.,1.));
#11995=DIRECTION('',(0.,0.,1.));
#11996=DIRECTION('center_axis',(0.,-1.,0.));
#11997=DIRECTION('ref_axis',(9.94490088478188E-18,0.,1.));
#11998=DIRECTION('',(-1.,-3.47283591415766E-19,-9.94490088478143E-18));
#11999=DIRECTION('center_axis',(0.,-1.,0.));
#12000=DIRECTION('ref_axis',(-9.94490088478188E-18,0.,1.));
#12001=DIRECTION('',(0.,0.,-1.));
#12002=DIRECTION('',(1.,0.,0.));
#12003=DIRECTION('',(0.,0.,1.));
#12004=DIRECTION('',(-1.,0.,0.));
#12005=DIRECTION('',(0.,0.,-1.));
#12006=DIRECTION('',(0.,0.,1.));
#12007=DIRECTION('',(-1.,0.,0.));
#12008=DIRECTION('',(0.,0.,-1.));
#12009=DIRECTION('',(1.,0.,0.));
#12010=DIRECTION('center_axis',(0.,0.,-1.));
#12011=DIRECTION('ref_axis',(-1.,0.,0.));
#12012=DIRECTION('center_axis',(-3.49148133884313E-15,0.,-1.));
#12013=DIRECTION('ref_axis',(-1.,0.,3.49148133884313E-15));
#12014=DIRECTION('center_axis',(-3.64194640874238E-15,3.43857231757434E-17,
-1.));
#12015=DIRECTION('ref_axis',(-0.292371704722739,0.956304755963035,1.09865820145198E-15));
#12016=DIRECTION('',(2.98456062533692E-16,-9.76205793640802E-16,1.));
#12017=DIRECTION('center_axis',(4.71689122936262E-15,-1.55539746368368E-15,
1.));
#12018=DIRECTION('ref_axis',(-1.,0.,4.62592926927147E-15));
#12019=DIRECTION('center_axis',(-3.49148133884313E-15,0.,-1.));
#12020=DIRECTION('ref_axis',(-1.,0.,3.49148133884313E-15));
#12021=DIRECTION('center_axis',(-2.02555277058344E-15,-2.854736287025E-15,
-1.));
#12022=DIRECTION('ref_axis',(-0.292371704722761,0.956304755963028,-2.12503625807155E-15));
#12023=DIRECTION('center_axis',(0.,0.,1.));
#12024=DIRECTION('ref_axis',(-1.,1.11022302462514E-14,0.));
#12025=DIRECTION('',(2.98456062533692E-16,-9.76205793640802E-16,1.));
#12026=DIRECTION('center_axis',(0.559192903470745,-0.829037572555043,-1.43878625171802E-15));
#12027=DIRECTION('ref_axis',(0.829037572555043,0.559192903470745,3.84569691295243E-30));
#12028=DIRECTION('',(-0.559192903470745,0.829037572555043,0.));
#12029=DIRECTION('center_axis',(0.55919290347074,-0.829037572555046,2.68116207019523E-14));
#12030=DIRECTION('ref_axis',(0.726239101586583,0.489854459284114,-0.482306309357633));
#12031=DIRECTION('',(-0.559192903470745,0.829037572555043,1.43878625171802E-15));
#12032=DIRECTION('center_axis',(0.559192903470742,-0.829037572555045,1.2687191026717E-14));
#12033=DIRECTION('ref_axis',(0.726239101586573,0.489854459284119,-0.482306309357644));
#12034=DIRECTION('center_axis',(0.72623910158657,0.489854459284132,-0.482306309357636));
#12035=DIRECTION('ref_axis',(-0.559192903470745,0.829037572555043,2.77555756156289E-17));
#12036=DIRECTION('',(0.559192903470745,-0.829037572555043,-1.43878625171802E-15));
#12037=DIRECTION('',(0.399850051937837,0.269702265491952,0.876002639239071));
#12038=DIRECTION('',(0.399850051937837,0.269702265491952,0.876002639239071));
#12039=DIRECTION('center_axis',(0.559192903470745,-0.829037572555043,-1.43878625171802E-15));
#12040=DIRECTION('ref_axis',(0.829037572555043,0.559192903470745,3.84569691295243E-30));
#12041=DIRECTION('center_axis',(-0.559192903470728,0.829037572555054,-5.7573167668034E-14));
#12042=DIRECTION('ref_axis',(-3.88578058618796E-14,4.44089209850052E-14,
1.));
#12043=DIRECTION('center_axis',(-0.559192903470755,0.829037572555036,-1.94383917959481E-14));
#12044=DIRECTION('ref_axis',(-0.0282738162636963,-0.019070929873477,0.999418276272576));
#12045=DIRECTION('center_axis',(0.707106781186546,-0.15723250199633,0.689404047214677));
#12046=DIRECTION('ref_axis',(-0.220334770141777,0.877430501627298,0.426108324115638));
#12047=DIRECTION('',(-0.559192903470744,0.829037572555044,1.44695194698174E-15));
#12048=DIRECTION('center_axis',(0.190808995376547,0.981627183447664,-8.36283541796676E-16));
#12049=DIRECTION('ref_axis',(-0.981627183447664,0.190808995376547,-2.46519032881566E-32));
#12050=DIRECTION('',(-2.17329694170755E-15,-1.46590729680933E-15,-1.));
#12051=DIRECTION('center_axis',(-0.190808995376547,-0.981627183447664,8.36283541796676E-16));
#12052=DIRECTION('ref_axis',(0.981627183447663,-0.190808995376547,-1.01737551526779E-15));
#12053=DIRECTION('',(-8.04559061571991E-16,1.19280786154988E-15,-1.));
#12054=DIRECTION('',(0.981627183447662,-0.190808995376557,-2.87492515628135E-15));
#12055=DIRECTION('center_axis',(0.559192903470745,-0.829037572555043,-1.43878625171802E-15));
#12056=DIRECTION('ref_axis',(0.829037572555043,0.559192903470745,3.84569691295243E-30));
#12057=DIRECTION('center_axis',(-0.559192903470751,0.829037572555039,1.33737665259098E-14));
#12058=DIRECTION('ref_axis',(-1.11022302462516E-14,1.11022302462516E-14,
-1.));
#12059=DIRECTION('',(-0.559192903470745,0.829037572555043,1.43878625171802E-15));
#12060=DIRECTION('',(0.559192903470745,-0.829037572555043,0.));
#12061=DIRECTION('center_axis',(3.49148133884313E-15,0.,-1.));
#12062=DIRECTION('ref_axis',(-1.,0.,-3.49148133884313E-15));
#12063=DIRECTION('center_axis',(0.,0.,1.));
#12064=DIRECTION('ref_axis',(0.292371704722734,0.956304755963036,0.));
#12065=DIRECTION('',(2.98456062533692E-16,9.76205793640802E-16,-1.));
#12066=DIRECTION('center_axis',(3.41064994527881E-15,3.46964953717931E-16,
-1.));
#12067=DIRECTION('ref_axis',(1.,0.,3.41162283608773E-15));
#12068=DIRECTION('center_axis',(-0.190808995376547,0.981627183447664,-8.36283541796676E-16));
#12069=DIRECTION('ref_axis',(-0.981627183447664,-0.190808995376547,2.46519032881566E-32));
#12070=DIRECTION('',(-2.17329694170755E-15,1.46590729680933E-15,1.));
#12071=DIRECTION('',(0.981627183447662,0.190808995376557,2.87492515628135E-15));
#12072=DIRECTION('',(-8.04559061571991E-16,-1.19280786154988E-15,1.));
#12073=DIRECTION('center_axis',(0.190808995376547,-0.981627183447664,8.36283541796676E-16));
#12074=DIRECTION('ref_axis',(0.981627183447663,0.190808995376547,1.01737551526779E-15));
#12075=DIRECTION('center_axis',(3.49148133884313E-15,0.,-1.));
#12076=DIRECTION('ref_axis',(-1.,0.,-3.49148133884313E-15));
#12077=DIRECTION('center_axis',(0.,0.,1.));
#12078=DIRECTION('ref_axis',(0.29237170472273,0.956304755963037,0.));
#12079=DIRECTION('center_axis',(1.7782422598355E-15,5.90235638803479E-16,
-1.));
#12080=DIRECTION('ref_axis',(1.,0.,1.77809156287624E-15));
#12081=DIRECTION('',(2.98456062533692E-16,9.76205793640802E-16,-1.));
#12082=DIRECTION('center_axis',(-0.559192903470745,-0.829037572555043,-1.43878625171802E-15));
#12083=DIRECTION('ref_axis',(0.829037572555043,-0.559192903470745,-3.84569691295243E-30));
#12084=DIRECTION('',(0.559192903470745,0.829037572555043,0.));
#12085=DIRECTION('center_axis',(0.559192903470728,0.829037572555054,-5.19475151100332E-14));
#12086=DIRECTION('ref_axis',(0.726239101586592,-0.489854459284094,0.48230630935764));
#12087=DIRECTION('',(-0.559192903470744,-0.829037572555044,-1.44695194698174E-15));
#12088=DIRECTION('center_axis',(-0.707106781186546,-0.15723250199633,0.689404047214677));
#12089=DIRECTION('ref_axis',(-0.220334770141777,-0.877430501627298,-0.426108324115638));
#12090=DIRECTION('center_axis',(0.559192903470753,0.829037572555037,-4.20289552344814E-15));
#12091=DIRECTION('ref_axis',(0.726239101586563,-0.489854459284136,0.482306309357642));
#12092=DIRECTION('center_axis',(-0.72623910158657,0.489854459284132,-0.482306309357636));
#12093=DIRECTION('ref_axis',(-0.559192903470745,-0.829037572555043,-2.77555756156289E-17));
#12094=DIRECTION('',(0.559192903470745,0.829037572555043,1.43878625171802E-15));
#12095=DIRECTION('',(0.399850051937837,-0.269702265491952,-0.876002639239071));
#12096=DIRECTION('',(0.399850051937837,-0.269702265491952,-0.876002639239071));
#12097=DIRECTION('center_axis',(-0.559192903470745,-0.829037572555043,-1.43878625171802E-15));
#12098=DIRECTION('ref_axis',(0.829037572555043,-0.559192903470745,-3.84569691295243E-30));
#12099=DIRECTION('',(0.559192903470744,0.829037572555044,1.62630325872825E-15));
#12100=DIRECTION('center_axis',(-0.559192903470745,-0.829037572555043,1.78345155562094E-14));
#12101=DIRECTION('ref_axis',(5.55111512312584E-15,-2.22044604925034E-14,
-1.));
#12102=DIRECTION('center_axis',(-0.559192903470742,-0.829037572555045,1.26871910267171E-14));
#12103=DIRECTION('ref_axis',(5.55111512312571E-15,-2.22044604925028E-14,
-1.));
#12104=DIRECTION('center_axis',(-0.559192903470745,-0.829037572555043,-1.43878625171802E-15));
#12105=DIRECTION('ref_axis',(0.829037572555043,-0.559192903470745,-3.84569691295243E-30));
#12106=DIRECTION('center_axis',(0.559192903470746,0.829037572555043,-6.54373897292224E-15));
#12107=DIRECTION('ref_axis',(-0.82903757255504,0.559192903470748,-4.16333634234432E-15));
#12108=DIRECTION('',(0.559192903470745,0.829037572555043,0.));
#12109=DIRECTION('',(-0.559192903470745,-0.829037572555043,-1.43878625171802E-15));
#12110=DIRECTION('center_axis',(-7.02830471246463E-15,-1.69799358087527E-14,
1.));
#12111=DIRECTION('ref_axis',(0.927370218305414,-0.374144996224952,1.64882456449568E-16));
#12112=DIRECTION('center_axis',(1.,0.,0.));
#12113=DIRECTION('ref_axis',(0.,0.,-1.));
#12114=DIRECTION('center_axis',(-0.707106781186539,0.707106781186556,-9.04656086455456E-15));
#12115=DIRECTION('ref_axis',(3.14427801628679E-15,-9.64949105119987E-15,
-1.));
#12116=DIRECTION('center_axis',(1.,0.,0.));
#12117=DIRECTION('ref_axis',(0.,0.,-1.));
#12118=DIRECTION('',(1.,0.,0.));
#12119=DIRECTION('center_axis',(1.,0.,0.));
#12120=DIRECTION('ref_axis',(0.,0.,-1.));
#12121=DIRECTION('center_axis',(0.707106781186543,0.707106781186552,-1.1996526363866E-14));
#12122=DIRECTION('ref_axis',(-8.48282514257283E-15,-8.48282514257283E-15,
-1.));
#12123=DIRECTION('center_axis',(0.,0.,1.));
#12124=DIRECTION('ref_axis',(0.927370218306843,0.37414499622141,0.));
#12125=DIRECTION('center_axis',(0.,0.,1.));
#12126=DIRECTION('ref_axis',(-0.374144996220472,-0.927370218307221,0.));
#12127=DIRECTION('center_axis',(0.,1.,0.));
#12128=DIRECTION('ref_axis',(0.,0.,1.));
#12129=DIRECTION('center_axis',(0.,1.,0.));
#12130=DIRECTION('ref_axis',(0.,0.,1.));
#12131=DIRECTION('',(0.,1.,0.));
#12132=DIRECTION('center_axis',(-9.11297158024758E-15,1.,-9.57458086807033E-15));
#12133=DIRECTION('ref_axis',(8.21045466268231E-30,-9.57458086807034E-15,
-1.));
#12134=DIRECTION('center_axis',(-0.70710678118654,0.707106781186555,1.39333723987672E-14));
#12135=DIRECTION('ref_axis',(-2.8050679868099E-15,1.68996962291214E-14,
-1.));
#12136=DIRECTION('center_axis',(0.,0.,1.));
#12137=DIRECTION('ref_axis',(0.374144996225496,-0.927370218305194,0.));
#12138=DIRECTION('center_axis',(0.,0.,1.));
#12139=DIRECTION('ref_axis',(0.927370218305891,-0.37414499622377,0.));
#12140=DIRECTION('center_axis',(-1.,9.18815400411445E-17,0.));
#12141=DIRECTION('ref_axis',(-9.18815400411445E-17,-1.,0.));
#12142=DIRECTION('center_axis',(-1.,9.18815400411445E-17,0.));
#12143=DIRECTION('ref_axis',(-9.18815400411445E-17,-1.,0.));
#12144=DIRECTION('',(-1.,0.,0.));
#12145=DIRECTION('center_axis',(-1.,2.27824289506187E-15,2.39364521701759E-15));
#12146=DIRECTION('ref_axis',(-2.39364521701759E-15,5.13153416417671E-31,
-1.));
#12147=DIRECTION('center_axis',(-0.707106781186554,-0.707106781186541,-9.59483728058805E-16));
#12148=DIRECTION('ref_axis',(6.78457450548537E-16,6.78457450548523E-16,
-1.));
#12149=DIRECTION('center_axis',(9.19054979609409E-16,-4.59355436083983E-15,
1.));
#12150=DIRECTION('ref_axis',(0.927370218305522,0.374144996224682,8.66351161919137E-16));
#12151=DIRECTION('center_axis',(4.59355436083893E-15,-9.19054979609043E-16,
1.));
#12152=DIRECTION('ref_axis',(-0.374144996218721,-0.927370218307928,8.66351161889545E-16));
#12153=DIRECTION('center_axis',(0.,-1.,0.));
#12154=DIRECTION('ref_axis',(0.,0.,-1.));
#12155=DIRECTION('center_axis',(0.,-1.,0.));
#12156=DIRECTION('ref_axis',(0.,0.,-1.));
#12157=DIRECTION('',(0.,-1.,0.));
#12158=DIRECTION('center_axis',(9.11297158024756E-15,-1.,-9.57458086807035E-15));
#12159=DIRECTION('ref_axis',(-8.21045466268256E-30,9.57458086807035E-15,
-1.));
#12160=DIRECTION('center_axis',(0.,0.,1.));
#12161=DIRECTION('ref_axis',(0.374144996224789,-0.927370218305479,0.));
#12162=DIRECTION('center_axis',(0.,-0.0348994967025045,0.999390827019096));
#12163=DIRECTION('ref_axis',(0.,-0.999390827019096,-0.0348994967025045));
#12164=DIRECTION('',(0.,-0.999390827019096,-0.0348994967025045));
#12165=DIRECTION('',(1.,0.,0.));
#12166=DIRECTION('',(0.,0.999390827019096,0.0348994967025045));
#12167=DIRECTION('center_axis',(-9.9509627424181E-18,0.0348994967025045,
0.999390827019096));
#12168=DIRECTION('ref_axis',(-4.81482486096809E-35,-0.999390827019096,0.0348994967025045));
#12169=DIRECTION('',(0.,0.999390827019096,-0.0348994967025045));
#12170=DIRECTION('',(-1.,-2.84784700610064E-16,9.94490088478144E-18));
#12171=DIRECTION('',(0.,-0.999390827019096,0.0348994967025045));
#12172=DIRECTION('center_axis',(0.,0.,-1.));
#12173=DIRECTION('ref_axis',(-1.,0.,0.));
#12174=DIRECTION('center_axis',(-0.559192903470745,0.829037572555043,1.43878625171802E-15));
#12175=DIRECTION('ref_axis',(-0.829037572555043,-0.559192903470745,-9.86076131526265E-32));
#12176=DIRECTION('',(0.829037572555039,0.55919290347075,-2.55992179614629E-15));
#12177=DIRECTION('',(-0.829037572555043,-0.559192903470745,0.));
#12178=DIRECTION('',(-3.49148133884313E-15,-6.19544098563146E-16,-1.));
#12179=DIRECTION('',(0.829037572555043,0.559192903470745,0.));
#12180=DIRECTION('center_axis',(-0.292371704722734,0.956304755963036,1.02081035104518E-15));
#12181=DIRECTION('ref_axis',(-0.956304755963036,-0.292371704722734,0.));
#12182=DIRECTION('',(-3.49148133884313E-15,-4.42616907358459E-32,-1.));
#12183=DIRECTION('',(-0.956304755963036,-0.292371704722734,0.));
#12184=DIRECTION('',(0.956304755963036,0.292371704722734,0.));
#12185=DIRECTION('center_axis',(-0.292371704722734,0.956304755963036,1.02081035104518E-15));
#12186=DIRECTION('ref_axis',(-0.956304755963036,-0.292371704722734,0.));
#12187=DIRECTION('',(-3.49148133884313E-15,-4.42616907358459E-32,-1.));
#12188=DIRECTION('',(0.956304755963036,0.292371704722734,0.));
#12189=DIRECTION('',(-0.956304755963036,-0.292371704722734,0.));
#12190=DIRECTION('center_axis',(6.99427963054185E-16,-2.0536459604913E-15,
1.));
#12191=DIRECTION('ref_axis',(0.,-1.,-2.0536459604913E-15));
#12192=DIRECTION('center_axis',(0.,0.,1.));
#12193=DIRECTION('ref_axis',(0.999927457732866,-0.0120448857150346,0.));
#12194=DIRECTION('',(-0.999927457732866,0.0120448857150431,9.21571846612676E-15));
#12195=DIRECTION('center_axis',(1.66644549377814E-15,2.20993914022968E-16,
1.));
#12196=DIRECTION('ref_axis',(0.999927457732865,-0.012044885715042,-1.8503717077086E-15));
#12197=DIRECTION('',(1.,-1.21820468818596E-16,-3.49148133884313E-15));
#12198=DIRECTION('center_axis',(-0.554700196225229,-0.832050294337843,0.));
#12199=DIRECTION('ref_axis',(0.832050294337843,-0.554700196225229,0.));
#12200=DIRECTION('',(0.832050294337843,-0.554700196225231,0.));
#12201=DIRECTION('',(0.,0.,1.));
#12202=DIRECTION('',(0.825470717943571,-0.550313811962383,-0.125510167640543));
#12203=DIRECTION('',(-0.673026683421024,0.448684455614016,-0.587977331785547));
#12204=DIRECTION('',(0.,0.,1.));
#12205=DIRECTION('center_axis',(1.,0.,0.));
#12206=DIRECTION('ref_axis',(0.,0.,-1.));
#12207=DIRECTION('',(0.,-0.974964553525895,-0.222360336769064));
#12208=DIRECTION('',(0.,0.,1.));
#12209=DIRECTION('',(0.,1.,0.));
#12210=DIRECTION('',(0.,0.,-1.));
#12211=DIRECTION('',(0.,-1.,0.));
#12212=DIRECTION('center_axis',(0.866025403784437,0.,0.500000000000004));
#12213=DIRECTION('ref_axis',(0.500000000000004,0.,-0.866025403784437));
#12214=DIRECTION('',(0.495415084022155,0.135113204733314,-0.858084096362364));
#12215=DIRECTION('',(-0.500000000000002,0.,0.866025403784437));
#12216=DIRECTION('',(0.,1.,0.));
#12217=DIRECTION('center_axis',(0.829037572555043,-0.559192903470745,2.62146977851629E-15));
#12218=DIRECTION('ref_axis',(0.559192903470745,0.829037572555043,-1.97215226305253E-31));
#12219=DIRECTION('',(0.549457389569798,0.814604079636971,0.1857868953558));
#12220=DIRECTION('',(0.,0.,1.));
#12221=DIRECTION('',(0.559192903470746,0.829037572555042,1.48678660397642E-15));
#12222=DIRECTION('',(-8.04559061571991E-16,-1.19280786154988E-15,1.));
#12223=DIRECTION('center_axis',(2.97785600327954E-15,-2.73099435259455E-16,
-1.));
#12224=DIRECTION('ref_axis',(-1.,0.,-2.97785600327954E-15));
#12225=DIRECTION('',(-0.217058933078852,0.97615850125411,-1.68056602664979E-15));
#12226=DIRECTION('',(0.829037572555043,-0.559192903470745,0.));
#12227=DIRECTION('',(1.,0.,0.));
#12228=DIRECTION('center_axis',(0.707106781186546,0.15723250199633,-0.689404047214677));
#12229=DIRECTION('ref_axis',(-0.698087124733236,1.38777878078145E-17,-0.716012825500831));
#12230=DIRECTION('',(0.671902216893622,-0.453203767780071,0.585793270534395));
#12231=DIRECTION('',(0.698087124733237,0.,0.71601282550083));
#12232=DIRECTION('',(0.,0.974964553525895,0.222360336769064));
#12233=DIRECTION('center_axis',(1.,0.,0.));
#12234=DIRECTION('ref_axis',(0.,0.,-1.));
#12235=DIRECTION('',(0.,0.,-1.));
#12236=DIRECTION('',(0.,0.,1.));
#12237=DIRECTION('',(0.,1.,0.));
#12238=DIRECTION('center_axis',(-2.97785600327954E-15,-2.73099435259455E-16,
-1.));
#12239=DIRECTION('ref_axis',(-1.,0.,2.97785600327954E-15));
#12240=DIRECTION('',(-0.217058933078852,-0.97615850125411,1.68056602664979E-15));
#12241=DIRECTION('',(1.,0.,0.));
#12242=DIRECTION('',(-0.559192903470745,0.829037572555043,0.));
#12243=DIRECTION('center_axis',(-0.559192903470745,0.829037572555043,1.43878625171802E-15));
#12244=DIRECTION('ref_axis',(-0.829037572555043,-0.559192903470745,-9.86076131526265E-32));
#12245=DIRECTION('',(-0.822376476760329,-0.554699937625717,-0.126510512090076));
#12246=DIRECTION('',(0.671902216893625,0.453203767780073,-0.58579327053439));
#12247=DIRECTION('',(0.829037572555043,0.559192903470745,0.));
#12248=DIRECTION('',(-3.49148133884313E-15,-6.19544098563146E-16,-1.));
#12249=DIRECTION('',(-0.829037572555043,-0.559192903470745,0.));
#12250=DIRECTION('',(2.17329694170755E-15,1.46590729680933E-15,1.));
#12251=DIRECTION('center_axis',(-0.707106781186546,0.15723250199633,-0.689404047214677));
#12252=DIRECTION('ref_axis',(-0.698087124733236,-1.38777878078145E-17,0.716012825500831));
#12253=DIRECTION('',(0.,-0.974964553525895,-0.222360336769064));
#12254=DIRECTION('',(0.698087124733237,0.,-0.71601282550083));
#12255=DIRECTION('',(0.,-0.974964553525895,-0.222360336769064));
#12256=DIRECTION('',(-0.673026683421024,-0.448684455614015,0.587977331785547));
#12257=DIRECTION('center_axis',(-0.829037572555043,-0.559192903470745,2.62146977851629E-15));
#12258=DIRECTION('ref_axis',(0.559192903470745,-0.829037572555043,1.97215226305253E-31));
#12259=DIRECTION('',(0.549457389569798,-0.814604079636971,-0.1857868953558));
#12260=DIRECTION('',(0.,0.,-1.));
#12261=DIRECTION('center_axis',(0.554700196225229,-0.832050294337843,0.));
#12262=DIRECTION('ref_axis',(0.832050294337843,0.554700196225229,0.));
#12263=DIRECTION('',(0.82547071794357,0.550313811962384,0.125510167640544));
#12264=DIRECTION('',(0.,0.,-1.));
#12265=DIRECTION('',(0.832050294337843,0.554700196225231,0.));
#12266=DIRECTION('',(0.,0.,-1.));
#12267=DIRECTION('center_axis',(-1.,0.,0.));
#12268=DIRECTION('ref_axis',(0.,0.,1.));
#12269=DIRECTION('',(0.,0.,1.));
#12270=DIRECTION('',(0.,-1.,0.));
#12271=DIRECTION('',(0.,0.,-1.));
#12272=DIRECTION('',(0.,1.,0.));
#12273=DIRECTION('center_axis',(-0.866025403784437,0.,0.500000000000004));
#12274=DIRECTION('ref_axis',(0.500000000000004,0.,0.866025403784437));
#12275=DIRECTION('',(0.495415084022155,-0.135113204733314,0.858084096362364));
#12276=DIRECTION('',(0.,-1.,0.));
#12277=DIRECTION('',(-0.500000000000003,0.,-0.866025403784437));
#12278=DIRECTION('center_axis',(-1.,0.,0.));
#12279=DIRECTION('ref_axis',(0.,0.,1.));
#12280=DIRECTION('',(0.,0.,1.));
#12281=DIRECTION('',(0.,-1.,0.));
#12282=DIRECTION('',(0.,0.,-1.));
#12283=DIRECTION('center_axis',(0.292371704722734,0.956304755963036,1.02081035104518E-15));
#12284=DIRECTION('ref_axis',(-0.956304755963036,0.292371704722734,0.));
#12285=DIRECTION('',(-3.49148133884313E-15,4.42616907358459E-32,1.));
#12286=DIRECTION('',(0.956304755963036,-0.292371704722734,0.));
#12287=DIRECTION('',(-0.956304755963036,0.292371704722734,0.));
#12288=DIRECTION('center_axis',(0.559192903470745,0.829037572555043,1.43878625171802E-15));
#12289=DIRECTION('ref_axis',(-0.829037572555043,0.559192903470745,9.86076131526265E-32));
#12290=DIRECTION('',(0.829037572555043,-0.559192903470745,0.));
#12291=DIRECTION('',(-3.49148133884313E-15,6.19544098563146E-16,1.));
#12292=DIRECTION('',(-0.829037572555043,0.559192903470745,0.));
#12293=DIRECTION('center_axis',(-6.99427963054185E-16,-2.0536459604913E-15,
1.));
#12294=DIRECTION('ref_axis',(0.,-1.,-2.0536459604913E-15));
#12295=DIRECTION('center_axis',(-5.51111773887103E-15,-2.65990789189559E-15,
1.));
#12296=DIRECTION('ref_axis',(-0.292371704722734,-0.956304755963036,-4.16333634234433E-15));
#12297=DIRECTION('',(0.999927457732866,0.0120448857150431,9.21571846612676E-15));
#12298=DIRECTION('center_axis',(-1.87500343229516E-14,-1.11104341329506E-14,
1.));
#12299=DIRECTION('ref_axis',(-0.292371704722733,-0.956304755963036,-1.66533453693774E-14));
#12300=DIRECTION('',(-0.956304755963036,0.292371704722734,0.));
#12301=DIRECTION('center_axis',(0.292371704722734,0.956304755963036,1.02081035104518E-15));
#12302=DIRECTION('ref_axis',(-0.956304755963036,0.292371704722734,0.));
#12303=DIRECTION('',(0.956304755963036,-0.292371704722734,0.));
#12304=DIRECTION('',(-3.49148133884313E-15,4.42616907358459E-32,1.));
#12305=DIRECTION('',(1.,1.21820468818596E-16,3.49148133884313E-15));
#12306=DIRECTION('center_axis',(0.559192903470745,0.829037572555043,1.43878625171802E-15));
#12307=DIRECTION('ref_axis',(-0.829037572555043,0.559192903470745,9.86076131526265E-32));
#12308=DIRECTION('',(-0.822376476760331,0.554699937625714,0.126510512090075));
#12309=DIRECTION('',(-0.829037572555043,0.559192903470745,0.));
#12310=DIRECTION('',(-3.49148133884313E-15,6.19544098563146E-16,1.));
#12311=DIRECTION('',(0.829037572555043,-0.559192903470745,0.));
#12312=DIRECTION('center_axis',(0.,0.,-1.));
#12313=DIRECTION('ref_axis',(-1.,0.,0.));
#12314=DIRECTION('center_axis',(1.67519717706807E-15,-1.67519717706807E-15,
1.));
#12315=DIRECTION('ref_axis',(1.,5.55111512312579E-15,-1.38777878078145E-15));
#12316=DIRECTION('',(3.09772049281573E-16,1.,0.));
#12317=DIRECTION('center_axis',(0.,0.,1.));
#12318=DIRECTION('ref_axis',(1.38777878078144E-15,1.,0.));
#12319=DIRECTION('',(-1.,-2.13770823578249E-16,0.));
#12320=DIRECTION('center_axis',(0.,0.,1.));
#12321=DIRECTION('ref_axis',(-1.,-5.5511151231258E-15,0.));
#12322=DIRECTION('',(0.,1.,0.));
#12323=DIRECTION('center_axis',(0.,0.,-1.));
#12324=DIRECTION('ref_axis',(-1.,5.55111512312579E-15,0.));
#12325=DIRECTION('',(1.,7.13611606232307E-17,0.));
#12326=DIRECTION('center_axis',(0.,-0.999390827019096,-0.0348994967025045));
#12327=DIRECTION('ref_axis',(0.,0.0348994967025045,-0.999390827019096));
#12328=DIRECTION('',(0.,-0.0348994967025045,0.999390827019096));
#12329=DIRECTION('center_axis',(4.1716335952379E-15,-0.999390827019096,
-0.0348994967024993));
#12330=DIRECTION('ref_axis',(1.,5.55111512312579E-15,1.73472347597681E-16));
#12331=DIRECTION('center_axis',(-8.1081015711364E-15,-0.999390827019096,
-0.0348994967025088));
#12332=DIRECTION('ref_axis',(1.38777878078145E-15,0.0348994967025063,-0.999390827019096));
#12333=DIRECTION('',(0.,0.0348994967025045,-0.999390827019096));
#12334=DIRECTION('',(-1.,0.,0.));
#12335=DIRECTION('center_axis',(-2.84958289500712E-16,0.999390827019096,
-0.0348994967025045));
#12336=DIRECTION('ref_axis',(-1.54074395550979E-33,0.0348994967025045,0.999390827019096));
#12337=DIRECTION('',(0.,0.0348994967025045,0.999390827019096));
#12338=DIRECTION('center_axis',(-2.56637262844293E-15,0.999390827019095,
-0.0348994967025144));
#12339=DIRECTION('ref_axis',(-1.,0.,-1.73472347597681E-15));
#12340=DIRECTION('center_axis',(-1.35987075531039E-15,0.999390827019096,
-0.0348994967025049));
#12341=DIRECTION('ref_axis',(6.93889390390723E-16,-0.0348994967025063,-0.999390827019096));
#12342=DIRECTION('',(0.,-0.0348994967025045,-0.999390827019096));
#12343=DIRECTION('',(1.,2.85131984201479E-16,0.));
#12344=DIRECTION('center_axis',(3.49148133884313E-15,6.19544098563146E-16,
1.));
#12345=DIRECTION('ref_axis',(1.,-1.36512743628607E-32,-3.49148133884313E-15));
#12346=DIRECTION('center_axis',(2.92632081022794E-15,4.52804033852265E-16,
1.));
#12347=DIRECTION('ref_axis',(-1.,-4.44089209850065E-15,2.77555756156291E-15));
#12348=DIRECTION('',(-3.49148133884313E-15,0.,-1.));
#12349=DIRECTION('center_axis',(-1.46316040511398E-15,-2.26402016926133E-16,
-1.));
#12350=DIRECTION('ref_axis',(-0.559192903470754,0.829037572555037,5.5511151231257E-16));
#12351=DIRECTION('center_axis',(-3.49148133884313E-15,-4.42616907358459E-32,
-1.));
#12352=DIRECTION('ref_axis',(-1.,1.05730034687948E-47,3.49148133884313E-15));
#12353=DIRECTION('center_axis',(-9.95685903508777E-15,4.46531045372889E-15,
-1.));
#12354=DIRECTION('ref_axis',(0.292371704722723,-0.95630475596304,-7.1991024253038E-15));
#12355=DIRECTION('',(3.49148133884313E-15,0.,1.));
#12356=DIRECTION('center_axis',(-1.22470783835026E-16,4.06575814682065E-16,
-1.));
#12357=DIRECTION('ref_axis',(0.,1.,4.06575814682065E-16));
#12358=DIRECTION('',(1.,-1.21820468818596E-16,-1.65097521182904E-32));
#12359=DIRECTION('',(1.21820468818596E-16,1.,-4.2533389356925E-31));
#12360=DIRECTION('',(-1.,0.,1.22470783835026E-16));
#12361=DIRECTION('',(1.21820468818596E-16,1.,-4.2533389356925E-31));
#12362=DIRECTION('center_axis',(1.,-1.21820468818596E-16,-3.49148133884313E-15));
#12363=DIRECTION('ref_axis',(-3.49148133884313E-15,-1.02978174216048E-31,
-1.));
#12364=DIRECTION('center_axis',(-1.,0.,0.));
#12365=DIRECTION('ref_axis',(0.,0.866025403784436,-0.500000000000004));
#12366=DIRECTION('',(1.,-1.21820468818596E-16,-3.49148133884313E-15));
#12367=DIRECTION('center_axis',(-1.,8.14563424225429E-14,-1.07239309242614E-14));
#12368=DIRECTION('ref_axis',(7.77156117237644E-14,0.866025403784436,-0.500000000000004));
#12369=DIRECTION('',(-1.,-1.42049041652478E-15,8.20120524361858E-16));
#12370=DIRECTION('center_axis',(1.64024104872372E-15,-0.86602540378444,
0.499999999999998));
#12371=DIRECTION('ref_axis',(0.,-0.499999999999998,-0.86602540378444));
#12372=DIRECTION('',(1.,-1.21820468818596E-16,-3.49148133884313E-15));
#12373=DIRECTION('',(-3.42077996743286E-15,-0.499999999999999,-0.866025403784439));
#12374=DIRECTION('',(-3.42077996743286E-15,-0.499999999999999,-0.866025403784439));
#12375=DIRECTION('center_axis',(1.,-1.21820468818596E-16,-3.49148133884313E-15));
#12376=DIRECTION('ref_axis',(-3.49148133884313E-15,7.31258483790512E-32,
-1.));
#12377=DIRECTION('center_axis',(-1.,1.19333131025776E-14,-1.00132386230959E-14));
#12378=DIRECTION('ref_axis',(1.29526019539601E-14,0.34202014332566,-0.939692620785912));
#12379=DIRECTION('center_axis',(-1.,1.19333131025776E-14,-1.00132386230959E-14));
#12380=DIRECTION('ref_axis',(1.29526019539601E-14,0.34202014332566,-0.939692620785912));
#12381=DIRECTION('',(-1.,-1.10789018421907E-15,3.04390326437738E-15));
#12382=DIRECTION('center_axis',(3.23925419551727E-15,-0.342020143325661,
0.939692620785911));
#12383=DIRECTION('ref_axis',(-1.97215226305253E-31,-0.939692620785911,-0.342020143325661));
#12384=DIRECTION('',(-1.,1.21820468818596E-16,3.49148133884313E-15));
#12385=DIRECTION('',(0.,-0.939692620785912,-0.34202014332566));
#12386=DIRECTION('',(0.,-0.939692620785911,-0.342020143325661));
#12387=DIRECTION('center_axis',(1.,-1.21820468818596E-16,-3.49148133884313E-15));
#12388=DIRECTION('ref_axis',(-3.49148133884313E-15,-1.02978174216048E-31,
-1.));
#12389=DIRECTION('',(-1.,0.,3.49148133884313E-15));
#12390=DIRECTION('center_axis',(1.,-5.63675002166333E-15,-6.71761708887269E-15));
#12391=DIRECTION('ref_axis',(-5.55111512312578E-15,0.,-1.));
#12392=DIRECTION('center_axis',(1.,9.78811369225817E-16,-5.55111512312578E-15));
#12393=DIRECTION('ref_axis',(-5.55111512312577E-15,0.,-1.));
#12394=DIRECTION('center_axis',(-3.49148133884313E-15,0.,-1.));
#12395=DIRECTION('ref_axis',(-1.,0.,3.49148133884313E-15));
#12396=DIRECTION('',(1.21820468818596E-16,1.,-4.2533389356925E-31));
#12397=DIRECTION('center_axis',(-9.0804889280136E-15,8.17610895498537E-15,
-1.));
#12398=DIRECTION('ref_axis',(-0.55919290347074,0.829037572555046,1.24900090270335E-14));
#12399=DIRECTION('',(1.21820468818596E-16,1.,-4.2533389356925E-31));
#12400=DIRECTION('center_axis',(3.49148133884313E-15,6.19544098563146E-16,
1.));
#12401=DIRECTION('ref_axis',(1.,5.23717571727324E-31,-3.49148133884313E-15));
#12402=DIRECTION('center_axis',(5.55111512312664E-15,1.04401291242466E-14,
1.));
#12403=DIRECTION('ref_axis',(-1.,0.,5.55111512312584E-15));
#12404=DIRECTION('',(-3.49148133884313E-15,0.,-1.));
#12405=DIRECTION('center_axis',(3.49148133884313E-15,-2.10524693686507E-16,
1.));
#12406=DIRECTION('ref_axis',(1.,0.,-3.49148133884313E-15));
#12407=DIRECTION('',(-1.,1.21820468818596E-16,3.49148133884313E-15));
#12408=DIRECTION('',(-1.21820468818596E-16,-1.,4.2533389356925E-31));
#12409=DIRECTION('',(-1.21820468818596E-16,-1.,4.2533389356925E-31));
#12410=DIRECTION('center_axis',(1.,-1.21820468818596E-16,-3.49148133884313E-15));
#12411=DIRECTION('ref_axis',(-3.49148133884313E-15,-1.02978174216048E-31,
-1.));
#12412=DIRECTION('center_axis',(1.,1.53095441362334E-14,-1.71311074018947E-15));
#12413=DIRECTION('ref_axis',(0.,0.0240903539558524,0.999709785310858));
#12414=DIRECTION('center_axis',(1.,9.75842901310766E-15,3.97338301511966E-15));
#12415=DIRECTION('ref_axis',(-5.55111512312578E-15,0.0240903539558524,0.999709785310858));
#12416=DIRECTION('center_axis',(-3.49148133884313E-15,-4.42616907358459E-32,
-1.));
#12417=DIRECTION('ref_axis',(-1.,-5.42320361576712E-48,3.49148133884313E-15));
#12418=DIRECTION('',(3.49148133884313E-15,0.,1.));
#12419=DIRECTION('center_axis',(-3.41064994527877E-15,3.46964953717929E-16,
-1.));
#12420=DIRECTION('ref_axis',(0.292371704722732,-0.956304755963037,-1.32995466491556E-15));
#12421=DIRECTION('center_axis',(-3.49148133884313E-15,1.66800334228539E-16,
-1.));
#12422=DIRECTION('ref_axis',(-1.,0.,3.49148133884313E-15));
#12423=DIRECTION('',(-1.,1.21820468818596E-16,3.49148133884313E-15));
#12424=DIRECTION('',(1.21820468818596E-16,1.,-4.2533389356925E-31));
#12425=DIRECTION('',(1.21820468818596E-16,1.,-4.2533389356925E-31));
#12426=DIRECTION('center_axis',(1.,-1.21820468818596E-16,-3.49148133884313E-15));
#12427=DIRECTION('ref_axis',(-3.49148133884313E-15,-1.02978174216047E-31,
-1.));
#12428=DIRECTION('',(-1.,1.21820468818571E-16,-8.80520112975423E-31));
#12429=DIRECTION('center_axis',(1.,-9.47634626983518E-15,3.92523114670942E-15));
#12430=DIRECTION('ref_axis',(1.11022302462516E-14,1.,-2.77555756156289E-15));
#12431=DIRECTION('center_axis',(1.,0.,0.));
#12432=DIRECTION('ref_axis',(0.,1.,2.9490299091606E-15));
#12433=DIRECTION('center_axis',(1.21820468818571E-16,1.,-7.22801448323759E-15));
#12434=DIRECTION('ref_axis',(0.,7.22801448323759E-15,1.));
#12435=DIRECTION('',(-1.,1.21820468818596E-16,3.49148133884313E-15));
#12436=DIRECTION('',(3.49148133884313E-15,0.,1.));
#12437=DIRECTION('',(3.49148133884313E-15,0.,1.));
#12438=DIRECTION('center_axis',(1.,-1.21820468818596E-16,-3.49148133884313E-15));
#12439=DIRECTION('ref_axis',(-3.49148133884313E-15,-1.02978174216047E-31,
-1.));
#12440=DIRECTION('',(-1.,0.,3.49148133884313E-15));
#12441=DIRECTION('center_axis',(1.,-3.92523114670943E-15,-9.47634626983516E-15));
#12442=DIRECTION('ref_axis',(1.11022302462516E-14,0.,1.));
#12443=DIRECTION('center_axis',(1.,0.,0.));
#12444=DIRECTION('ref_axis',(0.,0.,1.));
#12445=DIRECTION('center_axis',(3.49148133884313E-15,0.,1.));
#12446=DIRECTION('ref_axis',(1.,0.,-3.49148133884313E-15));
#12447=DIRECTION('',(1.,-1.21820468818596E-16,-3.49148133884313E-15));
#12448=DIRECTION('',(-1.21820468818596E-16,-1.,4.2533389356925E-31));
#12449=DIRECTION('',(-1.21820468818596E-16,-1.,4.2533389356925E-31));
#12450=DIRECTION('center_axis',(1.,-1.21820468818596E-16,-3.49148133884313E-15));
#12451=DIRECTION('ref_axis',(-3.49148133884313E-15,-1.02978174216048E-31,
-1.));
#12452=DIRECTION('center_axis',(-1.,3.9252311467094E-15,9.47634626983521E-15));
#12453=DIRECTION('ref_axis',(-5.55111512312578E-15,-1.,-7.63278329429794E-15));
#12454=DIRECTION('center_axis',(-1.,-5.55111512312574E-15,5.55111512312582E-15));
#12455=DIRECTION('ref_axis',(5.55111512312578E-15,-1.,3.46944695195361E-15));
#12456=DIRECTION('',(-1.,1.21820468818596E-16,1.65097521182904E-32));
#12457=DIRECTION('center_axis',(1.21820468818596E-16,1.,1.35525271560687E-16));
#12458=DIRECTION('ref_axis',(0.,-1.35525271560687E-16,1.));
#12459=DIRECTION('',(3.49148133884313E-15,0.,1.));
#12460=DIRECTION('',(3.49148133884313E-15,0.,1.));
#12461=DIRECTION('center_axis',(-0.263117405792108,0.964763821237732,0.));
#12462=DIRECTION('ref_axis',(-0.964763821237732,-0.263117405792108,0.));
#12463=DIRECTION('',(0.964763821237732,0.26311740579211,0.));
#12464=DIRECTION('',(0.,0.,-1.));
#12465=DIRECTION('',(-0.964763821237732,-0.263117405792108,0.));
#12466=DIRECTION('center_axis',(0.,0.,-1.));
#12467=DIRECTION('ref_axis',(-1.,0.,0.));
#12468=DIRECTION('',(0.,1.,0.));
#12469=DIRECTION('',(1.,0.,0.));
#12470=DIRECTION('center_axis',(0.,-1.,0.));
#12471=DIRECTION('ref_axis',(0.,0.,-1.));
#12472=DIRECTION('',(1.,0.,0.));
#12473=DIRECTION('',(0.,0.,1.));
#12474=DIRECTION('center_axis',(0.,-0.222360336769064,0.974964553525896));
#12475=DIRECTION('ref_axis',(0.,-0.974964553525896,-0.222360336769064));
#12476=DIRECTION('',(0.,0.974964553525895,0.222360336769064));
#12477=DIRECTION('',(1.,0.,0.));
#12478=DIRECTION('center_axis',(0.,-1.,0.));
#12479=DIRECTION('ref_axis',(0.,0.,-1.));
#12480=DIRECTION('',(0.,0.,1.));
#12481=DIRECTION('',(-1.,0.,0.));
#12482=DIRECTION('center_axis',(0.,0.,1.));
#12483=DIRECTION('ref_axis',(1.,0.,0.));
#12484=DIRECTION('',(0.,-1.,0.));
#12485=DIRECTION('',(0.,-1.,0.));
#12486=DIRECTION('center_axis',(0.,-1.,0.));
#12487=DIRECTION('ref_axis',(0.,0.,-1.));
#12488=DIRECTION('',(-1.,0.,0.));
#12489=DIRECTION('',(0.,0.,-1.));
#12490=DIRECTION('',(-1.,0.,0.));
#12491=DIRECTION('center_axis',(0.,-0.222360336769064,0.974964553525896));
#12492=DIRECTION('ref_axis',(0.,-0.974964553525896,-0.222360336769064));
#12493=DIRECTION('',(0.,-0.974964553525895,-0.222360336769064));
#12494=DIRECTION('',(-1.,0.,0.));
#12495=DIRECTION('center_axis',(0.,-1.,0.));
#12496=DIRECTION('ref_axis',(0.,0.,-1.));
#12497=DIRECTION('',(1.,0.,0.));
#12498=DIRECTION('',(0.,0.,-1.));
#12499=DIRECTION('center_axis',(0.,0.,-1.));
#12500=DIRECTION('ref_axis',(-1.,0.,0.));
#12501=DIRECTION('',(0.,-1.,0.));
#12502=DIRECTION('',(-0.964763821237732,0.263117405792108,0.));
#12503=DIRECTION('center_axis',(0.263117405792108,0.964763821237732,0.));
#12504=DIRECTION('ref_axis',(-0.964763821237732,0.263117405792108,0.));
#12505=DIRECTION('',(0.,0.,1.));
#12506=DIRECTION('',(0.964763821237732,-0.26311740579211,0.));
#12507=DIRECTION('center_axis',(0.,0.,1.));
#12508=DIRECTION('ref_axis',(1.,0.,0.));
#12509=DIRECTION('center_axis',(0.,0.,-1.));
#12510=DIRECTION('ref_axis',(-0.586206896551718,0.810161387894538,0.));
#12511=DIRECTION('',(0.,1.,0.));
#12512=DIRECTION('',(0.,1.,0.));
#12513=DIRECTION('center_axis',(0.,0.,1.));
#12514=DIRECTION('ref_axis',(-1.,-2.78699993901511E-15,0.));
#12515=DIRECTION('',(0.,0.,1.));
#12516=DIRECTION('',(0.,0.,-1.));
#12517=DIRECTION('center_axis',(0.,-0.999390827019096,-0.0348994967025045));
#12518=DIRECTION('ref_axis',(0.,0.0348994967025045,-0.999390827019096));
#12519=DIRECTION('',(0.,0.999390827019096,0.0348994967025045));
#12520=DIRECTION('center_axis',(0.,-0.999390827019096,-0.0348994967025045));
#12521=DIRECTION('ref_axis',(0.,0.0348994967025045,-0.999390827019096));
#12522=DIRECTION('',(0.,-0.999390827019096,-0.0348994967025045));
#12523=DIRECTION('center_axis',(3.49148133884313E-15,-4.42616907358459E-32,
-1.));
#12524=DIRECTION('ref_axis',(-1.,-1.05730034687948E-47,-3.49148133884313E-15));
#12525=DIRECTION('center_axis',(7.03814850522768E-15,2.30557827235663E-15,
-1.));
#12526=DIRECTION('ref_axis',(-1.,0.,-7.02563007770606E-15));
#12527=DIRECTION('',(3.49148133884313E-15,0.,-1.));
#12528=DIRECTION('center_axis',(-3.49148133884313E-15,6.19544098563146E-16,
1.));
#12529=DIRECTION('ref_axis',(1.,1.36512743628607E-32,3.49148133884313E-15));
#12530=DIRECTION('center_axis',(-1.51457128827268E-15,7.89929926554528E-15,
-1.));
#12531=DIRECTION('ref_axis',(1.,-4.44089209850067E-15,-1.38777878078146E-15));
#12532=DIRECTION('',(-3.49148133884313E-15,0.,1.));
#12533=DIRECTION('center_axis',(-1.81609778560283E-15,-1.63522179099713E-15,
1.));
#12534=DIRECTION('ref_axis',(0.559192903470754,0.829037572555037,2.22044604925028E-15));
#12535=DIRECTION('center_axis',(-1.,-1.21820468818596E-16,-3.49148133884313E-15));
#12536=DIRECTION('ref_axis',(-3.49148133884313E-15,1.02978174216048E-31,
1.));
#12537=DIRECTION('center_axis',(1.,0.,0.));
#12538=DIRECTION('ref_axis',(0.,0.,-1.));
#12539=DIRECTION('',(-1.,-1.21820468818596E-16,-1.65097521182904E-32));
#12540=DIRECTION('center_axis',(1.,-9.47634626983516E-15,-3.92523114670938E-15));
#12541=DIRECTION('ref_axis',(-5.55111512312579E-15,0.,-1.));
#12542=DIRECTION('',(1.,0.,3.49148133884313E-15));
#12543=DIRECTION('center_axis',(-3.49148133884313E-15,0.,1.));
#12544=DIRECTION('ref_axis',(1.,0.,3.49148133884313E-15));
#12545=DIRECTION('',(1.,1.21820468818596E-16,3.49148133884313E-15));
#12546=DIRECTION('',(-1.21820468818596E-16,1.,-4.2533389356925E-31));
#12547=DIRECTION('',(-1.21820468818596E-16,1.,-4.2533389356925E-31));
#12548=DIRECTION('center_axis',(-1.,-1.21820468818596E-16,-3.49148133884313E-15));
#12549=DIRECTION('ref_axis',(-3.49148133884313E-15,1.02978174216047E-31,
1.));
#12550=DIRECTION('',(1.,1.21820468818571E-16,-8.80520112975423E-31));
#12551=DIRECTION('center_axis',(-1.,-3.9252311467093E-15,-9.47634626983501E-15));
#12552=DIRECTION('ref_axis',(-5.55111512312584E-15,1.,-1.59594559789868E-14));
#12553=DIRECTION('center_axis',(-1.,0.,0.));
#12554=DIRECTION('ref_axis',(0.,1.,-6.93889390390722E-15));
#12555=DIRECTION('center_axis',(-1.21820468818571E-16,1.,-7.22801448323759E-15));
#12556=DIRECTION('ref_axis',(0.,7.22801448323759E-15,1.));
#12557=DIRECTION('',(1.,1.21820468818596E-16,3.49148133884313E-15));
#12558=DIRECTION('',(3.49148133884313E-15,0.,-1.));
#12559=DIRECTION('',(3.49148133884313E-15,0.,-1.));
#12560=DIRECTION('center_axis',(-1.,-1.21820468818596E-16,-3.49148133884313E-15));
#12561=DIRECTION('ref_axis',(-3.49148133884313E-15,1.02978174216047E-31,
1.));
#12562=DIRECTION('',(1.,0.,3.49148133884313E-15));
#12563=DIRECTION('center_axis',(-1.,-9.47634626983538E-15,3.92523114670961E-15));
#12564=DIRECTION('ref_axis',(-5.55111512312573E-15,1.11022302462515E-14,
-1.));
#12565=DIRECTION('center_axis',(-1.,0.,0.));
#12566=DIRECTION('ref_axis',(0.,-1.11022302462516E-14,-1.));
#12567=DIRECTION('center_axis',(3.49148133884313E-15,1.66800334228539E-16,
-1.));
#12568=DIRECTION('ref_axis',(-1.,0.,-3.49148133884313E-15));
#12569=DIRECTION('',(1.21820468818596E-16,-1.,4.2533389356925E-31));
#12570=DIRECTION('center_axis',(3.28363146853555E-15,-4.72618190326928E-16,
-1.));
#12571=DIRECTION('ref_axis',(-1.,3.70074341541719E-15,-3.28151857538946E-15));
#12572=DIRECTION('',(1.21820468818596E-16,-1.,4.2533389356925E-31));
#12573=DIRECTION('center_axis',(3.49148133884313E-15,-4.42616907358459E-32,
-1.));
#12574=DIRECTION('ref_axis',(-1.,5.4232036157669E-48,-3.49148133884313E-15));
#12575=DIRECTION('',(3.49148133884313E-15,0.,-1.));
#12576=DIRECTION('center_axis',(-1.,-1.21820468818596E-16,-3.49148133884313E-15));
#12577=DIRECTION('ref_axis',(-3.49148133884313E-15,1.02978174216048E-31,
1.));
#12578=DIRECTION('center_axis',(-1.,5.55111512312578E-15,-5.68649375530911E-15));
#12579=DIRECTION('ref_axis',(5.55111512312584E-15,1.,1.38777878078146E-15));
#12580=DIRECTION('',(1.,0.,3.49148133884313E-15));
#12581=DIRECTION('center_axis',(-1.,9.75842901310762E-15,3.97338301511962E-15));
#12582=DIRECTION('ref_axis',(1.11022302462517E-14,1.,-2.77555756156292E-15));
#12583=DIRECTION('center_axis',(-3.49148133884313E-15,-2.10524693686507E-16,
1.));
#12584=DIRECTION('ref_axis',(1.,0.,3.49148133884313E-15));
#12585=DIRECTION('',(-1.21820468818596E-16,1.,-4.2533389356925E-31));
#12586=DIRECTION('center_axis',(0.,0.,1.));
#12587=DIRECTION('ref_axis',(0.559192903470719,0.82903757255506,0.));
#12588=DIRECTION('',(-1.21820468818596E-16,1.,-4.2533389356925E-31));
#12589=DIRECTION('center_axis',(-3.49148133884313E-15,6.19544098563146E-16,
1.));
#12590=DIRECTION('ref_axis',(1.,-5.23717571727324E-31,3.49148133884313E-15));
#12591=DIRECTION('center_axis',(0.,0.,-1.));
#12592=DIRECTION('ref_axis',(1.,-2.22044604925036E-14,0.));
#12593=DIRECTION('',(-3.17206578464331E-15,0.,1.));
#12594=DIRECTION('center_axis',(3.49148133884313E-15,0.,-1.));
#12595=DIRECTION('ref_axis',(-1.,0.,-3.49148133884313E-15));
#12596=DIRECTION('',(1.21820468818596E-16,-1.,4.2533389356925E-31));
#12597=DIRECTION('',(1.21820468818596E-16,-1.,4.2533389356925E-31));
#12598=DIRECTION('',(1.,1.21820468818596E-16,3.49148133884313E-15));
#12599=DIRECTION('center_axis',(-1.,-1.21820468818596E-16,-3.49148133884313E-15));
#12600=DIRECTION('ref_axis',(-3.49148133884313E-15,1.02978174216048E-31,
1.));
#12601=DIRECTION('',(1.,-1.10789018421907E-15,3.04390326437738E-15));
#12602=DIRECTION('center_axis',(-1.,-1.22523114125525E-14,-7.88411905461959E-15));
#12603=DIRECTION('ref_axis',(-5.55111512312579E-15,-0.34202014332565,0.939692620785915));
#12604=DIRECTION('center_axis',(-1.,9.78811369225817E-16,-5.55111512312578E-15));
#12605=DIRECTION('ref_axis',(-5.55111512312579E-15,-0.34202014332565,0.939692620785915));
#12606=DIRECTION('center_axis',(-3.23925419551727E-15,-0.342020143325661,
0.939692620785911));
#12607=DIRECTION('ref_axis',(1.97215226305253E-31,-0.939692620785911,-0.342020143325661));
#12608=DIRECTION('',(-1.,-1.21820468818596E-16,-3.49148133884313E-15));
#12609=DIRECTION('',(0.,0.939692620785912,0.34202014332566));
#12610=DIRECTION('',(0.,0.939692620785911,0.342020143325661));
#12611=DIRECTION('center_axis',(-1.,-1.21820468818596E-16,-3.49148133884313E-15));
#12612=DIRECTION('ref_axis',(-3.49148133884313E-15,-7.31258483790512E-32,
1.));
#12613=DIRECTION('center_axis',(1.,0.,0.));
#12614=DIRECTION('ref_axis',(0.,0.866025403784439,-0.5));
#12615=DIRECTION('center_axis',(1.,1.19333131025776E-14,-1.00132386230959E-14));
#12616=DIRECTION('ref_axis',(-1.48029736616687E-14,0.866025403784439,-0.5));
#12617=DIRECTION('',(1.,-1.42049041652478E-15,8.20120524361858E-16));
#12618=DIRECTION('center_axis',(-1.64024104872372E-15,-0.86602540378444,
0.499999999999998));
#12619=DIRECTION('ref_axis',(0.,-0.499999999999998,-0.86602540378444));
#12620=DIRECTION('',(-1.,-1.21820468818596E-16,-3.49148133884313E-15));
#12621=DIRECTION('',(-3.42077996743286E-15,0.499999999999999,0.866025403784439));
#12622=DIRECTION('',(-3.42077996743286E-15,0.499999999999999,0.866025403784439));
#12623=DIRECTION('center_axis',(-1.,-1.21820468818596E-16,-3.49148133884313E-15));
#12624=DIRECTION('ref_axis',(-3.49148133884313E-15,1.02978174216048E-31,
1.));
#12625=DIRECTION('center_axis',(1.,0.,0.));
#12626=DIRECTION('ref_axis',(0.,1.,8.32667268468913E-15));
#12627=DIRECTION('center_axis',(1.,8.14563424225428E-14,-1.07239309242615E-14));
#12628=DIRECTION('ref_axis',(-8.32667268468904E-14,1.,9.02056207507979E-15));
#12629=DIRECTION('',(1.,1.21820468818594E-16,-6.7583522197791E-32));
#12630=DIRECTION('center_axis',(1.22470783835026E-16,4.06575814682065E-16,
-1.));
#12631=DIRECTION('ref_axis',(0.,1.,4.06575814682065E-16));
#12632=DIRECTION('',(-1.,0.,-1.22470783835026E-16));
#12633=DIRECTION('',(1.21820468818596E-16,-1.,4.2533389356925E-31));
#12634=DIRECTION('',(1.,1.21820468818596E-16,1.65097521182904E-32));
#12635=DIRECTION('',(1.21820468818596E-16,-1.,4.2533389356925E-31));
#12636=DIRECTION('center_axis',(-1.21820468818596E-16,1.,1.35525271560687E-16));
#12637=DIRECTION('ref_axis',(0.,-1.35525271560687E-16,1.));
#12638=DIRECTION('',(3.49148133884313E-15,0.,-1.));
#12639=DIRECTION('',(3.49148133884313E-15,0.,-1.));
#12640=DIRECTION('center_axis',(0.,0.,-1.));
#12641=DIRECTION('ref_axis',(-1.,0.,0.));
#12642=DIRECTION('',(0.,0.,1.));
#12643=DIRECTION('center_axis',(0.,0.,-1.));
#12644=DIRECTION('ref_axis',(-1.38777878078144E-15,1.,0.));
#12645=DIRECTION('',(0.,0.,-1.));
#12646=DIRECTION('center_axis',(-2.13770823578249E-16,1.,0.));
#12647=DIRECTION('ref_axis',(-1.,-2.13770823578249E-16,0.));
#12648=DIRECTION('',(0.,0.,1.));
#12649=DIRECTION('',(1.,0.,0.));
#12650=DIRECTION('center_axis',(0.,0.,-1.));
#12651=DIRECTION('ref_axis',(-1.,0.,0.));
#12652=DIRECTION('',(0.,0.,1.));
#12653=DIRECTION('center_axis',(-1.67519717706807E-15,-1.67519717706807E-15,
-1.));
#12654=DIRECTION('ref_axis',(1.,-5.55111512312579E-15,-1.38777878078145E-15));
#12655=DIRECTION('center_axis',(1.,-3.09772049281573E-16,0.));
#12656=DIRECTION('ref_axis',(3.09772049281573E-16,1.,0.));
#12657=DIRECTION('',(0.,0.,1.));
#12658=DIRECTION('',(0.,-1.,0.));
#12659=DIRECTION('center_axis',(0.,0.,-1.));
#12660=DIRECTION('ref_axis',(-1.,0.,0.));
#12661=DIRECTION('',(0.,0.,1.));
#12662=DIRECTION('center_axis',(0.,0.,-1.));
#12663=DIRECTION('ref_axis',(1.38777878078144E-15,-1.,0.));
#12664=DIRECTION('center_axis',(7.13611606232307E-17,-1.,0.));
#12665=DIRECTION('ref_axis',(1.,7.13611606232307E-17,0.));
#12666=DIRECTION('',(0.,0.,1.));
#12667=DIRECTION('',(-1.,0.,0.));
#12668=DIRECTION('center_axis',(0.,0.,-1.));
#12669=DIRECTION('ref_axis',(-1.,0.,0.));
#12670=DIRECTION('',(0.,0.,1.));
#12671=DIRECTION('center_axis',(0.,0.,-1.));
#12672=DIRECTION('ref_axis',(-1.,0.,0.));
#12673=DIRECTION('center_axis',(-1.,-3.09772049281573E-16,0.));
#12674=DIRECTION('ref_axis',(3.09772049281573E-16,-1.,0.));
#12675=DIRECTION('',(0.,1.,0.));
#12676=DIRECTION('center_axis',(1.,0.,0.));
#12677=DIRECTION('ref_axis',(0.,0.,-1.));
#12678=DIRECTION('center_axis',(1.,1.33185734628517E-15,3.29646260841634E-15));
#12679=DIRECTION('ref_axis',(-3.70074341541717E-15,0.,1.));
#12680=DIRECTION('',(-1.,0.,0.));
#12681=DIRECTION('center_axis',(-1.,3.32964336571292E-16,8.24115652104084E-16));
#12682=DIRECTION('ref_axis',(4.62592926927148E-16,0.999390827019095,0.0348994967025062));
#12683=DIRECTION('center_axis',(1.,2.85131984201479E-16,0.));
#12684=DIRECTION('ref_axis',(-2.85131984201479E-16,1.,0.));
#12685=DIRECTION('center_axis',(-1.,3.32964336571291E-16,-8.24115652104084E-16));
#12686=DIRECTION('ref_axis',(-9.25185853854302E-16,3.70074341541721E-15,
1.));
#12687=DIRECTION('',(1.,0.,0.));
#12688=DIRECTION('center_axis',(1.,0.,0.));
#12689=DIRECTION('ref_axis',(0.,-0.999390827019096,0.0348994967025));
#12690=DIRECTION('center_axis',(0.707106781186546,0.707106781186549,8.67361737988403E-19));
#12691=DIRECTION('ref_axis',(-0.707106781186549,0.707106781186546,0.));
#12692=DIRECTION('',(0.707106781186558,-0.707106781186537,0.));
#12693=DIRECTION('',(-1.73472347597681E-18,-3.34360398490639E-19,-1.));
#12694=DIRECTION('center_axis',(-1.73472347597681E-18,-3.34360398490639E-19,
-1.));
#12695=DIRECTION('ref_axis',(-1.,5.80022832698672E-37,1.73472347597681E-18));
#12696=DIRECTION('center_axis',(0.,0.,1.));
#12697=DIRECTION('ref_axis',(-1.24900090270331E-14,-1.,0.));
#12698=DIRECTION('',(0.,3.34360398490639E-19,1.));
#12699=DIRECTION('center_axis',(-1.33339677328729E-22,1.,-3.34360398490639E-19));
#12700=DIRECTION('ref_axis',(0.,3.34360398490639E-19,1.));
#12701=DIRECTION('',(-1.73472347597681E-18,-3.34360398490639E-19,-1.));
#12702=DIRECTION('',(1.,0.,0.));
#12703=DIRECTION('center_axis',(-1.73472347597681E-18,-3.34360398490639E-19,
-1.));
#12704=DIRECTION('ref_axis',(-1.,5.80022832698672E-37,1.73472347597681E-18));
#12705=DIRECTION('center_axis',(-4.8036687366442E-17,-3.28232909266992E-16,
1.));
#12706=DIRECTION('ref_axis',(0.707106781186548,-0.707106781186547,-2.16840434497107E-16));
#12707=DIRECTION('',(-6.13317366673348E-19,6.13317366673351E-19,1.));
#12708=DIRECTION('center_axis',(-0.707106781186546,0.707106781186549,-8.67361737988403E-19));
#12709=DIRECTION('ref_axis',(-0.707106781186549,-0.707106781186546,0.));
#12710=DIRECTION('',(0.707106781186549,0.707106781186546,0.));
#12711=DIRECTION('center_axis',(0.,0.,-1.));
#12712=DIRECTION('ref_axis',(-1.,0.,0.));
#12713=DIRECTION('',(0.,-1.,0.));
#12714=DIRECTION('',(0.,-1.,0.));
#12715=DIRECTION('center_axis',(0.,-1.,-4.06575814682063E-16));
#12716=DIRECTION('ref_axis',(0.,4.06575814682063E-16,-1.));
#12717=DIRECTION('',(1.21820468818596E-16,1.,-4.2533389356925E-31));
#12718=DIRECTION('center_axis',(-8.9343849443631E-15,-1.,8.93438494436313E-15));
#12719=DIRECTION('ref_axis',(-1.,7.40148683083438E-15,9.25185853854298E-16));
#12720=DIRECTION('',(0.,-1.,0.));
#12721=DIRECTION('center_axis',(0.,-1.,0.));
#12722=DIRECTION('ref_axis',(-1.,0.,3.70074341541719E-15));
#12723=DIRECTION('center_axis',(-1.,1.21820468818596E-16,3.49148133884313E-15));
#12724=DIRECTION('ref_axis',(3.49148133884313E-15,0.,1.));
#12725=DIRECTION('center_axis',(1.,-1.895269253967E-14,7.85046229341844E-15));
#12726=DIRECTION('ref_axis',(1.66533453693773E-14,1.,5.55111512312578E-15));
#12727=DIRECTION('',(0.,4.8186763221578E-16,-1.));
#12728=DIRECTION('',(-3.49148133884313E-15,0.,-1.));
#12729=DIRECTION('center_axis',(-1.,0.,1.22470783835026E-16));
#12730=DIRECTION('ref_axis',(1.22470783835026E-16,0.,1.));
#12731=DIRECTION('',(1.,-5.90147066221947E-32,-2.84372769459459E-47));
#12732=DIRECTION('center_axis',(1.,3.92523114670942E-15,-9.4763462698352E-15));
#12733=DIRECTION('ref_axis',(-5.55111512312578E-15,1.,4.16333634234433E-15));
#12734=DIRECTION('center_axis',(-1.,1.21820468818596E-16,3.49148133884313E-15));
#12735=DIRECTION('ref_axis',(3.49148133884313E-15,0.,1.));
#12736=DIRECTION('',(-3.49148133884313E-15,0.,-1.));
#12737=DIRECTION('',(0.,-1.,-4.06575814682063E-16));
#12738=DIRECTION('',(0.,-4.8186763221578E-16,1.));
#12739=DIRECTION('center_axis',(2.84958289500712E-16,0.999390827019096,
-0.0348994967025045));
#12740=DIRECTION('ref_axis',(-4.46815747097839E-31,0.0348994967025045,0.999390827019096));
#12741=DIRECTION('',(0.,0.999390827019096,-0.0348994967025046));
#12742=DIRECTION('center_axis',(1.,0.,-3.49148133884313E-15));
#12743=DIRECTION('ref_axis',(-3.49148133884313E-15,0.,-1.));
#12744=DIRECTION('',(-1.,2.48470690047236E-30,1.76823754220625E-45));
#12745=DIRECTION('center_axis',(1.,0.,0.));
#12746=DIRECTION('ref_axis',(0.,1.,-9.71445146547E-15));
#12747=DIRECTION('',(-1.,0.,3.49148133884313E-15));
#12748=DIRECTION('center_axis',(1.,-9.47634626983516E-15,3.92523114670938E-15));
#12749=DIRECTION('ref_axis',(1.11022302462516E-14,1.,3.98986399474665E-15));
#12750=DIRECTION('center_axis',(2.48470690047236E-30,1.,7.11648340442124E-16));
#12751=DIRECTION('ref_axis',(0.,-7.11648340442124E-16,1.));
#12752=DIRECTION('',(-1.,0.,3.49148133884313E-15));
#12753=DIRECTION('',(3.49148133884313E-15,0.,1.));
#12754=DIRECTION('',(3.49148133884313E-15,0.,1.));
#12755=DIRECTION('center_axis',(1.,0.,-3.49148133884313E-15));
#12756=DIRECTION('ref_axis',(-3.49148133884313E-15,0.,-1.));
#12757=DIRECTION('',(1.,0.,-3.49148133884313E-15));
#12758=DIRECTION('center_axis',(1.,1.31833521899433E-14,4.47861364916842E-15));
#12759=DIRECTION('ref_axis',(-5.55111512312583E-15,0.249999999999997,0.968245836551855));
#12760=DIRECTION('center_axis',(1.,0.,0.));
#12761=DIRECTION('ref_axis',(0.,0.250000000000005,0.968245836551853));
#12762=DIRECTION('center_axis',(1.,0.,-3.49148133884313E-15));
#12763=DIRECTION('ref_axis',(-3.49148133884313E-15,0.,-1.));
#12764=DIRECTION('center_axis',(-1.,-1.33232356852861E-14,-4.58696693874296E-15));
#12765=DIRECTION('ref_axis',(1.11022302462517E-14,-1.,6.24500451351657E-15));
#12766=DIRECTION('center_axis',(-1.,-5.5511151231257E-15,7.16645880824877E-15));
#12767=DIRECTION('ref_axis',(5.55111512312584E-15,-1.,7.28583859910266E-15));
#12768=DIRECTION('',(-1.,0.,0.));
#12769=DIRECTION('center_axis',(1.,0.,-3.49148133884313E-15));
#12770=DIRECTION('ref_axis',(-3.49148133884313E-15,0.,-1.));
#12771=DIRECTION('center_axis',(-1.,9.47634626983535E-15,-3.92523114670957E-15));
#12772=DIRECTION('ref_axis',(5.55111512312576E-15,0.,-1.));
#12773=DIRECTION('',(1.,0.,-3.49148133884313E-15));
#12774=DIRECTION('center_axis',(-1.,5.55111512312574E-15,5.55111512312581E-15));
#12775=DIRECTION('ref_axis',(-5.55111512312579E-15,0.,-1.));
#12776=DIRECTION('',(-1.,0.,3.49148133884313E-15));
#12777=DIRECTION('center_axis',(3.49148133884313E-15,0.,1.));
#12778=DIRECTION('ref_axis',(1.,0.,-3.49148133884313E-15));
#12779=DIRECTION('',(-1.,0.,0.));
#12780=DIRECTION('',(0.,-1.,0.));
#12781=DIRECTION('',(0.,-1.,0.));
#12782=DIRECTION('center_axis',(0.,1.,0.));
#12783=DIRECTION('ref_axis',(0.,0.,1.));
#12784=DIRECTION('',(-1.,0.,3.49148133884313E-15));
#12785=DIRECTION('',(3.49148133884313E-15,0.,1.));
#12786=DIRECTION('',(3.49148133884313E-15,0.,1.));
#12787=DIRECTION('center_axis',(1.,0.,-3.49148133884313E-15));
#12788=DIRECTION('ref_axis',(-3.49148133884313E-15,0.,-1.));
#12789=DIRECTION('',(-1.,0.,3.49148133884313E-15));
#12790=DIRECTION('center_axis',(1.,-3.92523114670947E-15,-9.47634626983525E-15));
#12791=DIRECTION('ref_axis',(1.11022302462516E-14,0.,1.));
#12792=DIRECTION('center_axis',(1.,5.55111512312575E-15,-5.55111512312582E-15));
#12793=DIRECTION('ref_axis',(5.5511151231258E-15,0.,1.));
#12794=DIRECTION('center_axis',(-1.,0.,0.));
#12795=DIRECTION('ref_axis',(0.,0.,1.));
#12796=DIRECTION('center_axis',(1.,0.,0.));
#12797=DIRECTION('ref_axis',(0.,0.,1.));
#12798=DIRECTION('',(0.,0.,1.));
#12799=DIRECTION('',(0.,-0.00872653549836732,0.999961923064171));
#12800=DIRECTION('center_axis',(-1.,0.,0.));
#12801=DIRECTION('ref_axis',(0.,-0.999961923064171,-0.00872653549836897));
#12802=DIRECTION('',(0.,-1.,0.));
#12803=DIRECTION('',(0.,0.,1.));
#12804=DIRECTION('',(0.,1.,0.));
#12805=DIRECTION('',(0.,-1.,0.));
#12806=DIRECTION('',(0.,-1.,0.));
#12807=DIRECTION('',(0.,1.,0.));
#12808=DIRECTION('',(0.,0.,1.));
#12809=DIRECTION('',(0.,1.,0.));
#12810=DIRECTION('',(0.,0.,1.));
#12811=DIRECTION('',(0.,-1.,0.));
#12812=DIRECTION('center_axis',(1.,0.,0.));
#12813=DIRECTION('ref_axis',(0.,0.,-1.));
#12814=DIRECTION('center_axis',(1.,0.,0.));
#12815=DIRECTION('ref_axis',(0.,0.,-1.));
#12816=DIRECTION('',(0.,0.00872653549836694,-0.999961923064171));
#12817=DIRECTION('center_axis',(-1.,0.,0.));
#12818=DIRECTION('ref_axis',(0.,0.999961923064171,0.00872653549835473));
#12819=DIRECTION('',(0.,1.,0.));
#12820=DIRECTION('',(0.,0.,-1.));
#12821=DIRECTION('',(0.,-1.,0.));
#12822=DIRECTION('',(0.,0.,-1.));
#12823=DIRECTION('',(0.,-1.,0.));
#12824=DIRECTION('',(0.,-1.,0.));
#12825=DIRECTION('',(0.,0.,-1.));
#12826=DIRECTION('',(0.,1.,0.));
#12827=DIRECTION('center_axis',(1.,0.,1.22470783835026E-16));
#12828=DIRECTION('ref_axis',(1.22470783835026E-16,0.,-1.));
#12829=DIRECTION('center_axis',(-1.,0.,0.));
#12830=DIRECTION('ref_axis',(0.,0.,-1.));
#12831=DIRECTION('',(1.,5.90147066221947E-32,2.84372769459459E-47));
#12832=DIRECTION('center_axis',(-1.,-1.89526925396703E-14,7.85046229341876E-15));
#12833=DIRECTION('ref_axis',(-5.55111512312579E-15,0.,-1.));
#12834=DIRECTION('center_axis',(1.,1.21820468818596E-16,3.49148133884313E-15));
#12835=DIRECTION('ref_axis',(3.49148133884313E-15,0.,-1.));
#12836=DIRECTION('',(0.,-4.8186763221578E-16,1.));
#12837=DIRECTION('',(-3.49148133884313E-15,0.,1.));
#12838=DIRECTION('',(0.,1.,4.06575814682063E-16));
#12839=DIRECTION('center_axis',(0.,-1.,-4.06575814682063E-16));
#12840=DIRECTION('ref_axis',(0.,4.06575814682063E-16,-1.));
#12841=DIRECTION('center_axis',(2.68031548330893E-14,1.,2.68031548330894E-14));
#12842=DIRECTION('ref_axis',(1.,-2.59052039079203E-14,1.8503717077086E-15));
#12843=DIRECTION('',(0.,1.,0.));
#12844=DIRECTION('center_axis',(8.93438494436311E-15,-1.,8.93438494436315E-15));
#12845=DIRECTION('ref_axis',(-1.85037170770859E-15,7.40148683083437E-15,
1.));
#12846=DIRECTION('center_axis',(1.,1.21820468818596E-16,3.49148133884313E-15));
#12847=DIRECTION('ref_axis',(3.49148133884313E-15,0.,-1.));
#12848=DIRECTION('',(0.,4.8186763221578E-16,-1.));
#12849=DIRECTION('',(0.,1.,4.06575814682063E-16));
#12850=DIRECTION('',(-3.49148133884313E-15,0.,1.));
#12851=DIRECTION('center_axis',(0.,0.,1.));
#12852=DIRECTION('ref_axis',(1.,0.,0.));
#12853=DIRECTION('',(-1.,-5.90147066221947E-32,-2.84372769459459E-47));
#12854=DIRECTION('',(-1.,0.,0.));
#12855=DIRECTION('center_axis',(2.40370335797949E-15,1.38777878078145E-15,
-1.));
#12856=DIRECTION('ref_axis',(0.,1.,1.38777878078144E-15));
#12857=DIRECTION('center_axis',(0.,0.,-1.));
#12858=DIRECTION('ref_axis',(5.55111512312578E-15,-1.,0.));
#12859=DIRECTION('',(-1.,8.67361737988403E-16,0.));
#12860=DIRECTION('center_axis',(1.9626155733548E-15,4.73817313491769E-15,
-1.));
#12861=DIRECTION('ref_axis',(-1.,-1.11022302462515E-14,-1.38777878078144E-15));
#12862=DIRECTION('',(-1.,0.,0.));
#12863=DIRECTION('',(0.,-1.,0.));
#12864=DIRECTION('center_axis',(0.,0.,-1.));
#12865=DIRECTION('ref_axis',(0.219688631009059,-0.97557004126068,0.));
#12866=DIRECTION('',(-0.975570041260681,-0.219688631009054,0.));
#12867=DIRECTION('center_axis',(0.,0.,-1.));
#12868=DIRECTION('ref_axis',(-1.,0.,0.));
#12869=DIRECTION('',(0.,1.,0.));
#12870=DIRECTION('',(0.,-1.,0.));
#12871=DIRECTION('center_axis',(-9.21483240448257E-16,3.99712991243959E-15,
-1.));
#12872=DIRECTION('ref_axis',(-0.21968863100904,-0.975570041260685,-4.16333634234428E-15));
#12873=DIRECTION('',(-0.975570041260681,0.219688631009054,0.));
#12874=DIRECTION('center_axis',(0.,0.,-1.));
#12875=DIRECTION('ref_axis',(-1.,-1.11022302462513E-14,0.));
#12876=DIRECTION('',(0.,1.,0.));
#12877=DIRECTION('',(-1.,0.,0.));
#12878=DIRECTION('center_axis',(-6.70078870827243E-15,6.70078870827243E-15,
-1.));
#12879=DIRECTION('ref_axis',(1.11022302462514E-14,-1.,-6.93889390390715E-15));
#12880=DIRECTION('',(-1.,-8.67361737988403E-16,0.));
#12881=DIRECTION('center_axis',(2.7439051928822E-15,1.03036983283496E-14,
-1.));
#12882=DIRECTION('ref_axis',(-0.866025403784442,-0.499999999999994,-6.93889390390713E-15));
#12883=DIRECTION('center_axis',(-3.79148213876094E-15,-3.791482138761E-15,
-1.));
#12884=DIRECTION('ref_axis',(0.866025403784432,0.500000000000012,-5.55111512312578E-15));
#12885=DIRECTION('',(-1.,0.,0.));
#12886=DIRECTION('',(-1.,5.90147066221947E-32,2.84372769459459E-47));
#12887=DIRECTION('center_axis',(0.,0.,-1.));
#12888=DIRECTION('ref_axis',(0.79999999999999,0.600000000000013,0.));
#12889=DIRECTION('center_axis',(2.16357070367124E-15,2.59241793136567E-15,
-1.));
#12890=DIRECTION('ref_axis',(-0.799999999999997,-0.600000000000004,-3.12250225675823E-15));
#12891=DIRECTION('',(-1.,0.,0.));
#12892=DIRECTION('center_axis',(0.,0.,-1.));
#12893=DIRECTION('ref_axis',(0.935685239906168,0.352835842597853,0.));
#12894=DIRECTION('',(-0.352835842597857,0.935685239906166,0.));
#12895=DIRECTION('center_axis',(0.,0.,-1.));
#12896=DIRECTION('ref_axis',(0.981833685817259,0.189743546384311,0.));
#12897=DIRECTION('',(0.,-1.,0.));
#12898=DIRECTION('center_axis',(0.,0.,-1.));
#12899=DIRECTION('ref_axis',(-5.55111512312584E-15,-1.,0.));
#12900=DIRECTION('',(-1.,0.,0.));
#12901=DIRECTION('',(0.,1.,0.));
#12902=DIRECTION('',(1.,0.,0.));
#12903=DIRECTION('center_axis',(0.,0.,-1.));
#12904=DIRECTION('ref_axis',(1.,0.,0.));
#12905=DIRECTION('',(0.,-1.,0.));
#12906=DIRECTION('',(1.,0.,0.));
#12907=DIRECTION('',(0.,1.,0.));
#12908=DIRECTION('center_axis',(0.,0.,-1.));
#12909=DIRECTION('ref_axis',(-0.21968863100905,0.975570041260682,0.));
#12910=DIRECTION('',(0.975570041260681,0.219688631009054,0.));
#12911=DIRECTION('center_axis',(0.,0.,-1.));
#12912=DIRECTION('ref_axis',(1.,0.,0.));
#12913=DIRECTION('',(0.,-1.,0.));
#12914=DIRECTION('',(0.,1.,0.));
#12915=DIRECTION('center_axis',(0.,0.,-1.));
#12916=DIRECTION('ref_axis',(0.219688631009066,0.975570041260679,0.));
#12917=DIRECTION('',(0.975570041260682,-0.219688631009053,0.));
#12918=DIRECTION('center_axis',(0.,0.,-1.));
#12919=DIRECTION('ref_axis',(1.,1.11022302462514E-14,0.));
#12920=DIRECTION('',(0.,-1.,0.));
#12921=DIRECTION('',(1.,0.,0.));
#12922=DIRECTION('',(0.,1.,0.));
#12923=DIRECTION('center_axis',(-4.73817313491761E-15,1.96261557335471E-15,
-1.));
#12924=DIRECTION('ref_axis',(-8.32667268468867E-15,1.,1.38777878078144E-15));
#12925=DIRECTION('',(1.,0.,0.));
#12926=DIRECTION('',(0.,-1.,0.));
#12927=DIRECTION('',(-1.,0.,0.));
#12928=DIRECTION('center_axis',(0.,0.,-1.));
#12929=DIRECTION('ref_axis',(-1.,0.,0.));
#12930=DIRECTION('',(0.,1.,0.));
#12931=DIRECTION('center_axis',(0.,0.,-1.));
#12932=DIRECTION('ref_axis',(0.184688441492559,0.982797120253743,0.));
#12933=DIRECTION('',(-0.352835842597857,-0.935685239906166,0.));
#12934=DIRECTION('center_axis',(0.,0.,-1.));
#12935=DIRECTION('ref_axis',(-1.38777878078144E-15,1.,0.));
#12936=DIRECTION('',(-1.,0.,0.));
#12937=DIRECTION('center_axis',(0.,0.,-1.));
#12938=DIRECTION('ref_axis',(4.85722573273503E-15,-1.,0.));
#12939=DIRECTION('center_axis',(4.32714140734246E-15,-5.18483586273136E-15,
-1.));
#12940=DIRECTION('ref_axis',(-1.11022302462512E-14,1.,-5.55111512312559E-15));
#12941=DIRECTION('center_axis',(0.,0.,-1.));
#12942=DIRECTION('ref_axis',(-1.,0.,0.));
#12943=DIRECTION('center_axis',(-1.,0.,-3.49148133884313E-15));
#12944=DIRECTION('ref_axis',(-3.49148133884313E-15,0.,1.));
#12945=DIRECTION('',(1.,0.,0.));
#12946=DIRECTION('center_axis',(-1.,-1.06260198549819E-14,-1.61771349781077E-14));
#12947=DIRECTION('ref_axis',(-1.11022302462516E-14,1.,3.46944695195361E-15));
#12948=DIRECTION('',(-1.,0.,-3.49148133884313E-15));
#12949=DIRECTION('center_axis',(-1.,2.77555756156287E-15,-2.77555756156291E-15));
#12950=DIRECTION('ref_axis',(2.77555756156289E-15,1.,-3.46944695195361E-15));
#12951=DIRECTION('center_axis',(0.,1.,0.));
#12952=DIRECTION('ref_axis',(0.,0.,1.));
#12953=DIRECTION('',(1.,0.,3.49148133884313E-15));
#12954=DIRECTION('',(3.49148133884313E-15,0.,-1.));
#12955=DIRECTION('',(3.49148133884313E-15,0.,-1.));
#12956=DIRECTION('center_axis',(-3.49148133884313E-15,0.,1.));
#12957=DIRECTION('ref_axis',(1.,0.,3.49148133884313E-15));
#12958=DIRECTION('',(-1.,0.,-3.49148133884313E-15));
#12959=DIRECTION('',(0.,1.,0.));
#12960=DIRECTION('',(0.,1.,0.));
#12961=DIRECTION('center_axis',(-1.,0.,-3.49148133884313E-15));
#12962=DIRECTION('ref_axis',(-3.49148133884313E-15,0.,1.));
#12963=DIRECTION('center_axis',(1.,2.77555756156286E-15,2.77555756156292E-15));
#12964=DIRECTION('ref_axis',(-2.77555756156289E-15,1.,0.));
#12965=DIRECTION('center_axis',(1.,3.58849954977102E-15,1.02892882580434E-14));
#12966=DIRECTION('ref_axis',(-2.77555756156289E-15,1.,3.46944695195361E-15));
#12967=DIRECTION('',(1.,0.,0.));
#12968=DIRECTION('center_axis',(-1.,0.,-3.49148133884313E-15));
#12969=DIRECTION('ref_axis',(-3.49148133884313E-15,0.,1.));
#12970=DIRECTION('center_axis',(1.,3.8860602810836E-15,5.8767128734985E-15));
#12971=DIRECTION('ref_axis',(5.5511151231257E-15,-0.250000000000002,-0.968245836551854));
#12972=DIRECTION('',(-1.,0.,0.));
#12973=DIRECTION('center_axis',(1.,3.85088041100144E-15,5.8494626633085E-15));
#12974=DIRECTION('ref_axis',(5.55111512312583E-15,-0.249999999999986,-0.968245836551858));
#12975=DIRECTION('',(1.,0.,3.49148133884313E-15));
#12976=DIRECTION('center_axis',(-1.,0.,-3.49148133884313E-15));
#12977=DIRECTION('ref_axis',(-3.49148133884313E-15,0.,1.));
#12978=DIRECTION('',(1.,2.48470690047236E-30,1.76823754220625E-45));
#12979=DIRECTION('center_axis',(-1.,2.8454993092314E-15,-3.52905275933944E-15));
#12980=DIRECTION('ref_axis',(2.77555756156289E-15,1.,-4.85722573273506E-15));
#12981=DIRECTION('center_axis',(-1.,-1.07532284943871E-15,-9.43269206743301E-15));
#12982=DIRECTION('ref_axis',(0.,1.,-3.46944695195361E-16));
#12983=DIRECTION('center_axis',(-2.48470690047236E-30,1.,7.11648340442124E-16));
#12984=DIRECTION('ref_axis',(0.,-7.11648340442124E-16,1.));
#12985=DIRECTION('',(1.,0.,3.49148133884313E-15));
#12986=DIRECTION('',(3.49148133884313E-15,0.,-1.));
#12987=DIRECTION('',(3.49148133884313E-15,0.,-1.));
#12988=DIRECTION('center_axis',(-1.,0.,-3.49148133884313E-15));
#12989=DIRECTION('ref_axis',(-3.49148133884313E-15,0.,1.));
#12990=DIRECTION('',(1.,0.,3.49148133884313E-15));
#12991=DIRECTION('center_axis',(-1.,-4.73817313491759E-15,1.9626155733547E-15));
#12992=DIRECTION('ref_axis',(-2.77555756156289E-15,0.,-1.));
#12993=DIRECTION('center_axis',(-1.,-2.77555756156287E-15,-2.7755575615629E-15));
#12994=DIRECTION('ref_axis',(2.7755575615629E-15,0.,-1.));
#12995=DIRECTION('center_axis',(-2.84958289500712E-16,0.999390827019096,
-0.0348994967025045));
#12996=DIRECTION('ref_axis',(4.46815747097839E-31,0.0348994967025045,0.999390827019096));
#12997=DIRECTION('',(5.61716664399937E-16,-0.999390827019096,0.0348994967025046));
#12998=DIRECTION('center_axis',(0.,0.,-1.));
#12999=DIRECTION('ref_axis',(-1.,0.,0.));
#13000=DIRECTION('',(-0.707106781186629,0.707106781186466,0.));
#13001=DIRECTION('center_axis',(0.,0.,1.));
#13002=DIRECTION('ref_axis',(0.707106781186539,0.707106781186556,0.));
#13003=DIRECTION('',(0.,1.,0.));
#13004=DIRECTION('',(-1.,0.,0.));
#13005=DIRECTION('',(0.,-1.,0.));
#13006=DIRECTION('',(1.,2.89120579329468E-16,0.));
#13007=DIRECTION('',(0.,1.,0.));
#13008=DIRECTION('',(-1.,0.,0.));
#13009=DIRECTION('',(0.,-1.,0.));
#13010=DIRECTION('center_axis',(0.,0.,1.));
#13011=DIRECTION('ref_axis',(-1.,0.,0.));
#13012=DIRECTION('',(-0.70710678118665,-0.707106781186446,0.));
#13013=DIRECTION('center_axis',(0.,-1.,0.));
#13014=DIRECTION('ref_axis',(0.,0.,-1.));
#13015=DIRECTION('',(0.,1.,0.));
#13016=DIRECTION('center_axis',(0.,-1.,0.));
#13017=DIRECTION('ref_axis',(-1.,0.,9.251858538543E-16));
#13018=DIRECTION('center_axis',(0.,-1.,0.));
#13019=DIRECTION('ref_axis',(-1.,0.,9.251858538543E-16));
#13020=DIRECTION('center_axis',(0.,-1.,0.));
#13021=DIRECTION('ref_axis',(0.,0.,-1.));
#13022=DIRECTION('',(-1.,0.,0.));
#13023=DIRECTION('',(0.,0.,1.));
#13024=DIRECTION('',(0.,0.,-1.));
#13025=DIRECTION('center_axis',(0.,0.,1.));
#13026=DIRECTION('ref_axis',(1.,0.,0.));
#13027=DIRECTION('center_axis',(0.,0.,-1.));
#13028=DIRECTION('ref_axis',(0.,-1.,0.));
#13029=DIRECTION('',(0.,0.,1.));
#13030=DIRECTION('center_axis',(8.67361737988403E-16,-1.,0.));
#13031=DIRECTION('ref_axis',(1.,8.67361737988403E-16,0.));
#13032=DIRECTION('',(-1.,0.,0.));
#13033=DIRECTION('',(0.,0.,1.));
#13034=DIRECTION('center_axis',(0.,0.,1.));
#13035=DIRECTION('ref_axis',(1.,0.,0.));
#13036=DIRECTION('center_axis',(0.,0.,-1.));
#13037=DIRECTION('ref_axis',(-0.866025403784442,-0.499999999999994,0.));
#13038=DIRECTION('',(0.,0.,-1.));
#13039=DIRECTION('center_axis',(0.,0.,1.));
#13040=DIRECTION('ref_axis',(1.,0.,0.));
#13041=DIRECTION('center_axis',(3.79148213876094E-15,3.791482138761E-15,
1.));
#13042=DIRECTION('ref_axis',(0.,1.,-4.16333634234433E-15));
#13043=DIRECTION('',(0.,0.,1.));
#13044=DIRECTION('center_axis',(0.,-1.,0.));
#13045=DIRECTION('ref_axis',(0.,0.,-1.));
#13046=DIRECTION('',(-1.,0.,0.));
#13047=DIRECTION('center_axis',(0.,-1.,0.));
#13048=DIRECTION('ref_axis',(-1.,0.,-4.16333634234436E-15));
#13049=DIRECTION('center_axis',(0.,-1.,-4.06575814682063E-16));
#13050=DIRECTION('ref_axis',(0.,4.06575814682063E-16,-1.));
#13051=DIRECTION('',(0.,-1.,0.));
#13052=DIRECTION('center_axis',(0.,1.,0.));
#13053=DIRECTION('ref_axis',(5.55111512312581E-15,0.,1.));
#13054=DIRECTION('center_axis',(-5.90147066221947E-32,-1.,-4.8186763221578E-16));
#13055=DIRECTION('ref_axis',(0.,4.8186763221578E-16,-1.));
#13056=DIRECTION('',(1.,0.,0.));
#13057=DIRECTION('',(0.,-4.8186763221578E-16,1.));
#13058=DIRECTION('center_axis',(0.,4.8186763221578E-16,-1.));
#13059=DIRECTION('ref_axis',(0.,1.,4.8186763221578E-16));
#13060=DIRECTION('center_axis',(0.,0.,-1.));
#13061=DIRECTION('ref_axis',(0.79999999999999,0.600000000000013,0.));
#13062=DIRECTION('',(0.,4.8186763221578E-16,-1.));
#13063=DIRECTION('center_axis',(0.,4.8186763221578E-16,-1.));
#13064=DIRECTION('ref_axis',(0.,1.,4.8186763221578E-16));
#13065=DIRECTION('center_axis',(0.,0.,1.));
#13066=DIRECTION('ref_axis',(-2.77555756156287E-15,-1.,0.));
#13067=DIRECTION('',(0.,4.06575814682063E-16,-1.));
#13068=DIRECTION('center_axis',(0.,-1.,-4.06575814682063E-16));
#13069=DIRECTION('ref_axis',(0.,4.06575814682063E-16,-1.));
#13070=DIRECTION('',(1.,0.,0.));
#13071=DIRECTION('',(0.,0.,1.));
#13072=DIRECTION('center_axis',(0.,0.,-1.));
#13073=DIRECTION('ref_axis',(-1.,0.,0.));
#13074=DIRECTION('',(0.,0.,-1.));
#13075=DIRECTION('center_axis',(0.,0.,-1.));
#13076=DIRECTION('ref_axis',(0.93568523990617,0.352835842597847,0.));
#13077=DIRECTION('center_axis',(-0.935685239906166,-0.352835842597857,0.));
#13078=DIRECTION('ref_axis',(0.352835842597857,-0.935685239906166,0.));
#13079=DIRECTION('',(0.352835842597856,-0.935685239906167,0.));
#13080=DIRECTION('',(0.,0.,1.));
#13081=DIRECTION('center_axis',(0.,0.,-1.));
#13082=DIRECTION('ref_axis',(-1.,0.,0.));
#13083=DIRECTION('',(0.,0.,1.));
#13084=DIRECTION('center_axis',(0.,0.,-1.));
#13085=DIRECTION('ref_axis',(0.981833685817259,0.189743546384311,0.));
#13086=DIRECTION('center_axis',(1.,0.,0.));
#13087=DIRECTION('ref_axis',(0.,0.,-1.));
#13088=DIRECTION('',(0.,0.,1.));
#13089=DIRECTION('',(0.,-1.,0.));
#13090=DIRECTION('center_axis',(-1.,0.,3.49148133884313E-15));
#13091=DIRECTION('ref_axis',(3.49148133884313E-15,0.,1.));
#13092=DIRECTION('',(0.,-1.,0.));
#13093=DIRECTION('',(-3.49148133884313E-15,0.,-1.));
#13094=DIRECTION('',(0.,1.,0.));
#13095=DIRECTION('',(3.49148133884313E-15,0.,1.));
#13096=DIRECTION('',(-3.49148133884313E-15,0.,-1.));
#13097=DIRECTION('center_axis',(-1.,0.,3.49148133884313E-15));
#13098=DIRECTION('ref_axis',(3.49148133884313E-15,0.,1.));
#13099=DIRECTION('',(0.,-1.,0.));
#13100=DIRECTION('',(-3.49148133884313E-15,0.,-1.));
#13101=DIRECTION('',(0.,-1.,0.));
#13102=DIRECTION('',(3.49148133884313E-15,0.,1.));
#13103=DIRECTION('',(0.,1.,0.));
#13104=DIRECTION('',(-3.49148133884313E-15,0.,-1.));
#13105=DIRECTION('center_axis',(0.,-1.,0.));
#13106=DIRECTION('ref_axis',(0.,0.,-1.));
#13107=DIRECTION('',(-1.,0.,0.));
#13108=DIRECTION('',(-1.,0.,0.));
#13109=DIRECTION('',(-1.,0.,0.));
#13110=DIRECTION('',(0.,0.,-1.));
#13111=DIRECTION('',(1.,0.,0.));
#13112=DIRECTION('',(0.,0.,1.));
#13113=DIRECTION('',(1.,0.,0.));
#13114=DIRECTION('',(0.,0.,-1.));
#13115=DIRECTION('center_axis',(0.,-1.,0.));
#13116=DIRECTION('ref_axis',(0.,0.,-1.));
#13117=DIRECTION('',(0.,0.,1.));
#13118=DIRECTION('',(1.,0.,0.));
#13119=DIRECTION('',(0.,0.,-1.));
#13120=DIRECTION('',(1.,0.,0.));
#13121=DIRECTION('',(0.,0.,1.));
#13122=DIRECTION('',(1.,0.,0.));
#13123=DIRECTION('',(1.,0.,0.));
#13124=DIRECTION('',(-1.,0.,0.));
#13125=DIRECTION('center_axis',(1.,0.,0.));
#13126=DIRECTION('ref_axis',(0.,0.,-1.));
#13127=DIRECTION('',(0.,-1.,0.));
#13128=DIRECTION('',(0.,0.,1.));
#13129=DIRECTION('center_axis',(0.,0.,-1.));
#13130=DIRECTION('ref_axis',(-1.,0.,0.));
#13131=DIRECTION('',(0.,0.,1.));
#13132=DIRECTION('center_axis',(0.,0.,-1.));
#13133=DIRECTION('ref_axis',(-0.219688631009051,-0.975570041260682,0.));
#13134=DIRECTION('center_axis',(-0.219688631009054,-0.975570041260682,0.));
#13135=DIRECTION('ref_axis',(0.975570041260682,-0.219688631009054,0.));
#13136=DIRECTION('',(0.,0.,1.));
#13137=DIRECTION('',(-0.975570041260681,0.219688631009055,0.));
#13138=DIRECTION('center_axis',(0.,0.,1.));
#13139=DIRECTION('ref_axis',(1.,0.,0.));
#13140=DIRECTION('center_axis',(0.,0.,-1.));
#13141=DIRECTION('ref_axis',(-1.,0.,0.));
#13142=DIRECTION('',(0.,0.,1.));
#13143=DIRECTION('center_axis',(-1.,0.,0.));
#13144=DIRECTION('ref_axis',(0.,0.,1.));
#13145=DIRECTION('',(0.,1.,0.));
#13146=DIRECTION('',(0.,1.,0.));
#13147=DIRECTION('center_axis',(-0.707106781186545,-0.70710678118655,-1.0842021724855E-18));
#13148=DIRECTION('ref_axis',(0.70710678118655,-0.707106781186545,0.));
#13149=DIRECTION('',(-0.707106781186549,0.707106781186546,0.));
#13150=DIRECTION('',(-1.73472347597681E-18,-3.34360398490639E-19,-1.));
#13151=DIRECTION('center_axis',(-1.73472347597681E-18,-3.34360398490639E-19,
-1.));
#13152=DIRECTION('ref_axis',(-1.,5.80022832698672E-37,1.73472347597681E-18));
#13153=DIRECTION('center_axis',(-2.61749558916885E-15,1.08420217248553E-15,
1.));
#13154=DIRECTION('ref_axis',(1.04083408558606E-14,1.,-1.08420217248548E-15));
#13155=DIRECTION('',(0.,3.34360398490639E-19,1.));
#13156=DIRECTION('center_axis',(1.33339677328729E-22,-1.,3.34360398490639E-19));
#13157=DIRECTION('ref_axis',(0.,-3.34360398490639E-19,-1.));
#13158=DIRECTION('',(-1.73472347597681E-18,-3.34360398490639E-19,-1.));
#13159=DIRECTION('',(-1.,0.,0.));
#13160=DIRECTION('center_axis',(-1.73472347597681E-18,-3.34360398490639E-19,
-1.));
#13161=DIRECTION('ref_axis',(-1.,5.80022832698672E-37,1.73472347597681E-18));
#13162=DIRECTION('center_axis',(1.57912380233522E-15,3.74235718566984E-17,
1.));
#13163=DIRECTION('ref_axis',(-0.707106781186549,0.707106781186546,1.08420217248552E-15));
#13164=DIRECTION('',(-6.13317366673348E-19,6.13317366673351E-19,1.));
#13165=DIRECTION('center_axis',(0.707106781186546,-0.707106781186549,8.67361737988403E-19));
#13166=DIRECTION('ref_axis',(0.707106781186549,0.707106781186546,0.));
#13167=DIRECTION('',(-0.707106781186545,-0.70710678118655,0.));
#13168=DIRECTION('center_axis',(-0.707106781186545,0.70710678118655,0.));
#13169=DIRECTION('ref_axis',(-0.70710678118655,-0.707106781186545,0.));
#13170=DIRECTION('',(0.707106781186547,0.707106781186547,0.));
#13171=DIRECTION('',(0.,0.,-1.));
#13172=DIRECTION('',(-0.707106781186547,-0.707106781186547,0.));
#13173=DIRECTION('center_axis',(0.,0.,1.));
#13174=DIRECTION('ref_axis',(1.,0.,0.));
#13175=DIRECTION('center_axis',(0.,0.,1.));
#13176=DIRECTION('ref_axis',(1.,0.,0.));
#13177=DIRECTION('',(0.,0.,1.));
#13178=DIRECTION('center_axis',(0.,0.,-1.));
#13179=DIRECTION('ref_axis',(0.707106781186547,-0.707106781186547,0.));
#13180=DIRECTION('center_axis',(0.,0.,-1.));
#13181=DIRECTION('ref_axis',(-1.,0.,0.));
#13182=DIRECTION('',(0.,0.,1.));
#13183=DIRECTION('',(0.,0.,-1.));
#13184=DIRECTION('center_axis',(0.,0.,-1.));
#13185=DIRECTION('ref_axis',(-1.,1.11022302462517E-14,0.));
#13186=DIRECTION('center_axis',(-1.,0.,0.));
#13187=DIRECTION('ref_axis',(0.,0.,1.));
#13188=DIRECTION('',(0.,1.,0.));
#13189=DIRECTION('center_axis',(0.707106781186545,0.70710678118655,0.));
#13190=DIRECTION('ref_axis',(-0.70710678118655,0.707106781186545,0.));
#13191=DIRECTION('',(-0.707106781186547,0.707106781186547,0.));
#13192=DIRECTION('',(0.,0.,1.));
#13193=DIRECTION('',(0.707106781186527,-0.707106781186568,0.));
#13194=DIRECTION('center_axis',(0.,0.,1.));
#13195=DIRECTION('ref_axis',(1.,0.,0.));
#13196=DIRECTION('center_axis',(0.,0.,1.));
#13197=DIRECTION('ref_axis',(-0.707106781186544,-0.707106781186551,0.));
#13198=DIRECTION('center_axis',(0.,0.,-1.));
#13199=DIRECTION('ref_axis',(-1.,1.11022302462517E-14,0.));
#13200=DIRECTION('',(0.,0.,-1.));
#13201=DIRECTION('center_axis',(0.,0.,1.));
#13202=DIRECTION('ref_axis',(1.,0.,0.));
#13203=DIRECTION('',(0.,0.,-1.));
#13204=DIRECTION('center_axis',(0.,0.,-1.));
#13205=DIRECTION('ref_axis',(0.219688631009061,-0.97557004126068,0.));
#13206=DIRECTION('',(0.,0.,1.));
#13207=DIRECTION('center_axis',(0.219688631009054,-0.975570041260682,0.));
#13208=DIRECTION('ref_axis',(0.975570041260682,0.219688631009054,0.));
#13209=DIRECTION('',(-0.975570041260681,-0.219688631009055,0.));
#13210=DIRECTION('center_axis',(1.,0.,0.));
#13211=DIRECTION('ref_axis',(0.,0.,-1.));
#13212=DIRECTION('center_axis',(1.,0.,0.));
#13213=DIRECTION('ref_axis',(0.,-0.0227279346416644,-0.999741687130693));
#13214=DIRECTION('',(1.,0.,0.));
#13215=DIRECTION('center_axis',(1.,-1.39417464292552E-14,-1.85439319492057E-14));
#13216=DIRECTION('ref_axis',(-1.88737914186277E-14,4.44089209850065E-15,
-1.));
#13217=DIRECTION('',(-1.,0.,0.));
#13218=DIRECTION('center_axis',(0.,0.,1.));
#13219=DIRECTION('ref_axis',(1.,0.,0.));
#13220=DIRECTION('',(1.,0.,0.));
#13221=DIRECTION('',(0.,1.,0.));
#13222=DIRECTION('',(0.,-1.,0.));
#13223=DIRECTION('center_axis',(1.,0.,0.));
#13224=DIRECTION('ref_axis',(0.,0.,-1.));
#13225=DIRECTION('center_axis',(-1.,-2.69694242810248E-15,-2.72058098332589E-15));
#13226=DIRECTION('ref_axis',(2.22044604925031E-15,-0.999961923064171,-0.00872653549836675));
#13227=DIRECTION('',(-1.,0.,0.));
#13228=DIRECTION('center_axis',(0.,0.999961923064171,0.00872653549836698));
#13229=DIRECTION('ref_axis',(0.,-0.00872653549836698,0.999961923064171));
#13230=DIRECTION('',(-1.,0.,0.));
#13231=DIRECTION('',(0.,-0.00872653549836732,0.999961923064171));
#13232=DIRECTION('center_axis',(0.,-1.,0.));
#13233=DIRECTION('ref_axis',(0.,0.,-1.));
#13234=DIRECTION('',(0.,-1.,0.));
#13235=DIRECTION('center_axis',(0.,-1.,0.));
#13236=DIRECTION('ref_axis',(9.25185853854296E-16,0.,1.));
#13237=DIRECTION('center_axis',(0.,-1.,0.));
#13238=DIRECTION('ref_axis',(-9.25185853854297E-16,0.,1.));
#13239=DIRECTION('center_axis',(-1.,0.,0.));
#13240=DIRECTION('ref_axis',(0.,0.,1.));
#13241=DIRECTION('',(0.,0.,1.));
#13242=DIRECTION('',(0.,0.,-1.));
#13243=DIRECTION('',(0.,1.,0.));
#13244=DIRECTION('center_axis',(0.,0.,-1.));
#13245=DIRECTION('ref_axis',(-1.,0.,0.));
#13246=DIRECTION('',(0.,0.,-1.));
#13247=DIRECTION('center_axis',(0.,0.,-1.));
#13248=DIRECTION('ref_axis',(0.184688441492559,0.982797120253743,0.));
#13249=DIRECTION('center_axis',(0.935685239906166,-0.352835842597857,0.));
#13250=DIRECTION('ref_axis',(0.352835842597857,0.935685239906166,0.));
#13251=DIRECTION('',(0.352835842597855,0.935685239906167,0.));
#13252=DIRECTION('',(0.,0.,1.));
#13253=DIRECTION('center_axis',(0.,0.,-1.));
#13254=DIRECTION('ref_axis',(-1.,0.,0.));
#13255=DIRECTION('',(0.,4.06575814682063E-16,-1.));
#13256=DIRECTION('center_axis',(0.,0.,-1.));
#13257=DIRECTION('ref_axis',(5.55111512312581E-15,1.,0.));
#13258=DIRECTION('center_axis',(0.,-1.,-4.06575814682063E-16));
#13259=DIRECTION('ref_axis',(0.,4.06575814682063E-16,-1.));
#13260=DIRECTION('',(1.,0.,0.));
#13261=DIRECTION('',(0.,4.8186763221578E-16,-1.));
#13262=DIRECTION('center_axis',(0.,4.8186763221578E-16,-1.));
#13263=DIRECTION('ref_axis',(0.,1.,4.8186763221578E-16));
#13264=DIRECTION('center_axis',(0.,0.,1.));
#13265=DIRECTION('ref_axis',(0.800000000000001,-0.599999999999999,0.));
#13266=DIRECTION('',(0.,-4.8186763221578E-16,1.));
#13267=DIRECTION('center_axis',(0.,4.8186763221578E-16,-1.));
#13268=DIRECTION('ref_axis',(0.,1.,4.8186763221578E-16));
#13269=DIRECTION('center_axis',(0.,0.,-1.));
#13270=DIRECTION('ref_axis',(-1.66533453693768E-14,1.,0.));
#13271=DIRECTION('',(0.,4.8186763221578E-16,-1.));
#13272=DIRECTION('center_axis',(5.90147066221947E-32,-1.,-4.8186763221578E-16));
#13273=DIRECTION('ref_axis',(0.,4.8186763221578E-16,-1.));
#13274=DIRECTION('',(1.,0.,0.));
#13275=DIRECTION('center_axis',(0.,1.,0.));
#13276=DIRECTION('ref_axis',(1.,0.,-1.38777878078145E-15));
#13277=DIRECTION('center_axis',(0.,-1.,-4.06575814682063E-16));
#13278=DIRECTION('ref_axis',(0.,4.06575814682063E-16,-1.));
#13279=DIRECTION('',(0.,1.,0.));
#13280=DIRECTION('center_axis',(0.,-1.,0.));
#13281=DIRECTION('ref_axis',(0.,0.,1.));
#13282=DIRECTION('center_axis',(0.,-1.,0.));
#13283=DIRECTION('ref_axis',(0.,0.,-1.));
#13284=DIRECTION('',(0.,0.,-1.));
#13285=DIRECTION('',(-1.,0.,0.));
#13286=DIRECTION('center_axis',(0.,0.,1.));
#13287=DIRECTION('ref_axis',(1.,0.,0.));
#13288=DIRECTION('center_axis',(1.38777878078145E-15,-5.17926091954245E-15,
1.));
#13289=DIRECTION('ref_axis',(-0.866025403784432,0.500000000000012,4.16333634234434E-15));
#13290=DIRECTION('',(0.,0.,1.));
#13291=DIRECTION('center_axis',(0.,0.,1.));
#13292=DIRECTION('ref_axis',(1.,0.,0.));
#13293=DIRECTION('center_axis',(-1.38777878078153E-15,5.17926091954238E-15,
-1.));
#13294=DIRECTION('ref_axis',(1.6653345369377E-14,-1.,-5.55111512312565E-15));
#13295=DIRECTION('',(0.,0.,1.));
#13296=DIRECTION('center_axis',(-8.67361737988403E-16,-1.,0.));
#13297=DIRECTION('ref_axis',(1.,-8.67361737988403E-16,0.));
#13298=DIRECTION('',(-1.,0.,0.));
#13299=DIRECTION('',(0.,0.,1.));
#13300=DIRECTION('center_axis',(0.,0.,1.));
#13301=DIRECTION('ref_axis',(1.,0.,0.));
#13302=DIRECTION('center_axis',(0.,0.,-1.));
#13303=DIRECTION('ref_axis',(-1.,0.,0.));
#13304=DIRECTION('',(0.,0.,1.));
#13305=DIRECTION('center_axis',(0.,-1.,0.));
#13306=DIRECTION('ref_axis',(0.,0.,-1.));
#13307=DIRECTION('',(-1.,0.,0.));
#13308=DIRECTION('',(0.,0.,1.));
#13309=DIRECTION('center_axis',(1.,0.,0.));
#13310=DIRECTION('ref_axis',(0.,0.,-1.));
#13311=DIRECTION('',(0.,-1.,0.));
#13312=DIRECTION('',(0.,-1.,0.));
#13313=DIRECTION('center_axis',(1.,0.,3.49148133884313E-15));
#13314=DIRECTION('ref_axis',(3.49148133884313E-15,0.,-1.));
#13315=DIRECTION('',(0.,-1.,0.));
#13316=DIRECTION('',(-3.49148133884313E-15,0.,1.));
#13317=DIRECTION('',(0.,1.,0.));
#13318=DIRECTION('',(-3.49148133884313E-15,0.,1.));
#13319=DIRECTION('',(3.49148133884313E-15,0.,-1.));
#13320=DIRECTION('center_axis',(1.,0.,3.49148133884313E-15));
#13321=DIRECTION('ref_axis',(3.49148133884313E-15,0.,-1.));
#13322=DIRECTION('',(0.,-1.,0.));
#13323=DIRECTION('',(3.49148133884313E-15,0.,-1.));
#13324=DIRECTION('',(0.,1.,0.));
#13325=DIRECTION('',(-3.49148133884313E-15,0.,1.));
#13326=DIRECTION('',(0.,1.,0.));
#13327=DIRECTION('',(-3.49148133884313E-15,0.,1.));
#13328=DIRECTION('center_axis',(-2.89120579329468E-16,1.,0.));
#13329=DIRECTION('ref_axis',(-1.,-2.89120579329468E-16,0.));
#13330=DIRECTION('',(0.,0.,1.));
#13331=DIRECTION('',(1.,0.,1.44560289664734E-16));
#13332=DIRECTION('',(0.,0.,-1.));
#13333=DIRECTION('center_axis',(1.80700362080918E-16,1.,0.));
#13334=DIRECTION('ref_axis',(-1.,1.80700362080918E-16,0.));
#13335=DIRECTION('',(-1.,0.,0.));
#13336=DIRECTION('',(0.,0.,1.));
#13337=DIRECTION('',(-1.,0.,0.));
#13338=DIRECTION('center_axis',(0.,0.,1.));
#13339=DIRECTION('ref_axis',(1.,0.,0.));
#13340=DIRECTION('center_axis',(0.,0.,-1.));
#13341=DIRECTION('ref_axis',(0.400000000000015,-0.916515138991162,0.));
#13342=DIRECTION('center_axis',(0.,0.,-1.));
#13343=DIRECTION('ref_axis',(-0.212160146478804,0.977234911495743,0.));
#13344=DIRECTION('',(0.,0.,-1.));
#13345=DIRECTION('center_axis',(0.,0.,-1.));
#13346=DIRECTION('ref_axis',(0.0951594939366269,0.995462038810986,0.));
#13347=DIRECTION('center_axis',(-3.3881317890172E-16,1.,0.));
#13348=DIRECTION('ref_axis',(-1.,-3.3881317890172E-16,0.));
#13349=DIRECTION('',(-1.,0.,0.));
#13350=DIRECTION('center_axis',(-2.68031548330894E-14,-1.,2.68031548330896E-14));
#13351=DIRECTION('ref_axis',(-1.,2.22044604925031E-14,6.93889390390722E-15));
#13352=DIRECTION('center_axis',(0.,-1.,0.));
#13353=DIRECTION('ref_axis',(0.,0.,-1.));
#13354=DIRECTION('center_axis',(0.,1.,0.));
#13355=DIRECTION('ref_axis',(0.,0.,1.));
#13356=DIRECTION('',(0.,-1.,0.));
#13357=DIRECTION('center_axis',(-3.3881317890172E-16,-1.,0.));
#13358=DIRECTION('ref_axis',(1.,-3.3881317890172E-16,0.));
#13359=DIRECTION('',(1.,0.,0.));
#13360=DIRECTION('',(1.,0.,0.));
#13361=DIRECTION('',(0.,0.,1.));
#13362=DIRECTION('center_axis',(0.,0.,1.));
#13363=DIRECTION('ref_axis',(1.,0.,0.));
#13364=DIRECTION('center_axis',(0.,0.,-1.));
#13365=DIRECTION('ref_axis',(1.,0.,0.));
#13366=DIRECTION('',(0.,0.,1.));
#13367=DIRECTION('center_axis',(1.,0.,0.));
#13368=DIRECTION('ref_axis',(0.,0.,-1.));
#13369=DIRECTION('',(0.,-1.,0.));
#13370=DIRECTION('',(0.,-1.,0.));
#13371=DIRECTION('',(0.,0.,1.));
#13372=DIRECTION('center_axis',(1.,0.,0.));
#13373=DIRECTION('ref_axis',(0.,0.,-1.));
#13374=DIRECTION('',(0.,0.,1.));
#13375=DIRECTION('',(0.,1.,0.));
#13376=DIRECTION('',(0.,1.,0.));
#13377=DIRECTION('center_axis',(0.,0.,1.));
#13378=DIRECTION('ref_axis',(1.,0.,0.));
#13379=DIRECTION('',(-1.,0.,0.));
#13380=DIRECTION('center_axis',(0.,0.,-1.));
#13381=DIRECTION('ref_axis',(-1.,0.,0.));
#13382=DIRECTION('',(0.,0.,1.));
#13383=DIRECTION('',(0.,0.,-1.));
#13384=DIRECTION('center_axis',(0.,0.,-1.));
#13385=DIRECTION('ref_axis',(1.,0.,0.));
#13386=DIRECTION('center_axis',(1.,-2.85131984201479E-16,0.));
#13387=DIRECTION('ref_axis',(2.85131984201479E-16,1.,0.));
#13388=DIRECTION('',(0.,-1.,0.));
#13389=DIRECTION('center_axis',(-0.707106781186546,-0.707106781186549,0.));
#13390=DIRECTION('ref_axis',(0.707106781186549,-0.707106781186546,0.));
#13391=DIRECTION('',(0.70710678118665,-0.707106781186446,0.));
#13392=DIRECTION('',(0.,0.,1.));
#13393=DIRECTION('center_axis',(0.,0.,1.));
#13394=DIRECTION('ref_axis',(1.,0.,0.));
#13395=DIRECTION('center_axis',(0.,0.,-1.));
#13396=DIRECTION('ref_axis',(1.,-1.11022302462518E-14,0.));
#13397=DIRECTION('',(0.,0.,-1.));
#13398=DIRECTION('center_axis',(-4.42531498973675E-16,1.,0.));
#13399=DIRECTION('ref_axis',(-1.,-4.42531498973675E-16,0.));
#13400=DIRECTION('',(1.,0.,0.));
#13401=DIRECTION('',(1.,0.,0.));
#13402=DIRECTION('',(0.,0.,1.));
#13403=DIRECTION('center_axis',(-1.,2.85131984201479E-16,0.));
#13404=DIRECTION('ref_axis',(-2.85131984201479E-16,-1.,0.));
#13405=DIRECTION('',(0.,1.,0.));
#13406=DIRECTION('',(0.,0.,1.));
#13407=DIRECTION('center_axis',(0.,0.,-1.));
#13408=DIRECTION('ref_axis',(-1.,0.,0.));
#13409=DIRECTION('',(0.,0.,1.));
#13410=DIRECTION('center_axis',(0.,0.,-1.));
#13411=DIRECTION('ref_axis',(-0.219688631009056,0.975570041260681,0.));
#13412=DIRECTION('center_axis',(-0.219688631009054,0.975570041260682,0.));
#13413=DIRECTION('ref_axis',(-0.975570041260682,-0.219688631009054,0.));
#13414=DIRECTION('',(0.975570041260682,0.219688631009053,0.));
#13415=DIRECTION('center_axis',(0.,0.,1.));
#13416=DIRECTION('ref_axis',(1.,0.,0.));
#13417=DIRECTION('',(1.,0.,0.));
#13418=DIRECTION('center_axis',(0.,0.,-1.));
#13419=DIRECTION('ref_axis',(1.,0.,0.));
#13420=DIRECTION('',(0.,-1.,0.));
#13421=DIRECTION('center_axis',(-3.49148133884313E-15,0.,-1.));
#13422=DIRECTION('ref_axis',(-1.,0.,3.49148133884313E-15));
#13423=DIRECTION('center_axis',(-3.01225805088516E-15,1.26112763304124E-16,
-1.));
#13424=DIRECTION('ref_axis',(-1.,-4.44089209850062E-15,3.05311331771918E-15));
#13425=DIRECTION('center_axis',(4.91429307714514E-15,2.42808995670068E-15,
1.));
#13426=DIRECTION('ref_axis',(-0.707106781186549,-0.707106781186546,5.27355936696943E-15));
#13427=DIRECTION('',(-1.74574066942156E-15,-1.74574066942157E-15,-1.));
#13428=DIRECTION('center_axis',(-3.49148133884313E-15,0.,-1.));
#13429=DIRECTION('ref_axis',(-1.,0.,3.49148133884313E-15));
#13430=DIRECTION('',(0.707106781186546,0.707106781186549,-2.46885013108226E-15));
#13431=DIRECTION('',(-0.707106781186549,0.707106781186546,0.));
#13432=DIRECTION('center_axis',(8.42178492537075E-15,3.48841753547796E-15,
-1.));
#13433=DIRECTION('ref_axis',(-1.,4.44089209850092E-14,-8.32667268468922E-15));
#13434=DIRECTION('',(-0.707106781186549,0.707106781186546,0.));
#13435=DIRECTION('center_axis',(-3.49148133884313E-15,0.,-1.));
#13436=DIRECTION('ref_axis',(-1.,0.,3.49148133884313E-15));
#13437=DIRECTION('',(-1.74574066942156E-15,-1.74574066942157E-15,-1.));
#13438=DIRECTION('center_axis',(6.340116754198E-15,8.51400906668173E-15,
1.));
#13439=DIRECTION('ref_axis',(-0.707106781186514,-0.707106781186581,1.11022302462524E-14));
#13440=DIRECTION('center_axis',(3.49148133884313E-15,0.,1.));
#13441=DIRECTION('ref_axis',(1.,0.,-3.49148133884313E-15));
#13442=DIRECTION('',(-0.707106781186546,-0.707106781186549,2.46885013108226E-15));
#13443=DIRECTION('',(0.707106781186549,-0.707106781186546,0.));
#13444=DIRECTION('',(0.707106781186549,-0.707106781186546,0.));
#13445=DIRECTION('center_axis',(0.707106781186546,0.707106781186549,-2.46885013108226E-15));
#13446=DIRECTION('ref_axis',(-0.707106781186549,0.707106781186546,4.33873497871556E-30));
#13447=DIRECTION('',(0.707106781186546,0.707106781186549,-2.46885013108226E-15));
#13448=DIRECTION('center_axis',(0.707106781186566,0.707106781186529,4.10827112492907E-14));
#13449=DIRECTION('ref_axis',(0.678822509939062,-0.678822509939118,0.279999999999979));
#13450=DIRECTION('center_axis',(0.707106781186558,0.707106781186537,2.55521605755045E-14));
#13451=DIRECTION('ref_axis',(0.678822509939071,-0.678822509939104,0.279999999999991));
#13452=DIRECTION('center_axis',(0.707106781186546,0.707106781186549,-2.46885013108226E-15));
#13453=DIRECTION('ref_axis',(-0.707106781186549,0.707106781186546,4.33873497871556E-30));
#13454=DIRECTION('center_axis',(-0.707106781186552,-0.707106781186543,-1.96237005623758E-14));
#13455=DIRECTION('ref_axis',(2.22044604925034E-14,0.,-1.));
#13456=DIRECTION('center_axis',(-0.707106781186561,-0.707106781186534,-2.85167758908948E-14));
#13457=DIRECTION('ref_axis',(1.66533453693774E-14,2.22044604925032E-14,
-1.));
#13458=DIRECTION('',(-0.707106781186546,-0.707106781186549,2.16840434497101E-15));
#13459=DIRECTION('center_axis',(3.92461507236951E-15,-4.33133733526376E-16,
1.));
#13460=DIRECTION('ref_axis',(1.,0.,-3.92461507236951E-15));
#13461=DIRECTION('',(0.707106781186546,0.707106781186549,-2.46885013108226E-15));
#13462=DIRECTION('',(0.707106781186549,-0.707106781186546,0.));
#13463=DIRECTION('',(0.707106781186549,-0.707106781186546,0.));
#13464=DIRECTION('center_axis',(0.707106781186546,0.707106781186549,-2.46885013108226E-15));
#13465=DIRECTION('ref_axis',(-0.707106781186549,0.707106781186546,4.33873497871556E-30));
#13466=DIRECTION('center_axis',(-0.707106781186521,-0.707106781186574,-2.92832319038266E-14));
#13467=DIRECTION('ref_axis',(0.707106781186574,-0.707106781186521,-9.71445146547002E-15));
#13468=DIRECTION('center_axis',(-0.707106781186551,-0.707106781186544,4.74421075536843E-15));
#13469=DIRECTION('ref_axis',(0.707106781186545,-0.70710678118655,0.));
#13470=DIRECTION('',(-0.707106781186546,-0.707106781186549,0.));
#13471=DIRECTION('center_axis',(0.707106781186546,0.707106781186549,-2.46885013108226E-15));
#13472=DIRECTION('ref_axis',(-0.707106781186549,0.707106781186546,4.33873497871556E-30));
#13473=DIRECTION('center_axis',(0.70710678118654,0.707106781186555,5.4227646529414E-14));
#13474=DIRECTION('ref_axis',(3.88578058618797E-14,3.33066907387541E-14,
-1.));
#13475=DIRECTION('',(-0.707106781186546,-0.707106781186549,2.46885013108226E-15));
#13476=DIRECTION('center_axis',(0.70710678118653,0.707106781186566,7.72899789614612E-14));
#13477=DIRECTION('ref_axis',(5.55111512312572E-14,5.55111512312572E-14,
-1.));
#13478=DIRECTION('center_axis',(0.948683298050514,0.316227766016837,0.));
#13479=DIRECTION('ref_axis',(-0.316227766016837,0.948683298050514,0.));
#13480=DIRECTION('',(0.316227766016839,-0.948683298050513,0.));
#13481=DIRECTION('',(-0.316227766016837,0.948683298050514,0.));
#13482=DIRECTION('',(0.,0.,-1.));
#13483=DIRECTION('center_axis',(-0.948683298050514,0.316227766016837,0.));
#13484=DIRECTION('ref_axis',(-0.316227766016837,-0.948683298050514,0.));
#13485=DIRECTION('',(0.316227766016839,0.948683298050513,0.));
#13486=DIRECTION('',(0.,0.,1.));
#13487=DIRECTION('',(-0.316227766016837,-0.948683298050514,0.));
#13488=DIRECTION('center_axis',(0.,0.,-1.));
#13489=DIRECTION('ref_axis',(-1.,0.,0.));
#13490=DIRECTION('',(-1.26383867016465E-15,1.,0.));
#13491=DIRECTION('',(1.,7.35052320329156E-17,0.));
#13492=DIRECTION('center_axis',(-1.,-1.26383867016465E-15,0.));
#13493=DIRECTION('ref_axis',(1.26383867016465E-15,-1.,0.));
#13494=DIRECTION('',(0.,1.,0.));
#13495=DIRECTION('',(0.,0.,-1.));
#13496=DIRECTION('center_axis',(0.,0.,-1.));
#13497=DIRECTION('ref_axis',(-1.,0.,0.));
#13498=DIRECTION('',(1.26383867016465E-15,1.,0.));
#13499=DIRECTION('',(1.,7.35052320329156E-17,0.));
#13500=DIRECTION('center_axis',(1.,-1.26383867016465E-15,0.));
#13501=DIRECTION('ref_axis',(1.26383867016465E-15,1.,0.));
#13502=DIRECTION('',(0.,0.,1.));
#13503=DIRECTION('',(0.,1.,0.));
#13504=DIRECTION('center_axis',(0.,0.,-1.));
#13505=DIRECTION('ref_axis',(-1.,0.,0.));
#13506=DIRECTION('',(1.,7.35052320329156E-17,0.));
#13507=DIRECTION('center_axis',(-1.73472347597681E-18,3.34360398490639E-19,
1.));
#13508=DIRECTION('ref_axis',(1.,0.,1.73472347597681E-18));
#13509=DIRECTION('',(-1.,-4.52923471890938E-22,1.10529852632503E-38));
#13510=DIRECTION('',(-1.66971108175939E-22,-1.,2.89648701162664E-40));
#13511=DIRECTION('',(1.66971108175939E-22,1.,-2.89648701162664E-40));
#13512=DIRECTION('center_axis',(0.,0.999961923064171,0.00872653549836667));
#13513=DIRECTION('ref_axis',(0.,-0.00872653549836667,0.999961923064172));
#13514=DIRECTION('',(-1.,0.,0.));
#13515=DIRECTION('',(-1.,0.,0.));
#13516=DIRECTION('',(0.,0.00872653549836694,-0.999961923064171));
#13517=DIRECTION('center_axis',(0.,0.,1.));
#13518=DIRECTION('ref_axis',(1.,0.,0.));
#13519=DIRECTION('',(1.,0.,0.));
#13520=DIRECTION('',(0.,-1.,0.));
#13521=DIRECTION('center_axis',(0.,0.,-1.));
#13522=DIRECTION('ref_axis',(-0.250000000000017,0.96824583655185,0.));
#13523=DIRECTION('center_axis',(0.,0.,-1.));
#13524=DIRECTION('ref_axis',(0.250000000000014,-0.968245836551851,0.));
#13525=DIRECTION('',(0.,-1.,0.));
#13526=DIRECTION('',(0.,1.,0.));
#13527=DIRECTION('center_axis',(0.,0.999961923064171,0.00872653549836696));
#13528=DIRECTION('ref_axis',(0.,-0.00872653549836696,0.999961923064171));
#13529=DIRECTION('',(-1.,9.03501810404587E-17,0.));
#13530=DIRECTION('',(0.,-0.00872653549836751,0.999961923064171));
#13531=DIRECTION('',(0.,0.00872653549836444,-0.999961923064171));
#13532=DIRECTION('center_axis',(0.,1.,1.64381731461877E-16));
#13533=DIRECTION('ref_axis',(0.,-1.64381731461877E-16,1.));
#13534=DIRECTION('',(-1.,0.,0.));
#13535=DIRECTION('',(0.,0.,1.));
#13536=DIRECTION('center_axis',(1.,0.,0.));
#13537=DIRECTION('ref_axis',(0.,0.,-1.));
#13538=DIRECTION('center_axis',(1.,-9.40513585368343E-15,-3.85402073055765E-15));
#13539=DIRECTION('ref_axis',(5.55111512312578E-15,0.,1.));
#13540=DIRECTION('',(0.,0.,-1.));
#13541=DIRECTION('center_axis',(-1.,0.,0.));
#13542=DIRECTION('ref_axis',(0.,0.,1.));
#13543=DIRECTION('',(0.,0.,-1.));
#13544=DIRECTION('',(0.,1.,0.));
#13545=DIRECTION('',(0.,1.,0.));
#13546=DIRECTION('',(0.,0.,1.));
#13547=DIRECTION('center_axis',(0.,0.,1.));
#13548=DIRECTION('ref_axis',(1.,0.,0.));
#13549=DIRECTION('center_axis',(0.,0.,-1.));
#13550=DIRECTION('ref_axis',(0.,1.,0.));
#13551=DIRECTION('',(0.,0.,-1.));
#13552=DIRECTION('center_axis',(0.,-1.,0.));
#13553=DIRECTION('ref_axis',(0.,0.,-1.));
#13554=DIRECTION('center_axis',(2.68031548330894E-14,-1.,2.68031548330895E-14));
#13555=DIRECTION('ref_axis',(0.,2.22044604925032E-14,1.));
#13556=DIRECTION('center_axis',(0.,1.,0.));
#13557=DIRECTION('ref_axis',(1.,0.,4.16333634234433E-15));
#13558=DIRECTION('',(0.,1.,0.));
#13559=DIRECTION('center_axis',(3.3881317890172E-16,1.,0.));
#13560=DIRECTION('ref_axis',(-1.,3.3881317890172E-16,0.));
#13561=DIRECTION('',(0.,0.,1.));
#13562=DIRECTION('',(-1.,0.,0.));
#13563=DIRECTION('center_axis',(3.3881317890172E-16,-1.,0.));
#13564=DIRECTION('ref_axis',(1.,3.3881317890172E-16,0.));
#13565=DIRECTION('',(1.,0.,0.));
#13566=DIRECTION('',(1.,0.,0.));
#13567=DIRECTION('center_axis',(0.,0.,1.));
#13568=DIRECTION('ref_axis',(1.,0.,0.));
#13569=DIRECTION('center_axis',(0.,0.,-1.));
#13570=DIRECTION('ref_axis',(0.124454211192817,0.992225352083071,0.));
#13571=DIRECTION('center_axis',(0.,0.,-1.));
#13572=DIRECTION('ref_axis',(-0.979795897113268,-0.200000000000016,0.));
#13573=DIRECTION('center_axis',(0.,0.,-1.));
#13574=DIRECTION('ref_axis',(0.9961407337959,0.0877703735469208,0.));
#13575=DIRECTION('center_axis',(0.,0.,1.));
#13576=DIRECTION('ref_axis',(1.,0.,0.));
#13577=DIRECTION('',(1.,1.80700362080918E-16,0.));
#13578=DIRECTION('',(-1.,0.,0.));
#13579=DIRECTION('',(0.,1.,0.));
#13580=DIRECTION('center_axis',(-1.80700362080918E-16,1.,0.));
#13581=DIRECTION('ref_axis',(-1.,-1.80700362080918E-16,0.));
#13582=DIRECTION('',(0.,0.,-1.));
#13583=DIRECTION('',(-1.,0.,0.));
#13584=DIRECTION('center_axis',(-1.,0.,0.));
#13585=DIRECTION('ref_axis',(0.,0.,1.));
#13586=DIRECTION('',(0.,0.,-1.));
#13587=DIRECTION('',(0.,-1.,0.));
#13588=DIRECTION('center_axis',(3.49148133884313E-15,0.,-1.));
#13589=DIRECTION('ref_axis',(-1.,0.,-3.49148133884313E-15));
#13590=DIRECTION('center_axis',(4.69661503595956E-15,-5.71570743791543E-16,
-1.));
#13591=DIRECTION('ref_axis',(0.707106781186546,-0.707106781186549,3.74700270810992E-15));
#13592=DIRECTION('',(-1.74574066942156E-15,1.74574066942157E-15,1.));
#13593=DIRECTION('center_axis',(-4.91429307714497E-15,2.42808995670062E-15,
1.));
#13594=DIRECTION('ref_axis',(1.,4.44089209850069E-15,4.99600361081328E-15));
#13595=DIRECTION('center_axis',(-3.92461507236951E-15,-4.33133733526376E-16,
1.));
#13596=DIRECTION('ref_axis',(1.,0.,3.92461507236951E-15));
#13597=DIRECTION('',(-0.707106781186546,0.707106781186549,-2.46885013108226E-15));
#13598=DIRECTION('',(0.707106781186549,0.707106781186546,0.));
#13599=DIRECTION('',(0.707106781186546,-0.707106781186549,2.46885013108226E-15));
#13600=DIRECTION('',(0.707106781186549,0.707106781186546,0.));
#13601=DIRECTION('center_axis',(-0.707106781186546,0.707106781186549,-2.46885013108226E-15));
#13602=DIRECTION('ref_axis',(-0.707106781186549,-0.707106781186546,-4.33873497871556E-30));
#13603=DIRECTION('center_axis',(0.707106781186538,-0.707106781186557,8.89419521891876E-15));
#13604=DIRECTION('ref_axis',(0.678822509939095,0.678822509939078,-0.279999999999996));
#13605=DIRECTION('center_axis',(0.707106781186551,-0.707106781186544,-1.46819044190743E-14));
#13606=DIRECTION('ref_axis',(0.67882250993908,0.678822509939097,-0.279999999999988));
#13607=DIRECTION('',(0.707106781186546,-0.707106781186549,2.46885013108226E-15));
#13608=DIRECTION('center_axis',(-0.707106781186546,0.707106781186549,-2.46885013108226E-15));
#13609=DIRECTION('ref_axis',(-0.707106781186549,-0.707106781186546,-4.33873497871556E-30));
#13610=DIRECTION('',(0.707106781186546,-0.707106781186549,2.43945488809239E-15));
#13611=DIRECTION('center_axis',(-0.707106781186564,0.707106781186531,1.94825228604888E-14));
#13612=DIRECTION('ref_axis',(1.11022302462515E-14,-1.11022302462515E-14,
1.));
#13613=DIRECTION('center_axis',(-0.707106781186554,0.707106781186541,1.76465197344643E-14));
#13614=DIRECTION('ref_axis',(1.38777878078146E-14,-1.11022302462517E-14,
1.));
#13615=DIRECTION('center_axis',(-3.49148133884313E-15,0.,1.));
#13616=DIRECTION('ref_axis',(1.,0.,3.49148133884313E-15));
#13617=DIRECTION('',(0.707106781186549,0.707106781186546,0.));
#13618=DIRECTION('center_axis',(1.82313486315249E-14,-3.62644071682086E-15,
1.));
#13619=DIRECTION('ref_axis',(1.,-2.22044604925015E-14,-1.80411241501575E-14));
#13620=DIRECTION('',(0.707106781186549,0.707106781186546,0.));
#13621=DIRECTION('center_axis',(3.49148133884313E-15,0.,-1.));
#13622=DIRECTION('ref_axis',(-1.,0.,-3.49148133884313E-15));
#13623=DIRECTION('',(-1.74574066942156E-15,1.74574066942157E-15,1.));
#13624=DIRECTION('center_axis',(4.55783715788128E-15,-9.06610179205162E-16,
-1.));
#13625=DIRECTION('ref_axis',(0.707106781186534,-0.707106781186561,4.1633363423444E-15));
#13626=DIRECTION('center_axis',(3.49148133884313E-15,0.,-1.));
#13627=DIRECTION('ref_axis',(-1.,0.,-3.49148133884313E-15));
#13628=DIRECTION('',(-0.707106781186549,-0.707106781186546,0.));
#13629=DIRECTION('',(-0.707106781186549,-0.707106781186546,0.));
#13630=DIRECTION('',(0.707106781186546,-0.707106781186549,2.46885013108226E-15));
#13631=DIRECTION('center_axis',(-0.707106781186546,0.707106781186549,-2.46885013108226E-15));
#13632=DIRECTION('ref_axis',(-0.707106781186549,-0.707106781186546,-4.33873497871556E-30));
#13633=DIRECTION('',(-0.707106781186546,0.707106781186549,-2.46885013108226E-15));
#13634=DIRECTION('center_axis',(-0.707106781186553,0.707106781186542,-4.05149083265737E-14));
#13635=DIRECTION('ref_axis',(-0.490713765855383,-0.49071376585543,-0.720000000000008));
#13636=DIRECTION('center_axis',(-0.707106781186546,0.707106781186549,-1.52710039077084E-14));
#13637=DIRECTION('ref_axis',(-0.490713765855405,-0.490713765855413,-0.720000000000004));
#13638=DIRECTION('center_axis',(-0.707106781186546,0.707106781186549,-2.46885013108226E-15));
#13639=DIRECTION('ref_axis',(-0.707106781186549,-0.707106781186546,-4.33873497871556E-30));
#13640=DIRECTION('center_axis',(0.707106781186559,-0.707106781186536,3.1532642175768E-14));
#13641=DIRECTION('ref_axis',(3.33066907387546E-14,-1.11022302462515E-14,
-1.));
#13642=DIRECTION('',(-0.707106781186546,0.707106781186549,0.));
#13643=DIRECTION('center_axis',(0.707106781186551,-0.707106781186544,4.70331238678766E-15));
#13644=DIRECTION('ref_axis',(1.66533453693774E-14,1.11022302462516E-14,
-1.));
#13645=DIRECTION('center_axis',(0.,0.,1.));
#13646=DIRECTION('ref_axis',(1.,0.,0.));
#13647=DIRECTION('center_axis',(0.,0.,-1.));
#13648=DIRECTION('ref_axis',(-5.55111512312572E-15,1.,0.));
#13649=DIRECTION('',(1.,0.,0.));
#13650=DIRECTION('',(-1.,4.42531498973675E-16,0.));
#13651=DIRECTION('',(0.,1.,0.));
#13652=DIRECTION('center_axis',(0.707106781186546,-0.707106781186549,0.));
#13653=DIRECTION('ref_axis',(0.707106781186549,0.707106781186546,0.));
#13654=DIRECTION('',(0.,0.,-1.));
#13655=DIRECTION('',(0.70710678118665,0.707106781186446,0.));
#13656=DIRECTION('center_axis',(-1.,-2.85131984201479E-16,0.));
#13657=DIRECTION('ref_axis',(2.85131984201479E-16,-1.,0.));
#13658=DIRECTION('',(0.,1.,0.));
#13659=DIRECTION('',(0.,0.,1.));
#13660=DIRECTION('center_axis',(0.,0.,-1.));
#13661=DIRECTION('ref_axis',(-1.,0.,0.));
#13662=DIRECTION('',(0.,0.,1.));
#13663=DIRECTION('center_axis',(0.,0.,-1.));
#13664=DIRECTION('ref_axis',(0.219688631009065,0.975570041260679,0.));
#13665=DIRECTION('center_axis',(0.219688631009054,0.975570041260682,0.));
#13666=DIRECTION('ref_axis',(-0.975570041260682,0.219688631009054,0.));
#13667=DIRECTION('',(0.,0.,1.));
#13668=DIRECTION('',(0.975570041260682,-0.219688631009053,0.));
#13669=DIRECTION('center_axis',(0.,0.,-1.));
#13670=DIRECTION('ref_axis',(-1.,0.,0.));
#13671=DIRECTION('',(0.,0.,1.));
#13672=DIRECTION('center_axis',(0.,0.,-1.));
#13673=DIRECTION('ref_axis',(1.,0.,0.));
#13674=DIRECTION('center_axis',(1.,2.85131984201479E-16,0.));
#13675=DIRECTION('ref_axis',(-2.85131984201479E-16,1.,0.));
#13676=DIRECTION('',(0.,-1.,0.));
#13677=DIRECTION('',(0.,0.,1.));
#13678=DIRECTION('center_axis',(4.42531498973675E-16,1.,0.));
#13679=DIRECTION('ref_axis',(-1.,4.42531498973675E-16,0.));
#13680=DIRECTION('',(1.,0.,0.));
#13681=DIRECTION('center_axis',(0.,0.,1.));
#13682=DIRECTION('ref_axis',(1.,0.,0.));
#13683=DIRECTION('',(0.,0.,1.));
#13684=DIRECTION('center_axis',(0.,0.,-1.));
#13685=DIRECTION('ref_axis',(-0.707106781186542,0.707106781186553,0.));
#13686=DIRECTION('center_axis',(1.44560289664734E-16,2.08976773479518E-32,
-1.));
#13687=DIRECTION('ref_axis',(-1.,0.,-1.44560289664734E-16));
#13688=DIRECTION('',(0.,1.,0.));
#13689=DIRECTION('',(-3.02097429074006E-48,1.,2.08976773479518E-32));
#13690=DIRECTION('',(1.,1.44560289664734E-16,0.));
#13691=DIRECTION('center_axis',(-0.138675049056312,0.138675049056308,-0.980580675690919));
#13692=DIRECTION('ref_axis',(-0.990147542976674,-3.46944695195362E-18,0.140028008402806));
#13693=DIRECTION('',(0.88401093933367,0.463671164306125,-0.0594450210648877));
#13694=DIRECTION('',(-0.693375245281535,0.693375245281535,0.196116135138192));
#13695=DIRECTION('',(0.707106781186546,0.707106781186549,0.));
#13696=DIRECTION('center_axis',(-0.707106781186549,0.707106781186546,3.01095121732502E-15));
#13697=DIRECTION('ref_axis',(-0.707106781186546,-0.707106781186549,0.));
#13698=DIRECTION('',(0.704218968821667,0.704218968821672,-0.0902844831822653));
#13699=DIRECTION('',(1.74574066942156E-15,1.74574066942157E-15,1.));
#13700=DIRECTION('',(1.74574066942156E-15,1.74574066942157E-15,1.));
#13701=DIRECTION('center_axis',(0.,0.,1.));
#13702=DIRECTION('ref_axis',(1.,0.,0.));
#13703=DIRECTION('',(1.,-1.89380292137206E-16,0.));
#13704=DIRECTION('',(1.,0.,0.));
#13705=DIRECTION('center_axis',(0.,0.,-1.));
#13706=DIRECTION('ref_axis',(-1.,0.,0.));
#13707=DIRECTION('',(-1.,0.,0.));
#13708=DIRECTION('',(0.,-1.,0.));
#13709=DIRECTION('center_axis',(0.,0.,1.));
#13710=DIRECTION('ref_axis',(1.,0.,0.));
#13711=DIRECTION('',(0.,-1.,0.));
#13712=DIRECTION('center_axis',(0.,0.,-1.));
#13713=DIRECTION('ref_axis',(-1.,0.,0.));
#13714=DIRECTION('',(0.,-1.,0.));
#13715=DIRECTION('',(1.,0.,0.));
#13716=DIRECTION('center_axis',(0.,-1.,0.));
#13717=DIRECTION('ref_axis',(0.,0.,-1.));
#13718=DIRECTION('',(0.707106781186549,0.,0.707106781186546));
#13719=DIRECTION('center_axis',(0.,0.,1.));
#13720=DIRECTION('ref_axis',(1.,0.,0.));
#13721=DIRECTION('',(0.,0.,-1.));
#13722=DIRECTION('center_axis',(-3.35039435413613E-15,-3.35039435413614E-15,
1.));
#13723=DIRECTION('ref_axis',(-5.55111512312578E-15,1.,2.77555756156289E-15));
#13724=DIRECTION('',(0.,0.,1.));
#13725=DIRECTION('center_axis',(0.,1.,0.));
#13726=DIRECTION('ref_axis',(0.,0.,1.));
#13727=DIRECTION('',(-0.707106781186549,0.,-0.707106781186546));
#13728=DIRECTION('',(-1.,0.,0.));
#13729=DIRECTION('center_axis',(-1.,-1.26383867016465E-15,0.));
#13730=DIRECTION('ref_axis',(1.26383867016465E-15,-1.,0.));
#13731=DIRECTION('',(0.,0.,1.));
#13732=DIRECTION('',(0.,-1.,0.));
#13733=DIRECTION('center_axis',(0.,0.,-1.));
#13734=DIRECTION('ref_axis',(-1.,0.,0.));
#13735=DIRECTION('',(0.,-1.,0.));
#13736=DIRECTION('',(-1.,9.03501810404587E-17,0.));
#13737=DIRECTION('center_axis',(1.,0.,0.));
#13738=DIRECTION('ref_axis',(0.,0.,-1.));
#13739=DIRECTION('',(0.,1.,0.));
#13740=DIRECTION('',(0.,0.,-1.));
#13741=DIRECTION('center_axis',(-3.75575292285891E-15,2.64271584015774E-16,
-1.));
#13742=DIRECTION('ref_axis',(-1.,0.,3.75575292285891E-15));
#13743=DIRECTION('',(0.126148448011499,-0.992011375471214,-3.45101016406407E-16));
#13744=DIRECTION('',(0.707106781186546,0.707106781186549,-2.46885013108226E-15));
#13745=DIRECTION('',(-0.707106781186549,0.707106781186546,0.));
#13746=DIRECTION('center_axis',(-0.707106781186546,-0.707106781186549,2.46885013108226E-15));
#13747=DIRECTION('ref_axis',(0.707106781186549,-0.707106781186546,0.));
#13748=DIRECTION('',(0.70421896882167,-0.70421896882167,0.0902844831822653));
#13749=DIRECTION('',(0.600369007476546,-0.600369007476527,-0.52831251142035));
#13750=DIRECTION('center_axis',(0.707106781186529,0.707106781186566,7.40537574224223E-14));
#13751=DIRECTION('ref_axis',(-4.99600361081321E-14,-5.55111512312579E-14,
1.));
#13752=DIRECTION('center_axis',(0.707106781186541,0.707106781186554,7.77938461811178E-14));
#13753=DIRECTION('ref_axis',(4.44089209850064E-14,6.66133814775095E-14,
-1.));
#13754=DIRECTION('',(-0.707106781186547,0.707106781186547,3.92060202392191E-15));
#13755=DIRECTION('center_axis',(0.707106781186548,0.707106781186547,-5.79674842210971E-14));
#13756=DIRECTION('ref_axis',(5.55111512312593E-14,3.33066907387556E-14,
1.));
#13757=DIRECTION('center_axis',(-0.707106781186546,-0.707106781186549,2.46885013108226E-15));
#13758=DIRECTION('ref_axis',(0.707106781186549,-0.707106781186546,0.));
#13759=DIRECTION('',(-0.704218968821672,0.704218968821667,-0.090284483182265));
#13760=DIRECTION('center_axis',(-0.707106781186481,-0.707106781186614,-1.54711188106613E-13));
#13761=DIRECTION('ref_axis',(0.581245061032775,-0.58124506103279,0.569480779350799));
#13762=DIRECTION('',(-0.600369007476539,0.600369007476539,0.528312511420343));
#13763=DIRECTION('center_axis',(0.707106781186546,0.707106781186549,-2.46885013108226E-15));
#13764=DIRECTION('ref_axis',(-0.707106781186549,0.707106781186546,4.33873497871556E-30));
#13765=DIRECTION('',(0.70710678118655,0.707106781186545,-2.5098538315712E-15));
#13766=DIRECTION('center_axis',(0.707106781186548,0.0899187501582006,0.701366251233966));
#13767=DIRECTION('ref_axis',(0.37357335941102,0.794651919541898,-0.478509427186908));
#13768=DIRECTION('center_axis',(-3.49148133884313E-15,0.,-1.));
#13769=DIRECTION('ref_axis',(-1.,0.,3.49148133884313E-15));
#13770=DIRECTION('',(0.126148448011511,-0.992011375471213,-6.19971379663304E-15));
#13771=DIRECTION('',(0.707106781186546,0.707106781186549,-2.46885013108226E-15));
#13772=DIRECTION('center_axis',(0.707106781186546,0.707106781186549,-2.46885013108226E-15));
#13773=DIRECTION('ref_axis',(-0.707106781186549,0.707106781186546,4.33873497871556E-30));
#13774=DIRECTION('center_axis',(-0.707106781186548,-0.0899187501582006,
-0.701366251233966));
#13775=DIRECTION('ref_axis',(0.37357335941102,0.794651919541898,-0.478509427186908));
#13776=DIRECTION('',(-0.707106781186546,-0.707106781186549,2.46885013108226E-15));
#13777=DIRECTION('center_axis',(0.707106781186546,0.707106781186549,-2.46885013108226E-15));
#13778=DIRECTION('ref_axis',(-0.707106781186549,0.707106781186546,4.33873497871556E-30));
#13779=DIRECTION('center_axis',(0.707106781186548,0.0899187501582006,0.701366251233966));
#13780=DIRECTION('ref_axis',(0.37357335941102,0.794651919541898,-0.478509427186908));
#13781=DIRECTION('center_axis',(1.,-1.66971108175939E-22,-1.73472347597681E-18));
#13782=DIRECTION('ref_axis',(-1.73472347597681E-18,0.,-1.));
#13783=DIRECTION('',(-1.38779199175048E-15,-2.77558398350096E-15,1.));
#13784=DIRECTION('',(0.,0.00872653549836696,-0.999961923064171));
#13785=DIRECTION('center_axis',(-1.,1.73837922197102E-14,1.04203829089443E-14));
#13786=DIRECTION('ref_axis',(-1.77635683940024E-14,-0.999961923064173,-0.00872653549821018));
#13787=DIRECTION('center_axis',(1.,0.,0.));
#13788=DIRECTION('ref_axis',(0.,4.89096718681024E-7,-0.999999999999881));
#13789=DIRECTION('center_axis',(0.,0.999961923064171,0.00872653549836696));
#13790=DIRECTION('ref_axis',(0.,-0.00872653549836696,0.999961923064171));
#13791=DIRECTION('',(-1.,0.,0.));
#13792=DIRECTION('',(-1.,9.03501810404587E-17,0.));
#13793=DIRECTION('',(0.,-0.00872653549836445,0.999961923064171));
#13794=DIRECTION('center_axis',(-1.,0.,0.));
#13795=DIRECTION('ref_axis',(0.,0.,1.));
#13796=DIRECTION('',(1.,0.,0.));
#13797=DIRECTION('center_axis',(-1.,0.,0.));
#13798=DIRECTION('ref_axis',(0.,0.999961923064171,0.00872653549837396));
#13799=DIRECTION('',(1.,-9.03501810404587E-17,0.));
#13800=DIRECTION('center_axis',(-1.,1.66971108175939E-22,1.73472347597681E-18));
#13801=DIRECTION('ref_axis',(0.,0.,1.));
#13802=DIRECTION('center_axis',(-1.,1.66971108175939E-22,1.73472347597681E-18));
#13803=DIRECTION('ref_axis',(1.73472347597681E-18,0.,1.));
#13804=DIRECTION('',(0.,0.,-1.));
#13805=DIRECTION('center_axis',(1.,1.47662931198432E-13,9.21517799671789E-14));
#13806=DIRECTION('ref_axis',(-8.88178419700131E-14,-2.22044604925033E-14,
1.));
#13807=DIRECTION('',(0.,-1.,0.));
#13808=DIRECTION('center_axis',(1.,-1.66971108175939E-22,-1.73472347597681E-18));
#13809=DIRECTION('ref_axis',(-1.73472347597681E-18,0.,-1.));
#13810=DIRECTION('center_axis',(1.,8.33552244532598E-16,1.9307007245068E-15));
#13811=DIRECTION('ref_axis',(2.22044604925032E-15,-0.0227235334873433,-0.999741787175994));
#13812=DIRECTION('center_axis',(-1.,-7.88875020046583E-16,-1.90451628482688E-15));
#13813=DIRECTION('ref_axis',(1.11022302462515E-15,-0.999995949905063,-0.00284608036963729));
#13814=DIRECTION('center_axis',(0.,1.51604541074172E-20,-1.));
#13815=DIRECTION('ref_axis',(0.,1.,1.51604541074172E-20));
#13816=DIRECTION('',(0.,1.51604541074172E-20,-1.));
#13817=DIRECTION('',(0.,0.,1.));
#13818=DIRECTION('center_axis',(0.,0.,-1.));
#13819=DIRECTION('ref_axis',(-0.250000000000024,0.968245836551848,0.));
#13820=DIRECTION('center_axis',(0.,1.51604541074172E-20,-1.));
#13821=DIRECTION('ref_axis',(0.,1.,1.51604541074172E-20));
#13822=DIRECTION('center_axis',(0.,0.,1.));
#13823=DIRECTION('ref_axis',(1.,-1.11022302462515E-14,0.));
#13824=DIRECTION('',(0.,0.,-1.));
#13825=DIRECTION('center_axis',(1.,0.,0.));
#13826=DIRECTION('ref_axis',(0.,0.,-1.));
#13827=DIRECTION('',(0.,1.,0.));
#13828=DIRECTION('center_axis',(-7.35052320329156E-17,1.,0.));
#13829=DIRECTION('ref_axis',(-1.,-7.35052320329156E-17,0.));
#13830=DIRECTION('',(-1.,0.,0.));
#13831=DIRECTION('center_axis',(-1.,1.66971108175939E-22,1.73472347597681E-18));
#13832=DIRECTION('ref_axis',(1.73472347597681E-18,0.,1.));
#13833=DIRECTION('',(0.,1.,0.));
#13834=DIRECTION('',(0.,2.44036486276688E-17,1.));
#13835=DIRECTION('center_axis',(4.52923471890938E-22,-1.,2.44036486276688E-17));
#13836=DIRECTION('ref_axis',(0.,-2.44036486276688E-17,-1.));
#13837=DIRECTION('',(-1.,0.,0.));
#13838=DIRECTION('',(1.73472347597681E-18,0.,1.));
#13839=DIRECTION('center_axis',(1.,-1.66971108175939E-22,-1.73472347597681E-18));
#13840=DIRECTION('ref_axis',(-1.73472347597681E-18,0.,-1.));
#13841=DIRECTION('',(0.,-1.,0.));
#13842=DIRECTION('center_axis',(-1.,0.,0.));
#13843=DIRECTION('ref_axis',(0.,0.,1.));
#13844=DIRECTION('center_axis',(1.,0.,0.));
#13845=DIRECTION('ref_axis',(0.,0.,-1.));
#13846=DIRECTION('',(1.,0.,0.));
#13847=DIRECTION('center_axis',(-1.,0.,0.));
#13848=DIRECTION('ref_axis',(0.,0.,1.));
#13849=DIRECTION('center_axis',(1.,0.,0.));
#13850=DIRECTION('ref_axis',(0.,0.,-1.));
#13851=DIRECTION('',(0.,0.,1.));
#13852=DIRECTION('',(0.,-1.,0.));
#13853=DIRECTION('center_axis',(1.,0.,0.));
#13854=DIRECTION('ref_axis',(0.,0.,-1.));
#13855=DIRECTION('',(0.,-0.999986434782511,0.00520867074809967));
#13856=DIRECTION('',(1.,0.,0.));
#13857=DIRECTION('center_axis',(-1.,1.66971108175938E-22,-1.73472347597681E-18));
#13858=DIRECTION('ref_axis',(1.22651746683876E-18,-0.707106320122603,-0.707107242250192));
#13859=DIRECTION('',(1.,0.,0.));
#13860=DIRECTION('',(1.,1.79605091859705E-22,6.22719774862507E-37));
#13861=DIRECTION('center_axis',(0.,-1.,-3.49149852156349E-15));
#13862=DIRECTION('ref_axis',(0.,3.49149852156349E-15,-1.));
#13863=DIRECTION('',(0.707106781186551,0.,0.707106781186544));
#13864=DIRECTION('',(0.,0.,1.));
#13865=DIRECTION('',(-1.,0.,0.));
#13866=DIRECTION('',(0.,-3.49149852156349E-15,1.));
#13867=DIRECTION('',(-1.,0.,0.));
#13868=DIRECTION('',(0.,0.,1.));
#13869=DIRECTION('center_axis',(0.,-1.,0.));
#13870=DIRECTION('ref_axis',(1.,0.,-1.38777878078144E-15));
#13871=DIRECTION('center_axis',(-1.,0.,0.));
#13872=DIRECTION('ref_axis',(0.,0.,1.));
#13873=DIRECTION('center_axis',(-1.,0.,0.));
#13874=DIRECTION('ref_axis',(0.,-1.,-5.55111512312578E-15));
#13875=DIRECTION('center_axis',(-1.,0.,0.));
#13876=DIRECTION('ref_axis',(0.,-1.,-5.5511151231259E-15));
#13877=DIRECTION('center_axis',(1.,0.,0.));
#13878=DIRECTION('ref_axis',(0.,0.,-1.));
#13879=DIRECTION('center_axis',(-1.,-1.89526925396703E-15,-7.8504622934189E-16));
#13880=DIRECTION('ref_axis',(-2.22044604925031E-15,1.,2.4980018054066E-15));
#13881=DIRECTION('center_axis',(-1.,-3.79053850793404E-15,-1.57009245868375E-15));
#13882=DIRECTION('ref_axis',(-3.33066907387547E-15,1.,2.22044604925031E-15));
#13883=DIRECTION('',(-1.,0.,0.));
#13884=DIRECTION('center_axis',(0.,0.,1.));
#13885=DIRECTION('ref_axis',(1.,0.,0.));
#13886=DIRECTION('center_axis',(-3.35039435413614E-15,3.35039435413614E-15,
-1.));
#13887=DIRECTION('ref_axis',(-2.77555756156289E-15,-1.,-3.46944695195361E-15));
#13888=DIRECTION('',(0.,0.,1.));
#13889=DIRECTION('center_axis',(0.,0.,-1.));
#13890=DIRECTION('ref_axis',(-2.77555756156289E-15,-1.,0.));
#13891=DIRECTION('',(0.,0.,1.));
#13892=DIRECTION('center_axis',(9.03501810404587E-17,1.,0.));
#13893=DIRECTION('ref_axis',(-1.,9.03501810404587E-17,0.));
#13894=DIRECTION('',(1.,0.,0.));
#13895=DIRECTION('',(0.,0.,1.));
#13896=DIRECTION('center_axis',(1.,0.,0.));
#13897=DIRECTION('ref_axis',(0.,0.,-1.));
#13898=DIRECTION('',(1.,0.,0.));
#13899=DIRECTION('center_axis',(0.,0.,1.));
#13900=DIRECTION('ref_axis',(1.,0.,0.));
#13901=DIRECTION('center_axis',(0.,0.,-1.));
#13902=DIRECTION('ref_axis',(-0.150000000000001,0.988685996664259,0.));
#13903=DIRECTION('',(0.,0.,-1.));
#13904=DIRECTION('center_axis',(2.17692484859258E-15,-1.87156096834257E-15,
-1.));
#13905=DIRECTION('ref_axis',(-0.149999999999994,0.98868599666426,-2.08166817117216E-15));
#13906=DIRECTION('',(0.,0.,1.));
#13907=DIRECTION('center_axis',(0.,0.,1.));
#13908=DIRECTION('ref_axis',(1.,0.,0.));
#13909=DIRECTION('',(0.,0.,1.));
#13910=DIRECTION('center_axis',(2.17692484859264E-15,-1.87156096834259E-15,
1.));
#13911=DIRECTION('ref_axis',(1.,-1.11022302462514E-14,-2.08166817117214E-15));
#13912=DIRECTION('center_axis',(0.,0.,1.));
#13913=DIRECTION('ref_axis',(1.,0.,0.));
#13914=DIRECTION('center_axis',(-1.,0.,0.));
#13915=DIRECTION('ref_axis',(0.,0.,1.));
#13916=DIRECTION('',(0.,1.,0.));
#13917=DIRECTION('',(0.,1.,0.));
#13918=DIRECTION('center_axis',(0.,0.,-1.));
#13919=DIRECTION('ref_axis',(-1.,0.,0.));
#13920=DIRECTION('',(0.,0.,1.));
#13921=DIRECTION('center_axis',(0.,0.,1.));
#13922=DIRECTION('ref_axis',(1.,0.,0.));
#13923=DIRECTION('',(0.,0.,-1.));
#13924=DIRECTION('center_axis',(0.,0.,1.));
#13925=DIRECTION('ref_axis',(1.,0.,0.));
#13926=DIRECTION('center_axis',(-1.,0.,0.));
#13927=DIRECTION('ref_axis',(0.,0.,1.));
#13928=DIRECTION('',(0.,1.,0.));
#13929=DIRECTION('',(0.,1.,0.));
#13930=DIRECTION('',(0.,0.,1.));
#13931=DIRECTION('center_axis',(0.,0.,1.));
#13932=DIRECTION('ref_axis',(1.,0.,0.));
#13933=DIRECTION('center_axis',(0.,0.,-1.));
#13934=DIRECTION('ref_axis',(-0.707106781186539,0.707106781186556,0.));
#13935=DIRECTION('',(0.,0.,-1.));
#13936=DIRECTION('center_axis',(0.,0.,-1.));
#13937=DIRECTION('ref_axis',(-0.707106781186539,0.707106781186556,0.));
#13938=DIRECTION('center_axis',(0.707106781186549,-0.707106781186546,0.));
#13939=DIRECTION('ref_axis',(0.707106781186546,0.707106781186549,0.));
#13940=DIRECTION('',(0.,0.,1.));
#13941=DIRECTION('',(0.707106781186533,0.707106781186562,0.));
#13942=DIRECTION('',(0.707106781186533,0.707106781186562,0.));
#13943=DIRECTION('center_axis',(0.,0.,-1.));
#13944=DIRECTION('ref_axis',(-1.,0.,0.));
#13945=DIRECTION('center_axis',(0.,0.,-1.));
#13946=DIRECTION('ref_axis',(-5.55111512312572E-15,1.,0.));
#13947=DIRECTION('',(0.,0.,-1.));
#13948=DIRECTION('center_axis',(0.,0.,-1.));
#13949=DIRECTION('ref_axis',(-5.55111512312572E-15,1.,0.));
#13950=DIRECTION('center_axis',(0.,-1.,0.));
#13951=DIRECTION('ref_axis',(0.,0.,-1.));
#13952=DIRECTION('',(0.,0.,-1.));
#13953=DIRECTION('',(1.,0.,0.));
#13954=DIRECTION('',(1.,0.,0.));
#13955=DIRECTION('center_axis',(0.,0.,1.));
#13956=DIRECTION('ref_axis',(1.,0.,0.));
#13957=DIRECTION('center_axis',(0.,0.,1.));
#13958=DIRECTION('ref_axis',(1.,0.,0.));
#13959=DIRECTION('',(0.,0.,-1.));
#13960=DIRECTION('center_axis',(-1.67519717706808E-15,1.67519717706808E-15,
1.));
#13961=DIRECTION('ref_axis',(1.,0.,1.38777878078144E-15));
#13962=DIRECTION('center_axis',(1.,0.,0.));
#13963=DIRECTION('ref_axis',(0.,0.,-1.));
#13964=DIRECTION('',(0.,1.,0.));
#13965=DIRECTION('',(0.,1.,0.));
#13966=DIRECTION('',(0.,1.,0.));
#13967=DIRECTION('center_axis',(0.,0.,1.));
#13968=DIRECTION('ref_axis',(1.,0.,0.));
#13969=DIRECTION('',(0.,0.,-1.));
#13970=DIRECTION('center_axis',(3.35039435413617E-15,-3.35039435413617E-15,
1.));
#13971=DIRECTION('ref_axis',(-1.,0.,2.77555756156288E-15));
#13972=DIRECTION('',(0.,0.,1.));
#13973=DIRECTION('center_axis',(0.,1.,0.));
#13974=DIRECTION('ref_axis',(0.,0.,1.));
#13975=DIRECTION('',(-0.707106781186549,0.,0.707106781186546));
#13976=DIRECTION('',(-1.,0.,0.));
#13977=DIRECTION('',(-1.,0.,0.));
#13978=DIRECTION('center_axis',(0.,0.,-1.));
#13979=DIRECTION('ref_axis',(-1.,0.,0.));
#13980=DIRECTION('',(0.,1.,0.));
#13981=DIRECTION('center_axis',(0.,0.,1.));
#13982=DIRECTION('ref_axis',(1.,0.,0.));
#13983=DIRECTION('',(0.,1.,0.));
#13984=DIRECTION('center_axis',(0.,0.,-1.));
#13985=DIRECTION('ref_axis',(-1.,0.,0.));
#13986=DIRECTION('',(0.,1.,0.));
#13987=DIRECTION('',(-1.,0.,0.));
#13988=DIRECTION('center_axis',(0.,-1.,0.));
#13989=DIRECTION('ref_axis',(0.,0.,-1.));
#13990=DIRECTION('',(1.,0.,0.));
#13991=DIRECTION('',(0.707106781186549,0.,-0.707106781186546));
#13992=DIRECTION('center_axis',(0.,0.,1.));
#13993=DIRECTION('ref_axis',(1.,0.,0.));
#13994=DIRECTION('',(1.,1.89380292137206E-16,0.));
#13995=DIRECTION('center_axis',(3.75575292285891E-15,2.64271584015774E-16,
-1.));
#13996=DIRECTION('ref_axis',(-1.,0.,-3.75575292285891E-15));
#13997=DIRECTION('',(0.126148448011499,0.992011375471214,1.38040406562563E-15));
#13998=DIRECTION('',(-0.707106781186549,-0.707106781186546,0.));
#13999=DIRECTION('',(0.707106781186546,-0.707106781186549,2.46885013108226E-15));
#14000=DIRECTION('center_axis',(-0.707106781186546,0.707106781186549,-2.46885013108226E-15));
#14001=DIRECTION('ref_axis',(-0.707106781186549,-0.707106781186546,-4.33873497871556E-30));
#14002=DIRECTION('center_axis',(0.707106781186538,-0.707106781186557,-3.74008875870826E-14));
#14003=DIRECTION('ref_axis',(2.4980018054066E-14,-2.22044604925031E-14,
1.));
#14004=DIRECTION('',(-0.707106781186546,0.707106781186549,-2.46885013108226E-15));
#14005=DIRECTION('center_axis',(-0.707106781186548,0.0899187501582006,0.701366251233966));
#14006=DIRECTION('ref_axis',(0.37357335941102,-0.794651919541898,0.478509427186908));
#14007=DIRECTION('center_axis',(-0.707106781186546,0.707106781186549,-2.46885013108226E-15));
#14008=DIRECTION('ref_axis',(-0.707106781186549,-0.707106781186546,-4.33873497871556E-30));
#14009=DIRECTION('center_axis',(0.707106781186548,-0.0899187501582006,-0.701366251233966));
#14010=DIRECTION('ref_axis',(0.37357335941102,-0.794651919541898,0.478509427186908));
#14011=DIRECTION('center_axis',(-0.707106781186514,0.707106781186581,1.87752455687141E-13));
#14012=DIRECTION('ref_axis',(-0.308220700148582,-0.308220700148319,-0.899999999999999));
#14013=DIRECTION('',(-0.707106781186547,0.707106781186548,-2.50820425357475E-15));
#14014=DIRECTION('center_axis',(3.49148133884313E-15,0.,-1.));
#14015=DIRECTION('ref_axis',(-1.,0.,-3.49148133884313E-15));
#14016=DIRECTION('',(0.126148448011505,0.992011375471213,1.54992844915818E-14));
#14017=DIRECTION('',(-0.707106781186549,-0.707106781186546,0.));
#14018=DIRECTION('',(0.707106781186546,-0.707106781186549,2.46885013108226E-15));
#14019=DIRECTION('center_axis',(-0.707106781186546,0.707106781186549,-2.46885013108226E-15));
#14020=DIRECTION('ref_axis',(-0.707106781186549,-0.707106781186546,-3.94430452610506E-31));
#14021=DIRECTION('center_axis',(0.707106781186548,-0.707106781186548,0.));
#14022=DIRECTION('ref_axis',(-0.41467635598223,-0.41467635598223,-0.809991999700367));
#14023=DIRECTION('center_axis',(-0.707106781186548,0.0899187501582006,0.701366251233966));
#14024=DIRECTION('ref_axis',(0.37357335941102,-0.794651919541897,0.478509427186908));
#14025=DIRECTION('center_axis',(0.707106781186546,-0.707106781186549,4.45663991592301E-14));
#14026=DIRECTION('ref_axis',(-3.88578058618799E-14,2.22044604925028E-14,
1.));
#14027=DIRECTION('center_axis',(0.138675049056312,0.138675049056308,-0.980580675690919));
#14028=DIRECTION('ref_axis',(-0.990147542976674,3.46944695195362E-18,-0.140028008402806));
#14029=DIRECTION('',(0.884010939333669,-0.463671164306126,0.0594450210648879));
#14030=DIRECTION('',(0.707106781186546,-0.707106781186549,0.));
#14031=DIRECTION('',(-0.693375245281535,-0.693375245281535,-0.196116135138192));
#14032=DIRECTION('center_axis',(0.707106781186546,-0.707106781186549,2.46885013108226E-15));
#14033=DIRECTION('ref_axis',(0.707106781186549,0.707106781186546,0.));
#14034=DIRECTION('',(0.600369007476545,0.600369007476529,0.528312511420349));
#14035=DIRECTION('',(0.70421896882167,0.70421896882167,-0.0902844831822653));
#14036=DIRECTION('',(2.12906402359242E-15,2.12906402359241E-15,-1.));
#14037=DIRECTION('center_axis',(0.707106781186546,-0.707106781186549,2.46885013108226E-15));
#14038=DIRECTION('ref_axis',(0.707106781186549,0.707106781186546,0.));
#14039=DIRECTION('',(-0.704218968821671,-0.704218968821668,0.0902844831822651));
#14040=DIRECTION('',(-0.600369007476541,-0.600369007476535,-0.528312511420346));
#14041=DIRECTION('',(-2.12906402359242E-15,-2.12906402359241E-15,1.));
#14042=DIRECTION('center_axis',(0.707106781186549,0.707106781186546,3.01095121732502E-15));
#14043=DIRECTION('ref_axis',(-0.707106781186546,0.707106781186549,0.));
#14044=DIRECTION('',(0.70421896882167,-0.70421896882167,0.090284483182265));
#14045=DIRECTION('center_axis',(-1.,0.,0.));
#14046=DIRECTION('ref_axis',(0.,0.,1.));
#14047=DIRECTION('',(0.,-1.,0.));
#14048=DIRECTION('',(0.,0.,1.));
#14049=DIRECTION('',(0.,-1.,0.));
#14050=DIRECTION('center_axis',(0.,0.,-1.));
#14051=DIRECTION('ref_axis',(-1.,0.,0.));
#14052=DIRECTION('',(-1.26383867016465E-15,-1.,0.));
#14053=DIRECTION('',(-1.,9.03501810404587E-17,0.));
#14054=DIRECTION('center_axis',(1.,-1.26383867016465E-15,0.));
#14055=DIRECTION('ref_axis',(1.26383867016465E-15,1.,0.));
#14056=DIRECTION('',(0.,0.,-1.));
#14057=DIRECTION('center_axis',(1.,0.,0.));
#14058=DIRECTION('ref_axis',(0.,0.,-1.));
#14059=DIRECTION('center_axis',(1.,0.,0.));
#14060=DIRECTION('ref_axis',(0.,-0.499999999999996,-0.866025403784441));
#14061=DIRECTION('',(0.,0.,-1.));
#14062=DIRECTION('',(0.,0.,-1.));
#14063=DIRECTION('center_axis',(-1.44560289664734E-16,1.,0.));
#14064=DIRECTION('ref_axis',(-1.,-1.44560289664734E-16,0.));
#14065=DIRECTION('',(0.,0.,-1.));
#14066=DIRECTION('',(-1.,9.03501810404587E-17,0.));
#14067=DIRECTION('center_axis',(-1.,0.,0.));
#14068=DIRECTION('ref_axis',(0.,0.,1.));
#14069=DIRECTION('center_axis',(-1.,0.,0.));
#14070=DIRECTION('ref_axis',(0.,-1.,8.32667268468871E-15));
#14071=DIRECTION('',(0.,0.,1.));
#14072=DIRECTION('center_axis',(0.,-0.127164315985365,-0.991881664685851));
#14073=DIRECTION('ref_axis',(0.,0.991881664685851,-0.127164315985365));
#14074=DIRECTION('',(1.80197629367996E-15,-0.991881664685851,0.127164315985365));
#14075=DIRECTION('',(1.,-9.03501810404587E-17,0.));
#14076=DIRECTION('',(-1.52838971194974E-15,-0.99188166468585,0.127164315985366));
#14077=DIRECTION('',(0.,-0.991881664685851,0.127164315985365));
#14078=DIRECTION('',(0.816946219827294,-0.572031901435004,0.0733374232608981));
#14079=DIRECTION('center_axis',(0.,-0.127164315985365,-0.991881664685851));
#14080=DIRECTION('ref_axis',(0.,0.991881664685851,-0.127164315985365));
#14081=DIRECTION('center_axis',(1.89380292137206E-16,1.,0.));
#14082=DIRECTION('ref_axis',(-1.,1.89380292137206E-16,0.));
#14083=DIRECTION('',(0.,0.,1.));
#14084=DIRECTION('',(0.707106781186549,0.,0.707106781186546));
#14085=DIRECTION('',(-1.,0.,0.));
#14086=DIRECTION('center_axis',(0.707106781186546,0.,-0.707106781186549));
#14087=DIRECTION('ref_axis',(-0.707106781186549,0.,-0.707106781186546));
#14088=DIRECTION('',(0.,-1.,0.));
#14089=DIRECTION('center_axis',(0.,0.,1.));
#14090=DIRECTION('ref_axis',(1.,0.,0.));
#14091=DIRECTION('',(0.,-1.,0.));
#14092=DIRECTION('',(-1.,9.03501810404587E-17,0.));
#14093=DIRECTION('center_axis',(-9.03501810404587E-17,-1.,0.));
#14094=DIRECTION('ref_axis',(1.,-9.03501810404587E-17,0.));
#14095=DIRECTION('',(0.,0.,-1.));
#14096=DIRECTION('',(-1.,9.03501810404587E-17,0.));
#14097=DIRECTION('',(0.,0.,-1.));
#14098=DIRECTION('',(-0.70421896882167,0.,0.709982847646156));
#14099=DIRECTION('center_axis',(-0.707106781186548,-0.0899187501582006,
-0.701366251233966));
#14100=DIRECTION('ref_axis',(-0.70421896882167,0.,0.709982847646156));
#14101=DIRECTION('',(0.,0.99188166468585,-0.127164315985365));
#14102=DIRECTION('',(0.654591588489941,-0.458349964709327,-0.601186462030854));
#14103=DIRECTION('center_axis',(1.,-9.03501810404587E-17,0.));
#14104=DIRECTION('ref_axis',(9.03501810404587E-17,1.,0.));
#14105=DIRECTION('',(1.,-9.03501810404587E-17,0.));
#14106=DIRECTION('center_axis',(1.,0.,0.));
#14107=DIRECTION('ref_axis',(0.,0.,1.));
#14108=DIRECTION('',(1.,0.,0.));
#14109=DIRECTION('center_axis',(0.,0.,-1.));
#14110=DIRECTION('ref_axis',(-1.,0.,0.));
#14111=DIRECTION('',(0.,-1.,0.));
#14112=DIRECTION('',(-1.,6.69260600299694E-17,0.));
#14113=DIRECTION('center_axis',(-1.,1.66971108175939E-22,1.73472347597681E-18));
#14114=DIRECTION('ref_axis',(1.73472347597681E-18,0.,1.));
#14115=DIRECTION('',(5.91704938324986E-15,-0.00872653549836925,0.999961923064171));
#14116=DIRECTION('',(3.94472173830388E-15,0.,1.));
#14117=DIRECTION('center_axis',(9.03501810404587E-17,1.,0.));
#14118=DIRECTION('ref_axis',(-1.,9.03501810404587E-17,0.));
#14119=DIRECTION('',(1.,0.,0.));
#14120=DIRECTION('',(0.,0.,1.));
#14121=DIRECTION('center_axis',(1.,0.,0.));
#14122=DIRECTION('ref_axis',(0.,0.,-1.));
#14123=DIRECTION('',(0.,0.999985604168645,-0.00536576699728394));
#14124=DIRECTION('',(1.,0.,0.));
#14125=DIRECTION('center_axis',(1.,0.,0.));
#14126=DIRECTION('ref_axis',(0.,0.,-1.));
#14127=DIRECTION('',(-1.,0.,0.));
#14128=DIRECTION('center_axis',(0.,0.,1.));
#14129=DIRECTION('ref_axis',(1.,0.,0.));
#14130=DIRECTION('',(0.,1.,0.));
#14131=DIRECTION('',(1.,0.,0.));
#14132=DIRECTION('',(0.,-1.,0.));
#14133=DIRECTION('',(1.,0.,0.));
#14134=DIRECTION('',(-0.707106781186552,-0.707106781186543,0.));
#14135=DIRECTION('center_axis',(-1.5314501322781E-11,1.53145013227351E-11,
-1.));
#14136=DIRECTION('ref_axis',(0.707106781186545,-0.70710678118655,-2.16579754716251E-11));
#14137=DIRECTION('',(0.707106781186551,0.707106781186544,0.));
#14138=DIRECTION('center_axis',(0.,0.,1.));
#14139=DIRECTION('ref_axis',(-1.,-2.03488248330441E-15,0.));
#14140=DIRECTION('',(1.,0.,0.));
#14141=DIRECTION('',(0.,1.,0.));
#14142=DIRECTION('center_axis',(1.,0.,0.));
#14143=DIRECTION('ref_axis',(0.,0.,-1.));
#14144=DIRECTION('center_axis',(-1.,0.,0.));
#14145=DIRECTION('ref_axis',(0.,0.,-1.));
#14146=DIRECTION('',(-1.,0.,0.));
#14147=DIRECTION('center_axis',(1.,0.,0.));
#14148=DIRECTION('ref_axis',(0.,0.,-1.));
#14149=DIRECTION('center_axis',(-1.,0.,0.));
#14150=DIRECTION('ref_axis',(0.,0.,-1.));
#14151=DIRECTION('',(-1.,0.,0.));
#14152=DIRECTION('center_axis',(-0.704416026396562,0.70441602638925,-0.087155742906919));
#14153=DIRECTION('ref_axis',(-0.0753907443952289,-0.196350750804489,-0.977631125894653));
#14154=DIRECTION('center_axis',(1.,0.,0.));
#14155=DIRECTION('ref_axis',(0.,0.,-1.));
#14156=DIRECTION('',(0.,-1.,0.));
#14157=DIRECTION('',(0.,-1.,0.));
#14158=DIRECTION('center_axis',(-1.,0.,0.));
#14159=DIRECTION('ref_axis',(0.,1.,2.63677968348469E-14));
#14160=DIRECTION('',(0.,0.,-1.));
#14161=DIRECTION('',(0.,0.00872653549836696,-0.999961923064171));
#14162=DIRECTION('',(0.,-1.,-3.49148336110938E-15));
#14163=DIRECTION('center_axis',(0.,1.,3.49148336110938E-15));
#14164=DIRECTION('ref_axis',(0.,-3.49148336110938E-15,1.));
#14165=DIRECTION('center_axis',(-2.04816933621239E-13,0.999961923064171,
0.00872653549845198));
#14166=DIRECTION('ref_axis',(0.707123586118835,0.0061704457750452,-0.707063052035231));
#14167=DIRECTION('',(1.74574168055469E-15,-1.,-1.74574168055471E-15));
#14168=DIRECTION('center_axis',(0.707106781186544,2.46885156104046E-15,
-0.707106781186551));
#14169=DIRECTION('ref_axis',(-0.707106781186551,0.,-0.707106781186544));
#14170=DIRECTION('',(-0.707093318572329,0.00617070990690503,-0.707093318572319));
#14171=DIRECTION('',(0.,-1.,0.));
#14172=DIRECTION('center_axis',(1.,0.,0.));
#14173=DIRECTION('ref_axis',(0.,0.,-1.));
#14174=DIRECTION('',(0.,0.00872653549836696,-0.999961923064171));
#14175=DIRECTION('center_axis',(-1.,-8.40556567058835E-15,2.9142095116087E-15));
#14176=DIRECTION('ref_axis',(8.88178419700131E-15,-0.999961923064171,-0.00872653549836238));
#14177=DIRECTION('center_axis',(1.,0.,0.));
#14178=DIRECTION('ref_axis',(0.,0.,-1.));
#14179=DIRECTION('',(-1.,0.,0.));
#14180=DIRECTION('center_axis',(1.,0.,0.));
#14181=DIRECTION('ref_axis',(0.,0.,-1.));
#14182=DIRECTION('center_axis',(-0.707106781186547,0.707106781186548,0.));
#14183=DIRECTION('ref_axis',(-0.707106781186548,-0.707106781186547,0.));
#14184=DIRECTION('',(0.70710678118655,0.707106781186545,0.));
#14185=DIRECTION('',(0.70710678118655,0.707106781186545,0.));
#14186=DIRECTION('',(0.,0.,1.));
#14187=DIRECTION('center_axis',(0.,0.,1.));
#14188=DIRECTION('ref_axis',(1.,0.,0.));
#14189=DIRECTION('',(0.,1.,0.));
#14190=DIRECTION('',(-1.,0.,0.));
#14191=DIRECTION('center_axis',(0.,-1.,0.));
#14192=DIRECTION('ref_axis',(0.,0.,-1.));
#14193=DIRECTION('',(0.,0.,-1.));
#14194=DIRECTION('',(-1.,0.,0.));
#14195=DIRECTION('center_axis',(0.,0.,-1.));
#14196=DIRECTION('ref_axis',(-1.,0.,0.));
#14197=DIRECTION('',(0.,1.,0.));
#14198=DIRECTION('',(1.,-9.03501810404587E-17,0.));
#14199=DIRECTION('center_axis',(1.,-9.03501810404587E-17,0.));
#14200=DIRECTION('ref_axis',(9.03501810404587E-17,1.,0.));
#14201=DIRECTION('',(1.,0.,1.06752213906265E-15));
#14202=DIRECTION('center_axis',(-1.,9.03501810404587E-17,0.));
#14203=DIRECTION('ref_axis',(9.03501810404587E-17,1.,0.));
#14204=DIRECTION('center_axis',(9.03501810404587E-17,1.,0.));
#14205=DIRECTION('ref_axis',(-1.,9.03501810404587E-17,0.));
#14206=DIRECTION('',(0.,0.,-1.));
#14207=DIRECTION('',(1.,0.,0.));
#14208=DIRECTION('center_axis',(0.,0.,-1.));
#14209=DIRECTION('ref_axis',(-1.,0.,0.));
#14210=DIRECTION('',(-1.,-1.89380292137206E-16,0.));
#14211=DIRECTION('',(-1.,-6.69260600299694E-17,0.));
#14212=DIRECTION('center_axis',(0.,0.,1.));
#14213=DIRECTION('ref_axis',(1.,0.,0.));
#14214=DIRECTION('',(-1.,-6.69260600299694E-17,0.));
#14215=DIRECTION('',(0.,-1.,0.));
#14216=DIRECTION('center_axis',(0.,0.,1.));
#14217=DIRECTION('ref_axis',(1.,0.,0.));
#14218=DIRECTION('',(-1.,9.03501810404587E-17,0.));
#14219=DIRECTION('',(0.,1.,0.));
#14220=DIRECTION('center_axis',(-0.707106781186546,0.,-0.707106781186549));
#14221=DIRECTION('ref_axis',(-0.707106781186549,0.,0.707106781186546));
#14222=DIRECTION('',(0.,1.,0.));
#14223=DIRECTION('',(-0.70710678118655,0.,0.707106781186545));
#14224=DIRECTION('center_axis',(-1.89380292137206E-16,1.,0.));
#14225=DIRECTION('ref_axis',(-1.,-1.89380292137206E-16,0.));
#14226=DIRECTION('',(0.,0.,-1.));
#14227=DIRECTION('center_axis',(0.707106781186548,-0.0899187501582006,-0.701366251233966));
#14228=DIRECTION('ref_axis',(-0.70421896882167,0.,-0.709982847646156));
#14229=DIRECTION('',(0.,-0.99188166468585,0.127164315985365));
#14230=DIRECTION('',(0.704218968821669,0.,0.709982847646156));
#14231=DIRECTION('',(0.,-0.991881664685851,0.127164315985365));
#14232=DIRECTION('',(0.,-0.991881664685851,0.127164315985365));
#14233=DIRECTION('',(0.654591588489939,0.458349964709328,0.601186462030855));
#14234=DIRECTION('center_axis',(0.,-0.127164315985365,-0.991881664685851));
#14235=DIRECTION('ref_axis',(0.,0.991881664685851,-0.127164315985365));
#14236=DIRECTION('',(1.,-9.03501810404587E-17,0.));
#14237=DIRECTION('',(9.00988146839981E-16,0.991881664685851,-0.127164315985365));
#14238=DIRECTION('center_axis',(-4.34251320103459E-15,-0.127164315985363,
-0.991881664685851));
#14239=DIRECTION('ref_axis',(-4.58093015131291E-11,0.991881664685851,-0.127164315985363));
#14240=DIRECTION('',(0.816946219827294,0.572031901435004,-0.0733374232608981));
#14241=DIRECTION('center_axis',(-9.03501810404587E-17,-1.,0.));
#14242=DIRECTION('ref_axis',(1.,-9.03501810404587E-17,0.));
#14243=DIRECTION('',(-1.,9.03501810404587E-17,0.));
#14244=DIRECTION('',(0.,0.,1.));
#14245=DIRECTION('',(0.,0.,1.));
#14246=DIRECTION('center_axis',(1.,-9.03501810404587E-17,0.));
#14247=DIRECTION('ref_axis',(9.03501810404587E-17,1.,0.));
#14248=DIRECTION('center_axis',(-1.,9.03501810404587E-17,0.));
#14249=DIRECTION('ref_axis',(9.03501810404587E-17,1.,0.));
#14250=DIRECTION('center_axis',(1.,0.,0.));
#14251=DIRECTION('ref_axis',(0.,0.,-1.));
#14252=DIRECTION('',(-1.,0.,0.));
#14253=DIRECTION('center_axis',(1.,9.08362538514455E-16,0.));
#14254=DIRECTION('ref_axis',(-9.08362538514455E-16,1.,0.));
#14255=DIRECTION('',(0.,0.,-1.));
#14256=DIRECTION('',(0.,1.,0.));
#14257=DIRECTION('center_axis',(0.,0.,-1.));
#14258=DIRECTION('ref_axis',(-1.,0.,0.));
#14259=DIRECTION('center_axis',(0.,0.,1.));
#14260=DIRECTION('ref_axis',(-1.,-5.78241158658936E-15,0.));
#14261=DIRECTION('',(0.,0.,-1.));
#14262=DIRECTION('center_axis',(0.57357643635105,0.819152044288989,0.));
#14263=DIRECTION('ref_axis',(-0.819152044288989,0.57357643635105,0.));
#14264=DIRECTION('',(-0.819152044288989,0.57357643635105,0.));
#14265=DIRECTION('',(0.,0.,-1.));
#14266=DIRECTION('center_axis',(1.,0.,0.));
#14267=DIRECTION('ref_axis',(0.,0.,-1.));
#14268=DIRECTION('',(0.,1.,0.));
#14269=DIRECTION('',(0.,0.,-1.));
#14270=DIRECTION('center_axis',(-6.69260600299694E-17,-1.,0.));
#14271=DIRECTION('ref_axis',(1.,-6.69260600299694E-17,0.));
#14272=DIRECTION('',(0.,0.,-1.));
#14273=DIRECTION('',(1.,0.,0.));
#14274=DIRECTION('center_axis',(1.,0.,0.));
#14275=DIRECTION('ref_axis',(0.,0.,-1.));
#14276=DIRECTION('',(0.,1.,0.));
#14277=DIRECTION('center_axis',(0.,0.999961923064171,0.00872653549836696));
#14278=DIRECTION('ref_axis',(0.,-0.00872653549836696,0.999961923064171));
#14279=DIRECTION('',(1.,0.,0.));
#14280=DIRECTION('',(0.,0.00872653549836445,-0.999961923064171));
#14281=DIRECTION('center_axis',(1.,0.,0.));
#14282=DIRECTION('ref_axis',(0.,0.,-1.));
#14283=DIRECTION('',(0.,-0.00872653549836669,0.999961923064171));
#14284=DIRECTION('',(0.,1.,0.));
#14285=DIRECTION('center_axis',(0.,0.999961923064171,0.0087265354983667));
#14286=DIRECTION('ref_axis',(0.,-0.0087265354983667,0.999961923064172));
#14287=DIRECTION('',(1.,0.,0.));
#14288=DIRECTION('center_axis',(0.,0.,-1.));
#14289=DIRECTION('ref_axis',(-1.,0.,0.));
#14290=DIRECTION('center_axis',(0.,0.,-1.));
#14291=DIRECTION('ref_axis',(-1.,0.,0.));
#14292=DIRECTION('center_axis',(0.704416026402757,-0.70441602640276,-0.0871557427476584));
#14293=DIRECTION('ref_axis',(0.707106781186549,0.707106781186546,6.93889390390723E-18));
#14294=DIRECTION('',(0.707106781186552,0.707106781186543,0.));
#14295=DIRECTION('',(0.0616284167162195,-0.0616284167162194,0.996194698091746));
#14296=DIRECTION('center_axis',(0.,0.,-1.));
#14297=DIRECTION('ref_axis',(0.707106781186828,0.707106781186267,0.));
#14298=DIRECTION('',(0.0616284167162194,-0.0616284167162196,-0.996194698091746));
#14299=DIRECTION('center_axis',(0.,0.,-1.));
#14300=DIRECTION('ref_axis',(-1.,0.,0.));
#14301=DIRECTION('center_axis',(-0.704416026402757,0.70441602640276,-0.0871557427476584));
#14302=DIRECTION('ref_axis',(-0.707106781186549,-0.707106781186546,6.93889390390723E-18));
#14303=DIRECTION('',(-0.707106781186548,-0.707106781186547,0.));
#14304=DIRECTION('center_axis',(0.,8.48098952129003E-17,-1.));
#14305=DIRECTION('ref_axis',(0.,1.,8.48098952129003E-17));
#14306=DIRECTION('center_axis',(0.,8.48098952129003E-17,-1.));
#14307=DIRECTION('ref_axis',(0.,1.,8.48098952129003E-17));
#14308=DIRECTION('center_axis',(0.,0.999961923064171,0.0087265354983667));
#14309=DIRECTION('ref_axis',(0.,-0.0087265354983667,0.999961923064172));
#14310=DIRECTION('',(0.,-0.00872653549836711,0.999961923064171));
#14311=DIRECTION('',(1.,0.,0.));
#14312=DIRECTION('center_axis',(1.,0.,0.));
#14313=DIRECTION('ref_axis',(0.,0.,-1.));
#14314=DIRECTION('',(0.,-1.,0.));
#14315=DIRECTION('',(0.,-0.00872653549836696,0.999961923064171));
#14316=DIRECTION('center_axis',(0.,0.999961923064171,0.00872653549836696));
#14317=DIRECTION('ref_axis',(0.,-0.00872653549836696,0.999961923064171));
#14318=DIRECTION('',(1.,0.,0.));
#14319=DIRECTION('center_axis',(-1.,0.,0.));
#14320=DIRECTION('ref_axis',(0.,0.,1.));
#14321=DIRECTION('',(0.,0.,-1.));
#14322=DIRECTION('',(0.,-1.,0.));
#14323=DIRECTION('center_axis',(6.69260600299694E-17,-1.,0.));
#14324=DIRECTION('ref_axis',(1.,6.69260600299694E-17,0.));
#14325=DIRECTION('',(0.,0.,-1.));
#14326=DIRECTION('',(1.,0.,0.));
#14327=DIRECTION('center_axis',(-1.,0.,0.));
#14328=DIRECTION('ref_axis',(0.,0.,1.));
#14329=DIRECTION('',(0.,0.,-1.));
#14330=DIRECTION('',(0.,-1.,0.));
#14331=DIRECTION('center_axis',(-0.57357643635105,0.819152044288989,0.));
#14332=DIRECTION('ref_axis',(-0.819152044288989,-0.57357643635105,0.));
#14333=DIRECTION('',(0.,0.,-1.));
#14334=DIRECTION('',(-0.819152044288989,-0.57357643635105,0.));
#14335=DIRECTION('center_axis',(0.,0.,-1.));
#14336=DIRECTION('ref_axis',(-1.,0.,0.));
#14337=DIRECTION('',(0.,0.,-1.));
#14338=DIRECTION('center_axis',(0.,0.,1.));
#14339=DIRECTION('ref_axis',(-1.,-2.02384405530628E-14,0.));
#14340=DIRECTION('center_axis',(-1.,9.08362538514455E-16,0.));
#14341=DIRECTION('ref_axis',(-9.08362538514455E-16,-1.,0.));
#14342=DIRECTION('',(0.,-1.,0.));
#14343=DIRECTION('center_axis',(0.,0.,-1.));
#14344=DIRECTION('ref_axis',(-1.,0.,0.));
#14345=DIRECTION('',(7.70371977754878E-34,0.,1.));
#14346=DIRECTION('',(1.,0.,4.93038065763132E-32));
#14347=DIRECTION('',(7.70371977754878E-34,0.,1.));
#14348=DIRECTION('',(1.,0.,4.93038065763132E-32));
#14349=DIRECTION('',(-6.2450045135165E-16,1.,-5.55111512312571E-17));
#14350=DIRECTION('',(-1.,-2.63677968348474E-16,-3.46944695195365E-17));
#14351=CARTESIAN_POINT('',(0.,0.,0.));
#14352=CARTESIAN_POINT('',(0.,0.,0.));
#14353=CARTESIAN_POINT('',(0.,0.,0.));
#14354=CARTESIAN_POINT('Origin',(2.25,1.7,-1.03));
#14355=CARTESIAN_POINT('',(2.25,1.7,-1.03));
#14356=CARTESIAN_POINT('',(1.75,1.7,-1.03));
#14357=CARTESIAN_POINT('',(2.25,1.7,-1.03));
#14358=CARTESIAN_POINT('',(1.75,1.45,-1.03));
#14359=CARTESIAN_POINT('',(1.75,1.7,-1.03));
#14360=CARTESIAN_POINT('',(1.675,1.35317541634482,-1.03));
#14361=CARTESIAN_POINT('Origin',(1.65,1.45,-1.03));
#14362=CARTESIAN_POINT('',(1.6,1.25635083268963,-1.03));
#14363=CARTESIAN_POINT('Origin',(1.7,1.25635083268963,-1.03));
#14364=CARTESIAN_POINT('',(1.6,0.650000000000003,-1.03));
#14365=CARTESIAN_POINT('',(1.6,1.7,-1.03));
#14366=CARTESIAN_POINT('',(2.25,0.650000000000003,-1.03));
#14367=CARTESIAN_POINT('',(2.25,0.650000000000003,-1.03));
#14368=CARTESIAN_POINT('',(2.25,1.7,-1.03));
#14369=CARTESIAN_POINT('Origin',(1.75,1.7,-1.23));
#14370=CARTESIAN_POINT('',(1.75,1.45,-1.23));
#14371=CARTESIAN_POINT('',(1.75,1.45,-1.23));
#14372=CARTESIAN_POINT('',(1.75,1.7,-1.23));
#14373=CARTESIAN_POINT('',(1.75,1.7,-1.23));
#14374=CARTESIAN_POINT('',(1.75,1.7,-1.23));
#14375=CARTESIAN_POINT('Origin',(2.25,1.7,-1.23));
#14376=CARTESIAN_POINT('',(2.25,1.7,-1.23));
#14377=CARTESIAN_POINT('',(2.25,1.7,-1.23));
#14378=CARTESIAN_POINT('',(2.25,1.7,-1.23));
#14379=CARTESIAN_POINT('Origin',(2.25,0.600000000000004,-1.23));
#14380=CARTESIAN_POINT('',(2.25,0.650000000000004,-1.23));
#14381=CARTESIAN_POINT('',(2.25,0.600000000000004,-1.23));
#14382=CARTESIAN_POINT('',(2.25,0.600000000000003,-0.98));
#14383=CARTESIAN_POINT('Origin',(2.25,0.650000000000003,-0.979999999999999));
#14384=CARTESIAN_POINT('',(2.25,0.6,-0.0499999999999994));
#14385=CARTESIAN_POINT('',(2.25,0.6,6.98296672221877E-16));
#14386=CARTESIAN_POINT('',(2.25,0.35,0.2));
#14387=CARTESIAN_POINT('Origin',(2.25,0.35,-0.05));
#14388=CARTESIAN_POINT('',(2.25,-0.102262800667148,0.2));
#14389=CARTESIAN_POINT('',(2.25,1.48492424049175,0.2));
#14390=CARTESIAN_POINT('',(2.25,-0.102262800667148,0.));
#14391=CARTESIAN_POINT('',(2.25,-0.102262800667148,0.2));
#14392=CARTESIAN_POINT('',(2.25,0.35,2.37169225231204E-17));
#14393=CARTESIAN_POINT('',(2.25,1.48492424049175,0.));
#14394=CARTESIAN_POINT('',(2.25,0.400000000000001,-0.0499999999999998));
#14395=CARTESIAN_POINT('Origin',(2.25,0.35,-0.05));
#14396=CARTESIAN_POINT('',(2.25,0.400000000000003,-0.98));
#14397=CARTESIAN_POINT('',(2.25,0.400000000000003,-1.23));
#14398=CARTESIAN_POINT('Origin',(2.25,0.650000000000003,-0.979999999999999));
#14399=CARTESIAN_POINT('Origin',(1.6,0.650000000000003,-0.979999999999999));
#14400=CARTESIAN_POINT('',(1.6,0.600000000000003,-0.98));
#14401=CARTESIAN_POINT('Origin',(1.6,0.650000000000003,-0.979999999999999));
#14402=CARTESIAN_POINT('',(1.6,0.600000000000003,-0.98));
#14403=CARTESIAN_POINT('Origin',(1.6,1.35,-1.23));
#14404=CARTESIAN_POINT('',(1.6,1.25635083268963,-1.23));
#14405=CARTESIAN_POINT('',(1.6,1.25635083268963,-1.23));
#14406=CARTESIAN_POINT('',(1.6,0.650000000000004,-1.23));
#14407=CARTESIAN_POINT('',(1.6,1.35,-1.23));
#14408=CARTESIAN_POINT('',(1.6,0.400000000000003,-0.98));
#14409=CARTESIAN_POINT('Origin',(1.6,0.650000000000003,-0.979999999999999));
#14410=CARTESIAN_POINT('',(1.6,0.400000000000003,-0.839999999999997));
#14411=CARTESIAN_POINT('',(1.6,0.400000000000003,-0.839999999999997));
#14412=CARTESIAN_POINT('',(1.6,0.600000000000003,-0.839999999999997));
#14413=CARTESIAN_POINT('',(1.6,0.600000000000003,-0.839999999999997));
#14414=CARTESIAN_POINT('',(1.6,0.6,6.98296672221877E-16));
#14415=CARTESIAN_POINT('Origin',(1.7,1.25635083268963,-1.23));
#14416=CARTESIAN_POINT('',(1.675,1.35317541634482,-1.23));
#14417=CARTESIAN_POINT('',(1.675,1.35317541634482,-1.23));
#14418=CARTESIAN_POINT('Origin',(1.7,1.25635083268963,-1.23));
#14419=CARTESIAN_POINT('Origin',(1.65,1.45,-1.23));
#14420=CARTESIAN_POINT('Origin',(1.65,1.45,-1.23));
#14421=CARTESIAN_POINT('Origin',(2.25,1.7,-1.23));
#14422=CARTESIAN_POINT('',(2.25,0.650000000000005,-1.23));
#14423=CARTESIAN_POINT('Origin',(1.85,0.6,6.98296672221877E-16));
#14424=CARTESIAN_POINT('',(1.82071067811865,0.600000000000002,-0.619289321881345));
#14425=CARTESIAN_POINT('',(1.82071067811865,0.600000000000002,-0.619289321881345));
#14426=CARTESIAN_POINT('',(1.85,0.600000000000002,-0.54857864376269));
#14427=CARTESIAN_POINT('Origin',(1.75,0.600000000000002,-0.54857864376269));
#14428=CARTESIAN_POINT('',(1.85,0.6,-0.0499999999999991));
#14429=CARTESIAN_POINT('',(1.85,0.6,6.98296672221877E-16));
#14430=CARTESIAN_POINT('',(1.85,0.6,-0.0499999999999991));
#14431=CARTESIAN_POINT('Origin',(1.6,0.650000000000003,-0.979999999999999));
#14432=CARTESIAN_POINT('',(1.6,0.400000000000003,-0.98));
#14433=CARTESIAN_POINT('Origin',(1.85,0.600000000000002,-0.589999999999999));
#14434=CARTESIAN_POINT('',(1.82071067811865,0.400000000000002,-0.619289321881345));
#14435=CARTESIAN_POINT('',(1.85,0.400000000000003,-0.59));
#14436=CARTESIAN_POINT('',(1.82071067811865,0.600000000000002,-0.619289321881345));
#14437=CARTESIAN_POINT('Origin',(1.75,0.600000000000002,-0.54857864376269));
#14438=CARTESIAN_POINT('',(1.85,0.400000000000001,-0.54857864376269));
#14439=CARTESIAN_POINT('Origin',(1.75,0.400000000000002,-0.54857864376269));
#14440=CARTESIAN_POINT('',(1.85,0.600000000000002,-0.54857864376269));
#14441=CARTESIAN_POINT('Origin',(1.85,0.6,6.98296672221877E-16));
#14442=CARTESIAN_POINT('',(1.85,0.4,-0.0499999999999995));
#14443=CARTESIAN_POINT('',(1.85,0.4,6.98296672221877E-16));
#14444=CARTESIAN_POINT('',(1.85,0.35,2.37169225231204E-17));
#14445=CARTESIAN_POINT('Origin',(1.85,0.35,-0.05));
#14446=CARTESIAN_POINT('',(1.85,0.3,0.));
#14447=CARTESIAN_POINT('',(1.85,1.48492424049175,0.));
#14448=CARTESIAN_POINT('',(1.85,0.3,0.2));
#14449=CARTESIAN_POINT('',(1.85,0.3,0.2));
#14450=CARTESIAN_POINT('',(1.85,0.35,0.2));
#14451=CARTESIAN_POINT('',(1.85,1.48492424049175,0.2));
#14452=CARTESIAN_POINT('Origin',(1.85,0.35,-0.05));
#14453=CARTESIAN_POINT('Origin',(2.25,0.35,-0.05));
#14454=CARTESIAN_POINT('',(2.25,0.35,0.2));
#14455=CARTESIAN_POINT('Origin',(1.85,0.4,1.92592994438724E-31));
#14456=CARTESIAN_POINT('',(1.85,0.4,-0.0499999999999998));
#14457=CARTESIAN_POINT('Origin',(0.848528137423854,1.48492424049175,0.2));
#14458=CARTESIAN_POINT('',(1.75,0.2,0.2));
#14459=CARTESIAN_POINT('Origin',(1.75,0.3,0.2));
#14460=CARTESIAN_POINT('',(1.59,0.2,0.2));
#14461=CARTESIAN_POINT('',(0.848528137423854,0.2,0.2));
#14462=CARTESIAN_POINT('',(1.59,-1.26857864376269,0.2));
#14463=CARTESIAN_POINT('',(1.59,1.48492424049175,0.2));
#14464=CARTESIAN_POINT('',(1.67071067811866,-1.18786796564404,0.2));
#14465=CARTESIAN_POINT('',(1.59,-1.26857864376269,0.2));
#14466=CARTESIAN_POINT('',(1.7,-1.11715728752538,0.2));
#14467=CARTESIAN_POINT('Origin',(1.6,-1.11715728752538,0.2));
#14468=CARTESIAN_POINT('',(1.7,-0.641421356237309,0.2));
#14469=CARTESIAN_POINT('',(1.7,1.48492424049175,0.2));
#14470=CARTESIAN_POINT('',(1.72928932188135,-0.570710678118655,0.2));
#14471=CARTESIAN_POINT('Origin',(1.8,-0.641421356237309,0.2));
#14472=CARTESIAN_POINT('',(1.77071067811865,-0.529289321881346,0.2));
#14473=CARTESIAN_POINT('',(1.72928932188135,-0.570710678118655,0.2));
#14474=CARTESIAN_POINT('',(1.84142135623731,-0.5,0.2));
#14475=CARTESIAN_POINT('Origin',(1.84142135623731,-0.6,0.2));
#14476=CARTESIAN_POINT('',(1.98,-0.5,0.2));
#14477=CARTESIAN_POINT('',(0.848528137423854,-0.5,0.2));
#14478=CARTESIAN_POINT('',(2.08,-0.4,0.2));
#14479=CARTESIAN_POINT('Origin',(1.98,-0.4,0.2));
#14480=CARTESIAN_POINT('',(2.08,-0.3,0.2));
#14481=CARTESIAN_POINT('',(2.08,1.48492424049175,0.2));
#14482=CARTESIAN_POINT('',(2.165,-0.201131400333574,0.2));
#14483=CARTESIAN_POINT('Origin',(2.18,-0.3,0.2));
#14484=CARTESIAN_POINT('Origin',(2.15,-0.102262800667148,0.2));
#14485=CARTESIAN_POINT('Origin',(2.25,0.35,-0.05));
#14486=CARTESIAN_POINT('',(0.848528137423854,0.35,0.));
#14487=CARTESIAN_POINT('Origin',(1.5,0.2,0.2));
#14488=CARTESIAN_POINT('',(1.59,0.2,0.));
#14489=CARTESIAN_POINT('',(1.59,0.2,0.2));
#14490=CARTESIAN_POINT('',(1.75,0.2,0.));
#14491=CARTESIAN_POINT('',(1.75,0.2,0.2));
#14492=CARTESIAN_POINT('',(0.848528137423854,0.2,0.));
#14493=CARTESIAN_POINT('Origin',(1.75,0.3,0.2));
#14494=CARTESIAN_POINT('Origin',(1.75,0.3,0.));
#14495=CARTESIAN_POINT('Origin',(2.15,-0.102262800667148,0.));
#14496=CARTESIAN_POINT('',(2.165,-0.201131400333574,0.));
#14497=CARTESIAN_POINT('Origin',(2.15,-0.102262800667148,0.));
#14498=CARTESIAN_POINT('',(2.165,-0.201131400333574,0.));
#14499=CARTESIAN_POINT('Origin',(2.18,-0.3,0.));
#14500=CARTESIAN_POINT('',(2.08,-0.3,0.));
#14501=CARTESIAN_POINT('',(2.08,-0.3,0.));
#14502=CARTESIAN_POINT('Origin',(2.18,-0.3,0.));
#14503=CARTESIAN_POINT('Origin',(2.08,-0.2,0.));
#14504=CARTESIAN_POINT('',(2.08,-0.4,0.));
#14505=CARTESIAN_POINT('',(2.08,1.48492424049175,0.));
#14506=CARTESIAN_POINT('',(2.08,-0.4,0.));
#14507=CARTESIAN_POINT('Origin',(1.98,-0.4,0.));
#14508=CARTESIAN_POINT('',(1.98,-0.5,0.));
#14509=CARTESIAN_POINT('',(1.98,-0.5,0.));
#14510=CARTESIAN_POINT('Origin',(1.98,-0.4,0.));
#14511=CARTESIAN_POINT('Origin',(2.08,-0.5,0.));
#14512=CARTESIAN_POINT('',(1.84142135623731,-0.5,0.));
#14513=CARTESIAN_POINT('',(0.848528137423854,-0.5,0.));
#14514=CARTESIAN_POINT('',(1.84142135623731,-0.5,0.));
#14515=CARTESIAN_POINT('Origin',(1.84142135623731,-0.6,0.));
#14516=CARTESIAN_POINT('',(1.77071067811865,-0.529289321881346,0.));
#14517=CARTESIAN_POINT('',(1.77071067811865,-0.529289321881346,0.));
#14518=CARTESIAN_POINT('Origin',(1.84142135623731,-0.6,0.));
#14519=CARTESIAN_POINT('Origin',(1.7,-0.6,0.));
#14520=CARTESIAN_POINT('',(1.72928932188135,-0.570710678118655,0.));
#14521=CARTESIAN_POINT('',(1.72928932188135,-0.570710678118655,0.));
#14522=CARTESIAN_POINT('',(1.72928932188135,-0.570710678118655,0.));
#14523=CARTESIAN_POINT('Origin',(1.8,-0.641421356237309,0.2));
#14524=CARTESIAN_POINT('',(1.7,-0.641421356237309,0.));
#14525=CARTESIAN_POINT('',(1.7,-0.641421356237309,0.2));
#14526=CARTESIAN_POINT('Origin',(1.8,-0.641421356237309,0.));
#14527=CARTESIAN_POINT('Origin',(1.7,-0.2,0.2));
#14528=CARTESIAN_POINT('',(1.7,-1.11715728752538,0.));
#14529=CARTESIAN_POINT('',(1.7,-1.11715728752538,0.2));
#14530=CARTESIAN_POINT('',(1.7,1.48492424049175,0.));
#14531=CARTESIAN_POINT('Origin',(1.6,-1.11715728752538,0.2));
#14532=CARTESIAN_POINT('',(1.67071067811866,-1.18786796564404,0.));
#14533=CARTESIAN_POINT('Origin',(1.6,-1.11715728752538,0.));
#14534=CARTESIAN_POINT('',(1.67071067811866,-1.18786796564404,0.2));
#14535=CARTESIAN_POINT('Origin',(1.35857864376269,-1.5,0.2));
#14536=CARTESIAN_POINT('',(1.59,-1.26857864376269,0.));
#14537=CARTESIAN_POINT('',(1.59,-1.26857864376269,0.));
#14538=CARTESIAN_POINT('',(1.59,-1.26857864376269,0.2));
#14539=CARTESIAN_POINT('Origin',(1.59,1.75,0.23));
#14540=CARTESIAN_POINT('',(1.59,1.75,0.));
#14541=CARTESIAN_POINT('Origin',(0.848528137423854,1.48492424049175,0.));
#14542=CARTESIAN_POINT('',(0.,0.,0.));
#14543=CARTESIAN_POINT('Origin',(0.478086179095739,8.18590804734077,-0.0407074826244789));
#14544=CARTESIAN_POINT('',(1.45498914023946,6.75090804734077,-0.0407074826244784));
#14545=CARTESIAN_POINT('',(1.45498914023946,6.67090804734077,-0.0407074826244785));
#14546=CARTESIAN_POINT('',(1.45498914023946,8.18590804734077,-0.0407074826244789));
#14547=CARTESIAN_POINT('',(1.24498914023946,6.67090804734077,-0.0407074826244781));
#14548=CARTESIAN_POINT('',(0.478086179095739,6.67090804734077,-0.0407074826244789));
#14549=CARTESIAN_POINT('',(1.24498914023946,6.75090804734077,-0.0407074826244786));
#14550=CARTESIAN_POINT('',(1.24498914023946,8.18590804734077,-0.0407074826244789));
#14551=CARTESIAN_POINT('',(0.478086179095739,6.75090804734077,-0.0407074826244789));
#14552=CARTESIAN_POINT('Origin',(-2.23445357886053,6.67090804734077,-0.040707482624478));
#14553=CARTESIAN_POINT('',(1.24498914023946,6.67090804734077,-0.0607074826244778));
#14554=CARTESIAN_POINT('',(1.24498914023946,6.67090804734077,-0.040707482624478));
#14555=CARTESIAN_POINT('',(1.45498914023946,6.67090804734077,-0.0607074826244778));
#14556=CARTESIAN_POINT('',(1.45498914023946,6.67090804734077,-0.040707482624478));
#14557=CARTESIAN_POINT('',(-2.23445357886053,6.67090804734077,-0.0607074826244778));
#14558=CARTESIAN_POINT('Origin',(1.45498914023946,7.55649245961234,-0.040707482624478));
#14559=CARTESIAN_POINT('',(1.45498914023946,6.75090804734077,-0.0607074826244778));
#14560=CARTESIAN_POINT('',(1.45498914023946,6.75090804734077,-0.040707482624478));
#14561=CARTESIAN_POINT('',(1.45498914023946,6.73090804734076,-0.0807074826244779));
#14562=CARTESIAN_POINT('Origin',(1.45498914023946,6.73090804734077,-0.0607074826244787));
#14563=CARTESIAN_POINT('',(1.45498914023946,6.69090804734076,-0.0807074826244779));
#14564=CARTESIAN_POINT('',(1.45498914023946,7.55649245961234,-0.0807074826244779));
#14565=CARTESIAN_POINT('Origin',(1.45498914023946,6.69090804734076,-0.0607074826244787));
#14566=CARTESIAN_POINT('Origin',(-2.23445357886053,6.75090804734077,-0.040707482624478));
#14567=CARTESIAN_POINT('',(1.24498914023946,6.75090804734077,-0.0607074826244778));
#14568=CARTESIAN_POINT('',(1.24498914023946,6.75090804734077,-0.040707482624478));
#14569=CARTESIAN_POINT('',(-2.23445357886053,6.75090804734077,-0.0607074826244778));
#14570=CARTESIAN_POINT('Origin',(1.24498914023946,5.06090804734077,4.50625853880124));
#14571=CARTESIAN_POINT('',(1.24498914023946,6.69090804734076,-0.0807074826244779));
#14572=CARTESIAN_POINT('Origin',(1.24498914023946,6.69090804734076,-0.0607074826244787));
#14573=CARTESIAN_POINT('',(1.24498914023946,6.73090804734076,-0.0807074826244779));
#14574=CARTESIAN_POINT('',(1.24498914023946,5.06090804734077,-0.0807074826244779));
#14575=CARTESIAN_POINT('Origin',(1.24498914023946,6.73090804734077,-0.0607074826244787));
#14576=CARTESIAN_POINT('Origin',(-2.23445357886053,6.69090804734076,-0.0607074826244778));
#14577=CARTESIAN_POINT('',(-2.23445357886053,6.69090804734076,-0.0807074826244779));
#14578=CARTESIAN_POINT('Origin',(-2.23445357886053,6.73090804734076,-0.0607074826244778));
#14579=CARTESIAN_POINT('',(-2.23445357886053,6.73090804734076,-0.0807074826244779));
#14580=CARTESIAN_POINT('Origin',(-2.23445357886053,6.73090804734076,-0.0807074826244779));
#14581=CARTESIAN_POINT('Origin',(0.478086179095739,8.18590804734077,-0.0407074826244789));
#14582=CARTESIAN_POINT('',(-2.14501085976054,6.67090804734077,-0.0407074826244784));
#14583=CARTESIAN_POINT('',(-2.14501085976054,6.75090804734077,-0.0407074826244785));
#14584=CARTESIAN_POINT('',(-2.14501085976054,8.18590804734077,-0.0407074826244789));
#14585=CARTESIAN_POINT('',(-1.93501085976054,6.75090804734077,-0.0407074826244781));
#14586=CARTESIAN_POINT('',(0.478086179095739,6.75090804734077,-0.0407074826244789));
#14587=CARTESIAN_POINT('',(-1.93501085976054,6.67090804734076,-0.0407074826244786));
#14588=CARTESIAN_POINT('',(-1.93501085976054,8.18590804734077,-0.0407074826244789));
#14589=CARTESIAN_POINT('',(0.478086179095739,6.67090804734077,-0.0407074826244789));
#14590=CARTESIAN_POINT('Origin',(-2.23445357886053,6.75090804734077,-0.040707482624478));
#14591=CARTESIAN_POINT('',(-1.93501085976054,6.75090804734077,-0.0607074826244778));
#14592=CARTESIAN_POINT('',(-1.93501085976054,6.75090804734077,-0.040707482624478));
#14593=CARTESIAN_POINT('',(-2.14501085976054,6.75090804734077,-0.0607074826244778));
#14594=CARTESIAN_POINT('',(-2.14501085976054,6.75090804734077,-0.040707482624478));
#14595=CARTESIAN_POINT('',(-2.23445357886053,6.75090804734077,-0.0607074826244778));
#14596=CARTESIAN_POINT('Origin',(-2.14501085976054,7.55649245961234,-0.040707482624478));
#14597=CARTESIAN_POINT('',(-2.14501085976054,6.67090804734077,-0.0607074826244778));
#14598=CARTESIAN_POINT('',(-2.14501085976054,6.67090804734077,-0.040707482624478));
#14599=CARTESIAN_POINT('',(-2.14501085976054,6.69090804734076,-0.0807074826244779));
#14600=CARTESIAN_POINT('Origin',(-2.14501085976054,6.69090804734076,-0.0607074826244787));
#14601=CARTESIAN_POINT('',(-2.14501085976054,6.73090804734076,-0.0807074826244779));
#14602=CARTESIAN_POINT('',(-2.14501085976054,7.55649245961234,-0.0807074826244779));
#14603=CARTESIAN_POINT('Origin',(-2.14501085976054,6.73090804734077,-0.0607074826244787));
#14604=CARTESIAN_POINT('Origin',(-2.23445357886053,6.67090804734077,-0.040707482624478));
#14605=CARTESIAN_POINT('',(-1.93501085976054,6.67090804734077,-0.0607074826244778));
#14606=CARTESIAN_POINT('',(-1.93501085976054,6.67090804734077,-0.040707482624478));
#14607=CARTESIAN_POINT('',(-2.23445357886053,6.67090804734077,-0.0607074826244778));
#14608=CARTESIAN_POINT('Origin',(-1.93501085976054,5.06090804734077,4.50625853880124));
#14609=CARTESIAN_POINT('',(-1.93501085976054,6.73090804734076,-0.0807074826244779));
#14610=CARTESIAN_POINT('Origin',(-1.93501085976054,6.73090804734077,-0.0607074826244787));
#14611=CARTESIAN_POINT('',(-1.93501085976054,6.69090804734076,-0.0807074826244779));
#14612=CARTESIAN_POINT('',(-1.93501085976054,5.06090804734077,-0.0807074826244779));
#14613=CARTESIAN_POINT('Origin',(-1.93501085976054,6.69090804734076,-0.0607074826244787));
#14614=CARTESIAN_POINT('Origin',(-2.23445357886053,6.73090804734076,-0.0607074826244778));
#14615=CARTESIAN_POINT('',(-2.23445357886053,6.73090804734076,-0.0807074826244779));
#14616=CARTESIAN_POINT('Origin',(-2.23445357886053,6.69090804734076,-0.0607074826244778));
#14617=CARTESIAN_POINT('',(-2.23445357886053,6.69090804734076,-0.0807074826244779));
#14618=CARTESIAN_POINT('Origin',(-2.23445357886053,6.73090804734076,-0.0807074826244779));
#14619=CARTESIAN_POINT('Origin',(1.88498914023946,7.72090804734077,0.759292517375522));
#14620=CARTESIAN_POINT('',(2.05498914023946,7.98013767527708,0.759292517375522));
#14621=CARTESIAN_POINT('',(2.05498914023946,7.46167841940445,0.759292517375522));
#14622=CARTESIAN_POINT('Origin',(1.88498914023946,7.72090804734077,0.759292517375522));
#14623=CARTESIAN_POINT('',(1.57498914023946,7.72090804734077,0.759292517375522));
#14624=CARTESIAN_POINT('Origin',(1.88498914023946,7.72090804734077,0.759292517375522));
#14625=CARTESIAN_POINT('',(1.57498914023946,7.72090804734077,0.959292517375522));
#14626=CARTESIAN_POINT('',(1.57498914023946,7.72090804734077,0.759292517375522));
#14627=CARTESIAN_POINT('Origin',(1.88498914023946,7.72090804734077,0.959292517375522));
#14628=CARTESIAN_POINT('Origin',(1.88498914023946,7.72090804734077,0.759292517375522));
#14629=CARTESIAN_POINT('Origin',(-2.57501085976054,7.72090804734077,0.759292517375522));
#14630=CARTESIAN_POINT('',(-2.74501085976054,7.46167841940445,0.759292517375522));
#14631=CARTESIAN_POINT('',(-2.74501085976054,7.98013767527708,0.759292517375522));
#14632=CARTESIAN_POINT('Origin',(-2.57501085976054,7.72090804734077,0.759292517375522));
#14633=CARTESIAN_POINT('',(-2.88501085976054,7.72090804734077,0.759292517375522));
#14634=CARTESIAN_POINT('Origin',(-2.57501085976054,7.72090804734077,0.759292517375522));
#14635=CARTESIAN_POINT('',(-2.88501085976054,7.72090804734077,0.959292517375522));
#14636=CARTESIAN_POINT('',(-2.88501085976054,7.72090804734077,0.759292517375522));
#14637=CARTESIAN_POINT('Origin',(-2.57501085976054,7.72090804734077,0.959292517375522));
#14638=CARTESIAN_POINT('Origin',(-2.57501085976054,7.72090804734077,0.759292517375522));
#14639=CARTESIAN_POINT('Origin',(1.88498914023946,7.72090804734077,0.759292517500398));
#14640=CARTESIAN_POINT('',(2.0549891402385,7.95585484982886,0.759292517379998));
#14641=CARTESIAN_POINT('',(2.0549891402385,7.48596124485267,0.759292517379998));
#14642=CARTESIAN_POINT('Origin',(1.8849891402404,7.72090804734125,0.759292517392402));
#14643=CARTESIAN_POINT('',(2.1749891402366,7.72090804734077,0.759292517379906));
#14644=CARTESIAN_POINT('Origin',(1.88498914023946,7.72090804734077,0.759292517386712));
#14645=CARTESIAN_POINT('',(2.1599891402356,7.72090804734077,0.959292517393245));
#14646=CARTESIAN_POINT('',(2.17498914022757,7.72090804734077,0.759292517500398));
#14647=CARTESIAN_POINT('Origin',(1.88498914023946,7.72090804734077,0.959292517393351));
#14648=CARTESIAN_POINT('Origin',(1.88498914023946,7.72090804734077,0.759292517386712));
#14649=CARTESIAN_POINT('Origin',(1.88498914023946,7.72090804734077,0.609292517375522));
#14650=CARTESIAN_POINT('',(2.05498914023946,7.95585484983018,0.609292517375522));
#14651=CARTESIAN_POINT('',(2.05498914023946,7.48596124485135,0.609292517375522));
#14652=CARTESIAN_POINT('Origin',(1.88498914023946,7.72090804734077,0.609292517375522));
#14653=CARTESIAN_POINT('',(2.05498914023946,7.95585484983018,-0.790707482624478));
#14654=CARTESIAN_POINT('',(2.05498914023946,7.48596124485135,-0.790707482624478));
#14655=CARTESIAN_POINT('Origin',(-2.57501085976054,7.72090804734077,0.759292517500398));
#14656=CARTESIAN_POINT('',(-2.74501085976016,7.48596124485187,0.75929251737776));
#14657=CARTESIAN_POINT('',(-2.74501085976016,7.95585484982966,0.75929251737776));
#14658=CARTESIAN_POINT('Origin',(-2.57501085976054,7.72090804734077,0.759292517375522));
#14659=CARTESIAN_POINT('',(-2.28501085976291,7.72090804734077,0.759292517375345));
#14660=CARTESIAN_POINT('Origin',(-2.57501085976156,7.72090804734129,0.75929251739126));
#14661=CARTESIAN_POINT('',(-2.30001085976425,7.72090804734077,0.959292517393245));
#14662=CARTESIAN_POINT('',(-2.28501085977229,7.72090804734077,0.759292517500398));
#14663=CARTESIAN_POINT('Origin',(-2.57501085976054,7.72090804734077,0.959292517393351));
#14664=CARTESIAN_POINT('Origin',(-2.57501085976156,7.72090804734129,0.75929251739126));
#14665=CARTESIAN_POINT('Origin',(1.88498914023946,7.72090804734077,0.959292517336507));
#14666=CARTESIAN_POINT('',(2.1099891401747,7.72090804734077,1.0092925173775));
#14667=CARTESIAN_POINT('',(2.1599891402157,7.72090804734077,0.959292517336507));
#14668=CARTESIAN_POINT('Origin',(1.88498914024062,7.72090804734077,1.00929251737634));
#14669=CARTESIAN_POINT('Origin',(-2.57501085976054,7.72090804734077,0.959292517336507));
#14670=CARTESIAN_POINT('',(-2.35001085980244,7.72090804734077,1.00929251738322));
#14671=CARTESIAN_POINT('',(-2.30001085975573,7.72090804734077,0.959292517336507));
#14672=CARTESIAN_POINT('Origin',(-2.57501085976168,7.72090804734077,1.00929251738207));
#14673=CARTESIAN_POINT('Origin',(0.65972883690645,6.23616835067378,2.27929251737553));
#14674=CARTESIAN_POINT('',(0.659728836906448,6.1362903083989,2.28422979105013));
#14675=CARTESIAN_POINT('',(0.659728836906448,6.23616835067378,2.37929251737552));
#14676=CARTESIAN_POINT('Origin',(0.659728836906447,6.23616835067378,2.27929251737552));
#14677=CARTESIAN_POINT('',(0.759606879181324,6.23616835067378,2.28422979105013));
#14678=CARTESIAN_POINT('Origin',(0.659728836906446,6.23616835067378,2.27929251737552));
#14679=CARTESIAN_POINT('Origin',(0.659728836906448,6.23616835067378,2.27929251737552));
#14680=CARTESIAN_POINT('Origin',(-0.345010859760539,6.71090804734077,2.37929251737552));
#14681=CARTESIAN_POINT('',(-1.34975055642752,7.18564774400775,2.37929251737552));
#14682=CARTESIAN_POINT('',(0.659728836906448,7.18564774400775,2.37929251737552));
#14683=CARTESIAN_POINT('',(-0.345010859760538,7.18564774400775,2.37929251737552));
#14684=CARTESIAN_POINT('',(-1.34975055642752,6.23616835067378,2.37929251737552));
#14685=CARTESIAN_POINT('',(-1.34975055642752,6.71090804734077,2.37929251737552));
#14686=CARTESIAN_POINT('',(-0.345010859760539,6.23616835067378,2.37929251737552));
#14687=CARTESIAN_POINT('',(0.659728836906448,6.71090804734077,2.37929251737552));
#14688=CARTESIAN_POINT('Origin',(0.659728836906449,7.18564774400775,2.27929251737552));
#14689=CARTESIAN_POINT('',(0.759606879181324,7.18564774400775,2.28422979105013));
#14690=CARTESIAN_POINT('Origin',(0.659728836906448,7.18564774400775,2.27929251737552));
#14691=CARTESIAN_POINT('',(0.659728836906448,7.28552578628263,2.28422979105013));
#14692=CARTESIAN_POINT('Origin',(0.659728836906448,7.18564774400775,2.27929251737552));
#14693=CARTESIAN_POINT('Origin',(0.659728836906448,7.18564774400775,2.27929251737552));
#14694=CARTESIAN_POINT('Origin',(-1.34975055642753,7.18564774400775,2.27929251737552));
#14695=CARTESIAN_POINT('',(-1.34975055642752,7.28552578628263,2.28422979105013));
#14696=CARTESIAN_POINT('Origin',(-1.34975055642752,7.18564774400775,2.27929251737552));
#14697=CARTESIAN_POINT('',(-1.4496285987024,7.18564774400775,2.28422979105013));
#14698=CARTESIAN_POINT('Origin',(-1.34975055642752,7.18564774400775,2.27929251737552));
#14699=CARTESIAN_POINT('Origin',(-1.34975055642752,7.18564774400775,2.27929251737552));
#14700=CARTESIAN_POINT('Origin',(-1.34975055642753,6.23616835067378,2.27929251737553));
#14701=CARTESIAN_POINT('',(-1.34975055642752,6.1362903083989,2.28422979105013));
#14702=CARTESIAN_POINT('Origin',(-1.34975055642752,6.23616835067378,2.27929251737552));
#14703=CARTESIAN_POINT('',(-1.4496285987024,6.23616835067378,2.28422979105013));
#14704=CARTESIAN_POINT('Origin',(-1.34975055642752,6.23616835067378,2.27929251737552));
#14705=CARTESIAN_POINT('Origin',(-1.34975055642753,6.23616835067378,2.27929251737552));
#14706=CARTESIAN_POINT('Origin',(-4.09501085976054,6.76090804734077,-0.670707482624476));
#14707=CARTESIAN_POINT('',(-4.09501085976054,6.76090804734077,-0.870707482624476));
#14708=CARTESIAN_POINT('',(-4.09501085976054,6.56090804734077,-0.670707482624476));
#14709=CARTESIAN_POINT('Origin',(-4.09501085976054,6.76090804734077,-0.670707482624475));
#14710=CARTESIAN_POINT('',(-3.89501085976054,6.76090804734077,-0.870707482624477));
#14711=CARTESIAN_POINT('',(-4.09501085976054,6.76090804734077,-0.870707482624476));
#14712=CARTESIAN_POINT('',(-3.89501085976054,6.56090804734077,-0.670707482624477));
#14713=CARTESIAN_POINT('Origin',(-3.89501085976054,6.76090804734077,-0.670707482624475));
#14714=CARTESIAN_POINT('',(-4.09501085976054,6.56090804734077,-0.670707482624477));
#14715=CARTESIAN_POINT('Origin',(-4.09501085976054,6.56090804734077,-0.420707482624476));
#14716=CARTESIAN_POINT('',(-4.09501085976054,6.56090804734077,-0.420707482624476));
#14717=CARTESIAN_POINT('',(-3.89501085976054,6.56090804734077,-0.420707482624477));
#14718=CARTESIAN_POINT('',(-4.09501085976054,6.56090804734077,-0.420707482624476));
#14719=CARTESIAN_POINT('',(-4.09501085976054,6.56090804734077,0.368433880088817));
#14720=CARTESIAN_POINT('',(-3.89501085976054,6.56090804734077,0.368433880088816));
#14721=CARTESIAN_POINT('Origin',(-4.09501085976054,6.61090804734077,-0.420707482624476));
#14722=CARTESIAN_POINT('',(-4.09501085976054,6.57090804734076,-0.390707482624476));
#14723=CARTESIAN_POINT('Origin',(-4.09501085976054,6.61090804734072,-0.420707482624479));
#14724=CARTESIAN_POINT('',(-3.89501085976054,6.57090804734077,-0.390707482624476));
#14725=CARTESIAN_POINT('Origin',(-3.89501085976054,6.61090804734074,-0.42070748262448));
#14726=CARTESIAN_POINT('',(-4.09501085976054,6.57090804734077,-0.390707482624476));
#14727=CARTESIAN_POINT('Origin',(-4.09501085976054,6.87090804734077,0.00929251737552409));
#14728=CARTESIAN_POINT('',(-4.09501085976054,6.87090804734077,0.00929251737552409));
#14729=CARTESIAN_POINT('',(-3.89501085976054,6.87090804734076,0.00929251737552348));
#14730=CARTESIAN_POINT('',(-4.09501085976054,6.87090804734076,0.00929251737552425));
#14731=CARTESIAN_POINT('',(-4.09501085976054,6.57090804734076,-0.390707482624476));
#14732=CARTESIAN_POINT('',(-3.89501085976054,6.57090804734077,-0.390707482624476));
#14733=CARTESIAN_POINT('Origin',(-4.09501085976054,6.91090804734077,-0.0207074826244759));
#14734=CARTESIAN_POINT('',(-4.09501085976054,6.91090804734077,0.029292517375524));
#14735=CARTESIAN_POINT('Origin',(-4.09501085976054,6.91090804734077,-0.0207074826244775));
#14736=CARTESIAN_POINT('',(-3.89501085976054,6.91090804734077,0.0292925173755233));
#14737=CARTESIAN_POINT('Origin',(-3.89501085976054,6.91090804734077,-0.020707482624478));
#14738=CARTESIAN_POINT('',(-4.09501085976054,6.91090804734077,0.0292925173755239));
#14739=CARTESIAN_POINT('Origin',(3.40498914023947,6.91090804734077,-0.0207074826244759));
#14740=CARTESIAN_POINT('',(3.40498914023946,6.91090804734077,0.029292517375524));
#14741=CARTESIAN_POINT('',(3.40498914023946,6.87090804734077,0.00929251737552384));
#14742=CARTESIAN_POINT('Origin',(3.40498914023946,6.91090804734077,-0.0207074826244775));
#14743=CARTESIAN_POINT('',(3.20498914023947,6.91090804734077,0.0292925173755233));
#14744=CARTESIAN_POINT('',(3.40498914023947,6.91090804734077,0.0292925173755239));
#14745=CARTESIAN_POINT('',(3.20498914023947,6.87090804734076,0.00929251737552333));
#14746=CARTESIAN_POINT('Origin',(3.20498914023947,6.91090804734077,-0.0207074826244779));
#14747=CARTESIAN_POINT('',(3.40498914023947,6.87090804734076,0.0092925173755234));
#14748=CARTESIAN_POINT('Origin',(3.40498914023947,6.87090804734077,0.00929251737552409));
#14749=CARTESIAN_POINT('',(3.40498914023947,6.57090804734076,-0.390707482624477));
#14750=CARTESIAN_POINT('',(3.20498914023947,6.57090804734077,-0.390707482624477));
#14751=CARTESIAN_POINT('',(3.40498914023947,6.57090804734076,-0.390707482624477));
#14752=CARTESIAN_POINT('',(3.40498914023946,6.87090804734077,0.00929251737552398));
#14753=CARTESIAN_POINT('',(3.20498914023946,6.87090804734076,0.00929251737552344));
#14754=CARTESIAN_POINT('Origin',(3.40498914023947,6.61090804734077,-0.420707482624476));
#14755=CARTESIAN_POINT('',(3.40498914023947,6.56090804734077,-0.420707482624476));
#14756=CARTESIAN_POINT('Origin',(3.40498914023947,6.61090804734109,-0.420707482624504));
#14757=CARTESIAN_POINT('',(3.20498914023947,6.56090804734077,-0.420707482624477));
#14758=CARTESIAN_POINT('Origin',(3.20498914023946,6.61090804734068,-0.42070748262448));
#14759=CARTESIAN_POINT('',(3.40498914023947,6.56090804734077,-0.420707482624477));
#14760=CARTESIAN_POINT('Origin',(3.40498914023947,6.56090804734077,-0.420707482624476));
#14761=CARTESIAN_POINT('',(3.40498914023947,6.56090804734077,-0.670707482624476));
#14762=CARTESIAN_POINT('',(3.20498914023947,6.56090804734077,-0.670707482624477));
#14763=CARTESIAN_POINT('',(3.40498914023947,6.56090804734077,-0.670707482624476));
#14764=CARTESIAN_POINT('',(3.40498914023946,6.56090804734077,0.368433880088817));
#14765=CARTESIAN_POINT('',(3.20498914023946,6.56090804734077,0.368433880088816));
#14766=CARTESIAN_POINT('Origin',(3.40498914023947,6.76090804734077,-0.670707482624476));
#14767=CARTESIAN_POINT('',(3.40498914023947,6.76090804734077,-0.870707482624476));
#14768=CARTESIAN_POINT('Origin',(3.40498914023946,6.76090804734077,-0.670707482624475));
#14769=CARTESIAN_POINT('',(3.20498914023947,6.76090804734077,-0.870707482624477));
#14770=CARTESIAN_POINT('Origin',(3.20498914023947,6.76090804734077,-0.670707482624475));
#14771=CARTESIAN_POINT('',(3.40498914023947,6.76090804734077,-0.870707482624476));
#14772=CARTESIAN_POINT('Origin',(-0.345010859760539,6.23616835067378,2.27929251737552));
#14773=CARTESIAN_POINT('',(-1.52501085976054,6.1362903083989,2.28422979105013));
#14774=CARTESIAN_POINT('Origin',(0.735353975331451,6.16054321224877,0.749441982351786));
#14775=CARTESIAN_POINT('',(0.801151728215472,6.09474545936475,0.852318652790266));
#14776=CARTESIAN_POINT('',(0.830289902194416,6.16548532766069,0.854355243700915));
#14777=CARTESIAN_POINT('Origin',(0.743958686597901,6.16010642812672,0.858318225332212));
#14778=CARTESIAN_POINT('',(0.759606879181324,6.23616835067378,2.28422979105013));
#14779=CARTESIAN_POINT('',(0.73041185991954,6.06560728538501,0.854355243684722));
#14780=CARTESIAN_POINT('',(0.73041185991954,6.06560728538581,0.854355243700915));
#14781=CARTESIAN_POINT('Origin',(0.73579075945467,6.15193850096723,0.858318225263722));
#14782=CARTESIAN_POINT('Origin',(0.659728836906448,6.71090804734077,2.27929251737552));
#14783=CARTESIAN_POINT('',(0.759606879181324,6.06090804734077,2.28422979105013));
#14784=CARTESIAN_POINT('Origin',(0.72961507043554,7.25553397753685,0.865536536468428));
#14785=CARTESIAN_POINT('',(0.801151728215472,7.32707063531678,0.852318652790266));
#14786=CARTESIAN_POINT('',(0.73041185991954,7.35620880929572,0.854355243700915));
#14787=CARTESIAN_POINT('Origin',(0.735790759453633,7.26987759369958,0.858318225332183));
#14788=CARTESIAN_POINT('',(0.659728836906448,7.28552578628263,2.28422979105013));
#14789=CARTESIAN_POINT('',(0.830289902195217,7.25633076702084,0.854355243684725));
#14790=CARTESIAN_POINT('',(0.830289902194416,7.25633076702084,0.854355243700915));
#14791=CARTESIAN_POINT('Origin',(0.743958686613339,7.26170966655621,0.858318225263708));
#14792=CARTESIAN_POINT('Origin',(-0.345010859760538,7.18564774400775,2.27929251737552));
#14793=CARTESIAN_POINT('',(-1.52501085976054,7.28552578628263,2.28422979105013));
#14794=CARTESIAN_POINT('Origin',(-1.34975055642752,6.71090804734077,2.27929251737552));
#14795=CARTESIAN_POINT('',(-1.4496285987024,6.06090804734077,2.28422979105013));
#14796=CARTESIAN_POINT('Origin',(-1.42221443368105,7.25811162126128,0.813392372331292));
#14797=CARTESIAN_POINT('',(-1.49117344773655,7.32707063531678,0.852318652790266));
#14798=CARTESIAN_POINT('',(-1.52031162171549,7.25633076702084,0.854355243700915));
#14799=CARTESIAN_POINT('Origin',(-1.43398040611898,7.26170966655478,0.85831822533221));
#14800=CARTESIAN_POINT('',(-1.4496285987024,7.18564774400775,2.28422979105013));
#14801=CARTESIAN_POINT('',(-1.42043357944062,7.35620880929652,0.854355243684721));
#14802=CARTESIAN_POINT('',(-1.42043357944062,7.35620880929572,0.854355243700915));
#14803=CARTESIAN_POINT('Origin',(-1.42581247897636,7.26987759371561,0.858318225263621));
#14804=CARTESIAN_POINT('Origin',(-1.42537569485253,6.16054321224877,0.749441982351786));
#14805=CARTESIAN_POINT('',(-1.49117344773655,6.09474545936475,0.852318652790266));
#14806=CARTESIAN_POINT('',(-1.42043357944062,6.06560728538581,0.854355243700915));
#14807=CARTESIAN_POINT('Origin',(-1.42581247897456,6.15193850098239,0.858318225332214));
#14808=CARTESIAN_POINT('',(-1.34975055642752,6.1362903083989,2.28422979105013));
#14809=CARTESIAN_POINT('',(-1.52031162171629,6.16548532766069,0.854355243684723));
#14810=CARTESIAN_POINT('',(-1.52031162171549,6.16548532766069,0.854355243700915));
#14811=CARTESIAN_POINT('Origin',(-1.43398040613441,6.16010642812534,0.8583182252637));
#14812=CARTESIAN_POINT('Origin',(0.478086179095739,8.18590804734077,-0.00570748262447812));
#14813=CARTESIAN_POINT('',(0.619507535333049,8.32732940357807,-0.00570748262447812));
#14814=CARTESIAN_POINT('',(0.731970147705396,8.21486679120573,-0.00570748262447884));
#14815=CARTESIAN_POINT('',(0.619507535333049,8.32732940357807,-0.00570748262447812));
#14816=CARTESIAN_POINT('',(0.478086179095739,8.38590804734077,-0.00570748262447812));
#14817=CARTESIAN_POINT('Origin',(0.478086179095737,8.18590804734076,-0.00570748262447812));
#14818=CARTESIAN_POINT('',(-1.16810789861682,8.38590804734077,-0.00570748262447856));
#14819=CARTESIAN_POINT('',(0.478086179095739,8.38590804734077,-0.00570748262447812));
#14820=CARTESIAN_POINT('',(-1.30952925485413,8.32732940357807,-0.00570748262447856));
#14821=CARTESIAN_POINT('Origin',(-1.16810789861682,8.18590804734077,-0.00570748262447856));
#14822=CARTESIAN_POINT('',(-1.42199186722647,8.21486679120573,-0.00570748262447855));
#14823=CARTESIAN_POINT('',(-1.42199186722647,8.21486679120573,-0.00570748262447812));
#14824=CARTESIAN_POINT('',(0.838036164883381,8.21486679120573,-0.0057074826244792));
#14825=CARTESIAN_POINT('Origin',(0.478086179095739,8.18590804734077,-0.00570748262447812));
#14826=CARTESIAN_POINT('',(-1.30952925485413,5.09448669110345,-0.00570748262447856));
#14827=CARTESIAN_POINT('',(-1.42199186722648,5.2069493034758,-0.00570748262447884));
#14828=CARTESIAN_POINT('',(-1.30952925485413,5.09448669110345,-0.00570748262447812));
#14829=CARTESIAN_POINT('',(-1.16810789861682,5.03590804734076,-0.00570748262447855));
#14830=CARTESIAN_POINT('Origin',(-1.16810789861682,5.23590804734076,-0.00570748262447855));
#14831=CARTESIAN_POINT('',(0.478086179095736,5.03590804734076,-0.00570748262447877));
#14832=CARTESIAN_POINT('',(0.478086179095739,5.03590804734076,-0.00570748262447812));
#14833=CARTESIAN_POINT('',(0.619507535333046,5.09448669110345,-0.00570748262447877));
#14834=CARTESIAN_POINT('Origin',(0.478086179095741,5.23590804734076,-0.00570748262447877));
#14835=CARTESIAN_POINT('',(0.731970147705394,5.2069493034758,-0.00570748262447855));
#14836=CARTESIAN_POINT('',(0.731970147705394,5.2069493034758,-0.00570748262447812));
#14837=CARTESIAN_POINT('',(-1.52805788440446,5.2069493034758,-0.0057074826244792));
#14838=CARTESIAN_POINT('Origin',(-4.09501085976054,8.40056365140887,0.368433880088817));
#14839=CARTESIAN_POINT('',(-4.09501085976054,7.11561344828736,0.0292925173755239));
#14840=CARTESIAN_POINT('',(-4.09501085976054,8.40056365140887,0.029292517375524));
#14841=CARTESIAN_POINT('',(-4.09501085976055,7.11561344828736,-0.870707482624475));
#14842=CARTESIAN_POINT('',(-4.09501085976054,7.11561344828736,0.565157230176804));
#14843=CARTESIAN_POINT('',(-4.09501085976054,8.40056365140887,-0.870707482624476));
#14844=CARTESIAN_POINT('Origin',(-3.89501085976054,8.40056365140887,0.368433880088816));
#14845=CARTESIAN_POINT('',(-3.89501085976054,7.11561344828736,0.0292925173755232));
#14846=CARTESIAN_POINT('',(-3.89501085976054,8.40056365140887,0.0292925173755233));
#14847=CARTESIAN_POINT('',(-3.89501085976055,7.11561344828736,-0.870707482624477));
#14848=CARTESIAN_POINT('',(-3.89501085976054,8.40056365140887,-0.870707482624477));
#14849=CARTESIAN_POINT('',(-3.89501085976054,7.11561344828736,0.565157230176803));
#14850=CARTESIAN_POINT('Origin',(3.40498914023946,8.40056365140887,0.368433880088817));
#14851=CARTESIAN_POINT('',(3.40498914023947,7.11561344828736,-0.870707482624476));
#14852=CARTESIAN_POINT('',(3.40498914023947,8.40056365140887,-0.870707482624476));
#14853=CARTESIAN_POINT('',(3.40498914023946,7.11561344828736,0.0292925173755238));
#14854=CARTESIAN_POINT('',(3.40498914023946,7.11561344828736,0.565157230176804));
#14855=CARTESIAN_POINT('',(3.40498914023946,8.40056365140887,0.0292925173755239));
#14856=CARTESIAN_POINT('Origin',(3.20498914023946,8.40056365140887,0.368433880088816));
#14857=CARTESIAN_POINT('',(3.20498914023947,7.11561344828736,-0.870707482624477));
#14858=CARTESIAN_POINT('',(3.20498914023947,8.40056365140887,-0.870707482624477));
#14859=CARTESIAN_POINT('',(3.20498914023947,7.11561344828736,0.0292925173755231));
#14860=CARTESIAN_POINT('',(3.20498914023946,8.40056365140887,0.0292925173755233));
#14861=CARTESIAN_POINT('',(3.20498914023946,7.11561344828736,0.565157230176803));
#14862=CARTESIAN_POINT('Origin',(-1.52501085976054,6.06090804734077,0.759292517375522));
#14863=CARTESIAN_POINT('',(-1.52501085976054,6.06560728538581,0.854355243700915));
#14864=CARTESIAN_POINT('Origin',(0.834989140239461,6.06090804734077,0.759292517375522));
#14865=CARTESIAN_POINT('',(0.830289902194416,6.06090804734077,0.854355243700915));
#14866=CARTESIAN_POINT('Origin',(-1.52501085976054,7.36090804734077,0.759292517375522));
#14867=CARTESIAN_POINT('',(-1.52501085976054,7.35620880929572,0.854355243700915));
#14868=CARTESIAN_POINT('Origin',(-1.52501085976054,6.06090804734077,0.759292517375522));
#14869=CARTESIAN_POINT('',(-1.52031162171549,6.06090804734077,0.854355243700915));
#14870=CARTESIAN_POINT('Origin',(0.838036164883381,8.21486679120573,5.45051491809279));
#14871=CARTESIAN_POINT('',(0.838036164883377,8.21486679120573,0.759292517375522));
#14872=CARTESIAN_POINT('',(0.734989140239461,8.21486679120573,0.759292517375522));
#14873=CARTESIAN_POINT('',(0.838036164883381,8.21486679120573,0.759292517375522));
#14874=CARTESIAN_POINT('',(0.838036164883377,8.21486679120573,-0.0407074826244784));
#14875=CARTESIAN_POINT('',(0.838036164883377,8.21486679120573,5.45051491809279));
#14876=CARTESIAN_POINT('',(0.731970147705396,8.21486679120573,-0.0407074826244784));
#14877=CARTESIAN_POINT('',(0.838036164883381,8.21486679120573,-0.0407074826244786));
#14878=CARTESIAN_POINT('',(0.731970147705396,8.21486679120573,5.45051491809279));
#14879=CARTESIAN_POINT('',(-1.42199186722647,8.21486679120573,-0.0407074826244779));
#14880=CARTESIAN_POINT('',(-1.42199186722647,8.21486679120573,5.45051491809279));
#14881=CARTESIAN_POINT('',(-1.52805788440445,8.21486679120573,-0.0407074826244779));
#14882=CARTESIAN_POINT('',(0.838036164883381,8.21486679120573,-0.0407074826244778));
#14883=CARTESIAN_POINT('',(-1.52805788440445,8.21486679120573,0.759292517375522));
#14884=CARTESIAN_POINT('',(-1.52805788440445,8.21486679120573,5.45051491809279));
#14885=CARTESIAN_POINT('',(-1.42501085976054,8.21486679120573,0.759292517375522));
#14886=CARTESIAN_POINT('',(0.838036164883381,8.21486679120573,0.759292517375522));
#14887=CARTESIAN_POINT('',(-1.42501085976054,8.21486679120573,0.269834755592111));
#14888=CARTESIAN_POINT('',(-1.42501085976054,8.21486679120573,5.45051491809279));
#14889=CARTESIAN_POINT('',(-1.22501085976054,8.21486679120573,0.0697128467323461));
#14890=CARTESIAN_POINT('Origin',(-1.22501085976054,8.21486679120573,0.269834755592111));
#14891=CARTESIAN_POINT('',(0.534989140239462,8.21486679120573,0.0697128467323461));
#14892=CARTESIAN_POINT('',(-0.345010859760539,8.21486679120573,0.0697128467323462));
#14893=CARTESIAN_POINT('',(0.734989140239462,8.21486679120573,0.269834755592111));
#14894=CARTESIAN_POINT('Origin',(0.534989140239462,8.21486679120573,0.269834755592111));
#14895=CARTESIAN_POINT('',(0.734989140239461,8.21486679120573,5.45051491809279));
#14896=CARTESIAN_POINT('Origin',(-1.52805788440446,5.2069493034758,5.45051491809279));
#14897=CARTESIAN_POINT('',(0.734989140239462,5.2069493034758,0.269834755592111));
#14898=CARTESIAN_POINT('',(0.734989140239462,5.2069493034758,0.759292517375522));
#14899=CARTESIAN_POINT('',(0.734989140239462,5.2069493034758,5.45051491809279));
#14900=CARTESIAN_POINT('',(0.534989140239462,5.2069493034758,0.0697128467323461));
#14901=CARTESIAN_POINT('Origin',(0.534989140239462,5.2069493034758,0.269834755592111));
#14902=CARTESIAN_POINT('',(-1.22501085976054,5.2069493034758,0.0697128467323461));
#14903=CARTESIAN_POINT('',(-0.345010859760538,5.2069493034758,0.0697128467323461));
#14904=CARTESIAN_POINT('',(-1.42501085976054,5.2069493034758,0.269834755592111));
#14905=CARTESIAN_POINT('Origin',(-1.22501085976054,5.2069493034758,0.269834755592111));
#14906=CARTESIAN_POINT('',(-1.42501085976054,5.2069493034758,0.759292517375522));
#14907=CARTESIAN_POINT('',(-1.42501085976054,5.2069493034758,5.45051491809279));
#14908=CARTESIAN_POINT('',(-1.52805788440446,5.2069493034758,0.759292517375522));
#14909=CARTESIAN_POINT('',(-1.52805788440446,5.2069493034758,0.759292517375522));
#14910=CARTESIAN_POINT('',(-1.52805788440446,5.2069493034758,-0.0407074826244784));
#14911=CARTESIAN_POINT('',(-1.52805788440446,5.2069493034758,5.45051491809279));
#14912=CARTESIAN_POINT('',(-1.42199186722648,5.2069493034758,-0.0407074826244784));
#14913=CARTESIAN_POINT('',(-1.52805788440446,5.2069493034758,-0.0407074826244786));
#14914=CARTESIAN_POINT('',(-1.42199186722648,5.2069493034758,5.45051491809279));
#14915=CARTESIAN_POINT('',(0.731970147705394,5.2069493034758,-0.0407074826244779));
#14916=CARTESIAN_POINT('',(0.731970147705393,5.2069493034758,5.45051491809279));
#14917=CARTESIAN_POINT('',(0.838036164883378,5.2069493034758,-0.0407074826244779));
#14918=CARTESIAN_POINT('',(-1.52805788440446,5.2069493034758,-0.0407074826244778));
#14919=CARTESIAN_POINT('',(0.838036164883378,5.2069493034758,0.759292517375522));
#14920=CARTESIAN_POINT('',(0.838036164883378,5.2069493034758,5.45051491809279));
#14921=CARTESIAN_POINT('',(-1.52805788440446,5.2069493034758,0.759292517375522));
#14922=CARTESIAN_POINT('Origin',(-2.57501085976054,7.72090804734077,1.00929251737552));
#14923=CARTESIAN_POINT('Origin',(-3.79501085976054,7.11561344828736,0.565157230176803));
#14924=CARTESIAN_POINT('',(-3.88272237117736,7.40250487507627,0.0292925173755231));
#14925=CARTESIAN_POINT('Origin',(-3.79501085976054,7.11561344828736,0.0292925173755228));
#14926=CARTESIAN_POINT('',(-3.88272237117737,7.40250487507627,-0.870707482624476));
#14927=CARTESIAN_POINT('',(-3.88272237117737,7.40250487507627,0.368433880088813));
#14928=CARTESIAN_POINT('Origin',(-3.79501085976054,7.11561344828736,-0.870707482624477));
#14929=CARTESIAN_POINT('Origin',(-3.79501085976054,7.11561344828736,0.565157230176803));
#14930=CARTESIAN_POINT('',(-3.82424803023282,7.21124392388366,0.0292925173755229));
#14931=CARTESIAN_POINT('Origin',(-3.79501085976054,7.11561344828736,0.0292925173755231));
#14932=CARTESIAN_POINT('',(-3.82424803023282,7.21124392388366,-0.870707482624477));
#14933=CARTESIAN_POINT('Origin',(-3.79501085976054,7.11561344828736,-0.870707482624477));
#14934=CARTESIAN_POINT('',(-3.82424803023282,7.21124392388366,0.368433880088813));
#14935=CARTESIAN_POINT('Origin',(-3.62122507785305,8.0577515666751,-0.520707482624477));
#14936=CARTESIAN_POINT('',(-3.43676258700024,7.9409294980925,-0.568938113560241));
#14937=CARTESIAN_POINT('',(-3.54860116769439,8.10673701260351,-0.568938113560241));
#14938=CARTESIAN_POINT('',(-3.54860116769439,8.10673701260351,-0.568938113560241));
#14939=CARTESIAN_POINT('',(-3.62122507785305,8.0577515666751,-0.620707482624478));
#14940=CARTESIAN_POINT('Origin',(-3.62122507785305,8.0577515666751,-0.520707482624478));
#14941=CARTESIAN_POINT('',(-3.5093864971589,7.89194405216409,-0.620707482624478));
#14942=CARTESIAN_POINT('',(-3.62122507785305,8.0577515666751,-0.620707482624477));
#14943=CARTESIAN_POINT('Origin',(-3.5093864971589,7.89194405216409,-0.520707482624477));
#14944=CARTESIAN_POINT('Origin',(-3.54860116769439,8.10673701260351,-0.568938113560241));
#14945=CARTESIAN_POINT('',(-3.35394358326413,8.23803521116969,-0.142476851688714));
#14946=CARTESIAN_POINT('',(-3.24210500256999,8.07222769665868,-0.142476851688715));
#14947=CARTESIAN_POINT('',(-3.35394358326413,8.23803521116969,-0.142476851688714));
#14948=CARTESIAN_POINT('',(-3.54860116769439,8.10673701260351,-0.568938113560241));
#14949=CARTESIAN_POINT('',(-3.43676258700024,7.94092949809251,-0.568938113560241));
#14950=CARTESIAN_POINT('Origin',(-3.28131967310548,8.2870206570981,-0.190707482624478));
#14951=CARTESIAN_POINT('',(-3.28131967310548,8.2870206570981,-0.0907074826244781));
#14952=CARTESIAN_POINT('Origin',(-3.28131967310547,8.2870206570981,-0.190707482624481));
#14953=CARTESIAN_POINT('',(-3.1723084740377,8.11930604959975,-0.0907656549972209));
#14954=CARTESIAN_POINT('Origin',(-3.16948109241133,8.1212131425871,-0.190707482624479));
#14955=CARTESIAN_POINT('',(-3.17133121250932,8.12395605843146,-0.0907074826244783));
#14956=CARTESIAN_POINT('Origin',(-3.09800701440337,8.01524846427206,-0.190707482624479));
#14957=CARTESIAN_POINT('',(-3.17133121250932,8.12395605843144,-0.0907074826244784));
#14958=CARTESIAN_POINT('Origin',(-3.20670629157552,8.33734801841047,0.368433880088814));
#14959=CARTESIAN_POINT('',(-3.06788324397294,8.31036355150204,-0.0907074826244788));
#14960=CARTESIAN_POINT('',(-3.06788324397295,8.31036355150204,-0.870707482624479));
#14961=CARTESIAN_POINT('',(-3.06788324397294,8.31036355150204,-0.0907074826244787));
#14962=CARTESIAN_POINT('',(-3.20670629157552,8.33734801841047,-0.970707482624478));
#14963=CARTESIAN_POINT('Origin',(-3.20670629157553,8.33734801841047,-0.870707482624478));
#14964=CARTESIAN_POINT('',(-3.20670629157552,8.33734801841047,-0.0907074826244783));
#14965=CARTESIAN_POINT('',(-3.20670629157552,8.33734801841047,0.368433880088815));
#14966=CARTESIAN_POINT('',(-3.20670629157552,8.33734801841047,-0.0907074826244784));
#14967=CARTESIAN_POINT('Origin',(-3.20670629157553,8.33734801841047,-0.870707482624478));
#14968=CARTESIAN_POINT('',(-3.01196395362587,8.22745979424654,-0.870707482624479));
#14969=CARTESIAN_POINT('',(-3.09486771088138,8.17154050389946,-0.970707482624479));
#14970=CARTESIAN_POINT('Origin',(-3.09486771088138,8.17154050389946,-0.870707482624479));
#14971=CARTESIAN_POINT('',(-3.20670629157553,8.33734801841047,-0.970707482624478));
#14972=CARTESIAN_POINT('',(-3.12380253432002,8.39326730875755,-0.870707482624479));
#14973=CARTESIAN_POINT('Origin',(3.10498914023946,7.11561344828736,0.565157230176803));
#14974=CARTESIAN_POINT('',(3.19270065165629,7.40250487507627,-0.870707482624476));
#14975=CARTESIAN_POINT('Origin',(3.10498914023947,7.11561344828736,-0.870707482624476));
#14976=CARTESIAN_POINT('',(3.19270065165629,7.40250487507627,0.0292925173755231));
#14977=CARTESIAN_POINT('',(3.19270065165629,7.40250487507627,0.368433880088813));
#14978=CARTESIAN_POINT('Origin',(3.10498914023947,7.11561344828736,0.0292925173755227));
#14979=CARTESIAN_POINT('Origin',(2.51668457205444,8.33734801841047,0.368433880088814));
#14980=CARTESIAN_POINT('',(2.37786152445187,8.31036355150204,-0.870707482624479));
#14981=CARTESIAN_POINT('',(2.37786152445187,8.31036355150204,-0.0907074826244788));
#14982=CARTESIAN_POINT('',(2.37786152445187,8.31036355150204,-0.0907074826244787));
#14983=CARTESIAN_POINT('',(2.51668457205445,8.33734801841047,-0.0907074826244784));
#14984=CARTESIAN_POINT('',(2.37786152445187,8.31036355150204,-0.0907074826244788));
#14985=CARTESIAN_POINT('',(2.51668457205445,8.33734801841047,-0.970707482624478));
#14986=CARTESIAN_POINT('',(2.51668457205445,8.33734801841047,0.368433880088815));
#14987=CARTESIAN_POINT('Origin',(2.51668457205445,8.33734801841047,-0.870707482624478));
#14988=CARTESIAN_POINT('Origin',(3.10498914023946,7.11561344828736,0.565157230176803));
#14989=CARTESIAN_POINT('',(3.13422631071174,7.21124392388366,-0.870707482624477));
#14990=CARTESIAN_POINT('Origin',(3.10498914023947,7.11561344828736,-0.870707482624477));
#14991=CARTESIAN_POINT('',(3.13422631071174,7.21124392388366,0.029292517375523));
#14992=CARTESIAN_POINT('Origin',(3.10498914023947,7.11561344828736,0.0292925173755229));
#14993=CARTESIAN_POINT('',(3.13422631071174,7.21124392388366,0.368433880088813));
#14994=CARTESIAN_POINT('Origin',(2.5912979535844,8.2870206570981,-0.190707482624478));
#14995=CARTESIAN_POINT('',(2.55208328304891,8.07222769665868,-0.142476851688715));
#14996=CARTESIAN_POINT('',(2.66392186374306,8.23803521116969,-0.142476851688715));
#14997=CARTESIAN_POINT('',(2.66392186374306,8.23803521116969,-0.142476851688715));
#14998=CARTESIAN_POINT('',(2.5912979535844,8.2870206570981,-0.0907074826244781));
#14999=CARTESIAN_POINT('Origin',(2.5912979535844,8.2870206570981,-0.19070748262448));
#15000=CARTESIAN_POINT('',(2.48130949298824,8.12395605843144,-0.0907074826244784));
#15001=CARTESIAN_POINT('',(2.5912979535844,8.28702065709811,-0.0907074826244781));
#15002=CARTESIAN_POINT('',(2.48228675451662,8.11930604959975,-0.0907656549972208));
#15003=CARTESIAN_POINT('Origin',(2.40798529488229,8.01524846427206,-0.190707482624479));
#15004=CARTESIAN_POINT('Origin',(2.47945937289025,8.1212131425871,-0.19070748262448));
#15005=CARTESIAN_POINT('Origin',(2.85857944817331,8.10673701260351,-0.568938113560241));
#15006=CARTESIAN_POINT('',(2.74674086747916,7.9409294980925,-0.568938113560241));
#15007=CARTESIAN_POINT('',(2.85857944817331,8.10673701260351,-0.568938113560241));
#15008=CARTESIAN_POINT('',(2.85857944817331,8.10673701260352,-0.568938113560241));
#15009=CARTESIAN_POINT('',(2.66392186374306,8.23803521116969,-0.142476851688715));
#15010=CARTESIAN_POINT('',(2.55208328304891,8.07222769665868,-0.142476851688715));
#15011=CARTESIAN_POINT('Origin',(2.93120335833197,8.0577515666751,-0.520707482624477));
#15012=CARTESIAN_POINT('',(2.81936477763782,7.89194405216409,-0.620707482624478));
#15013=CARTESIAN_POINT('',(2.93120335833197,8.0577515666751,-0.620707482624478));
#15014=CARTESIAN_POINT('',(2.81936477763782,7.89194405216409,-0.620707482624478));
#15015=CARTESIAN_POINT('Origin',(2.93120335833197,8.0577515666751,-0.520707482624479));
#15016=CARTESIAN_POINT('Origin',(2.81936477763782,7.89194405216409,-0.520707482624476));
#15017=CARTESIAN_POINT('Origin',(2.51668457205445,8.33734801841047,-0.870707482624478));
#15018=CARTESIAN_POINT('',(2.4048459913603,8.17154050389946,-0.970707482624479));
#15019=CARTESIAN_POINT('',(2.3219422341048,8.22745979424654,-0.870707482624479));
#15020=CARTESIAN_POINT('Origin',(2.4048459913603,8.17154050389946,-0.870707482624478));
#15021=CARTESIAN_POINT('',(2.43378081479894,8.39326730875755,-0.870707482624479));
#15022=CARTESIAN_POINT('',(2.51668457205445,8.33734801841047,-0.970707482624478));
#15023=CARTESIAN_POINT('Ctrl Pts',(-1.42043357944062,5.96572924311093,0.759292517375522));
#15024=CARTESIAN_POINT('Ctrl Pts',(-1.42043357944062,6.06090804734077,0.759292517375522));
#15025=CARTESIAN_POINT('Ctrl Pts',(-1.42043357944062,6.06560728538581,0.854355243700915));
#15026=CARTESIAN_POINT('Ctrl Pts',(-1.47308859147042,5.96572924475039,0.759292517375522));
#15027=CARTESIAN_POINT('Ctrl Pts',(-1.44793789679924,6.05967783005862,0.759292517375514));
#15028=CARTESIAN_POINT('Ctrl Pts',(-1.4468260975728,6.06554326135434,0.853060076500754));
#15029=CARTESIAN_POINT('Ctrl Pts',(-1.52452476780486,5.98701974456164,0.759292517375522));
#15030=CARTESIAN_POINT('Ctrl Pts',(-1.47591567387729,6.07029056082819,0.759292517375562));
#15031=CARTESIAN_POINT('Ctrl Pts',(-1.4725794783008,6.07615148994034,0.852318652904884));
#15032=CARTESIAN_POINT('Ctrl Pts',(-1.56171196633719,6.02420694076411,0.759292517375522));
#15033=CARTESIAN_POINT('Ctrl Pts',(-1.49577201093395,6.09014689616735,0.759292517375522));
#15034=CARTESIAN_POINT('Ctrl Pts',(-1.49117344773655,6.09474545936475,0.852318652790266));
#15035=CARTESIAN_POINT('',(-1.56171196633719,6.02420694076411,0.759292517375522));
#15036=CARTESIAN_POINT('',(-1.42043357944062,5.96572924311093,0.759292517375522));
#15037=CARTESIAN_POINT('Origin',(-1.43162311483184,6.13789800059475,0.759292517375525));
#15038=CARTESIAN_POINT('Origin',(-1.42043357944062,5.96572924311093,0.859292517375522));
#15039=CARTESIAN_POINT('Origin',(-1.56171196633719,6.02420694076411,0.859292517375522));
#15040=CARTESIAN_POINT('Origin',(-1.52501085976054,5.96572924311093,0.859292517375522));
#15041=CARTESIAN_POINT('',(0.73041185991954,5.96572924311093,0.759292517375522));
#15042=CARTESIAN_POINT('',(0.750451619422836,5.96572924311093,0.759292517375522));
#15043=CARTESIAN_POINT('Origin',(0.73041185991954,5.96572924311093,0.859292517375522));
#15044=CARTESIAN_POINT('Ctrl Pts',(0.871690246816115,6.02420694076411,0.759292517375522));
#15045=CARTESIAN_POINT('Ctrl Pts',(0.805750291412872,6.09014689616735,0.759292517375522));
#15046=CARTESIAN_POINT('Ctrl Pts',(0.801151728215472,6.09474545936475,0.852318652790266));
#15047=CARTESIAN_POINT('Ctrl Pts',(0.834503048283787,5.98701974456163,0.759292517375522));
#15048=CARTESIAN_POINT('Ctrl Pts',(0.785893954356213,6.07029056082819,0.759292517375564));
#15049=CARTESIAN_POINT('Ctrl Pts',(0.782557758779728,6.07615148994034,0.852318652904883));
#15050=CARTESIAN_POINT('Ctrl Pts',(0.783066871949337,5.96572924475039,0.759292517375522));
#15051=CARTESIAN_POINT('Ctrl Pts',(0.75791617727817,6.05967783005862,0.759292517375514));
#15052=CARTESIAN_POINT('Ctrl Pts',(0.756804378051724,6.06554326135434,0.853060076500755));
#15053=CARTESIAN_POINT('Ctrl Pts',(0.73041185991954,5.96572924311093,0.759292517375522));
#15054=CARTESIAN_POINT('Ctrl Pts',(0.73041185991954,6.06090804734077,0.759292517375522));
#15055=CARTESIAN_POINT('Ctrl Pts',(0.73041185991954,6.06560728538581,0.854355243700915));
#15056=CARTESIAN_POINT('',(0.871690246816115,6.02420694076411,0.759292517375522));
#15057=CARTESIAN_POINT('Origin',(0.871690246816116,6.02420694076411,0.859292517375523));
#15058=CARTESIAN_POINT('Origin',(0.741601395311168,6.13789800059344,0.759292517375522));
#15059=CARTESIAN_POINT('Ctrl Pts',(0.930167944469293,6.16548532766069,0.759292517375522));
#15060=CARTESIAN_POINT('Ctrl Pts',(0.834989140239461,6.16548532766069,0.759292517375522));
#15061=CARTESIAN_POINT('Ctrl Pts',(0.830289902194416,6.16548532766069,0.854355243700915));
#15062=CARTESIAN_POINT('Ctrl Pts',(0.930167942829837,6.1128303156309,0.759292517375522));
#15063=CARTESIAN_POINT('Ctrl Pts',(0.836219357521504,6.13798101030209,0.759292517375517));
#15064=CARTESIAN_POINT('Ctrl Pts',(0.830353926225884,6.1390928095285,0.853060076500758));
#15065=CARTESIAN_POINT('Ctrl Pts',(0.908877443018595,6.06139413929643,0.759292517375522));
#15066=CARTESIAN_POINT('Ctrl Pts',(0.825606626752128,6.11000323322398,0.759292517375522));
#15067=CARTESIAN_POINT('Ctrl Pts',(0.819745697639883,6.1133394288005,0.852318652904879));
#15068=CARTESIAN_POINT('Ctrl Pts',(0.871690246816115,6.02420694076411,0.759292517375522));
#15069=CARTESIAN_POINT('Ctrl Pts',(0.805750291412872,6.09014689616735,0.759292517375522));
#15070=CARTESIAN_POINT('Ctrl Pts',(0.801151728215472,6.09474545936475,0.852318652790266));
#15071=CARTESIAN_POINT('',(0.930167944469293,6.16548532766069,0.759292517375522));
#15072=CARTESIAN_POINT('Origin',(0.757999186986762,6.1542957922691,0.759292517375522));
#15073=CARTESIAN_POINT('Origin',(0.930167944469293,6.16548532766069,0.859292517375522));
#15074=CARTESIAN_POINT('Origin',(0.930167944469293,6.06090804734077,0.859292517375522));
#15075=CARTESIAN_POINT('',(0.930167944469293,7.25633076702084,0.759292517375522));
#15076=CARTESIAN_POINT('',(0.930167944469293,7.75090804734076,0.759292517375522));
#15077=CARTESIAN_POINT('Origin',(0.930167944469293,7.25633076702084,0.859292517375522));
#15078=CARTESIAN_POINT('Ctrl Pts',(0.871690246816116,7.39760915391742,0.759292517375522));
#15079=CARTESIAN_POINT('Ctrl Pts',(0.805750291412872,7.33166919851418,0.759292517375522));
#15080=CARTESIAN_POINT('Ctrl Pts',(0.801151728215472,7.32707063531678,0.852318652790266));
#15081=CARTESIAN_POINT('Ctrl Pts',(0.908877443018587,7.36042195538509,0.759292517375522));
#15082=CARTESIAN_POINT('Ctrl Pts',(0.825606626752109,7.31181286145752,0.759292517375564));
#15083=CARTESIAN_POINT('Ctrl Pts',(0.819745697639886,7.30847666588103,0.852318652904879));
#15084=CARTESIAN_POINT('Ctrl Pts',(0.930167942829837,7.30898577905064,0.759292517375522));
#15085=CARTESIAN_POINT('Ctrl Pts',(0.836219357521508,7.28383508437947,0.759292517375519));
#15086=CARTESIAN_POINT('Ctrl Pts',(0.830353926225884,7.28272328515303,0.853060076500758));
#15087=CARTESIAN_POINT('Ctrl Pts',(0.930167944469293,7.25633076702084,0.759292517375522));
#15088=CARTESIAN_POINT('Ctrl Pts',(0.834989140239462,7.25633076702084,0.759292517375522));
#15089=CARTESIAN_POINT('Ctrl Pts',(0.830289902194417,7.25633076702084,0.854355243700915));
#15090=CARTESIAN_POINT('',(0.871690246816116,7.39760915391742,0.759292517375522));
#15091=CARTESIAN_POINT('Origin',(0.871690246816116,7.39760915391742,0.859292517375523));
#15092=CARTESIAN_POINT('Origin',(0.757999186986237,7.26752030241239,0.759292517375522));
#15093=CARTESIAN_POINT('Ctrl Pts',(0.730411859919539,7.4560868515706,0.759292517375522));
#15094=CARTESIAN_POINT('Ctrl Pts',(0.73041185991954,7.36090804734077,0.759292517375522));
#15095=CARTESIAN_POINT('Ctrl Pts',(0.73041185991954,7.35620880929572,0.854355243700915));
#15096=CARTESIAN_POINT('Ctrl Pts',(0.783066871949341,7.45608684993114,0.759292517375522));
#15097=CARTESIAN_POINT('Ctrl Pts',(0.757916177278175,7.36213826462291,0.759292517375514));
#15098=CARTESIAN_POINT('Ctrl Pts',(0.756804378051724,7.35627283332719,0.853060076500755));
#15099=CARTESIAN_POINT('Ctrl Pts',(0.834503048283781,7.43479635011989,0.759292517375522));
#15100=CARTESIAN_POINT('Ctrl Pts',(0.785893954356207,7.35152553385334,0.759292517375564));
#15101=CARTESIAN_POINT('Ctrl Pts',(0.782557758779729,7.34566460474119,0.852318652904884));
#15102=CARTESIAN_POINT('Ctrl Pts',(0.871690246816115,7.39760915391742,0.759292517375522));
#15103=CARTESIAN_POINT('Ctrl Pts',(0.805750291412872,7.33166919851418,0.759292517375522));
#15104=CARTESIAN_POINT('Ctrl Pts',(0.801151728215472,7.32707063531678,0.852318652790266));
#15105=CARTESIAN_POINT('',(0.73041185991954,7.4560868515706,0.759292517375522));
#15106=CARTESIAN_POINT('Origin',(0.741601395311073,7.28391809408766,0.759292517375522));
#15107=CARTESIAN_POINT('Origin',(0.73041185991954,7.4560868515706,0.859292517375522));
#15108=CARTESIAN_POINT('Origin',(-1.52501085976054,7.4560868515706,0.859292517375522));
#15109=CARTESIAN_POINT('',(-1.42043357944062,7.4560868515706,0.759292517375522));
#15110=CARTESIAN_POINT('',(0.750451619422836,7.4560868515706,0.759292517375522));
#15111=CARTESIAN_POINT('Origin',(-1.42043357944062,7.4560868515706,0.859292517375522));
#15112=CARTESIAN_POINT('Ctrl Pts',(-1.56171196633719,7.39760915391742,0.759292517375522));
#15113=CARTESIAN_POINT('Ctrl Pts',(-1.49577201093395,7.33166919851418,0.759292517375522));
#15114=CARTESIAN_POINT('Ctrl Pts',(-1.49117344773655,7.32707063531678,0.852318652790266));
#15115=CARTESIAN_POINT('Ctrl Pts',(-1.52452476780486,7.4347963501199,0.759292517375522));
#15116=CARTESIAN_POINT('Ctrl Pts',(-1.47591567387731,7.35152553385335,0.759292517375533));
#15117=CARTESIAN_POINT('Ctrl Pts',(-1.47257947830081,7.34566460474119,0.852318652904884));
#15118=CARTESIAN_POINT('Ctrl Pts',(-1.47308859147042,7.45608684993114,0.759292517375522));
#15119=CARTESIAN_POINT('Ctrl Pts',(-1.44793789679924,7.36213826462291,0.759292517375514));
#15120=CARTESIAN_POINT('Ctrl Pts',(-1.4468260975728,7.35627283332719,0.853060076500755));
#15121=CARTESIAN_POINT('Ctrl Pts',(-1.42043357944062,7.4560868515706,0.759292517375522));
#15122=CARTESIAN_POINT('Ctrl Pts',(-1.42043357944062,7.36090804734077,0.759292517375522));
#15123=CARTESIAN_POINT('Ctrl Pts',(-1.42043357944062,7.35620880929572,0.854355243700915));
#15124=CARTESIAN_POINT('',(-1.56171196633719,7.39760915391742,0.759292517375522));
#15125=CARTESIAN_POINT('Origin',(-1.56171196633719,7.39760915391742,0.859292517375522));
#15126=CARTESIAN_POINT('Origin',(-1.43162311483237,7.28391809408813,0.759292517375521));
#15127=CARTESIAN_POINT('Ctrl Pts',(-1.62018966399037,7.25633076702084,0.759292517375522));
#15128=CARTESIAN_POINT('Ctrl Pts',(-1.52501085976054,7.25633076702084,0.759292517375522));
#15129=CARTESIAN_POINT('Ctrl Pts',(-1.52031162171549,7.25633076702084,0.854355243700915));
#15130=CARTESIAN_POINT('Ctrl Pts',(-1.62018966235091,7.30898577905063,0.759292517375522));
#15131=CARTESIAN_POINT('Ctrl Pts',(-1.52624107704257,7.28383508437942,0.759292517375514));
#15132=CARTESIAN_POINT('Ctrl Pts',(-1.52037564574696,7.28272328515303,0.853060076500758));
#15133=CARTESIAN_POINT('Ctrl Pts',(-1.59889916253968,7.3604219553851,0.759292517375522));
#15134=CARTESIAN_POINT('Ctrl Pts',(-1.51562834627323,7.31181286145759,0.759292517375439));
#15135=CARTESIAN_POINT('Ctrl Pts',(-1.50976741716097,7.30847666588103,0.852318652904878));
#15136=CARTESIAN_POINT('Ctrl Pts',(-1.56171196633719,7.39760915391742,0.759292517375522));
#15137=CARTESIAN_POINT('Ctrl Pts',(-1.49577201093395,7.33166919851418,0.759292517375522));
#15138=CARTESIAN_POINT('Ctrl Pts',(-1.49117344773655,7.32707063531678,0.852318652790266));
#15139=CARTESIAN_POINT('',(-1.62018966399037,7.25633076702084,0.759292517375522));
#15140=CARTESIAN_POINT('Origin',(-1.44802090650803,7.26752030241244,0.759292517375521));
#15141=CARTESIAN_POINT('Origin',(-1.62018966399037,7.25633076702084,0.859292517375522));
#15142=CARTESIAN_POINT('Origin',(-1.62018966399037,6.06090804734077,0.859292517375522));
#15143=CARTESIAN_POINT('',(-1.62018966399037,6.16548532766069,0.759292517375522));
#15144=CARTESIAN_POINT('',(-1.62018966399037,7.75090804734076,0.759292517375522));
#15145=CARTESIAN_POINT('Origin',(-1.62018966399037,6.16548532766069,0.859292517375522));
#15146=CARTESIAN_POINT('Ctrl Pts',(-1.56171196633719,6.02420694076411,0.759292517375522));
#15147=CARTESIAN_POINT('Ctrl Pts',(-1.49577201093395,6.09014689616735,0.759292517375522));
#15148=CARTESIAN_POINT('Ctrl Pts',(-1.49117344773655,6.09474545936475,0.852318652790266));
#15149=CARTESIAN_POINT('Ctrl Pts',(-1.59889916253967,6.06139413929644,0.759292517375522));
#15150=CARTESIAN_POINT('Ctrl Pts',(-1.51562834627317,6.11000323322408,0.759292517375561));
#15151=CARTESIAN_POINT('Ctrl Pts',(-1.50976741716096,6.1133394288005,0.852318652904884));
#15152=CARTESIAN_POINT('Ctrl Pts',(-1.62018966235092,6.11283031563089,0.759292517375522));
#15153=CARTESIAN_POINT('Ctrl Pts',(-1.52624107704257,6.137981010302,0.759292517375514));
#15154=CARTESIAN_POINT('Ctrl Pts',(-1.52037564574696,6.1390928095285,0.853060076500758));
#15155=CARTESIAN_POINT('Ctrl Pts',(-1.62018966399037,6.16548532766069,0.759292517375522));
#15156=CARTESIAN_POINT('Ctrl Pts',(-1.52501085976054,6.16548532766069,0.759292517375522));
#15157=CARTESIAN_POINT('Ctrl Pts',(-1.52031162171549,6.16548532766069,0.854355243700915));
#15158=CARTESIAN_POINT('Origin',(-1.44802090650788,6.15429579226894,0.759292517375522));
#15159=CARTESIAN_POINT('Origin',(-0.345010859760539,8.41474495660955,0.076692746072847));
#15160=CARTESIAN_POINT('',(-1.22501085976054,8.41474495660955,0.076692746072847));
#15161=CARTESIAN_POINT('',(-1.22501085976054,8.41474495660955,0.076692746072847));
#15162=CARTESIAN_POINT('',(0.534989140239462,8.41474495660955,0.076692746072847));
#15163=CARTESIAN_POINT('',(0.534989140239462,8.41474495660955,0.076692746072847));
#15164=CARTESIAN_POINT('',(0.534989140239462,8.41474495660955,0.076692746072847));
#15165=CARTESIAN_POINT('Origin',(-0.345010859760538,5.00707113807198,0.076692746072847));
#15166=CARTESIAN_POINT('',(0.534989140239462,5.00707113807198,0.076692746072847));
#15167=CARTESIAN_POINT('',(0.534989140239462,5.00707113807198,0.076692746072847));
#15168=CARTESIAN_POINT('',(-1.22501085976054,5.00707113807198,0.076692746072847));
#15169=CARTESIAN_POINT('',(0.534989140239462,5.00707113807198,0.076692746072847));
#15170=CARTESIAN_POINT('',(-1.22501085976054,5.00707113807198,0.076692746072847));
#15171=CARTESIAN_POINT('Origin',(1.88498914023946,7.72090804734077,1.00929251737552));
#15172=CARTESIAN_POINT('Origin',(-3.43054643616538,8.18636593447337,0.368433880088815));
#15173=CARTESIAN_POINT('',(-3.28131967310548,8.28702065709811,-0.0907074826244781));
#15174=CARTESIAN_POINT('',(-3.68480908562823,8.01486361189576,-0.970707482624477));
#15175=CARTESIAN_POINT('',(-3.43054643616538,8.18636593447337,-0.970707482624478));
#15176=CARTESIAN_POINT('',(-3.68480908562823,8.01486361189576,-0.620707482624479));
#15177=CARTESIAN_POINT('',(-3.68480908562823,8.01486361189576,-1.2246524734335));
#15178=CARTESIAN_POINT('',(-3.43054643616538,8.18636593447337,-0.620707482624477));
#15179=CARTESIAN_POINT('Origin',(-2.89760211375952,7.70368636269535,0.368433880088813));
#15180=CARTESIAN_POINT('',(-3.86577368928827,7.40768660714005,0.0292925173755234));
#15181=CARTESIAN_POINT('',(-3.86577368928827,7.40768660714005,-0.870707482624476));
#15182=CARTESIAN_POINT('',(-3.86577368928827,7.40768660714005,0.535826222199502));
#15183=CARTESIAN_POINT('',(-2.89760211375952,7.70368636269536,-0.870707482624476));
#15184=CARTESIAN_POINT('',(-2.89760211375952,7.70368636269535,0.0292925173755229));
#15185=CARTESIAN_POINT('Origin',(-2.83912777281497,7.51242541150275,0.368433880088813));
#15186=CARTESIAN_POINT('',(-3.80729934834372,7.21642565594744,0.0292925173755233));
#15187=CARTESIAN_POINT('',(-3.80729934834372,7.21642565594744,-0.870707482624477));
#15188=CARTESIAN_POINT('',(-3.80729934834372,7.21642565594744,0.535826222199502));
#15189=CARTESIAN_POINT('',(-2.83912777281497,7.51242541150275,0.0292925173755227));
#15190=CARTESIAN_POINT('',(-2.83912777281497,7.51242541150275,-0.870707482624477));
#15191=CARTESIAN_POINT('Origin',(-3.89501085976054,7.50331708273635,-0.870707482624476));
#15192=CARTESIAN_POINT('',(-3.79501811398726,7.50211259416485,-0.870707482624476));
#15193=CARTESIAN_POINT('Origin',(-3.89501085976054,7.50331708273635,-0.870707482624477));
#15194=CARTESIAN_POINT('',(-3.59503262203298,7.49970361701693,-0.870707482624478));
#15195=CARTESIAN_POINT('',(-3.69502536821397,7.50090810559334,-0.870707482624477));
#15196=CARTESIAN_POINT('Origin',(-3.89501085976054,7.50331708273635,-0.870707482624477));
#15197=CARTESIAN_POINT('Ctrl Pts',(-3.59503262244068,7.49970361702184,-0.870707482624478));
#15198=CARTESIAN_POINT('Ctrl Pts',(-3.59501810896011,7.50090847924075,-0.870709903781129));
#15199=CARTESIAN_POINT('Ctrl Pts',(-3.59501085976054,7.50211299696791,-0.870719577604169));
#15200=CARTESIAN_POINT('Ctrl Pts',(-3.59501085976054,7.50331708273635,-0.870736504093392));
#15201=CARTESIAN_POINT('Ctrl Pts',(-3.79501811398726,7.50211259416485,-0.870707482624476));
#15202=CARTESIAN_POINT('Ctrl Pts',(-3.7950132761604,7.50251421490449,-0.870709903781127));
#15203=CARTESIAN_POINT('Ctrl Pts',(-3.79501085976054,7.50291572081353,-0.870719577604167));
#15204=CARTESIAN_POINT('Ctrl Pts',(-3.79501085976054,7.50331708273635,-0.870736504093391));
#15205=CARTESIAN_POINT('',(-3.79501085976054,7.50331708273635,-0.870736504093391));
#15206=CARTESIAN_POINT('',(-3.59501085976054,7.50331708273635,-0.870736504093392));
#15207=CARTESIAN_POINT('',(-3.79501085976054,7.50331708273635,-0.870736504093391));
#15208=CARTESIAN_POINT('Ctrl Pts',(-3.59503262244068,7.49970361702184,-0.870707482624478));
#15209=CARTESIAN_POINT('Ctrl Pts',(-3.5950253679814,7.50030585876985,-0.870708692822284));
#15210=CARTESIAN_POINT('Ctrl Pts',(-3.59501992730662,7.50090810855561,-0.870711715225119));
#15211=CARTESIAN_POINT('Ctrl Pts',(-3.59501267316741,7.50211261173362,-0.870721387981474));
#15212=CARTESIAN_POINT('Ctrl Pts',(-3.59501085976054,7.50271485693235,-0.870728038277378));
#15213=CARTESIAN_POINT('Ctrl Pts',(-3.59501085976054,7.50331708273635,-0.870736504093392));
#15214=CARTESIAN_POINT('Ctrl Pts',(-3.79501811398726,7.50211259416485,-0.870707482624476));
#15215=CARTESIAN_POINT('Ctrl Pts',(-3.79501569508363,7.50231340372085,-0.870708693197896));
#15216=CARTESIAN_POINT('Ctrl Pts',(-3.79501388143021,7.50251419294508,-0.870711716971549));
#15217=CARTESIAN_POINT('Ctrl Pts',(-3.79501146366999,7.50291572414724,-0.870721391857133));
#15218=CARTESIAN_POINT('Ctrl Pts',(-3.79501085976054,7.50311643329897,-0.87072804217823));
#15219=CARTESIAN_POINT('Ctrl Pts',(-3.79501085976054,7.50331708273635,-0.870736504093391));
#15220=CARTESIAN_POINT('Origin',(2.60498914023946,7.75090804734076,0.66740164214823));
#15221=CARTESIAN_POINT('',(2.15498914023946,8.05090804734077,-0.790707482624478));
#15222=CARTESIAN_POINT('',(2.60498914023946,7.75090804734076,-0.790707482624478));
#15223=CARTESIAN_POINT('',(2.15498914023946,8.05090804734077,-0.790707482624478));
#15224=CARTESIAN_POINT('',(2.15498914023946,8.05090804734077,-0.160005728238513));
#15225=CARTESIAN_POINT('',(2.15498914023946,8.05090804734077,-0.790707482624478));
#15226=CARTESIAN_POINT('',(2.42998914023946,7.86757471400743,-0.201818593735589));
#15227=CARTESIAN_POINT('',(2.15498914023946,8.05090804734077,-0.160005728238513));
#15228=CARTESIAN_POINT('',(2.60498914023946,7.75090804734076,-0.048933075824997));
#15229=CARTESIAN_POINT('',(2.60498914023946,7.75090804734076,-0.048933075824997));
#15230=CARTESIAN_POINT('',(2.60498914023946,7.75090804734076,-0.790707482624478));
#15231=CARTESIAN_POINT('Origin',(2.60498914023946,8.46090804734077,-0.790707482624478));
#15232=CARTESIAN_POINT('',(2.60498914023946,8.24990804734077,0.0648739417188626));
#15233=CARTESIAN_POINT('',(2.60498914023946,8.24990804734077,0.0648739417188626));
#15234=CARTESIAN_POINT('',(2.60498914023946,8.24990804734077,0.300728452770013));
#15235=CARTESIAN_POINT('',(2.60498914023946,8.24990804734077,-1.0873949892699));
#15236=CARTESIAN_POINT('',(2.60498914023946,7.60090804734076,0.300728452770015));
#15237=CARTESIAN_POINT('',(2.60498914023946,8.46090804734077,0.300728452770013));
#15238=CARTESIAN_POINT('',(2.60498914023946,7.60090804734076,-0.790707482624478));
#15239=CARTESIAN_POINT('',(2.60498914023946,7.60090804734077,-1.69070748262448));
#15240=CARTESIAN_POINT('',(2.60498914023946,8.46090804734077,-0.790707482624478));
#15241=CARTESIAN_POINT('Origin',(2.60498914023946,8.46090804734077,0.300728452770013));
#15242=CARTESIAN_POINT('',(2.52498914023946,7.57908986552258,0.439292517375522));
#15243=CARTESIAN_POINT('',(2.52498914023946,7.57908986552258,0.439292517375523));
#15244=CARTESIAN_POINT('',(2.52498914023946,8.24990804734077,0.439292517375522));
#15245=CARTESIAN_POINT('',(2.60498914023946,8.24990804734077,0.300728452770011));
#15246=CARTESIAN_POINT('',(2.52498914023946,8.46090804734077,0.439292517375522));
#15247=CARTESIAN_POINT('Origin',(2.43378081479894,8.39326730875755,-0.0907074826244787));
#15248=CARTESIAN_POINT('',(2.32194223410479,8.22745979424654,-0.119739540347722));
#15249=CARTESIAN_POINT('',(2.33708377200508,8.24990804734077,-0.114619763326232));
#15250=CARTESIAN_POINT('',(2.32194223410479,8.22745979424654,-0.119739540347722));
#15251=CARTESIAN_POINT('',(2.33708377200508,8.24990804734077,-0.0907074826244788));
#15252=CARTESIAN_POINT('',(2.33708377200508,8.24990804734077,-1.0873949892699));
#15253=CARTESIAN_POINT('',(2.33708377200508,8.24990804734077,-0.0907074826244789));
#15254=CARTESIAN_POINT('',(2.32194223410479,8.22745979424654,0.368433880088814));
#15255=CARTESIAN_POINT('Origin',(2.5912979535844,8.28702065709811,-0.0907074826244781));
#15256=CARTESIAN_POINT('',(2.45330276631763,8.24990804734077,-0.0907074826244787));
#15257=CARTESIAN_POINT('',(2.48130949298824,8.12395605843144,-0.0907074826244784));
#15258=CARTESIAN_POINT('',(2.74052471664431,8.18636593447337,-0.0907074826244784));
#15259=CARTESIAN_POINT('',(2.05498914023946,8.24990804734077,-0.0907074826244788));
#15260=CARTESIAN_POINT('Origin',(2.60498914023946,8.26499089244363,0.0683138888475857));
#15261=CARTESIAN_POINT('',(2.42998914023946,8.15458123584023,-0.136360965949161));
#15262=CARTESIAN_POINT('',(2.42998914023946,8.15458123584023,-0.136360965949161));
#15263=CARTESIAN_POINT('',(2.45330276631763,8.24990804734077,-0.0907074826244786));
#15264=CARTESIAN_POINT('',(2.42998914023946,7.74090804734076,-0.230707482624478));
#15265=CARTESIAN_POINT('Origin',(2.52498914023946,8.46090804734077,0.439292517375522));
#15266=CARTESIAN_POINT('',(2.52498914023946,7.57908986552258,0.609292517375522));
#15267=CARTESIAN_POINT('',(2.52498914023946,7.57908986552258,-1.69070748262448));
#15268=CARTESIAN_POINT('',(2.52498914023946,8.24990804734077,0.609292517375522));
#15269=CARTESIAN_POINT('',(2.52498914023946,8.24990804734077,-1.0873949892699));
#15270=CARTESIAN_POINT('',(2.52498914023946,7.72090804734077,0.609292517375522));
#15271=CARTESIAN_POINT('Origin',(-3.28131967310548,8.28702065709811,-0.0907074826244781));
#15272=CARTESIAN_POINT('',(-3.14332448583871,8.24990804734077,-0.0907074826244786));
#15273=CARTESIAN_POINT('',(-3.14332448583871,8.24990804734077,-0.0907074826244786));
#15274=CARTESIAN_POINT('',(-3.02710549152616,8.24990804734077,-0.0907074826244786));
#15275=CARTESIAN_POINT('',(-3.5359961157059,8.24990804734077,-0.0907074826244786));
#15276=CARTESIAN_POINT('',(-3.12380253432002,8.39326730875755,-0.0907074826244788));
#15277=CARTESIAN_POINT('Origin',(-3.31870785547124,8.02055841996236,0.368433880088814));
#15278=CARTESIAN_POINT('',(-3.01196395362587,8.22745979424654,-0.119739540347722));
#15279=CARTESIAN_POINT('',(-3.12001085976054,8.15458123584023,-0.136360965949161));
#15280=CARTESIAN_POINT('',(-3.01196395362587,8.22745979424654,-0.119739540347722));
#15281=CARTESIAN_POINT('',(-3.1723084740377,8.11930604959975,-0.0907656549972212));
#15282=CARTESIAN_POINT('',(-3.57297050493408,7.84905609738476,-0.620707482624477));
#15283=CARTESIAN_POINT('',(-3.31870785547124,8.02055841996237,-0.620707482624478));
#15284=CARTESIAN_POINT('',(-3.57297050493408,7.84905609738475,-0.970707482624478));
#15285=CARTESIAN_POINT('',(-3.57297050493408,7.84905609738475,-1.2246524734335));
#15286=CARTESIAN_POINT('',(-3.31870785547124,8.02055841996237,-0.970707482624479));
#15287=CARTESIAN_POINT('',(-3.01196395362587,8.22745979424654,-0.0907074826244787));
#15288=CARTESIAN_POINT('Origin',(-3.29501085976054,8.26499089244363,0.0683138888475857));
#15289=CARTESIAN_POINT('',(-3.29501085976054,8.24990804734077,0.0648739417188632));
#15290=CARTESIAN_POINT('',(-3.29501085976054,7.75090804734076,-0.048933075824997));
#15291=CARTESIAN_POINT('',(-3.29501085976054,8.24990804734077,0.0648739417188625));
#15292=CARTESIAN_POINT('',(-3.29501085976054,8.24990804734077,0.0648739417188625));
#15293=CARTESIAN_POINT('',(-3.12001085976054,7.86757471400743,-0.201818593735589));
#15294=CARTESIAN_POINT('',(-3.12001085976054,7.74090804734076,-0.230707482624478));
#15295=CARTESIAN_POINT('',(-3.12001085976054,7.86757471400743,-0.201818593735589));
#15296=CARTESIAN_POINT('Origin',(-3.12380253432002,8.39326730875755,-0.0907074826244787));
#15297=CARTESIAN_POINT('',(-3.02710549152616,8.24990804734077,-0.114619763326232));
#15298=CARTESIAN_POINT('',(-3.02710549152616,8.24990804734077,-0.114619763326232));
#15299=CARTESIAN_POINT('',(-3.02710549152616,8.24990804734077,0.759292517375522));
#15300=CARTESIAN_POINT('Origin',(-3.29501085976054,7.75090804734076,0.66740164214823));
#15301=CARTESIAN_POINT('',(-2.84501085976054,8.05090804734077,-0.160005728238513));
#15302=CARTESIAN_POINT('',(-3.12001085976054,7.86757471400743,-0.201818593735589));
#15303=CARTESIAN_POINT('',(-2.84501085976054,8.05090804734077,-0.790707482624478));
#15304=CARTESIAN_POINT('',(-2.84501085976054,8.05090804734077,-0.790707482624478));
#15305=CARTESIAN_POINT('',(-3.29501085976054,7.75090804734076,-0.790707482624478));
#15306=CARTESIAN_POINT('',(-3.29501085976054,7.75090804734076,-0.790707482624478));
#15307=CARTESIAN_POINT('',(-3.29501085976054,7.75090804734076,-0.790707482624478));
#15308=CARTESIAN_POINT('Origin',(-3.29501085976054,8.46090804734077,-0.790707482624478));
#15309=CARTESIAN_POINT('',(-3.29501085976054,7.60090804734076,-0.790707482624477));
#15310=CARTESIAN_POINT('',(-3.29501085976054,7.60090804734076,0.300728452770013));
#15311=CARTESIAN_POINT('',(-3.29501085976054,7.60090804734077,-1.69070748262448));
#15312=CARTESIAN_POINT('',(-3.29501085976054,8.24990804734077,0.300728452770011));
#15313=CARTESIAN_POINT('',(-3.29501085976054,8.46090804734077,0.300728452770011));
#15314=CARTESIAN_POINT('',(-3.29501085976054,8.24990804734077,0.759292517375522));
#15315=CARTESIAN_POINT('',(-3.29501085976054,8.46090804734077,-0.790707482624478));
#15316=CARTESIAN_POINT('Origin',(-3.29501085976054,8.46090804734077,0.300728452770013));
#15317=CARTESIAN_POINT('',(-3.21501085976054,7.57908986552258,0.439292517375525));
#15318=CARTESIAN_POINT('',(-3.29501085976054,7.60090804734077,0.300728452770014));
#15319=CARTESIAN_POINT('',(-3.21501085976054,8.24990804734077,0.439292517375522));
#15320=CARTESIAN_POINT('',(-3.21501085976054,8.46090804734077,0.439292517375522));
#15321=CARTESIAN_POINT('',(-3.21501085976054,8.24990804734077,0.439292517375522));
#15322=CARTESIAN_POINT('Origin',(-3.21501085976054,8.46090804734077,0.439292517375522));
#15323=CARTESIAN_POINT('',(-3.21501085976054,7.57908986552258,0.609292517375522));
#15324=CARTESIAN_POINT('',(-3.21501085976054,7.57908986552258,-1.69070748262448));
#15325=CARTESIAN_POINT('',(-3.21501085976054,8.24990804734077,0.609292517375522));
#15326=CARTESIAN_POINT('',(-3.21501085976054,7.72090804734077,0.609292517375522));
#15327=CARTESIAN_POINT('',(-3.21501085976054,8.24990804734077,0.759292517375522));
#15328=CARTESIAN_POINT('Origin',(2.20758039423844,7.70368636269535,0.368433880088813));
#15329=CARTESIAN_POINT('',(3.17575196976719,7.40768660714005,-0.870707482624476));
#15330=CARTESIAN_POINT('',(3.17575196976719,7.40768660714005,0.0292925173755233));
#15331=CARTESIAN_POINT('',(3.17575196976719,7.40768660714005,0.535826222199502));
#15332=CARTESIAN_POINT('',(2.20758039423844,7.70368636269535,0.0292925173755232));
#15333=CARTESIAN_POINT('',(2.20758039423844,7.70368636269536,-0.870707482624475));
#15334=CARTESIAN_POINT('Origin',(2.74052471664431,8.18636593447337,0.368433880088815));
#15335=CARTESIAN_POINT('',(2.99478736610715,8.01486361189576,-0.620707482624477));
#15336=CARTESIAN_POINT('',(2.74052471664431,8.18636593447337,-0.620707482624478));
#15337=CARTESIAN_POINT('',(2.99478736610715,8.01486361189576,-0.970707482624477));
#15338=CARTESIAN_POINT('',(2.99478736610715,8.01486361189576,-1.2246524734335));
#15339=CARTESIAN_POINT('',(2.74052471664431,8.18636593447337,-0.970707482624477));
#15340=CARTESIAN_POINT('Origin',(3.20498914023947,7.50331708273635,-0.870707482624476));
#15341=CARTESIAN_POINT('',(2.90501090291961,7.49970361702184,-0.870707482624477));
#15342=CARTESIAN_POINT('',(3.11727762882265,7.21642565594744,-0.870707482624477));
#15343=CARTESIAN_POINT('Origin',(3.20498914023947,7.50331708273635,-0.870707482624476));
#15344=CARTESIAN_POINT('',(3.10499639446618,7.50211259416485,-0.870707482624476));
#15345=CARTESIAN_POINT('',(3.00500364869289,7.50090810559334,-0.870707482624477));
#15346=CARTESIAN_POINT('Origin',(3.20498914023947,7.50331708273635,-0.870707482624475));
#15347=CARTESIAN_POINT('',(2.14910605329389,7.51242541150275,-0.870707482624477));
#15348=CARTESIAN_POINT('Origin',(2.14910605329389,7.51242541150275,0.368433880088813));
#15349=CARTESIAN_POINT('',(3.11727762882264,7.21642565594744,0.0292925173755232));
#15350=CARTESIAN_POINT('',(2.14910605329389,7.51242541150275,0.0292925173755231));
#15351=CARTESIAN_POINT('',(3.11727762882264,7.21642565594744,0.535826222199502));
#15352=CARTESIAN_POINT('Ctrl Pts',(2.90501090291961,7.49970361702184,-0.870707482624478));
#15353=CARTESIAN_POINT('Ctrl Pts',(2.90499638943904,7.50090847924075,-0.870709903781129));
#15354=CARTESIAN_POINT('Ctrl Pts',(2.90498914023947,7.50211299696791,-0.870719577604169));
#15355=CARTESIAN_POINT('Ctrl Pts',(2.90498914023947,7.50331708273635,-0.870736504093392));
#15356=CARTESIAN_POINT('Ctrl Pts',(3.10499639446618,7.50211259416485,-0.870707482624476));
#15357=CARTESIAN_POINT('Ctrl Pts',(3.10499155663932,7.50251421490449,-0.870709903781127));
#15358=CARTESIAN_POINT('Ctrl Pts',(3.10498914023947,7.50291572081353,-0.870719577604167));
#15359=CARTESIAN_POINT('Ctrl Pts',(3.10498914023947,7.50331708273635,-0.870736504093391));
#15360=CARTESIAN_POINT('',(2.90498914023947,7.50331708273635,-0.870736504093392));
#15361=CARTESIAN_POINT('Ctrl Pts',(2.90498914023947,7.50331708273635,-0.870736504093392));
#15362=CARTESIAN_POINT('Ctrl Pts',(2.90498914023947,7.50271485693239,-0.870728038277378));
#15363=CARTESIAN_POINT('Ctrl Pts',(2.90499095364633,7.50211261173371,-0.870721387981475));
#15364=CARTESIAN_POINT('Ctrl Pts',(2.90499820778554,7.50090810855557,-0.870711715225118));
#15365=CARTESIAN_POINT('Ctrl Pts',(2.90500364846032,7.50030585876976,-0.870708692822284));
#15366=CARTESIAN_POINT('Ctrl Pts',(2.90501090291961,7.49970361702184,-0.870707482624478));
#15367=CARTESIAN_POINT('',(3.10498914023947,7.50331708273635,-0.870736504093391));
#15368=CARTESIAN_POINT('',(3.10498914023947,7.50331708273635,-0.870736504093391));
#15369=CARTESIAN_POINT('Ctrl Pts',(3.10498914023947,7.50331708273635,-0.870736504093391));
#15370=CARTESIAN_POINT('Ctrl Pts',(3.10498914023947,7.50311643329897,-0.87072804217823));
#15371=CARTESIAN_POINT('Ctrl Pts',(3.10498974414891,7.50291572414724,-0.870721391857133));
#15372=CARTESIAN_POINT('Ctrl Pts',(3.10499216190913,7.50251419294508,-0.870711716971549));
#15373=CARTESIAN_POINT('Ctrl Pts',(3.10499397556255,7.50231340372085,-0.870708693197896));
#15374=CARTESIAN_POINT('Ctrl Pts',(3.10499639446618,7.50211259416485,-0.870707482624476));
#15375=CARTESIAN_POINT('Origin',(2.62868613595016,8.02055841996236,0.368433880088814));
#15376=CARTESIAN_POINT('',(2.42998914023946,8.15458123584023,-0.136360965949161));
#15377=CARTESIAN_POINT('',(2.882948785413,7.84905609738476,-0.970707482624477));
#15378=CARTESIAN_POINT('',(2.62868613595016,8.02055841996237,-0.970707482624477));
#15379=CARTESIAN_POINT('',(2.882948785413,7.84905609738475,-0.620707482624478));
#15380=CARTESIAN_POINT('',(2.88294878541301,7.84905609738475,-1.2246524734335));
#15381=CARTESIAN_POINT('',(2.62868613595016,8.02055841996237,-0.620707482624478));
#15382=CARTESIAN_POINT('Origin',(0.750451619422836,7.75090804734076,0.759292517375522));
#15383=CARTESIAN_POINT('',(0.854989140239462,5.81090804734076,0.759292517375522));
#15384=CARTESIAN_POINT('',(1.05498914023946,6.01090804734077,0.759292517375522));
#15385=CARTESIAN_POINT('Origin',(0.854989140239462,6.01090804734076,0.759292517375523));
#15386=CARTESIAN_POINT('',(1.05498914023946,7.41090804734077,0.759292517375522));
#15387=CARTESIAN_POINT('',(1.05498914023946,6.71090804734077,0.759292517375522));
#15388=CARTESIAN_POINT('',(0.854989140239462,7.61090804734077,0.759292517375522));
#15389=CARTESIAN_POINT('Origin',(0.854989140239461,7.41090804734077,0.759292517375522));
#15390=CARTESIAN_POINT('',(-1.54501085976054,7.61090804734077,0.759292517375522));
#15391=CARTESIAN_POINT('',(0.854989140239462,7.61090804734077,0.759292517375522));
#15392=CARTESIAN_POINT('',(-1.74501085976054,7.41090804734077,0.759292517375522));
#15393=CARTESIAN_POINT('Origin',(-1.54501085976054,7.41090804734077,0.759292517375522));
#15394=CARTESIAN_POINT('',(-1.74501085976054,6.01090804734077,0.759292517375522));
#15395=CARTESIAN_POINT('',(-1.74501085976054,7.75090804734076,0.759292517375522));
#15396=CARTESIAN_POINT('',(-1.54501085976054,5.81090804734076,0.759292517375522));
#15397=CARTESIAN_POINT('Origin',(-1.54501085976054,6.01090804734076,0.759292517375522));
#15398=CARTESIAN_POINT('',(0.854989140239462,5.81090804734076,0.759292517375522));
#15399=CARTESIAN_POINT('Origin',(0.534989140239462,8.40776505726905,0.276570911476666));
#15400=CARTESIAN_POINT('',(0.734989140239462,8.40776505726905,0.276570911476666));
#15401=CARTESIAN_POINT('',(0.734989140239461,8.39403450910602,0.669762366386274));
#15402=CARTESIAN_POINT('',(0.734989140239462,8.40776505726905,0.276570911476666));
#15403=CARTESIAN_POINT('Origin',(0.534989140239462,8.40776505726905,0.276570911476666));
#15404=CARTESIAN_POINT('',(-1.42501085976054,8.40776505726905,0.276570911476666));
#15405=CARTESIAN_POINT('Origin',(-1.22501085976054,8.40776505726905,0.276570911476666));
#15406=CARTESIAN_POINT('',(-1.42501085976054,8.39403450910602,0.669762366386274));
#15407=CARTESIAN_POINT('',(-1.42501085976054,8.40776505726905,0.276570911476666));
#15408=CARTESIAN_POINT('',(0.734989140239461,8.39403450910602,0.669762366386274));
#15409=CARTESIAN_POINT('Origin',(0.534989140239462,5.01405103741248,0.276570911476666));
#15410=CARTESIAN_POINT('',(-1.42501085976054,5.01405103741248,0.276570911476666));
#15411=CARTESIAN_POINT('',(-1.42501085976054,5.02778158557551,0.669762366386274));
#15412=CARTESIAN_POINT('',(-1.42501085976054,5.01405103741248,0.276570911476666));
#15413=CARTESIAN_POINT('Origin',(-1.22501085976054,5.01405103741248,0.276570911476666));
#15414=CARTESIAN_POINT('',(0.734989140239462,5.01405103741248,0.276570911476666));
#15415=CARTESIAN_POINT('Origin',(0.534989140239462,5.01405103741248,0.276570911476666));
#15416=CARTESIAN_POINT('',(0.734989140239462,5.02778158557551,0.669762366386274));
#15417=CARTESIAN_POINT('',(0.734989140239462,5.01405103741248,0.276570911476666));
#15418=CARTESIAN_POINT('',(0.734989140239462,5.02778158557551,0.669762366386274));
#15419=CARTESIAN_POINT('Origin',(-3.54501085976054,7.807604218757,-1.2246524734335));
#15420=CARTESIAN_POINT('',(-3.79501085976054,7.807604218757,-0.970707482624476));
#15421=CARTESIAN_POINT('Origin',(-3.54501085976055,7.807604218757,-0.970707482624477));
#15422=CARTESIAN_POINT('',(-3.79501085976054,7.807604218757,-0.620707482624478));
#15423=CARTESIAN_POINT('',(-3.79501085976054,7.807604218757,0.368433880088816));
#15424=CARTESIAN_POINT('Origin',(-3.54501085976054,7.807604218757,-0.620707482624479));
#15425=CARTESIAN_POINT('Origin',(-3.89501085976054,7.50331708273635,0.535826222199502));
#15426=CARTESIAN_POINT('',(-3.79501085976054,7.50331708273635,0.0292925173755232));
#15427=CARTESIAN_POINT('Origin',(-3.89501085976054,7.50331708273635,0.0292925173755241));
#15428=CARTESIAN_POINT('',(-3.79501085976054,7.50331708273635,0.368433880088816));
#15429=CARTESIAN_POINT('Origin',(-3.33501085976054,7.31090804734077,0.509292517375522));
#15430=CARTESIAN_POINT('',(-3.79501085976054,7.11090804734077,0.509292517375522));
#15431=CARTESIAN_POINT('',(-3.59501085976054,7.11090804734077,0.509292517375522));
#15432=CARTESIAN_POINT('',(-3.79501085976054,7.11090804734077,0.509292517375522));
#15433=CARTESIAN_POINT('',(-3.59501085976054,7.21090804734076,0.509292517375522));
#15434=CARTESIAN_POINT('',(-3.59501085976054,8.26090804734076,0.509292517375522));
#15435=CARTESIAN_POINT('',(-3.79501085976054,7.21090804734076,0.509292517375522));
#15436=CARTESIAN_POINT('',(-0.345010859760539,7.21090804734076,0.509292517375522));
#15437=CARTESIAN_POINT('',(-3.79501085976054,8.26090804734076,0.509292517375522));
#15438=CARTESIAN_POINT('Origin',(-3.79501085976054,8.26090804734076,0.368433880088816));
#15439=CARTESIAN_POINT('',(-3.79501085976054,8.36090804734076,0.368433880088816));
#15440=CARTESIAN_POINT('',(-3.79501085976054,8.34751058771921,0.318433880088817));
#15441=CARTESIAN_POINT('Origin',(-3.79501085976054,8.26090804734077,0.368433880088815));
#15442=CARTESIAN_POINT('',(-3.59501085976054,8.36090804734076,0.368433880088815));
#15443=CARTESIAN_POINT('',(-3.79501085976054,8.36090804734076,0.368433880088816));
#15444=CARTESIAN_POINT('',(-3.59501085976054,8.34751058771921,0.318433880088816));
#15445=CARTESIAN_POINT('Origin',(-3.59501085976055,8.26090804734077,0.368433880088815));
#15446=CARTESIAN_POINT('',(-3.79501085976054,8.34751058771921,0.318433880088816));
#15447=CARTESIAN_POINT('Origin',(-3.79501085976054,8.0305646915179,-0.230532515382309));
#15448=CARTESIAN_POINT('',(-3.79501085976054,8.0305646915179,-0.230532515382309));
#15449=CARTESIAN_POINT('',(-3.59501085976054,8.0305646915179,-0.23053251538231));
#15450=CARTESIAN_POINT('',(-3.79501085976054,8.0305646915179,-0.230532515382309));
#15451=CARTESIAN_POINT('',(-3.79501085976054,8.34751058771921,0.318433880088816));
#15452=CARTESIAN_POINT('',(-3.59501085976054,8.34751058771921,0.318433880088815));
#15453=CARTESIAN_POINT('Origin',(-3.79501085976054,7.77075707038257,-0.0805325153823096));
#15454=CARTESIAN_POINT('',(-3.79501085976054,7.87336311338026,-0.362440301618083));
#15455=CARTESIAN_POINT('Origin',(-3.79501085976055,7.77075707038257,-0.0805325153823092));
#15456=CARTESIAN_POINT('',(-3.59501085976054,7.87336311338026,-0.362440301618084));
#15457=CARTESIAN_POINT('Origin',(-3.59501085976055,7.77075707038257,-0.0805325153823098));
#15458=CARTESIAN_POINT('',(-3.79501085976054,7.87336311338026,-0.362440301618083));
#15459=CARTESIAN_POINT('Origin',(-3.79501085976054,7.87336311338026,-0.362440301618083));
#15460=CARTESIAN_POINT('',(-3.59501085976054,7.6967060330082,-0.426738220545886));
#15461=CARTESIAN_POINT('',(-3.79501085976054,7.6967060330082,-0.426738220545885));
#15462=CARTESIAN_POINT('',(-3.79501085976054,7.6967060330082,-0.426738220545885));
#15463=CARTESIAN_POINT('',(-3.79501085976054,7.87336311338026,-0.362440301618083));
#15464=CARTESIAN_POINT('',(-3.59501085976054,7.87336311338026,-0.362440301618084));
#15465=CARTESIAN_POINT('Origin',(-3.79501085976054,7.73090804734077,-0.520707482624477));
#15466=CARTESIAN_POINT('',(-3.59501085976054,7.73090804734077,-0.620707482624477));
#15467=CARTESIAN_POINT('',(-3.79501085976054,7.73090804734077,-0.620707482624477));
#15468=CARTESIAN_POINT('',(-3.79501085976054,7.73090804734077,-0.620707482624477));
#15469=CARTESIAN_POINT('Origin',(-3.79501085976054,7.73090804734077,-0.520707482624476));
#15470=CARTESIAN_POINT('Origin',(-3.59501085976054,7.73090804734077,-0.520707482624477));
#15471=CARTESIAN_POINT('Origin',(-3.79501085976054,7.73090804734077,-0.620707482624477));
#15472=CARTESIAN_POINT('',(-3.59501085976054,7.807604218757,-0.620707482624477));
#15473=CARTESIAN_POINT('',(-3.59501085976054,8.26090804734076,-0.620707482624477));
#15474=CARTESIAN_POINT('Origin',(-3.54501085976054,7.807604218757,-0.620707482624478));
#15475=CARTESIAN_POINT('',(-3.79501085976054,8.26090804734076,-0.620707482624477));
#15476=CARTESIAN_POINT('Origin',(-3.54501085976054,7.807604218757,-1.2246524734335));
#15477=CARTESIAN_POINT('',(-3.59501085976054,7.807604218757,-0.970707482624477));
#15478=CARTESIAN_POINT('Origin',(-3.54501085976054,7.807604218757,-0.970707482624477));
#15479=CARTESIAN_POINT('',(-3.59501085976054,7.807604218757,0.368433880088815));
#15480=CARTESIAN_POINT('Origin',(-3.79501085976054,7.60090804734077,-0.970707482624476));
#15481=CARTESIAN_POINT('',(-3.59501085976055,7.60090804734077,-0.970707482624477));
#15482=CARTESIAN_POINT('',(-3.79501085976054,7.60090804734077,-0.970707482624477));
#15483=CARTESIAN_POINT('',(-3.79501085976054,7.60090804734077,-0.970707482624476));
#15484=CARTESIAN_POINT('',(-3.79501085976054,8.26090804734076,-0.970707482624476));
#15485=CARTESIAN_POINT('',(-3.59501085976055,8.26090804734076,-0.970707482624477));
#15486=CARTESIAN_POINT('Origin',(-3.79501085976054,7.50090804734077,-0.970707482624477));
#15487=CARTESIAN_POINT('Origin',(-3.59501085976054,7.50090804734077,-0.970707482624478));
#15488=CARTESIAN_POINT('Origin',(-3.79501085976054,7.50090804734077,-0.970707482624477));
#15489=CARTESIAN_POINT('Origin',(-3.89501085976054,7.50331708273635,0.535826222199502));
#15490=CARTESIAN_POINT('',(-3.59501085976054,7.50331708273635,0.0292925173755227));
#15491=CARTESIAN_POINT('',(-3.59501085976054,7.50331708273635,0.368433880088815));
#15492=CARTESIAN_POINT('Origin',(-3.89501085976054,7.50331708273635,0.0292925173755237));
#15493=CARTESIAN_POINT('Origin',(-3.79501085976054,7.56090804734077,0.0292925173755229));
#15494=CARTESIAN_POINT('',(-3.59501085976054,7.56090804734077,0.0292925173755223));
#15495=CARTESIAN_POINT('',(-3.79501085976054,7.56090804734077,0.029292517375523));
#15496=CARTESIAN_POINT('',(-3.79501085976054,7.56090804734077,0.029292517375523));
#15497=CARTESIAN_POINT('',(-3.79501085976054,8.26090804734076,0.0292925173755233));
#15498=CARTESIAN_POINT('',(-3.59501085976054,8.26090804734076,0.0292925173755228));
#15499=CARTESIAN_POINT('Origin',(-3.79501085976054,7.56090804734077,0.129292517375523));
#15500=CARTESIAN_POINT('',(-3.59501085976054,7.66090804734077,0.129292517375522));
#15501=CARTESIAN_POINT('',(-3.79501085976054,7.66090804734077,0.129292517375523));
#15502=CARTESIAN_POINT('',(-3.79501085976054,7.66090804734077,0.129292517375522));
#15503=CARTESIAN_POINT('Origin',(-3.79501085976054,7.56090804734077,0.129292517375523));
#15504=CARTESIAN_POINT('Origin',(-3.59501085976054,7.56090804734077,0.129292517375522));
#15505=CARTESIAN_POINT('Origin',(-3.79501085976054,7.66090804734077,0.159292517375519));
#15506=CARTESIAN_POINT('',(-3.59501085976054,7.66090804734077,0.159292517375518));
#15507=CARTESIAN_POINT('',(-3.79501085976054,7.66090804734077,0.159292517375519));
#15508=CARTESIAN_POINT('',(-3.79501085976054,7.66090804734077,0.159292517375519));
#15509=CARTESIAN_POINT('',(-3.79501085976054,7.66090804734077,0.368433880088816));
#15510=CARTESIAN_POINT('',(-3.59501085976054,7.66090804734077,0.368433880088815));
#15511=CARTESIAN_POINT('Origin',(-3.79501085976054,7.56090804734077,0.159292517375519));
#15512=CARTESIAN_POINT('',(-3.59501085976054,7.56090804734077,0.259292517375519));
#15513=CARTESIAN_POINT('',(-3.79501085976054,7.56090804734077,0.259292517375519));
#15514=CARTESIAN_POINT('',(-3.79501085976054,7.56090804734077,0.259292517375519));
#15515=CARTESIAN_POINT('Origin',(-3.79501085976054,7.56090804734077,0.159292517375519));
#15516=CARTESIAN_POINT('Origin',(-3.59501085976054,7.56090804734077,0.159292517375519));
#15517=CARTESIAN_POINT('Origin',(-3.79501085976054,7.56090804734077,0.259292517375519));
#15518=CARTESIAN_POINT('',(-3.79501085976054,7.21090804734076,0.259292517375519));
#15519=CARTESIAN_POINT('',(-3.59501085976054,7.21090804734076,0.259292517375519));
#15520=CARTESIAN_POINT('',(-3.79501085976054,7.21090804734076,0.25929251737552));
#15521=CARTESIAN_POINT('',(-3.79501085976054,8.26090804734076,0.259292517375519));
#15522=CARTESIAN_POINT('',(-3.59501085976054,8.26090804734076,0.259292517375519));
#15523=CARTESIAN_POINT('Origin',(-3.79501085976054,7.21090804734076,0.35929251737552));
#15524=CARTESIAN_POINT('',(-3.79501085976054,7.11090804734077,0.359292517375519));
#15525=CARTESIAN_POINT('Origin',(-3.79501085976054,7.21090804734076,0.35929251737552));
#15526=CARTESIAN_POINT('',(-3.59501085976054,7.11090804734077,0.359292517375519));
#15527=CARTESIAN_POINT('Origin',(-3.59501085976054,7.21090804734076,0.359292517375518));
#15528=CARTESIAN_POINT('',(-3.79501085976054,7.11090804734077,0.359292517375519));
#15529=CARTESIAN_POINT('Origin',(-3.79501085976054,7.11090804734077,0.35929251737552));
#15530=CARTESIAN_POINT('',(-3.59501085976054,7.11090804734077,0.368433880088815));
#15531=CARTESIAN_POINT('',(-3.79501085976054,7.11090804734077,0.368433880088816));
#15532=CARTESIAN_POINT('Origin',(2.60498914023946,7.60090804734077,-1.69070748262448));
#15533=CARTESIAN_POINT('',(2.05498914023946,7.45090804734077,0.609292517375522));
#15534=CARTESIAN_POINT('',(2.05498914023946,7.45090804734077,0.609292517375522));
#15535=CARTESIAN_POINT('',(2.05498914023946,7.45090804734077,-0.790707482624478));
#15536=CARTESIAN_POINT('',(2.05498914023946,7.45090804734077,-0.790707482624478));
#15537=CARTESIAN_POINT('',(2.60498914023946,7.60090804734077,-0.790707482624478));
#15538=CARTESIAN_POINT('Origin',(-0.345010859760539,8.46090804734077,-0.790707482624478));
#15539=CARTESIAN_POINT('',(2.05498914023946,8.05090804734077,-0.790707482624478));
#15540=CARTESIAN_POINT('',(2.05498914023946,8.05090804734077,-0.790707482624478));
#15541=CARTESIAN_POINT('',(2.05498914023946,8.05090804734077,-0.790707482624478));
#15542=CARTESIAN_POINT('Origin',(2.05498914023946,8.05090804734077,-0.790707482624478));
#15543=CARTESIAN_POINT('',(2.05498914023946,8.05090804734077,-0.160005728238513));
#15544=CARTESIAN_POINT('',(2.05498914023946,8.05090804734077,-0.160005728238513));
#15545=CARTESIAN_POINT('',(2.05498914023946,8.05090804734077,-0.790707482624478));
#15546=CARTESIAN_POINT('Origin',(2.05498914023946,7.74090804734076,-0.230707482624478));
#15547=CARTESIAN_POINT('',(2.05498914023946,8.24990804734077,-0.114619763326232));
#15548=CARTESIAN_POINT('',(2.05498914023946,8.05090804734077,-0.160005728238513));
#15549=CARTESIAN_POINT('',(2.05498914023946,8.24990804734077,-0.114619763326232));
#15550=CARTESIAN_POINT('Origin',(2.05498914023946,8.24990804734077,-1.0873949892699));
#15551=CARTESIAN_POINT('',(2.05498914023946,8.24990804734077,0.609292517375522));
#15552=CARTESIAN_POINT('',(2.05498914023946,8.24990804734077,-0.790707482624478));
#15553=CARTESIAN_POINT('',(1.88498914023946,8.24990804734077,0.609292517375522));
#15554=CARTESIAN_POINT('Origin',(1.88498914023946,7.72090804734077,0.609292517375522));
#15555=CARTESIAN_POINT('',(2.05498914023946,8.05090804734077,0.609292517375522));
#15556=CARTESIAN_POINT('',(2.05498914023946,8.05090804734077,0.609292517375522));
#15557=CARTESIAN_POINT('Origin',(-3.5359961157059,8.24990804734077,0.759292517375522));
#15558=CARTESIAN_POINT('',(-2.74501085976054,8.24990804734077,0.609292517375522));
#15559=CARTESIAN_POINT('',(-2.57501085976054,8.24990804734077,0.609292517375522));
#15560=CARTESIAN_POINT('',(-2.74501085976054,8.24990804734077,-0.114619763326232));
#15561=CARTESIAN_POINT('',(-2.74501085976054,8.24990804734077,-0.790707482624478));
#15562=CARTESIAN_POINT('',(-2.74501085976054,8.24990804734077,-0.114619763326232));
#15563=CARTESIAN_POINT('Origin',(-2.74501085976054,7.74090804734076,-0.230707482624478));
#15564=CARTESIAN_POINT('',(-2.74501085976054,8.05090804734077,-0.160005728238513));
#15565=CARTESIAN_POINT('',(-2.74501085976054,8.24990804734077,-0.114619763326232));
#15566=CARTESIAN_POINT('',(-2.74501085976054,8.05090804734077,-0.160005728238513));
#15567=CARTESIAN_POINT('Origin',(-2.74501085976054,8.05090804734077,-0.790707482624478));
#15568=CARTESIAN_POINT('',(-2.74501085976054,8.05090804734077,-0.790707482624478));
#15569=CARTESIAN_POINT('',(-0.345010859760539,8.05090804734077,-0.790707482624478));
#15570=CARTESIAN_POINT('',(-2.74501085976054,8.05090804734077,-0.790707482624478));
#15571=CARTESIAN_POINT('Origin',(-0.345010859760539,8.46090804734077,-0.790707482624478));
#15572=CARTESIAN_POINT('',(-2.74501085976054,7.45090804734077,-0.790707482624478));
#15573=CARTESIAN_POINT('',(-2.74501085976054,8.05090804734077,-0.790707482624478));
#15574=CARTESIAN_POINT('',(-3.29501085976054,7.60090804734077,-0.790707482624477));
#15575=CARTESIAN_POINT('Origin',(-3.29501085976054,7.60090804734077,-1.69070748262448));
#15576=CARTESIAN_POINT('',(-2.74501085976054,7.45090804734077,0.609292517375522));
#15577=CARTESIAN_POINT('',(-2.74501085976054,7.45090804734077,-0.790707482624478));
#15578=CARTESIAN_POINT('',(-3.21501085976054,7.57908986552258,0.609292517375522));
#15579=CARTESIAN_POINT('Origin',(-2.57501085976054,7.72090804734077,0.609292517375522));
#15580=CARTESIAN_POINT('',(-2.74501085976054,7.48596124485135,0.609292517375522));
#15581=CARTESIAN_POINT('',(-2.74501085976054,7.95585484983018,0.609292517375522));
#15582=CARTESIAN_POINT('Origin',(-2.57501085976054,7.72090804734077,0.609292517375522));
#15583=CARTESIAN_POINT('',(-2.74501085976054,8.05090804734077,0.609292517375522));
#15584=CARTESIAN_POINT('',(-2.74501085976054,8.05090804734077,0.609292517375522));
#15585=CARTESIAN_POINT('Origin',(-2.57501085976054,7.72090804734077,0.609292517375522));
#15586=CARTESIAN_POINT('',(-2.74501085976054,7.48596124485135,-0.790707482624478));
#15587=CARTESIAN_POINT('',(-2.74501085976054,7.95585484983018,-0.790707482624478));
#15588=CARTESIAN_POINT('Origin',(-1.22501085976054,8.40776505726905,0.276570911476666));
#15589=CARTESIAN_POINT('',(-1.42501085976054,8.21486679120573,0.269834755592111));
#15590=CARTESIAN_POINT('Origin',(0.534989140239462,8.40776505726905,0.276570911476666));
#15591=CARTESIAN_POINT('',(0.734989140239462,8.40776505726905,0.276570911476666));
#15592=CARTESIAN_POINT('Origin',(3.20498914023946,7.50331708273635,0.535826222199502));
#15593=CARTESIAN_POINT('',(3.10498914023946,7.50331708273635,0.029292517375523));
#15594=CARTESIAN_POINT('Origin',(3.20498914023946,7.50331708273635,0.0292925173755237));
#15595=CARTESIAN_POINT('',(3.10498914023946,7.50331708273635,0.368433880088816));
#15596=CARTESIAN_POINT('Origin',(2.85498914023947,7.807604218757,-1.2246524734335));
#15597=CARTESIAN_POINT('',(3.10498914023946,7.807604218757,-0.620707482624479));
#15598=CARTESIAN_POINT('Origin',(2.85498914023947,7.807604218757,-0.620707482624478));
#15599=CARTESIAN_POINT('',(3.10498914023947,7.807604218757,-0.970707482624476));
#15600=CARTESIAN_POINT('',(3.10498914023946,7.807604218757,0.368433880088816));
#15601=CARTESIAN_POINT('Origin',(2.85498914023946,7.807604218757,-0.970707482624477));
#15602=CARTESIAN_POINT('Origin',(3.10498914023946,7.21090804734076,0.35929251737552));
#15603=CARTESIAN_POINT('',(3.10498914023946,7.11090804734077,0.35929251737552));
#15604=CARTESIAN_POINT('',(3.10498914023946,7.21090804734076,0.259292517375519));
#15605=CARTESIAN_POINT('Origin',(3.10498914023946,7.21090804734076,0.35929251737552));
#15606=CARTESIAN_POINT('',(2.90498914023946,7.11090804734077,0.359292517375519));
#15607=CARTESIAN_POINT('',(3.10498914023946,7.11090804734077,0.35929251737552));
#15608=CARTESIAN_POINT('',(2.90498914023946,7.21090804734076,0.259292517375519));
#15609=CARTESIAN_POINT('Origin',(2.90498914023946,7.21090804734076,0.359292517375519));
#15610=CARTESIAN_POINT('',(3.10498914023946,7.21090804734076,0.259292517375519));
#15611=CARTESIAN_POINT('Origin',(3.10498914023946,7.56090804734077,0.259292517375519));
#15612=CARTESIAN_POINT('',(2.90498914023946,7.56090804734077,0.259292517375519));
#15613=CARTESIAN_POINT('',(3.10498914023946,7.56090804734077,0.25929251737552));
#15614=CARTESIAN_POINT('',(3.10498914023946,7.56090804734077,0.25929251737552));
#15615=CARTESIAN_POINT('',(3.10498914023946,8.26090804734076,0.259292517375519));
#15616=CARTESIAN_POINT('',(2.90498914023946,8.26090804734076,0.259292517375519));
#15617=CARTESIAN_POINT('Origin',(3.10498914023946,7.56090804734077,0.159292517375519));
#15618=CARTESIAN_POINT('',(2.90498914023946,7.66090804734077,0.159292517375518));
#15619=CARTESIAN_POINT('',(3.10498914023946,7.66090804734077,0.159292517375519));
#15620=CARTESIAN_POINT('',(3.10498914023946,7.66090804734077,0.159292517375518));
#15621=CARTESIAN_POINT('Origin',(3.10498914023946,7.56090804734077,0.15929251737552));
#15622=CARTESIAN_POINT('Origin',(2.90498914023946,7.56090804734077,0.159292517375519));
#15623=CARTESIAN_POINT('Origin',(3.10498914023946,7.66090804734077,0.159292517375519));
#15624=CARTESIAN_POINT('',(2.90498914023946,7.66090804734077,0.129292517375522));
#15625=CARTESIAN_POINT('',(3.10498914023946,7.66090804734077,0.129292517375523));
#15626=CARTESIAN_POINT('',(3.10498914023946,7.66090804734077,0.129292517375523));
#15627=CARTESIAN_POINT('',(3.10498914023946,7.66090804734077,0.368433880088816));
#15628=CARTESIAN_POINT('',(2.90498914023946,7.66090804734077,0.368433880088815));
#15629=CARTESIAN_POINT('Origin',(3.10498914023946,7.56090804734077,0.129292517375523));
#15630=CARTESIAN_POINT('',(2.90498914023946,7.56090804734077,0.0292925173755223));
#15631=CARTESIAN_POINT('',(3.10498914023946,7.56090804734077,0.029292517375523));
#15632=CARTESIAN_POINT('',(3.10498914023946,7.56090804734077,0.0292925173755229));
#15633=CARTESIAN_POINT('Origin',(3.10498914023946,7.56090804734076,0.129292517375524));
#15634=CARTESIAN_POINT('Origin',(2.90498914023946,7.56090804734077,0.129292517375522));
#15635=CARTESIAN_POINT('Origin',(3.10498914023946,7.56090804734077,0.0292925173755229));
#15636=CARTESIAN_POINT('',(2.90498914023946,7.50331708273635,0.0292925173755224));
#15637=CARTESIAN_POINT('',(2.90498914023946,8.26090804734076,0.0292925173755223));
#15638=CARTESIAN_POINT('Origin',(3.20498914023946,7.50331708273635,0.0292925173755233));
#15639=CARTESIAN_POINT('',(3.10498914023946,8.26090804734076,0.0292925173755229));
#15640=CARTESIAN_POINT('Origin',(3.20498914023946,7.50331708273635,0.535826222199502));
#15641=CARTESIAN_POINT('',(2.90498914023946,7.50331708273635,0.368433880088815));
#15642=CARTESIAN_POINT('Origin',(3.10498914023947,7.50090804734077,-0.970707482624477));
#15643=CARTESIAN_POINT('',(2.90498914023947,7.60090804734077,-0.970707482624477));
#15644=CARTESIAN_POINT('Origin',(2.90498914023947,7.50090804734077,-0.970707482624477));
#15645=CARTESIAN_POINT('',(3.10498914023947,7.60090804734077,-0.970707482624477));
#15646=CARTESIAN_POINT('',(3.10498914023947,7.60090804734077,-0.970707482624476));
#15647=CARTESIAN_POINT('Origin',(3.10498914023947,7.50090804734077,-0.970707482624476));
#15648=CARTESIAN_POINT('Origin',(3.10498914023947,7.60090804734077,-0.970707482624476));
#15649=CARTESIAN_POINT('',(2.90498914023947,7.807604218757,-0.970707482624477));
#15650=CARTESIAN_POINT('',(2.90498914023947,8.26090804734076,-0.970707482624477));
#15651=CARTESIAN_POINT('Origin',(2.85498914023947,7.807604218757,-0.970707482624477));
#15652=CARTESIAN_POINT('',(3.10498914023947,8.26090804734076,-0.970707482624477));
#15653=CARTESIAN_POINT('Origin',(2.85498914023947,7.807604218757,-1.2246524734335));
#15654=CARTESIAN_POINT('',(2.90498914023947,7.807604218757,-0.620707482624477));
#15655=CARTESIAN_POINT('Origin',(2.85498914023947,7.807604218757,-0.620707482624478));
#15656=CARTESIAN_POINT('',(2.90498914023947,7.807604218757,-0.970707482624477));
#15657=CARTESIAN_POINT('Origin',(3.10498914023947,7.73090804734077,-0.620707482624477));
#15658=CARTESIAN_POINT('',(3.10498914023947,7.73090804734077,-0.620707482624477));
#15659=CARTESIAN_POINT('',(3.10498914023947,8.26090804734076,-0.620707482624481));
#15660=CARTESIAN_POINT('',(2.90498914023947,7.73090804734077,-0.620707482624477));
#15661=CARTESIAN_POINT('',(2.90498914023947,8.26090804734076,-0.620707482624477));
#15662=CARTESIAN_POINT('',(3.10498914023947,7.73090804734077,-0.620707482624477));
#15663=CARTESIAN_POINT('Origin',(3.10498914023947,7.73090804734077,-0.520707482624477));
#15664=CARTESIAN_POINT('',(2.90498914023946,7.6967060330082,-0.426738220545886));
#15665=CARTESIAN_POINT('',(3.10498914023946,7.6967060330082,-0.426738220545885));
#15666=CARTESIAN_POINT('',(3.10498914023946,7.6967060330082,-0.426738220545886));
#15667=CARTESIAN_POINT('Origin',(3.10498914023947,7.73090804734077,-0.520707482624476));
#15668=CARTESIAN_POINT('Origin',(2.90498914023947,7.73090804734077,-0.520707482624477));
#15669=CARTESIAN_POINT('Origin',(3.10498914023946,7.87336311338026,-0.362440301618083));
#15670=CARTESIAN_POINT('',(3.10498914023946,7.87336311338026,-0.362440301618083));
#15671=CARTESIAN_POINT('',(2.90498914023946,7.87336311338026,-0.362440301618084));
#15672=CARTESIAN_POINT('',(3.10498914023946,7.87336311338026,-0.362440301618083));
#15673=CARTESIAN_POINT('',(3.10498914023946,7.6967060330082,-0.426738220545885));
#15674=CARTESIAN_POINT('',(2.90498914023947,7.6967060330082,-0.426738220545886));
#15675=CARTESIAN_POINT('Origin',(3.10498914023946,7.77075707038257,-0.0805325153823096));
#15676=CARTESIAN_POINT('',(3.10498914023946,8.0305646915179,-0.230532515382309));
#15677=CARTESIAN_POINT('Origin',(3.10498914023946,7.77075707038257,-0.0805325153823093));
#15678=CARTESIAN_POINT('',(2.90498914023946,8.0305646915179,-0.23053251538231));
#15679=CARTESIAN_POINT('Origin',(2.90498914023947,7.77075707038257,-0.0805325153823093));
#15680=CARTESIAN_POINT('',(3.10498914023946,8.0305646915179,-0.23053251538231));
#15681=CARTESIAN_POINT('Origin',(3.10498914023946,8.0305646915179,-0.230532515382309));
#15682=CARTESIAN_POINT('',(3.10498914023946,8.34751058771921,0.318433880088817));
#15683=CARTESIAN_POINT('',(2.90498914023946,8.34751058771921,0.318433880088816));
#15684=CARTESIAN_POINT('',(3.10498914023946,8.34751058771921,0.318433880088818));
#15685=CARTESIAN_POINT('',(3.10498914023946,8.0305646915179,-0.230532515382309));
#15686=CARTESIAN_POINT('',(2.90498914023946,8.0305646915179,-0.23053251538231));
#15687=CARTESIAN_POINT('Origin',(3.10498914023946,8.26090804734076,0.368433880088816));
#15688=CARTESIAN_POINT('',(3.10498914023946,8.36090804734076,0.368433880088816));
#15689=CARTESIAN_POINT('Origin',(3.10498914023946,8.26090804734077,0.368433880088815));
#15690=CARTESIAN_POINT('',(2.90498914023946,8.36090804734076,0.368433880088815));
#15691=CARTESIAN_POINT('Origin',(2.90498914023947,8.26090804734077,0.368433880088815));
#15692=CARTESIAN_POINT('',(3.10498914023946,8.36090804734076,0.368433880088815));
#15693=CARTESIAN_POINT('Origin',(2.64498914023946,7.31090804734077,0.509292517375522));
#15694=CARTESIAN_POINT('',(3.10498914023946,7.21090804734076,0.509292517375522));
#15695=CARTESIAN_POINT('',(2.90498914023946,7.21090804734076,0.509292517375522));
#15696=CARTESIAN_POINT('',(-0.345010859760539,7.21090804734076,0.509292517375522));
#15697=CARTESIAN_POINT('',(2.90498914023946,7.11090804734077,0.509292517375522));
#15698=CARTESIAN_POINT('',(2.90498914023946,8.26090804734076,0.509292517375522));
#15699=CARTESIAN_POINT('',(3.10498914023946,7.11090804734077,0.509292517375522));
#15700=CARTESIAN_POINT('',(3.10498914023946,7.11090804734077,0.509292517375522));
#15701=CARTESIAN_POINT('',(3.10498914023946,8.26090804734076,0.509292517375522));
#15702=CARTESIAN_POINT('Origin',(3.10498914023946,7.11090804734077,0.35929251737552));
#15703=CARTESIAN_POINT('',(2.90498914023946,7.11090804734077,0.368433880088815));
#15704=CARTESIAN_POINT('',(3.10498914023946,7.11090804734077,0.368433880088816));
#15705=CARTESIAN_POINT('Origin',(-1.54501085976054,7.41090804734077,0.959292517375522));
#15706=CARTESIAN_POINT('',(-1.54501085976054,7.61090804734077,0.959292517375522));
#15707=CARTESIAN_POINT('',(-1.54501085976054,7.61090804734076,0.959292517375522));
#15708=CARTESIAN_POINT('',(-1.74501085976054,7.41090804734077,0.959292517375522));
#15709=CARTESIAN_POINT('Origin',(-1.54501085976054,7.41090804734077,0.959292517375522));
#15710=CARTESIAN_POINT('',(-1.74501085976054,7.41090804734077,0.959292517375522));
#15711=CARTESIAN_POINT('Origin',(0.854989140239462,7.61090804734077,0.959292517375522));
#15712=CARTESIAN_POINT('',(0.854989140239462,7.61090804734077,0.959292517375522));
#15713=CARTESIAN_POINT('',(0.854989140239462,7.61090804734077,0.959292517375522));
#15714=CARTESIAN_POINT('',(0.834989140239462,7.61090804734077,0.959292517375522));
#15715=CARTESIAN_POINT('Origin',(0.854989140239462,7.41090804734077,0.959292517375522));
#15716=CARTESIAN_POINT('',(1.05498914023946,7.41090804734077,0.959292517375522));
#15717=CARTESIAN_POINT('',(1.05498914023946,7.41090804734077,0.959292517375522));
#15718=CARTESIAN_POINT('Origin',(0.854989140239462,7.41090804734077,0.959292517375522));
#15719=CARTESIAN_POINT('Origin',(1.05498914023946,6.71090804734077,0.959292517375522));
#15720=CARTESIAN_POINT('',(1.05498914023946,6.01090804734077,0.959292517375522));
#15721=CARTESIAN_POINT('',(1.05498914023946,6.01090804734077,0.959292517375522));
#15722=CARTESIAN_POINT('',(1.05498914023946,8.09090804734077,0.959292517375522));
#15723=CARTESIAN_POINT('Origin',(0.854989140239462,6.01090804734077,0.959292517375522));
#15724=CARTESIAN_POINT('',(0.854989140239462,5.81090804734076,0.959292517375522));
#15725=CARTESIAN_POINT('',(0.854989140239462,5.81090804734076,0.959292517375522));
#15726=CARTESIAN_POINT('Origin',(0.854989140239461,6.01090804734077,0.959292517375522));
#15727=CARTESIAN_POINT('Origin',(0.854989140239462,5.81090804734076,0.959292517375522));
#15728=CARTESIAN_POINT('',(-1.54501085976054,5.81090804734076,0.959292517375522));
#15729=CARTESIAN_POINT('',(-1.54501085976054,5.81090804734076,0.959292517375522));
#15730=CARTESIAN_POINT('',(0.834989140239462,5.81090804734076,0.959292517375522));
#15731=CARTESIAN_POINT('Origin',(-1.54501085976054,6.01090804734077,0.959292517375522));
#15732=CARTESIAN_POINT('',(-1.74501085976054,6.01090804734077,0.959292517375522));
#15733=CARTESIAN_POINT('',(-1.74501085976054,6.01090804734077,0.959292517375522));
#15734=CARTESIAN_POINT('Origin',(-1.54501085976054,6.01090804734077,0.959292517375522));
#15735=CARTESIAN_POINT('Origin',(-1.74501085976054,6.71090804734077,0.959292517375522));
#15736=CARTESIAN_POINT('',(-1.74501085976054,8.09090804734077,0.959292517375522));
#15737=CARTESIAN_POINT('Origin',(0.734989140239461,8.09421726100029,0.659292517375522));
#15738=CARTESIAN_POINT('',(-1.42501085976054,8.09421726100029,0.959292517375522));
#15739=CARTESIAN_POINT('Origin',(-1.42501085976054,8.09421726100029,0.659292517375522));
#15740=CARTESIAN_POINT('',(0.734989140239461,8.09421726100029,0.959292517375522));
#15741=CARTESIAN_POINT('',(0.834989140239462,8.09421726100029,0.959292517375522));
#15742=CARTESIAN_POINT('Origin',(0.734989140239461,8.09421726100029,0.659292517375522));
#15743=CARTESIAN_POINT('Origin',(0.734989140239462,5.32759883368124,0.659292517375522));
#15744=CARTESIAN_POINT('',(0.734989140239462,5.32759883368124,0.959292517375522));
#15745=CARTESIAN_POINT('Origin',(0.734989140239462,5.32759883368124,0.659292517375524));
#15746=CARTESIAN_POINT('',(-1.42501085976054,5.32759883368124,0.959292517375522));
#15747=CARTESIAN_POINT('',(0.834989140239462,5.32759883368124,0.959292517375522));
#15748=CARTESIAN_POINT('Origin',(-1.42501085976054,5.32759883368123,0.659292517375524));
#15749=CARTESIAN_POINT('Origin',(-1.30952925485413,5.09448669110345,-0.00570748262447899));
#15750=CARTESIAN_POINT('',(-1.30952925485413,5.09448669110346,-0.040707482624478));
#15751=CARTESIAN_POINT('',(-1.42199186722648,5.2069493034758,-0.040707482624478));
#15752=CARTESIAN_POINT('',(-1.30952925485413,5.09448669110346,-0.00570748262447985));
#15753=CARTESIAN_POINT('Origin',(-1.16810789861682,5.23590804734076,-0.00570748262447985));
#15754=CARTESIAN_POINT('',(-1.16810789861682,5.03590804734076,-0.040707482624478));
#15755=CARTESIAN_POINT('Origin',(-1.16810789861682,5.23590804734076,-0.040707482624478));
#15756=CARTESIAN_POINT('',(-1.16810789861682,5.03590804734076,-0.00570748262447899));
#15757=CARTESIAN_POINT('Origin',(-1.16810789861682,5.03590804734076,-0.00570748262447899));
#15758=CARTESIAN_POINT('',(0.478086179095736,5.03590804734076,-0.040707482624478));
#15759=CARTESIAN_POINT('',(0.478086179095736,5.03590804734076,-0.00570748262447899));
#15760=CARTESIAN_POINT('',(0.904989140239462,5.03590804734076,-0.040707482624478));
#15761=CARTESIAN_POINT('Origin',(0.478086179095739,5.23590804734076,-0.00570748262447899));
#15762=CARTESIAN_POINT('',(0.619507535333046,5.09448669110345,-0.040707482624478));
#15763=CARTESIAN_POINT('Origin',(0.478086179095742,5.23590804734076,-0.0407074826244779));
#15764=CARTESIAN_POINT('',(0.619507535333045,5.09448669110345,-0.00570748262447942));
#15765=CARTESIAN_POINT('Origin',(0.619507535333045,5.09448669110345,-0.00570748262447942));
#15766=CARTESIAN_POINT('',(0.619507535333045,5.09448669110345,-0.040707482624478));
#15767=CARTESIAN_POINT('Origin',(-0.345010859760539,8.46090804734077,0.759292517375522));
#15768=CARTESIAN_POINT('',(-2.74501085976054,8.05090804734077,0.759292517375522));
#15769=CARTESIAN_POINT('',(-2.74501085976054,8.05090804734077,0.759292517375522));
#15770=CARTESIAN_POINT('Origin',(-3.49501085976054,7.11090804734077,0.659292517375522));
#15771=CARTESIAN_POINT('',(-3.79501085976054,7.31090804734077,0.659292517375523));
#15772=CARTESIAN_POINT('',(-3.79501085976054,8.36090804734076,0.659292517375524));
#15773=CARTESIAN_POINT('',(-3.79501085976054,8.26090804734076,0.659292517375524));
#15774=CARTESIAN_POINT('',(-3.49501085976054,7.31090804734077,0.959292517375522));
#15775=CARTESIAN_POINT('Origin',(-3.49501085976054,7.31090804734076,0.659292517375523));
#15776=CARTESIAN_POINT('',(-3.49501085976054,8.36090804734076,0.959292517375523));
#15777=CARTESIAN_POINT('',(-3.49501085976054,8.09090804734077,0.959292517375522));
#15778=CARTESIAN_POINT('Origin',(-3.49501085976054,8.36090804734076,0.659292517375523));
#15779=CARTESIAN_POINT('Origin',(-3.79501085976054,8.26090804734076,0.368433880088816));
#15780=CARTESIAN_POINT('',(-3.79501085976054,7.31090804734077,0.609292517375522));
#15781=CARTESIAN_POINT('Origin',(-3.79501085976054,7.21090804734076,0.609292517375522));
#15782=CARTESIAN_POINT('',(-3.79501085976054,7.31090804734077,0.759292517375523));
#15783=CARTESIAN_POINT('',(-3.79501085976054,8.36090804734076,0.368433880088816));
#15784=CARTESIAN_POINT('Origin',(-0.345010859760539,7.21090804734076,0.609292517375522));
#15785=CARTESIAN_POINT('',(-3.59501085976054,7.31090804734077,0.609292517375522));
#15786=CARTESIAN_POINT('',(-0.345010859760539,7.31090804734077,0.609292517375522));
#15787=CARTESIAN_POINT('Origin',(-3.59501085976054,7.21090804734076,0.609292517375522));
#15788=CARTESIAN_POINT('Origin',(-3.59501085976054,8.26090804734076,0.368433880088815));
#15789=CARTESIAN_POINT('',(-3.59501085976054,8.36090804734076,0.659292517375523));
#15790=CARTESIAN_POINT('',(-3.59501085976054,8.36090804734076,0.368433880088815));
#15791=CARTESIAN_POINT('',(-3.59501085976054,7.31090804734077,0.659292517375522));
#15792=CARTESIAN_POINT('',(-3.59501085976054,7.11090804734077,0.659292517375522));
#15793=CARTESIAN_POINT('',(-3.59501085976054,7.31090804734077,0.759292517375523));
#15794=CARTESIAN_POINT('Origin',(-1.22501085976054,5.01405103741248,0.276570911476666));
#15795=CARTESIAN_POINT('',(-1.42501085976054,5.01405103741248,0.276570911476666));
#15796=CARTESIAN_POINT('Origin',(-2.83501085976054,5.81090804734076,-0.0867074826244775));
#15797=CARTESIAN_POINT('',(-2.63501085976054,5.91090804734077,-0.0867074826244782));
#15798=CARTESIAN_POINT('',(-2.83501085976054,5.91090804734077,-0.0867074826244777));
#15799=CARTESIAN_POINT('',(-2.83501085976054,5.91090804734077,-0.0867074826244781));
#15800=CARTESIAN_POINT('',(-2.83501085976054,5.81090804734076,-0.186707482624478));
#15801=CARTESIAN_POINT('Origin',(-2.83501085976054,5.81090804734076,-0.0867074826244767));
#15802=CARTESIAN_POINT('',(-2.63501085976054,5.81090804734076,-0.186707482624478));
#15803=CARTESIAN_POINT('',(-2.83501085976054,5.81090804734076,-0.186707482624478));
#15804=CARTESIAN_POINT('Origin',(-2.63501085976054,5.81090804734076,-0.0867074826244786));
#15805=CARTESIAN_POINT('Origin',(-2.83501085976054,5.91090804734077,0.0656433500651519));
#15806=CARTESIAN_POINT('',(-2.63501085976054,5.91090804734077,0.0656433500651512));
#15807=CARTESIAN_POINT('',(-2.83501085976054,5.91090804734077,0.0656433500651519));
#15808=CARTESIAN_POINT('',(-2.83501085976054,5.91090804734077,0.0656433500651519));
#15809=CARTESIAN_POINT('',(-2.83501085976054,5.91090804734077,0.259292517375523));
#15810=CARTESIAN_POINT('',(-2.63501085976054,5.91090804734077,0.259292517375522));
#15811=CARTESIAN_POINT('Origin',(-2.83501085976054,5.81090804734076,0.0656433500651519));
#15812=CARTESIAN_POINT('',(-2.83501085976054,5.83590804734077,0.162467933720337));
#15813=CARTESIAN_POINT('',(-2.63501085976054,5.83590804734077,0.162467933720337));
#15814=CARTESIAN_POINT('',(-2.83501085976054,5.83590804734077,0.162467933720337));
#15815=CARTESIAN_POINT('Origin',(-2.83501085976054,5.81090804734077,0.0656433500651527));
#15816=CARTESIAN_POINT('Origin',(-2.63501085976054,5.81090804734076,0.0656433500651512));
#15817=CARTESIAN_POINT('Origin',(-2.83501085976054,5.86090804734076,0.259292517375523));
#15818=CARTESIAN_POINT('',(-2.83501085976054,5.76090804734076,0.259292517375523));
#15819=CARTESIAN_POINT('Origin',(-2.83501085976054,5.86090804734076,0.259292517375522));
#15820=CARTESIAN_POINT('',(-2.63501085976054,5.76090804734076,0.259292517375522));
#15821=CARTESIAN_POINT('Origin',(-2.63501085976054,5.86090804734076,0.259292517375521));
#15822=CARTESIAN_POINT('',(-2.83501085976054,5.76090804734076,0.259292517375522));
#15823=CARTESIAN_POINT('Origin',(-2.83501085976054,6.16090804734077,-0.530707482624477));
#15824=CARTESIAN_POINT('',(-2.83501085976054,6.26090804734076,-0.530707482624477));
#15825=CARTESIAN_POINT('',(-2.83501085976054,6.16090804734077,-0.630707482624478));
#15826=CARTESIAN_POINT('Origin',(-2.83501085976054,6.16090804734077,-0.530707482624477));
#15827=CARTESIAN_POINT('',(-2.63501085976054,6.26090804734076,-0.530707482624478));
#15828=CARTESIAN_POINT('',(-2.83501085976054,6.26090804734076,-0.530707482624477));
#15829=CARTESIAN_POINT('',(-2.63501085976054,6.16090804734077,-0.630707482624478));
#15830=CARTESIAN_POINT('Origin',(-2.63501085976054,6.16090804734077,-0.530707482624478));
#15831=CARTESIAN_POINT('',(-2.83501085976054,6.16090804734077,-0.630707482624478));
#15832=CARTESIAN_POINT('Origin',(-2.83501085976054,5.91090804734077,-0.630707482624478));
#15833=CARTESIAN_POINT('',(-2.63501085976054,5.91090804734077,-0.630707482624478));
#15834=CARTESIAN_POINT('',(-2.83501085976054,5.91090804734077,-0.630707482624478));
#15835=CARTESIAN_POINT('',(-2.83501085976054,5.91090804734077,-0.630707482624478));
#15836=CARTESIAN_POINT('',(-2.83501085976054,5.86090804734076,-0.630707482624478));
#15837=CARTESIAN_POINT('',(-2.63501085976054,5.86090804734076,-0.630707482624478));
#15838=CARTESIAN_POINT('Origin',(-2.83501085976054,5.91090804734077,-0.586707482624478));
#15839=CARTESIAN_POINT('',(-2.63501085976054,5.91090804734077,-0.586707482624478));
#15840=CARTESIAN_POINT('',(-2.83501085976054,5.91090804734077,-0.586707482624478));
#15841=CARTESIAN_POINT('',(-2.83501085976054,5.91090804734077,-0.586707482624478));
#15842=CARTESIAN_POINT('',(-2.83501085976054,5.91090804734077,0.259292517375523));
#15843=CARTESIAN_POINT('',(-2.63501085976054,5.91090804734077,0.259292517375522));
#15844=CARTESIAN_POINT('Origin',(-2.83501085976054,5.81090804734076,-0.586707482624478));
#15845=CARTESIAN_POINT('',(-2.63501085976054,5.81090804734076,-0.486707482624478));
#15846=CARTESIAN_POINT('',(-2.83501085976054,5.81090804734076,-0.486707482624477));
#15847=CARTESIAN_POINT('',(-2.83501085976054,5.81090804734076,-0.486707482624477));
#15848=CARTESIAN_POINT('Origin',(-2.83501085976054,5.81090804734076,-0.586707482624477));
#15849=CARTESIAN_POINT('Origin',(-2.63501085976054,5.81090804734076,-0.586707482624478));
#15850=CARTESIAN_POINT('Origin',(2.05498914023946,8.05090804734077,-0.790707482624478));
#15851=CARTESIAN_POINT('',(2.05498914023946,7.16090804734077,-0.510707482624478));
#15852=CARTESIAN_POINT('',(2.05498914023946,7.11090804734077,-0.460707482624478));
#15853=CARTESIAN_POINT('Origin',(2.05498914023946,7.11090804734077,-0.510707482624478));
#15854=CARTESIAN_POINT('',(2.05498914023946,7.16090804734077,-0.79048931508367));
#15855=CARTESIAN_POINT('',(2.05498914023946,7.16090804734077,-0.790707482624478));
#15856=CARTESIAN_POINT('',(2.05498914023946,7.16660145415443,-1.44288911649907));
#15857=CARTESIAN_POINT('',(2.05498914023946,7.16660145415443,-1.44288911649907));
#15858=CARTESIAN_POINT('',(2.05498914023946,7.41659193492048,-1.69070748262448));
#15859=CARTESIAN_POINT('Origin',(2.05498914023946,7.41659193492048,-1.44070748262448));
#15860=CARTESIAN_POINT('',(2.05498914023946,8.31090804734077,-1.69070748262448));
#15861=CARTESIAN_POINT('',(2.05498914023946,8.05090804734077,-1.69070748262448));
#15862=CARTESIAN_POINT('',(2.05498914023946,8.31090804734077,0.759292517375522));
#15863=CARTESIAN_POINT('',(2.05498914023946,8.31090804734077,-1.69073248262448));
#15864=CARTESIAN_POINT('',(2.05498914023946,8.05090804734077,0.759292517375522));
#15865=CARTESIAN_POINT('',(2.05498914023946,8.46090804734077,0.759292517375522));
#15866=CARTESIAN_POINT('',(2.05498914023946,8.46090804734077,0.759292517375522));
#15867=CARTESIAN_POINT('',(2.05498914023946,7.25090804734076,0.759292517375522));
#15868=CARTESIAN_POINT('',(2.05498914023946,8.05090804734077,0.759292517375522));
#15869=CARTESIAN_POINT('',(2.05498914023946,7.25090804734076,0.709292517375522));
#15870=CARTESIAN_POINT('',(2.05498914023946,7.25090804734076,-0.790707482624478));
#15871=CARTESIAN_POINT('',(2.05498914023946,6.34090804734076,0.709292517375522));
#15872=CARTESIAN_POINT('',(2.05498914023946,8.05090804734077,0.709292517375522));
#15873=CARTESIAN_POINT('',(2.05498914023946,6.34090804734076,-0.460707482624478));
#15874=CARTESIAN_POINT('',(2.05498914023946,6.34090804734076,-0.790707482624478));
#15875=CARTESIAN_POINT('',(2.05498914023946,8.05090804734077,-0.460707482624478));
#15876=CARTESIAN_POINT('Origin',(-2.74501085976054,8.05090804734077,-0.790707482624478));
#15877=CARTESIAN_POINT('',(-2.74501085976054,7.16660145415443,-1.44288911649907));
#15878=CARTESIAN_POINT('',(-2.74501085976054,7.41659193492048,-1.69070748262448));
#15879=CARTESIAN_POINT('Origin',(-2.74501085976054,7.41659193492048,-1.44070748262448));
#15880=CARTESIAN_POINT('',(-2.74501085976054,7.15950984464745,-0.63027115584956));
#15881=CARTESIAN_POINT('',(-2.74501085976054,7.15950984464745,-0.63027115584956));
#15882=CARTESIAN_POINT('',(-2.74501085976054,7.10951174849424,-0.580707482624478));
#15883=CARTESIAN_POINT('Origin',(-2.74501085976054,7.10951174849425,-0.630707482624477));
#15884=CARTESIAN_POINT('',(-2.74501085976054,6.34090804734076,-0.580707482624478));
#15885=CARTESIAN_POINT('',(-2.74501085976054,8.05090804734077,-0.580707482624478));
#15886=CARTESIAN_POINT('',(-2.74501085976054,6.34090804734076,0.709292517375522));
#15887=CARTESIAN_POINT('',(-2.74501085976054,6.34090804734076,-0.790707482624478));
#15888=CARTESIAN_POINT('',(-2.74501085976054,7.25090804734076,0.709292517375522));
#15889=CARTESIAN_POINT('',(-2.74501085976054,8.05090804734077,0.709292517375522));
#15890=CARTESIAN_POINT('',(-2.74501085976054,7.25090804734076,0.759292517375522));
#15891=CARTESIAN_POINT('',(-2.74501085976054,7.25090804734076,-0.790707482624478));
#15892=CARTESIAN_POINT('',(-2.74501085976054,8.05090804734077,0.759292517375522));
#15893=CARTESIAN_POINT('',(-2.74501085976054,8.31090804734077,0.759292517375522));
#15894=CARTESIAN_POINT('',(-2.74501085976054,8.05090804734077,0.759292517375522));
#15895=CARTESIAN_POINT('',(-2.74501085976054,8.31090804734077,-1.69070748262448));
#15896=CARTESIAN_POINT('',(-2.74501085976054,8.31090804734077,-1.69073248262448));
#15897=CARTESIAN_POINT('',(-2.74501085976054,8.05090804734077,-1.69070748262448));
#15898=CARTESIAN_POINT('Origin',(-0.345010859760539,7.21090804734076,0.609292517375522));
#15899=CARTESIAN_POINT('',(3.10498914023946,7.31090804734077,0.609292517375522));
#15900=CARTESIAN_POINT('Origin',(3.10498914023946,7.21090804734076,0.609292517375523));
#15901=CARTESIAN_POINT('',(2.90498914023946,7.31090804734077,0.609292517375522));
#15902=CARTESIAN_POINT('',(-0.345010859760539,7.31090804734077,0.609292517375522));
#15903=CARTESIAN_POINT('Origin',(2.90498914023946,7.21090804734076,0.609292517375522));
#15904=CARTESIAN_POINT('Origin',(3.10498914023946,8.26090804734076,0.368433880088816));
#15905=CARTESIAN_POINT('',(3.10498914023946,7.31090804734077,0.659292517375524));
#15906=CARTESIAN_POINT('',(3.10498914023946,7.31090804734077,0.759292517375523));
#15907=CARTESIAN_POINT('',(3.10498914023946,8.36090804734076,0.659292517375524));
#15908=CARTESIAN_POINT('',(3.10498914023946,8.36090804734076,0.368433880088816));
#15909=CARTESIAN_POINT('',(3.10498914023946,7.11090804734077,0.659292517375523));
#15910=CARTESIAN_POINT('Origin',(2.80498914023946,7.11090804734077,0.659292517375522));
#15911=CARTESIAN_POINT('',(2.80498914023946,8.36090804734076,0.959292517375522));
#15912=CARTESIAN_POINT('Origin',(2.80498914023946,8.36090804734077,0.659292517375523));
#15913=CARTESIAN_POINT('',(2.80498914023946,7.31090804734077,0.959292517375522));
#15914=CARTESIAN_POINT('',(2.80498914023946,8.09090804734077,0.959292517375522));
#15915=CARTESIAN_POINT('Origin',(2.80498914023946,7.31090804734076,0.659292517375522));
#15916=CARTESIAN_POINT('Origin',(2.90498914023946,8.26090804734076,0.368433880088815));
#15917=CARTESIAN_POINT('',(2.90498914023946,7.31090804734077,0.659292517375523));
#15918=CARTESIAN_POINT('',(2.90498914023946,7.31090804734077,0.759292517375523));
#15919=CARTESIAN_POINT('',(2.90498914023946,8.36090804734076,0.659292517375523));
#15920=CARTESIAN_POINT('',(2.90498914023946,7.11090804734077,0.659292517375522));
#15921=CARTESIAN_POINT('',(2.90498914023946,8.36090804734076,0.368433880088815));
#15922=CARTESIAN_POINT('Origin',(0.834989140239462,8.09090804734077,0.959292517375522));
#15923=CARTESIAN_POINT('',(2.74498914023946,7.31090804734077,0.959292517375522));
#15924=CARTESIAN_POINT('',(-0.345010859760539,7.31090804734077,0.959292517375522));
#15925=CARTESIAN_POINT('',(2.57819422099635,8.36090804734076,0.959292517375522));
#15926=CARTESIAN_POINT('',(2.80498914023946,8.36090804734076,0.959292517375523));
#15927=CARTESIAN_POINT('',(2.49159168061791,8.31090804734077,0.959292517375522));
#15928=CARTESIAN_POINT('Origin',(2.57819422099635,8.26090804734076,0.959292517375522));
#15929=CARTESIAN_POINT('',(2.40498914023946,8.26090804734076,0.959292517375522));
#15930=CARTESIAN_POINT('Origin',(2.40498914023946,8.36090804734076,0.959292517375522));
#15931=CARTESIAN_POINT('',(2.15498914023946,8.26090804734076,0.959292517375522));
#15932=CARTESIAN_POINT('',(2.40498914023946,8.26090804734076,0.959292517375522));
#15933=CARTESIAN_POINT('',(2.05498914023946,8.36090804734076,0.959292517375522));
#15934=CARTESIAN_POINT('Origin',(2.15498914023946,8.36090804734077,0.959292517375522));
#15935=CARTESIAN_POINT('',(1.45498914023946,8.36090804734076,0.959292517375522));
#15936=CARTESIAN_POINT('',(2.80498914023946,8.36090804734076,0.959292517375523));
#15937=CARTESIAN_POINT('',(1.45498914023946,8.20800685449262,0.959292517375522));
#15938=CARTESIAN_POINT('',(1.45498914023946,8.20800685449262,0.959292517375522));
#15939=CARTESIAN_POINT('',(1.37695800334037,8.11044985036655,0.959292517375522));
#15940=CARTESIAN_POINT('Origin',(1.35498914023946,8.20800685449262,0.959292517375522));
#15941=CARTESIAN_POINT('',(0.856958003340367,7.9933510432147,0.959292517375522));
#15942=CARTESIAN_POINT('',(0.856958003340367,7.9933510432147,0.959292517375522));
#15943=CARTESIAN_POINT('',(0.734989140239462,8.09090804734077,0.959292517375522));
#15944=CARTESIAN_POINT('Origin',(0.834989140239461,8.09090804734077,0.959292517375522));
#15945=CARTESIAN_POINT('',(0.734989140239462,8.34090804734076,0.959292517375522));
#15946=CARTESIAN_POINT('',(-1.42501085976054,8.09090804734077,0.959292517375522));
#15947=CARTESIAN_POINT('',(-1.42501085976054,8.34090804734076,0.959292517375522));
#15948=CARTESIAN_POINT('',(-1.54697972286144,7.9933510432147,0.959292517375522));
#15949=CARTESIAN_POINT('Origin',(-1.52501085976054,8.09090804734077,0.959292517375522));
#15950=CARTESIAN_POINT('',(-2.06697972286144,8.11044985036655,0.959292517375522));
#15951=CARTESIAN_POINT('',(-1.54697972286144,7.9933510432147,0.959292517375522));
#15952=CARTESIAN_POINT('',(-2.14501085976054,8.20800685449262,0.959292517375522));
#15953=CARTESIAN_POINT('Origin',(-2.04501085976054,8.20800685449262,0.959292517375522));
#15954=CARTESIAN_POINT('',(-2.14501085976054,8.36090804734076,0.959292517375522));
#15955=CARTESIAN_POINT('',(-2.14501085976054,8.20800685449262,0.959292517375522));
#15956=CARTESIAN_POINT('',(-2.74501085976054,8.36090804734076,0.959292517375522));
#15957=CARTESIAN_POINT('',(-3.49501085976054,8.36090804734076,0.959292517375522));
#15958=CARTESIAN_POINT('',(-2.84501085976054,8.26090804734076,0.959292517375522));
#15959=CARTESIAN_POINT('Origin',(-2.84501085976054,8.36090804734077,0.959292517375523));
#15960=CARTESIAN_POINT('',(-3.09501085976054,8.26090804734076,0.959292517375522));
#15961=CARTESIAN_POINT('',(-3.09501085976054,8.26090804734076,0.959292517375522));
#15962=CARTESIAN_POINT('',(-3.18161340013898,8.31090804734077,0.959292517375522));
#15963=CARTESIAN_POINT('Origin',(-3.09501085976054,8.36090804734077,0.959292517375523));
#15964=CARTESIAN_POINT('',(-3.26821594051743,8.36090804734076,0.959292517375522));
#15965=CARTESIAN_POINT('Origin',(-3.26821594051743,8.26090804734076,0.959292517375523));
#15966=CARTESIAN_POINT('',(-3.49501085976054,8.36090804734076,0.959292517375523));
#15967=CARTESIAN_POINT('',(-3.43501085976054,7.31090804734077,0.959292517375522));
#15968=CARTESIAN_POINT('',(-0.345010859760539,7.31090804734077,0.959292517375522));
#15969=CARTESIAN_POINT('',(-3.35501085976054,7.27090804734076,0.959292517375522));
#15970=CARTESIAN_POINT('Origin',(-3.43501085976054,7.21090804734076,0.959292517375522));
#15971=CARTESIAN_POINT('',(-3.03501085976054,7.11090804734077,0.959292517375522));
#15972=CARTESIAN_POINT('Origin',(-3.03501085976054,7.51090804734077,0.959292517375523));
#15973=CARTESIAN_POINT('',(-2.73501085976054,7.11090804734077,0.959292517375522));
#15974=CARTESIAN_POINT('',(-3.49501085976054,7.11090804734077,0.959292517375522));
#15975=CARTESIAN_POINT('',(-2.54787381177931,6.98147521586034,0.959292517375522));
#15976=CARTESIAN_POINT('Origin',(-2.73501085976054,6.91090804734077,0.959292517375522));
#15977=CARTESIAN_POINT('',(-2.42144233576992,6.64619163160055,0.959292517375522));
#15978=CARTESIAN_POINT('',(-2.54787381177931,6.98147521586034,0.959292517375522));
#15979=CARTESIAN_POINT('',(-2.41501085976054,6.61090804734077,0.959292517375522));
#15980=CARTESIAN_POINT('Origin',(-2.51501085976257,6.61090804734037,0.959292517375522));
#15981=CARTESIAN_POINT('',(-2.41501085976054,6.36090804734077,0.959292517375522));
#15982=CARTESIAN_POINT('',(-2.41501085976054,8.49090804734077,0.959292517375522));
#15983=CARTESIAN_POINT('',(-2.51501085976054,6.26090804734077,0.959292517375522));
#15984=CARTESIAN_POINT('Origin',(-2.51501085976054,6.36090804734076,0.959292517375522));
#15985=CARTESIAN_POINT('',(-2.53501085976054,6.26090804734076,0.959292517375522));
#15986=CARTESIAN_POINT('',(0.834989140239462,6.26090804734076,0.959292517375522));
#15987=CARTESIAN_POINT('',(-2.53501085976054,5.76090804734076,0.959292517375522));
#15988=CARTESIAN_POINT('',(-2.53501085976054,5.76090804734077,0.959292517375522));
#15989=CARTESIAN_POINT('',(-2.42501085976054,5.76090804734076,0.959292517375522));
#15990=CARTESIAN_POINT('',(0.834989140239462,5.76090804734076,0.959292517375522));
#15991=CARTESIAN_POINT('',(-2.32501085976054,5.66090804734077,0.959292517375522));
#15992=CARTESIAN_POINT('Origin',(-2.42501085976054,5.66090804734077,0.959292517375522));
#15993=CARTESIAN_POINT('',(-2.32501085976054,5.06090804734077,0.959292517375522));
#15994=CARTESIAN_POINT('',(-2.32501085976054,8.09090804734077,0.959292517375522));
#15995=CARTESIAN_POINT('',(-1.92501085976054,5.06090804734077,0.959292517375522));
#15996=CARTESIAN_POINT('',(0.834989140239462,5.06090804734077,0.959292517375522));
#15997=CARTESIAN_POINT('',(-1.92501085976054,5.2633510432147,0.959292517375522));
#15998=CARTESIAN_POINT('',(-1.92501085976054,8.09090804734077,0.959292517375522));
#15999=CARTESIAN_POINT('',(-1.84697972286144,5.36090804734077,0.959292517375522));
#16000=CARTESIAN_POINT('Origin',(-1.82501085976054,5.2633510432147,0.959292517375522));
#16001=CARTESIAN_POINT('',(-1.54697972286144,5.42846505146683,0.959292517375522));
#16002=CARTESIAN_POINT('',(-1.84697972286144,5.36090804734077,0.959292517375522));
#16003=CARTESIAN_POINT('',(-1.42501085976054,5.33090804734077,0.959292517375522));
#16004=CARTESIAN_POINT('Origin',(-1.52501085976054,5.33090804734077,0.959292517375522));
#16005=CARTESIAN_POINT('',(-1.42501085976054,8.09090804734077,0.959292517375522));
#16006=CARTESIAN_POINT('',(0.734989140239462,5.33090804734077,0.959292517375522));
#16007=CARTESIAN_POINT('',(0.734989140239462,8.09090804734077,0.959292517375522));
#16008=CARTESIAN_POINT('',(0.856958003340368,5.42846505146683,0.959292517375522));
#16009=CARTESIAN_POINT('Origin',(0.834989140239461,5.33090804734077,0.959292517375522));
#16010=CARTESIAN_POINT('',(1.15695800334037,5.36090804734077,0.959292517375522));
#16011=CARTESIAN_POINT('',(0.856958003340368,5.42846505146683,0.959292517375522));
#16012=CARTESIAN_POINT('',(1.23498914023946,5.2633510432147,0.959292517375522));
#16013=CARTESIAN_POINT('Origin',(1.13498914023946,5.2633510432147,0.959292517375522));
#16014=CARTESIAN_POINT('',(1.23498914023946,5.06090804734077,0.959292517375522));
#16015=CARTESIAN_POINT('',(1.23498914023946,8.09090804734077,0.959292517375522));
#16016=CARTESIAN_POINT('',(1.63498914023946,5.06090804734077,0.959292517375522));
#16017=CARTESIAN_POINT('',(0.834989140239462,5.06090804734077,0.959292517375522));
#16018=CARTESIAN_POINT('',(1.63498914023946,5.66090804734077,0.959292517375522));
#16019=CARTESIAN_POINT('',(1.63498914023946,8.09090804734077,0.959292517375522));
#16020=CARTESIAN_POINT('',(1.73498914023946,5.76090804734076,0.959292517375522));
#16021=CARTESIAN_POINT('Origin',(1.73498914023946,5.66090804734077,0.959292517375522));
#16022=CARTESIAN_POINT('',(1.84498914023946,5.76090804734076,0.959292517375522));
#16023=CARTESIAN_POINT('',(0.834989140239462,5.76090804734076,0.959292517375522));
#16024=CARTESIAN_POINT('',(1.84498914023946,6.26090804734076,0.959292517375522));
#16025=CARTESIAN_POINT('',(1.84498914023946,5.76090804734077,0.959292517375522));
#16026=CARTESIAN_POINT('',(1.82498914023946,6.26090804734076,0.959292517375522));
#16027=CARTESIAN_POINT('',(0.834989140239462,6.26090804734076,0.959292517375522));
#16028=CARTESIAN_POINT('',(1.72498914023946,6.36090804734077,0.959292517375522));
#16029=CARTESIAN_POINT('Origin',(1.82498914023946,6.36090804734077,0.959292517375522));
#16030=CARTESIAN_POINT('',(1.72498914023946,6.61090804734077,0.959292517375522));
#16031=CARTESIAN_POINT('',(1.72498914023946,8.49090804734077,0.959292517375522));
#16032=CARTESIAN_POINT('',(1.73142061624884,6.64619163160055,0.959292517375522));
#16033=CARTESIAN_POINT('Origin',(1.82498914023206,6.61090804734216,0.959292517375522));
#16034=CARTESIAN_POINT('',(1.85785209225823,6.98147521586034,0.959292517375522));
#16035=CARTESIAN_POINT('',(1.85785209225823,6.98147521586034,0.959292517375522));
#16036=CARTESIAN_POINT('',(2.04498914023946,7.11090804734077,0.959292517375522));
#16037=CARTESIAN_POINT('Origin',(2.04498914023946,6.91090804734077,0.959292517375522));
#16038=CARTESIAN_POINT('',(2.34498914023946,7.11090804734077,0.959292517375522));
#16039=CARTESIAN_POINT('',(2.80498914023946,7.11090804734077,0.959292517375522));
#16040=CARTESIAN_POINT('',(2.66498914023946,7.27090804734076,0.959292517375522));
#16041=CARTESIAN_POINT('Origin',(2.34498914023946,7.51090804734077,0.959292517375522));
#16042=CARTESIAN_POINT('Origin',(2.74498914023946,7.21090804734076,0.959292517375523));
#16043=CARTESIAN_POINT('Origin',(-0.345010859760539,8.46090804734077,0.759292517375522));
#16044=CARTESIAN_POINT('Origin',(2.14498914023947,5.81090804734076,-0.586707482624478));
#16045=CARTESIAN_POINT('',(1.94498914023947,5.91090804734077,-0.586707482624478));
#16046=CARTESIAN_POINT('',(2.14498914023947,5.91090804734077,-0.586707482624478));
#16047=CARTESIAN_POINT('',(2.14498914023947,5.91090804734077,-0.586707482624478));
#16048=CARTESIAN_POINT('',(2.14498914023947,5.81090804734076,-0.486707482624477));
#16049=CARTESIAN_POINT('Origin',(2.14498914023947,5.81090804734076,-0.586707482624478));
#16050=CARTESIAN_POINT('',(1.94498914023947,5.81090804734076,-0.486707482624478));
#16051=CARTESIAN_POINT('',(2.14498914023947,5.81090804734076,-0.486707482624477));
#16052=CARTESIAN_POINT('Origin',(1.94498914023947,5.81090804734076,-0.586707482624478));
#16053=CARTESIAN_POINT('Origin',(2.14498914023947,5.91090804734077,-0.586707482624478));
#16054=CARTESIAN_POINT('',(1.94498914023947,5.91090804734077,-0.630707482624478));
#16055=CARTESIAN_POINT('',(2.14498914023947,5.91090804734077,-0.630707482624478));
#16056=CARTESIAN_POINT('',(2.14498914023947,5.91090804734077,-0.630707482624478));
#16057=CARTESIAN_POINT('',(2.14498914023946,5.91090804734077,0.259292517375523));
#16058=CARTESIAN_POINT('',(1.94498914023946,5.91090804734077,0.259292517375522));
#16059=CARTESIAN_POINT('Origin',(2.14498914023947,5.91090804734077,-0.630707482624478));
#16060=CARTESIAN_POINT('',(2.14498914023947,6.16090804734077,-0.630707482624478));
#16061=CARTESIAN_POINT('',(1.94498914023947,6.16090804734077,-0.630707482624478));
#16062=CARTESIAN_POINT('',(2.14498914023947,6.16090804734077,-0.630707482624478));
#16063=CARTESIAN_POINT('',(2.14498914023947,5.86090804734076,-0.630707482624478));
#16064=CARTESIAN_POINT('',(1.94498914023947,5.86090804734076,-0.630707482624478));
#16065=CARTESIAN_POINT('Origin',(2.14498914023947,6.16090804734077,-0.530707482624477));
#16066=CARTESIAN_POINT('',(2.14498914023947,6.26090804734076,-0.530707482624478));
#16067=CARTESIAN_POINT('Origin',(2.14498914023947,6.16090804734077,-0.530707482624478));
#16068=CARTESIAN_POINT('',(1.94498914023947,6.26090804734076,-0.530707482624478));
#16069=CARTESIAN_POINT('Origin',(1.94498914023947,6.16090804734077,-0.530707482624478));
#16070=CARTESIAN_POINT('',(2.14498914023946,6.26090804734076,-0.530707482624478));
#16071=CARTESIAN_POINT('Origin',(2.14498914023946,5.86090804734076,0.259292517375523));
#16072=CARTESIAN_POINT('',(2.14498914023946,5.76090804734076,0.259292517375523));
#16073=CARTESIAN_POINT('',(2.14498914023946,5.83590804734077,0.162467933720337));
#16074=CARTESIAN_POINT('Origin',(2.14498914023946,5.86090804734077,0.259292517375524));
#16075=CARTESIAN_POINT('',(1.94498914023946,5.76090804734076,0.259292517375522));
#16076=CARTESIAN_POINT('',(2.14498914023946,5.76090804734076,0.259292517375523));
#16077=CARTESIAN_POINT('',(1.94498914023946,5.83590804734077,0.162467933720337));
#16078=CARTESIAN_POINT('Origin',(1.94498914023946,5.86090804734076,0.259292517375521));
#16079=CARTESIAN_POINT('',(2.14498914023946,5.83590804734077,0.162467933720337));
#16080=CARTESIAN_POINT('Origin',(2.14498914023946,5.81090804734076,0.0656433500651519));
#16081=CARTESIAN_POINT('',(1.94498914023946,5.91090804734077,0.0656433500651512));
#16082=CARTESIAN_POINT('',(2.14498914023946,5.91090804734077,0.0656433500651517));
#16083=CARTESIAN_POINT('',(2.14498914023946,5.91090804734077,0.0656433500651512));
#16084=CARTESIAN_POINT('Origin',(2.14498914023946,5.81090804734076,0.0656433500651522));
#16085=CARTESIAN_POINT('Origin',(1.94498914023946,5.81090804734076,0.0656433500651512));
#16086=CARTESIAN_POINT('Origin',(2.14498914023946,5.91090804734077,0.0656433500651519));
#16087=CARTESIAN_POINT('',(1.94498914023946,5.91090804734077,-0.0867074826244781));
#16088=CARTESIAN_POINT('',(2.14498914023947,5.91090804734077,-0.0867074826244775));
#16089=CARTESIAN_POINT('',(2.14498914023947,5.91090804734077,-0.0867074826244774));
#16090=CARTESIAN_POINT('',(2.14498914023946,5.91090804734077,0.259292517375523));
#16091=CARTESIAN_POINT('',(1.94498914023946,5.91090804734077,0.259292517375522));
#16092=CARTESIAN_POINT('Origin',(2.14498914023947,5.81090804734076,-0.0867074826244775));
#16093=CARTESIAN_POINT('',(1.94498914023947,5.81090804734076,-0.186707482624478));
#16094=CARTESIAN_POINT('',(2.14498914023947,5.81090804734076,-0.186707482624478));
#16095=CARTESIAN_POINT('',(2.14498914023947,5.81090804734076,-0.186707482624478));
#16096=CARTESIAN_POINT('Origin',(2.14498914023947,5.81090804734076,-0.0867074826244776));
#16097=CARTESIAN_POINT('Origin',(1.94498914023947,5.81090804734076,-0.0867074826244786));
#16098=CARTESIAN_POINT('Origin',(0.534989140239462,5.01405103741248,0.276570911476666));
#16099=CARTESIAN_POINT('',(0.734989140239462,5.2069493034758,0.26983475559211));
#16100=CARTESIAN_POINT('Origin',(0.904989140239462,5.13248092259458,-0.040707482624478));
#16101=CARTESIAN_POINT('',(-1.52430018164188,5.20319160071323,-0.040707482624478));
#16102=CARTESIAN_POINT('',(-1.52430018164188,5.20319160071323,-0.040707482624478));
#16103=CARTESIAN_POINT('',(-1.49501085976054,5.13248092259458,-0.040707482624478));
#16104=CARTESIAN_POINT('Origin',(-1.59501085976054,5.13248092259458,-0.040707482624478));
#16105=CARTESIAN_POINT('',(-1.49501085976054,4.96090804734076,-0.040707482624478));
#16106=CARTESIAN_POINT('',(-1.49501085976054,5.13248092259458,-0.040707482624478));
#16107=CARTESIAN_POINT('',(-1.09501085976054,4.96090804734076,-0.040707482624478));
#16108=CARTESIAN_POINT('',(0.904989140239462,4.96090804734076,-0.040707482624478));
#16109=CARTESIAN_POINT('',(-1.09501085976054,5.03090804734076,-0.0407074826244781));
#16110=CARTESIAN_POINT('',(-1.09501085976054,5.13248092259458,-0.040707482624478));
#16111=CARTESIAN_POINT('',(0.404989140239462,5.03090804734076,-0.0407074826244781));
#16112=CARTESIAN_POINT('',(0.404989140239462,5.03090804734076,-0.0407074826244781));
#16113=CARTESIAN_POINT('',(0.404989140239462,4.96090804734076,-0.040707482624478));
#16114=CARTESIAN_POINT('',(0.404989140239462,5.13248092259458,-0.040707482624478));
#16115=CARTESIAN_POINT('',(0.804989140239462,4.96090804734076,-0.040707482624478));
#16116=CARTESIAN_POINT('',(0.904989140239462,4.96090804734076,-0.040707482624478));
#16117=CARTESIAN_POINT('',(0.804989140239462,5.13248092259458,-0.040707482624478));
#16118=CARTESIAN_POINT('',(0.804989140239462,5.13248092259458,-0.040707482624478));
#16119=CARTESIAN_POINT('',(0.834278462120807,5.20319160071323,-0.040707482624478));
#16120=CARTESIAN_POINT('Origin',(0.904989140239461,5.13248092259458,-0.040707482624478));
#16121=CARTESIAN_POINT('',(0.838036164883379,5.2069493034758,-0.040707482624478));
#16122=CARTESIAN_POINT('Origin',(-2.53501085976054,5.76090804734077,0.659292517375522));
#16123=CARTESIAN_POINT('',(-2.83501085976054,5.76090804734076,0.659292517375523));
#16124=CARTESIAN_POINT('',(-2.83501085976054,6.26090804734076,0.659292517375523));
#16125=CARTESIAN_POINT('',(-2.83501085976054,5.86090804734076,0.659292517375523));
#16126=CARTESIAN_POINT('Origin',(-2.53501085976054,5.76090804734076,0.659292517375523));
#16127=CARTESIAN_POINT('Origin',(-2.53501085976054,6.26090804734076,0.659292517375523));
#16128=CARTESIAN_POINT('Origin',(-3.49501085976054,8.36090804734076,0.759292517375523));
#16129=CARTESIAN_POINT('',(-2.14501085976054,8.36090804734076,0.759292517375522));
#16130=CARTESIAN_POINT('',(-2.74501085976054,8.36090804734076,0.759292517375522));
#16131=CARTESIAN_POINT('',(0.834989140239462,8.36090804734076,0.759292517375522));
#16132=CARTESIAN_POINT('',(-2.74501085976054,8.36090804734076,0.959292517375522));
#16133=CARTESIAN_POINT('',(-2.14501085976054,8.36090804734076,0.759292517375522));
#16134=CARTESIAN_POINT('Origin',(-2.84501085976054,8.36090804734076,0.959292517375522));
#16135=CARTESIAN_POINT('',(-2.84501085976054,8.26090804734076,0.759292517375522));
#16136=CARTESIAN_POINT('Origin',(-2.84501085976054,8.36090804734076,0.759292517375522));
#16137=CARTESIAN_POINT('',(-2.84501085976054,8.26090804734076,0.959292517375522));
#16138=CARTESIAN_POINT('Origin',(-3.09501085976054,8.26090804734076,0.959292517375522));
#16139=CARTESIAN_POINT('',(-3.09501085976054,8.26090804734076,0.759292517375522));
#16140=CARTESIAN_POINT('',(0.834989140239462,8.26090804734076,0.759292517375522));
#16141=CARTESIAN_POINT('',(-3.09501085976054,8.26090804734077,0.959292517375522));
#16142=CARTESIAN_POINT('Origin',(-3.09501085976054,8.36090804734076,0.959292517375522));
#16143=CARTESIAN_POINT('',(-3.18161340013898,8.31090804734077,0.759292517375522));
#16144=CARTESIAN_POINT('Origin',(-3.09501085976054,8.36090804734077,0.759292517375522));
#16145=CARTESIAN_POINT('',(-3.18161340013898,8.31090804734077,0.959292517375522));
#16146=CARTESIAN_POINT('Origin',(-3.26821594051743,8.26090804734076,0.959292517375522));
#16147=CARTESIAN_POINT('',(-3.26821594051743,8.36090804734076,0.759292517375522));
#16148=CARTESIAN_POINT('Origin',(-3.26821594051743,8.26090804734076,0.759292517375523));
#16149=CARTESIAN_POINT('',(-3.26821594051743,8.36090804734076,0.759292517375523));
#16150=CARTESIAN_POINT('Origin',(-3.49501085976054,8.36090804734076,0.759292517375523));
#16151=CARTESIAN_POINT('',(-3.49501085976054,8.36090804734076,0.759292517375523));
#16152=CARTESIAN_POINT('',(0.834989140239462,8.36090804734076,0.759292517375522));
#16153=CARTESIAN_POINT('Origin',(-3.49501085976054,8.36090804734076,0.659292517375523));
#16154=CARTESIAN_POINT('Origin',(-3.49501085976054,7.11090804734077,0.659292517375522));
#16155=CARTESIAN_POINT('',(-3.49501085976054,7.31090804734077,0.759292517375522));
#16156=CARTESIAN_POINT('',(-3.49501085976054,8.09090804734077,0.759292517375522));
#16157=CARTESIAN_POINT('Origin',(-3.49501085976054,7.31090804734077,0.659292517375523));
#16158=CARTESIAN_POINT('Origin',(-0.345010859760539,7.31090804734077,0.759292517375523));
#16159=CARTESIAN_POINT('',(-3.43501085976054,7.31090804734077,0.759292517375522));
#16160=CARTESIAN_POINT('',(0.834989140239462,7.31090804734077,0.759292517375522));
#16161=CARTESIAN_POINT('',(-3.43501085976054,7.31090804734077,0.759292517375522));
#16162=CARTESIAN_POINT('Origin',(-3.43501085976054,7.21090804734076,0.759292517375522));
#16163=CARTESIAN_POINT('',(-3.35501085976054,7.27090804734076,0.759292517375522));
#16164=CARTESIAN_POINT('Origin',(-3.43501085976054,7.21090804734076,0.759292517375522));
#16165=CARTESIAN_POINT('',(-3.35501085976054,7.27090804734077,0.759292517375522));
#16166=CARTESIAN_POINT('Origin',(-3.03501085976054,7.51090804734076,0.759292517375523));
#16167=CARTESIAN_POINT('',(-3.03501085976054,7.11090804734077,0.759292517375522));
#16168=CARTESIAN_POINT('Origin',(-3.03501085976054,7.51090804734077,0.759292517375522));
#16169=CARTESIAN_POINT('',(-3.03501085976054,7.11090804734077,0.759292517375522));
#16170=CARTESIAN_POINT('Origin',(-3.49501085976054,7.11090804734077,0.759292517375522));
#16171=CARTESIAN_POINT('',(-2.73501085976054,7.11090804734077,0.759292517375522));
#16172=CARTESIAN_POINT('',(0.834989140239462,7.11090804734077,0.759292517375522));
#16173=CARTESIAN_POINT('',(-2.73501085976054,7.11090804734077,0.959292517375522));
#16174=CARTESIAN_POINT('Origin',(-2.73501085976054,6.91090804734077,0.959292517375522));
#16175=CARTESIAN_POINT('',(-2.54787381177931,6.98147521586034,0.759292517375522));
#16176=CARTESIAN_POINT('',(-2.54787381177931,6.98147521586034,0.959292517375522));
#16177=CARTESIAN_POINT('Origin',(-2.73501085976054,6.91090804734077,0.759292517375522));
#16178=CARTESIAN_POINT('Origin',(-2.54787381177931,6.98147521586034,0.959292517375522));
#16179=CARTESIAN_POINT('',(-2.42144233576992,6.64619163160055,0.759292517375522));
#16180=CARTESIAN_POINT('',(-2.54787381177931,6.98147521586034,0.759292517375522));
#16181=CARTESIAN_POINT('',(-2.42144233576992,6.64619163160055,0.959292517375522));
#16182=CARTESIAN_POINT('Origin',(-2.51501085976054,6.61090804734077,0.959292517375522));
#16183=CARTESIAN_POINT('',(-2.41501085976054,6.61090804734077,0.759292517375522));
#16184=CARTESIAN_POINT('',(-2.41501085976054,6.61090804734077,0.959292517375522));
#16185=CARTESIAN_POINT('Origin',(-2.51501085976257,6.61090804734037,0.759292517375522));
#16186=CARTESIAN_POINT('Origin',(-2.41501085976054,8.49090804734077,0.959292517375522));
#16187=CARTESIAN_POINT('',(-2.41501085976054,6.36090804734078,0.759292517375522));
#16188=CARTESIAN_POINT('',(-2.41501085976054,6.36090804734077,0.759292517375522));
#16189=CARTESIAN_POINT('',(-2.41501085976054,8.09090804734077,0.759292517375522));
#16190=CARTESIAN_POINT('Origin',(-2.83501085976054,5.86090804734076,0.259292517375523));
#16191=CARTESIAN_POINT('',(-2.83501085976054,5.68590804734077,-0.486707482624478));
#16192=CARTESIAN_POINT('',(-2.83501085976054,5.86090804734076,-0.486707482624477));
#16193=CARTESIAN_POINT('',(-2.83501085976054,5.68590804734077,-0.186707482624478));
#16194=CARTESIAN_POINT('',(-2.83501085976054,5.68590804734077,0.0426065445206214));
#16195=CARTESIAN_POINT('',(-2.83501085976054,5.86090804734076,-0.186707482624478));
#16196=CARTESIAN_POINT('',(-2.83501085976054,5.76090804734076,0.259292517375523));
#16197=CARTESIAN_POINT('',(-2.83501085976054,6.26090804734076,0.259292517375523));
#16198=CARTESIAN_POINT('Origin',(-2.63501085976054,5.86090804734076,0.259292517375522));
#16199=CARTESIAN_POINT('',(-2.63501085976054,5.68590804734077,-0.486707482624478));
#16200=CARTESIAN_POINT('',(-2.63501085976054,5.86090804734076,-0.486707482624478));
#16201=CARTESIAN_POINT('',(-2.63501085976054,6.26090804734076,0.659292517375522));
#16202=CARTESIAN_POINT('',(-2.63501085976054,6.26090804734076,0.259292517375522));
#16203=CARTESIAN_POINT('',(-2.63501085976054,5.76090804734076,0.659292517375522));
#16204=CARTESIAN_POINT('',(-2.63501085976054,5.76090804734077,0.659292517375522));
#16205=CARTESIAN_POINT('',(-2.63501085976054,5.76090804734076,0.259292517375522));
#16206=CARTESIAN_POINT('',(-2.63501085976054,5.68590804734077,-0.186707482624478));
#16207=CARTESIAN_POINT('',(-2.63501085976054,5.86090804734076,-0.186707482624478));
#16208=CARTESIAN_POINT('',(-2.63501085976054,5.68590804734077,0.0426065445206207));
#16209=CARTESIAN_POINT('Origin',(1.00498914023946,8.31090804734077,-1.69073248262448));
#16210=CARTESIAN_POINT('',(1.45498914023946,8.31090804734077,0.759292517375522));
#16211=CARTESIAN_POINT('',(1.05498914023946,8.31090804734077,0.759292517375522));
#16212=CARTESIAN_POINT('',(1.00498914023946,8.31090804734077,0.759292517375522));
#16213=CARTESIAN_POINT('',(1.00498914023946,8.31090804734077,0.759292517375522));
#16214=CARTESIAN_POINT('',(1.90498914023946,8.31090804734077,-1.69070748262448));
#16215=CARTESIAN_POINT('',(-0.345010859760539,8.31090804734077,-1.69070748262448));
#16216=CARTESIAN_POINT('',(1.90498914023946,8.31090804734077,-1.49070748262448));
#16217=CARTESIAN_POINT('',(1.90498914023946,8.31090804734077,-1.69070748262448));
#16218=CARTESIAN_POINT('',(1.40498914023946,8.31090804734077,-1.49070748262448));
#16219=CARTESIAN_POINT('',(1.00498914023946,8.31090804734077,-1.49070748262448));
#16220=CARTESIAN_POINT('',(1.40498914023946,8.31090804734077,-1.69070748262448));
#16221=CARTESIAN_POINT('',(1.40498914023946,8.31090804734077,-1.69073248262448));
#16222=CARTESIAN_POINT('',(1.05498914023946,8.31090804734077,-1.69070748262448));
#16223=CARTESIAN_POINT('',(1.00498914023946,8.31090804734077,-1.69070748262448));
#16224=CARTESIAN_POINT('',(1.05498914023946,8.31090804734077,-1.8488213656329));
#16225=CARTESIAN_POINT('Origin',(-1.69501085976054,8.31090804734077,-1.69073248262448));
#16226=CARTESIAN_POINT('',(-1.74501085976054,8.31090804734077,-1.69070748262448));
#16227=CARTESIAN_POINT('',(-1.74501085976054,8.31090804734077,0.759292517375522));
#16228=CARTESIAN_POINT('',(-1.74501085976054,8.31090804734077,-1.8488213656329));
#16229=CARTESIAN_POINT('',(-2.09501085976054,8.31090804734077,-1.69070748262448));
#16230=CARTESIAN_POINT('',(-1.69501085976054,8.31090804734077,-1.69070748262448));
#16231=CARTESIAN_POINT('',(-2.09501085976054,8.31090804734077,-1.49070748262448));
#16232=CARTESIAN_POINT('',(-2.09501085976054,8.31090804734077,-1.69073248262448));
#16233=CARTESIAN_POINT('',(-2.59501085976054,8.31090804734077,-1.49070748262448));
#16234=CARTESIAN_POINT('',(-1.69501085976054,8.31090804734077,-1.49070748262448));
#16235=CARTESIAN_POINT('',(-2.59501085976054,8.31090804734077,-1.69070748262448));
#16236=CARTESIAN_POINT('',(-2.59501085976054,8.31090804734077,-1.69073248262448));
#16237=CARTESIAN_POINT('',(-1.69501085976054,8.31090804734077,-1.69070748262448));
#16238=CARTESIAN_POINT('',(-2.14501085976054,8.31090804734077,0.759292517375522));
#16239=CARTESIAN_POINT('',(0.834989140239462,8.31090804734077,0.759292517375522));
#16240=CARTESIAN_POINT('',(-1.69501085976054,8.31090804734077,0.759292517375522));
#16241=CARTESIAN_POINT('Origin',(-1.42501085976054,8.34090804734076,0.959292517375522));
#16242=CARTESIAN_POINT('',(-1.42501085976054,8.09090804734077,0.759292517375522));
#16243=CARTESIAN_POINT('',(-1.42501085976054,8.46090804734077,0.759292517375522));
#16244=CARTESIAN_POINT('',(-1.42501085976054,8.09090804734077,0.959292517375522));
#16245=CARTESIAN_POINT('Origin',(-1.52501085976054,8.09090804734077,0.959292517375522));
#16246=CARTESIAN_POINT('',(-1.54697972286144,7.9933510432147,0.759292517375522));
#16247=CARTESIAN_POINT('',(-1.54697972286144,7.9933510432147,0.959292517375522));
#16248=CARTESIAN_POINT('Origin',(-1.52501085976054,8.09090804734077,0.759292517375522));
#16249=CARTESIAN_POINT('Origin',(-1.54697972286144,7.9933510432147,0.959292517375522));
#16250=CARTESIAN_POINT('',(-2.06697972286144,8.11044985036655,0.759292517375522));
#16251=CARTESIAN_POINT('',(-2.06697972286144,8.11044985036655,0.759292517375522));
#16252=CARTESIAN_POINT('',(-1.54697972286144,7.9933510432147,0.759292517375522));
#16253=CARTESIAN_POINT('Origin',(-2.04501085976054,8.20800685449262,0.759292517375522));
#16254=CARTESIAN_POINT('',(-2.14501085976054,8.20800685449262,0.759292517375522));
#16255=CARTESIAN_POINT('Origin',(-2.04501085976054,8.20800685449262,0.759292517375522));
#16256=CARTESIAN_POINT('',(-2.14501085976054,8.20800685449262,0.759292517375522));
#16257=CARTESIAN_POINT('Origin',(-2.14501085976054,8.20800685449262,0.759292517375522));
#16258=CARTESIAN_POINT('',(-2.14501085976054,8.46090804734077,0.759292517375522));
#16259=CARTESIAN_POINT('',(-2.14501085976054,8.09090804734077,0.759292517375522));
#16260=CARTESIAN_POINT('Origin',(0.619507535333049,8.32732940357807,-0.00570748262447899));
#16261=CARTESIAN_POINT('',(0.619507535333049,8.32732940357807,-0.040707482624478));
#16262=CARTESIAN_POINT('',(0.731970147705396,8.21486679120573,-0.040707482624478));
#16263=CARTESIAN_POINT('',(0.619507535333049,8.32732940357807,-0.00570748262447812));
#16264=CARTESIAN_POINT('Origin',(0.478086179095739,8.18590804734077,-0.00570748262447812));
#16265=CARTESIAN_POINT('',(0.478086179095739,8.38590804734077,-0.0407074826244784));
#16266=CARTESIAN_POINT('Origin',(0.478086179095737,8.18590804734076,-0.0407074826244782));
#16267=CARTESIAN_POINT('',(0.478086179095739,8.38590804734077,-0.00570748262447985));
#16268=CARTESIAN_POINT('Origin',(-1.16810789861682,8.38590804734077,-0.00570748262447985));
#16269=CARTESIAN_POINT('',(-1.16810789861682,8.38590804734077,-0.0407074826244789));
#16270=CARTESIAN_POINT('',(-1.16810789861682,8.38590804734077,-0.00570748262447812));
#16271=CARTESIAN_POINT('',(0.904989140239462,8.38590804734077,-0.040707482624478));
#16272=CARTESIAN_POINT('Origin',(-1.16810789861682,8.18590804734077,-0.00570748262447812));
#16273=CARTESIAN_POINT('',(-1.30952925485413,8.32732940357808,-0.0407074826244786));
#16274=CARTESIAN_POINT('Origin',(-1.16810789861682,8.18590804734077,-0.0407074826244789));
#16275=CARTESIAN_POINT('',(-1.30952925485413,8.32732940357807,-0.00570748262447899));
#16276=CARTESIAN_POINT('Origin',(-1.30952925485413,8.32732940357807,-0.00570748262447899));
#16277=CARTESIAN_POINT('',(-1.30952925485413,8.32732940357808,-0.040707482624478));
#16278=CARTESIAN_POINT('Origin',(-1.52430018164188,8.2186244939683,-0.040707482624478));
#16279=CARTESIAN_POINT('',(-1.52430018164188,8.2186244939683,-0.040707482624478));
#16280=CARTESIAN_POINT('',(-1.52805788440445,8.21486679120573,-0.040707482624478));
#16281=CARTESIAN_POINT('',(-1.52430018164188,8.2186244939683,0.759292517375522));
#16282=CARTESIAN_POINT('',(-1.52430018164188,8.2186244939683,-0.040707482624478));
#16283=CARTESIAN_POINT('',(-1.52430018164188,8.2186244939683,0.759292517375522));
#16284=CARTESIAN_POINT('Origin',(-1.59501085976054,8.28933517208695,-0.040707482624478));
#16285=CARTESIAN_POINT('',(-1.49501085976054,8.28933517208695,-0.040707482624478));
#16286=CARTESIAN_POINT('Origin',(-1.59501085976054,8.28933517208695,-0.040707482624478));
#16287=CARTESIAN_POINT('',(-1.49501085976054,8.28933517208695,0.759292517375522));
#16288=CARTESIAN_POINT('',(-1.49501085976054,8.28933517208695,-0.040707482624478));
#16289=CARTESIAN_POINT('Origin',(-1.59501085976054,8.28933517208695,0.759292517375522));
#16290=CARTESIAN_POINT('Origin',(0.834989140239462,8.09090804734077,0.959292517375522));
#16291=CARTESIAN_POINT('',(0.734989140239461,8.09090804734077,0.759292517375522));
#16292=CARTESIAN_POINT('',(0.734989140239462,8.09090804734077,0.959292517375522));
#16293=CARTESIAN_POINT('',(0.856958003340367,7.9933510432147,0.759292517375522));
#16294=CARTESIAN_POINT('',(0.856958003340367,7.9933510432147,0.959292517375522));
#16295=CARTESIAN_POINT('Origin',(0.834989140239461,8.09090804734076,0.759292517375522));
#16296=CARTESIAN_POINT('Origin',(0.734989140239461,8.09421726100029,0.659292517375522));
#16297=CARTESIAN_POINT('',(0.734989140239461,8.46090804734077,0.759292517375522));
#16298=CARTESIAN_POINT('Origin',(0.834278462120807,8.2186244939683,-0.040707482624478));
#16299=CARTESIAN_POINT('',(0.834278462120807,8.2186244939683,0.759292517375522));
#16300=CARTESIAN_POINT('',(0.838036164883377,8.21486679120573,0.759292517375522));
#16301=CARTESIAN_POINT('',(0.834278462120807,8.2186244939683,-0.040707482624478));
#16302=CARTESIAN_POINT('',(0.834278462120806,8.2186244939683,-0.040707482624478));
#16303=CARTESIAN_POINT('',(0.834278462120807,8.2186244939683,-0.040707482624478));
#16304=CARTESIAN_POINT('Origin',(0.904989140239462,8.28933517208695,-0.040707482624478));
#16305=CARTESIAN_POINT('',(0.804989140239461,8.28933517208695,-0.040707482624478));
#16306=CARTESIAN_POINT('Origin',(0.90498914023946,8.28933517208695,-0.040707482624478));
#16307=CARTESIAN_POINT('',(0.804989140239461,8.28933517208695,0.759292517375522));
#16308=CARTESIAN_POINT('Origin',(0.90498914023946,8.28933517208695,0.759292517375522));
#16309=CARTESIAN_POINT('',(0.804989140239461,8.28933517208695,-0.040707482624478));
#16310=CARTESIAN_POINT('Origin',(1.35498914023946,8.20800685449262,0.759292517375522));
#16311=CARTESIAN_POINT('',(1.45498914023946,8.20800685449262,0.759292517375522));
#16312=CARTESIAN_POINT('',(1.45498914023946,8.20800685449262,0.759292517375522));
#16313=CARTESIAN_POINT('',(1.37695800334037,8.11044985036655,0.759292517375522));
#16314=CARTESIAN_POINT('Origin',(1.35498914023946,8.20800685449262,0.759292517375522));
#16315=CARTESIAN_POINT('',(1.37695800334037,8.11044985036655,0.959292517375522));
#16316=CARTESIAN_POINT('Origin',(0.856958003340367,7.9933510432147,0.959292517375522));
#16317=CARTESIAN_POINT('',(1.37695800334037,8.11044985036655,0.759292517375522));
#16318=CARTESIAN_POINT('Origin',(-3.29501085976054,7.36659003100119,-1.44070748262448));
#16319=CARTESIAN_POINT('',(1.90498914023946,7.11659955023515,-1.44288911649907));
#16320=CARTESIAN_POINT('',(1.90498914023946,7.36659003100119,-1.69070748262448));
#16321=CARTESIAN_POINT('Origin',(1.90498914023946,7.36659003100119,-1.44070748262448));
#16322=CARTESIAN_POINT('',(1.92498914023946,7.36659003100119,-1.69070748262448));
#16323=CARTESIAN_POINT('',(-0.345010859760539,7.36659003100119,-1.69070748262448));
#16324=CARTESIAN_POINT('',(1.92498914023946,7.11659955023515,-1.44288911649907));
#16325=CARTESIAN_POINT('Origin',(1.92498914023947,7.36659003100119,-1.44070748262448));
#16326=CARTESIAN_POINT('',(-3.29501085976054,7.11659955023515,-1.44288911649907));
#16327=CARTESIAN_POINT('Origin',(-0.345010859760539,7.11090804734077,-1.69070748262448));
#16328=CARTESIAN_POINT('',(1.92498914023946,7.41659193492048,-1.69070748262448));
#16329=CARTESIAN_POINT('',(1.92498914023946,7.41659193492048,-1.69070748262448));
#16330=CARTESIAN_POINT('',(1.92498914023946,7.41659193492048,-1.69070748262448));
#16331=CARTESIAN_POINT('',(1.90498914023946,7.11090804734077,-1.69070748262448));
#16332=CARTESIAN_POINT('Origin',(1.92498914023946,7.41659193492048,-1.44070748262448));
#16333=CARTESIAN_POINT('',(1.92498914023946,7.16660145415443,-1.44288911649907));
#16334=CARTESIAN_POINT('Origin',(1.92498914023946,7.41659193492048,-1.44070748262448));
#16335=CARTESIAN_POINT('',(1.92498914023946,7.16660145415443,-1.44288911649907));
#16336=CARTESIAN_POINT('Origin',(1.92498914023946,7.16090804734077,-0.790489315083442));
#16337=CARTESIAN_POINT('',(1.92498914023946,7.16090804734077,-0.790489315083447));
#16338=CARTESIAN_POINT('',(1.92498914023946,7.16090804734077,-0.790489315083442));
#16339=CARTESIAN_POINT('',(1.92498914023946,7.16660145415443,-1.44288911649907));
#16340=CARTESIAN_POINT('Origin',(1.84498914023946,5.76090804734077,0.659292517375522));
#16341=CARTESIAN_POINT('',(2.14498914023946,6.26090804734076,0.659292517375523));
#16342=CARTESIAN_POINT('',(2.14498914023946,5.76090804734076,0.659292517375523));
#16343=CARTESIAN_POINT('',(2.14498914023946,5.86090804734076,0.659292517375523));
#16344=CARTESIAN_POINT('Origin',(1.84498914023946,6.26090804734076,0.659292517375522));
#16345=CARTESIAN_POINT('Origin',(1.84498914023946,5.76090804734076,0.659292517375522));
#16346=CARTESIAN_POINT('Origin',(1.72498914023946,8.49090804734077,0.959292517375522));
#16347=CARTESIAN_POINT('',(1.72498914023946,6.61090804734077,0.759292517375522));
#16348=CARTESIAN_POINT('',(1.72498914023946,6.61090804734077,0.959292517375522));
#16349=CARTESIAN_POINT('',(1.72498914023946,6.36090804734076,0.759292517375522));
#16350=CARTESIAN_POINT('',(1.72498914023946,6.36090804734077,0.759292517375522));
#16351=CARTESIAN_POINT('',(1.72498914023946,8.09090804734077,0.759292517375522));
#16352=CARTESIAN_POINT('Origin',(1.82498914023946,6.61090804734077,0.959292517375522));
#16353=CARTESIAN_POINT('',(1.73142061624884,6.64619163160055,0.759292517375522));
#16354=CARTESIAN_POINT('',(1.73142061624884,6.64619163160055,0.959292517375522));
#16355=CARTESIAN_POINT('Origin',(1.82498914023206,6.61090804734216,0.759292517375522));
#16356=CARTESIAN_POINT('Origin',(1.85785209225823,6.98147521586034,0.959292517375522));
#16357=CARTESIAN_POINT('',(1.85785209225823,6.98147521586034,0.759292517375522));
#16358=CARTESIAN_POINT('',(1.73142061624884,6.64619163160055,0.759292517375522));
#16359=CARTESIAN_POINT('',(1.85785209225823,6.98147521586034,0.959292517375522));
#16360=CARTESIAN_POINT('Origin',(2.04498914023946,6.91090804734077,0.959292517375522));
#16361=CARTESIAN_POINT('',(2.04498914023946,7.11090804734077,0.759292517375522));
#16362=CARTESIAN_POINT('',(2.04498914023946,7.11090804734077,0.759292517375522));
#16363=CARTESIAN_POINT('Origin',(2.04498914023946,6.91090804734077,0.759292517375522));
#16364=CARTESIAN_POINT('Origin',(2.80498914023946,7.11090804734077,0.759292517375522));
#16365=CARTESIAN_POINT('',(2.34498914023946,7.11090804734077,0.759292517375522));
#16366=CARTESIAN_POINT('',(0.834989140239462,7.11090804734077,0.759292517375522));
#16367=CARTESIAN_POINT('',(2.34498914023946,7.11090804734077,0.759292517375522));
#16368=CARTESIAN_POINT('Origin',(2.34498914023946,7.51090804734076,0.759292517375523));
#16369=CARTESIAN_POINT('',(2.66498914023946,7.27090804734076,0.759292517375522));
#16370=CARTESIAN_POINT('Origin',(2.34498914023946,7.51090804734076,0.759292517375522));
#16371=CARTESIAN_POINT('',(2.66498914023946,7.27090804734076,0.759292517375522));
#16372=CARTESIAN_POINT('Origin',(2.74498914023946,7.21090804734076,0.759292517375522));
#16373=CARTESIAN_POINT('',(2.74498914023946,7.31090804734077,0.759292517375522));
#16374=CARTESIAN_POINT('Origin',(2.74498914023946,7.21090804734076,0.759292517375522));
#16375=CARTESIAN_POINT('',(2.74498914023946,7.31090804734077,0.759292517375523));
#16376=CARTESIAN_POINT('Origin',(-0.345010859760539,7.31090804734077,0.759292517375523));
#16377=CARTESIAN_POINT('',(2.80498914023946,7.31090804734077,0.759292517375522));
#16378=CARTESIAN_POINT('',(0.834989140239462,7.31090804734077,0.759292517375522));
#16379=CARTESIAN_POINT('Origin',(2.80498914023946,7.31090804734077,0.659292517375523));
#16380=CARTESIAN_POINT('Origin',(2.80498914023946,7.11090804734077,0.659292517375522));
#16381=CARTESIAN_POINT('',(2.80498914023946,8.36090804734076,0.759292517375523));
#16382=CARTESIAN_POINT('',(2.80498914023946,8.09090804734077,0.759292517375522));
#16383=CARTESIAN_POINT('Origin',(2.80498914023946,8.36090804734076,0.659292517375523));
#16384=CARTESIAN_POINT('Origin',(2.80498914023946,8.36090804734076,0.759292517375523));
#16385=CARTESIAN_POINT('',(2.57819422099635,8.36090804734076,0.759292517375523));
#16386=CARTESIAN_POINT('',(2.57819422099635,8.36090804734076,0.959292517375522));
#16387=CARTESIAN_POINT('',(0.834989140239462,8.36090804734076,0.759292517375522));
#16388=CARTESIAN_POINT('Origin',(2.57819422099635,8.26090804734076,0.959292517375522));
#16389=CARTESIAN_POINT('',(2.49159168061791,8.31090804734077,0.759292517375522));
#16390=CARTESIAN_POINT('Origin',(2.57819422099635,8.26090804734076,0.759292517375522));
#16391=CARTESIAN_POINT('',(2.49159168061791,8.31090804734077,0.959292517375522));
#16392=CARTESIAN_POINT('Origin',(2.40498914023946,8.36090804734076,0.959292517375522));
#16393=CARTESIAN_POINT('',(2.40498914023946,8.26090804734076,0.759292517375522));
#16394=CARTESIAN_POINT('Origin',(2.40498914023946,8.36090804734077,0.759292517375523));
#16395=CARTESIAN_POINT('',(2.40498914023946,8.26090804734076,0.959292517375522));
#16396=CARTESIAN_POINT('Origin',(2.40498914023946,8.26090804734076,0.959292517375522));
#16397=CARTESIAN_POINT('',(2.15498914023946,8.26090804734076,0.759292517375522));
#16398=CARTESIAN_POINT('',(0.834989140239462,8.26090804734076,0.759292517375522));
#16399=CARTESIAN_POINT('',(2.15498914023946,8.26090804734077,0.959292517375522));
#16400=CARTESIAN_POINT('Origin',(2.15498914023946,8.36090804734076,0.959292517375522));
#16401=CARTESIAN_POINT('',(2.05498914023946,8.36090804734076,0.759292517375522));
#16402=CARTESIAN_POINT('Origin',(2.15498914023946,8.36090804734076,0.759292517375522));
#16403=CARTESIAN_POINT('',(2.05498914023946,8.36090804734076,0.759292517375523));
#16404=CARTESIAN_POINT('Origin',(2.80498914023946,8.36090804734076,0.759292517375523));
#16405=CARTESIAN_POINT('',(1.45498914023946,8.36090804734076,0.759292517375522));
#16406=CARTESIAN_POINT('',(0.834989140239462,8.36090804734076,0.759292517375522));
#16407=CARTESIAN_POINT('',(1.45498914023946,8.36090804734076,0.759292517375522));
#16408=CARTESIAN_POINT('Origin',(1.45498914023946,8.20800685449262,0.759292517375522));
#16409=CARTESIAN_POINT('',(1.45498914023946,8.09090804734077,0.759292517375522));
#16410=CARTESIAN_POINT('',(1.45498914023946,8.46090804734077,0.759292517375522));
#16411=CARTESIAN_POINT('Origin',(2.14498914023946,5.86090804734076,0.259292517375523));
#16412=CARTESIAN_POINT('',(2.14498914023947,5.68590804734077,-0.186707482624478));
#16413=CARTESIAN_POINT('',(2.14498914023947,5.86090804734076,-0.186707482624478));
#16414=CARTESIAN_POINT('',(2.14498914023947,5.68590804734077,-0.486707482624478));
#16415=CARTESIAN_POINT('',(2.14498914023947,5.68590804734077,0.0426065445206214));
#16416=CARTESIAN_POINT('',(2.14498914023947,5.86090804734076,-0.486707482624478));
#16417=CARTESIAN_POINT('',(2.14498914023946,6.26090804734076,0.259292517375523));
#16418=CARTESIAN_POINT('',(2.14498914023946,5.76090804734076,0.259292517375523));
#16419=CARTESIAN_POINT('Origin',(1.94498914023946,5.86090804734076,0.259292517375522));
#16420=CARTESIAN_POINT('',(1.94498914023947,5.68590804734077,-0.186707482624478));
#16421=CARTESIAN_POINT('',(1.94498914023947,5.86090804734076,-0.186707482624478));
#16422=CARTESIAN_POINT('',(1.94498914023946,5.76090804734076,0.659292517375522));
#16423=CARTESIAN_POINT('',(1.94498914023946,5.76090804734076,0.259292517375522));
#16424=CARTESIAN_POINT('',(1.94498914023946,6.26090804734076,0.659292517375522));
#16425=CARTESIAN_POINT('',(1.94498914023946,5.76090804734077,0.659292517375522));
#16426=CARTESIAN_POINT('',(1.94498914023946,6.26090804734076,0.259292517375522));
#16427=CARTESIAN_POINT('',(1.94498914023947,5.68590804734077,-0.486707482624478));
#16428=CARTESIAN_POINT('',(1.94498914023947,5.86090804734076,-0.486707482624478));
#16429=CARTESIAN_POINT('',(1.94498914023946,5.68590804734077,0.0426065445206207));
#16430=CARTESIAN_POINT('Origin',(0.404989140239462,5.03090804734076,-0.277310023002922));
#16431=CARTESIAN_POINT('',(-1.09501085976054,5.03090804734076,-0.277310023002922));
#16432=CARTESIAN_POINT('',(-1.09501085976054,5.03090804734076,-0.277310023002922));
#16433=CARTESIAN_POINT('',(0.404989140239462,5.03090804734076,-0.277310023002922));
#16434=CARTESIAN_POINT('',(0.404989140239462,5.03090804734076,-0.277310023002922));
#16435=CARTESIAN_POINT('',(0.404989140239462,5.03090804734076,-0.277310023002922));
#16436=CARTESIAN_POINT('Origin',(-2.74501085976054,7.25090804734076,0.709292517375522));
#16437=CARTESIAN_POINT('',(-2.14501085976054,7.25090804734076,0.709292517375522));
#16438=CARTESIAN_POINT('',(-0.345010859760539,7.25090804734076,0.709292517375522));
#16439=CARTESIAN_POINT('',(-2.14501085976054,7.25090804734076,0.759292517375522));
#16440=CARTESIAN_POINT('',(-2.14501085976054,7.25090804734076,5.45051491809279));
#16441=CARTESIAN_POINT('',(0.834989140239462,7.25090804734076,0.759292517375522));
#16442=CARTESIAN_POINT('Origin',(-2.51501085976054,6.36090804734077,0.759292517375522));
#16443=CARTESIAN_POINT('',(-2.41703127004921,6.34090804734076,0.759292517375522));
#16444=CARTESIAN_POINT('',(-2.47501085976054,6.26925653344165,0.759292517375522));
#16445=CARTESIAN_POINT('Origin',(-2.51501085976054,6.36090804734077,0.759292517375522));
#16446=CARTESIAN_POINT('',(-2.51501085976054,6.26090804734077,0.759292517375522));
#16447=CARTESIAN_POINT('Origin',(-2.51501085976392,6.36090804735636,0.759292517375522));
#16448=CARTESIAN_POINT('',(-2.51501085976054,6.26090804734076,0.759292517375522));
#16449=CARTESIAN_POINT('Origin',(-2.51501085974739,6.36090804733951,0.759292517375522));
#16450=CARTESIAN_POINT('Origin',(-2.41501085976054,6.26090804734076,0.759292517375522));
#16451=CARTESIAN_POINT('',(-2.53501085976054,6.26090804734076,0.759292517375522));
#16452=CARTESIAN_POINT('',(0.834989140239462,6.26090804734076,0.759292517375522));
#16453=CARTESIAN_POINT('Origin',(-2.53501085976054,6.26090804734076,0.659292517375522));
#16454=CARTESIAN_POINT('Origin',(-2.53501085976054,5.76090804734077,0.659292517375522));
#16455=CARTESIAN_POINT('',(-2.53501085976054,5.76090804734076,0.759292517375522));
#16456=CARTESIAN_POINT('Origin',(-2.53501085976054,5.76090804734076,0.659292517375522));
#16457=CARTESIAN_POINT('',(-2.53501085976054,8.09090804734077,0.759292517375522));
#16458=CARTESIAN_POINT('Origin',(-2.41501085976054,5.76090804734076,0.759292517375522));
#16459=CARTESIAN_POINT('',(-2.47501085976054,5.76090804734076,0.759292517375522));
#16460=CARTESIAN_POINT('',(0.834989140239462,5.76090804734076,0.759292517375522));
#16461=CARTESIAN_POINT('',(-2.42501085976054,5.76090804734076,0.759292517375522));
#16462=CARTESIAN_POINT('',(-0.345010859760539,5.76090804734076,0.759292517375522));
#16463=CARTESIAN_POINT('',(-2.42501085976054,5.76090804734076,0.759292517375522));
#16464=CARTESIAN_POINT('Origin',(-2.42501085976054,5.66090804734077,0.759292517375522));
#16465=CARTESIAN_POINT('',(-2.32501085976054,5.66090804734077,0.759292517375522));
#16466=CARTESIAN_POINT('Origin',(-2.42501085976054,5.66090804734077,0.759292517375522));
#16467=CARTESIAN_POINT('',(-2.32501085976054,5.66090804734077,0.759292517375522));
#16468=CARTESIAN_POINT('Origin',(-2.32501085976054,5.66090804734077,0.759292517375522));
#16469=CARTESIAN_POINT('',(-2.32501085976054,5.46090804734077,0.759292517375522));
#16470=CARTESIAN_POINT('',(-2.32501085976054,8.46090804734077,0.759292517375522));
#16471=CARTESIAN_POINT('',(-2.32501085976054,5.06090804734077,0.759292517375522));
#16472=CARTESIAN_POINT('',(-2.32501085976054,8.09090804734077,0.759292517375522));
#16473=CARTESIAN_POINT('',(-2.32501085976054,5.06090804734077,0.959292517375522));
#16474=CARTESIAN_POINT('Origin',(-2.14501085976054,7.59791381584965,5.45051491809279));
#16475=CARTESIAN_POINT('',(-2.14501085976054,6.34090804734076,0.709292517375522));
#16476=CARTESIAN_POINT('',(-2.14501085976054,6.34090804734076,0.759292517375522));
#16477=CARTESIAN_POINT('',(-2.14501085976054,6.34090804734076,0.709292517375522));
#16478=CARTESIAN_POINT('',(-2.14501085976054,8.09090804734077,0.759292517375522));
#16479=CARTESIAN_POINT('',(-2.14501085976054,6.71090804734077,0.709292517375522));
#16480=CARTESIAN_POINT('Origin',(0.834989140239462,8.09090804734077,0.759292517375522));
#16481=CARTESIAN_POINT('',(-2.14501085976054,6.34090804734076,0.759292517375522));
#16482=CARTESIAN_POINT('Origin',(-1.52501085976054,5.33090804734077,0.959292517375522));
#16483=CARTESIAN_POINT('',(-1.42501085976054,5.33090804734077,0.759292517375522));
#16484=CARTESIAN_POINT('',(-1.42501085976054,5.33090804734077,0.959292517375522));
#16485=CARTESIAN_POINT('',(-1.54697972286144,5.42846505146683,0.759292517375522));
#16486=CARTESIAN_POINT('',(-1.54697972286144,5.42846505146683,0.959292517375522));
#16487=CARTESIAN_POINT('Origin',(-1.52501085976054,5.33090804734077,0.759292517375522));
#16488=CARTESIAN_POINT('Origin',(-1.42501085976054,5.32759883368124,0.659292517375522));
#16489=CARTESIAN_POINT('',(-1.42501085976054,8.46090804734077,0.759292517375522));
#16490=CARTESIAN_POINT('Origin',(-1.52430018164188,5.20319160071323,-0.040707482624478));
#16491=CARTESIAN_POINT('',(-1.52430018164188,5.20319160071323,0.759292517375522));
#16492=CARTESIAN_POINT('',(-1.52805788440446,5.2069493034758,0.759292517375522));
#16493=CARTESIAN_POINT('',(-1.52430018164188,5.20319160071323,-0.040707482624478));
#16494=CARTESIAN_POINT('Origin',(-1.59501085976054,5.13248092259458,-0.040707482624478));
#16495=CARTESIAN_POINT('',(-1.49501085976054,5.13248092259458,0.759292517375522));
#16496=CARTESIAN_POINT('Origin',(-1.59501085976054,5.13248092259458,0.759292517375522));
#16497=CARTESIAN_POINT('',(-1.49501085976054,5.13248092259458,-0.040707482624478));
#16498=CARTESIAN_POINT('Origin',(-1.92501085976054,5.06090804734077,0.959292517375522));
#16499=CARTESIAN_POINT('',(-2.07501085976054,5.06090804734077,0.759292517375522));
#16500=CARTESIAN_POINT('',(0.834989140239462,5.06090804734077,0.759292517375522));
#16501=CARTESIAN_POINT('',(-1.92501085976054,5.06090804734077,0.759292517375522));
#16502=CARTESIAN_POINT('',(-0.345010859760539,5.06090804734077,0.759292517375522));
#16503=CARTESIAN_POINT('',(-1.92501085976054,5.06090804734077,0.959292517375522));
#16504=CARTESIAN_POINT('Origin',(-1.92501085976054,5.2633510432147,0.959292517375522));
#16505=CARTESIAN_POINT('',(-1.92501085976054,5.2633510432147,0.759292517375522));
#16506=CARTESIAN_POINT('',(-1.92501085976054,8.46090804734077,0.759292517375522));
#16507=CARTESIAN_POINT('',(-1.92501085976054,5.2633510432147,0.959292517375522));
#16508=CARTESIAN_POINT('Origin',(-1.82501085976054,5.2633510432147,0.959292517375522));
#16509=CARTESIAN_POINT('',(-1.84697972286144,5.36090804734077,0.759292517375522));
#16510=CARTESIAN_POINT('',(-1.84697972286144,5.36090804734077,0.959292517375522));
#16511=CARTESIAN_POINT('Origin',(-1.82501085976054,5.2633510432147,0.759292517375522));
#16512=CARTESIAN_POINT('Origin',(-1.54697972286144,5.42846505146683,0.959292517375522));
#16513=CARTESIAN_POINT('',(-1.84697972286144,5.36090804734077,0.759292517375522));
#16514=CARTESIAN_POINT('Origin',(0.834989140239462,8.09090804734077,0.759292517375522));
#16515=CARTESIAN_POINT('',(-2.17501085976054,5.46090804734077,0.759292517375522));
#16516=CARTESIAN_POINT('',(-2.74501085976054,5.46090804734077,0.759292517375522));
#16517=CARTESIAN_POINT('',(-2.07501085976054,5.36090804734076,0.759292517375522));
#16518=CARTESIAN_POINT('Origin',(-2.17501085976054,5.36090804734076,0.759292517375522));
#16519=CARTESIAN_POINT('',(-2.07501085976054,4.96090804734076,0.759292517375522));
#16520=CARTESIAN_POINT('Origin',(-2.58501085976054,5.68590804734077,0.0426065445206205));
#16521=CARTESIAN_POINT('',(-2.76178755505718,5.50913135204413,-0.186707482624478));
#16522=CARTESIAN_POINT('Origin',(-2.58501085976054,5.68590804734077,-0.186707482624478));
#16523=CARTESIAN_POINT('',(-2.76178755505718,5.50913135204413,-0.486707482624478));
#16524=CARTESIAN_POINT('Origin',(-2.58501085976054,5.68590804734077,-0.486707482624479));
#16525=CARTESIAN_POINT('',(-2.76178755505718,5.50913135204413,0.259292517375523));
#16526=CARTESIAN_POINT('Origin',(-2.93347995779597,5.68082375478291,-0.186707482624477));
#16527=CARTESIAN_POINT('',(-2.74949061584623,5.49683441283317,-0.186707482624478));
#16528=CARTESIAN_POINT('',(-2.60806925960892,5.63825576907048,-0.186707482624478));
#16529=CARTESIAN_POINT('',(-2.74949061584623,5.49683441283317,-0.186707482624478));
#16530=CARTESIAN_POINT('',(-2.62036619881987,5.65055270828144,-0.186707482624478));
#16531=CARTESIAN_POINT('',(-2.82741394061798,5.85760045007955,-0.186707482624478));
#16532=CARTESIAN_POINT('Origin',(-2.58501085976055,5.68590804734076,-0.186707482624478));
#16533=CARTESIAN_POINT('',(-2.96883529685529,5.71617909384224,-0.186707482624478));
#16534=CARTESIAN_POINT('Origin',(-2.58501085976054,5.68590804734077,0.0426065445206205));
#16535=CARTESIAN_POINT('',(-2.62036619881987,5.65055270828144,-0.486707482624478));
#16536=CARTESIAN_POINT('',(-2.62036619881987,5.65055270828144,0.259292517375523));
#16537=CARTESIAN_POINT('Origin',(-2.58501085976055,5.68590804734076,-0.486707482624479));
#16538=CARTESIAN_POINT('Origin',(-2.93347995779597,5.68082375478292,-0.486707482624477));
#16539=CARTESIAN_POINT('',(-2.61245347913728,5.64263998859884,-0.486707482624478));
#16540=CARTESIAN_POINT('',(-2.75387483537459,5.50121863236153,-0.486707482624478));
#16541=CARTESIAN_POINT('',(-2.75387483537459,5.50121863236153,-0.486707482624478));
#16542=CARTESIAN_POINT('',(-2.96883529685529,5.71617909384224,-0.486707482624478));
#16543=CARTESIAN_POINT('',(-2.82741394061798,5.85760045007955,-0.486707482624478));
#16544=CARTESIAN_POINT('Origin',(-2.75387483537459,5.50121863236153,-0.586707482624478));
#16545=CARTESIAN_POINT('',(-2.68599258438068,5.43333638136763,-0.558707482624478));
#16546=CARTESIAN_POINT('',(-2.54457122814337,5.57475773760493,-0.558707482624478));
#16547=CARTESIAN_POINT('',(-2.68599258438068,5.43333638136763,-0.558707482624478));
#16548=CARTESIAN_POINT('Origin',(-2.75387483537458,5.50121863236154,-0.586707482624475));
#16549=CARTESIAN_POINT('Origin',(-2.61245347913727,5.64263998859885,-0.586707482624478));
#16550=CARTESIAN_POINT('Origin',(-2.61811033338677,5.36545413037372,-0.530707482624478));
#16551=CARTESIAN_POINT('',(-2.61811033338677,5.36545413037372,-0.630707482624478));
#16552=CARTESIAN_POINT('Origin',(-2.61811033338677,5.36545413037372,-0.53070748262448));
#16553=CARTESIAN_POINT('',(-2.47668897714946,5.50687548661103,-0.630707482624479));
#16554=CARTESIAN_POINT('Origin',(-2.47668897714946,5.50687548661102,-0.530707482624479));
#16555=CARTESIAN_POINT('',(-2.47668897714946,5.50687548661103,-0.630707482624479));
#16556=CARTESIAN_POINT('Origin',(-2.36779453284673,5.11513832983368,-0.630707482624479));
#16557=CARTESIAN_POINT('',(-2.36779453284673,5.11513832983368,-0.630707482624479));
#16558=CARTESIAN_POINT('',(-2.22637317660942,5.25655968607099,-0.63070748262448));
#16559=CARTESIAN_POINT('',(-2.36779453284673,5.11513832983368,-0.630707482624479));
#16560=CARTESIAN_POINT('',(-2.96883529685529,5.71617909384224,-0.630707482624478));
#16561=CARTESIAN_POINT('',(-2.82741394061799,5.85760045007955,-0.630707482624479));
#16562=CARTESIAN_POINT('Origin',(-2.36779453284673,5.11513832983368,-0.530707482624479));
#16563=CARTESIAN_POINT('',(-2.29708385472807,5.04442765171502,-0.530707482624479));
#16564=CARTESIAN_POINT('Origin',(-2.36779453284673,5.11513832983368,-0.530707482624478));
#16565=CARTESIAN_POINT('',(-2.15566249849076,5.18584900795233,-0.53070748262448));
#16566=CARTESIAN_POINT('Origin',(-2.22637317660942,5.25655968607099,-0.53070748262448));
#16567=CARTESIAN_POINT('',(-2.29708385472807,5.04442765171503,-0.53070748262448));
#16568=CARTESIAN_POINT('Origin',(-2.74949061584623,5.49683441283317,-0.0867074826244779));
#16569=CARTESIAN_POINT('',(-2.70041923926068,5.44776303624763,-0.158707482624478));
#16570=CARTESIAN_POINT('Origin',(-2.74949061584623,5.49683441283317,-0.0867074826244761));
#16571=CARTESIAN_POINT('',(-2.55899788302337,5.58918439248494,-0.158707482624478));
#16572=CARTESIAN_POINT('',(-2.70041923926068,5.44776303624763,-0.158707482624478));
#16573=CARTESIAN_POINT('Origin',(-2.60806925960892,5.63825576907048,-0.0867074826244774));
#16574=CARTESIAN_POINT('Origin',(1.00498914023946,8.46090804734077,-1.8488213656329));
#16575=CARTESIAN_POINT('',(1.00498914023946,8.46090804734077,0.759292517375522));
#16576=CARTESIAN_POINT('',(1.00498914023946,8.46090804734077,0.759292517375522));
#16577=CARTESIAN_POINT('',(1.00498914023946,8.46090804734077,-1.69070748262448));
#16578=CARTESIAN_POINT('',(1.00498914023946,8.46090804734077,-1.69070748262448));
#16579=CARTESIAN_POINT('',(1.00498914023946,8.46090804734077,-0.790707482624478));
#16580=CARTESIAN_POINT('Origin',(-1.69501085976054,8.46090804734077,-1.8488213656329));
#16581=CARTESIAN_POINT('',(-1.69501085976054,8.46090804734077,0.759292517375522));
#16582=CARTESIAN_POINT('',(-1.74501085976054,8.31090804734077,0.759292517375522));
#16583=CARTESIAN_POINT('',(-1.69501085976054,8.46090804734077,-1.69070748262448));
#16584=CARTESIAN_POINT('',(-1.69501085976054,8.46090804734077,-0.790707482624478));
#16585=CARTESIAN_POINT('',(-1.69501085976054,8.46090804734077,-1.69070748262448));
#16586=CARTESIAN_POINT('Origin',(-0.345010859760539,8.46090804734077,0.759292517375522));
#16587=CARTESIAN_POINT('',(-1.49501085976054,8.46090804734077,0.759292517375522));
#16588=CARTESIAN_POINT('',(-1.49501085976054,8.46090804734077,0.759292517375522));
#16589=CARTESIAN_POINT('',(-0.345010859760539,8.46090804734077,0.759292517375522));
#16590=CARTESIAN_POINT('Origin',(-1.49501085976054,8.46090804734077,-0.040707482624478));
#16591=CARTESIAN_POINT('',(-1.49501085976054,8.46090804734077,-0.040707482624478));
#16592=CARTESIAN_POINT('',(-1.49501085976054,5.13248092259458,-0.040707482624478));
#16593=CARTESIAN_POINT('',(-1.49501085976054,8.46090804734077,-0.790707482624478));
#16594=CARTESIAN_POINT('Origin',(0.904989140239462,5.13248092259458,-0.040707482624478));
#16595=CARTESIAN_POINT('',(0.804989140239462,8.46090804734077,-0.040707482624478));
#16596=CARTESIAN_POINT('',(0.804989140239462,8.46090804734077,-0.040707482624478));
#16597=CARTESIAN_POINT('',(-0.345010859760539,8.46090804734077,-0.040707482624478));
#16598=CARTESIAN_POINT('Origin',(0.804989140239462,8.46090804734077,-0.040707482624478));
#16599=CARTESIAN_POINT('',(0.804989140239461,8.46090804734077,0.759292517375522));
#16600=CARTESIAN_POINT('',(0.804989140239462,8.46090804734077,-0.790707482624478));
#16601=CARTESIAN_POINT('',(0.804989140239461,8.46090804734077,0.759292517375522));
#16602=CARTESIAN_POINT('Origin',(-0.345010859760539,8.46090804734077,0.759292517375522));
#16603=CARTESIAN_POINT('',(-0.345010859760539,8.46090804734077,0.759292517375522));
#16604=CARTESIAN_POINT('Origin',(-2.59501085976054,7.31090804734077,-1.49070748262448));
#16605=CARTESIAN_POINT('',(-2.09501085976054,8.41090804734077,-1.49070748262448));
#16606=CARTESIAN_POINT('',(-2.59501085976054,8.41090804734077,-1.49070748262448));
#16607=CARTESIAN_POINT('',(-2.09501085976054,8.41090804734077,-1.49070748262448));
#16608=CARTESIAN_POINT('',(-2.59501085976054,8.41090804734077,-1.49070748262448));
#16609=CARTESIAN_POINT('',(-2.09501085976054,8.41090804734077,-1.49070748262448));
#16610=CARTESIAN_POINT('Origin',(-2.61501085976054,7.15907730902399,-0.580707482624478));
#16611=CARTESIAN_POINT('',(-2.61501085976054,7.15950984464745,-0.63027115584956));
#16612=CARTESIAN_POINT('',(-2.61501085976054,7.15950984464745,-0.63027115584956));
#16613=CARTESIAN_POINT('',(-2.61501085976054,7.16660145415443,-1.44288911649907));
#16614=CARTESIAN_POINT('',(-2.61501085976054,7.16660145415443,-1.44288911649907));
#16615=CARTESIAN_POINT('',(-2.61501085976054,7.15950984464745,-0.63027115584956));
#16616=CARTESIAN_POINT('Origin',(1.90498914023946,8.41090804734077,-1.49070748262448));
#16617=CARTESIAN_POINT('',(1.25498914023946,7.36090804734077,-1.49070748262448));
#16618=CARTESIAN_POINT('',(1.90498914023946,7.36090804734077,-1.49070748262448));
#16619=CARTESIAN_POINT('',(1.25498914023946,7.36090804734077,-1.49070748262448));
#16620=CARTESIAN_POINT('',(1.25498914023946,7.9672588800304,-1.49070748262448));
#16621=CARTESIAN_POINT('',(1.25498914023946,8.06090804734077,-1.49070748262448));
#16622=CARTESIAN_POINT('',(1.32998914023946,8.06408346368558,-1.49070748262448));
#16623=CARTESIAN_POINT('Origin',(1.35498914023946,7.9672588800304,-1.49070748262448));
#16624=CARTESIAN_POINT('',(1.40498914023946,8.16090804734077,-1.49070748262448));
#16625=CARTESIAN_POINT('Origin',(1.30498914023946,8.16090804734077,-1.49070748262448));
#16626=CARTESIAN_POINT('',(1.40498914023946,8.41090804734077,-1.49070748262448));
#16627=CARTESIAN_POINT('',(1.90498914023946,8.41090804734077,-1.49070748262448));
#16628=CARTESIAN_POINT('Origin',(-3.29501085976054,7.11876222835244,-1.69070748262448));
#16629=CARTESIAN_POINT('',(1.92498914023946,7.11090804734077,-0.7907074826245));
#16630=CARTESIAN_POINT('',(1.90498914023946,7.11090804734077,-0.790707482624478));
#16631=CARTESIAN_POINT('',(-0.345010859760539,7.11090804734077,-0.790707482624478));
#16632=CARTESIAN_POINT('',(1.90498914023946,7.11658051140475,-1.44070748262448));
#16633=CARTESIAN_POINT('',(1.92498914023946,7.11090804734077,-0.790707482624478));
#16634=CARTESIAN_POINT('Origin',(1.92498914023946,7.16090804734077,-0.790489315083442));
#16635=CARTESIAN_POINT('',(1.92498914023946,7.16090804734077,-0.510707482624478));
#16636=CARTESIAN_POINT('',(2.05498914023946,7.16090804734077,-0.510707482624478));
#16637=CARTESIAN_POINT('',(1.92498914023946,7.16090804734077,-1.44070748262448));
#16638=CARTESIAN_POINT('Origin',(1.92498914023946,7.41659193492048,-1.44070748262448));
#16639=CARTESIAN_POINT('',(1.92498914023946,7.11090804734077,-0.460707482624478));
#16640=CARTESIAN_POINT('Origin',(1.92498914023946,7.11090804734077,-0.510707482624478));
#16641=CARTESIAN_POINT('',(1.92498914023946,7.11090804734077,-1.69070748262448));
#16642=CARTESIAN_POINT('Origin',(1.63498914023946,5.66090804734077,0.759292517375522));
#16643=CARTESIAN_POINT('',(1.63498914023946,5.06090804734077,0.759292517375522));
#16644=CARTESIAN_POINT('',(1.63498914023946,5.06090804734077,0.959292517375522));
#16645=CARTESIAN_POINT('',(1.63498914023946,5.46090804734077,0.759292517375522));
#16646=CARTESIAN_POINT('',(1.63498914023946,8.09090804734077,0.759292517375522));
#16647=CARTESIAN_POINT('',(1.63498914023946,5.66090804734077,0.759292517375522));
#16648=CARTESIAN_POINT('',(1.63498914023946,8.46090804734077,0.759292517375522));
#16649=CARTESIAN_POINT('',(1.63498914023946,5.66090804734077,0.759292517375522));
#16650=CARTESIAN_POINT('Origin',(1.73498914023946,5.66090804734077,0.759292517375522));
#16651=CARTESIAN_POINT('',(1.73498914023946,5.76090804734076,0.759292517375522));
#16652=CARTESIAN_POINT('Origin',(1.73498914023946,5.66090804734077,0.759292517375522));
#16653=CARTESIAN_POINT('',(1.73498914023946,5.76090804734076,0.759292517375522));
#16654=CARTESIAN_POINT('Origin',(1.84498914023946,5.76090804734077,0.659292517375522));
#16655=CARTESIAN_POINT('',(1.84498914023946,6.26090804734076,0.759292517375522));
#16656=CARTESIAN_POINT('Origin',(1.84498914023946,6.26090804734076,0.659292517375522));
#16657=CARTESIAN_POINT('',(1.84498914023946,5.76090804734076,0.759292517375522));
#16658=CARTESIAN_POINT('Origin',(1.84498914023946,5.76090804734076,0.659292517375522));
#16659=CARTESIAN_POINT('',(1.84498914023946,8.09090804734077,0.759292517375522));
#16660=CARTESIAN_POINT('Origin',(1.72498914023946,6.26090804734076,0.759292517375522));
#16661=CARTESIAN_POINT('',(1.82498914023946,6.26090804734076,0.759292517375522));
#16662=CARTESIAN_POINT('',(1.82498914023946,6.26090804734076,0.759292517375522));
#16663=CARTESIAN_POINT('',(0.834989140239462,6.26090804734076,0.759292517375522));
#16664=CARTESIAN_POINT('Origin',(1.72498914023946,5.76090804734076,0.759292517375522));
#16665=CARTESIAN_POINT('',(1.78498914023946,5.76090804734076,0.759292517375522));
#16666=CARTESIAN_POINT('',(-0.345010859760539,5.76090804734076,0.759292517375522));
#16667=CARTESIAN_POINT('',(0.834989140239462,5.76090804734076,0.759292517375522));
#16668=CARTESIAN_POINT('Origin',(1.82498914023946,6.36090804734077,0.759292517375522));
#16669=CARTESIAN_POINT('',(1.78498914023946,6.26925653344165,0.759292517375522));
#16670=CARTESIAN_POINT('Origin',(1.82498914023982,6.36090804734362,0.759292517375522));
#16671=CARTESIAN_POINT('',(1.72700955052813,6.34090804734076,0.759292517375522));
#16672=CARTESIAN_POINT('Origin',(1.82498914023946,6.36090804734077,0.759292517375522));
#16673=CARTESIAN_POINT('Origin',(1.82498914028896,6.36090804734513,0.759292517375522));
#16674=CARTESIAN_POINT('Origin',(0.834989140239462,8.09090804734077,0.759292517375522));
#16675=CARTESIAN_POINT('',(1.45498914023946,7.25090804734076,0.759292517375522));
#16676=CARTESIAN_POINT('',(2.05498914023946,7.25090804734076,0.759292517375522));
#16677=CARTESIAN_POINT('',(1.45498914023946,6.34090804734076,0.759292517375522));
#16678=CARTESIAN_POINT('',(1.45498914023946,6.34090804734076,0.759292517375522));
#16679=CARTESIAN_POINT('',(1.45498914023946,5.82390227883188,0.759292517375522));
#16680=CARTESIAN_POINT('Origin',(2.05498914023946,7.25090804734076,0.709292517375522));
#16681=CARTESIAN_POINT('',(1.45498914023946,7.25090804734076,0.709292517375522));
#16682=CARTESIAN_POINT('',(1.45498914023946,7.25090804734076,5.45051491809279));
#16683=CARTESIAN_POINT('',(-0.345010859760539,7.25090804734076,0.709292517375522));
#16684=CARTESIAN_POINT('Origin',(1.45498914023946,5.82390227883188,5.45051491809279));
#16685=CARTESIAN_POINT('',(1.45498914023946,6.34090804734076,0.709292517375522));
#16686=CARTESIAN_POINT('',(1.45498914023946,6.34090804734076,0.709292517375522));
#16687=CARTESIAN_POINT('',(1.45498914023946,6.71090804734077,0.709292517375522));
#16688=CARTESIAN_POINT('Origin',(1.89498914023946,5.68590804734077,0.0426065445206205));
#16689=CARTESIAN_POINT('',(2.0717658355361,5.50913135204413,-0.186707482624478));
#16690=CARTESIAN_POINT('Origin',(1.89498914023947,5.68590804734077,-0.186707482624479));
#16691=CARTESIAN_POINT('',(2.0717658355361,5.50913135204413,-0.486707482624478));
#16692=CARTESIAN_POINT('',(2.0717658355361,5.50913135204413,0.259292517375523));
#16693=CARTESIAN_POINT('Origin',(1.89498914023947,5.68590804734076,-0.486707482624479));
#16694=CARTESIAN_POINT('Origin',(1.67777281332565,5.11513832983368,-0.630707482624479));
#16695=CARTESIAN_POINT('',(1.92808861386569,5.36545413037372,-0.630707482624478));
#16696=CARTESIAN_POINT('',(1.78666725762838,5.50687548661103,-0.630707482624479));
#16697=CARTESIAN_POINT('',(1.92808861386569,5.36545413037372,-0.630707482624478));
#16698=CARTESIAN_POINT('',(1.67777281332565,5.11513832983368,-0.630707482624479));
#16699=CARTESIAN_POINT('',(2.27881357733422,5.71617909384224,-0.630707482624479));
#16700=CARTESIAN_POINT('',(1.53635145708834,5.25655968607099,-0.63070748262448));
#16701=CARTESIAN_POINT('',(1.67777281332565,5.11513832983368,-0.630707482624479));
#16702=CARTESIAN_POINT('',(2.13739222109691,5.85760045007955,-0.63070748262448));
#16703=CARTESIAN_POINT('Origin',(1.92808861386569,5.36545413037372,-0.530707482624478));
#16704=CARTESIAN_POINT('',(1.9959708648596,5.43333638136763,-0.558707482624478));
#16705=CARTESIAN_POINT('Origin',(1.92808861386569,5.36545413037372,-0.530707482624478));
#16706=CARTESIAN_POINT('',(1.85454950862229,5.57475773760493,-0.558707482624478));
#16707=CARTESIAN_POINT('Origin',(1.78666725762838,5.50687548661102,-0.53070748262448));
#16708=CARTESIAN_POINT('',(1.9959708648596,5.43333638136763,-0.558707482624478));
#16709=CARTESIAN_POINT('Origin',(2.06385311585351,5.50121863236153,-0.586707482624478));
#16710=CARTESIAN_POINT('',(1.9224317596162,5.64263998859884,-0.486707482624478));
#16711=CARTESIAN_POINT('',(2.06385311585351,5.50121863236153,-0.486707482624478));
#16712=CARTESIAN_POINT('',(1.9224317596162,5.64263998859884,-0.486707482624478));
#16713=CARTESIAN_POINT('Origin',(2.06385311585351,5.50121863236154,-0.586707482624478));
#16714=CARTESIAN_POINT('Origin',(1.9224317596162,5.64263998859884,-0.586707482624477));
#16715=CARTESIAN_POINT('Origin',(2.24345823827489,5.68082375478292,-0.486707482624477));
#16716=CARTESIAN_POINT('',(1.93034447929879,5.65055270828144,-0.486707482624478));
#16717=CARTESIAN_POINT('',(2.13739222109691,5.85760045007955,-0.486707482624478));
#16718=CARTESIAN_POINT('Origin',(1.89498914023946,5.68590804734077,-0.486707482624477));
#16719=CARTESIAN_POINT('',(2.27881357733422,5.71617909384224,-0.486707482624478));
#16720=CARTESIAN_POINT('Origin',(1.89498914023946,5.68590804734077,0.0426065445206205));
#16721=CARTESIAN_POINT('',(1.93034447929879,5.65055270828144,-0.186707482624478));
#16722=CARTESIAN_POINT('',(1.93034447929879,5.65055270828144,0.259292517375523));
#16723=CARTESIAN_POINT('Origin',(1.89498914023947,5.68590804734077,-0.186707482624478));
#16724=CARTESIAN_POINT('Origin',(2.24345823827489,5.68082375478291,-0.186707482624477));
#16725=CARTESIAN_POINT('',(2.05946889632515,5.49683441283317,-0.186707482624478));
#16726=CARTESIAN_POINT('',(2.27881357733422,5.71617909384224,-0.186707482624478));
#16727=CARTESIAN_POINT('',(1.91804754008784,5.63825576907048,-0.186707482624478));
#16728=CARTESIAN_POINT('',(2.13739222109691,5.85760045007955,-0.186707482624478));
#16729=CARTESIAN_POINT('',(2.05946889632515,5.49683441283317,-0.186707482624478));
#16730=CARTESIAN_POINT('Origin',(2.05946889632515,5.49683441283317,-0.0867074826244779));
#16731=CARTESIAN_POINT('',(2.01039751973961,5.44776303624763,-0.158707482624478));
#16732=CARTESIAN_POINT('',(1.8689761635023,5.58918439248494,-0.158707482624478));
#16733=CARTESIAN_POINT('',(2.01039751973961,5.44776303624763,-0.158707482624478));
#16734=CARTESIAN_POINT('Origin',(2.05946889632515,5.49683441283318,-0.0867074826244772));
#16735=CARTESIAN_POINT('Origin',(1.91804754008784,5.63825576907048,-0.0867074826244788));
#16736=CARTESIAN_POINT('Origin',(1.67777281332565,5.11513832983368,-0.530707482624479));
#16737=CARTESIAN_POINT('',(1.607062135207,5.04442765171503,-0.530707482624479));
#16738=CARTESIAN_POINT('Origin',(1.67777281332565,5.11513832983368,-0.530707482624479));
#16739=CARTESIAN_POINT('',(1.46564077896969,5.18584900795233,-0.530707482624479));
#16740=CARTESIAN_POINT('',(1.607062135207,5.04442765171503,-0.530707482624479));
#16741=CARTESIAN_POINT('Origin',(1.53635145708834,5.25655968607099,-0.53070748262448));
#16742=CARTESIAN_POINT('Origin',(0.834989140239462,8.09090804734077,0.759292517375522));
#16743=CARTESIAN_POINT('',(1.38498914023946,5.36090804734076,0.759292517375522));
#16744=CARTESIAN_POINT('',(1.48498914023946,5.46090804734077,0.759292517375522));
#16745=CARTESIAN_POINT('Origin',(1.48498914023946,5.36090804734076,0.759292517375522));
#16746=CARTESIAN_POINT('',(2.05498914023946,5.46090804734077,0.759292517375522));
#16747=CARTESIAN_POINT('',(1.38498914023946,5.06090804734077,0.759292517375522));
#16748=CARTESIAN_POINT('',(1.23498914023946,5.06090804734077,0.759292517375522));
#16749=CARTESIAN_POINT('',(1.38498914023946,4.96090804734076,0.759292517375522));
#16750=CARTESIAN_POINT('Origin',(0.834278462120807,5.20319160071323,-0.040707482624478));
#16751=CARTESIAN_POINT('',(0.834278462120807,5.20319160071323,0.759292517375522));
#16752=CARTESIAN_POINT('',(0.834278462120807,5.20319160071323,-0.040707482624478));
#16753=CARTESIAN_POINT('',(0.834278462120807,5.20319160071323,0.759292517375522));
#16754=CARTESIAN_POINT('Origin',(0.734989140239462,5.08090804734077,0.959292517375522));
#16755=CARTESIAN_POINT('',(0.734989140239462,5.33090804734077,0.759292517375522));
#16756=CARTESIAN_POINT('',(0.734989140239462,8.46090804734077,0.759292517375522));
#16757=CARTESIAN_POINT('',(0.734989140239462,5.33090804734077,0.959292517375522));
#16758=CARTESIAN_POINT('Origin',(0.834989140239462,5.33090804734077,0.959292517375522));
#16759=CARTESIAN_POINT('',(0.856958003340367,5.42846505146683,0.759292517375522));
#16760=CARTESIAN_POINT('',(0.856958003340368,5.42846505146683,0.959292517375522));
#16761=CARTESIAN_POINT('Origin',(0.834989140239461,5.33090804734077,0.759292517375522));
#16762=CARTESIAN_POINT('Origin',(0.856958003340368,5.42846505146683,0.959292517375522));
#16763=CARTESIAN_POINT('',(1.15695800334037,5.36090804734077,0.759292517375522));
#16764=CARTESIAN_POINT('',(1.15695800334037,5.36090804734077,0.959292517375522));
#16765=CARTESIAN_POINT('',(0.856958003340367,5.42846505146683,0.759292517375522));
#16766=CARTESIAN_POINT('Origin',(1.13498914023946,5.2633510432147,0.959292517375522));
#16767=CARTESIAN_POINT('',(1.23498914023946,5.2633510432147,0.759292517375522));
#16768=CARTESIAN_POINT('',(1.23498914023946,5.2633510432147,0.959292517375522));
#16769=CARTESIAN_POINT('Origin',(1.13498914023946,5.2633510432147,0.759292517375522));
#16770=CARTESIAN_POINT('Origin',(1.23498914023946,5.2633510432147,0.959292517375522));
#16771=CARTESIAN_POINT('',(1.23498914023946,5.06090804734077,0.759292517375522));
#16772=CARTESIAN_POINT('',(1.23498914023946,8.46090804734077,0.759292517375522));
#16773=CARTESIAN_POINT('',(1.23498914023946,5.06090804734077,0.959292517375522));
#16774=CARTESIAN_POINT('Origin',(1.23498914023946,5.06090804734077,0.959292517375522));
#16775=CARTESIAN_POINT('',(-0.345010859760539,5.06090804734077,0.759292517375522));
#16776=CARTESIAN_POINT('Origin',(0.904989140239462,5.13248092259458,-0.040707482624478));
#16777=CARTESIAN_POINT('',(0.804989140239462,5.13248092259458,0.759292517375522));
#16778=CARTESIAN_POINT('',(0.804989140239462,5.13248092259458,-0.040707482624478));
#16779=CARTESIAN_POINT('Origin',(0.904989140239461,5.13248092259458,0.759292517375522));
#16780=CARTESIAN_POINT('Origin',(0.404989140239462,5.03090804734076,-0.277310023002922));
#16781=CARTESIAN_POINT('',(0.404989140239462,5.01090804734076,-0.277310023002922));
#16782=CARTESIAN_POINT('',(0.404989140239462,4.96090804734076,-0.277310023002922));
#16783=CARTESIAN_POINT('',(-1.09501085976054,5.01090804734076,-0.277310023002922));
#16784=CARTESIAN_POINT('',(-1.09501085976054,5.03090804734076,-0.277310023002922));
#16785=CARTESIAN_POINT('',(0.404989140239462,5.01090804734076,-0.277310023002922));
#16786=CARTESIAN_POINT('Origin',(-2.29708385472807,5.04442765171503,-0.130707482624479));
#16787=CARTESIAN_POINT('',(-2.31969036787309,5.06703416486004,-0.124313395126949));
#16788=CARTESIAN_POINT('',(-2.22460345910232,5.11690804734078,-0.13070748262448));
#16789=CARTESIAN_POINT('',(-2.31969036787309,5.06703416486004,-0.124313395126949));
#16790=CARTESIAN_POINT('',(-2.29708385472807,5.04442765171503,-0.130707482624479));
#16791=CARTESIAN_POINT('',(-2.29708385472807,5.04442765171502,-0.130707482624479));
#16792=CARTESIAN_POINT('',(-2.29708385472807,5.04442765171503,-0.130707482624479));
#16793=CARTESIAN_POINT('Origin',(-2.29708385472807,5.04442765171503,-0.130707482624479));
#16794=CARTESIAN_POINT('',(-2.15566249849076,5.18584900795233,-0.139546067318269));
#16795=CARTESIAN_POINT('',(-2.22460345910232,5.11690804734078,-0.13070748262448));
#16796=CARTESIAN_POINT('',(-2.29708385472807,5.04442765171503,0.259292517375523));
#16797=CARTESIAN_POINT('',(-2.15566249849076,5.18584900795234,0.259292517375523));
#16798=CARTESIAN_POINT('Origin',(-0.345010859760539,6.71090804734077,0.709292517375522));
#16799=CARTESIAN_POINT('',(-2.52501085976054,6.34090804734076,0.709292517375522));
#16800=CARTESIAN_POINT('',(-2.57501085976054,6.34090804734076,0.709292517375522));
#16801=CARTESIAN_POINT('',(-2.14501085976054,6.34090804734076,0.709292517375522));
#16802=CARTESIAN_POINT('Origin',(-0.345010859760539,8.46090804734077,0.759292517375522));
#16803=CARTESIAN_POINT('',(-2.47501085976054,6.34090804734076,0.759292517375522));
#16804=CARTESIAN_POINT('',(-2.14501085976054,6.34090804734076,0.759292517375522));
#16805=CARTESIAN_POINT('',(-2.47501085976054,6.34090804734076,0.759292517375522));
#16806=CARTESIAN_POINT('Origin',(0.834989140239462,8.09090804734077,0.759292517375522));
#16807=CARTESIAN_POINT('',(-2.47501085976054,6.34090804734076,0.759292517375522));
#16808=CARTESIAN_POINT('Origin',(-0.345010859760539,8.46090804734077,0.759292517375522));
#16809=CARTESIAN_POINT('',(-2.47501085976054,5.46090804734077,0.759292517375522));
#16810=CARTESIAN_POINT('',(-2.47501085976054,6.34090804734076,0.759292517375522));
#16811=CARTESIAN_POINT('',(-2.74501085976054,5.46090804734077,0.759292517375522));
#16812=CARTESIAN_POINT('Origin',(-2.14501085976054,6.34090804734076,0.709292517375522));
#16813=CARTESIAN_POINT('',(-2.57501085976054,6.34090804734076,0.659292517375522));
#16814=CARTESIAN_POINT('Origin',(-2.17501085976054,5.36090804734076,0.659292517375522));
#16815=CARTESIAN_POINT('',(-2.17501085976054,5.46090804734077,0.659292517375522));
#16816=CARTESIAN_POINT('',(-2.17501085976054,5.46090804734077,0.659292517375522));
#16817=CARTESIAN_POINT('',(-2.07501085976054,5.36090804734076,0.659292517375522));
#16818=CARTESIAN_POINT('Origin',(-2.17501085976054,5.36090804734076,0.659292517375522));
#16819=CARTESIAN_POINT('',(-2.07501085976054,5.36090804734076,0.659292517375522));
#16820=CARTESIAN_POINT('Origin',(-2.74501085976054,5.46090804734077,0.659292517375522));
#16821=CARTESIAN_POINT('',(-2.57501085976054,5.46090804734077,0.659292517375522));
#16822=CARTESIAN_POINT('',(-2.57501085976054,5.46090804734077,0.659292517375522));
#16823=CARTESIAN_POINT('',(-2.17501085976054,5.46090804734077,0.659292517375522));
#16824=CARTESIAN_POINT('Origin',(-1.49501085976054,4.96090804734076,-0.040707482624478));
#16825=CARTESIAN_POINT('',(-1.49501085976054,4.96090804734076,0.759292517375522));
#16826=CARTESIAN_POINT('',(-1.49501085976054,4.96090804734076,-0.790707482624478));
#16827=CARTESIAN_POINT('',(-1.49501085976054,8.46090804734077,0.759292517375522));
#16828=CARTESIAN_POINT('Origin',(-0.345010859760539,8.46090804734077,0.759292517375522));
#16829=CARTESIAN_POINT('',(-2.07501085976054,4.96090804734076,0.759292517375522));
#16830=CARTESIAN_POINT('',(-2.07501085976054,4.96090804734076,0.759292517375522));
#16831=CARTESIAN_POINT('',(2.05498914023946,4.96090804734076,0.759292517375522));
#16832=CARTESIAN_POINT('Origin',(-2.07501085976054,4.96090804734076,0.659292517375522));
#16833=CARTESIAN_POINT('',(-2.07501085976054,4.96090804734076,0.659292517375522));
#16834=CARTESIAN_POINT('',(-2.07501085976054,5.36090804734076,0.659292517375522));
#16835=CARTESIAN_POINT('',(-2.07501085976054,4.96090804734076,-0.790707482624478));
#16836=CARTESIAN_POINT('Origin',(-2.37479626979985,5.1221400667868,-0.110707482624479));
#16837=CARTESIAN_POINT('',(-2.54592310073938,5.36127383065296,-0.110707482624478));
#16838=CARTESIAN_POINT('',(-2.53601510171246,5.28335889869941,-0.110707482624479));
#16839=CARTESIAN_POINT('',(-2.54592310073938,5.36127383065296,-0.110707482624479));
#16840=CARTESIAN_POINT('',(-2.57992656720269,5.32727036418964,-0.110707482624478));
#16841=CARTESIAN_POINT('',(-2.57992656720269,5.32727036418964,-0.110707482624478));
#16842=CARTESIAN_POINT('',(-2.96883529685529,5.71617909384224,-0.110707482624479));
#16843=CARTESIAN_POINT('Origin',(-2.96883529685529,5.71617909384224,0.259292517375523));
#16844=CARTESIAN_POINT('',(-2.49501085976054,5.24235465674749,-0.146790381266366));
#16845=CARTESIAN_POINT('',(-2.49501085976054,5.24235465674749,-0.146790381266366));
#16846=CARTESIAN_POINT('',(-2.53601510171246,5.28335889869941,-0.110707482624479));
#16847=CARTESIAN_POINT('',(-2.61074863721754,5.35809243420449,-0.120707482624478));
#16848=CARTESIAN_POINT('Origin',(-2.57992656720269,5.32727036418965,-0.210707482624478));
#16849=CARTESIAN_POINT('',(-2.64157070723238,5.38891450421933,-0.130707482624478));
#16850=CARTESIAN_POINT('Origin',(-2.64157070723239,5.38891450421933,-0.0307074826244786));
#16851=CARTESIAN_POINT('',(-2.65134786267514,5.39869165966209,-0.130707482624478));
#16852=CARTESIAN_POINT('',(-2.64157070723238,5.38891450421933,-0.130707482624478));
#16853=CARTESIAN_POINT('Origin',(-2.65134786267515,5.39869165966209,-0.230707482624475));
#16854=CARTESIAN_POINT('Origin',(-2.82741394061798,5.85760045007955,0.259292517375523));
#16855=CARTESIAN_POINT('',(-2.49501085976054,5.52519736922211,-0.183052267481061));
#16856=CARTESIAN_POINT('',(-2.15566249849076,5.18584900795233,-0.139546067318269));
#16857=CARTESIAN_POINT('',(-2.54207275344834,5.57225926290991,-0.141638758561096));
#16858=CARTESIAN_POINT('Origin',(-2.50992650645665,5.54011301591825,-0.230707482586049));
#16859=CARTESIAN_POINT('',(-2.49501085976054,5.52519736922211,-0.183052267481061));
#16860=CARTESIAN_POINT('Origin',(-2.65134786267514,5.39869165966209,-0.230707482624478));
#16861=CARTESIAN_POINT('',(-2.54443870942313,5.5056008129141,-0.130707482624479));
#16862=CARTESIAN_POINT('',(-2.65134786267514,5.39869165966209,-0.130707482624478));
#16863=CARTESIAN_POINT('Origin',(-2.45644074403166,5.59359877830558,-0.230707482624479));
#16864=CARTESIAN_POINT('Origin',(-2.68599258438067,5.43333638136762,-0.130707482624478));
#16865=CARTESIAN_POINT('',(-2.54223263304806,5.48825257840366,-0.130707482624479));
#16866=CARTESIAN_POINT('',(-2.54443870942313,5.5056008129141,-0.130707482624479));
#16867=CARTESIAN_POINT('',(-2.64157070723238,5.38891450421933,-0.130707482624478));
#16868=CARTESIAN_POINT('Origin',(-2.64157070723238,5.38891450421933,-0.0307074826244782));
#16869=CARTESIAN_POINT('',(-2.54407786689372,5.42476320452831,-0.120707482624478));
#16870=CARTESIAN_POINT('Origin',(-2.63023059843953,5.40025461301218,-0.0307074826244782));
#16871=CARTESIAN_POINT('',(-2.61074863721754,5.35809243420449,-0.120707482624478));
#16872=CARTESIAN_POINT('Origin',(-2.57992656720269,5.32727036418964,-0.210707482624478));
#16873=CARTESIAN_POINT('Origin',(-2.4579251353479,5.44927179604443,-0.210707482624479));
#16874=CARTESIAN_POINT('Origin',(-2.59501085976054,7.31090804734077,-0.580707482624478));
#16875=CARTESIAN_POINT('',(-2.59501085976054,7.11090804734077,-1.44070748262448));
#16876=CARTESIAN_POINT('',(-2.59501085976054,7.11090804734077,-0.790707482624729));
#16877=CARTESIAN_POINT('',(-2.59501085976054,7.11090804734077,-1.1907036748584));
#16878=CARTESIAN_POINT('',(-2.59501085976054,7.11659955023515,-1.44288911649903));
#16879=CARTESIAN_POINT('',(-2.59501085976054,7.11876222835244,-1.69070748262448));
#16880=CARTESIAN_POINT('',(-2.59501085976054,7.36090856695353,-1.69067520393786));
#16881=CARTESIAN_POINT('Origin',(-2.59501085976054,7.36659003100119,-1.44070748262448));
#16882=CARTESIAN_POINT('Origin',(-2.59501085976054,7.36090804734077,-1.44070748262448));
#16883=CARTESIAN_POINT('Origin',(-3.29501085976054,7.11876222835244,-1.69070748262448));
#16884=CARTESIAN_POINT('',(-2.61501085976054,7.11659955023515,-1.44288911649905));
#16885=CARTESIAN_POINT('',(-3.29501085976054,7.11659955023515,-1.44288911649903));
#16886=CARTESIAN_POINT('',(-2.61501085976054,7.11090804734077,-0.790707482624546));
#16887=CARTESIAN_POINT('',(-0.345010859760539,7.11090804734077,-0.79070748262458));
#16888=CARTESIAN_POINT('',(-2.61501085976054,7.11659955023515,-1.44288911649907));
#16889=CARTESIAN_POINT('Origin',(-2.61501085976054,7.10951174849424,-0.630707482624478));
#16890=CARTESIAN_POINT('',(-2.59501085976054,7.10951174849424,-0.580707482624478));
#16891=CARTESIAN_POINT('',(-1.93501085976054,7.10951174849424,-0.580707482624478));
#16892=CARTESIAN_POINT('',(-2.61501085976054,7.11090804734077,-0.580726982931786));
#16893=CARTESIAN_POINT('Origin',(-2.61501085976054,7.10951174849424,-0.630707482624478));
#16894=CARTESIAN_POINT('',(-2.59501085976054,7.11090804734077,-0.580726982931786));
#16895=CARTESIAN_POINT('',(-0.345010859760539,7.11090804734077,-0.580726982931786));
#16896=CARTESIAN_POINT('Origin',(-2.59501085976054,7.10951174849424,-0.630707482624478));
#16897=CARTESIAN_POINT('Origin',(-2.59501085976054,7.06090804734076,-0.630707482624478));
#16898=CARTESIAN_POINT('',(-2.59501085976054,7.11090804734077,-0.630707482624478));
#16899=CARTESIAN_POINT('',(-2.59501085976054,7.11090804734077,-1.69070748262448));
#16900=CARTESIAN_POINT('',(-2.59501085976054,7.06090804734076,-0.580707482624478));
#16901=CARTESIAN_POINT('Origin',(-2.59501085976054,7.06090804734077,-0.630707482624478));
#16902=CARTESIAN_POINT('',(-2.59501085976054,7.11090804734077,-0.580707482624478));
#16903=CARTESIAN_POINT('Origin',(-1.94501085976054,7.36090804734077,-1.44070748262448));
#16904=CARTESIAN_POINT('',(-1.94501085976054,7.11375379878796,-1.44179829956177));
#16905=CARTESIAN_POINT('',(-1.94501085976054,7.36090876049573,-1.69067520602137));
#16906=CARTESIAN_POINT('Origin',(-1.94501085976054,7.36659003100119,-1.44070748262448));
#16907=CARTESIAN_POINT('Origin',(-1.94501085976054,7.36090804734077,-1.44070748262448));
#16908=CARTESIAN_POINT('Origin',(1.35498914023946,7.9672588800304,-1.69070748262448));
#16909=CARTESIAN_POINT('',(1.32998914023946,8.06408346368558,-1.69070748262448));
#16910=CARTESIAN_POINT('',(1.32998914023946,8.06408346368558,-1.69070748262448));
#16911=CARTESIAN_POINT('',(1.25498914023946,7.9672588800304,-1.69070748262448));
#16912=CARTESIAN_POINT('',(1.25498914023946,7.9672588800304,-1.69070748262448));
#16913=CARTESIAN_POINT('Origin',(1.35498914023946,7.9672588800304,-1.69070748262448));
#16914=CARTESIAN_POINT('Origin',(1.30498914023946,8.16090804734077,-1.69070748262448));
#16915=CARTESIAN_POINT('',(1.40498914023946,8.16090804734077,-1.69070748262448));
#16916=CARTESIAN_POINT('Origin',(1.30498914023946,8.16090804734077,-1.69070748262448));
#16917=CARTESIAN_POINT('',(1.40498914023946,8.16090804734077,-1.69070748262448));
#16918=CARTESIAN_POINT('Origin',(1.40498914023946,8.41090804734077,-1.69070748262448));
#16919=CARTESIAN_POINT('',(1.40498914023946,7.11090804734077,-1.69070748262448));
#16920=CARTESIAN_POINT('Origin',(-0.345010859760539,8.46090804734077,-0.790707482624478));
#16921=CARTESIAN_POINT('',(-0.345010859760539,8.46090804734077,-1.69070748262448));
#16922=CARTESIAN_POINT('Origin',(-2.09501085976054,8.41090804734077,-1.69070748262448));
#16923=CARTESIAN_POINT('',(-2.09501085976054,8.41090804734077,-1.69070748262448));
#16924=CARTESIAN_POINT('',(-2.09501085976054,7.11090804734077,-1.69070748262448));
#16925=CARTESIAN_POINT('',(-2.09501085976054,8.41090804734077,-1.69070748262448));
#16926=CARTESIAN_POINT('Origin',(-2.09501085976054,8.41090804734077,-1.69070748262448));
#16927=CARTESIAN_POINT('',(-2.59501085976054,8.41090804734077,-1.69070748262448));
#16928=CARTESIAN_POINT('',(-0.345010859760539,8.41090804734077,-1.69070748262448));
#16929=CARTESIAN_POINT('',(-2.59501085976054,8.41090804734077,-1.69070748262448));
#16930=CARTESIAN_POINT('Origin',(-2.59501085976054,8.41090804734077,-1.69070748262448));
#16931=CARTESIAN_POINT('',(-2.59501085976054,7.11090804734077,-1.69070748262448));
#16932=CARTESIAN_POINT('Origin',(-2.61501085976054,7.41659193492048,-1.44070748262448));
#16933=CARTESIAN_POINT('',(-2.61501085976054,7.41659193492048,-1.69070748262448));
#16934=CARTESIAN_POINT('Origin',(-2.61501085976054,7.41659193492048,-1.44070748262448));
#16935=CARTESIAN_POINT('',(-0.345010859760539,7.41659193492048,-1.69070748262448));
#16936=CARTESIAN_POINT('Origin',(-2.61501085976054,7.41659193492048,-1.44070748262448));
#16937=CARTESIAN_POINT('',(-2.61501085976054,7.36659003100119,-1.69070748262448));
#16938=CARTESIAN_POINT('Origin',(-2.61501085976054,7.36659003100119,-1.44070748262448));
#16939=CARTESIAN_POINT('',(-2.61501085976054,7.11090804734077,-1.69070748262448));
#16940=CARTESIAN_POINT('',(-2.61501085976054,7.11090804734077,-1.69070748262448));
#16941=CARTESIAN_POINT('Origin',(-3.29501085976054,7.36659003100119,-1.44070748262448));
#16942=CARTESIAN_POINT('',(-2.59501085976054,7.36659003100119,-1.69070748262448));
#16943=CARTESIAN_POINT('',(-2.59501085976054,7.36659003100119,-1.69070748262448));
#16944=CARTESIAN_POINT('',(-0.345010859760539,7.36659003100119,-1.69070748262448));
#16945=CARTESIAN_POINT('Origin',(-2.59501085976054,7.36090804734077,-1.44070748262448));
#16946=CARTESIAN_POINT('',(-0.345010859760539,7.36090804734077,-1.69070748262448));
#16947=CARTESIAN_POINT('',(-2.59501085976054,7.11090804734077,-1.44070748262448));
#16948=CARTESIAN_POINT('Origin',(1.50498914023946,7.31090804734077,-0.460707482624477));
#16949=CARTESIAN_POINT('',(1.25498914023946,7.31090804734077,-1.30070748262447));
#16950=CARTESIAN_POINT('',(1.47569981835812,7.31090804734077,-1.07999680450582));
#16951=CARTESIAN_POINT('',(1.50498914023946,7.31090804734077,-1.05070748262448));
#16952=CARTESIAN_POINT('',(1.25498914023946,7.31090804734077,-1.44070748262448));
#16953=CARTESIAN_POINT('',(1.25498914023946,7.31090804734077,-1.30070748262447));
#16954=CARTESIAN_POINT('',(1.90498914023946,7.31090804734077,-1.44070748262448));
#16955=CARTESIAN_POINT('',(1.25498914023946,7.31090804734077,-1.44070748262448));
#16956=CARTESIAN_POINT('',(1.90498914023946,7.31090804734076,-0.510707482624477));
#16957=CARTESIAN_POINT('',(1.90498914023946,7.31090804734077,-0.460707482624477));
#16958=CARTESIAN_POINT('',(1.50498914023946,7.31090804734077,-0.510707482624477));
#16959=CARTESIAN_POINT('',(1.90498914023946,7.31090804734077,-0.510707482624477));
#16960=CARTESIAN_POINT('',(1.50498914023946,7.31090804734077,-1.00928612638717));
#16961=CARTESIAN_POINT('',(1.50498914023946,7.31090804734077,-0.460707482624477));
#16962=CARTESIAN_POINT('Origin',(1.40498914023946,7.31090804734077,-1.00928612638717));
#16963=CARTESIAN_POINT('Origin',(1.25498914023946,7.36090804734077,-1.44070748262448));
#16964=CARTESIAN_POINT('Origin',(1.90498914023946,7.36090804734077,-1.44070748262448));
#16965=CARTESIAN_POINT('Origin',(1.25498914023946,7.36090804734077,-1.44070748262448));
#16966=CARTESIAN_POINT('Origin',(1.90498914023946,7.06090804734076,-0.510707482624478));
#16967=CARTESIAN_POINT('',(1.50498914023946,7.06090804734076,-0.260707482624478));
#16968=CARTESIAN_POINT('Origin',(1.50498914023946,7.06090804734076,-0.510707482624478));
#16969=CARTESIAN_POINT('',(1.90498914023946,7.06090804734076,-0.260707482624478));
#16970=CARTESIAN_POINT('Origin',(1.90498914023946,7.06090804734076,-0.510707482624478));
#16971=CARTESIAN_POINT('',(0.503517277663316,7.06090804734076,-0.260707482624478));
#16972=CARTESIAN_POINT('Origin',(1.40498914023946,7.01090804734076,-0.260707482624478));
#16973=CARTESIAN_POINT('',(1.50498914023946,7.01090804734076,-0.460707482624478));
#16974=CARTESIAN_POINT('',(1.40498914023946,6.91090804734077,-0.460707482624478));
#16975=CARTESIAN_POINT('Origin',(1.40498914023946,7.01090804734076,-0.460707482624478));
#16976=CARTESIAN_POINT('',(1.50498914023946,7.01090804734076,-0.260707482624478));
#16977=CARTESIAN_POINT('',(1.50498914023946,7.01090804734076,-0.260707482624478));
#16978=CARTESIAN_POINT('',(1.40498914023946,6.91090804734077,-0.260707482624478));
#16979=CARTESIAN_POINT('Origin',(1.40498914023946,7.01090804734076,-0.260707482624478));
#16980=CARTESIAN_POINT('',(1.40498914023946,6.91090804734077,-0.260707482624478));
#16981=CARTESIAN_POINT('Origin',(-0.345010859760539,7.11090804734077,-1.69070748262448));
#16982=CARTESIAN_POINT('',(1.90498914023946,7.11090804734077,-0.460707482624478));
#16983=CARTESIAN_POINT('',(2.05498914023946,7.11090804734077,-0.460707482624478));
#16984=CARTESIAN_POINT('',(1.90498914023946,7.11090804734077,-0.510707482624478));
#16985=CARTESIAN_POINT('Origin',(2.05498914023946,7.11090804734077,-0.510707482624478));
#16986=CARTESIAN_POINT('',(2.05498914023946,7.11090804734077,-0.460707482624478));
#16987=CARTESIAN_POINT('Origin',(1.83498914023946,6.41090804734077,-0.460707482624478));
#16988=CARTESIAN_POINT('',(1.73498914023946,6.41090804734077,-0.260707482624478));
#16989=CARTESIAN_POINT('',(1.81998914023946,6.50977664700719,-0.260707482624478));
#16990=CARTESIAN_POINT('Origin',(1.83498914023946,6.41090804734076,-0.260707482624478));
#16991=CARTESIAN_POINT('',(1.81998914023946,6.50977664700719,-0.460707482624478));
#16992=CARTESIAN_POINT('',(1.81998914023946,6.50977664700719,-0.460707482624478));
#16993=CARTESIAN_POINT('',(1.73498914023946,6.41090804734077,-0.460707482624478));
#16994=CARTESIAN_POINT('Origin',(1.83498914023946,6.41090804734077,-0.460707482624478));
#16995=CARTESIAN_POINT('',(1.73498914023946,6.41090804734077,-0.460707482624478));
#16996=CARTESIAN_POINT('Origin',(1.80498914023946,6.60864524667362,-0.460707482624478));
#16997=CARTESIAN_POINT('',(1.90498914023946,6.60864524667362,-0.460707482624478));
#16998=CARTESIAN_POINT('',(1.90498914023946,6.60864524667362,-0.260707482624478));
#16999=CARTESIAN_POINT('',(1.90498914023946,6.60864524667362,-0.260707482624478));
#17000=CARTESIAN_POINT('Origin',(1.80498914023946,6.60864524667362,-0.460707482624478));
#17001=CARTESIAN_POINT('Origin',(1.80498914023946,6.60864524667362,-0.260707482624478));
#17002=CARTESIAN_POINT('Origin',(1.90498914023946,7.06090804734076,-0.510707482624478));
#17003=CARTESIAN_POINT('',(1.90498914023946,7.11090804734077,-0.460707482624478));
#17004=CARTESIAN_POINT('',(1.90498914023946,8.19583228783252,-0.260707482624478));
#17005=CARTESIAN_POINT('Origin',(1.25498914023946,5.59375075981538,-0.260707482624478));
#17006=CARTESIAN_POINT('',(1.35498914023946,5.59375075981538,-0.460707482624478));
#17007=CARTESIAN_POINT('',(1.35498914023946,5.59375075981538,-0.260707482624478));
#17008=CARTESIAN_POINT('',(1.35498914023946,5.59375075981538,-0.260707482624478));
#17009=CARTESIAN_POINT('',(1.32569981835812,5.52304008169673,-0.460707482624478));
#17010=CARTESIAN_POINT('Origin',(1.25498914023946,5.59375075981538,-0.460707482624478));
#17011=CARTESIAN_POINT('',(1.32569981835812,5.52304008169673,-0.260707482624478));
#17012=CARTESIAN_POINT('',(1.32569981835812,5.52304008169673,-0.260707482624478));
#17013=CARTESIAN_POINT('Origin',(1.25498914023946,5.59375075981538,-0.260707482624478));
#17014=CARTESIAN_POINT('Origin',(1.35498914023946,6.51090804734076,-0.260707482624478));
#17015=CARTESIAN_POINT('',(1.35498914023946,6.06948669110346,-0.460707482624478));
#17016=CARTESIAN_POINT('',(1.35498914023946,8.19583228783252,-0.460707482624478));
#17017=CARTESIAN_POINT('',(1.35498914023946,6.06948669110346,-0.260707482624478));
#17018=CARTESIAN_POINT('',(1.35498914023946,8.19583228783252,-0.260707482624478));
#17019=CARTESIAN_POINT('',(1.35498914023946,6.06948669110346,-0.260707482624478));
#17020=CARTESIAN_POINT('Origin',(1.45498914023946,6.06948669110346,-0.260707482624478));
#17021=CARTESIAN_POINT('',(1.38427846212081,6.14019736922211,-0.260707482624478));
#17022=CARTESIAN_POINT('Origin',(1.45498914023946,6.06948669110346,-0.260707482624478));
#17023=CARTESIAN_POINT('',(1.38427846212081,6.14019736922211,-0.460707482624478));
#17024=CARTESIAN_POINT('',(1.38427846212081,6.14019736922211,-0.460707482624478));
#17025=CARTESIAN_POINT('Origin',(1.45498914023946,6.06948669110346,-0.460707482624478));
#17026=CARTESIAN_POINT('Origin',(1.35498914023946,6.11090804734077,-0.460707482624478));
#17027=CARTESIAN_POINT('',(1.42569981835812,6.18161872545942,-0.460707482624478));
#17028=CARTESIAN_POINT('',(1.42569981835812,6.18161872545942,-0.260707482624478));
#17029=CARTESIAN_POINT('',(1.42569981835812,6.18161872545942,-0.460707482624478));
#17030=CARTESIAN_POINT('',(1.38427846212081,6.14019736922211,-0.460707482624478));
#17031=CARTESIAN_POINT('',(1.38427846212081,6.14019736922211,-0.260707482624478));
#17032=CARTESIAN_POINT('Origin',(1.49641049647677,6.11090804734077,-0.460707482624478));
#17033=CARTESIAN_POINT('',(1.49641049647677,6.21090804734076,-0.260707482624478));
#17034=CARTESIAN_POINT('Origin',(1.49641049647677,6.11090804734077,-0.260707482624478));
#17035=CARTESIAN_POINT('',(1.49641049647677,6.21090804734076,-0.460707482624478));
#17036=CARTESIAN_POINT('',(1.49641049647677,6.21090804734076,-0.460707482624478));
#17037=CARTESIAN_POINT('Origin',(1.49641049647677,6.11090804734077,-0.460707482624478));
#17038=CARTESIAN_POINT('Origin',(1.73498914023946,6.21090804734076,-0.460707482624478));
#17039=CARTESIAN_POINT('',(1.63498914023946,6.21090804734076,-0.260707482624478));
#17040=CARTESIAN_POINT('',(1.63498914023946,6.21090804734076,-0.460707482624478));
#17041=CARTESIAN_POINT('',(1.63498914023946,6.21090804734076,-0.460707482624478));
#17042=CARTESIAN_POINT('',(0.503517277663316,6.21090804734076,-0.460707482624478));
#17043=CARTESIAN_POINT('',(0.503517277663316,6.21090804734076,-0.260707482624478));
#17044=CARTESIAN_POINT('Origin',(1.63498914023946,6.31090804734077,-0.460707482624478));
#17045=CARTESIAN_POINT('',(1.73498914023946,6.31090804734077,-0.260707482624478));
#17046=CARTESIAN_POINT('Origin',(1.63498914023946,6.31090804734077,-0.260707482624478));
#17047=CARTESIAN_POINT('',(1.73498914023946,6.31090804734077,-0.460707482624478));
#17048=CARTESIAN_POINT('',(1.73498914023946,6.31090804734077,-0.460707482624478));
#17049=CARTESIAN_POINT('Origin',(1.63498914023946,6.31090804734077,-0.460707482624478));
#17050=CARTESIAN_POINT('Origin',(1.73498914023946,6.51090804734076,-0.460707482624478));
#17051=CARTESIAN_POINT('',(1.73498914023946,6.34090804734076,-0.460707482624478));
#17052=CARTESIAN_POINT('',(1.73498914023946,7.11090804734077,-0.460707482624478));
#17053=CARTESIAN_POINT('',(1.73498914023946,8.19583228783252,-0.460707482624478));
#17054=CARTESIAN_POINT('',(1.73498914023946,8.19583228783252,-0.260707482624478));
#17055=CARTESIAN_POINT('Origin',(1.48498914023946,5.36090804734076,0.659292517375522));
#17056=CARTESIAN_POINT('',(1.38498914023946,5.36090804734076,0.659292517375522));
#17057=CARTESIAN_POINT('',(1.38498914023946,5.36090804734076,0.659292517375522));
#17058=CARTESIAN_POINT('',(1.48498914023946,5.46090804734077,0.659292517375522));
#17059=CARTESIAN_POINT('Origin',(1.48498914023946,5.36090804734076,0.659292517375522));
#17060=CARTESIAN_POINT('',(1.48498914023946,5.46090804734077,0.659292517375522));
#17061=CARTESIAN_POINT('Origin',(2.05498914023946,5.46090804734077,0.659292517375522));
#17062=CARTESIAN_POINT('',(1.88498914023946,5.46090804734077,0.659292517375522));
#17063=CARTESIAN_POINT('',(1.78498914023946,5.46090804734077,0.759292517375522));
#17064=CARTESIAN_POINT('',(1.88498914023946,5.46090804734077,0.659292517375522));
#17065=CARTESIAN_POINT('',(-0.345010859760539,5.46090804734077,0.759292517375522));
#17066=CARTESIAN_POINT('',(1.48498914023946,5.46090804734077,0.659292517375522));
#17067=CARTESIAN_POINT('Origin',(-0.345010859760539,8.46090804734077,0.759292517375522));
#17068=CARTESIAN_POINT('',(1.78498914023946,6.34090804734076,0.759292517375522));
#17069=CARTESIAN_POINT('Origin',(0.834989140239462,8.09090804734077,0.759292517375522));
#17070=CARTESIAN_POINT('',(1.78498914023946,6.34090804734076,0.759292517375522));
#17071=CARTESIAN_POINT('Origin',(-0.345010859760539,8.46090804734077,0.759292517375522));
#17072=CARTESIAN_POINT('',(1.78498914023946,6.34090804734076,0.759292517375522));
#17073=CARTESIAN_POINT('',(1.78498914023946,6.34090804734076,0.759292517375522));
#17074=CARTESIAN_POINT('',(1.45498914023946,6.34090804734076,0.759292517375522));
#17075=CARTESIAN_POINT('Origin',(1.45498914023946,6.34090804734076,0.709292517375522));
#17076=CARTESIAN_POINT('',(1.83498914023946,6.34090804734076,0.709292517375522));
#17077=CARTESIAN_POINT('',(-0.345010859760539,6.34090804734076,0.709292517375522));
#17078=CARTESIAN_POINT('',(1.88498914023946,6.34090804734076,0.659292517375522));
#17079=CARTESIAN_POINT('Origin',(-0.345010859760539,6.71090804734077,0.709292517375522));
#17080=CARTESIAN_POINT('',(1.88498914023946,6.34090804734076,0.709292517375522));
#17081=CARTESIAN_POINT('Origin',(1.68477455027878,5.1221400667868,-0.110707482624479));
#17082=CARTESIAN_POINT('',(1.84599338219138,5.28335889869941,-0.110707482624478));
#17083=CARTESIAN_POINT('',(1.8559013812183,5.36127383065296,-0.110707482624478));
#17084=CARTESIAN_POINT('',(1.84599338219138,5.28335889869941,-0.110707482624478));
#17085=CARTESIAN_POINT('',(1.88990484768162,5.32727036418964,-0.110707482624478));
#17086=CARTESIAN_POINT('',(2.27881357733422,5.71617909384224,-0.110707482624478));
#17087=CARTESIAN_POINT('',(1.88990484768162,5.32727036418964,-0.110707482624478));
#17088=CARTESIAN_POINT('Origin',(1.88990484768162,5.32727036418964,-0.210707482624478));
#17089=CARTESIAN_POINT('',(1.92072691769646,5.35809243420449,-0.120707482624478));
#17090=CARTESIAN_POINT('Origin',(1.88990484768161,5.32727036418964,-0.210707482624478));
#17091=CARTESIAN_POINT('',(1.85405614737264,5.42476320452831,-0.120707482624478));
#17092=CARTESIAN_POINT('',(1.92072691769646,5.35809243420449,-0.120707482624478));
#17093=CARTESIAN_POINT('Origin',(1.76790341582683,5.44927179604443,-0.210707482624479));
#17094=CARTESIAN_POINT('Origin',(1.9515489877113,5.38891450421933,-0.0307074826244782));
#17095=CARTESIAN_POINT('',(1.85221091352698,5.48825257840366,-0.130707482624479));
#17096=CARTESIAN_POINT('Origin',(1.94020887891845,5.40025461301218,-0.0307074826244782));
#17097=CARTESIAN_POINT('',(1.95154898771131,5.38891450421933,-0.130707482624478));
#17098=CARTESIAN_POINT('Origin',(1.95154898771132,5.38891450421932,-0.0307074826244745));
#17099=CARTESIAN_POINT('',(1.95154898771131,5.38891450421933,-0.130707482624478));
#17100=CARTESIAN_POINT('Origin',(1.9959708648596,5.43333638136762,-0.130707482624478));
#17101=CARTESIAN_POINT('',(1.85441698990205,5.5056008129141,-0.130707482624478));
#17102=CARTESIAN_POINT('',(1.85221091352698,5.48825257840366,-0.130707482624479));
#17103=CARTESIAN_POINT('',(1.96132614315407,5.39869165966209,-0.130707482624478));
#17104=CARTESIAN_POINT('',(2.27881357733422,5.71617909384224,-0.130707482624478));
#17105=CARTESIAN_POINT('',(1.96132614315406,5.39869165966209,-0.130707482624478));
#17106=CARTESIAN_POINT('Origin',(1.96132614315407,5.39869165966209,-0.230707482624478));
#17107=CARTESIAN_POINT('',(1.85205103392726,5.57225926290991,-0.141638758561096));
#17108=CARTESIAN_POINT('Origin',(1.81990478690267,5.54011301588532,-0.230707482651995));
#17109=CARTESIAN_POINT('Origin',(1.76641902451058,5.59359877830558,-0.230707482624479));
#17110=CARTESIAN_POINT('Origin',(1.96132614315407,5.39869165966209,-0.230707482624479));
#17111=CARTESIAN_POINT('Origin',(1.607062135207,5.04442765171503,-0.130707482624479));
#17112=CARTESIAN_POINT('',(1.53458173958124,5.11690804734078,-0.13070748262448));
#17113=CARTESIAN_POINT('',(1.62966864835201,5.06703416486004,-0.124313395126949));
#17114=CARTESIAN_POINT('',(1.53458173958125,5.11690804734078,-0.13070748262448));
#17115=CARTESIAN_POINT('',(1.607062135207,5.04442765171503,-0.13070748262448));
#17116=CARTESIAN_POINT('',(1.607062135207,5.04442765171503,-0.13070748262448));
#17117=CARTESIAN_POINT('',(1.62966864835201,5.06703416486004,-0.12431339512695));
#17118=CARTESIAN_POINT('Origin',(2.27881357733422,5.71617909384224,0.259292517375523));
#17119=CARTESIAN_POINT('',(1.80498914023946,5.24235465674749,-0.146790381266366));
#17120=CARTESIAN_POINT('',(1.80498914023946,5.24235465674749,-0.146790381266366));
#17121=CARTESIAN_POINT('',(1.62966864835201,5.06703416486004,-0.124313395126949));
#17122=CARTESIAN_POINT('',(1.607062135207,5.04442765171503,-0.130707482624479));
#17123=CARTESIAN_POINT('Origin',(2.13739222109691,5.85760045007955,0.259292517375523));
#17124=CARTESIAN_POINT('',(1.80498914023946,5.52519736922211,-0.183052267481061));
#17125=CARTESIAN_POINT('',(1.46564077896969,5.18584900795233,-0.139546067318269));
#17126=CARTESIAN_POINT('',(1.80498914023946,5.52519736922211,-0.183052267481061));
#17127=CARTESIAN_POINT('',(1.85205103392726,5.57225926290991,-0.141638758561096));
#17128=CARTESIAN_POINT('',(1.46564077896969,5.18584900795233,-0.130707482624479));
#17129=CARTESIAN_POINT('Origin',(1.607062135207,5.04442765171503,-0.130707482624479));
#17130=CARTESIAN_POINT('',(1.46564077896969,5.18584900795233,-0.139546067318269));
#17131=CARTESIAN_POINT('Origin',(1.38498914023946,4.96090804734076,0.659292517375522));
#17132=CARTESIAN_POINT('',(1.38498914023946,4.96090804734076,0.759292517375522));
#17133=CARTESIAN_POINT('',(1.38498914023946,8.46090804734077,0.759292517375522));
#17134=CARTESIAN_POINT('',(1.38498914023946,4.96090804734076,0.659292517375522));
#17135=CARTESIAN_POINT('',(1.38498914023946,4.96090804734076,-0.790707482624478));
#17136=CARTESIAN_POINT('',(1.38498914023946,5.36090804734076,0.659292517375522));
#17137=CARTESIAN_POINT('Origin',(-0.345010859760539,8.46090804734077,0.759292517375522));
#17138=CARTESIAN_POINT('',(0.804989140239462,4.96090804734076,0.759292517375522));
#17139=CARTESIAN_POINT('',(0.804989140239462,4.96090804734076,0.759292517375522));
#17140=CARTESIAN_POINT('',(2.05498914023946,4.96090804734076,0.759292517375522));
#17141=CARTESIAN_POINT('Origin',(0.804989140239462,4.96090804734076,-0.040707482624478));
#17142=CARTESIAN_POINT('',(0.804989140239462,4.96090804734076,-0.790707482624478));
#17143=CARTESIAN_POINT('Origin',(0.404989140239462,4.96090804734076,-1.69070748262448));
#17144=CARTESIAN_POINT('',(0.404989140239462,4.96090804734076,-0.690707482624478));
#17145=CARTESIAN_POINT('',(0.404989140239462,5.01090804734076,-0.777310023002922));
#17146=CARTESIAN_POINT('Origin',(0.404989140239462,5.06090804734076,-0.690707482624479));
#17147=CARTESIAN_POINT('',(0.404989140239462,4.96090804734076,-0.790707482624478));
#17148=CARTESIAN_POINT('',(0.404989140239462,5.01090804734076,-1.69070748262448));
#17149=CARTESIAN_POINT('Origin',(0.404989140239462,5.01090804734076,-1.69070748262448));
#17150=CARTESIAN_POINT('',(-1.09501085976054,5.01090804734076,-0.777310023002922));
#17151=CARTESIAN_POINT('',(-1.09501085976054,5.01090804734076,-1.69070748262448));
#17152=CARTESIAN_POINT('',(2.05498914023946,5.01090804734076,-0.777310023002922));
#17153=CARTESIAN_POINT('Origin',(-1.09501085976054,4.96090804734076,-1.69070748262448));
#17154=CARTESIAN_POINT('',(-1.09501085976054,4.96090804734076,-0.690707482624478));
#17155=CARTESIAN_POINT('Origin',(-1.09501085976054,5.06090804734077,-0.690707482624479));
#17156=CARTESIAN_POINT('',(-1.09501085976054,4.96090804734076,-0.790707482624478));
#17157=CARTESIAN_POINT('Origin',(-1.19284501090588,5.74090804734077,-0.210707482624478));
#17158=CARTESIAN_POINT('',(-2.02501085976054,5.1996237861599,-0.141312064524367));
#17159=CARTESIAN_POINT('',(-2.02501085976054,4.96090804734076,-0.110707482624478));
#17160=CARTESIAN_POINT('',(-2.02501085976054,5.1996237861599,-0.141312064524367));
#17161=CARTESIAN_POINT('',(-2.49501085976054,4.96090804734076,-0.110707482624478));
#17162=CARTESIAN_POINT('',(2.05498914023946,4.96090804734076,-0.110707482624478));
#17163=CARTESIAN_POINT('',(-2.49501085976054,5.24235465674749,-0.146790381266366));
#17164=CARTESIAN_POINT('',(-2.49501085976054,5.68489144428399,-0.203525866847968));
#17165=CARTESIAN_POINT('',(-2.49501085976054,5.68489144428399,-0.203525866847968));
#17166=CARTESIAN_POINT('',(-2.15293792885522,5.44536939944659,-0.172817912381636));
#17167=CARTESIAN_POINT('',(-2.49501085976054,5.68489144428399,-0.203525866847968));
#17168=CARTESIAN_POINT('Origin',(-2.32501085976054,5.1996237861599,-0.141312064524367));
#17169=CARTESIAN_POINT('Origin',(-2.57501085976054,6.34090804734076,0.759292517375522));
#17170=CARTESIAN_POINT('',(-2.57501085976054,6.34090804734076,-0.580707482624478));
#17171=CARTESIAN_POINT('',(-2.57501085976054,6.34090804734076,0.659292517375522));
#17172=CARTESIAN_POINT('',(-2.57501085976054,6.34090804734076,0.759292517375522));
#17173=CARTESIAN_POINT('',(-2.57501085976054,6.34090804734076,0.659292517375522));
#17174=CARTESIAN_POINT('',(-1.93501085976054,6.34090804734076,-0.580707482624478));
#17175=CARTESIAN_POINT('Origin',(-2.57501085976054,6.34090804734076,0.659292517375522));
#17176=CARTESIAN_POINT('',(-2.57501085976054,6.34090804734076,0.659292517375522));
#17177=CARTESIAN_POINT('Origin',(-2.17501085976054,5.36090804734076,0.659292517375522));
#17178=CARTESIAN_POINT('',(-2.57501085976054,4.96090804734076,0.659292517375522));
#17179=CARTESIAN_POINT('',(-2.57501085976054,6.34090804734076,0.659292517375522));
#17180=CARTESIAN_POINT('',(2.05498914023946,4.96090804734076,0.659292517375522));
#17181=CARTESIAN_POINT('Origin',(2.05498914023946,4.96090804734076,-0.790707482624478));
#17182=CARTESIAN_POINT('',(-2.02501085976054,4.96090804734076,-0.690707482624478));
#17183=CARTESIAN_POINT('',(-2.02501085976054,4.96090804734076,0.0792925173755221));
#17184=CARTESIAN_POINT('',(2.05498914023946,4.96090804734076,-0.690707482624478));
#17185=CARTESIAN_POINT('',(-2.57501085976054,4.96090804734076,-0.0300527000548887));
#17186=CARTESIAN_POINT('',(-2.57501085976054,4.96090804734076,0.759292517375522));
#17187=CARTESIAN_POINT('',(-2.49436464855739,4.96090804734076,-0.111358982925524));
#17188=CARTESIAN_POINT('Origin',(-2.57501085976054,6.21903073983822,-0.191350481144306));
#17189=CARTESIAN_POINT('',(-2.57501085976054,5.74090804734076,-0.130052700054888));
#17190=CARTESIAN_POINT('',(-2.57501085976054,4.96090804734076,-0.0300527000548887));
#17191=CARTESIAN_POINT('',(-2.57501085976054,5.74090804734077,-0.130052700054888));
#17192=CARTESIAN_POINT('Origin',(-1.93501085976054,7.06090804734077,-0.630707482624478));
#17193=CARTESIAN_POINT('',(-1.93501085976054,7.11090804734077,-0.630707482624478));
#17194=CARTESIAN_POINT('',(-0.345010859760539,7.11090804734077,-0.630707482624478));
#17195=CARTESIAN_POINT('',(-1.93501085976054,7.06090804734076,-0.580707482624478));
#17196=CARTESIAN_POINT('Origin',(-1.93501085976054,7.06090804734076,-0.630707482624479));
#17197=CARTESIAN_POINT('',(-1.93501085976054,7.06090804734076,-0.580707482624478));
#17198=CARTESIAN_POINT('Origin',(-1.93501085976054,7.11090804734077,-0.580707482624478));
#17199=CARTESIAN_POINT('',(-1.93501085976054,6.34090804734076,-0.580707482624478));
#17200=CARTESIAN_POINT('',(-1.93501085976054,7.11090804734077,-0.580707482624478));
#17201=CARTESIAN_POINT('',(-2.74501085976054,6.34090804734076,-0.580707482624478));
#17202=CARTESIAN_POINT('Origin',(-1.94501085976054,7.31090804734077,-1.30070748262448));
#17203=CARTESIAN_POINT('',(-1.94507547895814,7.11312936673051,-1.30062344706061));
#17204=CARTESIAN_POINT('',(-1.94501085976054,7.11658643867539,-1.44138668056564));
#17205=CARTESIAN_POINT('',(-1.94501085976054,7.11090804734077,-1.4414106670991));
#17206=CARTESIAN_POINT('Origin',(-0.345010859760539,7.11090804734077,-1.69070748262448));
#17207=CARTESIAN_POINT('',(-2.05502006178582,7.11265329776269,-1.19068558868557));
#17208=CARTESIAN_POINT('Ctrl Pts',(-1.94507547895814,7.11312936673051,-1.30062344706061));
#17209=CARTESIAN_POINT('Ctrl Pts',(-1.98172441360925,7.11090804794292,-1.26397590772533));
#17210=CARTESIAN_POINT('Ctrl Pts',(-2.01837334695724,7.11090907247687,-1.22732837122346));
#17211=CARTESIAN_POINT('Ctrl Pts',(-2.05502006178582,7.11265329776269,-1.19068558868557));
#17212=CARTESIAN_POINT('',(-2.16572153787919,7.11217028810245,-1.07998854326422));
#17213=CARTESIAN_POINT('Ctrl Pts',(-2.05502006178582,7.11265329776269,-1.19068558868557));
#17214=CARTESIAN_POINT('Ctrl Pts',(-2.09191949615486,7.11090804734077,-1.15378502089351));
#17215=CARTESIAN_POINT('Ctrl Pts',(-2.12882051701703,7.11090804734077,-1.11688540517905));
#17216=CARTESIAN_POINT('Ctrl Pts',(-2.16572153787919,7.11217028810245,-1.07998854326422));
#17217=CARTESIAN_POINT('',(-2.19501085976054,7.11186176448845,-1.0092819650639));
#17218=CARTESIAN_POINT('Ctrl Pts',(-2.16572153787919,7.11217028810245,-1.07998854326422));
#17219=CARTESIAN_POINT('Ctrl Pts',(-2.18524775246676,7.11090804734077,-1.06047058991826));
#17220=CARTESIAN_POINT('Ctrl Pts',(-2.19501085976054,7.11090804734077,-1.03690036387871));
#17221=CARTESIAN_POINT('Ctrl Pts',(-2.19501085976054,7.11186176448845,-1.0092819650639));
#17222=CARTESIAN_POINT('',(-2.19501085976054,7.11090804734074,-0.790707482621611));
#17223=CARTESIAN_POINT('Ctrl Pts',(-2.19501085976054,7.11186176448845,-1.0092819650639));
#17224=CARTESIAN_POINT('Ctrl Pts',(-2.19501085976054,7.11090804734077,-0.936426578466272));
#17225=CARTESIAN_POINT('Ctrl Pts',(-2.19501085976054,7.11090804734077,-0.863567030545375));
#17226=CARTESIAN_POINT('Ctrl Pts',(-2.19501085976054,7.11090804734074,-0.790707482621611));
#17227=CARTESIAN_POINT('',(-1.93501085976054,7.11090804734076,-0.790707482623403));
#17228=CARTESIAN_POINT('',(-3.29501085976054,7.11090804734073,-0.790707482620177));
#17229=CARTESIAN_POINT('',(-1.93501085976054,7.11090804734077,-0.580707482624478));
#17230=CARTESIAN_POINT('Origin',(-3.29501085976054,7.36659003100119,-1.44070748262448));
#17231=CARTESIAN_POINT('',(-1.94501085976054,7.36659003100119,-1.69070748262448));
#17232=CARTESIAN_POINT('',(-1.94501085976054,7.36090837332235,-1.69067699573433));
#17233=CARTESIAN_POINT('',(-1.92501085976054,7.36659003100119,-1.69070748262448));
#17234=CARTESIAN_POINT('',(-0.345010859760539,7.36659003100119,-1.69070748262448));
#17235=CARTESIAN_POINT('',(-1.92501085976054,7.11659955023515,-1.44288911649907));
#17236=CARTESIAN_POINT('Origin',(-1.92501085976054,7.36659003100119,-1.44070748262448));
#17237=CARTESIAN_POINT('',(-3.29501085976054,7.11659955023515,-1.44288911649907));
#17238=CARTESIAN_POINT('Origin',(-0.345010859760539,7.11090804734077,-1.69070748262448));
#17239=CARTESIAN_POINT('',(1.25498914023946,7.36659003100119,-1.69070748262448));
#17240=CARTESIAN_POINT('',(1.25498914023946,7.11090804734077,-1.69070748262448));
#17241=CARTESIAN_POINT('',(1.23498914023946,7.36659003100119,-1.69070748262448));
#17242=CARTESIAN_POINT('',(-3.29501085976054,7.36659003100119,-1.69070748262448));
#17243=CARTESIAN_POINT('',(1.23498914023946,7.41659193492048,-1.69070748262448));
#17244=CARTESIAN_POINT('',(1.23498914023946,7.11090804734077,-1.69070748262448));
#17245=CARTESIAN_POINT('',(0.831056094403199,7.41659193492048,-1.69070748262448));
#17246=CARTESIAN_POINT('',(-1.92501085976054,7.41659193492048,-1.69070748262448));
#17247=CARTESIAN_POINT('',(0.880130167191728,7.46566600771083,-1.69070748262425));
#17248=CARTESIAN_POINT('',(0.880130167192641,7.46566600770992,-1.69070748262448));
#17249=CARTESIAN_POINT('',(0.409747100610358,7.93604907429257,-1.69070748260981));
#17250=CARTESIAN_POINT('Origin',(0.644938633901076,7.70085754100149,-1.69070748261738));
#17251=CARTESIAN_POINT('',(0.292879892359823,7.81918186604509,-1.69070748262402));
#17252=CARTESIAN_POINT('',(0.292879892362291,7.81918186604762,-1.69070748262448));
#17253=CARTESIAN_POINT('',(-1.41139996307909,7.41659193492048,-1.69070748262402));
#17254=CARTESIAN_POINT('Origin',(-0.345010859760539,6.71090804734077,-1.69070748262357));
#17255=CARTESIAN_POINT('',(-1.92501085976054,7.41659193492048,-1.69070748262448));
#17256=CARTESIAN_POINT('',(-1.92501085976054,7.41659193492048,-1.69070748262448));
#17257=CARTESIAN_POINT('',(-1.92501085976054,7.36659003100119,-1.69070748262448));
#17258=CARTESIAN_POINT('Origin',(-1.92501085976054,7.41659193492048,-1.44070748262448));
#17259=CARTESIAN_POINT('',(-1.92501085976054,7.16660145415443,-1.44288911649907));
#17260=CARTESIAN_POINT('Origin',(-1.92501085976054,7.41659193492048,-1.44070748262448));
#17261=CARTESIAN_POINT('',(-1.51656520771138,7.16660145415445,-1.44288911650054));
#17262=CARTESIAN_POINT('Ctrl Pts',(-1.41139996307912,7.4165919349205,-1.69070748262448));
#17263=CARTESIAN_POINT('Ctrl Pts',(-1.42860792737782,7.39058824411587,-1.69070748262448));
#17264=CARTESIAN_POINT('Ctrl Pts',(-1.44541068448025,7.36229823648286,-1.68646657660539));
#17265=CARTESIAN_POINT('Ctrl Pts',(-1.47655872018747,7.30296329647999,-1.66592992713876));
#17266=CARTESIAN_POINT('Ctrl Pts',(-1.49008605379329,7.27222345169097,-1.64765209196416));
#17267=CARTESIAN_POINT('Ctrl Pts',(-1.50807924027973,7.22430054411588,-1.60345215413439));
#17268=CARTESIAN_POINT('Ctrl Pts',(-1.51419453204481,7.20368346468029,-1.57602984840378));
#17269=CARTESIAN_POINT('Ctrl Pts',(-1.51994522251176,7.17539531960711,-1.5146423061468));
#17270=CARTESIAN_POINT('Ctrl Pts',(-1.51967243345922,7.16773386808329,-1.48068127492419));
#17271=CARTESIAN_POINT('Ctrl Pts',(-1.51690359079013,7.16665706532313,-1.44672421903682));
#17272=CARTESIAN_POINT('Ctrl Pts',(-1.51673899291189,7.16661821597699,-1.44480983111865));
#17273=CARTESIAN_POINT('Ctrl Pts',(-1.51656520771138,7.16660145415445,-1.44288911650054));
#17274=CARTESIAN_POINT('',(-1.92501085976054,7.16660145415443,-1.44288911649907));
#17275=CARTESIAN_POINT('Origin',(-1.92501085976054,7.41659193492048,-1.44070748262448));
#17276=CARTESIAN_POINT('',(1.23498914023946,7.16660145415443,-1.44288911649907));
#17277=CARTESIAN_POINT('Origin',(1.23498914023946,7.41659193492048,-1.44070748262448));
#17278=CARTESIAN_POINT('',(0.826543488190772,7.16660145415444,-1.44288911649966));
#17279=CARTESIAN_POINT('',(-1.92501085976054,7.16660145415443,-1.44288911649907));
#17280=CARTESIAN_POINT('',(0.762243444039171,7.34893358671222,-1.6813781038457));
#17281=CARTESIAN_POINT('Ctrl Pts',(0.826543488190771,7.16660145415444,-1.44288911649966));
#17282=CARTESIAN_POINT('Ctrl Pts',(0.82671727339131,7.16661821597698,-1.44480983111809));
#17283=CARTESIAN_POINT('Ctrl Pts',(0.826881871269582,7.16665706532312,-1.44672421903657));
#17284=CARTESIAN_POINT('Ctrl Pts',(0.829650713938724,7.1677338680833,-1.48068127492426));
#17285=CARTESIAN_POINT('Ctrl Pts',(0.829923502991289,7.17539531960713,-1.51464230614687));
#17286=CARTESIAN_POINT('Ctrl Pts',(0.824172812524395,7.20368346468033,-1.57602984840384));
#17287=CARTESIAN_POINT('Ctrl Pts',(0.818057520759332,7.22430054411594,-1.60345215413445));
#17288=CARTESIAN_POINT('Ctrl Pts',(0.800064334272931,7.27222345169104,-1.64765209196421));
#17289=CARTESIAN_POINT('Ctrl Pts',(0.786537000667132,7.30296329648008,-1.6659299271388));
#17290=CARTESIAN_POINT('Ctrl Pts',(0.767352809334459,7.339507907268,-1.67857852611958));
#17291=CARTESIAN_POINT('Ctrl Pts',(0.76482753612715,7.34421668637487,-1.68005206876709));
#17292=CARTESIAN_POINT('Ctrl Pts',(0.762243444038336,7.34893358671248,-1.68137810384312));
#17293=CARTESIAN_POINT('Origin',(0.800132119334888,7.44761240864162,-1.19005587874835));
#17294=CARTESIAN_POINT('Origin',(1.50498914023946,7.31090804734077,-0.460707482624477));
#17295=CARTESIAN_POINT('',(1.50498914023946,8.19583228783252,-0.260707482624478));
#17296=CARTESIAN_POINT('',(1.50498914023946,7.06090804734076,-0.460707482624478));
#17297=CARTESIAN_POINT('',(1.50498914023946,7.11090804734077,-0.460707482624478));
#17298=CARTESIAN_POINT('',(1.50498914023946,7.11090804734077,-0.510707482624478));
#17299=CARTESIAN_POINT('Origin',(1.50498914023946,7.06090804734076,-0.510707482624479));
#17300=CARTESIAN_POINT('',(1.50498914023946,7.11090804734077,-0.790707482623286));
#17301=CARTESIAN_POINT('',(1.50498914023946,7.11090804734077,-1.69070748262448));
#17302=CARTESIAN_POINT('',(1.50498914023946,7.11281555426676,-1.00928612638717));
#17303=CARTESIAN_POINT('',(1.50498914023946,7.11876222835244,-1.69070748262448));
#17304=CARTESIAN_POINT('',(1.50498914023946,7.31090804734077,-1.00928612638717));
#17305=CARTESIAN_POINT('Origin',(1.40498914023946,7.31090804734077,-1.00928612638717));
#17306=CARTESIAN_POINT('',(1.47569981835812,7.1134326370061,-1.07999680450582));
#17307=CARTESIAN_POINT('Origin',(1.40498340234627,7.11281555702323,-1.00928644224967));
#17308=CARTESIAN_POINT('',(1.47569981835812,7.31090804734077,-1.07999680450582));
#17309=CARTESIAN_POINT('Origin',(1.50498914023946,7.31090804734077,-1.05070748262448));
#17310=CARTESIAN_POINT('',(1.25498914023946,7.11535874991405,-1.30070748262448));
#17311=CARTESIAN_POINT('',(1.47569981835812,7.1134326370061,-1.07999680450582));
#17312=CARTESIAN_POINT('',(1.25498914023946,7.31090804734077,-1.30070748262447));
#17313=CARTESIAN_POINT('Origin',(1.25498914023946,7.36090804734077,-1.44070748262448));
#17314=CARTESIAN_POINT('',(1.25498914023946,7.11659955023515,-1.44288911649907));
#17315=CARTESIAN_POINT('',(1.25498914023946,7.11876222835244,-1.69070748262448));
#17316=CARTESIAN_POINT('Origin',(1.25498914023946,7.36659003100119,-1.44070748262448));
#17317=CARTESIAN_POINT('Origin',(-3.29501085976054,7.36659003100119,-1.44070748262448));
#17318=CARTESIAN_POINT('',(1.23498914023946,7.11659955023515,-1.44288911649907));
#17319=CARTESIAN_POINT('',(-3.29501085976054,7.11659955023515,-1.44288911649907));
#17320=CARTESIAN_POINT('Origin',(1.23498914023946,7.36659003100119,-1.44070748262448));
#17321=CARTESIAN_POINT('Origin',(1.01356778400215,5.21090804734076,-0.260707482624478));
#17322=CARTESIAN_POINT('',(1.24498914023946,5.44232940357807,-0.260707482624478));
#17323=CARTESIAN_POINT('',(1.24498914023946,5.44232940357808,-0.260707482624478));
#17324=CARTESIAN_POINT('',(1.24498914023946,5.44232940357807,-0.460707482624478));
#17325=CARTESIAN_POINT('',(1.24498914023946,5.44232940357808,-0.460707482624478));
#17326=CARTESIAN_POINT('',(1.24498914023946,5.44232940357808,-0.580707482624478));
#17327=CARTESIAN_POINT('Origin',(0.503517277663316,8.19583228783252,-0.260707482624478));
#17328=CARTESIAN_POINT('',(1.24498914023946,6.91090804734077,-0.260707482624478));
#17329=CARTESIAN_POINT('',(1.24498914023946,7.11090804734077,-0.260707482624478));
#17330=CARTESIAN_POINT('',(1.15498914023946,6.91090804734077,-0.260707482624478));
#17331=CARTESIAN_POINT('Origin',(1.15498914023946,6.91090804734077,-0.260707482624478));
#17332=CARTESIAN_POINT('',(1.24498914023946,6.91090804734077,-0.460707482624478));
#17333=CARTESIAN_POINT('',(1.24498914023946,6.91090804734077,-0.580707482624478));
#17334=CARTESIAN_POINT('',(2.05498914023946,6.91090804734077,-0.460707482624478));
#17335=CARTESIAN_POINT('Origin',(2.05498914023946,7.11090804734077,-0.460707482624478));
#17336=CARTESIAN_POINT('',(1.24498914023946,7.06090804734076,-0.460707482624478));
#17337=CARTESIAN_POINT('',(1.24498914023946,7.11090804734077,-0.460707482624478));
#17338=CARTESIAN_POINT('',(2.05498914023946,7.06090804734076,-0.460707482624478));
#17339=CARTESIAN_POINT('Origin',(2.05498914023946,7.06090804734076,-0.510707482624478));
#17340=CARTESIAN_POINT('',(1.24498914023946,7.11090804734077,-0.510707482624478));
#17341=CARTESIAN_POINT('',(1.24498914023946,7.11090804734077,-0.510707482624478));
#17342=CARTESIAN_POINT('Origin',(1.24498914023946,7.06090804734076,-0.510707482624478));
#17343=CARTESIAN_POINT('Origin',(-0.345010859760539,7.11090804734077,-1.69070748262448));
#17344=CARTESIAN_POINT('',(1.24498914023946,7.11090804734077,-0.790707482624478));
#17345=CARTESIAN_POINT('',(1.24498914023946,7.11090804734077,-0.580707482624478));
#17346=CARTESIAN_POINT('',(-3.29501085976054,7.11090804734076,-0.790707482624478));
#17347=CARTESIAN_POINT('Origin',(2.05498914023946,7.11090804734077,-0.460707482624478));
#17348=CARTESIAN_POINT('',(1.88498914023946,6.34090804734076,-0.460707482624478));
#17349=CARTESIAN_POINT('',(1.88498914023946,6.34090804734076,-0.460707482624478));
#17350=CARTESIAN_POINT('',(2.05498914023946,6.34090804734076,-0.460707482624478));
#17351=CARTESIAN_POINT('Origin',(0.503517277663316,8.19583228783252,-0.460707482624478));
#17352=CARTESIAN_POINT('',(1.24498914023946,6.34090804734076,-0.460707482624478));
#17353=CARTESIAN_POINT('',(2.05498914023946,6.34090804734076,-0.460707482624478));
#17354=CARTESIAN_POINT('',(1.24498914023946,7.11090804734077,-0.460707482624478));
#17355=CARTESIAN_POINT('Origin',(1.48498914023946,5.36090804734076,0.659292517375522));
#17356=CARTESIAN_POINT('',(1.88498914023946,4.96090804734076,0.659292517375522));
#17357=CARTESIAN_POINT('',(2.05498914023946,4.96090804734076,0.659292517375522));
#17358=CARTESIAN_POINT('',(1.88498914023946,6.34090804734076,0.659292517375522));
#17359=CARTESIAN_POINT('Origin',(1.88498914023946,6.34090804734076,0.659292517375522));
#17360=CARTESIAN_POINT('',(1.88498914023946,6.34090804734076,0.659292517375522));
#17361=CARTESIAN_POINT('',(1.88498914023946,6.34090804734076,0.659292517375522));
#17362=CARTESIAN_POINT('',(1.88498914023946,6.34090804734076,0.659292517375522));
#17363=CARTESIAN_POINT('Origin',(1.88498914023946,6.34090804734076,0.759292517375522));
#17364=CARTESIAN_POINT('',(1.88498914023946,6.34090804734076,0.759292517375522));
#17365=CARTESIAN_POINT('Origin',(1.88498914023946,6.21903073983822,-0.191350481144306));
#17366=CARTESIAN_POINT('',(1.88498914023946,5.74090804734076,-0.130052700054888));
#17367=CARTESIAN_POINT('',(1.88498914023946,4.96090804734076,-0.0300527000548886));
#17368=CARTESIAN_POINT('',(1.88498914023946,5.74090804734077,-0.130052700054888));
#17369=CARTESIAN_POINT('',(1.80498914023946,4.96090804734076,-0.110707482624478));
#17370=CARTESIAN_POINT('',(1.80498914023946,4.96090804734076,-0.110707482624478));
#17371=CARTESIAN_POINT('',(1.80498914023946,5.74090804734077,-0.210707482624478));
#17372=CARTESIAN_POINT('',(1.80498914023946,5.68489144428399,-0.203525866847968));
#17373=CARTESIAN_POINT('',(1.80498914023946,5.74090804734077,-0.210707482624478));
#17374=CARTESIAN_POINT('',(1.80498914023946,5.68489144428399,-0.203525866847968));
#17375=CARTESIAN_POINT('Origin',(0.5028232913848,5.74090804734077,-0.210707482624478));
#17376=CARTESIAN_POINT('',(1.33498914023946,4.96090804734076,-0.110707482624478));
#17377=CARTESIAN_POINT('',(2.05498914023946,4.96090804734076,-0.110707482624478));
#17378=CARTESIAN_POINT('',(1.33498914023946,5.1996237861599,-0.141312064524367));
#17379=CARTESIAN_POINT('',(1.33498914023946,4.96090804734076,-0.110707482624478));
#17380=CARTESIAN_POINT('',(1.46291620933415,5.44536939944659,-0.172817912381636));
#17381=CARTESIAN_POINT('Origin',(1.63498914023995,5.19962378615967,-0.141312064524338));
#17382=CARTESIAN_POINT('',(1.46291620933415,5.44536939944659,-0.172817912381636));
#17383=CARTESIAN_POINT('Origin',(2.05498914023946,4.96090804734076,-0.790707482624478));
#17384=CARTESIAN_POINT('',(1.33498914023946,4.96090804734076,-0.690707482624478));
#17385=CARTESIAN_POINT('',(2.05498914023946,4.96090804734076,-0.690707482624478));
#17386=CARTESIAN_POINT('',(1.33498914023946,4.96090804734076,0.0792925173755221));
#17387=CARTESIAN_POINT('',(1.88498914023946,4.96090804734076,0.759292517375522));
#17388=CARTESIAN_POINT('Origin',(2.05498914023946,5.06090804734077,-0.690707482624478));
#17389=CARTESIAN_POINT('',(1.33498914023946,5.06090804734077,-0.790707482624478));
#17390=CARTESIAN_POINT('Origin',(1.33498914023946,5.06090804734077,-0.690707482624478));
#17391=CARTESIAN_POINT('',(-2.02501085976054,5.06090804734077,-0.790707482624478));
#17392=CARTESIAN_POINT('Origin',(-2.02501085976054,5.06090804734077,-0.690707482624478));
#17393=CARTESIAN_POINT('',(-0.345010859760539,5.06090804734077,-0.790707482624478));
#17394=CARTESIAN_POINT('Origin',(-2.02501085976054,5.1996237861599,0.0792925173755221));
#17395=CARTESIAN_POINT('',(-2.02501085976054,5.1996237861599,-0.790707482624478));
#17396=CARTESIAN_POINT('',(-2.02501085976054,5.1996237861599,0.0792925173755221));
#17397=CARTESIAN_POINT('',(-2.02501085976054,8.46090804734077,-0.790707482624478));
#17398=CARTESIAN_POINT('Origin',(-2.32501085976054,5.1996237861599,0.0792925173755221));
#17399=CARTESIAN_POINT('',(-2.15293792885522,5.44536939944659,-0.790707482624478));
#17400=CARTESIAN_POINT('Origin',(-2.32501085976054,5.1996237861599,-0.790707482624478));
#17401=CARTESIAN_POINT('',(-2.15293792885522,5.44536939944659,0.0792925173755221));
#17402=CARTESIAN_POINT('Origin',(-2.57501085976054,5.74090804734077,0.0792925173755221));
#17403=CARTESIAN_POINT('',(-2.57501085976054,5.74090804734076,-0.790707482624478));
#17404=CARTESIAN_POINT('',(-2.15293792885522,5.44536939944659,-0.790707482624478));
#17405=CARTESIAN_POINT('',(-2.57501085976054,5.74090804734077,0.759292517375522));
#17406=CARTESIAN_POINT('Origin',(-2.57501085976054,6.34090804734076,0.759292517375522));
#17407=CARTESIAN_POINT('',(-2.57501085976054,6.34090804734076,-0.790707482624478));
#17408=CARTESIAN_POINT('',(-2.57501085976054,8.46090804734077,-0.790707482624478));
#17409=CARTESIAN_POINT('',(-2.57501085976054,6.34090804734076,-0.580707482624478));
#17410=CARTESIAN_POINT('Origin',(-2.74501085976054,6.34090804734076,-0.580707482624478));
#17411=CARTESIAN_POINT('',(-1.93501085976054,6.34090804734076,-0.790707482624478));
#17412=CARTESIAN_POINT('',(-1.93501085976054,6.34090804734076,-0.580707482624478));
#17413=CARTESIAN_POINT('',(-0.345010859760539,6.34090804734076,-0.790707482624478));
#17414=CARTESIAN_POINT('Origin',(-1.93501085976054,7.11090804734077,-0.580707482624478));
#17415=CARTESIAN_POINT('',(-1.93501085976054,8.46090804734077,-0.790707482624478));
#17416=CARTESIAN_POINT('Origin',(-3.29501085976054,7.11876222835244,-1.69070748262448));
#17417=CARTESIAN_POINT('',(-1.92501085976054,7.11090804734077,-0.790707482624478));
#17418=CARTESIAN_POINT('',(-0.345010859760539,7.11090804734077,-0.790707482624478));
#17419=CARTESIAN_POINT('',(-1.92501085976054,7.11090804734077,-0.790707482624478));
#17420=CARTESIAN_POINT('Origin',(-1.92501085976054,7.36659003100119,-1.44070748262448));
#17421=CARTESIAN_POINT('',(-1.92501085976054,7.16090995126005,-0.790707482624478));
#17422=CARTESIAN_POINT('',(-1.92501085976054,7.16660145415443,-1.44288911649907));
#17423=CARTESIAN_POINT('',(-1.92501085976054,8.46090804734077,-0.790707482624478));
#17424=CARTESIAN_POINT('Origin',(-1.92501085976054,7.16660145415443,-1.44288911649907));
#17425=CARTESIAN_POINT('',(-1.45743986264438,7.16090995126005,-0.79070748262273));
#17426=CARTESIAN_POINT('',(-0.345010859760539,7.16090995126005,-0.790707482624478));
#17427=CARTESIAN_POINT('Ctrl Pts',(-1.51656520771138,7.16660145415445,-1.44288911650054));
#17428=CARTESIAN_POINT('Ctrl Pts',(-1.49689521429882,7.16470425613127,-1.22549175599662));
#17429=CARTESIAN_POINT('Ctrl Pts',(-1.47718880781451,7.16280708682137,-1.00809768570812));
#17430=CARTESIAN_POINT('Ctrl Pts',(-1.45743986264438,7.16090995126005,-0.79070748262273));
#17431=CARTESIAN_POINT('Origin',(-0.345010859760539,6.71090804734077,-1.69070748256672));
#17432=CARTESIAN_POINT('',(0.304796877990602,7.71974396261488,-0.790707482623188));
#17433=CARTESIAN_POINT('Ctrl Pts',(0.304796877990691,7.71974396261482,-0.790707482623196));
#17434=CARTESIAN_POINT('Ctrl Pts',(0.299553982167136,7.768747317338,-1.22914019001244));
#17435=CARTESIAN_POINT('Ctrl Pts',(0.292879892359823,7.81918186604508,-1.69070748262398));
#17436=CARTESIAN_POINT('Origin',(-0.345010859760539,6.71090804734077,-0.790707482622111));
#17437=CARTESIAN_POINT('Origin',(0.485839608133657,7.8599565667689,-0.460707482624478));
#17438=CARTESIAN_POINT('',(0.465424545139452,7.88037162976385,-0.790707482594281));
#17439=CARTESIAN_POINT('',(0.304796877994146,7.71974396261844,-0.790707482624478));
#17440=CARTESIAN_POINT('',(0.409747100610358,7.93604907429257,-1.69070748260981));
#17441=CARTESIAN_POINT('Origin',(0.64493863390063,7.70085754100193,-1.69070748256672));
#17442=CARTESIAN_POINT('',(0.824452722662052,7.52134345224051,-0.790707482623294));
#17443=CARTESIAN_POINT('',(0.804037659667603,7.54175851523496,-0.460707482624478));
#17444=CARTESIAN_POINT('Origin',(0.64493863390063,7.70085754100193,-0.790707482622111));
#17445=CARTESIAN_POINT('Origin',(0.804037659667603,7.54175851523496,-0.460707482624478));
#17446=CARTESIAN_POINT('',(0.663825055513522,7.36071578509191,-0.790707482622671));
#17447=CARTESIAN_POINT('Ctrl Pts',(0.762243444039409,7.34893358671105,-1.68137810384561));
#17448=CARTESIAN_POINT('Ctrl Pts',(0.71233304725141,7.35552588842645,-1.22470818048748));
#17449=CARTESIAN_POINT('Ctrl Pts',(0.663825055513465,7.360715785092,-0.790707482622679));
#17450=CARTESIAN_POINT('',(0.824452722662125,7.52134345224043,-0.790707482624478));
#17451=CARTESIAN_POINT('Origin',(-0.345010859760539,6.71090804734077,-1.68672212748788));
#17452=CARTESIAN_POINT('',(0.767418143123352,7.16090995126005,-0.790707482623249));
#17453=CARTESIAN_POINT('Origin',(-0.345010859760539,6.71090804734077,-0.790707482622111));
#17454=CARTESIAN_POINT('Ctrl Pts',(0.826543488190772,7.16660145415444,-1.44288911649966));
#17455=CARTESIAN_POINT('Ctrl Pts',(0.806873494778034,7.16470425613126,-1.2254917559958));
#17456=CARTESIAN_POINT('Ctrl Pts',(0.787167088293626,7.16280708682137,-1.00809768570822));
#17457=CARTESIAN_POINT('Ctrl Pts',(0.767418143123352,7.16090995126005,-0.790707482623249));
#17458=CARTESIAN_POINT('Origin',(-1.92501085976054,7.16660145415443,-1.44288911649907));
#17459=CARTESIAN_POINT('',(1.23498914023946,7.16090995126005,-0.790707482624478));
#17460=CARTESIAN_POINT('',(1.23498914023946,7.16660145415443,-1.44288911649907));
#17461=CARTESIAN_POINT('',(-0.345010859760539,7.16090995126005,-0.790707482624478));
#17462=CARTESIAN_POINT('Origin',(1.23498914023946,7.36659003100119,-1.44070748262448));
#17463=CARTESIAN_POINT('',(1.23498914023946,7.11090804734077,-0.790707482624478));
#17464=CARTESIAN_POINT('',(1.23498914023946,8.46090804734077,-0.790707482624478));
#17465=CARTESIAN_POINT('',(1.23498914023946,7.11876222835244,-1.69070748262448));
#17466=CARTESIAN_POINT('Origin',(-3.29501085976054,7.11876222835244,-1.69070748262448));
#17467=CARTESIAN_POINT('',(-0.345010859760539,7.11090804734077,-0.790707482624478));
#17468=CARTESIAN_POINT('Origin',(1.24498914023946,7.11090804734077,-0.580707482624478));
#17469=CARTESIAN_POINT('',(1.24498914023946,6.34090804734076,-0.790707482624478));
#17470=CARTESIAN_POINT('',(1.24498914023946,6.34090804734076,-0.580707482624478));
#17471=CARTESIAN_POINT('',(1.24498914023946,8.46090804734077,-0.790707482624478));
#17472=CARTESIAN_POINT('Origin',(2.05498914023946,6.34090804734076,-0.580707482624478));
#17473=CARTESIAN_POINT('',(1.88498914023946,6.34090804734076,-0.790707482624478));
#17474=CARTESIAN_POINT('',(1.88498914023946,6.34090804734076,0.759292517375522));
#17475=CARTESIAN_POINT('',(-0.345010859760539,6.34090804734076,-0.790707482624478));
#17476=CARTESIAN_POINT('Origin',(1.88498914023946,6.34090804734076,0.759292517375522));
#17477=CARTESIAN_POINT('',(1.88498914023946,5.74090804734077,-0.790707482624478));
#17478=CARTESIAN_POINT('',(1.88498914023946,5.74090804734077,0.0792925173755221));
#17479=CARTESIAN_POINT('',(1.88498914023946,8.46090804734077,-0.790707482624478));
#17480=CARTESIAN_POINT('Origin',(1.88498914023946,5.74090804734077,0.0792925173755221));
#17481=CARTESIAN_POINT('',(1.46291620933415,5.44536939944659,-0.790707482624478));
#17482=CARTESIAN_POINT('',(1.46291620933415,5.44536939944659,0.0792925173755221));
#17483=CARTESIAN_POINT('',(1.88498914023946,5.74090804734077,-0.790707482624478));
#17484=CARTESIAN_POINT('Origin',(1.63498914023946,5.1996237861599,0.0792925173755221));
#17485=CARTESIAN_POINT('',(1.33498914023946,5.1996237861599,-0.790707482624478));
#17486=CARTESIAN_POINT('',(1.33498914023946,5.1996237861599,0.0792925173755221));
#17487=CARTESIAN_POINT('Origin',(1.63498914023946,5.1996237861599,-0.790707482624478));
#17488=CARTESIAN_POINT('Origin',(1.33498914023946,5.1996237861599,0.0792925173755221));
#17489=CARTESIAN_POINT('',(1.33498914023946,8.46090804734077,-0.790707482624478));
#17490=CARTESIAN_POINT('Origin',(-0.345010859760539,8.46090804734077,-0.790707482624478));
#17491=CARTESIAN_POINT('',(-0.345010859760539,6.71090804734077,-0.460707482624481));
#17492=CARTESIAN_POINT('',(-0.0195404535308667,-0.0114358468640652,-0.0425397741689318));
#17493=CARTESIAN_POINT('',(-0.364551313291403,-0.816752743208966,-7.09947220047671));
#17494=UNCERTAINTY_MEASURE_WITH_UNIT(LENGTH_MEASURE(0.01),#17504,
'DISTANCE_ACCURACY_VALUE',
'Maximum model space distance between geometric entities at asserted c
onnectivities');
#17495=UNCERTAINTY_MEASURE_WITH_UNIT(LENGTH_MEASURE(0.01),#17504,
'DISTANCE_ACCURACY_VALUE',
'Maximum model space distance between geometric entities at asserted c
onnectivities');
#17496=UNCERTAINTY_MEASURE_WITH_UNIT(LENGTH_MEASURE(0.01),#17504,
'DISTANCE_ACCURACY_VALUE',
'Maximum model space distance between geometric entities at asserted c
onnectivities');
#17497=UNCERTAINTY_MEASURE_WITH_UNIT(LENGTH_MEASURE(0.01),#17504,
'DISTANCE_ACCURACY_VALUE',
'Maximum model space distance between geometric entities at asserted c
onnectivities');
#17498=UNCERTAINTY_MEASURE_WITH_UNIT(LENGTH_MEASURE(0.01),#17504,
'DISTANCE_ACCURACY_VALUE',
'Maximum model space distance between geometric entities at asserted c
onnectivities');
#17499=(
GEOMETRIC_REPRESENTATION_CONTEXT(3)
GLOBAL_UNCERTAINTY_ASSIGNED_CONTEXT((#17494))
GLOBAL_UNIT_ASSIGNED_CONTEXT((#17504,#17506,#17507))
REPRESENTATION_CONTEXT('','3D')
);
#17500=(
GEOMETRIC_REPRESENTATION_CONTEXT(3)
GLOBAL_UNCERTAINTY_ASSIGNED_CONTEXT((#17495))
GLOBAL_UNIT_ASSIGNED_CONTEXT((#17504,#17506,#17507))
REPRESENTATION_CONTEXT('','3D')
);
#17501=(
GEOMETRIC_REPRESENTATION_CONTEXT(3)
GLOBAL_UNCERTAINTY_ASSIGNED_CONTEXT((#17496))
GLOBAL_UNIT_ASSIGNED_CONTEXT((#17504,#17506,#17507))
REPRESENTATION_CONTEXT('','3D')
);
#17502=(
GEOMETRIC_REPRESENTATION_CONTEXT(3)
GLOBAL_UNCERTAINTY_ASSIGNED_CONTEXT((#17497))
GLOBAL_UNIT_ASSIGNED_CONTEXT((#17504,#17506,#17507))
REPRESENTATION_CONTEXT('','3D')
);
#17503=(
GEOMETRIC_REPRESENTATION_CONTEXT(3)
GLOBAL_UNCERTAINTY_ASSIGNED_CONTEXT((#17498))
GLOBAL_UNIT_ASSIGNED_CONTEXT((#17504,#17506,#17507))
REPRESENTATION_CONTEXT('','3D')
);
#17504=(
LENGTH_UNIT()
NAMED_UNIT(*)
SI_UNIT(.MILLI.,.METRE.)
);
#17505=(
LENGTH_UNIT()
NAMED_UNIT(*)
SI_UNIT($,.METRE.)
);
#17506=(
NAMED_UNIT(*)
PLANE_ANGLE_UNIT()
SI_UNIT($,.RADIAN.)
);
#17507=(
NAMED_UNIT(*)
SI_UNIT($,.STERADIAN.)
SOLID_ANGLE_UNIT()
);
#17508=SHAPE_DEFINITION_REPRESENTATION(#17512,#17519);
#17509=SHAPE_DEFINITION_REPRESENTATION(#17513,#17520);
#17510=SHAPE_DEFINITION_REPRESENTATION(#17514,#17521);
#17511=SHAPE_DEFINITION_REPRESENTATION(#17515,#17522);
#17512=PRODUCT_DEFINITION_SHAPE('',$,#17524);
#17513=PRODUCT_DEFINITION_SHAPE('',$,#17525);
#17514=PRODUCT_DEFINITION_SHAPE('',$,#17526);
#17515=PRODUCT_DEFINITION_SHAPE('',$,#17527);
#17516=PRODUCT_DEFINITION_SHAPE($,$,#20);
#17517=PRODUCT_DEFINITION_SHAPE($,$,#21);
#17518=PRODUCT_DEFINITION_SHAPE($,$,#22);
#17519=SHAPE_REPRESENTATION('',(#10525,#11446),#17499);
#17520=SHAPE_REPRESENTATION('',(#10526,#11444,#11445),#17500);
#17521=SHAPE_REPRESENTATION('',(#10527),#17501);
#17522=SHAPE_REPRESENTATION('',(#10589),#17502);
#17523=PRODUCT_DEFINITION_CONTEXT('part definition',#17537,'design');
#17524=PRODUCT_DEFINITION('SKSNLP_3D 250627','(Unsaved)',#17528,#17523);
#17525=PRODUCT_DEFINITION('2026-09-21-06-25-59-999','SKSNLP',#17529,#17523);
#17526=PRODUCT_DEFINITION(
'072BA0205A02_S__X2_4e2d629c304d30e230c730eb7528_X0__3',
'072BA0205A02_S__X2_4e2d629c304d30e230c730eb7528_X0__3',#17530,#17523);
#17527=PRODUCT_DEFINITION('Part2_default_3','Part2_default_3',#17531,#17523);
#17528=PRODUCT_DEFINITION_FORMATION('',$,#17539);
#17529=PRODUCT_DEFINITION_FORMATION('',$,#17540);
#17530=PRODUCT_DEFINITION_FORMATION('',$,#17541);
#17531=PRODUCT_DEFINITION_FORMATION('',$,#17542);
#17532=PRODUCT_RELATED_PRODUCT_CATEGORY('(Unsaved)','(Unsaved)',(#17539));
#17533=PRODUCT_RELATED_PRODUCT_CATEGORY('SKSNLP','SKSNLP',(#17540));
#17534=PRODUCT_RELATED_PRODUCT_CATEGORY(
'072BA0205A02_S__X2_4e2d629c304d30e230c730eb7528_X0__3',
'072BA0205A02_S__X2_4e2d629c304d30e230c730eb7528_X0__3',(#17541));
#17535=PRODUCT_RELATED_PRODUCT_CATEGORY('Part2_default_3',
'Part2_default_3',(#17542));
#17536=APPLICATION_PROTOCOL_DEFINITION('international standard',
'automotive_design',2009,#17537);
#17537=APPLICATION_CONTEXT(
'Core Data for Automotive Mechanical Design Process');
#17538=PRODUCT_CONTEXT('part definition',#17537,'mechanical');
#17539=PRODUCT('SKSNLP_3D 250627','(Unsaved)','STEP AP214',(#17538));
#17540=PRODUCT('2026-09-21-06-25-59-999','SKSNLP',$,(#17538));
#17541=PRODUCT('072BA0205A02_S__X2_4e2d629c304d30e230c730eb7528_X0__3',
'072BA0205A02_S__X2_4e2d629c304d30e230c730eb7528_X0__3',$,(#17538));
#17542=PRODUCT('Part2_default_3','Part2_default_3',$,(#17538));
#17543=PRESENTATION_STYLE_ASSIGNMENT((#17547));
#17544=PRESENTATION_STYLE_ASSIGNMENT((#17548));
#17545=PRESENTATION_STYLE_ASSIGNMENT((#17549));
#17546=PRESENTATION_STYLE_ASSIGNMENT((#17550));
#17547=SURFACE_STYLE_USAGE(.BOTH.,#17551);
#17548=SURFACE_STYLE_USAGE(.BOTH.,#17552);
#17549=SURFACE_STYLE_USAGE(.BOTH.,#17553);
#17550=SURFACE_STYLE_USAGE(.BOTH.,#17554);
#17551=SURFACE_SIDE_STYLE('',(#17555));
#17552=SURFACE_SIDE_STYLE('',(#17556));
#17553=SURFACE_SIDE_STYLE('',(#17557));
#17554=SURFACE_SIDE_STYLE('',(#17558));
#17555=SURFACE_STYLE_FILL_AREA(#17559);
#17556=SURFACE_STYLE_FILL_AREA(#17560);
#17557=SURFACE_STYLE_FILL_AREA(#17561);
#17558=SURFACE_STYLE_FILL_AREA(#17562);
#17559=FILL_AREA_STYLE('Steel - Satin',(#17563));
#17560=FILL_AREA_STYLE('Steel - Satin',(#17564));
#17561=FILL_AREA_STYLE('Nylon 6-6 (White)',(#17565));
#17562=FILL_AREA_STYLE('Nylon 6-6 (White)',(#17566));
#17563=FILL_AREA_STYLE_COLOUR('Steel - Satin',#17567);
#17564=FILL_AREA_STYLE_COLOUR('Steel - Satin',#17568);
#17565=FILL_AREA_STYLE_COLOUR('Nylon 6-6 (White)',#17569);
#17566=FILL_AREA_STYLE_COLOUR('Nylon 6-6 (White)',#17570);
#17567=COLOUR_RGB('Steel - Satin',0.627450980392157,0.627450980392157,0.627450980392157);
#17568=COLOUR_RGB('Steel - Satin',0.627450980392157,0.627450980392157,0.627450980392157);
#17569=COLOUR_RGB('Nylon 6-6 (White)',0.0823529411764706,0.0823529411764706,
0.0823529411764706);
#17570=COLOUR_RGB('Nylon 6-6 (White)',0.925490196078431,0.447058823529412,
0.396078431372549);
ENDSEC;
END-ISO-10303-21;
