ISO-10303-21;
HEADER;
/* Generated by software containing ST-Developer
 * from STEP Tools, Inc. (www.steptools.com) 
 */

FILE_DESCRIPTION(
/* description */ ('STEP AP214'),
/* implementation_level */ '2;1');

FILE_NAME(
/* name */ 'SW_Alps_SKHLLA.step',
/* time_stamp */ '2026-09-13T22:20:24+01:00',
/* author */ (''),
/* organization */ (''),
/* preprocessor_version */ 'ST-DEVELOPER v20.1',
/* originating_system */ 'Autodesk Translation Framework v15.8.0.0',
/* authorisation */ '');

FILE_SCHEMA (('AUTOMOTIVE_DESIGN { 1 0 10303 214 3 1 1 }'));
ENDSEC;

DATA;
#10=MECHANICAL_DESIGN_GEOMETRIC_PRESENTATION_REPRESENTATION('',(#45,#46,
#47,#48,#49,#50,#51,#52,#53,#54,#55,#56,#57,#58,#59,#60,#61,#62,#63,#64,
#65,#66,#67,#68,#69,#70,#71,#72,#73,#74,#75,#76,#77,#78,#79,#80,#81,#82,
#83,#84,#85,#86,#87,#88,#89,#90,#91,#92,#93,#94,#95,#96,#97,#98,#99,#100,
#101,#102,#103,#104,#105,#106,#107,#108,#109,#110,#111,#112,#113,#114,#115,
#116,#117,#118,#119,#120,#121,#122,#123,#124,#125,#126,#127,#128,#129,#130,
#131,#132,#133,#134,#135,#136,#137,#138,#139,#140,#141,#142,#143,#144),
#7566);
#11=ITEM_DEFINED_TRANSFORMATION($,$,#4484,#4887);
#12=(
REPRESENTATION_RELATIONSHIP($,$,#7577,#7576)
REPRESENTATION_RELATIONSHIP_WITH_TRANSFORMATION(#11)
SHAPE_REPRESENTATION_RELATIONSHIP()
);
#13=CONTEXT_DEPENDENT_SHAPE_REPRESENTATION(#12,#7575);
#14=NEXT_ASSEMBLY_USAGE_OCCURRENCE('SKHL-L^SKHL-L_1:1',
'SKHL-L^SKHL-L_1:1','SKHL-L^SKHL-L_1:1',#7579,#7580,'SKHL-L^SKHL-L_1:1');
#15=SHAPE_REPRESENTATION_RELATIONSHIP('SRR','None',#7577,#16);
#16=ADVANCED_BREP_SHAPE_REPRESENTATION('',(#145,#146,#147),#7565);
#17=SPHERICAL_SURFACE('',#4866,0.3);
#18=SPHERICAL_SURFACE('',#4867,0.3);
#19=SPHERICAL_SURFACE('',#4869,0.3);
#20=SPHERICAL_SURFACE('',#4870,0.3);
#21=B_SPLINE_CURVE_WITH_KNOTS('',3,(#6801,#6802,#6803,#6804,#6805,#6806,
#6807,#6808,#6809,#6810,#6811,#6812,#6813,#6814,#6815,#6816,#6817,#6818,
#6819,#6820,#6821,#6822),.UNSPECIFIED.,.F.,.F.,(4,2,2,2,2,2,2,2,2,2,4),
(0.,0.104900114344889,0.216887390493359,0.329814058160008,0.438038855431433,
0.5,0.598974381834769,0.705620773820368,0.811913508670477,0.91406295688431,
1.),.UNSPECIFIED.);
#22=B_SPLINE_CURVE_WITH_KNOTS('',3,(#6844,#6845,#6846,#6847,#6848,#6849,
#6850,#6851,#6852,#6853,#6854,#6855,#6856,#6857,#6858,#6859,#6860,#6861,
#6862,#6863,#6864,#6865),.UNSPECIFIED.,.F.,.F.,(4,2,2,2,2,2,2,2,2,2,4),
(0.,0.104900114344766,0.21688739049302,0.32981405815941,0.438038855430527,
0.5,0.598974381834784,0.7056207738204,0.811913508670521,0.914062956884369,
1.),.UNSPECIFIED.);
#23=(
BOUNDED_SURFACE()
B_SPLINE_SURFACE(2,2,((#6782,#6783,#6784),(#6785,#6786,#6787),(#6788,#6789,
#6790),(#6791,#6792,#6793),(#6794,#6795,#6796)),.UNSPECIFIED.,.F.,.F.,.F.)
B_SPLINE_SURFACE_WITH_KNOTS((3,2,3),(3,3),(-3.16586966681954E-13,0.785940753659794,
1.5718815073199),(-3.14159265358981,-1.5707963267948),.UNSPECIFIED.)
GEOMETRIC_REPRESENTATION_ITEM()
RATIONAL_B_SPLINE_SURFACE(((1.,0.707106781186508,1.),(0.923775678361231,
0.653208046464393,0.923775678361231),(1.,0.707106781186508,1.),(0.923775678361236,
0.653208046464396,0.923775678361236),(1.,0.707106781186508,1.)))
REPRESENTATION_ITEM('')
SURFACE()
);
#24=(
BOUNDED_SURFACE()
B_SPLINE_SURFACE(2,2,((#6827,#6828,#6829),(#6830,#6831,#6832),(#6833,#6834,
#6835),(#6836,#6837,#6838),(#6839,#6840,#6841)),.UNSPECIFIED.,.F.,.F.,.F.)
B_SPLINE_SURFACE_WITH_KNOTS((3,2,3),(3,3),(2.56618706055551E-14,0.785940753660036,
1.57188150732005),(-1.5707963267949,2.74026125009818E-14),.UNSPECIFIED.)
GEOMETRIC_REPRESENTATION_ITEM()
RATIONAL_B_SPLINE_SURFACE(((1.,0.707106781186535,1.),(0.923775678361206,
0.653208046464401,0.923775678361206),(1.,0.707106781186535,1.),(0.92377567836127,
0.653208046464446,0.92377567836127),(1.,0.707106781186535,1.)))
REPRESENTATION_ITEM('')
SURFACE()
);
#25=(
BOUNDED_SURFACE()
B_SPLINE_SURFACE(2,2,((#6870,#6871,#6872),(#6873,#6874,#6875),(#6876,#6877,
#6878)),.UNSPECIFIED.,.F.,.F.,.F.)
B_SPLINE_SURFACE_WITH_KNOTS((3,3),(3,3),(-9.30328255643425E-14,1.57079632679488),
(3.40005801291426E-14,1.57079632679486),.UNSPECIFIED.)
GEOMETRIC_REPRESENTATION_ITEM()
RATIONAL_B_SPLINE_SURFACE(((1.,0.707106781186573,1.),(0.707106781186519,
0.499999999999998,0.707106781186519),(1.,0.707106781186573,1.)))
REPRESENTATION_ITEM('')
SURFACE()
);
#26=(
BOUNDED_SURFACE()
B_SPLINE_SURFACE(2,2,((#6886,#6887,#6888),(#6889,#6890,#6891),(#6892,#6893,
#6894)),.UNSPECIFIED.,.F.,.F.,.F.)
B_SPLINE_SURFACE_WITH_KNOTS((3,3),(3,3),(-9.54345397747228E-15,1.57079632679491),
(1.57079632679484,3.14159265358988),.UNSPECIFIED.)
GEOMETRIC_REPRESENTATION_ITEM()
RATIONAL_B_SPLINE_SURFACE(((1.,0.707106781186497,1.),(0.707106781186548,
0.499999999999965,0.707106781186548),(1.,0.707106781186497,1.)))
REPRESENTATION_ITEM('')
SURFACE()
);
#27=(
BOUNDED_SURFACE()
B_SPLINE_SURFACE(2,2,((#6900,#6901,#6902),(#6903,#6904,#6905),(#6906,#6907,
#6908)),.UNSPECIFIED.,.F.,.F.,.F.)
B_SPLINE_SURFACE_WITH_KNOTS((3,3),(3,3),(-4.17057399328637E-14,1.57079632679488),
(-1.5707963267949,2.10592396809897E-14),.UNSPECIFIED.)
GEOMETRIC_REPRESENTATION_ITEM()
RATIONAL_B_SPLINE_SURFACE(((1.,0.707106781186538,1.),(0.707106781186532,
0.499999999999982,0.707106781186532),(1.,0.707106781186538,1.)))
REPRESENTATION_ITEM('')
SURFACE()
);
#28=(
BOUNDED_SURFACE()
B_SPLINE_SURFACE(2,2,((#6918,#6919,#6920),(#6921,#6922,#6923),(#6924,#6925,
#6926)),.UNSPECIFIED.,.F.,.F.,.F.)
B_SPLINE_SURFACE_WITH_KNOTS((3,3),(3,3),(-2.36253281135727E-14,1.5707963267949),
(5.55111512312566E-15,1.57079632679489),.UNSPECIFIED.)
GEOMETRIC_REPRESENTATION_ITEM()
RATIONAL_B_SPLINE_SURFACE(((1.,0.707106781186551,1.),(0.707106781186544,
0.5,0.707106781186544),(1.,0.707106781186551,1.)))
REPRESENTATION_ITEM('')
SURFACE()
);
#29=(
BOUNDED_SURFACE()
B_SPLINE_SURFACE(2,2,((#6934,#6935,#6936),(#6937,#6938,#6939),(#6940,#6941,
#6942)),.UNSPECIFIED.,.F.,.F.,.F.)
B_SPLINE_SURFACE_WITH_KNOTS((3,3),(3,3),(-3.11232129066708E-14,1.5707963267949),
(1.57079632679489,3.14159265358979),.UNSPECIFIED.)
GEOMETRIC_REPRESENTATION_ITEM()
RATIONAL_B_SPLINE_SURFACE(((1.,0.707106781186546,1.),(0.707106781186554,
0.500000000000004,0.707106781186554),(1.,0.707106781186546,1.)))
REPRESENTATION_ITEM('')
SURFACE()
);
#30=(
BOUNDED_SURFACE()
B_SPLINE_SURFACE(2,2,((#6950,#6951,#6952),(#6953,#6954,#6955),(#6956,#6957,
#6958)),.UNSPECIFIED.,.F.,.F.,.F.)
B_SPLINE_SURFACE_WITH_KNOTS((3,3),(3,3),(5.69829526054272E-15,1.57079632679492),
(-3.14159265358979,-1.57079632679488),.UNSPECIFIED.)
GEOMETRIC_REPRESENTATION_ITEM()
RATIONAL_B_SPLINE_SURFACE(((1.,0.70710678118654,1.),(0.707106781186533,
0.499999999999984,0.707106781186533),(1.,0.70710678118654,1.)))
REPRESENTATION_ITEM('')
SURFACE()
);
#31=(
BOUNDED_SURFACE()
B_SPLINE_SURFACE(2,2,((#7363,#7364,#7365),(#7366,#7367,#7368),(#7369,#7370,
#7371)),.UNSPECIFIED.,.F.,.F.,.F.)
B_SPLINE_SURFACE_WITH_KNOTS((3,3),(3,3),(-1.57079632679493,-1.11022302462512E-14),
(-3.14159265358974,-1.57079632679496),.UNSPECIFIED.)
GEOMETRIC_REPRESENTATION_ITEM()
RATIONAL_B_SPLINE_SURFACE(((1.,0.707106781186589,1.),(0.70710678118654,
0.500000000000024,0.70710678118654),(1.,0.707106781186589,1.)))
REPRESENTATION_ITEM('')
SURFACE()
);
#32=(
BOUNDED_SURFACE()
B_SPLINE_SURFACE(2,2,((#7407,#7408,#7409),(#7410,#7411,#7412),(#7413,#7414,
#7415)),.UNSPECIFIED.,.F.,.F.,.F.)
B_SPLINE_SURFACE_WITH_KNOTS((3,3),(3,3),(-1.57079632679499,-2.1274874888275E-14),
(-1.57079632679474,-1.62281843475665E-13),.UNSPECIFIED.)
GEOMETRIC_REPRESENTATION_ITEM()
RATIONAL_B_SPLINE_SURFACE(((1.,0.70710678118666,1.),(0.707106781186513,
0.500000000000055,0.707106781186513),(1.,0.70710678118666,1.)))
REPRESENTATION_ITEM('')
SURFACE()
);
#33=FACE_BOUND('',#657,.T.);
#34=FACE_BOUND('',#678,.T.);
#35=FACE_BOUND('',#679,.T.);
#36=FACE_BOUND('',#680,.T.);
#37=FACE_BOUND('',#684,.T.);
#38=FACE_BOUND('',#738,.T.);
#39=FACE_BOUND('',#739,.T.);
#40=FACE_BOUND('',#758,.T.);
#41=FACE_BOUND('',#761,.T.);
#42=FACE_BOUND('',#764,.T.);
#43=FACE_BOUND('',#774,.T.);
#44=FACE_BOUND('',#794,.T.);
#45=STYLED_ITEM('',(#7590),#145);
#46=STYLED_ITEM('',(#7591),#4281);
#47=STYLED_ITEM('',(#7591),#4282);
#48=STYLED_ITEM('',(#7591),#4283);
#49=STYLED_ITEM('',(#7591),#4284);
#50=STYLED_ITEM('',(#7591),#4285);
#51=STYLED_ITEM('',(#7591),#4286);
#52=STYLED_ITEM('',(#7591),#4287);
#53=STYLED_ITEM('',(#7591),#4288);
#54=STYLED_ITEM('',(#7591),#4289);
#55=STYLED_ITEM('',(#7591),#4290);
#56=STYLED_ITEM('',(#7591),#4291);
#57=STYLED_ITEM('',(#7591),#4292);
#58=STYLED_ITEM('',(#7591),#4293);
#59=STYLED_ITEM('',(#7591),#4294);
#60=STYLED_ITEM('',(#7591),#4295);
#61=STYLED_ITEM('',(#7591),#4296);
#62=STYLED_ITEM('',(#7591),#4316);
#63=STYLED_ITEM('',(#7591),#4318);
#64=STYLED_ITEM('',(#7591),#4321);
#65=STYLED_ITEM('',(#7591),#4322);
#66=STYLED_ITEM('',(#7591),#4323);
#67=STYLED_ITEM('',(#7591),#4324);
#68=STYLED_ITEM('',(#7591),#4325);
#69=STYLED_ITEM('',(#7591),#4326);
#70=STYLED_ITEM('',(#7591),#4327);
#71=STYLED_ITEM('',(#7591),#4328);
#72=STYLED_ITEM('',(#7591),#4329);
#73=STYLED_ITEM('',(#7591),#4330);
#74=STYLED_ITEM('',(#7591),#4331);
#75=STYLED_ITEM('',(#7591),#4332);
#76=STYLED_ITEM('',(#7591),#4333);
#77=STYLED_ITEM('',(#7591),#4334);
#78=STYLED_ITEM('',(#7591),#4335);
#79=STYLED_ITEM('',(#7591),#4336);
#80=STYLED_ITEM('',(#7591),#4337);
#81=STYLED_ITEM('',(#7591),#4338);
#82=STYLED_ITEM('',(#7591),#4339);
#83=STYLED_ITEM('',(#7591),#4340);
#84=STYLED_ITEM('',(#7591),#4345);
#85=STYLED_ITEM('',(#7591),#4346);
#86=STYLED_ITEM('',(#7591),#4347);
#87=STYLED_ITEM('',(#7591),#4348);
#88=STYLED_ITEM('',(#7591),#4349);
#89=STYLED_ITEM('',(#7591),#4350);
#90=STYLED_ITEM('',(#7591),#4351);
#91=STYLED_ITEM('',(#7591),#4352);
#92=STYLED_ITEM('',(#7591),#4353);
#93=STYLED_ITEM('',(#7591),#4354);
#94=STYLED_ITEM('',(#7591),#4355);
#95=STYLED_ITEM('',(#7591),#4356);
#96=STYLED_ITEM('',(#7591),#4357);
#97=STYLED_ITEM('',(#7591),#4358);
#98=STYLED_ITEM('',(#7591),#4359);
#99=STYLED_ITEM('',(#7591),#4364);
#100=STYLED_ITEM('',(#7591),#4365);
#101=STYLED_ITEM('',(#7591),#4366);
#102=STYLED_ITEM('',(#7591),#4367);
#103=STYLED_ITEM('',(#7591),#4368);
#104=STYLED_ITEM('',(#7591),#4369);
#105=STYLED_ITEM('',(#7591),#4370);
#106=STYLED_ITEM('',(#7591),#4371);
#107=STYLED_ITEM('',(#7591),#4372);
#108=STYLED_ITEM('',(#7591),#4373);
#109=STYLED_ITEM('',(#7591),#4374);
#110=STYLED_ITEM('',(#7591),#4375);
#111=STYLED_ITEM('',(#7591),#4376);
#112=STYLED_ITEM('',(#7591),#4377);
#113=STYLED_ITEM('',(#7591),#4378);
#114=STYLED_ITEM('',(#7591),#4395);
#115=STYLED_ITEM('',(#7591),#4396);
#116=STYLED_ITEM('',(#7591),#4401);
#117=STYLED_ITEM('',(#7591),#4403);
#118=STYLED_ITEM('',(#7591),#4404);
#119=STYLED_ITEM('',(#7591),#4405);
#120=STYLED_ITEM('',(#7591),#4406);
#121=STYLED_ITEM('',(#7591),#4407);
#122=STYLED_ITEM('',(#7591),#4416);
#123=STYLED_ITEM('',(#7591),#4417);
#124=STYLED_ITEM('',(#7591),#4418);
#125=STYLED_ITEM('',(#7591),#4419);
#126=STYLED_ITEM('',(#7591),#4420);
#127=STYLED_ITEM('',(#7591),#4421);
#128=STYLED_ITEM('',(#7591),#4423);
#129=STYLED_ITEM('',(#7591),#4424);
#130=STYLED_ITEM('',(#7591),#4429);
#131=STYLED_ITEM('',(#7591),#4430);
#132=STYLED_ITEM('',(#7591),#4431);
#133=STYLED_ITEM('',(#7591),#4432);
#134=STYLED_ITEM('',(#7591),#4433);
#135=STYLED_ITEM('',(#7591),#4434);
#136=STYLED_ITEM('',(#7591),#4435);
#137=STYLED_ITEM('',(#7591),#4436);
#138=STYLED_ITEM('',(#7591),#4451);
#139=STYLED_ITEM('',(#7591),#4452);
#140=STYLED_ITEM('',(#7591),#4453);
#141=STYLED_ITEM('',(#7591),#4454);
#142=STYLED_ITEM('',(#7591),#4455);
#143=STYLED_ITEM('',(#7590),#146);
#144=STYLED_ITEM('',(#7590),#147);
#145=MANIFOLD_SOLID_BREP('Body1',#4468);
#146=MANIFOLD_SOLID_BREP('Body2',#4469);
#147=MANIFOLD_SOLID_BREP('Body3',#4470);
#148=CYLINDRICAL_SURFACE('',#4496,0.2);
#149=CYLINDRICAL_SURFACE('',#4498,0.2);
#150=CYLINDRICAL_SURFACE('',#4501,0.35);
#151=CYLINDRICAL_SURFACE('',#4504,0.0500000000000001);
#152=CYLINDRICAL_SURFACE('',#4512,0.2);
#153=CYLINDRICAL_SURFACE('',#4517,0.2);
#154=CYLINDRICAL_SURFACE('',#4519,0.35);
#155=CYLINDRICAL_SURFACE('',#4524,0.5);
#156=CYLINDRICAL_SURFACE('',#4534,0.0500000000000001);
#157=CYLINDRICAL_SURFACE('',#4541,0.2);
#158=CYLINDRICAL_SURFACE('',#4565,0.2);
#159=CYLINDRICAL_SURFACE('',#4578,0.35);
#160=CYLINDRICAL_SURFACE('',#4580,0.0500000000000001);
#161=CYLINDRICAL_SURFACE('',#4582,0.35);
#162=CYLINDRICAL_SURFACE('',#4585,0.0500000000000001);
#163=CYLINDRICAL_SURFACE('',#4588,0.5);
#164=CYLINDRICAL_SURFACE('',#4591,0.2);
#165=CYLINDRICAL_SURFACE('',#4594,0.2);
#166=CYLINDRICAL_SURFACE('',#4597,0.2);
#167=CYLINDRICAL_SURFACE('',#4600,0.2);
#168=CYLINDRICAL_SURFACE('',#4603,0.2);
#169=CYLINDRICAL_SURFACE('',#4606,0.2);
#170=CYLINDRICAL_SURFACE('',#4609,0.2);
#171=CYLINDRICAL_SURFACE('',#4612,0.2);
#172=CYLINDRICAL_SURFACE('',#4616,0.3);
#173=CYLINDRICAL_SURFACE('',#4619,0.3);
#174=CYLINDRICAL_SURFACE('',#4622,0.3);
#175=CYLINDRICAL_SURFACE('',#4625,0.3);
#176=CYLINDRICAL_SURFACE('',#4630,0.2);
#177=CYLINDRICAL_SURFACE('',#4634,0.35);
#178=CYLINDRICAL_SURFACE('',#4638,0.2);
#179=CYLINDRICAL_SURFACE('',#4644,0.2);
#180=CYLINDRICAL_SURFACE('',#4648,0.0500000000000001);
#181=CYLINDRICAL_SURFACE('',#4649,0.0500000000000001);
#182=CYLINDRICAL_SURFACE('',#4655,0.1);
#183=CYLINDRICAL_SURFACE('',#4658,0.1);
#184=CYLINDRICAL_SURFACE('',#4662,0.1);
#185=CYLINDRICAL_SURFACE('',#4666,0.1);
#186=CYLINDRICAL_SURFACE('',#4670,0.1);
#187=CYLINDRICAL_SURFACE('',#4674,0.1);
#188=CYLINDRICAL_SURFACE('',#4678,0.0999999999999998);
#189=CYLINDRICAL_SURFACE('',#4682,0.1);
#190=CYLINDRICAL_SURFACE('',#4688,0.2);
#191=CYLINDRICAL_SURFACE('',#4695,0.5);
#192=CYLINDRICAL_SURFACE('',#4708,0.0999999999999998);
#193=CYLINDRICAL_SURFACE('',#4709,0.0999999999999998);
#194=CYLINDRICAL_SURFACE('',#4712,0.0500000000000001);
#195=CYLINDRICAL_SURFACE('',#4724,0.0500000000000001);
#196=CYLINDRICAL_SURFACE('',#4726,0.0999999999999998);
#197=CYLINDRICAL_SURFACE('',#4733,0.0500000000000001);
#198=CYLINDRICAL_SURFACE('',#4736,0.0500000000000001);
#199=CYLINDRICAL_SURFACE('',#4739,0.0999999999999998);
#200=CYLINDRICAL_SURFACE('',#4741,0.0500000000000001);
#201=CYLINDRICAL_SURFACE('',#4754,0.0500000000000001);
#202=CYLINDRICAL_SURFACE('',#4768,0.2);
#203=CYLINDRICAL_SURFACE('',#4770,0.2);
#204=CYLINDRICAL_SURFACE('',#4777,0.0500000000000001);
#205=CYLINDRICAL_SURFACE('',#4788,0.35);
#206=CYLINDRICAL_SURFACE('',#4791,0.35);
#207=CYLINDRICAL_SURFACE('',#4797,0.0500000000000001);
#208=CYLINDRICAL_SURFACE('',#4799,0.0500000000000001);
#209=CYLINDRICAL_SURFACE('',#4801,0.0500000000000001);
#210=CYLINDRICAL_SURFACE('',#4806,0.25);
#211=CYLINDRICAL_SURFACE('',#4812,0.25);
#212=CYLINDRICAL_SURFACE('',#4818,0.0500000000000001);
#213=CYLINDRICAL_SURFACE('',#4820,0.0500000000000001);
#214=CYLINDRICAL_SURFACE('',#4822,0.0500000000000001);
#215=CYLINDRICAL_SURFACE('',#4824,0.35);
#216=CYLINDRICAL_SURFACE('',#4830,0.3);
#217=CYLINDRICAL_SURFACE('',#4832,0.3);
#218=CYLINDRICAL_SURFACE('',#4834,0.3);
#219=CYLINDRICAL_SURFACE('',#4837,0.3);
#220=CYLINDRICAL_SURFACE('',#4840,0.3);
#221=CYLINDRICAL_SURFACE('',#4842,0.3);
#222=CYLINDRICAL_SURFACE('',#4844,0.3);
#223=CYLINDRICAL_SURFACE('',#4847,0.3);
#224=CYLINDRICAL_SURFACE('',#4850,0.5);
#225=CYLINDRICAL_SURFACE('',#4854,0.0500000000000001);
#226=CYLINDRICAL_SURFACE('',#4856,0.35);
#227=CYLINDRICAL_SURFACE('',#4860,0.35);
#228=CYLINDRICAL_SURFACE('',#4882,0.2);
#229=CYLINDRICAL_SURFACE('',#4884,0.2);
#230=CIRCLE('',#4487,0.2);
#231=CIRCLE('',#4488,0.2);
#232=CIRCLE('',#4491,0.2);
#233=CIRCLE('',#4492,0.2);
#234=CIRCLE('',#4502,0.35);
#235=CIRCLE('',#4503,0.35);
#236=CIRCLE('',#4505,0.0500000000000001);
#237=CIRCLE('',#4506,0.0500000000000001);
#238=CIRCLE('',#4508,0.2);
#239=CIRCLE('',#4509,0.2);
#240=CIRCLE('',#4510,0.5);
#241=CIRCLE('',#4511,0.2);
#242=CIRCLE('',#4513,0.2);
#243=CIRCLE('',#4518,0.2);
#244=CIRCLE('',#4520,0.35);
#245=CIRCLE('',#4521,0.35);
#246=CIRCLE('',#4523,0.0500000000000001);
#247=CIRCLE('',#4525,0.5);
#248=CIRCLE('',#4529,0.0500000000000001);
#249=CIRCLE('',#4530,0.35);
#250=CIRCLE('',#4531,0.0500000000000001);
#251=CIRCLE('',#4532,0.0500000000000001);
#252=CIRCLE('',#4533,0.35);
#253=CIRCLE('',#4535,0.0500000000000001);
#254=CIRCLE('',#4537,0.35);
#255=CIRCLE('',#4538,0.0500000000000001);
#256=CIRCLE('',#4539,0.35);
#257=CIRCLE('',#4540,0.0500000000000001);
#258=CIRCLE('',#4542,0.2);
#259=CIRCLE('',#4549,0.2);
#260=CIRCLE('',#4550,0.2);
#261=CIRCLE('',#4551,0.2);
#262=CIRCLE('',#4552,0.2);
#263=CIRCLE('',#4553,0.2);
#264=CIRCLE('',#4554,0.2);
#265=CIRCLE('',#4555,0.2);
#266=CIRCLE('',#4556,0.2);
#267=CIRCLE('',#4557,0.2);
#268=CIRCLE('',#4558,0.2);
#269=CIRCLE('',#4559,0.2);
#270=CIRCLE('',#4560,0.2);
#271=CIRCLE('',#4561,0.3);
#272=CIRCLE('',#4562,0.3);
#273=CIRCLE('',#4563,0.3);
#274=CIRCLE('',#4564,0.3);
#275=CIRCLE('',#4566,0.2);
#276=CIRCLE('',#4567,0.2);
#277=CIRCLE('',#4568,0.2);
#278=CIRCLE('',#4570,0.2);
#279=CIRCLE('',#4571,0.2);
#280=CIRCLE('',#4572,0.2);
#281=CIRCLE('',#4573,0.0999999999999998);
#282=CIRCLE('',#4574,0.0999999999999998);
#283=CIRCLE('',#4575,0.0999999999999998);
#284=CIRCLE('',#4576,0.0999999999999998);
#285=CIRCLE('',#4587,0.5);
#286=CIRCLE('',#4589,0.5);
#287=CIRCLE('',#4592,0.2);
#288=CIRCLE('',#4595,0.2);
#289=CIRCLE('',#4598,0.2);
#290=CIRCLE('',#4601,0.2);
#291=CIRCLE('',#4604,0.2);
#292=CIRCLE('',#4607,0.2);
#293=CIRCLE('',#4610,0.2);
#294=CIRCLE('',#4613,0.2);
#295=CIRCLE('',#4617,0.3);
#296=CIRCLE('',#4620,0.3);
#297=CIRCLE('',#4623,0.3);
#298=CIRCLE('',#4626,0.3);
#299=CIRCLE('',#4632,0.0500000000000001);
#300=CIRCLE('',#4633,0.35);
#301=CIRCLE('',#4635,0.35);
#302=CIRCLE('',#4637,0.0500000000000001);
#303=CIRCLE('',#4639,0.2);
#304=CIRCLE('',#4640,0.2);
#305=CIRCLE('',#4643,0.0500000000000001);
#306=CIRCLE('',#4653,0.1);
#307=CIRCLE('',#4654,0.0999999999999998);
#308=CIRCLE('',#4656,0.1);
#309=CIRCLE('',#4657,0.100000000000001);
#310=CIRCLE('',#4659,0.1);
#311=CIRCLE('',#4660,0.0999999999999996);
#312=CIRCLE('',#4661,0.0999999999999994);
#313=CIRCLE('',#4663,0.1);
#314=CIRCLE('',#4664,0.0999999999999994);
#315=CIRCLE('',#4665,0.1);
#316=CIRCLE('',#4667,0.0999999999999998);
#317=CIRCLE('',#4668,0.1);
#318=CIRCLE('',#4669,0.1);
#319=CIRCLE('',#4671,0.1);
#320=CIRCLE('',#4672,0.0999999999999998);
#321=CIRCLE('',#4673,0.0999999999999994);
#322=CIRCLE('',#4675,0.1);
#323=CIRCLE('',#4676,0.1);
#324=CIRCLE('',#4677,0.0999999999999998);
#325=CIRCLE('',#4679,0.0999999999999998);
#326=CIRCLE('',#4680,0.0999999999999998);
#327=CIRCLE('',#4681,0.0999999999999998);
#328=CIRCLE('',#4684,0.3);
#329=CIRCLE('',#4685,0.3);
#330=CIRCLE('',#4686,0.3);
#331=CIRCLE('',#4687,0.3);
#332=CIRCLE('',#4689,0.2);
#333=CIRCLE('',#4690,0.2);
#334=CIRCLE('',#4692,0.2);
#335=CIRCLE('',#4693,0.2);
#336=CIRCLE('',#4694,0.5);
#337=CIRCLE('',#4696,0.5);
#338=CIRCLE('',#4698,0.2);
#339=CIRCLE('',#4699,0.2);
#340=CIRCLE('',#4702,0.0999999999999998);
#341=CIRCLE('',#4707,0.0999999999999998);
#342=CIRCLE('',#4711,0.0500000000000001);
#343=CIRCLE('',#4713,0.0500000000000001);
#344=CIRCLE('',#4715,0.0500000000000001);
#345=CIRCLE('',#4716,0.0500000000000001);
#346=CIRCLE('',#4717,0.0500000000000001);
#347=CIRCLE('',#4720,0.0500000000000001);
#348=CIRCLE('',#4721,0.0500000000000001);
#349=CIRCLE('',#4722,0.0500000000000001);
#350=CIRCLE('',#4723,0.0500000000000001);
#351=CIRCLE('',#4725,0.0500000000000001);
#352=CIRCLE('',#4727,0.0999999999999998);
#353=CIRCLE('',#4731,0.25);
#354=CIRCLE('',#4734,0.0500000000000001);
#355=CIRCLE('',#4735,0.0500000000000001);
#356=CIRCLE('',#4737,0.0500000000000001);
#357=CIRCLE('',#4738,0.0500000000000001);
#358=CIRCLE('',#4740,0.0999999999999998);
#359=CIRCLE('',#4742,0.0500000000000001);
#360=CIRCLE('',#4743,0.0500000000000001);
#361=CIRCLE('',#4745,0.0500000000000001);
#362=CIRCLE('',#4746,0.0500000000000001);
#363=CIRCLE('',#4747,0.0500000000000001);
#364=CIRCLE('',#4750,0.0500000000000001);
#365=CIRCLE('',#4751,0.0500000000000001);
#366=CIRCLE('',#4752,0.0500000000000001);
#367=CIRCLE('',#4753,0.0500000000000001);
#368=CIRCLE('',#4755,0.0500000000000001);
#369=CIRCLE('',#4772,0.35);
#370=CIRCLE('',#4773,0.35);
#371=CIRCLE('',#4774,0.0500000000000001);
#372=CIRCLE('',#4775,0.35);
#373=CIRCLE('',#4776,0.0500000000000001);
#374=CIRCLE('',#4778,0.0500000000000001);
#375=CIRCLE('',#4780,0.0500000000000001);
#376=CIRCLE('',#4781,0.35);
#377=CIRCLE('',#4782,0.35);
#378=CIRCLE('',#4783,0.35);
#379=CIRCLE('',#4792,0.35);
#380=CIRCLE('',#4793,0.35);
#381=CIRCLE('',#4803,0.0499999999999993);
#382=CIRCLE('',#4805,0.25);
#383=CIRCLE('',#4807,0.25);
#384=CIRCLE('',#4813,0.25);
#385=CIRCLE('',#4817,0.049999999999998);
#386=CIRCLE('',#4825,0.35);
#387=CIRCLE('',#4826,0.35);
#388=CIRCLE('',#4831,0.3);
#389=CIRCLE('',#4833,0.3);
#390=CIRCLE('',#4835,0.3);
#391=CIRCLE('',#4836,0.3);
#392=CIRCLE('',#4838,0.3);
#393=CIRCLE('',#4839,0.3);
#394=CIRCLE('',#4841,0.3);
#395=CIRCLE('',#4843,0.3);
#396=CIRCLE('',#4845,0.3);
#397=CIRCLE('',#4846,0.3);
#398=CIRCLE('',#4848,0.3);
#399=CIRCLE('',#4849,0.3);
#400=CIRCLE('',#4851,0.5);
#401=CIRCLE('',#4852,0.5);
#402=CIRCLE('',#4873,0.2);
#403=CIRCLE('',#4874,0.2);
#404=CIRCLE('',#4877,0.2);
#405=CIRCLE('',#4878,0.2);
#406=FACE_OUTER_BOUND('',#642,.T.);
#407=FACE_OUTER_BOUND('',#643,.T.);
#408=FACE_OUTER_BOUND('',#644,.T.);
#409=FACE_OUTER_BOUND('',#645,.T.);
#410=FACE_OUTER_BOUND('',#646,.T.);
#411=FACE_OUTER_BOUND('',#647,.T.);
#412=FACE_OUTER_BOUND('',#648,.T.);
#413=FACE_OUTER_BOUND('',#649,.T.);
#414=FACE_OUTER_BOUND('',#650,.T.);
#415=FACE_OUTER_BOUND('',#651,.T.);
#416=FACE_OUTER_BOUND('',#652,.T.);
#417=FACE_OUTER_BOUND('',#653,.T.);
#418=FACE_OUTER_BOUND('',#654,.T.);
#419=FACE_OUTER_BOUND('',#655,.T.);
#420=FACE_OUTER_BOUND('',#656,.T.);
#421=FACE_OUTER_BOUND('',#658,.T.);
#422=FACE_OUTER_BOUND('',#659,.T.);
#423=FACE_OUTER_BOUND('',#660,.T.);
#424=FACE_OUTER_BOUND('',#661,.T.);
#425=FACE_OUTER_BOUND('',#662,.T.);
#426=FACE_OUTER_BOUND('',#663,.T.);
#427=FACE_OUTER_BOUND('',#664,.T.);
#428=FACE_OUTER_BOUND('',#665,.T.);
#429=FACE_OUTER_BOUND('',#666,.T.);
#430=FACE_OUTER_BOUND('',#667,.T.);
#431=FACE_OUTER_BOUND('',#668,.T.);
#432=FACE_OUTER_BOUND('',#669,.T.);
#433=FACE_OUTER_BOUND('',#670,.T.);
#434=FACE_OUTER_BOUND('',#671,.T.);
#435=FACE_OUTER_BOUND('',#672,.T.);
#436=FACE_OUTER_BOUND('',#673,.T.);
#437=FACE_OUTER_BOUND('',#674,.T.);
#438=FACE_OUTER_BOUND('',#675,.T.);
#439=FACE_OUTER_BOUND('',#676,.T.);
#440=FACE_OUTER_BOUND('',#677,.T.);
#441=FACE_OUTER_BOUND('',#681,.T.);
#442=FACE_OUTER_BOUND('',#682,.T.);
#443=FACE_OUTER_BOUND('',#683,.T.);
#444=FACE_OUTER_BOUND('',#685,.T.);
#445=FACE_OUTER_BOUND('',#686,.T.);
#446=FACE_OUTER_BOUND('',#687,.T.);
#447=FACE_OUTER_BOUND('',#688,.T.);
#448=FACE_OUTER_BOUND('',#689,.T.);
#449=FACE_OUTER_BOUND('',#690,.T.);
#450=FACE_OUTER_BOUND('',#691,.T.);
#451=FACE_OUTER_BOUND('',#692,.T.);
#452=FACE_OUTER_BOUND('',#693,.T.);
#453=FACE_OUTER_BOUND('',#694,.T.);
#454=FACE_OUTER_BOUND('',#695,.T.);
#455=FACE_OUTER_BOUND('',#696,.T.);
#456=FACE_OUTER_BOUND('',#697,.T.);
#457=FACE_OUTER_BOUND('',#698,.T.);
#458=FACE_OUTER_BOUND('',#699,.T.);
#459=FACE_OUTER_BOUND('',#700,.T.);
#460=FACE_OUTER_BOUND('',#701,.T.);
#461=FACE_OUTER_BOUND('',#702,.T.);
#462=FACE_OUTER_BOUND('',#703,.T.);
#463=FACE_OUTER_BOUND('',#704,.T.);
#464=FACE_OUTER_BOUND('',#705,.T.);
#465=FACE_OUTER_BOUND('',#706,.T.);
#466=FACE_OUTER_BOUND('',#707,.T.);
#467=FACE_OUTER_BOUND('',#708,.T.);
#468=FACE_OUTER_BOUND('',#709,.T.);
#469=FACE_OUTER_BOUND('',#710,.T.);
#470=FACE_OUTER_BOUND('',#711,.T.);
#471=FACE_OUTER_BOUND('',#712,.T.);
#472=FACE_OUTER_BOUND('',#713,.T.);
#473=FACE_OUTER_BOUND('',#714,.T.);
#474=FACE_OUTER_BOUND('',#715,.T.);
#475=FACE_OUTER_BOUND('',#716,.T.);
#476=FACE_OUTER_BOUND('',#717,.T.);
#477=FACE_OUTER_BOUND('',#718,.T.);
#478=FACE_OUTER_BOUND('',#719,.T.);
#479=FACE_OUTER_BOUND('',#720,.T.);
#480=FACE_OUTER_BOUND('',#721,.T.);
#481=FACE_OUTER_BOUND('',#722,.T.);
#482=FACE_OUTER_BOUND('',#723,.T.);
#483=FACE_OUTER_BOUND('',#724,.T.);
#484=FACE_OUTER_BOUND('',#725,.T.);
#485=FACE_OUTER_BOUND('',#726,.T.);
#486=FACE_OUTER_BOUND('',#727,.T.);
#487=FACE_OUTER_BOUND('',#728,.T.);
#488=FACE_OUTER_BOUND('',#729,.T.);
#489=FACE_OUTER_BOUND('',#730,.T.);
#490=FACE_OUTER_BOUND('',#731,.T.);
#491=FACE_OUTER_BOUND('',#732,.T.);
#492=FACE_OUTER_BOUND('',#733,.T.);
#493=FACE_OUTER_BOUND('',#734,.T.);
#494=FACE_OUTER_BOUND('',#735,.T.);
#495=FACE_OUTER_BOUND('',#736,.T.);
#496=FACE_OUTER_BOUND('',#737,.T.);
#497=FACE_OUTER_BOUND('',#740,.T.);
#498=FACE_OUTER_BOUND('',#741,.T.);
#499=FACE_OUTER_BOUND('',#742,.T.);
#500=FACE_OUTER_BOUND('',#743,.T.);
#501=FACE_OUTER_BOUND('',#744,.T.);
#502=FACE_OUTER_BOUND('',#745,.T.);
#503=FACE_OUTER_BOUND('',#746,.T.);
#504=FACE_OUTER_BOUND('',#747,.T.);
#505=FACE_OUTER_BOUND('',#748,.T.);
#506=FACE_OUTER_BOUND('',#749,.T.);
#507=FACE_OUTER_BOUND('',#750,.T.);
#508=FACE_OUTER_BOUND('',#751,.T.);
#509=FACE_OUTER_BOUND('',#752,.T.);
#510=FACE_OUTER_BOUND('',#753,.T.);
#511=FACE_OUTER_BOUND('',#754,.T.);
#512=FACE_OUTER_BOUND('',#755,.T.);
#513=FACE_OUTER_BOUND('',#756,.T.);
#514=FACE_OUTER_BOUND('',#757,.T.);
#515=FACE_OUTER_BOUND('',#759,.T.);
#516=FACE_OUTER_BOUND('',#760,.T.);
#517=FACE_OUTER_BOUND('',#762,.T.);
#518=FACE_OUTER_BOUND('',#763,.T.);
#519=FACE_OUTER_BOUND('',#765,.T.);
#520=FACE_OUTER_BOUND('',#766,.T.);
#521=FACE_OUTER_BOUND('',#767,.T.);
#522=FACE_OUTER_BOUND('',#768,.T.);
#523=FACE_OUTER_BOUND('',#769,.T.);
#524=FACE_OUTER_BOUND('',#770,.T.);
#525=FACE_OUTER_BOUND('',#771,.T.);
#526=FACE_OUTER_BOUND('',#772,.T.);
#527=FACE_OUTER_BOUND('',#773,.T.);
#528=FACE_OUTER_BOUND('',#775,.T.);
#529=FACE_OUTER_BOUND('',#776,.T.);
#530=FACE_OUTER_BOUND('',#777,.T.);
#531=FACE_OUTER_BOUND('',#778,.T.);
#532=FACE_OUTER_BOUND('',#779,.T.);
#533=FACE_OUTER_BOUND('',#780,.T.);
#534=FACE_OUTER_BOUND('',#781,.T.);
#535=FACE_OUTER_BOUND('',#782,.T.);
#536=FACE_OUTER_BOUND('',#783,.T.);
#537=FACE_OUTER_BOUND('',#784,.T.);
#538=FACE_OUTER_BOUND('',#785,.T.);
#539=FACE_OUTER_BOUND('',#786,.T.);
#540=FACE_OUTER_BOUND('',#787,.T.);
#541=FACE_OUTER_BOUND('',#788,.T.);
#542=FACE_OUTER_BOUND('',#789,.T.);
#543=FACE_OUTER_BOUND('',#790,.T.);
#544=FACE_OUTER_BOUND('',#791,.T.);
#545=FACE_OUTER_BOUND('',#792,.T.);
#546=FACE_OUTER_BOUND('',#793,.T.);
#547=FACE_OUTER_BOUND('',#795,.T.);
#548=FACE_OUTER_BOUND('',#796,.T.);
#549=FACE_OUTER_BOUND('',#797,.T.);
#550=FACE_OUTER_BOUND('',#798,.T.);
#551=FACE_OUTER_BOUND('',#799,.T.);
#552=FACE_OUTER_BOUND('',#800,.T.);
#553=FACE_OUTER_BOUND('',#801,.T.);
#554=FACE_OUTER_BOUND('',#802,.T.);
#555=FACE_OUTER_BOUND('',#803,.T.);
#556=FACE_OUTER_BOUND('',#804,.T.);
#557=FACE_OUTER_BOUND('',#805,.T.);
#558=FACE_OUTER_BOUND('',#806,.T.);
#559=FACE_OUTER_BOUND('',#807,.T.);
#560=FACE_OUTER_BOUND('',#808,.T.);
#561=FACE_OUTER_BOUND('',#809,.T.);
#562=FACE_OUTER_BOUND('',#810,.T.);
#563=FACE_OUTER_BOUND('',#811,.T.);
#564=FACE_OUTER_BOUND('',#812,.T.);
#565=FACE_OUTER_BOUND('',#813,.T.);
#566=FACE_OUTER_BOUND('',#814,.T.);
#567=FACE_OUTER_BOUND('',#815,.T.);
#568=FACE_OUTER_BOUND('',#816,.T.);
#569=FACE_OUTER_BOUND('',#817,.T.);
#570=FACE_OUTER_BOUND('',#818,.T.);
#571=FACE_OUTER_BOUND('',#819,.T.);
#572=FACE_OUTER_BOUND('',#820,.T.);
#573=FACE_OUTER_BOUND('',#821,.T.);
#574=FACE_OUTER_BOUND('',#822,.T.);
#575=FACE_OUTER_BOUND('',#823,.T.);
#576=FACE_OUTER_BOUND('',#824,.T.);
#577=FACE_OUTER_BOUND('',#825,.T.);
#578=FACE_OUTER_BOUND('',#826,.T.);
#579=FACE_OUTER_BOUND('',#827,.T.);
#580=FACE_OUTER_BOUND('',#828,.T.);
#581=FACE_OUTER_BOUND('',#829,.T.);
#582=FACE_OUTER_BOUND('',#830,.T.);
#583=FACE_OUTER_BOUND('',#831,.T.);
#584=FACE_OUTER_BOUND('',#832,.T.);
#585=FACE_OUTER_BOUND('',#833,.T.);
#586=FACE_OUTER_BOUND('',#834,.T.);
#587=FACE_OUTER_BOUND('',#835,.T.);
#588=FACE_OUTER_BOUND('',#836,.T.);
#589=FACE_OUTER_BOUND('',#837,.T.);
#590=FACE_OUTER_BOUND('',#838,.T.);
#591=FACE_OUTER_BOUND('',#839,.T.);
#592=FACE_OUTER_BOUND('',#840,.T.);
#593=FACE_OUTER_BOUND('',#841,.T.);
#594=FACE_OUTER_BOUND('',#842,.T.);
#595=FACE_OUTER_BOUND('',#843,.T.);
#596=FACE_OUTER_BOUND('',#844,.T.);
#597=FACE_OUTER_BOUND('',#845,.T.);
#598=FACE_OUTER_BOUND('',#846,.T.);
#599=FACE_OUTER_BOUND('',#847,.T.);
#600=FACE_OUTER_BOUND('',#848,.T.);
#601=FACE_OUTER_BOUND('',#849,.T.);
#602=FACE_OUTER_BOUND('',#850,.T.);
#603=FACE_OUTER_BOUND('',#851,.T.);
#604=FACE_OUTER_BOUND('',#852,.T.);
#605=FACE_OUTER_BOUND('',#853,.T.);
#606=FACE_OUTER_BOUND('',#854,.T.);
#607=FACE_OUTER_BOUND('',#855,.T.);
#608=FACE_OUTER_BOUND('',#856,.T.);
#609=FACE_OUTER_BOUND('',#857,.T.);
#610=FACE_OUTER_BOUND('',#858,.T.);
#611=FACE_OUTER_BOUND('',#859,.T.);
#612=FACE_OUTER_BOUND('',#860,.T.);
#613=FACE_OUTER_BOUND('',#861,.T.);
#614=FACE_OUTER_BOUND('',#862,.T.);
#615=FACE_OUTER_BOUND('',#863,.T.);
#616=FACE_OUTER_BOUND('',#864,.T.);
#617=FACE_OUTER_BOUND('',#865,.T.);
#618=FACE_OUTER_BOUND('',#866,.T.);
#619=FACE_OUTER_BOUND('',#867,.T.);
#620=FACE_OUTER_BOUND('',#868,.T.);
#621=FACE_OUTER_BOUND('',#869,.T.);
#622=FACE_OUTER_BOUND('',#870,.T.);
#623=FACE_OUTER_BOUND('',#871,.T.);
#624=FACE_OUTER_BOUND('',#872,.T.);
#625=FACE_OUTER_BOUND('',#873,.T.);
#626=FACE_OUTER_BOUND('',#874,.T.);
#627=FACE_OUTER_BOUND('',#875,.T.);
#628=FACE_OUTER_BOUND('',#876,.T.);
#629=FACE_OUTER_BOUND('',#877,.T.);
#630=FACE_OUTER_BOUND('',#878,.T.);
#631=FACE_OUTER_BOUND('',#879,.T.);
#632=FACE_OUTER_BOUND('',#880,.T.);
#633=FACE_OUTER_BOUND('',#881,.T.);
#634=FACE_OUTER_BOUND('',#882,.T.);
#635=FACE_OUTER_BOUND('',#883,.T.);
#636=FACE_OUTER_BOUND('',#884,.T.);
#637=FACE_OUTER_BOUND('',#885,.T.);
#638=FACE_OUTER_BOUND('',#886,.T.);
#639=FACE_OUTER_BOUND('',#887,.T.);
#640=FACE_OUTER_BOUND('',#888,.T.);
#641=FACE_OUTER_BOUND('',#889,.T.);
#642=EDGE_LOOP('',(#2832,#2833,#2834,#2835));
#643=EDGE_LOOP('',(#2836,#2837,#2838,#2839,#2840,#2841,#2842,#2843,#2844,
#2845));
#644=EDGE_LOOP('',(#2846,#2847,#2848,#2849));
#645=EDGE_LOOP('',(#2850,#2851,#2852,#2853,#2854,#2855,#2856,#2857,#2858,
#2859));
#646=EDGE_LOOP('',(#2860,#2861,#2862,#2863));
#647=EDGE_LOOP('',(#2864,#2865,#2866,#2867));
#648=EDGE_LOOP('',(#2868,#2869,#2870,#2871));
#649=EDGE_LOOP('',(#2872,#2873,#2874,#2875));
#650=EDGE_LOOP('',(#2876,#2877,#2878,#2879));
#651=EDGE_LOOP('',(#2880,#2881,#2882,#2883));
#652=EDGE_LOOP('',(#2884,#2885,#2886,#2887));
#653=EDGE_LOOP('',(#2888,#2889,#2890,#2891));
#654=EDGE_LOOP('',(#2892,#2893,#2894,#2895));
#655=EDGE_LOOP('',(#2896,#2897,#2898,#2899));
#656=EDGE_LOOP('',(#2900,#2901,#2902,#2903,#2904,#2905,#2906,#2907,#2908,
#2909,#2910,#2911,#2912,#2913,#2914,#2915));
#657=EDGE_LOOP('',(#2916,#2917,#2918,#2919));
#658=EDGE_LOOP('',(#2920,#2921,#2922,#2923));
#659=EDGE_LOOP('',(#2924,#2925,#2926,#2927));
#660=EDGE_LOOP('',(#2928,#2929,#2930,#2931));
#661=EDGE_LOOP('',(#2932,#2933,#2934,#2935));
#662=EDGE_LOOP('',(#2936,#2937,#2938,#2939));
#663=EDGE_LOOP('',(#2940,#2941,#2942,#2943));
#664=EDGE_LOOP('',(#2944,#2945,#2946,#2947,#2948,#2949,#2950,#2951));
#665=EDGE_LOOP('',(#2952,#2953,#2954,#2955));
#666=EDGE_LOOP('',(#2956,#2957,#2958,#2959));
#667=EDGE_LOOP('',(#2960,#2961,#2962,#2963));
#668=EDGE_LOOP('',(#2964,#2965,#2966,#2967,#2968,#2969,#2970,#2971,#2972,
#2973,#2974,#2975,#2976,#2977,#2978,#2979));
#669=EDGE_LOOP('',(#2980,#2981,#2982,#2983));
#670=EDGE_LOOP('',(#2984,#2985,#2986,#2987,#2988,#2989,#2990,#2991,#2992,
#2993,#2994,#2995,#2996,#2997,#2998,#2999));
#671=EDGE_LOOP('',(#3000,#3001,#3002,#3003));
#672=EDGE_LOOP('',(#3004,#3005,#3006,#3007));
#673=EDGE_LOOP('',(#3008,#3009,#3010,#3011));
#674=EDGE_LOOP('',(#3012,#3013,#3014,#3015));
#675=EDGE_LOOP('',(#3016,#3017,#3018,#3019));
#676=EDGE_LOOP('',(#3020,#3021,#3022,#3023));
#677=EDGE_LOOP('',(#3024,#3025,#3026,#3027,#3028,#3029,#3030,#3031,#3032,
#3033,#3034,#3035,#3036,#3037));
#678=EDGE_LOOP('',(#3038,#3039,#3040,#3041,#3042,#3043,#3044,#3045));
#679=EDGE_LOOP('',(#3046,#3047,#3048,#3049,#3050,#3051,#3052,#3053));
#680=EDGE_LOOP('',(#3054,#3055,#3056,#3057,#3058,#3059,#3060,#3061));
#681=EDGE_LOOP('',(#3062,#3063,#3064,#3065,#3066,#3067));
#682=EDGE_LOOP('',(#3068,#3069,#3070,#3071,#3072,#3073,#3074,#3075,#3076,
#3077,#3078,#3079,#3080,#3081,#3082,#3083,#3084,#3085,#3086,#3087,#3088,
#3089));
#683=EDGE_LOOP('',(#3090,#3091,#3092,#3093,#3094,#3095,#3096,#3097,#3098,
#3099,#3100,#3101,#3102,#3103,#3104,#3105));
#684=EDGE_LOOP('',(#3106,#3107,#3108,#3109));
#685=EDGE_LOOP('',(#3110,#3111,#3112,#3113));
#686=EDGE_LOOP('',(#3114,#3115,#3116,#3117));
#687=EDGE_LOOP('',(#3118,#3119,#3120,#3121));
#688=EDGE_LOOP('',(#3122,#3123,#3124,#3125));
#689=EDGE_LOOP('',(#3126,#3127,#3128,#3129));
#690=EDGE_LOOP('',(#3130,#3131,#3132,#3133));
#691=EDGE_LOOP('',(#3134,#3135,#3136,#3137));
#692=EDGE_LOOP('',(#3138,#3139,#3140,#3141));
#693=EDGE_LOOP('',(#3142,#3143,#3144,#3145));
#694=EDGE_LOOP('',(#3146,#3147,#3148,#3149));
#695=EDGE_LOOP('',(#3150,#3151,#3152,#3153));
#696=EDGE_LOOP('',(#3154,#3155,#3156,#3157));
#697=EDGE_LOOP('',(#3158,#3159,#3160,#3161));
#698=EDGE_LOOP('',(#3162,#3163,#3164,#3165));
#699=EDGE_LOOP('',(#3166,#3167,#3168,#3169));
#700=EDGE_LOOP('',(#3170,#3171,#3172,#3173));
#701=EDGE_LOOP('',(#3174,#3175,#3176,#3177));
#702=EDGE_LOOP('',(#3178,#3179,#3180,#3181));
#703=EDGE_LOOP('',(#3182,#3183,#3184,#3185));
#704=EDGE_LOOP('',(#3186,#3187,#3188,#3189));
#705=EDGE_LOOP('',(#3190,#3191,#3192,#3193));
#706=EDGE_LOOP('',(#3194,#3195,#3196,#3197));
#707=EDGE_LOOP('',(#3198,#3199,#3200,#3201));
#708=EDGE_LOOP('',(#3202,#3203,#3204,#3205));
#709=EDGE_LOOP('',(#3206,#3207,#3208,#3209));
#710=EDGE_LOOP('',(#3210,#3211,#3212,#3213));
#711=EDGE_LOOP('',(#3214,#3215,#3216,#3217));
#712=EDGE_LOOP('',(#3218,#3219,#3220,#3221));
#713=EDGE_LOOP('',(#3222,#3223,#3224,#3225));
#714=EDGE_LOOP('',(#3226,#3227,#3228,#3229));
#715=EDGE_LOOP('',(#3230,#3231,#3232,#3233));
#716=EDGE_LOOP('',(#3234,#3235,#3236,#3237));
#717=EDGE_LOOP('',(#3238,#3239,#3240,#3241));
#718=EDGE_LOOP('',(#3242,#3243,#3244,#3245));
#719=EDGE_LOOP('',(#3246,#3247,#3248,#3249));
#720=EDGE_LOOP('',(#3250,#3251,#3252,#3253));
#721=EDGE_LOOP('',(#3254,#3255,#3256,#3257));
#722=EDGE_LOOP('',(#3258,#3259,#3260,#3261));
#723=EDGE_LOOP('',(#3262,#3263,#3264,#3265));
#724=EDGE_LOOP('',(#3266,#3267,#3268,#3269,#3270,#3271,#3272,#3273));
#725=EDGE_LOOP('',(#3274,#3275,#3276,#3277));
#726=EDGE_LOOP('',(#3278,#3279,#3280,#3281,#3282,#3283,#3284,#3285));
#727=EDGE_LOOP('',(#3286,#3287,#3288,#3289,#3290,#3291));
#728=EDGE_LOOP('',(#3292,#3293,#3294,#3295));
#729=EDGE_LOOP('',(#3296,#3297,#3298,#3299,#3300,#3301,#3302,#3303));
#730=EDGE_LOOP('',(#3304,#3305,#3306,#3307));
#731=EDGE_LOOP('',(#3308,#3309));
#732=EDGE_LOOP('',(#3310,#3311,#3312,#3313));
#733=EDGE_LOOP('',(#3314,#3315,#3316,#3317,#3318,#3319,#3320,#3321,#3322,
#3323,#3324,#3325,#3326,#3327,#3328,#3329));
#734=EDGE_LOOP('',(#3330,#3331,#3332,#3333));
#735=EDGE_LOOP('',(#3334,#3335,#3336,#3337));
#736=EDGE_LOOP('',(#3338,#3339,#3340,#3341,#3342,#3343,#3344,#3345,#3346,
#3347));
#737=EDGE_LOOP('',(#3348,#3349,#3350,#3351,#3352,#3353,#3354,#3355));
#738=EDGE_LOOP('',(#3356,#3357,#3358,#3359));
#739=EDGE_LOOP('',(#3360,#3361,#3362,#3363));
#740=EDGE_LOOP('',(#3364,#3365,#3366,#3367,#3368,#3369,#3370,#3371,#3372,
#3373));
#741=EDGE_LOOP('',(#3374,#3375,#3376,#3377));
#742=EDGE_LOOP('',(#3378,#3379,#3380,#3381));
#743=EDGE_LOOP('',(#3382,#3383,#3384,#3385));
#744=EDGE_LOOP('',(#3386,#3387,#3388,#3389));
#745=EDGE_LOOP('',(#3390,#3391,#3392,#3393));
#746=EDGE_LOOP('',(#3394,#3395,#3396,#3397));
#747=EDGE_LOOP('',(#3398,#3399,#3400,#3401));
#748=EDGE_LOOP('',(#3402,#3403,#3404,#3405));
#749=EDGE_LOOP('',(#3406,#3407,#3408,#3409));
#750=EDGE_LOOP('',(#3410,#3411,#3412,#3413));
#751=EDGE_LOOP('',(#3414,#3415,#3416,#3417));
#752=EDGE_LOOP('',(#3418,#3419,#3420,#3421));
#753=EDGE_LOOP('',(#3422,#3423,#3424,#3425));
#754=EDGE_LOOP('',(#3426,#3427,#3428,#3429));
#755=EDGE_LOOP('',(#3430,#3431,#3432,#3433));
#756=EDGE_LOOP('',(#3434,#3435,#3436,#3437));
#757=EDGE_LOOP('',(#3438,#3439,#3440,#3441,#3442,#3443,#3444,#3445));
#758=EDGE_LOOP('',(#3446,#3447,#3448,#3449,#3450,#3451,#3452,#3453));
#759=EDGE_LOOP('',(#3454,#3455,#3456,#3457));
#760=EDGE_LOOP('',(#3458,#3459,#3460,#3461,#3462,#3463,#3464,#3465,#3466,
#3467,#3468,#3469,#3470,#3471,#3472,#3473));
#761=EDGE_LOOP('',(#3474,#3475,#3476,#3477));
#762=EDGE_LOOP('',(#3478,#3479,#3480,#3481));
#763=EDGE_LOOP('',(#3482,#3483,#3484,#3485,#3486,#3487,#3488,#3489,#3490,
#3491,#3492,#3493,#3494,#3495,#3496,#3497));
#764=EDGE_LOOP('',(#3498,#3499,#3500,#3501));
#765=EDGE_LOOP('',(#3502,#3503));
#766=EDGE_LOOP('',(#3504,#3505,#3506,#3507,#3508));
#767=EDGE_LOOP('',(#3509,#3510,#3511,#3512));
#768=EDGE_LOOP('',(#3513,#3514,#3515,#3516));
#769=EDGE_LOOP('',(#3517,#3518,#3519,#3520));
#770=EDGE_LOOP('',(#3521,#3522,#3523,#3524,#3525));
#771=EDGE_LOOP('',(#3526,#3527,#3528,#3529));
#772=EDGE_LOOP('',(#3530,#3531,#3532,#3533));
#773=EDGE_LOOP('',(#3534,#3535,#3536,#3537,#3538));
#774=EDGE_LOOP('',(#3539,#3540,#3541,#3542));
#775=EDGE_LOOP('',(#3543,#3544,#3545,#3546));
#776=EDGE_LOOP('',(#3547,#3548,#3549,#3550,#3551,#3552,#3553,#3554,#3555,
#3556));
#777=EDGE_LOOP('',(#3557,#3558,#3559,#3560));
#778=EDGE_LOOP('',(#3561,#3562,#3563,#3564,#3565,#3566,#3567,#3568,#3569,
#3570));
#779=EDGE_LOOP('',(#3571,#3572,#3573,#3574));
#780=EDGE_LOOP('',(#3575,#3576,#3577,#3578));
#781=EDGE_LOOP('',(#3579,#3580,#3581,#3582));
#782=EDGE_LOOP('',(#3583,#3584,#3585,#3586));
#783=EDGE_LOOP('',(#3587,#3588,#3589,#3590,#3591,#3592));
#784=EDGE_LOOP('',(#3593,#3594,#3595,#3596));
#785=EDGE_LOOP('',(#3597,#3598,#3599,#3600));
#786=EDGE_LOOP('',(#3601,#3602,#3603,#3604));
#787=EDGE_LOOP('',(#3605,#3606,#3607,#3608));
#788=EDGE_LOOP('',(#3609,#3610,#3611,#3612));
#789=EDGE_LOOP('',(#3613,#3614,#3615,#3616,#3617,#3618,#3619,#3620,#3621,
#3622));
#790=EDGE_LOOP('',(#3623,#3624,#3625,#3626));
#791=EDGE_LOOP('',(#3627,#3628,#3629,#3630,#3631,#3632,#3633,#3634,#3635,
#3636));
#792=EDGE_LOOP('',(#3637,#3638,#3639,#3640));
#793=EDGE_LOOP('',(#3641,#3642,#3643,#3644,#3645));
#794=EDGE_LOOP('',(#3646,#3647,#3648,#3649));
#795=EDGE_LOOP('',(#3650,#3651,#3652,#3653,#3654,#3655,#3656,#3657));
#796=EDGE_LOOP('',(#3658,#3659,#3660,#3661,#3662,#3663,#3664,#3665));
#797=EDGE_LOOP('',(#3666,#3667,#3668,#3669));
#798=EDGE_LOOP('',(#3670,#3671,#3672,#3673));
#799=EDGE_LOOP('',(#3674,#3675,#3676,#3677));
#800=EDGE_LOOP('',(#3678,#3679,#3680,#3681));
#801=EDGE_LOOP('',(#3682,#3683,#3684,#3685));
#802=EDGE_LOOP('',(#3686,#3687,#3688,#3689));
#803=EDGE_LOOP('',(#3690,#3691,#3692,#3693));
#804=EDGE_LOOP('',(#3694,#3695,#3696,#3697));
#805=EDGE_LOOP('',(#3698,#3699,#3700,#3701));
#806=EDGE_LOOP('',(#3702,#3703,#3704,#3705));
#807=EDGE_LOOP('',(#3706,#3707,#3708,#3709));
#808=EDGE_LOOP('',(#3710,#3711,#3712,#3713));
#809=EDGE_LOOP('',(#3714,#3715,#3716,#3717,#3718,#3719,#3720,#3721,#3722,
#3723,#3724,#3725,#3726,#3727,#3728,#3729));
#810=EDGE_LOOP('',(#3730,#3731,#3732,#3733));
#811=EDGE_LOOP('',(#3734,#3735,#3736,#3737,#3738,#3739,#3740,#3741,#3742,
#3743,#3744,#3745,#3746,#3747,#3748,#3749));
#812=EDGE_LOOP('',(#3750,#3751,#3752,#3753));
#813=EDGE_LOOP('',(#3754,#3755,#3756,#3757));
#814=EDGE_LOOP('',(#3758,#3759,#3760,#3761));
#815=EDGE_LOOP('',(#3762,#3763,#3764,#3765));
#816=EDGE_LOOP('',(#3766,#3767,#3768,#3769));
#817=EDGE_LOOP('',(#3770,#3771,#3772,#3773,#3774));
#818=EDGE_LOOP('',(#3775,#3776,#3777,#3778,#3779));
#819=EDGE_LOOP('',(#3780,#3781,#3782,#3783));
#820=EDGE_LOOP('',(#3784,#3785,#3786,#3787));
#821=EDGE_LOOP('',(#3788,#3789,#3790,#3791));
#822=EDGE_LOOP('',(#3792,#3793,#3794,#3795));
#823=EDGE_LOOP('',(#3796,#3797,#3798,#3799));
#824=EDGE_LOOP('',(#3800,#3801,#3802,#3803));
#825=EDGE_LOOP('',(#3804,#3805,#3806,#3807));
#826=EDGE_LOOP('',(#3808,#3809,#3810,#3811));
#827=EDGE_LOOP('',(#3812,#3813,#3814,#3815));
#828=EDGE_LOOP('',(#3816,#3817,#3818,#3819));
#829=EDGE_LOOP('',(#3820,#3821,#3822,#3823));
#830=EDGE_LOOP('',(#3824,#3825,#3826,#3827,#3828,#3829));
#831=EDGE_LOOP('',(#3830,#3831,#3832,#3833));
#832=EDGE_LOOP('',(#3834,#3835,#3836,#3837,#3838,#3839));
#833=EDGE_LOOP('',(#3840,#3841,#3842,#3843));
#834=EDGE_LOOP('',(#3844,#3845,#3846,#3847));
#835=EDGE_LOOP('',(#3848,#3849,#3850,#3851));
#836=EDGE_LOOP('',(#3852,#3853,#3854,#3855));
#837=EDGE_LOOP('',(#3856,#3857,#3858,#3859));
#838=EDGE_LOOP('',(#3860,#3861,#3862,#3863,#3864,#3865,#3866,#3867,#3868,
#3869,#3870));
#839=EDGE_LOOP('',(#3871,#3872,#3873,#3874,#3875,#3876,#3877,#3878,#3879,
#3880,#3881));
#840=EDGE_LOOP('',(#3882,#3883,#3884,#3885));
#841=EDGE_LOOP('',(#3886,#3887,#3888,#3889));
#842=EDGE_LOOP('',(#3890,#3891,#3892,#3893));
#843=EDGE_LOOP('',(#3894,#3895,#3896,#3897));
#844=EDGE_LOOP('',(#3898,#3899,#3900,#3901));
#845=EDGE_LOOP('',(#3902,#3903,#3904,#3905));
#846=EDGE_LOOP('',(#3906,#3907,#3908,#3909));
#847=EDGE_LOOP('',(#3910,#3911,#3912,#3913));
#848=EDGE_LOOP('',(#3914,#3915,#3916,#3917));
#849=EDGE_LOOP('',(#3918,#3919,#3920,#3921));
#850=EDGE_LOOP('',(#3922,#3923,#3924,#3925));
#851=EDGE_LOOP('',(#3926,#3927,#3928,#3929));
#852=EDGE_LOOP('',(#3930,#3931,#3932,#3933));
#853=EDGE_LOOP('',(#3934,#3935,#3936,#3937));
#854=EDGE_LOOP('',(#3938,#3939,#3940,#3941));
#855=EDGE_LOOP('',(#3942,#3943,#3944,#3945));
#856=EDGE_LOOP('',(#3946,#3947,#3948,#3949));
#857=EDGE_LOOP('',(#3950,#3951,#3952,#3953));
#858=EDGE_LOOP('',(#3954,#3955,#3956,#3957));
#859=EDGE_LOOP('',(#3958,#3959,#3960,#3961));
#860=EDGE_LOOP('',(#3962,#3963,#3964,#3965));
#861=EDGE_LOOP('',(#3966,#3967,#3968,#3969));
#862=EDGE_LOOP('',(#3970,#3971,#3972,#3973));
#863=EDGE_LOOP('',(#3974,#3975,#3976,#3977));
#864=EDGE_LOOP('',(#3978,#3979,#3980,#3981));
#865=EDGE_LOOP('',(#3982,#3983,#3984,#3985));
#866=EDGE_LOOP('',(#3986,#3987,#3988,#3989));
#867=EDGE_LOOP('',(#3990,#3991,#3992,#3993));
#868=EDGE_LOOP('',(#3994,#3995,#3996,#3997));
#869=EDGE_LOOP('',(#3998,#3999,#4000,#4001));
#870=EDGE_LOOP('',(#4002,#4003,#4004,#4005));
#871=EDGE_LOOP('',(#4006,#4007,#4008,#4009,#4010,#4011));
#872=EDGE_LOOP('',(#4012,#4013,#4014,#4015));
#873=EDGE_LOOP('',(#4016,#4017,#4018));
#874=EDGE_LOOP('',(#4019,#4020,#4021));
#875=EDGE_LOOP('',(#4022,#4023,#4024,#4025));
#876=EDGE_LOOP('',(#4026,#4027,#4028));
#877=EDGE_LOOP('',(#4029,#4030,#4031));
#878=EDGE_LOOP('',(#4032,#4033,#4034,#4035));
#879=EDGE_LOOP('',(#4036,#4037,#4038,#4039,#4040,#4041,#4042,#4043,#4044,
#4045));
#880=EDGE_LOOP('',(#4046,#4047,#4048,#4049));
#881=EDGE_LOOP('',(#4050,#4051,#4052,#4053,#4054,#4055,#4056,#4057,#4058,
#4059));
#882=EDGE_LOOP('',(#4060,#4061,#4062,#4063));
#883=EDGE_LOOP('',(#4064,#4065,#4066,#4067));
#884=EDGE_LOOP('',(#4068,#4069,#4070,#4071));
#885=EDGE_LOOP('',(#4072,#4073,#4074,#4075));
#886=EDGE_LOOP('',(#4076,#4077,#4078,#4079));
#887=EDGE_LOOP('',(#4080,#4081,#4082,#4083));
#888=EDGE_LOOP('',(#4084,#4085,#4086,#4087));
#889=EDGE_LOOP('',(#4088,#4089,#4090,#4091));
#890=LINE('',#6155,#1342);
#891=LINE('',#6157,#1343);
#892=LINE('',#6159,#1344);
#893=LINE('',#6160,#1345);
#894=LINE('',#6163,#1346);
#895=LINE('',#6165,#1347);
#896=LINE('',#6167,#1348);
#897=LINE('',#6169,#1349);
#898=LINE('',#6173,#1350);
#899=LINE('',#6177,#1351);
#900=LINE('',#6178,#1352);
#901=LINE('',#6181,#1353);
#902=LINE('',#6182,#1354);
#903=LINE('',#6185,#1355);
#904=LINE('',#6187,#1356);
#905=LINE('',#6189,#1357);
#906=LINE('',#6193,#1358);
#907=LINE('',#6197,#1359);
#908=LINE('',#6198,#1360);
#909=LINE('',#6200,#1361);
#910=LINE('',#6202,#1362);
#911=LINE('',#6204,#1363);
#912=LINE('',#6206,#1364);
#913=LINE('',#6208,#1365);
#914=LINE('',#6210,#1366);
#915=LINE('',#6212,#1367);
#916=LINE('',#6219,#1368);
#917=LINE('',#6222,#1369);
#918=LINE('',#6228,#1370);
#919=LINE('',#6231,#1371);
#920=LINE('',#6235,#1372);
#921=LINE('',#6239,#1373);
#922=LINE('',#6243,#1374);
#923=LINE('',#6245,#1375);
#924=LINE('',#6247,#1376);
#925=LINE('',#6249,#1377);
#926=LINE('',#6251,#1378);
#927=LINE('',#6255,#1379);
#928=LINE('',#6257,#1380);
#929=LINE('',#6259,#1381);
#930=LINE('',#6263,#1382);
#931=LINE('',#6264,#1383);
#932=LINE('',#6267,#1384);
#933=LINE('',#6269,#1385);
#934=LINE('',#6271,#1386);
#935=LINE('',#6272,#1387);
#936=LINE('',#6275,#1388);
#937=LINE('',#6278,#1389);
#938=LINE('',#6281,#1390);
#939=LINE('',#6282,#1391);
#940=LINE('',#6285,#1392);
#941=LINE('',#6286,#1393);
#942=LINE('',#6289,#1394);
#943=LINE('',#6290,#1395);
#944=LINE('',#6293,#1396);
#945=LINE('',#6300,#1397);
#946=LINE('',#6303,#1398);
#947=LINE('',#6305,#1399);
#948=LINE('',#6309,#1400);
#949=LINE('',#6311,#1401);
#950=LINE('',#6312,#1402);
#951=LINE('',#6315,#1403);
#952=LINE('',#6319,#1404);
#953=LINE('',#6320,#1405);
#954=LINE('',#6323,#1406);
#955=LINE('',#6324,#1407);
#956=LINE('',#6328,#1408);
#957=LINE('',#6332,#1409);
#958=LINE('',#6335,#1410);
#959=LINE('',#6338,#1411);
#960=LINE('',#6340,#1412);
#961=LINE('',#6344,#1413);
#962=LINE('',#6346,#1414);
#963=LINE('',#6348,#1415);
#964=LINE('',#6353,#1416);
#965=LINE('',#6357,#1417);
#966=LINE('',#6361,#1418);
#967=LINE('',#6365,#1419);
#968=LINE('',#6369,#1420);
#969=LINE('',#6371,#1421);
#970=LINE('',#6373,#1422);
#971=LINE('',#6376,#1423);
#972=LINE('',#6377,#1424);
#973=LINE('',#6378,#1425);
#974=LINE('',#6382,#1426);
#975=LINE('',#6384,#1427);
#976=LINE('',#6387,#1428);
#977=LINE('',#6389,#1429);
#978=LINE('',#6390,#1430);
#979=LINE('',#6393,#1431);
#980=LINE('',#6394,#1432);
#981=LINE('',#6397,#1433);
#982=LINE('',#6398,#1434);
#983=LINE('',#6400,#1435);
#984=LINE('',#6404,#1436);
#985=LINE('',#6406,#1437);
#986=LINE('',#6409,#1438);
#987=LINE('',#6413,#1439);
#988=LINE('',#6417,#1440);
#989=LINE('',#6419,#1441);
#990=LINE('',#6421,#1442);
#991=LINE('',#6424,#1443);
#992=LINE('',#6427,#1444);
#993=LINE('',#6431,#1445);
#994=LINE('',#6435,#1446);
#995=LINE('',#6439,#1447);
#996=LINE('',#6443,#1448);
#997=LINE('',#6447,#1449);
#998=LINE('',#6451,#1450);
#999=LINE('',#6455,#1451);
#1000=LINE('',#6461,#1452);
#1001=LINE('',#6465,#1453);
#1002=LINE('',#6469,#1454);
#1003=LINE('',#6472,#1455);
#1004=LINE('',#6480,#1456);
#1005=LINE('',#6483,#1457);
#1006=LINE('',#6485,#1458);
#1007=LINE('',#6487,#1459);
#1008=LINE('',#6491,#1460);
#1009=LINE('',#6493,#1461);
#1010=LINE('',#6495,#1462);
#1011=LINE('',#6499,#1463);
#1012=LINE('',#6501,#1464);
#1013=LINE('',#6503,#1465);
#1014=LINE('',#6507,#1466);
#1015=LINE('',#6511,#1467);
#1016=LINE('',#6515,#1468);
#1017=LINE('',#6519,#1469);
#1018=LINE('',#6523,#1470);
#1019=LINE('',#6524,#1471);
#1020=LINE('',#6525,#1472);
#1021=LINE('',#6527,#1473);
#1022=LINE('',#6528,#1474);
#1023=LINE('',#6530,#1475);
#1024=LINE('',#6532,#1476);
#1025=LINE('',#6534,#1477);
#1026=LINE('',#6538,#1478);
#1027=LINE('',#6540,#1479);
#1028=LINE('',#6548,#1480);
#1029=LINE('',#6551,#1481);
#1030=LINE('',#6554,#1482);
#1031=LINE('',#6555,#1483);
#1032=LINE('',#6558,#1484);
#1033=LINE('',#6562,#1485);
#1034=LINE('',#6563,#1486);
#1035=LINE('',#6566,#1487);
#1036=LINE('',#6570,#1488);
#1037=LINE('',#6571,#1489);
#1038=LINE('',#6574,#1490);
#1039=LINE('',#6577,#1491);
#1040=LINE('',#6580,#1492);
#1041=LINE('',#6582,#1493);
#1042=LINE('',#6586,#1494);
#1043=LINE('',#6587,#1495);
#1044=LINE('',#6590,#1496);
#1045=LINE('',#6594,#1497);
#1046=LINE('',#6595,#1498);
#1047=LINE('',#6598,#1499);
#1048=LINE('',#6602,#1500);
#1049=LINE('',#6603,#1501);
#1050=LINE('',#6606,#1502);
#1051=LINE('',#6609,#1503);
#1052=LINE('',#6612,#1504);
#1053=LINE('',#6614,#1505);
#1054=LINE('',#6615,#1506);
#1055=LINE('',#6619,#1507);
#1056=LINE('',#6622,#1508);
#1057=LINE('',#6623,#1509);
#1058=LINE('',#6627,#1510);
#1059=LINE('',#6630,#1511);
#1060=LINE('',#6631,#1512);
#1061=LINE('',#6635,#1513);
#1062=LINE('',#6638,#1514);
#1063=LINE('',#6639,#1515);
#1064=LINE('',#6643,#1516);
#1065=LINE('',#6644,#1517);
#1066=LINE('',#6646,#1518);
#1067=LINE('',#6648,#1519);
#1068=LINE('',#6650,#1520);
#1069=LINE('',#6654,#1521);
#1070=LINE('',#6659,#1522);
#1071=LINE('',#6660,#1523);
#1072=LINE('',#6664,#1524);
#1073=LINE('',#6666,#1525);
#1074=LINE('',#6670,#1526);
#1075=LINE('',#6672,#1527);
#1076=LINE('',#6673,#1528);
#1077=LINE('',#6678,#1529);
#1078=LINE('',#6681,#1530);
#1079=LINE('',#6683,#1531);
#1080=LINE('',#6687,#1532);
#1081=LINE('',#6689,#1533);
#1082=LINE('',#6693,#1534);
#1083=LINE('',#6695,#1535);
#1084=LINE('',#6697,#1536);
#1085=LINE('',#6699,#1537);
#1086=LINE('',#6701,#1538);
#1087=LINE('',#6703,#1539);
#1088=LINE('',#6705,#1540);
#1089=LINE('',#6707,#1541);
#1090=LINE('',#6708,#1542);
#1091=LINE('',#6709,#1543);
#1092=LINE('',#6711,#1544);
#1093=LINE('',#6712,#1545);
#1094=LINE('',#6715,#1546);
#1095=LINE('',#6719,#1547);
#1096=LINE('',#6721,#1548);
#1097=LINE('',#6723,#1549);
#1098=LINE('',#6725,#1550);
#1099=LINE('',#6727,#1551);
#1100=LINE('',#6729,#1552);
#1101=LINE('',#6730,#1553);
#1102=LINE('',#6732,#1554);
#1103=LINE('',#6733,#1555);
#1104=LINE('',#6737,#1556);
#1105=LINE('',#6739,#1557);
#1106=LINE('',#6741,#1558);
#1107=LINE('',#6743,#1559);
#1108=LINE('',#6745,#1560);
#1109=LINE('',#6746,#1561);
#1110=LINE('',#6747,#1562);
#1111=LINE('',#6750,#1563);
#1112=LINE('',#6752,#1564);
#1113=LINE('',#6754,#1565);
#1114=LINE('',#6755,#1566);
#1115=LINE('',#6758,#1567);
#1116=LINE('',#6760,#1568);
#1117=LINE('',#6762,#1569);
#1118=LINE('',#6763,#1570);
#1119=LINE('',#6767,#1571);
#1120=LINE('',#6769,#1572);
#1121=LINE('',#6771,#1573);
#1122=LINE('',#6773,#1574);
#1123=LINE('',#6775,#1575);
#1124=LINE('',#6777,#1576);
#1125=LINE('',#6778,#1577);
#1126=LINE('',#6780,#1578);
#1127=LINE('',#6781,#1579);
#1128=LINE('',#6826,#1580);
#1129=LINE('',#6869,#1581);
#1130=LINE('',#6885,#1582);
#1131=LINE('',#6899,#1583);
#1132=LINE('',#6917,#1584);
#1133=LINE('',#6933,#1585);
#1134=LINE('',#6949,#1586);
#1135=LINE('',#6963,#1587);
#1136=LINE('',#6969,#1588);
#1137=LINE('',#6973,#1589);
#1138=LINE('',#6977,#1590);
#1139=LINE('',#6980,#1591);
#1140=LINE('',#6985,#1592);
#1141=LINE('',#6990,#1593);
#1142=LINE('',#6992,#1594);
#1143=LINE('',#6994,#1595);
#1144=LINE('',#6996,#1596);
#1145=LINE('',#6998,#1597);
#1146=LINE('',#7002,#1598);
#1147=LINE('',#7006,#1599);
#1148=LINE('',#7008,#1600);
#1149=LINE('',#7009,#1601);
#1150=LINE('',#7013,#1602);
#1151=LINE('',#7015,#1603);
#1152=LINE('',#7017,#1604);
#1153=LINE('',#7018,#1605);
#1154=LINE('',#7022,#1606);
#1155=LINE('',#7025,#1607);
#1156=LINE('',#7027,#1608);
#1157=LINE('',#7029,#1609);
#1158=LINE('',#7031,#1610);
#1159=LINE('',#7035,#1611);
#1160=LINE('',#7039,#1612);
#1161=LINE('',#7041,#1613);
#1162=LINE('',#7043,#1614);
#1163=LINE('',#7044,#1615);
#1164=LINE('',#7047,#1616);
#1165=LINE('',#7049,#1617);
#1166=LINE('',#7051,#1618);
#1167=LINE('',#7052,#1619);
#1168=LINE('',#7056,#1620);
#1169=LINE('',#7057,#1621);
#1170=LINE('',#7061,#1622);
#1171=LINE('',#7062,#1623);
#1172=LINE('',#7064,#1624);
#1173=LINE('',#7065,#1625);
#1174=LINE('',#7069,#1626);
#1175=LINE('',#7070,#1627);
#1176=LINE('',#7071,#1628);
#1177=LINE('',#7073,#1629);
#1178=LINE('',#7079,#1630);
#1179=LINE('',#7083,#1631);
#1180=LINE('',#7085,#1632);
#1181=LINE('',#7087,#1633);
#1182=LINE('',#7088,#1634);
#1183=LINE('',#7091,#1635);
#1184=LINE('',#7095,#1636);
#1185=LINE('',#7099,#1637);
#1186=LINE('',#7103,#1638);
#1187=LINE('',#7107,#1639);
#1188=LINE('',#7108,#1640);
#1189=LINE('',#7111,#1641);
#1190=LINE('',#7112,#1642);
#1191=LINE('',#7116,#1643);
#1192=LINE('',#7120,#1644);
#1193=LINE('',#7123,#1645);
#1194=LINE('',#7127,#1646);
#1195=LINE('',#7131,#1647);
#1196=LINE('',#7137,#1648);
#1197=LINE('',#7139,#1649);
#1198=LINE('',#7140,#1650);
#1199=LINE('',#7143,#1651);
#1200=LINE('',#7145,#1652);
#1201=LINE('',#7146,#1653);
#1202=LINE('',#7150,#1654);
#1203=LINE('',#7152,#1655);
#1204=LINE('',#7155,#1656);
#1205=LINE('',#7156,#1657);
#1206=LINE('',#7159,#1658);
#1207=LINE('',#7160,#1659);
#1208=LINE('',#7166,#1660);
#1209=LINE('',#7171,#1661);
#1210=LINE('',#7180,#1662);
#1211=LINE('',#7184,#1663);
#1212=LINE('',#7185,#1664);
#1213=LINE('',#7187,#1665);
#1214=LINE('',#7191,#1666);
#1215=LINE('',#7195,#1667);
#1216=LINE('',#7199,#1668);
#1217=LINE('',#7200,#1669);
#1218=LINE('',#7204,#1670);
#1219=LINE('',#7208,#1671);
#1220=LINE('',#7212,#1672);
#1221=LINE('',#7215,#1673);
#1222=LINE('',#7220,#1674);
#1223=LINE('',#7222,#1675);
#1224=LINE('',#7225,#1676);
#1225=LINE('',#7227,#1677);
#1226=LINE('',#7229,#1678);
#1227=LINE('',#7230,#1679);
#1228=LINE('',#7235,#1680);
#1229=LINE('',#7237,#1681);
#1230=LINE('',#7238,#1682);
#1231=LINE('',#7241,#1683);
#1232=LINE('',#7243,#1684);
#1233=LINE('',#7244,#1685);
#1234=LINE('',#7248,#1686);
#1235=LINE('',#7249,#1687);
#1236=LINE('',#7250,#1688);
#1237=LINE('',#7253,#1689);
#1238=LINE('',#7255,#1690);
#1239=LINE('',#7256,#1691);
#1240=LINE('',#7258,#1692);
#1241=LINE('',#7260,#1693);
#1242=LINE('',#7261,#1694);
#1243=LINE('',#7264,#1695);
#1244=LINE('',#7266,#1696);
#1245=LINE('',#7268,#1697);
#1246=LINE('',#7270,#1698);
#1247=LINE('',#7272,#1699);
#1248=LINE('',#7276,#1700);
#1249=LINE('',#7278,#1701);
#1250=LINE('',#7280,#1702);
#1251=LINE('',#7283,#1703);
#1252=LINE('',#7285,#1704);
#1253=LINE('',#7290,#1705);
#1254=LINE('',#7294,#1706);
#1255=LINE('',#7299,#1707);
#1256=LINE('',#7303,#1708);
#1257=LINE('',#7307,#1709);
#1258=LINE('',#7310,#1710);
#1259=LINE('',#7313,#1711);
#1260=LINE('',#7315,#1712);
#1261=LINE('',#7319,#1713);
#1262=LINE('',#7320,#1714);
#1263=LINE('',#7322,#1715);
#1264=LINE('',#7323,#1716);
#1265=LINE('',#7325,#1717);
#1266=LINE('',#7327,#1718);
#1267=LINE('',#7330,#1719);
#1268=LINE('',#7332,#1720);
#1269=LINE('',#7334,#1721);
#1270=LINE('',#7340,#1722);
#1271=LINE('',#7343,#1723);
#1272=LINE('',#7344,#1724);
#1273=LINE('',#7347,#1725);
#1274=LINE('',#7348,#1726);
#1275=LINE('',#7350,#1727);
#1276=LINE('',#7352,#1728);
#1277=LINE('',#7353,#1729);
#1278=LINE('',#7355,#1730);
#1279=LINE('',#7357,#1731);
#1280=LINE('',#7359,#1732);
#1281=LINE('',#7361,#1733);
#1282=LINE('',#7377,#1734);
#1283=LINE('',#7378,#1735);
#1284=LINE('',#7382,#1736);
#1285=LINE('',#7385,#1737);
#1286=LINE('',#7386,#1738);
#1287=LINE('',#7388,#1739);
#1288=LINE('',#7391,#1740);
#1289=LINE('',#7392,#1741);
#1290=LINE('',#7395,#1742);
#1291=LINE('',#7396,#1743);
#1292=LINE('',#7399,#1744);
#1293=LINE('',#7402,#1745);
#1294=LINE('',#7406,#1746);
#1295=LINE('',#7417,#1747);
#1296=LINE('',#7418,#1748);
#1297=LINE('',#7421,#1749);
#1298=LINE('',#7423,#1750);
#1299=LINE('',#7425,#1751);
#1300=LINE('',#7432,#1752);
#1301=LINE('',#7435,#1753);
#1302=LINE('',#7436,#1754);
#1303=LINE('',#7439,#1755);
#1304=LINE('',#7440,#1756);
#1305=LINE('',#7442,#1757);
#1306=LINE('',#7451,#1758);
#1307=LINE('',#7455,#1759);
#1308=LINE('',#7466,#1760);
#1309=LINE('',#7468,#1761);
#1310=LINE('',#7475,#1762);
#1311=LINE('',#7477,#1763);
#1312=LINE('',#7479,#1764);
#1313=LINE('',#7481,#1765);
#1314=LINE('',#7485,#1766);
#1315=LINE('',#7487,#1767);
#1316=LINE('',#7501,#1768);
#1317=LINE('',#7503,#1769);
#1318=LINE('',#7505,#1770);
#1319=LINE('',#7506,#1771);
#1320=LINE('',#7510,#1772);
#1321=LINE('',#7514,#1773);
#1322=LINE('',#7518,#1774);
#1323=LINE('',#7520,#1775);
#1324=LINE('',#7521,#1776);
#1325=LINE('',#7523,#1777);
#1326=LINE('',#7524,#1778);
#1327=LINE('',#7527,#1779);
#1328=LINE('',#7528,#1780);
#1329=LINE('',#7532,#1781);
#1330=LINE('',#7536,#1782);
#1331=LINE('',#7537,#1783);
#1332=LINE('',#7539,#1784);
#1333=LINE('',#7541,#1785);
#1334=LINE('',#7543,#1786);
#1335=LINE('',#7546,#1787);
#1336=LINE('',#7548,#1788);
#1337=LINE('',#7550,#1789);
#1338=LINE('',#7552,#1790);
#1339=LINE('',#7554,#1791);
#1340=LINE('',#7556,#1792);
#1341=LINE('',#7558,#1793);
#1342=VECTOR('',#4894,1000.);
#1343=VECTOR('',#4895,1000.);
#1344=VECTOR('',#4896,1000.);
#1345=VECTOR('',#4897,1000.);
#1346=VECTOR('',#4900,1000.);
#1347=VECTOR('',#4901,1000.);
#1348=VECTOR('',#4902,1000.);
#1349=VECTOR('',#4903,1000.);
#1350=VECTOR('',#4906,1000.);
#1351=VECTOR('',#4909,1000.);
#1352=VECTOR('',#4910,1000.);
#1353=VECTOR('',#4913,1000.);
#1354=VECTOR('',#4914,1000.);
#1355=VECTOR('',#4917,1000.);
#1356=VECTOR('',#4918,1000.);
#1357=VECTOR('',#4919,1000.);
#1358=VECTOR('',#4922,1000.);
#1359=VECTOR('',#4925,1000.);
#1360=VECTOR('',#4926,1000.);
#1361=VECTOR('',#4929,1000.);
#1362=VECTOR('',#4932,1000.);
#1363=VECTOR('',#4935,1000.);
#1364=VECTOR('',#4938,1000.);
#1365=VECTOR('',#4941,1000.);
#1366=VECTOR('',#4944,1000.);
#1367=VECTOR('',#4947,1000.);
#1368=VECTOR('',#4954,1000.);
#1369=VECTOR('',#4957,1000.);
#1370=VECTOR('',#4962,1000.);
#1371=VECTOR('',#4965,1000.);
#1372=VECTOR('',#4968,1000.);
#1373=VECTOR('',#4971,1000.);
#1374=VECTOR('',#4974,1000.);
#1375=VECTOR('',#4975,1000.);
#1376=VECTOR('',#4976,1000.);
#1377=VECTOR('',#4977,1000.);
#1378=VECTOR('',#4978,1000.);
#1379=VECTOR('',#4981,1000.);
#1380=VECTOR('',#4982,1000.);
#1381=VECTOR('',#4983,1000.);
#1382=VECTOR('',#4986,1000.);
#1383=VECTOR('',#4987,1000.);
#1384=VECTOR('',#4988,1000.);
#1385=VECTOR('',#4989,1000.);
#1386=VECTOR('',#4990,1000.);
#1387=VECTOR('',#4991,1000.);
#1388=VECTOR('',#4994,1000.);
#1389=VECTOR('',#4997,1000.);
#1390=VECTOR('',#5000,1000.);
#1391=VECTOR('',#5001,1000.);
#1392=VECTOR('',#5004,1000.);
#1393=VECTOR('',#5005,1000.);
#1394=VECTOR('',#5008,1000.);
#1395=VECTOR('',#5009,1000.);
#1396=VECTOR('',#5012,1000.);
#1397=VECTOR('',#5021,1000.);
#1398=VECTOR('',#5024,1000.);
#1399=VECTOR('',#5025,1000.);
#1400=VECTOR('',#5028,1000.);
#1401=VECTOR('',#5029,1000.);
#1402=VECTOR('',#5030,1000.);
#1403=VECTOR('',#5033,1000.);
#1404=VECTOR('',#5038,1000.);
#1405=VECTOR('',#5039,1000.);
#1406=VECTOR('',#5042,1000.);
#1407=VECTOR('',#5043,1000.);
#1408=VECTOR('',#5046,1000.);
#1409=VECTOR('',#5049,1000.);
#1410=VECTOR('',#5052,1000.);
#1411=VECTOR('',#5055,1000.);
#1412=VECTOR('',#5056,1000.);
#1413=VECTOR('',#5059,1000.);
#1414=VECTOR('',#5060,1000.);
#1415=VECTOR('',#5061,1000.);
#1416=VECTOR('',#5068,1000.);
#1417=VECTOR('',#5071,1000.);
#1418=VECTOR('',#5074,1000.);
#1419=VECTOR('',#5077,1000.);
#1420=VECTOR('',#5080,1000.);
#1421=VECTOR('',#5081,1000.);
#1422=VECTOR('',#5082,1000.);
#1423=VECTOR('',#5085,1000.);
#1424=VECTOR('',#5086,1000.);
#1425=VECTOR('',#5087,1000.);
#1426=VECTOR('',#5092,1000.);
#1427=VECTOR('',#5095,1000.);
#1428=VECTOR('',#5098,1000.);
#1429=VECTOR('',#5099,1000.);
#1430=VECTOR('',#5100,1000.);
#1431=VECTOR('',#5103,1000.);
#1432=VECTOR('',#5104,1000.);
#1433=VECTOR('',#5107,1000.);
#1434=VECTOR('',#5108,1000.);
#1435=VECTOR('',#5111,1000.);
#1436=VECTOR('',#5114,1000.);
#1437=VECTOR('',#5115,1000.);
#1438=VECTOR('',#5118,1000.);
#1439=VECTOR('',#5121,1000.);
#1440=VECTOR('',#5124,1000.);
#1441=VECTOR('',#5125,1000.);
#1442=VECTOR('',#5126,1000.);
#1443=VECTOR('',#5129,1000.);
#1444=VECTOR('',#5130,1000.);
#1445=VECTOR('',#5133,1000.);
#1446=VECTOR('',#5136,1000.);
#1447=VECTOR('',#5139,1000.);
#1448=VECTOR('',#5142,1000.);
#1449=VECTOR('',#5145,1000.);
#1450=VECTOR('',#5148,1000.);
#1451=VECTOR('',#5151,1000.);
#1452=VECTOR('',#5156,1000.);
#1453=VECTOR('',#5159,1000.);
#1454=VECTOR('',#5162,1000.);
#1455=VECTOR('',#5165,1000.);
#1456=VECTOR('',#5174,1000.);
#1457=VECTOR('',#5177,1000.);
#1458=VECTOR('',#5178,1000.);
#1459=VECTOR('',#5179,1000.);
#1460=VECTOR('',#5182,1000.);
#1461=VECTOR('',#5183,1000.);
#1462=VECTOR('',#5184,1000.);
#1463=VECTOR('',#5187,1000.);
#1464=VECTOR('',#5188,1000.);
#1465=VECTOR('',#5189,1000.);
#1466=VECTOR('',#5192,1000.);
#1467=VECTOR('',#5195,1000.);
#1468=VECTOR('',#5198,1000.);
#1469=VECTOR('',#5201,1000.);
#1470=VECTOR('',#5206,1000.);
#1471=VECTOR('',#5207,1000.);
#1472=VECTOR('',#5208,1000.);
#1473=VECTOR('',#5211,1000.);
#1474=VECTOR('',#5212,1000.);
#1475=VECTOR('',#5215,1000.);
#1476=VECTOR('',#5218,1000.);
#1477=VECTOR('',#5221,1000.);
#1478=VECTOR('',#5228,1000.);
#1479=VECTOR('',#5231,1000.);
#1480=VECTOR('',#5244,1000.);
#1481=VECTOR('',#5247,1000.);
#1482=VECTOR('',#5250,1000.);
#1483=VECTOR('',#5251,1000.);
#1484=VECTOR('',#5254,1000.);
#1485=VECTOR('',#5259,1000.);
#1486=VECTOR('',#5260,1000.);
#1487=VECTOR('',#5263,1000.);
#1488=VECTOR('',#5268,1000.);
#1489=VECTOR('',#5269,1000.);
#1490=VECTOR('',#5272,1000.);
#1491=VECTOR('',#5277,1000.);
#1492=VECTOR('',#5280,1000.);
#1493=VECTOR('',#5281,1000.);
#1494=VECTOR('',#5286,1000.);
#1495=VECTOR('',#5287,1000.);
#1496=VECTOR('',#5290,1000.);
#1497=VECTOR('',#5295,1000.);
#1498=VECTOR('',#5296,1000.);
#1499=VECTOR('',#5299,1000.);
#1500=VECTOR('',#5304,1000.);
#1501=VECTOR('',#5305,1000.);
#1502=VECTOR('',#5308,1000.);
#1503=VECTOR('',#5313,1000.);
#1504=VECTOR('',#5316,1000.);
#1505=VECTOR('',#5317,1000.);
#1506=VECTOR('',#5318,1000.);
#1507=VECTOR('',#5323,1000.);
#1508=VECTOR('',#5326,1000.);
#1509=VECTOR('',#5327,1000.);
#1510=VECTOR('',#5332,1000.);
#1511=VECTOR('',#5335,1000.);
#1512=VECTOR('',#5336,1000.);
#1513=VECTOR('',#5341,1000.);
#1514=VECTOR('',#5344,1000.);
#1515=VECTOR('',#5345,1000.);
#1516=VECTOR('',#5352,1000.);
#1517=VECTOR('',#5353,1000.);
#1518=VECTOR('',#5356,1000.);
#1519=VECTOR('',#5359,1000.);
#1520=VECTOR('',#5362,1000.);
#1521=VECTOR('',#5365,1000.);
#1522=VECTOR('',#5370,1000.);
#1523=VECTOR('',#5371,1000.);
#1524=VECTOR('',#5376,1000.);
#1525=VECTOR('',#5379,1000.);
#1526=VECTOR('',#5382,1000.);
#1527=VECTOR('',#5383,1000.);
#1528=VECTOR('',#5384,1000.);
#1529=VECTOR('',#5389,1000.);
#1530=VECTOR('',#5394,1000.);
#1531=VECTOR('',#5397,1000.);
#1532=VECTOR('',#5404,1000.);
#1533=VECTOR('',#5407,1000.);
#1534=VECTOR('',#5410,1000.);
#1535=VECTOR('',#5411,1000.);
#1536=VECTOR('',#5412,1000.);
#1537=VECTOR('',#5413,1000.);
#1538=VECTOR('',#5414,1000.);
#1539=VECTOR('',#5415,1000.);
#1540=VECTOR('',#5416,1000.);
#1541=VECTOR('',#5417,1000.);
#1542=VECTOR('',#5418,1000.);
#1543=VECTOR('',#5419,1000.);
#1544=VECTOR('',#5420,1000.);
#1545=VECTOR('',#5421,1000.);
#1546=VECTOR('',#5426,1000.);
#1547=VECTOR('',#5429,1000.);
#1548=VECTOR('',#5430,1000.);
#1549=VECTOR('',#5431,1000.);
#1550=VECTOR('',#5432,1000.);
#1551=VECTOR('',#5433,1000.);
#1552=VECTOR('',#5434,1000.);
#1553=VECTOR('',#5435,1000.);
#1554=VECTOR('',#5436,1000.);
#1555=VECTOR('',#5437,1000.);
#1556=VECTOR('',#5440,1000.);
#1557=VECTOR('',#5441,1000.);
#1558=VECTOR('',#5442,1000.);
#1559=VECTOR('',#5443,1000.);
#1560=VECTOR('',#5444,1000.);
#1561=VECTOR('',#5445,1000.);
#1562=VECTOR('',#5446,1000.);
#1563=VECTOR('',#5447,1000.);
#1564=VECTOR('',#5448,1000.);
#1565=VECTOR('',#5449,1000.);
#1566=VECTOR('',#5450,1000.);
#1567=VECTOR('',#5451,1000.);
#1568=VECTOR('',#5452,1000.);
#1569=VECTOR('',#5453,1000.);
#1570=VECTOR('',#5454,1000.);
#1571=VECTOR('',#5457,1000.);
#1572=VECTOR('',#5458,1000.);
#1573=VECTOR('',#5459,1000.);
#1574=VECTOR('',#5460,1000.);
#1575=VECTOR('',#5461,1000.);
#1576=VECTOR('',#5462,1000.);
#1577=VECTOR('',#5463,1000.);
#1578=VECTOR('',#5464,1000.);
#1579=VECTOR('',#5465,1000.);
#1580=VECTOR('',#5474,1000.);
#1581=VECTOR('',#5481,1000.);
#1582=VECTOR('',#5490,1000.);
#1583=VECTOR('',#5497,1000.);
#1584=VECTOR('',#5508,1000.);
#1585=VECTOR('',#5517,1000.);
#1586=VECTOR('',#5526,1000.);
#1587=VECTOR('',#5533,1000.);
#1588=VECTOR('',#5538,1000.);
#1589=VECTOR('',#5541,1000.);
#1590=VECTOR('',#5544,1000.);
#1591=VECTOR('',#5547,1000.);
#1592=VECTOR('',#5552,1000.);
#1593=VECTOR('',#5557,1000.);
#1594=VECTOR('',#5558,1000.);
#1595=VECTOR('',#5559,1000.);
#1596=VECTOR('',#5560,1000.);
#1597=VECTOR('',#5561,1000.);
#1598=VECTOR('',#5564,1000.);
#1599=VECTOR('',#5567,1000.);
#1600=VECTOR('',#5568,1000.);
#1601=VECTOR('',#5569,1000.);
#1602=VECTOR('',#5572,1000.);
#1603=VECTOR('',#5573,1000.);
#1604=VECTOR('',#5574,1000.);
#1605=VECTOR('',#5575,1000.);
#1606=VECTOR('',#5580,1000.);
#1607=VECTOR('',#5583,1000.);
#1608=VECTOR('',#5584,1000.);
#1609=VECTOR('',#5585,1000.);
#1610=VECTOR('',#5586,1000.);
#1611=VECTOR('',#5589,1000.);
#1612=VECTOR('',#5592,1000.);
#1613=VECTOR('',#5593,1000.);
#1614=VECTOR('',#5594,1000.);
#1615=VECTOR('',#5595,1000.);
#1616=VECTOR('',#5596,1000.);
#1617=VECTOR('',#5597,1000.);
#1618=VECTOR('',#5598,1000.);
#1619=VECTOR('',#5599,1000.);
#1620=VECTOR('',#5604,1000.);
#1621=VECTOR('',#5605,1000.);
#1622=VECTOR('',#5610,1000.);
#1623=VECTOR('',#5611,1000.);
#1624=VECTOR('',#5614,1000.);
#1625=VECTOR('',#5615,1000.);
#1626=VECTOR('',#5618,1000.);
#1627=VECTOR('',#5619,1000.);
#1628=VECTOR('',#5620,1000.);
#1629=VECTOR('',#5623,1000.);
#1630=VECTOR('',#5632,1000.);
#1631=VECTOR('',#5635,1000.);
#1632=VECTOR('',#5636,1000.);
#1633=VECTOR('',#5637,1000.);
#1634=VECTOR('',#5638,1000.);
#1635=VECTOR('',#5641,1000.);
#1636=VECTOR('',#5646,1000.);
#1637=VECTOR('',#5649,1000.);
#1638=VECTOR('',#5652,1000.);
#1639=VECTOR('',#5655,1000.);
#1640=VECTOR('',#5656,1000.);
#1641=VECTOR('',#5659,1000.);
#1642=VECTOR('',#5660,1000.);
#1643=VECTOR('',#5663,1000.);
#1644=VECTOR('',#5666,1000.);
#1645=VECTOR('',#5669,1000.);
#1646=VECTOR('',#5672,1000.);
#1647=VECTOR('',#5677,1000.);
#1648=VECTOR('',#5686,1000.);
#1649=VECTOR('',#5687,1000.);
#1650=VECTOR('',#5688,1000.);
#1651=VECTOR('',#5691,1000.);
#1652=VECTOR('',#5692,1000.);
#1653=VECTOR('',#5693,1000.);
#1654=VECTOR('',#5696,1000.);
#1655=VECTOR('',#5697,1000.);
#1656=VECTOR('',#5700,1000.);
#1657=VECTOR('',#5701,1000.);
#1658=VECTOR('',#5704,1000.);
#1659=VECTOR('',#5705,1000.);
#1660=VECTOR('',#5712,1000.);
#1661=VECTOR('',#5717,1000.);
#1662=VECTOR('',#5730,1000.);
#1663=VECTOR('',#5733,1000.);
#1664=VECTOR('',#5734,1000.);
#1665=VECTOR('',#5735,1000.);
#1666=VECTOR('',#5738,1000.);
#1667=VECTOR('',#5741,1000.);
#1668=VECTOR('',#5746,1000.);
#1669=VECTOR('',#5747,1000.);
#1670=VECTOR('',#5750,1000.);
#1671=VECTOR('',#5753,1000.);
#1672=VECTOR('',#5756,1000.);
#1673=VECTOR('',#5759,1000.);
#1674=VECTOR('',#5766,1000.);
#1675=VECTOR('',#5769,1000.);
#1676=VECTOR('',#5770,1000.);
#1677=VECTOR('',#5771,1000.);
#1678=VECTOR('',#5772,1000.);
#1679=VECTOR('',#5773,1000.);
#1680=VECTOR('',#5780,1000.);
#1681=VECTOR('',#5781,1000.);
#1682=VECTOR('',#5782,1000.);
#1683=VECTOR('',#5785,1000.);
#1684=VECTOR('',#5786,1000.);
#1685=VECTOR('',#5787,1000.);
#1686=VECTOR('',#5790,1000.);
#1687=VECTOR('',#5791,1000.);
#1688=VECTOR('',#5792,1000.);
#1689=VECTOR('',#5795,1000.);
#1690=VECTOR('',#5796,1000.);
#1691=VECTOR('',#5797,1000.);
#1692=VECTOR('',#5800,1000.);
#1693=VECTOR('',#5803,1000.);
#1694=VECTOR('',#5804,1000.);
#1695=VECTOR('',#5809,1000.);
#1696=VECTOR('',#5812,1000.);
#1697=VECTOR('',#5815,1000.);
#1698=VECTOR('',#5818,1000.);
#1699=VECTOR('',#5821,1000.);
#1700=VECTOR('',#5824,1000.);
#1701=VECTOR('',#5825,1000.);
#1702=VECTOR('',#5826,1000.);
#1703=VECTOR('',#5829,1000.);
#1704=VECTOR('',#5830,1000.);
#1705=VECTOR('',#5835,1000.);
#1706=VECTOR('',#5838,1000.);
#1707=VECTOR('',#5845,1000.);
#1708=VECTOR('',#5848,1000.);
#1709=VECTOR('',#5851,1000.);
#1710=VECTOR('',#5854,1000.);
#1711=VECTOR('',#5857,1000.);
#1712=VECTOR('',#5858,1000.);
#1713=VECTOR('',#5861,1000.);
#1714=VECTOR('',#5862,1000.);
#1715=VECTOR('',#5865,1000.);
#1716=VECTOR('',#5866,1000.);
#1717=VECTOR('',#5869,1000.);
#1718=VECTOR('',#5872,1000.);
#1719=VECTOR('',#5877,1000.);
#1720=VECTOR('',#5880,1000.);
#1721=VECTOR('',#5883,1000.);
#1722=VECTOR('',#5890,1000.);
#1723=VECTOR('',#5893,1000.);
#1724=VECTOR('',#5894,1000.);
#1725=VECTOR('',#5897,1000.);
#1726=VECTOR('',#5898,1000.);
#1727=VECTOR('',#5901,1000.);
#1728=VECTOR('',#5904,1000.);
#1729=VECTOR('',#5905,1000.);
#1730=VECTOR('',#5908,1000.);
#1731=VECTOR('',#5911,1000.);
#1732=VECTOR('',#5914,1000.);
#1733=VECTOR('',#5917,1000.);
#1734=VECTOR('',#5926,1000.);
#1735=VECTOR('',#5927,1000.);
#1736=VECTOR('',#5932,1000.);
#1737=VECTOR('',#5935,1000.);
#1738=VECTOR('',#5936,1000.);
#1739=VECTOR('',#5939,1000.);
#1740=VECTOR('',#5942,999.999999999999);
#1741=VECTOR('',#5943,1000.);
#1742=VECTOR('',#5946,1000.);
#1743=VECTOR('',#5947,1000.);
#1744=VECTOR('',#5950,1000.);
#1745=VECTOR('',#5955,1000.);
#1746=VECTOR('',#5962,1000.);
#1747=VECTOR('',#5965,1000.);
#1748=VECTOR('',#5966,1000.);
#1749=VECTOR('',#5971,1000.);
#1750=VECTOR('',#5974,1000.);
#1751=VECTOR('',#5977,1000.);
#1752=VECTOR('',#5986,1000.);
#1753=VECTOR('',#5989,1000.);
#1754=VECTOR('',#5990,1000.);
#1755=VECTOR('',#5993,1000.);
#1756=VECTOR('',#5994,1000.);
#1757=VECTOR('',#5997,1000.);
#1758=VECTOR('',#6010,1000.);
#1759=VECTOR('',#6015,1000.);
#1760=VECTOR('',#6034,1000.);
#1761=VECTOR('',#6037,1000.);
#1762=VECTOR('',#6050,1000.);
#1763=VECTOR('',#6053,1000.);
#1764=VECTOR('',#6056,1000.);
#1765=VECTOR('',#6059,1000.);
#1766=VECTOR('',#6066,1000.);
#1767=VECTOR('',#6069,1000.);
#1768=VECTOR('',#6092,1000.);
#1769=VECTOR('',#6093,1000.);
#1770=VECTOR('',#6094,1000.);
#1771=VECTOR('',#6095,1000.);
#1772=VECTOR('',#6098,1000.);
#1773=VECTOR('',#6101,1000.);
#1774=VECTOR('',#6104,1000.);
#1775=VECTOR('',#6105,1000.);
#1776=VECTOR('',#6106,1000.);
#1777=VECTOR('',#6107,1000.);
#1778=VECTOR('',#6108,1000.);
#1779=VECTOR('',#6111,1000.);
#1780=VECTOR('',#6112,1000.);
#1781=VECTOR('',#6115,1000.);
#1782=VECTOR('',#6118,1000.);
#1783=VECTOR('',#6119,1000.);
#1784=VECTOR('',#6120,1000.);
#1785=VECTOR('',#6121,1000.);
#1786=VECTOR('',#6122,1000.);
#1787=VECTOR('',#6127,1000.);
#1788=VECTOR('',#6130,1000.);
#1789=VECTOR('',#6133,1000.);
#1790=VECTOR('',#6136,1000.);
#1791=VECTOR('',#6139,1000.);
#1792=VECTOR('',#6142,1000.);
#1793=VECTOR('',#6145,1000.);
#1794=VERTEX_POINT('',#6153);
#1795=VERTEX_POINT('',#6154);
#1796=VERTEX_POINT('',#6156);
#1797=VERTEX_POINT('',#6158);
#1798=VERTEX_POINT('',#6162);
#1799=VERTEX_POINT('',#6164);
#1800=VERTEX_POINT('',#6166);
#1801=VERTEX_POINT('',#6168);
#1802=VERTEX_POINT('',#6170);
#1803=VERTEX_POINT('',#6172);
#1804=VERTEX_POINT('',#6174);
#1805=VERTEX_POINT('',#6176);
#1806=VERTEX_POINT('',#6180);
#1807=VERTEX_POINT('',#6184);
#1808=VERTEX_POINT('',#6186);
#1809=VERTEX_POINT('',#6188);
#1810=VERTEX_POINT('',#6190);
#1811=VERTEX_POINT('',#6192);
#1812=VERTEX_POINT('',#6194);
#1813=VERTEX_POINT('',#6196);
#1814=VERTEX_POINT('',#6215);
#1815=VERTEX_POINT('',#6216);
#1816=VERTEX_POINT('',#6218);
#1817=VERTEX_POINT('',#6220);
#1818=VERTEX_POINT('',#6224);
#1819=VERTEX_POINT('',#6225);
#1820=VERTEX_POINT('',#6227);
#1821=VERTEX_POINT('',#6229);
#1822=VERTEX_POINT('',#6233);
#1823=VERTEX_POINT('',#6234);
#1824=VERTEX_POINT('',#6236);
#1825=VERTEX_POINT('',#6238);
#1826=VERTEX_POINT('',#6240);
#1827=VERTEX_POINT('',#6242);
#1828=VERTEX_POINT('',#6244);
#1829=VERTEX_POINT('',#6246);
#1830=VERTEX_POINT('',#6248);
#1831=VERTEX_POINT('',#6250);
#1832=VERTEX_POINT('',#6252);
#1833=VERTEX_POINT('',#6254);
#1834=VERTEX_POINT('',#6256);
#1835=VERTEX_POINT('',#6258);
#1836=VERTEX_POINT('',#6260);
#1837=VERTEX_POINT('',#6262);
#1838=VERTEX_POINT('',#6265);
#1839=VERTEX_POINT('',#6266);
#1840=VERTEX_POINT('',#6268);
#1841=VERTEX_POINT('',#6270);
#1842=VERTEX_POINT('',#6274);
#1843=VERTEX_POINT('',#6276);
#1844=VERTEX_POINT('',#6280);
#1845=VERTEX_POINT('',#6284);
#1846=VERTEX_POINT('',#6288);
#1847=VERTEX_POINT('',#6292);
#1848=VERTEX_POINT('',#6296);
#1849=VERTEX_POINT('',#6298);
#1850=VERTEX_POINT('',#6302);
#1851=VERTEX_POINT('',#6304);
#1852=VERTEX_POINT('',#6306);
#1853=VERTEX_POINT('',#6308);
#1854=VERTEX_POINT('',#6310);
#1855=VERTEX_POINT('',#6314);
#1856=VERTEX_POINT('',#6318);
#1857=VERTEX_POINT('',#6322);
#1858=VERTEX_POINT('',#6326);
#1859=VERTEX_POINT('',#6327);
#1860=VERTEX_POINT('',#6329);
#1861=VERTEX_POINT('',#6331);
#1862=VERTEX_POINT('',#6333);
#1863=VERTEX_POINT('',#6336);
#1864=VERTEX_POINT('',#6339);
#1865=VERTEX_POINT('',#6341);
#1866=VERTEX_POINT('',#6343);
#1867=VERTEX_POINT('',#6345);
#1868=VERTEX_POINT('',#6347);
#1869=VERTEX_POINT('',#6351);
#1870=VERTEX_POINT('',#6355);
#1871=VERTEX_POINT('',#6356);
#1872=VERTEX_POINT('',#6358);
#1873=VERTEX_POINT('',#6360);
#1874=VERTEX_POINT('',#6362);
#1875=VERTEX_POINT('',#6364);
#1876=VERTEX_POINT('',#6366);
#1877=VERTEX_POINT('',#6368);
#1878=VERTEX_POINT('',#6370);
#1879=VERTEX_POINT('',#6372);
#1880=VERTEX_POINT('',#6374);
#1881=VERTEX_POINT('',#6380);
#1882=VERTEX_POINT('',#6386);
#1883=VERTEX_POINT('',#6388);
#1884=VERTEX_POINT('',#6392);
#1885=VERTEX_POINT('',#6396);
#1886=VERTEX_POINT('',#6402);
#1887=VERTEX_POINT('',#6403);
#1888=VERTEX_POINT('',#6405);
#1889=VERTEX_POINT('',#6407);
#1890=VERTEX_POINT('',#6410);
#1891=VERTEX_POINT('',#6412);
#1892=VERTEX_POINT('',#6414);
#1893=VERTEX_POINT('',#6416);
#1894=VERTEX_POINT('',#6418);
#1895=VERTEX_POINT('',#6420);
#1896=VERTEX_POINT('',#6422);
#1897=VERTEX_POINT('',#6425);
#1898=VERTEX_POINT('',#6426);
#1899=VERTEX_POINT('',#6428);
#1900=VERTEX_POINT('',#6430);
#1901=VERTEX_POINT('',#6432);
#1902=VERTEX_POINT('',#6434);
#1903=VERTEX_POINT('',#6436);
#1904=VERTEX_POINT('',#6438);
#1905=VERTEX_POINT('',#6441);
#1906=VERTEX_POINT('',#6442);
#1907=VERTEX_POINT('',#6444);
#1908=VERTEX_POINT('',#6446);
#1909=VERTEX_POINT('',#6448);
#1910=VERTEX_POINT('',#6450);
#1911=VERTEX_POINT('',#6452);
#1912=VERTEX_POINT('',#6454);
#1913=VERTEX_POINT('',#6457);
#1914=VERTEX_POINT('',#6458);
#1915=VERTEX_POINT('',#6460);
#1916=VERTEX_POINT('',#6462);
#1917=VERTEX_POINT('',#6464);
#1918=VERTEX_POINT('',#6466);
#1919=VERTEX_POINT('',#6468);
#1920=VERTEX_POINT('',#6470);
#1921=VERTEX_POINT('',#6474);
#1922=VERTEX_POINT('',#6476);
#1923=VERTEX_POINT('',#6478);
#1924=VERTEX_POINT('',#6482);
#1925=VERTEX_POINT('',#6484);
#1926=VERTEX_POINT('',#6486);
#1927=VERTEX_POINT('',#6488);
#1928=VERTEX_POINT('',#6490);
#1929=VERTEX_POINT('',#6492);
#1930=VERTEX_POINT('',#6494);
#1931=VERTEX_POINT('',#6496);
#1932=VERTEX_POINT('',#6498);
#1933=VERTEX_POINT('',#6500);
#1934=VERTEX_POINT('',#6502);
#1935=VERTEX_POINT('',#6504);
#1936=VERTEX_POINT('',#6506);
#1937=VERTEX_POINT('',#6508);
#1938=VERTEX_POINT('',#6510);
#1939=VERTEX_POINT('',#6512);
#1940=VERTEX_POINT('',#6514);
#1941=VERTEX_POINT('',#6516);
#1942=VERTEX_POINT('',#6518);
#1943=VERTEX_POINT('',#6522);
#1944=VERTEX_POINT('',#6547);
#1945=VERTEX_POINT('',#6549);
#1946=VERTEX_POINT('',#6553);
#1947=VERTEX_POINT('',#6557);
#1948=VERTEX_POINT('',#6561);
#1949=VERTEX_POINT('',#6565);
#1950=VERTEX_POINT('',#6569);
#1951=VERTEX_POINT('',#6573);
#1952=VERTEX_POINT('',#6579);
#1953=VERTEX_POINT('',#6581);
#1954=VERTEX_POINT('',#6585);
#1955=VERTEX_POINT('',#6589);
#1956=VERTEX_POINT('',#6593);
#1957=VERTEX_POINT('',#6597);
#1958=VERTEX_POINT('',#6601);
#1959=VERTEX_POINT('',#6605);
#1960=VERTEX_POINT('',#6611);
#1961=VERTEX_POINT('',#6613);
#1962=VERTEX_POINT('',#6617);
#1963=VERTEX_POINT('',#6621);
#1964=VERTEX_POINT('',#6625);
#1965=VERTEX_POINT('',#6629);
#1966=VERTEX_POINT('',#6633);
#1967=VERTEX_POINT('',#6637);
#1968=VERTEX_POINT('',#6652);
#1969=VERTEX_POINT('',#6653);
#1970=VERTEX_POINT('',#6656);
#1971=VERTEX_POINT('',#6658);
#1972=VERTEX_POINT('',#6662);
#1973=VERTEX_POINT('',#6667);
#1974=VERTEX_POINT('',#6669);
#1975=VERTEX_POINT('',#6671);
#1976=VERTEX_POINT('',#6675);
#1977=VERTEX_POINT('',#6677);
#1978=VERTEX_POINT('',#6691);
#1979=VERTEX_POINT('',#6692);
#1980=VERTEX_POINT('',#6694);
#1981=VERTEX_POINT('',#6696);
#1982=VERTEX_POINT('',#6698);
#1983=VERTEX_POINT('',#6700);
#1984=VERTEX_POINT('',#6702);
#1985=VERTEX_POINT('',#6704);
#1986=VERTEX_POINT('',#6706);
#1987=VERTEX_POINT('',#6710);
#1988=VERTEX_POINT('',#6717);
#1989=VERTEX_POINT('',#6718);
#1990=VERTEX_POINT('',#6720);
#1991=VERTEX_POINT('',#6722);
#1992=VERTEX_POINT('',#6724);
#1993=VERTEX_POINT('',#6726);
#1994=VERTEX_POINT('',#6728);
#1995=VERTEX_POINT('',#6731);
#1996=VERTEX_POINT('',#6735);
#1997=VERTEX_POINT('',#6736);
#1998=VERTEX_POINT('',#6738);
#1999=VERTEX_POINT('',#6740);
#2000=VERTEX_POINT('',#6742);
#2001=VERTEX_POINT('',#6744);
#2002=VERTEX_POINT('',#6748);
#2003=VERTEX_POINT('',#6749);
#2004=VERTEX_POINT('',#6751);
#2005=VERTEX_POINT('',#6753);
#2006=VERTEX_POINT('',#6756);
#2007=VERTEX_POINT('',#6757);
#2008=VERTEX_POINT('',#6759);
#2009=VERTEX_POINT('',#6761);
#2010=VERTEX_POINT('',#6765);
#2011=VERTEX_POINT('',#6766);
#2012=VERTEX_POINT('',#6768);
#2013=VERTEX_POINT('',#6770);
#2014=VERTEX_POINT('',#6772);
#2015=VERTEX_POINT('',#6774);
#2016=VERTEX_POINT('',#6776);
#2017=VERTEX_POINT('',#6779);
#2018=VERTEX_POINT('',#6797);
#2019=VERTEX_POINT('',#6799);
#2020=VERTEX_POINT('',#6824);
#2021=VERTEX_POINT('',#6842);
#2022=VERTEX_POINT('',#6867);
#2023=VERTEX_POINT('',#6879);
#2024=VERTEX_POINT('',#6883);
#2025=VERTEX_POINT('',#6895);
#2026=VERTEX_POINT('',#6909);
#2027=VERTEX_POINT('',#6911);
#2028=VERTEX_POINT('',#6915);
#2029=VERTEX_POINT('',#6927);
#2030=VERTEX_POINT('',#6931);
#2031=VERTEX_POINT('',#6943);
#2032=VERTEX_POINT('',#6947);
#2033=VERTEX_POINT('',#6959);
#2034=VERTEX_POINT('',#6965);
#2035=VERTEX_POINT('',#6966);
#2036=VERTEX_POINT('',#6968);
#2037=VERTEX_POINT('',#6970);
#2038=VERTEX_POINT('',#6972);
#2039=VERTEX_POINT('',#6974);
#2040=VERTEX_POINT('',#6976);
#2041=VERTEX_POINT('',#6978);
#2042=VERTEX_POINT('',#6982);
#2043=VERTEX_POINT('',#6984);
#2044=VERTEX_POINT('',#6988);
#2045=VERTEX_POINT('',#6989);
#2046=VERTEX_POINT('',#6991);
#2047=VERTEX_POINT('',#6993);
#2048=VERTEX_POINT('',#6995);
#2049=VERTEX_POINT('',#6997);
#2050=VERTEX_POINT('',#6999);
#2051=VERTEX_POINT('',#7001);
#2052=VERTEX_POINT('',#7003);
#2053=VERTEX_POINT('',#7005);
#2054=VERTEX_POINT('',#7007);
#2055=VERTEX_POINT('',#7011);
#2056=VERTEX_POINT('',#7012);
#2057=VERTEX_POINT('',#7014);
#2058=VERTEX_POINT('',#7016);
#2059=VERTEX_POINT('',#7020);
#2060=VERTEX_POINT('',#7024);
#2061=VERTEX_POINT('',#7026);
#2062=VERTEX_POINT('',#7028);
#2063=VERTEX_POINT('',#7030);
#2064=VERTEX_POINT('',#7032);
#2065=VERTEX_POINT('',#7034);
#2066=VERTEX_POINT('',#7036);
#2067=VERTEX_POINT('',#7038);
#2068=VERTEX_POINT('',#7040);
#2069=VERTEX_POINT('',#7042);
#2070=VERTEX_POINT('',#7045);
#2071=VERTEX_POINT('',#7046);
#2072=VERTEX_POINT('',#7048);
#2073=VERTEX_POINT('',#7050);
#2074=VERTEX_POINT('',#7055);
#2075=VERTEX_POINT('',#7060);
#2076=VERTEX_POINT('',#7067);
#2077=VERTEX_POINT('',#7068);
#2078=VERTEX_POINT('',#7078);
#2079=VERTEX_POINT('',#7081);
#2080=VERTEX_POINT('',#7082);
#2081=VERTEX_POINT('',#7084);
#2082=VERTEX_POINT('',#7086);
#2083=VERTEX_POINT('',#7090);
#2084=VERTEX_POINT('',#7094);
#2085=VERTEX_POINT('',#7096);
#2086=VERTEX_POINT('',#7098);
#2087=VERTEX_POINT('',#7100);
#2088=VERTEX_POINT('',#7102);
#2089=VERTEX_POINT('',#7104);
#2090=VERTEX_POINT('',#7106);
#2091=VERTEX_POINT('',#7110);
#2092=VERTEX_POINT('',#7114);
#2093=VERTEX_POINT('',#7115);
#2094=VERTEX_POINT('',#7117);
#2095=VERTEX_POINT('',#7119);
#2096=VERTEX_POINT('',#7122);
#2097=VERTEX_POINT('',#7124);
#2098=VERTEX_POINT('',#7126);
#2099=VERTEX_POINT('',#7130);
#2100=VERTEX_POINT('',#7136);
#2101=VERTEX_POINT('',#7138);
#2102=VERTEX_POINT('',#7142);
#2103=VERTEX_POINT('',#7144);
#2104=VERTEX_POINT('',#7148);
#2105=VERTEX_POINT('',#7149);
#2106=VERTEX_POINT('',#7151);
#2107=VERTEX_POINT('',#7153);
#2108=VERTEX_POINT('',#7158);
#2109=VERTEX_POINT('',#7162);
#2110=VERTEX_POINT('',#7164);
#2111=VERTEX_POINT('',#7168);
#2112=VERTEX_POINT('',#7170);
#2113=VERTEX_POINT('',#7176);
#2114=VERTEX_POINT('',#7178);
#2115=VERTEX_POINT('',#7182);
#2116=VERTEX_POINT('',#7183);
#2117=VERTEX_POINT('',#7186);
#2118=VERTEX_POINT('',#7188);
#2119=VERTEX_POINT('',#7190);
#2120=VERTEX_POINT('',#7192);
#2121=VERTEX_POINT('',#7194);
#2122=VERTEX_POINT('',#7198);
#2123=VERTEX_POINT('',#7202);
#2124=VERTEX_POINT('',#7203);
#2125=VERTEX_POINT('',#7205);
#2126=VERTEX_POINT('',#7207);
#2127=VERTEX_POINT('',#7209);
#2128=VERTEX_POINT('',#7211);
#2129=VERTEX_POINT('',#7214);
#2130=VERTEX_POINT('',#7218);
#2131=VERTEX_POINT('',#7223);
#2132=VERTEX_POINT('',#7224);
#2133=VERTEX_POINT('',#7226);
#2134=VERTEX_POINT('',#7228);
#2135=VERTEX_POINT('',#7234);
#2136=VERTEX_POINT('',#7236);
#2137=VERTEX_POINT('',#7240);
#2138=VERTEX_POINT('',#7242);
#2139=VERTEX_POINT('',#7246);
#2140=VERTEX_POINT('',#7247);
#2141=VERTEX_POINT('',#7252);
#2142=VERTEX_POINT('',#7254);
#2143=VERTEX_POINT('',#7274);
#2144=VERTEX_POINT('',#7275);
#2145=VERTEX_POINT('',#7277);
#2146=VERTEX_POINT('',#7279);
#2147=VERTEX_POINT('',#7281);
#2148=VERTEX_POINT('',#7284);
#2149=VERTEX_POINT('',#7287);
#2150=VERTEX_POINT('',#7289);
#2151=VERTEX_POINT('',#7291);
#2152=VERTEX_POINT('',#7293);
#2153=VERTEX_POINT('',#7297);
#2154=VERTEX_POINT('',#7301);
#2155=VERTEX_POINT('',#7302);
#2156=VERTEX_POINT('',#7304);
#2157=VERTEX_POINT('',#7306);
#2158=VERTEX_POINT('',#7308);
#2159=VERTEX_POINT('',#7311);
#2160=VERTEX_POINT('',#7314);
#2161=VERTEX_POINT('',#7316);
#2162=VERTEX_POINT('',#7318);
#2163=VERTEX_POINT('',#7336);
#2164=VERTEX_POINT('',#7338);
#2165=VERTEX_POINT('',#7342);
#2166=VERTEX_POINT('',#7346);
#2167=VERTEX_POINT('',#7374);
#2168=VERTEX_POINT('',#7376);
#2169=VERTEX_POINT('',#7380);
#2170=VERTEX_POINT('',#7384);
#2171=VERTEX_POINT('',#7390);
#2172=VERTEX_POINT('',#7394);
#2173=VERTEX_POINT('',#7398);
#2174=VERTEX_POINT('',#7428);
#2175=VERTEX_POINT('',#7430);
#2176=VERTEX_POINT('',#7434);
#2177=VERTEX_POINT('',#7438);
#2178=VERTEX_POINT('',#7448);
#2179=VERTEX_POINT('',#7450);
#2180=VERTEX_POINT('',#7454);
#2181=VERTEX_POINT('',#7464);
#2182=VERTEX_POINT('',#7499);
#2183=VERTEX_POINT('',#7500);
#2184=VERTEX_POINT('',#7502);
#2185=VERTEX_POINT('',#7504);
#2186=VERTEX_POINT('',#7508);
#2187=VERTEX_POINT('',#7509);
#2188=VERTEX_POINT('',#7511);
#2189=VERTEX_POINT('',#7513);
#2190=VERTEX_POINT('',#7515);
#2191=VERTEX_POINT('',#7517);
#2192=VERTEX_POINT('',#7519);
#2193=VERTEX_POINT('',#7522);
#2194=VERTEX_POINT('',#7526);
#2195=VERTEX_POINT('',#7530);
#2196=VERTEX_POINT('',#7531);
#2197=VERTEX_POINT('',#7533);
#2198=VERTEX_POINT('',#7535);
#2199=VERTEX_POINT('',#7538);
#2200=VERTEX_POINT('',#7540);
#2201=VERTEX_POINT('',#7542);
#2202=EDGE_CURVE('',#1794,#1795,#890,.T.);
#2203=EDGE_CURVE('',#1795,#1796,#891,.T.);
#2204=EDGE_CURVE('',#1796,#1797,#892,.T.);
#2205=EDGE_CURVE('',#1797,#1794,#893,.T.);
#2206=EDGE_CURVE('',#1798,#1796,#894,.T.);
#2207=EDGE_CURVE('',#1795,#1799,#895,.T.);
#2208=EDGE_CURVE('',#1799,#1800,#896,.T.);
#2209=EDGE_CURVE('',#1800,#1801,#897,.T.);
#2210=EDGE_CURVE('',#1801,#1802,#230,.T.);
#2211=EDGE_CURVE('',#1802,#1803,#898,.T.);
#2212=EDGE_CURVE('',#1803,#1804,#231,.T.);
#2213=EDGE_CURVE('',#1804,#1805,#899,.T.);
#2214=EDGE_CURVE('',#1805,#1798,#900,.T.);
#2215=EDGE_CURVE('',#1806,#1799,#901,.T.);
#2216=EDGE_CURVE('',#1794,#1806,#902,.T.);
#2217=EDGE_CURVE('',#1807,#1797,#903,.T.);
#2218=EDGE_CURVE('',#1808,#1807,#904,.T.);
#2219=EDGE_CURVE('',#1809,#1808,#905,.T.);
#2220=EDGE_CURVE('',#1810,#1809,#232,.T.);
#2221=EDGE_CURVE('',#1811,#1810,#906,.T.);
#2222=EDGE_CURVE('',#1812,#1811,#233,.T.);
#2223=EDGE_CURVE('',#1813,#1812,#907,.T.);
#2224=EDGE_CURVE('',#1806,#1813,#908,.T.);
#2225=EDGE_CURVE('',#1798,#1807,#909,.T.);
#2226=EDGE_CURVE('',#1805,#1808,#910,.T.);
#2227=EDGE_CURVE('',#1804,#1809,#911,.T.);
#2228=EDGE_CURVE('',#1810,#1803,#912,.T.);
#2229=EDGE_CURVE('',#1802,#1811,#913,.T.);
#2230=EDGE_CURVE('',#1812,#1801,#914,.T.);
#2231=EDGE_CURVE('',#1800,#1813,#915,.T.);
#2232=EDGE_CURVE('',#1814,#1815,#234,.T.);
#2233=EDGE_CURVE('',#1816,#1815,#916,.T.);
#2234=EDGE_CURVE('',#1817,#1816,#235,.T.);
#2235=EDGE_CURVE('',#1817,#1814,#917,.T.);
#2236=EDGE_CURVE('',#1818,#1819,#236,.T.);
#2237=EDGE_CURVE('',#1820,#1818,#918,.T.);
#2238=EDGE_CURVE('',#1820,#1821,#237,.T.);
#2239=EDGE_CURVE('',#1819,#1821,#919,.T.);
#2240=EDGE_CURVE('',#1822,#1823,#920,.T.);
#2241=EDGE_CURVE('',#1823,#1824,#238,.T.);
#2242=EDGE_CURVE('',#1824,#1825,#921,.T.);
#2243=EDGE_CURVE('',#1825,#1826,#239,.T.);
#2244=EDGE_CURVE('',#1826,#1827,#922,.T.);
#2245=EDGE_CURVE('',#1827,#1828,#923,.T.);
#2246=EDGE_CURVE('',#1828,#1829,#924,.T.);
#2247=EDGE_CURVE('',#1829,#1830,#925,.T.);
#2248=EDGE_CURVE('',#1830,#1831,#926,.T.);
#2249=EDGE_CURVE('',#1831,#1832,#240,.T.);
#2250=EDGE_CURVE('',#1832,#1833,#927,.T.);
#2251=EDGE_CURVE('',#1833,#1834,#928,.T.);
#2252=EDGE_CURVE('',#1835,#1834,#929,.T.);
#2253=EDGE_CURVE('',#1835,#1836,#241,.T.);
#2254=EDGE_CURVE('',#1836,#1837,#930,.T.);
#2255=EDGE_CURVE('',#1837,#1822,#931,.T.);
#2256=EDGE_CURVE('',#1838,#1839,#932,.T.);
#2257=EDGE_CURVE('',#1839,#1840,#933,.T.);
#2258=EDGE_CURVE('',#1840,#1841,#934,.T.);
#2259=EDGE_CURVE('',#1841,#1838,#935,.T.);
#2260=EDGE_CURVE('',#1823,#1842,#936,.T.);
#2261=EDGE_CURVE('',#1842,#1843,#242,.T.);
#2262=EDGE_CURVE('',#1843,#1824,#937,.T.);
#2263=EDGE_CURVE('',#1844,#1842,#938,.T.);
#2264=EDGE_CURVE('',#1822,#1844,#939,.T.);
#2265=EDGE_CURVE('',#1837,#1845,#940,.T.);
#2266=EDGE_CURVE('',#1845,#1844,#941,.T.);
#2267=EDGE_CURVE('',#1836,#1846,#942,.T.);
#2268=EDGE_CURVE('',#1846,#1845,#943,.T.);
#2269=EDGE_CURVE('',#1847,#1835,#944,.T.);
#2270=EDGE_CURVE('',#1847,#1846,#243,.T.);
#2271=EDGE_CURVE('',#1834,#1848,#244,.T.);
#2272=EDGE_CURVE('',#1833,#1849,#245,.T.);
#2273=EDGE_CURVE('',#1849,#1848,#945,.T.);
#2274=EDGE_CURVE('',#1832,#1850,#946,.T.);
#2275=EDGE_CURVE('',#1850,#1851,#947,.T.);
#2276=EDGE_CURVE('',#1851,#1852,#246,.T.);
#2277=EDGE_CURVE('',#1852,#1853,#948,.T.);
#2278=EDGE_CURVE('',#1853,#1854,#949,.T.);
#2279=EDGE_CURVE('',#1854,#1849,#950,.T.);
#2280=EDGE_CURVE('',#1831,#1855,#951,.T.);
#2281=EDGE_CURVE('',#1855,#1850,#247,.T.);
#2282=EDGE_CURVE('',#1856,#1855,#952,.T.);
#2283=EDGE_CURVE('',#1830,#1856,#953,.T.);
#2284=EDGE_CURVE('',#1829,#1857,#954,.T.);
#2285=EDGE_CURVE('',#1857,#1856,#955,.T.);
#2286=EDGE_CURVE('',#1858,#1859,#956,.T.);
#2287=EDGE_CURVE('',#1860,#1858,#248,.T.);
#2288=EDGE_CURVE('',#1861,#1860,#957,.T.);
#2289=EDGE_CURVE('',#1862,#1861,#249,.T.);
#2290=EDGE_CURVE('',#1857,#1862,#958,.T.);
#2291=EDGE_CURVE('',#1863,#1828,#250,.T.);
#2292=EDGE_CURVE('',#1815,#1863,#959,.T.);
#2293=EDGE_CURVE('',#1864,#1814,#960,.T.);
#2294=EDGE_CURVE('',#1865,#1864,#251,.T.);
#2295=EDGE_CURVE('',#1866,#1865,#961,.T.);
#2296=EDGE_CURVE('',#1867,#1866,#962,.T.);
#2297=EDGE_CURVE('',#1868,#1867,#963,.T.);
#2298=EDGE_CURVE('',#1859,#1868,#252,.T.);
#2299=EDGE_CURVE('',#1869,#1827,#253,.T.);
#2300=EDGE_CURVE('',#1863,#1869,#964,.T.);
#2301=EDGE_CURVE('',#1870,#1871,#965,.T.);
#2302=EDGE_CURVE('',#1871,#1872,#254,.T.);
#2303=EDGE_CURVE('',#1872,#1873,#966,.T.);
#2304=EDGE_CURVE('',#1873,#1874,#255,.T.);
#2305=EDGE_CURVE('',#1874,#1875,#967,.T.);
#2306=EDGE_CURVE('',#1875,#1876,#256,.T.);
#2307=EDGE_CURVE('',#1876,#1877,#968,.T.);
#2308=EDGE_CURVE('',#1877,#1878,#969,.T.);
#2309=EDGE_CURVE('',#1878,#1879,#970,.T.);
#2310=EDGE_CURVE('',#1879,#1880,#257,.T.);
#2311=EDGE_CURVE('',#1880,#1817,#971,.T.);
#2312=EDGE_CURVE('',#1816,#1869,#972,.T.);
#2313=EDGE_CURVE('',#1826,#1870,#973,.T.);
#2314=EDGE_CURVE('',#1870,#1881,#258,.T.);
#2315=EDGE_CURVE('',#1881,#1825,#974,.T.);
#2316=EDGE_CURVE('',#1843,#1881,#975,.T.);
#2317=EDGE_CURVE('',#1882,#1839,#976,.T.);
#2318=EDGE_CURVE('',#1883,#1882,#977,.T.);
#2319=EDGE_CURVE('',#1840,#1883,#978,.T.);
#2320=EDGE_CURVE('',#1884,#1838,#979,.T.);
#2321=EDGE_CURVE('',#1882,#1884,#980,.T.);
#2322=EDGE_CURVE('',#1884,#1885,#981,.T.);
#2323=EDGE_CURVE('',#1885,#1841,#982,.T.);
#2324=EDGE_CURVE('',#1885,#1883,#983,.T.);
#2325=EDGE_CURVE('',#1886,#1887,#984,.T.);
#2326=EDGE_CURVE('',#1887,#1888,#985,.T.);
#2327=EDGE_CURVE('',#1888,#1889,#259,.T.);
#2328=EDGE_CURVE('',#1889,#1848,#986,.T.);
#2329=EDGE_CURVE('',#1854,#1890,#260,.T.);
#2330=EDGE_CURVE('',#1890,#1891,#987,.T.);
#2331=EDGE_CURVE('',#1891,#1892,#261,.T.);
#2332=EDGE_CURVE('',#1892,#1893,#988,.T.);
#2333=EDGE_CURVE('',#1893,#1894,#989,.T.);
#2334=EDGE_CURVE('',#1894,#1895,#990,.T.);
#2335=EDGE_CURVE('',#1895,#1896,#262,.T.);
#2336=EDGE_CURVE('',#1896,#1886,#991,.T.);
#2337=EDGE_CURVE('',#1897,#1898,#992,.T.);
#2338=EDGE_CURVE('',#1898,#1899,#263,.T.);
#2339=EDGE_CURVE('',#1899,#1900,#993,.T.);
#2340=EDGE_CURVE('',#1900,#1901,#264,.T.);
#2341=EDGE_CURVE('',#1901,#1902,#994,.T.);
#2342=EDGE_CURVE('',#1902,#1903,#265,.T.);
#2343=EDGE_CURVE('',#1903,#1904,#995,.T.);
#2344=EDGE_CURVE('',#1904,#1897,#266,.T.);
#2345=EDGE_CURVE('',#1905,#1906,#996,.T.);
#2346=EDGE_CURVE('',#1906,#1907,#267,.T.);
#2347=EDGE_CURVE('',#1907,#1908,#997,.T.);
#2348=EDGE_CURVE('',#1908,#1909,#268,.T.);
#2349=EDGE_CURVE('',#1909,#1910,#998,.T.);
#2350=EDGE_CURVE('',#1910,#1911,#269,.T.);
#2351=EDGE_CURVE('',#1911,#1912,#999,.T.);
#2352=EDGE_CURVE('',#1912,#1905,#270,.T.);
#2353=EDGE_CURVE('',#1913,#1914,#271,.T.);
#2354=EDGE_CURVE('',#1914,#1915,#1000,.T.);
#2355=EDGE_CURVE('',#1915,#1916,#272,.T.);
#2356=EDGE_CURVE('',#1916,#1917,#1001,.T.);
#2357=EDGE_CURVE('',#1917,#1918,#273,.T.);
#2358=EDGE_CURVE('',#1918,#1919,#1002,.T.);
#2359=EDGE_CURVE('',#1919,#1920,#274,.T.);
#2360=EDGE_CURVE('',#1920,#1913,#1003,.T.);
#2361=EDGE_CURVE('',#1921,#1853,#275,.T.);
#2362=EDGE_CURVE('',#1922,#1921,#276,.T.);
#2363=EDGE_CURVE('',#1923,#1922,#277,.T.);
#2364=EDGE_CURVE('',#1890,#1923,#1004,.T.);
#2365=EDGE_CURVE('',#1921,#1924,#1005,.T.);
#2366=EDGE_CURVE('',#1925,#1852,#1006,.T.);
#2367=EDGE_CURVE('',#1926,#1925,#1007,.T.);
#2368=EDGE_CURVE('',#1927,#1926,#278,.T.);
#2369=EDGE_CURVE('',#1928,#1927,#1008,.T.);
#2370=EDGE_CURVE('',#1929,#1928,#1009,.T.);
#2371=EDGE_CURVE('',#1930,#1929,#1010,.T.);
#2372=EDGE_CURVE('',#1931,#1930,#279,.T.);
#2373=EDGE_CURVE('',#1932,#1931,#1011,.T.);
#2374=EDGE_CURVE('',#1933,#1932,#1012,.T.);
#2375=EDGE_CURVE('',#1934,#1933,#1013,.T.);
#2376=EDGE_CURVE('',#1935,#1934,#280,.T.);
#2377=EDGE_CURVE('',#1936,#1935,#1014,.T.);
#2378=EDGE_CURVE('',#1937,#1936,#281,.T.);
#2379=EDGE_CURVE('',#1938,#1937,#1015,.T.);
#2380=EDGE_CURVE('',#1939,#1938,#282,.T.);
#2381=EDGE_CURVE('',#1940,#1939,#1016,.T.);
#2382=EDGE_CURVE('',#1941,#1940,#283,.T.);
#2383=EDGE_CURVE('',#1942,#1941,#1017,.T.);
#2384=EDGE_CURVE('',#1924,#1942,#284,.T.);
#2385=EDGE_CURVE('',#1943,#1847,#1018,.T.);
#2386=EDGE_CURVE('',#1851,#1943,#1019,.T.);
#2387=EDGE_CURVE('',#1871,#1862,#1020,.T.);
#2388=EDGE_CURVE('',#1868,#1876,#1021,.T.);
#2389=EDGE_CURVE('',#1875,#1859,#1022,.T.);
#2390=EDGE_CURVE('',#1874,#1858,#1023,.T.);
#2391=EDGE_CURVE('',#1860,#1873,#1024,.T.);
#2392=EDGE_CURVE('',#1872,#1861,#1025,.T.);
#2393=EDGE_CURVE('',#1880,#1864,#1026,.T.);
#2394=EDGE_CURVE('',#1865,#1879,#1027,.T.);
#2395=EDGE_CURVE('',#1878,#1866,#285,.T.);
#2396=EDGE_CURVE('',#1877,#1867,#286,.T.);
#2397=EDGE_CURVE('',#1898,#1944,#1028,.T.);
#2398=EDGE_CURVE('',#1944,#1945,#287,.T.);
#2399=EDGE_CURVE('',#1945,#1899,#1029,.T.);
#2400=EDGE_CURVE('',#1946,#1897,#1030,.T.);
#2401=EDGE_CURVE('',#1944,#1946,#1031,.T.);
#2402=EDGE_CURVE('',#1904,#1947,#1032,.T.);
#2403=EDGE_CURVE('',#1947,#1946,#288,.T.);
#2404=EDGE_CURVE('',#1948,#1903,#1033,.T.);
#2405=EDGE_CURVE('',#1947,#1948,#1034,.T.);
#2406=EDGE_CURVE('',#1902,#1949,#1035,.T.);
#2407=EDGE_CURVE('',#1949,#1948,#289,.T.);
#2408=EDGE_CURVE('',#1950,#1901,#1036,.T.);
#2409=EDGE_CURVE('',#1949,#1950,#1037,.T.);
#2410=EDGE_CURVE('',#1900,#1951,#1038,.T.);
#2411=EDGE_CURVE('',#1951,#1950,#290,.T.);
#2412=EDGE_CURVE('',#1951,#1945,#1039,.T.);
#2413=EDGE_CURVE('',#1952,#1907,#1040,.T.);
#2414=EDGE_CURVE('',#1906,#1953,#1041,.T.);
#2415=EDGE_CURVE('',#1953,#1952,#291,.T.);
#2416=EDGE_CURVE('',#1954,#1905,#1042,.T.);
#2417=EDGE_CURVE('',#1953,#1954,#1043,.T.);
#2418=EDGE_CURVE('',#1912,#1955,#1044,.T.);
#2419=EDGE_CURVE('',#1955,#1954,#292,.T.);
#2420=EDGE_CURVE('',#1956,#1911,#1045,.T.);
#2421=EDGE_CURVE('',#1955,#1956,#1046,.T.);
#2422=EDGE_CURVE('',#1910,#1957,#1047,.T.);
#2423=EDGE_CURVE('',#1957,#1956,#293,.T.);
#2424=EDGE_CURVE('',#1958,#1909,#1048,.T.);
#2425=EDGE_CURVE('',#1957,#1958,#1049,.T.);
#2426=EDGE_CURVE('',#1908,#1959,#1050,.T.);
#2427=EDGE_CURVE('',#1959,#1958,#294,.T.);
#2428=EDGE_CURVE('',#1959,#1952,#1051,.T.);
#2429=EDGE_CURVE('',#1914,#1960,#1052,.T.);
#2430=EDGE_CURVE('',#1960,#1961,#1053,.T.);
#2431=EDGE_CURVE('',#1961,#1915,#1054,.T.);
#2432=EDGE_CURVE('',#1960,#1962,#295,.T.);
#2433=EDGE_CURVE('',#1962,#1913,#1055,.T.);
#2434=EDGE_CURVE('',#1963,#1962,#1056,.T.);
#2435=EDGE_CURVE('',#1920,#1963,#1057,.T.);
#2436=EDGE_CURVE('',#1963,#1964,#296,.T.);
#2437=EDGE_CURVE('',#1964,#1919,#1058,.T.);
#2438=EDGE_CURVE('',#1965,#1964,#1059,.T.);
#2439=EDGE_CURVE('',#1918,#1965,#1060,.T.);
#2440=EDGE_CURVE('',#1965,#1966,#297,.T.);
#2441=EDGE_CURVE('',#1966,#1917,#1061,.T.);
#2442=EDGE_CURVE('',#1967,#1966,#1062,.T.);
#2443=EDGE_CURVE('',#1916,#1967,#1063,.T.);
#2444=EDGE_CURVE('',#1967,#1961,#298,.T.);
#2445=EDGE_CURVE('',#1927,#1888,#1064,.T.);
#2446=EDGE_CURVE('',#1887,#1928,#1065,.T.);
#2447=EDGE_CURVE('',#1886,#1929,#1066,.T.);
#2448=EDGE_CURVE('',#1896,#1930,#1067,.T.);
#2449=EDGE_CURVE('',#1931,#1895,#1068,.T.);
#2450=EDGE_CURVE('',#1968,#1969,#1069,.T.);
#2451=EDGE_CURVE('',#1969,#1932,#299,.T.);
#2452=EDGE_CURVE('',#1894,#1970,#300,.T.);
#2453=EDGE_CURVE('',#1971,#1970,#1070,.T.);
#2454=EDGE_CURVE('',#1971,#1968,#1071,.T.);
#2455=EDGE_CURVE('',#1893,#1972,#301,.T.);
#2456=EDGE_CURVE('',#1972,#1970,#1072,.T.);
#2457=EDGE_CURVE('',#1892,#1934,#1073,.T.);
#2458=EDGE_CURVE('',#1933,#1973,#302,.T.);
#2459=EDGE_CURVE('',#1973,#1974,#1074,.T.);
#2460=EDGE_CURVE('',#1974,#1975,#1075,.T.);
#2461=EDGE_CURVE('',#1975,#1972,#1076,.T.);
#2462=EDGE_CURVE('',#1935,#1976,#303,.T.);
#2463=EDGE_CURVE('',#1977,#1891,#1077,.T.);
#2464=EDGE_CURVE('',#1976,#1977,#304,.T.);
#2465=EDGE_CURVE('',#1923,#1977,#1078,.T.);
#2466=EDGE_CURVE('',#1889,#1926,#1079,.T.);
#2467=EDGE_CURVE('',#1925,#1943,#305,.T.);
#2468=EDGE_CURVE('',#1921,#1922,#1080,.T.);
#2469=EDGE_CURVE('',#1976,#1922,#1081,.T.);
#2470=EDGE_CURVE('',#1978,#1979,#1082,.T.);
#2471=EDGE_CURVE('',#1978,#1980,#1083,.T.);
#2472=EDGE_CURVE('',#1980,#1981,#1084,.T.);
#2473=EDGE_CURVE('',#1982,#1981,#1085,.T.);
#2474=EDGE_CURVE('',#1982,#1983,#1086,.T.);
#2475=EDGE_CURVE('',#1983,#1984,#1087,.T.);
#2476=EDGE_CURVE('',#1985,#1984,#1088,.T.);
#2477=EDGE_CURVE('',#1986,#1985,#1089,.T.);
#2478=EDGE_CURVE('',#1936,#1986,#1090,.T.);
#2479=EDGE_CURVE('',#1976,#1935,#1091,.T.);
#2480=EDGE_CURVE('',#1987,#1924,#1092,.T.);
#2481=EDGE_CURVE('',#1979,#1987,#1093,.T.);
#2482=EDGE_CURVE('',#1973,#1969,#1094,.T.);
#2483=EDGE_CURVE('',#1988,#1989,#1095,.T.);
#2484=EDGE_CURVE('',#1990,#1988,#1096,.T.);
#2485=EDGE_CURVE('',#1991,#1990,#1097,.T.);
#2486=EDGE_CURVE('',#1992,#1991,#1098,.T.);
#2487=EDGE_CURVE('',#1993,#1992,#1099,.T.);
#2488=EDGE_CURVE('',#1994,#1993,#1100,.T.);
#2489=EDGE_CURVE('',#1938,#1994,#1101,.T.);
#2490=EDGE_CURVE('',#1995,#1937,#1102,.T.);
#2491=EDGE_CURVE('',#1989,#1995,#1103,.T.);
#2492=EDGE_CURVE('',#1996,#1997,#1104,.T.);
#2493=EDGE_CURVE('',#1996,#1998,#1105,.T.);
#2494=EDGE_CURVE('',#1999,#1998,#1106,.T.);
#2495=EDGE_CURVE('',#1999,#2000,#1107,.T.);
#2496=EDGE_CURVE('',#2001,#2000,#1108,.T.);
#2497=EDGE_CURVE('',#1940,#2001,#1109,.T.);
#2498=EDGE_CURVE('',#1997,#1939,#1110,.T.);
#2499=EDGE_CURVE('',#2002,#2003,#1111,.T.);
#2500=EDGE_CURVE('',#2004,#2003,#1112,.T.);
#2501=EDGE_CURVE('',#2005,#2004,#1113,.T.);
#2502=EDGE_CURVE('',#2002,#2005,#1114,.T.);
#2503=EDGE_CURVE('',#2006,#2007,#1115,.T.);
#2504=EDGE_CURVE('',#2008,#2006,#1116,.T.);
#2505=EDGE_CURVE('',#2009,#2008,#1117,.T.);
#2506=EDGE_CURVE('',#2007,#2009,#1118,.T.);
#2507=EDGE_CURVE('',#2010,#2011,#1119,.T.);
#2508=EDGE_CURVE('',#2012,#2010,#1120,.T.);
#2509=EDGE_CURVE('',#2013,#2012,#1121,.T.);
#2510=EDGE_CURVE('',#2014,#2013,#1122,.T.);
#2511=EDGE_CURVE('',#2015,#2014,#1123,.T.);
#2512=EDGE_CURVE('',#2016,#2015,#1124,.T.);
#2513=EDGE_CURVE('',#1942,#2016,#1125,.T.);
#2514=EDGE_CURVE('',#2017,#1941,#1126,.T.);
#2515=EDGE_CURVE('',#2011,#2017,#1127,.T.);
#2516=EDGE_CURVE('',#2018,#1945,#306,.T.);
#2517=EDGE_CURVE('',#1944,#2019,#307,.T.);
#2518=EDGE_CURVE('',#2018,#2019,#21,.T.);
#2519=EDGE_CURVE('',#1946,#2020,#308,.T.);
#2520=EDGE_CURVE('',#2019,#2020,#1128,.T.);
#2521=EDGE_CURVE('',#1947,#2021,#309,.T.);
#2522=EDGE_CURVE('',#2020,#2021,#22,.T.);
#2523=EDGE_CURVE('',#1948,#2022,#310,.T.);
#2524=EDGE_CURVE('',#2022,#2021,#1129,.T.);
#2525=EDGE_CURVE('',#1949,#2023,#311,.T.);
#2526=EDGE_CURVE('',#2023,#2022,#312,.T.);
#2527=EDGE_CURVE('',#1950,#2024,#313,.T.);
#2528=EDGE_CURVE('',#2024,#2023,#1130,.T.);
#2529=EDGE_CURVE('',#1951,#2025,#314,.T.);
#2530=EDGE_CURVE('',#2025,#2024,#315,.T.);
#2531=EDGE_CURVE('',#2018,#2025,#1131,.T.);
#2532=EDGE_CURVE('',#1953,#2026,#316,.T.);
#2533=EDGE_CURVE('',#2027,#2026,#317,.T.);
#2534=EDGE_CURVE('',#2027,#1952,#318,.T.);
#2535=EDGE_CURVE('',#1954,#2028,#319,.T.);
#2536=EDGE_CURVE('',#2028,#2026,#1132,.T.);
#2537=EDGE_CURVE('',#1955,#2029,#320,.T.);
#2538=EDGE_CURVE('',#2029,#2028,#321,.T.);
#2539=EDGE_CURVE('',#1956,#2030,#322,.T.);
#2540=EDGE_CURVE('',#2030,#2029,#1133,.T.);
#2541=EDGE_CURVE('',#1957,#2031,#323,.T.);
#2542=EDGE_CURVE('',#2031,#2030,#324,.T.);
#2543=EDGE_CURVE('',#1958,#2032,#325,.T.);
#2544=EDGE_CURVE('',#2032,#2031,#1134,.T.);
#2545=EDGE_CURVE('',#1959,#2033,#326,.T.);
#2546=EDGE_CURVE('',#2033,#2032,#327,.T.);
#2547=EDGE_CURVE('',#2027,#2033,#1135,.T.);
#2548=EDGE_CURVE('',#2034,#2035,#328,.T.);
#2549=EDGE_CURVE('',#2034,#2036,#1136,.T.);
#2550=EDGE_CURVE('',#2037,#2036,#329,.T.);
#2551=EDGE_CURVE('',#2037,#2038,#1137,.T.);
#2552=EDGE_CURVE('',#2039,#2038,#330,.T.);
#2553=EDGE_CURVE('',#2039,#2040,#1138,.T.);
#2554=EDGE_CURVE('',#2041,#2040,#331,.T.);
#2555=EDGE_CURVE('',#2041,#2035,#1139,.T.);
#2556=EDGE_CURVE('',#1971,#2042,#332,.T.);
#2557=EDGE_CURVE('',#2042,#2043,#1140,.T.);
#2558=EDGE_CURVE('',#2043,#1968,#333,.T.);
#2559=EDGE_CURVE('',#2044,#2045,#1141,.T.);
#2560=EDGE_CURVE('',#2045,#2046,#1142,.T.);
#2561=EDGE_CURVE('',#2046,#2047,#1143,.T.);
#2562=EDGE_CURVE('',#2047,#2048,#1144,.T.);
#2563=EDGE_CURVE('',#2048,#2049,#1145,.T.);
#2564=EDGE_CURVE('',#2049,#2050,#334,.T.);
#2565=EDGE_CURVE('',#2050,#2051,#1146,.T.);
#2566=EDGE_CURVE('',#2051,#2052,#335,.T.);
#2567=EDGE_CURVE('',#2052,#2053,#1147,.T.);
#2568=EDGE_CURVE('',#2053,#2054,#1148,.T.);
#2569=EDGE_CURVE('',#2054,#2042,#1149,.T.);
#2570=EDGE_CURVE('',#1975,#2044,#336,.T.);
#2571=EDGE_CURVE('',#2055,#2056,#1150,.T.);
#2572=EDGE_CURVE('',#2056,#2057,#1151,.T.);
#2573=EDGE_CURVE('',#2057,#2058,#1152,.T.);
#2574=EDGE_CURVE('',#2058,#2055,#1153,.T.);
#2575=EDGE_CURVE('',#1974,#2059,#337,.T.);
#2576=EDGE_CURVE('',#2059,#2044,#1154,.T.);
#2577=EDGE_CURVE('',#2059,#2060,#1155,.T.);
#2578=EDGE_CURVE('',#2061,#2043,#1156,.T.);
#2579=EDGE_CURVE('',#2062,#2061,#1157,.T.);
#2580=EDGE_CURVE('',#2063,#2062,#1158,.T.);
#2581=EDGE_CURVE('',#2064,#2063,#338,.T.);
#2582=EDGE_CURVE('',#2065,#2064,#1159,.T.);
#2583=EDGE_CURVE('',#2066,#2065,#339,.T.);
#2584=EDGE_CURVE('',#2067,#2066,#1160,.T.);
#2585=EDGE_CURVE('',#2068,#2067,#1161,.T.);
#2586=EDGE_CURVE('',#2069,#2068,#1162,.T.);
#2587=EDGE_CURVE('',#2060,#2069,#1163,.T.);
#2588=EDGE_CURVE('',#2070,#2071,#1164,.T.);
#2589=EDGE_CURVE('',#2072,#2070,#1165,.T.);
#2590=EDGE_CURVE('',#2073,#2072,#1166,.T.);
#2591=EDGE_CURVE('',#2071,#2073,#1167,.T.);
#2592=EDGE_CURVE('',#2074,#2015,#1168,.T.);
#2593=EDGE_CURVE('',#1979,#2074,#1169,.T.);
#2594=EDGE_CURVE('',#2016,#1987,#340,.T.);
#2595=EDGE_CURVE('',#2075,#2074,#1170,.T.);
#2596=EDGE_CURVE('',#2075,#1978,#1171,.T.);
#2597=EDGE_CURVE('',#1999,#1981,#1172,.T.);
#2598=EDGE_CURVE('',#1982,#1998,#1173,.T.);
#2599=EDGE_CURVE('',#2076,#2077,#1174,.T.);
#2600=EDGE_CURVE('',#1985,#2076,#1175,.T.);
#2601=EDGE_CURVE('',#1984,#2077,#1176,.T.);
#2602=EDGE_CURVE('',#1989,#2076,#1177,.T.);
#2603=EDGE_CURVE('',#1986,#1995,#341,.T.);
#2604=EDGE_CURVE('',#2077,#2078,#1178,.T.);
#2605=EDGE_CURVE('',#1988,#2078,#342,.T.);
#2606=EDGE_CURVE('',#2079,#2080,#1179,.T.);
#2607=EDGE_CURVE('',#2081,#2079,#1180,.T.);
#2608=EDGE_CURVE('',#2082,#2081,#1181,.T.);
#2609=EDGE_CURVE('',#2080,#2082,#1182,.T.);
#2610=EDGE_CURVE('',#2078,#2083,#1183,.T.);
#2611=EDGE_CURVE('',#2083,#1990,#343,.T.);
#2612=EDGE_CURVE('',#2083,#2084,#1184,.T.);
#2613=EDGE_CURVE('',#2085,#2084,#344,.T.);
#2614=EDGE_CURVE('',#2086,#2085,#1185,.T.);
#2615=EDGE_CURVE('',#2087,#2086,#345,.T.);
#2616=EDGE_CURVE('',#2088,#2087,#1186,.T.);
#2617=EDGE_CURVE('',#2089,#2088,#346,.T.);
#2618=EDGE_CURVE('',#2090,#2089,#1187,.T.);
#2619=EDGE_CURVE('',#1991,#2090,#1188,.T.);
#2620=EDGE_CURVE('',#2090,#2091,#1189,.T.);
#2621=EDGE_CURVE('',#2091,#1992,#1190,.T.);
#2622=EDGE_CURVE('',#2092,#2093,#1191,.T.);
#2623=EDGE_CURVE('',#2094,#2092,#347,.T.);
#2624=EDGE_CURVE('',#2094,#2095,#1192,.T.);
#2625=EDGE_CURVE('',#1993,#2095,#348,.T.);
#2626=EDGE_CURVE('',#2096,#2091,#1193,.T.);
#2627=EDGE_CURVE('',#2097,#2096,#349,.T.);
#2628=EDGE_CURVE('',#2098,#2097,#1194,.T.);
#2629=EDGE_CURVE('',#2093,#2098,#350,.T.);
#2630=EDGE_CURVE('',#2095,#2099,#1195,.T.);
#2631=EDGE_CURVE('',#2099,#1994,#351,.T.);
#2632=EDGE_CURVE('',#1994,#1997,#352,.T.);
#2633=EDGE_CURVE('',#2100,#2002,#1196,.T.);
#2634=EDGE_CURVE('',#2005,#2101,#1197,.T.);
#2635=EDGE_CURVE('',#2101,#2100,#1198,.T.);
#2636=EDGE_CURVE('',#2102,#2004,#1199,.T.);
#2637=EDGE_CURVE('',#2003,#2103,#1200,.T.);
#2638=EDGE_CURVE('',#2103,#2102,#1201,.T.);
#2639=EDGE_CURVE('',#2104,#2105,#1202,.T.);
#2640=EDGE_CURVE('',#2106,#2104,#1203,.T.);
#2641=EDGE_CURVE('',#2107,#2106,#353,.T.);
#2642=EDGE_CURVE('',#2007,#2107,#1204,.T.);
#2643=EDGE_CURVE('',#2105,#2009,#1205,.T.);
#2644=EDGE_CURVE('',#2108,#2008,#1206,.T.);
#2645=EDGE_CURVE('',#2108,#2105,#1207,.T.);
#2646=EDGE_CURVE('',#2109,#1996,#354,.T.);
#2647=EDGE_CURVE('',#1997,#2110,#355,.T.);
#2648=EDGE_CURVE('',#2110,#2109,#1208,.T.);
#2649=EDGE_CURVE('',#2000,#2111,#356,.T.);
#2650=EDGE_CURVE('',#2111,#2112,#1209,.T.);
#2651=EDGE_CURVE('',#2112,#2001,#357,.T.);
#2652=EDGE_CURVE('',#2001,#2017,#358,.T.);
#2653=EDGE_CURVE('',#2113,#2011,#359,.T.);
#2654=EDGE_CURVE('',#2017,#2114,#360,.T.);
#2655=EDGE_CURVE('',#2114,#2113,#1210,.T.);
#2656=EDGE_CURVE('',#2115,#2116,#1211,.T.);
#2657=EDGE_CURVE('',#2010,#2115,#1212,.T.);
#2658=EDGE_CURVE('',#2117,#2113,#1213,.T.);
#2659=EDGE_CURVE('',#2118,#2117,#361,.T.);
#2660=EDGE_CURVE('',#2119,#2118,#1214,.T.);
#2661=EDGE_CURVE('',#2120,#2119,#362,.T.);
#2662=EDGE_CURVE('',#2121,#2120,#1215,.T.);
#2663=EDGE_CURVE('',#2116,#2121,#363,.T.);
#2664=EDGE_CURVE('',#2115,#2122,#1216,.T.);
#2665=EDGE_CURVE('',#2122,#2012,#1217,.T.);
#2666=EDGE_CURVE('',#2123,#2124,#1218,.T.);
#2667=EDGE_CURVE('',#2125,#2123,#364,.T.);
#2668=EDGE_CURVE('',#2126,#2125,#1219,.T.);
#2669=EDGE_CURVE('',#2127,#2126,#365,.T.);
#2670=EDGE_CURVE('',#2128,#2127,#1220,.T.);
#2671=EDGE_CURVE('',#2013,#2128,#366,.T.);
#2672=EDGE_CURVE('',#2129,#2122,#1221,.T.);
#2673=EDGE_CURVE('',#2124,#2129,#367,.T.);
#2674=EDGE_CURVE('',#2130,#2014,#368,.T.);
#2675=EDGE_CURVE('',#2128,#2130,#1222,.T.);
#2676=EDGE_CURVE('',#2075,#2130,#1223,.T.);
#2677=EDGE_CURVE('',#2131,#2132,#1224,.T.);
#2678=EDGE_CURVE('',#2133,#2131,#1225,.T.);
#2679=EDGE_CURVE('',#2134,#2133,#1226,.T.);
#2680=EDGE_CURVE('',#2132,#2134,#1227,.T.);
#2681=EDGE_CURVE('',#2135,#2034,#1228,.T.);
#2682=EDGE_CURVE('',#2136,#2135,#1229,.T.);
#2683=EDGE_CURVE('',#2036,#2136,#1230,.T.);
#2684=EDGE_CURVE('',#2035,#2137,#1231,.T.);
#2685=EDGE_CURVE('',#2138,#2041,#1232,.T.);
#2686=EDGE_CURVE('',#2137,#2138,#1233,.T.);
#2687=EDGE_CURVE('',#2139,#2140,#1234,.T.);
#2688=EDGE_CURVE('',#2040,#2139,#1235,.T.);
#2689=EDGE_CURVE('',#2140,#2039,#1236,.T.);
#2690=EDGE_CURVE('',#2141,#2037,#1237,.T.);
#2691=EDGE_CURVE('',#2142,#2141,#1238,.T.);
#2692=EDGE_CURVE('',#2038,#2142,#1239,.T.);
#2693=EDGE_CURVE('',#2054,#2061,#1240,.T.);
#2694=EDGE_CURVE('',#2045,#2060,#1241,.T.);
#2695=EDGE_CURVE('',#2069,#2046,#1242,.T.);
#2696=EDGE_CURVE('',#2053,#2062,#1243,.T.);
#2697=EDGE_CURVE('',#2052,#2063,#1244,.T.);
#2698=EDGE_CURVE('',#2051,#2064,#1245,.T.);
#2699=EDGE_CURVE('',#2050,#2065,#1246,.T.);
#2700=EDGE_CURVE('',#2066,#2049,#1247,.T.);
#2701=EDGE_CURVE('',#2143,#2144,#1248,.T.);
#2702=EDGE_CURVE('',#2144,#2145,#1249,.T.);
#2703=EDGE_CURVE('',#2145,#2146,#1250,.T.);
#2704=EDGE_CURVE('',#2146,#2147,#369,.T.);
#2705=EDGE_CURVE('',#2147,#1818,#1251,.T.);
#2706=EDGE_CURVE('',#1819,#2148,#1252,.T.);
#2707=EDGE_CURVE('',#2148,#2067,#370,.T.);
#2708=EDGE_CURVE('',#2048,#2149,#371,.T.);
#2709=EDGE_CURVE('',#2149,#2150,#1253,.T.);
#2710=EDGE_CURVE('',#2150,#2151,#372,.T.);
#2711=EDGE_CURVE('',#2151,#2152,#1254,.T.);
#2712=EDGE_CURVE('',#2152,#2143,#373,.T.);
#2713=EDGE_CURVE('',#2153,#2047,#374,.T.);
#2714=EDGE_CURVE('',#2149,#2153,#1255,.T.);
#2715=EDGE_CURVE('',#2154,#2155,#1256,.T.);
#2716=EDGE_CURVE('',#2156,#2154,#375,.T.);
#2717=EDGE_CURVE('',#2157,#2156,#1257,.T.);
#2718=EDGE_CURVE('',#2158,#2157,#376,.T.);
#2719=EDGE_CURVE('',#2153,#2158,#1258,.T.);
#2720=EDGE_CURVE('',#2159,#2068,#377,.T.);
#2721=EDGE_CURVE('',#1821,#2159,#1259,.T.);
#2722=EDGE_CURVE('',#2160,#1820,#1260,.T.);
#2723=EDGE_CURVE('',#2161,#2160,#378,.T.);
#2724=EDGE_CURVE('',#2162,#2161,#1261,.T.);
#2725=EDGE_CURVE('',#2155,#2162,#1262,.T.);
#2726=EDGE_CURVE('',#2057,#2070,#1263,.T.);
#2727=EDGE_CURVE('',#2072,#2056,#1264,.T.);
#2728=EDGE_CURVE('',#2073,#2055,#1265,.T.);
#2729=EDGE_CURVE('',#2071,#2058,#1266,.T.);
#2730=EDGE_CURVE('',#2148,#2159,#1267,.T.);
#2731=EDGE_CURVE('',#1983,#2109,#1268,.T.);
#2732=EDGE_CURVE('',#2111,#1980,#1269,.T.);
#2733=EDGE_CURVE('',#2163,#2080,#379,.T.);
#2734=EDGE_CURVE('',#2082,#2164,#380,.T.);
#2735=EDGE_CURVE('',#2164,#2163,#1270,.T.);
#2736=EDGE_CURVE('',#2163,#2165,#1271,.T.);
#2737=EDGE_CURVE('',#2165,#2079,#1272,.T.);
#2738=EDGE_CURVE('',#2165,#2166,#1273,.T.);
#2739=EDGE_CURVE('',#2166,#2081,#1274,.T.);
#2740=EDGE_CURVE('',#2166,#2164,#1275,.T.);
#2741=EDGE_CURVE('',#2092,#2085,#1276,.T.);
#2742=EDGE_CURVE('',#2084,#2094,#1277,.T.);
#2743=EDGE_CURVE('',#2093,#2086,#1278,.T.);
#2744=EDGE_CURVE('',#2087,#2098,#1279,.T.);
#2745=EDGE_CURVE('',#2097,#2088,#1280,.T.);
#2746=EDGE_CURVE('',#2096,#2089,#1281,.T.);
#2747=EDGE_CURVE('',#2099,#2110,#381,.T.);
#2748=EDGE_CURVE('',#2167,#2100,#382,.T.);
#2749=EDGE_CURVE('',#2168,#2167,#1282,.T.);
#2750=EDGE_CURVE('',#2103,#2168,#1283,.T.);
#2751=EDGE_CURVE('',#2101,#2169,#383,.T.);
#2752=EDGE_CURVE('',#2169,#2167,#1284,.T.);
#2753=EDGE_CURVE('',#2102,#2170,#1285,.T.);
#2754=EDGE_CURVE('',#2170,#2169,#1286,.T.);
#2755=EDGE_CURVE('',#2168,#2170,#1287,.T.);
#2756=EDGE_CURVE('',#2171,#2108,#1288,.T.);
#2757=EDGE_CURVE('',#2171,#2104,#1289,.T.);
#2758=EDGE_CURVE('',#2171,#2172,#1290,.T.);
#2759=EDGE_CURVE('',#2172,#2106,#1291,.T.);
#2760=EDGE_CURVE('',#2173,#2107,#1292,.T.);
#2761=EDGE_CURVE('',#2172,#2173,#384,.T.);
#2762=EDGE_CURVE('',#2173,#2006,#1293,.T.);
#2763=EDGE_CURVE('',#2112,#2114,#385,.T.);
#2764=EDGE_CURVE('',#2117,#2127,#1294,.T.);
#2765=EDGE_CURVE('',#2121,#2124,#1295,.T.);
#2766=EDGE_CURVE('',#2129,#2116,#1296,.T.);
#2767=EDGE_CURVE('',#2126,#2118,#1297,.T.);
#2768=EDGE_CURVE('',#2125,#2119,#1298,.T.);
#2769=EDGE_CURVE('',#2120,#2123,#1299,.T.);
#2770=EDGE_CURVE('',#2174,#2132,#386,.T.);
#2771=EDGE_CURVE('',#2134,#2175,#387,.T.);
#2772=EDGE_CURVE('',#2175,#2174,#1300,.T.);
#2773=EDGE_CURVE('',#2174,#2176,#1301,.T.);
#2774=EDGE_CURVE('',#2176,#2131,#1302,.T.);
#2775=EDGE_CURVE('',#2177,#2133,#1303,.T.);
#2776=EDGE_CURVE('',#2176,#2177,#1304,.T.);
#2777=EDGE_CURVE('',#2177,#2175,#1305,.T.);
#2778=EDGE_CURVE('',#2136,#2141,#388,.T.);
#2779=EDGE_CURVE('',#2137,#2135,#389,.T.);
#2780=EDGE_CURVE('',#2135,#2178,#390,.T.);
#2781=EDGE_CURVE('',#2179,#2178,#1306,.T.);
#2782=EDGE_CURVE('',#2179,#2136,#391,.T.);
#2783=EDGE_CURVE('',#2180,#2178,#1307,.T.);
#2784=EDGE_CURVE('',#2178,#2137,#392,.T.);
#2785=EDGE_CURVE('',#2138,#2180,#393,.T.);
#2786=EDGE_CURVE('',#2139,#2138,#394,.T.);
#2787=EDGE_CURVE('',#2142,#2140,#395,.T.);
#2788=EDGE_CURVE('',#2180,#2139,#396,.T.);
#2789=EDGE_CURVE('',#2140,#2181,#397,.T.);
#2790=EDGE_CURVE('',#2181,#2180,#1308,.T.);
#2791=EDGE_CURVE('',#2179,#2181,#1309,.T.);
#2792=EDGE_CURVE('',#2181,#2142,#398,.T.);
#2793=EDGE_CURVE('',#2141,#2179,#399,.T.);
#2794=EDGE_CURVE('',#2144,#2155,#400,.T.);
#2795=EDGE_CURVE('',#2162,#2145,#401,.T.);
#2796=EDGE_CURVE('',#2143,#2154,#1310,.T.);
#2797=EDGE_CURVE('',#2156,#2152,#1311,.T.);
#2798=EDGE_CURVE('',#2151,#2157,#1312,.T.);
#2799=EDGE_CURVE('',#2150,#2158,#1313,.T.);
#2800=EDGE_CURVE('',#2147,#2160,#1314,.T.);
#2801=EDGE_CURVE('',#2146,#2161,#1315,.T.);
#2802=EDGE_CURVE('',#2182,#2183,#1316,.T.);
#2803=EDGE_CURVE('',#2183,#2184,#1317,.T.);
#2804=EDGE_CURVE('',#2184,#2185,#1318,.T.);
#2805=EDGE_CURVE('',#2185,#2182,#1319,.T.);
#2806=EDGE_CURVE('',#2186,#2187,#1320,.T.);
#2807=EDGE_CURVE('',#2188,#2186,#402,.T.);
#2808=EDGE_CURVE('',#2189,#2188,#1321,.T.);
#2809=EDGE_CURVE('',#2190,#2189,#403,.T.);
#2810=EDGE_CURVE('',#2191,#2190,#1322,.T.);
#2811=EDGE_CURVE('',#2192,#2191,#1323,.T.);
#2812=EDGE_CURVE('',#2184,#2192,#1324,.T.);
#2813=EDGE_CURVE('',#2193,#2183,#1325,.T.);
#2814=EDGE_CURVE('',#2187,#2193,#1326,.T.);
#2815=EDGE_CURVE('',#2194,#2193,#1327,.T.);
#2816=EDGE_CURVE('',#2182,#2194,#1328,.T.);
#2817=EDGE_CURVE('',#2195,#2196,#1329,.T.);
#2818=EDGE_CURVE('',#2196,#2197,#404,.T.);
#2819=EDGE_CURVE('',#2197,#2198,#1330,.T.);
#2820=EDGE_CURVE('',#2198,#2194,#1331,.T.);
#2821=EDGE_CURVE('',#2185,#2199,#1332,.T.);
#2822=EDGE_CURVE('',#2199,#2200,#1333,.T.);
#2823=EDGE_CURVE('',#2200,#2201,#1334,.T.);
#2824=EDGE_CURVE('',#2201,#2195,#405,.T.);
#2825=EDGE_CURVE('',#2192,#2199,#1335,.T.);
#2826=EDGE_CURVE('',#2198,#2187,#1336,.T.);
#2827=EDGE_CURVE('',#2197,#2186,#1337,.T.);
#2828=EDGE_CURVE('',#2188,#2196,#1338,.T.);
#2829=EDGE_CURVE('',#2195,#2189,#1339,.T.);
#2830=EDGE_CURVE('',#2190,#2201,#1340,.T.);
#2831=EDGE_CURVE('',#2200,#2191,#1341,.T.);
#2832=ORIENTED_EDGE('',*,*,#2202,.T.);
#2833=ORIENTED_EDGE('',*,*,#2203,.T.);
#2834=ORIENTED_EDGE('',*,*,#2204,.T.);
#2835=ORIENTED_EDGE('',*,*,#2205,.T.);
#2836=ORIENTED_EDGE('',*,*,#2206,.T.);
#2837=ORIENTED_EDGE('',*,*,#2203,.F.);
#2838=ORIENTED_EDGE('',*,*,#2207,.T.);
#2839=ORIENTED_EDGE('',*,*,#2208,.T.);
#2840=ORIENTED_EDGE('',*,*,#2209,.T.);
#2841=ORIENTED_EDGE('',*,*,#2210,.T.);
#2842=ORIENTED_EDGE('',*,*,#2211,.T.);
#2843=ORIENTED_EDGE('',*,*,#2212,.T.);
#2844=ORIENTED_EDGE('',*,*,#2213,.T.);
#2845=ORIENTED_EDGE('',*,*,#2214,.T.);
#2846=ORIENTED_EDGE('',*,*,#2215,.T.);
#2847=ORIENTED_EDGE('',*,*,#2207,.F.);
#2848=ORIENTED_EDGE('',*,*,#2202,.F.);
#2849=ORIENTED_EDGE('',*,*,#2216,.T.);
#2850=ORIENTED_EDGE('',*,*,#2217,.F.);
#2851=ORIENTED_EDGE('',*,*,#2218,.F.);
#2852=ORIENTED_EDGE('',*,*,#2219,.F.);
#2853=ORIENTED_EDGE('',*,*,#2220,.F.);
#2854=ORIENTED_EDGE('',*,*,#2221,.F.);
#2855=ORIENTED_EDGE('',*,*,#2222,.F.);
#2856=ORIENTED_EDGE('',*,*,#2223,.F.);
#2857=ORIENTED_EDGE('',*,*,#2224,.F.);
#2858=ORIENTED_EDGE('',*,*,#2216,.F.);
#2859=ORIENTED_EDGE('',*,*,#2205,.F.);
#2860=ORIENTED_EDGE('',*,*,#2206,.F.);
#2861=ORIENTED_EDGE('',*,*,#2225,.T.);
#2862=ORIENTED_EDGE('',*,*,#2217,.T.);
#2863=ORIENTED_EDGE('',*,*,#2204,.F.);
#2864=ORIENTED_EDGE('',*,*,#2226,.T.);
#2865=ORIENTED_EDGE('',*,*,#2218,.T.);
#2866=ORIENTED_EDGE('',*,*,#2225,.F.);
#2867=ORIENTED_EDGE('',*,*,#2214,.F.);
#2868=ORIENTED_EDGE('',*,*,#2213,.F.);
#2869=ORIENTED_EDGE('',*,*,#2227,.T.);
#2870=ORIENTED_EDGE('',*,*,#2219,.T.);
#2871=ORIENTED_EDGE('',*,*,#2226,.F.);
#2872=ORIENTED_EDGE('',*,*,#2220,.T.);
#2873=ORIENTED_EDGE('',*,*,#2227,.F.);
#2874=ORIENTED_EDGE('',*,*,#2212,.F.);
#2875=ORIENTED_EDGE('',*,*,#2228,.F.);
#2876=ORIENTED_EDGE('',*,*,#2211,.F.);
#2877=ORIENTED_EDGE('',*,*,#2229,.T.);
#2878=ORIENTED_EDGE('',*,*,#2221,.T.);
#2879=ORIENTED_EDGE('',*,*,#2228,.T.);
#2880=ORIENTED_EDGE('',*,*,#2222,.T.);
#2881=ORIENTED_EDGE('',*,*,#2229,.F.);
#2882=ORIENTED_EDGE('',*,*,#2210,.F.);
#2883=ORIENTED_EDGE('',*,*,#2230,.F.);
#2884=ORIENTED_EDGE('',*,*,#2223,.T.);
#2885=ORIENTED_EDGE('',*,*,#2230,.T.);
#2886=ORIENTED_EDGE('',*,*,#2209,.F.);
#2887=ORIENTED_EDGE('',*,*,#2231,.T.);
#2888=ORIENTED_EDGE('',*,*,#2231,.F.);
#2889=ORIENTED_EDGE('',*,*,#2208,.F.);
#2890=ORIENTED_EDGE('',*,*,#2215,.F.);
#2891=ORIENTED_EDGE('',*,*,#2224,.T.);
#2892=ORIENTED_EDGE('',*,*,#2232,.T.);
#2893=ORIENTED_EDGE('',*,*,#2233,.F.);
#2894=ORIENTED_EDGE('',*,*,#2234,.F.);
#2895=ORIENTED_EDGE('',*,*,#2235,.T.);
#2896=ORIENTED_EDGE('',*,*,#2236,.F.);
#2897=ORIENTED_EDGE('',*,*,#2237,.F.);
#2898=ORIENTED_EDGE('',*,*,#2238,.T.);
#2899=ORIENTED_EDGE('',*,*,#2239,.F.);
#2900=ORIENTED_EDGE('',*,*,#2240,.T.);
#2901=ORIENTED_EDGE('',*,*,#2241,.T.);
#2902=ORIENTED_EDGE('',*,*,#2242,.T.);
#2903=ORIENTED_EDGE('',*,*,#2243,.T.);
#2904=ORIENTED_EDGE('',*,*,#2244,.T.);
#2905=ORIENTED_EDGE('',*,*,#2245,.T.);
#2906=ORIENTED_EDGE('',*,*,#2246,.T.);
#2907=ORIENTED_EDGE('',*,*,#2247,.T.);
#2908=ORIENTED_EDGE('',*,*,#2248,.T.);
#2909=ORIENTED_EDGE('',*,*,#2249,.T.);
#2910=ORIENTED_EDGE('',*,*,#2250,.T.);
#2911=ORIENTED_EDGE('',*,*,#2251,.T.);
#2912=ORIENTED_EDGE('',*,*,#2252,.F.);
#2913=ORIENTED_EDGE('',*,*,#2253,.T.);
#2914=ORIENTED_EDGE('',*,*,#2254,.T.);
#2915=ORIENTED_EDGE('',*,*,#2255,.T.);
#2916=ORIENTED_EDGE('',*,*,#2256,.T.);
#2917=ORIENTED_EDGE('',*,*,#2257,.T.);
#2918=ORIENTED_EDGE('',*,*,#2258,.T.);
#2919=ORIENTED_EDGE('',*,*,#2259,.T.);
#2920=ORIENTED_EDGE('',*,*,#2241,.F.);
#2921=ORIENTED_EDGE('',*,*,#2260,.T.);
#2922=ORIENTED_EDGE('',*,*,#2261,.T.);
#2923=ORIENTED_EDGE('',*,*,#2262,.T.);
#2924=ORIENTED_EDGE('',*,*,#2263,.T.);
#2925=ORIENTED_EDGE('',*,*,#2260,.F.);
#2926=ORIENTED_EDGE('',*,*,#2240,.F.);
#2927=ORIENTED_EDGE('',*,*,#2264,.T.);
#2928=ORIENTED_EDGE('',*,*,#2264,.F.);
#2929=ORIENTED_EDGE('',*,*,#2255,.F.);
#2930=ORIENTED_EDGE('',*,*,#2265,.T.);
#2931=ORIENTED_EDGE('',*,*,#2266,.T.);
#2932=ORIENTED_EDGE('',*,*,#2254,.F.);
#2933=ORIENTED_EDGE('',*,*,#2267,.T.);
#2934=ORIENTED_EDGE('',*,*,#2268,.T.);
#2935=ORIENTED_EDGE('',*,*,#2265,.F.);
#2936=ORIENTED_EDGE('',*,*,#2253,.F.);
#2937=ORIENTED_EDGE('',*,*,#2269,.F.);
#2938=ORIENTED_EDGE('',*,*,#2270,.T.);
#2939=ORIENTED_EDGE('',*,*,#2267,.F.);
#2940=ORIENTED_EDGE('',*,*,#2271,.F.);
#2941=ORIENTED_EDGE('',*,*,#2251,.F.);
#2942=ORIENTED_EDGE('',*,*,#2272,.T.);
#2943=ORIENTED_EDGE('',*,*,#2273,.T.);
#2944=ORIENTED_EDGE('',*,*,#2250,.F.);
#2945=ORIENTED_EDGE('',*,*,#2274,.T.);
#2946=ORIENTED_EDGE('',*,*,#2275,.T.);
#2947=ORIENTED_EDGE('',*,*,#2276,.T.);
#2948=ORIENTED_EDGE('',*,*,#2277,.T.);
#2949=ORIENTED_EDGE('',*,*,#2278,.T.);
#2950=ORIENTED_EDGE('',*,*,#2279,.T.);
#2951=ORIENTED_EDGE('',*,*,#2272,.F.);
#2952=ORIENTED_EDGE('',*,*,#2249,.F.);
#2953=ORIENTED_EDGE('',*,*,#2280,.T.);
#2954=ORIENTED_EDGE('',*,*,#2281,.T.);
#2955=ORIENTED_EDGE('',*,*,#2274,.F.);
#2956=ORIENTED_EDGE('',*,*,#2282,.T.);
#2957=ORIENTED_EDGE('',*,*,#2280,.F.);
#2958=ORIENTED_EDGE('',*,*,#2248,.F.);
#2959=ORIENTED_EDGE('',*,*,#2283,.T.);
#2960=ORIENTED_EDGE('',*,*,#2247,.F.);
#2961=ORIENTED_EDGE('',*,*,#2284,.T.);
#2962=ORIENTED_EDGE('',*,*,#2285,.T.);
#2963=ORIENTED_EDGE('',*,*,#2283,.F.);
#2964=ORIENTED_EDGE('',*,*,#2286,.F.);
#2965=ORIENTED_EDGE('',*,*,#2287,.F.);
#2966=ORIENTED_EDGE('',*,*,#2288,.F.);
#2967=ORIENTED_EDGE('',*,*,#2289,.F.);
#2968=ORIENTED_EDGE('',*,*,#2290,.F.);
#2969=ORIENTED_EDGE('',*,*,#2284,.F.);
#2970=ORIENTED_EDGE('',*,*,#2246,.F.);
#2971=ORIENTED_EDGE('',*,*,#2291,.F.);
#2972=ORIENTED_EDGE('',*,*,#2292,.F.);
#2973=ORIENTED_EDGE('',*,*,#2232,.F.);
#2974=ORIENTED_EDGE('',*,*,#2293,.F.);
#2975=ORIENTED_EDGE('',*,*,#2294,.F.);
#2976=ORIENTED_EDGE('',*,*,#2295,.F.);
#2977=ORIENTED_EDGE('',*,*,#2296,.F.);
#2978=ORIENTED_EDGE('',*,*,#2297,.F.);
#2979=ORIENTED_EDGE('',*,*,#2298,.F.);
#2980=ORIENTED_EDGE('',*,*,#2299,.F.);
#2981=ORIENTED_EDGE('',*,*,#2300,.F.);
#2982=ORIENTED_EDGE('',*,*,#2291,.T.);
#2983=ORIENTED_EDGE('',*,*,#2245,.F.);
#2984=ORIENTED_EDGE('',*,*,#2301,.T.);
#2985=ORIENTED_EDGE('',*,*,#2302,.T.);
#2986=ORIENTED_EDGE('',*,*,#2303,.T.);
#2987=ORIENTED_EDGE('',*,*,#2304,.T.);
#2988=ORIENTED_EDGE('',*,*,#2305,.T.);
#2989=ORIENTED_EDGE('',*,*,#2306,.T.);
#2990=ORIENTED_EDGE('',*,*,#2307,.T.);
#2991=ORIENTED_EDGE('',*,*,#2308,.T.);
#2992=ORIENTED_EDGE('',*,*,#2309,.T.);
#2993=ORIENTED_EDGE('',*,*,#2310,.T.);
#2994=ORIENTED_EDGE('',*,*,#2311,.T.);
#2995=ORIENTED_EDGE('',*,*,#2234,.T.);
#2996=ORIENTED_EDGE('',*,*,#2312,.T.);
#2997=ORIENTED_EDGE('',*,*,#2299,.T.);
#2998=ORIENTED_EDGE('',*,*,#2244,.F.);
#2999=ORIENTED_EDGE('',*,*,#2313,.T.);
#3000=ORIENTED_EDGE('',*,*,#2314,.F.);
#3001=ORIENTED_EDGE('',*,*,#2313,.F.);
#3002=ORIENTED_EDGE('',*,*,#2243,.F.);
#3003=ORIENTED_EDGE('',*,*,#2315,.F.);
#3004=ORIENTED_EDGE('',*,*,#2316,.T.);
#3005=ORIENTED_EDGE('',*,*,#2315,.T.);
#3006=ORIENTED_EDGE('',*,*,#2242,.F.);
#3007=ORIENTED_EDGE('',*,*,#2262,.F.);
#3008=ORIENTED_EDGE('',*,*,#2317,.F.);
#3009=ORIENTED_EDGE('',*,*,#2318,.F.);
#3010=ORIENTED_EDGE('',*,*,#2319,.F.);
#3011=ORIENTED_EDGE('',*,*,#2257,.F.);
#3012=ORIENTED_EDGE('',*,*,#2320,.F.);
#3013=ORIENTED_EDGE('',*,*,#2321,.F.);
#3014=ORIENTED_EDGE('',*,*,#2317,.T.);
#3015=ORIENTED_EDGE('',*,*,#2256,.F.);
#3016=ORIENTED_EDGE('',*,*,#2322,.F.);
#3017=ORIENTED_EDGE('',*,*,#2320,.T.);
#3018=ORIENTED_EDGE('',*,*,#2259,.F.);
#3019=ORIENTED_EDGE('',*,*,#2323,.F.);
#3020=ORIENTED_EDGE('',*,*,#2319,.T.);
#3021=ORIENTED_EDGE('',*,*,#2324,.F.);
#3022=ORIENTED_EDGE('',*,*,#2323,.T.);
#3023=ORIENTED_EDGE('',*,*,#2258,.F.);
#3024=ORIENTED_EDGE('',*,*,#2325,.T.);
#3025=ORIENTED_EDGE('',*,*,#2326,.T.);
#3026=ORIENTED_EDGE('',*,*,#2327,.T.);
#3027=ORIENTED_EDGE('',*,*,#2328,.T.);
#3028=ORIENTED_EDGE('',*,*,#2273,.F.);
#3029=ORIENTED_EDGE('',*,*,#2279,.F.);
#3030=ORIENTED_EDGE('',*,*,#2329,.T.);
#3031=ORIENTED_EDGE('',*,*,#2330,.T.);
#3032=ORIENTED_EDGE('',*,*,#2331,.T.);
#3033=ORIENTED_EDGE('',*,*,#2332,.T.);
#3034=ORIENTED_EDGE('',*,*,#2333,.T.);
#3035=ORIENTED_EDGE('',*,*,#2334,.T.);
#3036=ORIENTED_EDGE('',*,*,#2335,.T.);
#3037=ORIENTED_EDGE('',*,*,#2336,.T.);
#3038=ORIENTED_EDGE('',*,*,#2337,.T.);
#3039=ORIENTED_EDGE('',*,*,#2338,.T.);
#3040=ORIENTED_EDGE('',*,*,#2339,.T.);
#3041=ORIENTED_EDGE('',*,*,#2340,.T.);
#3042=ORIENTED_EDGE('',*,*,#2341,.T.);
#3043=ORIENTED_EDGE('',*,*,#2342,.T.);
#3044=ORIENTED_EDGE('',*,*,#2343,.T.);
#3045=ORIENTED_EDGE('',*,*,#2344,.T.);
#3046=ORIENTED_EDGE('',*,*,#2345,.T.);
#3047=ORIENTED_EDGE('',*,*,#2346,.T.);
#3048=ORIENTED_EDGE('',*,*,#2347,.T.);
#3049=ORIENTED_EDGE('',*,*,#2348,.T.);
#3050=ORIENTED_EDGE('',*,*,#2349,.T.);
#3051=ORIENTED_EDGE('',*,*,#2350,.T.);
#3052=ORIENTED_EDGE('',*,*,#2351,.T.);
#3053=ORIENTED_EDGE('',*,*,#2352,.T.);
#3054=ORIENTED_EDGE('',*,*,#2353,.T.);
#3055=ORIENTED_EDGE('',*,*,#2354,.T.);
#3056=ORIENTED_EDGE('',*,*,#2355,.T.);
#3057=ORIENTED_EDGE('',*,*,#2356,.T.);
#3058=ORIENTED_EDGE('',*,*,#2357,.T.);
#3059=ORIENTED_EDGE('',*,*,#2358,.T.);
#3060=ORIENTED_EDGE('',*,*,#2359,.T.);
#3061=ORIENTED_EDGE('',*,*,#2360,.T.);
#3062=ORIENTED_EDGE('',*,*,#2278,.F.);
#3063=ORIENTED_EDGE('',*,*,#2361,.F.);
#3064=ORIENTED_EDGE('',*,*,#2362,.F.);
#3065=ORIENTED_EDGE('',*,*,#2363,.F.);
#3066=ORIENTED_EDGE('',*,*,#2364,.F.);
#3067=ORIENTED_EDGE('',*,*,#2329,.F.);
#3068=ORIENTED_EDGE('',*,*,#2365,.F.);
#3069=ORIENTED_EDGE('',*,*,#2361,.T.);
#3070=ORIENTED_EDGE('',*,*,#2277,.F.);
#3071=ORIENTED_EDGE('',*,*,#2366,.F.);
#3072=ORIENTED_EDGE('',*,*,#2367,.F.);
#3073=ORIENTED_EDGE('',*,*,#2368,.F.);
#3074=ORIENTED_EDGE('',*,*,#2369,.F.);
#3075=ORIENTED_EDGE('',*,*,#2370,.F.);
#3076=ORIENTED_EDGE('',*,*,#2371,.F.);
#3077=ORIENTED_EDGE('',*,*,#2372,.F.);
#3078=ORIENTED_EDGE('',*,*,#2373,.F.);
#3079=ORIENTED_EDGE('',*,*,#2374,.F.);
#3080=ORIENTED_EDGE('',*,*,#2375,.F.);
#3081=ORIENTED_EDGE('',*,*,#2376,.F.);
#3082=ORIENTED_EDGE('',*,*,#2377,.F.);
#3083=ORIENTED_EDGE('',*,*,#2378,.F.);
#3084=ORIENTED_EDGE('',*,*,#2379,.F.);
#3085=ORIENTED_EDGE('',*,*,#2380,.F.);
#3086=ORIENTED_EDGE('',*,*,#2381,.F.);
#3087=ORIENTED_EDGE('',*,*,#2382,.F.);
#3088=ORIENTED_EDGE('',*,*,#2383,.F.);
#3089=ORIENTED_EDGE('',*,*,#2384,.F.);
#3090=ORIENTED_EDGE('',*,*,#2301,.F.);
#3091=ORIENTED_EDGE('',*,*,#2314,.T.);
#3092=ORIENTED_EDGE('',*,*,#2316,.F.);
#3093=ORIENTED_EDGE('',*,*,#2261,.F.);
#3094=ORIENTED_EDGE('',*,*,#2263,.F.);
#3095=ORIENTED_EDGE('',*,*,#2266,.F.);
#3096=ORIENTED_EDGE('',*,*,#2268,.F.);
#3097=ORIENTED_EDGE('',*,*,#2270,.F.);
#3098=ORIENTED_EDGE('',*,*,#2385,.F.);
#3099=ORIENTED_EDGE('',*,*,#2386,.F.);
#3100=ORIENTED_EDGE('',*,*,#2275,.F.);
#3101=ORIENTED_EDGE('',*,*,#2281,.F.);
#3102=ORIENTED_EDGE('',*,*,#2282,.F.);
#3103=ORIENTED_EDGE('',*,*,#2285,.F.);
#3104=ORIENTED_EDGE('',*,*,#2290,.T.);
#3105=ORIENTED_EDGE('',*,*,#2387,.F.);
#3106=ORIENTED_EDGE('',*,*,#2324,.T.);
#3107=ORIENTED_EDGE('',*,*,#2318,.T.);
#3108=ORIENTED_EDGE('',*,*,#2321,.T.);
#3109=ORIENTED_EDGE('',*,*,#2322,.T.);
#3110=ORIENTED_EDGE('',*,*,#2298,.T.);
#3111=ORIENTED_EDGE('',*,*,#2388,.T.);
#3112=ORIENTED_EDGE('',*,*,#2306,.F.);
#3113=ORIENTED_EDGE('',*,*,#2389,.T.);
#3114=ORIENTED_EDGE('',*,*,#2286,.T.);
#3115=ORIENTED_EDGE('',*,*,#2389,.F.);
#3116=ORIENTED_EDGE('',*,*,#2305,.F.);
#3117=ORIENTED_EDGE('',*,*,#2390,.T.);
#3118=ORIENTED_EDGE('',*,*,#2304,.F.);
#3119=ORIENTED_EDGE('',*,*,#2391,.F.);
#3120=ORIENTED_EDGE('',*,*,#2287,.T.);
#3121=ORIENTED_EDGE('',*,*,#2390,.F.);
#3122=ORIENTED_EDGE('',*,*,#2303,.F.);
#3123=ORIENTED_EDGE('',*,*,#2392,.T.);
#3124=ORIENTED_EDGE('',*,*,#2288,.T.);
#3125=ORIENTED_EDGE('',*,*,#2391,.T.);
#3126=ORIENTED_EDGE('',*,*,#2289,.T.);
#3127=ORIENTED_EDGE('',*,*,#2392,.F.);
#3128=ORIENTED_EDGE('',*,*,#2302,.F.);
#3129=ORIENTED_EDGE('',*,*,#2387,.T.);
#3130=ORIENTED_EDGE('',*,*,#2312,.F.);
#3131=ORIENTED_EDGE('',*,*,#2233,.T.);
#3132=ORIENTED_EDGE('',*,*,#2292,.T.);
#3133=ORIENTED_EDGE('',*,*,#2300,.T.);
#3134=ORIENTED_EDGE('',*,*,#2293,.T.);
#3135=ORIENTED_EDGE('',*,*,#2235,.F.);
#3136=ORIENTED_EDGE('',*,*,#2311,.F.);
#3137=ORIENTED_EDGE('',*,*,#2393,.T.);
#3138=ORIENTED_EDGE('',*,*,#2310,.F.);
#3139=ORIENTED_EDGE('',*,*,#2394,.F.);
#3140=ORIENTED_EDGE('',*,*,#2294,.T.);
#3141=ORIENTED_EDGE('',*,*,#2393,.F.);
#3142=ORIENTED_EDGE('',*,*,#2295,.T.);
#3143=ORIENTED_EDGE('',*,*,#2394,.T.);
#3144=ORIENTED_EDGE('',*,*,#2309,.F.);
#3145=ORIENTED_EDGE('',*,*,#2395,.T.);
#3146=ORIENTED_EDGE('',*,*,#2308,.F.);
#3147=ORIENTED_EDGE('',*,*,#2396,.T.);
#3148=ORIENTED_EDGE('',*,*,#2296,.T.);
#3149=ORIENTED_EDGE('',*,*,#2395,.F.);
#3150=ORIENTED_EDGE('',*,*,#2307,.F.);
#3151=ORIENTED_EDGE('',*,*,#2388,.F.);
#3152=ORIENTED_EDGE('',*,*,#2297,.T.);
#3153=ORIENTED_EDGE('',*,*,#2396,.F.);
#3154=ORIENTED_EDGE('',*,*,#2397,.T.);
#3155=ORIENTED_EDGE('',*,*,#2398,.T.);
#3156=ORIENTED_EDGE('',*,*,#2399,.T.);
#3157=ORIENTED_EDGE('',*,*,#2338,.F.);
#3158=ORIENTED_EDGE('',*,*,#2397,.F.);
#3159=ORIENTED_EDGE('',*,*,#2337,.F.);
#3160=ORIENTED_EDGE('',*,*,#2400,.F.);
#3161=ORIENTED_EDGE('',*,*,#2401,.F.);
#3162=ORIENTED_EDGE('',*,*,#2402,.T.);
#3163=ORIENTED_EDGE('',*,*,#2403,.T.);
#3164=ORIENTED_EDGE('',*,*,#2400,.T.);
#3165=ORIENTED_EDGE('',*,*,#2344,.F.);
#3166=ORIENTED_EDGE('',*,*,#2402,.F.);
#3167=ORIENTED_EDGE('',*,*,#2343,.F.);
#3168=ORIENTED_EDGE('',*,*,#2404,.F.);
#3169=ORIENTED_EDGE('',*,*,#2405,.F.);
#3170=ORIENTED_EDGE('',*,*,#2406,.T.);
#3171=ORIENTED_EDGE('',*,*,#2407,.T.);
#3172=ORIENTED_EDGE('',*,*,#2404,.T.);
#3173=ORIENTED_EDGE('',*,*,#2342,.F.);
#3174=ORIENTED_EDGE('',*,*,#2406,.F.);
#3175=ORIENTED_EDGE('',*,*,#2341,.F.);
#3176=ORIENTED_EDGE('',*,*,#2408,.F.);
#3177=ORIENTED_EDGE('',*,*,#2409,.F.);
#3178=ORIENTED_EDGE('',*,*,#2410,.T.);
#3179=ORIENTED_EDGE('',*,*,#2411,.T.);
#3180=ORIENTED_EDGE('',*,*,#2408,.T.);
#3181=ORIENTED_EDGE('',*,*,#2340,.F.);
#3182=ORIENTED_EDGE('',*,*,#2410,.F.);
#3183=ORIENTED_EDGE('',*,*,#2339,.F.);
#3184=ORIENTED_EDGE('',*,*,#2399,.F.);
#3185=ORIENTED_EDGE('',*,*,#2412,.F.);
#3186=ORIENTED_EDGE('',*,*,#2413,.T.);
#3187=ORIENTED_EDGE('',*,*,#2346,.F.);
#3188=ORIENTED_EDGE('',*,*,#2414,.T.);
#3189=ORIENTED_EDGE('',*,*,#2415,.T.);
#3190=ORIENTED_EDGE('',*,*,#2416,.F.);
#3191=ORIENTED_EDGE('',*,*,#2417,.F.);
#3192=ORIENTED_EDGE('',*,*,#2414,.F.);
#3193=ORIENTED_EDGE('',*,*,#2345,.F.);
#3194=ORIENTED_EDGE('',*,*,#2416,.T.);
#3195=ORIENTED_EDGE('',*,*,#2352,.F.);
#3196=ORIENTED_EDGE('',*,*,#2418,.T.);
#3197=ORIENTED_EDGE('',*,*,#2419,.T.);
#3198=ORIENTED_EDGE('',*,*,#2420,.F.);
#3199=ORIENTED_EDGE('',*,*,#2421,.F.);
#3200=ORIENTED_EDGE('',*,*,#2418,.F.);
#3201=ORIENTED_EDGE('',*,*,#2351,.F.);
#3202=ORIENTED_EDGE('',*,*,#2420,.T.);
#3203=ORIENTED_EDGE('',*,*,#2350,.F.);
#3204=ORIENTED_EDGE('',*,*,#2422,.T.);
#3205=ORIENTED_EDGE('',*,*,#2423,.T.);
#3206=ORIENTED_EDGE('',*,*,#2424,.F.);
#3207=ORIENTED_EDGE('',*,*,#2425,.F.);
#3208=ORIENTED_EDGE('',*,*,#2422,.F.);
#3209=ORIENTED_EDGE('',*,*,#2349,.F.);
#3210=ORIENTED_EDGE('',*,*,#2424,.T.);
#3211=ORIENTED_EDGE('',*,*,#2348,.F.);
#3212=ORIENTED_EDGE('',*,*,#2426,.T.);
#3213=ORIENTED_EDGE('',*,*,#2427,.T.);
#3214=ORIENTED_EDGE('',*,*,#2413,.F.);
#3215=ORIENTED_EDGE('',*,*,#2428,.F.);
#3216=ORIENTED_EDGE('',*,*,#2426,.F.);
#3217=ORIENTED_EDGE('',*,*,#2347,.F.);
#3218=ORIENTED_EDGE('',*,*,#2354,.F.);
#3219=ORIENTED_EDGE('',*,*,#2429,.T.);
#3220=ORIENTED_EDGE('',*,*,#2430,.T.);
#3221=ORIENTED_EDGE('',*,*,#2431,.T.);
#3222=ORIENTED_EDGE('',*,*,#2432,.F.);
#3223=ORIENTED_EDGE('',*,*,#2429,.F.);
#3224=ORIENTED_EDGE('',*,*,#2353,.F.);
#3225=ORIENTED_EDGE('',*,*,#2433,.F.);
#3226=ORIENTED_EDGE('',*,*,#2434,.T.);
#3227=ORIENTED_EDGE('',*,*,#2433,.T.);
#3228=ORIENTED_EDGE('',*,*,#2360,.F.);
#3229=ORIENTED_EDGE('',*,*,#2435,.T.);
#3230=ORIENTED_EDGE('',*,*,#2436,.F.);
#3231=ORIENTED_EDGE('',*,*,#2435,.F.);
#3232=ORIENTED_EDGE('',*,*,#2359,.F.);
#3233=ORIENTED_EDGE('',*,*,#2437,.F.);
#3234=ORIENTED_EDGE('',*,*,#2438,.T.);
#3235=ORIENTED_EDGE('',*,*,#2437,.T.);
#3236=ORIENTED_EDGE('',*,*,#2358,.F.);
#3237=ORIENTED_EDGE('',*,*,#2439,.T.);
#3238=ORIENTED_EDGE('',*,*,#2440,.F.);
#3239=ORIENTED_EDGE('',*,*,#2439,.F.);
#3240=ORIENTED_EDGE('',*,*,#2357,.F.);
#3241=ORIENTED_EDGE('',*,*,#2441,.F.);
#3242=ORIENTED_EDGE('',*,*,#2442,.T.);
#3243=ORIENTED_EDGE('',*,*,#2441,.T.);
#3244=ORIENTED_EDGE('',*,*,#2356,.F.);
#3245=ORIENTED_EDGE('',*,*,#2443,.T.);
#3246=ORIENTED_EDGE('',*,*,#2444,.F.);
#3247=ORIENTED_EDGE('',*,*,#2443,.F.);
#3248=ORIENTED_EDGE('',*,*,#2355,.F.);
#3249=ORIENTED_EDGE('',*,*,#2431,.F.);
#3250=ORIENTED_EDGE('',*,*,#2369,.T.);
#3251=ORIENTED_EDGE('',*,*,#2445,.T.);
#3252=ORIENTED_EDGE('',*,*,#2326,.F.);
#3253=ORIENTED_EDGE('',*,*,#2446,.T.);
#3254=ORIENTED_EDGE('',*,*,#2446,.F.);
#3255=ORIENTED_EDGE('',*,*,#2325,.F.);
#3256=ORIENTED_EDGE('',*,*,#2447,.T.);
#3257=ORIENTED_EDGE('',*,*,#2370,.T.);
#3258=ORIENTED_EDGE('',*,*,#2371,.T.);
#3259=ORIENTED_EDGE('',*,*,#2447,.F.);
#3260=ORIENTED_EDGE('',*,*,#2336,.F.);
#3261=ORIENTED_EDGE('',*,*,#2448,.T.);
#3262=ORIENTED_EDGE('',*,*,#2372,.T.);
#3263=ORIENTED_EDGE('',*,*,#2448,.F.);
#3264=ORIENTED_EDGE('',*,*,#2335,.F.);
#3265=ORIENTED_EDGE('',*,*,#2449,.F.);
#3266=ORIENTED_EDGE('',*,*,#2450,.T.);
#3267=ORIENTED_EDGE('',*,*,#2451,.T.);
#3268=ORIENTED_EDGE('',*,*,#2373,.T.);
#3269=ORIENTED_EDGE('',*,*,#2449,.T.);
#3270=ORIENTED_EDGE('',*,*,#2334,.F.);
#3271=ORIENTED_EDGE('',*,*,#2452,.T.);
#3272=ORIENTED_EDGE('',*,*,#2453,.F.);
#3273=ORIENTED_EDGE('',*,*,#2454,.T.);
#3274=ORIENTED_EDGE('',*,*,#2452,.F.);
#3275=ORIENTED_EDGE('',*,*,#2333,.F.);
#3276=ORIENTED_EDGE('',*,*,#2455,.T.);
#3277=ORIENTED_EDGE('',*,*,#2456,.T.);
#3278=ORIENTED_EDGE('',*,*,#2455,.F.);
#3279=ORIENTED_EDGE('',*,*,#2332,.F.);
#3280=ORIENTED_EDGE('',*,*,#2457,.T.);
#3281=ORIENTED_EDGE('',*,*,#2375,.T.);
#3282=ORIENTED_EDGE('',*,*,#2458,.T.);
#3283=ORIENTED_EDGE('',*,*,#2459,.T.);
#3284=ORIENTED_EDGE('',*,*,#2460,.T.);
#3285=ORIENTED_EDGE('',*,*,#2461,.T.);
#3286=ORIENTED_EDGE('',*,*,#2462,.F.);
#3287=ORIENTED_EDGE('',*,*,#2376,.T.);
#3288=ORIENTED_EDGE('',*,*,#2457,.F.);
#3289=ORIENTED_EDGE('',*,*,#2331,.F.);
#3290=ORIENTED_EDGE('',*,*,#2463,.F.);
#3291=ORIENTED_EDGE('',*,*,#2464,.F.);
#3292=ORIENTED_EDGE('',*,*,#2330,.F.);
#3293=ORIENTED_EDGE('',*,*,#2364,.T.);
#3294=ORIENTED_EDGE('',*,*,#2465,.T.);
#3295=ORIENTED_EDGE('',*,*,#2463,.T.);
#3296=ORIENTED_EDGE('',*,*,#2385,.T.);
#3297=ORIENTED_EDGE('',*,*,#2269,.T.);
#3298=ORIENTED_EDGE('',*,*,#2252,.T.);
#3299=ORIENTED_EDGE('',*,*,#2271,.T.);
#3300=ORIENTED_EDGE('',*,*,#2328,.F.);
#3301=ORIENTED_EDGE('',*,*,#2466,.T.);
#3302=ORIENTED_EDGE('',*,*,#2367,.T.);
#3303=ORIENTED_EDGE('',*,*,#2467,.T.);
#3304=ORIENTED_EDGE('',*,*,#2368,.T.);
#3305=ORIENTED_EDGE('',*,*,#2466,.F.);
#3306=ORIENTED_EDGE('',*,*,#2327,.F.);
#3307=ORIENTED_EDGE('',*,*,#2445,.F.);
#3308=ORIENTED_EDGE('',*,*,#2362,.T.);
#3309=ORIENTED_EDGE('',*,*,#2468,.T.);
#3310=ORIENTED_EDGE('',*,*,#2464,.T.);
#3311=ORIENTED_EDGE('',*,*,#2465,.F.);
#3312=ORIENTED_EDGE('',*,*,#2363,.T.);
#3313=ORIENTED_EDGE('',*,*,#2469,.F.);
#3314=ORIENTED_EDGE('',*,*,#2470,.F.);
#3315=ORIENTED_EDGE('',*,*,#2471,.T.);
#3316=ORIENTED_EDGE('',*,*,#2472,.T.);
#3317=ORIENTED_EDGE('',*,*,#2473,.F.);
#3318=ORIENTED_EDGE('',*,*,#2474,.T.);
#3319=ORIENTED_EDGE('',*,*,#2475,.T.);
#3320=ORIENTED_EDGE('',*,*,#2476,.F.);
#3321=ORIENTED_EDGE('',*,*,#2477,.F.);
#3322=ORIENTED_EDGE('',*,*,#2478,.F.);
#3323=ORIENTED_EDGE('',*,*,#2377,.T.);
#3324=ORIENTED_EDGE('',*,*,#2479,.F.);
#3325=ORIENTED_EDGE('',*,*,#2469,.T.);
#3326=ORIENTED_EDGE('',*,*,#2468,.F.);
#3327=ORIENTED_EDGE('',*,*,#2365,.T.);
#3328=ORIENTED_EDGE('',*,*,#2480,.F.);
#3329=ORIENTED_EDGE('',*,*,#2481,.F.);
#3330=ORIENTED_EDGE('',*,*,#2276,.F.);
#3331=ORIENTED_EDGE('',*,*,#2386,.T.);
#3332=ORIENTED_EDGE('',*,*,#2467,.F.);
#3333=ORIENTED_EDGE('',*,*,#2366,.T.);
#3334=ORIENTED_EDGE('',*,*,#2458,.F.);
#3335=ORIENTED_EDGE('',*,*,#2374,.T.);
#3336=ORIENTED_EDGE('',*,*,#2451,.F.);
#3337=ORIENTED_EDGE('',*,*,#2482,.F.);
#3338=ORIENTED_EDGE('',*,*,#2483,.F.);
#3339=ORIENTED_EDGE('',*,*,#2484,.F.);
#3340=ORIENTED_EDGE('',*,*,#2485,.F.);
#3341=ORIENTED_EDGE('',*,*,#2486,.F.);
#3342=ORIENTED_EDGE('',*,*,#2487,.F.);
#3343=ORIENTED_EDGE('',*,*,#2488,.F.);
#3344=ORIENTED_EDGE('',*,*,#2489,.F.);
#3345=ORIENTED_EDGE('',*,*,#2379,.T.);
#3346=ORIENTED_EDGE('',*,*,#2490,.F.);
#3347=ORIENTED_EDGE('',*,*,#2491,.F.);
#3348=ORIENTED_EDGE('',*,*,#2492,.F.);
#3349=ORIENTED_EDGE('',*,*,#2493,.T.);
#3350=ORIENTED_EDGE('',*,*,#2494,.F.);
#3351=ORIENTED_EDGE('',*,*,#2495,.T.);
#3352=ORIENTED_EDGE('',*,*,#2496,.F.);
#3353=ORIENTED_EDGE('',*,*,#2497,.F.);
#3354=ORIENTED_EDGE('',*,*,#2381,.T.);
#3355=ORIENTED_EDGE('',*,*,#2498,.F.);
#3356=ORIENTED_EDGE('',*,*,#2499,.T.);
#3357=ORIENTED_EDGE('',*,*,#2500,.F.);
#3358=ORIENTED_EDGE('',*,*,#2501,.F.);
#3359=ORIENTED_EDGE('',*,*,#2502,.F.);
#3360=ORIENTED_EDGE('',*,*,#2503,.F.);
#3361=ORIENTED_EDGE('',*,*,#2504,.F.);
#3362=ORIENTED_EDGE('',*,*,#2505,.F.);
#3363=ORIENTED_EDGE('',*,*,#2506,.F.);
#3364=ORIENTED_EDGE('',*,*,#2507,.F.);
#3365=ORIENTED_EDGE('',*,*,#2508,.F.);
#3366=ORIENTED_EDGE('',*,*,#2509,.F.);
#3367=ORIENTED_EDGE('',*,*,#2510,.F.);
#3368=ORIENTED_EDGE('',*,*,#2511,.F.);
#3369=ORIENTED_EDGE('',*,*,#2512,.F.);
#3370=ORIENTED_EDGE('',*,*,#2513,.F.);
#3371=ORIENTED_EDGE('',*,*,#2383,.T.);
#3372=ORIENTED_EDGE('',*,*,#2514,.F.);
#3373=ORIENTED_EDGE('',*,*,#2515,.F.);
#3374=ORIENTED_EDGE('',*,*,#2516,.T.);
#3375=ORIENTED_EDGE('',*,*,#2398,.F.);
#3376=ORIENTED_EDGE('',*,*,#2517,.T.);
#3377=ORIENTED_EDGE('',*,*,#2518,.F.);
#3378=ORIENTED_EDGE('',*,*,#2517,.F.);
#3379=ORIENTED_EDGE('',*,*,#2401,.T.);
#3380=ORIENTED_EDGE('',*,*,#2519,.T.);
#3381=ORIENTED_EDGE('',*,*,#2520,.F.);
#3382=ORIENTED_EDGE('',*,*,#2519,.F.);
#3383=ORIENTED_EDGE('',*,*,#2403,.F.);
#3384=ORIENTED_EDGE('',*,*,#2521,.T.);
#3385=ORIENTED_EDGE('',*,*,#2522,.F.);
#3386=ORIENTED_EDGE('',*,*,#2523,.T.);
#3387=ORIENTED_EDGE('',*,*,#2524,.T.);
#3388=ORIENTED_EDGE('',*,*,#2521,.F.);
#3389=ORIENTED_EDGE('',*,*,#2405,.T.);
#3390=ORIENTED_EDGE('',*,*,#2525,.T.);
#3391=ORIENTED_EDGE('',*,*,#2526,.T.);
#3392=ORIENTED_EDGE('',*,*,#2523,.F.);
#3393=ORIENTED_EDGE('',*,*,#2407,.F.);
#3394=ORIENTED_EDGE('',*,*,#2527,.T.);
#3395=ORIENTED_EDGE('',*,*,#2528,.T.);
#3396=ORIENTED_EDGE('',*,*,#2525,.F.);
#3397=ORIENTED_EDGE('',*,*,#2409,.T.);
#3398=ORIENTED_EDGE('',*,*,#2527,.F.);
#3399=ORIENTED_EDGE('',*,*,#2411,.F.);
#3400=ORIENTED_EDGE('',*,*,#2529,.T.);
#3401=ORIENTED_EDGE('',*,*,#2530,.T.);
#3402=ORIENTED_EDGE('',*,*,#2529,.F.);
#3403=ORIENTED_EDGE('',*,*,#2412,.T.);
#3404=ORIENTED_EDGE('',*,*,#2516,.F.);
#3405=ORIENTED_EDGE('',*,*,#2531,.T.);
#3406=ORIENTED_EDGE('',*,*,#2532,.T.);
#3407=ORIENTED_EDGE('',*,*,#2533,.F.);
#3408=ORIENTED_EDGE('',*,*,#2534,.T.);
#3409=ORIENTED_EDGE('',*,*,#2415,.F.);
#3410=ORIENTED_EDGE('',*,*,#2535,.T.);
#3411=ORIENTED_EDGE('',*,*,#2536,.T.);
#3412=ORIENTED_EDGE('',*,*,#2532,.F.);
#3413=ORIENTED_EDGE('',*,*,#2417,.T.);
#3414=ORIENTED_EDGE('',*,*,#2537,.T.);
#3415=ORIENTED_EDGE('',*,*,#2538,.T.);
#3416=ORIENTED_EDGE('',*,*,#2535,.F.);
#3417=ORIENTED_EDGE('',*,*,#2419,.F.);
#3418=ORIENTED_EDGE('',*,*,#2537,.F.);
#3419=ORIENTED_EDGE('',*,*,#2421,.T.);
#3420=ORIENTED_EDGE('',*,*,#2539,.T.);
#3421=ORIENTED_EDGE('',*,*,#2540,.T.);
#3422=ORIENTED_EDGE('',*,*,#2539,.F.);
#3423=ORIENTED_EDGE('',*,*,#2423,.F.);
#3424=ORIENTED_EDGE('',*,*,#2541,.T.);
#3425=ORIENTED_EDGE('',*,*,#2542,.T.);
#3426=ORIENTED_EDGE('',*,*,#2541,.F.);
#3427=ORIENTED_EDGE('',*,*,#2425,.T.);
#3428=ORIENTED_EDGE('',*,*,#2543,.T.);
#3429=ORIENTED_EDGE('',*,*,#2544,.T.);
#3430=ORIENTED_EDGE('',*,*,#2545,.T.);
#3431=ORIENTED_EDGE('',*,*,#2546,.T.);
#3432=ORIENTED_EDGE('',*,*,#2543,.F.);
#3433=ORIENTED_EDGE('',*,*,#2427,.F.);
#3434=ORIENTED_EDGE('',*,*,#2534,.F.);
#3435=ORIENTED_EDGE('',*,*,#2547,.T.);
#3436=ORIENTED_EDGE('',*,*,#2545,.F.);
#3437=ORIENTED_EDGE('',*,*,#2428,.T.);
#3438=ORIENTED_EDGE('',*,*,#2438,.F.);
#3439=ORIENTED_EDGE('',*,*,#2440,.T.);
#3440=ORIENTED_EDGE('',*,*,#2442,.F.);
#3441=ORIENTED_EDGE('',*,*,#2444,.T.);
#3442=ORIENTED_EDGE('',*,*,#2430,.F.);
#3443=ORIENTED_EDGE('',*,*,#2432,.T.);
#3444=ORIENTED_EDGE('',*,*,#2434,.F.);
#3445=ORIENTED_EDGE('',*,*,#2436,.T.);
#3446=ORIENTED_EDGE('',*,*,#2548,.F.);
#3447=ORIENTED_EDGE('',*,*,#2549,.T.);
#3448=ORIENTED_EDGE('',*,*,#2550,.F.);
#3449=ORIENTED_EDGE('',*,*,#2551,.T.);
#3450=ORIENTED_EDGE('',*,*,#2552,.F.);
#3451=ORIENTED_EDGE('',*,*,#2553,.T.);
#3452=ORIENTED_EDGE('',*,*,#2554,.F.);
#3453=ORIENTED_EDGE('',*,*,#2555,.T.);
#3454=ORIENTED_EDGE('',*,*,#2556,.T.);
#3455=ORIENTED_EDGE('',*,*,#2557,.T.);
#3456=ORIENTED_EDGE('',*,*,#2558,.T.);
#3457=ORIENTED_EDGE('',*,*,#2454,.F.);
#3458=ORIENTED_EDGE('',*,*,#2559,.T.);
#3459=ORIENTED_EDGE('',*,*,#2560,.T.);
#3460=ORIENTED_EDGE('',*,*,#2561,.T.);
#3461=ORIENTED_EDGE('',*,*,#2562,.T.);
#3462=ORIENTED_EDGE('',*,*,#2563,.T.);
#3463=ORIENTED_EDGE('',*,*,#2564,.T.);
#3464=ORIENTED_EDGE('',*,*,#2565,.T.);
#3465=ORIENTED_EDGE('',*,*,#2566,.T.);
#3466=ORIENTED_EDGE('',*,*,#2567,.T.);
#3467=ORIENTED_EDGE('',*,*,#2568,.T.);
#3468=ORIENTED_EDGE('',*,*,#2569,.T.);
#3469=ORIENTED_EDGE('',*,*,#2556,.F.);
#3470=ORIENTED_EDGE('',*,*,#2453,.T.);
#3471=ORIENTED_EDGE('',*,*,#2456,.F.);
#3472=ORIENTED_EDGE('',*,*,#2461,.F.);
#3473=ORIENTED_EDGE('',*,*,#2570,.T.);
#3474=ORIENTED_EDGE('',*,*,#2571,.T.);
#3475=ORIENTED_EDGE('',*,*,#2572,.T.);
#3476=ORIENTED_EDGE('',*,*,#2573,.T.);
#3477=ORIENTED_EDGE('',*,*,#2574,.T.);
#3478=ORIENTED_EDGE('',*,*,#2570,.F.);
#3479=ORIENTED_EDGE('',*,*,#2460,.F.);
#3480=ORIENTED_EDGE('',*,*,#2575,.T.);
#3481=ORIENTED_EDGE('',*,*,#2576,.T.);
#3482=ORIENTED_EDGE('',*,*,#2577,.F.);
#3483=ORIENTED_EDGE('',*,*,#2575,.F.);
#3484=ORIENTED_EDGE('',*,*,#2459,.F.);
#3485=ORIENTED_EDGE('',*,*,#2482,.T.);
#3486=ORIENTED_EDGE('',*,*,#2450,.F.);
#3487=ORIENTED_EDGE('',*,*,#2558,.F.);
#3488=ORIENTED_EDGE('',*,*,#2578,.F.);
#3489=ORIENTED_EDGE('',*,*,#2579,.F.);
#3490=ORIENTED_EDGE('',*,*,#2580,.F.);
#3491=ORIENTED_EDGE('',*,*,#2581,.F.);
#3492=ORIENTED_EDGE('',*,*,#2582,.F.);
#3493=ORIENTED_EDGE('',*,*,#2583,.F.);
#3494=ORIENTED_EDGE('',*,*,#2584,.F.);
#3495=ORIENTED_EDGE('',*,*,#2585,.F.);
#3496=ORIENTED_EDGE('',*,*,#2586,.F.);
#3497=ORIENTED_EDGE('',*,*,#2587,.F.);
#3498=ORIENTED_EDGE('',*,*,#2588,.F.);
#3499=ORIENTED_EDGE('',*,*,#2589,.F.);
#3500=ORIENTED_EDGE('',*,*,#2590,.F.);
#3501=ORIENTED_EDGE('',*,*,#2591,.F.);
#3502=ORIENTED_EDGE('',*,*,#2462,.T.);
#3503=ORIENTED_EDGE('',*,*,#2479,.T.);
#3504=ORIENTED_EDGE('',*,*,#2512,.T.);
#3505=ORIENTED_EDGE('',*,*,#2592,.F.);
#3506=ORIENTED_EDGE('',*,*,#2593,.F.);
#3507=ORIENTED_EDGE('',*,*,#2481,.T.);
#3508=ORIENTED_EDGE('',*,*,#2594,.F.);
#3509=ORIENTED_EDGE('',*,*,#2595,.F.);
#3510=ORIENTED_EDGE('',*,*,#2596,.T.);
#3511=ORIENTED_EDGE('',*,*,#2470,.T.);
#3512=ORIENTED_EDGE('',*,*,#2593,.T.);
#3513=ORIENTED_EDGE('',*,*,#2473,.T.);
#3514=ORIENTED_EDGE('',*,*,#2597,.F.);
#3515=ORIENTED_EDGE('',*,*,#2494,.T.);
#3516=ORIENTED_EDGE('',*,*,#2598,.F.);
#3517=ORIENTED_EDGE('',*,*,#2599,.F.);
#3518=ORIENTED_EDGE('',*,*,#2600,.F.);
#3519=ORIENTED_EDGE('',*,*,#2476,.T.);
#3520=ORIENTED_EDGE('',*,*,#2601,.T.);
#3521=ORIENTED_EDGE('',*,*,#2602,.F.);
#3522=ORIENTED_EDGE('',*,*,#2491,.T.);
#3523=ORIENTED_EDGE('',*,*,#2603,.F.);
#3524=ORIENTED_EDGE('',*,*,#2477,.T.);
#3525=ORIENTED_EDGE('',*,*,#2600,.T.);
#3526=ORIENTED_EDGE('',*,*,#2478,.T.);
#3527=ORIENTED_EDGE('',*,*,#2603,.T.);
#3528=ORIENTED_EDGE('',*,*,#2490,.T.);
#3529=ORIENTED_EDGE('',*,*,#2378,.T.);
#3530=ORIENTED_EDGE('',*,*,#2384,.T.);
#3531=ORIENTED_EDGE('',*,*,#2513,.T.);
#3532=ORIENTED_EDGE('',*,*,#2594,.T.);
#3533=ORIENTED_EDGE('',*,*,#2480,.T.);
#3534=ORIENTED_EDGE('',*,*,#2599,.T.);
#3535=ORIENTED_EDGE('',*,*,#2604,.T.);
#3536=ORIENTED_EDGE('',*,*,#2605,.F.);
#3537=ORIENTED_EDGE('',*,*,#2483,.T.);
#3538=ORIENTED_EDGE('',*,*,#2602,.T.);
#3539=ORIENTED_EDGE('',*,*,#2606,.F.);
#3540=ORIENTED_EDGE('',*,*,#2607,.F.);
#3541=ORIENTED_EDGE('',*,*,#2608,.F.);
#3542=ORIENTED_EDGE('',*,*,#2609,.F.);
#3543=ORIENTED_EDGE('',*,*,#2605,.T.);
#3544=ORIENTED_EDGE('',*,*,#2610,.T.);
#3545=ORIENTED_EDGE('',*,*,#2611,.T.);
#3546=ORIENTED_EDGE('',*,*,#2484,.T.);
#3547=ORIENTED_EDGE('',*,*,#2485,.T.);
#3548=ORIENTED_EDGE('',*,*,#2611,.F.);
#3549=ORIENTED_EDGE('',*,*,#2612,.T.);
#3550=ORIENTED_EDGE('',*,*,#2613,.F.);
#3551=ORIENTED_EDGE('',*,*,#2614,.F.);
#3552=ORIENTED_EDGE('',*,*,#2615,.F.);
#3553=ORIENTED_EDGE('',*,*,#2616,.F.);
#3554=ORIENTED_EDGE('',*,*,#2617,.F.);
#3555=ORIENTED_EDGE('',*,*,#2618,.F.);
#3556=ORIENTED_EDGE('',*,*,#2619,.F.);
#3557=ORIENTED_EDGE('',*,*,#2620,.T.);
#3558=ORIENTED_EDGE('',*,*,#2621,.T.);
#3559=ORIENTED_EDGE('',*,*,#2486,.T.);
#3560=ORIENTED_EDGE('',*,*,#2619,.T.);
#3561=ORIENTED_EDGE('',*,*,#2622,.F.);
#3562=ORIENTED_EDGE('',*,*,#2623,.F.);
#3563=ORIENTED_EDGE('',*,*,#2624,.T.);
#3564=ORIENTED_EDGE('',*,*,#2625,.F.);
#3565=ORIENTED_EDGE('',*,*,#2487,.T.);
#3566=ORIENTED_EDGE('',*,*,#2621,.F.);
#3567=ORIENTED_EDGE('',*,*,#2626,.F.);
#3568=ORIENTED_EDGE('',*,*,#2627,.F.);
#3569=ORIENTED_EDGE('',*,*,#2628,.F.);
#3570=ORIENTED_EDGE('',*,*,#2629,.F.);
#3571=ORIENTED_EDGE('',*,*,#2625,.T.);
#3572=ORIENTED_EDGE('',*,*,#2630,.T.);
#3573=ORIENTED_EDGE('',*,*,#2631,.T.);
#3574=ORIENTED_EDGE('',*,*,#2488,.T.);
#3575=ORIENTED_EDGE('',*,*,#2489,.T.);
#3576=ORIENTED_EDGE('',*,*,#2632,.T.);
#3577=ORIENTED_EDGE('',*,*,#2498,.T.);
#3578=ORIENTED_EDGE('',*,*,#2380,.T.);
#3579=ORIENTED_EDGE('',*,*,#2633,.T.);
#3580=ORIENTED_EDGE('',*,*,#2502,.T.);
#3581=ORIENTED_EDGE('',*,*,#2634,.T.);
#3582=ORIENTED_EDGE('',*,*,#2635,.T.);
#3583=ORIENTED_EDGE('',*,*,#2636,.T.);
#3584=ORIENTED_EDGE('',*,*,#2500,.T.);
#3585=ORIENTED_EDGE('',*,*,#2637,.T.);
#3586=ORIENTED_EDGE('',*,*,#2638,.T.);
#3587=ORIENTED_EDGE('',*,*,#2639,.F.);
#3588=ORIENTED_EDGE('',*,*,#2640,.F.);
#3589=ORIENTED_EDGE('',*,*,#2641,.F.);
#3590=ORIENTED_EDGE('',*,*,#2642,.F.);
#3591=ORIENTED_EDGE('',*,*,#2506,.T.);
#3592=ORIENTED_EDGE('',*,*,#2643,.F.);
#3593=ORIENTED_EDGE('',*,*,#2643,.T.);
#3594=ORIENTED_EDGE('',*,*,#2505,.T.);
#3595=ORIENTED_EDGE('',*,*,#2644,.F.);
#3596=ORIENTED_EDGE('',*,*,#2645,.T.);
#3597=ORIENTED_EDGE('',*,*,#2646,.T.);
#3598=ORIENTED_EDGE('',*,*,#2492,.T.);
#3599=ORIENTED_EDGE('',*,*,#2647,.T.);
#3600=ORIENTED_EDGE('',*,*,#2648,.T.);
#3601=ORIENTED_EDGE('',*,*,#2649,.T.);
#3602=ORIENTED_EDGE('',*,*,#2650,.T.);
#3603=ORIENTED_EDGE('',*,*,#2651,.T.);
#3604=ORIENTED_EDGE('',*,*,#2496,.T.);
#3605=ORIENTED_EDGE('',*,*,#2382,.T.);
#3606=ORIENTED_EDGE('',*,*,#2497,.T.);
#3607=ORIENTED_EDGE('',*,*,#2652,.T.);
#3608=ORIENTED_EDGE('',*,*,#2514,.T.);
#3609=ORIENTED_EDGE('',*,*,#2653,.T.);
#3610=ORIENTED_EDGE('',*,*,#2515,.T.);
#3611=ORIENTED_EDGE('',*,*,#2654,.T.);
#3612=ORIENTED_EDGE('',*,*,#2655,.T.);
#3613=ORIENTED_EDGE('',*,*,#2656,.F.);
#3614=ORIENTED_EDGE('',*,*,#2657,.F.);
#3615=ORIENTED_EDGE('',*,*,#2507,.T.);
#3616=ORIENTED_EDGE('',*,*,#2653,.F.);
#3617=ORIENTED_EDGE('',*,*,#2658,.F.);
#3618=ORIENTED_EDGE('',*,*,#2659,.F.);
#3619=ORIENTED_EDGE('',*,*,#2660,.F.);
#3620=ORIENTED_EDGE('',*,*,#2661,.F.);
#3621=ORIENTED_EDGE('',*,*,#2662,.F.);
#3622=ORIENTED_EDGE('',*,*,#2663,.F.);
#3623=ORIENTED_EDGE('',*,*,#2664,.T.);
#3624=ORIENTED_EDGE('',*,*,#2665,.T.);
#3625=ORIENTED_EDGE('',*,*,#2508,.T.);
#3626=ORIENTED_EDGE('',*,*,#2657,.T.);
#3627=ORIENTED_EDGE('',*,*,#2666,.F.);
#3628=ORIENTED_EDGE('',*,*,#2667,.F.);
#3629=ORIENTED_EDGE('',*,*,#2668,.F.);
#3630=ORIENTED_EDGE('',*,*,#2669,.F.);
#3631=ORIENTED_EDGE('',*,*,#2670,.F.);
#3632=ORIENTED_EDGE('',*,*,#2671,.F.);
#3633=ORIENTED_EDGE('',*,*,#2509,.T.);
#3634=ORIENTED_EDGE('',*,*,#2665,.F.);
#3635=ORIENTED_EDGE('',*,*,#2672,.F.);
#3636=ORIENTED_EDGE('',*,*,#2673,.F.);
#3637=ORIENTED_EDGE('',*,*,#2674,.T.);
#3638=ORIENTED_EDGE('',*,*,#2510,.T.);
#3639=ORIENTED_EDGE('',*,*,#2671,.T.);
#3640=ORIENTED_EDGE('',*,*,#2675,.T.);
#3641=ORIENTED_EDGE('',*,*,#2676,.F.);
#3642=ORIENTED_EDGE('',*,*,#2595,.T.);
#3643=ORIENTED_EDGE('',*,*,#2592,.T.);
#3644=ORIENTED_EDGE('',*,*,#2511,.T.);
#3645=ORIENTED_EDGE('',*,*,#2674,.F.);
#3646=ORIENTED_EDGE('',*,*,#2677,.F.);
#3647=ORIENTED_EDGE('',*,*,#2678,.F.);
#3648=ORIENTED_EDGE('',*,*,#2679,.F.);
#3649=ORIENTED_EDGE('',*,*,#2680,.F.);
#3650=ORIENTED_EDGE('',*,*,#2528,.F.);
#3651=ORIENTED_EDGE('',*,*,#2530,.F.);
#3652=ORIENTED_EDGE('',*,*,#2531,.F.);
#3653=ORIENTED_EDGE('',*,*,#2518,.T.);
#3654=ORIENTED_EDGE('',*,*,#2520,.T.);
#3655=ORIENTED_EDGE('',*,*,#2522,.T.);
#3656=ORIENTED_EDGE('',*,*,#2524,.F.);
#3657=ORIENTED_EDGE('',*,*,#2526,.F.);
#3658=ORIENTED_EDGE('',*,*,#2540,.F.);
#3659=ORIENTED_EDGE('',*,*,#2542,.F.);
#3660=ORIENTED_EDGE('',*,*,#2544,.F.);
#3661=ORIENTED_EDGE('',*,*,#2546,.F.);
#3662=ORIENTED_EDGE('',*,*,#2547,.F.);
#3663=ORIENTED_EDGE('',*,*,#2533,.T.);
#3664=ORIENTED_EDGE('',*,*,#2536,.F.);
#3665=ORIENTED_EDGE('',*,*,#2538,.F.);
#3666=ORIENTED_EDGE('',*,*,#2549,.F.);
#3667=ORIENTED_EDGE('',*,*,#2681,.F.);
#3668=ORIENTED_EDGE('',*,*,#2682,.F.);
#3669=ORIENTED_EDGE('',*,*,#2683,.F.);
#3670=ORIENTED_EDGE('',*,*,#2684,.F.);
#3671=ORIENTED_EDGE('',*,*,#2555,.F.);
#3672=ORIENTED_EDGE('',*,*,#2685,.F.);
#3673=ORIENTED_EDGE('',*,*,#2686,.F.);
#3674=ORIENTED_EDGE('',*,*,#2687,.F.);
#3675=ORIENTED_EDGE('',*,*,#2688,.F.);
#3676=ORIENTED_EDGE('',*,*,#2553,.F.);
#3677=ORIENTED_EDGE('',*,*,#2689,.F.);
#3678=ORIENTED_EDGE('',*,*,#2690,.F.);
#3679=ORIENTED_EDGE('',*,*,#2691,.F.);
#3680=ORIENTED_EDGE('',*,*,#2692,.F.);
#3681=ORIENTED_EDGE('',*,*,#2551,.F.);
#3682=ORIENTED_EDGE('',*,*,#2569,.F.);
#3683=ORIENTED_EDGE('',*,*,#2693,.T.);
#3684=ORIENTED_EDGE('',*,*,#2578,.T.);
#3685=ORIENTED_EDGE('',*,*,#2557,.F.);
#3686=ORIENTED_EDGE('',*,*,#2560,.F.);
#3687=ORIENTED_EDGE('',*,*,#2694,.T.);
#3688=ORIENTED_EDGE('',*,*,#2587,.T.);
#3689=ORIENTED_EDGE('',*,*,#2695,.T.);
#3690=ORIENTED_EDGE('',*,*,#2577,.T.);
#3691=ORIENTED_EDGE('',*,*,#2694,.F.);
#3692=ORIENTED_EDGE('',*,*,#2559,.F.);
#3693=ORIENTED_EDGE('',*,*,#2576,.F.);
#3694=ORIENTED_EDGE('',*,*,#2696,.T.);
#3695=ORIENTED_EDGE('',*,*,#2579,.T.);
#3696=ORIENTED_EDGE('',*,*,#2693,.F.);
#3697=ORIENTED_EDGE('',*,*,#2568,.F.);
#3698=ORIENTED_EDGE('',*,*,#2580,.T.);
#3699=ORIENTED_EDGE('',*,*,#2696,.F.);
#3700=ORIENTED_EDGE('',*,*,#2567,.F.);
#3701=ORIENTED_EDGE('',*,*,#2697,.T.);
#3702=ORIENTED_EDGE('',*,*,#2566,.F.);
#3703=ORIENTED_EDGE('',*,*,#2698,.T.);
#3704=ORIENTED_EDGE('',*,*,#2581,.T.);
#3705=ORIENTED_EDGE('',*,*,#2697,.F.);
#3706=ORIENTED_EDGE('',*,*,#2582,.T.);
#3707=ORIENTED_EDGE('',*,*,#2698,.F.);
#3708=ORIENTED_EDGE('',*,*,#2565,.F.);
#3709=ORIENTED_EDGE('',*,*,#2699,.T.);
#3710=ORIENTED_EDGE('',*,*,#2583,.T.);
#3711=ORIENTED_EDGE('',*,*,#2699,.F.);
#3712=ORIENTED_EDGE('',*,*,#2564,.F.);
#3713=ORIENTED_EDGE('',*,*,#2700,.F.);
#3714=ORIENTED_EDGE('',*,*,#2701,.T.);
#3715=ORIENTED_EDGE('',*,*,#2702,.T.);
#3716=ORIENTED_EDGE('',*,*,#2703,.T.);
#3717=ORIENTED_EDGE('',*,*,#2704,.T.);
#3718=ORIENTED_EDGE('',*,*,#2705,.T.);
#3719=ORIENTED_EDGE('',*,*,#2236,.T.);
#3720=ORIENTED_EDGE('',*,*,#2706,.T.);
#3721=ORIENTED_EDGE('',*,*,#2707,.T.);
#3722=ORIENTED_EDGE('',*,*,#2584,.T.);
#3723=ORIENTED_EDGE('',*,*,#2700,.T.);
#3724=ORIENTED_EDGE('',*,*,#2563,.F.);
#3725=ORIENTED_EDGE('',*,*,#2708,.T.);
#3726=ORIENTED_EDGE('',*,*,#2709,.T.);
#3727=ORIENTED_EDGE('',*,*,#2710,.T.);
#3728=ORIENTED_EDGE('',*,*,#2711,.T.);
#3729=ORIENTED_EDGE('',*,*,#2712,.T.);
#3730=ORIENTED_EDGE('',*,*,#2708,.F.);
#3731=ORIENTED_EDGE('',*,*,#2562,.F.);
#3732=ORIENTED_EDGE('',*,*,#2713,.F.);
#3733=ORIENTED_EDGE('',*,*,#2714,.F.);
#3734=ORIENTED_EDGE('',*,*,#2715,.F.);
#3735=ORIENTED_EDGE('',*,*,#2716,.F.);
#3736=ORIENTED_EDGE('',*,*,#2717,.F.);
#3737=ORIENTED_EDGE('',*,*,#2718,.F.);
#3738=ORIENTED_EDGE('',*,*,#2719,.F.);
#3739=ORIENTED_EDGE('',*,*,#2713,.T.);
#3740=ORIENTED_EDGE('',*,*,#2561,.F.);
#3741=ORIENTED_EDGE('',*,*,#2695,.F.);
#3742=ORIENTED_EDGE('',*,*,#2586,.T.);
#3743=ORIENTED_EDGE('',*,*,#2720,.F.);
#3744=ORIENTED_EDGE('',*,*,#2721,.F.);
#3745=ORIENTED_EDGE('',*,*,#2238,.F.);
#3746=ORIENTED_EDGE('',*,*,#2722,.F.);
#3747=ORIENTED_EDGE('',*,*,#2723,.F.);
#3748=ORIENTED_EDGE('',*,*,#2724,.F.);
#3749=ORIENTED_EDGE('',*,*,#2725,.F.);
#3750=ORIENTED_EDGE('',*,*,#2589,.T.);
#3751=ORIENTED_EDGE('',*,*,#2726,.F.);
#3752=ORIENTED_EDGE('',*,*,#2572,.F.);
#3753=ORIENTED_EDGE('',*,*,#2727,.F.);
#3754=ORIENTED_EDGE('',*,*,#2727,.T.);
#3755=ORIENTED_EDGE('',*,*,#2571,.F.);
#3756=ORIENTED_EDGE('',*,*,#2728,.F.);
#3757=ORIENTED_EDGE('',*,*,#2590,.T.);
#3758=ORIENTED_EDGE('',*,*,#2728,.T.);
#3759=ORIENTED_EDGE('',*,*,#2574,.F.);
#3760=ORIENTED_EDGE('',*,*,#2729,.F.);
#3761=ORIENTED_EDGE('',*,*,#2591,.T.);
#3762=ORIENTED_EDGE('',*,*,#2729,.T.);
#3763=ORIENTED_EDGE('',*,*,#2573,.F.);
#3764=ORIENTED_EDGE('',*,*,#2726,.T.);
#3765=ORIENTED_EDGE('',*,*,#2588,.T.);
#3766=ORIENTED_EDGE('',*,*,#2720,.T.);
#3767=ORIENTED_EDGE('',*,*,#2585,.T.);
#3768=ORIENTED_EDGE('',*,*,#2707,.F.);
#3769=ORIENTED_EDGE('',*,*,#2730,.T.);
#3770=ORIENTED_EDGE('',*,*,#2598,.T.);
#3771=ORIENTED_EDGE('',*,*,#2493,.F.);
#3772=ORIENTED_EDGE('',*,*,#2646,.F.);
#3773=ORIENTED_EDGE('',*,*,#2731,.F.);
#3774=ORIENTED_EDGE('',*,*,#2474,.F.);
#3775=ORIENTED_EDGE('',*,*,#2495,.F.);
#3776=ORIENTED_EDGE('',*,*,#2597,.T.);
#3777=ORIENTED_EDGE('',*,*,#2472,.F.);
#3778=ORIENTED_EDGE('',*,*,#2732,.F.);
#3779=ORIENTED_EDGE('',*,*,#2649,.F.);
#3780=ORIENTED_EDGE('',*,*,#2733,.T.);
#3781=ORIENTED_EDGE('',*,*,#2609,.T.);
#3782=ORIENTED_EDGE('',*,*,#2734,.T.);
#3783=ORIENTED_EDGE('',*,*,#2735,.T.);
#3784=ORIENTED_EDGE('',*,*,#2606,.T.);
#3785=ORIENTED_EDGE('',*,*,#2733,.F.);
#3786=ORIENTED_EDGE('',*,*,#2736,.T.);
#3787=ORIENTED_EDGE('',*,*,#2737,.T.);
#3788=ORIENTED_EDGE('',*,*,#2737,.F.);
#3789=ORIENTED_EDGE('',*,*,#2738,.T.);
#3790=ORIENTED_EDGE('',*,*,#2739,.T.);
#3791=ORIENTED_EDGE('',*,*,#2607,.T.);
#3792=ORIENTED_EDGE('',*,*,#2734,.F.);
#3793=ORIENTED_EDGE('',*,*,#2608,.T.);
#3794=ORIENTED_EDGE('',*,*,#2739,.F.);
#3795=ORIENTED_EDGE('',*,*,#2740,.T.);
#3796=ORIENTED_EDGE('',*,*,#2623,.T.);
#3797=ORIENTED_EDGE('',*,*,#2741,.T.);
#3798=ORIENTED_EDGE('',*,*,#2613,.T.);
#3799=ORIENTED_EDGE('',*,*,#2742,.T.);
#3800=ORIENTED_EDGE('',*,*,#2614,.T.);
#3801=ORIENTED_EDGE('',*,*,#2741,.F.);
#3802=ORIENTED_EDGE('',*,*,#2622,.T.);
#3803=ORIENTED_EDGE('',*,*,#2743,.T.);
#3804=ORIENTED_EDGE('',*,*,#2615,.T.);
#3805=ORIENTED_EDGE('',*,*,#2743,.F.);
#3806=ORIENTED_EDGE('',*,*,#2629,.T.);
#3807=ORIENTED_EDGE('',*,*,#2744,.F.);
#3808=ORIENTED_EDGE('',*,*,#2616,.T.);
#3809=ORIENTED_EDGE('',*,*,#2744,.T.);
#3810=ORIENTED_EDGE('',*,*,#2628,.T.);
#3811=ORIENTED_EDGE('',*,*,#2745,.T.);
#3812=ORIENTED_EDGE('',*,*,#2627,.T.);
#3813=ORIENTED_EDGE('',*,*,#2746,.T.);
#3814=ORIENTED_EDGE('',*,*,#2617,.T.);
#3815=ORIENTED_EDGE('',*,*,#2745,.F.);
#3816=ORIENTED_EDGE('',*,*,#2626,.T.);
#3817=ORIENTED_EDGE('',*,*,#2620,.F.);
#3818=ORIENTED_EDGE('',*,*,#2618,.T.);
#3819=ORIENTED_EDGE('',*,*,#2746,.F.);
#3820=ORIENTED_EDGE('',*,*,#2631,.F.);
#3821=ORIENTED_EDGE('',*,*,#2747,.T.);
#3822=ORIENTED_EDGE('',*,*,#2647,.F.);
#3823=ORIENTED_EDGE('',*,*,#2632,.F.);
#3824=ORIENTED_EDGE('',*,*,#2748,.F.);
#3825=ORIENTED_EDGE('',*,*,#2749,.F.);
#3826=ORIENTED_EDGE('',*,*,#2750,.F.);
#3827=ORIENTED_EDGE('',*,*,#2637,.F.);
#3828=ORIENTED_EDGE('',*,*,#2499,.F.);
#3829=ORIENTED_EDGE('',*,*,#2633,.F.);
#3830=ORIENTED_EDGE('',*,*,#2751,.T.);
#3831=ORIENTED_EDGE('',*,*,#2752,.T.);
#3832=ORIENTED_EDGE('',*,*,#2748,.T.);
#3833=ORIENTED_EDGE('',*,*,#2635,.F.);
#3834=ORIENTED_EDGE('',*,*,#2636,.F.);
#3835=ORIENTED_EDGE('',*,*,#2753,.T.);
#3836=ORIENTED_EDGE('',*,*,#2754,.T.);
#3837=ORIENTED_EDGE('',*,*,#2751,.F.);
#3838=ORIENTED_EDGE('',*,*,#2634,.F.);
#3839=ORIENTED_EDGE('',*,*,#2501,.T.);
#3840=ORIENTED_EDGE('',*,*,#2750,.T.);
#3841=ORIENTED_EDGE('',*,*,#2755,.T.);
#3842=ORIENTED_EDGE('',*,*,#2753,.F.);
#3843=ORIENTED_EDGE('',*,*,#2638,.F.);
#3844=ORIENTED_EDGE('',*,*,#2639,.T.);
#3845=ORIENTED_EDGE('',*,*,#2645,.F.);
#3846=ORIENTED_EDGE('',*,*,#2756,.F.);
#3847=ORIENTED_EDGE('',*,*,#2757,.T.);
#3848=ORIENTED_EDGE('',*,*,#2640,.T.);
#3849=ORIENTED_EDGE('',*,*,#2757,.F.);
#3850=ORIENTED_EDGE('',*,*,#2758,.T.);
#3851=ORIENTED_EDGE('',*,*,#2759,.T.);
#3852=ORIENTED_EDGE('',*,*,#2760,.T.);
#3853=ORIENTED_EDGE('',*,*,#2641,.T.);
#3854=ORIENTED_EDGE('',*,*,#2759,.F.);
#3855=ORIENTED_EDGE('',*,*,#2761,.T.);
#3856=ORIENTED_EDGE('',*,*,#2762,.T.);
#3857=ORIENTED_EDGE('',*,*,#2503,.T.);
#3858=ORIENTED_EDGE('',*,*,#2642,.T.);
#3859=ORIENTED_EDGE('',*,*,#2760,.F.);
#3860=ORIENTED_EDGE('',*,*,#2604,.F.);
#3861=ORIENTED_EDGE('',*,*,#2601,.F.);
#3862=ORIENTED_EDGE('',*,*,#2475,.F.);
#3863=ORIENTED_EDGE('',*,*,#2731,.T.);
#3864=ORIENTED_EDGE('',*,*,#2648,.F.);
#3865=ORIENTED_EDGE('',*,*,#2747,.F.);
#3866=ORIENTED_EDGE('',*,*,#2630,.F.);
#3867=ORIENTED_EDGE('',*,*,#2624,.F.);
#3868=ORIENTED_EDGE('',*,*,#2742,.F.);
#3869=ORIENTED_EDGE('',*,*,#2612,.F.);
#3870=ORIENTED_EDGE('',*,*,#2610,.F.);
#3871=ORIENTED_EDGE('',*,*,#2658,.T.);
#3872=ORIENTED_EDGE('',*,*,#2655,.F.);
#3873=ORIENTED_EDGE('',*,*,#2763,.F.);
#3874=ORIENTED_EDGE('',*,*,#2650,.F.);
#3875=ORIENTED_EDGE('',*,*,#2732,.T.);
#3876=ORIENTED_EDGE('',*,*,#2471,.F.);
#3877=ORIENTED_EDGE('',*,*,#2596,.F.);
#3878=ORIENTED_EDGE('',*,*,#2676,.T.);
#3879=ORIENTED_EDGE('',*,*,#2675,.F.);
#3880=ORIENTED_EDGE('',*,*,#2670,.T.);
#3881=ORIENTED_EDGE('',*,*,#2764,.F.);
#3882=ORIENTED_EDGE('',*,*,#2654,.F.);
#3883=ORIENTED_EDGE('',*,*,#2652,.F.);
#3884=ORIENTED_EDGE('',*,*,#2651,.F.);
#3885=ORIENTED_EDGE('',*,*,#2763,.T.);
#3886=ORIENTED_EDGE('',*,*,#2663,.T.);
#3887=ORIENTED_EDGE('',*,*,#2765,.T.);
#3888=ORIENTED_EDGE('',*,*,#2673,.T.);
#3889=ORIENTED_EDGE('',*,*,#2766,.T.);
#3890=ORIENTED_EDGE('',*,*,#2656,.T.);
#3891=ORIENTED_EDGE('',*,*,#2766,.F.);
#3892=ORIENTED_EDGE('',*,*,#2672,.T.);
#3893=ORIENTED_EDGE('',*,*,#2664,.F.);
#3894=ORIENTED_EDGE('',*,*,#2659,.T.);
#3895=ORIENTED_EDGE('',*,*,#2764,.T.);
#3896=ORIENTED_EDGE('',*,*,#2669,.T.);
#3897=ORIENTED_EDGE('',*,*,#2767,.T.);
#3898=ORIENTED_EDGE('',*,*,#2668,.T.);
#3899=ORIENTED_EDGE('',*,*,#2768,.T.);
#3900=ORIENTED_EDGE('',*,*,#2660,.T.);
#3901=ORIENTED_EDGE('',*,*,#2767,.F.);
#3902=ORIENTED_EDGE('',*,*,#2667,.T.);
#3903=ORIENTED_EDGE('',*,*,#2769,.F.);
#3904=ORIENTED_EDGE('',*,*,#2661,.T.);
#3905=ORIENTED_EDGE('',*,*,#2768,.F.);
#3906=ORIENTED_EDGE('',*,*,#2666,.T.);
#3907=ORIENTED_EDGE('',*,*,#2765,.F.);
#3908=ORIENTED_EDGE('',*,*,#2662,.T.);
#3909=ORIENTED_EDGE('',*,*,#2769,.T.);
#3910=ORIENTED_EDGE('',*,*,#2770,.T.);
#3911=ORIENTED_EDGE('',*,*,#2680,.T.);
#3912=ORIENTED_EDGE('',*,*,#2771,.T.);
#3913=ORIENTED_EDGE('',*,*,#2772,.T.);
#3914=ORIENTED_EDGE('',*,*,#2677,.T.);
#3915=ORIENTED_EDGE('',*,*,#2770,.F.);
#3916=ORIENTED_EDGE('',*,*,#2773,.T.);
#3917=ORIENTED_EDGE('',*,*,#2774,.T.);
#3918=ORIENTED_EDGE('',*,*,#2775,.T.);
#3919=ORIENTED_EDGE('',*,*,#2678,.T.);
#3920=ORIENTED_EDGE('',*,*,#2774,.F.);
#3921=ORIENTED_EDGE('',*,*,#2776,.T.);
#3922=ORIENTED_EDGE('',*,*,#2771,.F.);
#3923=ORIENTED_EDGE('',*,*,#2679,.T.);
#3924=ORIENTED_EDGE('',*,*,#2775,.F.);
#3925=ORIENTED_EDGE('',*,*,#2777,.T.);
#3926=ORIENTED_EDGE('',*,*,#2683,.T.);
#3927=ORIENTED_EDGE('',*,*,#2778,.T.);
#3928=ORIENTED_EDGE('',*,*,#2690,.T.);
#3929=ORIENTED_EDGE('',*,*,#2550,.T.);
#3930=ORIENTED_EDGE('',*,*,#2681,.T.);
#3931=ORIENTED_EDGE('',*,*,#2548,.T.);
#3932=ORIENTED_EDGE('',*,*,#2684,.T.);
#3933=ORIENTED_EDGE('',*,*,#2779,.T.);
#3934=ORIENTED_EDGE('',*,*,#2780,.T.);
#3935=ORIENTED_EDGE('',*,*,#2781,.F.);
#3936=ORIENTED_EDGE('',*,*,#2782,.T.);
#3937=ORIENTED_EDGE('',*,*,#2682,.T.);
#3938=ORIENTED_EDGE('',*,*,#2783,.T.);
#3939=ORIENTED_EDGE('',*,*,#2784,.T.);
#3940=ORIENTED_EDGE('',*,*,#2686,.T.);
#3941=ORIENTED_EDGE('',*,*,#2785,.T.);
#3942=ORIENTED_EDGE('',*,*,#2688,.T.);
#3943=ORIENTED_EDGE('',*,*,#2786,.T.);
#3944=ORIENTED_EDGE('',*,*,#2685,.T.);
#3945=ORIENTED_EDGE('',*,*,#2554,.T.);
#3946=ORIENTED_EDGE('',*,*,#2689,.T.);
#3947=ORIENTED_EDGE('',*,*,#2552,.T.);
#3948=ORIENTED_EDGE('',*,*,#2692,.T.);
#3949=ORIENTED_EDGE('',*,*,#2787,.T.);
#3950=ORIENTED_EDGE('',*,*,#2788,.T.);
#3951=ORIENTED_EDGE('',*,*,#2687,.T.);
#3952=ORIENTED_EDGE('',*,*,#2789,.T.);
#3953=ORIENTED_EDGE('',*,*,#2790,.T.);
#3954=ORIENTED_EDGE('',*,*,#2791,.T.);
#3955=ORIENTED_EDGE('',*,*,#2792,.T.);
#3956=ORIENTED_EDGE('',*,*,#2691,.T.);
#3957=ORIENTED_EDGE('',*,*,#2793,.T.);
#3958=ORIENTED_EDGE('',*,*,#2702,.F.);
#3959=ORIENTED_EDGE('',*,*,#2794,.T.);
#3960=ORIENTED_EDGE('',*,*,#2725,.T.);
#3961=ORIENTED_EDGE('',*,*,#2795,.T.);
#3962=ORIENTED_EDGE('',*,*,#2715,.T.);
#3963=ORIENTED_EDGE('',*,*,#2794,.F.);
#3964=ORIENTED_EDGE('',*,*,#2701,.F.);
#3965=ORIENTED_EDGE('',*,*,#2796,.T.);
#3966=ORIENTED_EDGE('',*,*,#2712,.F.);
#3967=ORIENTED_EDGE('',*,*,#2797,.F.);
#3968=ORIENTED_EDGE('',*,*,#2716,.T.);
#3969=ORIENTED_EDGE('',*,*,#2796,.F.);
#3970=ORIENTED_EDGE('',*,*,#2717,.T.);
#3971=ORIENTED_EDGE('',*,*,#2797,.T.);
#3972=ORIENTED_EDGE('',*,*,#2711,.F.);
#3973=ORIENTED_EDGE('',*,*,#2798,.T.);
#3974=ORIENTED_EDGE('',*,*,#2799,.T.);
#3975=ORIENTED_EDGE('',*,*,#2718,.T.);
#3976=ORIENTED_EDGE('',*,*,#2798,.F.);
#3977=ORIENTED_EDGE('',*,*,#2710,.F.);
#3978=ORIENTED_EDGE('',*,*,#2709,.F.);
#3979=ORIENTED_EDGE('',*,*,#2714,.T.);
#3980=ORIENTED_EDGE('',*,*,#2719,.T.);
#3981=ORIENTED_EDGE('',*,*,#2799,.F.);
#3982=ORIENTED_EDGE('',*,*,#2706,.F.);
#3983=ORIENTED_EDGE('',*,*,#2239,.T.);
#3984=ORIENTED_EDGE('',*,*,#2721,.T.);
#3985=ORIENTED_EDGE('',*,*,#2730,.F.);
#3986=ORIENTED_EDGE('',*,*,#2722,.T.);
#3987=ORIENTED_EDGE('',*,*,#2237,.T.);
#3988=ORIENTED_EDGE('',*,*,#2705,.F.);
#3989=ORIENTED_EDGE('',*,*,#2800,.T.);
#3990=ORIENTED_EDGE('',*,*,#2723,.T.);
#3991=ORIENTED_EDGE('',*,*,#2800,.F.);
#3992=ORIENTED_EDGE('',*,*,#2704,.F.);
#3993=ORIENTED_EDGE('',*,*,#2801,.T.);
#3994=ORIENTED_EDGE('',*,*,#2703,.F.);
#3995=ORIENTED_EDGE('',*,*,#2795,.F.);
#3996=ORIENTED_EDGE('',*,*,#2724,.T.);
#3997=ORIENTED_EDGE('',*,*,#2801,.F.);
#3998=ORIENTED_EDGE('',*,*,#2740,.F.);
#3999=ORIENTED_EDGE('',*,*,#2738,.F.);
#4000=ORIENTED_EDGE('',*,*,#2736,.F.);
#4001=ORIENTED_EDGE('',*,*,#2735,.F.);
#4002=ORIENTED_EDGE('',*,*,#2749,.T.);
#4003=ORIENTED_EDGE('',*,*,#2752,.F.);
#4004=ORIENTED_EDGE('',*,*,#2754,.F.);
#4005=ORIENTED_EDGE('',*,*,#2755,.F.);
#4006=ORIENTED_EDGE('',*,*,#2762,.F.);
#4007=ORIENTED_EDGE('',*,*,#2761,.F.);
#4008=ORIENTED_EDGE('',*,*,#2758,.F.);
#4009=ORIENTED_EDGE('',*,*,#2756,.T.);
#4010=ORIENTED_EDGE('',*,*,#2644,.T.);
#4011=ORIENTED_EDGE('',*,*,#2504,.T.);
#4012=ORIENTED_EDGE('',*,*,#2773,.F.);
#4013=ORIENTED_EDGE('',*,*,#2772,.F.);
#4014=ORIENTED_EDGE('',*,*,#2777,.F.);
#4015=ORIENTED_EDGE('',*,*,#2776,.F.);
#4016=ORIENTED_EDGE('',*,*,#2782,.F.);
#4017=ORIENTED_EDGE('',*,*,#2793,.F.);
#4018=ORIENTED_EDGE('',*,*,#2778,.F.);
#4019=ORIENTED_EDGE('',*,*,#2779,.F.);
#4020=ORIENTED_EDGE('',*,*,#2784,.F.);
#4021=ORIENTED_EDGE('',*,*,#2780,.F.);
#4022=ORIENTED_EDGE('',*,*,#2783,.F.);
#4023=ORIENTED_EDGE('',*,*,#2790,.F.);
#4024=ORIENTED_EDGE('',*,*,#2791,.F.);
#4025=ORIENTED_EDGE('',*,*,#2781,.T.);
#4026=ORIENTED_EDGE('',*,*,#2788,.F.);
#4027=ORIENTED_EDGE('',*,*,#2785,.F.);
#4028=ORIENTED_EDGE('',*,*,#2786,.F.);
#4029=ORIENTED_EDGE('',*,*,#2787,.F.);
#4030=ORIENTED_EDGE('',*,*,#2792,.F.);
#4031=ORIENTED_EDGE('',*,*,#2789,.F.);
#4032=ORIENTED_EDGE('',*,*,#2802,.T.);
#4033=ORIENTED_EDGE('',*,*,#2803,.T.);
#4034=ORIENTED_EDGE('',*,*,#2804,.T.);
#4035=ORIENTED_EDGE('',*,*,#2805,.T.);
#4036=ORIENTED_EDGE('',*,*,#2806,.F.);
#4037=ORIENTED_EDGE('',*,*,#2807,.F.);
#4038=ORIENTED_EDGE('',*,*,#2808,.F.);
#4039=ORIENTED_EDGE('',*,*,#2809,.F.);
#4040=ORIENTED_EDGE('',*,*,#2810,.F.);
#4041=ORIENTED_EDGE('',*,*,#2811,.F.);
#4042=ORIENTED_EDGE('',*,*,#2812,.F.);
#4043=ORIENTED_EDGE('',*,*,#2803,.F.);
#4044=ORIENTED_EDGE('',*,*,#2813,.F.);
#4045=ORIENTED_EDGE('',*,*,#2814,.F.);
#4046=ORIENTED_EDGE('',*,*,#2815,.T.);
#4047=ORIENTED_EDGE('',*,*,#2813,.T.);
#4048=ORIENTED_EDGE('',*,*,#2802,.F.);
#4049=ORIENTED_EDGE('',*,*,#2816,.T.);
#4050=ORIENTED_EDGE('',*,*,#2817,.T.);
#4051=ORIENTED_EDGE('',*,*,#2818,.T.);
#4052=ORIENTED_EDGE('',*,*,#2819,.T.);
#4053=ORIENTED_EDGE('',*,*,#2820,.T.);
#4054=ORIENTED_EDGE('',*,*,#2816,.F.);
#4055=ORIENTED_EDGE('',*,*,#2805,.F.);
#4056=ORIENTED_EDGE('',*,*,#2821,.T.);
#4057=ORIENTED_EDGE('',*,*,#2822,.T.);
#4058=ORIENTED_EDGE('',*,*,#2823,.T.);
#4059=ORIENTED_EDGE('',*,*,#2824,.T.);
#4060=ORIENTED_EDGE('',*,*,#2821,.F.);
#4061=ORIENTED_EDGE('',*,*,#2804,.F.);
#4062=ORIENTED_EDGE('',*,*,#2812,.T.);
#4063=ORIENTED_EDGE('',*,*,#2825,.T.);
#4064=ORIENTED_EDGE('',*,*,#2826,.T.);
#4065=ORIENTED_EDGE('',*,*,#2814,.T.);
#4066=ORIENTED_EDGE('',*,*,#2815,.F.);
#4067=ORIENTED_EDGE('',*,*,#2820,.F.);
#4068=ORIENTED_EDGE('',*,*,#2806,.T.);
#4069=ORIENTED_EDGE('',*,*,#2826,.F.);
#4070=ORIENTED_EDGE('',*,*,#2819,.F.);
#4071=ORIENTED_EDGE('',*,*,#2827,.T.);
#4072=ORIENTED_EDGE('',*,*,#2807,.T.);
#4073=ORIENTED_EDGE('',*,*,#2827,.F.);
#4074=ORIENTED_EDGE('',*,*,#2818,.F.);
#4075=ORIENTED_EDGE('',*,*,#2828,.F.);
#4076=ORIENTED_EDGE('',*,*,#2817,.F.);
#4077=ORIENTED_EDGE('',*,*,#2829,.T.);
#4078=ORIENTED_EDGE('',*,*,#2808,.T.);
#4079=ORIENTED_EDGE('',*,*,#2828,.T.);
#4080=ORIENTED_EDGE('',*,*,#2809,.T.);
#4081=ORIENTED_EDGE('',*,*,#2829,.F.);
#4082=ORIENTED_EDGE('',*,*,#2824,.F.);
#4083=ORIENTED_EDGE('',*,*,#2830,.F.);
#4084=ORIENTED_EDGE('',*,*,#2823,.F.);
#4085=ORIENTED_EDGE('',*,*,#2831,.T.);
#4086=ORIENTED_EDGE('',*,*,#2810,.T.);
#4087=ORIENTED_EDGE('',*,*,#2830,.T.);
#4088=ORIENTED_EDGE('',*,*,#2831,.F.);
#4089=ORIENTED_EDGE('',*,*,#2822,.F.);
#4090=ORIENTED_EDGE('',*,*,#2825,.F.);
#4091=ORIENTED_EDGE('',*,*,#2811,.T.);
#4092=PLANE('',#4485);
#4093=PLANE('',#4486);
#4094=PLANE('',#4489);
#4095=PLANE('',#4490);
#4096=PLANE('',#4493);
#4097=PLANE('',#4494);
#4098=PLANE('',#4495);
#4099=PLANE('',#4497);
#4100=PLANE('',#4499);
#4101=PLANE('',#4500);
#4102=PLANE('',#4507);
#4103=PLANE('',#4514);
#4104=PLANE('',#4515);
#4105=PLANE('',#4516);
#4106=PLANE('',#4522);
#4107=PLANE('',#4526);
#4108=PLANE('',#4527);
#4109=PLANE('',#4528);
#4110=PLANE('',#4536);
#4111=PLANE('',#4543);
#4112=PLANE('',#4544);
#4113=PLANE('',#4545);
#4114=PLANE('',#4546);
#4115=PLANE('',#4547);
#4116=PLANE('',#4548);
#4117=PLANE('',#4569);
#4118=PLANE('',#4577);
#4119=PLANE('',#4579);
#4120=PLANE('',#4581);
#4121=PLANE('',#4583);
#4122=PLANE('',#4584);
#4123=PLANE('',#4586);
#4124=PLANE('',#4590);
#4125=PLANE('',#4593);
#4126=PLANE('',#4596);
#4127=PLANE('',#4599);
#4128=PLANE('',#4602);
#4129=PLANE('',#4605);
#4130=PLANE('',#4608);
#4131=PLANE('',#4611);
#4132=PLANE('',#4614);
#4133=PLANE('',#4615);
#4134=PLANE('',#4618);
#4135=PLANE('',#4621);
#4136=PLANE('',#4624);
#4137=PLANE('',#4627);
#4138=PLANE('',#4628);
#4139=PLANE('',#4629);
#4140=PLANE('',#4631);
#4141=PLANE('',#4636);
#4142=PLANE('',#4641);
#4143=PLANE('',#4642);
#4144=PLANE('',#4645);
#4145=PLANE('',#4646);
#4146=PLANE('',#4647);
#4147=PLANE('',#4650);
#4148=PLANE('',#4651);
#4149=PLANE('',#4652);
#4150=PLANE('',#4683);
#4151=PLANE('',#4691);
#4152=PLANE('',#4697);
#4153=PLANE('',#4700);
#4154=PLANE('',#4701);
#4155=PLANE('',#4703);
#4156=PLANE('',#4704);
#4157=PLANE('',#4705);
#4158=PLANE('',#4706);
#4159=PLANE('',#4710);
#4160=PLANE('',#4714);
#4161=PLANE('',#4718);
#4162=PLANE('',#4719);
#4163=PLANE('',#4728);
#4164=PLANE('',#4729);
#4165=PLANE('',#4730);
#4166=PLANE('',#4732);
#4167=PLANE('',#4744);
#4168=PLANE('',#4748);
#4169=PLANE('',#4749);
#4170=PLANE('',#4756);
#4171=PLANE('',#4757);
#4172=PLANE('',#4758);
#4173=PLANE('',#4759);
#4174=PLANE('',#4760);
#4175=PLANE('',#4761);
#4176=PLANE('',#4762);
#4177=PLANE('',#4763);
#4178=PLANE('',#4764);
#4179=PLANE('',#4765);
#4180=PLANE('',#4766);
#4181=PLANE('',#4767);
#4182=PLANE('',#4769);
#4183=PLANE('',#4771);
#4184=PLANE('',#4779);
#4185=PLANE('',#4784);
#4186=PLANE('',#4785);
#4187=PLANE('',#4786);
#4188=PLANE('',#4787);
#4189=PLANE('',#4789);
#4190=PLANE('',#4790);
#4191=PLANE('',#4794);
#4192=PLANE('',#4795);
#4193=PLANE('',#4796);
#4194=PLANE('',#4798);
#4195=PLANE('',#4800);
#4196=PLANE('',#4802);
#4197=PLANE('',#4804);
#4198=PLANE('',#4808);
#4199=PLANE('',#4809);
#4200=PLANE('',#4810);
#4201=PLANE('',#4811);
#4202=PLANE('',#4814);
#4203=PLANE('',#4815);
#4204=PLANE('',#4816);
#4205=PLANE('',#4819);
#4206=PLANE('',#4821);
#4207=PLANE('',#4823);
#4208=PLANE('',#4827);
#4209=PLANE('',#4828);
#4210=PLANE('',#4829);
#4211=PLANE('',#4853);
#4212=PLANE('',#4855);
#4213=PLANE('',#4857);
#4214=PLANE('',#4858);
#4215=PLANE('',#4859);
#4216=PLANE('',#4861);
#4217=PLANE('',#4862);
#4218=PLANE('',#4863);
#4219=PLANE('',#4864);
#4220=PLANE('',#4865);
#4221=PLANE('',#4868);
#4222=PLANE('',#4871);
#4223=PLANE('',#4872);
#4224=PLANE('',#4875);
#4225=PLANE('',#4876);
#4226=PLANE('',#4879);
#4227=PLANE('',#4880);
#4228=PLANE('',#4881);
#4229=PLANE('',#4883);
#4230=PLANE('',#4885);
#4231=PLANE('',#4886);
#4232=ADVANCED_FACE('',(#406),#4092,.T.);
#4233=ADVANCED_FACE('',(#407),#4093,.T.);
#4234=ADVANCED_FACE('',(#408),#4094,.T.);
#4235=ADVANCED_FACE('',(#409),#4095,.F.);
#4236=ADVANCED_FACE('',(#410),#4096,.T.);
#4237=ADVANCED_FACE('',(#411),#4097,.T.);
#4238=ADVANCED_FACE('',(#412),#4098,.T.);
#4239=ADVANCED_FACE('',(#413),#148,.F.);
#4240=ADVANCED_FACE('',(#414),#4099,.T.);
#4241=ADVANCED_FACE('',(#415),#149,.F.);
#4242=ADVANCED_FACE('',(#416),#4100,.T.);
#4243=ADVANCED_FACE('',(#417),#4101,.T.);
#4244=ADVANCED_FACE('',(#418),#150,.T.);
#4245=ADVANCED_FACE('',(#419),#151,.F.);
#4246=ADVANCED_FACE('',(#420,#33),#4102,.T.);
#4247=ADVANCED_FACE('',(#421),#152,.T.);
#4248=ADVANCED_FACE('',(#422),#4103,.T.);
#4249=ADVANCED_FACE('',(#423),#4104,.T.);
#4250=ADVANCED_FACE('',(#424),#4105,.T.);
#4251=ADVANCED_FACE('',(#425),#153,.T.);
#4252=ADVANCED_FACE('',(#426),#154,.T.);
#4253=ADVANCED_FACE('',(#427),#4106,.T.);
#4254=ADVANCED_FACE('',(#428),#155,.T.);
#4255=ADVANCED_FACE('',(#429),#4107,.T.);
#4256=ADVANCED_FACE('',(#430),#4108,.T.);
#4257=ADVANCED_FACE('',(#431),#4109,.F.);
#4258=ADVANCED_FACE('',(#432),#156,.F.);
#4259=ADVANCED_FACE('',(#433),#4110,.T.);
#4260=ADVANCED_FACE('',(#434),#157,.F.);
#4261=ADVANCED_FACE('',(#435),#4111,.T.);
#4262=ADVANCED_FACE('',(#436),#4112,.F.);
#4263=ADVANCED_FACE('',(#437),#4113,.F.);
#4264=ADVANCED_FACE('',(#438),#4114,.F.);
#4265=ADVANCED_FACE('',(#439),#4115,.F.);
#4266=ADVANCED_FACE('',(#440,#34,#35,#36),#4116,.T.);
#4267=ADVANCED_FACE('',(#441),#158,.F.);
#4268=ADVANCED_FACE('',(#442),#4117,.F.);
#4269=ADVANCED_FACE('',(#443,#37),#4118,.F.);
#4270=ADVANCED_FACE('',(#444),#159,.T.);
#4271=ADVANCED_FACE('',(#445),#4119,.T.);
#4272=ADVANCED_FACE('',(#446),#160,.F.);
#4273=ADVANCED_FACE('',(#447),#4120,.T.);
#4274=ADVANCED_FACE('',(#448),#161,.T.);
#4275=ADVANCED_FACE('',(#449),#4121,.T.);
#4276=ADVANCED_FACE('',(#450),#4122,.T.);
#4277=ADVANCED_FACE('',(#451),#162,.F.);
#4278=ADVANCED_FACE('',(#452),#4123,.T.);
#4279=ADVANCED_FACE('',(#453),#163,.T.);
#4280=ADVANCED_FACE('',(#454),#4124,.T.);
#4281=ADVANCED_FACE('',(#455),#164,.T.);
#4282=ADVANCED_FACE('',(#456),#4125,.F.);
#4283=ADVANCED_FACE('',(#457),#165,.T.);
#4284=ADVANCED_FACE('',(#458),#4126,.F.);
#4285=ADVANCED_FACE('',(#459),#166,.T.);
#4286=ADVANCED_FACE('',(#460),#4127,.F.);
#4287=ADVANCED_FACE('',(#461),#167,.T.);
#4288=ADVANCED_FACE('',(#462),#4128,.F.);
#4289=ADVANCED_FACE('',(#463),#168,.T.);
#4290=ADVANCED_FACE('',(#464),#4129,.F.);
#4291=ADVANCED_FACE('',(#465),#169,.T.);
#4292=ADVANCED_FACE('',(#466),#4130,.F.);
#4293=ADVANCED_FACE('',(#467),#170,.T.);
#4294=ADVANCED_FACE('',(#468),#4131,.F.);
#4295=ADVANCED_FACE('',(#469),#171,.T.);
#4296=ADVANCED_FACE('',(#470),#4132,.F.);
#4297=ADVANCED_FACE('',(#471),#4133,.T.);
#4298=ADVANCED_FACE('',(#472),#172,.F.);
#4299=ADVANCED_FACE('',(#473),#4134,.T.);
#4300=ADVANCED_FACE('',(#474),#173,.F.);
#4301=ADVANCED_FACE('',(#475),#4135,.T.);
#4302=ADVANCED_FACE('',(#476),#174,.F.);
#4303=ADVANCED_FACE('',(#477),#4136,.T.);
#4304=ADVANCED_FACE('',(#478),#175,.F.);
#4305=ADVANCED_FACE('',(#479),#4137,.T.);
#4306=ADVANCED_FACE('',(#480),#4138,.T.);
#4307=ADVANCED_FACE('',(#481),#4139,.T.);
#4308=ADVANCED_FACE('',(#482),#176,.F.);
#4309=ADVANCED_FACE('',(#483),#4140,.T.);
#4310=ADVANCED_FACE('',(#484),#177,.T.);
#4311=ADVANCED_FACE('',(#485),#4141,.T.);
#4312=ADVANCED_FACE('',(#486),#178,.F.);
#4313=ADVANCED_FACE('',(#487),#4142,.T.);
#4314=ADVANCED_FACE('',(#488),#4143,.T.);
#4315=ADVANCED_FACE('',(#489),#179,.F.);
#4316=ADVANCED_FACE('',(#490),#4144,.T.);
#4317=ADVANCED_FACE('',(#491),#4145,.F.);
#4318=ADVANCED_FACE('',(#492),#4146,.F.);
#4319=ADVANCED_FACE('',(#493),#180,.F.);
#4320=ADVANCED_FACE('',(#494),#181,.F.);
#4321=ADVANCED_FACE('',(#495),#4147,.F.);
#4322=ADVANCED_FACE('',(#496,#38,#39),#4148,.F.);
#4323=ADVANCED_FACE('',(#497),#4149,.F.);
#4324=ADVANCED_FACE('',(#498),#23,.F.);
#4325=ADVANCED_FACE('',(#499),#182,.T.);
#4326=ADVANCED_FACE('',(#500),#24,.F.);
#4327=ADVANCED_FACE('',(#501),#183,.T.);
#4328=ADVANCED_FACE('',(#502),#25,.F.);
#4329=ADVANCED_FACE('',(#503),#184,.T.);
#4330=ADVANCED_FACE('',(#504),#26,.F.);
#4331=ADVANCED_FACE('',(#505),#185,.T.);
#4332=ADVANCED_FACE('',(#506),#27,.F.);
#4333=ADVANCED_FACE('',(#507),#186,.T.);
#4334=ADVANCED_FACE('',(#508),#28,.F.);
#4335=ADVANCED_FACE('',(#509),#187,.T.);
#4336=ADVANCED_FACE('',(#510),#29,.F.);
#4337=ADVANCED_FACE('',(#511),#188,.T.);
#4338=ADVANCED_FACE('',(#512),#30,.F.);
#4339=ADVANCED_FACE('',(#513),#189,.T.);
#4340=ADVANCED_FACE('',(#514,#40),#4150,.T.);
#4341=ADVANCED_FACE('',(#515),#190,.T.);
#4342=ADVANCED_FACE('',(#516,#41),#4151,.T.);
#4343=ADVANCED_FACE('',(#517),#191,.T.);
#4344=ADVANCED_FACE('',(#518,#42),#4152,.F.);
#4345=ADVANCED_FACE('',(#519),#4153,.T.);
#4346=ADVANCED_FACE('',(#520),#4154,.F.);
#4347=ADVANCED_FACE('',(#521),#4155,.F.);
#4348=ADVANCED_FACE('',(#522),#4156,.F.);
#4349=ADVANCED_FACE('',(#523),#4157,.F.);
#4350=ADVANCED_FACE('',(#524),#4158,.F.);
#4351=ADVANCED_FACE('',(#525),#192,.T.);
#4352=ADVANCED_FACE('',(#526),#193,.T.);
#4353=ADVANCED_FACE('',(#527,#43),#4159,.F.);
#4354=ADVANCED_FACE('',(#528),#194,.T.);
#4355=ADVANCED_FACE('',(#529),#4160,.F.);
#4356=ADVANCED_FACE('',(#530),#4161,.T.);
#4357=ADVANCED_FACE('',(#531),#4162,.F.);
#4358=ADVANCED_FACE('',(#532),#195,.T.);
#4359=ADVANCED_FACE('',(#533),#196,.T.);
#4360=ADVANCED_FACE('',(#534),#4163,.T.);
#4361=ADVANCED_FACE('',(#535),#4164,.T.);
#4362=ADVANCED_FACE('',(#536),#4165,.F.);
#4363=ADVANCED_FACE('',(#537),#4166,.T.);
#4364=ADVANCED_FACE('',(#538),#197,.T.);
#4365=ADVANCED_FACE('',(#539),#198,.T.);
#4366=ADVANCED_FACE('',(#540),#199,.T.);
#4367=ADVANCED_FACE('',(#541),#200,.T.);
#4368=ADVANCED_FACE('',(#542),#4167,.F.);
#4369=ADVANCED_FACE('',(#543),#4168,.T.);
#4370=ADVANCED_FACE('',(#544),#4169,.F.);
#4371=ADVANCED_FACE('',(#545),#201,.T.);
#4372=ADVANCED_FACE('',(#546,#44),#4170,.F.);
#4373=ADVANCED_FACE('',(#547),#4171,.T.);
#4374=ADVANCED_FACE('',(#548),#4172,.T.);
#4375=ADVANCED_FACE('',(#549),#4173,.F.);
#4376=ADVANCED_FACE('',(#550),#4174,.F.);
#4377=ADVANCED_FACE('',(#551),#4175,.F.);
#4378=ADVANCED_FACE('',(#552),#4176,.F.);
#4379=ADVANCED_FACE('',(#553),#4177,.T.);
#4380=ADVANCED_FACE('',(#554),#4178,.T.);
#4381=ADVANCED_FACE('',(#555),#4179,.T.);
#4382=ADVANCED_FACE('',(#556),#4180,.T.);
#4383=ADVANCED_FACE('',(#557),#4181,.T.);
#4384=ADVANCED_FACE('',(#558),#202,.T.);
#4385=ADVANCED_FACE('',(#559),#4182,.T.);
#4386=ADVANCED_FACE('',(#560),#203,.F.);
#4387=ADVANCED_FACE('',(#561),#4183,.T.);
#4388=ADVANCED_FACE('',(#562),#204,.F.);
#4389=ADVANCED_FACE('',(#563),#4184,.F.);
#4390=ADVANCED_FACE('',(#564),#4185,.F.);
#4391=ADVANCED_FACE('',(#565),#4186,.F.);
#4392=ADVANCED_FACE('',(#566),#4187,.F.);
#4393=ADVANCED_FACE('',(#567),#4188,.F.);
#4394=ADVANCED_FACE('',(#568),#205,.T.);
#4395=ADVANCED_FACE('',(#569),#4189,.F.);
#4396=ADVANCED_FACE('',(#570),#4190,.F.);
#4397=ADVANCED_FACE('',(#571),#206,.T.);
#4398=ADVANCED_FACE('',(#572),#4191,.T.);
#4399=ADVANCED_FACE('',(#573),#4192,.T.);
#4400=ADVANCED_FACE('',(#574),#4193,.T.);
#4401=ADVANCED_FACE('',(#575),#207,.T.);
#4402=ADVANCED_FACE('',(#576),#4194,.T.);
#4403=ADVANCED_FACE('',(#577),#208,.F.);
#4404=ADVANCED_FACE('',(#578),#4195,.T.);
#4405=ADVANCED_FACE('',(#579),#209,.T.);
#4406=ADVANCED_FACE('',(#580),#4196,.T.);
#4407=ADVANCED_FACE('',(#581),#31,.F.);
#4408=ADVANCED_FACE('',(#582),#4197,.F.);
#4409=ADVANCED_FACE('',(#583),#210,.T.);
#4410=ADVANCED_FACE('',(#584),#4198,.T.);
#4411=ADVANCED_FACE('',(#585),#4199,.T.);
#4412=ADVANCED_FACE('',(#586),#4200,.T.);
#4413=ADVANCED_FACE('',(#587),#4201,.T.);
#4414=ADVANCED_FACE('',(#588),#211,.T.);
#4415=ADVANCED_FACE('',(#589),#4202,.T.);
#4416=ADVANCED_FACE('',(#590),#4203,.F.);
#4417=ADVANCED_FACE('',(#591),#4204,.F.);
#4418=ADVANCED_FACE('',(#592),#32,.F.);
#4419=ADVANCED_FACE('',(#593),#212,.T.);
#4420=ADVANCED_FACE('',(#594),#4205,.T.);
#4421=ADVANCED_FACE('',(#595),#213,.T.);
#4422=ADVANCED_FACE('',(#596),#4206,.T.);
#4423=ADVANCED_FACE('',(#597),#214,.F.);
#4424=ADVANCED_FACE('',(#598),#4207,.T.);
#4425=ADVANCED_FACE('',(#599),#215,.T.);
#4426=ADVANCED_FACE('',(#600),#4208,.T.);
#4427=ADVANCED_FACE('',(#601),#4209,.T.);
#4428=ADVANCED_FACE('',(#602),#4210,.T.);
#4429=ADVANCED_FACE('',(#603),#216,.T.);
#4430=ADVANCED_FACE('',(#604),#217,.T.);
#4431=ADVANCED_FACE('',(#605),#218,.T.);
#4432=ADVANCED_FACE('',(#606),#219,.T.);
#4433=ADVANCED_FACE('',(#607),#220,.T.);
#4434=ADVANCED_FACE('',(#608),#221,.T.);
#4435=ADVANCED_FACE('',(#609),#222,.T.);
#4436=ADVANCED_FACE('',(#610),#223,.T.);
#4437=ADVANCED_FACE('',(#611),#224,.T.);
#4438=ADVANCED_FACE('',(#612),#4211,.T.);
#4439=ADVANCED_FACE('',(#613),#225,.F.);
#4440=ADVANCED_FACE('',(#614),#4212,.T.);
#4441=ADVANCED_FACE('',(#615),#226,.T.);
#4442=ADVANCED_FACE('',(#616),#4213,.T.);
#4443=ADVANCED_FACE('',(#617),#4214,.T.);
#4444=ADVANCED_FACE('',(#618),#4215,.T.);
#4445=ADVANCED_FACE('',(#619),#227,.T.);
#4446=ADVANCED_FACE('',(#620),#4216,.T.);
#4447=ADVANCED_FACE('',(#621),#4217,.T.);
#4448=ADVANCED_FACE('',(#622),#4218,.T.);
#4449=ADVANCED_FACE('',(#623),#4219,.T.);
#4450=ADVANCED_FACE('',(#624),#4220,.T.);
#4451=ADVANCED_FACE('',(#625),#17,.T.);
#4452=ADVANCED_FACE('',(#626),#18,.T.);
#4453=ADVANCED_FACE('',(#627),#4221,.T.);
#4454=ADVANCED_FACE('',(#628),#19,.T.);
#4455=ADVANCED_FACE('',(#629),#20,.T.);
#4456=ADVANCED_FACE('',(#630),#4222,.T.);
#4457=ADVANCED_FACE('',(#631),#4223,.F.);
#4458=ADVANCED_FACE('',(#632),#4224,.T.);
#4459=ADVANCED_FACE('',(#633),#4225,.T.);
#4460=ADVANCED_FACE('',(#634),#4226,.T.);
#4461=ADVANCED_FACE('',(#635),#4227,.T.);
#4462=ADVANCED_FACE('',(#636),#4228,.T.);
#4463=ADVANCED_FACE('',(#637),#228,.F.);
#4464=ADVANCED_FACE('',(#638),#4229,.T.);
#4465=ADVANCED_FACE('',(#639),#229,.F.);
#4466=ADVANCED_FACE('',(#640),#4230,.T.);
#4467=ADVANCED_FACE('',(#641),#4231,.T.);
#4468=CLOSED_SHELL('',(#4232,#4233,#4234,#4235,#4236,#4237,#4238,#4239,
#4240,#4241,#4242,#4243));
#4469=CLOSED_SHELL('',(#4244,#4245,#4246,#4247,#4248,#4249,#4250,#4251,
#4252,#4253,#4254,#4255,#4256,#4257,#4258,#4259,#4260,#4261,#4262,#4263,
#4264,#4265,#4266,#4267,#4268,#4269,#4270,#4271,#4272,#4273,#4274,#4275,
#4276,#4277,#4278,#4279,#4280,#4281,#4282,#4283,#4284,#4285,#4286,#4287,
#4288,#4289,#4290,#4291,#4292,#4293,#4294,#4295,#4296,#4297,#4298,#4299,
#4300,#4301,#4302,#4303,#4304,#4305,#4306,#4307,#4308,#4309,#4310,#4311,
#4312,#4313,#4314,#4315,#4316,#4317,#4318,#4319,#4320,#4321,#4322,#4323,
#4324,#4325,#4326,#4327,#4328,#4329,#4330,#4331,#4332,#4333,#4334,#4335,
#4336,#4337,#4338,#4339,#4340,#4341,#4342,#4343,#4344,#4345,#4346,#4347,
#4348,#4349,#4350,#4351,#4352,#4353,#4354,#4355,#4356,#4357,#4358,#4359,
#4360,#4361,#4362,#4363,#4364,#4365,#4366,#4367,#4368,#4369,#4370,#4371,
#4372,#4373,#4374,#4375,#4376,#4377,#4378,#4379,#4380,#4381,#4382,#4383,
#4384,#4385,#4386,#4387,#4388,#4389,#4390,#4391,#4392,#4393,#4394,#4395,
#4396,#4397,#4398,#4399,#4400,#4401,#4402,#4403,#4404,#4405,#4406,#4407,
#4408,#4409,#4410,#4411,#4412,#4413,#4414,#4415,#4416,#4417,#4418,#4419,
#4420,#4421,#4422,#4423,#4424,#4425,#4426,#4427,#4428,#4429,#4430,#4431,
#4432,#4433,#4434,#4435,#4436,#4437,#4438,#4439,#4440,#4441,#4442,#4443,
#4444,#4445,#4446,#4447,#4448,#4449,#4450,#4451,#4452,#4453,#4454,#4455));
#4470=CLOSED_SHELL('',(#4456,#4457,#4458,#4459,#4460,#4461,#4462,#4463,
#4464,#4465,#4466,#4467));
#4471=DERIVED_UNIT_ELEMENT(#4473,1.);
#4472=DERIVED_UNIT_ELEMENT(#7568,-3.);
#4473=(
MASS_UNIT()
NAMED_UNIT(*)
SI_UNIT(.KILO.,.GRAM.)
);
#4474=DERIVED_UNIT((#4471,#4472));
#4475=MEASURE_REPRESENTATION_ITEM('density measure',
POSITIVE_RATIO_MEASURE(7850.),#4474);
#4476=PROPERTY_DEFINITION_REPRESENTATION(#4481,#4478);
#4477=PROPERTY_DEFINITION_REPRESENTATION(#4482,#4479);
#4478=REPRESENTATION('material name',(#4480),#7565);
#4479=REPRESENTATION('density',(#4475),#7565);
#4480=DESCRIPTIVE_REPRESENTATION_ITEM('Steel','Steel');
#4481=PROPERTY_DEFINITION('material property','material name',#7580);
#4482=PROPERTY_DEFINITION('material property','density of part',#7580);
#4483=AXIS2_PLACEMENT_3D('',#6150,#4888,#4889);
#4484=AXIS2_PLACEMENT_3D('',#6151,#4890,#4891);
#4485=AXIS2_PLACEMENT_3D('',#6152,#4892,#4893);
#4486=AXIS2_PLACEMENT_3D('',#6161,#4898,#4899);
#4487=AXIS2_PLACEMENT_3D('',#6171,#4904,#4905);
#4488=AXIS2_PLACEMENT_3D('',#6175,#4907,#4908);
#4489=AXIS2_PLACEMENT_3D('',#6179,#4911,#4912);
#4490=AXIS2_PLACEMENT_3D('',#6183,#4915,#4916);
#4491=AXIS2_PLACEMENT_3D('',#6191,#4920,#4921);
#4492=AXIS2_PLACEMENT_3D('',#6195,#4923,#4924);
#4493=AXIS2_PLACEMENT_3D('',#6199,#4927,#4928);
#4494=AXIS2_PLACEMENT_3D('',#6201,#4930,#4931);
#4495=AXIS2_PLACEMENT_3D('',#6203,#4933,#4934);
#4496=AXIS2_PLACEMENT_3D('',#6205,#4936,#4937);
#4497=AXIS2_PLACEMENT_3D('',#6207,#4939,#4940);
#4498=AXIS2_PLACEMENT_3D('',#6209,#4942,#4943);
#4499=AXIS2_PLACEMENT_3D('',#6211,#4945,#4946);
#4500=AXIS2_PLACEMENT_3D('',#6213,#4948,#4949);
#4501=AXIS2_PLACEMENT_3D('',#6214,#4950,#4951);
#4502=AXIS2_PLACEMENT_3D('',#6217,#4952,#4953);
#4503=AXIS2_PLACEMENT_3D('',#6221,#4955,#4956);
#4504=AXIS2_PLACEMENT_3D('',#6223,#4958,#4959);
#4505=AXIS2_PLACEMENT_3D('',#6226,#4960,#4961);
#4506=AXIS2_PLACEMENT_3D('',#6230,#4963,#4964);
#4507=AXIS2_PLACEMENT_3D('',#6232,#4966,#4967);
#4508=AXIS2_PLACEMENT_3D('',#6237,#4969,#4970);
#4509=AXIS2_PLACEMENT_3D('',#6241,#4972,#4973);
#4510=AXIS2_PLACEMENT_3D('',#6253,#4979,#4980);
#4511=AXIS2_PLACEMENT_3D('',#6261,#4984,#4985);
#4512=AXIS2_PLACEMENT_3D('',#6273,#4992,#4993);
#4513=AXIS2_PLACEMENT_3D('',#6277,#4995,#4996);
#4514=AXIS2_PLACEMENT_3D('',#6279,#4998,#4999);
#4515=AXIS2_PLACEMENT_3D('',#6283,#5002,#5003);
#4516=AXIS2_PLACEMENT_3D('',#6287,#5006,#5007);
#4517=AXIS2_PLACEMENT_3D('',#6291,#5010,#5011);
#4518=AXIS2_PLACEMENT_3D('',#6294,#5013,#5014);
#4519=AXIS2_PLACEMENT_3D('',#6295,#5015,#5016);
#4520=AXIS2_PLACEMENT_3D('',#6297,#5017,#5018);
#4521=AXIS2_PLACEMENT_3D('',#6299,#5019,#5020);
#4522=AXIS2_PLACEMENT_3D('',#6301,#5022,#5023);
#4523=AXIS2_PLACEMENT_3D('',#6307,#5026,#5027);
#4524=AXIS2_PLACEMENT_3D('',#6313,#5031,#5032);
#4525=AXIS2_PLACEMENT_3D('',#6316,#5034,#5035);
#4526=AXIS2_PLACEMENT_3D('',#6317,#5036,#5037);
#4527=AXIS2_PLACEMENT_3D('',#6321,#5040,#5041);
#4528=AXIS2_PLACEMENT_3D('',#6325,#5044,#5045);
#4529=AXIS2_PLACEMENT_3D('',#6330,#5047,#5048);
#4530=AXIS2_PLACEMENT_3D('',#6334,#5050,#5051);
#4531=AXIS2_PLACEMENT_3D('',#6337,#5053,#5054);
#4532=AXIS2_PLACEMENT_3D('',#6342,#5057,#5058);
#4533=AXIS2_PLACEMENT_3D('',#6349,#5062,#5063);
#4534=AXIS2_PLACEMENT_3D('',#6350,#5064,#5065);
#4535=AXIS2_PLACEMENT_3D('',#6352,#5066,#5067);
#4536=AXIS2_PLACEMENT_3D('',#6354,#5069,#5070);
#4537=AXIS2_PLACEMENT_3D('',#6359,#5072,#5073);
#4538=AXIS2_PLACEMENT_3D('',#6363,#5075,#5076);
#4539=AXIS2_PLACEMENT_3D('',#6367,#5078,#5079);
#4540=AXIS2_PLACEMENT_3D('',#6375,#5083,#5084);
#4541=AXIS2_PLACEMENT_3D('',#6379,#5088,#5089);
#4542=AXIS2_PLACEMENT_3D('',#6381,#5090,#5091);
#4543=AXIS2_PLACEMENT_3D('',#6383,#5093,#5094);
#4544=AXIS2_PLACEMENT_3D('',#6385,#5096,#5097);
#4545=AXIS2_PLACEMENT_3D('',#6391,#5101,#5102);
#4546=AXIS2_PLACEMENT_3D('',#6395,#5105,#5106);
#4547=AXIS2_PLACEMENT_3D('',#6399,#5109,#5110);
#4548=AXIS2_PLACEMENT_3D('',#6401,#5112,#5113);
#4549=AXIS2_PLACEMENT_3D('',#6408,#5116,#5117);
#4550=AXIS2_PLACEMENT_3D('',#6411,#5119,#5120);
#4551=AXIS2_PLACEMENT_3D('',#6415,#5122,#5123);
#4552=AXIS2_PLACEMENT_3D('',#6423,#5127,#5128);
#4553=AXIS2_PLACEMENT_3D('',#6429,#5131,#5132);
#4554=AXIS2_PLACEMENT_3D('',#6433,#5134,#5135);
#4555=AXIS2_PLACEMENT_3D('',#6437,#5137,#5138);
#4556=AXIS2_PLACEMENT_3D('',#6440,#5140,#5141);
#4557=AXIS2_PLACEMENT_3D('',#6445,#5143,#5144);
#4558=AXIS2_PLACEMENT_3D('',#6449,#5146,#5147);
#4559=AXIS2_PLACEMENT_3D('',#6453,#5149,#5150);
#4560=AXIS2_PLACEMENT_3D('',#6456,#5152,#5153);
#4561=AXIS2_PLACEMENT_3D('',#6459,#5154,#5155);
#4562=AXIS2_PLACEMENT_3D('',#6463,#5157,#5158);
#4563=AXIS2_PLACEMENT_3D('',#6467,#5160,#5161);
#4564=AXIS2_PLACEMENT_3D('',#6471,#5163,#5164);
#4565=AXIS2_PLACEMENT_3D('',#6473,#5166,#5167);
#4566=AXIS2_PLACEMENT_3D('',#6475,#5168,#5169);
#4567=AXIS2_PLACEMENT_3D('',#6477,#5170,#5171);
#4568=AXIS2_PLACEMENT_3D('',#6479,#5172,#5173);
#4569=AXIS2_PLACEMENT_3D('',#6481,#5175,#5176);
#4570=AXIS2_PLACEMENT_3D('',#6489,#5180,#5181);
#4571=AXIS2_PLACEMENT_3D('',#6497,#5185,#5186);
#4572=AXIS2_PLACEMENT_3D('',#6505,#5190,#5191);
#4573=AXIS2_PLACEMENT_3D('',#6509,#5193,#5194);
#4574=AXIS2_PLACEMENT_3D('',#6513,#5196,#5197);
#4575=AXIS2_PLACEMENT_3D('',#6517,#5199,#5200);
#4576=AXIS2_PLACEMENT_3D('',#6520,#5202,#5203);
#4577=AXIS2_PLACEMENT_3D('',#6521,#5204,#5205);
#4578=AXIS2_PLACEMENT_3D('',#6526,#5209,#5210);
#4579=AXIS2_PLACEMENT_3D('',#6529,#5213,#5214);
#4580=AXIS2_PLACEMENT_3D('',#6531,#5216,#5217);
#4581=AXIS2_PLACEMENT_3D('',#6533,#5219,#5220);
#4582=AXIS2_PLACEMENT_3D('',#6535,#5222,#5223);
#4583=AXIS2_PLACEMENT_3D('',#6536,#5224,#5225);
#4584=AXIS2_PLACEMENT_3D('',#6537,#5226,#5227);
#4585=AXIS2_PLACEMENT_3D('',#6539,#5229,#5230);
#4586=AXIS2_PLACEMENT_3D('',#6541,#5232,#5233);
#4587=AXIS2_PLACEMENT_3D('',#6542,#5234,#5235);
#4588=AXIS2_PLACEMENT_3D('',#6543,#5236,#5237);
#4589=AXIS2_PLACEMENT_3D('',#6544,#5238,#5239);
#4590=AXIS2_PLACEMENT_3D('',#6545,#5240,#5241);
#4591=AXIS2_PLACEMENT_3D('',#6546,#5242,#5243);
#4592=AXIS2_PLACEMENT_3D('',#6550,#5245,#5246);
#4593=AXIS2_PLACEMENT_3D('',#6552,#5248,#5249);
#4594=AXIS2_PLACEMENT_3D('',#6556,#5252,#5253);
#4595=AXIS2_PLACEMENT_3D('',#6559,#5255,#5256);
#4596=AXIS2_PLACEMENT_3D('',#6560,#5257,#5258);
#4597=AXIS2_PLACEMENT_3D('',#6564,#5261,#5262);
#4598=AXIS2_PLACEMENT_3D('',#6567,#5264,#5265);
#4599=AXIS2_PLACEMENT_3D('',#6568,#5266,#5267);
#4600=AXIS2_PLACEMENT_3D('',#6572,#5270,#5271);
#4601=AXIS2_PLACEMENT_3D('',#6575,#5273,#5274);
#4602=AXIS2_PLACEMENT_3D('',#6576,#5275,#5276);
#4603=AXIS2_PLACEMENT_3D('',#6578,#5278,#5279);
#4604=AXIS2_PLACEMENT_3D('',#6583,#5282,#5283);
#4605=AXIS2_PLACEMENT_3D('',#6584,#5284,#5285);
#4606=AXIS2_PLACEMENT_3D('',#6588,#5288,#5289);
#4607=AXIS2_PLACEMENT_3D('',#6591,#5291,#5292);
#4608=AXIS2_PLACEMENT_3D('',#6592,#5293,#5294);
#4609=AXIS2_PLACEMENT_3D('',#6596,#5297,#5298);
#4610=AXIS2_PLACEMENT_3D('',#6599,#5300,#5301);
#4611=AXIS2_PLACEMENT_3D('',#6600,#5302,#5303);
#4612=AXIS2_PLACEMENT_3D('',#6604,#5306,#5307);
#4613=AXIS2_PLACEMENT_3D('',#6607,#5309,#5310);
#4614=AXIS2_PLACEMENT_3D('',#6608,#5311,#5312);
#4615=AXIS2_PLACEMENT_3D('',#6610,#5314,#5315);
#4616=AXIS2_PLACEMENT_3D('',#6616,#5319,#5320);
#4617=AXIS2_PLACEMENT_3D('',#6618,#5321,#5322);
#4618=AXIS2_PLACEMENT_3D('',#6620,#5324,#5325);
#4619=AXIS2_PLACEMENT_3D('',#6624,#5328,#5329);
#4620=AXIS2_PLACEMENT_3D('',#6626,#5330,#5331);
#4621=AXIS2_PLACEMENT_3D('',#6628,#5333,#5334);
#4622=AXIS2_PLACEMENT_3D('',#6632,#5337,#5338);
#4623=AXIS2_PLACEMENT_3D('',#6634,#5339,#5340);
#4624=AXIS2_PLACEMENT_3D('',#6636,#5342,#5343);
#4625=AXIS2_PLACEMENT_3D('',#6640,#5346,#5347);
#4626=AXIS2_PLACEMENT_3D('',#6641,#5348,#5349);
#4627=AXIS2_PLACEMENT_3D('',#6642,#5350,#5351);
#4628=AXIS2_PLACEMENT_3D('',#6645,#5354,#5355);
#4629=AXIS2_PLACEMENT_3D('',#6647,#5357,#5358);
#4630=AXIS2_PLACEMENT_3D('',#6649,#5360,#5361);
#4631=AXIS2_PLACEMENT_3D('',#6651,#5363,#5364);
#4632=AXIS2_PLACEMENT_3D('',#6655,#5366,#5367);
#4633=AXIS2_PLACEMENT_3D('',#6657,#5368,#5369);
#4634=AXIS2_PLACEMENT_3D('',#6661,#5372,#5373);
#4635=AXIS2_PLACEMENT_3D('',#6663,#5374,#5375);
#4636=AXIS2_PLACEMENT_3D('',#6665,#5377,#5378);
#4637=AXIS2_PLACEMENT_3D('',#6668,#5380,#5381);
#4638=AXIS2_PLACEMENT_3D('',#6674,#5385,#5386);
#4639=AXIS2_PLACEMENT_3D('',#6676,#5387,#5388);
#4640=AXIS2_PLACEMENT_3D('',#6679,#5390,#5391);
#4641=AXIS2_PLACEMENT_3D('',#6680,#5392,#5393);
#4642=AXIS2_PLACEMENT_3D('',#6682,#5395,#5396);
#4643=AXIS2_PLACEMENT_3D('',#6684,#5398,#5399);
#4644=AXIS2_PLACEMENT_3D('',#6685,#5400,#5401);
#4645=AXIS2_PLACEMENT_3D('',#6686,#5402,#5403);
#4646=AXIS2_PLACEMENT_3D('',#6688,#5405,#5406);
#4647=AXIS2_PLACEMENT_3D('',#6690,#5408,#5409);
#4648=AXIS2_PLACEMENT_3D('',#6713,#5422,#5423);
#4649=AXIS2_PLACEMENT_3D('',#6714,#5424,#5425);
#4650=AXIS2_PLACEMENT_3D('',#6716,#5427,#5428);
#4651=AXIS2_PLACEMENT_3D('',#6734,#5438,#5439);
#4652=AXIS2_PLACEMENT_3D('',#6764,#5455,#5456);
#4653=AXIS2_PLACEMENT_3D('',#6798,#5466,#5467);
#4654=AXIS2_PLACEMENT_3D('',#6800,#5468,#5469);
#4655=AXIS2_PLACEMENT_3D('',#6823,#5470,#5471);
#4656=AXIS2_PLACEMENT_3D('',#6825,#5472,#5473);
#4657=AXIS2_PLACEMENT_3D('',#6843,#5475,#5476);
#4658=AXIS2_PLACEMENT_3D('',#6866,#5477,#5478);
#4659=AXIS2_PLACEMENT_3D('',#6868,#5479,#5480);
#4660=AXIS2_PLACEMENT_3D('',#6880,#5482,#5483);
#4661=AXIS2_PLACEMENT_3D('',#6881,#5484,#5485);
#4662=AXIS2_PLACEMENT_3D('',#6882,#5486,#5487);
#4663=AXIS2_PLACEMENT_3D('',#6884,#5488,#5489);
#4664=AXIS2_PLACEMENT_3D('',#6896,#5491,#5492);
#4665=AXIS2_PLACEMENT_3D('',#6897,#5493,#5494);
#4666=AXIS2_PLACEMENT_3D('',#6898,#5495,#5496);
#4667=AXIS2_PLACEMENT_3D('',#6910,#5498,#5499);
#4668=AXIS2_PLACEMENT_3D('',#6912,#5500,#5501);
#4669=AXIS2_PLACEMENT_3D('',#6913,#5502,#5503);
#4670=AXIS2_PLACEMENT_3D('',#6914,#5504,#5505);
#4671=AXIS2_PLACEMENT_3D('',#6916,#5506,#5507);
#4672=AXIS2_PLACEMENT_3D('',#6928,#5509,#5510);
#4673=AXIS2_PLACEMENT_3D('',#6929,#5511,#5512);
#4674=AXIS2_PLACEMENT_3D('',#6930,#5513,#5514);
#4675=AXIS2_PLACEMENT_3D('',#6932,#5515,#5516);
#4676=AXIS2_PLACEMENT_3D('',#6944,#5518,#5519);
#4677=AXIS2_PLACEMENT_3D('',#6945,#5520,#5521);
#4678=AXIS2_PLACEMENT_3D('',#6946,#5522,#5523);
#4679=AXIS2_PLACEMENT_3D('',#6948,#5524,#5525);
#4680=AXIS2_PLACEMENT_3D('',#6960,#5527,#5528);
#4681=AXIS2_PLACEMENT_3D('',#6961,#5529,#5530);
#4682=AXIS2_PLACEMENT_3D('',#6962,#5531,#5532);
#4683=AXIS2_PLACEMENT_3D('',#6964,#5534,#5535);
#4684=AXIS2_PLACEMENT_3D('',#6967,#5536,#5537);
#4685=AXIS2_PLACEMENT_3D('',#6971,#5539,#5540);
#4686=AXIS2_PLACEMENT_3D('',#6975,#5542,#5543);
#4687=AXIS2_PLACEMENT_3D('',#6979,#5545,#5546);
#4688=AXIS2_PLACEMENT_3D('',#6981,#5548,#5549);
#4689=AXIS2_PLACEMENT_3D('',#6983,#5550,#5551);
#4690=AXIS2_PLACEMENT_3D('',#6986,#5553,#5554);
#4691=AXIS2_PLACEMENT_3D('',#6987,#5555,#5556);
#4692=AXIS2_PLACEMENT_3D('',#7000,#5562,#5563);
#4693=AXIS2_PLACEMENT_3D('',#7004,#5565,#5566);
#4694=AXIS2_PLACEMENT_3D('',#7010,#5570,#5571);
#4695=AXIS2_PLACEMENT_3D('',#7019,#5576,#5577);
#4696=AXIS2_PLACEMENT_3D('',#7021,#5578,#5579);
#4697=AXIS2_PLACEMENT_3D('',#7023,#5581,#5582);
#4698=AXIS2_PLACEMENT_3D('',#7033,#5587,#5588);
#4699=AXIS2_PLACEMENT_3D('',#7037,#5590,#5591);
#4700=AXIS2_PLACEMENT_3D('',#7053,#5600,#5601);
#4701=AXIS2_PLACEMENT_3D('',#7054,#5602,#5603);
#4702=AXIS2_PLACEMENT_3D('',#7058,#5606,#5607);
#4703=AXIS2_PLACEMENT_3D('',#7059,#5608,#5609);
#4704=AXIS2_PLACEMENT_3D('',#7063,#5612,#5613);
#4705=AXIS2_PLACEMENT_3D('',#7066,#5616,#5617);
#4706=AXIS2_PLACEMENT_3D('',#7072,#5621,#5622);
#4707=AXIS2_PLACEMENT_3D('',#7074,#5624,#5625);
#4708=AXIS2_PLACEMENT_3D('',#7075,#5626,#5627);
#4709=AXIS2_PLACEMENT_3D('',#7076,#5628,#5629);
#4710=AXIS2_PLACEMENT_3D('',#7077,#5630,#5631);
#4711=AXIS2_PLACEMENT_3D('',#7080,#5633,#5634);
#4712=AXIS2_PLACEMENT_3D('',#7089,#5639,#5640);
#4713=AXIS2_PLACEMENT_3D('',#7092,#5642,#5643);
#4714=AXIS2_PLACEMENT_3D('',#7093,#5644,#5645);
#4715=AXIS2_PLACEMENT_3D('',#7097,#5647,#5648);
#4716=AXIS2_PLACEMENT_3D('',#7101,#5650,#5651);
#4717=AXIS2_PLACEMENT_3D('',#7105,#5653,#5654);
#4718=AXIS2_PLACEMENT_3D('',#7109,#5657,#5658);
#4719=AXIS2_PLACEMENT_3D('',#7113,#5661,#5662);
#4720=AXIS2_PLACEMENT_3D('',#7118,#5664,#5665);
#4721=AXIS2_PLACEMENT_3D('',#7121,#5667,#5668);
#4722=AXIS2_PLACEMENT_3D('',#7125,#5670,#5671);
#4723=AXIS2_PLACEMENT_3D('',#7128,#5673,#5674);
#4724=AXIS2_PLACEMENT_3D('',#7129,#5675,#5676);
#4725=AXIS2_PLACEMENT_3D('',#7132,#5678,#5679);
#4726=AXIS2_PLACEMENT_3D('',#7133,#5680,#5681);
#4727=AXIS2_PLACEMENT_3D('',#7134,#5682,#5683);
#4728=AXIS2_PLACEMENT_3D('',#7135,#5684,#5685);
#4729=AXIS2_PLACEMENT_3D('',#7141,#5689,#5690);
#4730=AXIS2_PLACEMENT_3D('',#7147,#5694,#5695);
#4731=AXIS2_PLACEMENT_3D('',#7154,#5698,#5699);
#4732=AXIS2_PLACEMENT_3D('',#7157,#5702,#5703);
#4733=AXIS2_PLACEMENT_3D('',#7161,#5706,#5707);
#4734=AXIS2_PLACEMENT_3D('',#7163,#5708,#5709);
#4735=AXIS2_PLACEMENT_3D('',#7165,#5710,#5711);
#4736=AXIS2_PLACEMENT_3D('',#7167,#5713,#5714);
#4737=AXIS2_PLACEMENT_3D('',#7169,#5715,#5716);
#4738=AXIS2_PLACEMENT_3D('',#7172,#5718,#5719);
#4739=AXIS2_PLACEMENT_3D('',#7173,#5720,#5721);
#4740=AXIS2_PLACEMENT_3D('',#7174,#5722,#5723);
#4741=AXIS2_PLACEMENT_3D('',#7175,#5724,#5725);
#4742=AXIS2_PLACEMENT_3D('',#7177,#5726,#5727);
#4743=AXIS2_PLACEMENT_3D('',#7179,#5728,#5729);
#4744=AXIS2_PLACEMENT_3D('',#7181,#5731,#5732);
#4745=AXIS2_PLACEMENT_3D('',#7189,#5736,#5737);
#4746=AXIS2_PLACEMENT_3D('',#7193,#5739,#5740);
#4747=AXIS2_PLACEMENT_3D('',#7196,#5742,#5743);
#4748=AXIS2_PLACEMENT_3D('',#7197,#5744,#5745);
#4749=AXIS2_PLACEMENT_3D('',#7201,#5748,#5749);
#4750=AXIS2_PLACEMENT_3D('',#7206,#5751,#5752);
#4751=AXIS2_PLACEMENT_3D('',#7210,#5754,#5755);
#4752=AXIS2_PLACEMENT_3D('',#7213,#5757,#5758);
#4753=AXIS2_PLACEMENT_3D('',#7216,#5760,#5761);
#4754=AXIS2_PLACEMENT_3D('',#7217,#5762,#5763);
#4755=AXIS2_PLACEMENT_3D('',#7219,#5764,#5765);
#4756=AXIS2_PLACEMENT_3D('',#7221,#5767,#5768);
#4757=AXIS2_PLACEMENT_3D('',#7231,#5774,#5775);
#4758=AXIS2_PLACEMENT_3D('',#7232,#5776,#5777);
#4759=AXIS2_PLACEMENT_3D('',#7233,#5778,#5779);
#4760=AXIS2_PLACEMENT_3D('',#7239,#5783,#5784);
#4761=AXIS2_PLACEMENT_3D('',#7245,#5788,#5789);
#4762=AXIS2_PLACEMENT_3D('',#7251,#5793,#5794);
#4763=AXIS2_PLACEMENT_3D('',#7257,#5798,#5799);
#4764=AXIS2_PLACEMENT_3D('',#7259,#5801,#5802);
#4765=AXIS2_PLACEMENT_3D('',#7262,#5805,#5806);
#4766=AXIS2_PLACEMENT_3D('',#7263,#5807,#5808);
#4767=AXIS2_PLACEMENT_3D('',#7265,#5810,#5811);
#4768=AXIS2_PLACEMENT_3D('',#7267,#5813,#5814);
#4769=AXIS2_PLACEMENT_3D('',#7269,#5816,#5817);
#4770=AXIS2_PLACEMENT_3D('',#7271,#5819,#5820);
#4771=AXIS2_PLACEMENT_3D('',#7273,#5822,#5823);
#4772=AXIS2_PLACEMENT_3D('',#7282,#5827,#5828);
#4773=AXIS2_PLACEMENT_3D('',#7286,#5831,#5832);
#4774=AXIS2_PLACEMENT_3D('',#7288,#5833,#5834);
#4775=AXIS2_PLACEMENT_3D('',#7292,#5836,#5837);
#4776=AXIS2_PLACEMENT_3D('',#7295,#5839,#5840);
#4777=AXIS2_PLACEMENT_3D('',#7296,#5841,#5842);
#4778=AXIS2_PLACEMENT_3D('',#7298,#5843,#5844);
#4779=AXIS2_PLACEMENT_3D('',#7300,#5846,#5847);
#4780=AXIS2_PLACEMENT_3D('',#7305,#5849,#5850);
#4781=AXIS2_PLACEMENT_3D('',#7309,#5852,#5853);
#4782=AXIS2_PLACEMENT_3D('',#7312,#5855,#5856);
#4783=AXIS2_PLACEMENT_3D('',#7317,#5859,#5860);
#4784=AXIS2_PLACEMENT_3D('',#7321,#5863,#5864);
#4785=AXIS2_PLACEMENT_3D('',#7324,#5867,#5868);
#4786=AXIS2_PLACEMENT_3D('',#7326,#5870,#5871);
#4787=AXIS2_PLACEMENT_3D('',#7328,#5873,#5874);
#4788=AXIS2_PLACEMENT_3D('',#7329,#5875,#5876);
#4789=AXIS2_PLACEMENT_3D('',#7331,#5878,#5879);
#4790=AXIS2_PLACEMENT_3D('',#7333,#5881,#5882);
#4791=AXIS2_PLACEMENT_3D('',#7335,#5884,#5885);
#4792=AXIS2_PLACEMENT_3D('',#7337,#5886,#5887);
#4793=AXIS2_PLACEMENT_3D('',#7339,#5888,#5889);
#4794=AXIS2_PLACEMENT_3D('',#7341,#5891,#5892);
#4795=AXIS2_PLACEMENT_3D('',#7345,#5895,#5896);
#4796=AXIS2_PLACEMENT_3D('',#7349,#5899,#5900);
#4797=AXIS2_PLACEMENT_3D('',#7351,#5902,#5903);
#4798=AXIS2_PLACEMENT_3D('',#7354,#5906,#5907);
#4799=AXIS2_PLACEMENT_3D('',#7356,#5909,#5910);
#4800=AXIS2_PLACEMENT_3D('',#7358,#5912,#5913);
#4801=AXIS2_PLACEMENT_3D('',#7360,#5915,#5916);
#4802=AXIS2_PLACEMENT_3D('',#7362,#5918,#5919);
#4803=AXIS2_PLACEMENT_3D('',#7372,#5920,#5921);
#4804=AXIS2_PLACEMENT_3D('',#7373,#5922,#5923);
#4805=AXIS2_PLACEMENT_3D('',#7375,#5924,#5925);
#4806=AXIS2_PLACEMENT_3D('',#7379,#5928,#5929);
#4807=AXIS2_PLACEMENT_3D('',#7381,#5930,#5931);
#4808=AXIS2_PLACEMENT_3D('',#7383,#5933,#5934);
#4809=AXIS2_PLACEMENT_3D('',#7387,#5937,#5938);
#4810=AXIS2_PLACEMENT_3D('',#7389,#5940,#5941);
#4811=AXIS2_PLACEMENT_3D('',#7393,#5944,#5945);
#4812=AXIS2_PLACEMENT_3D('',#7397,#5948,#5949);
#4813=AXIS2_PLACEMENT_3D('',#7400,#5951,#5952);
#4814=AXIS2_PLACEMENT_3D('',#7401,#5953,#5954);
#4815=AXIS2_PLACEMENT_3D('',#7403,#5956,#5957);
#4816=AXIS2_PLACEMENT_3D('',#7404,#5958,#5959);
#4817=AXIS2_PLACEMENT_3D('',#7405,#5960,#5961);
#4818=AXIS2_PLACEMENT_3D('',#7416,#5963,#5964);
#4819=AXIS2_PLACEMENT_3D('',#7419,#5967,#5968);
#4820=AXIS2_PLACEMENT_3D('',#7420,#5969,#5970);
#4821=AXIS2_PLACEMENT_3D('',#7422,#5972,#5973);
#4822=AXIS2_PLACEMENT_3D('',#7424,#5975,#5976);
#4823=AXIS2_PLACEMENT_3D('',#7426,#5978,#5979);
#4824=AXIS2_PLACEMENT_3D('',#7427,#5980,#5981);
#4825=AXIS2_PLACEMENT_3D('',#7429,#5982,#5983);
#4826=AXIS2_PLACEMENT_3D('',#7431,#5984,#5985);
#4827=AXIS2_PLACEMENT_3D('',#7433,#5987,#5988);
#4828=AXIS2_PLACEMENT_3D('',#7437,#5991,#5992);
#4829=AXIS2_PLACEMENT_3D('',#7441,#5995,#5996);
#4830=AXIS2_PLACEMENT_3D('',#7443,#5998,#5999);
#4831=AXIS2_PLACEMENT_3D('',#7444,#6000,#6001);
#4832=AXIS2_PLACEMENT_3D('',#7445,#6002,#6003);
#4833=AXIS2_PLACEMENT_3D('',#7446,#6004,#6005);
#4834=AXIS2_PLACEMENT_3D('',#7447,#6006,#6007);
#4835=AXIS2_PLACEMENT_3D('',#7449,#6008,#6009);
#4836=AXIS2_PLACEMENT_3D('',#7452,#6011,#6012);
#4837=AXIS2_PLACEMENT_3D('',#7453,#6013,#6014);
#4838=AXIS2_PLACEMENT_3D('',#7456,#6016,#6017);
#4839=AXIS2_PLACEMENT_3D('',#7457,#6018,#6019);
#4840=AXIS2_PLACEMENT_3D('',#7458,#6020,#6021);
#4841=AXIS2_PLACEMENT_3D('',#7459,#6022,#6023);
#4842=AXIS2_PLACEMENT_3D('',#7460,#6024,#6025);
#4843=AXIS2_PLACEMENT_3D('',#7461,#6026,#6027);
#4844=AXIS2_PLACEMENT_3D('',#7462,#6028,#6029);
#4845=AXIS2_PLACEMENT_3D('',#7463,#6030,#6031);
#4846=AXIS2_PLACEMENT_3D('',#7465,#6032,#6033);
#4847=AXIS2_PLACEMENT_3D('',#7467,#6035,#6036);
#4848=AXIS2_PLACEMENT_3D('',#7469,#6038,#6039);
#4849=AXIS2_PLACEMENT_3D('',#7470,#6040,#6041);
#4850=AXIS2_PLACEMENT_3D('',#7471,#6042,#6043);
#4851=AXIS2_PLACEMENT_3D('',#7472,#6044,#6045);
#4852=AXIS2_PLACEMENT_3D('',#7473,#6046,#6047);
#4853=AXIS2_PLACEMENT_3D('',#7474,#6048,#6049);
#4854=AXIS2_PLACEMENT_3D('',#7476,#6051,#6052);
#4855=AXIS2_PLACEMENT_3D('',#7478,#6054,#6055);
#4856=AXIS2_PLACEMENT_3D('',#7480,#6057,#6058);
#4857=AXIS2_PLACEMENT_3D('',#7482,#6060,#6061);
#4858=AXIS2_PLACEMENT_3D('',#7483,#6062,#6063);
#4859=AXIS2_PLACEMENT_3D('',#7484,#6064,#6065);
#4860=AXIS2_PLACEMENT_3D('',#7486,#6067,#6068);
#4861=AXIS2_PLACEMENT_3D('',#7488,#6070,#6071);
#4862=AXIS2_PLACEMENT_3D('',#7489,#6072,#6073);
#4863=AXIS2_PLACEMENT_3D('',#7490,#6074,#6075);
#4864=AXIS2_PLACEMENT_3D('',#7491,#6076,#6077);
#4865=AXIS2_PLACEMENT_3D('',#7492,#6078,#6079);
#4866=AXIS2_PLACEMENT_3D('',#7493,#6080,#6081);
#4867=AXIS2_PLACEMENT_3D('',#7494,#6082,#6083);
#4868=AXIS2_PLACEMENT_3D('',#7495,#6084,#6085);
#4869=AXIS2_PLACEMENT_3D('',#7496,#6086,#6087);
#4870=AXIS2_PLACEMENT_3D('',#7497,#6088,#6089);
#4871=AXIS2_PLACEMENT_3D('',#7498,#6090,#6091);
#4872=AXIS2_PLACEMENT_3D('',#7507,#6096,#6097);
#4873=AXIS2_PLACEMENT_3D('',#7512,#6099,#6100);
#4874=AXIS2_PLACEMENT_3D('',#7516,#6102,#6103);
#4875=AXIS2_PLACEMENT_3D('',#7525,#6109,#6110);
#4876=AXIS2_PLACEMENT_3D('',#7529,#6113,#6114);
#4877=AXIS2_PLACEMENT_3D('',#7534,#6116,#6117);
#4878=AXIS2_PLACEMENT_3D('',#7544,#6123,#6124);
#4879=AXIS2_PLACEMENT_3D('',#7545,#6125,#6126);
#4880=AXIS2_PLACEMENT_3D('',#7547,#6128,#6129);
#4881=AXIS2_PLACEMENT_3D('',#7549,#6131,#6132);
#4882=AXIS2_PLACEMENT_3D('',#7551,#6134,#6135);
#4883=AXIS2_PLACEMENT_3D('',#7553,#6137,#6138);
#4884=AXIS2_PLACEMENT_3D('',#7555,#6140,#6141);
#4885=AXIS2_PLACEMENT_3D('',#7557,#6143,#6144);
#4886=AXIS2_PLACEMENT_3D('',#7559,#6146,#6147);
#4887=AXIS2_PLACEMENT_3D('',#7560,#6148,#6149);
#4888=DIRECTION('axis',(0.,0.,1.));
#4889=DIRECTION('refdir',(1.,0.,0.));
#4890=DIRECTION('axis',(0.,0.,1.));
#4891=DIRECTION('refdir',(1.,0.,0.));
#4892=DIRECTION('center_axis',(1.,3.33777164176654E-17,0.));
#4893=DIRECTION('ref_axis',(-3.33777164176654E-17,1.,0.));
#4894=DIRECTION('',(0.,0.,1.));
#4895=DIRECTION('',(3.33777164176654E-17,-1.,0.));
#4896=DIRECTION('',(0.,0.,-1.));
#4897=DIRECTION('',(-3.33777164176654E-17,1.,0.));
#4898=DIRECTION('center_axis',(0.,0.,1.));
#4899=DIRECTION('ref_axis',(1.,0.,0.));
#4900=DIRECTION('',(1.,0.,0.));
#4901=DIRECTION('',(-1.,0.,0.));
#4902=DIRECTION('',(0.,-1.,0.));
#4903=DIRECTION('',(1.,0.,0.));
#4904=DIRECTION('center_axis',(0.,0.,-1.));
#4905=DIRECTION('ref_axis',(-1.,0.,0.));
#4906=DIRECTION('',(0.,-1.,0.));
#4907=DIRECTION('center_axis',(0.,0.,-1.));
#4908=DIRECTION('ref_axis',(-1.,0.,0.));
#4909=DIRECTION('',(-1.,0.,0.));
#4910=DIRECTION('',(0.,-1.,0.));
#4911=DIRECTION('center_axis',(7.63157283143821E-17,1.,0.));
#4912=DIRECTION('ref_axis',(-1.,7.63157283143821E-17,0.));
#4913=DIRECTION('',(0.,0.,1.));
#4914=DIRECTION('',(-1.,7.63157283143821E-17,0.));
#4915=DIRECTION('center_axis',(0.,0.,1.));
#4916=DIRECTION('ref_axis',(1.,0.,0.));
#4917=DIRECTION('',(1.,0.,0.));
#4918=DIRECTION('',(0.,-1.,0.));
#4919=DIRECTION('',(-1.,0.,0.));
#4920=DIRECTION('center_axis',(0.,0.,-1.));
#4921=DIRECTION('ref_axis',(-1.,0.,0.));
#4922=DIRECTION('',(0.,-1.,0.));
#4923=DIRECTION('center_axis',(0.,0.,-1.));
#4924=DIRECTION('ref_axis',(-1.,0.,0.));
#4925=DIRECTION('',(1.,0.,0.));
#4926=DIRECTION('',(0.,-1.,0.));
#4927=DIRECTION('center_axis',(-7.63157283143821E-17,-1.,0.));
#4928=DIRECTION('ref_axis',(1.,-7.63157283143821E-17,0.));
#4929=DIRECTION('',(0.,0.,-1.));
#4930=DIRECTION('center_axis',(-1.,-3.33777164176654E-17,0.));
#4931=DIRECTION('ref_axis',(3.33777164176654E-17,-1.,0.));
#4932=DIRECTION('',(0.,0.,-1.));
#4933=DIRECTION('center_axis',(-2.44929359829471E-16,1.,0.));
#4934=DIRECTION('ref_axis',(-1.,-2.44929359829471E-16,0.));
#4935=DIRECTION('',(0.,0.,-1.));
#4936=DIRECTION('center_axis',(0.,0.,-1.));
#4937=DIRECTION('ref_axis',(-1.,0.,0.));
#4938=DIRECTION('',(0.,0.,1.));
#4939=DIRECTION('center_axis',(-1.,-2.44929359829471E-16,0.));
#4940=DIRECTION('ref_axis',(2.44929359829471E-16,-1.,0.));
#4941=DIRECTION('',(0.,0.,-1.));
#4942=DIRECTION('center_axis',(0.,0.,-1.));
#4943=DIRECTION('ref_axis',(-1.,0.,0.));
#4944=DIRECTION('',(0.,0.,1.));
#4945=DIRECTION('center_axis',(2.44929359829471E-16,-1.,0.));
#4946=DIRECTION('ref_axis',(1.,2.44929359829471E-16,0.));
#4947=DIRECTION('',(0.,0.,-1.));
#4948=DIRECTION('center_axis',(-1.,-3.33777164176654E-17,0.));
#4949=DIRECTION('ref_axis',(3.33777164176654E-17,-1.,0.));
#4950=DIRECTION('center_axis',(0.,0.,1.));
#4951=DIRECTION('ref_axis',(1.,0.,0.));
#4952=DIRECTION('center_axis',(0.,0.,1.));
#4953=DIRECTION('ref_axis',(1.,0.,0.));
#4954=DIRECTION('',(0.,0.,-1.));
#4955=DIRECTION('center_axis',(0.,0.,1.));
#4956=DIRECTION('ref_axis',(1.,0.,0.));
#4957=DIRECTION('',(0.,0.,-1.));
#4958=DIRECTION('center_axis',(0.,0.,-1.));
#4959=DIRECTION('ref_axis',(-1.,0.,0.));
#4960=DIRECTION('center_axis',(0.,0.,-1.));
#4961=DIRECTION('ref_axis',(-1.,0.,0.));
#4962=DIRECTION('',(0.,0.,1.));
#4963=DIRECTION('center_axis',(0.,0.,-1.));
#4964=DIRECTION('ref_axis',(-1.,0.,0.));
#4965=DIRECTION('',(0.,0.,-1.));
#4966=DIRECTION('center_axis',(1.,-1.20466908053945E-16,-3.49148133884313E-15));
#4967=DIRECTION('ref_axis',(-3.49148133884313E-15,0.,-1.));
#4968=DIRECTION('',(-1.20466908053945E-16,-1.,4.2060796141848E-31));
#4969=DIRECTION('center_axis',(1.,-1.20466908053945E-16,-3.49148133884313E-15));
#4970=DIRECTION('ref_axis',(3.49148133884313E-15,1.01833972280314E-31,1.));
#4971=DIRECTION('',(-3.49148133884313E-15,0.,-1.));
#4972=DIRECTION('center_axis',(-1.,1.20466908053945E-16,3.49148133884313E-15));
#4973=DIRECTION('ref_axis',(-3.49148133884313E-15,6.50521303491302E-15,
-1.));
#4974=DIRECTION('',(-1.20466908053945E-16,-1.,4.2060796141848E-31));
#4975=DIRECTION('',(-3.49148133884313E-15,0.,-1.));
#4976=DIRECTION('',(1.20466908053945E-16,1.,-4.2060796141848E-31));
#4977=DIRECTION('',(-3.49148133884313E-15,0.,-1.));
#4978=DIRECTION('',(1.20466908053945E-16,1.,-4.2060796141848E-31));
#4979=DIRECTION('center_axis',(1.,-1.20466908053945E-16,-3.49148133884313E-15));
#4980=DIRECTION('ref_axis',(3.49148133884313E-15,-2.65441445944511E-33,
1.));
#4981=DIRECTION('',(3.49148133884313E-15,0.,1.));
#4982=DIRECTION('',(-1.20466908053945E-16,-1.,4.2060796141848E-31));
#4983=DIRECTION('',(-1.45122759360777E-32,-1.20466908053945E-16,1.));
#4984=DIRECTION('center_axis',(1.,-1.20466908053945E-16,-3.49148133884313E-15));
#4985=DIRECTION('ref_axis',(3.49148133884313E-15,1.0842021724855E-15,1.));
#4986=DIRECTION('',(1.20466908053945E-16,1.,-4.2060796141848E-31));
#4987=DIRECTION('',(-3.49148133884313E-15,0.,-1.));
#4988=DIRECTION('',(1.20466908053945E-16,1.,-4.2060796141848E-31));
#4989=DIRECTION('',(-3.49148133884313E-15,0.,-1.));
#4990=DIRECTION('',(-1.20466908053945E-16,-1.,4.2060796141848E-31));
#4991=DIRECTION('',(3.49148133884313E-15,0.,1.));
#4992=DIRECTION('center_axis',(-1.,1.20466908053945E-16,3.49148133884313E-15));
#4993=DIRECTION('ref_axis',(3.49148133884313E-15,1.01833972280314E-31,1.));
#4994=DIRECTION('',(-1.,1.20466908053945E-16,3.49148133884313E-15));
#4995=DIRECTION('center_axis',(1.,-1.20466908053945E-16,-3.49148133884313E-15));
#4996=DIRECTION('ref_axis',(3.49148133884313E-15,1.01833972280314E-31,1.));
#4997=DIRECTION('',(1.,-1.20466908053945E-16,-3.49148133884313E-15));
#4998=DIRECTION('center_axis',(3.49148133884313E-15,-1.20466908053945E-16,
1.));
#4999=DIRECTION('ref_axis',(1.,0.,-3.49148133884313E-15));
#5000=DIRECTION('',(-1.20466908053945E-16,-1.,4.2060796141848E-31));
#5001=DIRECTION('',(-1.,0.,3.49148133884313E-15));
#5002=DIRECTION('center_axis',(-1.20466908053945E-16,-1.,-1.20466908053945E-16));
#5003=DIRECTION('ref_axis',(1.,-1.20466908053945E-16,0.));
#5004=DIRECTION('',(-1.,1.20466908053945E-16,0.));
#5005=DIRECTION('',(-3.49148133884313E-15,0.,-1.));
#5006=DIRECTION('center_axis',(-3.49148133884313E-15,1.20466908053945E-16,
-1.));
#5007=DIRECTION('ref_axis',(-1.,0.,3.49148133884313E-15));
#5008=DIRECTION('',(-1.,0.,3.49148133884313E-15));
#5009=DIRECTION('',(1.20466908053945E-16,1.,-4.2060796141848E-31));
#5010=DIRECTION('center_axis',(-1.,1.20466908053945E-16,3.49148133884313E-15));
#5011=DIRECTION('ref_axis',(3.49148133884313E-15,1.01833972280314E-31,1.));
#5012=DIRECTION('',(1.,-1.20466908053945E-16,0.));
#5013=DIRECTION('center_axis',(1.,-1.20466908053945E-16,-3.49148133884313E-15));
#5014=DIRECTION('ref_axis',(3.49148133884313E-15,1.01833972280314E-31,1.));
#5015=DIRECTION('center_axis',(-1.20466908053945E-16,-1.,0.));
#5016=DIRECTION('ref_axis',(1.,-1.20466908053945E-16,0.));
#5017=DIRECTION('center_axis',(-1.20466908053945E-16,-1.,0.));
#5018=DIRECTION('ref_axis',(1.,-1.20466908053945E-16,0.));
#5019=DIRECTION('center_axis',(-1.20466908053945E-16,-1.,0.));
#5020=DIRECTION('ref_axis',(1.,-1.20466908053945E-16,0.));
#5021=DIRECTION('',(-1.20466908053945E-16,-1.,0.));
#5022=DIRECTION('center_axis',(1.20466908053945E-16,1.,6.68200910086454E-17));
#5023=DIRECTION('ref_axis',(-1.,1.20466908053945E-16,0.));
#5024=DIRECTION('',(-1.,1.20466908053945E-16,0.));
#5025=DIRECTION('',(-8.04960975969473E-33,-6.68200910086454E-17,1.));
#5026=DIRECTION('center_axis',(-1.20466908053945E-16,-1.,0.));
#5027=DIRECTION('ref_axis',(1.,-1.20466908053945E-16,0.));
#5028=DIRECTION('',(-1.,1.20466908053945E-16,0.));
#5029=DIRECTION('',(-8.04960975969473E-33,-6.68200910086454E-17,1.));
#5030=DIRECTION('',(1.,-1.20466908053945E-16,0.));
#5031=DIRECTION('center_axis',(-1.,1.20466908053945E-16,3.49148133884313E-15));
#5032=DIRECTION('ref_axis',(3.49148133884313E-15,-2.65441445944511E-33,
1.));
#5033=DIRECTION('',(-1.,1.20466908053945E-16,3.49148133884313E-15));
#5034=DIRECTION('center_axis',(1.,-1.20466908053945E-16,-3.49148133884313E-15));
#5035=DIRECTION('ref_axis',(3.49148133884313E-15,-2.65441445944511E-33,
1.));
#5036=DIRECTION('center_axis',(-3.49148133884313E-15,1.20466908053945E-16,
-1.));
#5037=DIRECTION('ref_axis',(-1.,0.,3.49148133884313E-15));
#5038=DIRECTION('',(4.20607961418482E-31,1.,1.20466908053945E-16));
#5039=DIRECTION('',(-1.,0.,3.49148133884313E-15));
#5040=DIRECTION('center_axis',(-1.20466908053944E-16,-1.,1.68653671275523E-16));
#5041=DIRECTION('ref_axis',(0.,-1.68653671275523E-16,-1.));
#5042=DIRECTION('',(-1.,1.20466908053944E-16,-2.03171863105086E-32));
#5043=DIRECTION('',(0.,-1.68653671275523E-16,-1.));
#5044=DIRECTION('center_axis',(0.,0.,1.));
#5045=DIRECTION('ref_axis',(1.,0.,0.));
#5046=DIRECTION('',(-0.514495755427527,-0.857492925712544,0.));
#5047=DIRECTION('center_axis',(0.,0.,-1.));
#5048=DIRECTION('ref_axis',(-1.,0.,0.));
#5049=DIRECTION('',(0.419058177461748,-0.907959384500451,0.));
#5050=DIRECTION('center_axis',(3.49148133884313E-15,-7.5648762341601E-15,
1.));
#5051=DIRECTION('ref_axis',(4.55104297544538E-31,1.,7.5648762341601E-15));
#5052=DIRECTION('',(0.,-1.,0.));
#5053=DIRECTION('center_axis',(-3.49148133884313E-15,7.56487623416011E-15,
-1.));
#5054=DIRECTION('ref_axis',(2.64126242022279E-29,1.,7.56487623416011E-15));
#5055=DIRECTION('',(-0.419058177461747,0.907959384500452,0.));
#5056=DIRECTION('',(0.514495755427526,0.857492925712544,0.));
#5057=DIRECTION('center_axis',(0.,0.,-1.));
#5058=DIRECTION('ref_axis',(-1.,0.,0.));
#5059=DIRECTION('',(0.,1.,0.));
#5060=DIRECTION('',(1.,0.,0.));
#5061=DIRECTION('',(0.,-1.,0.));
#5062=DIRECTION('center_axis',(0.,0.,1.));
#5063=DIRECTION('ref_axis',(1.,0.,0.));
#5064=DIRECTION('center_axis',(-3.49148133884313E-15,7.56487623416011E-15,
-1.));
#5065=DIRECTION('ref_axis',(2.64126242022279E-29,1.,7.56487623416011E-15));
#5066=DIRECTION('center_axis',(-3.49148133884313E-15,7.56487623416011E-15,
-1.));
#5067=DIRECTION('ref_axis',(2.64126242022279E-29,1.,7.56487623416011E-15));
#5068=DIRECTION('',(3.49148133884313E-15,-7.56487623416011E-15,1.));
#5069=DIRECTION('center_axis',(3.49148133884313E-15,-1.20466908053945E-16,
1.));
#5070=DIRECTION('ref_axis',(1.,0.,-3.49148133884313E-15));
#5071=DIRECTION('',(-4.20607961418482E-31,-1.,-1.20466908053945E-16));
#5072=DIRECTION('center_axis',(3.49148133884313E-15,-7.5648762341601E-15,
1.));
#5073=DIRECTION('ref_axis',(-1.23908819712629E-15,1.,7.5648762341601E-15));
#5074=DIRECTION('',(0.419058177461748,-0.907959384500451,-1.40381178970145E-15));
#5075=DIRECTION('center_axis',(0.,0.,-1.));
#5076=DIRECTION('ref_axis',(-1.,0.,0.));
#5077=DIRECTION('',(-0.514495755427527,-0.857492925712544,1.79343219578072E-15));
#5078=DIRECTION('center_axis',(0.,0.,1.));
#5079=DIRECTION('ref_axis',(1.,0.,0.));
#5080=DIRECTION('',(-4.20607961418482E-31,-1.,-1.20466908053945E-16));
#5081=DIRECTION('',(1.,0.,-3.49148133884313E-15));
#5082=DIRECTION('',(4.20607961418482E-31,1.,1.20466908053945E-16));
#5083=DIRECTION('center_axis',(0.,0.,-1.));
#5084=DIRECTION('ref_axis',(-1.,0.,0.));
#5085=DIRECTION('',(0.514495755427526,0.857492925712544,-1.7934321957807E-15));
#5086=DIRECTION('',(-0.419058177461747,0.907959384500452,1.40381178970145E-15));
#5087=DIRECTION('',(-1.,0.,3.49148133884313E-15));
#5088=DIRECTION('center_axis',(1.,-1.20466908053945E-16,-3.49148133884313E-15));
#5089=DIRECTION('ref_axis',(-3.49148133884313E-15,-1.01833972280314E-31,
-1.));
#5090=DIRECTION('center_axis',(1.,-1.20466908053945E-16,-3.49148133884313E-15));
#5091=DIRECTION('ref_axis',(-3.49148133884313E-15,-1.01833972280314E-31,
-1.));
#5092=DIRECTION('',(1.,-1.20466908053945E-16,-3.49148133884313E-15));
#5093=DIRECTION('center_axis',(-1.20466908053945E-16,-1.,-1.20466908053945E-16));
#5094=DIRECTION('ref_axis',(1.,-1.20466908053945E-16,0.));
#5095=DIRECTION('',(1.45122759360777E-32,1.20466908053945E-16,-1.));
#5096=DIRECTION('center_axis',(1.20466908053945E-16,1.,6.18613852168906E-17));
#5097=DIRECTION('ref_axis',(-1.,1.20466908053945E-16,0.));
#5098=DIRECTION('',(1.,-1.20466908053945E-16,0.));
#5099=DIRECTION('',(-7.45224980501285E-33,-6.18613852168906E-17,1.));
#5100=DIRECTION('',(-1.,1.20466908053945E-16,0.));
#5101=DIRECTION('center_axis',(3.49148133884313E-15,-1.20466908053945E-16,
1.));
#5102=DIRECTION('ref_axis',(1.,0.,-3.49148133884313E-15));
#5103=DIRECTION('',(1.,0.,-3.49148133884313E-15));
#5104=DIRECTION('',(-4.20607961418482E-31,-1.,-1.20466908053945E-16));
#5105=DIRECTION('center_axis',(-1.20466908053946E-16,-1.,-4.13494522239216E-16));
#5106=DIRECTION('ref_axis',(0.,4.13494522239216E-16,-1.));
#5107=DIRECTION('',(0.,4.13494522239216E-16,-1.));
#5108=DIRECTION('',(1.,-1.20466908053946E-16,-4.98124065914022E-32));
#5109=DIRECTION('center_axis',(-3.49148133884313E-15,1.20466908053945E-16,
-1.));
#5110=DIRECTION('ref_axis',(-1.,0.,3.49148133884313E-15));
#5111=DIRECTION('',(4.20607961418482E-31,1.,1.20466908053945E-16));
#5112=DIRECTION('center_axis',(0.,0.,1.));
#5113=DIRECTION('ref_axis',(1.,0.,0.));
#5114=DIRECTION('',(1.,0.,0.));
#5115=DIRECTION('',(0.,1.,0.));
#5116=DIRECTION('center_axis',(0.,0.,-1.));
#5117=DIRECTION('ref_axis',(1.,0.,0.));
#5118=DIRECTION('',(1.,0.,0.));
#5119=DIRECTION('center_axis',(0.,0.,-1.));
#5120=DIRECTION('ref_axis',(-1.,0.,0.));
#5121=DIRECTION('',(-1.,0.,0.));
#5122=DIRECTION('center_axis',(0.,0.,-1.));
#5123=DIRECTION('ref_axis',(-1.,0.,0.));
#5124=DIRECTION('',(-1.,0.,0.));
#5125=DIRECTION('',(0.,-1.,0.));
#5126=DIRECTION('',(1.,0.,0.));
#5127=DIRECTION('center_axis',(0.,0.,-1.));
#5128=DIRECTION('ref_axis',(1.,0.,0.));
#5129=DIRECTION('',(0.,-1.,0.));
#5130=DIRECTION('',(-1.,0.,0.));
#5131=DIRECTION('center_axis',(0.,0.,-1.));
#5132=DIRECTION('ref_axis',(-1.,0.,0.));
#5133=DIRECTION('',(0.,1.,0.));
#5134=DIRECTION('center_axis',(0.,0.,-1.));
#5135=DIRECTION('ref_axis',(-1.,0.,0.));
#5136=DIRECTION('',(1.,0.,0.));
#5137=DIRECTION('center_axis',(0.,0.,-1.));
#5138=DIRECTION('ref_axis',(-1.,0.,0.));
#5139=DIRECTION('',(0.,-1.,0.));
#5140=DIRECTION('center_axis',(0.,0.,-1.));
#5141=DIRECTION('ref_axis',(-1.,0.,0.));
#5142=DIRECTION('',(0.,-1.,0.));
#5143=DIRECTION('center_axis',(0.,0.,-1.));
#5144=DIRECTION('ref_axis',(-1.,0.,0.));
#5145=DIRECTION('',(-1.,0.,0.));
#5146=DIRECTION('center_axis',(0.,0.,-1.));
#5147=DIRECTION('ref_axis',(-1.,0.,0.));
#5148=DIRECTION('',(0.,1.,0.));
#5149=DIRECTION('center_axis',(0.,0.,-1.));
#5150=DIRECTION('ref_axis',(-1.,0.,0.));
#5151=DIRECTION('',(1.,0.,0.));
#5152=DIRECTION('center_axis',(0.,0.,-1.));
#5153=DIRECTION('ref_axis',(-1.,0.,0.));
#5154=DIRECTION('center_axis',(0.,0.,-1.));
#5155=DIRECTION('ref_axis',(1.,0.,0.));
#5156=DIRECTION('',(-1.,0.,0.));
#5157=DIRECTION('center_axis',(0.,0.,-1.));
#5158=DIRECTION('ref_axis',(1.,0.,0.));
#5159=DIRECTION('',(0.,1.,0.));
#5160=DIRECTION('center_axis',(0.,0.,-1.));
#5161=DIRECTION('ref_axis',(1.,0.,0.));
#5162=DIRECTION('',(1.,0.,0.));
#5163=DIRECTION('center_axis',(0.,0.,-1.));
#5164=DIRECTION('ref_axis',(1.,0.,0.));
#5165=DIRECTION('',(0.,-1.,0.));
#5166=DIRECTION('center_axis',(0.,0.,-1.));
#5167=DIRECTION('ref_axis',(-1.,0.,0.));
#5168=DIRECTION('center_axis',(0.,0.,1.));
#5169=DIRECTION('ref_axis',(-1.,0.,0.));
#5170=DIRECTION('center_axis',(0.,0.,1.));
#5171=DIRECTION('ref_axis',(-1.,1.0842021724855E-15,0.));
#5172=DIRECTION('center_axis',(0.,0.,1.));
#5173=DIRECTION('ref_axis',(-1.,0.,0.));
#5174=DIRECTION('',(0.,0.,-1.));
#5175=DIRECTION('center_axis',(0.,0.,1.));
#5176=DIRECTION('ref_axis',(1.,0.,0.));
#5177=DIRECTION('',(1.,0.,0.));
#5178=DIRECTION('',(0.,1.,0.));
#5179=DIRECTION('',(1.,0.,0.));
#5180=DIRECTION('center_axis',(0.,0.,-1.));
#5181=DIRECTION('ref_axis',(1.,0.,0.));
#5182=DIRECTION('',(0.,1.,0.));
#5183=DIRECTION('',(1.,0.,0.));
#5184=DIRECTION('',(0.,-1.,0.));
#5185=DIRECTION('center_axis',(0.,0.,-1.));
#5186=DIRECTION('ref_axis',(1.,0.,0.));
#5187=DIRECTION('',(1.,0.,0.));
#5188=DIRECTION('',(0.,-1.,0.));
#5189=DIRECTION('',(-1.,0.,0.));
#5190=DIRECTION('center_axis',(0.,0.,-1.));
#5191=DIRECTION('ref_axis',(-1.,0.,0.));
#5192=DIRECTION('',(1.,0.,0.));
#5193=DIRECTION('center_axis',(0.,0.,-1.));
#5194=DIRECTION('ref_axis',(-1.,0.,0.));
#5195=DIRECTION('',(0.,1.,0.));
#5196=DIRECTION('center_axis',(0.,0.,-1.));
#5197=DIRECTION('ref_axis',(-1.,0.,0.));
#5198=DIRECTION('',(-1.,0.,0.));
#5199=DIRECTION('center_axis',(0.,0.,-1.));
#5200=DIRECTION('ref_axis',(-1.,0.,0.));
#5201=DIRECTION('',(0.,-1.,0.));
#5202=DIRECTION('center_axis',(0.,0.,-1.));
#5203=DIRECTION('ref_axis',(-1.,0.,0.));
#5204=DIRECTION('center_axis',(1.,-1.20466908053945E-16,-3.49148133884313E-15));
#5205=DIRECTION('ref_axis',(-3.49148133884313E-15,0.,-1.));
#5206=DIRECTION('',(-3.49148133884313E-15,0.,-1.));
#5207=DIRECTION('',(-1.20466908053945E-16,-1.,4.2060796141848E-31));
#5208=DIRECTION('',(-3.49148133884313E-15,0.,-1.));
#5209=DIRECTION('center_axis',(0.,0.,1.));
#5210=DIRECTION('ref_axis',(1.,0.,0.));
#5211=DIRECTION('',(0.,0.,1.));
#5212=DIRECTION('',(0.,0.,-1.));
#5213=DIRECTION('center_axis',(-0.857492925712544,0.514495755427527,0.));
#5214=DIRECTION('ref_axis',(-0.514495755427527,-0.857492925712544,0.));
#5215=DIRECTION('',(0.,0.,-1.));
#5216=DIRECTION('center_axis',(0.,0.,-1.));
#5217=DIRECTION('ref_axis',(0.998542037829334,-0.0539796136299772,0.));
#5218=DIRECTION('',(0.,0.,1.));
#5219=DIRECTION('center_axis',(-0.907959384500451,-0.419058177461748,0.));
#5220=DIRECTION('ref_axis',(0.419058177461748,-0.907959384500451,0.));
#5221=DIRECTION('',(0.,0.,-1.));
#5222=DIRECTION('center_axis',(-3.49148133884313E-15,7.5648762341601E-15,
-1.));
#5223=DIRECTION('ref_axis',(4.55104297544538E-31,1.,7.5648762341601E-15));
#5224=DIRECTION('center_axis',(0.907959384500451,0.419058177461748,0.));
#5225=DIRECTION('ref_axis',(-0.419058177461748,0.907959384500451,0.));
#5226=DIRECTION('center_axis',(0.857492925712544,-0.514495755427527,0.));
#5227=DIRECTION('ref_axis',(0.514495755427527,0.857492925712544,0.));
#5228=DIRECTION('',(0.,0.,-1.));
#5229=DIRECTION('center_axis',(0.,0.,-1.));
#5230=DIRECTION('ref_axis',(-1.,0.,0.));
#5231=DIRECTION('',(0.,0.,1.));
#5232=DIRECTION('center_axis',(1.,0.,0.));
#5233=DIRECTION('ref_axis',(0.,0.,-1.));
#5234=DIRECTION('center_axis',(1.,0.,0.));
#5235=DIRECTION('ref_axis',(0.,0.,1.));
#5236=DIRECTION('center_axis',(-1.,0.,0.));
#5237=DIRECTION('ref_axis',(0.,0.,1.));
#5238=DIRECTION('center_axis',(1.,0.,0.));
#5239=DIRECTION('ref_axis',(0.,0.,1.));
#5240=DIRECTION('center_axis',(-1.,0.,0.));
#5241=DIRECTION('ref_axis',(0.,0.,1.));
#5242=DIRECTION('center_axis',(0.,0.,-1.));
#5243=DIRECTION('ref_axis',(-1.,0.,0.));
#5244=DIRECTION('',(0.,0.,1.));
#5245=DIRECTION('center_axis',(0.,0.,-1.));
#5246=DIRECTION('ref_axis',(-1.,0.,0.));
#5247=DIRECTION('',(0.,0.,-1.));
#5248=DIRECTION('center_axis',(0.,1.,0.));
#5249=DIRECTION('ref_axis',(0.,0.,1.));
#5250=DIRECTION('',(0.,0.,-1.));
#5251=DIRECTION('',(1.,0.,0.));
#5252=DIRECTION('center_axis',(0.,0.,-1.));
#5253=DIRECTION('ref_axis',(-1.,0.,0.));
#5254=DIRECTION('',(0.,0.,1.));
#5255=DIRECTION('center_axis',(0.,0.,-1.));
#5256=DIRECTION('ref_axis',(-1.,0.,0.));
#5257=DIRECTION('center_axis',(-1.,0.,0.));
#5258=DIRECTION('ref_axis',(0.,0.,1.));
#5259=DIRECTION('',(0.,0.,-1.));
#5260=DIRECTION('',(0.,1.,0.));
#5261=DIRECTION('center_axis',(0.,0.,-1.));
#5262=DIRECTION('ref_axis',(-1.,0.,0.));
#5263=DIRECTION('',(0.,0.,1.));
#5264=DIRECTION('center_axis',(0.,0.,-1.));
#5265=DIRECTION('ref_axis',(-1.,0.,0.));
#5266=DIRECTION('center_axis',(0.,-1.,0.));
#5267=DIRECTION('ref_axis',(0.,0.,-1.));
#5268=DIRECTION('',(0.,0.,-1.));
#5269=DIRECTION('',(-1.,0.,0.));
#5270=DIRECTION('center_axis',(0.,0.,-1.));
#5271=DIRECTION('ref_axis',(-1.,0.,0.));
#5272=DIRECTION('',(0.,0.,1.));
#5273=DIRECTION('center_axis',(0.,0.,-1.));
#5274=DIRECTION('ref_axis',(-1.,0.,0.));
#5275=DIRECTION('center_axis',(1.,0.,0.));
#5276=DIRECTION('ref_axis',(0.,0.,-1.));
#5277=DIRECTION('',(0.,-1.,0.));
#5278=DIRECTION('center_axis',(0.,0.,-1.));
#5279=DIRECTION('ref_axis',(-1.,0.,0.));
#5280=DIRECTION('',(0.,0.,-1.));
#5281=DIRECTION('',(0.,0.,1.));
#5282=DIRECTION('center_axis',(0.,0.,-1.));
#5283=DIRECTION('ref_axis',(-1.,0.,0.));
#5284=DIRECTION('center_axis',(-1.,-2.44929359829471E-16,0.));
#5285=DIRECTION('ref_axis',(2.44929359829471E-16,-1.,0.));
#5286=DIRECTION('',(0.,0.,-1.));
#5287=DIRECTION('',(-2.44929359829471E-16,1.,0.));
#5288=DIRECTION('center_axis',(0.,0.,-1.));
#5289=DIRECTION('ref_axis',(-1.,0.,0.));
#5290=DIRECTION('',(0.,0.,1.));
#5291=DIRECTION('center_axis',(0.,0.,-1.));
#5292=DIRECTION('ref_axis',(-1.,0.,0.));
#5293=DIRECTION('center_axis',(2.44929359829471E-16,-1.,0.));
#5294=DIRECTION('ref_axis',(1.,2.44929359829471E-16,0.));
#5295=DIRECTION('',(0.,0.,-1.));
#5296=DIRECTION('',(-1.,-2.44929359829471E-16,0.));
#5297=DIRECTION('center_axis',(0.,0.,-1.));
#5298=DIRECTION('ref_axis',(-1.,0.,0.));
#5299=DIRECTION('',(0.,0.,1.));
#5300=DIRECTION('center_axis',(0.,0.,-1.));
#5301=DIRECTION('ref_axis',(-1.,0.,0.));
#5302=DIRECTION('center_axis',(1.,2.44929359829471E-16,0.));
#5303=DIRECTION('ref_axis',(-2.44929359829471E-16,1.,0.));
#5304=DIRECTION('',(0.,0.,-1.));
#5305=DIRECTION('',(2.44929359829471E-16,-1.,0.));
#5306=DIRECTION('center_axis',(0.,0.,-1.));
#5307=DIRECTION('ref_axis',(-1.,0.,0.));
#5308=DIRECTION('',(0.,0.,1.));
#5309=DIRECTION('center_axis',(0.,0.,-1.));
#5310=DIRECTION('ref_axis',(-1.,0.,0.));
#5311=DIRECTION('center_axis',(-2.44929359829471E-16,1.,0.));
#5312=DIRECTION('ref_axis',(-1.,-2.44929359829471E-16,0.));
#5313=DIRECTION('',(1.,2.44929359829471E-16,0.));
#5314=DIRECTION('center_axis',(-2.55106393526001E-16,1.,0.));
#5315=DIRECTION('ref_axis',(-1.,-2.55106393526001E-16,0.));
#5316=DIRECTION('',(0.,0.,-1.));
#5317=DIRECTION('',(-1.,-2.55106393526001E-16,0.));
#5318=DIRECTION('',(0.,0.,1.));
#5319=DIRECTION('center_axis',(0.,0.,1.));
#5320=DIRECTION('ref_axis',(1.,0.,0.));
#5321=DIRECTION('center_axis',(0.,0.,1.));
#5322=DIRECTION('ref_axis',(1.,0.,0.));
#5323=DIRECTION('',(0.,0.,1.));
#5324=DIRECTION('center_axis',(-1.,-1.0842021724855E-16,0.));
#5325=DIRECTION('ref_axis',(1.0842021724855E-16,-1.,0.));
#5326=DIRECTION('',(1.0842021724855E-16,-1.,0.));
#5327=DIRECTION('',(0.,0.,-1.));
#5328=DIRECTION('center_axis',(0.,0.,1.));
#5329=DIRECTION('ref_axis',(1.,0.,0.));
#5330=DIRECTION('center_axis',(0.,0.,1.));
#5331=DIRECTION('ref_axis',(1.,0.,0.));
#5332=DIRECTION('',(0.,0.,1.));
#5333=DIRECTION('center_axis',(0.,-1.,0.));
#5334=DIRECTION('ref_axis',(0.,0.,-1.));
#5335=DIRECTION('',(1.,0.,0.));
#5336=DIRECTION('',(0.,0.,-1.));
#5337=DIRECTION('center_axis',(0.,0.,1.));
#5338=DIRECTION('ref_axis',(1.,0.,0.));
#5339=DIRECTION('center_axis',(0.,0.,1.));
#5340=DIRECTION('ref_axis',(1.,0.,0.));
#5341=DIRECTION('',(0.,0.,1.));
#5342=DIRECTION('center_axis',(1.,1.36509142580921E-16,0.));
#5343=DIRECTION('ref_axis',(-1.36509142580921E-16,1.,0.));
#5344=DIRECTION('',(-1.36509142580921E-16,1.,0.));
#5345=DIRECTION('',(0.,0.,-1.));
#5346=DIRECTION('center_axis',(0.,0.,1.));
#5347=DIRECTION('ref_axis',(1.,0.,0.));
#5348=DIRECTION('center_axis',(0.,0.,1.));
#5349=DIRECTION('ref_axis',(1.,0.,0.));
#5350=DIRECTION('center_axis',(1.,1.54886024640786E-16,0.));
#5351=DIRECTION('ref_axis',(-1.54886024640786E-16,1.,0.));
#5352=DIRECTION('',(0.,0.,1.));
#5353=DIRECTION('',(0.,0.,-1.));
#5354=DIRECTION('center_axis',(0.,-1.,0.));
#5355=DIRECTION('ref_axis',(0.,0.,-1.));
#5356=DIRECTION('',(0.,0.,-1.));
#5357=DIRECTION('center_axis',(-1.,-9.00433351886848E-17,0.));
#5358=DIRECTION('ref_axis',(9.00433351886848E-17,-1.,0.));
#5359=DIRECTION('',(0.,0.,-1.));
#5360=DIRECTION('center_axis',(0.,0.,1.));
#5361=DIRECTION('ref_axis',(1.,0.,0.));
#5362=DIRECTION('',(0.,0.,1.));
#5363=DIRECTION('center_axis',(2.44929359829471E-16,-1.,0.));
#5364=DIRECTION('ref_axis',(1.,2.44929359829471E-16,0.));
#5365=DIRECTION('',(-3.49148133884313E-15,0.,1.));
#5366=DIRECTION('center_axis',(-3.65396267883416E-16,1.,0.));
#5367=DIRECTION('ref_axis',(1.,3.65396267883416E-16,0.));
#5368=DIRECTION('center_axis',(3.65396267883416E-16,-1.,0.));
#5369=DIRECTION('ref_axis',(1.,3.65396267883416E-16,0.));
#5370=DIRECTION('',(-3.49148133884313E-15,0.,1.));
#5371=DIRECTION('',(1.,2.44929359829471E-16,0.));
#5372=DIRECTION('center_axis',(3.65396267883416E-16,-1.,0.));
#5373=DIRECTION('ref_axis',(1.,3.65396267883416E-16,0.));
#5374=DIRECTION('center_axis',(3.65396267883416E-16,-1.,0.));
#5375=DIRECTION('ref_axis',(1.,3.65396267883416E-16,0.));
#5376=DIRECTION('',(3.65396267883416E-16,-1.,0.));
#5377=DIRECTION('center_axis',(-2.98576176874771E-16,1.,0.));
#5378=DIRECTION('ref_axis',(-1.,-2.98576176874771E-16,0.));
#5379=DIRECTION('',(0.,0.,-1.));
#5380=DIRECTION('center_axis',(3.65396267883416E-16,-1.,0.));
#5381=DIRECTION('ref_axis',(1.,3.65396267883416E-16,0.));
#5382=DIRECTION('',(0.,0.,-1.));
#5383=DIRECTION('',(-1.,-2.98576176874771E-16,0.));
#5384=DIRECTION('',(0.,0.,1.));
#5385=DIRECTION('center_axis',(0.,0.,-1.));
#5386=DIRECTION('ref_axis',(-1.,0.,0.));
#5387=DIRECTION('center_axis',(0.,0.,1.));
#5388=DIRECTION('ref_axis',(-1.,0.,0.));
#5389=DIRECTION('',(0.,0.,1.));
#5390=DIRECTION('center_axis',(0.,0.,1.));
#5391=DIRECTION('ref_axis',(-1.,0.,0.));
#5392=DIRECTION('center_axis',(-7.2280144832367E-16,1.,0.));
#5393=DIRECTION('ref_axis',(-1.,-7.2280144832367E-16,0.));
#5394=DIRECTION('',(-1.,-7.2280144832367E-16,0.));
#5395=DIRECTION('center_axis',(-1.20466908053945E-16,-1.,-1.20466908053945E-16));
#5396=DIRECTION('ref_axis',(1.,-1.20466908053945E-16,0.));
#5397=DIRECTION('',(1.45122759360777E-32,1.20466908053945E-16,-1.));
#5398=DIRECTION('center_axis',(1.20466908053945E-16,1.,0.));
#5399=DIRECTION('ref_axis',(1.,-1.20466908053945E-16,1.07064964532943E-14));
#5400=DIRECTION('center_axis',(0.,0.,1.));
#5401=DIRECTION('ref_axis',(1.,0.,0.));
#5402=DIRECTION('center_axis',(0.,0.,1.));
#5403=DIRECTION('ref_axis',(1.,0.,0.));
#5404=DIRECTION('',(-1.,0.,0.));
#5405=DIRECTION('center_axis',(0.,0.,1.));
#5406=DIRECTION('ref_axis',(1.,0.,0.));
#5407=DIRECTION('',(1.,0.,0.));
#5408=DIRECTION('center_axis',(0.,-1.,0.));
#5409=DIRECTION('ref_axis',(0.,0.,-1.));
#5410=DIRECTION('',(0.,0.,1.));
#5411=DIRECTION('',(-1.,0.,0.));
#5412=DIRECTION('',(0.,0.,1.));
#5413=DIRECTION('',(1.,0.,0.));
#5414=DIRECTION('',(0.,0.,-1.));
#5415=DIRECTION('',(-1.,0.,0.));
#5416=DIRECTION('',(0.,0.,-1.));
#5417=DIRECTION('',(1.,0.,0.));
#5418=DIRECTION('',(0.,0.,-1.));
#5419=DIRECTION('',(-1.,0.,0.));
#5420=DIRECTION('',(0.,0.,1.));
#5421=DIRECTION('',(1.,0.,0.));
#5422=DIRECTION('center_axis',(-1.20466908053945E-16,-1.,0.));
#5423=DIRECTION('ref_axis',(1.,-1.20466908053945E-16,0.));
#5424=DIRECTION('center_axis',(3.65396267883416E-16,-1.,0.));
#5425=DIRECTION('ref_axis',(1.,3.65396267883416E-16,0.));
#5426=DIRECTION('',(3.65396267883416E-16,-1.,0.));
#5427=DIRECTION('center_axis',(1.,2.44929359829471E-16,0.));
#5428=DIRECTION('ref_axis',(-2.44929359829471E-16,1.,0.));
#5429=DIRECTION('',(0.,0.,1.));
#5430=DIRECTION('',(-2.44929359829471E-16,1.,0.));
#5431=DIRECTION('',(0.,0.,-1.));
#5432=DIRECTION('',(-2.44929359829471E-16,1.,0.));
#5433=DIRECTION('',(0.,0.,1.));
#5434=DIRECTION('',(-2.44929359829471E-16,1.,0.));
#5435=DIRECTION('',(0.,0.,-1.));
#5436=DIRECTION('',(0.,0.,1.));
#5437=DIRECTION('',(-2.44929359829471E-16,1.,0.));
#5438=DIRECTION('center_axis',(0.,1.,0.));
#5439=DIRECTION('ref_axis',(0.,0.,1.));
#5440=DIRECTION('',(-1.,0.,0.));
#5441=DIRECTION('',(0.,0.,1.));
#5442=DIRECTION('',(-1.,0.,0.));
#5443=DIRECTION('',(0.,0.,-1.));
#5444=DIRECTION('',(-1.,0.,0.));
#5445=DIRECTION('',(0.,0.,-1.));
#5446=DIRECTION('',(0.,0.,1.));
#5447=DIRECTION('',(1.,0.,0.));
#5448=DIRECTION('',(0.,0.,1.));
#5449=DIRECTION('',(1.,0.,0.));
#5450=DIRECTION('',(0.,0.,-1.));
#5451=DIRECTION('',(0.,0.,1.));
#5452=DIRECTION('',(1.,0.,0.));
#5453=DIRECTION('',(0.,0.,-1.));
#5454=DIRECTION('',(-1.,0.,0.));
#5455=DIRECTION('center_axis',(-1.,0.,0.));
#5456=DIRECTION('ref_axis',(0.,0.,1.));
#5457=DIRECTION('',(0.,0.,-1.));
#5458=DIRECTION('',(0.,-1.,0.));
#5459=DIRECTION('',(0.,0.,1.));
#5460=DIRECTION('',(0.,-1.,0.));
#5461=DIRECTION('',(0.,0.,-1.));
#5462=DIRECTION('',(0.,-1.,0.));
#5463=DIRECTION('',(0.,0.,-1.));
#5464=DIRECTION('',(0.,0.,1.));
#5465=DIRECTION('',(0.,-1.,0.));
#5466=DIRECTION('center_axis',(0.,-1.,0.));
#5467=DIRECTION('ref_axis',(0.,0.,-1.));
#5468=DIRECTION('center_axis',(-1.,0.,0.));
#5469=DIRECTION('ref_axis',(0.,0.,1.));
#5470=DIRECTION('center_axis',(-1.,0.,0.));
#5471=DIRECTION('ref_axis',(0.,0.,1.));
#5472=DIRECTION('center_axis',(-1.,0.,0.));
#5473=DIRECTION('ref_axis',(0.,0.,1.));
#5474=DIRECTION('',(1.,0.,0.));
#5475=DIRECTION('center_axis',(-7.40339552330881E-15,-1.,-7.40339552330883E-15));
#5476=DIRECTION('ref_axis',(6.64960021370406E-30,7.40339552330883E-15,-1.));
#5477=DIRECTION('center_axis',(0.,-1.,0.));
#5478=DIRECTION('ref_axis',(0.,0.,-1.));
#5479=DIRECTION('center_axis',(0.,-1.,0.));
#5480=DIRECTION('ref_axis',(0.,0.,-1.));
#5481=DIRECTION('',(0.,-1.,0.));
#5482=DIRECTION('center_axis',(1.,-7.40339552330876E-15,-7.40339552330874E-15));
#5483=DIRECTION('ref_axis',(7.40339552330876E-15,1.,9.40395480657854E-30));
#5484=DIRECTION('center_axis',(1.85084888082719E-15,1.85084888082719E-15,
-1.));
#5485=DIRECTION('ref_axis',(-5.87747175411179E-31,-1.,-1.85084888082719E-15));
#5486=DIRECTION('center_axis',(1.,0.,0.));
#5487=DIRECTION('ref_axis',(0.,0.,-1.));
#5488=DIRECTION('center_axis',(1.,0.,0.));
#5489=DIRECTION('ref_axis',(0.,0.,-1.));
#5490=DIRECTION('',(1.,0.,0.));
#5491=DIRECTION('center_axis',(7.40339552330871E-15,1.,3.70169776165444E-15));
#5492=DIRECTION('ref_axis',(-1.,7.40339552330871E-15,3.32480010685137E-30));
#5493=DIRECTION('center_axis',(-3.70169776165439E-15,3.70169776165443E-15,
-1.));
#5494=DIRECTION('ref_axis',(-1.66240005342602E-30,-1.,-3.70169776165443E-15));
#5495=DIRECTION('center_axis',(0.,1.,0.));
#5496=DIRECTION('ref_axis',(0.,0.,1.));
#5497=DIRECTION('',(0.,1.,0.));
#5498=DIRECTION('center_axis',(-3.70169776165444E-15,-1.,-3.70169776165441E-15));
#5499=DIRECTION('ref_axis',(1.,-3.70169776165444E-15,2.35098870164442E-30));
#5500=DIRECTION('center_axis',(0.,0.,1.));
#5501=DIRECTION('ref_axis',(1.,0.,0.));
#5502=DIRECTION('center_axis',(1.,7.40339552330888E-15,-7.40339552330882E-15));
#5503=DIRECTION('ref_axis',(-7.40339552330888E-15,1.,-9.40395480657751E-30));
#5504=DIRECTION('center_axis',(-2.44929359829471E-16,1.,0.));
#5505=DIRECTION('ref_axis',(-1.,-2.44929359829471E-16,0.));
#5506=DIRECTION('center_axis',(2.44929359829471E-16,-1.,0.));
#5507=DIRECTION('ref_axis',(-1.,-2.44929359829471E-16,0.));
#5508=DIRECTION('',(2.44929359829471E-16,-1.,0.));
#5509=DIRECTION('center_axis',(1.,7.40339552330876E-15,7.40339552330877E-15));
#5510=DIRECTION('ref_axis',(7.40339552330877E-15,-9.40395480657841E-30,
-1.));
#5511=DIRECTION('center_axis',(0.,0.,-1.));
#5512=DIRECTION('ref_axis',(1.,0.,0.));
#5513=DIRECTION('center_axis',(-1.,-2.44929359829471E-16,0.));
#5514=DIRECTION('ref_axis',(2.44929359829471E-16,-1.,0.));
#5515=DIRECTION('center_axis',(1.,2.44929359829471E-16,0.));
#5516=DIRECTION('ref_axis',(2.44929359829471E-16,-1.,0.));
#5517=DIRECTION('',(1.,2.44929359829471E-16,0.));
#5518=DIRECTION('center_axis',(0.,1.,0.));
#5519=DIRECTION('ref_axis',(0.,0.,1.));
#5520=DIRECTION('center_axis',(-1.8508488808272E-15,1.85084888082717E-15,
-1.));
#5521=DIRECTION('ref_axis',(1.,-5.87747175411128E-31,-1.8508488808272E-15));
#5522=DIRECTION('center_axis',(2.44929359829471E-16,-1.,0.));
#5523=DIRECTION('ref_axis',(1.,2.44929359829471E-16,0.));
#5524=DIRECTION('center_axis',(-2.44929359829471E-16,1.,0.));
#5525=DIRECTION('ref_axis',(1.,2.44929359829471E-16,0.));
#5526=DIRECTION('',(-2.44929359829471E-16,1.,0.));
#5527=DIRECTION('center_axis',(-1.,-1.37025663186372E-29,-7.40339552330877E-15));
#5528=DIRECTION('ref_axis',(-7.40339552330877E-15,1.74052992291053E-44,
1.));
#5529=DIRECTION('center_axis',(0.,0.,-1.));
#5530=DIRECTION('ref_axis',(1.,0.,0.));
#5531=DIRECTION('center_axis',(1.,2.44929359829471E-16,0.));
#5532=DIRECTION('ref_axis',(-2.44929359829471E-16,1.,0.));
#5533=DIRECTION('',(-1.,-2.44929359829471E-16,0.));
#5534=DIRECTION('center_axis',(0.,0.,1.));
#5535=DIRECTION('ref_axis',(1.,0.,0.));
#5536=DIRECTION('center_axis',(0.,0.,1.));
#5537=DIRECTION('ref_axis',(-1.,0.,0.));
#5538=DIRECTION('',(0.,1.,0.));
#5539=DIRECTION('center_axis',(0.,0.,1.));
#5540=DIRECTION('ref_axis',(-1.,0.,0.));
#5541=DIRECTION('',(1.,0.,0.));
#5542=DIRECTION('center_axis',(0.,0.,1.));
#5543=DIRECTION('ref_axis',(-1.,0.,0.));
#5544=DIRECTION('',(0.,-1.,0.));
#5545=DIRECTION('center_axis',(0.,0.,1.));
#5546=DIRECTION('ref_axis',(-1.,0.,0.));
#5547=DIRECTION('',(-1.,0.,0.));
#5548=DIRECTION('center_axis',(1.,3.65396267883416E-16,3.49148133884313E-15));
#5549=DIRECTION('ref_axis',(3.49148133884313E-15,-3.08879459231305E-31,
-1.));
#5550=DIRECTION('center_axis',(1.,3.65396267883416E-16,3.49148133884313E-15));
#5551=DIRECTION('ref_axis',(3.49148133884313E-15,-3.08879459231305E-31,
-1.));
#5552=DIRECTION('',(1.,3.65396267883416E-16,3.49148133884313E-15));
#5553=DIRECTION('center_axis',(-1.,-3.65396267883416E-16,-3.49148133884313E-15));
#5554=DIRECTION('ref_axis',(3.49148133884313E-15,-3.08879459231305E-31,
-1.));
#5555=DIRECTION('center_axis',(-1.,-3.65396267883416E-16,-3.49148133884313E-15));
#5556=DIRECTION('ref_axis',(-3.49148133884313E-15,0.,1.));
#5557=DIRECTION('',(3.65396267883416E-16,-1.,1.27577425059787E-30));
#5558=DIRECTION('',(-3.49148133884313E-15,0.,1.));
#5559=DIRECTION('',(3.65396267883416E-16,-1.,1.27577425059787E-30));
#5560=DIRECTION('',(-3.49148133884313E-15,0.,1.));
#5561=DIRECTION('',(-3.65396267883416E-16,1.,-1.27577425059787E-30));
#5562=DIRECTION('center_axis',(1.,3.65396267883416E-16,3.49148133884313E-15));
#5563=DIRECTION('ref_axis',(-3.49148133884313E-15,3.08879459231305E-31,
1.));
#5564=DIRECTION('',(-3.49148133884313E-15,0.,1.));
#5565=DIRECTION('center_axis',(-1.,-3.65396267883416E-16,-3.49148133884313E-15));
#5566=DIRECTION('ref_axis',(3.49148133884313E-15,-3.08879459231305E-31,
-1.));
#5567=DIRECTION('',(-3.65396267883416E-16,1.,-1.27577425059787E-30));
#5568=DIRECTION('',(-3.49148133884313E-15,0.,1.));
#5569=DIRECTION('',(3.65396267883416E-16,-1.,1.27577425059787E-30));
#5570=DIRECTION('center_axis',(-1.,-3.65396267883416E-16,-3.49148133884313E-15));
#5571=DIRECTION('ref_axis',(3.49148133884313E-15,8.05128273453068E-33,-1.));
#5572=DIRECTION('',(3.65396267883416E-16,-1.,1.27577425059787E-30));
#5573=DIRECTION('',(3.49148133884313E-15,0.,-1.));
#5574=DIRECTION('',(-3.65396267883416E-16,1.,-1.27577425059787E-30));
#5575=DIRECTION('',(-3.49148133884313E-15,0.,1.));
#5576=DIRECTION('center_axis',(1.,3.65396267883416E-16,3.49148133884313E-15));
#5577=DIRECTION('ref_axis',(3.49148133884313E-15,8.05128273453068E-33,-1.));
#5578=DIRECTION('center_axis',(-1.,-3.65396267883416E-16,-3.49148133884313E-15));
#5579=DIRECTION('ref_axis',(3.49148133884313E-15,8.05128273453068E-33,-1.));
#5580=DIRECTION('',(-1.,-3.65396267883416E-16,-3.49148133884313E-15));
#5581=DIRECTION('center_axis',(-1.,-3.65396267883416E-16,-3.49148133884313E-15));
#5582=DIRECTION('ref_axis',(-3.49148133884313E-15,0.,1.));
#5583=DIRECTION('',(3.65396267883416E-16,-1.,1.27577425059787E-30));
#5584=DIRECTION('',(3.65396267883416E-16,-1.,1.27577425059787E-30));
#5585=DIRECTION('',(-3.49148133884313E-15,0.,1.));
#5586=DIRECTION('',(-3.65396267883416E-16,1.,-1.27577425059787E-30));
#5587=DIRECTION('center_axis',(-1.,-3.65396267883416E-16,-3.49148133884313E-15));
#5588=DIRECTION('ref_axis',(3.49148133884313E-15,-3.08879459231305E-31,
-1.));
#5589=DIRECTION('',(-3.49148133884313E-15,0.,1.));
#5590=DIRECTION('center_axis',(1.,3.65396267883416E-16,3.49148133884313E-15));
#5591=DIRECTION('ref_axis',(-3.49148133884313E-15,3.08879459231305E-31,
1.));
#5592=DIRECTION('',(-3.65396267883416E-16,1.,-1.27577425059787E-30));
#5593=DIRECTION('',(-3.49148133884313E-15,0.,1.));
#5594=DIRECTION('',(3.65396267883416E-16,-1.,1.27577425059787E-30));
#5595=DIRECTION('',(-3.49148133884313E-15,0.,1.));
#5596=DIRECTION('',(-3.65396267883416E-16,1.,-1.27577425059787E-30));
#5597=DIRECTION('',(3.49148133884313E-15,0.,-1.));
#5598=DIRECTION('',(3.65396267883416E-16,-1.,1.27577425059787E-30));
#5599=DIRECTION('',(-3.49148133884313E-15,0.,1.));
#5600=DIRECTION('center_axis',(0.,0.,1.));
#5601=DIRECTION('ref_axis',(1.,0.,0.));
#5602=DIRECTION('center_axis',(0.,0.,1.));
#5603=DIRECTION('ref_axis',(1.,0.,0.));
#5604=DIRECTION('',(1.,0.,0.));
#5605=DIRECTION('',(0.,-1.,0.));
#5606=DIRECTION('center_axis',(0.,0.,1.));
#5607=DIRECTION('ref_axis',(-1.,0.,0.));
#5608=DIRECTION('center_axis',(-1.,0.,0.));
#5609=DIRECTION('ref_axis',(0.,0.,1.));
#5610=DIRECTION('',(0.,0.,1.));
#5611=DIRECTION('',(0.,1.,0.));
#5612=DIRECTION('center_axis',(0.,0.,1.));
#5613=DIRECTION('ref_axis',(1.,0.,0.));
#5614=DIRECTION('',(0.,1.,0.));
#5615=DIRECTION('',(0.,-1.,0.));
#5616=DIRECTION('center_axis',(1.,2.44929359829471E-16,0.));
#5617=DIRECTION('ref_axis',(-2.44929359829471E-16,1.,0.));
#5618=DIRECTION('',(0.,0.,-1.));
#5619=DIRECTION('',(2.44929359829471E-16,-1.,0.));
#5620=DIRECTION('',(0.,-1.,0.));
#5621=DIRECTION('center_axis',(0.,0.,1.));
#5622=DIRECTION('ref_axis',(1.,0.,0.));
#5623=DIRECTION('',(1.,0.,0.));
#5624=DIRECTION('center_axis',(0.,0.,1.));
#5625=DIRECTION('ref_axis',(-1.,0.,0.));
#5626=DIRECTION('center_axis',(0.,0.,-1.));
#5627=DIRECTION('ref_axis',(-1.,0.,0.));
#5628=DIRECTION('center_axis',(0.,0.,-1.));
#5629=DIRECTION('ref_axis',(-1.,0.,0.));
#5630=DIRECTION('center_axis',(2.44929359829471E-16,-1.,0.));
#5631=DIRECTION('ref_axis',(1.,2.44929359829471E-16,0.));
#5632=DIRECTION('',(-1.,0.,0.));
#5633=DIRECTION('center_axis',(2.44929359829471E-16,-1.,0.));
#5634=DIRECTION('ref_axis',(1.,2.44929359829471E-16,0.));
#5635=DIRECTION('',(0.,0.,1.));
#5636=DIRECTION('',(-1.,-2.44929359829471E-16,0.));
#5637=DIRECTION('',(0.,0.,-1.));
#5638=DIRECTION('',(1.,2.44929359829471E-16,0.));
#5639=DIRECTION('center_axis',(2.44929359829471E-16,-1.,0.));
#5640=DIRECTION('ref_axis',(1.,2.44929359829471E-16,0.));
#5641=DIRECTION('',(0.,-1.,0.));
#5642=DIRECTION('center_axis',(-2.44929359829471E-16,1.,0.));
#5643=DIRECTION('ref_axis',(1.,2.44929359829471E-16,0.));
#5644=DIRECTION('center_axis',(2.44929359829471E-16,-1.,0.));
#5645=DIRECTION('ref_axis',(1.,2.44929359829471E-16,0.));
#5646=DIRECTION('',(-1.,0.,0.));
#5647=DIRECTION('center_axis',(2.44929359829471E-16,-1.,0.));
#5648=DIRECTION('ref_axis',(1.,2.44929359829471E-16,0.));
#5649=DIRECTION('',(0.,0.,-1.));
#5650=DIRECTION('center_axis',(-2.44929359829471E-16,1.,0.));
#5651=DIRECTION('ref_axis',(1.,2.44929359829471E-16,0.));
#5652=DIRECTION('',(1.,2.44929359829471E-16,0.));
#5653=DIRECTION('center_axis',(2.44929359829471E-16,-1.,0.));
#5654=DIRECTION('ref_axis',(-1.,-2.44929359829471E-16,0.));
#5655=DIRECTION('',(0.,0.,-1.));
#5656=DIRECTION('',(-0.598525688530093,-9.98342848911862E-17,-0.80110361387874));
#5657=DIRECTION('center_axis',(-0.80110361387874,-1.96213795304395E-16,
0.598525688530093));
#5658=DIRECTION('ref_axis',(0.598525688530093,1.23259516440783E-32,0.80110361387874));
#5659=DIRECTION('',(1.57187580511215E-16,-1.,-1.17438996933666E-16));
#5660=DIRECTION('',(0.598525688530093,0.,0.80110361387874));
#5661=DIRECTION('center_axis',(-2.44929359829471E-16,1.,0.));
#5662=DIRECTION('ref_axis',(-1.,-2.44929359829471E-16,0.));
#5663=DIRECTION('',(0.,0.,1.));
#5664=DIRECTION('center_axis',(-2.44929359829471E-16,1.,0.));
#5665=DIRECTION('ref_axis',(1.,2.44929359829471E-16,0.));
#5666=DIRECTION('',(1.,0.,0.));
#5667=DIRECTION('center_axis',(2.44929359829471E-16,-1.,0.));
#5668=DIRECTION('ref_axis',(-1.,-2.44929359829471E-16,0.));
#5669=DIRECTION('',(0.,0.,1.));
#5670=DIRECTION('center_axis',(-2.44929359829471E-16,1.,0.));
#5671=DIRECTION('ref_axis',(-1.,-2.44929359829471E-16,0.));
#5672=DIRECTION('',(-1.,-2.44929359829471E-16,0.));
#5673=DIRECTION('center_axis',(2.44929359829471E-16,-1.,0.));
#5674=DIRECTION('ref_axis',(1.,2.44929359829471E-16,0.));
#5675=DIRECTION('center_axis',(-2.44929359829471E-16,1.,0.));
#5676=DIRECTION('ref_axis',(-1.,-2.44929359829471E-16,0.));
#5677=DIRECTION('',(0.,-1.,0.));
#5678=DIRECTION('center_axis',(-2.44929359829471E-16,1.,0.));
#5679=DIRECTION('ref_axis',(-1.,-2.44929359829471E-16,0.));
#5680=DIRECTION('center_axis',(0.,0.,-1.));
#5681=DIRECTION('ref_axis',(-1.,0.,0.));
#5682=DIRECTION('center_axis',(0.,0.,1.));
#5683=DIRECTION('ref_axis',(-1.,0.,0.));
#5684=DIRECTION('center_axis',(-1.,-1.44560289664734E-16,0.));
#5685=DIRECTION('ref_axis',(1.44560289664734E-16,-1.,0.));
#5686=DIRECTION('',(-1.44560289664734E-16,1.,0.));
#5687=DIRECTION('',(1.44560289664734E-16,-1.,0.));
#5688=DIRECTION('',(0.,0.,1.));
#5689=DIRECTION('center_axis',(1.,1.23908819712629E-16,0.));
#5690=DIRECTION('ref_axis',(-1.23908819712629E-16,1.,0.));
#5691=DIRECTION('',(-1.23908819712629E-16,1.,0.));
#5692=DIRECTION('',(1.23908819712629E-16,-1.,0.));
#5693=DIRECTION('',(0.,0.,-1.));
#5694=DIRECTION('center_axis',(0.,0.,-1.));
#5695=DIRECTION('ref_axis',(-1.,0.,0.));
#5696=DIRECTION('',(-0.707106781186549,0.707106781186546,0.));
#5697=DIRECTION('',(0.,1.,0.));
#5698=DIRECTION('center_axis',(0.,0.,-1.));
#5699=DIRECTION('ref_axis',(1.,0.,0.));
#5700=DIRECTION('',(0.,-1.,0.));
#5701=DIRECTION('',(0.,1.,0.));
#5702=DIRECTION('center_axis',(-1.,7.05202562318599E-17,0.));
#5703=DIRECTION('ref_axis',(-7.05202562318599E-17,-1.,0.));
#5704=DIRECTION('',(0.,1.,0.));
#5705=DIRECTION('',(0.,0.,1.));
#5706=DIRECTION('center_axis',(-1.,-2.44929359829471E-16,0.));
#5707=DIRECTION('ref_axis',(2.44929359829471E-16,-1.,0.));
#5708=DIRECTION('center_axis',(-1.,-2.44929359829471E-16,0.));
#5709=DIRECTION('ref_axis',(2.44929359829471E-16,-1.,0.));
#5710=DIRECTION('center_axis',(1.,2.44929359829471E-16,0.));
#5711=DIRECTION('ref_axis',(2.44929359829471E-16,-1.,0.));
#5712=DIRECTION('',(1.,2.44929359829471E-16,0.));
#5713=DIRECTION('center_axis',(1.,0.,0.));
#5714=DIRECTION('ref_axis',(0.,0.,-1.));
#5715=DIRECTION('center_axis',(1.,0.,0.));
#5716=DIRECTION('ref_axis',(0.,0.,-1.));
#5717=DIRECTION('',(1.,0.,0.));
#5718=DIRECTION('center_axis',(-1.,0.,0.));
#5719=DIRECTION('ref_axis',(0.,0.,-1.));
#5720=DIRECTION('center_axis',(0.,0.,-1.));
#5721=DIRECTION('ref_axis',(-1.,0.,0.));
#5722=DIRECTION('center_axis',(0.,0.,1.));
#5723=DIRECTION('ref_axis',(-1.,0.,0.));
#5724=DIRECTION('center_axis',(0.,1.,0.));
#5725=DIRECTION('ref_axis',(0.,0.,1.));
#5726=DIRECTION('center_axis',(0.,-1.,0.));
#5727=DIRECTION('ref_axis',(0.,0.,1.));
#5728=DIRECTION('center_axis',(0.,1.,0.));
#5729=DIRECTION('ref_axis',(0.,0.,1.));
#5730=DIRECTION('',(0.,1.,0.));
#5731=DIRECTION('center_axis',(0.,1.,0.));
#5732=DIRECTION('ref_axis',(0.,0.,1.));
#5733=DIRECTION('',(0.,0.,-1.));
#5734=DIRECTION('',(0.598525688530094,0.,-0.80110361387874));
#5735=DIRECTION('',(-1.,0.,0.));
#5736=DIRECTION('center_axis',(0.,1.,0.));
#5737=DIRECTION('ref_axis',(0.,0.,-1.));
#5738=DIRECTION('',(0.,0.,-1.));
#5739=DIRECTION('center_axis',(0.,-1.,0.));
#5740=DIRECTION('ref_axis',(0.,0.,-1.));
#5741=DIRECTION('',(-1.,0.,0.));
#5742=DIRECTION('center_axis',(0.,1.,0.));
#5743=DIRECTION('ref_axis',(0.,0.,1.));
#5744=DIRECTION('center_axis',(0.80110361387874,0.,0.598525688530093));
#5745=DIRECTION('ref_axis',(0.598525688530093,0.,-0.80110361387874));
#5746=DIRECTION('',(0.,1.,0.));
#5747=DIRECTION('',(-0.598525688530093,0.,0.80110361387874));
#5748=DIRECTION('center_axis',(0.,-1.,0.));
#5749=DIRECTION('ref_axis',(0.,0.,-1.));
#5750=DIRECTION('',(1.,0.,0.));
#5751=DIRECTION('center_axis',(0.,1.,0.));
#5752=DIRECTION('ref_axis',(0.,0.,-1.));
#5753=DIRECTION('',(0.,0.,1.));
#5754=DIRECTION('center_axis',(0.,-1.,0.));
#5755=DIRECTION('ref_axis',(0.,0.,-1.));
#5756=DIRECTION('',(1.,0.,0.));
#5757=DIRECTION('center_axis',(0.,1.,0.));
#5758=DIRECTION('ref_axis',(0.,0.,-1.));
#5759=DIRECTION('',(0.,0.,1.));
#5760=DIRECTION('center_axis',(0.,-1.,0.));
#5761=DIRECTION('ref_axis',(0.,0.,1.));
#5762=DIRECTION('center_axis',(0.,-1.,0.));
#5763=DIRECTION('ref_axis',(0.,0.,-1.));
#5764=DIRECTION('center_axis',(0.,-1.,0.));
#5765=DIRECTION('ref_axis',(0.,0.,-1.));
#5766=DIRECTION('',(0.,1.,0.));
#5767=DIRECTION('center_axis',(0.,-1.,0.));
#5768=DIRECTION('ref_axis',(0.,0.,-1.));
#5769=DIRECTION('',(1.,0.,0.));
#5770=DIRECTION('',(0.,0.,1.));
#5771=DIRECTION('',(-1.,0.,0.));
#5772=DIRECTION('',(0.,0.,-1.));
#5773=DIRECTION('',(1.,0.,0.));
#5774=DIRECTION('center_axis',(0.,0.,1.));
#5775=DIRECTION('ref_axis',(1.,0.,0.));
#5776=DIRECTION('center_axis',(0.,0.,1.));
#5777=DIRECTION('ref_axis',(1.,0.,0.));
#5778=DIRECTION('center_axis',(1.,2.44929359829471E-16,0.));
#5779=DIRECTION('ref_axis',(-2.44929359829471E-16,1.,0.));
#5780=DIRECTION('',(0.,0.,-1.));
#5781=DIRECTION('',(2.44929359829471E-16,-1.,0.));
#5782=DIRECTION('',(0.,0.,1.));
#5783=DIRECTION('center_axis',(0.,1.,0.));
#5784=DIRECTION('ref_axis',(0.,0.,1.));
#5785=DIRECTION('',(0.,0.,1.));
#5786=DIRECTION('',(0.,0.,-1.));
#5787=DIRECTION('',(1.,0.,0.));
#5788=DIRECTION('center_axis',(-1.,0.,0.));
#5789=DIRECTION('ref_axis',(0.,0.,1.));
#5790=DIRECTION('',(0.,1.,0.));
#5791=DIRECTION('',(0.,0.,1.));
#5792=DIRECTION('',(0.,0.,-1.));
#5793=DIRECTION('center_axis',(0.,-1.,0.));
#5794=DIRECTION('ref_axis',(0.,0.,-1.));
#5795=DIRECTION('',(0.,0.,-1.));
#5796=DIRECTION('',(-1.,0.,0.));
#5797=DIRECTION('',(0.,0.,1.));
#5798=DIRECTION('center_axis',(3.49148133884313E-15,1.20466908053946E-16,
-1.));
#5799=DIRECTION('ref_axis',(-1.,0.,-3.49148133884313E-15));
#5800=DIRECTION('',(1.,0.,3.49148133884313E-15));
#5801=DIRECTION('center_axis',(3.65396267883415E-16,-1.,1.68653671275523E-16));
#5802=DIRECTION('ref_axis',(1.,3.65396267883415E-16,1.64214663788065E-46));
#5803=DIRECTION('',(1.,3.65396267883416E-16,0.));
#5804=DIRECTION('',(-1.,-3.65396267883416E-16,0.));
#5805=DIRECTION('center_axis',(3.49148133884313E-15,1.20466908053946E-16,
-1.));
#5806=DIRECTION('ref_axis',(-1.,0.,-3.49148133884313E-15));
#5807=DIRECTION('center_axis',(3.65396267883416E-16,-1.,-1.20466908053945E-16));
#5808=DIRECTION('ref_axis',(1.,3.65396267883416E-16,0.));
#5809=DIRECTION('',(1.,3.65396267883417E-16,0.));
#5810=DIRECTION('center_axis',(-3.49148133884313E-15,-1.20466908053946E-16,
1.));
#5811=DIRECTION('ref_axis',(1.,0.,3.49148133884313E-15));
#5812=DIRECTION('',(1.,0.,3.49148133884313E-15));
#5813=DIRECTION('center_axis',(1.,3.65396267883416E-16,3.49148133884313E-15));
#5814=DIRECTION('ref_axis',(3.49148133884313E-15,-3.08879459231305E-31,
-1.));
#5815=DIRECTION('',(1.,3.65396267883416E-16,3.49148133884313E-15));
#5816=DIRECTION('center_axis',(3.65396267883416E-16,-1.,-1.20466908053945E-16));
#5817=DIRECTION('ref_axis',(1.,3.65396267883416E-16,0.));
#5818=DIRECTION('',(1.,3.65396267883417E-16,0.));
#5819=DIRECTION('center_axis',(-1.,-3.65396267883416E-16,-3.49148133884313E-15));
#5820=DIRECTION('ref_axis',(-3.49148133884313E-15,3.08879459231305E-31,
1.));
#5821=DIRECTION('',(-1.,-3.65396267883416E-16,-3.49148133884313E-15));
#5822=DIRECTION('center_axis',(-3.49148133884313E-15,-1.20466908053946E-16,
1.));
#5823=DIRECTION('ref_axis',(1.,0.,3.49148133884313E-15));
#5824=DIRECTION('',(4.20607961418485E-31,-1.,-1.20466908053946E-16));
#5825=DIRECTION('',(1.,0.,3.49148133884313E-15));
#5826=DIRECTION('',(-4.20607961418485E-31,1.,1.20466908053946E-16));
#5827=DIRECTION('center_axis',(0.,0.,1.));
#5828=DIRECTION('ref_axis',(1.,0.,0.));
#5829=DIRECTION('',(-0.514495755427527,0.857492925712544,-1.79343219578072E-15));
#5830=DIRECTION('',(0.419058177461748,0.907959384500451,1.40381178970145E-15));
#5831=DIRECTION('center_axis',(-3.49148133884313E-15,-7.5648762341601E-15,
1.));
#5832=DIRECTION('ref_axis',(-4.55104297544543E-31,1.,7.5648762341601E-15));
#5833=DIRECTION('center_axis',(3.49148133884313E-15,7.56487623416011E-15,
-1.));
#5834=DIRECTION('ref_axis',(-2.64126242022279E-29,1.,7.56487623416011E-15));
#5835=DIRECTION('',(-0.419058177461748,-0.907959384500451,-1.40381178970145E-15));
#5836=DIRECTION('center_axis',(0.,0.,1.));
#5837=DIRECTION('ref_axis',(1.,0.,0.));
#5838=DIRECTION('',(0.514495755427527,-0.857492925712544,1.7934321957807E-15));
#5839=DIRECTION('center_axis',(0.,0.,-1.));
#5840=DIRECTION('ref_axis',(-1.,0.,0.));
#5841=DIRECTION('center_axis',(3.49148133884313E-15,7.56487623416011E-15,
-1.));
#5842=DIRECTION('ref_axis',(-2.64126242022279E-29,1.,7.56487623416011E-15));
#5843=DIRECTION('center_axis',(-3.49148133884313E-15,-7.56487623416011E-15,
1.));
#5844=DIRECTION('ref_axis',(-4.33680868994201E-14,1.,7.56487623415996E-15));
#5845=DIRECTION('',(3.49148133884313E-15,7.56487623416011E-15,-1.));
#5846=DIRECTION('center_axis',(0.,0.,1.));
#5847=DIRECTION('ref_axis',(1.,0.,0.));
#5848=DIRECTION('',(0.,-1.,0.));
#5849=DIRECTION('center_axis',(0.,0.,-1.));
#5850=DIRECTION('ref_axis',(-1.,0.,0.));
#5851=DIRECTION('',(0.514495755427527,-0.857492925712544,0.));
#5852=DIRECTION('center_axis',(0.,0.,1.));
#5853=DIRECTION('ref_axis',(1.,0.,0.));
#5854=DIRECTION('',(-0.419058177461748,-0.907959384500451,0.));
#5855=DIRECTION('center_axis',(-3.49148133884313E-15,-7.5648762341601E-15,
1.));
#5856=DIRECTION('ref_axis',(-4.95635278850516E-15,1.,7.56487623416008E-15));
#5857=DIRECTION('',(0.419058177461748,0.907959384500451,0.));
#5858=DIRECTION('',(-0.514495755427527,0.857492925712544,0.));
#5859=DIRECTION('center_axis',(0.,0.,1.));
#5860=DIRECTION('ref_axis',(1.,0.,0.));
#5861=DIRECTION('',(0.,1.,0.));
#5862=DIRECTION('',(1.,0.,0.));
#5863=DIRECTION('center_axis',(3.65396267883418E-16,-1.,-4.13494522239216E-16));
#5864=DIRECTION('ref_axis',(0.,4.13494522239216E-16,-1.));
#5865=DIRECTION('',(1.,3.65396267883418E-16,1.51089355216446E-31));
#5866=DIRECTION('',(-1.,-3.65396267883418E-16,-1.51089355216446E-31));
#5867=DIRECTION('center_axis',(-3.49148133884313E-15,-1.20466908053946E-16,
1.));
#5868=DIRECTION('ref_axis',(1.,0.,3.49148133884313E-15));
#5869=DIRECTION('',(-1.,0.,-3.49148133884313E-15));
#5870=DIRECTION('center_axis',(-3.65396267883416E-16,1.,6.18613852168906E-17));
#5871=DIRECTION('ref_axis',(-1.,-3.65396267883416E-16,0.));
#5872=DIRECTION('',(-1.,-3.65396267883416E-16,0.));
#5873=DIRECTION('center_axis',(3.49148133884313E-15,1.20466908053946E-16,
-1.));
#5874=DIRECTION('ref_axis',(-1.,0.,-3.49148133884313E-15));
#5875=DIRECTION('center_axis',(3.49148133884313E-15,7.5648762341601E-15,
-1.));
#5876=DIRECTION('ref_axis',(-4.55104297544543E-31,1.,7.5648762341601E-15));
#5877=DIRECTION('',(3.49148133884313E-15,7.5648762341601E-15,-1.));
#5878=DIRECTION('center_axis',(-1.,-3.688381795421E-16,0.));
#5879=DIRECTION('ref_axis',(3.688381795421E-16,-1.,0.));
#5880=DIRECTION('',(3.688381795421E-16,-1.,0.));
#5881=DIRECTION('center_axis',(1.,-1.23908819712629E-16,0.));
#5882=DIRECTION('ref_axis',(1.23908819712629E-16,1.,0.));
#5883=DIRECTION('',(1.23908819712629E-16,1.,0.));
#5884=DIRECTION('center_axis',(1.,-7.05202562318599E-17,0.));
#5885=DIRECTION('ref_axis',(7.05202562318599E-17,1.,0.));
#5886=DIRECTION('center_axis',(1.,-7.05202562318599E-17,0.));
#5887=DIRECTION('ref_axis',(7.05202562318599E-17,1.,0.));
#5888=DIRECTION('center_axis',(-1.,7.05202562318599E-17,0.));
#5889=DIRECTION('ref_axis',(7.05202562318599E-17,1.,-1.23908819712629E-15));
#5890=DIRECTION('',(-1.,7.05202562318599E-17,0.));
#5891=DIRECTION('center_axis',(-1.,7.05202562318599E-17,0.));
#5892=DIRECTION('ref_axis',(-7.05202562318599E-17,-1.,0.));
#5893=DIRECTION('',(0.,0.,-1.));
#5894=DIRECTION('',(-7.05202562318599E-17,-1.,0.));
#5895=DIRECTION('center_axis',(0.,0.,-1.));
#5896=DIRECTION('ref_axis',(-1.,0.,0.));
#5897=DIRECTION('',(1.,0.,0.));
#5898=DIRECTION('',(0.,-1.,0.));
#5899=DIRECTION('center_axis',(1.,4.14789287642604E-16,0.));
#5900=DIRECTION('ref_axis',(-4.14789287642604E-16,1.,0.));
#5901=DIRECTION('',(0.,0.,1.));
#5902=DIRECTION('center_axis',(2.44929359829471E-16,-1.,0.));
#5903=DIRECTION('ref_axis',(1.,2.44929359829471E-16,0.));
#5904=DIRECTION('',(-2.44929359829471E-16,1.,0.));
#5905=DIRECTION('',(2.44929359829471E-16,-1.,0.));
#5906=DIRECTION('center_axis',(-1.,-2.44929359829471E-16,0.));
#5907=DIRECTION('ref_axis',(2.44929359829471E-16,-1.,0.));
#5908=DIRECTION('',(-2.44929359829471E-16,1.,0.));
#5909=DIRECTION('center_axis',(2.44929359829471E-16,-1.,0.));
#5910=DIRECTION('ref_axis',(1.,2.44929359829471E-16,0.));
#5911=DIRECTION('',(2.44929359829471E-16,-1.,0.));
#5912=DIRECTION('center_axis',(0.,0.,-1.));
#5913=DIRECTION('ref_axis',(-1.,0.,0.));
#5914=DIRECTION('',(0.,1.,0.));
#5915=DIRECTION('center_axis',(-2.44929359829471E-16,1.,0.));
#5916=DIRECTION('ref_axis',(-1.,-2.44929359829471E-16,0.));
#5917=DIRECTION('',(-2.44929359829471E-16,1.,0.));
#5918=DIRECTION('center_axis',(-1.,-2.44929359829471E-16,0.));
#5919=DIRECTION('ref_axis',(2.44929359829471E-16,-1.,0.));
#5920=DIRECTION('center_axis',(7.40339552330878E-15,7.40339552330867E-15,
1.));
#5921=DIRECTION('ref_axis',(1.,9.40395480657903E-30,-7.40339552330878E-15));
#5922=DIRECTION('center_axis',(0.,0.,-1.));
#5923=DIRECTION('ref_axis',(-1.,0.,0.));
#5924=DIRECTION('center_axis',(0.,0.,-1.));
#5925=DIRECTION('ref_axis',(1.,0.,0.));
#5926=DIRECTION('',(0.,-1.,0.));
#5927=DIRECTION('',(-0.707106781186546,-0.707106781186549,0.));
#5928=DIRECTION('center_axis',(0.,0.,1.));
#5929=DIRECTION('ref_axis',(1.,0.,0.));
#5930=DIRECTION('center_axis',(0.,0.,1.));
#5931=DIRECTION('ref_axis',(1.,0.,0.));
#5932=DIRECTION('',(0.,0.,1.));
#5933=DIRECTION('center_axis',(0.,0.,-1.));
#5934=DIRECTION('ref_axis',(-1.,0.,0.));
#5935=DIRECTION('',(-0.707106781186546,-0.707106781186549,0.));
#5936=DIRECTION('',(0.,-1.,0.));
#5937=DIRECTION('center_axis',(0.707106781186549,-0.707106781186547,0.));
#5938=DIRECTION('ref_axis',(0.707106781186547,0.707106781186549,0.));
#5939=DIRECTION('',(0.,0.,-1.));
#5940=DIRECTION('center_axis',(-0.707106781186549,-0.707106781186547,0.));
#5941=DIRECTION('ref_axis',(0.707106781186547,-0.707106781186549,0.));
#5942=DIRECTION('',(-0.707106781186548,0.707106781186548,0.));
#5943=DIRECTION('',(0.,0.,1.));
#5944=DIRECTION('center_axis',(-1.,-5.33885634807693E-17,0.));
#5945=DIRECTION('ref_axis',(5.33885634807693E-17,-1.,0.));
#5946=DIRECTION('',(5.33885634807693E-17,-1.,0.));
#5947=DIRECTION('',(0.,0.,1.));
#5948=DIRECTION('center_axis',(0.,0.,1.));
#5949=DIRECTION('ref_axis',(1.,0.,0.));
#5950=DIRECTION('',(0.,0.,1.));
#5951=DIRECTION('center_axis',(0.,0.,1.));
#5952=DIRECTION('ref_axis',(1.,0.,0.));
#5953=DIRECTION('center_axis',(1.,-9.11717261839646E-17,0.));
#5954=DIRECTION('ref_axis',(9.11717261839646E-17,1.,0.));
#5955=DIRECTION('',(9.11717261839646E-17,1.,0.));
#5956=DIRECTION('center_axis',(0.,0.,1.));
#5957=DIRECTION('ref_axis',(1.,0.,0.));
#5958=DIRECTION('center_axis',(0.,0.,1.));
#5959=DIRECTION('ref_axis',(1.,0.,0.));
#5960=DIRECTION('center_axis',(-7.40339552330894E-15,7.40339552330867E-15,
1.));
#5961=DIRECTION('ref_axis',(1.,-9.40395480657948E-30,7.40339552330894E-15));
#5962=DIRECTION('',(0.,1.,0.));
#5963=DIRECTION('center_axis',(0.,1.,0.));
#5964=DIRECTION('ref_axis',(0.,0.,1.));
#5965=DIRECTION('',(0.,1.,0.));
#5966=DIRECTION('',(0.,-1.,0.));
#5967=DIRECTION('center_axis',(1.,0.,0.));
#5968=DIRECTION('ref_axis',(0.,0.,-1.));
#5969=DIRECTION('center_axis',(0.,-1.,0.));
#5970=DIRECTION('ref_axis',(0.,0.,-1.));
#5971=DIRECTION('',(0.,-1.,0.));
#5972=DIRECTION('center_axis',(1.,0.,0.));
#5973=DIRECTION('ref_axis',(0.,0.,-1.));
#5974=DIRECTION('',(0.,-1.,0.));
#5975=DIRECTION('center_axis',(0.,-1.,0.));
#5976=DIRECTION('ref_axis',(0.,0.,-1.));
#5977=DIRECTION('',(0.,1.,0.));
#5978=DIRECTION('center_axis',(0.,0.,-1.));
#5979=DIRECTION('ref_axis',(-1.,0.,0.));
#5980=DIRECTION('center_axis',(-1.,-1.23908819712629E-16,0.));
#5981=DIRECTION('ref_axis',(1.23908819712629E-16,-1.,0.));
#5982=DIRECTION('center_axis',(1.,1.23908819712629E-16,0.));
#5983=DIRECTION('ref_axis',(1.23908819712629E-16,-1.,-1.23908819712629E-15));
#5984=DIRECTION('center_axis',(-1.,-1.23908819712629E-16,0.));
#5985=DIRECTION('ref_axis',(1.23908819712629E-16,-1.,0.));
#5986=DIRECTION('',(-1.,-1.23908819712629E-16,0.));
#5987=DIRECTION('center_axis',(-1.,3.61400724161835E-16,0.));
#5988=DIRECTION('ref_axis',(-3.61400724161835E-16,-1.,0.));
#5989=DIRECTION('',(0.,0.,-1.));
#5990=DIRECTION('',(-3.61400724161835E-16,-1.,0.));
#5991=DIRECTION('center_axis',(0.,0.,-1.));
#5992=DIRECTION('ref_axis',(-1.,0.,0.));
#5993=DIRECTION('',(0.,-1.,0.));
#5994=DIRECTION('',(1.,0.,0.));
#5995=DIRECTION('center_axis',(1.,1.23908819712629E-16,0.));
#5996=DIRECTION('ref_axis',(-1.23908819712629E-16,1.,0.));
#5997=DIRECTION('',(0.,0.,1.));
#5998=DIRECTION('center_axis',(0.,0.,-1.));
#5999=DIRECTION('ref_axis',(-1.,0.,0.));
#6000=DIRECTION('center_axis',(0.,0.,-1.));
#6001=DIRECTION('ref_axis',(-1.,0.,0.));
#6002=DIRECTION('center_axis',(0.,0.,-1.));
#6003=DIRECTION('ref_axis',(-1.,0.,0.));
#6004=DIRECTION('center_axis',(0.,0.,-1.));
#6005=DIRECTION('ref_axis',(-1.,0.,0.));
#6006=DIRECTION('center_axis',(2.44929359829471E-16,-1.,0.));
#6007=DIRECTION('ref_axis',(1.,2.44929359829471E-16,0.));
#6008=DIRECTION('center_axis',(-2.44929359829471E-16,1.,0.));
#6009=DIRECTION('ref_axis',(1.,2.44929359829471E-16,0.));
#6010=DIRECTION('',(0.,-1.,0.));
#6011=DIRECTION('center_axis',(2.44929359829471E-16,-1.,0.));
#6012=DIRECTION('ref_axis',(1.,2.44929359829471E-16,0.));
#6013=DIRECTION('center_axis',(-1.,0.,0.));
#6014=DIRECTION('ref_axis',(0.,0.,1.));
#6015=DIRECTION('',(-1.,0.,0.));
#6016=DIRECTION('center_axis',(1.,0.,0.));
#6017=DIRECTION('ref_axis',(0.,0.,1.));
#6018=DIRECTION('center_axis',(-1.,0.,0.));
#6019=DIRECTION('ref_axis',(0.,0.,1.));
#6020=DIRECTION('center_axis',(0.,0.,-1.));
#6021=DIRECTION('ref_axis',(-1.,0.,0.));
#6022=DIRECTION('center_axis',(0.,0.,-1.));
#6023=DIRECTION('ref_axis',(-1.,0.,0.));
#6024=DIRECTION('center_axis',(0.,0.,-1.));
#6025=DIRECTION('ref_axis',(-1.,0.,0.));
#6026=DIRECTION('center_axis',(0.,0.,-1.));
#6027=DIRECTION('ref_axis',(-1.,0.,0.));
#6028=DIRECTION('center_axis',(0.,-1.,0.));
#6029=DIRECTION('ref_axis',(0.,0.,-1.));
#6030=DIRECTION('center_axis',(0.,1.,0.));
#6031=DIRECTION('ref_axis',(0.,0.,-1.));
#6032=DIRECTION('center_axis',(0.,-1.,0.));
#6033=DIRECTION('ref_axis',(0.,0.,-1.));
#6034=DIRECTION('',(0.,-1.,0.));
#6035=DIRECTION('center_axis',(-1.,0.,0.));
#6036=DIRECTION('ref_axis',(0.,0.,1.));
#6037=DIRECTION('',(1.,0.,0.));
#6038=DIRECTION('center_axis',(-1.,0.,0.));
#6039=DIRECTION('ref_axis',(0.,0.,1.));
#6040=DIRECTION('center_axis',(1.,0.,0.));
#6041=DIRECTION('ref_axis',(0.,0.,1.));
#6042=DIRECTION('center_axis',(1.,2.44929359829471E-16,0.));
#6043=DIRECTION('ref_axis',(2.44929359829471E-16,-1.,1.22464679914735E-16));
#6044=DIRECTION('center_axis',(1.,2.44929359829471E-16,0.));
#6045=DIRECTION('ref_axis',(-2.44929359829471E-16,1.,0.));
#6046=DIRECTION('center_axis',(-1.,-2.44929359829471E-16,0.));
#6047=DIRECTION('ref_axis',(-2.44929359829471E-16,1.,0.));
#6048=DIRECTION('center_axis',(-1.,-2.44929359829471E-16,0.));
#6049=DIRECTION('ref_axis',(2.44929359829471E-16,-1.,0.));
#6050=DIRECTION('',(0.,0.,-1.));
#6051=DIRECTION('center_axis',(0.,0.,-1.));
#6052=DIRECTION('ref_axis',(-1.,0.,0.));
#6053=DIRECTION('',(0.,0.,1.));
#6054=DIRECTION('center_axis',(-0.857492925712544,-0.514495755427527,0.));
#6055=DIRECTION('ref_axis',(0.514495755427527,-0.857492925712544,0.));
#6056=DIRECTION('',(0.,0.,-1.));
#6057=DIRECTION('center_axis',(0.,0.,1.));
#6058=DIRECTION('ref_axis',(-0.998542037829334,-0.0539796136299759,0.));
#6059=DIRECTION('',(0.,0.,-1.));
#6060=DIRECTION('center_axis',(-0.907959384500452,0.419058177461747,0.));
#6061=DIRECTION('ref_axis',(-0.419058177461747,-0.907959384500452,0.));
#6062=DIRECTION('center_axis',(0.907959384500451,-0.419058177461748,0.));
#6063=DIRECTION('ref_axis',(0.419058177461748,0.907959384500451,0.));
#6064=DIRECTION('center_axis',(0.857492925712544,0.514495755427527,0.));
#6065=DIRECTION('ref_axis',(-0.514495755427527,0.857492925712544,0.));
#6066=DIRECTION('',(0.,0.,-1.));
#6067=DIRECTION('center_axis',(0.,0.,1.));
#6068=DIRECTION('ref_axis',(1.,0.,0.));
#6069=DIRECTION('',(0.,0.,-1.));
#6070=DIRECTION('center_axis',(1.,2.44929359829471E-16,0.));
#6071=DIRECTION('ref_axis',(-2.44929359829471E-16,1.,0.));
#6072=DIRECTION('center_axis',(7.05202562318599E-17,1.,0.));
#6073=DIRECTION('ref_axis',(-1.,7.05202562318599E-17,0.));
#6074=DIRECTION('center_axis',(1.,0.,0.));
#6075=DIRECTION('ref_axis',(0.,0.,-1.));
#6076=DIRECTION('center_axis',(0.,0.,-1.));
#6077=DIRECTION('ref_axis',(-1.,0.,0.));
#6078=DIRECTION('center_axis',(-1.23908819712629E-16,1.,0.));
#6079=DIRECTION('ref_axis',(-1.,-1.23908819712629E-16,0.));
#6080=DIRECTION('center_axis',(0.,-1.,-1.48029736616688E-15));
#6081=DIRECTION('ref_axis',(-4.44089209850063E-15,1.48029736616688E-15,
-1.));
#6082=DIRECTION('center_axis',(-2.22044604925031E-15,-1.29526019539602E-15,
-1.));
#6083=DIRECTION('ref_axis',(0.,1.,-1.48029736616688E-15));
#6084=DIRECTION('center_axis',(0.,0.,1.));
#6085=DIRECTION('ref_axis',(1.,0.,0.));
#6086=DIRECTION('center_axis',(4.44089209850063E-15,1.,-7.40148683083438E-16));
#6087=DIRECTION('ref_axis',(4.44089209850063E-15,-7.40148683083438E-16,
-1.));
#6088=DIRECTION('center_axis',(0.,-1.29526019539602E-15,1.));
#6089=DIRECTION('ref_axis',(0.,1.,1.48029736616688E-15));
#6090=DIRECTION('center_axis',(-1.,-2.11551643411806E-16,0.));
#6091=DIRECTION('ref_axis',(2.11551643411806E-16,-1.,0.));
#6092=DIRECTION('',(0.,0.,-1.));
#6093=DIRECTION('',(2.11551643411806E-16,-1.,0.));
#6094=DIRECTION('',(0.,0.,1.));
#6095=DIRECTION('',(-2.11551643411806E-16,1.,0.));
#6096=DIRECTION('center_axis',(0.,0.,1.));
#6097=DIRECTION('ref_axis',(1.,0.,0.));
#6098=DIRECTION('',(1.,0.,0.));
#6099=DIRECTION('center_axis',(0.,0.,-1.));
#6100=DIRECTION('ref_axis',(-1.,0.,0.));
#6101=DIRECTION('',(0.,1.,0.));
#6102=DIRECTION('center_axis',(0.,0.,-1.));
#6103=DIRECTION('ref_axis',(-1.,0.,0.));
#6104=DIRECTION('',(-1.,0.,0.));
#6105=DIRECTION('',(0.,1.,0.));
#6106=DIRECTION('',(1.,0.,0.));
#6107=DIRECTION('',(-1.,0.,0.));
#6108=DIRECTION('',(0.,1.,0.));
#6109=DIRECTION('center_axis',(-3.21245088143853E-16,1.,0.));
#6110=DIRECTION('ref_axis',(-1.,-3.21245088143853E-16,0.));
#6111=DIRECTION('',(0.,0.,-1.));
#6112=DIRECTION('',(1.,3.21245088143853E-16,0.));
#6113=DIRECTION('center_axis',(0.,0.,1.));
#6114=DIRECTION('ref_axis',(1.,0.,0.));
#6115=DIRECTION('',(0.,1.,0.));
#6116=DIRECTION('center_axis',(0.,0.,-1.));
#6117=DIRECTION('ref_axis',(-1.,0.,0.));
#6118=DIRECTION('',(1.,0.,0.));
#6119=DIRECTION('',(0.,1.,0.));
#6120=DIRECTION('',(1.,0.,0.));
#6121=DIRECTION('',(0.,1.,0.));
#6122=DIRECTION('',(-1.,0.,0.));
#6123=DIRECTION('center_axis',(0.,0.,-1.));
#6124=DIRECTION('ref_axis',(-1.,0.,0.));
#6125=DIRECTION('center_axis',(3.21245088143853E-16,-1.,0.));
#6126=DIRECTION('ref_axis',(1.,3.21245088143853E-16,0.));
#6127=DIRECTION('',(0.,0.,1.));
#6128=DIRECTION('center_axis',(1.,2.11551643411806E-16,0.));
#6129=DIRECTION('ref_axis',(-2.11551643411806E-16,1.,0.));
#6130=DIRECTION('',(0.,0.,-1.));
#6131=DIRECTION('center_axis',(0.,-1.,0.));
#6132=DIRECTION('ref_axis',(0.,0.,-1.));
#6133=DIRECTION('',(0.,0.,-1.));
#6134=DIRECTION('center_axis',(0.,0.,-1.));
#6135=DIRECTION('ref_axis',(-1.,0.,0.));
#6136=DIRECTION('',(0.,0.,1.));
#6137=DIRECTION('center_axis',(1.,0.,0.));
#6138=DIRECTION('ref_axis',(0.,0.,-1.));
#6139=DIRECTION('',(0.,0.,-1.));
#6140=DIRECTION('center_axis',(0.,0.,-1.));
#6141=DIRECTION('ref_axis',(-1.,0.,0.));
#6142=DIRECTION('',(0.,0.,1.));
#6143=DIRECTION('center_axis',(0.,1.,0.));
#6144=DIRECTION('ref_axis',(0.,0.,1.));
#6145=DIRECTION('',(0.,0.,-1.));
#6146=DIRECTION('center_axis',(1.,2.11551643411806E-16,0.));
#6147=DIRECTION('ref_axis',(-2.11551643411806E-16,1.,0.));
#6148=DIRECTION('',(-3.88578058618805E-16,1.,-3.19189119579733E-16));
#6149=DIRECTION('',(-1.,-3.88578058618805E-16,9.11628208269163E-32));
#6150=CARTESIAN_POINT('',(0.,0.,0.));
#6151=CARTESIAN_POINT('',(0.,0.,0.));
#6152=CARTESIAN_POINT('Origin',(-2.375,1.025,0.));
#6153=CARTESIAN_POINT('',(-2.375,1.025,4.55364912443912E-15));
#6154=CARTESIAN_POINT('',(-2.375,1.025,0.30000000000001));
#6155=CARTESIAN_POINT('',(-2.375,1.025,0.));
#6156=CARTESIAN_POINT('',(-2.375,-1.025,0.300000000000008));
#6157=CARTESIAN_POINT('',(-2.375,1.025,0.300000000000005));
#6158=CARTESIAN_POINT('',(-2.375,-1.025,4.55364912443912E-15));
#6159=CARTESIAN_POINT('',(-2.375,-1.025,0.));
#6160=CARTESIAN_POINT('',(-2.375,1.025,2.60208521396521E-15));
#6161=CARTESIAN_POINT('Origin',(-3.25,1.2,0.30000000000001));
#6162=CARTESIAN_POINT('',(-3.05,-1.025,0.300000000000007));
#6163=CARTESIAN_POINT('',(-3.25,-1.025,0.30000000000001));
#6164=CARTESIAN_POINT('',(-3.05,1.025,0.300000000000009));
#6165=CARTESIAN_POINT('',(-3.25,1.025,0.30000000000001));
#6166=CARTESIAN_POINT('',(-3.05,1.,0.30000000000001));
#6167=CARTESIAN_POINT('',(-3.05,1.2,0.30000000000001));
#6168=CARTESIAN_POINT('',(-2.6,1.,0.30000000000001));
#6169=CARTESIAN_POINT('',(-3.25,1.,0.30000000000001));
#6170=CARTESIAN_POINT('',(-2.4,0.800000000000001,0.30000000000001));
#6171=CARTESIAN_POINT('Origin',(-2.6,0.800000000000001,0.30000000000001));
#6172=CARTESIAN_POINT('',(-2.4,-0.799999999999999,0.30000000000001));
#6173=CARTESIAN_POINT('',(-2.4,1.2,0.30000000000001));
#6174=CARTESIAN_POINT('',(-2.6,-0.999999999999999,0.30000000000001));
#6175=CARTESIAN_POINT('Origin',(-2.6,-0.799999999999999,0.30000000000001));
#6176=CARTESIAN_POINT('',(-3.05,-0.999999999999999,0.30000000000001));
#6177=CARTESIAN_POINT('',(-3.25,-0.999999999999999,0.30000000000001));
#6178=CARTESIAN_POINT('',(-3.05,1.2,0.30000000000001));
#6179=CARTESIAN_POINT('Origin',(-2.375,1.025,0.));
#6180=CARTESIAN_POINT('',(-3.05,1.025,5.20417042793042E-15));
#6181=CARTESIAN_POINT('',(-3.05,1.025,0.));
#6182=CARTESIAN_POINT('',(-2.375,1.025,2.60208521396521E-15));
#6183=CARTESIAN_POINT('Origin',(-6.53048548128559E-16,-1.75,1.04083408558608E-14));
#6184=CARTESIAN_POINT('',(-3.05,-1.025,8.45677694538693E-15));
#6185=CARTESIAN_POINT('',(-6.53048548128559E-16,-1.025,1.04083408558608E-14));
#6186=CARTESIAN_POINT('',(-3.05,-0.999999999999999,1.04083408558608E-14));
#6187=CARTESIAN_POINT('',(-3.05,-1.75,1.04083408558608E-14));
#6188=CARTESIAN_POINT('',(-2.6,-0.999999999999999,1.04083408558608E-14));
#6189=CARTESIAN_POINT('',(-6.53048548128559E-16,-0.999999999999999,1.04083408558608E-14));
#6190=CARTESIAN_POINT('',(-2.4,-0.799999999999999,1.04083408558608E-14));
#6191=CARTESIAN_POINT('Origin',(-2.6,-0.799999999999999,1.04083408558608E-14));
#6192=CARTESIAN_POINT('',(-2.4,0.800000000000001,1.04083408558608E-14));
#6193=CARTESIAN_POINT('',(-2.4,-1.75,1.04083408558608E-14));
#6194=CARTESIAN_POINT('',(-2.6,1.,1.04083408558608E-14));
#6195=CARTESIAN_POINT('Origin',(-2.6,0.800000000000001,1.04083408558608E-14));
#6196=CARTESIAN_POINT('',(-3.05,1.,1.04083408558608E-14));
#6197=CARTESIAN_POINT('',(-6.53048548128559E-16,1.,1.04083408558608E-14));
#6198=CARTESIAN_POINT('',(-3.05,-1.75,1.04083408558608E-14));
#6199=CARTESIAN_POINT('Origin',(-2.375,-1.025,0.));
#6200=CARTESIAN_POINT('',(-3.05,-1.025,0.));
#6201=CARTESIAN_POINT('Origin',(-3.05,1.025,0.));
#6202=CARTESIAN_POINT('',(-3.05,-0.999999999999999,0.));
#6203=CARTESIAN_POINT('Origin',(-3.05,-0.999999999999999,0.30000000000001));
#6204=CARTESIAN_POINT('',(-2.6,-0.999999999999999,0.30000000000001));
#6205=CARTESIAN_POINT('Origin',(-2.6,-0.799999999999999,0.30000000000001));
#6206=CARTESIAN_POINT('',(-2.4,-0.799999999999999,0.30000000000001));
#6207=CARTESIAN_POINT('Origin',(-2.4,8.5045053591844E-16,0.30000000000001));
#6208=CARTESIAN_POINT('',(-2.4,0.800000000000001,0.30000000000001));
#6209=CARTESIAN_POINT('Origin',(-2.6,0.800000000000001,0.30000000000001));
#6210=CARTESIAN_POINT('',(-2.6,1.,0.30000000000001));
#6211=CARTESIAN_POINT('Origin',(-3.05,1.,0.30000000000001));
#6212=CARTESIAN_POINT('',(-3.05,1.,0.30000000000001));
#6213=CARTESIAN_POINT('Origin',(-3.05,1.025,0.));
#6214=CARTESIAN_POINT('Origin',(3.8546563609331,-4.27862834404619,-5.01984073464101));
#6215=CARTESIAN_POINT('',(4.15477888493249,-4.45870185844583,-5.01984073464101));
#6216=CARTESIAN_POINT('',(4.17244214550826,-4.13195798193458,-5.01984073464101));
#6217=CARTESIAN_POINT('Origin',(3.8546563609331,-4.27862834404619,-5.01984073464101));
#6218=CARTESIAN_POINT('',(4.17244214550826,-4.13195798193458,-4.01984073464102));
#6219=CARTESIAN_POINT('',(4.17244214550826,-4.13195798193458,-5.01984073464101));
#6220=CARTESIAN_POINT('',(4.15477888493249,-4.45870185844583,-4.01984073464101));
#6221=CARTESIAN_POINT('Origin',(3.8546563609331,-4.27862834404619,-4.01984073464101));
#6222=CARTESIAN_POINT('',(4.15477888493249,-4.45870185844583,-5.01984073464101));
#6223=CARTESIAN_POINT('Origin',(-3.8546563609331,-4.2786283440462,-5.01984073464101));
#6224=CARTESIAN_POINT('',(-3.89753100721873,-4.30435313181757,-4.01984073464102));
#6225=CARTESIAN_POINT('',(-3.90005433015812,-4.25767543517311,-4.01984073464101));
#6226=CARTESIAN_POINT('Origin',(-3.8546563609331,-4.2786283440462,-4.01984073464101));
#6227=CARTESIAN_POINT('',(-3.89753100721873,-4.30435313181757,-5.01984073464101));
#6228=CARTESIAN_POINT('',(-3.89753100721873,-4.30435313181757,-5.01984073464101));
#6229=CARTESIAN_POINT('',(-3.90005433015812,-4.25767543517311,-5.01984073464101));
#6230=CARTESIAN_POINT('Origin',(-3.8546563609331,-4.2786283440462,-5.01984073464101));
#6231=CARTESIAN_POINT('',(-3.90005433015812,-4.25767543517311,-5.01984073464101));
#6232=CARTESIAN_POINT('Origin',(3.65000000000001,1.8,2.76415926535898));
#6233=CARTESIAN_POINT('',(3.64999999999999,-1.5,-2.53584073464102));
#6234=CARTESIAN_POINT('',(3.64999999999999,-1.6,-2.53584073464102));
#6235=CARTESIAN_POINT('',(3.64999999999999,1.8,-2.53584073464102));
#6236=CARTESIAN_POINT('',(3.64999999999999,-1.8,-2.73584073464102));
#6237=CARTESIAN_POINT('Origin',(3.64999999999999,-1.6,-2.73584073464102));
#6238=CARTESIAN_POINT('',(3.64999999999999,-1.8,-3.81984073464102));
#6239=CARTESIAN_POINT('',(3.65000000000001,-1.8,2.76415926535898));
#6240=CARTESIAN_POINT('',(3.64999999999999,-2.,-4.01984073464102));
#6241=CARTESIAN_POINT('Origin',(3.64999999999999,-2.,-3.81984073464102));
#6242=CARTESIAN_POINT('',(3.64999999999999,-2.98901815780603,-4.01984073464102));
#6243=CARTESIAN_POINT('',(3.64999999999999,1.8,-4.01984073464102));
#6244=CARTESIAN_POINT('',(3.64999999999998,-2.98901815780603,-5.01984073464101));
#6245=CARTESIAN_POINT('',(3.65000000000001,-2.98901815780603,2.76415926535898));
#6246=CARTESIAN_POINT('',(3.64999999999998,-2.5,-5.01984073464101));
#6247=CARTESIAN_POINT('',(3.64999999999998,1.8,-5.01984073464101));
#6248=CARTESIAN_POINT('',(3.64999999999998,-2.5,-5.51984073464102));
#6249=CARTESIAN_POINT('',(3.65000000000001,-2.5,2.76415926535898));
#6250=CARTESIAN_POINT('',(3.64999999999999,1.3,-5.51984073464102));
#6251=CARTESIAN_POINT('',(3.64999999999998,1.8,-5.51984073464102));
#6252=CARTESIAN_POINT('',(3.64999999999999,1.8,-5.01984073464102));
#6253=CARTESIAN_POINT('Origin',(3.64999999999999,1.3,-5.01984073464102));
#6254=CARTESIAN_POINT('',(3.65,1.8,-0.0500000000000009));
#6255=CARTESIAN_POINT('',(3.65000000000001,1.8,2.76415926535898));
#6256=CARTESIAN_POINT('',(3.65,-1.8,-0.0500000000000003));
#6257=CARTESIAN_POINT('',(3.65,1.8,-0.0500000000000006));
#6258=CARTESIAN_POINT('',(3.65,-1.8,-1.13584073464102));
#6259=CARTESIAN_POINT('',(3.65,-1.8,2.96415926535898));
#6260=CARTESIAN_POINT('',(3.65,-1.6,-1.33584073464102));
#6261=CARTESIAN_POINT('Origin',(3.65,-1.6,-1.13584073464102));
#6262=CARTESIAN_POINT('',(3.65,-1.5,-1.33584073464102));
#6263=CARTESIAN_POINT('',(3.65,1.8,-1.33584073464102));
#6264=CARTESIAN_POINT('',(3.65000000000001,-1.5,2.76415926535898));
#6265=CARTESIAN_POINT('',(3.64999999999999,-0.549999999999999,-1.19984073464102));
#6266=CARTESIAN_POINT('',(3.65,0.550000000000001,-1.19984073464102));
#6267=CARTESIAN_POINT('',(3.65,1.8,-1.19984073464102));
#6268=CARTESIAN_POINT('',(3.64999999999999,0.550000000000001,-3.04984073464102));
#6269=CARTESIAN_POINT('',(3.65000000000001,0.550000000000001,2.76415926535898));
#6270=CARTESIAN_POINT('',(3.64999999999999,-0.549999999999999,-3.04984073464102));
#6271=CARTESIAN_POINT('',(3.64999999999999,1.8,-3.04984073464102));
#6272=CARTESIAN_POINT('',(3.65000000000001,-0.549999999999999,2.76415926535898));
#6273=CARTESIAN_POINT('Origin',(3.34999999999999,-1.6,-2.73584073464102));
#6274=CARTESIAN_POINT('',(3.34999999999999,-1.6,-2.53584073464102));
#6275=CARTESIAN_POINT('',(3.34999999999999,-1.6,-2.53584073464102));
#6276=CARTESIAN_POINT('',(3.34999999999999,-1.8,-2.73584073464102));
#6277=CARTESIAN_POINT('Origin',(3.34999999999999,-1.6,-2.73584073464102));
#6278=CARTESIAN_POINT('',(3.34999999999999,-1.8,-2.73584073464102));
#6279=CARTESIAN_POINT('Origin',(3.34999999999999,-1.5,-2.53584073464102));
#6280=CARTESIAN_POINT('',(3.34999999999999,-1.5,-2.53584073464102));
#6281=CARTESIAN_POINT('',(3.34999999999999,1.8,-2.53584073464102));
#6282=CARTESIAN_POINT('',(3.34999999999999,-1.5,-2.53584073464102));
#6283=CARTESIAN_POINT('Origin',(3.35,-1.5,-1.33584073464102));
#6284=CARTESIAN_POINT('',(3.35,-1.5,-1.33584073464102));
#6285=CARTESIAN_POINT('',(3.35,-1.5,-1.33584073464102));
#6286=CARTESIAN_POINT('',(3.35000000000001,-1.5,2.76415926535898));
#6287=CARTESIAN_POINT('Origin',(3.35,-1.5,-1.33584073464102));
#6288=CARTESIAN_POINT('',(3.35,-1.6,-1.33584073464102));
#6289=CARTESIAN_POINT('',(3.35,-1.6,-1.33584073464102));
#6290=CARTESIAN_POINT('',(3.35,1.8,-1.33584073464102));
#6291=CARTESIAN_POINT('Origin',(3.35,-1.6,-1.13584073464102));
#6292=CARTESIAN_POINT('',(3.35,-1.8,-1.13584073464102));
#6293=CARTESIAN_POINT('',(3.35000000000001,-1.8,-1.13584073464102));
#6294=CARTESIAN_POINT('Origin',(3.35,-1.6,-1.13584073464102));
#6295=CARTESIAN_POINT('Origin',(3.3,3.62611307656158,-0.05));
#6296=CARTESIAN_POINT('',(3.3,-1.8,0.3));
#6297=CARTESIAN_POINT('Origin',(3.3,-1.8,-0.05));
#6298=CARTESIAN_POINT('',(3.3,1.8,0.3));
#6299=CARTESIAN_POINT('Origin',(3.3,1.8,-0.05));
#6300=CARTESIAN_POINT('',(3.3,3.62611307656158,0.3));
#6301=CARTESIAN_POINT('Origin',(3.35000000000001,1.8,2.56415926535898));
#6302=CARTESIAN_POINT('',(3.34999999999998,1.8,-5.01984073464102));
#6303=CARTESIAN_POINT('',(3.35000000000001,1.8,-5.01984073464102));
#6304=CARTESIAN_POINT('',(3.34999999999999,1.8,-0.0500000000000001));
#6305=CARTESIAN_POINT('',(3.34999999999998,1.8,2.56415926535898));
#6306=CARTESIAN_POINT('',(3.3,1.8,0.));
#6307=CARTESIAN_POINT('Origin',(3.3,1.8,-0.05));
#6308=CARTESIAN_POINT('',(1.,1.8,0.));
#6309=CARTESIAN_POINT('',(3.35000000000001,1.8,0.));
#6310=CARTESIAN_POINT('',(1.,1.8,0.3));
#6311=CARTESIAN_POINT('',(1.,1.8,2.56415926535898));
#6312=CARTESIAN_POINT('',(3.35000000000001,1.8,0.3));
#6313=CARTESIAN_POINT('Origin',(3.34999999999998,1.3,-5.01984073464102));
#6314=CARTESIAN_POINT('',(3.34999999999998,1.3,-5.51984073464102));
#6315=CARTESIAN_POINT('',(3.34999999999998,1.3,-5.51984073464102));
#6316=CARTESIAN_POINT('Origin',(3.34999999999998,1.3,-5.01984073464102));
#6317=CARTESIAN_POINT('Origin',(3.34999999999998,1.8,-5.51984073464102));
#6318=CARTESIAN_POINT('',(3.34999999999998,-2.5,-5.51984073464102));
#6319=CARTESIAN_POINT('',(3.34999999999998,1.8,-5.51984073464102));
#6320=CARTESIAN_POINT('',(3.34999999999998,-2.5,-5.51984073464102));
#6321=CARTESIAN_POINT('Origin',(3.34999999999999,-2.5,-4.01984073464102));
#6322=CARTESIAN_POINT('',(3.34999999999998,-2.5,-5.01984073464101));
#6323=CARTESIAN_POINT('',(3.34999999999999,-2.5,-5.01984073464101));
#6324=CARTESIAN_POINT('',(3.34999999999998,-2.5,-4.01984073464102));
#6325=CARTESIAN_POINT('Origin',(3.64999999999999,-1.5,-5.01984073464101));
#6326=CARTESIAN_POINT('',(3.89753100721873,-4.30435313181757,-5.01984073464101));
#6327=CARTESIAN_POINT('',(3.3998774760006,-5.13377568384778,-5.01984073464101));
#6328=CARTESIAN_POINT('',(3.89753100721873,-4.30435313181757,-5.01984073464101));
#6329=CARTESIAN_POINT('',(3.90005433015812,-4.25767543517311,-5.01984073464101));
#6330=CARTESIAN_POINT('Origin',(3.8546563609331,-4.2786283440462,-5.01984073464101));
#6331=CARTESIAN_POINT('',(3.38221421542483,-3.13568851991764,-5.01984073464101));
#6332=CARTESIAN_POINT('',(3.38221421542483,-3.13568851991764,-5.01984073464101));
#6333=CARTESIAN_POINT('',(3.34999999999998,-2.98901815780603,-5.01984073464101));
#6334=CARTESIAN_POINT('Origin',(3.69999999999998,-2.98901815780602,-5.01984073464101));
#6335=CARTESIAN_POINT('',(3.34999999999998,-1.5,-5.01984073464101));
#6336=CARTESIAN_POINT('',(3.65460203077496,-3.00997106667911,-5.01984073464101));
#6337=CARTESIAN_POINT('Origin',(3.69999999999998,-2.98901815780602,-5.01984073464101));
#6338=CARTESIAN_POINT('',(4.17244214550826,-4.13195798193458,-5.01984073464101));
#6339=CARTESIAN_POINT('',(3.65712535371436,-5.28812441047605,-5.01984073464101));
#6340=CARTESIAN_POINT('',(3.65712535371436,-5.28812441047605,-5.01984073464101));
#6341=CARTESIAN_POINT('',(3.64999999999999,-5.31384919824742,-5.01984073464101));
#6342=CARTESIAN_POINT('Origin',(3.69999999999999,-5.31384919824742,-5.01984073464101));
#6343=CARTESIAN_POINT('',(3.64999999999999,-5.5,-5.01984073464101));
#6344=CARTESIAN_POINT('',(3.64999999999999,-1.5,-5.01984073464101));
#6345=CARTESIAN_POINT('',(3.34999999999999,-5.5,-5.01984073464101));
#6346=CARTESIAN_POINT('',(3.64999999999999,-5.5,-5.01984073464101));
#6347=CARTESIAN_POINT('',(3.34999999999999,-5.31384919824741,-5.01984073464101));
#6348=CARTESIAN_POINT('',(3.34999999999999,-1.5,-5.01984073464101));
#6349=CARTESIAN_POINT('Origin',(3.69999999999999,-5.31384919824741,-5.01984073464101));
#6350=CARTESIAN_POINT('Origin',(3.69999999999998,-2.98901815780602,-5.01984073464101));
#6351=CARTESIAN_POINT('',(3.65460203077496,-3.00997106667912,-4.01984073464102));
#6352=CARTESIAN_POINT('Origin',(3.69999999999999,-2.98901815780603,-4.01984073464101));
#6353=CARTESIAN_POINT('',(3.65460203077496,-3.00997106667911,-5.01984073464101));
#6354=CARTESIAN_POINT('Origin',(3.34999999999999,-1.8,-4.01984073464102));
#6355=CARTESIAN_POINT('',(3.34999999999999,-2.,-4.01984073464102));
#6356=CARTESIAN_POINT('',(3.34999999999999,-2.98901815780603,-4.01984073464102));
#6357=CARTESIAN_POINT('',(3.34999999999999,-1.8,-4.01984073464102));
#6358=CARTESIAN_POINT('',(3.38221421542483,-3.13568851991764,-4.01984073464102));
#6359=CARTESIAN_POINT('Origin',(3.69999999999999,-2.98901815780603,-4.01984073464101));
#6360=CARTESIAN_POINT('',(3.90005433015812,-4.25767543517311,-4.01984073464102));
#6361=CARTESIAN_POINT('',(3.38221421542483,-3.13568851991764,-4.01984073464102));
#6362=CARTESIAN_POINT('',(3.89753100721873,-4.30435313181757,-4.01984073464102));
#6363=CARTESIAN_POINT('Origin',(3.8546563609331,-4.2786283440462,-4.01984073464101));
#6364=CARTESIAN_POINT('',(3.3998774760006,-5.13377568384778,-4.01984073464102));
#6365=CARTESIAN_POINT('',(3.89753100721873,-4.30435313181757,-4.01984073464102));
#6366=CARTESIAN_POINT('',(3.34999999999999,-5.31384919824741,-4.01984073464102));
#6367=CARTESIAN_POINT('Origin',(3.69999999999999,-5.31384919824741,-4.01984073464101));
#6368=CARTESIAN_POINT('',(3.34999999999999,-5.5,-4.01984073464102));
#6369=CARTESIAN_POINT('',(3.34999999999999,-1.8,-4.01984073464102));
#6370=CARTESIAN_POINT('',(3.64999999999999,-5.5,-4.01984073464102));
#6371=CARTESIAN_POINT('',(3.34999999999999,-5.5,-4.01984073464102));
#6372=CARTESIAN_POINT('',(3.64999999999999,-5.31384919824742,-4.01984073464102));
#6373=CARTESIAN_POINT('',(3.64999999999999,-1.8,-4.01984073464102));
#6374=CARTESIAN_POINT('',(3.65712535371436,-5.28812441047605,-4.01984073464102));
#6375=CARTESIAN_POINT('Origin',(3.69999999999999,-5.31384919824742,-4.01984073464101));
#6376=CARTESIAN_POINT('',(3.65712535371436,-5.28812441047605,-4.01984073464102));
#6377=CARTESIAN_POINT('',(4.17244214550826,-4.13195798193458,-4.01984073464102));
#6378=CARTESIAN_POINT('',(3.34999999999999,-2.,-4.01984073464102));
#6379=CARTESIAN_POINT('Origin',(3.34999999999999,-2.,-3.81984073464102));
#6380=CARTESIAN_POINT('',(3.34999999999999,-1.8,-3.81984073464102));
#6381=CARTESIAN_POINT('Origin',(3.34999999999999,-2.,-3.81984073464102));
#6382=CARTESIAN_POINT('',(3.34999999999999,-1.8,-3.81984073464102));
#6383=CARTESIAN_POINT('Origin',(3.34999999999999,-1.8,-2.53584073464102));
#6384=CARTESIAN_POINT('',(3.34999999999999,-1.8,-2.53584073464102));
#6385=CARTESIAN_POINT('Origin',(3.35,0.550000000000001,-1.19984073464102));
#6386=CARTESIAN_POINT('',(3.34999999999999,0.550000000000001,-1.19984073464102));
#6387=CARTESIAN_POINT('',(3.35,0.550000000000001,-1.19984073464102));
#6388=CARTESIAN_POINT('',(3.34999999999999,0.550000000000001,-3.04984073464102));
#6389=CARTESIAN_POINT('',(3.34999999999999,0.550000000000001,-1.19984073464102));
#6390=CARTESIAN_POINT('',(3.35,0.550000000000001,-3.04984073464102));
#6391=CARTESIAN_POINT('Origin',(3.35,0.550000000000001,-1.19984073464102));
#6392=CARTESIAN_POINT('',(3.35,-0.549999999999999,-1.19984073464102));
#6393=CARTESIAN_POINT('',(3.35,-0.549999999999999,-1.19984073464102));
#6394=CARTESIAN_POINT('',(3.34999999999999,0.550000000000001,-1.19984073464102));
#6395=CARTESIAN_POINT('Origin',(3.35,-0.549999999999999,-1.19984073464102));
#6396=CARTESIAN_POINT('',(3.34999999999999,-0.549999999999999,-3.04984073464102));
#6397=CARTESIAN_POINT('',(3.35,-0.549999999999999,-1.19984073464102));
#6398=CARTESIAN_POINT('',(3.35,-0.549999999999999,-3.04984073464102));
#6399=CARTESIAN_POINT('Origin',(3.34999999999999,0.550000000000001,-3.04984073464102));
#6400=CARTESIAN_POINT('',(3.34999999999999,0.550000000000001,-3.04984073464102));
#6401=CARTESIAN_POINT('Origin',(0.8,1.8,0.3));
#6402=CARTESIAN_POINT('',(-0.6,-2.5,0.3));
#6403=CARTESIAN_POINT('',(0.6,-2.5,0.3));
#6404=CARTESIAN_POINT('',(0.8,-2.5,0.3));
#6405=CARTESIAN_POINT('',(0.6,-2.,0.3));
#6406=CARTESIAN_POINT('',(0.6,1.8,0.3));
#6407=CARTESIAN_POINT('',(0.8,-1.8,0.3));
#6408=CARTESIAN_POINT('Origin',(0.8,-2.,0.3));
#6409=CARTESIAN_POINT('',(0.8,-1.8,0.3));
#6410=CARTESIAN_POINT('',(0.6,1.8,0.3));
#6411=CARTESIAN_POINT('Origin',(0.8,1.8,0.3));
#6412=CARTESIAN_POINT('',(-0.6,1.8,0.3));
#6413=CARTESIAN_POINT('',(0.8,1.8,0.3));
#6414=CARTESIAN_POINT('',(-1.,1.8,0.3));
#6415=CARTESIAN_POINT('Origin',(-0.8,1.8,0.3));
#6416=CARTESIAN_POINT('',(-3.3,1.8,0.3));
#6417=CARTESIAN_POINT('',(0.8,1.8,0.3));
#6418=CARTESIAN_POINT('',(-3.3,-1.8,0.3));
#6419=CARTESIAN_POINT('',(-3.3,1.8,0.3));
#6420=CARTESIAN_POINT('',(-0.8,-1.8,0.3));
#6421=CARTESIAN_POINT('',(0.8,-1.8,0.3));
#6422=CARTESIAN_POINT('',(-0.6,-2.,0.3));
#6423=CARTESIAN_POINT('Origin',(-0.8,-2.,0.3));
#6424=CARTESIAN_POINT('',(-0.6,1.8,0.3));
#6425=CARTESIAN_POINT('',(3.05,-1.2,0.3));
#6426=CARTESIAN_POINT('',(2.4,-1.2,0.300000000000003));
#6427=CARTESIAN_POINT('',(0.8,-1.2,0.3));
#6428=CARTESIAN_POINT('',(2.2,-0.999999999999998,0.300000000000003));
#6429=CARTESIAN_POINT('Origin',(2.4,-0.999999999999998,0.300000000000005));
#6430=CARTESIAN_POINT('',(2.2,1.,0.3));
#6431=CARTESIAN_POINT('',(2.2,1.8,0.3));
#6432=CARTESIAN_POINT('',(2.4,1.2,0.3));
#6433=CARTESIAN_POINT('Origin',(2.4,1.,0.3));
#6434=CARTESIAN_POINT('',(3.05,1.2,0.3));
#6435=CARTESIAN_POINT('',(0.8,1.2,0.3));
#6436=CARTESIAN_POINT('',(3.25,1.,0.3));
#6437=CARTESIAN_POINT('Origin',(3.05,1.,0.3));
#6438=CARTESIAN_POINT('',(3.25,-0.999999999999998,0.3));
#6439=CARTESIAN_POINT('',(3.25,1.8,0.3));
#6440=CARTESIAN_POINT('Origin',(3.05,-0.999999999999998,0.3));
#6441=CARTESIAN_POINT('',(-2.2,1.,0.3));
#6442=CARTESIAN_POINT('',(-2.2,-0.999999999999999,0.300000000000003));
#6443=CARTESIAN_POINT('',(-2.2,1.8,0.3));
#6444=CARTESIAN_POINT('',(-2.4,-1.2,0.300000000000003));
#6445=CARTESIAN_POINT('Origin',(-2.4,-0.999999999999999,0.300000000000005));
#6446=CARTESIAN_POINT('',(-3.05,-1.2,0.3));
#6447=CARTESIAN_POINT('',(0.8,-1.2,0.3));
#6448=CARTESIAN_POINT('',(-3.25,-0.999999999999999,0.3));
#6449=CARTESIAN_POINT('Origin',(-3.05,-0.999999999999999,0.3));
#6450=CARTESIAN_POINT('',(-3.25,1.,0.3));
#6451=CARTESIAN_POINT('',(-3.25,1.8,0.3));
#6452=CARTESIAN_POINT('',(-3.05,1.2,0.3));
#6453=CARTESIAN_POINT('Origin',(-3.05,1.,0.3));
#6454=CARTESIAN_POINT('',(-2.4,1.2,0.3));
#6455=CARTESIAN_POINT('',(0.8,1.2,0.3));
#6456=CARTESIAN_POINT('Origin',(-2.4,1.,0.3));
#6457=CARTESIAN_POINT('',(1.7,-0.7,0.3));
#6458=CARTESIAN_POINT('',(1.4,-1.,0.3));
#6459=CARTESIAN_POINT('Origin',(1.4,-0.7,0.3));
#6460=CARTESIAN_POINT('',(-1.4,-1.,0.3));
#6461=CARTESIAN_POINT('',(0.8,-0.999999999999999,0.3));
#6462=CARTESIAN_POINT('',(-1.7,-0.7,0.3));
#6463=CARTESIAN_POINT('Origin',(-1.4,-0.7,0.3));
#6464=CARTESIAN_POINT('',(-1.7,0.7,0.3));
#6465=CARTESIAN_POINT('',(-1.7,1.8,0.3));
#6466=CARTESIAN_POINT('',(-1.4,1.,0.3));
#6467=CARTESIAN_POINT('Origin',(-1.4,0.7,0.3));
#6468=CARTESIAN_POINT('',(1.4,1.,0.3));
#6469=CARTESIAN_POINT('',(0.8,1.,0.3));
#6470=CARTESIAN_POINT('',(1.7,0.7,0.3));
#6471=CARTESIAN_POINT('Origin',(1.4,0.7,0.3));
#6472=CARTESIAN_POINT('',(1.7,1.8,0.3));
#6473=CARTESIAN_POINT('Origin',(0.8,1.8,0.));
#6474=CARTESIAN_POINT('',(0.993649167310371,1.75,5.20417042793042E-15));
#6475=CARTESIAN_POINT('Origin',(0.8,1.8,0.));
#6476=CARTESIAN_POINT('',(0.606350832689628,1.75,0.));
#6477=CARTESIAN_POINT('Origin',(0.8,1.8,0.));
#6478=CARTESIAN_POINT('',(0.6,1.8,0.));
#6479=CARTESIAN_POINT('Origin',(0.8,1.8,0.));
#6480=CARTESIAN_POINT('',(0.6,1.8,0.));
#6481=CARTESIAN_POINT('Origin',(0.8,1.8,0.));
#6482=CARTESIAN_POINT('',(2.95,1.75,0.));
#6483=CARTESIAN_POINT('',(0.8,1.75,0.));
#6484=CARTESIAN_POINT('',(3.3,-1.8,0.));
#6485=CARTESIAN_POINT('',(3.3,1.8,0.));
#6486=CARTESIAN_POINT('',(0.8,-1.8,0.));
#6487=CARTESIAN_POINT('',(0.8,-1.8,0.));
#6488=CARTESIAN_POINT('',(0.6,-2.,0.));
#6489=CARTESIAN_POINT('Origin',(0.8,-2.,0.));
#6490=CARTESIAN_POINT('',(0.6,-2.5,0.));
#6491=CARTESIAN_POINT('',(0.6,1.8,0.));
#6492=CARTESIAN_POINT('',(-0.6,-2.5,0.));
#6493=CARTESIAN_POINT('',(0.8,-2.5,0.));
#6494=CARTESIAN_POINT('',(-0.6,-2.,0.));
#6495=CARTESIAN_POINT('',(-0.6,1.8,0.));
#6496=CARTESIAN_POINT('',(-0.8,-1.8,0.));
#6497=CARTESIAN_POINT('Origin',(-0.8,-2.,0.));
#6498=CARTESIAN_POINT('',(-3.3,-1.8,0.));
#6499=CARTESIAN_POINT('',(0.8,-1.8,0.));
#6500=CARTESIAN_POINT('',(-3.3,1.8,0.));
#6501=CARTESIAN_POINT('',(-3.3,1.8,0.));
#6502=CARTESIAN_POINT('',(-1.,1.8,0.));
#6503=CARTESIAN_POINT('',(0.8,1.8,0.));
#6504=CARTESIAN_POINT('',(-0.993649167310372,1.75,0.));
#6505=CARTESIAN_POINT('Origin',(-0.8,1.8,0.));
#6506=CARTESIAN_POINT('',(-2.95,1.75,2.60208521396521E-15));
#6507=CARTESIAN_POINT('',(0.8,1.75,0.));
#6508=CARTESIAN_POINT('',(-3.05,1.65,2.60208521396521E-15));
#6509=CARTESIAN_POINT('Origin',(-2.95,1.65,5.20417042793042E-15));
#6510=CARTESIAN_POINT('',(-3.05,-1.65,0.));
#6511=CARTESIAN_POINT('',(-3.05,1.8,0.));
#6512=CARTESIAN_POINT('',(-2.95,-1.75,0.));
#6513=CARTESIAN_POINT('Origin',(-2.95,-1.65,0.));
#6514=CARTESIAN_POINT('',(2.95,-1.75,0.));
#6515=CARTESIAN_POINT('',(0.8,-1.75,0.));
#6516=CARTESIAN_POINT('',(3.05,-1.65,0.));
#6517=CARTESIAN_POINT('Origin',(2.95,-1.65,0.));
#6518=CARTESIAN_POINT('',(3.05,1.65,0.));
#6519=CARTESIAN_POINT('',(3.05,1.8,0.));
#6520=CARTESIAN_POINT('Origin',(2.95,1.65,0.));
#6521=CARTESIAN_POINT('Origin',(3.35000000000001,1.8,2.76415926535898));
#6522=CARTESIAN_POINT('',(3.35,-1.8,-0.0500000000000002));
#6523=CARTESIAN_POINT('',(3.35000000000001,-1.8,2.76415926535898));
#6524=CARTESIAN_POINT('',(3.35,1.8,-0.0500000000000001));
#6525=CARTESIAN_POINT('',(3.35000000000001,-2.98901815780603,2.76415926535898));
#6526=CARTESIAN_POINT('Origin',(3.69999999999999,-5.31384919824741,-5.01984073464101));
#6527=CARTESIAN_POINT('',(3.34999999999999,-5.31384919824741,-5.01984073464101));
#6528=CARTESIAN_POINT('',(3.3998774760006,-5.13377568384778,-5.01984073464101));
#6529=CARTESIAN_POINT('Origin',(3.91113402365694,-4.28168143775388,-5.01984073464101));
#6530=CARTESIAN_POINT('',(3.89753100721873,-4.30435313181757,-5.01984073464101));
#6531=CARTESIAN_POINT('Origin',(3.8546563609331,-4.2786283440462,-5.01984073464101));
#6532=CARTESIAN_POINT('',(3.90005433015812,-4.25767543517311,-5.01984073464101));
#6533=CARTESIAN_POINT('Origin',(3.34999999999999,-3.06589105316383,-5.01984073464101));
#6534=CARTESIAN_POINT('',(3.38221421542483,-3.13568851991764,-5.01984073464101));
#6535=CARTESIAN_POINT('Origin',(3.70000000000001,-2.98901815780608,2.76415926535894));
#6536=CARTESIAN_POINT('Origin',(3.64999999999999,-3.,-5.01984073464101));
#6537=CARTESIAN_POINT('Origin',(4.24999999999999,-4.3,-5.01984073464101));
#6538=CARTESIAN_POINT('',(3.65712535371436,-5.28812441047605,-5.01984073464101));
#6539=CARTESIAN_POINT('Origin',(3.69999999999999,-5.31384919824742,-5.01984073464101));
#6540=CARTESIAN_POINT('',(3.64999999999999,-5.31384919824742,-5.01984073464101));
#6541=CARTESIAN_POINT('Origin',(3.64999999999999,-6.,-5.01984073464101));
#6542=CARTESIAN_POINT('Origin',(3.64999999999999,-5.5,-4.51984073464101));
#6543=CARTESIAN_POINT('Origin',(3.34999999999999,-5.5,-4.51984073464101));
#6544=CARTESIAN_POINT('Origin',(3.34999999999999,-5.5,-4.51984073464101));
#6545=CARTESIAN_POINT('Origin',(3.34999999999999,-5.21690481051546,-5.01984073464101));
#6546=CARTESIAN_POINT('Origin',(2.4,-0.999999999999998,0.60000000000001));
#6547=CARTESIAN_POINT('',(2.4,-1.2,0.50000000000001));
#6548=CARTESIAN_POINT('',(2.4,-1.2,0.60000000000001));
#6549=CARTESIAN_POINT('',(2.2,-0.999999999999998,0.50000000000001));
#6550=CARTESIAN_POINT('Origin',(2.4,-0.999999999999998,0.50000000000001));
#6551=CARTESIAN_POINT('',(2.2,-0.999999999999998,0.60000000000001));
#6552=CARTESIAN_POINT('Origin',(2.2,-1.2,0.60000000000001));
#6553=CARTESIAN_POINT('',(3.05,-1.2,0.50000000000001));
#6554=CARTESIAN_POINT('',(3.05,-1.2,0.60000000000001));
#6555=CARTESIAN_POINT('',(2.2,-1.2,0.50000000000001));
#6556=CARTESIAN_POINT('Origin',(3.05,-0.999999999999998,0.60000000000001));
#6557=CARTESIAN_POINT('',(3.25,-0.999999999999998,0.50000000000001));
#6558=CARTESIAN_POINT('',(3.25,-0.999999999999998,0.60000000000001));
#6559=CARTESIAN_POINT('Origin',(3.05,-0.999999999999998,0.50000000000001));
#6560=CARTESIAN_POINT('Origin',(3.25,-1.2,0.60000000000001));
#6561=CARTESIAN_POINT('',(3.25,1.,0.50000000000001));
#6562=CARTESIAN_POINT('',(3.25,1.,0.60000000000001));
#6563=CARTESIAN_POINT('',(3.25,-1.2,0.50000000000001));
#6564=CARTESIAN_POINT('Origin',(3.05,1.,0.60000000000001));
#6565=CARTESIAN_POINT('',(3.05,1.2,0.50000000000001));
#6566=CARTESIAN_POINT('',(3.05,1.2,0.60000000000001));
#6567=CARTESIAN_POINT('Origin',(3.05,1.,0.50000000000001));
#6568=CARTESIAN_POINT('Origin',(3.25,1.2,0.60000000000001));
#6569=CARTESIAN_POINT('',(2.4,1.2,0.50000000000001));
#6570=CARTESIAN_POINT('',(2.4,1.2,0.60000000000001));
#6571=CARTESIAN_POINT('',(3.25,1.2,0.50000000000001));
#6572=CARTESIAN_POINT('Origin',(2.4,1.,0.60000000000001));
#6573=CARTESIAN_POINT('',(2.2,1.,0.50000000000001));
#6574=CARTESIAN_POINT('',(2.2,1.,0.60000000000001));
#6575=CARTESIAN_POINT('Origin',(2.4,1.,0.50000000000001));
#6576=CARTESIAN_POINT('Origin',(2.2,1.2,0.60000000000001));
#6577=CARTESIAN_POINT('',(2.2,1.2,0.50000000000001));
#6578=CARTESIAN_POINT('Origin',(-2.4,-0.999999999999999,0.60000000000001));
#6579=CARTESIAN_POINT('',(-2.4,-1.2,0.50000000000001));
#6580=CARTESIAN_POINT('',(-2.4,-1.2,0.60000000000001));
#6581=CARTESIAN_POINT('',(-2.2,-0.999999999999999,0.50000000000001));
#6582=CARTESIAN_POINT('',(-2.2,-0.999999999999999,0.60000000000001));
#6583=CARTESIAN_POINT('Origin',(-2.4,-0.999999999999999,0.50000000000001));
#6584=CARTESIAN_POINT('Origin',(-2.2,1.2,0.60000000000001));
#6585=CARTESIAN_POINT('',(-2.2,1.,0.50000000000001));
#6586=CARTESIAN_POINT('',(-2.2,1.,0.60000000000001));
#6587=CARTESIAN_POINT('',(-2.2,1.2,0.50000000000001));
#6588=CARTESIAN_POINT('Origin',(-2.4,1.,0.60000000000001));
#6589=CARTESIAN_POINT('',(-2.4,1.2,0.50000000000001));
#6590=CARTESIAN_POINT('',(-2.4,1.2,0.60000000000001));
#6591=CARTESIAN_POINT('Origin',(-2.4,1.,0.50000000000001));
#6592=CARTESIAN_POINT('Origin',(-3.25,1.2,0.60000000000001));
#6593=CARTESIAN_POINT('',(-3.05,1.2,0.50000000000001));
#6594=CARTESIAN_POINT('',(-3.05,1.2,0.60000000000001));
#6595=CARTESIAN_POINT('',(-3.25,1.2,0.50000000000001));
#6596=CARTESIAN_POINT('Origin',(-3.05,1.,0.60000000000001));
#6597=CARTESIAN_POINT('',(-3.25,1.,0.50000000000001));
#6598=CARTESIAN_POINT('',(-3.25,1.,0.60000000000001));
#6599=CARTESIAN_POINT('Origin',(-3.05,1.,0.50000000000001));
#6600=CARTESIAN_POINT('Origin',(-3.25,-1.2,0.60000000000001));
#6601=CARTESIAN_POINT('',(-3.25,-0.999999999999999,0.50000000000001));
#6602=CARTESIAN_POINT('',(-3.25,-0.999999999999999,0.60000000000001));
#6603=CARTESIAN_POINT('',(-3.25,-1.2,0.50000000000001));
#6604=CARTESIAN_POINT('Origin',(-3.05,-0.999999999999999,0.60000000000001));
#6605=CARTESIAN_POINT('',(-3.05,-1.2,0.50000000000001));
#6606=CARTESIAN_POINT('',(-3.05,-1.2,0.60000000000001));
#6607=CARTESIAN_POINT('Origin',(-3.05,-0.999999999999999,0.50000000000001));
#6608=CARTESIAN_POINT('Origin',(-2.2,-1.2,0.60000000000001));
#6609=CARTESIAN_POINT('',(-2.2,-1.2,0.50000000000001));
#6610=CARTESIAN_POINT('Origin',(1.22464679914735E-16,-1.,0.));
#6611=CARTESIAN_POINT('',(1.4,-1.,0.));
#6612=CARTESIAN_POINT('',(1.4,-1.,0.));
#6613=CARTESIAN_POINT('',(-1.4,-1.,0.));
#6614=CARTESIAN_POINT('',(1.22464679914735E-16,-1.,0.));
#6615=CARTESIAN_POINT('',(-1.4,-1.,0.));
#6616=CARTESIAN_POINT('Origin',(1.4,-0.7,0.));
#6617=CARTESIAN_POINT('',(1.7,-0.7,0.));
#6618=CARTESIAN_POINT('Origin',(1.4,-0.7,0.));
#6619=CARTESIAN_POINT('',(1.7,-0.7,0.));
#6620=CARTESIAN_POINT('Origin',(1.7,1.,0.));
#6621=CARTESIAN_POINT('',(1.7,0.7,0.));
#6622=CARTESIAN_POINT('',(1.7,1.,0.));
#6623=CARTESIAN_POINT('',(1.7,0.7,0.));
#6624=CARTESIAN_POINT('Origin',(1.4,0.7,0.));
#6625=CARTESIAN_POINT('',(1.4,1.,5.42101086242752E-17));
#6626=CARTESIAN_POINT('Origin',(1.4,0.7,0.));
#6627=CARTESIAN_POINT('',(1.4,1.,0.));
#6628=CARTESIAN_POINT('Origin',(-1.22464679914735E-16,1.,0.));
#6629=CARTESIAN_POINT('',(-1.4,1.,1.0842021724855E-16));
#6630=CARTESIAN_POINT('',(-1.22464679914735E-16,1.,1.0842021724855E-16));
#6631=CARTESIAN_POINT('',(-1.4,1.,0.));
#6632=CARTESIAN_POINT('Origin',(-1.4,0.7,0.));
#6633=CARTESIAN_POINT('',(-1.7,0.7,5.42101086242752E-17));
#6634=CARTESIAN_POINT('Origin',(-1.4,0.7,1.0842021724855E-16));
#6635=CARTESIAN_POINT('',(-1.7,0.7,0.));
#6636=CARTESIAN_POINT('Origin',(-1.7,1.,0.));
#6637=CARTESIAN_POINT('',(-1.7,-0.7,0.));
#6638=CARTESIAN_POINT('',(-1.7,1.,0.));
#6639=CARTESIAN_POINT('',(-1.7,-0.7,0.));
#6640=CARTESIAN_POINT('Origin',(-1.4,-0.7,0.));
#6641=CARTESIAN_POINT('Origin',(-1.4,-0.7,0.));
#6642=CARTESIAN_POINT('Origin',(0.6,-1.8,0.));
#6643=CARTESIAN_POINT('',(0.6,-2.,0.));
#6644=CARTESIAN_POINT('',(0.6,-2.5,0.));
#6645=CARTESIAN_POINT('Origin',(3.06161699786838E-16,-2.5,0.));
#6646=CARTESIAN_POINT('',(-0.6,-2.5,0.));
#6647=CARTESIAN_POINT('Origin',(-0.6,-1.8,0.));
#6648=CARTESIAN_POINT('',(-0.6,-2.,0.));
#6649=CARTESIAN_POINT('Origin',(-0.8,-2.,0.));
#6650=CARTESIAN_POINT('',(-0.8,-1.8,0.));
#6651=CARTESIAN_POINT('Origin',(-0.6,-1.8,0.));
#6652=CARTESIAN_POINT('',(-3.35,-1.8,-1.13584073464102));
#6653=CARTESIAN_POINT('',(-3.35,-1.8,-0.0500000000000004));
#6654=CARTESIAN_POINT('',(-3.35000000000001,-1.8,2.76415926535898));
#6655=CARTESIAN_POINT('Origin',(-3.3,-1.8,-0.05));
#6656=CARTESIAN_POINT('',(-3.65,-1.8,-0.0500000000000008));
#6657=CARTESIAN_POINT('Origin',(-3.3,-1.8,-0.05));
#6658=CARTESIAN_POINT('',(-3.65,-1.8,-1.13584073464102));
#6659=CARTESIAN_POINT('',(-3.65000000000001,-1.8,2.76415926535898));
#6660=CARTESIAN_POINT('',(-0.6,-1.8,-1.13584073464102));
#6661=CARTESIAN_POINT('Origin',(-3.3,3.62611307656158,-0.05));
#6662=CARTESIAN_POINT('',(-3.64999999999999,1.8,-0.0500000000000002));
#6663=CARTESIAN_POINT('Origin',(-3.3,1.8,-0.05));
#6664=CARTESIAN_POINT('',(-3.65,3.62611307656158,-0.0500000000000004));
#6665=CARTESIAN_POINT('Origin',(-1.,1.8,0.));
#6666=CARTESIAN_POINT('',(-1.,1.8,0.));
#6667=CARTESIAN_POINT('',(-3.35,1.8,-0.0500000000000003));
#6668=CARTESIAN_POINT('Origin',(-3.3,1.8,-0.05));
#6669=CARTESIAN_POINT('',(-3.34999999999999,1.8,-5.01984073464102));
#6670=CARTESIAN_POINT('',(-3.35,1.8,0.));
#6671=CARTESIAN_POINT('',(-3.64999999999998,1.8,-5.01984073464102));
#6672=CARTESIAN_POINT('',(-1.,1.8,-5.01984073464102));
#6673=CARTESIAN_POINT('',(-3.64999999999998,1.8,0.));
#6674=CARTESIAN_POINT('Origin',(-0.8,1.8,0.));
#6675=CARTESIAN_POINT('',(-0.606350832689629,1.75,0.));
#6676=CARTESIAN_POINT('Origin',(-0.8,1.8,0.));
#6677=CARTESIAN_POINT('',(-0.6,1.8,0.));
#6678=CARTESIAN_POINT('',(-0.6,1.8,0.));
#6679=CARTESIAN_POINT('Origin',(-0.8,1.8,0.));
#6680=CARTESIAN_POINT('Origin',(-2.20436423846524E-16,1.8,0.));
#6681=CARTESIAN_POINT('',(-2.20436423846524E-16,1.8,0.));
#6682=CARTESIAN_POINT('Origin',(3.35000000000001,-1.8,2.96415926535898));
#6683=CARTESIAN_POINT('',(0.8,-1.8,2.96415926535898));
#6684=CARTESIAN_POINT('Origin',(3.3,-1.8,-0.05));
#6685=CARTESIAN_POINT('Origin',(0.8,-2.,0.));
#6686=CARTESIAN_POINT('Origin',(-6.53048548128559E-16,-1.75,1.04083408558608E-14));
#6687=CARTESIAN_POINT('',(-6.53048548128559E-16,1.75,1.04083408558608E-14));
#6688=CARTESIAN_POINT('Origin',(0.8,1.8,0.));
#6689=CARTESIAN_POINT('',(0.8,1.75,0.));
#6690=CARTESIAN_POINT('Origin',(-6.53048548128559E-16,1.75,1.04083408558608E-14));
#6691=CARTESIAN_POINT('',(2.05,1.75,-3.29999999999999));
#6692=CARTESIAN_POINT('',(2.05,1.75,-2.16999999999999));
#6693=CARTESIAN_POINT('',(2.05,1.75,1.04083408558608E-14));
#6694=CARTESIAN_POINT('',(1.1,1.75,-3.29999999999999));
#6695=CARTESIAN_POINT('',(-6.53048548128559E-16,1.75,-3.29999999999999));
#6696=CARTESIAN_POINT('',(1.1,1.75,-2.89999999999999));
#6697=CARTESIAN_POINT('',(1.1,1.75,-2.89999999999999));
#6698=CARTESIAN_POINT('',(-1.1,1.75,-2.89999999999999));
#6699=CARTESIAN_POINT('',(-6.53048548128559E-16,1.75,-2.89999999999999));
#6700=CARTESIAN_POINT('',(-1.1,1.75,-3.29999999999999));
#6701=CARTESIAN_POINT('',(-1.1,1.75,-2.89999999999999));
#6702=CARTESIAN_POINT('',(-2.05,1.75,-3.29999999999999));
#6703=CARTESIAN_POINT('',(-6.53048548128559E-16,1.75,-3.29999999999999));
#6704=CARTESIAN_POINT('',(-2.05,1.75,-2.16999999999999));
#6705=CARTESIAN_POINT('',(-2.05,1.75,1.04083408558608E-14));
#6706=CARTESIAN_POINT('',(-2.95,1.75,-2.16999999999999));
#6707=CARTESIAN_POINT('',(-6.53048548128559E-16,1.75,-2.16999999999999));
#6708=CARTESIAN_POINT('',(-2.95,1.75,1.04083408558608E-14));
#6709=CARTESIAN_POINT('',(-6.53048548128559E-16,1.75,0.));
#6710=CARTESIAN_POINT('',(2.95,1.75,-2.16999999999999));
#6711=CARTESIAN_POINT('',(2.95,1.75,1.04083408558608E-14));
#6712=CARTESIAN_POINT('',(-6.53048548128559E-16,1.75,-2.16999999999999));
#6713=CARTESIAN_POINT('Origin',(3.3,3.62611307656158,-0.05));
#6714=CARTESIAN_POINT('Origin',(-3.3,3.62611307656158,-0.05));
#6715=CARTESIAN_POINT('',(-3.35,3.62611307656158,-0.0500000000000006));
#6716=CARTESIAN_POINT('Origin',(-3.05,7.70848493973862E-16,1.04083408558608E-14));
#6717=CARTESIAN_POINT('',(-3.05,1.35,-3.24999999999999));
#6718=CARTESIAN_POINT('',(-3.05,1.35,-2.16999999999999));
#6719=CARTESIAN_POINT('',(-3.05,1.35,1.04083408558608E-14));
#6720=CARTESIAN_POINT('',(-3.05,0.500000000000001,-3.24999999999999));
#6721=CARTESIAN_POINT('',(-3.05,7.70848493973862E-16,-3.24999999999999));
#6722=CARTESIAN_POINT('',(-3.05,0.500000000000001,-0.799999999999989));
#6723=CARTESIAN_POINT('',(-3.05,0.500000000000001,1.04083408558608E-14));
#6724=CARTESIAN_POINT('',(-3.05,-0.499999999999999,-0.799999999999989));
#6725=CARTESIAN_POINT('',(-3.05,7.70848493973862E-16,-0.799999999999989));
#6726=CARTESIAN_POINT('',(-3.05,-0.499999999999999,-3.24999999999999));
#6727=CARTESIAN_POINT('',(-3.05,-0.499999999999999,1.04083408558608E-14));
#6728=CARTESIAN_POINT('',(-3.05,-1.65,-3.24999999999999));
#6729=CARTESIAN_POINT('',(-3.05,7.70848493973862E-16,-3.24999999999999));
#6730=CARTESIAN_POINT('',(-3.05,-1.65,1.04083408558608E-14));
#6731=CARTESIAN_POINT('',(-3.05,1.65,-2.16999999999999));
#6732=CARTESIAN_POINT('',(-3.05,1.65,1.04083408558608E-14));
#6733=CARTESIAN_POINT('',(-3.05,7.70848493973862E-16,-2.16999999999999));
#6734=CARTESIAN_POINT('Origin',(-6.53048548128559E-16,-1.75,1.04083408558608E-14));
#6735=CARTESIAN_POINT('',(-1.1,-1.75,-3.24999999999999));
#6736=CARTESIAN_POINT('',(-2.95,-1.75,-3.24999999999999));
#6737=CARTESIAN_POINT('',(-6.53048548128559E-16,-1.75,-3.24999999999999));
#6738=CARTESIAN_POINT('',(-1.1,-1.75,-2.89999999999999));
#6739=CARTESIAN_POINT('',(-1.1,-1.75,-2.89999999999999));
#6740=CARTESIAN_POINT('',(1.1,-1.75,-2.89999999999999));
#6741=CARTESIAN_POINT('',(-6.53048548128559E-16,-1.75,-2.89999999999999));
#6742=CARTESIAN_POINT('',(1.1,-1.75,-3.24999999999999));
#6743=CARTESIAN_POINT('',(1.1,-1.75,-2.89999999999999));
#6744=CARTESIAN_POINT('',(2.95,-1.75,-3.24999999999999));
#6745=CARTESIAN_POINT('',(-6.53048548128559E-16,-1.75,-3.24999999999999));
#6746=CARTESIAN_POINT('',(2.95,-1.75,1.04083408558608E-14));
#6747=CARTESIAN_POINT('',(-2.95,-1.75,1.04083408558608E-14));
#6748=CARTESIAN_POINT('',(2.25000000000001,-1.75,-1.86999999999999));
#6749=CARTESIAN_POINT('',(2.90000000000001,-1.75,-1.86999999999999));
#6750=CARTESIAN_POINT('',(2.25000000000001,-1.75,-1.86999999999999));
#6751=CARTESIAN_POINT('',(2.90000000000001,-1.75,-2.16999999999999));
#6752=CARTESIAN_POINT('',(2.90000000000001,-1.75,1.04083408558608E-14));
#6753=CARTESIAN_POINT('',(2.25000000000001,-1.75,-2.16999999999999));
#6754=CARTESIAN_POINT('',(2.25000000000001,-1.75,-2.16999999999999));
#6755=CARTESIAN_POINT('',(2.25000000000001,-1.75,1.04083408558608E-14));
#6756=CARTESIAN_POINT('',(-2.24999999999999,-1.75,-2.16999999999999));
#6757=CARTESIAN_POINT('',(-2.24999999999999,-1.75,-1.86999999999999));
#6758=CARTESIAN_POINT('',(-2.24999999999999,-1.75,-2.16999999999999));
#6759=CARTESIAN_POINT('',(-2.89999999999999,-1.75,-2.16999999999999));
#6760=CARTESIAN_POINT('',(2.25000000000001,-1.75,-2.16999999999999));
#6761=CARTESIAN_POINT('',(-2.89999999999999,-1.75,-1.86999999999999));
#6762=CARTESIAN_POINT('',(-2.89999999999999,-1.75,1.04083408558608E-14));
#6763=CARTESIAN_POINT('',(-6.53048548128559E-16,-1.75,-1.86999999999999));
#6764=CARTESIAN_POINT('Origin',(3.05,1.51788304145375E-15,1.04083408558608E-14));
#6765=CARTESIAN_POINT('',(3.05,-0.499999999999999,-0.79999999999999));
#6766=CARTESIAN_POINT('',(3.05,-0.499999999999999,-3.24999999999999));
#6767=CARTESIAN_POINT('',(3.05,-0.499999999999999,1.04083408558608E-14));
#6768=CARTESIAN_POINT('',(3.05,0.500000000000002,-0.799999999999989));
#6769=CARTESIAN_POINT('',(3.05,1.51788304145375E-15,-0.799999999999989));
#6770=CARTESIAN_POINT('',(3.05,0.500000000000002,-3.24999999999999));
#6771=CARTESIAN_POINT('',(3.05,0.500000000000002,1.04083408558608E-14));
#6772=CARTESIAN_POINT('',(3.05,1.35,-3.24999999999999));
#6773=CARTESIAN_POINT('',(3.05,1.51788304145375E-15,-3.24999999999999));
#6774=CARTESIAN_POINT('',(3.05,1.35,-2.16999999999999));
#6775=CARTESIAN_POINT('',(3.05,1.35,1.04083408558608E-14));
#6776=CARTESIAN_POINT('',(3.05,1.65,-2.16999999999999));
#6777=CARTESIAN_POINT('',(3.05,1.51788304145375E-15,-2.16999999999999));
#6778=CARTESIAN_POINT('',(3.05,1.65,1.04083408558608E-14));
#6779=CARTESIAN_POINT('',(3.05,-1.65,-3.24999999999999));
#6780=CARTESIAN_POINT('',(3.05,-1.65,1.04083408558608E-14));
#6781=CARTESIAN_POINT('',(3.05,1.51788304145375E-15,-3.24999999999999));
#6782=CARTESIAN_POINT('Ctrl Pts',(2.2,-1.00000000000002,0.499999999999994));
#6783=CARTESIAN_POINT('Ctrl Pts',(2.19999999999999,-1.2,0.500000000000028));
#6784=CARTESIAN_POINT('Ctrl Pts',(2.39999999999998,-1.19999999999999,0.499999999999999));
#6785=CARTESIAN_POINT('Ctrl Pts',(2.2,-1.00000000000001,0.541453144011909));
#6786=CARTESIAN_POINT('Ctrl Pts',(2.19999999999998,-1.20000000000001,0.541453144011944));
#6787=CARTESIAN_POINT('Ctrl Pts',(2.39999999999999,-1.2,0.541453144011914));
#6788=CARTESIAN_POINT('Ctrl Pts',(2.22932769921363,-1.,0.57074903463342));
#6789=CARTESIAN_POINT('Ctrl Pts',(2.22932769921362,-1.17067230078638,0.57074903463345));
#6790=CARTESIAN_POINT('Ctrl Pts',(2.39999999999999,-1.17067230078637,0.570749034633425));
#6791=CARTESIAN_POINT('Ctrl Pts',(2.25865539842725,-0.999999999999998,0.600044925254931));
#6792=CARTESIAN_POINT('Ctrl Pts',(2.25865539842725,-1.14134460157275,0.600044925254956));
#6793=CARTESIAN_POINT('Ctrl Pts',(2.4,-1.14134460157274,0.600044925254935));
#6794=CARTESIAN_POINT('Ctrl Pts',(2.30010851803121,-0.999999999999998,0.599999941119172));
#6795=CARTESIAN_POINT('Ctrl Pts',(2.30010851803121,-1.09989148196879,0.599999941119189));
#6796=CARTESIAN_POINT('Ctrl Pts',(2.4,-1.09989148196878,0.599999941119174));
#6797=CARTESIAN_POINT('',(2.3,-0.999999999999998,0.60000000000001));
#6798=CARTESIAN_POINT('Origin',(2.3,-0.999999999999998,0.50000000000001));
#6799=CARTESIAN_POINT('',(2.4,-1.1,0.60000000000001));
#6800=CARTESIAN_POINT('Origin',(2.4,-1.1,0.50000000000001));
#6801=CARTESIAN_POINT('Ctrl Pts',(2.3,-0.999999999999999,0.60000000000001));
#6802=CARTESIAN_POINT('Ctrl Pts',(2.3,-1.00572019781856,0.60000000000001));
#6803=CARTESIAN_POINT('Ctrl Pts',(2.30050104217106,-1.01132303836214,0.600000000500887));
#6804=CARTESIAN_POINT('Ctrl Pts',(2.30244109366483,-1.02255455137119,0.599999992839718));
#6805=CARTESIAN_POINT('Ctrl Pts',(2.30393900304051,-1.02816069697777,0.59999998270414));
#6806=CARTESIAN_POINT('Ctrl Pts',(2.30784246800945,-1.03900865545287,0.599999957059175));
#6807=CARTESIAN_POINT('Ctrl Pts',(2.3102548238869,-1.04424972542554,0.599999942732625));
#6808=CARTESIAN_POINT('Ctrl Pts',(2.31586013561328,-1.05412649519682,0.599999941121852));
#6809=CARTESIAN_POINT('Ctrl Pts',(2.31901740128653,-1.05878060305935,0.599999956033168));
#6810=CARTESIAN_POINT('Ctrl Pts',(2.32469545120602,-1.06579889240956,0.599999987493304));
#6811=CARTESIAN_POINT('Ctrl Pts',(2.3269121096128,-1.06829094490878,0.60000000000001));
#6812=CARTESIAN_POINT('Ctrl Pts',(2.33308659057945,-1.07457586815541,0.60000000000001));
#6813=CARTESIAN_POINT('Ctrl Pts',(2.33708060642485,-1.07799349128427,0.599999971543224));
#6814=CARTESIAN_POINT('Ctrl Pts',(2.34570557459397,-1.08428945735637,0.599999941408721));
#6815=CARTESIAN_POINT('Ctrl Pts',(2.35036346571083,-1.08710756174376,0.599999938766721));
#6816=CARTESIAN_POINT('Ctrl Pts',(2.36003911248304,-1.09193257778001,0.599999953524811));
#6817=CARTESIAN_POINT('Ctrl Pts',(2.36505823901569,-1.09394273466108,0.599999968487864));
#6818=CARTESIAN_POINT('Ctrl Pts',(2.37531151432892,-1.09709643894115,0.599999989797766));
#6819=CARTESIAN_POINT('Ctrl Pts',(2.38053172372013,-1.09826987198051,0.599999996162657));
#6820=CARTESIAN_POINT('Ctrl Pts',(2.39050175268901,-1.09966128552474,0.600000000309148));
#6821=CARTESIAN_POINT('Ctrl Pts',(2.39519485372149,-1.1,0.60000000000001));
#6822=CARTESIAN_POINT('Ctrl Pts',(2.4,-1.1,0.60000000000001));
#6823=CARTESIAN_POINT('Origin',(3.25,-1.1,0.50000000000001));
#6824=CARTESIAN_POINT('',(3.05,-1.1,0.60000000000001));
#6825=CARTESIAN_POINT('Origin',(3.05,-1.1,0.50000000000001));
#6826=CARTESIAN_POINT('',(3.25,-1.1,0.60000000000001));
#6827=CARTESIAN_POINT('Ctrl Pts',(3.05,-1.2,0.50000000000001));
#6828=CARTESIAN_POINT('Ctrl Pts',(3.25,-1.2,0.500000000000003));
#6829=CARTESIAN_POINT('Ctrl Pts',(3.25,-0.999999999999996,0.500000000000009));
#6830=CARTESIAN_POINT('Ctrl Pts',(3.05,-1.2,0.541453144011922));
#6831=CARTESIAN_POINT('Ctrl Pts',(3.25000000000001,-1.2,0.541453144011915));
#6832=CARTESIAN_POINT('Ctrl Pts',(3.25,-0.999999999999998,0.541453144011922));
#6833=CARTESIAN_POINT('Ctrl Pts',(3.05,-1.17067230078637,0.570749034633429));
#6834=CARTESIAN_POINT('Ctrl Pts',(3.22067230078638,-1.17067230078638,0.570749034633423));
#6835=CARTESIAN_POINT('Ctrl Pts',(3.22067230078637,-0.999999999999999,0.570749034633428));
#6836=CARTESIAN_POINT('Ctrl Pts',(3.05,-1.14134460157274,0.600044925254935));
#6837=CARTESIAN_POINT('Ctrl Pts',(3.19134460157275,-1.14134460157275,0.60004492525493));
#6838=CARTESIAN_POINT('Ctrl Pts',(3.19134460157274,-1.,0.600044925254935));
#6839=CARTESIAN_POINT('Ctrl Pts',(3.05,-1.09989148196879,0.599999941119178));
#6840=CARTESIAN_POINT('Ctrl Pts',(3.14989148196879,-1.09989148196879,0.599999941119174));
#6841=CARTESIAN_POINT('Ctrl Pts',(3.14989148196879,-1.,0.599999941119177));
#6842=CARTESIAN_POINT('',(3.15,-0.999999999999998,0.60000000000001));
#6843=CARTESIAN_POINT('Origin',(3.15,-0.999999999999996,0.50000000000001));
#6844=CARTESIAN_POINT('Ctrl Pts',(3.05,-1.1,0.60000000000001));
#6845=CARTESIAN_POINT('Ctrl Pts',(3.05572019781856,-1.1,0.60000000000001));
#6846=CARTESIAN_POINT('Ctrl Pts',(3.06132303836214,-1.09949895782893,0.600000000500888));
#6847=CARTESIAN_POINT('Ctrl Pts',(3.07255455137116,-1.09755890633517,0.599999992839718));
#6848=CARTESIAN_POINT('Ctrl Pts',(3.07816069697774,-1.0960609969595,0.59999998270414));
#6849=CARTESIAN_POINT('Ctrl Pts',(3.08900865545282,-1.09215753199057,0.599999957059176));
#6850=CARTESIAN_POINT('Ctrl Pts',(3.09424972542547,-1.08974517611314,0.599999942732625));
#6851=CARTESIAN_POINT('Ctrl Pts',(3.10412649519673,-1.08413986438678,0.599999941121852));
#6852=CARTESIAN_POINT('Ctrl Pts',(3.10878060305925,-1.08098259871355,0.599999956033168));
#6853=CARTESIAN_POINT('Ctrl Pts',(3.11579889240949,-1.07530454879405,0.599999987493305));
#6854=CARTESIAN_POINT('Ctrl Pts',(3.11829094490874,-1.07308789038723,0.600000000000011));
#6855=CARTESIAN_POINT('Ctrl Pts',(3.12457586815541,-1.06691340942054,0.600000000000011));
#6856=CARTESIAN_POINT('Ctrl Pts',(3.12799349128428,-1.06291939357514,0.599999971543224));
#6857=CARTESIAN_POINT('Ctrl Pts',(3.13428945735637,-1.05429442540602,0.599999941408721));
#6858=CARTESIAN_POINT('Ctrl Pts',(3.13710756174376,-1.04963653428916,0.599999938766722));
#6859=CARTESIAN_POINT('Ctrl Pts',(3.14193257778001,-1.03996088751694,0.599999953524812));
#6860=CARTESIAN_POINT('Ctrl Pts',(3.14394273466108,-1.0349417609843,0.599999968487864));
#6861=CARTESIAN_POINT('Ctrl Pts',(3.14709643894115,-1.02468848567106,0.599999989797766));
#6862=CARTESIAN_POINT('Ctrl Pts',(3.14826987198051,-1.01946827627986,0.599999996162658));
#6863=CARTESIAN_POINT('Ctrl Pts',(3.14966128552474,-1.00949824731097,0.600000000309149));
#6864=CARTESIAN_POINT('Ctrl Pts',(3.15,-1.0048051462785,0.600000000000011));
#6865=CARTESIAN_POINT('Ctrl Pts',(3.15,-0.999999999999998,0.600000000000011));
#6866=CARTESIAN_POINT('Origin',(3.15,1.2,0.50000000000001));
#6867=CARTESIAN_POINT('',(3.15,1.,0.60000000000001));
#6868=CARTESIAN_POINT('Origin',(3.15,1.,0.50000000000001));
#6869=CARTESIAN_POINT('',(3.15,1.2,0.60000000000001));
#6870=CARTESIAN_POINT('Ctrl Pts',(3.25,0.999999999999993,0.500000000000006));
#6871=CARTESIAN_POINT('Ctrl Pts',(3.24999999999999,1.19999999999999,0.500000000000016));
#6872=CARTESIAN_POINT('Ctrl Pts',(3.04999999999999,1.2,0.500000000000006));
#6873=CARTESIAN_POINT('Ctrl Pts',(3.25000000000001,0.999999999999988,0.600000000000012));
#6874=CARTESIAN_POINT('Ctrl Pts',(3.25,1.2,0.600000000000023));
#6875=CARTESIAN_POINT('Ctrl Pts',(3.04999999999999,1.20000000000001,0.600000000000012));
#6876=CARTESIAN_POINT('Ctrl Pts',(3.15,0.999999999999988,0.600000000000009));
#6877=CARTESIAN_POINT('Ctrl Pts',(3.14999999999999,1.1,0.600000000000014));
#6878=CARTESIAN_POINT('Ctrl Pts',(3.04999999999999,1.1,0.600000000000009));
#6879=CARTESIAN_POINT('',(3.05,1.1,0.60000000000001));
#6880=CARTESIAN_POINT('Origin',(3.05,1.1,0.500000000000011));
#6881=CARTESIAN_POINT('Origin',(3.05,1.,0.60000000000001));
#6882=CARTESIAN_POINT('Origin',(3.25,1.1,0.50000000000001));
#6883=CARTESIAN_POINT('',(2.4,1.1,0.600000000000011));
#6884=CARTESIAN_POINT('Origin',(2.4,1.1,0.50000000000001));
#6885=CARTESIAN_POINT('',(3.25,1.1,0.60000000000001));
#6886=CARTESIAN_POINT('Ctrl Pts',(2.39999999999999,1.2,0.500000000000008));
#6887=CARTESIAN_POINT('Ctrl Pts',(2.19999999999999,1.20000000000001,0.500000000000007));
#6888=CARTESIAN_POINT('Ctrl Pts',(2.2,1.00000000000001,0.50000000000001));
#6889=CARTESIAN_POINT('Ctrl Pts',(2.39999999999999,1.2,0.600000000000011));
#6890=CARTESIAN_POINT('Ctrl Pts',(2.19999999999999,1.20000000000002,0.600000000000011));
#6891=CARTESIAN_POINT('Ctrl Pts',(2.2,1.00000000000001,0.600000000000013));
#6892=CARTESIAN_POINT('Ctrl Pts',(2.39999999999999,1.1,0.600000000000012));
#6893=CARTESIAN_POINT('Ctrl Pts',(2.3,1.10000000000001,0.600000000000011));
#6894=CARTESIAN_POINT('Ctrl Pts',(2.3,1.00000000000001,0.600000000000013));
#6895=CARTESIAN_POINT('',(2.3,1.,0.600000000000011));
#6896=CARTESIAN_POINT('Origin',(2.3,1.,0.500000000000011));
#6897=CARTESIAN_POINT('Origin',(2.4,1.,0.60000000000001));
#6898=CARTESIAN_POINT('Origin',(2.3,1.2,0.50000000000001));
#6899=CARTESIAN_POINT('',(2.3,1.2,0.60000000000001));
#6900=CARTESIAN_POINT('Ctrl Pts',(-2.4,-1.2,0.500000000000008));
#6901=CARTESIAN_POINT('Ctrl Pts',(-2.2,-1.2,0.500000000000012));
#6902=CARTESIAN_POINT('Ctrl Pts',(-2.2,-1.,0.500000000000008));
#6903=CARTESIAN_POINT('Ctrl Pts',(-2.4,-1.2,0.600000000000011));
#6904=CARTESIAN_POINT('Ctrl Pts',(-2.2,-1.2,0.600000000000016));
#6905=CARTESIAN_POINT('Ctrl Pts',(-2.2,-1.,0.600000000000012));
#6906=CARTESIAN_POINT('Ctrl Pts',(-2.4,-1.1,0.600000000000011));
#6907=CARTESIAN_POINT('Ctrl Pts',(-2.3,-1.1,0.600000000000013));
#6908=CARTESIAN_POINT('Ctrl Pts',(-2.3,-1.,0.600000000000011));
#6909=CARTESIAN_POINT('',(-2.3,-0.999999999999998,0.60000000000001));
#6910=CARTESIAN_POINT('Origin',(-2.3,-0.999999999999998,0.50000000000001));
#6911=CARTESIAN_POINT('',(-2.4,-1.1,0.60000000000001));
#6912=CARTESIAN_POINT('Origin',(-2.4,-0.999999999999998,0.60000000000001));
#6913=CARTESIAN_POINT('Origin',(-2.4,-1.1,0.50000000000001));
#6914=CARTESIAN_POINT('Origin',(-2.3,1.2,0.50000000000001));
#6915=CARTESIAN_POINT('',(-2.3,1.,0.600000000000011));
#6916=CARTESIAN_POINT('Origin',(-2.3,1.,0.50000000000001));
#6917=CARTESIAN_POINT('',(-2.3,1.2,0.600000000000011));
#6918=CARTESIAN_POINT('Ctrl Pts',(-2.2,0.999999999999999,0.500000000000009));
#6919=CARTESIAN_POINT('Ctrl Pts',(-2.2,1.2,0.500000000000011));
#6920=CARTESIAN_POINT('Ctrl Pts',(-2.4,1.2,0.500000000000009));
#6921=CARTESIAN_POINT('Ctrl Pts',(-2.2,0.999999999999998,0.600000000000011));
#6922=CARTESIAN_POINT('Ctrl Pts',(-2.2,1.2,0.600000000000014));
#6923=CARTESIAN_POINT('Ctrl Pts',(-2.4,1.2,0.600000000000011));
#6924=CARTESIAN_POINT('Ctrl Pts',(-2.3,0.999999999999998,0.60000000000001));
#6925=CARTESIAN_POINT('Ctrl Pts',(-2.3,1.1,0.600000000000011));
#6926=CARTESIAN_POINT('Ctrl Pts',(-2.4,1.1,0.60000000000001));
#6927=CARTESIAN_POINT('',(-2.4,1.1,0.60000000000001));
#6928=CARTESIAN_POINT('Origin',(-2.4,1.1,0.50000000000001));
#6929=CARTESIAN_POINT('Origin',(-2.4,1.,0.60000000000001));
#6930=CARTESIAN_POINT('Origin',(-3.25,1.1,0.50000000000001));
#6931=CARTESIAN_POINT('',(-3.05,1.1,0.60000000000001));
#6932=CARTESIAN_POINT('Origin',(-3.05,1.1,0.50000000000001));
#6933=CARTESIAN_POINT('',(-3.25,1.1,0.60000000000001));
#6934=CARTESIAN_POINT('Ctrl Pts',(-3.05,1.2,0.500000000000008));
#6935=CARTESIAN_POINT('Ctrl Pts',(-3.25,1.2,0.500000000000011));
#6936=CARTESIAN_POINT('Ctrl Pts',(-3.25,1.,0.50000000000001));
#6937=CARTESIAN_POINT('Ctrl Pts',(-3.05,1.2,0.60000000000001));
#6938=CARTESIAN_POINT('Ctrl Pts',(-3.25,1.2,0.600000000000013));
#6939=CARTESIAN_POINT('Ctrl Pts',(-3.25,1.,0.600000000000012));
#6940=CARTESIAN_POINT('Ctrl Pts',(-3.05,1.1,0.60000000000001));
#6941=CARTESIAN_POINT('Ctrl Pts',(-3.15,1.1,0.600000000000011));
#6942=CARTESIAN_POINT('Ctrl Pts',(-3.15,1.,0.60000000000001));
#6943=CARTESIAN_POINT('',(-3.15,1.,0.600000000000011));
#6944=CARTESIAN_POINT('Origin',(-3.15,1.,0.50000000000001));
#6945=CARTESIAN_POINT('Origin',(-3.05,1.,0.60000000000001));
#6946=CARTESIAN_POINT('Origin',(-3.15,1.2,0.50000000000001));
#6947=CARTESIAN_POINT('',(-3.15,-0.999999999999998,0.60000000000001));
#6948=CARTESIAN_POINT('Origin',(-3.15,-0.999999999999999,0.50000000000001));
#6949=CARTESIAN_POINT('',(-3.15,1.2,0.60000000000001));
#6950=CARTESIAN_POINT('Ctrl Pts',(-3.25,-1.,0.500000000000009));
#6951=CARTESIAN_POINT('Ctrl Pts',(-3.25,-1.2,0.500000000000008));
#6952=CARTESIAN_POINT('Ctrl Pts',(-3.05,-1.2,0.50000000000001));
#6953=CARTESIAN_POINT('Ctrl Pts',(-3.25,-1.,0.600000000000013));
#6954=CARTESIAN_POINT('Ctrl Pts',(-3.25,-1.2,0.600000000000012));
#6955=CARTESIAN_POINT('Ctrl Pts',(-3.05,-1.2,0.600000000000014));
#6956=CARTESIAN_POINT('Ctrl Pts',(-3.15,-1.,0.600000000000011));
#6957=CARTESIAN_POINT('Ctrl Pts',(-3.15,-1.1,0.600000000000011));
#6958=CARTESIAN_POINT('Ctrl Pts',(-3.05,-1.1,0.600000000000012));
#6959=CARTESIAN_POINT('',(-3.05,-1.1,0.60000000000001));
#6960=CARTESIAN_POINT('Origin',(-3.05,-1.1,0.50000000000001));
#6961=CARTESIAN_POINT('Origin',(-3.05,-0.999999999999997,0.60000000000001));
#6962=CARTESIAN_POINT('Origin',(-3.25,-1.1,0.50000000000001));
#6963=CARTESIAN_POINT('',(-3.25,-1.1,0.60000000000001));
#6964=CARTESIAN_POINT('Origin',(2.025,0.0249999999999998,1.0842021724855E-16));
#6965=CARTESIAN_POINT('',(-1.525,-0.45,0.));
#6966=CARTESIAN_POINT('',(-1.225,-0.75,2.71050543121376E-17));
#6967=CARTESIAN_POINT('Origin',(-1.225,-0.45,0.));
#6968=CARTESIAN_POINT('',(-1.525,0.5,0.));
#6969=CARTESIAN_POINT('',(-1.525,0.0249999999999998,1.0842021724855E-16));
#6970=CARTESIAN_POINT('',(-1.225,0.8,2.71050543121376E-17));
#6971=CARTESIAN_POINT('Origin',(-1.225,0.5,0.));
#6972=CARTESIAN_POINT('',(1.175,0.8,0.));
#6973=CARTESIAN_POINT('',(2.025,0.8,1.0842021724855E-16));
#6974=CARTESIAN_POINT('',(1.475,0.5,2.71050543121376E-17));
#6975=CARTESIAN_POINT('Origin',(1.175,0.5,0.));
#6976=CARTESIAN_POINT('',(1.475,-0.45,2.71050543121376E-17));
#6977=CARTESIAN_POINT('',(1.475,0.0249999999999998,1.0842021724855E-16));
#6978=CARTESIAN_POINT('',(1.175,-0.75,2.71050543121376E-17));
#6979=CARTESIAN_POINT('Origin',(1.175,-0.45,0.));
#6980=CARTESIAN_POINT('',(2.025,-0.75,1.0842021724855E-16));
#6981=CARTESIAN_POINT('Origin',(-3.35,-1.6,-1.13584073464102));
#6982=CARTESIAN_POINT('',(-3.65,-1.6,-1.33584073464102));
#6983=CARTESIAN_POINT('Origin',(-3.65,-1.6,-1.13584073464102));
#6984=CARTESIAN_POINT('',(-3.35,-1.6,-1.33584073464102));
#6985=CARTESIAN_POINT('',(-3.35,-1.6,-1.33584073464102));
#6986=CARTESIAN_POINT('Origin',(-3.35,-1.6,-1.13584073464102));
#6987=CARTESIAN_POINT('Origin',(-3.65000000000001,1.8,2.76415926535898));
#6988=CARTESIAN_POINT('',(-3.64999999999998,1.3,-5.51984073464102));
#6989=CARTESIAN_POINT('',(-3.64999999999998,-2.5,-5.51984073464102));
#6990=CARTESIAN_POINT('',(-3.64999999999998,1.8,-5.51984073464102));
#6991=CARTESIAN_POINT('',(-3.64999999999998,-2.5,-5.01984073464101));
#6992=CARTESIAN_POINT('',(-3.65000000000001,-2.5,2.76415926535898));
#6993=CARTESIAN_POINT('',(-3.64999999999998,-2.98901815780602,-5.01984073464101));
#6994=CARTESIAN_POINT('',(-3.64999999999998,1.8,-5.01984073464101));
#6995=CARTESIAN_POINT('',(-3.64999999999999,-2.98901815780603,-4.01984073464102));
#6996=CARTESIAN_POINT('',(-3.65000000000001,-2.98901815780602,2.76415926535898));
#6997=CARTESIAN_POINT('',(-3.64999999999999,-2.,-4.01984073464102));
#6998=CARTESIAN_POINT('',(-3.64999999999999,1.8,-4.01984073464102));
#6999=CARTESIAN_POINT('',(-3.64999999999999,-1.8,-3.81984073464102));
#7000=CARTESIAN_POINT('Origin',(-3.64999999999999,-2.,-3.81984073464102));
#7001=CARTESIAN_POINT('',(-3.64999999999999,-1.8,-2.73584073464102));
#7002=CARTESIAN_POINT('',(-3.65000000000001,-1.8,2.76415926535898));
#7003=CARTESIAN_POINT('',(-3.64999999999999,-1.6,-2.53584073464102));
#7004=CARTESIAN_POINT('Origin',(-3.64999999999999,-1.6,-2.73584073464102));
#7005=CARTESIAN_POINT('',(-3.64999999999999,-1.5,-2.53584073464102));
#7006=CARTESIAN_POINT('',(-3.64999999999999,1.8,-2.53584073464102));
#7007=CARTESIAN_POINT('',(-3.65,-1.5,-1.33584073464102));
#7008=CARTESIAN_POINT('',(-3.65000000000001,-1.5,2.76415926535898));
#7009=CARTESIAN_POINT('',(-3.65,1.8,-1.33584073464102));
#7010=CARTESIAN_POINT('Origin',(-3.64999999999998,1.3,-5.01984073464102));
#7011=CARTESIAN_POINT('',(-3.64999999999999,0.55,-1.19984073464102));
#7012=CARTESIAN_POINT('',(-3.65,-0.55,-1.19984073464102));
#7013=CARTESIAN_POINT('',(-3.65,1.8,-1.19984073464102));
#7014=CARTESIAN_POINT('',(-3.64999999999999,-0.55,-3.04984073464102));
#7015=CARTESIAN_POINT('',(-3.65000000000001,-0.55,2.76415926535898));
#7016=CARTESIAN_POINT('',(-3.64999999999999,0.55,-3.04984073464102));
#7017=CARTESIAN_POINT('',(-3.64999999999999,1.8,-3.04984073464102));
#7018=CARTESIAN_POINT('',(-3.65000000000001,0.55,2.76415926535898));
#7019=CARTESIAN_POINT('Origin',(-3.34999999999998,1.3,-5.01984073464102));
#7020=CARTESIAN_POINT('',(-3.34999999999998,1.3,-5.51984073464102));
#7021=CARTESIAN_POINT('Origin',(-3.34999999999998,1.3,-5.01984073464102));
#7022=CARTESIAN_POINT('',(-3.34999999999998,1.3,-5.51984073464102));
#7023=CARTESIAN_POINT('Origin',(-3.35000000000001,1.8,2.76415926535898));
#7024=CARTESIAN_POINT('',(-3.34999999999998,-2.5,-5.51984073464102));
#7025=CARTESIAN_POINT('',(-3.34999999999998,1.8,-5.51984073464102));
#7026=CARTESIAN_POINT('',(-3.35,-1.5,-1.33584073464102));
#7027=CARTESIAN_POINT('',(-3.35,1.8,-1.33584073464102));
#7028=CARTESIAN_POINT('',(-3.34999999999999,-1.5,-2.53584073464102));
#7029=CARTESIAN_POINT('',(-3.35000000000001,-1.5,2.76415926535898));
#7030=CARTESIAN_POINT('',(-3.34999999999999,-1.6,-2.53584073464102));
#7031=CARTESIAN_POINT('',(-3.34999999999999,1.8,-2.53584073464102));
#7032=CARTESIAN_POINT('',(-3.34999999999999,-1.8,-2.73584073464102));
#7033=CARTESIAN_POINT('Origin',(-3.34999999999999,-1.6,-2.73584073464102));
#7034=CARTESIAN_POINT('',(-3.34999999999999,-1.8,-3.81984073464102));
#7035=CARTESIAN_POINT('',(-3.35000000000001,-1.8,2.76415926535898));
#7036=CARTESIAN_POINT('',(-3.34999999999999,-2.,-4.01984073464102));
#7037=CARTESIAN_POINT('Origin',(-3.34999999999999,-2.,-3.81984073464102));
#7038=CARTESIAN_POINT('',(-3.34999999999999,-2.98901815780603,-4.01984073464102));
#7039=CARTESIAN_POINT('',(-3.34999999999999,1.8,-4.01984073464102));
#7040=CARTESIAN_POINT('',(-3.34999999999998,-2.98901815780602,-5.01984073464101));
#7041=CARTESIAN_POINT('',(-3.35000000000001,-2.98901815780602,2.76415926535898));
#7042=CARTESIAN_POINT('',(-3.34999999999998,-2.5,-5.01984073464101));
#7043=CARTESIAN_POINT('',(-3.34999999999998,1.8,-5.01984073464101));
#7044=CARTESIAN_POINT('',(-3.35000000000001,-2.5,2.76415926535898));
#7045=CARTESIAN_POINT('',(-3.34999999999999,-0.55,-3.04984073464102));
#7046=CARTESIAN_POINT('',(-3.34999999999999,0.55,-3.04984073464102));
#7047=CARTESIAN_POINT('',(-3.34999999999999,1.8,-3.04984073464102));
#7048=CARTESIAN_POINT('',(-3.34999999999999,-0.55,-1.19984073464102));
#7049=CARTESIAN_POINT('',(-3.35000000000001,-0.55,2.76415926535898));
#7050=CARTESIAN_POINT('',(-3.35,0.55,-1.19984073464102));
#7051=CARTESIAN_POINT('',(-3.35,1.8,-1.19984073464102));
#7052=CARTESIAN_POINT('',(-3.35000000000001,0.55,2.76415926535898));
#7053=CARTESIAN_POINT('Origin',(-6.53048548128559E-16,-1.75,1.04083408558608E-14));
#7054=CARTESIAN_POINT('Origin',(2.05,1.35,-2.16999999999999));
#7055=CARTESIAN_POINT('',(2.05,1.35,-2.16999999999999));
#7056=CARTESIAN_POINT('',(2.05,1.35,-2.16999999999999));
#7057=CARTESIAN_POINT('',(2.05,1.35,-2.16999999999999));
#7058=CARTESIAN_POINT('Origin',(2.95,1.65,-2.16999999999999));
#7059=CARTESIAN_POINT('Origin',(2.05,1.35,-3.29999999999999));
#7060=CARTESIAN_POINT('',(2.05,1.35,-3.29999999999999));
#7061=CARTESIAN_POINT('',(2.05,1.35,-3.29999999999999));
#7062=CARTESIAN_POINT('',(2.05,-1.75,-3.29999999999999));
#7063=CARTESIAN_POINT('Origin',(-8.67361737979346E-16,-1.75,-2.89999999999999));
#7064=CARTESIAN_POINT('',(1.1,-1.75,-2.89999999999999));
#7065=CARTESIAN_POINT('',(-1.1,-1.75,-2.89999999999999));
#7066=CARTESIAN_POINT('Origin',(-2.05,1.35,-3.29999999999999));
#7067=CARTESIAN_POINT('',(-2.05,1.35,-2.16999999999999));
#7068=CARTESIAN_POINT('',(-2.05,1.35,-3.29999999999999));
#7069=CARTESIAN_POINT('',(-2.05,1.35,-3.29999999999999));
#7070=CARTESIAN_POINT('',(-2.05,1.35,-2.16999999999999));
#7071=CARTESIAN_POINT('',(-2.05,-1.75,-3.29999999999999));
#7072=CARTESIAN_POINT('Origin',(-2.05,1.35,-2.16999999999999));
#7073=CARTESIAN_POINT('',(-2.05,1.35,-2.16999999999999));
#7074=CARTESIAN_POINT('Origin',(-2.95,1.65,-2.16999999999999));
#7075=CARTESIAN_POINT('Origin',(-2.95,1.65,1.04083408558608E-14));
#7076=CARTESIAN_POINT('Origin',(2.95,1.65,1.04083408558608E-14));
#7077=CARTESIAN_POINT('Origin',(-3.05,1.35,-3.29999999999999));
#7078=CARTESIAN_POINT('',(-3.,1.35,-3.29999999999999));
#7079=CARTESIAN_POINT('',(-6.53048548128559E-16,1.35,-3.29999999999999));
#7080=CARTESIAN_POINT('Origin',(-3.,1.35,-3.24999999999999));
#7081=CARTESIAN_POINT('',(-2.9,1.35,-3.16999999999999));
#7082=CARTESIAN_POINT('',(-2.9,1.35,-2.17358983848621));
#7083=CARTESIAN_POINT('',(-2.9,1.35,-3.29999999999999));
#7084=CARTESIAN_POINT('',(-2.25,1.35,-3.16999999999999));
#7085=CARTESIAN_POINT('',(-3.05,1.35,-3.16999999999999));
#7086=CARTESIAN_POINT('',(-2.25,1.35,-2.17358983848621));
#7087=CARTESIAN_POINT('',(-2.25,1.35,-3.29999999999999));
#7088=CARTESIAN_POINT('',(-3.05,1.35,-2.17358983848621));
#7089=CARTESIAN_POINT('Origin',(-3.,-1.75,-3.24999999999999));
#7090=CARTESIAN_POINT('',(-3.,0.500000000000001,-3.29999999999999));
#7091=CARTESIAN_POINT('',(-3.,-1.75,-3.29999999999999));
#7092=CARTESIAN_POINT('Origin',(-3.,0.500000000000001,-3.24999999999999));
#7093=CARTESIAN_POINT('Origin',(-3.05,0.500000000000001,-2.99999999999999));
#7094=CARTESIAN_POINT('',(-3.2,0.500000000000001,-3.29999999999999));
#7095=CARTESIAN_POINT('',(-6.53048548128559E-16,0.500000000000001,-3.29999999999999));
#7096=CARTESIAN_POINT('',(-3.25,0.500000000000001,-3.24999999999999));
#7097=CARTESIAN_POINT('Origin',(-3.2,0.500000000000001,-3.24999999999999));
#7098=CARTESIAN_POINT('',(-3.25,0.500000000000001,-3.04999999999999));
#7099=CARTESIAN_POINT('',(-3.25,0.500000000000001,-2.99999999999999));
#7100=CARTESIAN_POINT('',(-3.3,0.500000000000001,-2.99999999999999));
#7101=CARTESIAN_POINT('Origin',(-3.3,0.500000000000001,-3.04999999999999));
#7102=CARTESIAN_POINT('',(-3.65,0.500000000000001,-2.99999999999999));
#7103=CARTESIAN_POINT('',(-3.05,0.500000000000001,-2.99999999999999));
#7104=CARTESIAN_POINT('',(-3.7,0.500000000000001,-2.94999999999999));
#7105=CARTESIAN_POINT('Origin',(-3.65,0.500000000000001,-2.94999999999999));
#7106=CARTESIAN_POINT('',(-3.7,0.500000000000001,-1.66999999999999));
#7107=CARTESIAN_POINT('',(-3.7,0.500000000000001,-2.99999999999999));
#7108=CARTESIAN_POINT('',(-3.05,0.500000000000001,-0.79999999999999));
#7109=CARTESIAN_POINT('Origin',(-3.7,-0.499999999999999,-1.66999999999999));
#7110=CARTESIAN_POINT('',(-3.7,-0.499999999999999,-1.66999999999999));
#7111=CARTESIAN_POINT('',(-3.7,-0.499999999999999,-1.66999999999999));
#7112=CARTESIAN_POINT('',(-3.7,-0.499999999999999,-1.66999999999999));
#7113=CARTESIAN_POINT('Origin',(-3.05,-0.499999999999999,-2.99999999999999));
#7114=CARTESIAN_POINT('',(-3.25,-0.499999999999999,-3.24999999999999));
#7115=CARTESIAN_POINT('',(-3.25,-0.499999999999999,-3.04999999999999));
#7116=CARTESIAN_POINT('',(-3.25,-0.499999999999999,-2.99999999999999));
#7117=CARTESIAN_POINT('',(-3.2,-0.499999999999999,-3.29999999999999));
#7118=CARTESIAN_POINT('Origin',(-3.2,-0.499999999999999,-3.24999999999999));
#7119=CARTESIAN_POINT('',(-3.,-0.499999999999999,-3.29999999999999));
#7120=CARTESIAN_POINT('',(-6.53048548128559E-16,-0.499999999999999,-3.29999999999999));
#7121=CARTESIAN_POINT('Origin',(-3.,-0.499999999999999,-3.24999999999999));
#7122=CARTESIAN_POINT('',(-3.7,-0.499999999999999,-2.94999999999999));
#7123=CARTESIAN_POINT('',(-3.7,-0.499999999999999,-2.99999999999999));
#7124=CARTESIAN_POINT('',(-3.65,-0.499999999999999,-2.99999999999999));
#7125=CARTESIAN_POINT('Origin',(-3.65,-0.499999999999999,-2.94999999999999));
#7126=CARTESIAN_POINT('',(-3.3,-0.499999999999999,-2.99999999999999));
#7127=CARTESIAN_POINT('',(-3.05,-0.499999999999999,-2.99999999999999));
#7128=CARTESIAN_POINT('Origin',(-3.3,-0.499999999999999,-3.04999999999999));
#7129=CARTESIAN_POINT('Origin',(-3.,7.83094961965336E-16,-3.24999999999999));
#7130=CARTESIAN_POINT('',(-3.,-1.65,-3.29999999999999));
#7131=CARTESIAN_POINT('',(-3.,-1.75,-3.29999999999999));
#7132=CARTESIAN_POINT('Origin',(-3.,-1.65,-3.24999999999999));
#7133=CARTESIAN_POINT('Origin',(-2.95,-1.65,1.04083408558608E-14));
#7134=CARTESIAN_POINT('Origin',(-2.95,-1.65,-3.24999999999999));
#7135=CARTESIAN_POINT('Origin',(2.25000000000001,8.21579252453886E-16,-2.16999999999999));
#7136=CARTESIAN_POINT('',(2.25000000000001,-5.75,-1.86999999999999));
#7137=CARTESIAN_POINT('',(2.25000000000001,8.21579252453886E-16,-1.86999999999999));
#7138=CARTESIAN_POINT('',(2.25000000000001,-5.75,-2.16999999999999));
#7139=CARTESIAN_POINT('',(2.25000000000001,8.21579252453886E-16,-2.16999999999999));
#7140=CARTESIAN_POINT('',(2.25000000000001,-5.75,-2.16999999999999));
#7141=CARTESIAN_POINT('Origin',(2.90000000000001,1.45,-2.16999999999999));
#7142=CARTESIAN_POINT('',(2.90000000000001,-2.05,-2.16999999999999));
#7143=CARTESIAN_POINT('',(2.90000000000001,1.45,-2.16999999999999));
#7144=CARTESIAN_POINT('',(2.90000000000001,-2.05,-1.86999999999999));
#7145=CARTESIAN_POINT('',(2.90000000000001,1.45,-1.86999999999999));
#7146=CARTESIAN_POINT('',(2.90000000000001,-2.05,-2.16999999999999));
#7147=CARTESIAN_POINT('Origin',(2.25000000000001,8.21579252453886E-16,-1.86999999999999));
#7148=CARTESIAN_POINT('',(-2.74999999999999,-2.2,-1.86999999999999));
#7149=CARTESIAN_POINT('',(-2.89999999999999,-2.05,-1.86999999999999));
#7150=CARTESIAN_POINT('',(-2.74999999999999,-2.2,-1.86999999999999));
#7151=CARTESIAN_POINT('',(-2.74999999999999,-5.75,-1.86999999999999));
#7152=CARTESIAN_POINT('',(-2.74999999999999,8.21579252453886E-16,-1.86999999999999));
#7153=CARTESIAN_POINT('',(-2.24999999999999,-5.75,-1.86999999999999));
#7154=CARTESIAN_POINT('Origin',(-2.49999999999999,-5.75,-1.86999999999999));
#7155=CARTESIAN_POINT('',(-2.24999999999999,8.21579252453886E-16,-1.86999999999999));
#7156=CARTESIAN_POINT('',(-2.89999999999999,8.21579252453886E-16,-1.86999999999999));
#7157=CARTESIAN_POINT('Origin',(-2.89999999999999,1.45,-2.16999999999999));
#7158=CARTESIAN_POINT('',(-2.89999999999999,-2.05,-2.16999999999999));
#7159=CARTESIAN_POINT('',(-2.89999999999999,8.21579252453886E-16,-2.16999999999999));
#7160=CARTESIAN_POINT('',(-2.89999999999999,-2.05,-2.16999999999999));
#7161=CARTESIAN_POINT('Origin',(-6.65295016120033E-16,-1.7,-3.24999999999999));
#7162=CARTESIAN_POINT('',(-1.1,-1.7,-3.29999999999999));
#7163=CARTESIAN_POINT('Origin',(-1.1,-1.7,-3.24999999999999));
#7164=CARTESIAN_POINT('',(-2.95,-1.7,-3.29999999999999));
#7165=CARTESIAN_POINT('Origin',(-2.95,-1.7,-3.24999999999999));
#7166=CARTESIAN_POINT('',(-6.65295016120033E-16,-1.7,-3.29999999999999));
#7167=CARTESIAN_POINT('Origin',(-6.53048548128559E-16,-1.7,-3.24999999999999));
#7168=CARTESIAN_POINT('',(1.1,-1.7,-3.29999999999999));
#7169=CARTESIAN_POINT('Origin',(1.1,-1.7,-3.24999999999999));
#7170=CARTESIAN_POINT('',(2.95,-1.7,-3.29999999999999));
#7171=CARTESIAN_POINT('',(-6.53048548128559E-16,-1.7,-3.29999999999999));
#7172=CARTESIAN_POINT('Origin',(2.95,-1.7,-3.24999999999999));
#7173=CARTESIAN_POINT('Origin',(2.95,-1.65,1.04083408558608E-14));
#7174=CARTESIAN_POINT('Origin',(2.95,-1.65,-3.24999999999999));
#7175=CARTESIAN_POINT('Origin',(3.,1.51788304145375E-15,-3.24999999999999));
#7176=CARTESIAN_POINT('',(3.,-0.499999999999999,-3.29999999999999));
#7177=CARTESIAN_POINT('Origin',(3.,-0.499999999999999,-3.24999999999999));
#7178=CARTESIAN_POINT('',(3.,-1.65,-3.29999999999999));
#7179=CARTESIAN_POINT('Origin',(3.,-1.65,-3.24999999999999));
#7180=CARTESIAN_POINT('',(3.,1.51788304145375E-15,-3.29999999999999));
#7181=CARTESIAN_POINT('Origin',(3.05,-0.499999999999999,-2.99999999999999));
#7182=CARTESIAN_POINT('',(3.7,-0.499999999999999,-1.66999999999999));
#7183=CARTESIAN_POINT('',(3.7,-0.499999999999999,-2.94999999999999));
#7184=CARTESIAN_POINT('',(3.7,-0.499999999999999,-2.99999999999999));
#7185=CARTESIAN_POINT('',(3.05,-0.499999999999999,-0.79999999999999));
#7186=CARTESIAN_POINT('',(3.2,-0.499999999999999,-3.29999999999999));
#7187=CARTESIAN_POINT('',(3.05,-0.499999999999999,-3.29999999999999));
#7188=CARTESIAN_POINT('',(3.25,-0.499999999999999,-3.24999999999999));
#7189=CARTESIAN_POINT('Origin',(3.2,-0.499999999999999,-3.24999999999999));
#7190=CARTESIAN_POINT('',(3.25,-0.499999999999999,-3.04999999999999));
#7191=CARTESIAN_POINT('',(3.25,-0.499999999999999,-2.99999999999999));
#7192=CARTESIAN_POINT('',(3.3,-0.499999999999999,-2.99999999999999));
#7193=CARTESIAN_POINT('Origin',(3.3,-0.499999999999999,-3.04999999999999));
#7194=CARTESIAN_POINT('',(3.65,-0.499999999999999,-2.99999999999999));
#7195=CARTESIAN_POINT('',(3.05,-0.499999999999999,-2.99999999999999));
#7196=CARTESIAN_POINT('Origin',(3.65,-0.499999999999999,-2.94999999999999));
#7197=CARTESIAN_POINT('Origin',(3.7,-0.499999999999999,-1.66999999999999));
#7198=CARTESIAN_POINT('',(3.7,0.500000000000002,-1.66999999999999));
#7199=CARTESIAN_POINT('',(3.7,-0.499999999999999,-1.66999999999999));
#7200=CARTESIAN_POINT('',(3.7,0.500000000000002,-1.66999999999999));
#7201=CARTESIAN_POINT('Origin',(3.05,0.500000000000002,-2.99999999999999));
#7202=CARTESIAN_POINT('',(3.3,0.500000000000002,-2.99999999999999));
#7203=CARTESIAN_POINT('',(3.65,0.500000000000002,-2.99999999999999));
#7204=CARTESIAN_POINT('',(3.05,0.500000000000002,-2.99999999999999));
#7205=CARTESIAN_POINT('',(3.25,0.500000000000002,-3.04999999999999));
#7206=CARTESIAN_POINT('Origin',(3.3,0.500000000000002,-3.04999999999999));
#7207=CARTESIAN_POINT('',(3.25,0.500000000000002,-3.24999999999999));
#7208=CARTESIAN_POINT('',(3.25,0.500000000000002,-2.99999999999999));
#7209=CARTESIAN_POINT('',(3.2,0.500000000000002,-3.29999999999999));
#7210=CARTESIAN_POINT('Origin',(3.2,0.500000000000002,-3.24999999999999));
#7211=CARTESIAN_POINT('',(3.,0.500000000000002,-3.29999999999999));
#7212=CARTESIAN_POINT('',(3.05,0.500000000000002,-3.29999999999999));
#7213=CARTESIAN_POINT('Origin',(3.,0.500000000000002,-3.24999999999999));
#7214=CARTESIAN_POINT('',(3.7,0.500000000000002,-2.94999999999999));
#7215=CARTESIAN_POINT('',(3.7,0.500000000000002,-2.99999999999999));
#7216=CARTESIAN_POINT('Origin',(3.65,0.500000000000002,-2.94999999999999));
#7217=CARTESIAN_POINT('Origin',(3.,-1.75,-3.24999999999999));
#7218=CARTESIAN_POINT('',(3.,1.35,-3.29999999999999));
#7219=CARTESIAN_POINT('Origin',(3.,1.35,-3.24999999999999));
#7220=CARTESIAN_POINT('',(3.,-1.75,-3.29999999999999));
#7221=CARTESIAN_POINT('Origin',(3.05,1.35,-3.29999999999999));
#7222=CARTESIAN_POINT('',(3.05,1.35,-3.29999999999999));
#7223=CARTESIAN_POINT('',(2.25,1.35,-3.16999999999999));
#7224=CARTESIAN_POINT('',(2.25,1.35,-2.17358983848621));
#7225=CARTESIAN_POINT('',(2.25,1.35,-3.29999999999999));
#7226=CARTESIAN_POINT('',(2.9,1.35,-3.16999999999999));
#7227=CARTESIAN_POINT('',(3.05,1.35,-3.16999999999999));
#7228=CARTESIAN_POINT('',(2.9,1.35,-2.17358983848621));
#7229=CARTESIAN_POINT('',(2.9,1.35,-3.29999999999999));
#7230=CARTESIAN_POINT('',(3.05,1.35,-2.17358983848621));
#7231=CARTESIAN_POINT('Origin',(3.25,1.2,0.60000000000001));
#7232=CARTESIAN_POINT('Origin',(-3.25,1.2,0.60000000000001));
#7233=CARTESIAN_POINT('Origin',(-1.525,0.0249999999999995,1.7));
#7234=CARTESIAN_POINT('',(-1.525,-0.450000000000001,1.4));
#7235=CARTESIAN_POINT('',(-1.525,-0.450000000000001,1.7));
#7236=CARTESIAN_POINT('',(-1.525,0.5,1.4));
#7237=CARTESIAN_POINT('',(-1.525,0.0249999999999995,1.4));
#7238=CARTESIAN_POINT('',(-1.525,0.5,1.7));
#7239=CARTESIAN_POINT('Origin',(-0.0249999999999998,-0.75,1.7));
#7240=CARTESIAN_POINT('',(-1.225,-0.75,1.4));
#7241=CARTESIAN_POINT('',(-1.225,-0.75,1.7));
#7242=CARTESIAN_POINT('',(1.175,-0.75,1.4));
#7243=CARTESIAN_POINT('',(1.175,-0.75,1.7));
#7244=CARTESIAN_POINT('',(-0.0249999999999998,-0.75,1.4));
#7245=CARTESIAN_POINT('Origin',(1.475,0.0249999999999998,1.7));
#7246=CARTESIAN_POINT('',(1.475,-0.45,1.4));
#7247=CARTESIAN_POINT('',(1.475,0.5,1.4));
#7248=CARTESIAN_POINT('',(1.475,0.0249999999999998,1.4));
#7249=CARTESIAN_POINT('',(1.475,-0.45,1.7));
#7250=CARTESIAN_POINT('',(1.475,0.5,1.7));
#7251=CARTESIAN_POINT('Origin',(-0.0249999999999998,0.8,1.7));
#7252=CARTESIAN_POINT('',(-1.225,0.8,1.4));
#7253=CARTESIAN_POINT('',(-1.225,0.8,1.7));
#7254=CARTESIAN_POINT('',(1.175,0.8,1.4));
#7255=CARTESIAN_POINT('',(-0.0249999999999998,0.8,1.4));
#7256=CARTESIAN_POINT('',(1.175,0.8,1.7));
#7257=CARTESIAN_POINT('Origin',(-3.35,-1.5,-1.33584073464102));
#7258=CARTESIAN_POINT('',(-3.35,-1.5,-1.33584073464102));
#7259=CARTESIAN_POINT('Origin',(-3.34999999999999,-2.5,-4.01984073464102));
#7260=CARTESIAN_POINT('',(-3.34999999999999,-2.5,-5.51984073464102));
#7261=CARTESIAN_POINT('',(-3.34999999999999,-2.5,-5.01984073464101));
#7262=CARTESIAN_POINT('Origin',(-3.34999999999998,1.8,-5.51984073464102));
#7263=CARTESIAN_POINT('Origin',(-3.35,-1.5,-1.33584073464102));
#7264=CARTESIAN_POINT('',(-3.35,-1.5,-2.53584073464102));
#7265=CARTESIAN_POINT('Origin',(-3.34999999999999,-1.5,-2.53584073464102));
#7266=CARTESIAN_POINT('',(-3.34999999999999,-1.6,-2.53584073464102));
#7267=CARTESIAN_POINT('Origin',(-3.34999999999999,-1.6,-2.73584073464102));
#7268=CARTESIAN_POINT('',(-3.34999999999999,-1.8,-2.73584073464102));
#7269=CARTESIAN_POINT('Origin',(-3.34999999999999,-1.8,-2.53584073464102));
#7270=CARTESIAN_POINT('',(-3.34999999999999,-1.8,-3.81984073464102));
#7271=CARTESIAN_POINT('Origin',(-3.34999999999999,-2.,-3.81984073464102));
#7272=CARTESIAN_POINT('',(-3.34999999999999,-2.,-4.01984073464102));
#7273=CARTESIAN_POINT('Origin',(-3.34999999999999,-1.8,-4.01984073464102));
#7274=CARTESIAN_POINT('',(-3.64999999999999,-5.31384919824742,-4.01984073464102));
#7275=CARTESIAN_POINT('',(-3.64999999999999,-5.5,-4.01984073464102));
#7276=CARTESIAN_POINT('',(-3.64999999999999,-1.8,-4.01984073464102));
#7277=CARTESIAN_POINT('',(-3.34999999999999,-5.5,-4.01984073464102));
#7278=CARTESIAN_POINT('',(-3.34999999999999,-5.5,-4.01984073464102));
#7279=CARTESIAN_POINT('',(-3.34999999999999,-5.31384919824742,-4.01984073464102));
#7280=CARTESIAN_POINT('',(-3.34999999999999,-1.8,-4.01984073464102));
#7281=CARTESIAN_POINT('',(-3.3998774760006,-5.13377568384778,-4.01984073464102));
#7282=CARTESIAN_POINT('Origin',(-3.69999999999999,-5.31384919824742,-4.01984073464101));
#7283=CARTESIAN_POINT('',(-3.3998774760006,-5.13377568384778,-4.01984073464102));
#7284=CARTESIAN_POINT('',(-3.38221421542483,-3.13568851991764,-4.01984073464102));
#7285=CARTESIAN_POINT('',(-3.90005433015812,-4.25767543517311,-4.01984073464102));
#7286=CARTESIAN_POINT('Origin',(-3.69999999999999,-2.98901815780603,-4.01984073464102));
#7287=CARTESIAN_POINT('',(-3.65460203077496,-3.00997106667912,-4.01984073464102));
#7288=CARTESIAN_POINT('Origin',(-3.69999999999999,-2.98901815780603,-4.01984073464102));
#7289=CARTESIAN_POINT('',(-4.17244214550826,-4.13195798193458,-4.01984073464102));
#7290=CARTESIAN_POINT('',(-3.65460203077496,-3.00997106667912,-4.01984073464102));
#7291=CARTESIAN_POINT('',(-4.15477888493249,-4.45870185844583,-4.01984073464102));
#7292=CARTESIAN_POINT('Origin',(-3.8546563609331,-4.2786283440462,-4.01984073464101));
#7293=CARTESIAN_POINT('',(-3.65712535371436,-5.28812441047605,-4.01984073464102));
#7294=CARTESIAN_POINT('',(-4.15477888493249,-4.45870185844583,-4.01984073464102));
#7295=CARTESIAN_POINT('Origin',(-3.69999999999999,-5.31384919824742,-4.01984073464101));
#7296=CARTESIAN_POINT('Origin',(-3.69999999999998,-2.98901815780602,-5.01984073464101));
#7297=CARTESIAN_POINT('',(-3.65460203077496,-3.00997106667911,-5.01984073464101));
#7298=CARTESIAN_POINT('Origin',(-3.69999999999998,-2.98901815780602,-5.01984073464101));
#7299=CARTESIAN_POINT('',(-3.65460203077496,-3.00997106667911,-5.01984073464101));
#7300=CARTESIAN_POINT('Origin',(-3.64999999999999,-1.5,-5.01984073464101));
#7301=CARTESIAN_POINT('',(-3.64999999999999,-5.31384919824742,-5.01984073464101));
#7302=CARTESIAN_POINT('',(-3.64999999999999,-5.5,-5.01984073464101));
#7303=CARTESIAN_POINT('',(-3.64999999999999,-1.5,-5.01984073464101));
#7304=CARTESIAN_POINT('',(-3.65712535371436,-5.28812441047605,-5.01984073464101));
#7305=CARTESIAN_POINT('Origin',(-3.69999999999999,-5.31384919824742,-5.01984073464101));
#7306=CARTESIAN_POINT('',(-4.15477888493249,-4.45870185844583,-5.01984073464101));
#7307=CARTESIAN_POINT('',(-4.15477888493249,-4.45870185844583,-5.01984073464101));
#7308=CARTESIAN_POINT('',(-4.17244214550826,-4.13195798193458,-5.01984073464101));
#7309=CARTESIAN_POINT('Origin',(-3.8546563609331,-4.2786283440462,-5.01984073464101));
#7310=CARTESIAN_POINT('',(-3.65460203077496,-3.00997106667911,-5.01984073464101));
#7311=CARTESIAN_POINT('',(-3.38221421542482,-3.13568851991764,-5.01984073464101));
#7312=CARTESIAN_POINT('Origin',(-3.69999999999998,-2.98901815780602,-5.01984073464101));
#7313=CARTESIAN_POINT('',(-3.90005433015812,-4.25767543517311,-5.01984073464101));
#7314=CARTESIAN_POINT('',(-3.3998774760006,-5.13377568384778,-5.01984073464101));
#7315=CARTESIAN_POINT('',(-3.3998774760006,-5.13377568384778,-5.01984073464101));
#7316=CARTESIAN_POINT('',(-3.34999999999999,-5.31384919824742,-5.01984073464101));
#7317=CARTESIAN_POINT('Origin',(-3.69999999999999,-5.31384919824742,-5.01984073464101));
#7318=CARTESIAN_POINT('',(-3.34999999999999,-5.5,-5.01984073464101));
#7319=CARTESIAN_POINT('',(-3.34999999999999,-1.5,-5.01984073464101));
#7320=CARTESIAN_POINT('',(-3.64999999999999,-5.5,-5.01984073464101));
#7321=CARTESIAN_POINT('Origin',(-3.35,-0.55,-1.19984073464102));
#7322=CARTESIAN_POINT('',(-3.35,-0.55,-3.04984073464102));
#7323=CARTESIAN_POINT('',(-3.35,-0.55,-1.19984073464102));
#7324=CARTESIAN_POINT('Origin',(-3.35,0.55,-1.19984073464102));
#7325=CARTESIAN_POINT('',(-3.35,0.55,-1.19984073464102));
#7326=CARTESIAN_POINT('Origin',(-3.35,0.55,-1.19984073464102));
#7327=CARTESIAN_POINT('',(-3.35,0.55,-3.04984073464102));
#7328=CARTESIAN_POINT('Origin',(-3.34999999999999,0.55,-3.04984073464102));
#7329=CARTESIAN_POINT('Origin',(-3.70000000000001,-2.98901815780608,2.76415926535894));
#7330=CARTESIAN_POINT('',(-3.38221421542485,-3.1356885199177,2.76415926535894));
#7331=CARTESIAN_POINT('Origin',(-1.1,1.11374959773512E-15,-2.89999999999999));
#7332=CARTESIAN_POINT('',(-1.1,1.11374959773512E-15,-3.29999999999999));
#7333=CARTESIAN_POINT('Origin',(1.1,1.38317189354754E-15,-2.89999999999999));
#7334=CARTESIAN_POINT('',(1.1,1.38317189354754E-15,-3.29999999999999));
#7335=CARTESIAN_POINT('Origin',(-2.25,1.3,-2.51999999999999));
#7336=CARTESIAN_POINT('',(-2.9,1.65,-2.51999999999999));
#7337=CARTESIAN_POINT('Origin',(-2.9,1.3,-2.51999999999999));
#7338=CARTESIAN_POINT('',(-2.25,1.65,-2.51999999999999));
#7339=CARTESIAN_POINT('Origin',(-2.25,1.3,-2.51999999999999));
#7340=CARTESIAN_POINT('',(-2.25,1.65,-2.51999999999999));
#7341=CARTESIAN_POINT('Origin',(-2.9,1.35,-2.46999999999999));
#7342=CARTESIAN_POINT('',(-2.9,1.65,-3.16999999999999));
#7343=CARTESIAN_POINT('',(-2.9,1.65,-2.46999999999999));
#7344=CARTESIAN_POINT('',(-2.9,1.35,-3.16999999999999));
#7345=CARTESIAN_POINT('Origin',(-2.25,1.35,-3.16999999999999));
#7346=CARTESIAN_POINT('',(-2.25,1.65,-3.16999999999999));
#7347=CARTESIAN_POINT('',(-2.25,1.65,-3.16999999999999));
#7348=CARTESIAN_POINT('',(-2.25,1.35,-3.16999999999999));
#7349=CARTESIAN_POINT('Origin',(-2.25,1.35,-2.46999999999999));
#7350=CARTESIAN_POINT('',(-2.25,1.65,-2.46999999999999));
#7351=CARTESIAN_POINT('Origin',(-3.2,-0.499999999999999,-3.24999999999999));
#7352=CARTESIAN_POINT('',(-3.25,-0.499999999999999,-3.24999999999999));
#7353=CARTESIAN_POINT('',(-3.2,-0.499999999999999,-3.29999999999999));
#7354=CARTESIAN_POINT('Origin',(-3.25,-0.499999999999999,-3.29999999999999));
#7355=CARTESIAN_POINT('',(-3.25,-0.499999999999999,-3.04999999999999));
#7356=CARTESIAN_POINT('Origin',(-3.3,-0.499999999999999,-3.04999999999999));
#7357=CARTESIAN_POINT('',(-3.3,-0.499999999999999,-2.99999999999999));
#7358=CARTESIAN_POINT('Origin',(-3.25,-0.499999999999999,-2.99999999999999));
#7359=CARTESIAN_POINT('',(-3.65,-0.499999999999999,-2.99999999999999));
#7360=CARTESIAN_POINT('Origin',(-3.65,-0.499999999999999,-2.94999999999999));
#7361=CARTESIAN_POINT('',(-3.7,-0.499999999999999,-2.94999999999999));
#7362=CARTESIAN_POINT('Origin',(-3.7,-0.499999999999999,-2.99999999999999));
#7363=CARTESIAN_POINT('Ctrl Pts',(-3.,-1.64999999999999,-3.29999999999999));
#7364=CARTESIAN_POINT('Ctrl Pts',(-3.,-1.7,-3.29999999999999));
#7365=CARTESIAN_POINT('Ctrl Pts',(-2.94999999999999,-1.7,-3.29999999999999));
#7366=CARTESIAN_POINT('Ctrl Pts',(-3.05,-1.64999999999999,-3.29999999999999));
#7367=CARTESIAN_POINT('Ctrl Pts',(-3.04999999999999,-1.75,-3.29999999999999));
#7368=CARTESIAN_POINT('Ctrl Pts',(-2.94999999999999,-1.75,-3.29999999999999));
#7369=CARTESIAN_POINT('Ctrl Pts',(-3.05,-1.64999999999999,-3.24999999999999));
#7370=CARTESIAN_POINT('Ctrl Pts',(-3.05,-1.75,-3.24999999999999));
#7371=CARTESIAN_POINT('Ctrl Pts',(-2.94999999999999,-1.75,-3.24999999999999));
#7372=CARTESIAN_POINT('Origin',(-2.95,-1.65,-3.29999999999999));
#7373=CARTESIAN_POINT('Origin',(2.25000000000001,8.21579252453886E-16,-1.86999999999999));
#7374=CARTESIAN_POINT('',(2.75000000000001,-5.75,-1.86999999999999));
#7375=CARTESIAN_POINT('Origin',(2.50000000000001,-5.75,-1.86999999999999));
#7376=CARTESIAN_POINT('',(2.75000000000001,-2.2,-1.86999999999999));
#7377=CARTESIAN_POINT('',(2.75000000000001,8.21579252453886E-16,-1.86999999999999));
#7378=CARTESIAN_POINT('',(2.90000000000001,-2.05,-1.86999999999999));
#7379=CARTESIAN_POINT('Origin',(2.50000000000001,-5.75,-2.16999999999999));
#7380=CARTESIAN_POINT('',(2.75000000000001,-5.75,-2.16999999999999));
#7381=CARTESIAN_POINT('Origin',(2.50000000000001,-5.75,-2.16999999999999));
#7382=CARTESIAN_POINT('',(2.75000000000001,-5.75,-2.16999999999999));
#7383=CARTESIAN_POINT('Origin',(2.25000000000001,8.21579252453886E-16,-2.16999999999999));
#7384=CARTESIAN_POINT('',(2.75000000000001,-2.2,-2.16999999999999));
#7385=CARTESIAN_POINT('',(2.90000000000001,-2.05,-2.16999999999999));
#7386=CARTESIAN_POINT('',(2.75000000000001,8.21579252453886E-16,-2.16999999999999));
#7387=CARTESIAN_POINT('Origin',(2.90000000000001,-2.05,-2.16999999999999));
#7388=CARTESIAN_POINT('',(2.75000000000001,-2.2,-2.16999999999999));
#7389=CARTESIAN_POINT('Origin',(-2.89999999999999,-2.05,-2.16999999999999));
#7390=CARTESIAN_POINT('',(-2.74999999999999,-2.2,-2.16999999999999));
#7391=CARTESIAN_POINT('',(-2.74999999999999,-2.2,-2.16999999999999));
#7392=CARTESIAN_POINT('',(-2.74999999999999,-2.2,-2.16999999999999));
#7393=CARTESIAN_POINT('Origin',(-2.74999999999999,-2.2,-2.16999999999999));
#7394=CARTESIAN_POINT('',(-2.74999999999999,-5.75,-2.16999999999999));
#7395=CARTESIAN_POINT('',(-2.74999999999999,-2.2,-2.16999999999999));
#7396=CARTESIAN_POINT('',(-2.74999999999999,-5.75,-2.16999999999999));
#7397=CARTESIAN_POINT('Origin',(-2.49999999999999,-5.75,-2.16999999999999));
#7398=CARTESIAN_POINT('',(-2.24999999999999,-5.75,-2.16999999999999));
#7399=CARTESIAN_POINT('',(-2.24999999999999,-5.75,-2.16999999999999));
#7400=CARTESIAN_POINT('Origin',(-2.49999999999999,-5.75,-2.16999999999999));
#7401=CARTESIAN_POINT('Origin',(-2.24999999999999,7.01454984622155E-16,
-2.16999999999999));
#7402=CARTESIAN_POINT('',(-2.24999999999999,7.01454984622155E-16,-2.16999999999999));
#7403=CARTESIAN_POINT('Origin',(-6.53048548128559E-16,-1.75,-3.29999999999999));
#7404=CARTESIAN_POINT('Origin',(-6.53048548128559E-16,-1.75,-3.29999999999999));
#7405=CARTESIAN_POINT('Origin',(2.95,-1.65,-3.29999999999999));
#7406=CARTESIAN_POINT('',(3.2,-1.75,-3.29999999999999));
#7407=CARTESIAN_POINT('Ctrl Pts',(2.94999999999999,-1.7,-3.29999999999999));
#7408=CARTESIAN_POINT('Ctrl Pts',(2.99999999999999,-1.69999999999999,-3.29999999999999));
#7409=CARTESIAN_POINT('Ctrl Pts',(3.,-1.64999999999998,-3.29999999999999));
#7410=CARTESIAN_POINT('Ctrl Pts',(2.94999999999999,-1.75,-3.29999999999999));
#7411=CARTESIAN_POINT('Ctrl Pts',(3.04999999999999,-1.74999999999999,-3.29999999999999));
#7412=CARTESIAN_POINT('Ctrl Pts',(3.05,-1.64999999999998,-3.3));
#7413=CARTESIAN_POINT('Ctrl Pts',(2.94999999999999,-1.75,-3.24999999999999));
#7414=CARTESIAN_POINT('Ctrl Pts',(3.04999999999999,-1.74999999999999,-3.24999999999999));
#7415=CARTESIAN_POINT('Ctrl Pts',(3.05000000000001,-1.64999999999998,-3.24999999999999));
#7416=CARTESIAN_POINT('Origin',(3.65,-0.499999999999999,-2.94999999999999));
#7417=CARTESIAN_POINT('',(3.65,-0.499999999999999,-2.99999999999999));
#7418=CARTESIAN_POINT('',(3.7,-0.499999999999999,-2.94999999999999));
#7419=CARTESIAN_POINT('Origin',(3.7,-0.499999999999999,-2.99999999999999));
#7420=CARTESIAN_POINT('Origin',(3.2,-0.499999999999999,-3.24999999999999));
#7421=CARTESIAN_POINT('',(3.25,-0.499999999999999,-3.24999999999999));
#7422=CARTESIAN_POINT('Origin',(3.25,-0.499999999999999,-3.29999999999999));
#7423=CARTESIAN_POINT('',(3.25,-0.499999999999999,-3.04999999999999));
#7424=CARTESIAN_POINT('Origin',(3.3,-0.499999999999999,-3.04999999999999));
#7425=CARTESIAN_POINT('',(3.3,-0.499999999999999,-2.99999999999999));
#7426=CARTESIAN_POINT('Origin',(3.25,-0.499999999999999,-2.99999999999999));
#7427=CARTESIAN_POINT('Origin',(2.25,1.3,-2.51999999999999));
#7428=CARTESIAN_POINT('',(2.25,1.65,-2.51999999999999));
#7429=CARTESIAN_POINT('Origin',(2.25,1.3,-2.51999999999999));
#7430=CARTESIAN_POINT('',(2.9,1.65,-2.51999999999999));
#7431=CARTESIAN_POINT('Origin',(2.9,1.3,-2.51999999999999));
#7432=CARTESIAN_POINT('',(2.25,1.65,-2.51999999999999));
#7433=CARTESIAN_POINT('Origin',(2.25,1.35,-2.46999999999999));
#7434=CARTESIAN_POINT('',(2.25,1.65,-3.16999999999999));
#7435=CARTESIAN_POINT('',(2.25,1.65,-2.46999999999999));
#7436=CARTESIAN_POINT('',(2.25,1.35,-3.16999999999999));
#7437=CARTESIAN_POINT('Origin',(2.25,1.35,-3.16999999999999));
#7438=CARTESIAN_POINT('',(2.9,1.65,-3.16999999999999));
#7439=CARTESIAN_POINT('',(2.9,1.35,-3.16999999999999));
#7440=CARTESIAN_POINT('',(2.25,1.65,-3.16999999999999));
#7441=CARTESIAN_POINT('Origin',(2.9,1.35,-2.46999999999999));
#7442=CARTESIAN_POINT('',(2.9,1.65,-2.46999999999999));
#7443=CARTESIAN_POINT('Origin',(-1.225,0.5,1.7));
#7444=CARTESIAN_POINT('Origin',(-1.225,0.5,1.4));
#7445=CARTESIAN_POINT('Origin',(-1.225,-0.45,1.7));
#7446=CARTESIAN_POINT('Origin',(-1.225,-0.45,1.4));
#7447=CARTESIAN_POINT('Origin',(-1.225,-0.750000000000001,1.4));
#7448=CARTESIAN_POINT('',(-1.225,-0.45,1.7));
#7449=CARTESIAN_POINT('Origin',(-1.225,-0.45,1.4));
#7450=CARTESIAN_POINT('',(-1.225,0.5,1.7));
#7451=CARTESIAN_POINT('',(-1.225,-0.75,1.7));
#7452=CARTESIAN_POINT('Origin',(-1.225,0.5,1.4));
#7453=CARTESIAN_POINT('Origin',(-0.0249999999999998,-0.45,1.4));
#7454=CARTESIAN_POINT('',(1.175,-0.45,1.7));
#7455=CARTESIAN_POINT('',(-0.0249999999999998,-0.45,1.7));
#7456=CARTESIAN_POINT('Origin',(-1.225,-0.45,1.4));
#7457=CARTESIAN_POINT('Origin',(1.175,-0.45,1.4));
#7458=CARTESIAN_POINT('Origin',(1.175,-0.45,1.7));
#7459=CARTESIAN_POINT('Origin',(1.175,-0.45,1.4));
#7460=CARTESIAN_POINT('Origin',(1.175,0.5,1.7));
#7461=CARTESIAN_POINT('Origin',(1.175,0.5,1.4));
#7462=CARTESIAN_POINT('Origin',(1.175,-0.75,1.4));
#7463=CARTESIAN_POINT('Origin',(1.175,-0.45,1.4));
#7464=CARTESIAN_POINT('',(1.175,0.5,1.7));
#7465=CARTESIAN_POINT('Origin',(1.175,0.5,1.4));
#7466=CARTESIAN_POINT('',(1.175,-0.75,1.7));
#7467=CARTESIAN_POINT('Origin',(-0.0249999999999998,0.5,1.4));
#7468=CARTESIAN_POINT('',(-0.0249999999999998,0.5,1.7));
#7469=CARTESIAN_POINT('Origin',(1.175,0.5,1.4));
#7470=CARTESIAN_POINT('Origin',(-1.225,0.5,1.4));
#7471=CARTESIAN_POINT('Origin',(-3.34999999999999,-5.5,-4.51984073464101));
#7472=CARTESIAN_POINT('Origin',(-3.64999999999999,-5.5,-4.51984073464101));
#7473=CARTESIAN_POINT('Origin',(-3.34999999999999,-5.5,-4.51984073464101));
#7474=CARTESIAN_POINT('Origin',(-3.64999999999999,-6.,-5.01984073464101));
#7475=CARTESIAN_POINT('',(-3.64999999999999,-5.31384919824742,-5.01984073464101));
#7476=CARTESIAN_POINT('Origin',(-3.69999999999999,-5.31384919824742,-5.01984073464101));
#7477=CARTESIAN_POINT('',(-3.65712535371436,-5.28812441047605,-5.01984073464101));
#7478=CARTESIAN_POINT('Origin',(-4.24999999999999,-4.3,-5.01984073464101));
#7479=CARTESIAN_POINT('',(-4.15477888493249,-4.45870185844583,-5.01984073464101));
#7480=CARTESIAN_POINT('Origin',(-3.8546563609331,-4.2786283440462,-5.01984073464101));
#7481=CARTESIAN_POINT('',(-4.17244214550826,-4.13195798193458,-5.01984073464101));
#7482=CARTESIAN_POINT('Origin',(-3.64999999999999,-3.,-5.01984073464101));
#7483=CARTESIAN_POINT('Origin',(-3.34999999999999,-3.06589105316383,-5.01984073464101));
#7484=CARTESIAN_POINT('Origin',(-3.91113402365694,-4.28168143775388,-5.01984073464101));
#7485=CARTESIAN_POINT('',(-3.3998774760006,-5.13377568384778,-5.01984073464101));
#7486=CARTESIAN_POINT('Origin',(-3.69999999999999,-5.31384919824742,-5.01984073464101));
#7487=CARTESIAN_POINT('',(-3.34999999999999,-5.31384919824742,-5.01984073464101));
#7488=CARTESIAN_POINT('Origin',(-3.34999999999999,-5.21690481051546,-5.01984073464101));
#7489=CARTESIAN_POINT('Origin',(-2.25,1.65,-2.16999999999999));
#7490=CARTESIAN_POINT('Origin',(2.75000000000001,-2.2,-2.16999999999999));
#7491=CARTESIAN_POINT('Origin',(2.25000000000001,8.21579252453886E-16,-2.16999999999999));
#7492=CARTESIAN_POINT('Origin',(2.25,1.65,-2.16999999999999));
#7493=CARTESIAN_POINT('Origin',(-1.225,0.5,1.4));
#7494=CARTESIAN_POINT('Origin',(-1.225,-0.450000000000001,1.4));
#7495=CARTESIAN_POINT('Origin',(-0.0249999999999998,-0.75,1.7));
#7496=CARTESIAN_POINT('Origin',(1.175,-0.45,1.4));
#7497=CARTESIAN_POINT('Origin',(1.175,0.499999999999999,1.4));
#7498=CARTESIAN_POINT('Origin',(2.375,1.025,0.));
#7499=CARTESIAN_POINT('',(2.375,1.025,0.300000000000009));
#7500=CARTESIAN_POINT('',(2.375,1.025,4.55364912443912E-15));
#7501=CARTESIAN_POINT('',(2.375,1.025,0.));
#7502=CARTESIAN_POINT('',(2.375,-1.025,1.04083408558608E-14));
#7503=CARTESIAN_POINT('',(2.375,1.025,2.60208521396521E-15));
#7504=CARTESIAN_POINT('',(2.375,-1.025,0.300000000000009));
#7505=CARTESIAN_POINT('',(2.375,-1.025,0.));
#7506=CARTESIAN_POINT('',(2.375,1.025,0.30000000000001));
#7507=CARTESIAN_POINT('Origin',(-6.53048548128559E-16,-1.75,1.04083408558608E-14));
#7508=CARTESIAN_POINT('',(2.6,1.,1.04083408558608E-14));
#7509=CARTESIAN_POINT('',(3.05,1.,1.04083408558608E-14));
#7510=CARTESIAN_POINT('',(-6.53048548128559E-16,1.,1.04083408558608E-14));
#7511=CARTESIAN_POINT('',(2.4,0.800000000000001,1.04083408558608E-14));
#7512=CARTESIAN_POINT('Origin',(2.6,0.800000000000001,1.04083408558608E-14));
#7513=CARTESIAN_POINT('',(2.4,-0.799999999999998,1.04083408558608E-14));
#7514=CARTESIAN_POINT('',(2.4,-1.75,1.04083408558608E-14));
#7515=CARTESIAN_POINT('',(2.6,-0.999999999999998,1.04083408558608E-14));
#7516=CARTESIAN_POINT('Origin',(2.6,-0.799999999999998,1.04083408558608E-14));
#7517=CARTESIAN_POINT('',(3.05,-0.999999999999998,1.04083408558608E-14));
#7518=CARTESIAN_POINT('',(-6.53048548128559E-16,-0.999999999999998,1.04083408558608E-14));
#7519=CARTESIAN_POINT('',(3.05,-1.025,7.80625564189563E-15));
#7520=CARTESIAN_POINT('',(3.05,-1.75,1.04083408558608E-14));
#7521=CARTESIAN_POINT('',(-6.53048548128559E-16,-1.025,1.04083408558608E-14));
#7522=CARTESIAN_POINT('',(3.05,1.025,5.63785129692462E-15));
#7523=CARTESIAN_POINT('',(-6.53048548128559E-16,1.025,1.04083408558608E-14));
#7524=CARTESIAN_POINT('',(3.05,-1.75,1.04083408558608E-14));
#7525=CARTESIAN_POINT('Origin',(2.375,1.025,0.));
#7526=CARTESIAN_POINT('',(3.05,1.025,0.300000000000007));
#7527=CARTESIAN_POINT('',(3.05,1.025,0.));
#7528=CARTESIAN_POINT('',(2.375,1.025,0.300000000000005));
#7529=CARTESIAN_POINT('Origin',(3.25,1.2,0.30000000000001));
#7530=CARTESIAN_POINT('',(2.4,-0.799999999999998,0.30000000000001));
#7531=CARTESIAN_POINT('',(2.4,0.800000000000001,0.30000000000001));
#7532=CARTESIAN_POINT('',(2.4,1.2,0.30000000000001));
#7533=CARTESIAN_POINT('',(2.6,1.,0.30000000000001));
#7534=CARTESIAN_POINT('Origin',(2.6,0.800000000000001,0.30000000000001));
#7535=CARTESIAN_POINT('',(3.05,1.,0.300000000000008));
#7536=CARTESIAN_POINT('',(3.25,1.,0.30000000000001));
#7537=CARTESIAN_POINT('',(3.05,1.2,0.30000000000001));
#7538=CARTESIAN_POINT('',(3.05,-1.025,0.300000000000009));
#7539=CARTESIAN_POINT('',(3.25,-1.025,0.30000000000001));
#7540=CARTESIAN_POINT('',(3.05,-0.999999999999998,0.30000000000001));
#7541=CARTESIAN_POINT('',(3.05,1.2,0.30000000000001));
#7542=CARTESIAN_POINT('',(2.6,-0.999999999999998,0.30000000000001));
#7543=CARTESIAN_POINT('',(3.25,-0.999999999999998,0.30000000000001));
#7544=CARTESIAN_POINT('Origin',(2.6,-0.799999999999998,0.30000000000001));
#7545=CARTESIAN_POINT('Origin',(2.375,-1.025,0.));
#7546=CARTESIAN_POINT('',(3.05,-1.025,0.));
#7547=CARTESIAN_POINT('Origin',(3.05,1.025,0.));
#7548=CARTESIAN_POINT('',(3.05,1.,0.));
#7549=CARTESIAN_POINT('Origin',(3.05,1.,0.30000000000001));
#7550=CARTESIAN_POINT('',(2.6,1.,0.30000000000001));
#7551=CARTESIAN_POINT('Origin',(2.6,0.800000000000001,0.30000000000001));
#7552=CARTESIAN_POINT('',(2.4,0.800000000000001,0.30000000000001));
#7553=CARTESIAN_POINT('Origin',(2.4,1.43828099950917E-15,0.30000000000001));
#7554=CARTESIAN_POINT('',(2.4,-0.799999999999998,0.30000000000001));
#7555=CARTESIAN_POINT('Origin',(2.6,-0.799999999999998,0.30000000000001));
#7556=CARTESIAN_POINT('',(2.6,-0.999999999999998,0.30000000000001));
#7557=CARTESIAN_POINT('Origin',(3.05,-0.999999999999998,0.30000000000001));
#7558=CARTESIAN_POINT('',(3.05,-0.999999999999998,0.30000000000001));
#7559=CARTESIAN_POINT('Origin',(3.05,1.025,0.));
#7560=CARTESIAN_POINT('',(3.94129173741931E-16,-0.3,2.5));
#7561=UNCERTAINTY_MEASURE_WITH_UNIT(LENGTH_MEASURE(0.01),#7567,
'DISTANCE_ACCURACY_VALUE',
'Maximum model space distance between geometric entities at asserted c
onnectivities');
#7562=UNCERTAINTY_MEASURE_WITH_UNIT(LENGTH_MEASURE(0.01),#7567,
'DISTANCE_ACCURACY_VALUE',
'Maximum model space distance between geometric entities at asserted c
onnectivities');
#7563=UNCERTAINTY_MEASURE_WITH_UNIT(LENGTH_MEASURE(0.01),#7567,
'DISTANCE_ACCURACY_VALUE',
'Maximum model space distance between geometric entities at asserted c
onnectivities');
#7564=(
GEOMETRIC_REPRESENTATION_CONTEXT(3)
GLOBAL_UNCERTAINTY_ASSIGNED_CONTEXT((#7561))
GLOBAL_UNIT_ASSIGNED_CONTEXT((#7567,#7569,#7570))
REPRESENTATION_CONTEXT('','3D')
);
#7565=(
GEOMETRIC_REPRESENTATION_CONTEXT(3)
GLOBAL_UNCERTAINTY_ASSIGNED_CONTEXT((#7562))
GLOBAL_UNIT_ASSIGNED_CONTEXT((#7567,#7569,#7570))
REPRESENTATION_CONTEXT('','3D')
);
#7566=(
GEOMETRIC_REPRESENTATION_CONTEXT(3)
GLOBAL_UNCERTAINTY_ASSIGNED_CONTEXT((#7563))
GLOBAL_UNIT_ASSIGNED_CONTEXT((#7567,#7569,#7570))
REPRESENTATION_CONTEXT('','3D')
);
#7567=(
LENGTH_UNIT()
NAMED_UNIT(*)
SI_UNIT(.MILLI.,.METRE.)
);
#7568=(
LENGTH_UNIT()
NAMED_UNIT(*)
SI_UNIT($,.METRE.)
);
#7569=(
NAMED_UNIT(*)
PLANE_ANGLE_UNIT()
SI_UNIT($,.RADIAN.)
);
#7570=(
NAMED_UNIT(*)
SI_UNIT($,.STERADIAN.)
SOLID_ANGLE_UNIT()
);
#7571=SHAPE_DEFINITION_REPRESENTATION(#7573,#7576);
#7572=SHAPE_DEFINITION_REPRESENTATION(#7574,#7577);
#7573=PRODUCT_DEFINITION_SHAPE('',$,#7579);
#7574=PRODUCT_DEFINITION_SHAPE('',$,#7580);
#7575=PRODUCT_DEFINITION_SHAPE($,$,#14);
#7576=SHAPE_REPRESENTATION('',(#4483,#4887),#7564);
#7577=SHAPE_REPRESENTATION('',(#4484),#7565);
#7578=PRODUCT_DEFINITION_CONTEXT('part definition',#7586,'design');
#7579=PRODUCT_DEFINITION('SKHLLA','(Unsaved)',#7581,#7578);
#7580=PRODUCT_DEFINITION('SKHL-L^SKHL-L_1','SKHL-L^SKHL-L_1',#7582,#7578);
#7581=PRODUCT_DEFINITION_FORMATION('',$,#7588);
#7582=PRODUCT_DEFINITION_FORMATION('',$,#7589);
#7583=PRODUCT_RELATED_PRODUCT_CATEGORY('(Unsaved)','(Unsaved)',(#7588));
#7584=PRODUCT_RELATED_PRODUCT_CATEGORY('SKHL-L^SKHL-L_1',
'SKHL-L^SKHL-L_1',(#7589));
#7585=APPLICATION_PROTOCOL_DEFINITION('international standard',
'automotive_design',2009,#7586);
#7586=APPLICATION_CONTEXT(
'Core Data for Automotive Mechanical Design Process');
#7587=PRODUCT_CONTEXT('part definition',#7586,'mechanical');
#7588=PRODUCT('SKHLLA','(Unsaved)','STEP AP214',(#7587));
#7589=PRODUCT('SKHL-L^SKHL-L_1','SKHL-L^SKHL-L_1',$,(#7587));
#7590=PRESENTATION_STYLE_ASSIGNMENT((#7592));
#7591=PRESENTATION_STYLE_ASSIGNMENT((#7593));
#7592=SURFACE_STYLE_USAGE(.BOTH.,#7594);
#7593=SURFACE_STYLE_USAGE(.BOTH.,#7595);
#7594=SURFACE_SIDE_STYLE('',(#7596));
#7595=SURFACE_SIDE_STYLE('',(#7597));
#7596=SURFACE_STYLE_FILL_AREA(#7598);
#7597=SURFACE_STYLE_FILL_AREA(#7599);
#7598=FILL_AREA_STYLE('Steel - Satin',(#7600));
#7599=FILL_AREA_STYLE('ABS (White)',(#7601));
#7600=FILL_AREA_STYLE_COLOUR('Steel - Satin',#7602);
#7601=FILL_AREA_STYLE_COLOUR('ABS (White)',#7603);
#7602=COLOUR_RGB('Steel - Satin',0.627450980392157,0.627450980392157,0.627450980392157);
#7603=COLOUR_RGB('ABS (White)',0.0901960784313725,0.0901960784313725,0.0901960784313725);
ENDSEC;
END-ISO-10303-21;
